# Blender 4.3.0
# www.blender.org
mtllib temp.mtl
o Mesh_0
v -0.531474 -0.357487 -0.249047
v -0.527893 -0.346421 -0.262713
v -0.533938 -0.341560 -0.256933
v 0.394941 -0.723192 -0.747884
v 0.404533 -0.713627 -0.758157
v 0.395275 -0.717597 -0.758176
v 0.020572 -0.359031 -0.420817
v 0.002389 -0.344194 -0.399594
v 0.028311 -0.362116 -0.392625
v 0.017876 -0.355790 -0.405249
v 0.009641 -0.347740 -0.427891
v -0.001148 -0.335861 -0.414889
v 0.034326 -0.369714 -0.398836
v 0.051611 -0.369005 -0.437597
v 0.025413 -0.373437 -0.446949
v 0.017026 -0.365187 -0.440837
v 0.016727 -0.352348 -0.384092
v 0.006852 -0.342025 -0.398548
v -0.004229 -0.347857 -0.451977
v 0.407789 0.204608 0.557294
v 0.406127 0.183857 0.566335
v 0.383172 0.186745 0.544141
v 0.328311 -0.511031 -0.974999
v 0.304997 -0.498899 -0.968016
v -0.503675 -0.628734 -0.886085
v -0.491362 -0.616177 -0.900696
v -0.497550 -0.627621 -0.901153
v 0.384739 -0.714372 -0.787557
v 0.359300 -0.726182 -0.784204
v 0.384504 -0.724152 -0.772601
v -0.442457 -0.693367 -0.760882
v -0.461184 -0.680233 -0.747301
v -0.436931 -0.690799 -0.746895
v -0.016672 -0.396103 -0.554812
v -0.003817 -0.401305 -0.542077
v -0.064109 -0.393674 -0.572310
v -0.084625 -0.392981 -0.576959
v -0.067516 -0.399625 -0.570632
v -0.041657 -0.386140 -0.571032
v -0.048696 -0.399191 -0.572745
v -0.072270 -0.389581 -0.538424
v -0.078948 -0.384956 -0.526127
v -0.055455 -0.383238 -0.528692
v -0.003933 -0.395481 -0.561400
v -0.017301 -0.396768 -0.567933
v -0.033466 -0.384277 -0.530837
v -0.025528 -0.398788 -0.577918
v -0.023254 -0.388086 -0.574662
v -0.009907 -0.387821 -0.527389
v -0.042028 -0.387916 -0.539235
v -0.059590 -0.401196 -0.577662
v -0.083846 -0.400031 -0.568182
v -0.086117 -0.391964 -0.548136
v -0.037617 -0.398897 -0.577215
v -0.029675 -0.390701 -0.544167
v -0.106858 -0.383763 -0.535523
v -0.091943 -0.390151 -0.562028
v -0.036828 -0.398340 -0.567536
v -0.247250 -0.378193 -0.528836
v -0.223051 -0.379955 -0.530389
v -0.242595 -0.385386 -0.546263
v -0.239155 -0.371974 -0.521383
v -0.467810 -0.557188 -0.491393
v -0.473322 -0.566900 -0.504814
v -0.466759 -0.559075 -0.503942
v -0.471083 -0.578490 -0.530554
v -0.223907 -0.404733 -0.458241
v -0.240254 -0.380715 -0.483452
v -0.230119 -0.376409 -0.503161
v -0.257109 -0.364971 -0.490115
v -0.248724 -0.368527 -0.505135
v -0.223876 -0.375441 -0.513467
v -0.212092 -0.382836 -0.509653
v -0.252070 -0.367411 -0.457653
v -0.246498 -0.373182 -0.451204
v -0.250723 -0.392163 -0.440393
v -0.260578 -0.392885 -0.417964
v -0.247985 -0.404629 -0.440109
v -0.244584 -0.402541 -0.409576
v -0.272360 -0.377007 -0.414363
v -0.273758 -0.361678 -0.430248
v -0.271075 -0.364382 -0.418168
v -0.236533 -0.371635 -0.503610
v -0.257198 -0.378547 -0.443616
v -0.271186 -0.371400 -0.435734
v -0.267615 -0.380800 -0.408481
v -0.238128 -0.381953 -0.464294
v -0.251297 -0.391057 -0.402209
v -0.250405 -0.360709 -0.461309
v -0.248480 -0.364030 -0.471837
v 0.221887 -0.481395 -0.408128
v 0.216354 -0.482249 -0.434701
v 0.199765 -0.480389 -0.409020
v 0.187885 -0.481735 -0.435555
v 0.201602 -0.475908 -0.433227
v 0.212341 -0.494020 -0.399987
v 0.182049 -0.480498 -0.420385
v 0.183997 -0.487801 -0.402422
v 0.198536 -0.496197 -0.397492
v -0.187470 -0.371462 -0.405817
v -0.194063 -0.377478 -0.399093
v -0.196043 -0.359673 -0.408089
v -0.183202 -0.348846 -0.409472
v -0.199803 -0.338817 -0.408245
v -0.491358 -0.414826 -0.173499
v -0.492669 -0.412145 -0.194410
v -0.500789 -0.315310 -0.001944
v 0.533680 -0.497470 0.039603
v 0.541191 -0.503356 0.044941
v 0.545745 -0.515356 0.030110
v 0.534135 -0.524325 0.034918
v -0.147356 -0.210881 0.216127
v -0.159966 -0.202778 0.252112
v -0.175628 -0.174333 0.220315
v -0.147860 -0.214112 0.200020
v -0.153732 -0.191354 0.190936
v -0.156697 -0.218865 0.193294
v -0.150876 -0.218596 0.265170
v -0.137983 -0.222216 0.234437
v -0.132547 -0.231627 0.255661
v -0.135194 -0.240954 0.285799
v -0.125586 -0.242046 0.265206
v -0.132659 -0.243711 0.242733
v -0.172627 -0.197778 0.284167
v -0.185779 -0.169382 0.236510
v -0.194851 -0.174801 0.207192
v -0.138540 -0.231223 0.221917
v -0.182632 -0.170148 0.210376
v -0.186371 -0.171134 0.249300
v -0.169404 -0.177712 0.200634
v 0.028800 -0.317994 0.240485
v 0.040967 -0.312711 0.266669
v 0.039972 -0.307866 0.241673
v 0.029233 -0.318860 0.255988
v 0.049418 -0.293853 0.238162
v 0.032163 -0.305499 0.226047
v 0.051100 -0.294033 0.262571
v 0.034046 -0.325753 0.269164
v 0.037761 -0.319335 0.286431
v -0.064128 0.285406 0.344753
v -0.058645 0.280585 0.317226
v -0.055586 0.255234 0.353491
v -0.207902 0.532966 0.337361
v -0.229790 0.558610 0.338296
v -0.215910 0.524403 0.338634
v -0.216454 0.514503 0.338408
v -0.205140 0.518111 0.333932
v -0.128491 0.207086 0.361368
v -0.145274 0.213695 0.358103
v -0.125830 0.212873 0.367442
v -0.116508 0.225309 0.361972
v -0.044663 0.257710 0.357533
v -0.065398 0.270967 0.364360
v -0.047479 0.240126 0.381096
v -0.046567 0.243201 0.385750
v 0.285695 -0.436968 0.403557
v 0.287672 -0.424887 0.387675
v 0.280040 -0.437405 0.407608
v -0.332771 -0.491650 0.454364
v -0.343376 -0.475677 0.425817
v -0.351458 -0.450322 0.445755
v -0.506307 0.505278 0.478361
v -0.502670 0.527259 0.470891
v 0.019067 -0.261548 0.488661
v 0.027897 -0.258404 0.466957
v 0.415671 0.599128 0.498400
v -0.502535 0.252529 0.566880
v -0.497401 0.260954 0.558484
v -0.492783 0.257150 0.551020
v -0.483767 0.235616 0.548363
v -0.497919 0.272736 0.552630
v -0.503815 0.237894 0.587016
v -0.491185 0.246851 0.559228
v -0.495628 0.268705 0.553834
v -0.499694 0.275372 0.560441
v -0.263944 -0.521439 0.588546
v -0.250444 -0.531141 0.603895
v -0.244522 -0.534578 0.577480
v 0.428752 0.185168 0.589214
v 0.445274 0.188932 0.595270
v 0.421225 0.165524 0.597293
v 0.442585 0.186171 0.591295
v 0.465668 0.231680 0.597986
v 0.301776 0.531487 0.661781
v 0.328599 0.524494 0.638887
v -0.290464 0.601851 0.770673
v -0.300571 0.583416 0.750673
v -0.271876 0.598283 0.788642
v -0.176438 0.626902 0.916582
v -0.199142 0.622494 0.894037
v -0.187306 0.620548 0.901199
v -0.083669 -0.198342 0.074644
v -0.059221 -0.178560 0.082640
v -0.500283 -0.392026 -0.265838
v 0.113136 0.597748 0.926156
v 0.147316 -0.348105 -0.400845
v 0.179837 -0.351762 -0.408085
v 0.151470 -0.350272 -0.425470
v -0.405756 -0.405000 0.314521
v -0.400834 -0.421224 0.335224
v 0.345472 -0.486392 -0.136719
v 0.374238 -0.490840 -0.108332
v 0.377169 -0.501962 -0.110715
v 0.275861 0.092484 0.542484
v 0.283023 0.073983 0.539171
v 0.183745 -0.360929 -0.453234
v 0.201037 0.073549 0.449327
v 0.040848 -0.573451 0.740705
v 0.058204 -0.587766 0.724521
v 0.091239 -0.567306 0.713017
v -0.307885 0.040045 0.479554
v -0.510521 0.309481 0.568599
v -0.503720 0.279950 0.556035
v -0.290233 -0.381349 -0.549761
v -0.247538 -0.386472 -0.560611
v -0.463408 0.159709 0.590334
v -0.444989 0.141432 0.584054
v -0.439065 0.138316 0.589156
v -0.438745 -0.348399 -0.243123
v -0.417154 -0.332699 -0.242435
v -0.406433 -0.334567 -0.258583
v -0.181753 -0.362815 -0.397639
v -0.171502 -0.350239 -0.394546
v 0.408135 0.197760 0.555281
v 0.433392 0.207707 0.570768
v -0.560781 -0.209657 0.034624
v -0.560676 -0.199095 0.055322
v -0.552104 -0.205378 0.041109
v 0.012268 -0.758573 -0.782610
v -0.000569 -0.760996 -0.793999
v 0.148650 -0.490343 -0.427963
v 0.166268 -0.489032 -0.414432
v -0.147510 -0.399927 -0.649389
v -0.174713 -0.411959 -0.690875
v 0.463663 -0.523475 0.073402
v 0.459369 0.383886 0.566401
v -0.563029 -0.322198 -0.156724
v -0.296775 -0.497922 0.504993
v -0.284221 -0.507969 0.521190
v -0.312386 -0.509182 0.513211
v 0.547498 -0.506869 0.090539
v 0.543184 -0.501973 0.073602
v -0.501094 -0.364072 -0.001100
v -0.488124 -0.363504 -0.007001
v -0.504344 -0.606274 -0.553181
v -0.496943 -0.600092 -0.550185
v 0.227236 -0.436350 -0.160397
v 0.247139 -0.442821 -0.175493
v -0.261173 -0.532479 -0.679744
v 0.097496 -0.253646 0.199260
v 0.095420 -0.264656 0.174401
v 0.394055 -0.603034 -0.932061
v 0.403102 -0.609759 -0.896077
v 0.408404 -0.622172 -0.934606
v 0.135487 -0.296650 -0.248219
v 0.173251 -0.307854 -0.236255
v 0.171057 -0.310775 -0.268395
v -0.303517 -0.460401 -0.296492
v -0.500157 0.260849 0.570423
v -0.249600 -0.093646 0.254894
v -0.258442 -0.114846 0.317036
v -0.322481 -0.356840 -0.374318
v 0.228326 -0.499945 -0.223435
v -0.459185 -0.509518 -0.489918
v -0.264985 -0.087951 0.297919
v -0.282245 -0.101552 0.376803
v 0.214265 -0.493398 -0.248164
v 0.514043 -0.488726 0.112597
v 0.508146 -0.479514 0.088423
v 0.091939 -0.556497 -0.631084
v 0.090538 -0.541707 -0.661834
v 0.180161 -0.182996 0.150043
v 0.218984 -0.183856 0.141925
v 0.061374 -0.246933 0.464749
v 0.089081 -0.229676 0.438423
v 0.067172 -0.239526 0.514904
v -0.505492 -0.406094 -0.306990
v -0.501017 -0.399318 -0.292854
v 0.012811 -0.295324 0.504810
v 0.017578 -0.317530 0.529082
v 0.018778 -0.313819 0.479828
v -0.110277 -0.436475 -0.795772
v -0.075054 -0.436180 -0.785529
v -0.184182 -0.280828 -0.213426
v -0.161851 -0.284827 -0.242503
v -0.174201 -0.302199 -0.264014
v -0.326068 -0.501008 0.466864
v 0.144229 -0.381528 -0.574240
v 0.132320 -0.378687 -0.554100
v 0.141423 -0.373475 -0.536742
v 0.094126 -0.404285 -0.074320
v 0.137662 -0.400573 -0.091371
v 0.117951 -0.398931 -0.055760
v 0.323106 -0.483118 -0.115818
v 0.405710 -0.661213 -0.878796
v 0.403704 -0.653017 -0.915692
v 0.327916 -0.273107 0.169011
v 0.352873 -0.304693 0.151415
v 0.340149 -0.271131 0.148478
v -0.145558 -0.240683 0.292136
v -0.133140 -0.261208 0.287965
v -0.133947 -0.255384 0.303337
v 0.365881 -0.416043 -0.144803
v 0.371863 -0.413160 -0.156341
v 0.370420 -0.408781 -0.131199
v -0.361272 -0.439599 0.379954
v -0.353171 -0.462814 0.393832
v -0.099084 0.344311 0.355299
v -0.110531 -0.539811 -0.710239
v -0.030341 0.048773 0.843176
v 0.256139 -0.376398 -0.323523
v 0.272349 -0.380346 -0.307887
v 0.303631 -0.388163 -0.346803
v -0.025315 0.360073 0.358783
v 0.017361 0.361949 0.366315
v -0.496016 -0.302543 -0.070200
v -0.482031 -0.276142 -0.050457
v -0.483440 -0.286087 -0.094342
v 0.001990 -0.398545 -0.641871
v 0.155376 -0.189838 0.179145
v 0.202960 -0.203848 0.186652
v 0.272332 -0.490315 -0.363170
v 0.535462 -0.539692 0.072581
v 0.331887 -0.351602 0.065385
v 0.369608 -0.339842 0.080070
v -0.434487 -0.083187 0.358581
v -0.435203 -0.068654 0.342935
v 0.060181 0.188275 0.503598
v 0.094127 0.191513 0.536503
v 0.096078 0.180320 0.499308
v 0.077536 0.415664 0.352520
v 0.083408 0.447701 0.336667
v 0.115684 0.434514 0.350844
v 0.078166 0.412175 0.363948
v 0.110591 0.441737 0.352828
v 0.283966 -0.473361 -0.382196
v 0.328153 -0.474516 -0.381577
v 0.333869 -0.486887 -0.365530
v -0.017623 0.056769 0.179998
v -0.021425 0.080199 0.177829
v 0.076568 0.386149 0.368741
v -0.111532 -0.397654 -0.635371
v -0.089221 -0.389740 -0.616716
v -0.082312 -0.402326 -0.670388
v 0.180527 -0.389830 -0.042527
v 0.193307 -0.395106 -0.063453
v 0.330074 -0.514853 -0.961157
v 0.344958 -0.527015 -0.952881
v 0.345309 -0.543005 -0.957304
v 0.334845 -0.531976 -0.969792
v 0.192745 0.088760 0.459984
v -0.518439 -0.355081 -0.056713
v -0.505040 -0.371231 -0.044645
v -0.514426 -0.351438 -0.006587
v 0.461824 0.350855 0.585524
v 0.468388 0.288194 0.594886
v -0.236936 -0.545356 0.649082
v -0.226372 -0.575172 0.661576
v -0.220138 -0.546588 0.679594
v 0.341293 -0.408633 -0.379920
v 0.362894 -0.432597 -0.410238
v 0.292922 -0.745514 -0.783191
v 0.359471 -0.737653 -0.770940
v -0.048120 -0.581674 0.758676
v -0.009350 -0.571873 0.745551
v -0.473864 -0.453713 -0.393172
v -0.474937 -0.440097 -0.366766
v 0.060871 0.453247 0.339304
v 0.073787 0.480335 0.333609
v -0.165914 0.257395 0.357303
v -0.139811 0.273188 0.355770
v -0.503619 -0.309394 0.069723
v -0.506481 -0.321387 0.050374
v -0.145624 -0.237921 -0.092196
v -0.168799 -0.240064 -0.116475
v -0.221505 -0.129187 0.195936
v -0.205337 -0.117437 0.195664
v -0.220602 -0.132681 0.184690
v -0.208536 -0.211500 0.193465
v -0.027891 -0.175495 0.073925
v -0.505925 -0.550947 -0.487144
v -0.495674 -0.569366 -0.509878
v 0.040866 -0.368687 0.234380
v 0.025487 -0.255784 0.197410
v 0.040666 -0.266593 0.194496
v 0.088134 -0.538069 -0.762885
v 0.095674 -0.536593 -0.726435
v -0.059796 0.097855 0.836303
v -0.506670 0.311066 0.573743
v -0.502956 -0.386025 -0.092379
v -0.424999 -0.493786 -0.475023
v 0.219680 -0.497068 0.528964
v 0.224796 -0.505223 0.521773
v 0.223374 -0.509268 0.530949
v 0.268463 -0.453521 -0.155571
v -0.176210 0.598716 0.310792
v -0.159960 0.532707 0.329630
v -0.153499 0.527652 0.325194
v -0.422866 -0.361644 0.300564
v -0.409806 -0.378767 0.323505
v 0.438873 -0.520643 0.035537
v 0.476441 -0.523241 0.067749
v -0.244703 -0.242872 -0.098238
v -0.251304 -0.252604 -0.130108
v 0.116140 0.606015 0.933526
v 0.106767 0.585141 0.934091
v 0.123273 0.576624 0.907013
v -0.484625 -0.403206 -0.294772
v -0.466293 -0.382865 -0.272742
v -0.443319 0.722345 0.436815
v -0.456254 0.690633 0.454783
v -0.438509 0.727367 0.435825
v -0.142697 0.184525 0.641838
v -0.161661 0.170647 0.636499
v -0.163585 0.157217 0.662867
v -0.020619 -0.379449 -0.619699
v -0.508399 0.352973 0.574587
v -0.133021 -0.292407 0.310733
v 0.029421 -0.263893 0.359073
v 0.015846 -0.265755 0.435377
v 0.005914 -0.283872 0.381054
v 0.058428 0.458629 0.347761
v 0.068696 0.486740 0.338902
v -0.459177 -0.445414 -0.550654
v 0.049412 -0.474661 -0.315349
v 0.042351 -0.482963 -0.354972
v -0.483263 -0.501113 -0.501088
v -0.215754 -0.406676 -0.670300
v -0.204589 0.592786 0.866384
v -0.189368 0.573976 0.874491
v -0.170675 0.578610 0.905006
v -0.080697 -0.459947 -0.260314
v 0.004763 -0.469072 -0.290504
v 0.339278 -0.387447 -0.223116
v 0.368598 -0.406115 -0.208203
v 0.373707 -0.413226 -0.224934
v -0.002646 -0.429814 -0.751337
v 0.015121 -0.287294 0.161981
v -0.505393 -0.436527 -0.361677
v -0.169391 -0.338368 -0.419669
v -0.163708 -0.339575 -0.409493
v -0.162128 -0.346271 -0.423490
v -0.541169 -0.212156 0.104731
v -0.522119 -0.195775 0.128653
v -0.542211 -0.170230 0.164251
v -0.361616 -0.536208 -0.811647
v -0.399765 -0.525191 -0.790299
v -0.385288 -0.516896 -0.800307
v 0.163131 -0.538535 0.627658
v 0.156334 -0.547641 0.656434
v 0.175501 -0.542102 0.634848
v -0.316865 -0.182392 0.122434
v -0.303624 -0.183795 0.130868
v -0.419280 -0.256933 0.192222
v -0.390971 -0.287753 0.159600
v 0.154782 0.531654 0.334529
v 0.155923 0.542303 0.337081
v -0.467852 -0.127509 0.259055
v -0.473263 -0.114514 0.235823
v -0.243684 -0.537128 -0.722039
v -0.253266 -0.534673 -0.788295
v 0.375191 -0.432176 -0.188952
v 0.365375 -0.427517 -0.173111
v 0.370873 -0.436559 -0.177579
v -0.235765 -0.082036 0.230547
v -0.242478 -0.056882 0.250164
v -0.206597 -0.047567 0.215711
v 0.229826 0.761237 0.328967
v 0.224366 0.767855 0.350292
v 0.254836 0.775194 0.368902
v -0.267258 -0.425670 -0.168779
v -0.254106 -0.448176 -0.182234
v 0.007099 -0.384416 0.217303
v 0.237378 -0.342681 -0.256669
v 0.304138 -0.473216 -0.297123
v 0.309537 -0.469415 -0.261295
v 0.060427 -0.567226 0.700234
v 0.073737 -0.559114 0.709011
v 0.466971 0.232286 0.588333
v 0.459270 0.204326 0.591500
v -0.499582 -0.609615 -0.661077
v 0.103024 -0.545368 -0.551521
v 0.093414 -0.543999 -0.593204
v 0.107049 -0.551305 -0.562874
v 0.161164 -0.432192 -0.166315
v -0.031015 -0.274665 -0.243802
v 0.373860 -0.468180 -0.223233
v 0.397074 -0.455328 -0.220824
v 0.378393 -0.467208 -0.190155
v 0.081239 -0.139034 0.711423
v 0.074751 -0.085335 0.760150
v 0.059442 -0.144509 0.734445
v -0.374977 -0.539769 -0.717066
v -0.372562 -0.543205 -0.792416
v -0.461119 -0.489681 -0.692913
v 0.094351 -0.223621 0.379737
v 0.128836 -0.197143 0.412972
v 0.289859 0.046265 0.525145
v 0.274829 0.058278 0.530167
v 0.380322 -0.589498 -0.937887
v 0.212142 -0.496895 0.518367
v 0.215810 -0.508913 0.527641
v 0.215060 -0.504748 0.509043
v -0.080994 -0.278936 0.448371
v -0.100713 -0.271309 0.438967
v -0.475505 -0.338829 0.107657
v -0.460954 -0.329501 0.183906
v -0.435580 -0.226768 0.182452
v -0.441883 -0.216383 0.145342
v -0.448576 -0.227694 0.150918
v 0.127021 -0.532146 -0.587697
v 0.130052 -0.530485 -0.564328
v 0.128933 -0.539861 -0.586021
v 0.061240 0.143444 0.371358
v 0.024200 0.316019 0.365959
v 0.047200 0.355238 0.367191
v 0.054462 0.291736 0.361549
v 0.246269 0.063982 0.503410
v 0.251988 0.070002 0.490935
v 0.550773 -0.480211 0.072970
v 0.565056 -0.514684 0.060149
v -0.460119 -0.484022 -0.328524
v -0.028675 -0.259651 -0.317272
v -0.484363 -0.366967 -0.081577
v -0.482311 -0.384314 -0.104085
v -0.048083 0.000497 0.155801
v -0.533915 -0.361127 -0.264781
v -0.536671 -0.354428 -0.248795
v -0.471219 -0.572979 -0.534523
v -0.474617 -0.588537 -0.558781
v -0.434855 -0.470208 -0.697722
v -0.426826 -0.490007 -0.745846
v 0.139405 -0.536366 -0.556150
v -0.509747 -0.617008 -0.657378
v -0.501024 -0.623066 -0.653939
v -0.175287 -0.235544 0.531263
v -0.143284 -0.250888 0.567201
v -0.370824 -0.762387 -0.773235
v -0.408221 -0.750619 -0.763716
v -0.373384 -0.756911 -0.777949
v 0.160711 -0.514926 -0.468715
v 0.164647 -0.508897 -0.443193
v 0.169008 -0.513509 -0.460815
v -0.039436 -0.398687 0.208502
v -0.173574 -0.276740 0.264950
v -0.188394 -0.302648 0.249336
v -0.170376 -0.310136 0.291072
v -0.353222 -0.748916 -0.790022
v -0.348564 -0.743196 -0.803857
v -0.283535 -0.754548 -0.802079
v -0.363164 -0.429805 -0.679090
v -0.366849 -0.417972 -0.642192
v -0.497740 -0.473030 -0.495208
v -0.496296 -0.480130 -0.473926
v -0.511207 -0.348461 -0.139007
v 0.078397 -0.554022 -0.669271
v -0.509280 -0.655831 -0.649152
v -0.494255 -0.645706 -0.641434
v -0.504570 -0.641116 -0.611425
v -0.402367 0.107326 0.571025
v -0.388324 0.104382 0.541032
v -0.386085 0.072491 0.559433
v 0.224545 -0.298978 -0.172952
v -0.094989 -0.739712 -0.768978
v -0.039200 -0.743458 -0.760783
v -0.017835 -0.737757 -0.767000
v -0.132110 -0.331497 -0.428368
v -0.109698 -0.321743 -0.426719
v -0.108438 -0.307654 -0.440595
v -0.141432 -0.192637 0.687072
v 0.449054 0.323500 0.538463
v 0.450382 0.294575 0.548116
v 0.491212 -0.492223 0.014715
v 0.300776 -0.403131 0.286511
v 0.301016 -0.392651 0.312790
v 0.310267 -0.410893 0.285928
v 0.222264 -0.495059 -0.378578
v 0.275685 -0.483020 -0.374206
v -0.159545 -0.425451 0.009771
v -0.137753 -0.417960 -0.022914
v -0.091666 -0.428180 0.001077
v -0.436650 -0.339076 0.269902
v -0.424245 -0.361997 0.282329
v -0.426524 -0.334315 0.280073
v -0.025915 -0.354820 -0.493463
v 0.001872 -0.358644 -0.492551
v -0.541647 -0.329662 -0.224578
v -0.537778 -0.351787 -0.227108
v 0.373650 -0.516558 -0.579631
v -0.494352 -0.328657 -0.040983
v 0.123199 0.160904 0.596556
v 0.155194 0.128717 0.579789
v 0.136272 0.156028 0.580848
v -0.332370 -0.432981 -0.720676
v 0.339844 -0.268289 0.124304
v 0.359849 -0.292713 0.135547
v 0.353237 -0.282652 0.104308
v -0.150690 -0.348559 -0.445937
v -0.157881 -0.366423 -0.443928
v -0.205811 -0.431808 -0.757162
v 0.193542 -0.375568 -0.500670
v 0.216285 -0.380807 -0.470260
v 0.242598 -0.389911 -0.493681
v -0.458303 0.512198 0.584886
v -0.466819 0.505123 0.574710
v -0.430870 0.512786 0.609186
v -0.435633 -0.388911 -0.369847
v -0.464644 -0.401073 -0.371095
v -0.098647 -0.333997 0.512327
v -0.104833 -0.345332 0.465527
v -0.096918 -0.372232 0.480946
v -0.383144 -0.420100 -0.154284
v -0.444811 -0.420483 -0.188275
v -0.396871 -0.435948 -0.202863
v 0.246094 -0.514687 -0.542318
v -0.113683 0.275424 0.351777
v 0.513721 -0.509482 0.125735
v 0.498631 -0.522519 0.108735
v -0.208622 -0.488083 -0.358776
v -0.067699 -0.749885 -0.801275
v -0.049605 -0.746008 -0.795624
v -0.050740 -0.755238 -0.800363
v -0.515434 -0.343211 -0.035819
v -0.517474 -0.341526 0.010925
v -0.505038 -0.333779 -0.007941
v 0.322448 0.532574 0.644139
v 0.190314 -0.043305 0.297456
v 0.199893 -0.065913 0.343333
v 0.174957 -0.109471 0.308019
v 0.279444 -0.250425 0.201032
v -0.276716 -0.240716 -0.093990
v -0.273431 -0.743940 -0.801983
v -0.230208 -0.737622 -0.794358
v -0.226352 -0.753897 -0.805756
v -0.241924 -0.189210 0.439331
v 0.143535 0.154538 0.495519
v -0.387602 -0.187479 0.189601
v -0.343070 -0.188441 0.187099
v -0.338305 -0.165108 0.208865
v 0.133551 -0.396629 -0.051260
v 0.173817 -0.397326 -0.082157
v -0.188138 -0.320328 -0.437167
v -0.196452 -0.305297 -0.428589
v -0.246268 -0.351076 -0.509097
v -0.230981 -0.325366 -0.489126
v -0.234439 -0.337560 -0.516915
v -0.276030 -0.451413 -0.784622
v -0.293604 -0.438429 -0.750525
v -0.353453 -0.465071 0.466047
v -0.342334 -0.467931 0.473413
v -0.087857 -0.488707 -0.394750
v -0.033721 -0.489546 -0.408659
v -0.280587 -0.337025 -0.343812
v -0.249814 -0.333204 -0.348736
v 0.207732 -0.545525 -0.741175
v 0.239158 -0.540646 -0.719512
v -0.521682 -0.157767 0.187954
v 0.094994 -0.375938 -0.533817
v 0.123025 -0.371006 -0.519487
v -0.063023 0.625721 0.987635
v -0.055167 0.630910 0.991696
v -0.015505 0.630513 0.990911
v 0.248656 0.059549 0.487693
v 0.263799 0.054610 0.495623
v 0.263617 0.031989 0.488636
v -0.340120 -0.001961 0.474934
v -0.317916 -0.005103 0.472690
v 0.042683 -0.211957 0.179234
v 0.069270 -0.221002 0.175818
v 0.047223 -0.181269 0.184044
v 0.248522 0.047572 0.507699
v -0.158395 -0.443712 -0.242320
v -0.114067 -0.440967 -0.246263
v 0.342376 -0.533147 -0.946168
v 0.326276 -0.522623 -0.956280
v -0.112593 -0.355052 -0.483618
v -0.130361 -0.352139 -0.502960
v 0.056996 -0.236996 -0.129843
v 0.037880 -0.227812 -0.084352
v -0.485259 -0.406654 -0.254973
v -0.483199 -0.395871 -0.223424
v 0.144402 -0.367651 -0.510802
v -0.100890 -0.392048 0.221036
v -0.061011 -0.395664 0.247764
v -0.079977 -0.388938 0.280645
v -0.070308 0.391376 0.359779
v -0.060029 0.373749 0.364906
v -0.335752 -0.214768 0.030140
v -0.314290 -0.208596 0.038693
v -0.290013 -0.209411 0.010515
v 0.285292 -0.497048 -0.131217
v 0.271565 -0.507135 -0.135915
v -0.049517 -0.406402 -0.690828
v -0.102972 -0.451341 -0.165305
v -0.029910 -0.451563 -0.167572
v -0.169894 -0.544203 -0.748768
v 0.035546 -0.385096 -0.559951
v -0.487222 -0.289907 -0.036796
v -0.474804 -0.289602 -0.021182
v -0.135032 -0.333930 -0.471885
v -0.119431 -0.316101 -0.457432
v -0.115578 -0.339884 -0.472900
v -0.114815 -0.238908 0.631847
v -0.101227 -0.252420 0.604958
v -0.069744 -0.244630 0.661532
v 0.228098 -0.402618 -0.610644
v 0.214110 -0.386333 -0.553523
v -0.019553 -0.298286 -0.557096
v -0.098414 -0.253112 0.568528
v 0.415398 -0.543648 -0.056218
v 0.421758 -0.534658 -0.067800
v 0.446624 -0.542409 -0.037211
v -0.239136 -0.405508 -0.667058
v 0.209619 0.056798 0.509606
v 0.205668 0.048512 0.493864
v 0.019844 0.183846 0.391153
v -0.000167 0.196502 0.417134
v 0.376501 -0.420848 -0.119064
v 0.377608 -0.392145 -0.100179
v 0.309504 0.549047 0.668269
v 0.051601 0.263422 0.359351
v -0.462876 0.194033 0.557390
v -0.485359 0.192327 0.588860
v -0.471257 0.167306 0.590661
v -0.219294 -0.121811 0.234847
v -0.212213 -0.135590 0.218313
v -0.543612 -0.385500 -0.230171
v -0.535903 -0.393921 -0.278243
v 0.126184 -0.091260 0.686066
v 0.140335 -0.103489 0.650438
v -0.254563 0.647327 0.324419
v -0.246927 0.609156 0.333064
v -0.257854 0.668816 0.326575
v -0.238517 0.661641 0.320859
v -0.486553 -0.487661 -0.599564
v -0.489721 -0.506141 -0.587522
v 0.030666 -0.429747 -0.754932
v 0.049321 -0.417281 -0.716379
v 0.065361 -0.425767 -0.743857
v -0.438172 -0.335551 0.232430
v -0.441194 -0.309352 0.234883
v -0.503540 0.523828 0.532289
v 0.143909 -0.472110 -0.293438
v 0.136762 -0.478134 -0.311725
v 0.162111 -0.474952 -0.302902
v -0.419225 -0.743157 -0.752924
v -0.397361 -0.750599 -0.758677
v 0.126196 -0.540396 -0.726733
v -0.217194 -0.441827 -0.207925
v -0.216559 -0.441483 -0.220809
v -0.146867 -0.441220 -0.220022
v -0.340672 0.762909 0.361010
v -0.359472 0.766299 0.387978
v 0.280734 -0.448105 0.424943
v 0.373094 0.166535 0.558870
v -0.015568 -0.024186 0.156207
v 0.006659 -0.003397 0.163813
v 0.033402 -0.032424 0.177055
v -0.027680 -0.254908 -0.154809
v -0.133179 -0.252380 0.581878
v -0.514394 -0.421561 -0.327173
v -0.495834 -0.408686 -0.313491
v 0.106525 -0.420708 -0.122343
v 0.144965 -0.425956 -0.137388
v 0.154419 -0.415911 -0.115005
v -0.161736 -0.229731 0.299003
v 0.246154 0.005134 0.482718
v -0.001647 0.034822 0.180532
v 0.023702 0.048210 0.213558
v 0.031660 0.036075 0.208173
v 0.027571 -0.298294 -0.307298
v 0.056303 -0.298846 -0.285132
v 0.057865 -0.307573 -0.309205
v -0.048470 -0.219534 -0.051011
v -0.045825 -0.212564 -0.011291
v -0.034510 -0.219952 -0.043971
v -0.504141 -0.637837 -0.878923
v 0.026198 -0.322065 0.275575
v 0.025541 -0.342577 0.290806
v -0.230828 -0.243983 0.222973
v 0.332944 -0.476428 -0.162051
v 0.466774 0.341620 0.551611
v 0.470976 0.332622 0.565813
v -0.319878 -0.248404 -0.095991
v 0.012585 -0.313176 0.381505
v 0.014491 -0.310214 0.397196
v 0.087168 0.511070 0.325631
v -0.008369 -0.739286 -0.798891
v 0.015058 -0.747976 -0.797274
v -0.368709 -0.275602 -0.135369
v -0.357564 -0.258270 -0.097882
v -0.338516 -0.268544 -0.134724
v 0.179423 -0.257752 -0.097461
v -0.148019 -0.376849 0.230684
v -0.176245 -0.386109 0.165032
v -0.129867 -0.389417 0.192527
v -0.223769 -0.175362 0.366033
v 0.032666 0.043964 0.809588
v 0.057637 0.068416 0.796239
v 0.266987 -0.456590 -0.175230
v -0.465459 -0.610140 -0.923077
v -0.481555 -0.614815 -0.901070
v -0.467657 -0.614509 -0.894605
v -0.477958 -0.622508 -0.911742
v -0.479551 -0.646199 -0.656553
v -0.491668 -0.673563 -0.668502
v -0.035956 0.194185 0.388453
v 0.268761 -0.408044 -0.562879
v -0.478026 -0.545611 -0.444850
v -0.461230 -0.541957 -0.454231
v -0.088419 -0.282381 0.468059
v -0.102909 -0.318303 0.463564
v -0.098420 -0.311315 0.498627
v -0.163989 0.150203 0.442523
v -0.117106 0.157438 0.419290
v -0.001007 -0.525437 -0.807968
v -0.003308 -0.516074 -0.829635
v 0.027388 -0.528451 -0.801522
v 0.078680 -0.220775 0.254039
v 0.079720 -0.223938 0.310813
v 0.060461 -0.241107 0.305191
v 0.200323 0.740216 0.293986
v 0.189287 0.716613 0.309532
v 0.166439 0.711051 0.299078
v -0.355137 -0.478651 0.476954
v -0.347585 -0.485257 0.467035
v 0.005104 -0.382979 -0.568916
v 0.008970 -0.378415 -0.541016
v -0.379680 -0.064626 0.406124
v -0.355042 -0.072965 0.438327
v -0.357689 -0.063994 0.428813
v 0.062382 0.152969 0.434711
v 0.081968 0.174278 0.461021
v 0.094875 0.150315 0.434408
v -0.316360 -0.536285 -0.804428
v -0.292963 -0.529499 -0.818471
v -0.280079 -0.533386 -0.793082
v -0.065405 -0.439895 -0.245872
v -0.072699 -0.441402 -0.220141
v 0.213987 0.583581 0.775865
v 0.222141 0.574999 0.769330
v 0.235351 0.579882 0.755724
v 0.174985 -0.294647 -0.199644
v 0.201428 -0.311586 -0.225503
v 0.254574 -0.397415 -0.086307
v 0.192649 -0.468220 -0.237653
v 0.163504 -0.452405 -0.211307
v -0.512266 -0.624915 -0.595766
v -0.259974 -0.373460 -0.391403
v 0.191691 -0.531748 0.573563
v 0.202249 -0.520294 0.553730
v -0.243604 -0.145020 0.562579
v -0.201753 -0.137695 0.645911
v -0.234383 -0.101616 0.622494
v 0.153357 -0.155236 0.545600
v 0.290610 -0.393004 0.342290
v 0.296279 -0.411107 0.327774
v -0.362223 -0.089779 0.415230
v -0.342451 -0.090324 0.431873
v -0.065979 0.008679 0.842632
v -0.030508 0.003431 0.841659
v 0.448710 0.417819 0.514125
v 0.452787 0.407223 0.526484
v -0.488543 -0.230420 0.096940
v -0.495241 -0.241932 0.070394
v 0.176554 -0.499009 -0.358604
v 0.164312 -0.485203 -0.327813
v -0.400871 -0.367779 -0.344713
v -0.373460 -0.362170 -0.373434
v -0.409459 -0.375088 -0.383088
v 0.183662 -0.372749 -0.494284
v 0.192673 -0.367010 -0.474469
v -0.150124 -0.206446 0.648691
v -0.117930 -0.211921 0.678219
v -0.522120 -0.656108 -0.770978
v -0.508947 -0.658009 -0.806771
v -0.504076 -0.661915 -0.769798
v -0.320891 0.764028 0.328094
v -0.310823 0.773328 0.353156
v -0.287522 0.767598 0.338416
v -0.010211 -0.386285 0.455597
v -0.025033 -0.388829 0.463372
v -0.033810 -0.392520 0.451014
v 0.250850 -0.424128 -0.658029
v 0.005161 -0.436711 -0.782814
v 0.286904 0.095396 0.549151
v 0.307997 0.096870 0.558195
v -0.136334 -0.025999 0.796824
v -0.115573 -0.074790 0.794210
v -0.080629 -0.021804 0.830137
v -0.111953 -0.533410 -0.783121
v -0.072239 -0.540740 -0.736919
v 0.147143 -0.295635 0.201536
v 0.368643 0.740984 0.427300
v 0.377692 0.725448 0.432616
v 0.370343 0.715854 0.396653
v 0.079877 -0.341616 0.204408
v -0.073075 -0.114325 0.133130
v -0.095882 -0.064613 0.158486
v -0.047614 -0.079930 0.144627
v -0.498456 -0.408433 -0.255257
v -0.052555 0.174711 0.440749
v -0.476606 -0.489984 -0.430314
v -0.068557 -0.473074 -0.308893
v 0.043617 0.150592 0.760312
v 0.082025 0.106183 0.730374
v 0.081241 0.141870 0.697658
v -0.178833 -0.434035 -0.767879
v -0.345112 -0.280381 0.199911
v -0.299785 -0.308707 0.192343
v -0.306896 -0.290208 0.206048
v -0.073422 -0.289065 0.553935
v -0.423799 -0.218317 0.190660
v 0.046149 -0.537417 -0.764459
v 0.045575 -0.528214 -0.788158
v -0.266716 -0.302222 0.208309
v -0.301695 -0.472778 -0.811512
v -0.274837 -0.461755 -0.805571
v -0.278589 -0.488104 -0.837149
v -0.447179 -0.311983 -0.159162
v -0.476202 -0.681914 -0.752402
v -0.487409 -0.669894 -0.746273
v 0.018167 -0.570392 0.712225
v 0.045003 -0.568040 0.729022
v 0.279754 -0.507614 -0.147907
v 0.317299 -0.494878 -0.152179
v -0.444841 -0.529745 -0.592690
v -0.520874 -0.136706 0.219218
v -0.495292 -0.145542 0.212442
v 0.030559 -0.415570 -0.089407
v 0.270172 0.555735 0.700366
v 0.273709 0.566741 0.707686
v 0.124481 -0.359419 -0.475465
v 0.147445 -0.350795 -0.445432
v 0.163617 -0.359676 -0.479030
v 0.296799 0.061313 0.542482
v -0.448754 0.710264 0.405759
v -0.467823 0.666892 0.428239
v -0.518000 -0.394257 -0.297815
v 0.093606 -0.489709 -0.413925
v 0.411069 -0.626408 -0.903529
v 0.198920 -0.380120 -0.001453
v 0.252151 -0.379320 -0.009515
v 0.309490 -0.542084 -0.667869
v 0.330994 -0.533202 -0.636767
v -0.488585 -0.426039 -0.417744
v -0.496201 -0.427636 -0.389572
v -0.491195 -0.444506 -0.420961
v 0.071199 -0.202717 0.635015
v -0.118912 -0.126733 0.147267
v -0.012379 -0.271771 0.507193
v -0.037658 -0.055246 0.149544
v 0.013026 -0.079533 0.150663
v 0.369223 -0.286947 0.075491
v 0.271228 -0.390482 -0.420820
v 0.282889 0.754951 0.339256
v 0.317409 0.749032 0.365270
v 0.103431 0.027859 0.234527
v 0.126064 0.051881 0.280270
v 0.171565 0.027827 0.285131
v -0.120016 0.113371 0.310712
v -0.086140 0.124586 0.310066
v 0.005500 -0.294279 0.485331
v 0.015362 0.172024 0.764512
v 0.056168 0.170233 0.711028
v 0.280610 -0.259772 0.005786
v 0.259641 -0.229226 0.062015
v 0.298171 -0.259131 0.033579
v -0.308146 -0.197979 0.201088
v 0.262536 -0.478013 0.488544
v 0.271976 -0.465603 0.466526
v 0.220412 0.046132 0.515160
v -0.138351 -0.489031 -0.423113
v -0.192714 -0.483824 -0.416886
v -0.133251 -0.507549 -0.451380
v -0.237615 -0.399235 -0.642577
v -0.343844 -0.207706 0.057944
v 0.421031 0.226557 0.554517
v 0.443431 0.197505 0.591541
v -0.114131 -0.322411 0.454916
v -0.089612 -0.291310 0.457283
v -0.065093 -0.265086 0.553942
v -0.075590 -0.258204 0.523079
v -0.067221 -0.271284 0.515703
v -0.491321 -0.404858 -0.368294
v -0.507822 -0.397056 -0.342253
v -0.506462 -0.414250 -0.365492
v 0.246634 -0.543630 -0.759213
v 0.263093 -0.533405 -0.780068
v 0.291501 -0.540160 -0.740786
v -0.296301 -0.012504 0.501623
v -0.292888 -0.047983 0.519021
v -0.254665 -0.148074 0.392531
v -0.246725 -0.132534 0.314517
v -0.219022 -0.426692 -0.165142
v -0.260401 -0.419958 -0.157330
v -0.027795 -0.329576 -0.583701
v -0.018700 -0.325729 -0.585772
v -0.020165 -0.316580 -0.569476
v 0.113090 0.592947 0.312453
v 0.149866 0.588934 0.323921
v 0.109598 0.582641 0.313889
v -0.463765 -0.423006 -0.410476
v -0.445363 -0.512836 -0.514952
v -0.405322 -0.506664 -0.518041
v -0.094842 -0.373354 0.535572
v 0.390241 -0.486836 -0.040056
v -0.273205 0.601890 0.782841
v -0.250308 0.614475 0.824630
v -0.245286 0.605664 0.813391
v -0.095927 -0.273331 0.464109
v -0.048346 0.230471 0.289300
v -0.533559 -0.318039 -0.166329
v -0.531522 -0.335977 -0.171712
v -0.528419 -0.332160 -0.202042
v 0.092704 0.156550 0.362041
v 0.171833 -0.512074 -0.376204
v 0.180854 -0.507149 -0.335797
v 0.192601 -0.497805 -0.354348
v 0.015466 -0.293338 0.516834
v -0.095191 -0.233462 -0.076113
v 0.042353 -0.258097 0.463354
v 0.031591 -0.279231 0.470244
v 0.340250 -0.528891 -0.704966
v 0.329856 -0.538636 -0.707591
v -0.538394 -0.288787 -0.061359
v -0.546449 -0.302052 -0.061820
v -0.112745 0.235456 0.365784
v 0.271399 0.088177 0.547700
v 0.316879 0.094303 0.565140
v -0.079185 -0.282401 -0.322723
v -0.063010 -0.285859 -0.316518
v -0.074520 -0.305051 -0.347877
v -0.493969 0.565034 0.450526
v -0.486214 0.603428 0.497056
v -0.167898 -0.583485 0.716386
v -0.157132 -0.592614 0.712817
v -0.126096 -0.592455 0.731783
v 0.106804 -0.211773 0.486841
v -0.496683 -0.488123 -0.533305
v -0.491767 -0.474931 -0.510142
v 0.070588 -0.236851 0.369330
v 0.085637 -0.222726 0.351169
v -0.402311 -0.441224 -0.673841
v -0.424044 -0.451442 -0.667912
v -0.119814 -0.258253 0.470949
v -0.102460 -0.264507 0.463460
v -0.107406 -0.280355 0.468896
v 0.148895 -0.222746 -0.016231
v 0.137542 -0.216327 0.030213
v -0.230768 0.600483 0.326528
v -0.183642 0.550234 0.323658
v -0.098802 -0.512990 -0.487195
v -0.207908 -0.133144 0.207564
v -0.217010 -0.151340 0.211405
v -0.142422 -0.386024 -0.541116
v -0.463074 -0.464390 -0.617821
v -0.476954 -0.493488 -0.656264
v 0.121537 -0.412177 -0.686230
v -0.162761 -0.484102 -0.389898
v -0.001653 0.212519 0.531377
v -0.005740 0.219398 0.563562
v 0.231935 0.002757 0.505785
v 0.223012 -0.013867 0.525513
v -0.171906 0.006206 0.755870
v -0.178787 0.065372 0.738175
v -0.214821 0.037499 0.692920
v -0.441862 -0.323564 0.266151
v 0.368026 -0.480624 -0.431779
v 0.325447 -0.493457 -0.435226
v 0.353359 -0.497831 -0.452482
v -0.131433 0.255264 0.353036
v -0.418642 -0.301357 -0.186312
v -0.482972 -0.518262 -0.426268
v 0.141417 0.613379 0.898281
v 0.132206 0.577363 0.888148
v -0.322432 -0.295829 -0.247835
v -0.336352 -0.294583 -0.225586
v -0.307665 -0.294203 -0.226286
v 0.306133 -0.467795 -0.173469
v 0.310690 -0.477146 -0.161594
v 0.325477 -0.470198 -0.168140
v 0.344201 -0.528256 -0.615606
v 0.378699 -0.522284 -0.622775
v 0.026241 -0.283063 0.274901
v -0.502433 -0.157950 0.191059
v -0.510105 -0.170307 0.173014
v 0.001664 -0.378231 0.524209
v -0.269957 0.067962 0.489710
v -0.269676 0.075357 0.454739
v 0.208825 -0.102303 0.459725
v -0.481998 -0.533917 -0.426393
v -0.470134 -0.528145 -0.413282
v -0.252073 -0.309269 -0.312291
v -0.248474 -0.316061 -0.304668
v -0.229440 -0.314719 -0.304895
v 0.014160 -0.746183 -0.784595
v 0.059366 0.156175 0.372283
v -0.282401 -0.359870 -0.480749
v -0.269857 -0.367454 -0.511511
v -0.459463 -0.512682 -0.416078
v -0.455669 -0.525568 -0.423869
v -0.269727 -0.761082 -0.803152
v -0.468775 -0.527218 -0.453204
v -0.332811 -0.326316 -0.310582
v 0.276262 0.755387 0.319771
v 0.254300 0.762630 0.324500
v 0.277514 0.760492 0.319686
v 0.050250 -0.458875 -0.835535
v 0.074507 -0.459211 -0.831649
v 0.389738 -0.499450 -0.587164
v 0.385903 -0.503303 -0.541149
v 0.390781 -0.508707 -0.586991
v -0.493547 -0.664582 -0.829098
v -0.372536 -0.320043 0.119033
v 0.292554 -0.514152 -0.503424
v 0.333537 -0.508874 -0.472845
v -0.537556 -0.362436 -0.182131
v -0.527701 -0.374342 -0.211743
v -0.529372 -0.356012 -0.190642
v -0.066528 -0.462017 -0.858698
v -0.034036 -0.453657 -0.844331
v -0.515544 -0.370790 -0.313571
v 0.485622 -0.538052 0.062407
v 0.485871 -0.566793 0.074436
v -0.161932 -0.076942 0.177347
v 0.012133 -0.297440 0.560398
v -0.526575 -0.374377 -0.261422
v -0.002122 -0.525624 -0.621953
v 0.046610 -0.435936 -0.783607
v 0.066174 -0.445394 -0.810889
v -0.119371 -0.387524 -0.553302
v -0.057864 -0.396175 -0.651610
v -0.163030 0.185708 0.363057
v -0.133471 0.176402 0.369822
v -0.517485 -0.648631 -0.740671
v -0.501653 -0.653702 -0.731989
v -0.494118 -0.642308 -0.694957
v 0.061474 -0.383663 -0.560024
v 0.069406 -0.373522 -0.530899
v -0.156541 -0.301622 -0.270488
v 0.457453 0.272878 0.566635
v 0.471264 0.310758 0.577664
v 0.475309 0.252932 0.587825
v -0.500363 -0.325429 0.044837
v -0.483957 -0.359595 0.027967
v -0.404438 -0.216256 0.199099
v -0.407061 -0.232237 0.196835
v -0.383753 -0.215126 0.205626
v 0.021939 -0.261561 0.536749
v 0.068710 -0.238151 0.546499
v 0.020351 -0.252543 0.566537
v -0.315551 -0.062925 0.403099
v -0.320581 -0.060719 0.417481
v -0.315185 -0.072012 0.412112
v -0.361315 -0.433055 -0.177712
v -0.346357 -0.416872 -0.151000
v 0.383312 -0.397467 -0.138165
v -0.498936 0.557687 0.451097
v -0.485980 0.596347 0.436746
v 0.041528 -0.453717 -0.207336
v 0.069524 -0.442664 -0.225965
v 0.356616 -0.493375 -0.698254
v 0.387101 -0.496400 -0.658789
v -0.496351 0.540424 0.521629
v 0.053293 -0.493225 -0.843242
v 0.089716 -0.512601 -0.829110
v 0.041310 -0.520747 -0.816965
v -0.084023 -0.319554 -0.359257
v 0.095393 -0.228123 -0.057773
v 0.134286 -0.233706 -0.064194
v 0.106655 -0.236992 -0.087714
v -0.298897 0.066485 0.467737
v 0.130427 -0.495229 -0.430746
v -0.135980 -0.332867 -0.413217
v -0.351144 -0.388326 -0.069215
v -0.295717 -0.386352 -0.037693
v 0.038929 0.003680 0.194814
v 0.065863 -0.000460 0.200526
v 0.042505 -0.008692 0.182877
v -0.493525 0.497020 0.552792
v -0.335526 -0.470682 -0.790765
v -0.313824 -0.455065 -0.776485
v -0.159855 -0.746250 -0.786358
v -0.103374 0.130466 0.363406
v -0.098683 0.138247 0.390148
v -0.079880 0.140461 0.346069
v -0.359407 -0.356251 0.053645
v 0.108876 -0.206370 0.539807
v 0.125033 -0.182418 0.572331
v -0.289157 -0.186539 0.095370
v -0.283555 -0.183305 0.118157
v -0.277688 -0.186990 0.112768
v -0.294331 -0.238739 0.218936
v -0.258727 -0.238017 0.222981
v 0.130998 0.178315 0.358898
v 0.124573 0.177090 0.345049
v -0.543555 -0.285727 -0.033979
v -0.544471 -0.278922 -0.017890
v -0.470610 -0.489314 -0.442888
v -0.430658 -0.478534 -0.384099
v -0.155942 -0.362028 0.283543
v -0.483836 -0.519411 -0.589438
v -0.466775 -0.533074 -0.624172
v 0.221280 -0.493926 -0.442627
v 0.264590 -0.498369 -0.441642
v -0.513743 -0.396915 -0.260909
v -0.501782 -0.385609 -0.259792
v -0.283062 -0.376491 0.044299
v -0.309767 -0.359174 0.078240
v -0.498047 0.543009 0.485420
v -0.506463 0.498336 0.498440
v 0.528833 -0.554546 0.103550
v 0.114728 0.600361 0.316373
v 0.453236 0.363289 0.533886
v 0.455969 0.336819 0.554561
v -0.035724 -0.275113 -0.315122
v 0.205538 0.732257 0.321266
v -0.346951 -0.213227 0.209063
v -0.354643 -0.200427 0.189416
v 0.372465 -0.432487 -0.149249
v 0.299852 -0.757849 -0.756870
v 0.340754 -0.755533 -0.750958
v -0.090546 0.207080 0.644739
v -0.064851 0.219684 0.613796
v -0.138409 -0.250350 0.473603
v -0.083577 0.146499 0.405005
v -0.349741 -0.375931 -0.437617
v -0.314237 -0.355524 -0.407246
v -0.401594 -0.392826 0.345413
v -0.393691 -0.388108 0.324707
v 0.367327 -0.527994 -0.657385
v -0.187342 -0.307622 0.217959
v -0.165735 -0.302560 0.221938
v -0.451811 -0.464911 -0.306180
v -0.300648 -0.171538 0.172740
v -0.298906 -0.169963 0.192927
v -0.284776 -0.168819 0.181888
v -0.556200 -0.346167 -0.199329
v -0.546052 -0.377795 -0.212793
v -0.557310 -0.351142 -0.164270
v 0.163513 -0.522883 -0.816046
v 0.175785 -0.539910 -0.767826
v 0.239994 -0.482215 -0.386933
v -0.269561 -0.263112 -0.149970
v -0.253302 0.562107 0.768470
v -0.414402 0.525685 0.625523
v 0.035738 -0.760027 -0.782602
v -0.303635 -0.056171 0.514680
v -0.315975 -0.084005 0.490031
v -0.289974 -0.079632 0.526015
v -0.292576 -0.233617 -0.072972
v 0.090602 -0.434449 -0.774997
v 0.094963 -0.453426 -0.812148
v -0.334646 -0.185361 0.106806
v 0.158931 -0.524388 -0.494619
v 0.158318 -0.529259 -0.509642
v 0.139289 -0.529457 -0.546900
v 0.138662 -0.535340 -0.505820
v -0.507609 0.476499 0.543530
v -0.305476 -0.047558 0.405911
v -0.297115 -0.179215 0.199515
v -0.281478 -0.168660 0.193675
v 0.000987 -0.255042 0.546839
v 0.016393 -0.259205 0.528101
v 0.058573 -0.299222 0.242651
v 0.063741 -0.311816 0.233380
v -0.214486 -0.005675 0.246650
v 0.058854 -0.420625 -0.110437
v 0.066344 -0.418155 -0.140891
v -0.293102 -0.113429 0.449952
v -0.306434 -0.105021 0.461111
v 0.456776 0.353331 0.534099
v 0.180996 -0.465871 -0.278323
v 0.194352 -0.470893 -0.294128
v -0.351223 -0.392848 -0.553774
v -0.317583 -0.386184 -0.555904
v -0.349364 -0.396432 -0.576442
v -0.310138 -0.049018 0.438618
v -0.202708 -0.368889 -0.525372
v -0.004339 -0.517367 -0.587501
v 0.028764 -0.360057 0.156021
v 0.040608 -0.355912 0.145068
v -0.352566 -0.488745 0.440857
v -0.344574 -0.514582 0.474557
v 0.389429 -0.461921 -0.352160
v 0.391744 -0.453570 -0.316181
v 0.141078 -0.242668 -0.082832
v 0.062045 0.241705 0.364890
v -0.044363 0.161129 0.234125
v -0.476808 -0.470555 -0.351184
v -0.474788 -0.485981 -0.371850
v -0.475422 -0.489952 -0.356042
v 0.001687 -0.511762 -0.539664
v -0.533308 -0.636119 -0.828792
v -0.515882 -0.636516 -0.814701
v -0.505823 -0.638020 -0.839197
v 0.335901 -0.388556 -0.267225
v -0.464053 -0.223551 0.084745
v -0.446508 -0.199666 0.136919
v -0.413927 -0.206494 0.079479
v 0.377221 -0.474316 -0.384662
v 0.367973 -0.472887 -0.343164
v -0.172286 0.388799 0.366686
v -0.045598 0.052632 0.843465
v -0.032266 0.090288 0.836683
v 0.400212 -0.654567 -0.917042
v 0.403025 -0.639593 -0.934651
v -0.519611 0.355075 0.600019
v -0.523148 0.363431 0.596602
v -0.496335 -0.649055 -0.865518
v -0.482423 -0.658671 -0.884250
v -0.222249 -0.321993 -0.385030
v -0.227385 -0.347358 -0.369425
v -0.483277 -0.136702 0.232954
v 0.171795 -0.037625 0.267564
v 0.116228 0.497398 0.337114
v 0.122438 0.559762 0.327693
v -0.570745 -0.252517 -0.007491
v -0.568863 -0.236586 0.020347
v -0.556484 -0.218931 0.015537
v 0.217929 -0.530977 -0.639621
v -0.003689 -0.276723 0.466838
v 0.022530 -0.259706 0.458308
v 0.108064 0.112425 0.686333
v -0.487452 -0.510587 -0.553115
v 0.419068 -0.632781 -0.864376
v 0.190492 -0.298222 0.190708
v -0.478201 -0.684934 -0.728711
v -0.468979 -0.694943 -0.737540
v -0.173277 0.119916 0.352456
v -0.142004 0.124101 0.344156
v -0.165494 0.100054 0.309090
v -0.560669 -0.305870 -0.069505
v -0.182573 0.449829 0.356128
v -0.186536 0.418914 0.362489
v -0.164509 0.451595 0.358350
v 0.061483 -0.017774 0.785249
v 0.009880 -0.057607 0.816004
v -0.089891 -0.745593 -0.761596
v -0.033272 -0.746502 -0.762604
v -0.350125 -0.228286 -0.017499
v -0.350410 -0.241144 -0.054980
v 0.002486 0.016595 0.826917
v 0.287209 -0.316425 -0.143479
v -0.165729 -0.412791 -0.093949
v -0.122620 -0.416303 -0.074155
v -0.398308 -0.177656 0.201637
v -0.403487 -0.185126 0.162763
v -0.328888 -0.082864 0.420209
v 0.012421 -0.369593 -0.522324
v 0.030309 -0.379051 -0.540445
v 0.232789 0.567533 0.743736
v -0.247473 0.579163 0.792044
v -0.230690 -0.338832 0.199315
v -0.130025 -0.580270 0.738435
v 0.161283 -0.213443 0.060022
v 0.180240 -0.204972 0.088734
v -0.220783 -0.345004 -0.480859
v 0.401794 -0.693110 -0.838929
v 0.402703 -0.677550 -0.876762
v 0.409749 -0.674522 -0.839502
v -0.369753 -0.469210 -0.767254
v 0.097911 -0.485876 -0.361326
v 0.135410 -0.489641 -0.346617
v 0.391211 -0.535514 -0.045070
v 0.393664 -0.531379 -0.053802
v 0.401027 -0.541744 -0.047461
v -0.035632 0.191329 0.328564
v -0.044948 0.179927 0.367898
v -0.160092 0.208081 0.361702
v -0.167280 0.193707 0.363394
v 0.381716 -0.433381 -0.378910
v 0.390364 -0.453822 -0.402497
v -0.409660 -0.332556 0.074482
v -0.516241 0.243902 0.605314
v 0.110571 -0.404757 -0.093509
v -0.401176 -0.547249 -0.765283
v -0.371006 -0.378783 -0.024686
v 0.425725 -0.648828 -0.834368
v -0.204370 -0.165163 0.605792
v -0.317925 -0.191152 0.085477
v 0.452834 0.416029 0.540751
v 0.347574 -0.287818 0.033506
v 0.066664 -0.402967 -0.008330
v 0.080232 -0.405911 -0.063126
v 0.097692 -0.392830 -0.023294
v 0.103441 0.630940 0.940783
v 0.127260 0.621771 0.923755
v 0.120549 0.628672 0.924188
v -0.399780 0.103670 0.578137
v 0.116230 -0.490662 -0.838701
v 0.202716 -0.507769 0.521387
v 0.197494 -0.519054 0.541624
v -0.539653 -0.635953 -0.808897
v -0.040404 -0.228597 -0.092903
v 0.535191 -0.500181 0.073563
v -0.030555 -0.303283 -0.354870
v 0.018227 -0.320456 0.569511
v -0.502702 -0.629342 -0.700478
v -0.494519 -0.652358 -0.728230
v -0.475408 -0.299988 -0.054571
v -0.463803 -0.320288 -0.078660
v -0.447140 -0.542274 -0.656936
v -0.417021 -0.538527 -0.655978
v 0.145238 -0.452442 -0.212518
v -0.476274 -0.664791 -0.725943
v -0.198010 -0.390685 0.124529
v -0.147731 -0.398135 0.150885
v -0.464016 -0.457444 -0.263397
v -0.233059 -0.489138 -0.355729
v 0.081222 0.222986 0.356018
v 0.170752 -0.251345 -0.077340
v -0.119558 0.256801 0.361797
v -0.565667 -0.248799 0.026175
v -0.564505 -0.267524 0.000047
v -0.470269 -0.299371 -0.009069
v -0.477113 -0.296343 0.021740
v -0.198992 0.369575 0.363541
v -0.202656 0.326804 0.355836
v -0.168029 0.138401 0.375626
v -0.148657 0.146152 0.380725
v 0.203253 -0.289080 -0.172126
v 0.199722 -0.271191 -0.123126
v 0.032903 -0.370641 -0.426460
v 0.051927 -0.360238 -0.409218
v -0.120912 -0.253732 0.531808
v -0.093925 -0.270635 0.534700
v 0.012780 -0.312430 0.166579
v 0.079962 0.615654 0.961208
v 0.063948 0.625985 0.967405
v 0.054398 0.599286 0.976195
v 0.324973 -0.422242 -0.460302
v 0.346900 -0.436714 -0.476894
v 0.311896 -0.417830 -0.484788
v 0.228481 -0.533513 -0.795441
v 0.199111 -0.525699 -0.811814
v 0.224927 -0.510275 -0.811867
v -0.033531 0.101780 0.183832
v 0.110874 -0.220463 0.179716
v 0.088616 -0.734968 -0.805943
v 0.333822 -0.506814 -0.514576
v 0.339006 -0.528079 -0.568098
v 0.361268 -0.510319 -0.525588
v 0.231765 -0.038145 0.435005
v -0.004210 -0.285653 0.536346
v -0.015845 -0.279882 0.542138
v -0.209708 -0.747673 -0.766728
v -0.161311 -0.745571 -0.764031
v -0.186561 -0.742036 -0.773624
v -0.289518 -0.393345 -0.611071
v -0.271121 -0.387392 -0.588722
v -0.262069 -0.394346 -0.613232
v -0.405000 -0.441284 -0.253500
v -0.384381 -0.439562 -0.219813
v 0.275651 -0.468923 -0.272392
v 0.243986 -0.477771 -0.308883
v -0.187053 -0.300705 -0.357431
v 0.049762 -0.410584 -0.677039
v 0.079414 -0.415263 -0.702459
v -0.363145 0.765479 0.347521
v -0.339579 -0.379297 -0.520294
v -0.343738 -0.373737 -0.471488
v -0.317440 -0.365344 -0.489939
v 0.221024 0.010282 0.514999
v -0.129674 0.630030 0.956242
v -0.124957 0.590900 0.954863
v -0.152002 0.612827 0.933386
v 0.161895 -0.320456 -0.307146
v 0.155856 -0.326567 -0.337340
v -0.298146 -0.364492 -0.495733
v -0.178472 -0.217260 -0.047605
v -0.182400 -0.214730 -0.020853
v -0.147501 -0.224654 -0.054640
v 0.171378 -0.534418 -0.734880
v 0.284711 -0.490772 -0.984106
v 0.301498 -0.488261 -0.987422
v 0.290176 -0.488184 -0.993818
v -0.460758 -0.681677 -0.705251
v -0.474121 -0.668723 -0.677133
v 0.205822 -0.495643 -0.371665
v 0.212751 -0.509221 -0.362428
v 0.196837 -0.512586 -0.400759
v -0.063139 -0.111184 0.800489
v -0.088290 -0.065354 0.811489
v -0.176145 -0.534300 -0.616170
v -0.201495 -0.534550 -0.657907
v -0.167063 -0.544375 -0.672054
v -0.369728 -0.229330 0.206870
v -0.454845 -0.718510 -0.724667
v -0.421888 -0.720576 -0.734805
v -0.199991 0.633840 0.314357
v -0.219348 0.681770 0.307175
v -0.046410 -0.257190 -0.410638
v -0.240448 -0.378275 -0.381731
v 0.149499 0.097665 0.624320
v -0.432790 -0.325711 -0.214439
v -0.398304 -0.318912 -0.226048
v -0.291769 0.752715 0.299018
v -0.271252 0.745578 0.297559
v -0.278283 0.729470 0.316469
v -0.226309 -0.545519 0.652138
v -0.195776 -0.551718 0.693643
v -0.209504 -0.574801 0.655188
v 0.126890 -0.425914 -0.158912
v 0.108725 -0.444209 -0.173134
v 0.022537 -0.597256 0.728957
v 0.056588 -0.595000 0.715212
v -0.307912 0.765158 0.355195
v -0.507317 -0.460659 -0.356408
v -0.506958 -0.440769 -0.331150
v -0.495958 -0.458979 -0.371984
v 0.284088 -0.473016 -0.203693
v 0.271099 -0.479013 -0.230116
v -0.354230 -0.515213 -0.520772
v -0.310079 -0.512706 -0.512812
v 0.497123 -0.474673 0.077260
v 0.522603 -0.476208 0.056845
v -0.264590 -0.147005 0.202535
v -0.276998 -0.161498 0.193245
v -0.254567 -0.161798 0.195513
v -0.228772 0.081496 0.624367
v -0.207106 0.087640 0.662149
v -0.520947 -0.608252 -0.626593
v -0.521072 -0.595106 -0.599618
v -0.514425 -0.596272 -0.606598
v -0.305696 -0.772887 -0.784025
v -0.342064 -0.765205 -0.784220
v -0.297802 -0.773484 -0.788826
v 0.332963 -0.491369 -0.098718
v 0.298149 -0.504834 -0.120863
v 0.323534 -0.510892 -0.105278
v 0.109435 -0.556714 0.673357
v 0.096272 -0.553677 0.693952
v 0.119319 -0.550617 0.676717
v -0.510411 0.490949 0.543323
v -0.514728 0.444515 0.562868
v -0.003271 -0.296639 0.374604
v 0.003606 -0.314480 0.369462
v 0.078117 -0.175690 0.672127
v 0.122591 -0.165804 0.617303
v 0.047944 0.624195 0.976674
v -0.185912 -0.358305 -0.493349
v -0.170277 -0.345697 -0.474748
v -0.178490 -0.360648 -0.517527
v 0.383926 -0.367020 -0.063383
v 0.362977 -0.413172 -0.309252
v 0.374043 -0.420766 -0.339585
v -0.150811 0.484677 0.339725
v -0.132885 0.479962 0.338308
v -0.487018 -0.485232 -0.481858
v -0.152194 -0.289739 0.297354
v -0.165218 -0.309107 0.297114
v -0.101802 -0.382324 -0.568737
v -0.066854 -0.380214 -0.572340
v -0.301084 -0.297543 -0.248650
v -0.267190 -0.272691 -0.207561
v -0.278918 -0.291822 -0.243636
v 0.254938 -0.501148 0.490377
v 0.229900 -0.502184 0.539305
v 0.236944 -0.510402 0.514625
v -0.155025 0.192890 0.370141
v 0.458196 0.311379 0.586460
v 0.424502 0.511899 0.565275
v 0.433633 0.518182 0.545960
v -0.490489 -0.266157 0.123701
v -0.460038 -0.244475 0.144511
v -0.457935 -0.251087 0.120405
v -0.262144 -0.063342 0.602435
v 0.141393 0.569134 0.875643
v 0.158634 0.571480 0.849809
v -0.566450 -0.299172 -0.069377
v -0.566899 -0.297747 -0.106692
v 0.252340 -0.467151 -0.232001
v 0.294160 -0.468046 -0.249025
v 0.105632 -0.538641 -0.750023
v -0.484807 -0.346820 -0.193637
v -0.451122 -0.322700 -0.178084
v -0.454217 -0.335765 -0.201202
v -0.040737 0.195086 0.295046
v -0.056456 -0.395435 0.405383
v -0.059527 -0.393827 0.348283
v -0.041356 -0.394220 0.377799
v -0.372809 0.547744 0.670485
v -0.376456 0.529051 0.657139
v 0.289902 0.773773 0.387268
v 0.307608 0.763794 0.399249
v 0.305845 0.769781 0.400210
v 0.354884 -0.329071 -0.061256
v 0.368618 -0.323806 -0.020666
v -0.207253 0.058010 0.681244
v -0.234940 0.021519 0.644831
v -0.307049 -0.442718 -0.197682
v -0.268220 -0.321242 -0.333174
v -0.118552 -0.339901 0.460359
v -0.033090 -0.289429 -0.453470
v -0.090267 0.148097 0.415447
v -0.084081 0.160356 0.446345
v -0.531493 -0.338722 -0.226699
v -0.519343 -0.638192 -0.862120
v -0.131862 -0.424855 -0.150968
v -0.474096 -0.515881 -0.685140
v -0.485894 -0.511170 -0.638971
v -0.079079 0.215042 0.570374
v -0.094592 0.189705 0.506221
v 0.228867 -0.748770 -0.762372
v 0.262814 -0.758575 -0.765173
v -0.517684 -0.603166 -0.655847
v -0.507706 -0.602300 -0.641436
v -0.025081 -0.356048 -0.517583
v -0.054221 -0.370435 -0.530923
v -0.058717 -0.031074 0.155734
v -0.023935 -0.010895 0.144318
v -0.030049 -0.025130 0.152188
v -0.505947 -0.507268 -0.418587
v -0.041234 -0.249727 -0.311260
v 0.244698 0.542705 0.715958
v 0.202960 0.545277 0.749818
v 0.224003 0.542215 0.728747
v -0.338949 -0.536946 -0.766680
v -0.172270 -0.456625 -0.166280
v -0.218953 -0.449369 -0.170800
v 0.012189 -0.744058 -0.774686
v -0.209190 -0.332844 -0.468909
v -0.210408 -0.315463 -0.473376
v -0.494978 0.501064 0.549680
v -0.268089 0.725741 0.332289
v -0.431475 0.161824 0.546977
v 0.216824 0.749982 0.334365
v 0.240240 0.748630 0.331398
v 0.264707 -0.494154 -0.251165
v 0.194207 -0.500811 -0.301318
v 0.056975 -0.340076 0.245206
v 0.060937 -0.345924 0.231153
v -0.390871 -0.293687 -0.185313
v -0.367645 -0.291549 -0.178798
v -0.387637 -0.297692 -0.201370
v 0.220005 -0.519188 0.562217
v -0.463224 -0.329542 0.224900
v -0.451906 -0.336071 0.243241
v -0.447786 0.521601 0.590830
v -0.471489 0.521580 0.567227
v -0.263679 -0.359276 -0.454050
v -0.270803 -0.161961 0.452572
v 0.059747 -0.255253 0.163362
v 0.076340 -0.270022 0.158706
v -0.473806 0.187603 0.568738
v -0.444250 0.175994 0.541487
v 0.064435 -0.269740 -0.202893
v 0.052919 -0.287729 -0.257717
v -0.180318 -0.444155 -0.204122
v -0.179727 0.456856 0.349781
v -0.146831 0.433874 0.354524
v -0.162895 0.442197 0.355793
v -0.107843 -0.302007 0.483798
v -0.190961 -0.301228 -0.312473
v -0.164935 -0.304365 -0.306638
v -0.163036 -0.309197 -0.357743
v -0.011693 -0.044897 0.155198
v -0.258634 0.747375 0.310711
v -0.236426 0.720304 0.301049
v 0.371572 0.183040 0.544890
v -0.036334 -0.422914 0.064584
v 0.465534 -0.542318 0.076545
v 0.464227 -0.525648 0.079928
v -0.172599 -0.522318 -0.823948
v -0.194506 -0.531383 -0.812603
v -0.492943 -0.629879 -0.659671
v -0.494139 -0.608817 -0.636260
v -0.480629 -0.637242 -0.656930
v -0.218538 -0.340771 0.205642
v -0.232376 -0.304832 0.213592
v -0.482265 -0.611223 -0.914306
v 0.154529 -0.412421 -0.670006
v 0.208236 -0.409344 -0.654238
v -0.505997 -0.326973 0.027089
v -0.051503 -0.255421 -0.164261
v -0.039766 -0.259870 -0.166805
v -0.042519 -0.257296 -0.138729
v 0.088443 0.403150 0.363446
v 0.381990 -0.474626 -0.415910
v -0.005914 -0.337877 -0.423721
v -0.133696 -0.432154 -0.156618
v 0.301520 -0.266385 0.191264
v 0.323003 -0.259391 0.169157
v -0.046336 -0.298851 -0.332152
v 0.029803 0.370558 0.358597
v 0.112119 0.140025 0.374609
v -0.314393 -0.086864 0.478559
v 0.009652 0.209469 0.356902
v 0.009894 0.198995 0.373907
v 0.023441 0.201835 0.361448
v -0.458361 0.679371 0.426908
v -0.453859 0.680862 0.392732
v -0.444695 0.703505 0.390031
v 0.188487 -0.528575 0.601438
v -0.409355 -0.370646 0.312015
v 0.043948 -0.243429 0.230408
v 0.044018 -0.253898 0.253039
v -0.281676 0.755963 0.339903
v -0.286816 0.751282 0.338576
v -0.271584 -0.415651 -0.123151
v -0.227021 -0.413234 -0.119508
v 0.034378 0.247645 0.366429
v 0.056423 0.287120 0.366453
v 0.373273 -0.454888 -0.163839
v -0.452866 -0.297281 0.219671
v -0.454709 -0.313093 0.238818
v 0.023217 -0.466325 -0.845992
v 0.063956 -0.471594 -0.843883
v 0.025165 -0.475526 -0.847478
v -0.480241 -0.701658 -0.719676
v -0.209288 0.598524 0.325645
v 0.025065 -0.285389 0.222230
v 0.026152 -0.277212 0.208527
v -0.496595 -0.455730 -0.448789
v -0.495354 -0.458278 -0.434278
v -0.458201 -0.494581 -0.450934
v 0.009583 -0.252257 0.625588
v 0.019275 -0.237831 0.655795
v 0.189219 0.554928 0.774237
v -0.176530 -0.516537 -0.834468
v -0.134847 -0.512046 -0.833597
v -0.135188 -0.520335 -0.814630
v 0.258104 0.758272 0.346387
v 0.271313 0.770366 0.377434
v 0.115017 -0.216147 -0.003821
v -0.496229 -0.313358 -0.105833
v -0.475010 -0.320828 -0.105086
v -0.477686 -0.302115 -0.073317
v 0.179146 0.008338 0.607766
v 0.183512 -0.015536 0.597835
v 0.211461 -0.023560 0.545373
v -0.490800 -0.465234 -0.472112
v -0.510991 -0.545023 -0.484509
v -0.508274 -0.524111 -0.449574
v -0.285490 0.052175 0.464130
v -0.279136 0.057124 0.429045
v -0.475285 -0.354584 -0.156645
v -0.482192 -0.360339 -0.171627
v -0.122173 -0.260227 0.326919
v -0.135092 -0.261957 0.305706
v -0.114128 0.099002 0.278220
v -0.220582 -0.302216 -0.318693
v -0.201601 -0.306765 -0.293286
v 0.332055 -0.484622 -0.167324
v 0.293883 -0.445429 0.371875
v -0.024217 0.190349 0.296483
v -0.015771 0.146973 0.285990
v -0.029712 0.164561 0.267816
v 0.071792 -0.244048 0.182795
v 0.119521 -0.539880 -0.509309
v 0.128037 -0.534757 -0.481324
v -0.242347 -0.142214 0.208368
v 0.026518 -0.226275 0.186192
v -0.044746 0.242184 0.287482
v -0.042943 0.181848 0.253218
v -0.109093 -0.208517 0.081459
v -0.083758 -0.172868 0.102640
v -0.190573 -0.330693 -0.442971
v -0.505657 0.269998 0.564806
v -0.453026 -0.428411 -0.204789
v -0.463360 -0.431359 -0.200343
v -0.168341 -0.456655 -0.832613
v -0.130680 -0.444134 -0.804942
v -0.142062 -0.462989 -0.850563
v 0.046219 -0.531391 -0.612741
v 0.283106 -0.222489 0.117836
v 0.296543 -0.212582 0.158349
v 0.317319 -0.234867 0.124320
v -0.398224 -0.423458 -0.622040
v -0.028314 -0.325412 -0.611544
v -0.034192 -0.326471 -0.587592
v -0.426306 -0.423169 -0.562684
v -0.401875 -0.401717 -0.513917
v -0.391918 -0.400330 -0.533727
v -0.108687 0.174026 0.468454
v -0.221332 0.023786 0.681311
v 0.295531 -0.378381 -0.279127
v 0.304588 -0.374081 -0.241889
v 0.099611 -0.184216 0.297620
v 0.098851 -0.198732 0.328400
v -0.030524 -0.257158 -0.177096
v -0.187154 -0.119421 0.686740
v -0.167133 -0.164461 0.664742
v 0.081235 0.146930 0.371622
v -0.250409 -0.196300 0.482915
v -0.231483 -0.216279 0.480078
v -0.219789 -0.207932 0.506213
v -0.500996 -0.305595 0.034633
v -0.489493 -0.320614 0.023790
v 0.382798 -0.402412 -0.131143
v -0.393194 -0.260487 -0.075382
v 0.100677 0.275920 0.365397
v 0.373573 -0.741969 -0.748673
v 0.029786 -0.292337 0.499900
v -0.328200 -0.066005 0.418688
v -0.023223 -0.411453 0.116962
v 0.009779 -0.405257 0.071277
v 0.053583 -0.384279 0.114326
v 0.331796 -0.420275 -0.417547
v -0.067084 -0.132666 0.125813
v -0.482510 -0.369215 -0.181563
v -0.484831 -0.379480 -0.179447
v -0.053994 -0.486020 -0.851455
v -0.028335 -0.468145 -0.856886
v -0.025168 -0.486225 -0.850837
v 0.292976 -0.363006 0.017273
v 0.281459 -0.355435 0.042901
v -0.398825 -0.064201 0.385930
v -0.404971 -0.073650 0.391287
v -0.179682 -0.201886 0.072669
v -0.191206 -0.196956 0.110216
v -0.151649 -0.194644 0.104136
v -0.401478 0.758168 0.417992
v -0.416428 0.751737 0.405279
v -0.427225 0.742850 0.422395
v 0.142506 -0.542806 0.632015
v 0.154138 -0.537146 0.613227
v 0.164944 -0.544813 0.616559
v -0.302553 -0.515859 -0.535944
v 0.355280 0.521399 0.622224
v 0.372348 0.513614 0.601755
v 0.310434 -0.480760 -0.337798
v 0.275870 -0.360602 -0.255987
v 0.406312 -0.487726 -0.026838
v 0.443830 -0.491685 0.019823
v 0.071337 0.143114 0.404645
v 0.092032 0.136098 0.411163
v 0.086758 0.136576 0.396792
v -0.520707 0.389850 0.579246
v -0.237007 -0.107740 0.249491
v -0.224483 -0.339327 -0.425423
v -0.213351 -0.325380 -0.416770
v 0.389290 -0.432098 -0.253869
v 0.392035 -0.451779 -0.278747
v -0.223582 -0.234221 -0.118966
v -0.147708 -0.280295 0.280885
v -0.099752 -0.530123 -0.620887
v -0.118825 -0.522412 -0.569541
v -0.011792 0.232810 0.346170
v -0.040039 0.132934 0.206568
v -0.038698 0.098582 0.205070
v 0.130508 -0.527348 -0.561341
v -0.469506 -0.407407 -0.134126
v -0.465673 -0.414593 -0.149816
v 0.268028 -0.002977 0.476438
v 0.123383 0.623573 0.306936
v 0.179395 0.589675 0.822982
v 0.200007 0.593448 0.800934
v 0.182887 -0.500830 -0.824975
v -0.474740 -0.294918 0.101591
v -0.494426 -0.276275 0.108088
v -0.457903 -0.588913 -0.932383
v 0.078997 -0.536928 -0.615459
v -0.560182 -0.343223 -0.180767
v 0.384207 -0.413502 -0.179193
v 0.387722 -0.423368 -0.178089
v 0.164544 -0.531277 0.589851
v -0.319356 -0.068595 0.491491
v -0.314266 -0.066550 0.480436
v 0.115442 -0.249655 -0.121908
v -0.471449 -0.077859 0.295726
v -0.493812 -0.089898 0.264466
v -0.469219 -0.094873 0.309419
v 0.010531 -0.580085 0.750075
v 0.002487 -0.301136 -0.323622
v 0.023888 -0.307926 -0.333648
v 0.124670 -0.450725 -0.237666
v 0.163462 -0.469907 -0.241956
v -0.141900 0.458535 0.363981
v -0.154690 0.415535 0.366049
v -0.130005 0.452608 0.364022
v 0.307715 0.758858 0.350768
v 0.346512 0.755502 0.415652
v 0.357861 -0.550625 -0.946216
v 0.362880 -0.547954 -0.968513
v -0.345505 -0.496947 0.457208
v -0.002223 -0.291790 0.406693
v -0.141876 -0.251086 0.490860
v -0.191328 -0.255215 0.223416
v -0.208355 -0.228773 0.198068
v 0.517699 -0.565145 0.057896
v -0.027493 0.586903 0.991318
v 0.009673 0.584315 0.988137
v 0.001317 0.589884 0.991734
v 0.220034 0.016562 0.461173
v 0.218106 0.042259 0.448023
v 0.219130 0.016838 0.448172
v -0.365262 -0.471949 0.411976
v -0.267091 0.058337 0.537128
v -0.270241 0.058454 0.513879
v 0.082016 0.379049 0.364862
v 0.083338 0.332067 0.363555
v -0.303761 -0.293307 -0.199937
v -0.533666 -0.277224 -0.083184
v -0.532602 -0.301477 -0.134342
v -0.467761 0.645524 0.410464
v -0.472626 0.644847 0.466382
v -0.478706 0.619868 0.430569
v 0.413621 -0.506859 -0.071716
v 0.400846 -0.507225 -0.084687
v -0.299448 -0.502658 0.558905
v 0.063428 0.130952 0.364911
v 0.078982 0.144362 0.363642
v 0.345811 -0.744919 -0.775414
v 0.360569 -0.743695 -0.767150
v 0.196420 -0.519576 -0.561097
v 0.220402 -0.525350 -0.581278
v 0.144292 -0.245161 0.202078
v 0.349550 -0.499507 -0.079255
v 0.368891 -0.490387 -0.071197
v -0.324288 -0.053505 0.423767
v 0.103197 -0.404686 -0.663301
v 0.108415 -0.397918 -0.626394
v 0.137906 -0.400320 -0.640591
v -0.152732 -0.385048 -0.563512
v 0.408731 -0.481007 -0.582645
v -0.184477 -0.368662 -0.372756
v 0.305974 -0.488739 -0.360071
v 0.190740 -0.495029 -0.385897
v 0.139619 0.079671 0.659445
v 0.104500 0.084172 0.708131
v 0.354007 0.525263 0.618167
v 0.352057 0.532044 0.626927
v 0.229432 0.042751 0.517124
v 0.229482 0.057006 0.496040
v -0.183021 0.402325 0.360715
v -0.188991 0.430183 0.355391
v -0.402132 -0.305528 0.126191
v 0.434219 -0.484296 -0.032799
v 0.384946 -0.517294 -0.035704
v 0.382976 -0.503486 -0.043243
v -0.494992 -0.574637 -0.573117
v -0.482236 -0.580973 -0.575620
v -0.495380 -0.589598 -0.600088
v 0.123976 -0.533572 -0.624173
v -0.277796 -0.200711 0.198561
v -0.247285 -0.203994 0.198190
v -0.265013 -0.185201 0.204255
v 0.314095 -0.517384 -0.558642
v -0.376500 -0.414220 0.347307
v -0.371493 -0.405502 0.375431
v -0.364377 -0.444333 0.362986
v 0.001778 -0.385216 -0.593437
v 0.209144 -0.231150 -0.009053
v 0.221381 -0.220301 0.046247
v -0.199344 -0.524486 -0.832477
v -0.202328 -0.504999 -0.852926
v -0.176215 -0.274212 -0.196589
v -0.141449 -0.281362 -0.184087
v 0.186786 -0.457608 -0.777797
v 0.180275 -0.436887 -0.741007
v 0.221304 -0.445706 -0.739436
v 0.407559 -0.485101 -0.572167
v 0.010967 -0.334378 -0.379090
v 0.035842 -0.339746 -0.376125
v 0.178663 -0.134232 0.353578
v 0.146814 -0.124116 0.274251
v 0.269668 -0.017622 0.478471
v -0.240770 -0.118088 0.268162
v -0.489988 -0.640318 -0.874222
v -0.424896 0.150115 0.545498
v -0.293411 0.063698 0.438128
v -0.302462 0.033338 0.435772
v 0.012129 0.351525 0.359891
v 0.003034 0.364514 0.358999
v -0.089967 -0.230793 0.678919
v -0.060562 -0.222254 0.709540
v -0.063171 -0.192306 0.738178
v -0.046970 -0.272855 -0.488195
v -0.042598 -0.289301 -0.472044
v -0.476524 -0.429163 -0.336817
v 0.057696 0.031108 0.232966
v -0.075989 0.111381 0.825730
v -0.398045 -0.408524 -0.562160
v 0.154825 0.687319 0.300855
v 0.173645 0.690992 0.306473
v -0.254995 -0.552521 0.600969
v -0.228040 -0.562277 0.631298
v -0.243259 -0.561036 0.632812
v -0.042793 0.221187 0.595230
v 0.002341 0.092720 0.246716
v 0.031767 0.105674 0.292697
v 0.030633 0.078226 0.249126
v -0.119148 -0.335489 0.368738
v 0.045870 -0.734741 -0.804065
v -0.204940 -0.308243 0.219674
v -0.395503 -0.480208 -0.408961
v -0.374079 -0.479884 -0.385476
v 0.255375 -0.410936 -0.612618
v -0.226702 -0.304798 -0.334447
v -0.208142 -0.297935 -0.337029
v -0.206360 -0.296128 -0.354988
v -0.122669 -0.219312 0.065351
v -0.104220 -0.218992 0.065635
v -0.310364 -0.088332 0.408295
v -0.294274 -0.077478 0.395780
v -0.295421 -0.092149 0.410747
v -0.045387 -0.230359 -0.111189
v -0.050675 -0.227058 -0.076024
v -0.288225 -0.438755 -0.224226
v -0.024196 0.014164 0.152005
v -0.195972 -0.009066 0.719784
v -0.203785 -0.048210 0.703546
v -0.178196 -0.029575 0.742139
v -0.157960 -0.393110 -0.619082
v -0.094671 -0.280756 0.540476
v -0.096902 -0.303498 0.559940
v 0.039885 -0.248373 0.179519
v -0.368096 -0.725127 -0.782667
v -0.384538 -0.721518 -0.770990
v -0.387472 -0.735113 -0.753556
v -0.356712 -0.743197 -0.764807
v -0.374687 -0.307361 -0.217963
v -0.357972 -0.298528 -0.197910
v 0.102464 -0.324218 0.175843
v 0.273929 -0.481963 -0.328668
v -0.513009 0.337402 0.572307
v -0.524846 0.324101 0.600643
v -0.020927 -0.293571 0.556907
v -0.032301 -0.277679 0.555035
v -0.106091 -0.413777 -0.700131
v -0.117882 -0.405108 -0.666624
v 0.137256 -0.536851 -0.453092
v 0.137365 -0.542332 -0.481269
v 0.119877 -0.529676 -0.570277
v 0.101484 -0.533712 -0.587207
v -0.049685 -0.525071 -0.818291
v 0.375297 -0.530892 -0.078234
v -0.489173 -0.576398 -0.502445
v -0.361607 -0.354342 -0.345256
v -0.345381 -0.344544 -0.334697
v -0.478669 -0.298055 0.148935
v -0.492572 -0.305337 0.122407
v -0.503012 -0.315187 0.127718
v -0.163997 -0.254502 0.229905
v 0.206133 0.045243 0.471984
v 0.315185 -0.399876 -0.092679
v 0.357574 -0.390516 -0.062334
v -0.456673 -0.493551 -0.356687
v -0.524748 -0.313563 -0.129852
v -0.176818 -0.305539 -0.280338
v 0.488936 -0.493338 0.059826
v -0.047558 0.182102 0.260179
v 0.063047 -0.147014 0.163015
v 0.074656 -0.116687 0.179123
v 0.096721 -0.152760 0.179131
v 0.383221 -0.363794 -0.007936
v 0.379948 -0.358842 0.018298
v -0.423067 -0.544659 -0.687316
v -0.562355 -0.254977 -0.024599
v -0.454134 -0.559035 -0.926747
v -0.450012 -0.570573 -0.941969
v -0.462048 -0.580765 -0.938769
v -0.185880 -0.224234 0.409667
v -0.168670 -0.237445 0.432384
v 0.319409 -0.321865 -0.116603
v -0.462134 -0.534603 -0.430295
v 0.130927 -0.529970 -0.556119
v 0.328389 -0.540510 -0.970199
v 0.328945 -0.531179 -0.976714
v 0.342395 -0.552876 -0.960898
v -0.186412 -0.738584 -0.786492
v -0.197402 -0.746666 -0.798086
v 0.013452 -0.367329 0.546421
v 0.216315 -0.407010 -0.114693
v 0.542490 -0.529109 0.098380
v 0.065840 -0.329188 0.211760
v 0.355479 -0.484018 -0.096484
v 0.224177 -0.436981 -0.718167
v -0.012238 -0.258584 0.556227
v -0.009248 -0.266222 0.532769
v -0.332798 -0.061812 0.433198
v -0.330950 -0.048652 0.438407
v -0.100990 -0.379444 0.403213
v -0.113201 -0.375735 0.334279
v -0.082587 -0.389522 0.403481
v 0.059767 -0.513693 -0.525475
v 0.098153 -0.515519 -0.524104
v -0.569022 -0.273093 -0.023513
v -0.570791 -0.273466 -0.053120
v 0.164435 0.557216 0.817848
v -0.060504 -0.144342 0.116472
v -0.472174 -0.315118 0.195645
v 0.351337 -0.552328 -0.938817
v 0.101057 0.051444 0.266957
v -0.065691 -0.485006 -0.358777
v -0.036956 0.206701 0.391109
v -0.498653 -0.615263 -0.651356
v -0.138668 0.096948 0.297416
v -0.235952 -0.180478 0.124769
v -0.205354 -0.172198 0.135053
v -0.225454 -0.202663 0.096944
v -0.198658 -0.313044 0.237108
v -0.057912 -0.282640 -0.222575
v -0.002603 -0.384251 -0.561418
v -0.002940 -0.385468 -0.577664
v 0.045031 -0.393163 -0.598362
v 0.040264 -0.213418 0.194434
v 0.028808 -0.241733 0.207881
v -0.476158 -0.350866 -0.132880
v 0.098820 0.501169 0.326470
v -0.040864 -0.316929 -0.370003
v -0.029839 -0.318578 -0.388925
v -0.040597 -0.325634 -0.391514
v -0.458067 -0.204704 0.162603
v -0.431571 -0.210049 0.162119
v -0.416095 -0.199045 0.172218
v -0.427450 -0.190029 0.186217
v -0.485634 -0.406616 -0.281787
v 0.510962 -0.523819 0.114944
v 0.527317 -0.525923 0.116117
v 0.518126 -0.543170 0.111294
v -0.486038 -0.285379 -0.014351
v -0.518850 -0.403192 -0.293366
v -0.523814 -0.410132 -0.286015
v -0.270296 -0.388932 0.020688
v -0.217444 -0.414175 0.029789
v -0.244013 -0.385145 0.055620
v 0.245100 -0.485984 0.506842
v -0.199881 -0.503488 -0.486670
v 0.324986 -0.467019 -0.222384
v 0.381827 -0.366949 -0.085343
v 0.365293 -0.359603 -0.110554
v 0.343288 -0.334766 -0.102671
v -0.110368 -0.570470 0.724765
v -0.056264 -0.572409 0.731455
v 0.310473 0.084483 0.559480
v -0.318325 0.759383 0.306801
v -0.045258 -0.249093 -0.301349
v -0.325057 0.768352 0.368092
v -0.327057 0.776015 0.373160
v -0.483621 -0.654677 -0.708231
v -0.010772 -0.386266 0.316386
v -0.006543 -0.384432 0.293682
v 0.007590 -0.369129 0.292596
v 0.364212 -0.295251 0.096459
v 0.367157 -0.311168 0.119370
v -0.515260 -0.573295 -0.535253
v -0.512522 -0.563560 -0.512755
v -0.496655 -0.544316 -0.516613
v 0.261988 0.080685 0.525551
v 0.261768 0.063913 0.510610
v 0.026778 -0.418873 -0.714268
v -0.055195 -0.252429 -0.257255
v -0.052414 -0.263434 -0.295445
v -0.050901 -0.266325 -0.262038
v 0.278624 -0.494106 -0.222128
v -0.155879 -0.457062 -0.187326
v 0.432093 0.493707 0.501075
v 0.433172 0.489053 0.537843
v 0.279673 -0.490924 -0.769352
v 0.318042 -0.502843 -0.747603
v -0.459884 -0.447925 -0.242942
v -0.465058 -0.440207 -0.222525
v 0.096922 0.086389 0.300393
v -0.404473 -0.399842 -0.473615
v -0.433553 -0.421426 -0.528223
v -0.168099 0.139270 0.706276
v -0.176129 0.099366 0.706951
v -0.157951 0.102533 0.754358
v -0.454016 -0.701660 -0.772064
v -0.421850 -0.719129 -0.787193
v -0.504367 -0.331388 -0.127304
v 0.058791 -0.100287 0.170117
v 0.035384 -0.064672 0.165300
v 0.100911 -0.068454 0.188500
v -0.188210 -0.359640 -0.425162
v -0.184464 -0.371975 -0.433511
v 0.004278 0.115526 0.292383
v 0.335046 -0.394097 -0.306467
v -0.496002 -0.662041 -0.756027
v 0.341426 -0.468440 -0.677805
v -0.473851 -0.680594 -0.741733
v -0.504468 -0.311960 0.087727
v -0.497093 -0.308586 0.082824
v 0.262707 -0.480852 -0.198616
v 0.261044 -0.496466 -0.163672
v 0.275309 -0.483471 -0.175326
v -0.190889 -0.069202 0.192236
v -0.161760 -0.018302 0.200106
v -0.008622 -0.442340 -0.221756
v 0.004999 0.068797 0.213399
v -0.377611 -0.184037 0.130092
v -0.414120 -0.192330 0.136239
v -0.059848 -0.044225 0.829924
v -0.035652 -0.056283 0.825646
v -0.001479 0.632122 0.994461
v 0.025447 0.618059 0.990125
v 0.015491 0.632213 0.987910
v -0.088040 -0.274818 -0.299868
v -0.054022 -0.283724 -0.290135
v 0.039576 0.363268 0.360359
v -0.147432 -0.568667 0.705763
v -0.112096 -0.576579 0.718052
v -0.201077 0.129575 0.443486
v -0.041412 0.168974 0.282761
v -0.042327 0.162502 0.300746
v -0.500399 -0.662257 -0.776771
v 0.242730 -0.484970 -0.212830
v 0.243243 -0.476632 -0.240266
v 0.017360 -0.276957 0.174179
v 0.417399 0.169227 0.589173
v 0.207430 -0.524932 -0.310334
v 0.216366 -0.521252 -0.295814
v -0.181391 -0.351151 0.247760
v -0.080573 -0.293043 0.369956
v -0.391909 0.529195 0.649822
v -0.411778 0.517823 0.629178
v 0.156648 0.124833 0.418189
v 0.150641 0.108118 0.373620
v -0.304650 0.069023 0.479043
v -0.297439 0.030484 0.482630
v 0.294252 -0.753156 -0.779363
v -0.470280 -0.431655 -0.216902
v -0.071166 -0.259010 0.606540
v -0.031500 -0.253941 0.615198
v 0.040486 -0.317137 -0.338492
v 0.185934 -0.534882 -0.696563
v 0.203772 -0.541693 -0.708359
v 0.220221 -0.537161 -0.676254
v -0.509361 -0.576016 -0.569378
v -0.518712 -0.599975 -0.571890
v -0.081389 -0.482304 -0.853664
v -0.067893 -0.476100 -0.857442
v 0.382097 -0.376356 -0.107364
v -0.544263 -0.316893 -0.191596
v -0.551454 -0.316989 -0.168228
v -0.149753 0.419664 0.361522
v 0.267368 -0.198465 0.193061
v 0.307033 -0.218188 0.184495
v 0.016088 -0.367931 0.458999
v 0.022958 -0.342468 0.445426
v 0.013339 -0.359940 0.467896
v -0.026863 -0.262172 -0.450828
v -0.027846 -0.260119 -0.400865
v -0.027624 -0.267469 -0.415560
v -0.434090 -0.347855 0.256683
v -0.426329 -0.342113 0.253500
v -0.417524 -0.358055 0.269028
v 0.329738 -0.255231 0.139001
v 0.350239 -0.259441 0.141592
v -0.195736 0.471534 0.333732
v -0.167334 0.456516 0.339383
v 0.022307 0.013127 0.182049
v -0.235174 -0.337530 -0.362369
v -0.364764 -0.532386 -0.660062
v -0.325315 -0.524979 -0.624984
v -0.333519 -0.524340 -0.605077
v -0.134123 -0.528673 -0.790487
v 0.051209 -0.250849 0.456266
v -0.514522 -0.375448 -0.331498
v -0.515329 -0.391052 -0.319736
v 0.093241 -0.479502 -0.841785
v 0.184824 -0.510128 -0.421560
v 0.294725 -0.474274 -0.199611
v 0.471445 -0.520911 0.083172
v -0.183005 0.146675 0.369894
v 0.117594 -0.201344 0.377728
v 0.160587 -0.164798 0.393660
v -0.523864 -0.358279 -0.292566
v -0.522324 -0.366179 -0.288519
v 0.042858 -0.255213 0.484395
v 0.024846 -0.340808 -0.388230
v 0.133497 -0.558023 0.683721
v 0.260804 -0.515185 -0.522963
v 0.282242 -0.507653 -0.479223
v -0.025281 0.328976 0.359887
v 0.013007 0.333973 0.362893
v -0.547385 -0.354813 -0.220444
v -0.544773 -0.339087 -0.202957
v 0.018459 -0.298246 0.291632
v 0.539054 -0.472748 0.084064
v 0.523083 -0.499720 0.086928
v -0.527324 -0.292345 -0.098192
v -0.530805 -0.279602 -0.062974
v -0.529773 -0.304379 -0.095547
v -0.179231 0.131700 0.374035
v 0.093609 -0.757455 -0.778397
v 0.381714 -0.486580 -0.082789
v 0.363080 0.133765 0.595005
v 0.154514 -0.545052 -0.442975
v 0.167959 -0.532604 -0.463646
v 0.184456 -0.520973 -0.428691
v -0.036297 0.219266 0.558936
v -0.023760 -0.347578 -0.632986
v -0.019808 -0.342327 -0.613227
v 0.022196 -0.293076 0.181647
v 0.020812 -0.302963 0.199546
v 0.043577 -0.334272 0.200709
v 0.073915 -0.346659 0.191429
v 0.028509 -0.273778 0.251631
v 0.189377 -0.352245 -0.380752
v -0.567952 -0.219720 0.043597
v 0.219462 -0.193939 0.111240
v -0.346417 -0.165718 0.182652
v -0.323793 -0.164661 0.171265
v -0.029623 0.130970 0.819465
v 0.155186 0.610987 0.326621
v 0.132385 0.657801 0.304940
v -0.108910 -0.461884 -0.858136
v 0.110947 -0.221227 -0.028722
v -0.546309 -0.248944 -0.036512
v -0.542411 -0.263725 -0.064679
v -0.280902 -0.267757 -0.136398
v -0.428022 -0.089727 0.306474
v -0.079024 -0.389727 0.452423
v -0.497873 -0.374295 -0.214829
v -0.480625 -0.379183 -0.199398
v -0.341709 -0.240461 0.208802
v -0.017954 -0.433959 -0.790053
v -0.024740 -0.425816 -0.746181
v 0.442434 0.435450 0.536916
v 0.446227 0.409953 0.567138
v -0.265854 -0.307298 -0.278326
v -0.254420 -0.299037 -0.251003
v -0.241624 -0.316767 -0.278135
v -0.187987 -0.228581 -0.082128
v 0.055257 -0.204669 0.043308
v 0.068790 -0.214927 -0.004033
v -0.058641 -0.432428 -0.157374
v 0.032277 -0.436271 -0.162419
v -0.028256 -0.426794 -0.151118
v 0.109516 0.320316 0.367219
v 0.125361 0.268810 0.362950
v 0.120944 0.359562 0.367285
v -0.159078 -0.245464 -0.124757
v -0.162868 -0.276943 -0.176626
v -0.119284 0.469429 0.346863
v -0.125018 0.443863 0.352274
v 0.030130 0.216498 0.597670
v 0.052106 0.204911 0.548032
v -0.369960 0.090609 0.523030
v -0.360241 0.037916 0.507240
v 0.185961 0.085445 0.543155
v -0.507782 -0.617115 -0.643223
v -0.508789 -0.619721 -0.634336
v -0.052979 -0.587644 0.730988
v 0.123271 0.119519 0.362564
v -0.255381 -0.196610 0.101664
v -0.477379 -0.500446 -0.394021
v -0.506050 -0.527626 -0.465192
v 0.158451 -0.168446 0.450864
v 0.129500 -0.192360 0.511327
v -0.479769 -0.413452 -0.199016
v -0.478944 -0.398236 -0.167610
v 0.195913 0.003736 0.334170
v -0.000744 -0.178608 0.077629
v 0.025869 -0.185076 0.076416
v -0.496947 0.554126 0.521436
v -0.253606 -0.435515 -0.172627
v -0.407198 -0.362620 0.289942
v -0.406284 -0.381535 0.295624
v -0.244483 0.605174 0.825512
v -0.266309 -0.543703 0.584928
v -0.039884 -0.188972 0.742160
v -0.029343 -0.126185 0.792220
v 0.324549 -0.470859 -0.202456
v 0.347024 -0.466769 -0.222281
v 0.490533 -0.481875 0.093897
v 0.481127 -0.497261 0.086343
v -0.510416 0.458406 0.501625
v 0.118353 -0.152386 0.270125
v 0.150484 -0.153815 0.328521
v -0.096355 -0.452764 -0.847449
v -0.397475 -0.385709 -0.068761
v -0.389657 -0.389506 -0.099288
v 0.392040 -0.454067 -0.184017
v 0.384101 -0.439861 -0.146184
v -0.126422 -0.256492 -0.151874
v 0.119273 -0.272835 -0.187328
v 0.139949 -0.266401 -0.151972
v 0.140635 -0.277315 -0.180484
v -0.507390 -0.377143 -0.134043
v -0.493239 -0.358879 -0.097760
v 0.296698 -0.306342 0.172027
v 0.286552 -0.288070 0.199813
v -0.391931 -0.295222 -0.171158
v 0.176235 -0.036484 0.618289
v -0.428592 -0.519560 -0.764890
v -0.453171 -0.513582 -0.730357
v -0.344216 -0.054821 0.456054
v -0.191882 -0.519495 -0.547454
v -0.202922 -0.524772 -0.603036
v -0.159501 -0.526035 -0.556307
v -0.455345 -0.277086 0.059971
v -0.463151 -0.276727 0.076337
v -0.404638 -0.342093 -0.281689
v -0.381408 -0.342057 -0.307603
v -0.204594 -0.151197 0.239325
v 0.100403 -0.158443 0.232220
v -0.136577 -0.750771 -0.764647
v -0.106641 -0.753992 -0.769738
v -0.049202 -0.265244 -0.356274
v 0.368350 -0.444035 -0.434552
v 0.390001 -0.461760 -0.444154
v -0.028327 -0.347800 0.568756
v 0.335777 -0.245457 0.157157
v -0.289665 -0.256217 0.206277
v -0.317831 -0.536134 -0.772283
v -0.556833 -0.182914 0.084774
v -0.562799 -0.194556 0.109161
v -0.500133 0.195258 0.602296
v -0.495728 0.190302 0.595360
v 0.306950 -0.533921 -0.631398
v -0.185801 0.624737 0.307405
v -0.177087 0.595311 0.316455
v -0.264027 -0.109792 0.556450
v 0.025225 0.278821 0.369101
v 0.030172 0.258307 0.361887
v -0.412274 0.734852 0.360132
v -0.412003 0.737848 0.357047
v -0.386206 0.751196 0.348660
v -0.503769 -0.346437 0.055027
v 0.108840 -0.559452 0.667636
v 0.132528 -0.548588 0.668348
v 0.025137 -0.266513 0.213192
v -0.086032 -0.382896 0.460901
v 0.006481 -0.422771 -0.033284
v 0.023956 -0.417780 -0.016446
v -0.336343 -0.437388 -0.212978
v 0.105648 -0.117397 0.198847
v 0.113290 -0.153503 0.189350
v -0.090788 0.351828 0.363466
v -0.087003 0.363935 0.366788
v -0.014201 0.230392 0.383117
v 0.003073 0.207854 0.367565
v -0.383747 -0.532881 -0.669347
v 0.304151 -0.423534 0.308903
v 0.299376 -0.442033 0.343125
v -0.506096 -0.587620 -0.536489
v 0.445089 0.284610 0.558966
v 0.448677 0.254776 0.572369
v -0.053057 -0.354717 -0.506577
v 0.013849 0.151971 0.784793
v -0.538096 -0.372129 -0.253771
v -0.530107 -0.358041 -0.234241
v -0.066121 -0.343319 -0.462754
v -0.051239 -0.354997 -0.470066
v 0.077840 -0.486378 -0.388859
v -0.368308 0.033047 0.524909
v -0.352744 0.019160 0.501393
v -0.350965 0.016324 0.512471
v -0.441259 -0.448644 -0.628416
v -0.423063 -0.427132 -0.590700
v 0.013113 -0.356697 0.293287
v 0.012735 -0.362709 0.307741
v 0.090205 -0.257803 -0.169478
v 0.114381 -0.266141 -0.168477
v 0.400522 0.647019 0.477645
v 0.411496 0.602769 0.493535
v -0.199610 -0.159042 0.153268
v -0.162005 -0.152843 0.145189
v -0.181434 -0.177712 0.130989
v -0.452899 -0.692159 -0.723456
v -0.387602 -0.394371 0.356854
v -0.222521 -0.399115 -0.410399
v -0.426079 -0.106191 0.340441
v -0.387456 -0.092775 0.381563
v -0.246070 -0.400753 -0.047846
v -0.224843 -0.405702 -0.038383
v -0.237112 -0.405030 -0.001686
v 0.150213 -0.532325 -0.481696
v -0.053245 -0.242514 -0.180470
v -0.052188 -0.243933 -0.210513
v -0.052958 -0.257988 -0.205542
v -0.130109 -0.254947 0.262969
v 0.051415 0.030844 0.801285
v 0.074695 0.000555 0.768873
v 0.094892 0.045441 0.744862
v 0.205190 0.758079 0.333196
v 0.244290 -0.190556 0.175160
v 0.264113 -0.200987 0.153765
v -0.406394 -0.084926 0.336064
v -0.387661 -0.073363 0.367547
v -0.384884 -0.084569 0.366983
v 0.463592 -0.500992 0.048144
v -0.152409 -0.073520 0.770179
v -0.120055 -0.343690 0.408824
v -0.116265 -0.362076 0.398643
v 0.116360 0.341481 0.363854
v 0.111303 0.411567 0.363786
v 0.542564 -0.530608 0.050289
v 0.536180 -0.536439 0.036098
v 0.313936 0.113119 0.570613
v -0.384067 -0.720181 -0.780958
v 0.168197 -0.522360 -0.373815
v 0.186456 -0.534083 -0.351642
v 0.196429 -0.343554 -0.319618
v -0.295693 -0.350506 -0.402748
v -0.303032 -0.350983 -0.368194
v -0.430201 -0.281731 -0.119000
v -0.406721 -0.273582 -0.110839
v -0.076427 0.265809 0.355259
v -0.487314 -0.531611 -0.447645
v -0.484926 -0.561980 -0.478011
v -0.220724 -0.442009 -0.167402
v -0.506096 0.229593 0.587513
v -0.254030 0.714126 0.313255
v -0.323974 -0.493821 -0.824037
v 0.002869 -0.592772 0.727767
v -0.035620 -0.596951 0.734277
v 0.529085 -0.503456 0.042183
v 0.522085 -0.523684 0.019965
v 0.357535 -0.502221 -0.489523
v 0.382215 -0.483880 -0.485062
v -0.102086 -0.245029 -0.100555
v -0.091105 -0.253432 -0.132266
v -0.377165 0.055609 0.533043
v 0.271839 -0.491795 0.453056
v 0.399027 -0.526389 -0.019826
v 0.151288 -0.508290 -0.454766
v 0.137362 -0.511256 -0.485024
v 0.175626 -0.509442 -0.471073
v 0.305095 -0.406310 -0.414897
v 0.161921 -0.282743 -0.161965
v 0.283277 -0.428748 0.388589
v 0.290939 -0.433499 0.359343
v -0.498591 -0.271983 -0.002422
v -0.498972 -0.285202 -0.013009
v 0.225682 -0.005479 0.450144
v -0.211479 -0.764231 -0.778280
v -0.206009 -0.763708 -0.798942
v -0.156466 -0.762919 -0.795517
v 0.161600 -0.179161 0.181171
v -0.385934 -0.453264 0.375435
v 0.190255 0.035684 0.567489
v 0.135102 -0.745499 -0.763713
v 0.196719 -0.754343 -0.771147
v -0.168460 -0.211544 0.036766
v -0.162940 -0.206581 0.063892
v -0.136341 -0.224296 0.028685
v -0.509962 -0.445583 -0.311153
v -0.196375 -0.466460 -0.842779
v -0.194481 -0.453209 -0.811700
v -0.525671 0.276778 0.609249
v -0.475833 -0.479358 -0.368945
v 0.045369 -0.483107 -0.397174
v -0.254027 -0.353713 -0.475972
v -0.137108 -0.143128 0.733405
v -0.323662 -0.529847 -0.829827
v -0.271425 -0.514737 -0.844352
v 0.035188 -0.374476 0.170461
v 0.058263 -0.362090 0.198936
v -0.274053 -0.172633 0.201286
v 0.364683 -0.574385 -0.939089
v 0.352474 -0.564862 -0.957093
v -0.051947 -0.234661 -0.104365
v -0.444786 -0.538757 -0.640725
v -0.423092 -0.392162 -0.125536
v 0.237068 0.750166 0.309464
v -0.456085 -0.451680 -0.278497
v -0.455357 -0.442724 -0.259652
v -0.459733 -0.454543 -0.263906
v -0.459807 -0.462694 -0.287906
v 0.197225 -0.186950 0.183923
v -0.450687 -0.232209 0.113825
v -0.455930 -0.234453 0.100922
v 0.021726 -0.735992 -0.802275
v -0.375678 -0.736743 -0.799525
v -0.346997 -0.729794 -0.796239
v -0.347390 -0.072406 0.394517
v 0.044006 -0.318415 0.208972
v -0.203093 -0.324898 -0.380321
v -0.213159 -0.344947 -0.363818
v -0.407297 -0.454714 -0.701430
v -0.167469 -0.762179 -0.778047
v -0.101657 -0.757988 -0.783293
v 0.282120 -0.448023 0.399700
v -0.061174 0.141554 0.811918
v -0.028450 0.167294 0.787468
v -0.398811 -0.727353 -0.797262
v -0.442101 -0.335278 -0.228182
v 0.157532 -0.365311 0.038600
v 0.016840 0.219688 0.350521
v -0.027453 -0.280541 -0.523948
v 0.026612 -0.222971 -0.044954
v -0.031713 -0.231675 -0.119418
v 0.199974 0.548816 0.761630
v 0.423142 -0.679402 -0.782269
v 0.176643 -0.497203 -0.394513
v 0.317203 -0.398560 -0.381350
v -0.215630 -0.315141 -0.265452
v -0.203565 -0.298755 -0.238540
v -0.200792 -0.315941 -0.270606
v -0.503699 -0.568439 -0.547093
v -0.106644 -0.368121 0.459733
v 0.235188 -0.504176 0.512240
v -0.219151 -0.039077 0.672202
v -0.234068 -0.001252 0.650864
v -0.185311 -0.181961 0.199974
v -0.510966 -0.353173 -0.180999
v -0.505781 -0.366198 -0.207608
v 0.366300 -0.518712 -0.671614
v 0.382773 -0.507129 -0.665055
v 0.382976 -0.511010 -0.633577
v 0.464935 -0.501217 0.086586
v 0.047780 -0.508260 -0.449623
v 0.101287 -0.510815 -0.463469
v 0.112096 -0.503314 -0.443972
v 0.211120 -0.035381 0.337904
v 0.221649 -0.234438 0.211218
v 0.243479 -0.212468 0.191225
v 0.312613 -0.453942 -0.141122
v 0.344655 -0.430499 -0.116185
v -0.205982 -0.321086 0.227582
v -0.167959 -0.336510 0.280789
v -0.058798 -0.762388 -0.797127
v 0.367762 -0.469552 -0.322869
v 0.368469 0.703826 0.385655
v 0.361457 0.707754 0.382195
v 0.355959 0.716612 0.370953
v -0.199773 -0.368756 0.188377
v -0.184502 -0.371819 0.203265
v -0.240735 -0.487190 -0.429115
v 0.124529 -0.379458 0.007406
v 0.073428 -0.388488 0.031006
v -0.328602 -0.434647 -0.188647
v -0.302877 -0.428024 -0.178377
v -0.151667 -0.750003 -0.800132
v -0.204767 -0.205376 0.087874
v -0.452184 -0.439192 -0.230761
v -0.444240 -0.441942 -0.255473
v -0.456414 -0.284966 -0.114991
v -0.492679 -0.344167 -0.156255
v 0.012008 -0.306512 0.453406
v -0.228069 -0.077205 0.645425
v -0.219240 -0.105319 0.653001
v -0.206486 -0.086363 0.681383
v -0.290936 0.043344 0.469314
v -0.514098 0.378788 0.535811
v 0.481831 -0.498714 0.075098
v 0.497957 -0.489684 0.069945
v 0.404410 -0.610809 -0.943434
v -0.096199 -0.377246 0.458140
v -0.180696 0.158756 0.372209
v -0.143010 -0.102776 0.763479
v 0.236833 -0.376267 -0.414782
v 0.074834 -0.222075 -0.044872
v 0.070356 -0.230227 -0.089641
v -0.444113 0.713065 0.432529
v -0.208515 -0.356243 -0.439167
v -0.205204 -0.359841 -0.414915
v -0.317617 -0.455359 -0.264402
v -0.252158 -0.454702 -0.262480
v -0.323169 -0.438648 -0.237518
v -0.314370 -0.498283 0.541108
v -0.323221 -0.484245 0.504455
v -0.164553 -0.445111 -0.804116
v -0.044715 -0.445534 -0.816200
v -0.028987 -0.432827 -0.779003
v -0.095668 -0.319090 -0.449303
v -0.244509 -0.346252 -0.494534
v -0.054189 0.188741 0.484390
v 0.177566 0.632513 0.324027
v 0.171862 0.586920 0.332714
v 0.007557 -0.152467 0.761716
v 0.304097 -0.445824 0.345529
v 0.292687 -0.463483 0.385381
v 0.292483 -0.459980 0.374487
v -0.489155 0.606911 0.494845
v -0.500591 0.545022 0.520389
v 0.008801 -0.334508 0.177509
v 0.012336 -0.325875 0.153813
v -0.140863 0.081704 0.276019
v -0.138895 0.052309 0.239975
v -0.139799 0.060591 0.797603
v -0.117740 -0.261623 0.404469
v -0.122933 -0.257733 0.364854
v -0.104083 -0.281342 0.382595
v 0.403642 -0.672586 -0.848332
v 0.400666 -0.682203 -0.857154
v -0.544350 -0.368170 -0.241283
v -0.477098 -0.410918 -0.366697
v -0.440604 -0.362622 -0.285595
v -0.059277 -0.321262 -0.436311
v -0.133890 0.148266 0.389848
v -0.130341 0.133254 0.356536
v -0.282163 -0.001163 0.533777
v 0.384277 -0.575848 -0.959922
v 0.363551 -0.557279 -0.974305
v -0.186734 -0.589715 0.680642
v -0.194160 -0.585293 0.689470
v -0.523698 -0.126991 0.218111
v -0.505478 -0.117864 0.252432
v 0.221974 -0.757480 -0.784888
v 0.499139 -0.547816 0.053813
v 0.516018 -0.544399 0.042942
v 0.203515 0.062953 0.540401
v -0.529096 -0.325236 -0.152051
v -0.537102 -0.339655 -0.144487
v -0.015634 -0.314278 -0.369406
v -0.118270 0.148516 0.762497
v -0.133064 0.113202 0.785210
v -0.096455 0.152113 0.782972
v 0.016245 0.120479 0.801694
v 0.197213 -0.399766 -0.612631
v 0.191936 -0.387555 -0.570198
v -0.189258 -0.230104 0.457341
v 0.031007 -0.208222 0.184082
v -0.224755 -0.319452 -0.280664
v -0.002850 0.194939 0.704856
v -0.050207 -0.735471 -0.778825
v -0.505052 0.327281 0.563853
v -0.503491 0.304495 0.551812
v -0.008559 -0.601019 0.743735
v -0.265982 -0.432388 -0.740103
v -0.242928 -0.414237 -0.694299
v -0.458304 -0.277990 0.024360
v -0.141581 0.409281 0.367026
v -0.134080 0.388538 0.362539
v -0.223618 0.567865 0.812309
v -0.128160 0.178565 0.677126
v -0.080448 0.184672 0.738092
v -0.399068 -0.739578 -0.751155
v -0.358833 -0.751426 -0.761494
v 0.153987 -0.254010 -0.112206
v 0.022421 0.161962 0.358635
v 0.035387 0.186029 0.369524
v 0.043321 0.164734 0.378300
v 0.382319 -0.488898 -0.516396
v 0.390051 -0.493282 -0.561720
v 0.352799 -0.440597 -0.538259
v 0.342381 -0.439861 -0.510384
v 0.378398 -0.456845 -0.516885
v 0.248517 -0.501649 -0.192653
v -0.038658 -0.252032 -0.379074
v 0.122264 -0.337887 -0.386224
v -0.216786 -0.446002 -0.247179
v 0.008360 0.105233 0.275124
v -0.476340 -0.394299 -0.119692
v -0.488094 -0.452510 -0.443693
v 0.173100 -0.540235 -0.382867
v 0.190773 -0.522452 -0.396979
v 0.125937 0.466577 0.336608
v -0.475261 -0.698205 -0.701301
v -0.114891 -0.271699 0.534993
v -0.124100 -0.268717 0.515135
v -0.112683 -0.291428 0.523913
v -0.032167 -0.418131 -0.087625
v -0.009515 -0.417867 -0.075917
v -0.048784 0.166915 0.332430
v 0.135540 -0.557231 0.657116
v 0.131988 -0.578399 0.672393
v -0.080261 -0.501696 -0.854589
v -0.504800 -0.354546 -0.164095
v 0.341220 -0.462660 -0.159351
v -0.552243 -0.264462 -0.059532
v -0.241062 -0.458810 -0.809115
v -0.218802 -0.462277 -0.818470
v -0.339093 0.065221 0.499793
v -0.320842 0.059465 0.486502
v -0.256529 -0.213755 0.200036
v -0.108912 -0.335421 0.305636
v -0.022780 -0.256226 0.588664
v -0.391180 0.763805 0.393777
v -0.365057 0.771607 0.384686
v -0.443316 0.703816 0.374049
v -0.502301 -0.415982 -0.258437
v -0.499650 -0.430013 -0.278775
v -0.391140 0.111396 0.551279
v -0.379494 0.097220 0.538221
v 0.206377 -0.244012 -0.049993
v 0.400479 -0.478971 -0.496051
v 0.090393 -0.455046 -0.180385
v -0.173161 -0.280810 0.223471
v -0.172274 -0.280480 0.247165
v 0.358162 -0.518182 -0.074249
v 0.383715 -0.519832 -0.046456
v -0.228855 -0.270972 0.217466
v -0.199017 -0.282820 0.221299
v -0.208326 -0.322405 -0.406984
v 0.391110 -0.599047 -0.906909
v -0.221037 -0.314007 -0.471025
v -0.209967 -0.309224 -0.428123
v -0.094486 -0.454415 -0.173711
v -0.100728 -0.455737 -0.188287
v -0.121395 -0.354506 0.358125
v -0.184297 -0.573710 0.680680
v -0.246594 -0.538566 0.622994
v -0.234971 -0.546157 0.628463
v -0.042041 0.200848 0.457681
v -0.031566 0.200645 0.476899
v 0.190020 0.732660 0.321242
v -0.487474 -0.357617 -0.120899
v 0.509926 -0.504125 0.105237
v -0.091439 -0.409562 0.157117
v -0.357452 -0.404608 -0.607800
v -0.452787 -0.307869 0.204957
v -0.466255 -0.306923 0.170921
v -0.032313 -0.157400 0.100750
v -0.026203 -0.136922 0.120074
v -0.009295 -0.156412 0.105818
v -0.474899 -0.603065 -0.882087
v -0.468192 -0.577038 -0.912882
v -0.521882 -0.177637 0.116975
v -0.497448 -0.345261 -0.056352
v 0.014073 -0.113984 0.143892
v 0.032185 -0.143466 0.144577
v -0.199304 0.387840 0.359066
v -0.161817 0.378991 0.361590
v -0.143106 -0.307824 -0.333748
v -0.044416 0.062437 0.193205
v -0.360213 -0.436625 -0.697442
v 0.165634 0.563914 0.814590
v 0.316830 -0.422625 -0.527257
v 0.403489 -0.683299 -0.827911
v 0.398521 -0.697831 -0.820646
v 0.344376 0.726269 0.369348
v 0.259677 -0.278975 0.207645
v 0.246740 -0.248259 0.211332
v -0.524174 -0.132952 0.170495
v -0.489694 -0.127479 0.205440
v -0.085008 -0.279290 -0.229917
v -0.125124 -0.279149 -0.259198
v 0.440570 0.469807 0.499600
v -0.308128 0.069261 0.485475
v -0.315015 0.006707 0.490775
v 0.381987 -0.316018 0.081884
v 0.375720 -0.303041 0.102814
v -0.278272 -0.193969 0.067066
v -0.224584 -0.206859 0.059696
v 0.190166 0.707716 0.326626
v 0.186761 0.670341 0.324404
v 0.232635 -0.386252 -0.047051
v 0.297658 -0.393482 -0.072618
v -0.182954 -0.352384 -0.355547
v 0.374177 -0.321473 0.040977
v 0.387101 -0.335860 0.052361
v -0.507078 -0.498839 -0.412167
v -0.082563 -0.388056 0.331151
v 0.196641 -0.330053 -0.278194
v 0.192374 -0.119778 0.425073
v -0.116023 -0.032767 0.172908
v -0.541767 -0.245914 0.042977
v -0.538544 -0.247717 0.038088
v -0.133714 -0.316887 -0.368446
v 0.091836 -0.344478 0.153093
v -0.094759 -0.421589 -0.735647
v -0.050586 -0.424156 -0.754033
v -0.495435 -0.486810 -0.504556
v 0.060006 -0.268220 0.154057
v 0.077060 -0.207480 0.050228
v -0.238512 -0.535559 -0.689897
v -0.198286 -0.536537 -0.711042
v 0.268843 0.072395 0.527377
v -0.503498 0.545548 0.475249
v -0.508334 0.514401 0.474441
v -0.430591 0.721018 0.367612
v 0.279813 -0.485564 0.426727
v 0.158027 -0.553333 0.640152
v -0.450733 -0.216825 0.141054
v 0.243719 -0.396196 -0.458560
v 0.157390 -0.537494 -0.702233
v -0.272979 -0.354971 -0.405207
v -0.366325 -0.386641 -0.483118
v -0.359022 -0.385631 -0.504083
v -0.184785 0.131117 0.379519
v -0.168692 0.139139 0.392110
v -0.387619 -0.406199 0.319344
v -0.217855 0.025539 0.264197
v -0.182513 0.005930 0.223519
v 0.094509 -0.477893 -0.331396
v -0.470927 -0.496596 -0.402874
v 0.138273 -0.333221 -0.362733
v 0.232205 0.002333 0.474397
v 0.232506 0.021071 0.471449
v -0.200774 0.112807 0.652941
v -0.217960 0.099438 0.633986
v 0.364254 -0.267607 0.112817
v -0.484235 -0.304190 0.118271
v -0.169651 -0.215819 0.001724
v 0.327773 -0.533591 -0.599711
v 0.273299 -0.458625 0.446485
v -0.086154 0.325660 0.366383
v -0.095142 0.296613 0.361926
v -0.174369 -0.076996 0.736338
v -0.154903 0.632049 0.942942
v 0.257472 -0.492068 0.478904
v 0.256016 -0.475408 0.494665
v -0.259334 -0.770648 -0.783600
v -0.041358 -0.269473 -0.254198
v -0.311310 -0.346701 -0.347924
v 0.403593 -0.538382 -0.027531
v -0.049450 0.028319 0.173682
v -0.077044 0.056658 0.219280
v -0.446958 -0.428900 -0.502142
v -0.432521 -0.416507 -0.469484
v -0.432724 -0.735419 -0.753253
v 0.321107 -0.274378 0.026162
v 0.307622 -0.284816 -0.029075
v -0.111170 -0.599574 0.729166
v -0.069333 -0.600216 0.746980
v -0.497142 -0.629909 -0.617312
v -0.261131 -0.275882 -0.218496
v -0.235041 -0.289484 -0.232418
v -0.105263 -0.283097 0.346797
v -0.215019 -0.310371 -0.408713
v -0.219945 -0.388464 -0.589798
v 0.225512 0.059323 0.447526
v 0.227023 0.013018 0.442134
v -0.169192 -0.498691 -0.852865
v -0.130707 -0.498934 -0.852051
v 0.295385 -0.337503 -0.171935
v 0.274057 -0.343274 -0.211907
v -0.193289 0.583858 0.871563
v -0.059436 0.291275 0.344802
v -0.066287 0.304579 0.357658
v -0.385701 -0.391155 -0.430717
v -0.181403 0.511566 0.336775
v -0.512780 0.257437 0.587113
v -0.357957 -0.466834 0.435998
v 0.086196 -0.425537 -0.155446
v -0.011383 -0.205305 0.000136
v -0.000898 -0.217710 -0.044703
v 0.233635 -0.750385 -0.795417
v 0.291167 -0.747949 -0.790013
v -0.233575 -0.410550 -0.094054
v -0.188779 -0.412262 -0.036399
v -0.034383 -0.393313 -0.643498
v -0.139905 0.159638 0.379513
v -0.214363 -0.180986 0.200046
v 0.315881 -0.477007 -0.724482
v -0.119323 -0.486841 -0.854026
v -0.004267 -0.288436 0.451860
v 0.460976 -0.485548 -0.004329
v -0.019661 -0.314665 -0.595330
v -0.230484 -0.270973 -0.192527
v -0.211924 -0.287743 -0.217258
v 0.372617 -0.393207 -0.078701
v -0.363740 -0.194590 0.184833
v 0.427282 0.553836 0.520092
v 0.381439 0.671122 0.400552
v 0.392625 0.685323 0.444049
v 0.395694 0.652906 0.430108
v 0.379036 0.716186 0.446101
v 0.391312 0.678983 0.462500
v 0.166456 -0.526518 -0.606064
v -0.536015 -0.633590 -0.772191
v -0.309670 0.030008 0.447648
v 0.016905 -0.009938 0.822892
v 0.149494 -0.127122 0.601416
v -0.004961 0.157320 0.331623
v -0.042558 -0.234780 0.686363
v 0.189072 -0.514395 -0.498208
v -0.252188 -0.346158 0.161713
v -0.208546 -0.355641 0.201720
v -0.471302 -0.268154 0.031687
v 0.319073 -0.506472 -0.989075
v -0.043720 -0.266027 -0.225639
v 0.460586 0.337722 0.585236
v 0.042674 -0.354324 0.278245
v -0.404700 0.750845 0.401758
v 0.529688 -0.545246 0.103650
v -0.182399 -0.388184 -0.590337
v -0.203986 -0.389239 -0.599758
v 0.550472 -0.511276 0.069362
v 0.069454 -0.165939 0.131371
v 0.418106 -0.546161 -0.027508
v -0.418436 -0.438989 -0.217681
v 0.016108 -0.345448 0.526145
v -0.477376 -0.503856 -0.381546
v 0.071494 0.387122 0.362899
v -0.143637 -0.228596 -0.019271
v -0.121249 -0.232940 -0.021259
v -0.235394 0.101876 0.426360
v -0.256740 0.082054 0.413311
v -0.299029 0.769552 0.354534
v -0.500902 0.479091 0.555604
v -0.264600 -0.264865 0.209957
v -0.235284 -0.256045 0.221410
v -0.449304 -0.266072 0.062061
v -0.495210 -0.303798 -0.098361
v -0.498205 -0.310467 -0.116793
v -0.512714 -0.357955 -0.168765
v 0.014442 -0.276241 0.503116
v 0.018740 -0.284233 0.479638
v 0.392432 -0.452325 -0.242126
v -0.401697 -0.457769 -0.287855
v -0.384846 -0.463515 -0.310290
v -0.360692 -0.458298 -0.282215
v 0.386555 -0.445000 -0.226043
v 0.374995 -0.439763 -0.206159
v -0.107626 0.012868 0.822146
v 0.300710 -0.753714 -0.754101
v 0.071992 -0.526991 -0.803673
v -0.483265 -0.472062 -0.452896
v -0.179479 -0.225886 0.194661
v -0.372573 -0.428409 0.409110
v -0.357024 -0.436098 0.431185
v 0.292280 -0.238024 0.078821
v 0.327926 -0.261584 0.063704
v 0.141009 -0.549328 0.645971
v -0.195395 0.479168 0.338758
v -0.185000 0.482809 0.340725
v 0.067113 -0.374553 -0.454891
v 0.081671 -0.367989 -0.455361
v -0.267857 -0.526132 -0.631955
v 0.028184 0.227140 0.355474
v 0.116167 0.174596 0.556162
v -0.070736 -0.598554 0.730794
v 0.244103 -0.212974 0.094244
v -0.021612 0.230250 0.400247
v -0.194809 -0.418079 -0.132933
v -0.183730 -0.427809 -0.159019
v -0.129250 -0.418201 -0.133824
v -0.037322 -0.279548 -0.379688
v 0.076766 -0.592575 0.708647
v 0.190873 0.561659 0.787630
v 0.213467 0.586998 0.785025
v -0.346319 -0.478966 -0.344041
v -0.348495 -0.478986 -0.372534
v 0.438848 -0.548226 -0.031456
v 0.086897 -0.363244 -0.464004
v -0.423986 -0.548626 -0.739183
v -0.416416 -0.548447 -0.726818
v -0.038459 0.245958 0.374364
v -0.296898 -0.178201 0.145582
v 0.181763 -0.534377 -0.668141
v -0.245208 -0.511201 -0.849142
v -0.013303 0.184929 0.750590
v -0.323297 0.591880 0.731739
v -0.297355 0.592263 0.753313
v -0.286975 0.553377 0.730059
v 0.438825 0.226278 0.571833
v 0.465418 0.243288 0.596568
v -0.381602 -0.197496 0.099008
v -0.380693 -0.210007 0.047074
v -0.354198 -0.359253 -0.367148
v -0.185901 0.124977 0.669518
v -0.186865 0.136031 0.623579
v -0.216542 -0.252487 -0.151251
v -0.179584 -0.253852 -0.145234
v -0.033326 -0.390563 0.306773
v -0.121625 -0.344611 0.398435
v -0.298334 -0.302312 -0.270570
v -0.081949 0.347459 0.360391
v -0.073123 0.324744 0.358629
v -0.439766 -0.310219 0.093355
v -0.003632 -0.504934 -0.842737
v 0.064822 0.357847 0.369016
v 0.283769 -0.216140 0.186133
v -0.311417 -0.165803 0.207221
v -0.550988 -0.165279 0.130796
v -0.553913 -0.176814 0.139535
v -0.403885 0.530029 0.638495
v -0.051884 0.277186 0.302604
v -0.462403 0.659350 0.401017
v -0.545823 -0.163923 0.109452
v -0.171621 -0.559303 0.718674
v -0.391926 -0.487842 -0.776704
v -0.464992 0.657449 0.398332
v -0.567512 -0.213902 0.077361
v -0.163975 -0.292223 0.230586
v -0.153399 0.012537 0.203236
v -0.119305 -0.011585 0.173147
v -0.179480 -0.180667 0.625189
v 0.129083 0.142679 0.433469
v 0.098794 0.169785 0.463864
v 0.163432 0.132946 0.461913
v -0.490589 -0.680448 -0.775294
v -0.491978 -0.676885 -0.821158
v -0.316073 -0.537419 -0.733468
v -0.090156 -0.595227 0.743110
v -0.529556 -0.203885 0.074418
v -0.057368 -0.209996 0.013388
v -0.025732 -0.192354 0.036652
v 0.155355 -0.530125 -0.444201
v -0.533654 -0.252029 -0.027298
v -0.533159 -0.242438 0.000291
v -0.116847 -0.258045 0.457288
v -0.397155 -0.504901 -0.501180
v -0.372146 -0.495758 -0.462171
v 0.333030 -0.294500 -0.021699
v -0.037407 -0.310654 -0.535269
v 0.294089 -0.393531 0.343125
v 0.301707 -0.416072 0.331176
v -0.529346 -0.125605 0.187364
v -0.520928 -0.119783 0.193665
v 0.448054 -0.485844 0.007314
v -0.511811 -0.398480 -0.280511
v 0.027156 -0.319694 0.206003
v 0.042728 -0.301438 0.213551
v 0.456646 0.353489 0.562712
v 0.454220 0.386147 0.577383
v 0.006017 -0.579997 0.722652
v -0.069628 -0.229519 -0.069541
v -0.111657 -0.227604 0.027444
v 0.149159 -0.004556 0.245775
v 0.214650 -0.033702 0.348915
v -0.481190 -0.219578 0.115237
v 0.361301 -0.271888 0.128398
v 0.071856 -0.365840 0.142892
v -0.223877 -0.316558 -0.351838
v 0.081229 -0.509075 -0.484863
v 0.394606 0.150377 0.595743
v -0.472631 -0.414540 -0.167987
v -0.079586 -0.280829 -0.270433
v -0.056800 -0.280925 -0.248182
v 0.206192 -0.001204 0.552744
v 0.066492 -0.249699 -0.157082
v 0.022005 -0.339098 0.199019
v 0.126794 0.472990 0.344387
v 0.468635 0.339287 0.576422
v 0.375872 -0.377534 -0.031934
v 0.379561 -0.382059 -0.061015
v 0.488602 -0.544410 0.015268
v -0.257685 -0.358818 -0.499867
v -0.500480 -0.259277 0.034377
v -0.055603 -0.746808 -0.785688
v -0.098666 -0.150273 0.752034
v -0.064821 -0.155963 0.769298
v 0.109625 -0.422564 -0.729697
v -0.014285 -0.254447 0.564030
v 0.191817 -0.244468 0.213370
v 0.288769 -0.417738 -0.111584
v 0.198485 -0.537375 0.600425
v -0.309001 -0.268616 -0.140324
v -0.287867 -0.282103 -0.153722
v -0.185981 -0.215294 0.366570
v 0.423682 0.489380 0.568159
v 0.438578 0.451336 0.559003
v 0.033998 -0.283579 0.523547
v 0.045249 -0.250163 0.523937
v 0.153133 -0.374293 0.014534
v -0.420505 -0.698210 -0.761216
v 0.347306 -0.525185 -0.981038
v 0.285116 -0.477491 0.409640
v 0.196793 0.049216 0.377787
v -0.297804 -0.387887 -0.581823
v 0.294641 -0.407773 -0.504858
v 0.210672 -0.260214 -0.088577
v -0.480133 -0.363421 -0.233650
v -0.463265 -0.347059 -0.220108
v 0.479619 -0.487058 0.081516
v 0.335674 0.748995 0.401068
v 0.366300 0.734698 0.433258
v 0.345027 0.749843 0.421304
v 0.378305 0.670389 0.400647
v -0.177145 0.297544 0.351933
v 0.243718 -0.203569 0.125200
v 0.413785 0.186851 0.568592
v 0.408743 0.188831 0.570340
v -0.068671 -0.406864 0.180165
v 0.116668 0.030549 0.713336
v 0.011804 -0.394504 -0.614830
v 0.024829 -0.401699 -0.640278
v -0.521602 -0.357632 -0.215830
v -0.307575 -0.002806 0.437029
v -0.175078 -0.341876 -0.378820
v -0.095319 0.631859 0.976784
v -0.006981 0.196488 0.496293
v 0.386414 -0.439889 -0.347365
v 0.389789 -0.449233 -0.374997
v 0.032993 -0.396224 0.058499
v 0.018933 -0.418014 0.021941
v 0.013859 0.204366 0.658862
v 0.028698 0.187520 0.702826
v -0.491918 -0.339640 -0.023262
v -0.500395 -0.316299 0.005569
v -0.072694 -0.421398 -0.043323
v -0.035308 0.187699 0.277640
v 0.119373 -0.130406 0.233909
v 0.238655 -0.503014 -0.297389
v -0.485653 0.616930 0.448772
v -0.487045 -0.351235 -0.031991
v -0.472337 -0.356240 -0.037333
v 0.011213 -0.344413 0.190419
v -0.477471 -0.604057 -0.583506
v -0.479576 -0.625383 -0.623168
v -0.490513 -0.407827 -0.152582
v 0.085143 -0.217115 -0.008266
v 0.080611 -0.213587 0.025900
v 0.342617 -0.399769 -0.343387
v 0.327347 -0.245791 0.102978
v -0.041599 0.130795 0.239855
v 0.050538 -0.314241 0.287651
v 0.327622 -0.513043 -0.125324
v -0.176230 0.341540 0.356258
v -0.121111 0.353765 0.356870
v -0.031880 0.192475 0.726258
v 0.409780 -0.690266 -0.798511
v 0.337662 -0.239684 0.154150
v 0.292145 -0.469837 -0.188356
v 0.290343 -0.474552 -0.186911
v 0.197321 -0.746912 -0.764863
v 0.223812 -0.749999 -0.775127
v 0.061122 -0.341682 0.147494
v 0.055901 -0.346537 0.144795
v 0.067647 -0.345312 0.152075
v -0.465820 -0.491629 -0.388089
v -0.376031 0.559558 0.671312
v -0.145954 -0.460632 -0.260778
v 0.090025 -0.298774 -0.271717
v 0.402477 0.654883 0.475301
v 0.409713 0.620954 0.461573
v 0.051916 0.371570 0.368300
v 0.492509 -0.525202 -0.003845
v -0.503177 -0.316929 -0.071992
v -0.503540 -0.340011 -0.123221
v 0.089347 -0.052904 0.746262
v -0.302772 -0.487482 -0.432693
v -0.491127 -0.433123 -0.432886
v -0.147104 -0.434489 -0.780092
v -0.135043 -0.426914 -0.749123
v -0.414449 -0.721186 -0.755725
v -0.398583 -0.729660 -0.753657
v 0.278798 -0.411532 -0.461993
v -0.435701 -0.532599 -0.928499
v -0.439761 -0.564885 -0.913054
v -0.499197 -0.559788 -0.551154
v -0.489162 -0.563539 -0.554982
v -0.062837 0.177410 0.774060
v 0.385438 -0.409947 -0.153758
v -0.248669 -0.360731 -0.366791
v -0.134320 -0.244345 -0.125559
v -0.253582 -0.532147 0.607403
v 0.054417 0.086841 0.308174
v 0.060727 0.060960 0.274380
v -0.183338 -0.320284 -0.398279
v -0.173657 -0.322197 -0.379562
v -0.002844 -0.744344 -0.788568
v -0.016719 -0.736757 -0.776949
v -0.248495 -0.510902 -0.500760
v -0.181467 -0.512667 -0.510054
v -0.456125 -0.408113 -0.147095
v -0.081474 -0.485031 -0.359168
v -0.054232 -0.476272 -0.330065
v -0.494208 -0.589453 -0.531155
v -0.314678 -0.361178 -0.468703
v -0.497423 -0.393846 -0.212850
v -0.310393 -0.514563 -0.836047
v -0.477309 -0.680337 -0.786233
v 0.238827 -0.407674 -0.114952
v -0.152473 -0.239104 0.329181
v -0.386984 -0.738373 -0.780309
v 0.129095 -0.530098 -0.770926
v -0.485085 -0.325199 0.170431
v -0.094067 -0.375455 0.528467
v 0.102065 0.155287 0.353386
v 0.122493 0.164248 0.343020
v 0.046269 -0.451009 -0.250825
v 0.035525 -0.460891 -0.265390
v 0.307821 0.123700 0.559585
v 0.319398 0.120693 0.567196
v -0.488344 -0.327223 -0.135373
v -0.413674 0.116535 0.580736
v -0.409488 0.119542 0.578699
v 0.349474 -0.748355 -0.753931
v 0.367036 -0.741140 -0.751033
v -0.245260 0.070870 0.582730
v -0.103115 0.367408 0.362334
v -0.489979 -0.664995 -0.844120
v 0.221603 -0.365313 -0.399873
v -0.282039 -0.534902 -0.747294
v -0.446510 -0.099092 0.276916
v 0.117244 0.398995 0.362882
v -0.328147 -0.506050 -0.488097
v 0.456556 0.381789 0.534414
v 0.032761 -0.262386 0.301119
v -0.074175 -0.374451 0.532430
v -0.072480 -0.354607 0.562532
v -0.262778 -0.515958 0.556456
v 0.453639 -0.524050 -0.049471
v -0.515715 -0.422091 -0.302953
v 0.285248 -0.511432 -0.548259
v 0.315475 -0.508591 -0.525983
v -0.199617 -0.752638 -0.764661
v -0.487338 -0.440570 -0.338851
v -0.478406 -0.449399 -0.361095
v 0.379090 -0.332231 -0.003397
v 0.384976 -0.347157 0.015436
v 0.096645 -0.366752 0.108038
v 0.055878 -0.540158 -0.700269
v 0.056777 -0.541824 -0.737805
v 0.062148 -0.546420 -0.718292
v 0.217143 -0.498020 -0.341629
v 0.334496 -0.478419 -0.407650
v 0.194251 -0.102450 0.384412
v -0.054905 -0.380119 -0.601633
v -0.044482 -0.377316 -0.579599
v -0.023115 -0.368932 -0.582355
v -0.020065 -0.371430 -0.605581
v -0.472804 -0.312647 0.145152
v 0.216613 0.748834 0.294614
v -0.116467 0.632590 0.969247
v -0.084092 0.619005 0.984091
v -0.096567 0.631945 0.979760
v 0.480963 -0.486420 0.030636
v 0.021022 -0.276546 0.310742
v -0.002396 -0.305315 0.334181
v 0.151416 -0.555539 -0.425118
v -0.488713 -0.594329 -0.556464
v -0.417606 -0.250047 -0.036338
v -0.468462 -0.265858 -0.039826
v 0.416101 0.604995 0.495015
v 0.420886 0.588414 0.479656
v 0.346225 -0.317258 0.134878
v 0.234616 0.051638 0.471322
v -0.220632 0.619057 0.858883
v 0.092835 -0.336045 -0.387796
v 0.052565 -0.324313 -0.352837
v -0.022137 0.217140 0.319544
v -0.017264 0.192503 0.319996
v 0.531387 -0.529575 0.074443
v 0.521066 -0.551511 0.076604
v 0.538648 -0.505314 0.094553
v -0.161693 -0.446804 -0.159271
v -0.148597 0.229908 0.359063
v -0.448354 -0.541382 -0.732592
v -0.417749 -0.544030 -0.767675
v -0.222903 -0.384869 0.114900
v 0.442543 0.462346 0.544031
v -0.001631 -0.538319 -0.740757
v 0.048281 -0.540053 -0.729684
v -0.035099 -0.273435 -0.208299
v 0.392682 0.635787 0.433878
v 0.402998 0.598513 0.435133
v -0.498477 -0.626559 -0.661207
v -0.493762 -0.630946 -0.691910
v -0.004588 -0.403244 -0.659281
v -0.065011 -0.444521 -0.816368
v 0.043538 -0.453100 -0.176360
v -0.541892 -0.267194 0.004193
v -0.062309 -0.517873 -0.574299
v -0.044070 -0.524756 -0.626743
v 0.098160 -0.467462 -0.834456
v -0.363109 0.059937 0.520653
v -0.356519 0.032950 0.511678
v -0.096750 -0.314605 0.322684
v -0.104724 -0.315331 0.359024
v -0.327179 -0.535208 -0.681669
v -0.290646 -0.530935 -0.658598
v 0.220324 -0.205902 0.078285
v -0.541584 -0.229144 0.079061
v -0.566097 -0.232560 0.052117
v -0.065925 0.207113 0.527479
v -0.527514 -0.378210 -0.278233
v 0.184837 -0.502340 -0.393658
v -0.480591 -0.552827 -0.530567
v -0.098604 0.444095 0.354287
v -0.276543 -0.026440 0.329164
v 0.189368 -0.425490 -0.142849
v 0.360457 -0.404397 -0.099465
v 0.035781 -0.292379 0.152792
v 0.048596 -0.324111 0.150834
v 0.065513 -0.297372 0.156446
v -0.523591 0.302840 0.610777
v -0.520847 0.238429 0.609116
v 0.069991 -0.543495 -0.663857
v -0.303848 -0.416422 -0.686526
v 0.426333 -0.663106 -0.805853
v 0.173193 -0.224257 0.197210
v -0.185885 -0.116308 0.179661
v -0.032638 -0.119222 0.126510
v -0.012206 -0.128003 0.126938
v 0.053970 -0.184701 0.089577
v 0.094610 -0.178740 0.114737
v 0.086233 -0.189881 0.088713
v 0.303549 0.750272 0.335210
v 0.148630 -0.262607 0.208562
v -0.508353 0.320361 0.550205
v -0.147141 -0.479203 -0.856346
v -0.200779 -0.371490 -0.506575
v 0.280520 -0.748870 -0.772196
v -0.277302 -0.274826 -0.169353
v -0.389182 -0.482141 -0.433277
v 0.299089 0.547342 0.677404
v 0.199671 -0.061597 0.578582
v 0.169612 -0.070337 0.633494
v -0.155820 0.178444 0.611552
v -0.184522 0.153386 0.606020
v -0.146029 -0.415600 -0.709998
v 0.239620 -0.200194 0.183444
v 0.249169 -0.205992 0.186500
v 0.166107 0.125768 0.495729
v -0.119292 0.024715 0.206998
v -0.126375 -0.269672 0.490726
v 0.298306 -0.473454 -0.393781
v 0.237567 -0.481454 -0.421692
v -0.362332 -0.460012 0.483181
v 0.316867 0.542732 0.662008
v -0.015418 -0.409441 -0.686140
v 0.033712 0.395516 0.363335
v 0.041123 0.425388 0.353953
v 0.050270 0.393727 0.361826
v 0.217780 -0.493322 -0.319897
v 0.244692 -0.491600 -0.290578
v 0.258943 -0.220968 0.186647
v 0.093852 0.584558 0.945466
v -0.288425 0.022549 0.493229
v -0.367296 -0.321311 -0.271929
v 0.015276 0.188182 0.485548
v 0.057571 0.165553 0.459219
v 0.003856 0.186680 0.470660
v -0.459820 -0.579478 -0.918534
v -0.446735 -0.561455 -0.934348
v 0.221981 0.042299 0.498491
v 0.221128 0.028387 0.486980
v 0.090467 -0.466513 -0.286349
v 0.147506 -0.461035 -0.255493
v -0.134294 -0.279968 -0.246052
v -0.169325 -0.739781 -0.782517
v -0.205144 -0.299682 -0.413955
v -0.213863 -0.301779 -0.384311
v 0.144743 0.662542 0.302338
v -0.319225 0.031875 0.459970
v 0.198143 0.065146 0.489223
v -0.408362 0.141469 0.542573
v -0.087801 -0.418706 -0.115863
v -0.061746 -0.384824 -0.613185
v 0.125171 -0.314387 -0.316748
v -0.242780 -0.174913 0.204426
v -0.234000 -0.188161 0.199932
v -0.231332 -0.126140 0.249864
v -0.225122 -0.146925 0.232282
v -0.490345 -0.510338 -0.466269
v -0.489830 -0.493832 -0.440294
v -0.051334 -0.756435 -0.777502
v 0.061765 0.195147 0.600454
v 0.087113 0.168649 0.648069
v -0.474895 -0.340555 -0.142327
v 0.345218 -0.493912 -0.138418
v 0.353117 -0.524575 -0.103030
v -0.204163 0.243366 0.354851
v -0.203742 0.304316 0.354509
v -0.058688 0.309744 0.361064
v -0.040703 0.317192 0.366874
v -0.332791 -0.394228 -0.078731
v -0.362582 -0.397286 -0.118231
v -0.315975 -0.398788 -0.102354
v -0.405372 -0.090688 0.341157
v -0.057979 -0.302255 -0.346501
v -0.064652 -0.333192 -0.381492
v 0.238134 -0.515442 -0.223322
v 0.021094 -0.426797 -0.153886
v 0.525076 -0.473083 0.080888
v 0.005595 -0.413547 -0.693225
v -0.031407 -0.268950 -0.322523
v 0.473590 -0.493419 0.078238
v 0.371970 -0.594104 -0.945547
v 0.393049 -0.623271 -0.931778
v 0.249438 -0.734902 -0.802518
v 0.275000 0.032057 0.503931
v 0.270306 0.010549 0.487328
v -0.235955 -0.451452 -0.186944
v -0.271657 -0.440245 -0.213687
v -0.421755 -0.232182 0.011469
v -0.231476 -0.532169 -0.644525
v 0.074773 0.110027 0.337793
v -0.113890 -0.307743 -0.445040
v -0.045140 -0.236935 -0.177778
v -0.051852 -0.234523 -0.135360
v -0.375882 -0.449913 -0.717217
v -0.340427 -0.447862 -0.746254
v -0.473199 -0.623131 -0.879137
v -0.487509 -0.652821 -0.858499
v -0.305854 -0.004380 0.487094
v -0.277307 -0.505129 0.526654
v -0.298093 -0.500109 0.546038
v 0.098373 -0.281628 -0.218097
v 0.146244 -0.287823 -0.219117
v 0.039596 0.584836 0.980157
v -0.221589 0.616971 0.862846
v 0.209869 -0.533634 0.559014
v 0.041894 0.584746 0.976230
v 0.093496 0.584085 0.942170
v 0.065724 0.585003 0.966288
v 0.431425 -0.502390 0.018500
v 0.381130 -0.457435 -0.465635
v 0.090635 -0.366139 -0.493447
v 0.203587 -0.491001 -0.343352
v 0.233494 -0.467385 -0.244354
v 0.200982 -0.494839 -0.293911
v -0.293845 0.741281 0.322344
v -0.546012 -0.153898 0.155972
v -0.095788 -0.357584 0.561874
v -0.095548 -0.323200 0.568815
v 0.284220 -0.495843 -0.168439
v 0.296228 -0.490311 -0.204245
v 0.308373 -0.493223 -0.187900
v -0.362770 -0.065927 0.402352
v -0.201192 0.619295 0.883311
v 0.120353 -0.351652 -0.420121
v 0.098659 -0.358982 -0.453078
v 0.179646 0.634431 0.331596
v 0.170257 0.647062 0.327399
v 0.182131 -0.214924 0.057850
v -0.149268 -0.513313 -0.488405
v -0.145174 -0.569933 0.735804
v -0.125752 -0.572335 0.741341
v -0.045910 0.081455 0.211642
v 0.411882 -0.485111 -0.060504
v 0.460079 -0.493547 -0.028697
v 0.417988 -0.490763 -0.070253
v 0.230611 -0.005359 0.486896
v -0.232386 -0.533693 -0.814991
v -0.467638 0.161670 0.585490
v -0.435828 -0.407978 -0.151246
v -0.404332 -0.545981 -0.732878
v -0.408513 -0.542766 -0.694044
v -0.006416 0.111264 0.258650
v -0.485891 -0.390406 -0.232974
v -0.369302 0.037170 0.536937
v 0.070907 -0.341699 -0.411809
v 0.064366 -0.334967 -0.386635
v -0.462778 -0.276636 -0.090771
v -0.501913 -0.672443 -0.698779
v 0.061069 -0.411454 -0.092975
v 0.006167 -0.531878 -0.682718
v 0.027020 -0.531395 -0.665544
v 0.115541 -0.442214 -0.774532
v 0.091885 0.184474 0.575498
v -0.481525 -0.562868 -0.475703
v 0.148957 -0.074269 0.663221
v 0.229124 -0.519633 0.509890
v 0.511314 -0.505167 0.081803
v 0.238404 -0.026100 0.477193
v 0.166433 0.708631 0.307362
v 0.152444 0.677885 0.308146
v -0.036159 -0.602041 0.749016
v -0.122978 -0.514201 -0.499558
v -0.003755 -0.267537 0.494094
v -0.029811 -0.282405 -0.288527
v -0.417564 -0.295034 -0.148575
v 0.205333 -0.747607 -0.786345
v 0.474439 -0.548377 0.029802
v -0.163148 -0.371745 -0.471204
v -0.182532 -0.367469 -0.488234
v -0.176704 -0.383532 -0.484557
v -0.008121 -0.199277 0.723332
v 0.252663 -0.459610 -0.215637
v 0.268610 -0.462799 -0.197275
v -0.513233 -0.381622 -0.128763
v -0.510326 -0.393573 -0.171019
v -0.502948 -0.399058 -0.140726
v -0.420282 -0.329826 0.268957
v -0.155015 -0.343801 -0.425573
v -0.161868 -0.360165 -0.433711
v -0.029304 -0.278957 -0.452800
v -0.115812 -0.323450 0.398838
v 0.389532 -0.596081 -0.959479
v 0.078344 -0.163502 0.188757
v 0.089276 -0.153999 0.192799
v 0.078525 -0.181398 0.200289
v -0.014946 -0.424125 0.022106
v 0.297582 -0.479747 -0.202176
v 0.313797 -0.473472 -0.189895
v 0.414045 0.169288 0.595733
v 0.369751 0.167127 0.564882
v 0.392733 0.154075 0.597318
v 0.056212 -0.534757 -0.754737
v -0.531384 -0.222817 0.089053
v 0.010530 0.214080 0.624646
v -0.486893 -0.358765 -0.056997
v -0.284138 -0.122695 0.499072
v -0.272938 -0.166817 0.485290
v -0.029338 0.204417 0.502401
v -0.548681 -0.365314 -0.220913
v 0.228669 -0.006963 0.441509
v -0.008490 -0.255642 -0.164293
v 0.026165 -0.247935 -0.146361
v 0.028539 -0.258235 -0.181852
v -0.078526 -0.354711 -0.510401
v 0.096874 -0.135554 0.201329
v 0.122976 -0.259603 -0.148103
v 0.472867 0.253801 0.593009
v 0.473424 0.294440 0.585378
v 0.031828 0.128717 0.346718
v 0.004832 -0.225840 0.690985
v -0.489802 -0.495160 -0.390280
v -0.474724 -0.487803 -0.383856
v -0.465768 -0.522137 -0.552199
v 0.029390 -0.221238 0.680809
v 0.128609 -0.178783 0.136063
v 0.158101 -0.203621 0.092641
v -0.347656 -0.069463 0.448803
v -0.085839 -0.517390 -0.836502
v 0.004637 -0.375157 0.464073
v 0.091875 -0.372245 0.064595
v 0.222324 -0.541712 -0.700350
v 0.273264 -0.533886 -0.662963
v -0.488685 -0.598340 -0.612390
v 0.192732 -0.022062 0.301911
v -0.261780 0.685930 0.320125
v -0.243290 0.687780 0.309337
v -0.477806 -0.458344 -0.283392
v -0.470416 -0.448409 -0.244414
v -0.055934 0.102879 0.246394
v -0.089907 0.091046 0.257348
v -0.050837 -0.246036 -0.263878
v -0.118718 -0.568656 0.736670
v -0.244352 -0.743372 -0.776279
v 0.017029 -0.253978 0.601430
v 0.116518 -0.136574 0.663443
v -0.064677 -0.277912 -0.181874
v -0.266166 -0.354152 -0.395609
v -0.046381 -0.280036 -0.503661
v -0.043649 -0.297466 -0.511138
v 0.120787 -0.034913 0.704179
v 0.246607 -0.328857 0.114218
v 0.332384 -0.322747 0.129538
v -0.399725 -0.286443 -0.140251
v -0.238437 -0.427274 -0.739560
v 0.159234 0.616899 0.880918
v -0.539281 -0.224882 0.015398
v -0.288814 -0.353459 -0.434332
v 0.239505 -0.190078 0.190475
v -0.456764 -0.268509 0.043423
v -0.142541 -0.164994 0.128227
v -0.486503 -0.356852 -0.010034
v 0.053934 0.194591 0.625711
v -0.053361 -0.244262 -0.135396
v -0.452559 -0.590246 -0.905494
v -0.151677 -0.754140 -0.803144
v -0.306033 -0.316551 0.174282
v -0.216256 0.095944 0.376198
v -0.194154 0.124448 0.411312
v -0.333749 -0.266499 0.206892
v -0.116260 -0.291244 0.483670
v 0.018301 -0.324031 0.197610
v 0.149089 0.496111 0.339141
v -0.308857 -0.484724 -0.406787
v 0.396514 -0.495063 -0.087244
v 0.466316 -0.517814 0.076796
v -0.107113 0.272229 0.361955
v 0.007598 -0.506233 -0.484985
v 0.257715 -0.509834 -0.796050
v -0.041901 -0.306109 0.565750
v -0.409031 -0.401426 -0.424010
v -0.448098 -0.425444 -0.432078
v 0.189359 0.080867 0.502817
v 0.112323 0.181954 0.527435
v 0.356502 -0.405664 -0.282645
v 0.074030 -0.471784 -0.300073
v -0.384167 0.753741 0.340540
v -0.353860 0.761714 0.325823
v -0.343317 0.755943 0.342775
v -0.519506 0.391427 0.586563
v -0.481880 -0.467126 -0.538429
v -0.481707 -0.682875 -0.752487
v -0.474944 -0.684867 -0.759690
v -0.473596 -0.686847 -0.757328
v -0.499607 -0.361835 -0.181706
v 0.463000 0.300323 0.594226
v -0.164522 -0.368997 0.243799
v 0.344272 -0.480780 -0.120902
v 0.016148 -0.255922 0.518948
v 0.069160 -0.019686 0.194265
v -0.319429 -0.414058 -0.134138
v -0.259483 -0.405911 -0.093383
v -0.053425 0.144880 0.300424
v -0.081064 0.113870 0.283588
v -0.222779 -0.210760 0.011648
v -0.217683 -0.222731 -0.035354
v -0.047386 -0.261997 0.567976
v -0.287849 -0.028943 0.533877
v 0.383249 -0.352510 -0.023061
v 0.163224 0.071916 0.624296
v -0.522750 -0.422243 -0.289905
v -0.242079 -0.468235 -0.826120
v 0.000328 -0.231418 -0.100819
v 0.273735 -0.384878 -0.381453
v 0.220156 -0.354752 0.059573
v -0.212301 -0.237775 -0.078671
v -0.004070 -0.572820 0.726036
v 0.412477 -0.640411 -0.878085
v -0.187040 0.077855 0.704070
v 0.150891 -0.571423 0.657303
v -0.485181 -0.361355 -0.143535
v -0.189818 0.131448 0.372934
v 0.203205 -0.358286 -0.422756
v 0.050623 -0.752267 -0.790799
v 0.112283 -0.757606 -0.783761
v 0.398033 -0.707663 -0.800979
v -0.138577 -0.199407 0.093170
v -0.490271 -0.332129 -0.162385
v -0.067064 0.275554 0.355501
v -0.084240 0.255270 0.364292
v -0.033700 -0.209376 -0.003881
v 0.057627 -0.533709 -0.650144
v -0.128182 -0.237996 -0.091575
v -0.112803 -0.228143 -0.058688
v 0.014672 -0.333915 0.366042
v 0.231032 -0.023526 0.481987
v -0.344952 -0.485814 0.470200
v -0.448191 -0.578408 -0.901429
v -0.189346 -0.373754 -0.417211
v -0.187692 -0.376885 -0.433321
v -0.357035 -0.461379 0.492902
v 0.253200 -0.436125 -0.151007
v -0.099550 -0.386759 -0.595389
v 0.116744 0.165043 0.354156
v 0.104164 0.149179 0.362830
v 0.127426 0.154328 0.356819
v -0.466709 -0.397265 -0.340966
v 0.187416 -0.511339 -0.315991
v 0.174824 -0.516144 -0.345028
v 0.171013 -0.345815 -0.373444
v -0.453853 -0.503789 -0.380890
v 0.265170 -0.403744 -0.102469
v 0.043602 -0.508822 -0.834849
v -0.511286 0.491361 0.523954
v 0.378757 0.698299 0.431281
v -0.479235 -0.422487 -0.387573
v 0.396354 -0.471515 -0.434797
v 0.202432 -0.528248 -0.628754
v 0.236504 0.050673 0.467580
v 0.246140 0.031636 0.481172
v -0.296359 -0.110726 0.460716
v -0.493035 -0.670450 -0.842418
v -0.548316 -0.288168 -0.114774
v -0.263795 -0.161725 0.174947
v -0.265103 -0.174597 0.136907
v 0.356712 -0.532185 -0.676493
v -0.047905 0.238092 0.318332
v -0.299586 0.091921 0.450821
v -0.286041 0.051355 0.443557
v 0.193485 -0.500666 -0.388588
v 0.200142 -0.734333 -0.808126
v 0.122633 -0.735405 -0.803446
v 0.448301 0.434799 0.514663
v 0.270928 -0.399215 -0.503708
v 0.259081 -0.398316 -0.540811
v -0.354939 -0.512283 -0.817556
v -0.157985 -0.405596 0.094149
v -0.107630 -0.425606 0.072935
v 0.029151 -0.282843 0.197224
v 0.023384 -0.260096 0.171392
v 0.018220 -0.351859 0.320293
v 0.013234 -0.345286 0.292743
v -0.480287 -0.650902 -0.690750
v -0.472431 -0.661633 -0.684661
v 0.387093 -0.723095 -0.784283
v -0.418860 0.520419 0.623210
v -0.293251 -0.360627 0.096666
v -0.213055 0.678156 0.301912
v 0.085333 0.105945 0.330676
v 0.128079 0.103590 0.350487
v 0.423323 -0.507153 -0.075709
v 0.438082 -0.506608 -0.063910
v -0.003355 -0.458616 -0.178052
v -0.120259 -0.279398 -0.224561
v -0.096000 -0.285908 -0.205842
v -0.353238 0.773090 0.396144
v -0.178330 -0.472153 -0.851687
v -0.450020 -0.386480 -0.113220
v -0.229799 0.575502 0.804899
v 0.131366 -0.304677 -0.280359
v -0.488560 -0.424590 -0.305052
v -0.493096 -0.370099 -0.044823
v -0.491250 -0.378346 -0.068576
v -0.068101 -0.414771 0.130246
v -0.126389 0.196255 0.629096
v 0.179041 -0.519159 0.558057
v -0.183493 -0.389797 -0.550682
v -0.183467 -0.388006 -0.540627
v -0.345912 -0.099666 0.451010
v -0.459737 -0.378226 -0.299153
v -0.050989 -0.249760 -0.119095
v -0.057690 -0.242985 -0.103261
v -0.165207 -0.240117 0.392362
v -0.509589 -0.390054 -0.353540
v -0.261977 -0.259660 -0.121757
v 0.118213 -0.200375 0.080856
v 0.144220 -0.542589 -0.523865
v 0.149098 -0.543133 -0.497346
v 0.128144 -0.563205 -0.530331
v 0.061945 0.596865 0.967281
v -0.141152 0.188401 0.573673
v -0.034766 -0.333459 -0.462409
v 0.271497 -0.220861 0.174167
v -0.399037 -0.238662 -0.019407
v -0.267120 -0.739916 -0.795443
v 0.334534 -0.355318 0.052379
v -0.069442 0.159246 0.428267
v 0.268362 -0.495393 -0.149922
v 0.216114 -0.086982 0.445825
v -0.150188 -0.387876 -0.589652
v -0.121799 -0.391665 -0.603496
v 0.299716 -0.444498 -0.673311
v 0.335343 -0.448940 -0.644415
v 0.293096 -0.414165 -0.439338
v -0.419401 -0.726112 -0.769129
v -0.172028 0.293497 0.356458
v -0.001062 -0.242903 0.661424
v 0.170630 0.609922 0.858845
v 0.185748 0.597809 0.833194
v -0.199915 -0.477215 -0.329620
v 0.075991 -0.744832 -0.773897
v -0.099335 -0.276671 0.407863
v 0.129726 -0.523494 -0.556008
v 0.154492 -0.517418 -0.521069
v -0.391034 -0.526774 -0.625325
v -0.533910 -0.218093 0.043646
v -0.013138 -0.452734 -0.835402
v -0.494680 -0.602525 -0.570798
v -0.229104 0.116804 0.514451
v -0.201764 0.142294 0.554199
v -0.013183 -0.417266 0.050010
v -0.064244 -0.333797 -0.407016
v -0.263212 -0.392350 0.002880
v -0.217824 -0.388130 -0.550141
v -0.513525 -0.619967 -0.642085
v -0.019226 -0.332124 -0.451294
v -0.023550 -0.352720 -0.474160
v 0.089023 -0.357721 0.132791
v -0.137085 -0.236441 0.607336
v -0.072518 0.308663 0.349992
v 0.374110 -0.311566 0.022831
v -0.013720 0.203564 0.441855
v -0.041911 0.215922 0.434095
v 0.089239 0.123820 0.357200
v 0.015322 0.329938 0.368228
v -0.332712 -0.517730 0.511133
v -0.302579 -0.521276 0.553431
v 0.219217 -0.460562 -0.228541
v 0.282943 0.037573 0.516571
v -0.156168 -0.041907 0.777258
v -0.195817 -0.381646 -0.412784
v 0.371690 0.527943 0.611065
v 0.161744 -0.089984 0.259327
v -0.445748 -0.112157 0.313781
v 0.396263 0.508655 0.590788
v 0.410678 0.501118 0.575686
v -0.339558 -0.283246 -0.166264
v 0.300994 0.114584 0.564700
v -0.201807 0.299280 0.357799
v -0.105316 -0.331909 -0.370509
v -0.026991 0.138225 0.241911
v -0.023482 0.102776 0.211944
v -0.233245 -0.518274 -0.524999
v -0.040852 -0.287411 -0.529964
v -0.034222 -0.307136 -0.578036
v -0.041006 -0.304277 -0.552100
v 0.514705 -0.526738 0.127116
v 0.052403 -0.745647 -0.766240
v -0.082119 -0.571205 0.743679
v -0.104991 -0.416008 0.129265
v -0.095795 -0.431666 0.051695
v -0.513147 -0.334954 -0.117107
v 0.109476 -0.540420 -0.574488
v 0.133894 -0.552570 -0.498585
v 0.125526 -0.551547 -0.518662
v 0.415030 0.583068 0.489835
v 0.105441 0.262821 0.360108
v 0.122112 0.300334 0.362985
v -0.115197 0.444876 0.363313
v 0.517134 -0.541939 0.083463
v 0.512120 -0.532700 0.081904
v 0.165518 -0.380003 -0.544072
v 0.212740 -0.381043 -0.520197
v -0.470669 -0.602786 -0.913472
v -0.012990 -0.506766 -0.460054
v -0.498301 -0.332541 0.006400
v -0.038702 -0.493481 -0.431546
v -0.226052 -0.162428 0.206287
v 0.145986 0.040567 0.656884
v 0.484887 -0.493503 0.098527
v -0.494478 -0.338110 -0.061134
v -0.485465 -0.340354 -0.093103
v -0.496917 -0.348802 -0.071258
v 0.022830 -0.326866 0.384276
v 0.020394 -0.325284 0.425737
v -0.295236 -0.753059 -0.767161
v -0.029465 -0.260761 -0.238018
v -0.355326 0.079947 0.515313
v 0.242579 -0.018506 0.481529
v -0.187506 -0.400801 -0.647016
v -0.322699 -0.337898 0.119616
v 0.401669 0.610090 0.456242
v 0.181994 -0.503836 -0.453849
v -0.463782 -0.287466 -0.001052
v -0.279145 -0.301418 -0.260344
v -0.114871 -0.162960 0.124092
v -0.288758 -0.397023 -0.069517
v 0.401706 -0.496263 -0.608997
v -0.478701 -0.464996 -0.434630
v 0.148904 -0.448264 -0.189096
v 0.193676 -0.437582 -0.189643
v -0.272851 0.031956 0.546424
v -0.248796 0.034975 0.609594
v -0.485983 -0.456898 -0.451729
v -0.029682 0.249859 0.356464
v -0.100188 -0.520751 -0.533744
v -0.270476 -0.071056 0.315986
v 0.028993 -0.270297 0.273893
v -0.417582 -0.066181 0.367809
v -0.167855 0.037909 0.225454
v -0.195465 0.056802 0.280575
v -0.526703 -0.404341 -0.254906
v -0.521872 -0.412963 -0.264360
v -0.162553 -0.295993 0.244809
v -0.311158 -0.759437 -0.767965
v 0.554219 -0.538918 0.064366
v 0.193448 -0.419427 -0.691437
v 0.003846 -0.328804 0.306454
v 0.232400 -0.269185 -0.077418
v 0.269474 -0.290128 -0.083203
v 0.087274 0.196551 0.344203
v 0.104306 0.186250 0.340790
v -0.514856 -0.407826 -0.282271
v 0.237913 0.062558 0.451759
v 0.235194 0.022969 0.444357
v -0.322973 -0.400503 -0.597769
v 0.336709 -0.338185 -0.129455
v -0.184517 -0.455506 -0.183280
v -0.460316 -0.475634 -0.665657
v 0.314350 -0.511405 -0.128028
v -0.406970 -0.522566 -0.592987
v -0.411543 -0.472772 -0.735849
v 0.169653 -0.511669 -0.414928
v -0.092263 -0.229285 -0.055683
v -0.531867 -0.356251 -0.281159
v -0.116404 -0.337331 -0.401136
v -0.135149 -0.329395 -0.393359
v -0.312703 -0.036741 0.486574
v -0.091514 -0.227603 -0.032219
v 0.042602 -0.353962 -0.391512
v -0.441996 -0.110560 0.293421
v 0.363993 -0.511527 -0.694318
v 0.047771 -0.511359 -0.461221
v 0.139835 -0.513887 -0.826823
v 0.078290 -0.351458 -0.432994
v 0.119671 -0.551279 -0.573573
v 0.114803 -0.541597 -0.621668
v -0.295237 -0.104361 0.476568
v -0.406245 -0.477733 -0.336786
v 0.318645 -0.496298 -0.992898
v 0.075221 -0.742832 -0.789526
v -0.203196 -0.418398 0.003475
v -0.497165 -0.294882 -0.049062
v -0.520745 -0.624021 -0.701278
v 0.014629 -0.356603 0.151778
v 0.027270 -0.350198 0.145516
v -0.323353 -0.067779 0.409431
v -0.152440 -0.292857 0.238005
v -0.239056 -0.158018 0.166462
v -0.462523 -0.425686 -0.181481
v -0.185055 -0.341522 -0.366635
v 0.185126 0.050755 0.332927
v -0.215628 -0.310008 -0.473951
v 0.336449 -0.511990 -0.731918
v 0.149812 -0.551815 0.650192
v -0.482831 -0.624054 -0.889710
v 0.058605 -0.355284 0.170569
v -0.154669 -0.361101 -0.458518
v -0.035633 -0.424662 -0.108808
v -0.360123 -0.487470 -0.439709
v -0.325221 -0.503270 -0.456745
v -0.323304 -0.374856 0.037290
v -0.303952 -0.387611 0.009615
v 0.511966 -0.544150 0.102749
v 0.075660 -0.237197 0.412129
v -0.477062 0.624046 0.414470
v -0.229679 -0.518420 -0.564566
v -0.319347 -0.480018 -0.348545
v -0.335270 -0.223155 0.217022
v -0.303636 -0.207486 0.207324
v -0.021757 -0.424254 -0.017396
v 0.051258 -0.458649 -0.190473
v 0.200926 -0.737410 -0.800419
v -0.030812 -0.318858 -0.419598
v 0.105856 -0.096496 0.708603
v 0.326019 -0.303538 -0.057701
v 0.073965 -0.538366 -0.729473
v 0.089722 -0.534466 -0.690238
v 0.338751 0.733352 0.355250
v -0.477564 -0.457300 -0.321454
v -0.361853 -0.441481 0.440199
v 0.203069 -0.442471 -0.206997
v 0.323528 -0.343647 -0.152104
v 0.360294 -0.369951 -0.151168
v 0.508251 -0.526084 0.098864
v -0.460673 -0.367627 -0.249656
v 0.119637 0.398995 0.364826
v 0.045887 -0.284758 0.210608
v 0.131791 -0.354416 0.092584
v 0.128666 -0.370586 0.041355
v 0.106466 -0.531304 -0.697061
v -0.024895 -0.417576 -0.718382
v 0.223545 -0.004865 0.439839
v 0.154048 -0.527567 -0.401603
v 0.273173 -0.319989 -0.168966
v -0.387435 -0.544599 -0.790397
v 0.247839 -0.504974 -0.222053
v -0.205574 0.196252 0.359413
v -0.199200 0.205137 0.356977
v 0.405768 -0.488897 -0.614969
v -0.518013 -0.640133 -0.781398
v -0.299110 0.001128 0.432915
v -0.039238 -0.315293 -0.436670
v -0.516399 -0.602608 -0.637594
v -0.508639 -0.605305 -0.612620
v 0.025351 -0.340480 0.378435
v 0.020498 -0.363065 0.379082
v -0.532547 -0.262977 -0.047151
v -0.079290 -0.331365 -0.417121
v -0.216420 -0.479585 -0.849978
v -0.240521 -0.482916 -0.846478
v 0.138470 -0.522274 -0.815132
v -0.428992 -0.105787 0.319580
v -0.036900 0.161636 0.253798
v -0.475728 -0.404892 -0.147229
v -0.478367 -0.411487 -0.328371
v -0.472763 -0.511553 -0.429582
v 0.228418 -0.508737 0.491947
v 0.256849 -0.503855 0.461191
v 0.263995 -0.505090 0.449907
v -0.391019 -0.261802 0.198511
v -0.534727 -0.231871 0.068399
v -0.151046 0.477670 0.352436
v -0.030892 -0.269871 -0.271249
v 0.370810 -0.347473 0.059934
v 0.397310 0.190205 0.559086
v -0.478672 -0.532117 -0.488149
v 0.143108 -0.444997 -0.775021
v -0.317672 -0.303788 -0.267026
v 0.524443 -0.566331 0.092729
v 0.418697 0.239858 0.538679
v -0.271766 -0.171563 0.475711
v -0.129377 0.223184 0.358965
v -0.510341 -0.323332 -0.086351
v -0.506710 -0.327269 -0.077536
v -0.110702 -0.749629 -0.797318
v -0.292660 -0.419704 -0.164922
v -0.322266 -0.094763 0.412625
v -0.288850 -0.194441 0.202133
v 0.212129 0.040540 0.446616
v 0.119264 -0.489916 -0.380463
v -0.463276 -0.438417 -0.468530
v -0.479954 -0.451123 -0.434130
v -0.255182 -0.031099 0.278819
v 0.371656 -0.299458 0.085556
v -0.027399 -0.295122 -0.508291
v 0.167609 0.111162 0.527490
v -0.182529 0.564542 0.326674
v -0.127031 0.249573 0.356053
v 0.164169 0.599922 0.861431
v -0.516123 -0.585394 -0.592359
v 0.146330 0.562009 0.849931
v -0.234800 -0.207702 0.465105
v 0.222754 -0.301989 0.171137
v 0.145488 -0.332671 0.144512
v 0.417208 -0.667062 -0.807511
v 0.408970 -0.707321 -0.750528
v -0.499135 -0.104134 0.228858
v -0.539776 -0.265089 -0.025446
v -0.310016 -0.015237 0.432677
v -0.296999 -0.035134 0.400239
v -0.494022 -0.671481 -0.755052
v -0.104070 -0.310115 0.503438
v -0.513344 -0.327445 0.082812
v -0.043872 -0.281841 -0.428767
v 0.224405 -0.363132 -0.367767
v -0.032876 0.207678 0.362682
v -0.341221 -0.385395 -0.023111
v -0.494351 -0.396970 -0.276009
v -0.403564 -0.707936 -0.769756
v -0.458834 -0.483337 -0.363259
v 0.310181 -0.431200 0.315358
v 0.220460 -0.473268 -0.788749
v 0.271359 -0.472714 -0.752644
v -0.017266 -0.532890 -0.784677
v -0.498392 -0.292373 0.073723
v 0.055490 0.416914 0.362837
v 0.009017 -0.355529 0.167942
v 0.124623 0.129206 0.400466
v -0.145782 -0.249460 0.530842
v -0.195260 -0.420626 -0.723312
v -0.126443 -0.298221 -0.305723
v -0.044845 -0.414822 -0.719328
v -0.500652 -0.417532 -0.408484
v -0.502387 -0.426091 -0.409646
v -0.497259 -0.647684 -0.729171
v -0.243992 0.070405 0.366310
v 0.446580 0.422245 0.513070
v -0.428926 -0.367804 -0.048396
v 0.428334 0.519651 0.553717
v -0.503082 0.503634 0.533002
v -0.151089 -0.413653 -0.046244
v -0.213327 -0.348602 -0.456320
v -0.231621 -0.359869 -0.449559
v 0.342065 0.155370 0.555075
v -0.479020 -0.507514 -0.453149
v -0.417570 -0.361600 -0.313421
v -0.026686 -0.245301 -0.133603
v 0.163516 0.604763 0.874868
v 0.401767 -0.482037 -0.521872
v -0.061074 -0.357758 -0.486244
v -0.433205 -0.730825 -0.738105
v -0.036253 -0.273250 -0.505027
v 0.394877 -0.466811 -0.548063
v 0.402208 -0.476247 -0.523034
v -0.170700 0.514392 0.329523
v -0.143891 0.465286 0.338575
v 0.019137 -0.419524 -0.134598
v -0.166716 0.477185 0.333505
v 0.396553 -0.503505 -0.020938
v -0.511672 0.422296 0.519851
v -0.511084 0.357394 0.542807
v -0.233973 -0.443632 -0.239857
v -0.514978 0.411282 0.521507
v -0.398948 -0.085977 0.389047
v 0.073347 -0.567888 0.690223
v -0.051823 -0.530467 -0.673033
v -0.346989 -0.319256 -0.278932
v -0.028577 -0.393505 0.413067
v -0.497814 -0.375620 -0.234717
v -0.265193 0.046921 0.373297
v 0.219119 0.002087 0.528715
v 0.224938 0.031675 0.524377
v 0.021387 -0.329140 0.470283
v -0.152922 0.605937 0.934796
v -0.112046 0.605567 0.967371
v 0.331558 0.744344 0.357407
v 0.277935 -0.385241 -0.364637
v 0.126790 0.236561 0.359162
v 0.166943 -0.240928 -0.050077
v 0.175720 -0.231106 -0.016860
v -0.120981 -0.379803 0.258049
v -0.263653 -0.509694 -0.485628
v 0.285129 -0.470168 -0.203314
v -0.097560 0.082144 0.824472
v -0.123924 0.048275 0.813558
v 0.121373 -0.476236 -0.834530
v 0.139984 -0.465701 -0.812837
v 0.156301 -0.485724 -0.829193
v 0.290076 0.535122 0.670212
v -0.484564 -0.421793 -0.309547
v 0.227300 -0.514781 -0.517310
v -0.234246 -0.182302 0.409150
v -0.503992 -0.388278 -0.270235
v -0.497574 -0.389189 -0.257181
v -0.486923 -0.384304 -0.256208
v -0.497228 -0.470339 -0.445615
v -0.489550 -0.340579 -0.009823
v -0.067041 -0.328871 -0.451417
v 0.113604 -0.068179 0.707088
v 0.158866 -0.532797 -0.663740
v 0.110327 -0.537010 -0.651025
v 0.364934 -0.451198 -0.592324
v 0.392447 -0.467076 -0.580915
v 0.391242 -0.476637 -0.620845
v -0.203678 -0.423144 0.026814
v -0.182923 -0.426645 0.038690
v -0.228221 -0.155355 0.209603
v -0.221434 -0.137295 0.228843
v 0.041804 0.112949 0.325908
v -0.309590 -0.372071 -0.525760
v -0.133582 0.405295 0.360435
v -0.090320 0.315361 0.358555
v 0.226981 -0.502338 -0.326716
v -0.309784 -0.040438 0.461434
v -0.261663 0.709795 0.329866
v 0.074944 -0.461236 -0.263416
v 0.005014 -0.279839 -0.258496
v 0.027803 -0.280558 -0.256217
v -0.414322 -0.302858 -0.196831
v -0.194833 -0.363338 -0.411546
v -0.256943 -0.532423 0.554988
v 0.402101 -0.633356 -0.924867
v 0.407250 -0.636323 -0.877064
v -0.054369 -0.505146 -0.486231
v -0.291922 -0.421503 -0.708611
v -0.280910 0.009977 0.355942
v 0.018404 -0.313113 0.154242
v -0.315108 -0.408146 -0.637666
v 0.233718 0.755104 0.301504
v -0.508057 -0.154719 0.160950
v -0.318990 -0.186737 0.188545
v 0.136336 -0.095152 0.216296
v 0.159566 -0.057014 0.251386
v -0.492078 -0.625083 -0.862199
v -0.157220 -0.427183 -0.745615
v 0.297556 -0.482441 -0.138500
v -0.004866 -0.278375 0.481722
v -0.232666 -0.436998 -0.763683
v -0.227985 -0.431798 -0.751355
v 0.397501 0.622577 0.420802
v -0.345171 0.058790 0.499713
v -0.197622 0.114970 0.375359
v -0.251827 -0.162555 0.523077
v -0.100081 -0.737092 -0.780098
v -0.331962 -0.106225 0.429550
v 0.212383 -0.053955 0.557146
v 0.226276 -0.043187 0.529837
v 0.085731 0.215588 0.360806
v 0.109226 0.205324 0.357869
v 0.120262 0.203690 0.354805
v 0.123667 -0.164918 0.172167
v -0.430637 -0.709881 -0.745685
v -0.196635 -0.552634 0.705283
v 0.012119 -0.453235 -0.830590
v -0.054831 -0.392591 0.281146
v 0.120733 -0.200958 0.178326
v -0.460896 0.688220 0.452729
v -0.338941 -0.515777 0.481719
v -0.334353 -0.498848 0.482213
v 0.239175 -0.258249 -0.033764
v -0.251882 0.731106 0.301016
v 0.183383 -0.558045 0.616879
v 0.324813 -0.735503 -0.788741
v -0.491624 -0.426647 -0.228608
v 0.195602 -0.550557 0.596883
v 0.005159 -0.482019 -0.385286
v -0.491188 -0.489325 -0.558072
v -0.111131 0.325188 0.358292
v 0.244196 -0.535755 -0.654454
v 0.159738 -0.011053 0.651776
v -0.337867 0.566499 0.705257
v 0.233212 -0.491664 -0.349987
v -0.142746 -0.041218 0.184806
v -0.122764 -0.413919 0.121318
v 0.254510 0.068331 0.523245
v 0.289823 -0.509582 -0.534142
v -0.254721 0.684824 0.322699
v -0.450160 -0.476617 -0.337688
v 0.302725 -0.516825 -0.983154
v 0.481202 -0.503453 0.071053
v -0.163560 0.081179 0.276504
v -0.337598 -0.516811 -0.558141
v -0.064517 -0.219752 -0.032594
v -0.283079 -0.068928 0.554731
v 0.019870 0.325720 0.368721
v -0.265711 -0.200139 0.030752
v 0.377956 -0.344594 -0.042933
v -0.113246 -0.535848 -0.677104
v 0.286231 -0.417559 -0.590271
v 0.009739 -0.277990 -0.238605
v 0.390290 -0.467281 -0.383433
v -0.500828 -0.300191 0.047487
v -0.461522 -0.286804 0.035623
v -0.350792 -0.483464 -0.423300
v -0.206184 -0.158177 0.276059
v 0.049948 0.106562 0.783335
v 0.329095 -0.301367 0.173768
v 0.174122 0.045181 0.603717
v -0.054300 -0.512959 -0.524370
v 0.248450 -0.297058 -0.138365
v -0.077602 -0.269747 0.518488
v -0.142198 -0.257763 0.248609
v -0.161386 -0.258361 0.241087
v 0.119998 -0.540940 -0.532227
v -0.422273 -0.496810 -0.489966
v -0.137768 0.299465 0.350888
v 0.064513 -0.746554 -0.783463
v -0.366084 -0.420585 0.404244
v -0.393816 -0.411141 0.385003
v 0.279922 -0.438041 -0.135118
v -0.454463 -0.340488 0.008067
v -0.548056 -0.320584 -0.100783
v -0.516084 -0.449587 -0.328260
v -0.509164 -0.473958 -0.366955
v -0.005732 -0.384932 0.359721
v 0.002511 -0.380412 0.397754
v 0.159941 -0.181160 0.152248
v 0.186735 -0.190000 0.129486
v -0.356416 -0.451894 0.456249
v 0.057010 -0.313274 0.226630
v 0.420556 0.566502 0.520901
v 0.143991 -0.562248 -0.475543
v 0.371287 -0.450269 -0.554085
v 0.269727 -0.491187 0.450920
v -0.478281 -0.533368 -0.662157
v -0.467839 -0.536180 -0.695377
v -0.443752 -0.545702 -0.699996
v -0.189113 -0.332161 -0.385659
v -0.484287 -0.088168 0.266947
v -0.475371 0.649460 0.472392
v -0.547865 -0.237592 -0.015201
v -0.522128 -0.382630 -0.303660
v 0.246195 -0.477088 -0.402829
v -0.165941 0.082912 0.754754
v 0.172654 -0.524885 -0.458488
v -0.333230 -0.741584 -0.785730
v -0.322798 -0.734405 -0.799041
v -0.151482 0.167929 0.484544
v 0.043679 0.166319 0.401956
v -0.487379 0.511232 0.550542
v 0.128515 -0.383694 -0.019879
v -0.500503 -0.619315 -0.573016
v 0.223806 -0.517878 -0.262368
v 0.350490 -0.262308 0.100021
v -0.293692 0.019399 0.409408
v 0.144633 0.144555 0.528984
v -0.467832 -0.322015 0.049576
v -0.232210 0.048173 0.301815
v -0.202213 0.093779 0.350239
v 0.364539 -0.467273 -0.275383
v 0.089952 -0.566346 0.690818
v -0.242115 -0.525816 -0.832135
v -0.169518 -0.309400 0.222817
v -0.468299 -0.509164 -0.493287
v -0.092455 0.303797 0.351196
v -0.252957 -0.472484 -0.313604
v 0.321242 -0.479160 -0.141214
v 0.082538 -0.313218 -0.326404
v 0.238571 0.057862 0.489271
v 0.231089 0.029839 0.488017
v 0.242383 0.024194 0.487757
v -0.249515 -0.223662 -0.042830
v 0.392205 -0.434933 -0.231226
v -0.293120 0.007531 0.492561
v -0.459857 -0.477016 -0.365157
v -0.035286 -0.266675 -0.239223
v 0.217416 -0.001270 0.412158
v -0.085867 -0.581102 0.753285
v -0.268606 0.713163 0.315965
v -0.261139 0.716978 0.308080
v -0.339134 0.012822 0.498653
v 0.186151 -0.220583 0.029125
v -0.197597 -0.401999 0.067917
v -0.447485 -0.710994 -0.751996
v 0.140653 -0.020698 0.234802
v -0.011040 0.095553 0.227660
v -0.307498 0.594053 0.751484
v 0.005839 -0.322055 -0.362287
v -0.271605 -0.353744 0.138269
v 0.416924 -0.679624 -0.785076
v 0.401675 -0.488314 -0.058253
v -0.491677 -0.530357 -0.494474
v -0.489569 -0.476326 -0.406256
v -0.214936 0.126698 0.567897
v 0.087776 -0.542311 -0.613404
v 0.088554 -0.338891 0.161442
v 0.070954 -0.349869 0.173724
v -0.348616 -0.071447 0.468132
v 0.208244 -0.493200 -0.340404
v -0.305378 -0.356165 -0.441008
v -0.454244 -0.248240 0.080744
v -0.450487 -0.263487 0.083870
v -0.512230 0.391736 0.563121
v -0.443700 -0.229585 0.042206
v 0.250344 0.565935 0.734329
v -0.189049 -0.233806 0.495441
v -0.516897 -0.638856 -0.644255
v 0.004400 -0.118411 0.788674
v 0.032959 -0.243828 0.184517
v 0.052516 -0.243192 0.178327
v 0.371943 -0.578523 -0.921326
v 0.369278 -0.567101 -0.927691
v 0.390189 -0.591535 -0.910003
v 0.407012 0.222019 0.538805
v 0.032413 -0.366178 -0.506843
v 0.231016 0.012983 0.453480
v -0.472503 -0.341060 -0.118060
v -0.469343 -0.332857 -0.116593
v -0.539887 -0.153326 0.177756
v -0.486039 -0.344963 -0.104129
v 0.299573 -0.526560 -0.591959
v -0.117077 0.387635 0.361920
v -0.016247 -0.441907 -0.237677
v 0.096545 0.133078 0.362250
v 0.208074 -0.496375 0.538640
v 0.309330 -0.240827 0.163092
v -0.198786 -0.105016 0.192955
v -0.205851 -0.114280 0.209047
v 0.195912 -0.199508 0.098096
v -0.182241 -0.208199 0.032153
v 0.346298 0.153074 0.553287
v 0.160786 0.083888 0.351573
v -0.328733 -0.193102 0.188368
v -0.474576 -0.256130 0.152859
v -0.458004 -0.282355 0.136122
v -0.454991 -0.254506 0.173189
v -0.056711 -0.277247 0.556410
v -0.065553 -0.279137 0.539490
v 0.003856 -0.477433 -0.327137
v 0.465078 -0.507035 -0.035278
v 0.167589 -0.356352 0.075517
v 0.169761 -0.333491 0.126846
v -0.324267 -0.766156 -0.773969
v -0.046257 -0.274999 -0.319726
v -0.475085 -0.310572 -0.029177
v -0.452121 -0.560990 -0.914041
v -0.334843 -0.478602 0.480455
v -0.309465 -0.050177 0.468827
v -0.455477 -0.259527 0.109930
v 0.127695 -0.525080 -0.800935
v 0.317227 -0.353036 -0.173907
v -0.173384 -0.537338 -0.789698
v -0.313770 -0.292547 -0.180696
v 0.039207 -0.378309 -0.457016
v 0.031497 -0.199846 0.046646
v -0.280777 -0.065127 0.348576
v -0.453352 -0.721999 -0.742132
v -0.326184 -0.073518 0.412213
v -0.330818 -0.073399 0.406175
v -0.513048 -0.407381 -0.263323
v -0.235015 -0.239214 -0.077666
v 0.218316 -0.326245 -0.242961
v 0.202261 -0.505301 -0.286070
v -0.496267 -0.310162 -0.001747
v -0.404056 -0.355382 -0.002619
v 0.309972 0.071196 0.547411
v -0.502711 -0.385313 -0.347266
v -0.489659 -0.405804 -0.387225
v -0.061894 -0.359172 -0.518917
v -0.527838 -0.630668 -0.750091
v 0.380124 -0.495886 -0.504541
v -0.455283 -0.691880 -0.705239
v -0.028580 0.591764 0.989216
v -0.129837 -0.360496 -0.520329
v -0.115229 -0.752169 -0.800819
v -0.275806 -0.486142 -0.353063
v 0.052221 0.103679 0.327773
v -0.236359 0.095520 0.546501
v -0.498286 0.523434 0.533729
v -0.192388 0.497892 0.333647
v -0.003791 -0.394683 -0.535893
v -0.047525 0.588490 0.987794
v -0.226425 0.564019 0.333766
v -0.490885 -0.330010 0.133845
v -0.498601 -0.516877 -0.430694
v -0.061174 -0.390061 0.465341
v 0.510283 -0.489003 0.055603
v 0.245309 -0.484705 0.512886
v 0.069385 0.221730 0.346791
v -0.059547 0.590216 0.988785
v -0.477805 -0.305967 -0.135883
v -0.496424 -0.323007 -0.141735
v -0.477809 -0.466248 -0.395690
v -0.474170 -0.465223 -0.410621
v 0.393695 -0.501178 -0.639845
v 0.099720 -0.287933 0.161104
v -0.372475 -0.387720 -0.462500
v -0.137178 -0.472586 -0.316199
v -0.242320 -0.259654 -0.154875
v 0.271124 -0.300221 -0.122797
v -0.538324 -0.148187 0.135898
v -0.272493 -0.520478 -0.607170
v -0.040800 0.132293 0.263862
v -0.467285 -0.480448 -0.379884
v 0.271058 -0.453659 -0.716960
v 0.308835 -0.463662 -0.706751
v 0.521918 -0.491915 0.109849
v 0.304495 -0.385589 -0.295181
v -0.374874 -0.220157 0.012977
v 0.029077 -0.270810 0.153653
v 0.081633 0.462530 0.349959
v -0.469045 -0.376575 -0.100168
v 0.451586 0.412672 0.564167
v -0.393639 -0.201446 0.183734
v 0.319951 -0.371321 -0.202893
v -0.307187 -0.011235 0.463532
v -0.463291 -0.454557 -0.578875
v 0.008624 -0.213916 -0.013979
v -0.097001 -0.303439 0.521510
v 0.032689 0.060850 0.232534
v -0.513272 -0.333934 -0.136126
v -0.072242 -0.009716 0.158074
v 0.146695 -0.208136 0.181582
v -0.049429 -0.266720 -0.417372
v -0.049495 -0.269617 -0.453396
v 0.278359 -0.349750 0.067426
v -0.082878 -0.297569 0.345998
v -0.341002 -0.060730 0.438858
v -0.337285 -0.064493 0.420535
v -0.288111 -0.501351 -0.454028
v 0.113345 -0.566118 -0.565468
v -0.017722 -0.273214 -0.228708
v -0.466571 -0.470035 -0.297341
v -0.143803 -0.594416 0.705187
v -0.114298 -0.504490 -0.855320
v -0.010882 -0.337893 -0.628648
v 0.040048 0.200335 0.367064
v 0.037710 0.216380 0.360326
v -0.029537 -0.237198 -0.179897
v -0.031108 -0.243605 -0.237571
v 0.354195 -0.451031 -0.620356
v 0.285885 -0.542890 -0.698303
v 0.327055 -0.537189 -0.685296
v -0.131569 -0.535586 -0.743913
v 0.120972 -0.320290 -0.340056
v 0.407874 0.516621 0.575450
v -0.010665 -0.352478 0.567734
v -0.477106 -0.425851 -0.228994
v -0.489178 -0.375621 -0.158040
v 0.293845 -0.225177 0.173419
v -0.133027 -0.757152 -0.771669
v -0.085033 0.591113 0.979170
v 0.028531 -0.364760 -0.478665
v 0.340473 -0.374109 -0.007112
v -0.122714 -0.309787 0.311550
v -0.109122 -0.290669 0.330736
v -0.475600 -0.320431 -0.049943
v -0.090764 0.412845 0.365227
v -0.231116 -0.503636 -0.454408
v -0.088244 0.592165 0.980286
v -0.108468 0.590350 0.967384
v -0.165169 -0.568582 0.725701
v -0.361974 -0.088430 0.396456
v -0.375423 -0.087245 0.408833
v -0.325909 -0.479427 0.482501
v -0.504073 -0.410561 -0.249002
v -0.144208 0.231008 0.358737
v -0.369116 -0.492313 -0.797769
v 0.489178 -0.555700 0.088754
v -0.005101 -0.382430 -0.535717
v -0.076663 -0.533139 -0.772163
v -0.480871 -0.385333 -0.136136
v 0.301765 -0.234808 0.167742
v 0.004308 -0.359555 -0.464221
v -0.240685 -0.388702 -0.598043
v 0.045665 0.118207 0.343462
v -0.270323 -0.216296 -0.026720
v 0.303618 -0.297784 -0.068968
v 0.189822 -0.401468 -0.096276
v -0.003536 -0.283057 0.424862
v -0.518190 -0.363919 -0.075833
v -0.041986 0.190815 0.441063
v -0.432388 0.736924 0.410160
v -0.360056 -0.437671 -0.239683
v -0.325995 -0.434997 -0.227492
v -0.461917 -0.118516 0.282331
v 0.048252 -0.248736 0.386196
v 0.070103 -0.364466 -0.478628
v 0.408832 0.598771 0.441084
v 0.080719 -0.200996 0.223690
v 0.396801 -0.701934 -0.793152
v 0.045890 0.012392 0.210237
v -0.511923 -0.106022 0.225193
v -0.099063 0.208385 0.601922
v -0.324421 0.559042 0.703997
v -0.345894 -0.467963 -0.317181
v 0.205427 -0.090606 0.508647
v -0.183236 0.613358 0.907680
v 0.241825 -0.322890 -0.204602
v -0.023679 -0.280750 -0.519652
v -0.513075 -0.648167 -0.660457
v -0.504331 -0.670084 -0.678667
v -0.481975 -0.436064 -0.282934
v -0.249783 -0.769696 -0.791955
v -0.303424 0.061327 0.440295
v -0.310206 0.041915 0.451574
v -0.439476 -0.706865 -0.719876
v -0.511240 0.456514 0.542959
v 0.028958 -0.444688 -0.811839
v 0.186652 0.749482 0.315909
v 0.169120 0.725206 0.304073
v 0.335715 0.123630 0.581997
v 0.019331 -0.494394 -0.430192
v 0.043986 0.219836 0.366606
v 0.501568 -0.489907 0.102854
v 0.078497 -0.360589 0.174614
v -0.458580 -0.249512 -0.004425
v -0.032772 -0.320738 0.569407
v -0.106087 -0.306385 -0.356762
v -0.206423 0.226029 0.358096
v 0.349301 0.131980 0.578498
v 0.340284 0.116796 0.583262
v 0.094636 0.195378 0.553921
v 0.025200 -0.167480 0.106382
v 0.098081 -0.561525 -0.611616
v -0.502977 -0.431314 -0.347256
v -0.504221 -0.427641 -0.356347
v -0.503063 -0.419609 -0.334332
v -0.192055 -0.212279 0.544509
v 0.185354 -0.487106 -0.820210
v -0.195096 -0.459000 -0.262643
v -0.043405 -0.502591 -0.846235
v 0.036841 -0.416050 -0.058419
v -0.135668 0.222184 0.366359
v -0.506758 -0.361812 -0.095355
v 0.096629 -0.456824 -0.203840
v -0.259134 -0.018391 0.608846
v -0.430181 0.729819 0.401956
v -0.514480 0.461015 0.513988
v -0.518820 0.449218 0.554216
v -0.307549 -0.745968 -0.774356
v -0.046488 -0.255144 -0.383167
v -0.091421 -0.349822 0.568106
v -0.197424 -0.234073 -0.117272
v 0.249221 -0.503751 -0.258532
v 0.468749 -0.516783 0.081474
v 0.005927 0.600623 0.989642
v -0.066935 0.310424 0.334568
v -0.219099 -0.374788 0.140523
v -0.342831 -0.537830 -0.737160
v -0.095275 -0.296295 0.413696
v -0.463022 -0.667662 -0.725066
v 0.039584 -0.366821 0.268019
v -0.355885 0.572462 0.696377
v -0.016744 -0.090422 0.141782
v -0.220827 -0.444775 -0.787189
v 0.249435 -0.511989 -0.472130
v -0.501230 -0.660203 -0.839261
v 0.199296 -0.114925 0.483183
v -0.238385 -0.757386 -0.767513
v -0.266825 -0.307956 -0.301199
v -0.283769 -0.147586 0.475957
v -0.341954 -0.362682 -0.399826
v -0.304812 -0.068254 0.410805
v 0.026256 -0.354240 0.186487
v -0.166686 0.348477 0.363037
v 0.116735 -0.313715 0.185677
v -0.461145 -0.254628 0.063281
v 0.035382 -0.222476 -0.030243
v -0.088808 -0.490765 -0.426867
v -0.300705 -0.331888 -0.320779
v -0.304124 0.045990 0.463694
v 0.182180 0.679526 0.328333
v 0.218092 0.062188 0.507212
v 0.003881 0.221290 0.607548
v 0.210809 -0.499187 -0.248563
v 0.058171 0.387588 0.369255
v -0.060305 -0.421171 -0.057843
v -0.491360 -0.397108 -0.124951
v -0.559514 -0.341476 -0.142290
v -0.391719 0.120139 0.537756
v -0.086535 -0.539178 -0.693065
v -0.082843 -0.508467 -0.456733
v -0.066029 -0.278128 0.522939
v 0.019024 -0.346015 0.568431
v 0.049442 0.132998 0.367327
v -0.502635 -0.472117 -0.355280
v -0.400318 -0.346005 0.041212
v -0.370703 -0.175679 0.152614
v -0.098994 -0.761831 -0.795678
v 0.429168 0.541005 0.491332
v 0.441033 0.481092 0.525154
v -0.469427 -0.485973 -0.387039
v 0.124801 0.171674 0.514450
v 0.042442 -0.289777 0.220770
v 0.139553 -0.493949 -0.412581
v -0.211777 -0.539773 -0.745800
v 0.248137 -0.287845 -0.117424
v -0.470546 -0.483791 -0.412763
v -0.265908 -0.484601 -0.420334
v 0.235020 -0.430448 -0.690434
v -0.443632 -0.306791 0.245071
v 0.229309 -0.375796 -0.433958
v -0.502943 -0.585974 -0.573607
v -0.027173 -0.310859 -0.536754
v 0.266261 -0.529630 -0.621066
v 0.042604 -0.247898 -0.154405
v -0.223689 -0.213861 0.193723
v 0.281160 -0.470060 -0.216927
v 0.328442 -0.470795 -0.181343
v 0.139556 -0.525611 -0.573420
v 0.135925 -0.523791 -0.557122
v 0.374978 -0.300385 0.052154
v -0.439697 -0.381647 -0.340571
v -0.169701 -0.380451 -0.464828
v -0.139647 0.188736 0.542419
v 0.277907 -0.482814 0.421678
v 0.467858 -0.521982 0.078709
v -0.546062 -0.310971 -0.156212
v -0.372644 -0.071591 0.377861
v -0.128201 -0.442879 -0.212843
v -0.024872 -0.368637 -0.534686
v -0.034110 -0.245613 -0.278812
v -0.042148 -0.242164 -0.236787
v -0.171991 0.255134 0.352123
v -0.173854 -0.305171 0.245853
v 0.082275 -0.390676 -0.587782
v -0.221636 -0.482564 -0.418096
v -0.292185 -0.347960 -0.373102
v 0.226782 -0.439980 -0.203223
v 0.332476 -0.431348 -0.584352
v 0.227918 -0.026337 0.471292
v 0.235186 -0.042308 0.472243
v 0.244589 -0.504036 0.491187
v 0.202179 -0.506565 0.556613
v -0.562067 -0.287139 -0.028821
v -0.493509 -0.642424 -0.678770
v 0.409828 0.584743 0.438147
v 0.423145 0.541956 0.460445
v -0.287690 -0.174162 0.161880
v -0.481785 -0.368634 -0.166255
v -0.480495 -0.388156 -0.203076
v 0.085658 -0.310708 0.159947
v -0.166249 -0.372573 -0.450230
v -0.271889 0.011666 0.328489
v -0.024425 -0.229428 -0.082197
v 0.426687 0.519861 0.481871
v 0.307571 -0.537944 -0.732569
v 0.130984 -0.539741 -0.734208
v -0.214899 -0.386176 -0.565326
v -0.154309 0.226959 0.355423
v -0.194731 -0.266032 -0.177909
v -0.553238 -0.191964 0.062464
v -0.043426 0.114349 0.245895
v -0.020457 0.219866 0.622522
v -0.479696 -0.348569 0.067226
v -0.485396 -0.328566 0.080879
v 0.020851 -0.265728 -0.208704
v 0.125961 0.134848 0.362852
v -0.501507 -0.339457 0.080977
v 0.089125 0.018379 0.220410
v -0.085501 -0.354785 -0.478299
v -0.086292 -0.181967 0.732204
v 0.209894 -0.539553 -0.770989
v 0.174198 0.106737 0.422644
v -0.032790 -0.390550 0.260189
v 0.011575 -0.389597 0.136565
v -0.322915 -0.071855 0.412236
v 0.055133 -0.232284 0.605503
v -0.317498 0.013208 0.479281
v 0.415867 0.557602 0.457225
v -0.509887 -0.398796 -0.312805
v -0.512971 -0.422665 -0.342555
v -0.162886 -0.187381 0.117444
v -0.564126 -0.317476 -0.100222
v 0.332461 -0.475129 -0.323007
v -0.399343 -0.512613 -0.547740
v -0.308750 -0.176268 0.149381
v -0.036950 -0.262904 -0.468196
v 0.266002 0.017206 0.500608
v -0.232121 -0.349152 -0.454755
v -0.472657 -0.473140 -0.320545
v -0.087834 -0.337806 -0.390333
v -0.205748 -0.389319 -0.427800
v -0.485250 -0.337293 -0.004233
v -0.499211 -0.329171 -0.135772
v -0.307686 -0.311010 -0.291637
v 0.349333 -0.250842 0.135843
v 0.362251 -0.389556 -0.179469
v -0.108713 -0.295331 -0.339101
v -0.137573 -0.268032 0.268484
v -0.278850 -0.121075 0.403582
v -0.350894 -0.171879 0.144624
v -0.469216 -0.440250 -0.441472
v -0.030941 -0.384518 0.504612
v 0.147510 -0.532487 -0.755527
v 0.276775 0.559236 0.704778
v -0.509941 -0.393420 -0.192022
v -0.465016 -0.549066 -0.494189
v -0.096643 -0.362434 -0.524352
v -0.264756 0.711156 0.330238
v 0.185345 0.081941 0.571678
v -0.040794 -0.504161 -0.452995
v -0.293651 -0.540463 -0.706709
v 0.433356 0.267298 0.539620
v 0.108283 -0.585361 0.690625
v -0.036246 0.201937 0.692990
v 0.073253 -0.526437 -0.575841
v 0.384519 -0.430111 -0.291932
v -0.416631 -0.379793 0.299531
v -0.149994 -0.003015 0.790841
v 0.294502 -0.461119 -0.159792
v -0.476573 -0.518186 -0.396352
v 0.533406 -0.540092 0.092059
v -0.243155 0.102092 0.474187
v -0.470267 -0.498537 -0.358863
v -0.465015 -0.516408 -0.389847
v -0.019873 0.051978 0.837698
v 0.009265 0.072282 0.816323
v -0.181327 -0.386666 -0.496324
v 0.178204 0.089215 0.374646
v 0.174102 -0.737840 -0.806334
v 0.137455 -0.748155 -0.795856
v -0.060434 0.304905 0.368076
v -0.185983 -0.390793 -0.470531
v -0.220348 -0.419310 -0.714680
v -0.214817 -0.199290 0.406481
v -0.339507 -0.423797 -0.680003
v -0.480069 -0.438903 -0.412973
v -0.112455 0.368945 0.364354
v -0.441615 -0.268483 -0.078832
v -0.359011 -0.540578 -0.754525
v -0.468483 -0.241070 0.034213
v -0.291829 -0.309893 -0.290131
v -0.239047 -0.546409 0.579925
v -0.094928 -0.581820 0.723543
v 0.465761 -0.495524 0.082076
v -0.107779 0.286204 0.355806
v 0.228210 -0.485545 -0.283423
v 0.094608 -0.566710 0.679908
v -0.018574 -0.459004 -0.190733
v 0.220971 -0.357987 -0.341794
v -0.023487 -0.301424 -0.352456
v 0.310559 -0.522544 -0.756407
v 0.402068 -0.658066 -0.866984
v -0.035511 -0.299757 -0.495155
v 0.262026 -0.519295 -0.573741
v -0.281879 -0.042498 0.549778
v -0.291660 -0.104668 0.426035
v -0.010534 -0.318200 -0.401560
v 0.303420 -0.416563 -0.551722
v 0.067790 0.193766 0.365302
v -0.105093 -0.515963 -0.841762
v -0.310692 0.011008 0.461945
v -0.308857 0.001068 0.480770
v 0.247636 0.021151 0.502559
v -0.030136 -0.253055 -0.304226
v 0.458109 0.271775 0.583819
v -0.078392 -0.284541 0.397893
v -0.398912 -0.483979 -0.353780
v -0.038795 0.210328 0.320823
v -0.033205 0.243328 0.327718
v 0.538270 -0.547224 0.092393
v 0.550693 -0.536363 0.075530
v -0.061563 0.206952 0.665131
v 0.350920 -0.446550 -0.131713
v 0.268362 -0.466625 0.467792
v -0.000696 -0.460576 -0.259922
v 0.133455 0.237547 0.362274
v 0.167290 -0.399179 -0.617123
v 0.017263 -0.377062 0.282260
v 0.180165 -0.367512 0.031893
v 0.275363 -0.368733 0.007826
v 0.284121 -0.505788 -0.132456
v -0.477513 -0.455403 -0.501020
v -0.125449 0.192173 0.531528
v -0.291404 -0.227111 0.219769
v -0.007518 -0.286175 -0.280190
v -0.069056 -0.271300 -0.164010
v -0.044357 -0.540733 -0.748421
v 0.033865 -0.537319 -0.748274
v -0.027492 -0.243980 -0.205229
v 0.236395 -0.498198 -0.804320
v 0.211193 -0.514713 -0.266540
v -0.102584 -0.351447 -0.471561
v 0.264518 -0.378358 -0.359254
v 0.121533 -0.308361 -0.294286
v -0.167353 -0.331561 -0.398600
v -0.506791 -0.378752 -0.233880
v -0.311370 -0.233986 -0.058803
v -0.268094 -0.227198 -0.063446
v 0.219094 -0.759870 -0.777738
v -0.104343 -0.283042 -0.188566
v -0.434366 -0.518915 -0.547372
v -0.193123 -0.503080 -0.454564
v -0.414013 -0.270653 -0.093724
v -0.223916 0.097847 0.586398
v -0.155022 -0.324967 0.296111
v 0.227864 -0.346102 -0.284534
v 0.171678 -0.261615 0.215073
v -0.033218 0.068674 0.170754
v -0.174938 -0.242247 0.219860
v -0.285177 -0.406502 -0.661639
v 0.020505 -0.227662 -0.092312
v -0.217191 0.607186 0.853431
v -0.030349 -0.256028 -0.418233
v -0.110751 0.377917 0.368777
v -0.079982 -0.256063 0.532269
v -0.161397 0.145542 0.380324
v 0.127325 -0.273953 0.178698
v -0.319535 0.544629 0.700131
v 0.370369 -0.573033 -0.948350
v 0.233473 -0.040966 0.484197
v -0.210442 0.131849 0.491138
v 0.215295 -0.506892 -0.462591
v -0.038378 -0.421570 -0.135095
v -0.157973 -0.230571 0.215753
v -0.019519 -0.324122 -0.426068
v 0.435419 0.497986 0.488292
v 0.100730 -0.746552 -0.784816
v 0.277969 -0.406316 -0.531110
v -0.388724 -0.545572 -0.727111
v -0.499025 -0.337965 -0.038395
v 0.237763 -0.514468 -0.495971
v -0.343042 -0.543621 -0.795344
v -0.502486 -0.409909 -0.276326
v 0.019082 0.176936 0.443588
v -0.150046 -0.540838 -0.626743
v 0.054869 0.151889 0.379578
v 0.157479 -0.427156 -0.721901
v -0.029499 -0.263210 -0.260717
v -0.340473 0.009879 0.490291
v 0.105049 0.191666 0.356021
v -0.032505 -0.276009 -0.379524
v 0.257865 -0.453755 -0.201092
v 0.375354 -0.477959 -0.650318
v -0.027190 -0.401967 0.147374
v 0.052218 0.169059 0.370452
v -0.027774 -0.244692 -0.152522
v 0.400022 0.182262 0.561157
v -0.029541 -0.248767 -0.247069
v 0.009835 -0.482730 -0.354182
v -0.020676 0.240698 0.374119
v -0.518384 -0.615988 -0.595325
v 0.111049 -0.393305 -0.605761
v -0.064066 -0.259017 0.573209
v -0.118318 -0.356574 0.300398
v -0.513912 0.451191 0.505281
v -0.005308 0.198046 0.336844
v 0.142677 -0.537430 -0.652223
v 0.313251 -0.381553 -0.021105
v -0.064509 0.057383 0.843338
v -0.164277 0.166201 0.510812
v -0.370601 -0.539056 -0.702260
v -0.150513 -0.430224 0.049027
v 0.443244 -0.541049 0.012605
v -0.012912 0.241029 0.334050
v -0.111351 -0.474138 -0.859149
v -0.524539 -0.406722 -0.302861
v -0.155155 -0.542936 -0.726867
v -0.489634 -0.554256 -0.485455
v -0.308261 0.021014 0.478575
v -0.273443 0.012917 0.565856
v -0.349599 -0.084782 0.466052
v -0.005008 0.100989 0.822573
v 0.036842 -0.209078 0.013696
v -0.133491 -0.481553 -0.354822
v -0.098534 -0.297360 -0.346750
v -0.178681 -0.208526 0.325554
v -0.164935 -0.217467 0.295598
v -0.033576 0.360415 0.365383
v -0.449422 -0.477507 -0.366166
v 0.264337 -0.512621 -0.551286
v -0.476322 -0.242939 0.081718
v -0.049506 -0.254180 -0.309228
v 0.147480 -0.746785 -0.773969
v -0.032785 -0.281051 -0.412397
v 0.084543 -0.345301 0.183547
v -0.034168 0.226267 0.311517
v -0.432048 -0.402898 -0.396668
v 0.362259 -0.472229 -0.251281
v 0.227405 -0.003221 0.528755
v 0.191943 -0.519324 0.576806
v 0.090040 0.205522 0.344277
v 0.229109 -0.490159 0.521498
v 0.496107 -0.508531 0.000514
v 0.008239 -0.199931 0.038691
v 0.114119 0.195681 0.350007
v -0.042789 0.254896 0.317948
v -0.072598 -0.377464 -0.529727
v -0.486931 -0.369163 -0.128357
v 0.550417 -0.557519 0.076351
v 0.224768 -0.288923 0.198624
v 0.281324 -0.489607 -0.224946
v 0.204605 -0.273744 0.213245
v 0.157029 -0.461412 -0.261995
v -0.169392 0.191991 0.362515
v 0.071968 -0.401145 -0.630324
v 0.251242 -0.484776 -0.260336
v 0.232405 -0.523845 -0.608903
v 0.117741 -0.214100 0.051270
v 0.033302 -0.154186 0.130292
v -0.209904 -0.401408 -0.480707
v -0.195674 -0.398559 -0.503589
v 0.374853 -0.400015 -0.117787
v 0.263028 -0.513362 -0.176634
v 0.037983 -0.111280 0.767230
v 0.042543 0.236376 0.355494
v -0.258179 -0.350126 -0.366418
v -0.106110 0.122301 0.328748
v -0.196875 -0.295503 -0.387638
v -0.207554 -0.379360 -0.385083
v -0.218815 -0.369374 -0.365507
v 0.305679 -0.432675 -0.632922
v -0.113099 -0.373691 0.291160
v -0.032632 0.029975 0.160859
v -0.032980 -0.250281 -0.308274
v -0.080681 -0.425196 -0.081771
v -0.065361 -0.204792 0.034498
v -0.323918 -0.354949 -0.358678
v 0.080720 -0.332010 0.156741
v -0.483424 -0.439082 -0.252937
vn 0.5324 -0.8010 0.2736
vn 0.8496 0.5223 0.0735
vn -0.1814 0.9639 -0.1951
vn 0.6510 0.5233 -0.5499
vn 0.4417 0.0390 0.8963
vn 0.6794 -0.7228 0.1264
vn -0.5758 0.7307 0.3668
vn 0.0022 0.9122 -0.4098
vn 0.1561 0.9685 -0.1941
vn 0.6930 0.7054 -0.1488
vn 0.9198 0.0964 -0.3805
vn 0.2325 0.7467 -0.6232
vn 0.6533 0.7564 -0.0317
vn 0.6628 0.7096 -0.2392
vn 0.7049 0.6610 -0.2575
vn -0.2774 0.8851 -0.3737
vn 0.3659 0.9254 -0.0986
vn 0.6454 0.7103 -0.2809
vn 0.5643 0.4844 -0.6685
vn 0.7305 -0.0470 -0.6813
vn 0.5950 0.7062 -0.3838
vn -0.6304 0.4738 0.6149
vn 0.5906 -0.7362 -0.3304
vn 0.3268 -0.6780 -0.6584
vn 0.5906 -0.7362 -0.3305
vn 0.5905 -0.5001 -0.6335
vn 0.5641 -0.4773 -0.6738
vn -0.4576 0.6932 0.5568
vn 0.0120 0.3446 -0.9387
vn 0.6547 0.6980 0.2901
vn 0.2279 0.9708 0.0752
vn -0.2245 0.4240 0.8774
vn -0.9066 0.3632 -0.2148
vn -0.8208 0.4833 -0.3046
vn -0.5554 -0.4628 -0.6909
vn -0.8314 0.4258 -0.3570
vn -0.4362 0.6303 -0.6422
vn -0.5439 0.7666 0.3413
vn 0.1959 0.8278 -0.5256
vn 0.1469 0.8504 -0.5053
vn 0.6694 0.7186 0.1885
vn 0.1254 0.9917 -0.0290
vn 0.1632 0.9356 -0.3131
vn -0.4949 0.8427 -0.2120
vn 0.0054 -0.0753 0.9971
vn 0.3291 0.2690 0.9052
vn 0.0566 0.9414 0.3326
vn 0.1594 0.9865 -0.0384
vn 0.0986 0.2769 0.9558
vn -0.1753 0.7491 0.6388
vn -0.0180 0.9380 -0.3461
vn 0.1444 0.3094 -0.9399
vn -0.0555 0.3918 -0.9184
vn -0.6959 0.6972 0.1719
vn -0.2278 0.9169 0.3278
vn 0.0101 0.9386 -0.3449
vn 0.0083 0.3703 -0.9289
vn -0.1863 0.0230 -0.9822
vn -0.3029 0.5778 0.7579
vn -0.0385 0.2164 0.9756
vn -0.0173 0.5277 0.8493
vn 0.3788 0.9173 0.1228
vn 0.1595 0.9532 -0.2569
vn 0.5261 0.5363 0.6600
vn 0.1313 0.7276 -0.6734
vn 0.5052 0.8541 0.1238
vn -0.8091 0.3158 -0.4956
vn 0.0358 0.9058 -0.4221
vn -0.0176 0.9031 -0.4292
vn 0.0605 0.9732 -0.2218
vn 0.0273 0.9324 -0.3604
vn 0.8068 -0.5693 0.1579
vn 0.6103 -0.7349 0.2958
vn 0.9931 -0.0777 -0.0874
vn 0.8149 -0.5583 0.1559
vn 0.6112 0.7640 0.2070
vn 0.1280 0.9792 0.1573
vn 0.0724 0.9792 0.1895
vn 0.4922 0.7677 0.4103
vn -0.0153 0.7904 -0.6124
vn 0.9915 0.0213 -0.1281
vn 0.3405 0.9340 -0.1085
vn 0.1386 0.9777 0.1578
vn 0.0841 0.4842 0.8709
vn 0.8317 0.5268 0.1751
vn 0.9049 -0.3898 -0.1711
vn 0.6900 0.5226 0.5008
vn 0.6144 0.5966 0.5163
vn 0.7361 0.3583 0.5743
vn 0.7234 0.6869 -0.0697
vn 0.5267 0.7664 0.3678
vn 0.1649 0.8599 -0.4832
vn 0.9297 0.1828 -0.3199
vn 0.8126 0.5725 0.1091
vn 0.9597 0.1161 -0.2558
vn 0.3415 0.9062 0.2492
vn 0.5107 0.4859 0.7093
vn 0.8498 0.2592 0.4589
vn 0.7977 0.4317 -0.4211
vn -0.2246 0.7500 0.6221
vn 0.3948 0.7103 -0.5828
vn -0.3877 -0.8663 0.3150
vn 0.3010 0.3047 0.9036
vn 0.1508 -0.9461 -0.2867
vn -0.2309 -0.7927 0.5642
vn -0.0293 -0.9340 0.3561
vn 0.0548 -0.8699 -0.4903
vn 0.1580 -0.8493 0.5038
vn 0.0392 -0.8868 0.4605
vn 0.2044 -0.8280 -0.5222
vn 0.1969 -0.9747 -0.1056
vn 0.1963 -0.8314 -0.5198
vn -0.1165 -0.9097 -0.3987
vn -0.5354 0.6246 0.5686
vn -0.8193 -0.5719 0.0406
vn -0.6522 0.7570 -0.0394
vn -0.3898 -0.2323 0.8911
vn -0.5081 -0.2218 0.8323
vn -0.5693 -0.8200 0.0597
vn -0.5835 -0.3632 0.7264
vn -0.9923 0.0746 -0.0988
vn -0.0388 -0.9854 0.1658
vn -0.6020 -0.7707 0.2088
vn -0.4595 -0.8801 0.1199
vn -0.9631 0.2538 -0.0899
vn -0.9649 0.2549 -0.0634
vn -0.9828 -0.1569 0.0978
vn -0.6214 0.7517 -0.2211
vn 0.0327 0.5905 -0.8064
vn 0.7600 0.4544 -0.4647
vn 0.6102 0.1199 -0.7831
vn 0.0897 -0.1041 -0.9905
vn -0.8725 -0.4884 -0.0134
vn -0.7522 -0.6275 -0.2010
vn -0.5194 -0.8478 -0.1073
vn -0.8720 0.1932 0.4499
vn -0.5542 -0.4356 0.7093
vn -0.3293 0.4591 0.8251
vn -0.8036 -0.4801 -0.3517
vn -0.6827 -0.6817 -0.2632
vn -0.8762 -0.4800 0.0432
vn -0.8261 -0.5630 -0.0256
vn -0.7677 -0.3533 -0.5346
vn -0.9815 -0.1425 -0.1278
vn -0.8352 0.2895 0.4676
vn -0.7770 -0.5791 -0.2467
vn -0.6534 -0.7570 0.0048
vn -0.1343 -0.8042 0.5789
vn -0.7545 0.3726 0.5403
vn 0.0939 -0.9948 0.0394
vn -0.7243 -0.6701 -0.1622
vn -0.3302 -0.8188 0.4696
vn 0.3708 0.8761 0.3082
vn -0.8294 0.5416 0.1370
vn -0.7336 0.6264 0.2636
vn 0.4933 0.8249 0.2761
vn -0.1840 0.9454 0.2689
vn 0.0566 0.6940 0.7177
vn 0.0748 0.9302 0.3595
vn -0.2568 0.9520 0.1665
vn -0.5045 0.5918 0.6287
vn -0.9147 -0.2914 -0.2799
vn -0.9541 -0.1252 -0.2721
vn -0.9059 -0.4167 -0.0750
vn 0.1406 0.1135 0.9835
vn -0.8547 -0.2157 0.4722
vn -0.8973 -0.2668 0.3516
vn -0.9678 -0.1883 0.1673
vn -0.2828 -0.1419 -0.9486
vn 0.2405 -0.2387 -0.9408
vn 0.6476 -0.2133 -0.7315
vn -0.3366 -0.0219 -0.9414
vn 0.8287 -0.0877 0.5527
vn 0.6909 -0.6408 -0.3347
vn 0.6593 0.7191 0.2194
vn 0.2176 -0.3096 0.9257
vn 0.2747 0.8489 0.4517
vn -0.9794 0.0475 0.1960
vn -0.6488 0.7034 0.2903
vn -0.9152 0.3688 0.1626
vn 0.3724 0.8783 0.2999
vn 0.3755 0.7153 0.5893
vn -0.9665 -0.0345 -0.2543
vn -0.5793 0.8150 -0.0134
vn 0.3907 -0.7605 -0.5186
vn -0.6803 -0.5419 -0.4935
vn 0.7739 -0.2612 -0.5769
vn 0.8776 -0.2782 -0.3905
vn 0.7673 0.6176 0.1727
vn 0.5711 -0.4280 -0.7005
vn -0.6489 -0.1823 -0.7387
vn 0.8664 -0.3502 -0.3560
vn -0.4209 -0.3182 -0.8495
vn 0.8518 -0.3695 -0.3713
vn -0.6569 -0.5529 -0.5126
vn -0.5956 -0.7986 -0.0863
vn -0.0879 -0.8489 -0.5212
vn -0.3001 0.4351 0.8489
vn 0.3557 0.5252 0.7730
vn -0.8279 0.0704 0.5565
vn -0.8375 -0.1411 -0.5279
vn -0.5855 0.7469 0.3152
vn 0.2757 0.1182 -0.9540
vn 0.2234 0.2353 -0.9459
vn 0.2513 0.1392 -0.9579
vn 0.9440 -0.3175 0.0895
vn 0.9512 0.3084 -0.0047
vn 0.9704 0.2403 0.0244
vn 0.8249 0.2660 0.4987
vn 0.8736 0.3382 0.3499
vn -0.1526 0.7546 0.6382
vn 0.4311 0.8777 0.2095
vn 0.8148 0.5557 -0.1654
vn 0.3550 -0.4021 0.8440
vn -0.4392 0.5187 0.7335
vn 0.5482 -0.5789 0.6036
vn 0.6533 -0.6560 -0.3780
vn 0.7312 -0.0256 0.6816
vn -0.2819 0.1204 0.9519
vn 0.3164 -0.1298 0.9397
vn 0.9680 -0.1749 -0.1801
vn 0.6285 -0.2241 0.7449
vn -0.2362 -0.9708 -0.0423
vn -0.3920 -0.9079 -0.1487
vn -0.5461 0.8092 0.2166
vn -0.5700 -0.5189 0.6371
vn -0.7700 -0.1562 0.6186
vn -0.7178 -0.2449 0.6518
vn -0.2872 0.9579 0.0006
vn -0.5596 0.7324 0.3878
vn 0.6231 0.4887 -0.6107
vn -0.4775 0.7237 -0.4982
vn -0.3022 0.7684 -0.5641
vn -0.3655 0.8667 -0.3395
vn -0.0189 -0.9600 0.2792
vn -0.9082 0.0631 -0.4137
vn -0.9613 -0.0332 0.2734
vn -0.3084 -0.9149 0.2604
vn -0.4185 -0.7516 -0.5098
vn -0.7243 0.1862 -0.6639
vn -0.9477 -0.2656 0.1770
vn -0.6697 -0.5890 0.4523
vn 0.1582 -0.8463 0.5086
vn 0.1135 0.9699 -0.2155
vn 0.1720 0.9777 -0.1208
vn 0.0707 0.9937 -0.0870
vn -0.7130 0.6074 0.3501
vn -0.5940 -0.6729 -0.4409
vn -0.6925 -0.6339 -0.3444
vn 0.6637 0.6152 -0.4255
vn 0.5642 0.6891 -0.4548
vn 0.6673 -0.2062 -0.7156
vn -0.1604 0.8111 -0.5625
vn 0.4342 0.4151 -0.7995
vn 0.6554 0.4199 -0.6279
vn 0.2906 0.9397 -0.1803
vn 0.3424 0.9246 -0.1668
vn 0.4406 0.8870 -0.1381
vn 0.9123 0.4096 -0.0028
vn 0.9040 0.4270 0.0211
vn 0.9476 0.3177 -0.0324
vn 0.3223 0.2994 0.8980
vn 0.3930 -0.5760 0.7168
vn 0.4837 0.2154 0.8483
vn -0.1297 0.1881 -0.9735
vn -0.7353 0.0898 -0.6717
vn -0.8339 0.0292 -0.5512
vn -0.9393 -0.0964 -0.3294
vn -0.8127 -0.2206 -0.5393
vn -0.6236 -0.3560 -0.6960
vn -0.0037 0.9615 -0.2748
vn 0.0386 0.9956 -0.0851
vn -0.0051 0.9837 -0.1795
vn -0.0495 -0.1270 0.9907
vn -0.6532 -0.7506 -0.0996
vn -0.0154 -0.1681 0.9856
vn -0.5095 0.7259 -0.4621
vn -0.4042 0.8116 -0.4219
vn -0.4301 0.8428 -0.3235
vn -0.8263 0.5154 0.2272
vn -0.9649 -0.0603 0.2555
vn 0.3269 -0.6781 -0.6583
vn 0.5862 -0.4095 -0.6991
vn -0.5609 0.7234 -0.4026
vn -0.6803 0.6611 -0.3166
vn 0.2306 0.8605 -0.4542
vn -0.0480 -0.9367 0.3468
vn 0.0552 -0.8754 -0.4803
vn 0.0826 -0.9924 0.0911
vn 0.0146 -0.9991 -0.0403
vn 0.2202 -0.9465 0.2361
vn 0.2651 -0.8868 -0.3785
vn 0.9793 0.1280 -0.1565
vn 0.8696 -0.4923 -0.0369
vn 0.9911 0.0607 -0.1181
vn -0.0020 0.9696 -0.2446
vn -0.0354 0.9684 -0.2468
vn -0.0151 0.9665 -0.2562
vn -0.9308 -0.3655 0.0029
vn -0.8003 0.1257 -0.5863
vn -0.9902 -0.0135 -0.1392
vn 0.9847 0.1740 -0.0058
vn 0.7708 0.3286 0.5458
vn 0.9604 0.2377 0.1452
vn -0.9131 0.3237 -0.2477
vn -0.1793 0.8790 -0.4418
vn -0.1736 0.9094 -0.3781
vn 0.8566 0.1789 -0.4840
vn 0.3985 -0.6496 -0.6475
vn 0.3565 -0.8738 -0.3307
vn -0.3533 0.5842 0.7307
vn 0.7309 0.5106 0.4529
vn 0.4626 0.4834 0.7432
vn 0.7630 -0.6141 0.2017
vn -0.3485 -0.9196 0.1814
vn 0.6521 -0.7576 0.0297
vn -0.2483 -0.7746 0.5816
vn 0.3694 -0.8310 0.4160
vn 0.6183 -0.7178 0.3201
vn -0.1074 -0.9262 0.3613
vn -0.3507 -0.9104 0.2194
vn -0.3507 -0.7931 0.4980
vn 0.0246 -0.9847 0.1723
vn 0.0659 -0.9976 0.0216
vn -0.0100 -0.9947 0.1020
vn -0.4272 -0.1377 0.8936
vn -0.3910 -0.6880 0.6114
vn -0.5514 -0.3465 0.7589
vn 0.7767 0.6246 0.0812
vn -0.0607 0.7729 0.6316
vn 0.9373 0.0852 -0.3380
vn 0.2007 0.9360 -0.2890
vn 0.2833 0.9321 -0.2256
vn 0.3464 0.9021 -0.2573
vn -0.0395 -0.9607 0.2749
vn -0.0076 -0.9199 0.3921
vn -0.0655 -0.9753 0.2110
vn -0.9372 -0.1539 -0.3129
vn -0.8768 -0.2085 -0.4333
vn -0.8496 -0.4691 -0.2409
vn -0.0867 0.9777 -0.1914
vn -0.2120 0.9704 -0.1154
vn -0.2635 0.9410 -0.2124
vn -0.8281 -0.0519 0.5582
vn -0.9023 -0.0017 0.4311
vn -0.0729 -0.9655 0.2499
vn 0.0520 -0.9618 0.2688
vn -0.3206 -0.9152 0.2442
vn 0.1378 -0.9561 0.2586
vn -0.8876 -0.3787 -0.2622
vn -0.6888 0.6682 0.2810
vn -0.6529 0.7356 0.1806
vn -0.0834 0.6810 0.7276
vn -0.1112 0.8828 0.4563
vn -0.3926 0.5728 0.7196
vn -0.0936 -0.9899 -0.1063
vn 0.5758 -0.7652 -0.2879
vn 0.6439 -0.7325 -0.2208
vn 0.0665 0.9871 -0.1457
vn 0.1769 0.9703 -0.1648
vn -0.0296 0.9432 -0.3308
vn 0.5049 -0.8631 -0.0113
vn 0.5797 -0.8148 -0.0012
vn 0.5345 -0.8438 0.0488
vn 0.4714 -0.8819 -0.0035
vn 0.7329 -0.4659 0.4958
vn 0.9947 -0.0908 0.0485
vn 0.8326 0.5539 -0.0008
vn 0.9944 0.1032 0.0231
vn 0.9548 0.2959 -0.0291
vn -0.0415 0.9525 -0.3018
vn -0.0437 0.9685 -0.2452
vn 0.0065 0.9591 -0.2830
vn -0.1854 0.9052 -0.3823
vn -0.2728 0.8699 -0.4109
vn -0.2772 0.8924 -0.3560
vn 0.5359 0.8357 -0.1199
vn 0.6907 -0.3954 -0.6055
vn 0.0260 0.9717 -0.2350
vn -0.1022 0.9678 -0.2302
vn 0.0412 0.9733 -0.2259
vn 0.1513 -0.9832 0.1024
vn 0.0802 -0.9335 0.3494
vn 0.1276 -0.9692 0.2107
vn -0.3318 0.8376 0.4339
vn -0.3472 0.8743 0.3391
vn -0.5440 0.4022 0.7365
vn 0.9881 0.1133 -0.1041
vn 0.9592 -0.2386 -0.1515
vn 0.7946 -0.5115 -0.3272
vn 0.7321 0.2325 0.6403
vn 0.4838 -0.4608 0.7440
vn 0.7254 -0.3169 0.6110
vn 0.8008 0.5111 0.3121
vn -0.6804 -0.5144 -0.5220
vn -0.9690 0.2211 -0.1105
vn -0.9272 -0.3596 0.1047
vn 0.9776 -0.1511 -0.1468
vn 0.4382 -0.8332 0.3374
vn 0.9337 -0.3577 -0.0167
vn 0.6747 -0.4257 -0.6030
vn 0.9524 0.2562 -0.1652
vn 0.7404 -0.4735 -0.4772
vn 0.0360 0.2035 -0.9784
vn -0.5457 -0.0992 -0.8321
vn 0.1195 0.2034 -0.9718
vn -0.0744 -0.9963 0.0433
vn 0.0484 -0.9979 -0.0441
vn 0.0239 -0.9997 -0.0006
vn 0.2136 0.2469 0.9452
vn 0.0250 0.0693 0.9973
vn 0.2363 0.0543 0.9702
vn 0.3946 0.9128 -0.1056
vn 0.3338 0.9202 -0.2046
vn 0.2619 0.9588 -0.1098
vn 0.0290 0.6385 -0.7691
vn -0.1049 0.1291 0.9861
vn -0.7701 0.6374 0.0256
vn -0.8416 -0.4880 0.2313
vn -0.6151 0.7518 -0.2379
vn -0.5996 0.7624 -0.2431
vn 0.1384 0.9493 -0.2822
vn 0.0269 0.9309 -0.3642
vn 0.2029 0.9244 -0.3230
vn -0.0428 -0.0255 0.9988
vn -0.1361 0.3270 0.9352
vn -0.0333 0.3969 0.9173
vn 0.0608 -0.9772 0.2036
vn 0.1920 -0.9736 -0.1230
vn 0.1304 -0.9826 -0.1319
vn -0.9993 -0.0017 -0.0379
vn -0.2059 -0.3933 0.8961
vn 0.1886 -0.9812 0.0410
vn 0.0953 -0.9039 0.4170
vn 0.0572 -0.9401 0.3360
vn 0.5520 -0.7406 0.3832
vn -0.7707 -0.0981 0.6296
vn -0.3467 0.9201 0.1820
vn -0.2851 0.9577 0.0393
vn 0.1540 0.9255 -0.3459
vn 0.2872 0.9258 -0.2458
vn 0.2928 0.9229 -0.2500
vn 0.0754 -0.4226 -0.9032
vn -0.0040 -0.3274 -0.9449
vn 0.9525 -0.2445 -0.1818
vn 0.0197 0.2359 0.9716
vn 0.3341 0.2286 0.9144
vn -0.0319 0.3169 0.9479
vn 0.0873 -0.9239 -0.3724
vn -0.0320 -0.9617 -0.2721
vn 0.1078 -0.9801 -0.1665
vn 0.6431 0.2380 -0.7279
vn -0.3153 0.2332 -0.9199
vn 0.6011 0.3401 -0.7232
vn -0.0485 0.0901 0.9947
vn 0.7156 -0.5962 0.3639
vn 0.1706 -0.3570 0.9184
vn -0.0641 0.9729 -0.2223
vn -0.1347 0.9633 -0.2324
vn -0.0802 0.9614 -0.2632
vn 0.0442 -0.9697 0.2404
vn 0.0100 -0.9714 0.2372
vn 0.0397 -0.9705 0.2379
vn 0.5823 0.6937 0.4240
vn 0.7274 0.6862 0.0055
vn 0.7040 0.6783 -0.2105
vn 0.7626 0.5759 0.2945
vn 0.8770 0.4800 0.0203
vn -0.8755 -0.4743 0.0922
vn -0.9613 0.2432 -0.1294
vn -0.4243 -0.8784 0.2202
vn 0.2359 0.2427 0.9410
vn -0.3855 0.0928 0.9180
vn 0.4806 0.0911 0.8722
vn -0.6537 0.6712 0.3497
vn -0.6621 -0.7336 0.1532
vn -0.5348 0.6739 0.5098
vn 0.4420 0.8523 -0.2797
vn 0.5158 0.8017 -0.3020
vn 0.4003 0.8730 -0.2787
vn 0.1206 0.6717 -0.7310
vn -0.0954 0.8840 0.4576
vn -0.3263 0.8187 0.4725
vn -0.0149 0.9295 0.3684
vn -0.0158 0.2155 0.9764
vn 0.0293 0.9117 0.4097
vn -0.9282 0.3325 -0.1669
vn -0.9981 0.0571 -0.0244
vn -0.9963 0.0674 -0.0532
vn -0.5571 -0.0144 -0.8303
vn -0.7983 0.5666 0.2039
vn -0.4133 -0.0160 -0.9104
vn -0.6554 0.6809 -0.3269
vn -0.4023 0.7686 -0.4974
vn -0.4330 0.7797 -0.4523
vn 0.0165 0.0387 0.9991
vn -0.2319 0.9590 -0.1627
vn 0.0221 -0.0085 0.9997
vn -0.1553 0.9388 -0.3074
vn -0.4412 0.8412 -0.3125
vn -0.9805 -0.1255 0.1512
vn -0.0770 0.9794 -0.1865
vn 0.1597 0.9778 -0.1355
vn 0.0683 0.9604 -0.2700
vn 0.1847 0.9210 -0.3430
vn -0.4388 0.8869 0.1442
vn -0.7894 0.5658 -0.2380
vn -0.3931 0.7485 -0.5340
vn 0.0927 -0.2267 0.9695
vn 0.1413 0.2101 0.9674
vn 0.0003 -0.0044 1.0000
vn -0.0296 0.8719 -0.4888
vn -0.3993 -0.7622 0.5095
vn -0.5980 -0.6210 0.5067
vn -0.6426 -0.6131 0.4594
vn 0.5726 -0.8152 0.0869
vn 0.3575 -0.9274 0.1096
vn 0.5070 -0.8328 0.2221
vn 0.8982 0.1922 0.3954
vn 0.9977 0.0186 0.0648
vn 0.5644 0.1854 0.8044
vn 0.2051 -0.9728 -0.1073
vn 0.0079 -0.9872 -0.1594
vn -0.0022 -0.9963 0.0854
vn -0.1354 0.3077 0.9418
vn -0.2128 0.0874 0.9732
vn 0.9346 0.0717 0.3485
vn -0.9907 0.1084 -0.0828
vn -0.9968 0.0411 -0.0683
vn -0.3413 -0.9069 0.2473
vn 0.0953 -0.9625 0.2541
vn -0.1142 -0.9214 0.3713
vn -0.0018 -0.9805 0.1965
vn 0.0807 -0.4805 -0.8733
vn -0.4664 0.8671 -0.1748
vn -0.6401 0.7270 -0.2483
vn -0.4750 0.5978 -0.6457
vn -0.4538 -0.7929 0.4067
vn -0.1835 -0.9038 0.3866
vn -0.0936 -0.7941 0.6005
vn 0.7409 0.0773 -0.6671
vn 0.4357 0.3119 0.8443
vn 0.8013 0.2322 -0.5513
vn -0.8090 0.1307 0.5731
vn -0.7924 -0.5761 -0.2005
vn -0.5141 0.5041 0.6939
vn -0.5794 0.5137 0.6328
vn -0.7062 -0.1798 0.6848
vn -0.2962 0.9080 -0.2962
vn -0.1872 0.9644 -0.1866
vn -0.4598 0.8650 -0.2009
vn 0.7062 -0.1434 0.6934
vn 0.5738 -0.5609 0.5967
vn -0.6093 0.7714 -0.1837
vn -0.8906 0.3860 -0.2405
vn -0.5578 0.7774 -0.2908
vn -0.7308 0.5956 0.3334
vn 0.4108 0.2037 0.8887
vn 0.2683 0.4117 0.8709
vn -0.5319 0.8130 0.2370
vn -0.7010 0.6823 0.2075
vn -0.7067 0.6648 0.2422
vn 0.1433 0.8929 -0.4268
vn -0.0796 0.5225 0.8489
vn 0.4000 0.2056 0.8931
vn 0.9744 0.0750 0.2118
vn -0.6532 -0.4202 0.6299
vn -0.5382 -0.0251 0.8424
vn -0.4005 -0.3396 0.8510
vn 0.6482 -0.7596 0.0543
vn 0.5853 -0.8057 0.0906
vn 0.7522 -0.6500 0.1079
vn -0.7762 0.4702 0.4202
vn -0.6775 0.7165 -0.1665
vn -0.6550 0.7434 -0.1352
vn -0.4921 0.8455 -0.2074
vn -0.0051 -0.9781 0.2081
vn 0.0009 -0.9774 0.2115
vn -0.0241 -0.9935 0.1114
vn -0.6731 -0.7001 0.2383
vn -0.5387 -0.8004 0.2629
vn -0.0474 0.9538 -0.2967
vn -0.0022 0.9649 -0.2625
vn -0.0371 0.9575 -0.2861
vn -0.7372 -0.4200 0.5293
vn 0.3894 -0.9166 0.0904
vn 0.2138 -0.9744 -0.0689
vn -0.0069 -0.8267 0.5626
vn -0.0082 -0.9733 0.2294
vn 0.0025 -0.9679 0.2515
vn 0.5183 0.8397 -0.1618
vn 0.6288 0.7531 -0.1932
vn 0.6775 0.7272 -0.1107
vn -0.0416 0.9698 -0.2403
vn -0.0327 0.9686 -0.2465
vn 0.0619 0.9719 -0.2270
vn 0.9072 -0.1887 0.3759
vn 0.5259 -0.1813 0.8310
vn 0.3706 -0.4094 0.8337
vn -0.8476 0.1878 -0.4963
vn 0.0119 -0.6204 -0.7842
vn 0.5697 -0.7762 0.2701
vn 0.6632 0.6941 -0.2800
vn 0.2426 0.8837 -0.4002
vn -0.0472 0.6541 -0.7549
vn -0.2487 -0.7949 0.5534
vn 0.6700 -0.6900 0.2739
vn -0.5485 -0.6060 0.5761
vn -0.3104 -0.5948 -0.7415
vn -0.6237 -0.0095 -0.7816
vn -0.5719 0.1735 -0.8018
vn -0.0669 0.9581 0.2784
vn 0.5450 0.5762 0.6091
vn 0.6162 0.4748 0.6284
vn 0.1070 0.9676 -0.2286
vn 0.1873 0.9374 -0.2937
vn 0.0526 0.9736 -0.2223
vn -0.3763 -0.4278 0.8219
vn -0.6908 -0.1657 0.7038
vn -0.3042 -0.7969 0.5219
vn 0.8150 -0.2080 -0.5409
vn 0.3588 -0.0401 0.9326
vn 0.9472 -0.2807 0.1552
vn 0.7532 0.3069 -0.5818
vn 0.4156 -0.9092 0.0269
vn 0.7890 0.2349 -0.5677
vn -0.0611 -0.9974 0.0391
vn -0.0582 -0.9930 -0.1030
vn -0.0655 -0.9978 -0.0045
vn 0.6181 -0.6944 0.3685
vn 0.9262 -0.1863 0.3278
vn 0.8165 0.5721 0.0775
vn 0.8147 -0.5427 -0.2042
vn -0.0918 -0.7675 -0.6344
vn -0.7898 -0.0056 -0.6134
vn -0.8177 0.2181 -0.5328
vn -0.6454 0.3329 -0.6875
vn -0.1321 0.9528 -0.2734
vn -0.5199 0.5053 0.6887
vn -0.3731 0.7599 0.5323
vn -0.1306 -0.7326 0.6680
vn -0.0662 -0.8144 0.5766
vn -0.2014 -0.8511 0.4849
vn 0.3369 -0.9391 0.0682
vn 0.4258 0.8513 -0.3065
vn 0.4568 0.8439 -0.2815
vn 0.4192 0.8599 -0.2913
vn -0.0155 -0.9921 0.1242
vn 0.0434 -0.9867 0.1567
vn -0.0143 -0.9974 0.0711
vn -0.3714 0.3149 -0.8734
vn -0.0331 0.9960 0.0834
vn -0.4173 0.8098 -0.4123
vn 0.8724 -0.3288 -0.3616
vn 0.8693 -0.4940 -0.0184
vn -0.8934 0.4464 0.0507
vn 0.7382 0.6653 -0.1113
vn 0.4385 0.8194 -0.3692
vn -0.9435 0.1230 0.3078
vn -0.9459 0.0236 0.3236
vn -0.7669 -0.5894 0.2537
vn 0.0116 -0.9311 0.3646
vn 0.0523 -0.9667 0.2506
vn -0.0707 0.9894 -0.1269
vn -0.0313 0.9802 -0.1957
vn 0.1423 0.9552 -0.2597
vn 0.2758 -0.9611 -0.0166
vn 0.9917 -0.1216 -0.0413
vn 0.3783 -0.9043 0.1979
vn 0.7017 -0.4893 0.5178
vn 0.6746 -0.2940 0.6771
vn 0.5675 -0.5307 0.6295
vn 0.2688 -0.9631 -0.0091
vn 0.1716 -0.9829 0.0669
vn 0.0448 -0.9864 -0.1585
vn -0.7571 0.5334 -0.3772
vn -0.8381 0.1908 -0.5110
vn -0.9361 0.0908 -0.3397
vn 0.4901 -0.8710 -0.0335
vn 0.6031 -0.7889 -0.1180
vn 0.6633 -0.7473 -0.0392
vn 0.8607 -0.4314 0.2704
vn 0.7459 -0.6496 -0.1469
vn -0.3743 -0.5419 0.7525
vn -0.1765 0.9412 -0.2881
vn -0.1374 0.9414 -0.3082
vn 0.7254 0.6721 0.1485
vn 0.8331 0.5297 -0.1592
vn -0.0138 0.7867 -0.6172
vn 0.5834 0.7081 -0.3978
vn -0.5238 0.4658 -0.7132
vn -0.4670 -0.8704 0.1558
vn -0.9714 -0.2327 0.0461
vn -0.9349 -0.3347 -0.1182
vn -0.4943 -0.8617 0.1143
vn -0.5470 -0.8067 0.2237
vn 0.7423 -0.6697 -0.0228
vn 0.5998 -0.7611 -0.2468
vn -0.6926 0.3339 0.6394
vn -0.6561 -0.1464 0.7403
vn -0.8490 0.4599 0.2602
vn 0.8707 -0.4731 -0.1341
vn 0.4086 0.8699 -0.2763
vn 0.9179 -0.2940 -0.2666
vn 0.3665 0.8345 -0.4114
vn -0.9026 0.4121 0.1245
vn -0.3791 0.3100 -0.8719
vn 0.2890 0.6107 -0.7373
vn -0.3924 0.0204 -0.9196
vn -0.6964 0.7155 -0.0544
vn -0.0495 0.0683 -0.9964
vn -0.8973 0.3688 0.2427
vn 0.1137 0.8445 -0.5233
vn -0.7929 0.5349 0.2918
vn 0.8299 0.5143 0.2164
vn 0.9978 -0.0309 -0.0583
vn -0.9089 -0.3381 0.2441
vn -0.2967 -0.8316 0.4695
vn 0.2104 -0.9040 0.3722
vn 0.9720 -0.2258 0.0646
vn 0.6645 -0.7443 0.0664
vn 0.9998 -0.0203 -0.0036
vn 0.7511 0.6563 -0.0718
vn 0.4844 -0.7816 0.3931
vn 0.3044 -0.8454 0.4389
vn 0.0016 -0.8637 0.5039
vn -0.3118 0.4035 -0.8602
vn -0.5286 0.4968 -0.6883
vn -0.1487 0.4755 -0.8671
vn -0.9628 -0.2696 0.0178
vn -0.8957 -0.4420 -0.0487
vn 0.9523 0.2048 -0.2263
vn 0.9277 -0.3723 0.0274
vn -0.5479 0.7596 -0.3504
vn -0.4598 0.7826 -0.4197
vn -0.6175 0.5863 -0.5243
vn 0.9280 -0.1573 -0.3378
vn 0.7824 -0.5916 0.1947
vn -0.6999 -0.7081 0.0934
vn 0.1495 -0.8591 0.4895
vn -0.6537 -0.6623 0.3661
vn -0.5614 -0.7995 0.2136
vn -0.4081 -0.9008 0.1482
vn -0.2517 -0.9664 -0.0527
vn -0.4475 -0.8517 -0.2725
vn -0.3624 -0.5545 -0.7491
vn -0.4533 0.8720 -0.1849
vn -0.4507 0.8926 -0.0104
vn 0.5836 0.7283 -0.3591
vn 0.1883 -0.9791 0.0770
vn 0.2020 -0.9719 0.1212
vn -0.6988 0.6299 0.3390
vn -0.7653 0.6436 -0.0073
vn -0.7913 0.0092 0.6113
vn -0.2752 -0.6965 -0.6627
vn -0.1469 -0.2988 -0.9429
vn -0.1129 -0.2211 -0.9687
vn -0.2748 0.8969 -0.3466
vn -0.2579 0.9213 -0.2912
vn -0.2417 0.9310 -0.2734
vn -0.6866 -0.6243 0.3725
vn -0.8470 0.5080 -0.1567
vn -0.6982 -0.6766 0.2338
vn -0.3347 -0.8481 0.4108
vn -0.1025 -0.1122 0.9884
vn 0.6695 -0.6821 0.2942
vn 0.0257 -0.9925 -0.1197
vn -0.5311 -0.7558 0.3829
vn 0.4589 -0.7402 0.4914
vn 0.1228 -0.8701 0.4773
vn -0.8090 -0.5410 -0.2299
vn -0.8472 -0.2441 -0.4719
vn -0.2235 -0.3957 0.8908
vn 0.3912 0.8501 -0.3525
vn 0.3911 0.8741 -0.2879
vn 0.4087 0.8426 -0.3508
vn -0.0353 0.8936 0.4474
vn 0.0256 0.1936 0.9807
vn 0.0927 0.8195 0.5656
vn -0.5468 0.8363 0.0398
vn -0.1288 0.7909 0.5982
vn 0.0358 0.9844 0.1723
vn -0.7508 -0.4787 0.4552
vn -0.7153 -0.5881 0.3774
vn -0.6115 -0.5995 0.5164
vn -0.2978 0.1684 -0.9397
vn -0.4892 -0.0439 -0.8711
vn 0.7600 -0.2175 -0.6125
vn 0.4579 0.8189 -0.3460
vn -0.2155 0.8655 -0.4522
vn -0.0964 0.5080 -0.8559
vn -0.3938 0.3701 -0.8414
vn 0.2806 0.9563 -0.0826
vn 0.5470 -0.2208 -0.8075
vn 0.1557 -0.7833 -0.6018
vn -0.0779 -0.9812 -0.1763
vn -0.0776 -0.9766 -0.2004
vn -0.0273 -0.9908 -0.1328
vn -0.8561 -0.2330 0.4613
vn -0.7616 -0.6205 -0.1871
vn -0.1366 0.6546 0.7435
vn 0.0417 0.9973 -0.0596
vn 0.1594 0.8980 -0.4101
vn 0.2078 0.9730 -0.1009
vn -0.4053 -0.4788 -0.7788
vn -0.4632 0.7764 -0.4274
vn -0.8903 0.2448 -0.3839
vn 0.2366 -0.9358 0.2612
vn 0.0695 -0.9700 0.2330
vn 0.3853 -0.9112 0.1457
vn -0.7232 0.6144 -0.3153
vn 0.6361 0.7019 0.3205
vn 0.8119 0.5336 0.2368
vn 0.7222 0.6580 0.2130
vn -0.4936 0.2370 -0.8368
vn -0.4519 0.2695 -0.8503
vn -0.7565 -0.5857 -0.2909
vn -0.2654 0.9002 -0.3454
vn -0.1873 0.9469 -0.2615
vn -0.1042 0.9379 -0.3310
vn 0.6795 -0.2200 0.6999
vn 0.8798 0.3670 0.3019
vn 0.4532 -0.1874 0.8715
vn -0.7967 0.6041 -0.0198
vn -0.7034 0.6471 -0.2941
vn -0.5506 0.5640 -0.6154
vn -0.0688 0.9422 -0.3278
vn -0.0466 0.9370 -0.3461
vn -0.0247 0.9594 -0.2809
vn 0.2156 0.9617 -0.1692
vn 0.3489 0.9360 0.0469
vn -0.6860 0.0250 0.7271
vn 0.3706 -0.9276 0.0470
vn 0.2452 -0.9685 0.0431
vn -0.4097 0.8695 -0.2758
vn -0.4236 0.8459 -0.3241
vn -0.5030 0.8067 -0.3101
vn -0.9977 -0.0225 0.0644
vn -0.7838 -0.1101 0.6112
vn -0.8848 -0.4619 0.0611
vn -0.1038 -0.8731 0.4763
vn 0.0724 -0.9275 0.3668
vn -0.0931 -0.9616 0.2581
vn 0.0714 -0.9944 0.0780
vn 0.0226 -0.9755 0.2189
vn 0.1191 -0.9822 0.1452
vn 0.0434 -0.0973 -0.9943
vn 0.4742 -0.4763 -0.7404
vn -0.0602 0.2772 0.9589
vn -0.7190 -0.0521 0.6930
vn -0.0065 -0.9915 0.1301
vn -0.0342 -0.9759 0.2155
vn 0.0544 -0.9912 0.1209
vn -0.0172 0.5047 -0.8631
vn -0.0784 0.8925 -0.4443
vn 0.0342 -0.0627 -0.9974
vn -0.7630 0.6275 -0.1550
vn -0.9957 0.0905 0.0223
vn -0.2048 0.9683 -0.1432
vn -0.5485 0.3588 -0.7552
vn 0.8854 -0.1295 -0.4465
vn 0.9039 -0.3404 -0.2591
vn 0.8418 -0.4173 -0.3424
vn 0.4303 0.3513 0.8315
vn 0.5644 0.2208 0.7954
vn 0.2809 -0.1004 0.9545
vn -0.0275 0.8943 -0.4466
vn 0.0171 0.9601 -0.2793
vn 0.0250 0.4679 -0.8834
vn 0.0151 0.9450 -0.3266
vn 0.0475 0.0393 -0.9981
vn -0.8056 -0.5266 -0.2714
vn -0.6908 -0.6539 -0.3084
vn -0.8188 -0.5716 -0.0538
vn 0.3470 0.8614 -0.3709
vn 0.6154 0.7868 -0.0475
vn 0.6578 0.7512 -0.0544
vn -0.0139 -0.6177 0.7863
vn -0.0215 -0.2784 0.9602
vn -0.0717 0.4160 0.9066
vn 0.0705 -0.9626 0.2615
vn 0.0053 -0.9772 0.2122
vn 0.8139 0.4239 -0.3974
vn 0.0439 0.9304 -0.3639
vn 0.5982 0.7711 -0.2181
vn -0.3582 -0.2919 -0.8868
vn -0.7503 0.6600 -0.0386
vn 0.0048 0.1341 -0.9910
vn -0.1430 0.8965 -0.4194
vn -0.1341 0.9087 -0.3952
vn -0.0985 0.9283 -0.3585
vn -0.9187 0.3159 0.2372
vn -0.7734 0.6319 0.0501
vn 0.6831 0.6081 0.4045
vn -0.0227 -0.9956 0.0905
vn 0.0043 -0.9530 0.3029
vn 0.0191 -0.9861 0.1652
vn 0.1337 0.7933 -0.5940
vn -0.2196 0.8347 -0.5051
vn -0.3043 0.6780 -0.6691
vn 0.0011 -0.9991 -0.0418
vn -0.0141 -0.9749 -0.2222
vn 0.0220 -0.9984 0.0513
vn -0.2715 -0.7732 0.5731
vn -0.8474 -0.1936 0.4943
vn -0.0123 0.9672 -0.2536
vn -0.0585 0.9698 -0.2368
vn 0.2422 0.1570 -0.9575
vn -0.1641 0.9129 0.3736
vn -0.0076 0.5677 -0.8232
vn 0.7156 0.0377 -0.6975
vn 0.7809 0.3619 -0.5092
vn 0.6051 0.2613 -0.7520
vn -0.8038 -0.3812 -0.4567
vn 0.1825 -0.5969 -0.7813
vn 0.2285 -0.0562 0.9719
vn 0.0042 0.0432 0.9991
vn 0.6455 -0.7321 0.2177
vn -0.8182 -0.0035 0.5749
vn -0.7413 -0.2318 0.6299
vn 0.0214 -0.9180 0.3960
vn 0.0061 -0.8761 0.4821
vn 0.0302 -0.8879 0.4591
vn 0.0198 0.4397 0.8979
vn -0.5524 0.0375 0.8327
vn 0.3596 0.8769 -0.3190
vn 0.0047 0.9692 -0.2464
vn 0.0827 0.9094 -0.4076
vn 0.0662 0.9486 -0.3096
vn 0.0026 0.9733 -0.2295
vn 0.0470 0.9879 -0.1476
vn -0.8298 -0.5077 0.2319
vn -0.8372 0.5468 -0.0134
vn -0.8018 0.5856 -0.1189
vn 0.0733 0.9651 -0.2513
vn 0.1564 0.9704 -0.1840
vn -0.2411 -0.9567 0.1630
vn -0.0241 -0.9918 0.1257
vn -0.2459 -0.9654 0.0865
vn 0.6659 0.5237 -0.5313
vn 0.1925 0.2441 0.9504
vn -0.1101 0.9621 -0.2496
vn -0.1793 0.9477 -0.2641
vn -0.1792 0.9555 -0.2344
vn -0.5806 -0.4600 0.6718
vn -0.3310 -0.6890 0.6448
vn 0.0241 0.9588 -0.2831
vn 0.0527 0.9617 -0.2689
vn 0.0382 -0.7066 0.7066
vn 0.0170 -0.6651 0.7465
vn 0.0073 -0.5844 0.8115
vn 0.0380 -0.9974 -0.0611
vn 0.0787 -0.9868 -0.1419
vn 0.0554 0.9735 -0.2219
vn 0.0289 0.9730 -0.2291
vn -0.0260 0.9617 -0.2730
vn -0.2616 -0.8411 0.4734
vn -0.6593 -0.6363 0.4006
vn -0.1151 -0.8215 0.5584
vn -0.0941 -0.9583 0.2700
vn -0.8291 -0.5560 0.0592
vn -0.6493 -0.7162 0.2558
vn -0.2315 0.9089 -0.3467
vn -0.2590 0.8111 -0.5245
vn 0.3948 0.6033 -0.6929
vn -0.4141 -0.8355 0.3613
vn -0.2087 -0.9602 0.1854
vn -0.1172 -0.9308 0.3462
vn 0.2179 0.9512 -0.2184
vn 0.2041 0.9613 -0.1853
vn 0.3197 0.9322 -0.1694
vn 0.8549 0.5082 -0.1039
vn 0.6026 -0.7383 0.3029
vn 0.8262 0.5356 -0.1747
vn -0.1083 -0.9941 0.0053
vn -0.1339 -0.9846 0.1128
vn -0.0768 -0.9887 0.1284
vn -0.1171 -0.8770 -0.4660
vn 0.0725 -0.5421 -0.8372
vn 0.4683 -0.7413 -0.4809
vn -0.1241 0.9595 -0.2529
vn -0.0238 0.9625 -0.2702
vn 0.5933 0.7941 -0.1321
vn -0.3223 0.6052 -0.7279
vn 0.7681 0.5492 -0.3294
vn 0.5092 0.8605 -0.0155
vn 0.6247 0.7395 0.2508
vn 0.7005 0.6915 0.1764
vn -0.0369 -0.9372 0.3467
vn -0.0666 -0.8283 0.5563
vn -0.7190 -0.5850 0.3751
vn 0.2535 -0.7589 0.5998
vn 0.8417 -0.3181 0.4363
vn 0.8635 -0.4509 0.2257
vn 0.3290 0.9381 0.1085
vn 0.5478 -0.4893 0.6786
vn -0.8200 -0.0698 -0.5681
vn -0.0605 0.1360 -0.9889
vn -0.1735 0.0740 -0.9820
vn 0.7561 0.4710 0.4545
vn 0.7049 0.3888 0.5933
vn 0.1085 -0.2349 0.9659
vn -0.8220 -0.0577 -0.5666
vn -0.9185 -0.0726 -0.3886
vn -0.8471 0.2952 -0.4419
vn -0.7119 -0.6726 0.2020
vn -0.9340 0.0383 -0.3553
vn -0.1715 -0.8826 0.4378
vn 0.7682 -0.3030 0.5640
vn 0.7526 -0.4790 0.4518
vn 0.7927 -0.4423 0.4195
vn -0.5069 -0.0222 0.8617
vn -0.8300 -0.2503 -0.4985
vn -0.8531 -0.2980 0.4282
vn 0.3440 0.2059 0.9161
vn -0.9090 0.3927 -0.1398
vn -0.9910 -0.0151 -0.1332
vn -0.9858 -0.1622 -0.0435
vn -0.0245 0.9729 -0.2301
vn 0.0067 0.9646 -0.2635
vn 0.5804 -0.6157 -0.5329
vn 0.8607 0.4630 -0.2117
vn 0.8045 0.5906 0.0631
vn 0.9078 0.3899 -0.1545
vn -0.0014 0.4055 0.9141
vn -0.7109 0.3429 0.6140
vn 0.7071 0.2312 0.6683
vn -0.0099 -0.9508 0.3097
vn -0.0583 -0.9474 0.3148
vn 0.0071 -0.9353 0.3538
vn -0.2609 -0.8649 0.4289
vn -0.0721 -0.7627 0.6428
vn -0.0276 -0.9970 0.0727
vn 0.0886 -0.9873 -0.1315
vn 0.0171 -0.9983 0.0564
vn -0.0148 -0.9686 -0.2481
vn -0.0138 -0.9979 0.0629
vn 0.0115 -0.9977 -0.0663
vn 0.1314 -0.9459 0.2966
vn 0.3533 -0.8879 0.2947
vn -0.4562 -0.1762 -0.8722
vn 0.7410 0.5011 0.4470
vn 0.6522 0.5989 0.4648
vn 0.7906 -0.5936 -0.1502
vn 0.4316 -0.6407 -0.6350
vn 0.3966 -0.1334 -0.9083
vn 0.4849 0.1599 -0.8598
vn 0.3774 0.1932 -0.9057
vn 0.9899 0.1377 -0.0327
vn 0.5361 0.8038 -0.2579
vn 0.5335 0.7129 -0.4551
vn -0.6025 -0.7115 0.3616
vn -0.3258 -0.9264 0.1888
vn -0.3500 -0.8918 0.2866
vn 0.9666 -0.0100 0.2563
vn 0.0026 -0.9552 0.2960
vn -0.0248 -0.9655 0.2590
vn 0.0595 -0.8783 0.4743
vn -0.7292 -0.5704 -0.3779
vn -0.4456 -0.3675 0.8163
vn 0.0795 -0.1661 0.9829
vn 0.9157 -0.3412 0.2123
vn 0.5200 0.4799 -0.7066
vn 0.5304 0.5646 -0.6324
vn 0.6027 0.5015 -0.6207
vn -0.0954 0.3675 0.9251
vn -0.6687 -0.3767 0.6411
vn 0.1873 0.9193 -0.3460
vn 0.1838 0.9285 -0.3226
vn 0.0967 0.9280 -0.3599
vn -0.0714 0.9764 -0.2039
vn -0.1292 0.9718 -0.1971
vn 0.0210 0.9739 -0.2262
vn -0.3396 -0.7158 -0.6102
vn 0.6680 0.5817 0.4642
vn 0.1841 0.1177 0.9758
vn 0.0246 0.2548 0.9667
vn -0.1309 -0.2392 0.9621
vn 0.0971 0.3273 0.9399
vn 0.0133 0.9910 0.1335
vn 0.6729 0.7249 -0.1472
vn 0.9178 -0.0407 -0.3950
vn 0.9862 -0.0136 -0.1651
vn 0.0067 0.8513 -0.5246
vn -0.1792 0.9094 -0.3754
vn 0.7570 0.5351 -0.3749
vn 0.8162 0.5733 -0.0720
vn 0.8904 0.3690 -0.2667
vn -0.8213 0.4850 -0.3002
vn -0.0558 0.8506 -0.5229
vn 0.0404 -0.3657 -0.9299
vn -0.2062 0.9056 -0.3707
vn -0.2220 0.9157 -0.3350
vn -0.1502 0.9037 -0.4010
vn 0.2442 0.9141 -0.3238
vn 0.2154 0.9350 -0.2816
vn 0.2684 0.8979 -0.3488
vn -0.2751 -0.9404 0.1998
vn -0.3134 -0.9115 0.2663
vn -0.2289 -0.9453 0.2323
vn -0.7159 -0.6532 -0.2465
vn -0.7503 -0.6244 -0.2173
vn -0.6898 -0.6970 -0.1961
vn 0.4536 0.0626 0.8890
vn 0.4202 0.0927 0.9027
vn 0.6700 0.1644 0.7239
vn -0.5557 -0.7638 0.3283
vn -0.4716 -0.8506 0.2324
vn -0.4775 -0.8525 0.2129
vn 0.6329 -0.6146 -0.4709
vn 0.8839 0.3702 -0.2856
vn 0.8695 -0.4183 -0.2627
vn 0.0211 -0.7385 -0.6739
vn 0.8960 -0.2553 0.3632
vn 0.0097 -0.7957 0.6056
vn -0.7779 0.6244 -0.0707
vn -0.7034 0.6919 -0.1631
vn -0.9559 0.2817 -0.0826
vn 0.3855 0.9132 -0.1323
vn 0.3557 0.9319 -0.0716
vn 0.0337 -0.8941 0.4465
vn 0.0484 -0.8972 0.4390
vn 0.9434 -0.3252 0.0654
vn -0.7484 -0.2618 -0.6094
vn -0.8494 0.3299 0.4120
vn -0.8981 -0.4359 -0.0577
vn -0.3941 0.8907 -0.2268
vn -0.3851 0.8880 -0.2513
vn 0.0279 0.9448 -0.3265
vn 0.0149 -0.9358 -0.3523
vn 0.0358 -0.8381 -0.5443
vn 0.0732 -0.9493 -0.3058
vn 0.7953 -0.5783 -0.1818
vn 0.7692 -0.6337 -0.0825
vn 0.6395 -0.7684 -0.0243
vn 0.0945 0.0099 -0.9955
vn 0.6970 -0.4797 -0.5330
vn -0.5342 0.0774 -0.8418
vn -0.6824 -0.6916 0.2365
vn -0.8297 -0.5191 0.2054
vn -0.0696 0.9917 -0.1077
vn -0.1427 0.9522 -0.2701
vn 0.0490 -0.9971 0.0579
vn -0.2862 0.9101 0.2997
vn -0.7360 -0.1863 0.6509
vn -0.4131 0.8609 0.2969
vn 0.3020 0.8955 -0.3269
vn 0.0531 0.8909 -0.4512
vn 0.1332 0.8155 -0.5632
vn 0.1550 -0.9753 -0.1577
vn 0.0938 -0.9475 -0.3056
vn 0.0322 -0.9939 -0.1051
vn -0.0175 -0.9028 0.4298
vn -0.0240 -0.9662 -0.2565
vn -0.0408 0.8705 -0.4904
vn 0.6907 -0.2792 0.6671
vn 0.4919 0.8598 0.1368
vn 0.2629 0.9186 -0.2949
vn 0.3420 0.8836 -0.3197
vn 0.0020 -0.9513 0.3081
vn 0.0287 -0.9016 0.4315
vn -0.0727 -0.8778 0.4736
vn -0.1143 -0.9931 0.0258
vn 0.0184 -0.9607 0.2771
vn 0.0779 -0.9055 0.4170
vn -0.6817 -0.6276 0.3761
vn 0.7359 0.4145 -0.5355
vn 0.3467 0.3630 -0.8649
vn -0.3662 -0.7660 -0.5284
vn -0.5931 -0.7907 -0.1519
vn 0.1750 -0.9438 -0.2803
vn -0.7829 -0.4779 0.3984
vn -0.7283 -0.5216 0.4444
vn -0.8207 -0.3628 0.4414
vn 0.7949 -0.5650 0.2211
vn 0.7369 -0.5799 0.3473
vn 0.7115 -0.6612 0.2377
vn -0.6761 0.7293 0.1044
vn -0.9565 -0.2022 -0.2103
vn -0.1799 -0.9505 0.2533
vn -0.3053 -0.4474 -0.8406
vn -0.7132 -0.6653 -0.2207
vn -0.2168 -0.1090 0.9701
vn 0.1848 -0.1206 0.9754
vn 0.4805 -0.1974 -0.8545
vn 0.9494 0.0681 -0.3066
vn 0.9808 0.0912 -0.1725
vn -0.9561 0.0164 0.2925
vn -0.9776 0.0445 0.2058
vn -0.2251 -0.8528 0.4712
vn -0.1440 -0.9632 0.2269
vn -0.0316 -0.9887 0.1464
vn -0.0339 -0.9275 0.3724
vn -0.3582 0.8963 -0.2615
vn -0.2318 0.9440 -0.2347
vn -0.4269 0.8534 -0.2990
vn 0.1862 0.9348 -0.3025
vn 0.3988 0.8956 -0.1973
vn -0.6582 -0.6675 0.3482
vn -0.4631 -0.7313 0.5008
vn 0.3883 0.8874 -0.2486
vn -0.6065 -0.7846 0.1286
vn -0.6580 -0.7469 -0.0955
vn -0.6060 -0.7872 0.1145
vn -0.0536 0.9649 -0.2570
vn 0.0988 0.9876 -0.1223
vn 0.5004 0.8625 0.0756
vn 0.4037 -0.8949 0.1904
vn 0.1989 -0.9692 0.1455
vn 0.0954 -0.9876 0.1245
vn 0.2807 0.9007 -0.3316
vn 0.2833 0.9092 -0.3051
vn 0.3464 0.8699 -0.3510
vn 0.0719 0.9667 -0.2457
vn 0.3477 0.3556 -0.8676
vn 0.5514 0.1363 -0.8231
vn 0.9135 -0.3643 -0.1812
vn -0.5503 -0.1978 0.8112
vn -0.4600 -0.3534 0.8145
vn -0.3878 -0.2363 0.8909
vn -0.1467 0.8479 -0.5095
vn -0.7132 0.6283 0.3108
vn -0.0497 -0.9774 -0.2056
vn 0.0048 -0.9995 -0.0322
vn 0.1251 -0.8066 0.5776
vn -0.2685 -0.4670 0.8425
vn 0.2370 -0.8698 0.4329
vn 0.6176 0.7401 0.2663
vn 0.8512 0.5183 0.0823
vn 0.8609 0.3544 -0.3650
vn 0.6220 -0.7608 0.1852
vn 0.9903 0.1324 0.0414
vn -0.2303 0.3245 -0.9174
vn -0.2860 0.2659 -0.9206
vn -0.0796 0.3042 -0.9493
vn -0.1530 0.9848 -0.0828
vn -0.5070 0.8416 -0.1863
vn -0.4032 0.8660 -0.2959
vn 0.6742 0.6163 -0.4070
vn 0.6422 0.6298 -0.4370
vn 0.7911 0.5190 -0.3237
vn 0.6699 0.5217 0.5283
vn 0.8000 0.3560 0.4830
vn 0.7671 0.4929 0.4106
vn -0.0402 0.9635 -0.2647
vn -0.0705 0.9468 -0.3141
vn -0.4008 0.1287 0.9071
vn 0.5391 -0.4731 0.6968
vn -0.2831 -0.5755 0.7673
vn -0.3324 -0.7237 0.6048
vn -0.1639 -0.3555 0.9202
vn -0.3506 0.4333 0.8303
vn -0.7172 0.3576 0.5982
vn -0.2122 0.6221 0.7536
vn 0.9909 0.0820 -0.1064
vn -0.5531 0.3557 0.7534
vn -0.3356 -0.0660 0.9397
vn 0.1747 -0.9548 -0.2404
vn 0.1022 -0.9541 -0.2816
vn -0.2036 -0.2857 0.9365
vn -0.1590 -0.3313 0.9300
vn -0.2558 0.7662 -0.5895
vn -0.1782 0.8368 -0.5177
vn -0.2461 0.5038 -0.8280
vn -0.3873 0.8207 -0.4201
vn 0.3458 0.9348 -0.0809
vn 0.5607 -0.1045 0.8214
vn -0.5875 -0.6784 0.4412
vn 0.3140 0.8577 -0.4072
vn -0.3883 0.4474 -0.8056
vn -0.0533 0.9551 0.2913
vn 0.0304 -0.0413 0.9987
vn 0.2075 -0.9718 -0.1123
vn 0.3623 -0.8989 -0.2462
vn 0.2484 -0.8854 -0.3930
vn -0.2111 -0.9586 0.1910
vn 0.0603 -0.9821 0.1783
vn 0.1305 -0.9689 0.2102
vn 0.0889 0.9284 -0.3609
vn -0.5843 -0.5766 0.5711
vn 0.4987 -0.8390 0.2176
vn 0.1813 -0.9834 0.0009
vn 0.0789 -0.9869 0.1408
vn 0.1649 -0.9532 0.2532
vn -0.5150 0.5397 -0.6660
vn 0.3559 0.9343 0.0208
vn -0.0794 0.9738 -0.2132
vn 0.0507 0.9904 -0.1286
vn 0.1696 0.9479 -0.2697
vn 0.6648 -0.3651 0.6517
vn -0.0323 -0.6571 0.7531
vn -0.8842 0.4416 -0.1524
vn -0.9415 0.3183 -0.1109
vn -0.8033 0.4570 0.3819
vn -0.2029 0.8517 -0.4832
vn 0.5370 0.6362 -0.5540
vn 0.9654 -0.2504 0.0731
vn 0.8138 0.5736 -0.0939
vn -0.0299 -0.9868 0.1589
vn -0.0554 -0.9708 0.2332
vn -0.0924 -0.9943 0.0536
vn 0.0421 -0.9448 0.3249
vn 0.0361 -0.9562 0.2906
vn 0.0449 -0.9481 0.3148
vn 0.0449 -0.9886 0.1434
vn 0.1345 -0.9879 0.0767
vn -0.0413 -0.9888 0.1434
vn 0.8777 0.4306 -0.2101
vn 0.2308 -0.8981 0.3745
vn 0.5699 -0.5872 0.5749
vn 0.6475 -0.6810 0.3419
vn -0.3784 0.2723 -0.8847
vn -0.3161 0.3919 -0.8640
vn 0.5751 -0.7756 0.2603
vn 0.9743 -0.1522 0.1660
vn 0.9796 0.2005 0.0125
vn 0.1594 0.3278 -0.9312
vn 0.0233 0.1827 -0.9829
vn 0.3165 0.2492 -0.9153
vn 0.8239 0.5482 -0.1437
vn 0.5516 0.7818 -0.2906
vn 0.8266 0.5623 -0.0249
vn -0.0914 0.9465 -0.3095
vn 0.4652 0.8462 -0.2598
vn 0.3963 0.8569 -0.3296
vn 0.3402 0.9051 -0.2550
vn -0.1679 -0.9841 0.0587
vn 0.4300 -0.4719 -0.7697
vn -0.4737 -0.8536 0.2167
vn -0.0482 -0.9398 0.3384
vn 0.3222 0.6559 -0.6826
vn 0.4030 0.7112 -0.5760
vn 0.7030 0.4570 -0.5448
vn -0.2986 0.8619 -0.4099
vn -0.1961 0.9423 -0.2713
vn -0.4478 0.8333 -0.3242
vn 0.7430 0.6373 -0.2046
vn 0.3826 0.7799 0.4954
vn 0.6256 0.7024 0.3395
vn 0.4088 0.8566 -0.3148
vn 0.3807 0.8701 -0.3131
vn 0.4350 0.8403 -0.3237
vn -0.1536 0.6316 0.7599
vn -0.1471 0.6110 0.7778
vn -0.1659 0.4564 0.8741
vn -0.1841 0.9403 0.2863
vn 0.8594 0.0800 0.5051
vn -0.1532 0.2230 0.9627
vn 0.4903 0.5397 0.6843
vn -0.1812 0.5054 0.8437
vn -0.0320 -0.9420 0.3342
vn -0.0347 -0.9746 0.2214
vn -0.0193 -0.9343 0.3558
vn -0.0401 0.9704 -0.2382
vn -0.1004 0.9467 -0.3060
vn -0.6958 0.4248 0.5792
vn -0.5642 0.3303 0.7567
vn -0.8409 0.4417 0.3127
vn -0.8552 0.5070 -0.1076
vn -0.5058 0.0645 0.8602
vn 0.9228 -0.1440 0.3574
vn -0.1499 -0.7439 0.6513
vn -0.5033 -0.7478 0.4330
vn -0.7428 0.5991 -0.2989
vn -0.9920 -0.0042 -0.1259
vn -0.9040 -0.4233 0.0593
vn 0.0308 -0.9895 -0.1410
vn 0.3430 -0.7272 -0.5946
vn 0.2435 -0.9381 -0.2464
vn -0.8535 0.2261 0.4695
vn -0.9634 0.1886 0.1903
vn -0.8470 0.1635 0.5058
vn -0.7653 -0.5815 -0.2760
vn -0.7650 -0.5957 -0.2448
vn -0.1482 -0.6279 0.7640
vn -0.0479 -0.9501 0.3084
vn -0.0828 -0.9116 0.4027
vn 0.8485 -0.4276 0.3118
vn 0.8683 -0.4268 0.2528
vn -0.5271 0.0460 -0.8485
vn 0.3106 -0.1961 -0.9301
vn -0.8830 -0.0552 -0.4662
vn -0.4892 0.7788 -0.3927
vn -0.4533 0.7830 -0.4259
vn -0.4813 0.8496 -0.2156
vn -0.0182 -0.9712 0.2377
vn -0.6525 -0.7427 0.1505
vn -0.6502 -0.7071 0.2780
vn -0.8346 0.3070 0.4573
vn -0.6619 0.7442 0.0897
vn -0.1982 0.9278 -0.3160
vn -0.6360 0.7663 -0.0914
vn -0.9648 0.2490 -0.0846
vn -0.9998 -0.0180 -0.0029
vn 0.0959 0.9837 -0.1518
vn -0.5917 0.7693 0.2410
vn 0.5510 0.6526 -0.5201
vn -0.4901 -0.6617 -0.5674
vn -0.9822 -0.0090 -0.1878
vn 0.0884 0.6407 -0.7627
vn 0.2090 0.4379 -0.8744
vn 0.7662 0.6065 -0.2123
vn 0.9872 -0.1101 0.1150
vn 0.8760 0.4753 -0.0817
vn 0.9947 -0.0697 0.0761
vn 0.1733 0.0715 0.9823
vn 0.2593 0.3012 0.9176
vn 0.0647 -0.0410 0.9971
vn -0.7535 0.6461 0.1217
vn -0.7737 0.6017 0.1984
vn -0.8101 -0.1111 0.5757
vn 0.6031 -0.5850 0.5423
vn -0.5398 -0.7700 0.3401
vn 0.4682 -0.8740 -0.1299
vn 0.0650 0.9465 -0.3160
vn -0.0129 0.9474 -0.3197
vn -0.3981 0.8255 -0.4000
vn 0.3082 -0.7661 -0.5640
vn 0.2905 -0.6173 -0.7311
vn 0.3375 -0.8944 -0.2936
vn 0.6590 -0.5967 -0.4580
vn 0.4143 -0.8635 -0.2876
vn 0.7943 -0.5042 0.3391
vn 0.6677 -0.6524 0.3585
vn 0.4805 -0.7978 0.3642
vn 0.1658 -0.1339 0.9770
vn -0.7049 0.3347 0.6254
vn -0.7422 0.1670 0.6491
vn 0.6851 -0.6805 0.2599
vn 0.1388 0.8884 -0.4376
vn 0.3358 0.8864 -0.3185
vn 0.0314 0.7405 -0.6713
vn 0.6712 0.2267 0.7058
vn 0.9777 -0.2041 -0.0495
vn -0.5150 -0.5446 0.6620
vn -0.2947 -0.8938 0.3380
vn -0.3216 -0.6759 0.6631
vn 0.6184 -0.7842 0.0519
vn -0.9798 0.1699 -0.1053
vn -0.9876 0.1106 -0.1116
vn -0.6783 0.7022 -0.2162
vn 0.5120 -0.8561 -0.0707
vn 0.6717 -0.7222 -0.1650
vn -0.3928 0.8635 -0.3163
vn -0.4963 0.8163 -0.2953
vn -0.5790 -0.7197 -0.3830
vn -0.6225 -0.6753 -0.3956
vn -0.3933 -0.3985 -0.8286
vn 0.1954 0.9533 -0.2303
vn 0.0713 0.9929 -0.0953
vn 0.0953 0.9770 -0.1909
vn 0.2003 -0.7110 0.6740
vn -0.3706 -0.2219 -0.9019
vn -0.1920 -0.2017 -0.9604
vn 0.0578 -0.9884 0.1406
vn 0.1048 -0.9839 0.1445
vn 0.0808 -0.9921 0.0955
vn -0.8406 0.4851 0.2412
vn -0.5393 0.8035 0.2520
vn -0.0352 0.8599 -0.5093
vn 0.0264 0.6974 -0.7162
vn -0.6946 0.6951 -0.1853
vn -0.8700 0.4271 -0.2462
vn -0.0071 0.9745 -0.2244
vn 0.0899 0.9612 -0.2606
vn 0.0885 0.9588 -0.2698
vn -0.0029 -0.9992 0.0396
vn 0.1193 0.9495 -0.2901
vn -0.0599 0.9853 -0.1598
vn 0.0917 0.9876 -0.1277
vn 0.9861 -0.1471 0.0768
vn 0.6108 -0.2228 0.7598
vn 0.9077 -0.0367 0.4180
vn -0.8337 0.0104 0.5521
vn -0.8544 0.2173 0.4721
vn -0.9001 0.2397 0.3638
vn -0.5851 0.3993 0.7059
vn 0.2922 -0.9194 0.2631
vn 0.0859 -0.9009 0.4255
vn 0.3623 -0.8713 0.3311
vn -0.0249 -0.0539 -0.9982
vn -0.2355 -0.6732 -0.7009
vn 0.2267 -0.2460 -0.9424
vn -0.4761 0.7947 -0.3767
vn -0.4083 0.8830 -0.2316
vn -0.2715 -0.8205 0.5031
vn -0.6753 -0.6023 0.4257
vn -0.7170 -0.5379 0.4434
vn -0.7236 0.2716 -0.6346
vn -0.8670 0.0256 -0.4976
vn -0.1346 0.9524 -0.2734
vn -0.2014 0.9712 -0.1274
vn -0.1810 0.9785 -0.0991
vn -0.5553 -0.4074 0.7250
vn -0.1878 0.9144 0.3585
vn 0.5240 -0.2590 0.8114
vn 0.2669 -0.9612 0.0702
vn 0.5979 -0.8016 -0.0056
vn 0.9788 -0.1167 0.1681
vn 0.8791 0.2261 -0.4196
vn 0.5923 -0.7704 0.2359
vn 0.5570 -0.7780 0.2907
vn 0.0023 -0.9053 0.4247
vn 0.4888 -0.8541 0.1776
vn 0.6438 -0.7219 0.2537
vn -0.7971 0.5824 0.1592
vn -0.7666 0.6419 -0.0160
vn -0.2963 0.8824 0.3654
vn 0.9794 -0.1301 0.1544
vn 0.8560 -0.5169 0.0116
vn 0.9981 -0.0610 0.0100
vn -0.6934 -0.5748 0.4346
vn 0.0296 -0.8909 0.4531
vn -0.0774 0.9887 0.1283
vn 0.1954 0.9223 0.3334
vn -0.1867 0.8817 0.4332
vn 0.0259 0.6821 -0.7308
vn 0.0476 0.9882 0.1457
vn 0.0065 0.9301 0.3672
vn -0.9106 -0.2743 0.3092
vn -0.0747 0.9737 -0.2153
vn -0.1099 0.9813 -0.1582
vn 0.0175 0.9217 -0.3874
vn 0.7243 0.5953 -0.3478
vn 0.9867 -0.1617 -0.0188
vn 0.8196 0.4930 -0.2918
vn -0.0615 -0.4089 -0.9105
vn 0.5593 0.7132 -0.4224
vn 0.8910 0.2672 -0.3670
vn -0.1958 0.8663 -0.4595
vn -0.2617 0.9084 -0.3262
vn -0.1236 0.8825 -0.4538
vn 0.4365 -0.6019 -0.6688
vn 0.0222 0.9337 -0.3575
vn 0.3960 0.4111 -0.8211
vn 0.0880 0.7640 -0.6392
vn 0.1061 0.9002 -0.4224
vn 0.1582 0.7664 -0.6226
vn 0.8823 -0.4625 0.0877
vn 0.7977 -0.5677 0.2036
vn 0.9039 -0.4247 0.0511
vn 0.4622 0.8382 0.2894
vn 0.4429 0.8938 0.0699
vn 0.8749 0.4816 0.0513
vn -0.3604 -0.8022 0.4760
vn -0.3025 -0.8361 0.4577
vn -0.3414 -0.8511 0.3987
vn 0.0607 -0.9742 0.2172
vn 0.0654 -0.9970 0.0419
vn 0.1382 -0.9720 0.1902
vn 0.4177 -0.7554 0.5049
vn 0.5157 -0.6595 0.5468
vn 0.9090 -0.2217 0.3530
vn 0.0463 0.4236 -0.9047
vn -0.0485 0.8869 -0.4595
vn 0.1293 0.8493 -0.5118
vn -0.4987 0.7295 -0.4682
vn 0.9333 0.3354 0.1282
vn 0.7432 0.6656 -0.0684
vn -0.6659 0.6808 -0.3051
vn -0.6690 0.6540 -0.3533
vn -0.7203 -0.6459 -0.2529
vn -0.5369 -0.8379 -0.0985
vn -0.6914 0.1363 -0.7095
vn -0.5200 0.2379 -0.8204
vn -0.2338 0.9254 0.2984
vn -0.2219 0.9486 0.2255
vn 0.5779 0.6111 0.5410
vn 0.6868 0.1852 0.7028
vn -0.6734 0.5322 -0.5132
vn 0.0304 0.8424 -0.5381
vn -0.0531 -0.9832 0.1746
vn -0.0813 -0.9845 0.1553
vn -0.1430 -0.9797 0.1404
vn -0.0090 0.9268 -0.3755
vn -0.0007 0.9625 -0.2711
vn 0.0340 0.9975 0.0615
vn -0.1479 0.9443 -0.2940
vn -0.0477 0.9638 -0.2624
vn -0.0071 0.3086 -0.9512
vn -0.0290 -0.1952 -0.9803
vn 0.8027 -0.3589 -0.4762
vn -0.2296 0.9525 -0.2000
vn -0.6736 -0.6890 0.2676
vn -0.3654 -0.8448 0.3909
vn 0.4657 -0.8037 0.3703
vn 0.0275 0.9599 -0.2791
vn -0.2632 0.9196 -0.2917
vn 0.7403 -0.1908 -0.6446
vn 0.9566 -0.0403 -0.2885
vn -0.9861 -0.0801 0.1453
vn -0.7050 -0.6700 0.2323
vn -0.1331 -0.9413 0.3102
vn 0.6286 0.7347 -0.2553
vn 0.8546 0.4465 -0.2650
vn -0.3488 0.3990 0.8480
vn -0.2267 0.3980 0.8889
vn -0.1917 -0.7957 0.5745
vn 0.5335 -0.8380 0.1144
vn 0.1646 -0.9834 0.0770
vn 0.4301 0.4261 -0.7959
vn -0.1650 0.6979 -0.6969
vn 0.0234 0.0291 -0.9993
vn -0.0112 -0.9441 0.3296
vn -0.0074 -0.8962 0.4437
vn 0.8586 0.4785 -0.1841
vn 0.9491 0.2956 -0.1087
vn 0.8721 -0.4492 0.1941
vn 0.9544 -0.2984 -0.0051
vn -0.0231 -0.9062 -0.4223
vn -0.0291 -0.9627 -0.2688
vn -0.0478 -0.9949 -0.0892
vn 0.6974 0.4682 -0.5426
vn 0.5968 0.7013 -0.3899
vn 0.8524 0.2504 -0.4591
vn 0.9929 -0.0855 0.0828
vn 0.9247 -0.2442 -0.2921
vn 0.0733 -0.3143 -0.9465
vn 0.1416 -0.1261 -0.9819
vn 0.0438 -0.7136 -0.6991
vn 0.0377 -0.8980 -0.4384
vn 0.0023 0.7789 -0.6271
vn -0.0407 0.6683 -0.7428
vn 0.1287 0.9614 -0.2432
vn 0.2123 0.9300 -0.2999
vn 0.1749 0.9445 -0.2782
vn -0.1501 0.8249 -0.5450
vn 0.0273 0.8294 0.5580
vn 0.0180 -0.9090 0.4164
vn 0.0591 -0.9410 0.3332
vn -0.2178 0.9755 -0.0302
vn -0.0976 -0.9799 0.1742
vn -0.1567 -0.9634 0.2175
vn -0.1355 -0.9839 0.1165
vn 0.5259 0.6317 -0.5695
vn 0.3245 0.5473 -0.7714
vn 0.4749 0.3391 -0.8121
vn 0.5005 -0.3786 0.7785
vn 0.1327 0.9869 -0.0922
vn 0.0044 0.0361 -0.9993
vn -0.3107 0.7807 -0.5422
vn -0.2934 0.8609 -0.4156
vn -0.2365 0.8586 -0.4548
vn 0.0555 0.8080 -0.5865
vn -0.0657 0.8543 -0.5156
vn -0.0100 0.9121 -0.4098
vn -0.1519 0.9561 -0.2506
vn -0.0644 0.9545 -0.2913
vn -0.6006 0.7689 -0.2195
vn -0.2951 -0.8936 0.3382
vn 0.5663 -0.7821 0.2600
vn 0.6450 -0.7514 0.1395
vn 0.0837 0.9780 -0.1908
vn 0.0055 0.9621 -0.2726
vn 0.2368 0.9122 -0.3343
vn -0.1846 -0.3008 0.9357
vn -0.0044 0.2954 0.9554
vn 0.4212 0.3817 -0.8227
vn 0.8219 0.1276 0.5551
vn 0.6732 0.2208 -0.7057
vn -0.3937 -0.8133 0.4285
vn 0.5914 -0.7141 0.3744
vn 0.3724 -0.8245 -0.4260
vn -0.0102 -0.9984 0.0563
vn -0.5288 -0.6188 0.5809
vn -0.4952 -0.8321 0.2497
vn -0.7958 -0.2382 0.5567
vn -0.7210 -0.6891 0.0723
vn -0.7675 -0.6352 -0.0862
vn -0.2784 -0.9483 0.1524
vn -0.1197 -0.7582 0.6409
vn -0.0266 -0.8675 0.4967
vn 0.6455 -0.6071 0.4635
vn 0.9511 0.2828 0.1246
vn 0.9253 -0.0892 0.3686
vn -0.2001 0.9638 0.1761
vn -0.0038 0.9996 0.0275
vn -0.1136 0.9933 0.0214
vn -0.2248 -0.9132 0.3400
vn -0.2105 -0.9240 0.3194
vn -0.2798 -0.9007 0.3324
vn 0.9868 -0.1558 -0.0431
vn -0.4890 -0.5239 0.6974
vn 0.4820 -0.5687 0.6665
vn -0.3650 -0.9054 -0.2168
vn -0.8013 0.3086 0.5126
vn -0.9307 -0.1911 -0.3118
vn -0.9741 0.0964 0.2046
vn -0.5578 -0.8295 0.0286
vn -0.0519 -0.9932 0.1038
vn 0.4183 -0.9061 0.0624
vn 0.1674 0.1078 -0.9800
vn 0.4332 -0.7737 0.4623
vn -0.1135 0.6726 0.7313
vn 0.0706 -0.9897 0.1245
vn 0.0045 -0.9981 -0.0611
vn 0.7009 0.6148 -0.3617
vn -0.2755 0.7713 0.5737
vn -0.0076 -0.9145 0.4046
vn 0.0980 -0.6321 0.7687
vn -0.2995 0.9299 0.2135
vn -0.1163 0.9622 0.2462
vn -0.1693 0.9808 0.0966
vn -0.4440 -0.8954 -0.0321
vn -0.4296 -0.9027 0.0227
vn -0.3726 -0.9244 -0.0813
vn -0.0287 0.9323 -0.3604
vn -0.4532 0.8726 -0.1824
vn -0.4056 0.9064 -0.1182
vn -0.2794 0.9549 -0.1002
vn 0.7430 0.6693 0.0010
vn 0.6173 -0.7765 -0.1264
vn -0.0904 0.6144 0.7838
vn -0.4694 0.8143 0.3415
vn -0.7141 0.2443 0.6560
vn -0.0198 -0.9375 0.3473
vn 0.2905 -0.8677 0.4033
vn -0.0023 -0.9350 0.3547
vn 0.1177 0.9756 -0.1854
vn 0.2308 0.9311 0.2826
vn -0.3047 0.9421 -0.1398
vn -0.9062 0.3105 -0.2871
vn -0.5587 -0.7900 0.2526
vn -0.6380 -0.7105 0.2968
vn -0.0537 -0.9662 -0.2520
vn 0.0397 -0.7854 -0.6177
vn -0.1271 -0.9851 -0.1159
vn 0.2886 -0.8508 -0.4391
vn -0.4121 0.8720 -0.2642
vn 0.5184 -0.7970 -0.3100
vn 0.0904 0.9605 -0.2631
vn -0.1052 0.8648 -0.4910
vn 0.5311 -0.6310 -0.5655
vn 0.0922 -0.3478 -0.9330
vn 0.0332 -0.6825 -0.7301
vn -0.0076 -0.9396 -0.3422
vn -0.7139 0.1850 0.6754
vn -0.8630 -0.4435 0.2420
vn -0.8619 -0.2714 0.4282
vn -0.1648 0.9355 -0.3126
vn 0.0175 0.9407 -0.3388
vn 0.1530 0.9285 -0.3385
vn 0.2321 0.8620 -0.4507
vn -0.2463 0.9170 -0.3138
vn -0.1204 0.9542 -0.2737
vn -0.0655 0.9416 -0.3303
vn -0.2883 0.9575 -0.0119
vn 0.2558 0.9387 -0.2313
vn 0.7767 0.4539 -0.4368
vn 0.5168 0.8539 0.0616
vn -0.8042 -0.5256 -0.2774
vn 0.9317 -0.2241 -0.2858
vn 0.9885 -0.1474 -0.0345
vn -0.8632 0.0498 -0.5024
vn -0.8617 -0.1522 -0.4840
vn -0.6723 0.1974 -0.7135
vn -0.0882 0.1238 0.9884
vn -0.3725 0.7493 0.5475
vn 0.2115 -0.9519 0.2218
vn -0.5632 -0.8218 0.0863
vn -0.8175 -0.5675 0.0986
vn 0.8766 0.4788 0.0483
vn 0.9351 -0.1783 0.3062
vn 0.9040 0.4243 -0.0522
vn -0.8427 0.1774 -0.5083
vn -0.6665 0.3339 -0.6666
vn 0.0715 -0.9788 0.1920
vn -0.0172 -0.9783 0.2066
vn -0.7494 -0.6461 0.1448
vn -0.6755 -0.7271 -0.1223
vn -0.3695 -0.8219 0.4336
vn 0.4312 -0.1201 -0.8942
vn -0.0325 -0.9829 0.1813
vn -0.0143 -0.9396 0.3419
vn -0.2596 0.9435 -0.2058
vn -0.1918 0.9578 -0.2139
vn -0.7340 0.6469 -0.2069
vn -0.2377 0.8561 -0.4589
vn -0.0673 -0.9843 0.1633
vn -0.1253 -0.9629 0.2389
vn 0.0248 0.9935 0.1111
vn -0.2752 0.9614 -0.0036
vn -0.1388 0.6473 0.7495
vn -0.5461 -0.8080 -0.2212
vn -0.6231 -0.7818 -0.0235
vn -0.5556 -0.7560 -0.3461
vn 0.3471 -0.9309 0.1139
vn 0.8853 -0.4546 0.0977
vn 0.9614 -0.2750 0.0120
vn 0.2496 0.9216 -0.2971
vn 0.0606 -0.0228 0.9979
vn 0.1294 -0.0643 0.9895
vn 0.9803 -0.0408 0.1933
vn -0.3261 0.6184 -0.7150
vn -0.2732 0.6149 -0.7397
vn -0.9995 -0.0163 -0.0260
vn -0.6658 -0.6595 0.3489
vn -0.8664 0.4414 -0.2335
vn -0.0170 -0.9929 0.1180
vn -0.0450 -0.9989 0.0140
vn -0.8869 0.3505 -0.3010
vn 0.4581 0.8813 -0.1161
vn 0.0747 0.8707 -0.4860
vn -0.3576 0.8866 -0.2934
vn -0.3513 0.9241 -0.1501
vn -0.2294 0.9340 -0.2739
vn 0.3063 -0.9507 0.0481
vn 0.3574 -0.9193 0.1645
vn 0.7164 0.6925 -0.0852
vn 0.0864 -0.2186 0.9720
vn -0.0554 -0.0032 0.9985
vn -0.5370 -0.6786 -0.5012
vn 0.0159 -0.7849 -0.6194
vn -0.8262 0.2211 0.5182
vn -0.6057 -0.6140 -0.5061
vn -0.4773 -0.4591 -0.7492
vn 0.1504 -0.8256 -0.5438
vn -0.8378 -0.2589 -0.4807
vn 0.2395 -0.3681 -0.8984
vn -0.0312 -0.1432 -0.9892
vn 0.4702 -0.8754 0.1120
vn 0.8081 0.0132 -0.5889
vn 0.8109 0.0407 -0.5837
vn -0.0992 0.2620 0.9600
vn -0.3175 0.1978 0.9274
vn -0.9731 0.2016 -0.1114
vn -0.9847 0.1582 -0.0734
vn -0.3076 0.8077 -0.5030
vn -0.0527 -0.9802 0.1911
vn 0.0059 -0.9891 0.1470
vn -0.0568 -0.9828 0.1756
vn 0.8471 -0.5228 0.0954
vn 0.4410 -0.8975 0.0001
vn 0.8137 0.2675 0.5161
vn 0.7706 0.4314 0.4691
vn -0.7864 -0.6125 0.0797
vn 0.5497 0.6426 0.5337
vn 0.0412 -0.3538 0.9344
vn 0.0224 -0.7909 0.6115
vn -0.8619 -0.0835 -0.5002
vn -0.8320 0.5012 -0.2377
vn -0.8027 -0.4653 -0.3730
vn -0.7082 -0.6661 -0.2338
vn 0.0997 -0.9625 -0.2523
vn -0.4322 0.7548 -0.4934
vn -0.1907 0.8518 -0.4880
vn -0.3675 0.8006 -0.4732
vn -0.3795 -0.8391 0.3897
vn 0.2533 -0.8652 0.4327
vn -0.6614 0.4705 0.5841
vn -0.4378 0.1920 0.8783
vn -0.2418 0.2768 0.9300
vn 0.7088 -0.1042 0.6977
vn 0.3935 -0.3048 0.8673
vn -0.0213 0.0504 0.9985
vn 0.1266 -0.4888 0.8632
vn -0.1606 0.9400 -0.3010
vn -0.2146 0.9196 -0.3291
vn -0.2129 0.9079 -0.3610
vn 0.4297 0.0667 0.9005
vn 0.4775 0.0896 0.8740
vn 0.4534 0.8053 -0.3820
vn 0.4419 0.8152 -0.3745
vn -0.0725 -0.9954 -0.0624
vn -0.0496 -0.9970 0.0589
vn -0.1119 -0.9937 0.0118
vn -0.5635 0.1825 0.8057
vn -0.4048 0.3164 0.8579
vn -0.2807 0.9497 -0.1391
vn -0.7599 -0.2458 -0.6018
vn -0.3568 -0.4250 -0.8319
vn 0.0841 0.9039 -0.4195
vn -0.0015 0.9275 -0.3738
vn -0.5246 0.6055 -0.5985
vn -0.6164 -0.5673 0.5461
vn -0.4615 -0.5902 0.6623
vn -0.3416 -0.3811 0.8591
vn -0.2846 -0.6052 0.7435
vn -0.2012 0.1145 0.9728
vn 0.0432 0.9723 -0.2298
vn 0.0865 0.9354 -0.3430
vn -0.0364 0.9442 -0.3274
vn 0.8435 -0.2791 -0.4589
vn 0.6884 -0.6404 -0.3405
vn 0.1182 -0.9101 -0.3972
vn 0.1192 -0.8854 -0.4493
vn 0.8840 -0.4179 -0.2093
vn -0.4461 0.5822 -0.6798
vn -0.3591 0.8029 -0.4759
vn -0.0946 -0.9852 0.1429
vn -0.1300 -0.9894 0.0652
vn -0.7519 -0.6579 -0.0418
vn -0.4494 -0.7759 -0.4427
vn -0.4420 -0.8740 -0.2019
vn -0.9859 0.1649 0.0286
vn 0.0788 0.0686 0.9945
vn -0.7386 -0.6742 -0.0064
vn -0.5243 0.3229 0.7879
vn 0.7280 0.6629 -0.1752
vn 0.8888 0.4497 -0.0887
vn -0.3884 -0.8476 0.3614
vn -0.2893 -0.9214 0.2594
vn -0.2922 -0.8712 0.3945
vn -0.6488 -0.2655 0.7131
vn -0.4812 -0.2317 0.8454
vn 0.7469 0.1108 0.6556
vn 0.1061 -0.9380 0.3299
vn -0.1585 -0.9828 -0.0952
vn -0.0127 -0.9960 -0.0887
vn 0.1008 -0.9927 0.0669
vn -0.2405 -0.9068 0.3461
vn -0.2887 -0.9038 0.3160
vn -0.2862 -0.9041 0.3172
vn -0.9113 0.3429 0.2279
vn 0.6159 0.7839 0.0782
vn -0.5724 -0.7185 0.3952
vn -0.7010 -0.5890 0.4022
vn 0.5954 0.7234 -0.3496
vn -0.1094 0.9421 -0.3170
vn 0.9857 0.1687 -0.0037
vn 0.9405 0.2126 0.2652
vn 0.4846 0.8082 -0.3345
vn 0.5467 0.7840 -0.2940
vn 0.3404 -0.9272 0.1567
vn 0.2104 -0.9716 0.1079
vn 0.2914 -0.9383 0.1862
vn -0.0822 0.9906 0.1093
vn 0.7541 0.2136 0.6210
vn -0.0869 0.9713 -0.2215
vn 0.1370 -0.3827 0.9137
vn 0.2549 0.5060 -0.8240
vn 0.2539 0.4380 -0.8624
vn -0.9432 0.0221 -0.3316
vn -0.8343 -0.0545 -0.5486
vn -0.3666 -0.8413 -0.3973
vn -0.9276 0.2976 -0.2257
vn 0.0463 0.9917 -0.1198
vn 0.1916 0.0685 0.9791
vn -0.1904 0.8558 -0.4810
vn 0.1302 0.9004 -0.4152
vn 0.2438 0.9059 -0.3462
vn 0.6949 -0.2942 0.6562
vn 0.9798 -0.1982 -0.0265
vn 0.7380 0.6059 -0.2969
vn 0.8801 -0.4059 0.2463
vn -0.9963 0.0832 -0.0196
vn -0.8169 0.4990 -0.2894
vn -0.0891 -0.9871 0.1329
vn 0.1693 -0.9669 0.1908
vn 0.0310 -0.9772 0.2099
vn 0.1345 -0.9086 0.3955
vn -0.0765 -0.9782 0.1928
vn -0.4311 0.6925 -0.5784
vn -0.1402 0.8495 -0.5087
vn 0.6151 0.7776 -0.1304
vn -0.3131 -0.9157 0.2520
vn -0.2499 -0.9267 0.2806
vn -0.4228 -0.8056 0.4149
vn -0.8041 -0.5751 0.1508
vn 0.1084 -0.9381 0.3289
vn -0.5277 0.8260 -0.1982
vn -0.5698 0.8026 -0.1768
vn 0.0238 -0.9990 -0.0378
vn -0.0557 -0.9392 0.3388
vn 0.0319 -0.9531 0.3011
vn 0.1850 0.3795 -0.9065
vn 0.2810 0.3843 -0.8794
vn 0.1917 0.9436 -0.2699
vn -0.6835 0.4633 0.5640
vn -0.3551 0.8527 -0.3833
vn -0.4959 0.3272 0.8044
vn -0.2650 0.2041 0.9424
vn -0.6897 -0.6151 0.3821
vn -0.5807 -0.6798 0.4479
vn -0.8324 0.5539 -0.0164
vn -0.4799 0.8644 -0.1500
vn -0.9392 -0.1788 0.2931
vn -0.6321 0.0031 0.7749
vn -0.8872 0.2857 -0.3623
vn -0.8531 0.0711 -0.5168
vn 0.3666 0.7002 -0.6126
vn 0.4832 0.6905 -0.5382
vn 0.1609 0.9263 -0.3406
vn 0.2519 0.9093 -0.3312
vn -0.5960 0.7319 -0.3304
vn -0.4187 -0.8075 0.4155
vn 0.3217 0.2290 0.9187
vn 0.9796 -0.1869 0.0735
vn 0.5447 0.0813 0.8347
vn -0.2994 0.9452 0.1305
vn 0.4700 -0.0701 0.8799
vn 0.3758 0.9241 -0.0692
vn 0.5171 0.8459 -0.1307
vn 0.4123 0.9109 0.0158
vn 0.1713 -0.8008 -0.5739
vn 0.0961 -0.7171 -0.6903
vn 0.3577 -0.1529 -0.9212
vn -0.9881 0.1500 0.0343
vn -0.6819 -0.1254 0.7207
vn -0.2741 -0.2863 0.9181
vn -0.1906 0.6229 -0.7587
vn 0.8003 0.4918 -0.3431
vn -0.4909 0.2478 -0.8352
vn -0.3262 -0.2051 0.9228
vn -0.1529 0.3043 0.9402
vn -0.0148 0.4526 -0.8916
vn 0.0534 -0.9895 0.1341
vn 0.9652 0.1765 -0.1932
vn 0.9909 -0.0248 -0.1326
vn 0.5486 0.8281 0.1151
vn 0.7702 0.3217 0.5508
vn -0.0427 0.6231 0.7810
vn -0.0300 0.4794 0.8771
vn -0.0390 0.9266 0.3740
vn -0.4957 0.7591 0.4219
vn -0.1405 0.9584 -0.2485
vn -0.0362 0.9666 -0.2538
vn -0.0099 -0.9635 0.2676
vn -0.0049 -0.9944 0.1058
vn 0.0086 -0.9566 0.2912
vn 0.2851 0.9500 -0.1270
vn 0.3745 0.9246 -0.0701
vn 0.3970 0.8238 -0.4046
vn -0.0111 0.9789 -0.2041
vn 0.0087 0.9721 -0.2345
vn -0.2702 0.9324 -0.2400
vn -0.3482 0.9096 -0.2268
vn -0.4155 0.9065 -0.0746
vn -0.2446 0.9539 -0.1737
vn 0.8906 0.1443 0.4314
vn 0.4321 0.3380 0.8361
vn 0.4877 0.5283 -0.6951
vn -0.0515 -0.9930 -0.1061
vn 0.6674 0.1885 -0.7205
vn 0.1354 0.9378 -0.3197
vn 0.3486 0.8945 -0.2799
vn 0.3101 0.9049 -0.2916
vn 0.0015 0.9783 -0.2072
vn 0.0914 0.9884 -0.1213
vn -0.0991 -0.9948 0.0249
vn -0.9314 0.3108 0.1895
vn -0.4877 0.5043 -0.7126
vn 0.8942 0.4115 0.1764
vn 0.7759 -0.2731 0.5687
vn 0.7918 -0.0327 0.6099
vn 0.7290 -0.6132 -0.3042
vn 0.9108 -0.2896 -0.2943
vn 0.9204 0.0011 -0.3910
vn -0.2025 -0.4824 0.8522
vn -0.3736 -0.3474 0.8601
vn -0.2109 -0.9642 0.1607
vn -0.1307 -0.9862 0.1020
vn -0.1112 0.1049 0.9883
vn -0.2169 -0.1635 0.9624
vn -0.1177 -0.2389 0.9639
vn -0.1879 -0.8342 0.5184
vn -0.1160 -0.7839 0.6100
vn 0.6253 0.1638 0.7630
vn 0.4563 0.3049 0.8359
vn 0.5694 0.3421 0.7475
vn -0.7358 0.6760 -0.0404
vn -0.0506 0.9971 -0.0563
vn 0.1828 0.7689 -0.6127
vn 0.0804 0.5347 -0.8412
vn -0.2147 0.8761 -0.4318
vn 0.8191 0.2542 0.5143
vn 0.7856 0.4524 0.4221
vn -0.4503 0.8075 -0.3809
vn -0.2982 0.8416 -0.4503
vn -0.2032 0.1792 -0.9626
vn 0.0368 0.2486 -0.9679
vn -0.7408 -0.6492 -0.1725
vn 0.4668 0.8552 -0.2255
vn 0.3771 0.8973 -0.2294
vn 0.4982 -0.4267 -0.7548
vn -0.0017 -0.9140 0.4057
vn 0.1326 -0.6943 0.7074
vn 0.0720 -0.9926 -0.0980
vn 0.0256 -0.9700 -0.2419
vn -0.0355 -0.9935 0.1083
vn 0.2078 -0.7440 0.6350
vn -0.7446 0.5167 -0.4226
vn -0.4311 0.7476 -0.5053
vn -0.4596 0.7643 -0.4524
vn -0.0936 0.9585 -0.2693
vn 0.6374 0.2968 -0.7111
vn 0.4810 0.7428 -0.4658
vn -0.0406 -0.9807 0.1910
vn -0.0060 -0.9934 0.1150
vn -0.0198 -0.9858 0.1665
vn -0.5108 0.8323 -0.2152
vn -0.0721 0.9871 0.1431
vn -0.0577 0.7892 -0.6114
vn -0.6270 0.3611 0.6902
vn -0.2877 0.0975 0.9527
vn -0.7997 0.5412 0.2599
vn -0.8830 0.3201 0.3433
vn -0.8279 0.3269 0.4557
vn -0.9741 0.1779 -0.1396
vn -0.8976 0.3899 -0.2057
vn -0.0594 0.8521 -0.5200
vn -0.0820 -0.9740 0.2112
vn -0.2274 -0.7450 -0.6271
vn -0.0866 -0.9063 -0.4137
vn -0.5468 0.5019 0.6702
vn -0.5338 -0.3871 0.7518
vn -0.5880 -0.6007 0.5416
vn -0.4913 0.7904 -0.3659
vn -0.2706 0.9624 0.0220
vn -0.1078 0.9934 0.0382
vn -0.8349 0.3251 0.4442
vn -0.9611 0.1628 0.2230
vn 0.1799 0.2941 0.9387
vn 0.9962 -0.0654 -0.0573
vn 0.8307 0.4539 -0.3224
vn 0.9852 -0.1283 0.1136
vn 0.6594 -0.6119 0.4367
vn 0.3420 0.9275 -0.1508
vn -0.7189 0.6174 0.3194
vn 0.9751 0.2190 -0.0335
vn 0.9202 -0.3724 0.1202
vn 0.9988 0.0262 -0.0408
vn 0.5912 0.8061 -0.0270
vn 0.7064 0.7062 -0.0475
vn 0.4378 0.8918 -0.1141
vn 0.1199 0.5656 0.8159
vn 0.6344 0.5929 -0.4960
vn -0.6026 -0.7396 0.2998
vn -0.6356 0.4515 0.6263
vn -0.6405 0.0064 0.7679
vn -0.0316 0.9696 -0.2427
vn -0.1936 0.9626 -0.1897
vn 0.1208 0.9656 0.2302
vn -0.1017 0.6841 0.7223
vn -0.1158 0.9596 -0.2563
vn -0.2314 0.9507 -0.2066
vn -0.0208 0.8861 -0.4631
vn 0.8081 -0.4770 0.3455
vn 0.6953 0.4169 0.5854
vn 0.7628 -0.5846 0.2764
vn -0.3084 0.3585 0.8811
vn -0.9310 0.0440 0.3623
vn -0.8917 0.0967 0.4422
vn -0.2441 0.7292 0.6392
vn 0.7065 0.3029 0.6397
vn 0.9184 0.2726 0.2867
vn -0.9565 0.2315 0.1774
vn -0.6941 0.7194 0.0251
vn -0.7280 0.5796 -0.3662
vn -0.8671 -0.1812 0.4641
vn -0.8324 -0.3924 0.3913
vn 0.1459 -0.9017 0.4071
vn 0.6866 -0.5946 0.4185
vn 0.8343 -0.1827 0.5202
vn -0.8990 -0.4100 0.1539
vn -0.9049 0.3598 -0.2272
vn -0.7329 -0.6313 0.2537
vn -0.1301 -0.9753 0.1788
vn -0.0116 -0.9997 0.0230
vn -0.1196 -0.9928 0.0081
vn 0.0219 -0.9945 -0.1029
vn -0.4182 0.8062 -0.4184
vn -0.4812 0.8125 -0.3291
vn -0.9612 -0.2360 0.1429
vn -0.9811 -0.0939 0.1693
vn 0.9547 0.2970 0.0199
vn 0.9989 -0.0154 0.0449
vn -0.0767 -0.9970 0.0123
vn -0.0923 -0.9953 -0.0288
vn 0.1223 -0.9919 -0.0355
vn -0.5421 -0.3573 0.7606
vn 0.6575 -0.7533 -0.0165
vn 0.2840 -0.8671 -0.4093
vn -0.1315 0.8687 0.4775
vn -0.5090 -0.5853 0.6311
vn -0.2329 0.6845 0.6909
vn 0.8328 0.5202 -0.1892
vn 0.6501 0.7021 -0.2906
vn 0.7283 0.6325 -0.2637
vn -0.8582 0.3603 0.3656
vn -0.8927 0.2440 0.3788
vn -0.8964 0.1738 0.4077
vn -0.0347 -0.9992 -0.0191
vn -0.1374 -0.9714 0.1936
vn -0.0438 -0.9382 0.3432
vn -0.3278 0.7788 -0.5347
vn -0.4249 0.8599 -0.2830
vn -0.8907 0.4541 -0.0223
vn -0.8347 -0.0109 0.5506
vn -0.7748 -0.6202 0.1227
vn 0.0434 -0.9683 0.2459
vn 0.4210 -0.8870 0.1896
vn -0.1147 0.9142 -0.3888
vn 0.8313 0.5103 -0.2204
vn -0.9384 0.1084 -0.3280
vn -0.0246 -0.8099 0.5860
vn 0.0099 -0.8639 0.5036
vn -0.0156 -0.9934 0.1137
vn -0.0292 -0.9759 0.2162
vn -0.2954 0.9221 -0.2500
vn -0.2499 0.9600 -0.1262
vn -0.1913 0.9102 -0.3674
vn -0.1117 0.4783 0.8711
vn -0.0395 -0.7341 0.6779
vn -0.0333 -0.9510 0.3074
vn -0.7232 0.6417 -0.2552
vn -0.5048 0.8598 0.0768
vn 0.5943 0.7158 0.3668
vn -0.0105 0.4241 -0.9056
vn -0.1255 0.3369 -0.9331
vn 0.0870 -0.9898 -0.1132
vn -0.2216 0.0378 -0.9744
vn 0.1608 -0.0713 -0.9844
vn 0.0949 -0.2451 -0.9649
vn -0.9523 -0.2781 0.1255
vn -0.9535 0.2513 -0.1664
vn -0.8218 0.5598 -0.1064
vn -0.1836 0.9803 -0.0727
vn 0.4068 -0.7488 0.5232
vn -0.6730 -0.5944 -0.4402
vn -0.5724 -0.6615 -0.4846
vn -0.3752 0.8335 -0.4057
vn 0.1090 -0.9924 0.0563
vn 0.1428 -0.9851 0.0954
vn -0.0837 -0.8583 0.5063
vn -0.1953 -0.6806 0.7061
vn 0.0061 0.3774 0.9260
vn 0.1317 0.9590 -0.2510
vn 0.7306 -0.1186 -0.6724
vn 0.7993 0.3323 -0.5008
vn -0.6427 0.3413 0.6859
vn -0.5203 -0.2832 0.8057
vn 0.0830 -0.1867 0.9789
vn 0.6610 0.6603 0.3565
vn -0.1849 -0.5756 0.7966
vn 0.1852 -0.9429 0.2768
vn 0.6928 0.7104 -0.1243
vn 0.5709 -0.7955 -0.2032
vn 0.8014 0.4319 -0.4138
vn 0.8405 -0.1853 -0.5092
vn -0.8473 -0.3032 0.4360
vn -0.8787 0.3170 0.3568
vn 0.6863 -0.6805 0.2566
vn 0.8445 -0.4042 0.3513
vn -0.1625 0.9819 -0.0973
vn -0.0996 0.9477 -0.3033
vn -0.1085 0.8989 -0.4246
vn 0.8461 0.1043 0.5227
vn -0.7991 -0.5475 0.2482
vn -0.7076 -0.6937 0.1343
vn 0.3256 0.9122 0.2489
vn -0.3261 0.9355 0.1364
vn -0.8279 -0.4971 -0.2599
vn -0.0919 -0.7061 0.7022
vn -0.3262 -0.3574 0.8751
vn -0.7091 -0.4399 -0.5511
vn 0.1220 0.2762 -0.9533
vn 0.0332 0.9534 -0.2999
vn 0.1232 0.9212 -0.3691
vn 0.1941 0.9264 -0.3227
vn -0.0457 -0.9203 -0.3884
vn -0.4636 -0.8828 0.0750
vn -0.8906 -0.3668 0.2689
vn -0.1447 -0.5816 -0.8005
vn -0.1246 -0.4065 -0.9051
vn -0.1704 -0.4850 -0.8577
vn -0.4038 -0.7675 -0.4978
vn 0.0386 0.9941 0.1014
vn -0.0163 0.9982 -0.0580
vn 0.1735 0.9330 -0.3153
vn 0.2630 0.1780 -0.9482
vn 0.5178 -0.7938 0.3190
vn 0.7475 0.6643 -0.0036
vn 0.8481 0.3219 -0.4208
vn 0.1628 0.1690 -0.9721
vn -0.5533 0.4437 -0.7050
vn 0.2055 -0.9681 0.1437
vn 0.3666 -0.9252 0.0986
vn 0.2563 -0.9382 0.2326
vn -0.4808 -0.1106 0.8698
vn 0.1805 -0.8709 -0.4572
vn 0.0722 -0.9679 -0.2407
vn 0.0897 -0.9557 -0.2805
vn -0.0231 0.7949 -0.6063
vn 0.1312 0.8261 -0.5480
vn 0.8540 0.4740 -0.2144
vn -0.5705 -0.4059 0.7140
vn -0.2213 -0.2151 0.9512
vn -0.7419 -0.0652 -0.6673
vn 0.0947 0.9569 -0.2744
vn 0.1562 0.9486 -0.2753
vn 0.1312 0.9392 -0.3173
vn 0.9118 -0.3706 0.1769
vn -0.7766 -0.6274 0.0568
vn -0.0005 -0.9967 0.0812
vn -0.9120 0.2574 -0.3193
vn 0.1338 -0.3154 -0.9395
vn 0.9366 -0.3494 0.0277
vn 0.2655 -0.9576 0.1121
vn 0.5924 0.7233 -0.3548
vn 0.5345 0.8030 -0.2638
vn -0.0037 -0.4516 0.8922
vn 0.7125 0.4626 0.5276
vn 0.0399 0.8578 -0.5124
vn 0.0586 0.9288 -0.3659
vn -0.0045 0.0529 -0.9986
vn 0.0362 0.0327 -0.9988
vn 0.2498 0.6112 0.7510
vn 0.4251 0.8496 0.3123
vn 0.7228 0.4637 -0.5123
vn -0.8037 -0.3236 0.4993
vn -0.6679 -0.5598 0.4904
vn -0.7704 0.2268 0.5959
vn 0.2855 0.6728 0.6826
vn 0.5266 0.7638 0.3733
vn -0.0102 0.5715 0.8205
vn 0.9336 -0.3483 0.0842
vn 0.9190 -0.3926 0.0353
vn 0.8959 -0.4368 0.0806
vn 0.2689 0.8826 0.3856
vn 0.5401 0.7443 0.3929
vn 0.9743 0.2058 -0.0920
vn 0.9832 -0.1429 -0.1138
vn 0.7337 -0.5487 -0.4008
vn 0.7409 -0.6612 -0.1179
vn 0.6060 0.0578 0.7933
vn -0.0719 -0.6311 0.7724
vn -0.0521 -0.9728 0.2258
vn -0.0176 -0.9878 0.1549
vn -0.4317 -0.0893 0.8976
vn 0.0402 -0.0296 0.9988
vn 0.3690 -0.8222 0.4334
vn 0.1434 -0.8989 0.4140
vn 0.3046 0.9385 -0.1627
vn 0.4137 0.9009 -0.1314
vn 0.3335 0.9065 -0.2590
vn 0.0462 0.9968 0.0659
vn -0.8060 0.3817 0.4523
vn 0.0619 0.9213 0.3839
vn 0.1149 0.5220 -0.8452
vn 0.1171 0.3662 -0.9231
vn 0.0960 -0.0188 -0.9952
vn 0.0763 -0.9746 -0.2104
vn -0.7650 -0.6191 -0.1772
vn -0.6544 -0.6808 -0.3291
vn 0.2596 0.2064 0.9434
vn -0.0427 -0.9972 0.0614
vn 0.9827 0.1603 0.0925
vn 0.7225 0.4417 0.5319
vn -0.9813 -0.1509 -0.1192
vn 0.3471 0.6741 -0.6520
vn -0.7530 0.5537 -0.3555
vn -0.4803 -0.4402 0.7586
vn -0.4056 -0.8403 0.3597
vn -0.0190 -0.9559 0.2932
vn 0.2486 -0.9460 0.2080
vn 0.2576 -0.9603 0.1072
vn 0.4223 -0.8432 0.3326
vn -0.8246 -0.5038 -0.2575
vn 0.1562 -0.7867 -0.5972
vn -0.0707 -0.8720 -0.4844
vn 0.0028 -0.9323 -0.3618
vn -0.0212 -0.9207 0.3897
vn -0.4299 -0.5247 0.7347
vn 0.0664 0.9890 -0.1320
vn -0.7666 -0.5553 0.3224
vn -0.5455 -0.7507 0.3727
vn -0.3987 -0.8667 0.2999
vn -0.0707 0.8636 0.4992
vn 0.8387 0.2017 0.5059
vn 0.8942 0.1086 0.4343
vn 0.9012 0.0420 0.4313
vn 0.8586 0.1367 0.4941
vn -0.3231 0.9097 -0.2608
vn -0.6320 0.7714 -0.0750
vn -0.7140 0.6919 -0.1073
vn -0.7696 0.5556 -0.3146
vn -0.9928 -0.0453 0.1106
vn -0.9301 -0.3039 0.2066
vn -0.3882 0.9200 -0.0533
vn -0.8193 0.5366 -0.2018
vn -0.9594 -0.0737 0.2724
vn -0.7307 -0.4621 0.5026
vn -0.9256 0.3707 -0.0759
vn -0.7742 -0.5793 0.2550
vn -0.8914 0.2423 0.3831
vn -0.3462 0.7743 -0.5298
vn -0.4338 0.7649 -0.4761
vn 0.6170 -0.3990 -0.6783
vn 0.8016 -0.3897 -0.4533
vn 0.9444 0.1619 0.2863
vn 0.7338 -0.6339 -0.2444
vn 0.8480 0.3275 -0.4168
vn 0.8678 0.3803 -0.3199
vn 0.8197 0.3841 -0.4250
vn -0.9065 0.3476 0.2396
vn -0.8806 0.3798 0.2835
vn -0.6358 -0.2192 0.7400
vn -0.2674 0.4448 0.8548
vn 0.9140 -0.2083 0.3481
vn 0.1741 0.6179 -0.7667
vn -0.1999 0.7456 -0.6357
vn -0.2424 0.5985 -0.7636
vn -0.3439 0.6318 -0.6947
vn -0.0273 0.9990 0.0348
vn 0.5727 -0.8157 0.0817
vn 0.1626 -0.9168 0.3647
vn -0.0385 -0.9487 0.3139
vn -0.1299 -0.9405 0.3140
vn -0.1168 0.8893 -0.4421
vn -0.1180 0.9176 -0.3796
vn -0.1547 0.7090 -0.6880
vn -0.0904 -0.9670 0.2384
vn -0.0233 -0.9827 0.1838
vn -0.0597 -0.9837 0.1694
vn 0.3720 0.8795 -0.2967
vn 0.4396 0.8837 -0.1609
vn 0.4433 0.8598 -0.2533
vn -0.3891 0.8893 -0.2405
vn -0.6218 0.5700 -0.5371
vn -0.2609 -0.5880 -0.7656
vn -0.9023 -0.4309 0.0155
vn -0.5244 0.8345 -0.1691
vn -0.4197 0.9022 -0.0993
vn -0.3522 0.9216 -0.1630
vn -0.0524 0.9331 -0.3558
vn -0.9115 0.1113 0.3961
vn 0.3599 0.8948 -0.2643
vn 0.4526 0.8667 -0.2098
vn 0.7829 -0.5780 -0.2301
vn -0.4437 -0.8136 -0.3758
vn -0.9805 0.1740 0.0912
vn 0.7683 -0.6382 0.0491
vn -0.7300 -0.4584 0.5069
vn 0.0369 -0.1576 -0.9868
vn 0.2308 0.7953 0.5605
vn -0.7239 -0.6741 0.1466
vn -0.5845 -0.8090 0.0619
vn -0.9965 0.0811 0.0225
vn -0.5962 -0.7308 0.3323
vn 0.8231 -0.5027 0.2642
vn -0.2095 0.9228 -0.3233
vn -0.2234 0.9123 -0.3431
vn 0.0448 -0.0433 0.9981
vn 0.9818 0.1872 0.0323
vn 0.2783 -0.6073 0.7441
vn 0.4548 0.8802 0.1352
vn 0.0732 0.7585 -0.6476
vn 0.8527 -0.5224 0.0071
vn 0.3655 -0.9030 0.2257
vn 0.4157 0.8170 -0.3995
vn -0.1414 0.6225 -0.7698
vn -0.2000 0.4422 -0.8743
vn 0.0247 0.5445 -0.8384
vn -0.8893 -0.3815 0.2522
vn -0.9138 -0.3851 0.1289
vn -0.7704 0.6074 -0.1938
vn 0.0984 -0.2839 -0.9538
vn 0.1403 0.2201 -0.9653
vn 0.0720 -0.3061 -0.9493
vn 0.0749 -0.9096 0.4088
vn 0.0236 -0.9355 0.3524
vn 0.0267 -0.9605 0.2772
vn -0.2204 0.9670 0.1278
vn -0.6981 0.1417 0.7019
vn -0.0137 0.9838 -0.1789
vn -0.0362 0.8727 -0.4868
vn -0.1756 0.8406 -0.5124
vn 0.2920 0.3684 0.8826
vn -0.5785 0.8113 -0.0849
vn -0.5788 0.7710 0.2656
vn -0.8524 0.2679 -0.4490
vn -0.8844 0.2813 -0.3725
vn -0.4472 -0.7793 -0.4390
vn 0.0344 -0.9930 0.1128
vn -0.0221 -0.9935 0.1114
vn 0.0859 -0.9200 0.3824
vn -0.6469 -0.5989 -0.4721
vn 0.4866 -0.4356 0.7573
vn -0.8770 -0.3474 0.3319
vn -0.5882 -0.8085 0.0194
vn 0.0798 -0.9609 0.2653
vn 0.1146 -0.9767 0.1816
vn -0.3484 0.8528 0.3890
vn -0.6514 0.4621 0.6018
vn -0.4282 0.7748 0.4651
vn 0.4693 0.8824 -0.0349
vn 0.2078 0.9394 -0.2728
vn 0.3021 0.9407 0.1546
vn -0.9992 0.0342 -0.0203
vn -0.7761 -0.3811 -0.5025
vn -0.8540 0.0530 0.5176
vn -0.5057 -0.7342 0.4531
vn -0.8781 -0.0099 0.4783
vn 0.8272 0.5590 -0.0575
vn 0.8764 0.4768 -0.0681
vn 0.9284 -0.3710 -0.0214
vn -0.2215 0.9496 -0.2219
vn -0.5264 0.7898 0.3148
vn 0.0269 -0.9905 0.1348
vn 0.1342 -0.9803 0.1452
vn 0.1057 -0.9838 0.1450
vn 0.4946 0.8667 0.0653
vn 0.5732 0.7883 0.2238
vn 0.5945 0.7139 0.3700
vn -0.9643 0.1287 -0.2316
vn -0.6455 0.6546 0.3935
vn -0.1998 -0.9796 0.0205
vn -0.0587 -0.7984 0.5993
vn -0.0591 -0.9315 0.3588
vn 0.2616 -0.8565 0.4449
vn -0.1695 0.9533 -0.2501
vn -0.1761 0.9588 -0.2230
vn 0.5877 0.0815 -0.8050
vn -0.4751 -0.0128 -0.8799
vn -0.6820 0.5526 -0.4791
vn -0.0690 0.9553 -0.2874
vn 0.2405 -0.0833 -0.9671
vn -0.9939 0.0761 0.0803
vn -0.4225 -0.7960 0.4334
vn -0.9890 0.1042 0.1051
vn -0.8547 0.4566 0.2470
vn -0.4900 -0.0201 -0.8715
vn 0.8120 -0.4960 -0.3075
vn -0.3866 -0.8816 0.2707
vn -0.7209 -0.5744 0.3879
vn -0.9735 -0.0528 -0.2223
vn 0.8821 -0.3914 0.2622
vn -0.9087 0.1831 -0.3753
vn -0.9899 -0.0569 0.1300
vn -0.9032 0.4151 0.1094
vn -0.9646 0.1481 0.2182
vn 0.0354 -0.9430 0.3308
vn 0.1291 0.9689 -0.2111
vn 0.2125 0.9313 -0.2959
vn -0.3959 0.9176 0.0347
vn -0.6569 0.7492 0.0846
vn -0.7858 -0.2134 0.5805
vn 0.2578 0.0276 0.9658
vn 0.3305 0.8166 -0.4732
vn 0.2035 0.9183 -0.3396
vn 0.2219 0.8675 -0.4452
vn -0.1764 -0.9514 0.2524
vn -0.0039 0.3626 0.9319
vn -0.0805 0.0975 0.9920
vn 0.1953 0.3310 0.9232
vn 0.0725 -0.9677 0.2415
vn 0.4562 0.8176 -0.3513
vn 0.3230 0.9107 0.2574
vn 0.6366 0.6338 -0.4393
vn 0.7716 0.6287 0.0971
vn 0.7726 0.5829 0.2515
vn 0.7796 0.6259 -0.0204
vn 0.9092 -0.4023 0.1068
vn 0.9750 0.2114 0.0683
vn -0.2793 -0.9599 0.0254
vn -0.5014 -0.8622 -0.0716
vn -0.1102 0.3017 0.9470
vn 0.1600 0.5447 0.8232
vn 0.0819 -0.8453 -0.5280
vn -0.4092 0.6215 0.6680
vn -0.1066 -0.9679 0.2276
vn 0.0821 -0.9950 -0.0566
vn 0.0974 -0.2657 0.9591
vn -0.0749 0.9887 0.1297
vn -0.9103 0.2358 -0.3404
vn 0.2945 0.3973 -0.8692
vn 0.0554 0.0738 -0.9957
vn -0.6825 -0.7257 -0.0870
vn -0.6487 -0.7498 -0.1302
vn -0.8659 0.4543 0.2096
vn -0.8187 0.5428 0.1873
vn -0.8567 0.4836 0.1791
vn -0.1727 0.0827 -0.9815
vn -0.0205 0.0462 -0.9987
vn -0.2750 0.9606 -0.0404
vn 0.6659 0.6870 -0.2910
vn 0.5547 0.7356 -0.3890
vn 0.9242 -0.3772 -0.0601
vn 0.9444 -0.1943 0.2653
vn 0.9489 -0.3133 0.0374
vn 0.6557 0.5411 -0.5266
vn 0.0095 -0.0417 -0.9991
vn 0.6643 -0.3327 -0.6693
vn -0.3389 0.6566 0.6738
vn -0.6439 -0.7151 0.2721
vn -0.0762 0.6086 -0.7898
vn -0.2942 -0.1155 -0.9487
vn 0.2402 -0.7778 -0.5807
vn 0.3715 -0.8684 -0.3284
vn 0.0288 -0.9905 0.1343
vn 0.0468 -0.9899 0.1337
vn -0.1936 0.4191 0.8871
vn -0.1594 0.5360 0.8290
vn -0.6612 0.2222 0.7166
vn -0.3227 0.8365 0.4427
vn -0.2630 0.7445 -0.6136
vn -0.0413 0.9795 -0.1973
vn -0.0506 0.9933 0.1037
vn -0.0126 0.9982 -0.0583
vn 0.9520 0.2966 -0.0756
vn 0.6573 0.7534 0.0176
vn 0.9170 0.3911 0.0791
vn -0.6013 0.7116 -0.3635
vn -0.0285 -0.9991 0.0317
vn 0.0394 -0.9992 0.0003
vn 0.1983 -0.9367 -0.2885
vn -0.1049 -0.9554 -0.2761
vn 0.8540 0.1457 0.4994
vn 0.6802 -0.4667 -0.5653
vn -0.6352 0.0763 -0.7686
vn 0.4617 0.8712 0.1668
vn 0.6779 0.4629 0.5712
vn 0.4138 0.7170 -0.5610
vn 0.1199 -0.0766 -0.9898
vn -0.8752 0.0767 -0.4777
vn -0.2973 -0.8457 0.4432
vn -0.2754 -0.8282 0.4881
vn 0.1435 0.9818 -0.1241
vn -0.8492 -0.4152 0.3263
vn -0.8997 -0.1661 0.4037
vn -0.0846 0.7733 -0.6284
vn 0.6821 0.5991 -0.4194
vn -0.0396 0.8785 -0.4762
vn 0.3489 -0.9367 0.0308
vn 0.1488 0.0594 0.9871
vn 0.1085 -0.0999 0.9891
vn -0.0305 -0.0793 0.9964
vn -0.1233 -0.9658 0.2282
vn -0.1665 -0.9334 0.3177
vn 0.9027 0.3469 -0.2543
vn 0.6376 0.7574 0.1410
vn 0.3083 0.9441 -0.1171
vn 0.2320 0.9379 -0.2579
vn 0.2485 0.9252 -0.2867
vn 0.2287 0.9209 -0.3156
vn 0.1206 -0.8343 -0.5380
vn -0.1000 -0.3458 -0.9330
vn 0.0254 -0.3511 -0.9360
vn -0.1816 0.9676 -0.1754
vn 0.1042 0.9773 -0.1842
vn 0.0615 0.9586 -0.2780
vn 0.2251 0.8381 -0.4969
vn 0.1663 0.9037 -0.3945
vn 0.2662 0.8614 -0.4325
vn 0.7681 -0.6282 0.1242
vn 0.8656 -0.4827 0.1334
vn 0.3293 0.9277 -0.1756
vn 0.5892 0.6785 0.4388
vn 0.8473 0.0638 0.5273
vn 0.5869 -0.7470 0.3122
vn 0.4846 0.7754 -0.4049
vn -0.0758 0.7548 -0.6516
vn 0.8313 -0.5144 -0.2108
vn 0.6815 -0.6605 -0.3152
vn 0.7236 -0.5700 -0.3893
vn 0.1766 -0.3322 0.9265
vn -0.0458 -0.9448 -0.3245
vn 0.6848 -0.7279 -0.0336
vn -0.4540 -0.7803 -0.4301
vn -0.5295 -0.5187 -0.6713
vn -0.3625 0.9079 -0.2104
vn -0.6804 0.2271 -0.6968
vn 0.3830 0.3061 -0.8716
vn -0.3473 0.1014 -0.9323
vn 0.6896 0.0693 0.7208
vn 0.0557 -0.1138 -0.9919
vn -0.3679 -0.7949 0.4825
vn -0.1592 -0.7820 0.6027
vn -0.2450 -0.6630 0.7073
vn -0.8771 0.4524 -0.1615
vn 0.0991 0.9674 -0.2332
vn -0.9186 0.2973 -0.2603
vn 0.3697 0.6822 -0.6308
vn 0.2665 0.5939 -0.7592
vn -0.4944 0.2203 0.8408
vn -0.3674 0.4188 0.8304
vn 0.8136 0.5776 -0.0669
vn -0.3757 0.9060 -0.1950
vn -0.5938 0.2765 -0.7556
vn 0.4681 -0.2270 -0.8540
vn -0.6483 -0.7593 0.0562
vn 0.6616 -0.5222 -0.5382
vn -0.7484 -0.6561 0.0969
vn -0.0499 0.9986 -0.0187
vn 0.5767 0.6838 -0.4470
vn 0.5260 0.7596 -0.3825
vn 0.5770 0.6616 -0.4788
vn -0.7940 0.0967 0.6002
vn -0.9342 0.3471 -0.0824
vn -0.3749 0.2163 0.9015
vn -0.8029 0.4662 0.3715
vn 0.0228 -0.9955 0.0924
vn 0.0035 -1.0000 0.0077
vn 0.2896 0.9340 -0.2091
vn -0.0899 0.9933 0.0728
vn -0.2367 0.9716 0.0086
vn 0.1229 0.9190 -0.3745
vn -0.2790 0.8781 -0.3886
vn -0.2503 -0.3317 -0.9096
vn -0.5454 -0.6617 -0.5145
vn -0.2630 0.9614 -0.0813
vn -0.2920 0.9123 -0.2873
vn -0.0436 -0.9990 -0.0055
vn 0.1210 0.4067 -0.9055
vn -0.8403 -0.0535 0.5395
vn -0.8564 -0.1191 0.5024
vn -0.8307 -0.0928 0.5489
vn 0.0035 0.9792 -0.2030
vn 0.4525 0.8267 -0.3343
vn -0.8891 -0.3316 0.3155
vn 0.7105 -0.3468 -0.6123
vn 0.5931 -0.5245 0.6109
vn 0.3183 0.9385 0.1335
vn 0.4866 0.7500 0.4480
vn 0.3241 0.3692 0.8710
vn 0.3426 0.5923 0.7293
vn -0.2299 0.8934 -0.3860
vn -0.0916 0.9618 -0.2580
vn -0.2926 -0.3650 0.8838
vn -0.4178 -0.0597 0.9066
vn -0.2829 -0.3983 0.8725
vn -0.9656 -0.0728 -0.2496
vn -0.9970 0.0189 -0.0751
vn -0.4369 -0.0365 0.8988
vn 0.1403 0.4939 0.8581
vn 0.2994 -0.1458 0.9429
vn -0.0401 0.9642 -0.2620
vn -0.9227 0.3103 0.2290
vn -0.7986 -0.5314 0.2826
vn 0.0012 -0.9978 0.0666
vn -0.4834 -0.4113 0.7728
vn -0.6311 -0.4851 0.6054
vn 0.0687 -0.8818 -0.4666
vn 0.1030 -0.3942 -0.9132
vn 0.0061 -0.9168 -0.3992
vn -0.3104 0.7687 0.5593
vn 0.8299 0.5015 -0.2446
vn -0.0022 -0.9928 -0.1199
vn -0.2490 -0.8470 0.4698
vn -0.7473 -0.5302 0.4006
vn -0.2176 0.9132 -0.3444
vn -0.2109 0.8445 -0.4923
vn -0.2427 0.9299 -0.2764
vn 0.0706 0.9969 0.0343
vn -0.4590 0.8884 0.0066
vn -0.9418 0.1741 0.2874
vn -0.0127 -0.9825 -0.1857
vn -0.5765 -0.1548 0.8023
vn -0.4959 0.4442 0.7462
vn -0.1292 0.8501 -0.5105
vn -0.0270 -0.8430 0.5372
vn 0.0932 -0.9467 0.3082
vn -0.5704 -0.7285 -0.3794
vn 0.8558 -0.4419 0.2688
vn 0.9940 -0.0999 0.0435
vn -0.1981 0.9799 0.0252
vn -0.3648 0.8938 0.2610
vn -0.6083 0.6665 -0.4310
vn -0.9824 0.0954 -0.1606
vn 0.4676 0.5563 -0.6869
vn 0.5291 0.1136 -0.8410
vn 0.4156 0.6505 -0.6358
vn 0.4261 -0.8625 0.2731
vn 0.6063 -0.7509 0.2620
vn 0.1003 -0.9874 0.1228
vn -0.9136 0.3571 -0.1946
vn -0.5469 0.7358 -0.3995
vn -0.7653 0.5949 -0.2460
vn 0.4953 0.1193 -0.8605
vn -0.6216 -0.7750 -0.1138
vn -0.5489 -0.8331 -0.0682
vn 0.4934 0.7441 -0.4505
vn 0.4782 0.8150 -0.3273
vn 0.4774 -0.8097 0.3413
vn -0.5724 0.7283 0.3767
vn -0.5527 -0.7904 -0.2642
vn -0.2221 -0.5591 -0.7988
vn -0.7703 -0.6377 0.0059
vn 0.1028 0.9642 -0.2445
vn 0.0862 0.7153 -0.6935
vn 0.0153 -0.9082 0.4182
vn 0.9855 0.0549 -0.1605
vn 0.2128 0.0678 0.9747
vn 0.3294 0.7257 -0.6040
vn 0.7299 -0.4797 -0.4869
vn -0.0323 0.9822 0.1852
vn 0.2650 0.8929 -0.3641
vn 0.5132 -0.6696 0.5369
vn 0.7295 -0.6644 0.1627
vn -0.4718 0.7268 -0.4992
vn -0.4068 0.8696 -0.2800
vn -0.6246 -0.7787 0.0586
vn -0.7179 -0.6961 -0.0114
vn -0.3488 -0.9371 0.0112
vn -0.0453 -0.9802 0.1928
vn -0.9284 -0.3268 0.1770
vn -0.2778 -0.9590 -0.0564
vn 0.8903 -0.0711 0.4499
vn -0.5213 -0.8189 0.2399
vn -0.0381 -0.9513 0.3059
vn 0.0117 -0.9748 0.2226
vn -0.2534 0.9628 -0.0941
vn -0.0806 0.8731 -0.4809
vn -0.0508 -0.9969 0.0607
vn 0.9777 -0.1843 0.1009
vn -0.0111 -0.9372 -0.3487
vn -0.8449 -0.4081 0.3459
vn -0.8735 0.3544 0.3336
vn -0.7059 -0.2030 0.6786
vn 0.1868 0.7597 -0.6228
vn -0.4772 0.7174 -0.5076
vn 0.0090 -0.9820 0.1888
vn 0.0264 -0.9932 0.1135
vn -0.9811 -0.1629 -0.1047
vn -0.6627 0.6850 0.3027
vn 0.8036 0.2909 0.5192
vn 0.4597 -0.7865 0.4124
vn -0.2644 0.8254 -0.4988
vn -0.0222 0.8343 -0.5508
vn 0.0028 0.8027 -0.5964
vn 0.0939 0.9274 -0.3622
vn -0.6991 0.6763 -0.2320
vn 0.0001 0.9995 0.0322
vn -0.1492 0.9887 -0.0104
vn 0.0418 0.9915 0.1234
vn -0.7479 0.6576 -0.0909
vn -0.0965 0.9540 0.2840
vn 0.6248 -0.4543 -0.6350
vn 0.8663 -0.3155 -0.3874
vn 0.0984 0.8683 -0.4861
vn -0.8259 -0.4097 0.3873
vn -0.8522 0.5075 -0.1274
vn 0.0524 -0.1731 -0.9835
vn 0.2508 0.0893 -0.9639
vn -0.2226 0.8594 -0.4604
vn -0.2701 0.9534 -0.1347
vn -0.4372 0.8910 -0.1224
vn 0.4979 -0.5508 -0.6698
vn -0.6838 -0.7180 0.1302
vn -0.0167 -0.9986 0.0506
vn -0.7746 0.0376 0.6313
vn -0.6688 -0.0545 0.7415
vn -0.3732 -0.2029 0.9053
vn -0.4076 0.7868 -0.4635
vn 0.1880 0.9577 -0.2180
vn -0.9292 0.1823 -0.3216
vn 0.6491 0.0298 -0.7602
vn 0.2136 0.4837 -0.8488
vn -0.8422 -0.4357 0.3176
vn -0.2323 -0.2234 0.9466
vn -0.0764 -0.0885 0.9931
vn 0.5059 0.2461 -0.8267
vn -0.5850 -0.6316 -0.5088
vn -0.2693 -0.9308 0.2474
vn -0.4662 -0.8369 0.2868
vn -0.3718 -0.8827 0.2876
vn -0.9113 -0.3551 0.2086
vn -0.9579 -0.1615 0.2373
vn 0.8491 0.3197 -0.4204
vn 0.8160 0.4163 -0.4010
vn -0.0096 0.0402 -0.9991
vn -0.0076 0.0986 -0.9951
vn 0.4103 0.7964 0.4443
vn -0.7695 0.5393 -0.3422
vn 0.0059 -0.9477 0.3192
vn -0.0356 -0.9820 0.1855
vn -0.0595 -0.9628 0.2636
vn 0.0219 -0.9973 -0.0707
vn -0.7020 0.7117 -0.0267
vn 0.9321 0.3168 -0.1756
vn 0.6933 0.6709 -0.2631
vn 0.6324 0.7248 -0.2735
vn 0.2507 0.1721 -0.9526
vn 0.2188 0.8827 -0.4158
vn 0.0570 0.7254 -0.6860
vn -0.4430 0.1723 -0.8798
vn -0.3706 0.9178 -0.1424
vn 0.4276 0.9021 -0.0576
vn 0.3340 -0.7032 0.6277
vn 0.3938 0.6611 0.6386
vn 0.6423 0.7114 -0.2853
vn -0.3242 0.7935 -0.5151
vn 0.4450 -0.8955 -0.0101
vn 0.4241 -0.9017 0.0840
vn 0.7047 -0.5307 0.4710
vn 0.1900 -0.1074 0.9759
vn 0.8784 -0.2225 0.4231
vn -0.9901 0.1298 0.0533
vn -0.9557 -0.1503 0.2530
vn -0.4168 0.8043 -0.4234
vn -0.2219 0.9241 -0.3111
vn 0.8616 0.3158 -0.3973
vn 0.9430 -0.1187 0.3109
vn 0.9884 -0.1347 0.0698
vn -0.9904 0.1339 -0.0351
vn -0.9836 -0.1733 -0.0507
vn -0.7400 -0.6697 0.0617
vn 0.5003 -0.8357 -0.2267
vn -0.0284 -0.9651 -0.2605
vn -0.0131 -0.9823 -0.1868
vn -0.9393 -0.3154 -0.1350
vn -0.9530 -0.2578 -0.1591
vn -0.9815 -0.1633 -0.1000
vn 0.4854 0.5723 -0.6609
vn 0.6267 0.3479 -0.6972
vn 0.5142 -0.0244 -0.8573
vn 0.2777 -0.9402 0.1974
vn 0.4287 -0.8642 0.2635
vn -0.2674 -0.8740 0.4056
vn 0.3542 0.7423 -0.5689
vn 0.1831 0.7796 -0.5989
vn -0.4323 0.9005 -0.0466
vn -0.5537 0.8247 -0.1156
vn -0.3067 0.9322 -0.1921
vn -0.7703 0.5309 0.3531
vn -0.8750 0.3023 0.3782
vn -0.8048 0.3927 0.4450
vn -0.5257 -0.0430 -0.8496
vn 0.5486 0.8350 0.0430
vn -0.4043 -0.0814 -0.9110
vn 0.9071 0.4184 -0.0461
vn -0.8514 0.5170 -0.0891
vn 0.4538 0.1138 -0.8838
vn 0.3641 0.2641 -0.8932
vn 0.5014 0.1342 -0.8548
vn -0.2888 -0.4194 -0.8606
vn -0.6601 0.4669 -0.5885
vn 0.6171 0.6911 -0.3764
vn 0.7697 0.5268 -0.3606
vn 0.3916 0.9151 -0.0960
vn 0.7290 0.6593 -0.1839
vn 0.5047 0.7629 -0.4040
vn -0.2978 -0.9336 0.1992
vn -0.6947 0.7179 0.0443
vn 0.2959 0.9275 -0.2282
vn -0.4568 0.8383 0.2975
vn -0.8837 0.3148 0.3465
vn -0.3910 0.8765 0.2807
vn 0.6317 -0.7431 -0.2208
vn -0.4813 0.2782 -0.8313
vn -0.3816 0.2757 -0.8822
vn -0.0576 -0.9533 0.2964
vn -0.5338 -0.1495 0.8323
vn 0.6451 0.5510 -0.5293
vn -0.1467 0.9408 -0.3057
vn -0.2200 0.9513 -0.2161
vn -0.1455 -0.3160 0.9375
vn 0.0880 -0.3491 0.9329
vn 0.0198 0.7294 0.6838
vn 0.3262 0.1117 0.9387
vn 0.2411 0.9474 -0.2107
vn -0.0578 0.9895 -0.1323
vn 0.1111 0.9844 -0.1363
vn 0.2889 -0.4592 -0.8401
vn 0.4608 -0.3451 -0.8177
vn 0.4111 0.6174 -0.6707
vn 0.3787 0.3830 -0.8426
vn -0.5883 0.7818 -0.2065
vn -0.6051 0.7909 -0.0916
vn -0.9969 -0.0442 0.0657
vn -0.9021 0.3497 -0.2528
vn -0.9441 0.2916 -0.1536
vn 0.7319 0.6804 -0.0361
vn -0.5843 0.6849 0.4353
vn -0.1991 0.9796 -0.0268
vn 0.9379 -0.2306 -0.2591
vn 0.4456 -0.6763 -0.5865
vn 0.0539 -0.9800 0.1913
vn 0.1085 -0.9878 0.1119
vn -0.7408 -0.5115 0.4355
vn -0.4637 -0.8441 0.2694
vn -0.6870 -0.6830 0.2480
vn -0.9572 -0.0776 0.2789
vn -0.9964 0.0038 0.0848
vn -0.5217 -0.4187 0.7433
vn 0.0413 -0.9975 0.0569
vn 0.5361 0.7921 -0.2917
vn 0.5284 0.7390 -0.4179
vn 0.2487 0.9399 -0.2339
vn 0.1563 0.4122 0.8976
vn 0.1157 -0.9272 -0.3563
vn -0.4351 -0.8053 0.4027
vn -0.7535 -0.6209 0.2163
vn 0.0463 -0.9827 0.1795
vn 0.1845 0.8733 -0.4509
vn -0.0693 -0.9943 0.0815
vn -0.1758 -0.9743 0.1410
vn -0.1254 -0.9769 0.1733
vn -0.5638 0.6783 -0.4713
vn 0.0284 -0.2672 -0.9632
vn 0.0299 -0.3155 -0.9485
vn 0.9587 0.2703 -0.0880
vn 0.6709 0.6449 -0.3661
vn -0.2383 0.8842 -0.4017
vn -0.6704 0.6911 -0.2699
vn -0.1126 -0.2400 -0.9642
vn -0.2013 -0.9795 0.0128
vn 0.2399 0.4920 0.8369
vn 0.5205 0.1962 0.8310
vn 0.8147 -0.5031 0.2884
vn 0.9178 -0.3347 0.2136
vn 0.9663 0.2565 0.0210
vn 0.9837 -0.1765 0.0356
vn -0.3583 -0.8886 -0.2865
vn 0.7385 -0.3046 -0.6015
vn 0.4750 -0.5648 -0.6749
vn 0.0459 0.9074 -0.4179
vn 0.5922 -0.2881 0.7526
vn 0.5368 -0.3882 0.7491
vn 0.4302 -0.4682 0.7718
vn -0.7194 -0.4867 -0.4955
vn 0.5635 0.4679 -0.6808
vn -0.5608 0.4927 -0.6654
vn -0.0047 -0.9886 0.1507
vn 0.0568 -0.9911 0.1202
vn 0.0434 -0.9668 -0.2518
vn 0.3805 -0.9065 -0.1832
vn -0.0922 -0.9308 0.3538
vn 0.1409 0.1748 -0.9745
vn -0.5216 0.8531 -0.0157
vn 0.5191 0.7821 -0.3447
vn 0.4532 -0.7242 -0.5197
vn 0.3976 -0.2403 -0.8855
vn -0.3812 0.0012 -0.9245
vn 0.6707 -0.7143 -0.1998
vn 0.7484 -0.6556 -0.1002
vn 0.1937 0.7840 -0.5897
vn 0.9736 0.0194 0.2275
vn 0.7475 -0.6635 0.0301
vn 0.9667 0.2150 -0.1385
vn 0.5846 0.2834 0.7602
vn 0.2635 -0.9639 0.0388
vn 0.2990 -0.9484 -0.1052
vn -0.2232 -0.9684 0.1115
vn 0.0172 -0.9972 0.0723
vn 0.0555 -0.9978 -0.0357
vn 0.4020 -0.4731 -0.7840
vn 0.0567 -0.1360 -0.9891
vn -0.7680 0.4409 -0.4645
vn -0.8574 0.3627 -0.3652
vn 0.0574 0.9653 -0.2547
vn 0.0731 0.9688 -0.2367
vn 0.9021 -0.1942 0.3854
vn 0.9545 0.1672 0.2468
vn 0.9694 0.2402 -0.0500
vn 0.9500 -0.1729 0.2599
vn 0.7994 -0.5097 0.3182
vn -0.1897 0.2879 -0.9387
vn 0.0043 -0.9068 0.4214
vn 0.6466 -0.6978 0.3081
vn 0.1761 0.9829 -0.0536
vn -0.4909 0.2739 0.8271
vn 0.2500 -0.8981 0.3619
vn -0.0143 -0.5008 0.8655
vn 0.7888 -0.6057 -0.1047
vn 0.7881 -0.5816 -0.2015
vn 0.9037 -0.2929 -0.3123
vn 0.7622 0.0420 -0.6460
vn 0.2530 -0.9047 0.3429
vn 0.9261 -0.1564 -0.3433
vn 0.7478 -0.2739 -0.6048
vn 0.0572 0.5660 -0.8224
vn -0.1010 0.9204 -0.3778
vn 0.9518 -0.3042 -0.0386
vn 0.3090 0.9451 -0.1059
vn 0.4029 0.9081 -0.1141
vn -0.9776 0.1939 -0.0817
vn -0.6070 -0.7198 -0.3367
vn 0.2185 0.9268 -0.3054
vn -0.1653 0.9847 -0.0544
vn 0.1042 0.9815 -0.1607
vn 0.1856 0.5128 0.8382
vn 0.4290 0.2657 0.8633
vn -0.3234 0.1857 0.9279
vn -0.9002 0.4133 -0.1371
vn -0.0154 -0.1529 -0.9881
vn -0.0947 0.5090 -0.8555
vn 0.0785 0.9707 -0.2270
vn -0.0357 0.8905 -0.4536
vn 0.9565 0.2880 -0.0472
vn 0.1444 0.8970 -0.4177
vn -0.2066 0.8806 -0.4264
vn -0.3120 0.8732 -0.3745
vn 0.6999 0.4041 -0.5889
vn 0.0870 0.9952 0.0442
vn -0.0671 0.9973 -0.0302
vn -0.3300 -0.9268 0.1794
vn -0.6238 -0.7513 0.2154
vn 0.0302 0.9631 -0.2675
vn 0.1199 0.9622 -0.2447
vn -0.9835 -0.1758 -0.0428
vn -0.6338 0.1537 0.7581
vn -0.7065 -0.6717 -0.2227
vn 0.1606 0.9641 -0.2114
vn 0.1368 0.8587 -0.4939
vn 0.2391 0.9408 -0.2403
vn 0.1003 0.9361 -0.3372
vn 0.0978 0.9638 -0.2479
vn 0.1731 0.9433 -0.2832
vn 0.0668 0.9823 -0.1750
vn 0.0449 -0.6237 0.7804
vn 0.0704 -0.0363 0.9969
vn 0.7478 0.0278 0.6634
vn 0.1673 0.8597 -0.4827
vn 0.0563 0.9146 -0.4004
vn 0.1565 0.9357 -0.3163
vn -0.1341 -0.0479 -0.9898
vn 0.8141 0.5374 -0.2200
vn 0.1140 -0.2806 -0.9530
vn 0.3422 0.9263 0.1576
vn 0.2217 0.9519 -0.2114
vn -0.5461 0.1104 -0.8304
vn -0.7356 -0.0399 -0.6762
vn 0.8088 0.5869 0.0366
vn 0.8299 0.5518 0.0821
vn 0.4017 0.8025 -0.4411
vn -0.6979 -0.0710 -0.7127
vn 0.0634 -0.0912 -0.9938
vn 0.2780 0.3428 -0.8973
vn 0.1678 0.9310 -0.3243
vn -0.1204 0.9134 -0.3888
vn -0.7010 -0.3193 0.6377
vn -0.1964 0.8543 -0.4813
vn 0.7492 -0.6614 0.0333
vn 0.6992 -0.7083 0.0975
vn -0.3903 -0.8827 0.2618
vn -0.1871 -0.9261 0.3277
vn 0.9172 0.2710 -0.2922
vn 0.9260 0.3119 -0.2127
vn 0.9448 0.2661 -0.1910
vn 0.1896 0.8539 -0.4847
vn 0.1875 0.8726 -0.4509
vn 0.1675 0.9317 -0.3222
vn -0.1476 -0.9735 0.1747
vn -0.1748 -0.5080 0.8434
vn 0.5573 -0.4013 -0.7269
vn -0.8028 0.2255 0.5520
vn -0.6878 -0.4760 0.5480
vn 0.0889 -0.6785 0.7292
vn 0.3491 -0.5976 0.7218
vn 0.0990 -0.5333 0.8401
vn 0.0488 -0.9916 -0.1198
vn -0.0450 -0.9969 -0.0639
vn -0.5788 0.6985 0.4207
vn -0.4631 -0.8383 0.2879
vn 0.6764 -0.3664 -0.6389
vn -0.3919 -0.4759 -0.7874
vn 0.7032 -0.6320 -0.3256
vn -0.1765 -0.9598 0.2182
vn -0.0998 -0.9796 0.1745
vn 0.9678 -0.0564 0.2453
vn 0.9666 -0.1216 0.2255
vn 0.0164 0.8718 -0.4896
vn 0.2253 0.9214 -0.3167
vn 0.3357 0.8740 -0.3515
vn 0.3516 0.9004 -0.2561
vn -0.5393 0.7982 -0.2684
vn -0.4645 0.8261 -0.3191
vn -0.6315 0.7048 -0.3231
vn -0.7700 0.5945 -0.2318
vn 0.0332 -0.8809 0.4722
vn 0.2552 -0.4449 0.8585
vn -0.4478 0.7066 -0.5479
vn -0.9797 -0.1857 -0.0758
vn -0.9768 -0.2072 -0.0536
vn -0.2143 0.9662 -0.1434
vn 0.8952 0.0518 0.4426
vn -0.7211 0.1103 -0.6840
vn -0.5637 -0.7749 0.2860
vn -0.6869 0.7001 0.1950
vn -0.5438 0.8021 -0.2466
vn -0.0817 -0.9859 0.1461
vn -0.1555 -0.9757 0.1541
vn -0.7477 0.6600 -0.0733
vn -0.4655 0.8324 -0.3006
vn -0.9428 0.2936 -0.1581
vn -0.4237 0.8468 -0.3215
vn -0.2965 0.9032 -0.3102
vn -0.3424 0.8541 -0.3916
vn -0.5941 -0.7796 0.1981
vn 0.8507 -0.4399 -0.2876
vn -0.0001 -0.5235 0.8520
vn 0.0438 -0.8562 0.5147
vn -0.0071 0.0776 0.9970
vn -0.9763 -0.2120 -0.0432
vn 0.5495 0.8191 -0.1644
vn 0.8062 0.5545 -0.2064
vn 0.6319 0.7715 -0.0746
vn -0.0274 -0.2305 0.9727
vn 0.7761 0.5643 0.2813
vn 0.0911 -0.9956 0.0198
vn 0.0016 -0.9996 -0.0277
vn -0.7566 0.6110 -0.2329
vn -0.9238 -0.2617 0.2796
vn -0.9220 -0.2136 0.3231
vn -0.7956 -0.5367 -0.2812
vn -0.7131 -0.6847 -0.1505
vn -0.0356 -0.9980 0.0521
vn 0.7452 0.3826 -0.5462
vn 0.8044 0.1278 0.5801
vn -0.7712 -0.4802 0.4180
vn -0.8118 -0.1028 0.5748
vn 0.4894 -0.8259 -0.2799
vn -0.4665 0.0294 -0.8840
vn 0.4936 -0.8675 -0.0616
vn 0.7804 -0.6209 0.0744
vn -0.6106 0.1831 -0.7705
vn -0.0612 0.9656 0.2528
vn 0.1445 0.4379 0.8873
vn -0.4538 -0.8693 0.1960
vn -0.1057 -0.9849 0.1371
vn 0.1544 -0.9843 0.0851
vn 0.1194 -0.9920 -0.0411
vn 0.2669 -0.9627 0.0452
vn 0.0688 -0.9974 0.0197
vn 0.7322 -0.1825 -0.6562
vn 0.6874 0.4516 0.5688
vn -0.5364 -0.4146 0.7351
vn -0.3588 -0.1153 0.9263
vn -0.0225 -0.0489 0.9986
vn -0.6140 -0.7704 -0.1719
vn 0.3603 -0.8978 0.2534
vn 0.7659 0.6094 0.2050
vn 0.6867 0.6634 0.2971
vn 0.0855 -0.9814 0.1721
vn 0.1708 -0.9733 0.1532
vn 0.0996 -0.9890 0.1095
vn -0.7094 -0.5825 -0.3969
vn -0.6989 -0.5616 -0.4428
vn 0.4406 -0.8879 -0.1323
vn -0.5695 -0.6009 0.5609
vn 0.0363 -0.8544 0.5183
vn -0.9013 0.1885 0.3900
vn -0.7824 0.1845 0.5948
vn -0.8666 0.0230 0.4984
vn -0.0078 0.9955 -0.0949
vn 0.4413 0.5501 0.7090
vn 0.0215 0.9581 -0.2856
vn -0.0016 0.6233 -0.7819
vn -0.0617 0.8095 -0.5838
vn -0.8460 -0.5222 -0.1079
vn -0.7318 -0.4744 -0.4893
vn 0.1876 -0.7496 0.6348
vn -0.5583 0.7995 -0.2217
vn 0.8376 -0.2595 0.4808
vn 0.8504 -0.5211 -0.0733
vn 0.1920 0.9177 -0.3478
vn 0.2768 0.9058 -0.3207
vn -0.6993 0.1024 0.7074
vn 0.5399 0.4440 0.7151
vn -0.2062 0.9467 -0.2476
vn -0.1883 0.7194 -0.6685
vn -0.2709 0.5867 -0.7632
vn -0.1127 0.6967 -0.7084
vn 0.8119 0.5063 0.2907
vn 0.3201 0.9256 0.2019
vn -0.7124 0.4164 0.5649
vn -0.5459 0.8283 -0.1261
vn -0.2760 0.9045 -0.3252
vn -0.4759 -0.6611 0.5800
vn 0.0048 -0.9618 0.2739
vn 0.1230 -0.9919 0.0315
vn -0.2502 -0.9627 0.1025
vn -0.2263 -0.9740 -0.0077
vn -0.3968 -0.9173 -0.0345
vn -0.4900 0.8715 -0.0222
vn -0.9034 0.4270 -0.0386
vn -0.8197 0.5709 -0.0466
vn -0.8686 -0.4903 0.0709
vn -0.8920 0.4266 0.1495
vn 0.6372 -0.0116 0.7706
vn 0.8000 -0.0355 0.5989
vn 0.8305 0.1142 0.5452
vn -0.5940 0.5823 0.5551
vn 0.3046 0.9523 -0.0200
vn 0.3722 0.9027 -0.2158
vn 0.7257 0.2802 -0.6284
vn 0.4647 0.6707 -0.5780
vn 0.7314 -0.3498 -0.5855
vn -0.6784 -0.2987 0.6712
vn -0.9974 -0.0068 0.0723
vn -0.8816 -0.4648 0.0814
vn 0.0068 0.6723 0.7402
vn -0.0095 0.0162 -0.9998
vn 0.3327 0.2707 0.9033
vn 0.7621 -0.4196 -0.4930
vn 0.3951 -0.5185 -0.7583
vn -0.4126 -0.2158 0.8850
vn 0.2971 0.9179 -0.2632
vn -0.9251 -0.0652 0.3740
vn -0.0831 -0.9597 0.2683
vn -0.0660 -0.9816 0.1794
vn -0.1425 0.9597 -0.2422
vn 0.4316 0.8698 -0.2393
vn -0.7684 -0.5838 -0.2622
vn -0.6886 -0.6173 -0.3806
vn -0.0565 0.9949 -0.0833
vn -0.3039 0.9285 -0.2133
vn -0.1049 0.9748 -0.1970
vn -0.1723 0.8990 -0.4027
vn -0.2107 0.9182 -0.3355
vn -0.2368 0.8889 -0.3921
vn -0.6085 0.2872 -0.7398
vn -0.1885 -0.3008 0.9349
vn -0.8266 -0.3017 -0.4751
vn 0.6763 0.2165 0.7041
vn 0.5595 0.1461 0.8159
vn -0.1035 -0.9908 0.0868
vn -0.3457 0.5179 -0.7825
vn -0.1280 -0.5636 -0.8161
vn -0.0131 -0.7581 -0.6521
vn 0.7210 -0.1773 -0.6699
vn 0.3626 -0.9162 0.1705
vn 0.7538 -0.6159 0.2291
vn 0.4760 -0.8573 0.1959
vn 0.0650 0.9573 -0.2817
vn 0.0895 0.9300 -0.3564
vn -0.9235 -0.2129 -0.3191
vn 0.9047 -0.3542 0.2367
vn -0.0480 -0.7332 -0.6784
vn -0.7483 -0.3606 0.5567
vn 0.0607 -0.9417 0.3308
vn -0.0090 -0.9936 0.1126
vn 0.0426 -0.9756 0.2153
vn 0.2766 0.9050 -0.3233
vn -0.9408 -0.1803 -0.2871
vn -0.8331 0.5121 -0.2090
vn 0.6903 -0.0775 -0.7193
vn 0.9558 -0.2902 -0.0465
vn 0.0636 -0.9416 0.3308
vn 0.0518 -0.8622 -0.5040
vn 0.0546 -0.9323 -0.3576
vn 0.1942 0.6364 0.7465
vn 0.8626 0.2161 0.4574
vn 0.8999 0.1128 0.4214
vn 0.9012 0.1484 0.4073
vn 0.0021 0.4033 0.9151
vn -0.0127 0.5243 0.8515
vn -0.1719 0.9370 -0.3042
vn 0.2909 0.9415 -0.1704
vn 0.2040 0.9376 -0.2815
vn 0.2347 0.9575 -0.1677
vn -0.4039 -0.8013 0.4413
vn -0.2027 0.8010 -0.5633
vn -0.1637 0.9062 -0.3898
vn -0.9039 -0.0928 0.4176
vn -0.8944 -0.1566 -0.4189
vn -0.4488 0.4113 -0.7934
vn -0.3383 -0.9256 0.1698
vn 0.3233 0.8541 -0.4074
vn -0.8369 0.4101 0.3624
vn -0.7402 0.6722 0.0164
vn -0.5830 -0.5436 0.6038
vn 0.1208 -0.9904 0.0671
vn -0.1562 -0.6228 -0.7666
vn -0.1411 -0.3736 -0.9168
vn -0.1906 0.4729 0.8603
vn -0.2863 -0.4775 0.8307
vn -0.8441 -0.4575 0.2795
vn -0.7457 -0.6454 -0.1654
vn 0.9033 0.4285 -0.0217
vn -0.7877 0.5927 -0.1679
vn 0.0935 -0.9804 0.1733
vn -0.0443 -0.8826 0.4681
vn -0.0665 -0.9026 0.4254
vn -0.8865 -0.4594 0.0547
vn 0.3315 -0.8630 -0.3813
vn 0.5121 -0.7844 0.3498
vn 0.4849 -0.8346 0.2614
vn 0.7642 -0.6108 0.2071
vn 0.6295 -0.7134 0.3077
vn 0.0238 0.6987 0.7151
vn -0.8795 -0.3576 0.3142
vn -0.6489 -0.6751 0.3510
vn -0.7588 0.5373 -0.3681
vn -0.0413 0.9691 -0.2430
vn -0.1103 0.7559 -0.6453
vn -0.2440 -0.4115 -0.8781
vn 0.2166 0.9279 -0.3034
vn -0.5238 0.8518 -0.0117
vn 0.5228 -0.5109 -0.6824
vn 0.5018 0.2902 -0.8149
vn 0.3346 0.4164 -0.8454
vn -0.2147 -0.8840 -0.4152
vn 0.6117 0.5637 -0.5551
vn -0.4104 0.8393 -0.3566
vn 0.0421 -0.9486 0.3135
vn 0.0227 -0.9581 0.2856
vn -0.1989 0.8510 0.4861
vn -0.1901 0.6072 0.7715
vn 0.1233 0.7616 0.6362
vn -0.3453 -0.0074 -0.9385
vn -0.4604 0.7849 -0.4148
vn -0.4805 0.7492 -0.4559
vn 0.2061 -0.9468 0.2472
vn 0.2190 -0.9532 0.2084
vn 0.0867 -0.9624 0.2574
vn 0.6072 0.6894 -0.3951
vn 0.6971 0.7111 -0.0915
vn 0.0716 0.9284 -0.3646
vn -0.1820 0.9061 -0.3820
vn 0.1066 0.9869 -0.1211
vn 0.0474 0.9745 -0.2194
vn 0.4935 0.8581 -0.1419
vn 0.1398 -0.8958 0.4219
vn 0.8114 0.3495 0.4686
vn 0.7287 -0.6822 0.0595
vn 0.3454 0.9070 -0.2409
vn 0.0278 0.9049 -0.4247
vn -0.7480 0.6476 -0.1457
vn -0.5946 -0.5127 0.6193
vn -0.5465 0.7026 -0.4557
vn -0.8762 -0.0811 0.4750
vn -0.8857 0.0022 0.4642
vn 0.0685 -0.4337 0.8984
vn -0.1143 0.4349 0.8932
vn 0.5362 0.7961 0.2807
vn -0.8282 0.4484 -0.3361
vn -0.9781 -0.0264 -0.2063
vn -0.7052 -0.6847 0.1843
vn 0.7362 -0.5989 -0.3151
vn 0.8147 -0.4596 -0.3537
vn 0.7644 -0.6342 -0.1163
vn -0.0367 -0.9829 0.1805
vn -0.6518 0.0947 0.7525
vn -0.0127 -0.9071 0.4207
vn 0.0044 -0.9892 0.1463
vn 0.1432 -0.8689 0.4739
vn 0.9376 -0.0539 -0.3435
vn 0.0583 0.3995 0.9149
vn 0.2318 0.5004 0.8342
vn 0.1870 -0.7711 0.6086
vn 0.0712 -0.6466 0.7595
vn -0.8745 0.0645 0.4808
vn -0.7567 -0.2829 0.5894
vn -0.0086 -0.8978 -0.4403
vn 0.6876 -0.0399 -0.7250
vn -0.6390 -0.7419 -0.2029
vn 0.2788 -0.3838 -0.8803
vn -0.5791 -0.6855 0.4413
vn -0.5001 -0.8068 0.3146
vn -0.4348 -0.8516 0.2928
vn -0.0271 -0.8930 0.4491
vn 0.3344 -0.9013 0.2752
vn -0.1649 0.9072 0.3870
vn 0.0208 0.8214 -0.5700
vn -0.0843 0.9836 -0.1592
vn 0.1720 -0.9455 0.2765
vn -0.0163 -0.9687 0.2475
vn -0.2571 0.8614 -0.4380
vn 0.0551 -0.8029 0.5935
vn -0.8427 -0.1970 0.5010
vn -0.8230 -0.3450 0.4513
vn -0.8155 -0.2715 0.5111
vn -0.0727 0.6023 0.7949
vn -0.8872 -0.2062 -0.4128
vn -0.3811 0.8869 -0.2610
vn -0.3669 0.6422 -0.6730
vn 0.9189 0.0796 -0.3864
vn -0.6530 -0.7304 0.2006
vn -0.8336 0.3725 0.4079
vn -0.7984 -0.2744 0.5360
vn -0.5904 -0.4562 0.6658
vn 0.4070 0.8980 -0.1669
vn 0.0446 0.9830 -0.1782
vn 0.7407 -0.6555 0.1471
vn 0.9047 -0.4096 0.1171
vn 0.3766 -0.8260 -0.4194
vn -0.0430 -0.9310 0.3624
vn -0.0468 -0.9172 0.3957
vn -0.0717 -0.9172 0.3919
vn -0.5975 0.5643 0.5697
vn -0.3362 0.8763 0.3450
vn -0.6668 -0.7236 0.1780
vn -0.1009 0.9282 -0.3581
vn 0.0227 0.9495 -0.3128
vn -0.0512 0.9661 -0.2532
vn -0.9250 0.2171 0.3117
vn 0.2679 0.6700 -0.6923
vn -0.0347 0.9544 -0.2965
vn -0.0631 0.9946 0.0821
vn 0.7402 -0.2337 -0.6305
vn 0.9585 -0.2834 0.0307
vn 0.4925 -0.4457 0.7475
vn 0.6986 -0.6861 -0.2029
vn 0.9166 -0.3997 0.0142
vn -0.4200 -0.7968 -0.4344
vn -0.6281 0.5323 0.5676
vn -0.9436 0.2593 0.2057
vn 0.9898 -0.0990 -0.1028
vn 0.7627 -0.1649 0.6254
vn 0.3700 -0.4774 0.7970
vn 0.1149 0.9561 -0.2695
vn -0.3152 0.7728 -0.5508
vn -0.2232 0.7737 -0.5929
vn -0.1658 0.7283 -0.6649
vn -0.7288 -0.0472 0.6831
vn -0.7260 0.1520 0.6707
vn -0.5661 -0.8216 0.0675
vn -0.6376 -0.7704 -0.0043
vn -0.5082 -0.8542 0.1100
vn -0.9897 -0.1363 -0.0430
vn -0.8968 0.4151 0.1528
vn -0.8021 -0.4961 -0.3325
vn -0.8750 0.2205 -0.4310
vn -0.9033 0.4147 -0.1100
vn -0.8568 -0.5140 0.0416
vn -0.9588 -0.2287 0.1685
vn -0.5209 0.8126 -0.2614
vn 0.0205 0.9023 0.4307
vn 0.0227 0.9627 -0.2695
vn 0.0239 0.9058 -0.4231
vn -0.9302 0.2005 0.3076
vn -0.9491 0.2033 0.2406
vn -0.9453 0.0686 0.3188
vn 0.5714 -0.7415 0.3518
vn -0.5991 -0.7475 0.2868
vn 0.2235 -0.2133 -0.9511
vn 0.1559 -0.8604 -0.4851
vn -0.5471 -0.7125 0.4394
vn -0.1976 0.9351 -0.2943
vn -0.5823 0.8115 -0.0496
vn -0.9203 0.1335 0.3677
vn -0.7562 -0.3466 0.5551
vn 0.0401 -0.9067 -0.4199
vn -0.3536 -0.8316 -0.4284
vn 0.0816 -0.7491 -0.6575
vn 0.8851 0.3733 0.2779
vn 0.9831 -0.1669 -0.0755
vn -0.5927 0.6763 0.4374
vn -0.6675 0.4300 0.6079
vn -0.4796 0.6613 0.5768
vn 0.4948 0.4025 0.7701
vn 0.0786 0.9684 -0.2366
vn 0.1136 0.9662 -0.2314
vn -0.4250 -0.8946 -0.1380
vn -0.4410 -0.8948 0.0694
vn 0.9083 -0.3619 0.2096
vn -0.0721 0.9974 -0.0074
vn -0.0016 -0.1029 0.9947
vn -0.0200 -0.1072 0.9940
vn 0.3620 0.8540 0.3736
vn 0.0347 0.9814 0.1888
vn -0.0008 0.9646 0.2637
vn 0.1767 0.9474 0.2668
vn -0.0219 0.9279 -0.3723
vn -0.0348 0.9372 -0.3470
vn 0.9586 0.0204 -0.2842
vn 0.9899 0.1025 0.0980
vn 0.2017 -0.1103 -0.9732
vn 0.1677 -0.9347 0.3135
vn -0.9064 -0.2912 0.3062
vn -0.6855 0.7248 -0.0697
vn 0.4223 -0.9049 -0.0520
vn -0.5437 -0.5527 0.6316
vn -0.4956 0.8131 0.3054
vn -0.3279 0.8918 0.3116
vn 0.2138 -0.2891 0.9331
vn 0.1760 -0.1937 0.9651
vn 0.6473 0.2086 -0.7331
vn 0.9174 0.3811 -0.1148
vn 0.7734 0.5364 -0.3379
vn 0.8082 -0.5644 0.1682
vn 0.8006 -0.5847 0.1308
vn 0.4661 0.8835 0.0462
vn 0.4954 0.8686 0.0117
vn 0.5418 0.8399 0.0323
vn -0.8665 0.0466 0.4971
vn 0.4399 0.8948 -0.0761
vn 0.0173 0.9708 -0.2394
vn 0.1175 0.9412 -0.3166
vn 0.2493 0.9545 -0.1636
vn 0.1754 0.8729 -0.4552
vn -0.0208 -0.9146 0.4038
vn -0.0303 -0.8923 0.4505
vn 0.4659 0.7917 -0.3952
vn -0.4673 -0.7847 0.4074
vn -0.3133 0.7238 0.6148
vn 0.4718 0.8410 -0.2649
vn -0.8453 0.2516 0.4714
vn 0.7136 -0.6776 -0.1778
vn -0.7827 -0.6093 0.1266
vn -0.1230 -0.8055 0.5797
vn -0.8860 -0.3755 0.2721
vn -0.6670 -0.5446 0.5084
vn 0.8190 -0.5092 -0.2644
vn 0.0358 -0.9977 -0.0569
vn 0.0858 -0.9895 0.1164
vn 0.0499 -0.9955 -0.0810
vn -0.7944 0.5679 -0.2156
vn 0.0466 0.2642 -0.9633
vn -0.2499 -0.6167 -0.7465
vn -0.7557 -0.5727 0.3177
vn -0.0233 -0.1835 -0.9827
vn 0.3184 -0.8714 0.3732
vn -0.4221 0.8100 -0.4071
vn -0.1217 0.8233 -0.5544
vn -0.1030 0.8765 -0.4702
vn -0.1633 0.8641 -0.4761
vn 0.2764 0.9604 0.0358
vn 0.1710 0.8785 0.4460
vn -0.4348 -0.2953 0.8507
vn -0.0092 -0.8418 0.5397
vn 0.0836 -0.9951 0.0521
vn -0.3775 0.9241 -0.0595
vn -0.2370 0.9704 -0.0457
vn -0.1958 -0.4560 -0.8682
vn -0.6723 -0.6451 0.3631
vn -0.4320 -0.8347 0.3415
vn -0.7058 -0.6651 0.2440
vn 0.3009 -0.9535 -0.0142
vn 0.2540 0.4640 -0.8487
vn 0.8402 0.4064 0.3590
vn 0.8201 0.2829 0.4973
vn 0.2861 0.9056 -0.3131
vn 0.4295 0.8399 -0.3318
vn 0.4511 0.8447 -0.2881
vn 0.3357 0.2500 0.9082
vn 0.9395 -0.2936 0.1765
vn 0.0844 -0.8804 0.4667
vn -0.5595 0.7578 0.3356
vn -0.9251 0.2462 -0.2892
vn 0.4996 0.8104 -0.3061
vn -0.6520 -0.5374 0.5349
vn -0.5516 0.8239 -0.1300
vn -0.7613 -0.6081 0.2248
vn -0.7264 -0.1160 0.6774
vn -0.7612 0.6453 0.0646
vn -0.9232 0.3788 0.0650
vn 0.0030 -0.9722 0.2340
vn 0.0288 -0.9301 0.3662
vn -0.0254 0.9784 0.2050
vn -0.9913 -0.1312 -0.0092
vn 0.5745 0.2957 -0.7632
vn -0.5021 0.2990 -0.8115
vn -0.4285 0.7570 0.4933
vn -0.8445 0.5246 0.1076
vn -0.7153 0.6886 0.1193
vn -0.4307 0.0686 0.8999
vn -0.8947 0.3639 -0.2591
vn -0.7575 0.6004 -0.2562
vn 0.8588 -0.4575 -0.2306
vn -0.1163 -0.9635 0.2412
vn -0.1249 -0.9595 0.2526
vn -0.2100 0.9476 -0.2410
vn 0.8977 0.2570 -0.3578
vn 0.9168 0.2408 -0.3185
vn -0.0073 0.7431 -0.6691
vn 0.2159 0.7295 -0.6490
vn -0.9889 0.1358 0.0596
vn -0.1525 0.6014 0.7843
vn -0.7624 0.6183 0.1910
vn -0.1512 0.8792 -0.4518
vn 0.8631 0.3097 -0.3988
vn -0.1598 0.8787 -0.4498
vn 0.0019 0.9395 -0.3426
vn -0.7228 0.6389 -0.2635
vn 0.3916 0.2525 -0.8848
vn 0.4154 0.5397 -0.7322
vn -0.9393 0.0649 0.3369
vn 0.0312 0.0781 -0.9965
vn -0.1109 0.9721 -0.2068
vn -0.7587 0.3739 -0.5335
vn -0.5450 0.6058 0.5797
vn -0.3194 0.8887 -0.3288
vn -0.3013 0.9012 -0.3116
vn -0.8283 0.2520 -0.5005
vn 0.4705 0.8822 -0.0178
vn -0.8399 0.5407 0.0467
vn -0.9819 -0.1188 -0.1476
vn -0.6798 -0.7308 0.0623
vn 0.1324 -0.3369 0.9322
vn 0.2235 0.2224 0.9490
vn 0.2626 0.8204 -0.5079
vn 0.8157 0.2604 -0.5166
vn -0.2549 0.9547 -0.1535
vn 0.2840 -0.4545 -0.8442
vn 0.2689 -0.1615 -0.9495
vn 0.0563 -0.1758 0.9828
vn 0.9856 0.0579 0.1591
vn 0.8856 0.2007 0.4189
vn 0.0625 0.9781 -0.1986
vn 0.0892 0.9925 -0.0830
vn 0.5064 -0.0379 0.8615
vn 0.9889 -0.1442 0.0368
vn 0.0003 -0.9628 0.2703
vn -0.4906 -0.0059 -0.8713
vn 0.9530 0.2956 -0.0661
vn 0.9860 -0.0957 0.1363
vn -0.3014 -0.9532 -0.0228
vn 0.4459 0.8370 -0.3171
vn 0.4382 0.8322 -0.3397
vn 0.8391 -0.5367 -0.0882
vn -0.3957 0.0727 -0.9155
vn 0.7550 -0.6251 0.1981
vn -0.0483 -0.9069 0.4186
vn 0.6031 -0.7357 0.3082
vn 0.0976 0.8754 -0.4734
vn 0.0110 0.7035 -0.7106
vn 0.1457 0.8025 -0.5786
vn 0.5509 -0.7264 0.4110
vn 0.0206 0.9587 -0.2838
vn 0.2075 -0.9689 -0.1351
vn -0.8898 -0.4345 0.1395
vn -0.1442 -0.3036 0.9418
vn 0.0477 -0.9731 0.2253
vn 0.2100 -0.3370 -0.9178
vn 0.1833 0.9279 -0.3246
vn 0.1394 0.9811 -0.1344
vn -0.0560 -0.9964 0.0633
vn -0.0926 -0.9945 0.0490
vn -0.9821 0.1872 -0.0226
vn -0.7692 0.6261 -0.1278
vn -0.6434 0.2732 -0.7151
vn -0.5657 -0.6354 -0.5256
vn -0.6015 -0.6064 0.5201
vn 0.4694 0.8731 -0.1320
vn 0.9240 0.0164 -0.3821
vn -0.3957 0.9146 -0.0831
vn -0.3748 0.9178 -0.1308
vn -0.6852 0.6160 0.3888
vn -0.4257 0.9043 0.0305
vn -0.2614 0.6230 0.7372
vn 0.7017 -0.2525 -0.6662
vn -0.0283 0.8984 -0.4383
vn -0.6451 0.4649 -0.6063
vn -0.5950 0.3333 -0.7313
vn 0.6503 0.6942 -0.3086
vn -0.0646 -0.9722 0.2251
vn 0.1008 0.8548 -0.5091
vn 0.9113 0.3608 -0.1986
vn -0.4781 0.6638 0.5751
vn 0.0685 0.9408 -0.3320
vn 0.1920 0.9159 -0.3525
vn 0.8978 -0.1294 -0.4210
vn 0.5159 0.0880 -0.8521
vn -0.7908 0.5290 0.3079
vn 0.7643 0.6413 0.0673
vn 0.4833 0.8393 -0.2489
vn 0.3188 0.9389 -0.1298
vn 0.0613 -0.9926 0.1050
vn -0.9094 0.4131 -0.0489
vn 0.3363 -0.8970 0.2869
vn -0.4927 -0.0390 0.8693
vn -0.4413 0.7651 0.4689
vn -0.6986 0.7154 -0.0143
vn -0.8448 0.3871 -0.3694
vn 0.0621 -0.9466 0.3163
vn 0.0067 -0.6068 0.7948
vn -0.1091 -0.9885 0.1048
vn -0.2023 0.8994 -0.3876
vn -0.5799 -0.7206 0.3801
vn -0.4282 0.6063 -0.6701
vn -0.3989 -0.8452 0.3558
vn -0.6117 0.7873 -0.0779
vn -0.5433 0.8385 -0.0422
vn -0.6333 -0.7130 -0.3010
vn 0.4638 0.8324 -0.3033
vn 0.3944 0.8678 -0.3022
vn -0.1332 -0.9709 0.1990
vn 0.1078 -0.7423 -0.6613
vn -0.1192 -0.8552 0.5044
vn 0.6507 -0.6416 0.4061
vn 0.0027 0.9074 -0.4203
vn 0.1682 0.8510 -0.4975
vn -0.9614 0.2069 -0.1815
vn 0.0567 0.9984 0.0018
vn -0.0064 0.9925 -0.1220
vn -0.5020 0.7182 -0.4819
vn -0.1561 0.1031 -0.9823
vn -0.0050 -0.3865 -0.9223
vn -0.1158 -0.4584 -0.8811
vn 0.5088 0.7575 -0.4089
vn 0.4787 0.8017 -0.3579
vn 0.8277 0.2711 -0.4914
vn 0.9142 0.3505 0.2033
vn 0.9125 0.1714 -0.3715
vn -0.3853 0.8985 -0.2104
vn 0.0753 0.1434 0.9868
vn -0.9525 -0.1715 0.2516
vn -0.0138 -0.8447 0.5351
vn 0.0525 0.9575 -0.2836
vn 0.0538 0.9749 -0.2159
vn 0.0719 -0.7067 -0.7039
vn 0.1525 -0.6658 -0.7304
vn -0.0903 -0.9869 0.1339
vn -0.1011 -0.9901 -0.0978
vn 0.1165 0.9537 -0.2774
vn -0.9571 0.2677 -0.1111
vn -0.1793 0.2484 0.9519
vn 0.7208 -0.3123 0.6188
vn -0.0204 -0.3215 0.9467
vn 0.4972 0.6994 -0.5134
vn 0.9408 0.3377 -0.0299
vn 0.2046 0.9689 -0.1393
vn 0.0229 0.9975 0.0662
vn 0.5877 0.7392 -0.3290
vn -0.6075 0.6690 -0.4283
vn 0.0790 0.9167 -0.3917
vn 0.0491 0.8889 -0.4554
vn 0.4998 -0.8345 0.2320
vn -0.2955 0.3777 0.8775
vn -0.0673 0.0045 0.9977
vn 0.9333 0.3012 0.1953
vn 0.6301 -0.1116 -0.7685
vn 0.9482 0.3113 -0.0633
vn 0.9395 0.1806 -0.2912
vn 0.0099 0.3219 0.9467
vn -0.1879 0.4978 0.8467
vn 0.0630 -0.9913 0.1155
vn 0.0327 -0.9980 0.0535
vn 0.0009 -0.9912 0.1323
vn -0.5989 0.7955 0.0925
vn -0.8115 0.5580 0.1737
vn -0.9549 0.0336 -0.2949
vn -0.8765 0.1618 -0.4535
vn 0.4748 -0.0899 0.8755
vn 0.8166 -0.4723 0.3317
vn 0.8543 -0.4695 0.2232
vn 0.7862 0.3281 -0.5237
vn 0.0176 -0.9039 0.4275
vn 0.0025 -0.9888 0.1495
vn -0.0575 -0.9083 0.4143
vn -0.3956 -0.7997 0.4516
vn -0.2971 -0.8804 0.3697
vn 0.0700 -0.9556 0.2861
vn -0.0103 -0.9628 0.2701
vn -0.0349 -0.3825 -0.9233
vn -0.2249 -0.9681 0.1107
vn 0.4384 -0.8925 0.1063
vn -0.0875 0.1816 0.9795
vn 0.7294 -0.3795 0.5691
vn 0.0240 -0.9783 0.2059
vn 0.5423 -0.8163 0.1989
vn -0.7150 0.2031 -0.6689
vn 0.6834 0.3608 -0.6347
vn -0.0358 0.9972 -0.0656
vn -0.0077 0.9898 -0.1425
vn 0.7906 0.0603 0.6094
vn 0.2522 0.8608 -0.4421
vn 0.2392 0.9036 -0.3553
vn -0.0257 -0.0504 0.9984
vn -0.4841 -0.7618 0.4305
vn -0.2910 -0.9443 0.1535
vn -0.8521 0.1540 0.5002
vn -0.0464 -0.9689 0.2430
vn 0.2844 -0.5360 -0.7948
vn 0.2657 0.9636 -0.0291
vn 0.0136 0.9999 -0.0004
vn -0.6819 0.6870 -0.2510
vn 0.5695 0.3785 0.7296
vn 0.6289 0.0393 0.7765
vn -0.1333 -0.8611 0.4907
vn -0.1982 -0.2672 0.9430
vn -0.9730 -0.0776 0.2173
vn -0.9294 0.3676 -0.0323
vn -0.9141 0.3803 -0.1404
vn -0.1811 -0.9071 0.3800
vn -0.9963 0.0133 -0.0854
vn 0.2185 -0.9745 -0.0520
vn 0.9268 -0.3671 -0.0790
vn 0.9605 0.1603 0.2276
vn 0.8991 -0.0672 0.4325
vn -0.4978 -0.0846 0.8632
vn -0.0908 0.2621 0.9608
vn -0.0012 -0.9393 -0.3430
vn 0.3954 0.8744 -0.2813
vn 0.3615 0.8733 -0.3265
vn -0.1348 -0.8721 0.4704
vn -0.4790 -0.8009 0.3593
vn -0.7306 0.3117 0.6075
vn -0.5640 0.5309 0.6325
vn 0.3954 0.8667 -0.3040
vn -0.1091 -0.8901 -0.4424
vn -0.5151 -0.1236 0.8481
vn -0.1909 0.2780 0.9414
vn -0.2943 0.9493 -0.1107
vn -0.1745 0.8660 -0.4687
vn -0.4162 0.8913 -0.1800
vn -0.0112 -0.9893 0.1456
vn -0.0439 -0.9827 0.1801
vn -0.0636 -0.9867 0.1495
vn -0.8618 0.0332 -0.5062
vn 0.0050 -0.2749 -0.9615
vn 0.5647 0.8202 -0.0912
vn 0.6564 0.7430 0.1304
vn 0.7836 0.6143 0.0927
vn 0.3048 0.5397 -0.7847
vn 0.4187 0.4242 -0.8030
vn -0.5359 -0.6284 0.5639
vn -0.0878 0.9023 0.4221
vn 0.4153 0.8711 -0.2621
vn 0.4658 0.7913 0.3961
vn 0.0148 0.9971 0.0748
vn -0.0487 -0.9676 0.2479
vn -0.0970 -0.6401 0.7622
vn 0.7913 -0.5844 -0.1797
vn 0.1985 -0.9800 -0.0160
vn 0.5663 -0.6743 0.4738
vn 0.8043 0.5390 0.2502
vn 0.0224 -0.9778 0.2085
vn -0.0351 -0.9982 0.0486
vn 0.3625 -0.8690 -0.3368
vn 0.1343 -0.9699 -0.2032
vn -0.2686 0.9615 0.0573
vn -0.0200 0.9610 -0.2758
vn 0.0125 -0.9951 0.0984
vn 0.1423 0.9287 0.3424
vn -0.3257 -0.8827 0.3388
vn 0.1061 -0.6480 0.7542
vn -0.5469 0.8367 0.0276
vn 0.4291 0.6830 -0.5910
vn -0.6835 0.2840 0.6725
vn -0.1024 0.9547 -0.2793
vn -0.8263 0.4817 0.2919
vn -0.8041 0.5433 0.2413
vn -0.0323 0.8905 -0.4537
vn 0.1262 0.9093 -0.3965
vn 0.1605 -0.9864 -0.0360
vn 0.4743 -0.8793 -0.0428
vn -0.9962 -0.0112 0.0858
vn 0.3640 0.0582 -0.9296
vn -0.9608 -0.2740 0.0432
vn -0.0237 0.9486 -0.3157
vn -0.0695 0.9174 -0.3918
vn 0.0863 0.1080 -0.9904
vn 0.1596 0.1484 -0.9760
vn 0.0617 -0.5464 -0.8352
vn -0.0336 0.0188 0.9993
vn -0.0748 -0.6400 0.7647
vn 0.2459 0.4444 0.8614
vn -0.9176 0.3909 0.0718
vn -0.8798 0.4737 -0.0407
vn -0.9155 -0.2110 0.3426
vn -0.4353 0.8810 0.1854
vn 0.9084 0.4004 -0.1205
vn 0.8865 -0.4303 -0.1705
vn -0.0374 0.8615 0.5064
vn -0.5113 0.6018 -0.6135
vn -0.2642 -0.3487 -0.8992
vn -0.9891 0.0706 -0.1293
vn -0.6918 -0.6299 0.3530
vn -0.0007 -0.9751 -0.2216
vn -0.5754 0.7069 -0.4114
vn -0.6913 0.6547 -0.3058
vn -0.3995 0.4457 -0.8011
vn -0.2098 0.6624 -0.7192
vn -0.3797 0.2842 -0.8804
vn 0.3209 0.8707 -0.3728
vn -0.5464 -0.8372 0.0224
vn -0.2211 -0.9474 -0.2313
vn 0.7579 -0.6093 -0.2331
vn -0.0000 -0.9918 0.1278
vn 0.0756 0.8631 -0.4994
vn 0.9084 0.2832 -0.3076
vn 0.9142 0.3442 -0.2142
vn 0.6054 0.7958 -0.0127
vn -0.2798 0.9254 -0.2556
vn -0.0337 0.9277 -0.3719
vn -0.6521 0.7573 0.0346
vn 0.9445 0.2874 -0.1591
vn 0.9967 0.0658 -0.0484
vn 0.9306 -0.3303 0.1578
vn -0.9573 -0.0851 -0.2762
vn -0.1447 -0.9612 0.2347
vn -0.1271 -0.9347 0.3319
vn 0.5199 0.8081 -0.2768
vn -0.5199 -0.8335 0.1868
vn 0.5667 0.7337 0.3748
vn 0.9416 0.2097 0.2635
vn -0.6625 0.2718 0.6980
vn -0.6874 0.7134 -0.1363
vn -0.1492 0.9703 0.1905
vn 0.8312 -0.5560 0.0024
vn 0.4385 0.0974 -0.8934
vn 0.5819 -0.0972 -0.8074
vn -0.9892 -0.0931 0.1129
vn -0.3559 -0.3567 -0.8638
vn 0.9104 -0.4134 0.0178
vn -0.1551 0.9401 -0.3035
vn -0.1269 0.9796 -0.1555
vn 0.6415 0.2800 -0.7142
vn 0.9769 0.0980 0.1898
vn -0.6425 -0.7112 -0.2852
vn 0.9665 -0.0002 -0.2567
vn -0.9337 0.1706 0.3147
vn 0.5775 -0.3559 0.7347
vn 0.4839 -0.8529 0.1961
vn -0.0406 -0.9979 -0.0502
vn -0.7087 0.6084 -0.3571
vn -0.0283 -0.9993 0.0257
vn 0.3649 0.5990 -0.7128
vn -0.7808 -0.5958 0.1883
vn 0.1173 0.9239 -0.3641
vn -0.2108 0.9152 -0.3435
vn 0.2928 0.4102 -0.8637
vn 0.4887 -0.1333 0.8622
vn 0.9481 0.1910 0.2542
vn 0.8461 -0.5209 0.1135
vn 0.0017 0.8232 -0.5678
vn -0.3985 0.8687 -0.2941
vn 0.0676 0.9950 0.0732
vn -0.4339 -0.5688 0.6987
vn -0.2379 -0.5946 0.7681
vn 0.0883 0.9530 -0.2898
vn 0.1984 -0.9593 0.2011
vn -0.1439 0.0122 0.9895
vn -0.0723 0.2967 0.9522
vn -0.0987 -0.8623 0.4966
vn -0.2677 -0.6952 0.6671
vn -0.1193 -0.6944 0.7096
vn 0.0671 -0.9926 0.1012
vn -0.3573 -0.4513 0.8177
vn -0.3347 0.2502 0.9085
vn 0.6366 -0.7574 0.1452
vn 0.0404 -0.9532 0.2997
vn -0.8078 0.5576 0.1913
vn 0.7902 0.5194 -0.3253
vn 0.0379 -0.9889 0.1439
vn 0.3992 0.9169 -0.0057
vn 0.3678 0.8553 -0.3649
vn 0.8230 0.4454 -0.3526
vn 0.9229 0.2836 0.2605
vn -0.4182 0.7745 -0.4746
vn 0.3228 0.9456 0.0408
vn -0.3448 0.1827 0.9207
vn -0.4918 0.0456 0.8695
vn -0.6786 -0.4987 -0.5393
vn 0.0019 -0.3991 -0.9169
vn -0.0545 0.0370 -0.9978
vn 0.4201 0.8556 -0.3024
vn -0.7390 0.5217 0.4263
vn 0.0006 -0.9851 0.1722
vn 0.8379 0.1015 0.5362
vn 0.9770 0.1898 0.0970
vn -0.4636 -0.3013 -0.8332
vn -0.9997 0.0227 0.0067
vn -0.8685 -0.4531 -0.2010
vn 0.3078 0.7359 -0.6031
vn 0.2210 0.9181 -0.3291
vn 0.9232 0.3842 0.0066
vn 0.9714 0.2376 -0.0034
vn -0.7926 -0.5752 0.2024
vn 0.3787 -0.9037 0.1997
vn 0.2938 -0.9351 0.1984
vn 0.4564 0.8698 0.1875
vn 0.2790 0.9301 0.2388
vn 0.3594 0.8938 0.2683
vn -0.5026 0.2539 0.8264
vn 0.8330 0.3688 -0.4125
vn 0.7369 -0.5414 -0.4047
vn 0.7867 -0.5581 -0.2640
vn -0.1348 0.4942 0.8588
vn -0.9609 0.2582 -0.0999
vn -0.4916 -0.7905 0.3652
vn 0.6818 -0.6372 0.3593
vn -0.1861 -0.9218 0.3402
vn 0.7540 0.3539 -0.5534
vn 0.8853 -0.4271 0.1838
vn 0.9539 -0.2602 0.1498
vn 0.3287 -0.9049 0.2702
vn 0.2846 -0.9004 0.3291
vn 0.0466 0.9897 -0.1354
vn -0.5693 -0.6597 0.4906
vn 0.4664 0.8415 -0.2725
vn -0.8458 0.4002 -0.3528
vn 0.4885 0.3592 0.7952
vn 0.0162 -0.9258 -0.3777
vn 0.0057 0.9642 0.2652
vn -0.0321 0.8050 -0.5925
vn -0.7674 -0.3552 0.5338
vn -0.5468 0.7336 0.4035
vn 0.0183 0.9980 -0.0604
vn 0.0069 0.9979 0.0642
vn -0.3727 -0.1252 0.9195
vn -0.3186 0.3182 0.8929
vn -0.4729 0.6185 0.6276
vn 0.9206 -0.2005 -0.3352
vn 0.3333 0.6734 -0.6599
vn -0.6534 0.7134 -0.2534
vn 0.1172 0.9471 -0.2987
vn 0.1494 0.9494 -0.2763
vn 0.5582 0.4809 0.6762
vn 0.9612 0.2174 -0.1697
vn 0.6358 0.5209 -0.5696
vn 0.6747 -0.3337 -0.6583
vn 0.2321 0.5355 0.8120
vn -0.1024 -0.6721 0.7334
vn 0.8056 -0.0904 0.5855
vn -0.0187 -0.9371 0.3487
vn -0.0250 -0.9259 0.3768
vn -0.0712 0.9521 -0.2975
vn 0.5458 0.6676 0.5064
vn 0.4223 0.5636 0.7100
vn 0.3382 0.9405 0.0341
vn 0.3757 0.9085 -0.1828
vn -0.4033 0.6435 0.6506
vn 0.9043 -0.0672 0.4216
vn -0.4235 0.8349 -0.3516
vn 0.2704 0.8220 -0.5013
vn -0.6972 -0.6479 -0.3067
vn 0.0413 0.9510 -0.3064
vn -0.9230 -0.1498 0.3543
vn 0.3566 0.7642 -0.5374
vn 0.7327 0.6474 -0.2099
vn 0.1279 0.9765 -0.1733
vn 0.0193 -0.9807 0.1944
vn -0.0366 -0.9014 0.4315
vn -0.0177 -0.9845 0.1744
vn 0.0061 -0.9758 0.2184
vn 0.7620 0.3262 -0.5594
vn -0.2592 0.9593 -0.1120
vn -0.7945 0.5811 -0.1763
vn -0.2813 0.0571 -0.9579
vn 0.9601 -0.2121 -0.1823
vn -0.6415 -0.7650 -0.0566
vn -0.4260 -0.6788 -0.5981
vn -0.1914 -0.3963 -0.8979
vn 0.0228 0.0574 -0.9981
vn 0.3937 -0.2797 -0.8756
vn -0.0326 -0.8754 0.4823
vn 0.0009 -0.8795 0.4759
vn 0.0233 -0.9109 0.4120
vn -0.2468 0.8248 -0.5086
vn 0.5154 -0.3048 -0.8009
vn -0.2120 -0.8366 0.5052
vn -0.3876 -0.6080 0.6929
vn 0.6015 0.4184 0.6805
vn -0.4737 0.8142 0.3356
vn -0.1697 -0.9224 0.3470
vn 0.0042 -0.9888 0.1493
vn 0.9866 -0.1546 0.0521
vn 0.4047 0.0403 -0.9136
vn -0.0215 -0.7825 0.6222
vn -0.0581 -0.9762 0.2091
vn -0.0645 -0.9417 0.3303
vn 0.9684 0.0840 -0.2347
vn 0.7087 -0.7046 0.0346
vn -0.6367 -0.5525 0.5379
vn 0.0261 -0.7752 0.6311
vn -0.7808 0.6159 -0.1051
vn 0.6142 0.7890 0.0146
vn 0.6755 -0.2837 -0.6806
vn -0.0232 -0.9723 0.2328
vn 0.0201 -0.9963 0.0841
vn -0.2994 -0.3195 0.8990
vn -0.0159 -0.2398 0.9707
vn -0.3913 0.8026 -0.4502
vn 0.7745 0.6316 -0.0355
vn 0.9151 0.3633 -0.1748
vn 0.9999 -0.0094 -0.0042
vn 0.3093 -0.9304 0.1966
vn 0.2524 -0.9272 0.2768
vn 0.3768 -0.8953 0.2376
vn 0.5851 -0.7986 -0.1414
vn -0.3286 -0.9386 0.1054
vn 0.0533 -0.9771 -0.2062
vn -0.1235 -0.9873 -0.0998
vn -0.0639 -0.7636 0.6425
vn 0.6790 0.6790 -0.2790
vn 0.0531 -0.9593 0.2772
vn 0.9141 -0.3708 -0.1641
vn 0.1523 0.9021 0.4037
vn 0.2158 0.9309 -0.2948
vn 0.0746 -0.9831 0.1674
vn 0.9199 0.2985 -0.2544
vn 0.2810 0.3470 -0.8948
vn -0.3890 0.7642 0.5144
vn -0.3422 -0.0385 0.9389
vn -0.3052 0.6538 0.6924
vn 0.8382 -0.5253 0.1468
vn -0.1556 -0.9610 0.2287
vn 0.4951 -0.8157 0.2992
vn -0.1803 0.9365 -0.3009
vn 0.9732 0.2128 -0.0873
vn 0.3379 -0.8291 0.4455
vn -0.8236 0.5522 0.1298
vn 0.7371 0.4322 -0.5196
vn 0.1518 0.9689 -0.1957
vn 0.5987 0.6425 -0.4783
vn -0.0655 0.9123 -0.4043
vn 0.0319 0.9485 -0.3151
vn 0.7384 0.2941 -0.6069
vn 0.6833 0.0536 -0.7282
vn 0.8835 0.1718 -0.4358
vn -0.3801 -0.0360 0.9242
vn 0.5959 0.3345 0.7301
vn -0.0359 -0.3588 0.9327
vn -0.0873 0.2265 0.9701
vn -0.5079 -0.6885 -0.5178
vn -0.3541 -0.8960 0.2681
vn 0.0074 -0.9998 -0.0203
vn -0.1134 -0.9934 -0.0157
vn -0.2701 0.9457 -0.1807
vn -0.9611 -0.2502 0.1173
vn -0.4002 -0.4669 -0.7886
vn -0.9636 -0.2152 0.1586
vn 0.0156 0.9603 -0.2784
vn 0.0543 -0.7888 0.6123
vn 0.5397 -0.7540 0.3743
vn 0.0817 -0.9899 0.1157
vn 0.2090 0.6736 -0.7089
vn 0.7730 0.0166 0.6342
vn 0.7807 0.1177 0.6138
vn -0.8764 0.0848 0.4741
vn -0.7558 0.6422 -0.1282
vn 0.1919 0.9192 -0.3440
vn -0.7702 -0.5526 0.3183
vn -0.2253 0.9228 -0.3125
vn -0.3066 0.9443 -0.1193
vn 0.5212 0.7416 -0.4223
vn 0.8165 0.4866 -0.3109
vn -0.8570 0.3405 -0.3867
vn -0.9419 0.0394 -0.3336
vn 0.0090 -0.0244 0.9997
vn -0.0727 -0.1783 0.9813
vn -0.1757 -0.0317 0.9839
vn -0.0991 0.1494 0.9838
vn -0.6176 -0.7675 0.1718
vn 0.7648 0.5292 0.3674
vn 0.0260 0.3724 -0.9277
vn 0.2869 0.4507 -0.8453
vn 0.1819 0.8780 -0.4427
vn 0.1997 0.8930 -0.4032
vn 0.1556 0.8866 -0.4356
vn 0.8773 -0.1924 0.4397
vn 0.8359 -0.5000 -0.2263
vn -0.3645 -0.0527 0.9297
vn 0.2463 0.7346 -0.6322
vn 0.7868 -0.1233 0.6048
vn 0.7065 -0.0502 0.7060
vn -0.7794 -0.2074 -0.5912
vn -0.3428 -0.2023 -0.9174
vn -0.0687 0.0569 -0.9960
vn -0.8098 0.2793 0.5159
vn -0.6231 0.4361 0.6492
vn -0.0166 0.9724 0.2329
vn -0.5039 0.8566 -0.1108
vn 0.6741 -0.2638 0.6899
vn -0.2332 0.9668 -0.1041
vn -0.0630 0.9548 -0.2904
vn 0.8663 -0.2763 0.4161
vn 0.8501 -0.2443 0.4665
vn -0.5986 0.7999 0.0439
vn -0.6634 0.7481 0.0147
vn -0.7608 0.6149 0.2076
vn -0.8189 -0.4765 0.3200
vn -0.0243 0.9645 -0.2630
vn -0.2187 -0.0530 0.9744
vn 0.0259 -0.0323 0.9991
vn 0.8232 0.5522 0.1322
vn 0.8428 0.5356 0.0536
vn -0.3846 0.6004 -0.7012
vn -0.8491 -0.4961 -0.1816
vn -0.0155 -0.9900 0.1406
vn -0.8745 0.3917 -0.2860
vn 0.1231 0.9532 -0.2762
vn 0.2454 0.8213 -0.5151
vn -0.9837 0.1178 -0.1359
vn -0.0078 -0.1961 -0.9805
vn 0.2043 0.9607 -0.1878
vn -0.0772 0.9872 -0.1398
vn 0.4993 0.5085 0.7015
vn 0.4308 -0.7062 0.5618
vn -0.8367 0.2974 0.4599
vn 0.2090 0.9073 -0.3649
vn 0.3884 0.9166 -0.0945
vn -0.1556 0.0422 -0.9869
vn 0.8315 -0.5068 -0.2276
vn 0.4249 0.0380 -0.9045
vn -0.0188 -0.9542 0.2987
vn -0.1839 -0.9794 0.0839
vn 0.0743 0.9576 -0.2785
vn -0.6986 0.7114 -0.0760
vn 0.0781 -0.1172 -0.9900
vn -0.9840 0.1191 -0.1322
vn -0.9880 -0.1542 -0.0116
vn -0.7420 0.5673 -0.3572
vn -0.0856 0.9165 -0.3907
vn 0.5559 0.6570 -0.5092
vn -0.0786 -0.9963 -0.0333
vn 0.1523 0.9515 -0.2675
vn 0.0080 -0.1315 0.9913
vn -0.8627 -0.4075 -0.2995
vn -0.5854 -0.6583 0.4732
vn -0.1587 0.8179 -0.5530
vn -0.2773 0.8132 -0.5117
vn 0.0156 -0.9129 0.4080
vn 0.4941 0.8237 0.2782
vn 0.6260 0.7155 0.3101
vn -0.9859 -0.1162 0.1205
vn -0.8253 0.5241 -0.2102
vn -0.0205 -0.9635 -0.2668
vn -0.4911 -0.0249 -0.8708
vn -0.8859 0.0503 -0.4611
vn 0.6580 -0.5967 -0.4593
vn 0.1347 -0.4654 0.8748
vn -0.1195 -0.9653 0.2322
vn -0.1211 -0.9228 0.3657
vn -0.1388 -0.9480 0.2865
vn 0.7098 -0.5585 -0.4293
vn 0.7974 -0.1481 -0.5850
vn -0.2338 0.9111 -0.3395
vn 0.0840 -0.9964 -0.0094
vn 0.0434 -0.8077 0.5881
vn -0.3343 0.4657 -0.8194
vn -0.7795 -0.6068 -0.1556
vn 0.1318 0.7252 -0.6758
vn 0.9024 -0.0130 -0.4307
vn -0.0776 -0.9892 -0.1244
vn -0.0353 -0.9802 -0.1950
vn -0.2605 0.9082 -0.3275
vn 0.3595 0.7367 -0.5727
vn 0.0090 0.8049 -0.5934
vn -0.2595 0.9564 -0.1338
vn -0.2690 0.9578 -0.1012
vn -0.7442 0.6657 -0.0546
vn -0.3414 0.8674 -0.3622
vn 0.8539 -0.0814 0.5141
vn 0.9152 0.0401 0.4009
vn -0.7139 -0.2336 0.6601
vn 0.7396 0.5248 -0.4213
vn 0.2318 0.9547 0.1864
vn 0.4954 -0.8685 0.0133
vn 0.1449 0.9243 -0.3531
vn 0.2846 0.9078 -0.3079
vn 0.8372 -0.5393 0.0908
vn 0.2514 -0.7260 0.6401
vn -0.6352 -0.7331 -0.2431
vn -0.4694 -0.0039 0.8830
vn -0.2741 -0.7159 -0.6422
vn 0.3847 -0.7086 0.5916
vn 0.3904 0.9159 -0.0930
vn -0.0112 0.9837 -0.1793
vn -0.0462 0.9825 -0.1805
vn 0.2140 -0.9698 0.1172
vn 0.7729 0.5662 0.2864
vn -0.0439 -0.9906 0.1298
vn -0.4144 -0.9037 0.1071
vn -0.6322 0.1113 0.7668
vn 0.4416 -0.7736 -0.4544
vn 0.1334 0.9694 -0.2062
vn 0.9751 0.2213 -0.0124
vn -0.1679 0.9545 -0.2463
vn 0.6607 -0.0897 0.7453
vn -0.4249 0.1452 0.8935
vn 0.0273 0.9640 -0.2644
vn -0.2640 0.3802 0.8864
vn -0.2127 0.3918 0.8951
vn -0.7746 0.4400 -0.4543
vn -0.1193 0.8760 -0.4673
vn 0.5278 0.7192 -0.4519
vn -0.0702 0.6313 -0.7724
vn 0.3369 -0.8678 -0.3653
vn -0.0727 -0.9641 -0.2552
vn -0.0355 -0.5543 0.8315
vn -0.2488 0.8866 -0.3900
vn -0.2127 0.9012 -0.3777
vn -0.1035 0.9062 -0.4100
vn -0.2805 0.9118 -0.3000
vn -0.9175 -0.0789 -0.3898
vn -0.1585 -0.9513 0.2645
vn -0.0512 -0.9913 0.1212
vn -0.1017 -0.9894 0.1039
vn 0.1885 0.8952 -0.4039
vn 0.5507 0.7699 0.3224
vn 0.8612 0.0611 0.5045
vn 0.8024 -0.2317 0.5500
vn -0.3883 0.0566 0.9198
vn 0.7117 -0.4572 0.5333
vn -0.8178 0.3013 0.4903
vn -0.6183 0.3787 0.6887
vn -0.0321 0.0882 0.9956
vn 0.0586 -0.8925 0.4471
vn -0.5023 -0.8545 0.1322
vn 0.0768 0.9722 -0.2212
vn -0.2677 0.8941 -0.3590
vn 0.0083 0.9264 0.3764
vn -0.1442 -0.9767 0.1587
vn -0.8605 0.3185 0.3976
vn -0.6977 -0.0070 0.7163
vn -0.8244 0.4502 0.3429
vn -0.0120 -0.9861 0.1659
vn 0.2684 -0.6850 0.6773
vn -0.4131 -0.7873 0.4578
vn -0.7190 0.0403 0.6938
vn -0.4872 0.7761 -0.4005
vn 0.5737 -0.7608 0.3034
vn 0.6801 -0.6180 0.3945
vn 0.6264 -0.4820 -0.6126
vn 0.3203 -0.9225 0.2155
vn -0.2573 0.4553 0.8524
vn -0.4768 0.6734 0.5650
vn -0.1521 0.2253 0.9623
vn 0.2278 -0.9402 -0.2534
vn 0.6538 -0.6928 0.3044
vn 0.2797 0.9195 0.2762
vn 0.4815 -0.8330 0.2724
vn -0.8882 -0.3258 0.3240
vn -0.9791 -0.0828 -0.1859
vn 0.5046 -0.7640 -0.4021
vn 0.8712 0.0529 -0.4880
vn -0.0930 0.9409 -0.3257
vn 0.0011 0.9509 -0.3094
vn 0.8682 -0.4395 0.2306
vn 0.2767 0.9068 -0.3182
vn -0.1764 0.0404 0.9835
vn 0.5621 0.6206 -0.5467
vn 0.2688 -0.7736 0.5739
vn 0.5011 -0.7189 0.4818
vn -0.3270 0.9437 0.0500
vn 0.1768 0.9577 -0.2269
vn -0.0502 -0.8683 -0.4936
vn 0.6167 -0.7742 0.1427
vn 0.0166 -0.9938 0.1101
vn 0.4052 0.7562 -0.5138
vn 0.8808 0.1488 -0.4495
vn -0.8775 -0.2541 -0.4068
vn -0.4572 -0.3246 -0.8280
vn -0.3542 -0.2333 -0.9056
vn -0.3089 0.1382 0.9410
vn -0.5347 0.6234 -0.5705
vn -0.3488 0.6981 -0.6253
vn -0.3681 -0.8879 0.2761
vn -0.5777 0.8061 -0.1286
vn -0.0920 0.9930 -0.0742
vn -0.0510 0.9076 0.4168
vn -0.2720 0.9102 -0.3122
vn -0.9135 0.3342 -0.2323
vn 0.8036 -0.0612 0.5920
vn 0.4869 0.8686 0.0916
vn 0.0415 -0.9110 0.4102
vn 0.0075 -0.9451 0.3268
vn -0.0809 0.9374 -0.3388
vn 0.3399 0.9403 -0.0175
vn 0.5831 0.7218 -0.3730
vn 0.1067 0.9917 -0.0719
vn -0.0479 0.5096 0.8591
vn -0.7834 -0.5035 0.3644
vn -0.2074 0.6763 -0.7068
vn 0.9976 -0.0364 -0.0592
vn -0.9741 -0.2249 0.0238
vn 0.8119 -0.5212 -0.2630
vn 0.0299 -0.0389 -0.9988
vn 0.8446 -0.2955 -0.4465
vn -0.6056 0.7289 -0.3194
vn -0.0966 -0.1671 0.9812
vn -0.8109 -0.4901 -0.3197
vn 0.8000 -0.0183 -0.5998
vn -0.0412 -0.9973 0.0609
vn 0.0133 -0.9918 0.1273
vn 0.1215 0.9881 0.0939
vn 0.5363 0.0387 -0.8431
vn 0.0442 0.3223 0.9456
vn -0.4912 0.8328 -0.2553
vn -0.3616 -0.8292 0.4262
vn -0.0762 -0.1667 -0.9831
vn 0.6125 0.7880 -0.0625
vn -0.0066 -0.9649 0.2626
vn -0.3397 0.1075 -0.9344
vn 0.9857 0.0625 0.1566
vn -0.7916 0.5963 -0.1337
vn 0.1846 0.9809 -0.0608
vn 0.4045 0.3181 -0.8574
vn -0.5516 0.3487 -0.7577
vn -0.1098 -0.9435 0.3128
vn -0.6810 0.6340 -0.3664
vn -0.0434 0.9587 -0.2810
vn 0.0518 0.9840 -0.1704
vn 0.4992 0.4806 -0.7210
vn -0.1957 0.4989 -0.8443
vn 0.8868 0.3459 0.3064
vn -0.0774 0.9511 -0.2991
vn -0.7496 0.5942 0.2917
vn -0.6180 0.6670 0.4162
vn 0.3591 0.9300 -0.0788
vn 0.3476 0.9299 -0.1206
vn 0.0881 -0.9354 0.3423
vn 0.0693 -0.5940 -0.8015
vn -0.6880 0.3400 0.6411
vn -0.2703 0.6340 -0.7246
vn 0.9146 -0.3214 -0.2452
vn -0.8327 0.3904 0.3928
vn 0.3446 -0.9388 0.0038
vn 0.4075 -0.8967 -0.1729
vn -0.8560 0.4987 -0.1365
vn -0.8225 0.1855 -0.5376
vn -0.0178 -0.7211 -0.6926
vn -0.0447 -0.9298 0.3653
vn 0.5401 -0.5428 0.6431
vn -0.0144 -0.9877 0.1558
vn -0.1497 0.9502 -0.2734
vn 0.0417 -0.9659 0.2557
vn -0.2767 -0.9547 0.1097
vn 0.0365 0.9925 -0.1166
vn 0.7831 0.5552 -0.2803
vn 0.5655 0.2041 0.7991
vn -0.8640 0.1966 -0.4635
vn -0.6681 0.6781 -0.3064
vn 0.0658 -0.8979 0.4352
vn -0.3172 0.8664 -0.3857
vn -0.1540 0.9694 -0.1912
vn 0.0153 0.0975 0.9951
vn 0.9035 0.0281 0.4277
vn -0.6616 0.7369 -0.1389
vn -0.9444 -0.1016 0.3128
vn 0.2660 0.9385 -0.2203
vn 0.0610 -0.6869 -0.7242
vn -0.9857 0.1673 0.0184
vn -0.9294 -0.2536 0.2681
vn 0.0244 -0.9990 0.0381
vn 0.9367 -0.1949 -0.2909
vn -0.7453 -0.6574 0.1111
vn -0.9278 -0.3691 0.0538
vn -0.2178 0.7997 -0.5595
vn 0.5613 -0.7959 -0.2268
vn -0.4850 0.8650 -0.1287
vn 0.8335 -0.5377 0.1274
vn -0.0488 0.9988 0.0064
vn 0.0407 0.6077 -0.7932
vn -0.0102 0.8730 0.4876
vn -0.0549 -0.9858 0.1585
vn -0.5788 0.0686 0.8126
vn 0.3463 0.9375 0.0332
vn 0.3653 0.9163 -0.1639
vn -0.4531 0.1806 -0.8730
vn -0.2701 -0.9470 0.1738
vn -0.1790 -0.9560 0.2325
vn -0.2540 -0.9460 0.2015
vn 0.7552 0.2334 0.6125
vn 0.9256 0.3635 0.1053
vn 0.3475 -0.7245 -0.5953
vn 0.7387 0.2759 -0.6151
vn 0.0781 0.8334 -0.5471
vn 0.4864 -0.7753 0.4030
vn 0.1608 0.0480 -0.9858
vn 0.6527 0.2408 -0.7183
vn 0.4154 0.9051 -0.0905
vn -0.9254 0.2292 0.3017
vn 0.4816 0.3276 0.8129
vn -0.1105 0.4478 -0.8873
vn -0.4066 0.8474 -0.3414
vn 0.0541 0.9616 -0.2691
vn 0.5727 -0.7999 0.1793
vn 0.5604 -0.7713 0.3018
vn 0.0969 -0.9757 0.1966
vn -0.4331 0.8917 0.1313
vn -0.0099 0.8708 -0.4915
vn 0.0698 0.9973 0.0226
vn -0.8014 0.4723 -0.3670
vn 0.1904 0.8897 -0.4150
vn 0.0204 -0.9983 0.0538
vn -0.5234 0.1470 -0.8393
vn -0.5187 0.8547 -0.0193
vn -0.5004 0.8599 -0.1006
vn 0.0231 0.7373 -0.6752
vn 0.0912 0.6728 -0.7342
vn 0.2860 -0.0538 0.9567
vn -0.0134 0.9894 -0.1449
vn -0.7013 -0.6376 0.3187
vn 0.0547 -0.9541 0.2944
vn -0.6855 0.5998 0.4127
vn 0.9006 -0.4210 -0.1082
vn -0.0067 0.9869 -0.1612
vn -0.0401 0.9769 -0.2099
vn 0.4386 0.8401 -0.3192
vn -0.6644 -0.5760 -0.4763
vn -0.5486 -0.6521 -0.5233
vn 0.5951 -0.0537 0.8018
vn 0.7807 0.6019 -0.1679
vn 0.7186 0.6066 -0.3400
vn 0.1486 -0.9225 0.3564
vn 0.1873 0.9803 -0.0634
vn -0.0089 -0.9727 0.2319
vn -0.0217 0.9982 0.0560
vn -0.8046 0.5626 0.1901
vn -0.0551 0.9676 -0.2463
vn -0.7452 0.6646 0.0547
vn -0.9277 0.2789 0.2482
vn -0.2870 0.9004 -0.3270
vn -0.3028 -0.9526 0.0304
vn 0.0880 0.9918 -0.0926
vn 0.5329 0.7226 -0.4403
vn 0.4109 -0.8201 0.3982
vn 0.0301 0.0422 -0.9987
vn 0.0017 0.5682 -0.8229
vn 0.8346 0.5295 -0.1522
vn 0.4985 0.8294 0.2524
vn 0.0857 0.6624 -0.7442
vn 0.1609 0.5012 0.8502
vn -0.0431 -0.8399 0.5410
vn -0.9411 0.0020 0.3382
vn -0.6798 -0.7306 0.0642
vn -0.7413 -0.1660 0.6503
vn -0.7571 0.6296 -0.1746
vn 0.3719 0.9198 0.1251
vn -0.1699 0.9569 -0.2355
vn -0.1453 -0.9400 0.3086
vn -0.0331 0.9021 -0.4302
vn -0.0524 -0.2166 0.9748
vn -0.0692 0.9740 0.2156
vn 0.0169 -0.9966 0.0810
vn -0.8716 -0.4472 0.2007
vn 0.0725 0.9004 -0.4290
vn -0.9701 -0.2082 0.1250
vn 0.2682 0.3896 0.8811
vn 0.6114 0.7894 -0.0539
vn 0.8327 0.1779 0.5244
vn 0.7637 0.2745 0.5842
vn 0.2237 0.9701 -0.0946
vn 0.8726 -0.4572 0.1716
vn -0.0499 -0.9967 0.0643
vn 0.5535 0.8301 -0.0683
vn -0.0225 -0.9472 0.3197
vn -0.8006 0.5545 -0.2270
vn -0.7404 0.6288 -0.2375
vn -0.6911 0.6667 -0.2790
vn -0.2915 0.9415 -0.1691
vn 0.0087 0.3248 0.9457
vn 0.9318 -0.3620 0.0284
vn 0.7721 0.6330 -0.0555
vn -0.0126 0.9695 -0.2447
vn 0.6855 -0.6840 -0.2493
vn -0.9235 -0.3579 -0.1383
vn 0.1167 0.9082 -0.4019
vn -0.0089 -0.9348 -0.3551
vn 0.7139 -0.6992 0.0390
vn -0.8331 -0.2273 0.5043
vn -0.9256 0.2723 0.2628
vn 0.2206 0.3948 0.8919
vn -0.3318 0.9023 -0.2753
vn -0.6535 -0.7488 0.1105
vn 0.7669 -0.5210 0.3748
vn 0.0257 -0.9947 0.0991
vn -0.9417 0.0102 -0.3363
vn 0.8904 -0.4478 0.0822
vn -0.5334 0.6871 -0.4933
vn -0.6293 -0.0127 -0.7771
vn -0.2443 0.7257 -0.6431
vn 0.0510 -0.5329 0.8446
vn 0.8994 -0.3494 -0.2628
vn 0.1090 0.9422 -0.3167
vn -0.2897 -0.1288 -0.9484
vn -0.0426 -0.9266 0.3736
vn 0.5391 0.7971 -0.2721
vn 0.8412 -0.0287 -0.5399
vn 0.5600 0.7492 -0.3535
vn -0.0688 -0.9687 -0.2384
vn -0.6717 0.6898 -0.2702
vn -0.0935 -0.9797 -0.1775
vn -0.0483 0.9868 -0.1546
vn 0.0779 -0.5548 -0.8283
vn -0.2238 -0.9568 -0.1855
vn -0.8696 0.2984 -0.3934
vn 0.1369 0.9302 -0.3405
vn -0.2158 0.9749 -0.0547
vn -0.4224 0.6233 -0.6581
vn -0.1227 -0.9051 0.4070
vn 0.8052 -0.2993 -0.5119
vn -0.0301 -0.9972 0.0682
vn -0.0425 -0.9160 -0.3990
vn -0.0246 -0.9765 0.2140
vn 0.0189 -0.5477 0.8365
vn 0.7430 -0.6208 -0.2501
vn -0.7730 -0.5514 0.3137
vn 0.3152 -0.9352 0.1615
vn -0.0071 -0.9947 0.1024
vn 0.0033 -0.9233 0.3840
vn -0.2179 -0.1100 0.9698
vn 0.5130 0.5287 -0.6762
vn -0.0241 0.9406 0.3387
vn 0.0350 0.9722 0.2316
vn 0.5995 0.5787 0.5530
vn 0.2194 0.0820 0.9722
vn 0.0438 0.9745 -0.2200
vn -0.9295 -0.3144 -0.1931
vn -0.3387 -0.7438 -0.5762
vn 0.8000 0.4578 -0.3879
vn 0.7712 -0.1276 -0.6237
vn -0.4229 -0.7123 -0.5602
vn -0.3889 0.9180 0.0772
vn 0.0233 -0.9987 0.0455
vn -0.1273 -0.9819 0.1401
vn 0.8927 0.4117 -0.1831
vn -0.1113 -0.5221 -0.8456
vn -0.0463 -0.9970 0.0614
vn -0.3254 0.2640 -0.9080
vn 0.0125 0.5147 0.8573
vn -0.0338 -0.9778 -0.2068
vn 0.0075 -0.9988 0.0494
vn 0.0459 0.8759 0.4803
vn -0.0683 -0.9825 0.1736
vn 0.7632 -0.2956 0.5745
vn 0.3498 -0.9293 -0.1184
vn 0.3602 -0.4229 -0.8315
vn -0.6803 -0.6776 0.2794
vn -0.6812 -0.7192 0.1369
vn 0.0744 -0.8722 0.4834
vn 0.9948 0.0994 0.0225
vn -0.4388 0.7872 -0.4333
vn 0.4204 0.8236 -0.3807
vn -0.2797 -0.8136 -0.5097
vn -0.1104 -0.9926 0.0498
vn 0.1211 0.7689 0.6278
vn 0.9666 0.0902 -0.2399
vn 0.4119 -0.9055 -0.1016
vn 0.5964 0.8020 0.0350
vn -0.7708 0.2177 -0.5988
vn 0.0429 0.9875 -0.1514
vn 0.2530 0.8197 -0.5138
vn 0.4993 0.8657 -0.0361
vn -0.1948 0.4703 -0.8608
vn 0.5859 -0.7932 -0.1660
vn -0.8593 -0.4929 0.1365
vn -0.9321 0.3173 -0.1748
vn -0.7643 0.1681 -0.6225
vn -0.6881 0.6022 -0.4048
vn -0.6682 0.6986 -0.2561
vn -0.3096 0.9293 0.2011
vn -0.2706 -0.4722 0.8389
vn -0.1327 0.9695 -0.2059
vn 0.4267 -0.8253 0.3699
vn 0.1446 0.8885 -0.4355
vn -0.1867 0.9131 -0.3626
vn 0.2748 0.7871 -0.5523
vn 0.6022 -0.6967 -0.3897
vn 0.1321 0.9522 -0.2755
vn -0.4404 -0.0381 0.8970
vn -0.9092 0.4135 0.0483
vn -0.7012 0.7119 -0.0393
vn 0.0412 -0.9399 0.3389
vn -0.0947 -0.9918 -0.0857
vn -0.9383 0.3344 0.0885
vn 0.1144 -0.9392 0.3237
vn 0.9318 0.3585 -0.0575
vn 0.2852 0.2467 0.9262
vn -0.7612 0.4315 -0.4841
vn -0.3851 -0.8121 0.4383
vn -0.6141 -0.7372 -0.2817
vn 0.1761 -0.9063 0.3841
vn -0.6764 0.6596 0.3279
vn -0.5489 0.7245 0.4168
vn 0.3131 0.0965 0.9448
vn 0.2071 0.8544 -0.4765
vn -0.0171 -0.9979 0.0623
vn 0.0268 -0.9908 0.1325
vn -0.9297 0.2447 -0.2753
vn -0.8993 0.1350 -0.4160
vn -0.7008 -0.6505 0.2928
vn 0.3558 0.9273 -0.1159
vn -0.9886 -0.1505 0.0004
vn 0.4479 0.8915 0.0688
vn 0.5153 -0.8192 -0.2517
vn 0.9521 0.1468 -0.2681
vn 0.6700 -0.6722 -0.3150
vn 0.3093 0.7562 -0.5766
vn 0.3747 0.7739 -0.5106
vn 0.0240 -0.9768 -0.2129
vn -0.0194 0.9786 -0.2050
vn -0.1625 0.2868 0.9441
vn -0.5452 0.6725 -0.5005
vn -0.6548 0.6728 -0.3443
vn -0.4312 -0.1721 -0.8857
vn -0.6956 0.6717 -0.2550
vn 0.4012 0.8203 -0.4077
vn 0.0543 0.9983 0.0203
vn -0.1631 -0.9833 -0.0811
vn -0.0671 -0.1790 -0.9816
vn 0.1887 -0.2869 -0.9392
vn -0.5848 -0.8111 -0.0127
vn 0.0416 -0.9923 0.1170
vn 0.0688 -0.1533 -0.9858
vn -0.7492 0.2669 0.6061
vn 0.9042 -0.1685 -0.3925
vn -0.0217 -0.9600 0.2791
vn -0.4576 -0.3106 -0.8331
vn -0.4642 0.3320 -0.8211
vn 0.7719 -0.5094 -0.3804
vn 0.2199 -0.9755 0.0066
vn -0.8488 0.4365 -0.2983
vn -0.7859 0.5333 -0.3130
vn 0.7278 0.5273 0.4384
vn -0.0771 -0.9970 -0.0015
vn -0.6565 0.0941 0.7485
vn -0.6445 -0.2716 0.7147
vn -0.5549 -0.1254 0.8224
vn 0.3365 0.9245 -0.1789
vn 0.2121 0.9241 -0.3180
vn 0.1725 0.9405 -0.2927
vn -0.0041 -0.9860 0.1667
vn 0.2409 0.8088 -0.5365
vn -0.3597 0.8204 -0.4444
vn 0.8617 0.5052 -0.0472
vn 0.7855 -0.1512 0.6001
vn 0.0905 -0.9908 -0.1008
vn 0.5168 0.8428 -0.1501
vn 0.5943 0.7939 -0.1284
vn 0.6239 0.7211 -0.3014
vn -0.3336 -0.9360 0.1124
vn -0.2285 -0.9462 0.2290
vn -0.5781 0.5579 -0.5954
vn -0.1181 -0.9552 0.2714
vn 0.5613 0.7352 -0.3799
vn -0.3803 -0.7634 0.5222
vn -0.4444 -0.4473 -0.7762
vn -0.9996 0.0111 -0.0244
vn 0.5302 -0.0207 0.8476
vn 0.4224 0.9013 -0.0962
vn 0.0342 0.9724 -0.2310
vn -0.8758 0.2909 0.3851
vn -0.9208 0.2774 -0.2742
vn 0.7452 -0.2256 -0.6275
vn 0.1938 0.9486 -0.2502
vn 0.0587 0.9843 -0.1665
vn -0.1104 0.9232 -0.3682
vn 0.8906 0.1327 -0.4350
vn 0.8970 -0.1839 0.4020
vn 0.0816 -0.1211 0.9893
vn 0.9034 0.4148 -0.1083
vn 0.3392 0.8913 -0.3010
vn -0.4373 0.5704 0.6953
vn 0.0077 -0.9993 0.0364
vn 0.4882 0.8341 -0.2568
vn -0.6271 0.6190 -0.4729
vn 0.0049 -0.9957 0.0920
vn -0.5235 -0.5240 0.6718
vn 0.0712 -0.9974 -0.0134
vn -0.8174 0.5750 -0.0345
vn -0.2271 0.9596 -0.1660
vn 0.0209 0.9822 -0.1868
vn -0.9085 0.3887 0.1532
vn 0.7847 0.5574 -0.2714
vn 0.0712 -0.9927 0.0976
vn -0.0099 0.9684 -0.2491
vn 0.8533 -0.5128 0.0945
vn 0.4045 0.8662 -0.2935
vn 0.6869 0.3783 0.6205
vn -0.3870 -0.8081 0.4440
vn 0.4673 0.1353 0.8737
vn -0.1496 -0.9561 0.2519
vn -0.4483 0.7241 0.5241
vn 0.4862 -0.8320 0.2672
vn 0.4647 0.7865 0.4068
vn -0.2308 -0.9138 0.3342
vn 0.5568 -0.8306 -0.0035
vn -0.9164 0.2848 -0.2814
vn 0.1341 0.9053 -0.4030
vn -0.0255 0.8468 -0.5314
vn 0.1355 -0.9908 0.0002
vn 0.9323 -0.0708 -0.3547
vn 0.4313 0.8816 -0.1917
vn 0.1710 0.9009 0.3988
vn 0.0945 0.9460 -0.3101
vn 0.4676 -0.7697 0.4347
vn 0.7428 -0.2598 -0.6170
vn 0.1367 -0.9522 0.2730
vn -0.9386 0.2844 -0.1951
vn -0.6422 0.0806 -0.7623
vn -0.0378 -0.8728 -0.4867
vn -0.8967 0.0611 0.4384
vn 0.0987 0.9356 -0.3388
vn 0.9771 0.1966 0.0815
vn 0.2140 -0.7146 -0.6659
vn -0.8535 -0.3888 -0.3469
vn -0.4518 -0.2351 -0.8606
vn 0.6269 0.2120 -0.7497
vn 0.7332 0.5753 -0.3626
vn -0.6235 0.6345 0.4568
vn 0.0859 0.0176 0.9961
vn -0.2374 0.9664 -0.0991
vn -0.9426 0.3141 -0.1135
vn -0.3218 0.9010 -0.2910
vn 0.6517 -0.4068 0.6402
vn -0.9644 -0.0693 -0.2553
vn 0.1558 -0.4076 0.8997
vn -0.6783 -0.0438 0.7334
vn 0.4804 0.6858 0.5467
vn 0.4071 0.7195 0.5626
vn 0.0764 0.9810 -0.1784
vn 0.9811 -0.1830 0.0631
vn -0.0907 0.8598 -0.5026
vn -0.0157 0.0430 -0.9990
vn -0.0821 0.9351 -0.3448
vn 0.1243 0.9836 -0.1307
vn -0.8193 0.1581 0.5512
vn 0.7197 0.2866 -0.6323
vn -0.8120 0.5570 -0.1741
vn -0.5508 0.3383 0.7630
vn 0.5187 0.7370 -0.4334
vn 0.1835 0.9699 0.1597
vn 0.1114 0.9907 0.0784
vn 0.1340 0.9300 -0.3422
vn -0.0321 0.7942 -0.6068
vn 0.3440 0.7925 -0.5035
vn 0.0102 -0.7894 -0.6138
vn 0.0319 0.2100 -0.9772
vn -0.1850 -0.6129 0.7682
vn -0.3649 0.8778 -0.3104
vn -0.1259 0.9389 -0.3202
vn -0.0525 -0.9963 -0.0673
vn 0.5168 0.7941 -0.3199
vn -0.0694 0.9691 -0.2368
vn -0.9461 0.1481 -0.2880
vn -0.0587 -0.9979 0.0283
vn -0.0526 -0.9339 0.3536
vn -0.1320 -0.4423 -0.8871
vn 0.6986 0.7117 -0.0734
vn 0.1667 -0.9851 0.0428
vn 0.0584 -0.8624 0.5029
vn 0.6105 -0.3991 -0.6841
vn -0.1309 -0.6927 0.7093
vn 0.1592 -0.8425 -0.5147
vn 0.0825 -0.9377 0.3375
vn -0.3458 -0.5375 0.7691
vn -0.5011 -0.0485 0.8640
vn -0.4707 -0.8433 0.2596
vn -0.9814 0.1795 0.0678
vn 0.0093 0.9853 -0.1708
vn -0.1066 0.7482 -0.6549
vn -0.0731 0.9937 0.0854
vn 0.2242 -0.4823 -0.8468
vn 0.4576 0.6050 -0.6516
vn -0.3627 0.9317 0.0188
vn 0.0716 -0.9480 -0.3102
vn -0.9549 0.2437 -0.1694
vn -0.8720 0.4798 -0.0969
vn -0.0130 -0.9145 0.4045
vn 0.0166 0.1580 0.9873
vn 0.0378 -0.9752 -0.2181
vn -0.9945 0.0674 -0.0800
vn -0.1811 0.8527 -0.4900
vn -0.9403 0.3072 0.1465
vn 0.1361 0.9824 0.1276
vn 0.0601 -0.9982 -0.0032
vn 0.9829 0.1577 -0.0951
vn -0.0638 0.9363 -0.3455
vn 0.9105 0.3960 -0.1189
vn -0.6438 0.7571 -0.1114
vn -0.0458 0.9964 -0.0708
vn 0.5517 0.4974 -0.6695
vn -0.6027 0.7471 -0.2803
vn 0.1956 -0.3541 -0.9145
vn -0.5572 0.7953 -0.2387
vn 0.6413 0.6496 -0.4083
vn -0.4370 -0.6190 0.6526
vn -0.2204 0.7129 -0.6657
vn -0.6319 0.7159 0.2969
vn -0.6566 0.7298 -0.1906
vn -0.0130 -0.5340 -0.8454
vn 0.7890 -0.6117 0.0568
vn -0.0488 -0.9913 -0.1223
vn 0.9762 0.2135 -0.0394
vn -0.3125 0.6359 0.7057
vn -0.6826 -0.2887 -0.6714
vn 0.5905 -0.5000 -0.6335
vt 0.966797 0.530762
vt 0.959473 0.537598
vt 0.957031 0.532715
vt 0.198242 0.154297
vt 0.203979 0.156250
vt 0.203613 0.163574
vt 0.608887 0.065430
vt 0.603027 0.068848
vt 0.604492 0.062500
vt 0.853027 0.402832
vt 0.845703 0.402832
vt 0.847168 0.398438
vt 0.219971 0.732666
vt 0.210815 0.729004
vt 0.216064 0.727539
vt 0.851562 0.397461
vt 0.845703 0.394043
vt 0.849121 0.390137
vt 0.208862 0.724609
vt 0.843750 0.408203
vt 0.839844 0.401367
vt 0.841797 0.398438
vt 0.212524 0.733398
vt 0.221069 0.734131
vt 0.225830 0.731934
vt 0.218262 0.722412
vt 0.838867 0.391113
vt 0.432129 0.829102
vt 0.426270 0.830322
vt 0.426025 0.827637
vt 0.452148 0.839844
vt 0.444824 0.842163
vt 0.446533 0.836670
vt 0.429443 0.833374
vt 0.436279 0.838745
vt 0.364014 0.502441
vt 0.375244 0.525635
vt 0.359131 0.518799
vt 0.379395 0.895935
vt 0.388184 0.894348
vt 0.385010 0.898071
vt 0.611816 0.083496
vt 0.622559 0.085938
vt 0.613281 0.089355
vt 0.233276 0.309570
vt 0.248413 0.321289
vt 0.231201 0.318848
vt 0.232300 0.531494
vt 0.224854 0.524170
vt 0.238159 0.525146
vt 0.180908 0.212402
vt 0.182739 0.218262
vt 0.178711 0.213867
vt 0.221313 0.538330
vt 0.219727 0.550537
vt 0.217407 0.542236
vt 0.171265 0.219238
vt 0.169556 0.222656
vt 0.165405 0.216309
vt 0.240845 0.534424
vt 0.234741 0.537842
vt 0.122131 0.445801
vt 0.123413 0.451172
vt 0.117859 0.459961
vt 0.229980 0.541016
vt 0.233398 0.544678
vt 0.217773 0.525391
vt 0.217651 0.513428
vt 0.166748 0.210449
vt 0.178101 0.210938
vt 0.180298 0.219238
vt 0.176392 0.222656
vt 0.224487 0.542969
vt 0.162964 0.209473
vt 0.113159 0.468262
vt 0.106628 0.457520
vt 0.174683 0.229492
vt 0.181641 0.223145
vt 0.174438 0.205078
vt 0.177979 0.207520
vt 0.116150 0.465332
vt 0.845215 0.730225
vt 0.852539 0.732422
vt 0.845215 0.736328
vt 0.848145 0.727539
vt 0.131104 0.670654
vt 0.136963 0.664795
vt 0.137451 0.670654
vt 0.150757 0.661865
vt 0.103394 0.814697
vt 0.111572 0.798706
vt 0.120544 0.809570
vt 0.850586 0.715332
vt 0.859863 0.713379
vt 0.852539 0.722412
vt 0.843262 0.717285
vt 0.845215 0.715332
vt 0.846191 0.721680
vt 0.854004 0.726562
vt 0.857910 0.724365
vt 0.098022 0.807373
vt 0.086792 0.812134
vt 0.084656 0.806030
vt 0.089600 0.802734
vt 0.094177 0.793823
vt 0.089478 0.780762
vt 0.099854 0.789673
vt 0.098145 0.775391
vt 0.079651 0.780518
vt 0.073242 0.789795
vt 0.073669 0.782104
vt 0.850098 0.722412
vt 0.086914 0.796509
vt 0.079346 0.791382
vt 0.082092 0.776123
vt 0.844727 0.709961
vt 0.850586 0.708984
vt 0.863281 0.720947
vt 0.092041 0.770630
vt 0.919922 0.226074
vt 0.913086 0.236816
vt 0.905762 0.234375
vt 0.702637 0.128418
vt 0.695312 0.120117
vt 0.705078 0.119629
vt 0.694336 0.134277
vt 0.685547 0.125977
vt 0.691406 0.125488
vt 0.108215 0.972168
vt 0.101685 0.967926
vt 0.109497 0.965210
vt 0.578613 0.155762
vt 0.584473 0.161133
vt 0.581543 0.166016
vt 0.585449 0.153809
vt 0.113220 0.972412
vt 0.113892 0.966309
vt 0.513184 0.653320
vt 0.507324 0.648926
vt 0.523438 0.651123
vt 0.504395 0.650391
vt 0.503418 0.659424
vt 0.494873 0.674561
vt 0.492188 0.656982
vt 0.693359 0.194824
vt 0.680664 0.189941
vt 0.700195 0.173828
vt 0.673828 0.203125
vt 0.689941 0.205566
vt 0.412598 0.771240
vt 0.414795 0.769531
vt 0.415771 0.772827
vt 0.654785 0.630127
vt 0.661621 0.636719
vt 0.651855 0.644775
vt 0.641602 0.645264
vt 0.011368 0.961884
vt 0.020142 0.963318
vt 0.016098 0.971054
vt 0.007240 0.963776
vt 0.009148 0.967590
vt 0.004776 0.966064
vt 0.025482 0.956146
vt 0.019241 0.957886
vt 0.012482 0.957947
vt 0.014336 0.954041
vt 0.019318 0.950684
vt 0.014160 0.951416
vt 0.009903 0.953552
vt 0.027405 0.963989
vt 0.019638 0.971985
vt 0.014816 0.976730
vt 0.009026 0.958099
vt 0.014168 0.973801
vt 0.022064 0.970795
vt 0.011955 0.971283
vt 0.751953 0.675537
vt 0.760742 0.670166
vt 0.755859 0.680908
vt 0.754395 0.667725
vt 0.760254 0.688477
vt 0.750000 0.683594
vt 0.764648 0.680176
vt 0.758789 0.663574
vt 0.765137 0.661865
vt 0.912598 0.956299
vt 0.922852 0.963806
vt 0.903809 0.966217
vt 0.215820 0.483398
vt 0.217529 0.474609
vt 0.218872 0.483887
vt 0.219482 0.486328
vt 0.221802 0.485352
vt 0.747070 0.246094
vt 0.756348 0.244629
vt 0.755371 0.254883
vt 0.754395 0.240723
vt 0.742188 0.279785
vt 0.736816 0.284180
vt 0.730957 0.279297
vt 0.718750 0.886108
vt 0.701660 0.886902
vt 0.721191 0.877991
vt 0.960938 0.790405
vt 0.958008 0.790405
vt 0.958984 0.784790
vt 0.969238 0.776001
vt 0.240601 0.098145
vt 0.236694 0.104004
vt 0.238525 0.096680
vt 0.973633 0.506592
vt 0.974121 0.512207
vt 0.972656 0.512451
vt 0.968750 0.507324
vt 0.983887 0.501465
vt 0.991699 0.501953
vt 0.383789 0.084961
vt 0.369629 0.088379
vt 0.368652 0.071777
vt 0.015587 0.227539
vt 0.015007 0.225098
vt 0.016037 0.221680
vt 0.013107 0.213379
vt 0.015160 0.211914
vt 0.302246 0.450684
vt 0.308105 0.454102
vt 0.306152 0.460938
vt 0.759766 0.081543
vt 0.770508 0.077148
vt 0.772949 0.078125
vt 0.965820 0.328613
vt 0.968750 0.325195
vt 0.971191 0.325195
vt 0.974121 0.331543
vt 0.760742 0.289062
vt 0.758789 0.288086
vt 0.762207 0.288574
vt 0.937500 0.343750
vt 0.946289 0.344238
vt 0.937012 0.350098
vt 0.966309 0.325684
vt 0.934082 0.345703
vt 0.931152 0.346680
vt 0.971191 0.321777
vt 0.825684 0.075195
vt 0.826660 0.071777
vt 0.828125 0.073242
vt 0.284668 0.365234
vt 0.274658 0.370605
vt 0.271973 0.356934
vt 0.391602 0.806152
vt 0.387207 0.811523
vt 0.379395 0.808594
vt 0.467773 0.856812
vt 0.455078 0.856812
vt 0.466064 0.854614
vt 0.493896 0.852173
vt 0.489746 0.855957
vt 0.485596 0.854614
vt 0.493164 0.849609
vt 0.188843 0.035645
vt 0.190674 0.041992
vt 0.181152 0.040039
vt 0.432617 0.754517
vt 0.436768 0.762695
vt 0.425293 0.751343
vt 0.366699 0.419922
vt 0.370850 0.416016
vt 0.370117 0.424805
vt 0.373047 0.422363
vt 0.545898 0.220703
vt 0.552734 0.212402
vt 0.556641 0.230469
vt 0.036682 0.587891
vt 0.039368 0.594238
vt 0.032532 0.586182
vt 0.618652 0.758057
vt 0.614258 0.743896
vt 0.622070 0.748779
vt 0.794434 0.170410
vt 0.794434 0.180664
vt 0.788086 0.176270
vt 0.065552 0.628662
vt 0.076599 0.633789
vt 0.065125 0.637695
vt 0.314941 0.691895
vt 0.299316 0.700928
vt 0.299072 0.688477
vt 0.329102 0.220703
vt 0.314453 0.234375
vt 0.309814 0.230469
vt 0.354492 0.056152
vt 0.357666 0.059082
vt 0.354980 0.063965
vt 0.844727 0.444336
vt 0.853516 0.448242
vt 0.840332 0.454102
vt 0.844238 0.070801
vt 0.835449 0.058105
vt 0.846191 0.055176
vt 0.076416 0.496582
vt 0.073608 0.489746
vt 0.080872 0.481934
vt 0.933594 0.667236
vt 0.939453 0.658203
vt 0.937500 0.666016
vt 0.815430 0.082031
vt 0.823730 0.075684
vt 0.827637 0.077637
vt 0.830566 0.735107
vt 0.842285 0.740723
vt 0.832031 0.748047
vt 0.974609 0.888245
vt 0.970703 0.883484
vt 0.971680 0.881897
vt 0.224976 0.044922
vt 0.217896 0.036133
vt 0.221924 0.029297
vt 0.515137 0.659668
vt 0.509766 0.667725
vt 0.455322 0.839600
vt 0.460938 0.835693
vt 0.469727 0.842041
vt 0.151489 0.328125
vt 0.152832 0.316895
vt 0.156128 0.324707
vt 0.854004 0.160156
vt 0.859375 0.156250
vt 0.852051 0.168945
vt 0.601562 0.161621
vt 0.596680 0.166016
vt 0.591309 0.159180
vt 0.190430 0.301270
vt 0.193970 0.296875
vt 0.207886 0.304688
vt 0.855469 0.968567
vt 0.846680 0.973007
vt 0.849121 0.955658
vt 0.997070 0.561035
vt 0.983887 0.562988
vt 0.983887 0.554443
vt 0.818359 0.358398
vt 0.811523 0.356934
vt 0.811035 0.346680
vt 0.156494 0.174316
vt 0.142456 0.162109
vt 0.156982 0.164551
vt 0.306641 0.324219
vt 0.295410 0.329102
vt 0.299316 0.315430
vt 0.033936 0.016113
vt 0.036957 0.023926
vt 0.024536 0.027344
vt 0.801270 0.775757
vt 0.801270 0.787476
vt 0.794922 0.789185
vt 0.159912 0.637939
vt 0.168945 0.633301
vt 0.160889 0.643066
vt 0.507812 0.105957
vt 0.519043 0.103027
vt 0.517578 0.116211
vt 0.858398 0.785156
vt 0.855957 0.767334
vt 0.871582 0.778198
vt 0.036438 0.169434
vt 0.028458 0.168945
vt 0.030640 0.158691
vt 0.754883 0.327148
vt 0.743164 0.347168
vt 0.739746 0.321777
vt 0.068115 0.150391
vt 0.077637 0.146484
vt 0.078369 0.154297
vt 0.424561 0.929626
vt 0.442871 0.925293
vt 0.442383 0.941681
vt 0.839355 0.110840
vt 0.836426 0.111816
vt 0.840820 0.106445
vt 0.770508 0.908569
vt 0.784180 0.894836
vt 0.782227 0.914795
vt 0.965332 0.974167
vt 0.954102 0.976181
vt 0.957031 0.964935
vt 0.470947 0.290039
vt 0.474121 0.274902
vt 0.479980 0.296387
vt 0.957031 0.086426
vt 0.959473 0.089355
vt 0.947266 0.092773
vt 0.184570 0.139648
vt 0.180420 0.129395
vt 0.200317 0.118652
vt 0.470947 0.273926
vt 0.486084 0.264648
vt 0.517578 0.573975
vt 0.502930 0.582031
vt 0.502441 0.569336
vt 0.908203 0.258301
vt 0.898926 0.258301
vt 0.909180 0.250488
vt 0.617188 0.226562
vt 0.610840 0.242676
vt 0.607910 0.229004
vt 0.298096 0.469238
vt 0.299072 0.481445
vt 0.283203 0.465332
vt 0.905273 0.454590
vt 0.896973 0.449219
vt 0.905762 0.445801
vt 0.496582 0.611328
vt 0.501953 0.599609
vt 0.508789 0.615234
vt 0.500488 0.332520
vt 0.502441 0.307129
vt 0.513672 0.326172
vt 0.581055 0.264160
vt 0.584961 0.252930
vt 0.594727 0.252441
vt 0.391357 0.072754
vt 0.391113 0.083984
vt 0.807129 0.432617
vt 0.812500 0.430176
vt 0.820801 0.436035
vt 0.566895 0.979889
vt 0.571289 0.968811
vt 0.574707 0.978531
vt 0.340576 0.231934
vt 0.353516 0.221191
vt 0.361328 0.227051
vt 0.941406 0.879089
vt 0.951172 0.868652
vt 0.954102 0.882019
vt 0.745605 0.404297
vt 0.752441 0.405273
vt 0.751465 0.413574
vt 0.743164 0.410156
vt 0.214966 0.680908
vt 0.220459 0.674072
vt 0.223022 0.680420
vt 0.210205 0.840820
vt 0.207397 0.846802
vt 0.205688 0.834229
vt 0.337402 0.093750
vt 0.342529 0.088867
vt 0.354980 0.093750
vt 0.687988 0.091797
vt 0.681152 0.096680
vt 0.681152 0.088379
vt 0.057007 0.669189
vt 0.034485 0.661133
vt 0.045288 0.646729
vt 0.500977 0.450195
vt 0.505859 0.456543
vt 0.502930 0.458496
vt 0.834961 0.523682
vt 0.830566 0.529053
vt 0.819824 0.510986
vt 0.894043 0.662842
vt 0.910156 0.665771
vt 0.907715 0.679688
vt 0.615723 0.453125
vt 0.603516 0.438965
vt 0.626953 0.441895
vt 0.928711 0.818604
vt 0.923828 0.826782
vt 0.923828 0.814331
vt 0.515625 0.301270
vt 0.509277 0.301270
vt 0.504883 0.290527
vt 0.111389 0.941193
vt 0.114258 0.953827
vt 0.095642 0.936646
vt 0.258789 0.305176
vt 0.265869 0.294922
vt 0.262207 0.308594
vt 0.761230 0.218262
vt 0.743164 0.226074
vt 0.745117 0.213867
vt 0.910156 0.558105
vt 0.909668 0.566162
vt 0.903809 0.558838
vt 0.518066 0.187500
vt 0.514160 0.176758
vt 0.523438 0.180176
vt 0.498291 0.709961
vt 0.494873 0.691406
vt 0.512207 0.696045
vt 0.460449 0.713623
vt 0.448975 0.693604
vt 0.466064 0.688477
vt 0.646973 0.709229
vt 0.661621 0.706787
vt 0.665039 0.713867
vt 0.563477 0.665039
vt 0.567871 0.666748
vt 0.565430 0.669434
vt 0.502930 0.732422
vt 0.495117 0.732910
vt 0.503418 0.726562
vt 0.209473 0.222656
vt 0.201538 0.218262
vt 0.219849 0.208984
vt 0.587891 0.969025
vt 0.585938 0.962952
vt 0.595703 0.958557
vt 0.356201 0.497070
vt 0.351074 0.483887
vt 0.359375 0.473145
vt 0.441650 0.365234
vt 0.422852 0.377441
vt 0.426758 0.365234
vt 0.837891 0.077148
vt 0.378906 0.773193
vt 0.378662 0.785767
vt 0.367432 0.785034
vt 0.808594 0.787598
vt 0.803223 0.805298
vt 0.804199 0.335938
vt 0.797852 0.324707
vt 0.798828 0.320312
vt 0.029907 0.508301
vt 0.024445 0.502686
vt 0.032166 0.500732
vt 0.714844 0.698242
vt 0.702148 0.689941
vt 0.712891 0.683350
vt 0.810059 0.807617
vt 0.817383 0.800537
vt 0.809570 0.819214
vt 0.072632 0.529053
vt 0.068848 0.519531
vt 0.074280 0.509766
vt 0.625488 0.556396
vt 0.607422 0.564453
vt 0.610352 0.545166
vt 0.505859 0.288086
vt 0.504395 0.282227
vt 0.505859 0.282227
vt 0.622559 0.030762
vt 0.612793 0.012695
vt 0.632324 0.017578
vt 0.618164 0.942047
vt 0.635742 0.942627
vt 0.621094 0.958313
vt 0.638184 0.042969
vt 0.639648 0.054688
vt 0.625977 0.044434
vt 0.544434 0.291016
vt 0.529297 0.285156
vt 0.539551 0.277344
vt 0.550293 0.279297
vt 0.383789 0.018066
vt 0.385010 0.011719
vt 0.388184 0.018555
vt 0.863770 0.832520
vt 0.877930 0.829590
vt 0.878906 0.838013
vt 0.563477 0.211426
vt 0.146851 0.708496
vt 0.161987 0.709229
vt 0.147949 0.716797
vt 0.676758 0.544189
vt 0.645508 0.549316
vt 0.658691 0.535889
vt 0.764648 0.492676
vt 0.758789 0.490234
vt 0.768066 0.485352
vt 0.106934 0.870728
vt 0.117188 0.869629
vt 0.109131 0.876526
vt 0.505859 0.447266
vt 0.509277 0.454590
vt 0.825195 0.109375
vt 0.613770 0.508545
vt 0.634277 0.520752
vt 0.619141 0.524902
vt 0.914551 0.058105
vt 0.900879 0.073242
vt 0.899414 0.065430
vt 0.143921 0.531006
vt 0.138794 0.527832
vt 0.146606 0.528809
vt 0.145996 0.530762
vt 0.778809 0.054199
vt 0.772949 0.041016
vt 0.786133 0.033691
vt 0.199219 0.473145
vt 0.203857 0.489258
vt 0.202026 0.490723
vt 0.283936 0.728516
vt 0.277588 0.725830
vt 0.279785 0.714355
vt 0.874023 0.299316
vt 0.858398 0.308594
vt 0.865723 0.279297
vt 0.109680 0.416992
vt 0.096130 0.407227
vt 0.112793 0.410156
vt 0.637695 0.738281
vt 0.642090 0.732422
vt 0.649902 0.740967
vt 0.868652 0.669434
vt 0.882324 0.678223
vt 0.866699 0.683105
vt 0.198120 0.418457
vt 0.199219 0.406250
vt 0.199097 0.420410
vt 0.190308 0.535645
vt 0.186401 0.537842
vt 0.183105 0.533447
vt 0.244995 0.587158
vt 0.245483 0.571289
vt 0.260742 0.578125
vt 0.716309 0.290039
vt 0.724609 0.281250
vt 0.729980 0.290527
vt 0.239746 0.686523
vt 0.237061 0.675781
vt 0.245361 0.677246
vt 0.183960 0.331543
vt 0.167358 0.321777
vt 0.182617 0.319336
vt 0.477295 0.693359
vt 0.472656 0.681396
vt 0.482666 0.691895
vt 0.891113 0.237793
vt 0.883789 0.241211
vt 0.884766 0.225586
vt 0.831055 0.641357
vt 0.835938 0.628906
vt 0.842773 0.640381
vt 0.088257 0.330078
vt 0.084839 0.338379
vt 0.070557 0.336426
vt 0.858398 0.938721
vt 0.860352 0.948944
vt 0.850098 0.941010
vt 0.393799 0.432129
vt 0.387695 0.429199
vt 0.386719 0.417480
vt 0.416260 0.079102
vt 0.433105 0.081055
vt 0.427246 0.093750
vt 0.433838 0.433594
vt 0.422119 0.428711
vt 0.423340 0.422363
vt 0.147095 0.275879
vt 0.155396 0.265137
vt 0.162231 0.273438
vt 0.675293 0.465820
vt 0.660156 0.465332
vt 0.681152 0.456055
vt 0.035248 0.850708
vt 0.046631 0.858154
vt 0.045685 0.863892
vt 0.023529 0.815674
vt 0.016891 0.820190
vt 0.017731 0.810791
vt 0.347412 0.184570
vt 0.331543 0.180664
vt 0.324219 0.159180
vt 0.740234 0.712402
vt 0.750488 0.737061
vt 0.740234 0.731689
vt 0.577637 0.780518
vt 0.564453 0.778564
vt 0.576172 0.773926
vt 0.081970 0.883484
vt 0.079102 0.875671
vt 0.083801 0.879333
vt 0.898926 0.868408
vt 0.908203 0.873779
vt 0.889648 0.878723
vt 0.521973 0.264160
vt 0.522949 0.261230
vt 0.522949 0.272949
vt 0.957031 0.461426
vt 0.948730 0.466309
vt 0.945312 0.460449
vt 0.525879 0.449219
vt 0.542480 0.429199
vt 0.541016 0.452148
vt 0.338135 0.576904
vt 0.339844 0.585938
vt 0.335693 0.582520
vt 0.592773 0.082520
vt 0.604004 0.085449
vt 0.291260 0.153320
vt 0.300781 0.146484
vt 0.301758 0.165039
vt 0.289795 0.799194
vt 0.296631 0.793091
vt 0.307617 0.799927
vt 0.218506 0.615723
vt 0.228149 0.620117
vt 0.213135 0.622070
vt 0.669434 0.562988
vt 0.185303 0.973282
vt 0.197144 0.964264
vt 0.195312 0.976364
vt 0.033325 0.012695
vt 0.023849 0.020508
vt 0.022308 0.008789
vt 0.086975 0.489746
vt 0.083801 0.486328
vt 0.089294 0.482910
vt 0.485352 0.850586
vt 0.475098 0.853271
vt 0.801270 0.702637
vt 0.813965 0.684326
vt 0.812012 0.705566
vt 0.962402 0.746826
vt 0.971680 0.735107
vt 0.967285 0.747070
vt 0.480469 0.093750
vt 0.499512 0.090332
vt 0.635254 0.148926
vt 0.642578 0.148438
vt 0.633301 0.164062
vt 0.313477 0.557373
vt 0.325928 0.558105
vt 0.313965 0.576172
vt 0.482666 0.507324
vt 0.484863 0.492676
vt 0.488770 0.505615
vt 0.796875 0.707764
vt 0.792969 0.717529
vt 0.753418 0.716309
vt 0.686035 0.917664
vt 0.675781 0.907532
vt 0.691406 0.909607
vt 0.790039 0.312500
vt 0.307373 0.482422
vt 0.308350 0.493652
vt 0.295898 0.498535
vt 0.991211 0.598633
vt 0.988770 0.603760
vt 0.980957 0.602051
vt 0.821289 0.737549
vt 0.825195 0.726562
vt 0.767578 0.326172
vt 0.773926 0.311035
vt 0.145508 0.535400
vt 0.146851 0.532227
vt 0.153442 0.531982
vt 0.647949 0.795410
vt 0.645996 0.784790
vt 0.665039 0.788940
vt 0.660645 0.796387
vt 0.912598 0.565918
vt 0.913086 0.558105
vt 0.925781 0.572754
vt 0.156250 0.386719
vt 0.156860 0.401367
vt 0.152100 0.398926
vt 0.988281 0.753296
vt 0.986328 0.761353
vt 0.985352 0.752563
vt 0.916992 0.149414
vt 0.918945 0.152832
vt 0.914062 0.154785
vt 0.909180 0.151855
vt 0.695312 0.835693
vt 0.687012 0.820190
vt 0.709473 0.826904
vt 0.976074 0.434570
vt 0.973145 0.440918
vt 0.968262 0.435547
vt 0.687500 0.625488
vt 0.679199 0.649902
vt 0.418701 0.905029
vt 0.420898 0.910522
vt 0.403320 0.909546
vt 0.724609 0.946899
vt 0.726562 0.951050
vt 0.725586 0.966675
vt 0.013695 0.517578
vt 0.017838 0.510986
vt 0.016113 0.523438
vt 0.003780 0.502686
vt 0.017792 0.505371
vt 0.012985 0.511719
vt 0.262695 0.629395
vt 0.256592 0.624756
vt 0.260498 0.621826
vt 0.947754 0.540039
vt 0.948242 0.530273
vt 0.153564 0.664795
vt 0.165894 0.656982
vt 0.679199 0.925842
vt 0.665039 0.923340
vt 0.666016 0.915283
vt 0.981934 0.762695
vt 0.794434 0.675293
vt 0.796387 0.681641
vt 0.791016 0.681152
vt 0.061127 0.083984
vt 0.054626 0.094727
vt 0.040009 0.083984
vt 0.568359 0.863647
vt 0.554199 0.854004
vt 0.569824 0.857300
vt 0.052155 0.431641
vt 0.043030 0.435547
vt 0.048004 0.430664
vt 0.135986 0.437500
vt 0.126343 0.437500
vt 0.129395 0.429199
vt 0.224854 0.654297
vt 0.232178 0.642822
vt 0.239380 0.659424
vt 0.106934 0.824707
vt 0.107483 0.828369
vt 0.093140 0.832764
vt 0.669434 0.951141
vt 0.680664 0.958832
vt 0.664551 0.957428
vt 0.070984 0.310059
vt 0.092041 0.312500
vt 0.082642 0.315918
vt 0.569824 0.441895
vt 0.559082 0.449219
vt 0.557617 0.436523
vt 0.898438 0.263184
vt 0.299316 0.972626
vt 0.301758 0.963806
vt 0.315674 0.968414
vt 0.421631 0.889404
vt 0.429443 0.878052
vt 0.438232 0.890564
vt 0.095032 0.999266
vt 0.073669 0.999266
vt 0.080811 0.995728
vt 0.848145 0.117676
vt 0.849121 0.139160
vt 0.844727 0.146484
vt 0.400879 0.695312
vt 0.391846 0.702148
vt 0.385010 0.696045
vt 0.423096 0.480957
vt 0.431885 0.487305
vt 0.414551 0.486816
vt 0.824707 0.312012
vt 0.824707 0.328125
vt 0.819824 0.319824
vt 0.948242 0.631592
vt 0.975098 0.631592
vt 0.972168 0.647217
vt 0.229004 0.057129
vt 0.232300 0.067383
vt 0.221313 0.060547
vt 0.910645 0.030273
vt 0.902344 0.010742
vt 0.908691 0.009277
vt 0.086914 0.454590
vt 0.081299 0.449707
vt 0.086975 0.441895
vt 0.280762 0.745605
vt 0.278076 0.735352
vt 0.961914 0.004883
vt 0.962402 0.008789
vt 0.953613 0.003906
vt 0.147339 0.465332
vt 0.154175 0.470703
vt 0.141113 0.476074
vt 0.907227 0.954926
vt 0.901367 0.956787
vt 0.188843 0.166992
vt 0.202515 0.171387
vt 0.193481 0.175781
vt 0.957031 0.987915
vt 0.972168 0.973175
vt 0.978516 0.988800
vt 0.399902 0.782471
vt 0.256836 0.715820
vt 0.248413 0.710449
vt 0.255127 0.711914
vt 0.459473 0.870361
vt 0.457031 0.859131
vt 0.476562 0.869751
vt 0.121643 0.970688
vt 0.132324 0.987541
vt 0.121643 0.989052
vt 0.765137 0.194824
vt 0.770508 0.199707
vt 0.762695 0.204102
vt 0.758301 0.198730
vt 0.982910 0.341797
vt 0.988281 0.337891
vt 0.989746 0.342285
vt 0.460693 0.323242
vt 0.451660 0.322754
vt 0.462646 0.308594
vt 0.917480 0.750854
vt 0.911621 0.760132
vt 0.902832 0.754028
vt 0.410889 0.209473
vt 0.407959 0.206543
vt 0.419189 0.210938
vt 0.617676 0.318848
vt 0.623535 0.334473
vt 0.607910 0.341797
vt 0.701172 0.783936
vt 0.687012 0.766846
vt 0.701172 0.763062
vt 0.010376 0.867554
vt 0.038391 0.875183
vt 0.020523 0.886841
vt 0.475586 0.042969
vt 0.464355 0.044434
vt 0.468994 0.039062
vt 0.902344 0.934021
vt 0.901855 0.949493
vt 0.523438 0.561523
vt 0.509277 0.545654
vt 0.417969 0.148926
vt 0.439941 0.159180
vt 0.417725 0.158203
vt 0.871094 0.133301
vt 0.871094 0.140625
vt 0.867188 0.139160
vt 0.386963 0.780273
vt 0.376953 0.767212
vt 0.385254 0.770752
vt 0.183350 0.042480
vt 0.119751 0.555176
vt 0.115601 0.543701
vt 0.130005 0.542480
vt 0.652344 0.267090
vt 0.655762 0.277832
vt 0.640137 0.277832
vt 0.096252 0.422852
vt 0.084961 0.405762
vt 0.092712 0.836304
vt 0.085144 0.843140
vt 0.081482 0.839722
vt 0.389893 0.221191
vt 0.404053 0.230957
vt 0.385254 0.229492
vt 0.532227 0.183105
vt 0.523438 0.171875
vt 0.530762 0.168945
vt 0.976562 0.392578
vt 0.987305 0.395996
vt 0.985352 0.404297
vt 0.578125 0.976364
vt 0.579102 0.963562
vt 0.043915 0.812500
vt 0.071045 0.818848
vt 0.047974 0.823975
vt 0.940430 0.759644
vt 0.944824 0.746338
vt 0.947266 0.758179
vt 0.570801 0.375488
vt 0.570312 0.359863
vt 0.582031 0.359863
vt 0.071411 0.093750
vt 0.067200 0.095703
vt 0.072021 0.086426
vt 0.898438 0.490723
vt 0.897949 0.503418
vt 0.875488 0.497070
vt 0.519043 0.083984
vt 0.512207 0.078613
vt 0.520020 0.077637
vt 0.880371 0.625000
vt 0.872070 0.619385
vt 0.890137 0.619385
vt 0.917969 0.465820
vt 0.925781 0.465820
vt 0.921875 0.469238
vt 0.816406 0.419922
vt 0.824219 0.430176
vt 0.373047 0.376465
vt 0.371094 0.374023
vt 0.371826 0.362793
vt 0.972656 0.445801
vt 0.978516 0.446777
vt 0.979004 0.456055
vt 0.978516 0.715332
vt 0.991211 0.715332
vt 0.985840 0.722656
vt 0.779785 0.484375
vt 0.780273 0.474121
vt 0.790527 0.488770
vt 0.982422 0.430664
vt 0.975586 0.430176
vt 0.185181 0.639404
vt 0.182007 0.646729
vt 0.172363 0.640381
vt 0.343994 0.483398
vt 0.348877 0.498047
vt 0.378418 0.667725
vt 0.364014 0.654785
vt 0.384766 0.659912
vt 0.040222 0.123047
vt 0.028732 0.116211
vt 0.032990 0.112793
vt 0.020493 0.590088
vt 0.029541 0.599121
vt 0.016022 0.592529
vt 0.827637 0.435547
vt 0.819336 0.442383
vt 0.571777 0.297852
vt 0.562500 0.303223
vt 0.557129 0.295898
vt 0.039856 0.169922
vt 0.042419 0.176270
vt 0.034027 0.185059
vt 0.093445 0.909973
vt 0.096619 0.904053
vt 0.107056 0.906494
vt 0.896973 0.096680
vt 0.891113 0.100098
vt 0.893066 0.095215
vt 0.161865 0.310059
vt 0.158936 0.298340
vt 0.164307 0.290527
vt 0.138550 0.270020
vt 0.114990 0.264160
vt 0.126099 0.259766
vt 0.024734 0.666260
vt 0.029160 0.651611
vt 0.916016 0.794067
vt 0.903320 0.787598
vt 0.906738 0.782715
vt 0.555664 0.936157
vt 0.555664 0.966248
vt 0.549316 0.953247
vt 0.425537 0.795898
vt 0.414062 0.795776
vt 0.426025 0.787476
vt 0.391846 0.674561
vt 0.386719 0.686523
vt 0.382324 0.675293
vt 0.420410 0.504395
vt 0.423096 0.511719
vt 0.407959 0.507812
vt 0.903320 0.719727
vt 0.909668 0.736084
vt 0.893066 0.734375
vt 0.402588 0.019043
vt 0.409912 0.032715
vt 0.399902 0.037598
vt 0.993652 0.057617
vt 0.993652 0.069824
vt 0.981934 0.068848
vt 0.770996 0.602051
vt 0.763672 0.604980
vt 0.763184 0.585693
vt 0.872559 0.933533
vt 0.864746 0.943848
vt 0.267822 0.107910
vt 0.273193 0.101074
vt 0.276611 0.103516
vt 0.130737 0.897766
vt 0.155518 0.897644
vt 0.143677 0.909180
vt 0.016724 0.103027
vt 0.015778 0.106445
vt 0.009247 0.104004
vt 0.582031 0.596924
vt 0.587402 0.589844
vt 0.589844 0.600098
vt 0.191895 0.034180
vt 0.195557 0.038086
vt 0.263428 0.086914
vt 0.260254 0.079102
vt 0.271484 0.080078
vt 0.985840 0.886963
vt 0.980469 0.893555
vt 0.976074 0.890137
vt 0.797852 0.885803
vt 0.796875 0.873901
vt 0.803223 0.879456
vt 0.932129 0.406738
vt 0.910645 0.421875
vt 0.908691 0.405273
vt 0.468506 0.500977
vt 0.471680 0.512451
vt 0.463379 0.507324
vt 0.177979 0.450684
vt 0.180420 0.456543
vt 0.180908 0.468262
vt 0.209473 0.447754
vt 0.215332 0.461426
vt 0.205688 0.451660
vt 0.468994 0.794800
vt 0.479004 0.778076
vt 0.477295 0.801758
vt 0.113525 0.737549
vt 0.124268 0.731445
vt 0.122375 0.741211
vt 0.935547 0.583496
vt 0.940430 0.577881
vt 0.944824 0.588379
vt 0.818848 0.701904
vt 0.379883 0.214844
vt 0.385498 0.207031
vt 0.387451 0.207520
vt 0.820801 0.666504
vt 0.826172 0.665283
vt 0.822266 0.670654
vt 0.549316 0.852173
vt 0.554688 0.858765
vt 0.113525 0.884094
vt 0.115967 0.884216
vt 0.111938 0.895264
vt 0.202271 0.629883
vt 0.202026 0.633545
vt 0.182007 0.633057
vt 0.354004 0.640869
vt 0.350098 0.629883
vt 0.365723 0.630127
vt 0.980469 0.517090
vt 0.995605 0.525146
vt 0.976074 0.534180
vt 0.434814 0.846924
vt 0.273682 0.626953
vt 0.272705 0.619873
vt 0.282227 0.617920
vt 0.667480 0.125977
vt 0.669922 0.128418
vt 0.661133 0.125977
vt 0.428223 0.503662
vt 0.432129 0.509521
vt 0.014725 0.854980
vt 0.028198 0.853027
vt 0.019821 0.858887
vt 0.135010 0.152832
vt 0.142944 0.144531
vt 0.147827 0.149414
vt 0.210571 0.686768
vt 0.207642 0.686279
vt 0.957031 0.252441
vt 0.950195 0.246094
vt 0.958984 0.233398
vt 0.263672 0.613770
vt 0.264160 0.603760
vt 0.267334 0.604492
vt 0.063660 0.092285
vt 0.068298 0.077148
vt 0.198853 0.768677
vt 0.186035 0.772827
vt 0.187866 0.763428
vt 0.301025 0.129883
vt 0.302979 0.140137
vt 0.297852 0.132324
vt 0.375488 0.898682
vt 0.757812 0.657959
vt 0.770508 0.652344
vt 0.901367 0.807373
vt 0.904785 0.815918
vt 0.898438 0.819458
vt 0.342773 0.990372
vt 0.330322 0.985123
vt 0.347656 0.980576
vt 0.817871 0.333984
vt 0.812500 0.331055
vt 0.939453 0.416016
vt 0.949707 0.407227
vt 0.956543 0.416992
vt 0.186768 0.309082
vt 0.182373 0.307617
vt 0.186523 0.304199
vt 0.505859 0.274902
vt 0.867676 0.156738
vt 0.861816 0.163574
vt 0.932129 0.401367
vt 0.943359 0.398438
vt 0.937012 0.408203
vt 0.401123 0.975403
vt 0.408447 0.971802
vt 0.414307 0.979843
vt 0.575195 0.287109
vt 0.591309 0.288574
vt 0.580566 0.295410
vt 0.172241 0.099609
vt 0.150757 0.094727
vt 0.157959 0.089355
vt 0.492188 0.456055
vt 0.489258 0.462891
vt 0.482422 0.459961
vt 0.528320 0.093262
vt 0.533691 0.093750
vt 0.529297 0.104492
vt 0.734863 0.180176
vt 0.734863 0.170898
vt 0.740723 0.166504
vt 0.742188 0.177734
vt 0.292480 0.958801
vt 0.285156 0.970856
vt 0.968262 0.821045
vt 0.938965 0.824097
vt 0.961426 0.812012
vt 0.738770 0.559082
vt 0.726562 0.552490
vt 0.737305 0.543213
vt 0.791016 0.211426
vt 0.787109 0.231934
vt 0.777344 0.213379
vt 0.672852 0.789917
vt 0.678711 0.775024
vt 0.689941 0.786499
vt 0.050293 0.698975
vt 0.051880 0.679932
vt 0.064758 0.692139
vt 0.116333 0.840820
vt 0.121460 0.837036
vt 0.118286 0.848877
vt 0.783203 0.519287
vt 0.783203 0.541260
vt 0.771484 0.536621
vt 0.506348 0.217285
vt 0.509277 0.223633
vt 0.504395 0.227051
vt 0.393311 0.102051
vt 0.387451 0.106445
vt 0.388916 0.098145
vt 0.249756 0.539551
vt 0.254639 0.526123
vt 0.264893 0.534180
vt 0.103088 0.883179
vt 0.155884 0.069336
vt 0.168091 0.051758
vt 0.169678 0.059570
vt 0.468018 0.141602
vt 0.471436 0.125488
vt 0.480957 0.139160
vt 0.530273 0.406738
vt 0.540039 0.409668
vt 0.536621 0.420410
vt 0.147827 0.292480
vt 0.119446 0.294434
vt 0.123901 0.286621
vt 0.532227 0.739990
vt 0.535156 0.736572
vt 0.541504 0.736572
vt 0.075745 0.136719
vt 0.084412 0.142578
vt 0.540039 0.597656
vt 0.530273 0.586182
vt 0.536621 0.588867
vt 0.560547 0.121094
vt 0.559570 0.134277
vt 0.544434 0.122070
vt 0.325195 0.973114
vt 0.081665 0.766846
vt 0.081421 0.752441
vt 0.158203 0.560303
vt 0.156494 0.551025
vt 0.163940 0.551514
vt 0.315918 0.293457
vt 0.330811 0.276855
vt 0.333008 0.289551
vt 0.644531 0.312988
vt 0.656738 0.327148
vt 0.645996 0.324219
vt 0.962891 0.318359
vt 0.947754 0.333496
vt 0.953613 0.318848
vt 0.738770 0.052246
vt 0.733887 0.033203
vt 0.749512 0.039062
vt 0.511719 0.464355
vt 0.505371 0.467285
vt 0.827637 0.359375
vt 0.826660 0.364258
vt 0.823242 0.356445
vt 0.014687 0.746094
vt 0.011635 0.759644
vt 0.005249 0.751465
vt 0.938965 0.540039
vt 0.930176 0.523682
vt 0.943359 0.528809
vt 0.686523 0.991379
vt 0.683594 0.976532
vt 0.697754 0.981049
vt 0.833008 0.445312
vt 0.839355 0.447266
vt 0.831543 0.448242
vt 0.422607 0.492676
vt 0.412354 0.494141
vt 0.068237 0.775513
vt 0.319336 0.861816
vt 0.303467 0.871094
vt 0.312500 0.855713
vt 0.333008 0.653320
vt 0.343506 0.650635
vt 0.343994 0.659912
vt 0.576660 0.827881
vt 0.579590 0.832397
vt 0.575684 0.835815
vt 0.130615 0.648682
vt 0.139526 0.655029
vt 0.129272 0.665039
vt 0.167480 0.264160
vt 0.356201 0.052246
vt 0.362061 0.047363
vt 0.366455 0.054688
vt 0.397705 0.442383
vt 0.393066 0.455566
vt 0.380371 0.443848
vt 0.404541 0.647217
vt 0.408203 0.667969
vt 0.021500 0.632812
vt 0.043793 0.626953
vt 0.416260 0.611328
vt 0.396240 0.613525
vt 0.397705 0.579834
vt 0.122986 0.203125
vt 0.117310 0.201660
vt 0.120667 0.190430
vt 0.645020 0.528076
vt 0.661133 0.520996
vt 0.815918 0.721924
vt 0.804199 0.719238
vt 0.812988 0.713623
vt 0.027390 0.604980
vt 0.084656 0.100098
vt 0.104797 0.102539
vt 0.091431 0.107422
vt 0.605469 0.856567
vt 0.592285 0.866821
vt 0.589355 0.851318
vt 0.832031 0.614746
vt 0.825684 0.628418
vt 0.257812 0.753296
vt 0.247070 0.745117
vt 0.254395 0.738525
vt 0.478760 0.315430
vt 0.471924 0.326172
vt 0.688477 0.892517
vt 0.697754 0.904419
vt 0.878418 0.866943
vt 0.864746 0.870605
vt 0.867676 0.865479
vt 0.312500 0.705566
vt 0.022324 0.112793
vt 0.020660 0.124512
vt 0.014137 0.122559
vt 0.029526 0.864136
vt 0.905762 0.860596
vt 0.907715 0.864502
vt 0.899902 0.861084
vt 0.111206 0.858765
vt 0.117615 0.855347
vt 0.982422 0.122070
vt 0.980469 0.112305
vt 0.990723 0.118652
vt 0.556152 0.382812
vt 0.567383 0.383789
vt 0.558594 0.397461
vt 0.923828 0.379883
vt 0.923340 0.390137
vt 0.913086 0.387207
vt 0.742188 0.085938
vt 0.750488 0.094727
vt 0.741211 0.087402
vt 0.016464 0.829468
vt 0.084900 0.501465
vt 0.079529 0.495117
vt 0.602539 0.953918
vt 0.885742 0.098633
vt 0.875488 0.100586
vt 0.879395 0.087402
vt 0.489746 0.819214
vt 0.505371 0.805298
vt 0.504395 0.825317
vt 0.138062 0.459961
vt 0.933105 0.470703
vt 0.934570 0.463867
vt 0.129639 0.178223
vt 0.125244 0.172852
vt 0.129272 0.167480
vt 0.564453 0.737793
vt 0.561035 0.732422
vt 0.579102 0.731201
vt 0.836426 0.429199
vt 0.846680 0.433594
vt 0.837402 0.439453
vt 0.984375 0.621582
vt 0.985840 0.610596
vt 0.229492 0.418457
vt 0.228638 0.398926
vt 0.238892 0.404785
vt 0.903320 0.436035
vt 0.921387 0.445312
vt 0.262939 0.207031
vt 0.239014 0.188477
vt 0.268555 0.198730
vt 0.337646 0.028320
vt 0.335449 0.041504
vt 0.331787 0.034668
vt 0.730957 0.340820
vt 0.602539 0.981918
vt 0.599121 0.972458
vt 0.606445 0.961060
vt 0.681152 0.367676
vt 0.680176 0.353027
vt 0.695312 0.373047
vt 0.755859 0.011230
vt 0.761230 0.027832
vt 0.744629 0.014160
vt 0.654297 0.342285
vt 0.796387 0.731201
vt 0.811035 0.730957
vt 0.484131 0.619385
vt 0.482666 0.614258
vt 0.490479 0.621094
vt 0.282471 0.641113
vt 0.273193 0.637939
vt 0.285889 0.634277
vt 0.743652 0.196289
vt 0.750488 0.188477
vt 0.754395 0.192871
vt 0.664062 0.133301
vt 0.850098 0.471680
vt 0.832031 0.479492
vt 0.818848 0.469727
vt 0.319580 0.785400
vt 0.327637 0.783447
vt 0.333496 0.795044
vt 0.945801 0.531006
vt 0.940430 0.550781
vt 0.279297 0.590088
vt 0.276855 0.577148
vt 0.287842 0.572510
vt 0.056641 0.395020
vt 0.051147 0.392090
vt 0.054535 0.383301
vt 0.497803 0.618164
vt 0.264404 0.756226
vt 0.261475 0.742676
vt 0.698730 0.430664
vt 0.701660 0.414062
vt 0.706543 0.427246
vt 0.862305 0.414062
vt 0.866699 0.391602
vt 0.867188 0.403320
vt 0.134521 0.618164
vt 0.137085 0.620850
vt 0.135254 0.631104
vt 0.253662 0.109375
vt 0.261475 0.111328
vt 0.249023 0.116211
vt 0.432373 0.192383
vt 0.437012 0.170898
vt 0.445801 0.198242
vt 0.870605 0.947968
vt 0.086792 0.904541
vt 0.402832 0.823853
vt 0.392578 0.826294
vt 0.394043 0.808228
vt 0.675293 0.769653
vt 0.669922 0.783691
vt 0.973145 0.067383
vt 0.959473 0.068848
vt 0.954102 0.063477
vt 0.238281 0.958221
vt 0.251221 0.967224
vt 0.236572 0.966217
vt 0.218506 0.201660
vt 0.209229 0.192871
vt 0.228271 0.202148
vt 0.881348 0.610840
vt 0.878418 0.602295
vt 0.892090 0.600830
vt 0.343506 0.068359
vt 0.335449 0.073730
vt 0.334473 0.061523
vt 0.189209 0.102539
vt 0.173340 0.124512
vt 0.205078 0.611816
vt 0.217285 0.611572
vt 0.964844 0.907043
vt 0.958984 0.908936
vt 0.958496 0.899170
vt 0.960938 0.882935
vt 0.506348 0.255859
vt 0.515137 0.252930
vt 0.506836 0.258301
vt 0.635742 0.570557
vt 0.661621 0.566895
vt 0.649902 0.580566
vt 0.925293 0.053711
vt 0.932617 0.057129
vt 0.925293 0.064941
vt 0.718262 0.775146
vt 0.718750 0.777710
vt 0.730957 0.631592
vt 0.729980 0.623535
vt 0.741211 0.624512
vt 0.931641 0.609863
vt 0.944336 0.621094
vt 0.931152 0.614502
vt 0.427734 0.749512
vt 0.415283 0.741943
vt 0.419189 0.739258
vt 0.670410 0.794678
vt 0.924316 0.987160
vt 0.928711 0.968109
vt 0.930176 0.985397
vt 0.164062 0.159180
vt 0.169678 0.152344
vt 0.180664 0.158203
vt 0.186279 0.289062
vt 0.075928 0.543457
vt 0.067627 0.562256
vt 0.056061 0.545654
vt 0.920410 0.502197
vt 0.937500 0.505615
vt 0.929688 0.516113
vt 0.208740 0.982254
vt 0.216309 0.982208
vt 0.213745 0.989395
vt 0.312012 0.112305
vt 0.311768 0.119629
vt 0.300537 0.114258
vt 0.302246 0.463867
vt 0.301514 0.457031
vt 0.669434 0.387695
vt 0.661133 0.373047
vt 0.666504 0.375488
vt 0.232422 0.127930
vt 0.240112 0.117188
vt 0.239990 0.130371
vt 0.727539 0.272949
vt 0.328613 0.021484
vt 0.327881 0.034180
vt 0.320801 0.022461
vt 0.957520 0.142578
vt 0.959961 0.147461
vt 0.948730 0.145996
vt 0.213135 0.368652
vt 0.194946 0.374023
vt 0.205933 0.357910
vt 0.027206 0.484375
vt 0.023514 0.482422
vt 0.023819 0.474121
vt 0.283691 0.481934
vt 0.468994 0.815552
vt 0.467041 0.825195
vt 0.459473 0.832764
vt 0.174194 0.346191
vt 0.178955 0.353516
vt 0.171143 0.353027
vt 0.678711 0.941864
vt 0.684570 0.936462
vt 0.248901 0.800659
vt 0.256592 0.798828
vt 0.258057 0.805542
vt 0.399658 0.947021
vt 0.396973 0.933716
vt 0.410645 0.934692
vt 0.984863 0.588379
vt 0.997559 0.587402
vt 0.184937 0.470703
vt 0.194824 0.484863
vt 0.743164 0.126953
vt 0.728027 0.121094
vt 0.737305 0.115723
vt 0.802734 0.874146
vt 0.808105 0.879517
vt 0.385498 0.635254
vt 0.372314 0.646240
vt 0.375977 0.635986
vt 0.456543 0.783325
vt 0.469971 0.769775
vt 0.145874 0.730957
vt 0.156982 0.734375
vt 0.145020 0.739746
vt 0.423584 0.177734
vt 0.504395 0.199219
vt 0.494385 0.204102
vt 0.496338 0.196777
vt 0.858398 0.583008
vt 0.861328 0.595215
vt 0.855469 0.596924
vt 0.248291 0.484863
vt 0.232178 0.478516
vt 0.241089 0.462891
vt 0.966309 0.008789
vt 0.699707 0.475098
vt 0.700684 0.456543
vt 0.709961 0.466797
vt 0.652344 0.956421
vt 0.632324 0.957550
vt 0.641602 0.941071
vt 0.912598 0.381348
vt 0.902344 0.385254
vt 0.530273 0.948578
vt 0.525879 0.933716
vt 0.535156 0.938812
vt 0.634277 0.755737
vt 0.623047 0.763916
vt 0.815430 0.128418
vt 0.823730 0.128906
vt 0.817871 0.136230
vt 0.384277 0.070312
vt 0.363281 0.982101
vt 0.356201 0.987000
vt 0.355713 0.977112
vt 0.995117 0.977188
vt 0.998047 0.991531
vt 0.740234 0.658203
vt 0.923828 0.456543
vt 0.928711 0.461914
vt 0.923828 0.460938
vt 0.024460 0.651123
vt 0.004826 0.646729
vt 0.004070 0.639404
vt 0.165649 0.805908
vt 0.173340 0.815674
vt 0.163330 0.819580
vt 0.086975 0.525879
vt 0.100098 0.519287
vt 0.088745 0.527832
vt 0.797852 0.200195
vt 0.789062 0.191406
vt 0.784668 0.130371
vt 0.785156 0.133789
vt 0.780762 0.137695
vt 0.825684 0.557617
vt 0.838867 0.567383
vt 0.803223 0.560791
vt 0.600098 0.012695
vt 0.586914 0.014648
vt 0.584961 0.007812
vt 0.915039 0.764404
vt 0.922363 0.760742
vt 0.929688 0.765747
vt 0.577637 0.846558
vt 0.585449 0.838623
vt 0.607910 0.842163
vt 0.089050 0.832764
vt 0.976074 0.851440
vt 0.989258 0.857666
vt 0.970703 0.858765
vt 0.801270 0.110840
vt 0.812012 0.114258
vt 0.801270 0.122070
vt 0.292969 0.819092
vt 0.292480 0.809204
vt 0.294922 0.818726
vt 0.145020 0.841797
vt 0.154175 0.843506
vt 0.148315 0.848145
vt 0.836914 0.830444
vt 0.821777 0.839844
vt 0.833984 0.827393
vt 0.765137 0.150391
vt 0.772949 0.144043
vt 0.774902 0.156738
vt 0.865723 0.875977
vt 0.882324 0.891418
vt 0.868652 0.891846
vt 0.717285 0.436523
vt 0.726074 0.439941
vt 0.717285 0.458008
vt 0.176636 0.142090
vt 0.191528 0.142090
vt 0.180176 0.146973
vt 0.201416 0.261719
vt 0.205322 0.271973
vt 0.190308 0.258789
vt 0.263672 0.955688
vt 0.271484 0.961487
vt 0.253174 0.959839
vt 0.599121 0.570068
vt 0.603027 0.544189
vt 0.861816 0.265137
vt 0.849609 0.272949
vt 0.855957 0.255371
vt 0.277344 0.168457
vt 0.291016 0.174316
vt 0.284180 0.184570
vt 0.775879 0.145508
vt 0.774902 0.134277
vt 0.488525 0.594238
vt 0.493408 0.586182
vt 0.930664 0.422852
vt 0.944336 0.425781
vt 0.925781 0.429199
vt 0.920898 0.286621
vt 0.911621 0.285156
vt 0.915039 0.271973
vt 0.168701 0.252441
vt 0.158203 0.255371
vt 0.160156 0.244141
vt 0.181396 0.230957
vt 0.198730 0.209473
vt 0.211060 0.206543
vt 0.187378 0.006836
vt 0.193481 0.021484
vt 0.182373 0.021973
vt 0.374023 0.757935
vt 0.750977 0.116211
vt 0.758301 0.106934
vt 0.771973 0.126465
vt 0.809570 0.410645
vt 0.817871 0.413086
vt 0.047791 0.042969
vt 0.055878 0.045898
vt 0.046783 0.048340
vt 0.813477 0.313477
vt 0.806641 0.324707
vt 0.803711 0.308594
vt 0.673340 0.869507
vt 0.665039 0.894714
vt 0.658203 0.891785
vt 0.643555 0.057617
vt 0.652832 0.039551
vt 0.660645 0.070312
vt 0.976562 0.382812
vt 0.976562 0.379395
vt 0.980469 0.384277
vt 0.278076 0.449707
vt 0.273438 0.462891
vt 0.270996 0.446777
vt 0.427979 0.668701
vt 0.429199 0.662598
vt 0.432861 0.672607
vt 0.602051 0.116699
vt 0.594238 0.122559
vt 0.590820 0.114258
vt 0.905273 0.687988
vt 0.883301 0.687988
vt 0.893066 0.684814
vt 0.214478 0.366211
vt 0.213135 0.379883
vt 0.108093 0.132324
vt 0.093872 0.128906
vt 0.114197 0.124512
vt 0.645508 0.367676
vt 0.638184 0.350586
vt 0.647949 0.351562
vt 0.031708 0.225098
vt 0.031982 0.230469
vt 0.028168 0.233887
vt 0.135620 0.847290
vt 0.144531 0.862793
vt 0.134888 0.859619
vt 0.124268 0.849976
vt 0.434082 0.964447
vt 0.445801 0.964569
vt 0.443604 0.973877
vt 0.384521 0.958466
vt 0.395508 0.960785
vt 0.387695 0.967285
vt 0.169678 0.824585
vt 0.160889 0.826172
vt 0.618652 0.164551
vt 0.610352 0.174316
vt 0.603516 0.167969
vt 0.405518 0.700684
vt 0.243774 0.180664
vt 0.226074 0.183594
vt 0.225464 0.176758
vt 0.274658 0.608398
vt 0.279541 0.603516
vt 0.277832 0.611816
vt 0.395508 0.200684
vt 0.400391 0.207520
vt 0.166504 0.222656
vt 0.547363 0.370117
vt 0.553223 0.352051
vt 0.558105 0.367188
vt 0.070557 0.851440
vt 0.050690 0.863647
vt 0.059235 0.852295
vt 0.567383 0.916748
vt 0.574219 0.924988
vt 0.560059 0.920715
vt 0.876465 0.910522
vt 0.256836 0.456543
vt 0.269775 0.476562
vt 0.257812 0.481445
vt 0.092957 0.885498
vt 0.090576 0.878418
vt 0.093262 0.879517
vt 0.853516 0.371094
vt 0.864746 0.360352
vt 0.854980 0.376953
vt 0.037292 0.546875
vt 0.046112 0.556396
vt 0.039612 0.557861
vt 0.124268 0.369629
vt 0.114380 0.368652
vt 0.116943 0.360840
vt 0.038940 0.740967
vt 0.027847 0.747070
vt 0.037354 0.719482
vt 0.314209 0.761230
vt 0.320557 0.754150
vt 0.323242 0.758789
vt 0.484375 0.801147
vt 0.494141 0.770264
vt 0.499512 0.789185
vt 0.694336 0.113770
vt 0.709473 0.102539
vt 0.980957 0.906189
vt 0.988770 0.909241
vt 0.986328 0.924133
vt 0.601562 0.199219
vt 0.610840 0.188477
vt 0.613281 0.206543
vt 0.959961 0.358398
vt 0.971680 0.356445
vt 0.967285 0.369141
vt 0.022125 0.219727
vt 0.019257 0.231445
vt 0.517578 0.516602
vt 0.547363 0.517822
vt 0.549316 0.531006
vt 0.505371 0.254395
vt 0.825195 0.340820
vt 0.831055 0.330566
vt 0.735352 0.967041
vt 0.756836 0.976135
vt 0.731445 0.967773
vt 0.293701 0.769287
vt 0.286377 0.780029
vt 0.288574 0.769409
vt 0.989258 0.387207
vt 0.985352 0.392090
vt 0.821777 0.554199
vt 0.840332 0.543945
vt 0.848145 0.550537
vt 0.333252 0.595703
vt 0.816406 0.819458
vt 0.825684 0.807495
vt 0.819824 0.818359
vt 0.200073 0.531250
vt 0.203369 0.525391
vt 0.207275 0.534668
vt 0.237793 0.779541
vt 0.250244 0.795776
vt 0.241455 0.798584
vt 0.579102 0.932312
vt 0.573242 0.933411
vt 0.955078 0.950531
vt 0.946777 0.966583
vt 0.270996 0.703857
vt 0.282959 0.706055
vt 0.679688 0.344238
vt 0.663574 0.352539
vt 0.983887 0.095215
vt 0.985840 0.092773
vt 0.987793 0.092773
vt 0.031036 0.923096
vt 0.054810 0.926453
vt 0.029709 0.933777
vt 0.919434 0.921875
vt 0.911621 0.915710
vt 0.918945 0.913391
vt 0.179443 0.180176
vt 0.188965 0.191895
vt 0.164795 0.186035
vt 0.852539 0.636719
vt 0.854004 0.626953
vt 0.868652 0.629150
vt 0.901855 0.025879
vt 0.895508 0.009277
vt 0.833496 0.170898
vt 0.829590 0.171875
vt 0.828613 0.163086
vt 0.436768 0.738770
vt 0.619141 0.693115
vt 0.597656 0.699219
vt 0.607422 0.691406
vt 0.425781 0.862793
vt 0.424316 0.847290
vt 0.887695 0.190430
vt 0.877441 0.187012
vt 0.883301 0.166504
vt 0.331055 0.064453
vt 0.321777 0.071289
vt 0.324951 0.058105
vt 0.959961 0.410156
vt 0.965820 0.414551
vt 0.166748 0.848511
vt 0.155518 0.852539
vt 0.066833 0.892761
vt 0.069885 0.883850
vt 0.080627 0.890198
vt 0.070129 0.431152
vt 0.061249 0.426758
vt 0.066833 0.424805
vt 0.018326 0.387207
vt 0.004192 0.387207
vt 0.005875 0.380371
vt 0.171875 0.138184
vt 0.026566 0.241699
vt 0.023926 0.246582
vt 0.043701 0.291992
vt 0.050323 0.278809
vt 0.053131 0.287598
vt 0.906738 0.911865
vt 0.915527 0.908325
vt 0.319580 0.443848
vt 0.313721 0.447754
vt 0.314209 0.446289
vt 0.768555 0.688477
vt 0.787109 0.680176
vt 0.773926 0.692383
vt 0.350098 0.422363
vt 0.337402 0.409668
vt 0.355469 0.410645
vt 0.125610 0.162598
vt 0.123230 0.154297
vt 0.926758 0.269043
vt 0.951172 0.276855
vt 0.942383 0.280273
vt 0.823730 0.338379
vt 0.040405 0.215332
vt 0.052124 0.211426
vt 0.045166 0.222168
vt 0.863281 0.215332
vt 0.857910 0.207520
vt 0.868164 0.210938
vt 0.053741 0.303711
vt 0.859863 0.732422
vt 0.922363 0.723145
vt 0.949219 0.728027
vt 0.927734 0.738525
vt 0.634766 0.973969
vt 0.654297 0.969162
vt 0.640625 0.980362
vt 0.377686 0.094727
vt 0.067688 0.063477
vt 0.059723 0.071777
vt 0.055206 0.059570
vt 0.682129 0.726074
vt 0.688965 0.714355
vt 0.693359 0.726318
vt 0.397461 0.966553
vt 0.980957 0.032715
vt 0.974609 0.044922
vt 0.954102 0.041504
vt 0.075867 0.352539
vt 0.088867 0.357910
vt 0.078308 0.363281
vt 0.318359 0.904480
vt 0.331299 0.910034
vt 0.322754 0.912781
vt 0.939453 0.716797
vt 0.928711 0.703857
vt 0.354736 0.889648
vt 0.354980 0.880920
vt 0.364746 0.883728
vt 0.445312 0.422852
vt 0.176636 0.250977
vt 0.148926 0.431152
vt 0.165649 0.416016
vt 0.166382 0.440918
vt 0.679199 0.703125
vt 0.680664 0.718750
vt 0.216797 0.901550
vt 0.210571 0.906433
vt 0.206787 0.890320
vt 0.257080 0.782593
vt 0.246704 0.784790
vt 0.251709 0.778076
vt 0.718262 0.326172
vt 0.716797 0.323730
vt 0.729980 0.315430
vt 0.810547 0.103027
vt 0.799805 0.101074
vt 0.808594 0.101562
vt 0.766113 0.176758
vt 0.760742 0.179688
vt 0.758301 0.170898
vt 0.531250 0.081055
vt 0.527832 0.086426
vt 0.526367 0.083008
vt 0.940918 0.464844
vt 0.130615 0.561279
vt 0.124329 0.561523
vt 0.497803 0.275879
vt 0.500977 0.262207
vt 0.137695 0.354492
vt 0.140747 0.339355
vt 0.152466 0.338867
vt 0.716797 0.375000
vt 0.706055 0.375000
vt 0.704590 0.360352
vt 0.315430 0.456543
vt 0.318848 0.462891
vt 0.309082 0.462402
vt 0.241455 0.739502
vt 0.246948 0.734619
vt 0.099304 0.340332
vt 0.722168 0.357422
vt 0.669434 0.241699
vt 0.682617 0.242188
vt 0.675293 0.251953
vt 0.251221 0.402832
vt 0.242432 0.401855
vt 0.246216 0.394531
vt 0.776367 0.168945
vt 0.772461 0.161621
vt 0.613770 0.681885
vt 0.607422 0.684570
vt 0.606934 0.675049
vt 0.099060 0.712402
vt 0.109253 0.695801
vt 0.105469 0.718994
vt 0.188599 0.902832
vt 0.196289 0.894775
vt 0.191406 0.908508
vt 0.485352 0.478027
vt 0.499512 0.481934
vt 0.853027 0.120605
vt 0.849609 0.141602
vt 0.964844 0.389160
vt 0.955566 0.394043
vt 0.957031 0.377930
vt 0.497559 0.466309
vt 0.500488 0.458496
vt 0.446289 0.470215
vt 0.436035 0.483887
vt 0.432129 0.475586
vt 0.191772 0.573975
vt 0.193604 0.588379
vt 0.182129 0.580811
vt 0.966309 0.394531
vt 0.973145 0.396973
vt 0.964355 0.402832
vt 0.972656 0.318359
vt 0.965820 0.315918
vt 0.978027 0.312500
vt 0.118103 0.469727
vt 0.126465 0.473633
vt 0.115601 0.479004
vt 0.545410 0.741455
vt 0.420654 0.766357
vt 0.416992 0.757812
vt 0.976562 0.120605
vt 0.972168 0.104004
vt 0.058411 0.538818
vt 0.060974 0.527832
vt 0.068909 0.529541
vt 0.680176 0.400879
vt 0.683594 0.392578
vt 0.687988 0.396484
vt 0.961426 0.774536
vt 0.955078 0.770264
vt 0.960938 0.851807
vt 0.958496 0.867432
vt 0.953125 0.854248
vt 0.526855 0.373535
vt 0.536621 0.358398
vt 0.841797 0.656006
vt 0.845703 0.662842
vt 0.836914 0.666016
vt 0.780762 0.610596
vt 0.775391 0.613281
vt 0.777832 0.606689
vt 0.022766 0.363770
vt 0.041321 0.356934
vt 0.030716 0.366699
vt 0.930176 0.200684
vt 0.941406 0.195312
vt 0.939941 0.196289
vt 0.698242 0.703369
vt 0.689941 0.695068
vt 0.452881 0.567627
vt 0.455811 0.595947
vt 0.441406 0.589111
vt 0.951660 0.336426
vt 0.959961 0.350098
vt 0.949219 0.337402
vt 0.139893 0.160156
vt 0.139648 0.166992
vt 0.787109 0.746826
vt 0.772461 0.729736
vt 0.794922 0.743408
vt 0.267578 0.175293
vt 0.250244 0.167480
vt 0.261230 0.159668
vt 0.928223 0.850708
vt 0.940918 0.852783
vt 0.934570 0.865967
vt 0.295410 0.288574
vt 0.301025 0.278809
vt 0.319580 0.279297
vt 0.070007 0.768799
vt 0.087830 0.892639
vt 0.915039 0.345215
vt 0.918457 0.337891
vt 0.932129 0.338867
vt 0.739258 0.182617
vt 0.730957 0.191406
vt 0.809082 0.950073
vt 0.820312 0.962616
vt 0.806641 0.960663
vt 0.628418 0.738281
vt 0.635254 0.745361
vt 0.632324 0.744873
vt 0.422363 0.892822
vt 0.554688 0.928162
vt 0.537598 0.926697
vt 0.556152 0.921021
vt 0.148315 0.554199
vt 0.150879 0.539062
vt 0.154053 0.547119
vt 0.347168 0.887024
vt 0.296143 0.119141
vt 0.703125 0.637207
vt 0.712402 0.641602
vt 0.698242 0.641357
vt 0.466309 0.960571
vt 0.468994 0.958221
vt 0.475098 0.967072
vt 0.611816 0.801392
vt 0.612305 0.809570
vt 0.598633 0.810669
vt 0.767090 0.103027
vt 0.783691 0.117188
vt 0.779785 0.125488
vt 0.763672 0.104980
vt 0.604004 0.466309
vt 0.618164 0.473633
vt 0.602051 0.477539
vt 0.243652 0.878845
vt 0.223633 0.870728
vt 0.245850 0.867188
vt 0.138062 0.129883
vt 0.134277 0.123535
vt 0.139038 0.122559
vt 0.257568 0.336426
vt 0.261719 0.345215
vt 0.249023 0.338867
vt 0.601562 0.290527
vt 0.591309 0.296875
vt 0.057190 0.896790
vt 0.064880 0.911743
vt 0.056824 0.906616
vt 0.036255 0.703857
vt 0.042450 0.715088
vt 0.865234 0.749512
vt 0.883301 0.761353
vt 0.836914 0.932373
vt 0.850098 0.920532
vt 0.856445 0.934692
vt 0.279053 0.057129
vt 0.268311 0.059082
vt 0.284424 0.051270
vt 0.406250 0.965820
vt 0.378662 0.032227
vt 0.389404 0.036621
vt 0.724121 0.256348
vt 0.712402 0.255371
vt 0.134033 0.338379
vt 0.129150 0.353516
vt 0.973633 0.381348
vt 0.640137 0.890625
vt 0.632812 0.875488
vt 0.645996 0.883728
vt 0.202637 0.876831
vt 0.196655 0.881653
vt 0.207886 0.863281
vt 0.107910 0.580322
vt 0.088440 0.580322
vt 0.092590 0.573486
vt 0.573242 0.902527
vt 0.588379 0.901978
vt 0.585449 0.908813
vt 0.081360 0.128418
vt 0.077820 0.115234
vt 0.087280 0.127930
vt 0.208130 0.715088
vt 0.201660 0.722168
vt 0.851562 0.407227
vt 0.035675 0.103516
vt 0.022873 0.108398
vt 0.662598 0.471680
vt 0.626953 0.727051
vt 0.620605 0.725342
vt 0.626465 0.717285
vt 0.702637 0.524902
vt 0.711426 0.516357
vt 0.710938 0.533447
vt 0.497559 0.910278
vt 0.513184 0.912048
vt 0.503906 0.921936
vt 0.943848 0.156738
vt 0.940918 0.156738
vt 0.941895 0.153320
vt 0.567871 0.674072
vt 0.562988 0.677490
vt 0.478516 0.829346
vt 0.498535 0.838257
vt 0.772949 0.469727
vt 0.791504 0.463379
vt 0.812500 0.558350
vt 0.731934 0.457031
vt 0.756348 0.455078
vt 0.738770 0.467773
vt 0.086060 0.531250
vt 0.093872 0.534912
vt 0.484131 0.603516
vt 0.477783 0.603027
vt 0.085388 0.852783
vt 0.076965 0.859131
vt 0.079285 0.853027
vt 0.495605 0.578369
vt 0.885742 0.940216
vt 0.888672 0.948059
vt 0.881348 0.946472
vt 0.028488 0.906677
vt 0.015266 0.895447
vt 0.028656 0.250000
vt 0.046021 0.242188
vt 0.034943 0.263184
vt 0.012230 0.040527
vt 0.020782 0.043945
vt 0.014137 0.050781
vt 0.131958 0.723389
vt 0.133179 0.734619
vt 0.329102 0.637695
vt 0.853027 0.217773
vt 0.843262 0.227051
vt 0.842285 0.217773
vt 0.868652 0.598877
vt 0.866211 0.612305
vt 0.863770 0.601807
vt 0.370850 0.399902
vt 0.383545 0.397949
vt 0.376465 0.408203
vt 0.060211 0.602783
vt 0.077393 0.594482
vt 0.072998 0.604980
vt 0.849121 0.210449
vt 0.840332 0.212891
vt 0.334717 0.120605
vt 0.338379 0.126953
vt 0.326660 0.122559
vt 0.876465 0.636719
vt 0.443848 0.310059
vt 0.449219 0.319824
vt 0.442139 0.316895
vt 0.236206 0.350586
vt 0.239746 0.370117
vt 0.229858 0.349121
vt 0.122925 0.954712
vt 0.132202 0.951111
vt 0.129517 0.969162
vt 0.382812 0.466309
vt 0.385254 0.454102
vt 0.013016 0.992741
vt 0.025421 0.978134
vt 0.033875 0.990532
vt 0.965820 0.829346
vt 0.981445 0.827026
vt 0.969238 0.835693
vt 0.539551 0.832397
vt 0.542480 0.842529
vt 0.538574 0.846680
vt 0.200439 0.461914
vt 0.197388 0.449707
vt 0.608398 0.999866
vt 0.606445 0.996130
vt 0.621094 0.999224
vt 0.092529 0.758667
vt 0.098328 0.744385
vt 0.111328 0.752930
vt 0.238770 0.727539
vt 0.242065 0.719727
vt 0.416504 0.868164
vt 0.394775 0.857910
vt 0.419678 0.847412
vt 0.330322 0.668213
vt 0.333984 0.674316
vt 0.322754 0.676025
vt 0.032166 0.507080
vt 0.034821 0.494629
vt 0.039734 0.504883
vt 0.136230 0.141602
vt 0.129028 0.138184
vt 0.143921 0.135254
vt 0.093079 0.503418
vt 0.094360 0.494141
vt 0.360107 0.643555
vt 0.349121 0.651611
vt 0.963379 0.695557
vt 0.951172 0.686523
vt 0.972168 0.692383
vt 0.008774 0.083496
vt 0.006687 0.077637
vt 0.020844 0.083984
vt 0.925293 0.080078
vt 0.935059 0.087891
vt 0.920898 0.091797
vt 0.674805 0.590576
vt 0.684082 0.605225
vt 0.666016 0.611816
vt 0.925781 0.902100
vt 0.918945 0.906677
vt 0.921387 0.896484
vt 0.223022 0.447266
vt 0.228394 0.443359
vt 0.226074 0.455566
vt 0.803711 0.664062
vt 0.805664 0.650635
vt 0.807617 0.654053
vt 0.094177 0.824829
vt 0.102539 0.822998
vt 0.092896 0.826416
vt 0.335693 0.241211
vt 0.356689 0.236328
vt 0.345703 0.246582
vt 0.549316 0.794922
vt 0.538086 0.795044
vt 0.549316 0.789673
vt 0.972656 0.353027
vt 0.979492 0.355957
vt 0.979980 0.358887
vt 0.185791 0.315918
vt 0.190063 0.312012
vt 0.197998 0.319336
vt 0.481445 0.518066
vt 0.480225 0.527588
vt 0.467773 0.522949
vt 0.617188 0.720459
vt 0.658203 0.905029
vt 0.646973 0.892029
vt 0.673340 0.902710
vt 0.593750 0.630859
vt 0.584473 0.631592
vt 0.593262 0.616455
vt 0.715820 0.721924
vt 0.705566 0.717041
vt 0.719238 0.709961
vt 0.209351 0.500244
vt 0.205322 0.503174
vt 0.083740 0.324219
vt 0.232666 0.668213
vt 0.239868 0.662598
vt 0.801270 0.418457
vt 0.193970 0.208496
vt 0.186523 0.224609
vt 0.185547 0.213379
vt 0.811035 0.133301
vt 0.813965 0.151367
vt 0.807617 0.140137
vt 0.145996 0.616211
vt 0.140991 0.597412
vt 0.148926 0.604736
vt 0.344482 0.332031
vt 0.353271 0.331055
vt 0.350342 0.345215
vt 0.841309 0.328125
vt 0.840332 0.321777
vt 0.741699 0.080078
vt 0.737305 0.080566
vt 0.743164 0.077148
vt 0.128662 0.395996
vt 0.144165 0.400391
vt 0.138672 0.405273
vt 0.336182 0.301270
vt 0.320801 0.301758
vt 0.622559 0.769287
vt 0.622070 0.779053
vt 0.615234 0.775391
vt 0.094360 0.713135
vt 0.089355 0.693848
vt 0.101074 0.693604
vt 0.557617 0.162109
vt 0.564941 0.180664
vt 0.550781 0.174805
vt 0.116394 0.875732
vt 0.355713 0.878235
vt 0.366699 0.847656
vt 0.375732 0.863647
vt 0.041229 0.349609
vt 0.051666 0.351074
vt 0.520996 0.631592
vt 0.516602 0.614502
vt 0.354980 0.722900
vt 0.335938 0.725586
vt 0.344971 0.717529
vt 0.563965 0.701416
vt 0.574219 0.707275
vt 0.543457 0.723877
vt 0.319824 0.807739
vt 0.329834 0.809814
vt 0.327637 0.811035
vt 0.708008 0.208008
vt 0.703125 0.200684
vt 0.715332 0.202637
vt 0.234619 0.460449
vt 0.241943 0.437988
vt 0.244995 0.448242
vt 0.444824 0.092285
vt 0.436523 0.092773
vt 0.439697 0.088379
vt 0.514648 0.073730
vt 0.524902 0.069336
vt 0.667480 0.758057
vt 0.680664 0.764404
vt 0.248047 0.210449
vt 0.236816 0.203613
vt 0.257324 0.210449
vt 0.079651 0.094727
vt 0.089355 0.094238
vt 0.191284 0.161133
vt 0.368164 0.893982
vt 0.150513 0.263184
vt 0.117126 0.254395
vt 0.121826 0.250000
vt 0.151245 0.256836
vt 0.291748 0.899231
vt 0.267822 0.909241
vt 0.286865 0.881165
vt 0.113220 0.076660
vt 0.128906 0.087891
vt 0.107910 0.087891
vt 0.832031 0.786743
vt 0.838379 0.779053
vt 0.831055 0.797485
vt 0.804688 0.679932
vt 0.806152 0.670410
vt 0.810547 0.674805
vt 0.152222 0.211914
vt 0.157471 0.208984
vt 0.161621 0.218262
vt 0.512695 0.393066
vt 0.521484 0.391113
vt 0.520508 0.401367
vt 0.265869 0.636719
vt 0.269043 0.627686
vt 0.270264 0.631592
vt 0.006409 0.297363
vt 0.006409 0.318848
vt 0.004604 0.322754
vt 0.971680 0.480957
vt 0.957031 0.498535
vt 0.954102 0.497070
vt 0.575195 0.998960
vt 0.559082 0.751709
vt 0.541504 0.753540
vt 0.551270 0.750000
vt 0.900391 0.383301
vt 0.504883 0.407715
vt 0.513672 0.410156
vt 0.189697 0.616455
vt 0.203247 0.617920
vt 0.842773 0.172852
vt 0.840820 0.157715
vt 0.031677 0.748535
vt 0.041779 0.750122
vt 0.054199 0.764526
vt 0.045624 0.774780
vt 0.393799 0.201172
vt 0.358398 0.669922
vt 0.356201 0.677979
vt 0.353027 0.673340
vt 0.980957 0.878601
vt 0.292969 0.785522
vt 0.302490 0.782227
vt 0.541992 0.167480
vt 0.427246 0.275879
vt 0.434326 0.267090
vt 0.435791 0.279785
vt 0.968750 0.192871
vt 0.970703 0.187012
vt 0.974609 0.203125
vt 0.683105 0.527832
vt 0.693359 0.544189
vt 0.675293 0.529053
vt 0.895996 0.389160
vt 0.891113 0.394043
vt 0.893066 0.385742
vt 0.143799 0.586426
vt 0.932617 0.593750
vt 0.927734 0.583008
vt 0.932617 0.586914
vt 0.416504 0.206055
vt 0.408203 0.203125
vt 0.415771 0.204102
vt 0.923340 0.752075
vt 0.931152 0.754150
vt 0.215576 0.097656
vt 0.201416 0.105957
vt 0.204956 0.087891
vt 0.024246 0.178223
vt 0.019943 0.169922
vt 0.993164 0.879761
vt 0.994629 0.889282
vt 0.984375 0.880371
vt 0.036621 0.145508
vt 0.047272 0.142090
vt 0.047699 0.157227
vt 0.191650 0.628174
vt 0.310059 0.299805
vt 0.899414 0.345215
vt 0.895020 0.347656
vt 0.885742 0.335938
vt 0.892578 0.338867
vt 0.685059 0.795044
vt 0.033234 0.040527
vt 0.036194 0.047363
vt 0.021973 0.050781
vt 0.276611 0.631348
vt 0.444580 0.859253
vt 0.341064 0.675049
vt 0.342041 0.686768
vt 0.338623 0.681152
vt 0.432861 0.840576
vt 0.099915 0.433594
vt 0.102722 0.424805
vt 0.109924 0.432617
vt 0.951172 0.167969
vt 0.987793 0.564941
vt 0.988770 0.567871
vt 0.481689 0.387695
vt 0.482422 0.402832
vt 0.473877 0.395020
vt 0.291748 0.947601
vt 0.304199 0.942139
vt 0.293457 0.954590
vt 0.971680 0.100586
vt 0.980469 0.104004
vt 0.395020 0.897766
vt 0.392578 0.901550
vt 0.922363 0.699951
vt 0.907227 0.706543
vt 0.909668 0.694824
vt 0.641602 0.066895
vt 0.410645 0.018066
vt 0.845703 0.997417
vt 0.845215 0.992962
vt 0.852051 0.998837
vt 0.505859 0.716309
vt 0.671875 0.686523
vt 0.682617 0.684082
vt 0.678711 0.691650
vt 0.846680 0.389160
vt 0.845703 0.383789
vt 0.150269 0.266113
vt 0.745605 0.395508
vt 0.742188 0.402832
vt 0.950195 0.151367
vt 0.956055 0.154297
vt 0.892578 0.672363
vt 0.896973 0.682373
vt 0.921387 0.196289
vt 0.917969 0.194824
vt 0.916992 0.185059
vt 0.420166 0.621826
vt 0.417480 0.601807
vt 0.424805 0.622314
vt 0.171387 0.909424
vt 0.162964 0.906128
vt 0.169800 0.902039
vt 0.208618 0.406738
vt 0.217896 0.412598
vt 0.215332 0.419922
vt 0.591797 0.772583
vt 0.295654 0.743408
vt 0.287354 0.720459
vt 0.295410 0.723877
vt 0.761230 0.498535
vt 0.770020 0.508301
vt 0.765137 0.515869
vt 0.347900 0.662598
vt 0.350586 0.662109
vt 0.221802 0.602295
vt 0.209229 0.599365
vt 0.990723 0.027344
vt 0.978516 0.014648
vt 0.317383 0.589600
vt 0.303223 0.596191
vt 0.886719 0.727051
vt 0.873047 0.729736
vt 0.879395 0.714844
vt 0.939453 0.572266
vt 0.945312 0.574219
vt 0.943848 0.578125
vt 0.138916 0.836304
vt 0.142578 0.847046
vt 0.136597 0.837891
vt 0.155029 0.603516
vt 0.259521 0.394043
vt 0.246948 0.375977
vt 0.259521 0.375977
vt 0.208130 0.468262
vt 0.721191 0.030273
vt 0.698730 0.036133
vt 0.699219 0.021973
vt 0.752930 0.500244
vt 0.758301 0.497070
vt 0.514648 0.015625
vt 0.518066 0.004395
vt 0.530273 0.005859
vt 0.530762 0.012207
vt 0.602051 0.283691
vt 0.964844 0.071777
vt 0.399902 0.526855
vt 0.402588 0.532471
vt 0.392822 0.522949
vt 0.531738 0.754761
vt 0.479492 0.383301
vt 0.492920 0.381836
vt 0.496582 0.389648
vt 0.309814 0.788330
vt 0.314697 0.800903
vt 0.390137 0.943054
vt 0.633789 0.457520
vt 0.631348 0.470215
vt 0.614258 0.462891
vt 0.136353 0.586182
vt 0.135986 0.572021
vt 0.682617 0.290527
vt 0.675781 0.292480
vt 0.664551 0.283691
vt 0.084412 0.304199
vt 0.079529 0.286621
vt 0.098022 0.298828
vt 0.504395 0.949615
vt 0.493164 0.936890
vt 0.514160 0.949982
vt 0.959473 0.938599
vt 0.947754 0.940613
vt 0.744629 0.822876
vt 0.753418 0.827271
vt 0.745117 0.835205
vt 0.574707 0.475586
vt 0.585449 0.472656
vt 0.586914 0.480957
vt 0.229004 0.687744
vt 0.225464 0.678711
vt 0.594727 0.675537
vt 0.594238 0.685547
vt 0.589844 0.681396
vt 0.029312 0.033203
vt 0.037476 0.037109
vt 0.328613 0.981812
vt 0.346191 0.976852
vt 0.227417 0.096191
vt 0.189941 0.354980
vt 0.183350 0.361816
vt 0.380371 0.124023
vt 0.369385 0.139648
vt 0.364746 0.128418
vt 0.032074 0.177734
vt 0.010056 0.555908
vt 0.017975 0.560791
vt 0.009361 0.562500
vt 0.371338 0.021484
vt 0.377686 0.023926
vt 0.772949 0.489258
vt 0.050049 0.334473
vt 0.066650 0.347656
vt 0.050110 0.338379
vt 0.536621 0.223145
vt 0.531250 0.203125
vt 0.542969 0.208496
vt 0.265137 0.106445
vt 0.040649 0.804810
vt 0.963379 0.323242
vt 0.269287 0.226562
vt 0.044983 0.881226
vt 0.050720 0.873535
vt 0.050629 0.879883
vt 0.480225 0.352539
vt 0.493164 0.338379
vt 0.491699 0.358398
vt 0.940430 0.743652
vt 0.750000 0.149902
vt 0.735352 0.151855
vt 0.750000 0.139160
vt 0.714355 0.405273
vt 0.722656 0.398438
vt 0.722656 0.409668
vt 0.691895 0.954163
vt 0.053284 0.497070
vt 0.040771 0.513428
vt 0.057098 0.481934
vt 0.878906 0.230957
vt 0.863281 0.232910
vt 0.865723 0.227539
vt 0.095215 0.083984
vt 0.244751 0.458984
vt 0.458252 0.430176
vt 0.447998 0.437988
vt 0.795898 0.541260
vt 0.790527 0.552002
vt 0.937012 0.261719
vt 0.758789 0.042969
vt 0.759277 0.051758
vt 0.753906 0.048340
vt 0.667969 0.122559
vt 0.340820 0.271484
vt 0.329346 0.265625
vt 0.384033 0.367188
vt 0.467773 0.170410
vt 0.477051 0.167969
vt 0.480225 0.174316
vt 0.389160 0.242188
vt 0.396973 0.250000
vt 0.389160 0.258301
vt 0.616211 0.875977
vt 0.617676 0.890137
vt 0.607910 0.884888
vt 0.200439 0.846558
vt 0.198853 0.834839
vt 0.943359 0.387207
vt 0.949707 0.375977
vt 0.962891 0.023438
vt 0.954102 0.028809
vt 0.812012 0.825684
vt 0.296143 0.449707
vt 0.556152 0.442383
vt 0.423340 0.661133
vt 0.410645 0.666016
vt 0.414795 0.662109
vt 0.792969 0.906128
vt 0.798828 0.922180
vt 0.778809 0.926880
vt 0.814453 0.480469
vt 0.805664 0.472168
vt 0.823242 0.724121
vt 0.819824 0.723389
vt 0.825684 0.717529
vt 0.438232 0.024902
vt 0.442627 0.038086
vt 0.431885 0.028320
vt 0.123718 0.819092
vt 0.132080 0.822998
vt 0.127686 0.826294
vt 0.732422 0.246094
vt 0.732910 0.240723
vt 0.742188 0.241211
vt 0.144531 0.078125
vt 0.140015 0.072754
vt 0.832031 0.214355
vt 0.825684 0.207031
vt 0.834961 0.204102
vt 0.203125 0.436035
vt 0.196045 0.434082
vt 0.198486 0.427734
vt 0.572754 0.788696
vt 0.582520 0.786133
vt 0.583984 0.791992
vt 0.944336 0.096191
vt 0.926270 0.096191
vt 0.172729 0.038574
vt 0.165161 0.038086
vt 0.158936 0.035156
vt 0.964355 0.999754
vt 0.488281 0.269043
vt 0.483154 0.274902
vt 0.660156 0.726318
vt 0.669434 0.729004
vt 0.459717 0.442383
vt 0.724121 0.615479
vt 0.701660 0.597168
vt 0.704590 0.588867
vt 0.474121 0.154785
vt 0.482666 0.150391
vt 0.481445 0.156738
vt 0.799316 0.099121
vt 0.782715 0.885254
vt 0.792480 0.891724
vt 0.480957 0.641113
vt 0.500488 0.644531
vt 0.479004 0.653564
vt 0.436279 0.400879
vt 0.426270 0.409180
vt 0.427246 0.398438
vt 0.104980 0.394531
vt 0.225342 0.666260
vt 0.716797 0.160156
vt 0.710938 0.146484
vt 0.726074 0.143555
vt 0.171753 0.935242
vt 0.163086 0.930054
vt 0.176025 0.923767
vt 0.570312 0.681641
vt 0.572266 0.674805
vt 0.791504 0.847534
vt 0.794922 0.849365
vt 0.791992 0.848267
vt 0.665039 0.159180
vt 0.657227 0.168945
vt 0.655273 0.159668
vt 0.813965 0.748047
vt 0.823730 0.743896
vt 0.952148 0.228516
vt 0.967773 0.225586
vt 0.505859 0.248535
vt 0.513672 0.747314
vt 0.522461 0.740723
vt 0.524414 0.922058
vt 0.447266 0.548340
vt 0.433594 0.557129
vt 0.431152 0.546143
vt 0.231201 0.431152
vt 0.410889 0.896362
vt 0.409912 0.902466
vt 0.401123 0.905884
vt 0.913574 0.263184
vt 0.912598 0.262207
vt 0.170532 0.180176
vt 0.349365 0.554199
vt 0.351807 0.576172
vt 0.346924 0.577637
vt 0.593750 0.783569
vt 0.326416 0.072266
vt 0.330078 0.079102
vt 0.325195 0.076172
vt 0.543457 0.629639
vt 0.536133 0.624023
vt 0.558594 0.621826
vt 0.041351 0.112305
vt 0.054871 0.118652
vt 0.893066 0.543213
vt 0.887207 0.532227
vt 0.899414 0.542236
vt 0.072510 0.504395
vt 0.214111 0.749756
vt 0.209961 0.766113
vt 0.203613 0.759644
vt 0.979492 0.327637
vt 0.127808 0.117188
vt 0.138184 0.113281
vt 0.194824 0.915833
vt 0.205322 0.903320
vt 0.199463 0.917419
vt 0.050293 0.255859
vt 0.312012 0.823730
vt 0.341064 0.820435
vt 0.318115 0.832764
vt 0.416992 0.386719
vt 0.406494 0.395508
vt 0.405762 0.374512
vt 0.386475 0.091797
vt 0.171875 0.314453
vt 0.177124 0.312988
vt 0.047241 0.098145
vt 0.051910 0.108887
vt 0.909180 0.838867
vt 0.888184 0.835449
vt 0.516602 0.503174
vt 0.542969 0.491699
vt 0.620605 0.061035
vt 0.606934 0.056152
vt 0.356934 0.366211
vt 0.355469 0.366699
vt 0.352539 0.356445
vt 0.623535 0.691895
vt 0.625488 0.701904
vt 0.622070 0.700439
vt 0.868164 0.427734
vt 0.879883 0.431152
vt 0.866211 0.434570
vt 0.250244 0.083984
vt 0.248413 0.060059
vt 0.362549 0.100098
vt 0.342773 0.105469
vt 0.151367 0.792725
vt 0.163208 0.778687
vt 0.156982 0.800293
vt 0.455811 0.953125
vt 0.681152 0.806641
vt 0.699219 0.810547
vt 0.823730 0.142090
vt 0.206421 0.149414
vt 0.217529 0.135254
vt 0.215454 0.163086
vt 0.216431 0.397461
vt 0.198364 0.390625
vt 0.213257 0.387207
vt 0.751953 0.628662
vt 0.754883 0.617676
vt 0.756836 0.624756
vt 0.304443 0.350586
vt 0.310547 0.358887
vt 0.908691 0.157715
vt 0.915527 0.163574
vt 0.826660 0.822632
vt 0.818848 0.826660
vt 0.482422 0.060059
vt 0.471191 0.057129
vt 0.788086 0.445801
vt 0.804688 0.443359
vt 0.328369 0.251953
vt 0.317139 0.253418
vt 0.429932 0.656738
vt 0.438232 0.652832
vt 0.943848 0.782837
vt 0.934570 0.779785
vt 0.943359 0.772827
vt 0.186401 0.240234
vt 0.183105 0.251465
vt 0.846191 0.840576
vt 0.849121 0.856812
vt 0.837402 0.860596
vt 0.528320 0.670898
vt 0.527832 0.114258
vt 0.570312 0.117676
vt 0.656250 0.718262
vt 0.912598 0.526611
vt 0.916016 0.519775
vt 0.705078 0.290039
vt 0.715820 0.299316
vt 0.697266 0.295410
vt 0.513184 0.680176
vt 0.172485 0.040527
vt 0.174194 0.044434
vt 0.257080 0.107910
vt 0.258545 0.101562
vt 0.899902 0.325195
vt 0.902832 0.335449
vt 0.900391 0.898560
vt 0.891113 0.889038
vt 0.729980 0.603516
vt 0.783203 0.618896
vt 0.788574 0.611328
vt 0.791016 0.617188
vt 0.177979 0.670654
vt 0.176147 0.661865
vt 0.187622 0.661377
vt 0.817871 0.855225
vt 0.804199 0.848999
vt 0.818848 0.850220
vt 0.874512 0.378906
vt 0.884766 0.369141
vt 0.884277 0.379883
vt 0.749512 0.422363
vt 0.761719 0.435547
vt 0.749023 0.445312
vt 0.279785 0.686768
vt 0.266846 0.681396
vt 0.281738 0.669434
vt 0.250244 0.551025
vt 0.258545 0.560791
vt 0.681152 0.421875
vt 0.691406 0.411621
vt 0.470459 0.386719
vt 0.450195 0.376953
vt 0.468262 0.375977
vt 0.580566 0.244629
vt 0.575195 0.265137
vt 0.565430 0.257812
vt 0.113281 0.623047
vt 0.125244 0.626953
vt 0.119446 0.637939
vt 0.831055 0.840576
vt 0.842285 0.841675
vt 0.497559 0.154297
vt 0.220947 0.249023
vt 0.243530 0.242676
vt 0.235474 0.264648
vt 0.214844 0.741699
vt 0.204590 0.738525
vt 0.124634 0.530518
vt 0.133423 0.527100
vt 0.137939 0.538086
vt 0.936523 0.238281
vt 0.934570 0.230469
vt 0.947266 0.233398
vt 0.794434 0.897888
vt 0.384033 0.905029
vt 0.375488 0.905762
vt 0.982910 0.873291
vt 0.039337 0.059082
vt 0.737305 0.819824
vt 0.739746 0.822998
vt 0.732910 0.826538
vt 0.263916 0.357910
vt 0.269287 0.369141
vt 0.925781 0.658936
vt 0.931641 0.658936
vt 0.931152 0.668213
vt 0.407959 0.500732
vt 0.397705 0.499512
vt 0.392822 0.491211
vt 0.096619 0.977692
vt 0.088684 0.963013
vt 0.098206 0.963226
vt 0.391602 0.927551
vt 0.604004 0.524170
vt 0.271240 0.597168
vt 0.279297 0.595215
vt 0.172974 0.498047
vt 0.180054 0.493164
vt 0.179688 0.497070
vt 0.508301 0.626221
vt 0.873535 0.224121
vt 0.503906 0.232910
vt 0.508789 0.230469
vt 0.024506 0.519287
vt 0.021790 0.510010
vt 0.025162 0.510986
vt 0.207764 0.543213
vt 0.212402 0.536377
vt 0.552734 0.676758
vt 0.542480 0.681885
vt 0.547363 0.672607
vt 0.326660 0.764648
vt 0.348633 0.760254
vt 0.862793 0.176758
vt 0.854492 0.175293
vt 0.979980 0.098145
vt 0.979492 0.094238
vt 0.485840 0.931335
vt 0.479980 0.946838
vt 0.468018 0.940460
vt 0.895020 0.719727
vt 0.024506 0.032227
vt 0.025192 0.038086
vt 0.020126 0.039062
vt 0.534180 0.231445
vt 0.539551 0.228516
vt 0.438965 0.682861
vt 0.445801 0.680176
vt 0.445312 0.688721
vt 0.296143 0.114258
vt 0.300049 0.122559
vt 0.439209 0.101074
vt 0.264893 0.623535
vt 0.365967 0.284180
vt 0.355957 0.282227
vt 0.365967 0.275879
vt 0.864746 0.970657
vt 0.853516 0.979294
vt 0.530762 0.187012
vt 0.445068 0.274902
vt 0.239746 0.834351
vt 0.252441 0.832031
vt 0.245728 0.844238
vt 0.681152 0.484375
vt 0.697754 0.473145
vt 0.691406 0.482910
vt 0.541992 0.878052
vt 0.539062 0.869995
vt 0.547363 0.864502
vt 0.556152 0.876526
vt 0.887207 0.383301
vt 0.886230 0.390625
vt 0.380859 0.601074
vt 0.367188 0.608154
vt 0.373291 0.593262
vt 0.653809 0.735596
vt 0.809570 0.087402
vt 0.817871 0.096191
vt 0.466064 0.591309
vt 0.477539 0.593750
vt 0.471680 0.597656
vt 0.231689 0.219238
vt 0.218628 0.220703
vt 0.046783 0.400879
vt 0.057465 0.401855
vt 0.056244 0.409668
vt 0.328125 0.849609
vt 0.324463 0.841431
vt 0.478516 0.818115
vt 0.869141 0.036621
vt 0.864258 0.018066
vt 0.874512 0.027832
vt 0.867188 0.521240
vt 0.875000 0.518799
vt 0.868164 0.535645
vt 0.751465 0.692627
vt 0.750488 0.697510
vt 0.774414 0.625732
vt 0.162476 0.715088
vt 0.148804 0.722656
vt 0.493652 0.085449
vt 0.496582 0.081055
vt 0.503418 0.085449
vt 0.627930 0.863037
vt 0.072021 0.017090
vt 0.076111 0.027832
vt 0.071167 0.030762
vt 0.860840 0.639404
vt 0.924316 0.844116
vt 0.916992 0.852295
vt 0.278320 0.097168
vt 0.286133 0.102051
vt 0.564453 0.596680
vt 0.577148 0.611084
vt 0.445312 0.697021
vt 0.416260 0.916687
vt 0.150513 0.156738
vt 0.152100 0.150879
vt 0.042999 0.042969
vt 0.972168 0.619385
vt 0.980469 0.623535
vt 0.064453 0.349609
vt 0.539062 0.321777
vt 0.532227 0.328613
vt 0.529785 0.317871
vt 0.709961 0.219727
vt 0.717773 0.215820
vt 0.725098 0.216309
vt 0.222290 0.953217
vt 0.221680 0.942841
vt 0.230103 0.947906
vt 0.141113 0.378906
vt 0.145386 0.364258
vt 0.868164 0.988594
vt 0.863281 0.998253
vt 0.859375 0.985336
vt 0.429199 0.243164
vt 0.441406 0.248047
vt 0.430908 0.252441
vt 0.626465 0.592773
vt 0.640625 0.597900
vt 0.627441 0.606689
vt 0.780273 0.199707
vt 0.773926 0.193848
vt 0.770020 0.287109
vt 0.766113 0.289062
vt 0.962891 0.737305
vt 0.952637 0.739014
vt 0.958008 0.734863
vt 0.332275 0.504395
vt 0.329102 0.512207
vt 0.324219 0.492676
vt 0.077148 0.849976
vt 0.077209 0.845337
vt 0.244019 0.146973
vt 0.605957 0.817139
vt 0.980469 0.140625
vt 0.996582 0.140625
vt 0.996582 0.155273
vt 0.541504 0.554688
vt 0.557617 0.549072
vt 0.668457 0.513916
vt 0.682129 0.513428
vt 0.019043 0.522461
vt 0.323975 0.240723
vt 0.136841 0.637939
vt 0.125122 0.641602
vt 0.467773 0.606445
vt 0.473633 0.610840
vt 0.463135 0.612061
vt 0.426025 0.650391
vt 0.430908 0.645264
vt 0.359131 0.739502
vt 0.336670 0.746582
vt 0.356934 0.732178
vt 0.132935 0.442383
vt 0.843750 0.020996
vt 0.849609 0.035645
vt 0.086304 0.741699
vt 0.082153 0.724365
vt 0.833008 0.119629
vt 0.516602 0.760132
vt 0.517578 0.773682
vt 0.506836 0.766724
vt 0.642578 0.078125
vt 0.625000 0.062012
vt 0.015053 0.925781
vt 0.009171 0.905029
vt 0.044098 0.035156
vt 0.054443 0.034180
vt 0.446777 0.096191
vt 0.546875 0.192383
vt 0.549805 0.197266
vt 0.428223 0.921143
vt 0.176636 0.630615
vt 0.938477 0.555176
vt 0.941406 0.562500
vt 0.927734 0.558594
vt 0.331055 0.474609
vt 0.274170 0.583740
vt 0.587402 0.552734
vt 0.588867 0.575928
vt 0.888672 0.477539
vt 0.864746 0.487305
vt 0.958008 0.806396
vt 0.939941 0.804443
vt 0.818359 0.681641
vt 0.822266 0.687012
vt 0.601074 0.675537
vt 0.813477 0.206055
vt 0.818848 0.200195
vt 0.818848 0.213379
vt 0.395264 0.779175
vt 0.235107 0.637939
vt 0.624512 0.122559
vt 0.632324 0.136230
vt 0.621582 0.132812
vt 0.246460 0.535400
vt 0.244995 0.544189
vt 0.272461 0.551758
vt 0.779297 0.494629
vt 0.769043 0.497559
vt 0.140503 0.824951
vt 0.561035 0.470703
vt 0.560059 0.481445
vt 0.983398 0.380859
vt 0.509277 0.275879
vt 0.290771 0.058594
vt 0.293457 0.043457
vt 0.296631 0.042480
vt 0.463867 0.970779
vt 0.472412 0.976288
vt 0.468262 0.980576
vt 0.306396 0.381836
vt 0.290283 0.375977
vt 0.838379 0.786255
vt 0.166382 0.404297
vt 0.161499 0.395020
vt 0.168701 0.391602
vt 0.175903 0.392090
vt 0.051880 0.607178
vt 0.036438 0.608154
vt 0.041077 0.600830
vt 0.266357 0.250977
vt 0.272949 0.240234
vt 0.280762 0.257324
vt 0.064636 0.404297
vt 0.432861 0.788330
vt 0.988281 0.103027
vt 0.987305 0.098633
vt 0.964844 0.207031
vt 0.971680 0.208008
vt 0.967773 0.212402
vt 0.268311 0.032227
vt 0.272949 0.045898
vt 0.260254 0.041504
vt 0.799805 0.650146
vt 0.803711 0.636230
vt 0.067383 0.338379
vt 0.074158 0.345703
vt 0.694336 0.075195
vt 0.705566 0.088379
vt 0.141479 0.519775
vt 0.143921 0.517822
vt 0.456543 0.160645
vt 0.463867 0.169434
vt 0.453613 0.175781
vt 0.995117 0.253418
vt 0.989258 0.262207
vt 0.976074 0.248535
vt 0.183105 0.801147
vt 0.610352 0.623047
vt 0.596191 0.608643
vt 0.604492 0.601807
vt 0.616211 0.608643
vt 0.079651 0.532715
vt 0.076721 0.536865
vt 0.076599 0.522461
vt 0.320068 0.041016
vt 0.319092 0.026367
vt 0.327637 0.658936
vt 0.954590 0.502441
vt 0.951660 0.498047
vt 0.348633 0.644043
vt 0.345703 0.642090
vt 0.255859 0.435547
vt 0.253174 0.424316
vt 0.265625 0.440918
vt 0.788574 0.628906
vt 0.788574 0.638184
vt 0.781250 0.642334
vt 0.754883 0.201660
vt 0.755859 0.207031
vt 0.172363 0.694824
vt 0.159546 0.699951
vt 0.151855 0.689209
vt 0.986816 0.434082
vt 0.989258 0.437500
vt 0.982422 0.441895
vt 0.841797 0.605469
vt 0.838379 0.580811
vt 0.119812 0.726562
vt 0.954102 0.519775
vt 0.958496 0.505127
vt 0.957520 0.519043
vt 0.430176 0.288574
vt 0.184692 0.622070
vt 0.168823 0.621582
vt 0.902832 0.359863
vt 0.912598 0.358887
vt 0.920410 0.367188
vt 0.096741 0.647705
vt 0.091064 0.659912
vt 0.089905 0.638184
vt 0.115662 0.433594
vt 0.052643 0.897705
vt 0.052307 0.888489
vt 0.264893 0.586914
vt 0.266846 0.575195
vt 0.839844 0.716309
vt 0.854980 0.240234
vt 0.873047 0.238281
vt 0.052948 0.832275
vt 0.039124 0.848877
vt 0.178101 0.526123
vt 0.170410 0.526855
vt 0.170654 0.517334
vt 0.510254 0.857300
vt 0.526367 0.856201
vt 0.520508 0.870239
vt 0.825684 0.066406
vt 0.639648 0.037109
vt 0.633789 0.041016
vt 0.625977 0.037109
vt 0.296875 0.628418
vt 0.287109 0.625732
vt 0.298096 0.613770
vt 0.023636 0.793579
vt 0.014740 0.793213
vt 0.367188 0.155273
vt 0.353271 0.149902
vt 0.727539 0.719971
vt 0.753418 0.087891
vt 0.631348 0.364746
vt 0.258301 0.320801
vt 0.566406 0.289062
vt 0.083008 0.040039
vt 0.086304 0.038574
vt 0.892578 0.129883
vt 0.888672 0.112305
vt 0.895508 0.119629
vt 0.433838 0.774780
vt 0.213501 0.677002
vt 0.351807 0.386719
vt 0.333496 0.387695
vt 0.336914 0.377930
vt 0.104248 0.287598
vt 0.103088 0.281738
vt 0.030869 0.110352
vt 0.556152 0.668945
vt 0.192261 0.418945
vt 0.180908 0.438965
vt 0.178101 0.416504
vt 0.376709 0.450195
vt 0.371338 0.455566
vt 0.610352 0.705078
vt 0.617676 0.711182
vt 0.611816 0.710205
vt 0.964844 0.139648
vt 0.968262 0.149414
vt 0.918945 0.652100
vt 0.923828 0.668945
vt 0.042542 0.484863
vt 0.046265 0.476074
vt 0.047638 0.477539
vt 0.551758 0.009766
vt 0.553711 0.024902
vt 0.546875 0.018066
vt 0.059113 0.357910
vt 0.069885 0.367188
vt 0.054016 0.362305
vt 0.281494 0.870483
vt 0.265869 0.857544
vt 0.282715 0.841675
vt 0.642090 0.551758
vt 0.459961 0.296875
vt 0.454102 0.283691
vt 0.681152 0.471191
vt 0.454346 0.852173
vt 0.666016 0.038574
vt 0.651855 0.036621
vt 0.651855 0.026855
vt 0.661621 0.027832
vt 0.327148 0.978043
vt 0.965820 0.079102
vt 0.970215 0.087891
vt 0.964355 0.085938
vt 0.497070 0.020996
vt 0.504395 0.022949
vt 0.501953 0.029297
vt 0.580078 0.700439
vt 0.594727 0.695801
vt 0.063782 0.868896
vt 0.063538 0.866089
vt 0.508789 0.144531
vt 0.514160 0.157715
vt 0.159546 0.830078
vt 0.153564 0.818848
vt 0.832520 0.807861
vt 0.060516 0.886047
vt 0.054932 0.884338
vt 0.417725 0.516846
vt 0.408691 0.522217
vt 0.197998 0.754150
vt 0.888672 0.639160
vt 0.888184 0.631592
vt 0.898926 0.631348
vt 0.182007 0.678955
vt 0.193481 0.686035
vt 0.209229 0.259277
vt 0.204468 0.258789
vt 0.203003 0.252930
vt 0.597656 0.599365
vt 0.611328 0.589111
vt 0.173096 0.166504
vt 0.162109 0.168457
vt 0.885742 0.330078
vt 0.213501 0.945526
vt 0.212280 0.939148
vt 0.618652 0.273926
vt 0.629395 0.259277
vt 0.629883 0.275879
vt 0.577637 0.817505
vt 0.576660 0.807983
vt 0.581543 0.816528
vt 0.029114 0.958893
vt 0.041138 0.948792
vt 0.040588 0.958282
vt 0.937500 0.590820
vt 0.939453 0.588867
vt 0.942383 0.594238
vt 0.450928 0.130371
vt 0.462158 0.130859
vt 0.737793 0.409180
vt 0.733887 0.413086
vt 0.733398 0.406738
vt 0.221313 0.496582
vt 0.225342 0.503418
vt 0.220581 0.502930
vt 0.270752 0.612061
vt 0.523926 0.080078
vt 0.240967 0.933289
vt 0.258301 0.929443
vt 0.261719 0.936584
vt 0.498047 0.399902
vt 0.302490 0.467773
vt 0.260254 0.974716
vt 0.263672 0.967377
vt 0.144287 0.855469
vt 0.149048 0.862427
vt 0.034698 0.442383
vt 0.032318 0.432617
vt 0.972168 0.228516
vt 0.984375 0.229004
vt 0.992188 0.237793
vt 0.497070 0.527832
vt 0.056122 0.729492
vt 0.068237 0.740723
vt 0.051239 0.733398
vt 0.307129 0.502441
vt 0.298096 0.513428
vt 0.956055 0.555420
vt 0.967285 0.554199
vt 0.295166 0.461426
vt 0.215698 0.736328
vt 0.548340 0.782104
vt 0.533203 0.775635
vt 0.545898 0.771973
vt 0.272461 0.969025
vt 0.469971 0.234375
vt 0.462158 0.250488
vt 0.448730 0.241211
vt 0.448730 0.226562
vt 0.668945 0.077637
vt 0.658203 0.083008
vt 0.648438 0.080078
vt 0.189819 0.180176
vt 0.181274 0.174316
vt 0.056213 0.808838
vt 0.042847 0.779175
vt 0.118347 0.718506
vt 0.129639 0.712158
vt 0.746582 0.650146
vt 0.761230 0.642578
vt 0.692871 0.613281
vt 0.712891 0.629395
vt 0.221924 0.145508
vt 0.225708 0.127930
vt 0.228638 0.146973
vt 0.050049 0.729248
vt 0.892578 0.185547
vt 0.886230 0.172363
vt 0.169556 0.642090
vt 0.310791 0.247070
vt 0.348389 0.823975
vt 0.346924 0.819458
vt 0.356934 0.815308
vt 0.042511 0.415527
vt 0.049377 0.423340
vt 0.034607 0.428711
vt 0.140381 0.093262
vt 0.130737 0.099609
vt 0.969238 0.932922
vt 0.959961 0.931030
vt 0.964844 0.923584
vt 0.674316 0.477539
vt 0.670898 0.487305
vt 0.663086 0.502441
vt 0.654785 0.517090
vt 0.739258 0.684570
vt 0.734863 0.668945
vt 0.736328 0.973053
vt 0.733887 0.987328
vt 0.723633 0.983582
vt 0.144531 0.325684
vt 0.578125 0.743408
vt 0.699707 0.395996
vt 0.694824 0.387695
vt 0.703613 0.388672
vt 0.979492 0.408691
vt 0.983398 0.414062
vt 0.259277 0.773071
vt 0.251465 0.771362
vt 0.495850 0.249512
vt 0.504395 0.240723
vt 0.214844 0.267578
vt 0.211182 0.270996
vt 0.388916 0.950134
vt 0.215210 0.108887
vt 0.222534 0.116699
vt 0.213745 0.123535
vt 0.833984 0.163086
vt 0.832520 0.155273
vt 0.890137 0.557617
vt 0.974121 0.141113
vt 0.979492 0.148438
vt 0.371826 0.726562
vt 0.009499 0.896790
vt 0.000134 0.889954
vt 0.015381 0.888550
vt 0.838379 0.376953
vt 0.174194 0.268066
vt 0.165894 0.279785
vt 0.835938 0.361328
vt 0.840820 0.348633
vt 0.151978 0.121094
vt 0.795898 0.135254
vt 0.799805 0.143555
vt 0.789551 0.140625
vt 0.085083 0.379883
vt 0.103943 0.381348
vt 0.973633 0.709717
vt 0.962891 0.709229
vt 0.973633 0.698486
vt 0.359131 0.904785
vt 0.345947 0.902771
vt 0.090332 0.159180
vt 0.110962 0.150391
vt 0.100037 0.160645
vt 0.656738 0.831299
vt 0.642090 0.844238
vt 0.653320 0.814819
vt 0.560547 0.275879
vt 0.550781 0.274902
vt 0.567383 0.264160
vt 0.224854 0.490234
vt 0.882812 0.356445
vt 0.875977 0.352051
vt 0.877930 0.341797
vt 0.492676 0.184570
vt 0.506348 0.185059
vt 0.440186 0.872437
vt 0.462402 0.876038
vt 0.972656 0.261230
vt 0.987305 0.273926
vt 0.977051 0.277832
vt 0.818359 0.676270
vt 0.817871 0.671875
vt 0.820801 0.675537
vt 0.080688 0.522461
vt 0.896484 0.187500
vt 0.905273 0.183594
vt 0.891113 0.202637
vt 0.811523 0.215332
vt 0.805176 0.206055
vt 0.551758 0.937134
vt 0.994141 0.638428
vt 0.986328 0.627686
vt 0.997070 0.628174
vt 0.282715 0.505859
vt 0.259521 0.495605
vt 0.273193 0.487305
vt 0.667480 0.196777
vt 0.674805 0.178223
vt 0.106018 0.557861
vt 0.091187 0.560303
vt 0.092102 0.545654
vt 0.572266 0.208008
vt 0.580566 0.206055
vt 0.579590 0.220703
vt 0.262207 0.019531
vt 0.269531 0.022461
vt 0.260986 0.029785
vt 0.034943 0.221680
vt 0.035370 0.210938
vt 0.213989 0.617676
vt 0.946777 0.598145
vt 0.946777 0.602783
vt 0.401855 0.736328
vt 0.413086 0.744629
vt 0.394775 0.743896
vt 0.643066 0.320801
vt 0.643066 0.337891
vt 0.025070 0.524170
vt 0.214966 0.968292
vt 0.223877 0.959717
vt 0.386230 0.489258
vt 0.372314 0.485352
vt 0.376953 0.473145
vt 0.293457 0.572510
vt 0.303223 0.545898
vt 0.795410 0.866089
vt 0.917969 0.140625
vt 0.915039 0.131348
vt 0.931641 0.140625
vt 0.738281 0.919434
vt 0.747559 0.932129
vt 0.735840 0.923157
vt 0.013466 0.240234
vt 0.876953 0.327637
vt 0.886719 0.057617
vt 0.895020 0.071777
vt 0.880371 0.067871
vt 0.509277 0.353027
vt 0.257568 0.181641
vt 0.253662 0.187988
vt 0.323242 0.578125
vt 0.326416 0.595703
vt 0.552246 0.261719
vt 0.060028 0.135742
vt 0.062988 0.125488
vt 0.065186 0.132812
vt 0.578125 0.513916
vt 0.556152 0.529541
vt 0.552246 0.519775
vt 0.564941 0.500000
vt 0.760254 0.379395
vt 0.757812 0.398926
vt 0.751953 0.392578
vt 0.557617 0.312988
vt 0.556641 0.333984
vt 0.551270 0.330078
vt 0.551270 0.308594
vt 0.897949 0.392578
vt 0.896973 0.405273
vt 0.676270 0.299316
vt 0.749512 0.774048
vt 0.761230 0.757080
vt 0.771484 0.780273
vt 0.341797 0.808350
vt 0.609863 0.911743
vt 0.613281 0.896240
vt 0.621094 0.897339
vt 0.433105 0.630859
vt 0.424072 0.644287
vt 0.539062 0.061523
vt 0.545410 0.042969
vt 0.551270 0.043945
vt 0.548340 0.063965
vt 0.448486 0.525879
vt 0.440674 0.532471
vt 0.439453 0.526123
vt 0.230591 0.023926
vt 0.217041 0.011719
vt 0.235229 0.010254
vt 0.028793 0.972809
vt 0.021805 0.976349
vt 0.878418 0.049805
vt 0.073730 0.863525
vt 0.070129 0.870117
vt 0.874023 0.385742
vt 0.968750 0.495605
vt 0.696777 0.681885
vt 0.686523 0.680664
vt 0.689453 0.672852
vt 0.627441 0.808716
vt 0.628418 0.290039
vt 0.632324 0.290039
vt 0.847656 0.364258
vt 0.520996 0.415039
vt 0.510254 0.425781
vt 0.362793 0.165527
vt 0.365234 0.183105
vt 0.351318 0.171875
vt 0.979004 0.896240
vt 0.977539 0.895813
vt 0.974121 0.890198
vt 0.689453 0.356445
vt 0.197510 0.466309
vt 0.201050 0.473145
vt 0.318604 0.044434
vt 0.298584 0.046387
vt 0.309082 0.036133
vt 0.546875 0.117676
vt 0.551758 0.106934
vt 0.555176 0.103027
vt 0.366455 0.614990
vt 0.367676 0.616699
vt 0.364502 0.626465
vt 0.661133 0.049316
vt 0.672852 0.056641
vt 0.218994 0.227051
vt 0.551270 0.797241
vt 0.555664 0.786377
vt 0.730957 0.686523
vt 0.877930 0.367676
vt 0.699707 0.753418
vt 0.700195 0.748291
vt 0.707520 0.745605
vt 0.815918 0.924011
vt 0.826172 0.938812
vt 0.818848 0.940369
vt 0.599609 0.132324
vt 0.587402 0.133301
vt 0.282227 0.974258
vt 0.281006 0.995750
vt 0.269775 0.990067
vt 0.522949 0.329102
vt 0.523926 0.317383
vt 0.053345 0.166016
vt 0.056793 0.175781
vt 0.052582 0.174316
vt 0.625000 0.777344
vt 0.985352 0.817261
vt 0.981445 0.813721
vt 0.985840 0.813721
vt 0.158813 0.925049
vt 0.166138 0.911133
vt 0.240479 0.152832
vt 0.609375 0.831177
vt 0.234497 0.936340
vt 0.222168 0.936768
vt 0.228760 0.925720
vt 0.943848 0.321777
vt 0.946777 0.307617
vt 0.970703 0.241211
vt 0.966797 0.232422
vt 0.205688 0.939026
vt 0.200928 0.959015
vt 0.189697 0.944122
vt 0.178223 0.701172
vt 0.177734 0.708252
vt 0.423584 0.826050
vt 0.415283 0.815308
vt 0.422363 0.811523
vt 0.654297 0.211914
vt 0.648438 0.199707
vt 0.660156 0.199219
vt 0.260742 0.760620
vt 0.205566 0.185059
vt 0.198975 0.176758
vt 0.637695 0.223145
vt 0.626953 0.215332
vt 0.636230 0.208984
vt 0.850586 0.652100
vt 0.460205 0.884277
vt 0.471191 0.875488
vt 0.471436 0.884033
vt 0.699707 0.939423
vt 0.706543 0.952881
vt 0.775879 0.645996
vt 0.777344 0.638184
vt 0.051270 0.131836
vt 0.057678 0.130859
vt 0.086914 0.204590
vt 0.072693 0.205078
vt 0.072693 0.202637
vt 0.882812 0.929443
vt 0.818848 0.194824
vt 0.828613 0.191406
vt 0.825684 0.199707
vt 0.231445 0.337402
vt 0.270996 0.694824
vt 0.257080 0.686279
vt 0.120605 0.779907
vt 0.109741 0.771606
vt 0.898926 0.586182
vt 0.888672 0.570557
vt 0.902344 0.582520
vt 0.006123 0.489746
vt 0.009811 0.484375
vt 0.018906 0.489746
vt 0.065918 0.440918
vt 0.060669 0.434570
vt 0.301025 0.091309
vt 0.291748 0.091309
vt 0.293213 0.086426
vt 0.012215 0.949158
vt 0.212769 0.667480
vt 0.485840 0.466797
vt 0.480225 0.475098
vt 0.471191 0.467773
vt 0.288330 0.789551
vt 0.623535 0.250977
vt 0.615723 0.259766
vt 0.897461 0.567627
vt 0.906738 0.575439
vt 0.903809 0.577637
vt 0.687988 0.587891
vt 0.404053 0.454102
vt 0.378662 0.751221
vt 0.363037 0.753296
vt 0.358887 0.748535
vt 0.186523 0.925964
vt 0.185303 0.917908
vt 0.194336 0.926208
vt 0.697266 0.797974
vt 0.458984 0.727539
vt 0.445557 0.711914
vt 0.661621 0.658691
vt 0.647461 0.657227
vt 0.325439 0.018555
vt 0.323242 0.011719
vt 0.536133 0.873535
vt 0.922363 0.496582
vt 0.921875 0.486328
vt 0.932129 0.488281
vt 0.353760 0.351074
vt 0.927734 0.921997
vt 0.134644 0.511230
vt 0.125122 0.518311
vt 0.089478 0.603516
vt 0.688965 0.902466
vt 0.675781 0.898438
vt 0.686035 0.894531
vt 0.940918 0.970795
vt 0.948242 0.981064
vt 0.943848 0.981079
vt 0.927246 0.384766
vt 0.932617 0.389160
vt 0.926270 0.395020
vt 0.713867 0.054199
vt 0.729492 0.061523
vt 0.708496 0.069824
vt 0.804688 0.211426
vt 0.795410 0.236816
vt 0.789551 0.232910
vt 0.204346 0.615967
vt 0.961426 0.338379
vt 0.974121 0.350586
vt 0.962891 0.351074
vt 0.200806 0.438965
vt 0.206177 0.444824
vt 0.152466 0.035645
vt 0.543945 0.386230
vt 0.084900 0.508301
vt 0.084290 0.518555
vt 0.648438 0.629639
vt 0.629395 0.642334
vt 0.723145 0.469238
vt 0.730469 0.478027
vt 0.722168 0.481934
vt 0.535645 0.273926
vt 0.533691 0.265625
vt 0.540039 0.256348
vt 0.449707 0.883545
vt 0.145996 0.632080
vt 0.151733 0.630371
vt 0.790039 0.598633
vt 0.595703 0.178223
vt 0.600098 0.189941
vt 0.586426 0.183594
vt 0.058228 0.202637
vt 0.061890 0.214844
vt 0.722656 0.682129
vt 0.070496 0.127441
vt 0.963379 0.295898
vt 0.954102 0.304199
vt 0.816895 0.024902
vt 0.835449 0.029297
vt 0.841309 0.035156
vt 0.870117 0.460938
vt 0.861328 0.469727
vt 0.860840 0.451660
vt 0.073792 0.832275
vt 0.076111 0.838257
vt 0.065857 0.842896
vt 0.519043 0.301270
vt 0.293701 0.662109
vt 0.696777 0.283691
vt 0.688477 0.284180
vt 0.680664 0.278809
vt 0.812500 0.590332
vt 0.806641 0.609131
vt 0.804688 0.607666
vt 0.936035 0.384766
vt 0.524414 0.246094
vt 0.521973 0.237305
vt 0.535645 0.244141
vt 0.548340 0.324219
vt 0.469727 0.359375
vt 0.468506 0.345703
vt 0.315918 0.778320
vt 0.830078 0.092285
vt 0.833984 0.083008
vt 0.270752 0.171875
vt 0.329102 0.902588
vt 0.853027 0.643311
vt 0.117188 0.654297
vt 0.916016 0.248535
vt 0.924316 0.233398
vt 0.924316 0.261230
vt 0.406738 0.473145
vt 0.791504 0.727295
vt 0.536621 0.398438
vt 0.554199 0.407715
vt 0.796875 0.273438
vt 0.813477 0.297852
vt 0.800781 0.296875
vt 0.449463 0.797485
vt 0.915039 0.902954
vt 0.923828 0.879517
vt 0.786621 0.348145
vt 0.797363 0.333984
vt 0.798828 0.355957
vt 0.722656 0.961700
vt 0.298828 0.115234
vt 0.512695 0.787109
vt 0.524414 0.810181
vt 0.621094 0.100586
vt 0.613281 0.105957
vt 0.604004 0.097168
vt 0.603516 0.451172
vt 0.301514 0.774292
vt 0.052551 0.913330
vt 0.049896 0.904785
vt 0.054749 0.907043
vt 0.057281 0.917603
vt 0.517578 0.292480
vt 0.144531 0.410645
vt 0.140503 0.414062
vt 0.134277 0.408203
vt 0.829102 0.956207
vt 0.836914 0.970703
vt 0.826660 0.968018
vt 0.865723 0.167969
vt 0.873535 0.166504
vt 0.224243 0.164062
vt 0.533203 0.887451
vt 0.545410 0.888367
vt 0.541992 0.894714
vt 0.186523 0.074219
vt 0.182983 0.079102
vt 0.172729 0.080078
vt 0.670898 0.501953
vt 0.996094 0.651611
vt 0.993652 0.656738
vt 0.986816 0.652832
vt 0.262695 0.598145
vt 0.672363 0.933533
vt 0.065063 0.836548
vt 0.053955 0.846191
vt 0.958984 0.288574
vt 0.276123 0.767578
vt 0.265381 0.776489
vt 0.268555 0.765625
vt 0.527832 0.879272
vt 0.020340 0.159668
vt 0.008690 0.150879
vt 0.019608 0.150879
vt 0.595703 0.993217
vt 0.588379 0.988243
vt 0.600586 0.987328
vt 0.182129 0.926819
vt 0.177612 0.909302
vt 0.626953 0.079590
vt 0.400146 0.020508
vt 0.399170 0.010742
vt 0.363281 0.967377
vt 0.365234 0.954071
vt 0.368164 0.965302
vt 0.552246 0.034180
vt 0.292725 0.123047
vt 0.292480 0.112793
vt 0.538574 0.756592
vt 0.585449 0.074219
vt 0.689941 0.469238
vt 0.589355 0.150391
vt 0.723145 0.696533
vt 0.786621 0.147461
vt 0.791504 0.159180
vt 0.781738 0.149902
vt 0.171997 0.685791
vt 0.376465 0.739502
vt 0.148560 0.523926
vt 0.352539 0.289062
vt 0.355957 0.299316
vt 0.010132 0.974335
vt 0.002676 0.974899
vt 0.000786 0.968628
vt 0.358398 0.071777
vt 0.786133 0.976578
vt 0.798340 0.980972
vt 0.781250 0.979141
vt 0.658203 0.356934
vt 0.651855 0.351562
vt 0.657227 0.343750
vt 0.802734 0.070312
vt 0.783691 0.071777
vt 0.787598 0.058594
vt 0.942383 0.142578
vt 0.816406 0.042480
vt 0.798828 0.049805
vt 0.794434 0.042969
vt 0.583984 0.176758
vt 0.110779 0.549561
vt 0.636719 0.235840
vt 0.651367 0.244141
vt 0.639160 0.251465
vt 0.237061 0.800415
vt 0.226440 0.817139
vt 0.216553 0.811279
vt 0.976562 0.095215
vt 0.972168 0.082031
vt 0.865234 0.135254
vt 0.426514 0.382812
vt 0.433350 0.390137
vt 0.118591 0.226074
vt 0.120422 0.224121
vt 0.125244 0.225586
vt 0.587402 0.276855
vt 0.589355 0.281250
vt 0.584473 0.282715
vt 0.447754 0.153320
vt 0.793945 0.962524
vt 0.796875 0.945618
vt 0.182129 0.205566
vt 0.186279 0.206055
vt 0.585938 0.125488
vt 0.578125 0.121094
vt 0.348633 0.999303
vt 0.067139 0.847778
vt 0.824707 0.213379
vt 0.047241 0.892944
vt 0.045013 0.903931
vt 0.920410 0.399902
vt 0.573242 0.460449
vt 0.170410 0.301758
vt 0.341064 0.289062
vt 0.337646 0.282715
vt 0.345703 0.279785
vt 0.159546 0.818359
vt 0.795410 0.082031
vt 0.444580 0.795044
vt 0.447510 0.812134
vt 0.438965 0.808228
vt 0.936035 0.130859
vt 0.924805 0.126465
vt 0.748535 0.317871
vt 0.694824 0.755371
vt 0.060089 0.730469
vt 0.070251 0.739258
vt 0.413330 0.456055
vt 0.403076 0.461426
vt 0.847656 0.480469
vt 0.378906 0.954437
vt 0.377197 0.967163
vt 0.208008 0.426758
vt 0.202026 0.416504
vt 0.036560 0.771240
vt 0.035797 0.785156
vt 0.022980 0.781738
vt 0.452881 0.105469
vt 0.441162 0.116211
vt 0.447754 0.099121
vt 0.313232 0.343750
vt 0.322510 0.327148
vt 0.331543 0.343750
vt 0.479736 0.339844
vt 0.186523 0.267578
vt 0.174316 0.272949
vt 0.026062 0.395508
vt 0.023117 0.407227
vt 0.012077 0.399414
vt 0.375977 0.691650
vt 0.938965 0.755371
vt 0.689941 0.757324
vt 0.510254 0.216797
vt 0.508789 0.208496
vt 0.514160 0.211426
vt 0.517578 0.240723
vt 0.520508 0.250977
vt 0.493408 0.496094
vt 0.500488 0.503906
vt 0.218018 0.087402
vt 0.221069 0.102539
vt 0.217773 0.099121
vt 0.366455 0.228516
vt 0.379639 0.212891
vt 0.657227 0.479004
vt 0.650879 0.467773
vt 0.369141 0.475586
vt 0.955566 0.014160
vt 0.951172 0.026367
vt 0.937988 0.024414
vt 0.603027 0.669434
vt 0.598633 0.670654
vt 0.594238 0.662842
vt 0.250000 0.496094
vt 0.232178 0.498047
vt 0.980957 0.071777
vt 0.994141 0.073730
vt 0.985352 0.081543
vt 0.967285 0.861450
vt 0.962402 0.861694
vt 0.968750 0.852661
vt 0.014954 0.846924
vt 0.199341 0.184082
vt 0.197266 0.193359
vt 0.598633 0.341797
vt 0.588379 0.351074
vt 0.579590 0.337402
vt 0.735840 0.303223
vt 0.726562 0.308105
vt 0.242065 0.037109
vt 0.383545 0.715088
vt 0.369629 0.708252
vt 0.585449 0.914978
vt 0.574219 0.909241
vt 0.107422 0.042480
vt 0.108521 0.027344
vt 0.119507 0.023438
vt 0.155518 0.193848
vt 0.153564 0.185059
vt 0.385742 0.383301
vt 0.397217 0.370117
vt 0.021713 0.492188
vt 0.024582 0.492676
vt 0.960449 0.403809
vt 0.931152 0.359375
vt 0.937012 0.478027
vt 0.933105 0.473145
vt 0.942383 0.473633
vt 0.840332 0.787598
vt 0.628418 0.677246
vt 0.636719 0.666016
vt 0.645996 0.686279
vt 0.267822 0.123535
vt 0.260254 0.140137
vt 0.161255 0.152832
vt 0.161499 0.145020
vt 0.222046 0.748291
vt 0.182861 0.512695
vt 0.175171 0.509521
vt 0.185181 0.507568
vt 0.253662 0.764404
vt 0.912598 0.718262
vt 0.916016 0.730713
vt 0.415039 0.256348
vt 0.405029 0.270020
vt 0.098267 0.924011
vt 0.779297 0.489258
vt 0.784668 0.143066
vt 0.077698 0.162598
vt 0.067200 0.174805
vt 0.059723 0.167480
vt 0.480713 0.191895
vt 0.463623 0.185547
vt 0.465332 0.176758
vt 0.844238 0.115234
vt 0.842285 0.133789
vt 0.732422 0.301270
vt 0.740723 0.289551
vt 0.749512 0.291016
vt 0.065247 0.506592
vt 0.063782 0.501221
vt 0.067932 0.498047
vt 0.021347 0.677246
vt 0.038910 0.674805
vt 0.034393 0.696045
vt 0.670410 0.342285
vt 0.647461 0.866821
vt 0.639160 0.864380
vt 0.643555 0.853516
vt 0.881836 0.325195
vt 0.885742 0.317383
vt 0.406494 0.760742
vt 0.965332 0.250488
vt 0.189697 0.528320
vt 0.193604 0.514404
vt 0.547363 0.859009
vt 0.560547 0.872925
vt 0.063721 0.114258
vt 0.169434 0.880005
vt 0.166748 0.892639
vt 0.161621 0.882812
vt 0.734863 0.481934
vt 0.754395 0.485352
vt 0.736816 0.490723
vt 0.737305 0.519531
vt 0.725098 0.520752
vt 0.731445 0.505127
vt 0.467285 0.307617
vt 0.030548 0.939362
vt 0.043274 0.933044
vt 0.033142 0.947296
vt 0.054413 0.633301
vt 0.057831 0.620361
vt 0.459961 0.423340
vt 0.122681 0.965485
vt 0.120361 0.964935
vt 0.431885 0.118164
vt 0.430908 0.125488
vt 0.546875 0.679688
vt 0.544922 0.683594
vt 0.628906 0.095215
vt 0.632324 0.095703
vt 0.629883 0.099121
vt 0.003868 0.960541
vt 0.218750 0.052734
vt 0.225586 0.055176
vt 0.215942 0.057617
vt 0.166748 0.517822
vt 0.150635 0.972397
vt 0.135864 0.969940
vt 0.151001 0.955139
vt 0.512207 0.287598
vt 0.520508 0.280762
vt 0.281006 0.419434
vt 0.271240 0.393555
vt 0.238037 0.825806
vt 0.240967 0.817627
vt 0.247070 0.826294
vt 0.981445 0.766846
vt 0.971680 0.777100
vt 0.971191 0.769287
vt 0.085510 0.428711
vt 0.072510 0.428711
vt 0.075256 0.425293
vt 0.027161 0.474121
vt 0.042053 0.381348
vt 0.043427 0.366211
vt 0.873535 0.115234
vt 0.563477 0.798950
vt 0.556641 0.807739
vt 0.952637 0.758667
vt 0.958496 0.760010
vt 0.219482 0.265625
vt 0.212646 0.254395
vt 0.583496 0.453125
vt 0.778320 0.020020
vt 0.024078 0.386230
vt 0.208008 0.121094
vt 0.450439 0.355957
vt 0.449951 0.348145
vt 0.459229 0.351074
vt 0.931152 0.642090
vt 0.941895 0.645752
vt 0.935547 0.649902
vt 0.875000 0.815552
vt 0.247559 0.662842
vt 0.255127 0.676025
vt 0.979492 0.066406
vt 0.980469 0.061035
vt 0.993652 0.053223
vt 0.337402 0.619873
vt 0.340332 0.629150
vt 0.288818 0.226562
vt 0.296875 0.242188
vt 0.219849 0.421875
vt 0.218506 0.436523
vt 0.758301 0.944946
vt 0.754883 0.957672
vt 0.744141 0.946686
vt 0.419434 0.390625
vt 0.148804 0.127930
vt 0.428223 0.910278
vt 0.427734 0.903564
vt 0.437256 0.904358
vt 0.416016 0.957916
vt 0.426758 0.955139
vt 0.424561 0.967682
vt 0.040558 0.161133
vt 0.726074 0.490234
vt 0.122864 0.137207
vt 0.921387 0.856934
vt 0.212891 0.652344
vt 0.213501 0.643555
vt 0.221558 0.648193
vt 0.623535 0.628906
vt 0.288574 0.214844
vt 0.271729 0.223145
vt 0.913086 0.814819
vt 0.922363 0.830566
vt 0.547363 0.035156
vt 0.481201 0.661377
vt 0.756348 0.346680
vt 0.748047 0.369141
vt 0.451416 0.628906
vt 0.464111 0.652832
vt 0.135010 0.272461
vt 0.135742 0.277344
vt 0.105347 0.265625
vt 0.073364 0.538818
vt 0.343750 0.754028
vt 0.041382 0.496582
vt 0.400391 0.830811
vt 0.029617 0.519775
vt 0.029343 0.515137
vt 0.031433 0.512939
vt 0.099060 0.109375
vt 0.103333 0.108398
vt 0.279053 0.786377
vt 0.280029 0.780151
vt 0.981934 0.675537
vt 0.980957 0.669922
vt 0.986816 0.676025
vt 0.771973 0.890259
vt 0.250244 0.252441
vt 0.591797 0.308105
vt 0.584473 0.307617
vt 0.886230 0.204590
vt 0.887207 0.214844
vt 0.876465 0.208008
vt 0.069641 0.719727
vt 0.347412 0.464844
vt 0.934570 0.572266
vt 0.929199 0.565430
vt 0.559082 0.201660
vt 0.559082 0.191895
vt 0.565918 0.197754
vt 0.616211 0.867920
vt 0.389648 0.882812
vt 0.404541 0.887146
vt 0.309082 0.194336
vt 0.325439 0.188965
vt 0.318115 0.200195
vt 0.559082 0.247070
vt 0.390381 0.788086
vt 0.291260 0.640381
vt 0.299316 0.641846
vt 0.127075 0.028320
vt 0.905273 0.319336
vt 0.895020 0.315430
vt 0.091248 0.870483
vt 0.029907 0.055176
vt 0.250488 0.617920
vt 0.275391 0.372559
vt 0.663086 0.947083
vt 0.009628 0.597656
vt 0.516602 0.757446
vt 0.753906 0.532959
vt 0.729004 0.534912
vt 0.933594 0.825439
vt 0.928223 0.840332
vt 0.925293 0.834839
vt 0.346924 0.793823
vt 0.665039 0.261719
vt 0.654297 0.253906
vt 0.928223 0.450195
vt 0.936523 0.458984
vt 0.493164 0.931152
vt 0.982422 0.133789
vt 0.974609 0.127441
vt 0.167236 0.617432
vt 0.909180 0.356445
vt 0.917480 0.353516
vt 0.157227 0.831665
vt 0.145142 0.827026
vt 0.744629 0.206055
vt 0.750977 0.202148
vt 0.809570 0.225098
vt 0.823242 0.222168
vt 0.515137 0.223633
vt 0.516602 0.231934
vt 0.531738 0.607910
vt 0.556152 0.603271
vt 0.980469 0.649414
vt 0.982422 0.660889
vt 0.732910 0.205078
vt 0.735840 0.210938
vt 0.536133 0.964539
vt 0.532715 0.959991
vt 0.331787 0.735352
vt 0.191528 0.990471
vt 0.178101 0.982559
vt 0.111206 0.521240
vt 0.336182 0.359863
vt 0.330566 0.371094
vt 0.122925 0.313477
vt 0.123718 0.328613
vt 0.121765 0.331055
vt 0.020309 0.060059
vt 0.024536 0.066406
vt 0.017014 0.068359
vt 0.367676 0.577393
vt 0.423340 0.468262
vt 0.305176 0.635498
vt 0.165283 0.506592
vt 0.179443 0.297363
vt 0.173462 0.283691
vt 0.901367 0.252441
vt 0.092590 0.322266
vt 0.019943 0.176758
vt 0.463135 0.222656
vt 0.424561 0.209473
vt 0.760254 0.306152
vt 0.958008 0.704102
vt 0.963867 0.699463
vt 0.882324 0.775635
vt 0.899902 0.766235
vt 0.896973 0.790649
vt 0.525391 0.018066
vt 0.352539 0.056641
vt 0.352783 0.063965
vt 0.350586 0.067383
vt 0.998047 0.611084
vt 0.995117 0.615234
vt 0.365967 0.213379
vt 0.358398 0.215332
vt 0.367676 0.203125
vt 0.234375 0.427246
vt 0.220215 0.429199
vt 0.147705 0.642578
vt 0.575684 0.798218
vt 0.097412 0.494629
vt 0.154175 0.403809
vt 0.841797 0.458496
vt 0.883301 0.645996
vt 0.655762 0.014160
vt 0.933105 0.972946
vt 0.850098 0.230469
vt 0.853516 0.225098
vt 0.879395 0.077148
vt 0.885742 0.089355
vt 0.051605 0.722900
vt 0.057861 0.717529
vt 0.061554 0.722168
vt 0.295654 0.715820
vt 0.289795 0.698242
vt 0.934570 0.451172
vt 0.329102 0.416992
vt 0.329834 0.399414
vt 0.967773 0.937561
vt 0.989746 0.937561
vt 0.974121 0.951324
vt 0.833496 0.654297
vt 0.651367 0.493164
vt 0.975586 0.472656
vt 0.979004 0.481445
vt 0.965332 0.465820
vt 0.371338 0.066895
vt 0.047211 0.618408
vt 0.064941 0.613281
vt 0.940430 0.216309
vt 0.949707 0.209961
vt 0.962402 0.213867
vt 0.172852 0.537598
vt 0.169800 0.541992
vt 0.167847 0.536133
vt 0.731445 0.413086
vt 0.732422 0.420898
vt 0.079346 0.026367
vt 0.944336 0.306152
vt 0.948242 0.294434
vt 0.336914 0.134766
vt 0.339111 0.143555
vt 0.329590 0.143555
vt 0.987305 0.969513
vt 0.988281 0.518799
vt 0.795898 0.249023
vt 0.803223 0.223633
vt 0.822754 0.255371
vt 0.059357 0.184082
vt 0.063965 0.191895
vt 0.054352 0.194336
vt 0.356445 0.269043
vt 0.368652 0.407227
vt 0.145996 0.498535
vt 0.152466 0.508545
vt 0.142700 0.510742
vt 0.084290 0.827026
vt 0.077271 0.826172
vt 0.727051 0.946320
vt 0.953613 0.987000
vt 0.783691 0.598145
vt 0.571777 0.658936
vt 0.581543 0.666504
vt 0.572754 0.666992
vt 0.993164 0.478027
vt 0.985352 0.480469
vt 0.989258 0.474121
vt 0.093811 0.282715
vt 0.081116 0.270508
vt 0.502930 0.883972
vt 0.502930 0.877258
vt 0.509766 0.888367
vt 0.710449 0.433105
vt 0.700195 0.443359
vt 0.047760 0.527588
vt 0.053589 0.518799
vt 0.060394 0.521973
vt 0.313965 0.961029
vt 0.810547 0.150879
vt 0.800293 0.153320
vt 0.993652 0.495605
vt 0.983887 0.498535
vt 0.985840 0.488770
vt 0.472412 0.662354
vt 0.892090 0.957916
vt 0.886230 0.964966
vt 0.880859 0.960144
vt 0.887695 0.432617
vt 0.867676 0.439941
vt 0.481201 0.373047
vt 0.496582 0.373535
vt 0.435791 0.464355
vt 0.444580 0.455566
vt 0.384277 0.431152
vt 0.710449 0.900574
vt 0.701660 0.905823
vt 0.968750 0.946777
vt 0.212280 0.491211
vt 0.958008 0.329102
vt 0.371338 0.105469
vt 0.126099 0.147461
vt 0.294922 0.145996
vt 0.289307 0.134277
vt 0.842773 0.792114
vt 0.835938 0.808105
vt 0.211426 0.576172
vt 0.212158 0.592285
vt 0.203003 0.573486
vt 0.111145 0.705566
vt 0.117249 0.699463
vt 0.118469 0.711914
vt 0.622070 0.575928
vt 0.083862 0.743408
vt 0.082764 0.747559
vt 0.069214 0.724121
vt 0.183960 0.033203
vt 0.178833 0.016602
vt 0.015388 0.983109
vt 0.010704 0.979248
vt 0.466553 0.166992
vt 0.101135 0.663330
vt 0.500488 0.369141
vt 0.499268 0.629639
vt 0.935547 0.628174
vt 0.953125 0.620850
vt 0.062561 0.488770
vt 0.066772 0.474121
vt 0.084656 0.476074
vt 0.810059 0.163086
vt 0.370361 0.904419
vt 0.587402 0.270996
vt 0.592773 0.264648
vt 0.584473 0.606445
vt 0.974121 0.387207
vt 0.982422 0.392578
vt 0.756348 0.078125
vt 0.806152 0.747803
vt 0.796875 0.747803
vt 0.810547 0.740967
vt 0.105286 0.183594
vt 0.103088 0.198730
vt 0.095764 0.189453
vt 0.112671 0.204102
vt 0.099060 0.204102
vt 0.473877 0.075195
vt 0.459229 0.086914
vt 0.460449 0.070312
vt 0.334717 0.858154
vt 0.328125 0.870728
vt 0.729980 0.821899
vt 0.720215 0.829468
vt 0.983887 0.766235
vt 0.496094 0.472656
vt 0.659180 0.315430
vt 0.646973 0.291504
vt 0.388916 0.144043
vt 0.398926 0.507568
vt 0.015945 0.160156
vt 0.015945 0.168945
vt 0.004574 0.163086
vt 0.965820 0.113281
vt 0.967773 0.100098
vt 0.657227 0.868530
vt 0.897949 0.517090
vt 0.879883 0.515869
vt 0.403076 0.336914
vt 0.426514 0.332031
vt 0.826172 0.988708
vt 0.822754 0.983307
vt 0.807617 0.348145
vt 0.800293 0.334473
vt 0.970703 0.894714
vt 0.824219 0.073242
vt 0.781738 0.658447
vt 0.592773 0.833252
vt 0.598633 0.822266
vt 0.350342 0.612305
vt 0.288818 0.253906
vt 0.298584 0.252930
vt 0.292236 0.262695
vt 0.614258 0.632080
vt 0.875000 0.969101
vt 0.875977 0.962524
vt 0.691895 0.648682
vt 0.153442 0.138672
vt 0.547363 0.313477
vt 0.535156 0.302734
vt 0.507324 0.305176
vt 0.785156 0.566162
vt 0.778809 0.590088
vt 0.335205 0.327637
vt 0.031342 0.890808
vt 0.510742 0.601074
vt 0.337158 0.922058
vt 0.499756 0.724609
vt 0.311523 0.268555
vt 0.329590 0.262695
vt 0.328125 0.130859
vt 0.322021 0.131836
vt 0.375244 0.733887
vt 0.770508 0.840820
vt 0.758301 0.842896
vt 0.769043 0.824219
vt 0.405029 0.154785
vt 0.346436 0.653564
vt 0.389648 0.196777
vt 0.393555 0.194336
vt 0.791016 0.847046
vt 0.789062 0.846680
vt 0.776855 0.838501
vt 0.129517 0.223633
vt 0.846680 0.350586
vt 0.858887 0.349121
vt 0.445312 0.521729
vt 0.629883 0.452637
vt 0.639648 0.455566
vt 0.588379 0.447754
vt 0.594727 0.460938
vt 0.222534 0.986443
vt 0.220215 0.994755
vt 0.316406 0.537598
vt 0.323486 0.528564
vt 0.329590 0.549072
vt 0.472412 0.098633
vt 0.472900 0.104492
vt 0.462646 0.099609
vt 0.333252 0.557129
vt 0.334717 0.568848
vt 0.525879 0.292969
vt 0.520996 0.460938
vt 0.824219 0.807007
vt 0.125122 0.859619
vt 0.645508 0.624023
vt 0.632812 0.627441
vt 0.357422 0.194824
vt 0.072144 0.317383
vt 0.890625 0.851685
vt 0.698242 0.007324
vt 0.714355 0.005371
vt 0.710938 0.009277
vt 0.211060 0.073242
vt 0.214722 0.087891
vt 0.204834 0.082031
vt 0.710938 0.415527
vt 0.716797 0.425293
vt 0.568359 0.794556
vt 0.012222 0.458008
vt 0.012222 0.444824
vt 0.043823 0.448242
vt 0.219116 0.496094
vt 0.217651 0.506836
vt 0.216431 0.497070
vt 0.839355 0.412598
vt 0.848145 0.415039
vt 0.840820 0.416504
vt 0.865723 0.808960
vt 0.867188 0.799316
vt 0.882324 0.795532
vt 0.560059 0.087402
vt 0.556641 0.084961
vt 0.565430 0.083496
vt 0.264648 0.703125
vt 0.261963 0.708740
vt 0.253906 0.700928
vt 0.967285 0.569092
vt 0.523926 0.928833
vt 0.498779 0.928833
vt 0.899414 0.417969
vt 0.894531 0.413086
vt 0.901855 0.405762
vt 0.603516 0.773682
vt 0.072693 0.736572
vt 0.083923 0.526123
vt 0.703125 0.404297
vt 0.942383 0.787598
vt 0.604004 0.122070
vt 0.614258 0.122559
vt 0.604492 0.128418
vt 0.200073 0.601074
vt 0.195312 0.608887
vt 0.181396 0.598145
vt 0.898926 0.595947
vt 0.913574 0.596191
vt 0.909668 0.609131
vt 0.063354 0.417969
vt 0.095032 0.488281
vt 0.529785 0.759888
vt 0.541016 0.767944
vt 0.535645 0.771484
vt 0.450195 0.934387
vt 0.457275 0.942017
vt 0.757812 0.552979
vt 0.768555 0.584717
vt 0.991699 0.384277
vt 0.837402 0.418945
vt 0.548828 0.989349
vt 0.548828 0.966095
vt 0.555176 0.970139
vt 0.160400 0.936707
vt 0.150513 0.928101
vt 0.082581 0.874512
vt 0.453613 0.082031
vt 0.563477 0.413086
vt 0.271484 0.757202
vt 0.265869 0.053711
vt 0.477539 0.879395
vt 0.487793 0.875793
vt 0.493896 0.901306
vt 0.446289 0.762451
vt 0.438965 0.755859
vt 0.449951 0.749756
vt 0.404541 0.815430
vt 0.407959 0.802368
vt 0.412354 0.803101
vt 0.067688 0.911560
vt 0.071777 0.901184
vt 0.080933 0.913513
vt 0.673340 0.982925
vt 0.676270 0.974380
vt 0.175659 0.533691
vt 0.179077 0.541748
vt 0.122437 0.389160
vt 0.121643 0.372070
vt 0.137085 0.378906
vt 0.320312 0.718262
vt 0.338623 0.704346
vt 0.359131 0.754150
vt 0.485840 0.171875
vt 0.644043 0.833618
vt 0.912109 0.980865
vt 0.889648 0.969803
vt 0.918457 0.572754
vt 0.804688 0.129883
vt 0.797852 0.125977
vt 0.675293 0.089355
vt 0.673340 0.082031
vt 0.317627 0.777832
vt 0.433105 0.573730
vt 0.125610 0.834473
vt 0.679199 0.818970
vt 0.632324 0.267578
vt 0.913086 0.930115
vt 0.903320 0.920288
vt 0.328857 0.151855
vt 0.340820 0.157227
vt 0.336914 0.162598
vt 0.591309 0.705566
vt 0.728027 0.912720
vt 0.732910 0.898254
vt 0.743164 0.908142
vt 0.218140 0.402832
vt 0.351074 0.155273
vt 0.035919 0.486328
vt 0.732422 0.752563
vt 0.219238 0.402344
vt 0.141968 0.309082
vt 0.605469 0.576904
vt 0.214966 0.634766
vt 0.217407 0.641602
vt 0.849609 0.523682
vt 0.849121 0.534912
vt 0.773926 0.869629
vt 0.781250 0.864014
vt 0.787109 0.873291
vt 0.102966 0.323730
vt 0.323975 0.389648
vt 0.314209 0.384277
vt 0.325928 0.374023
vt 0.393311 0.277832
vt 0.320068 0.270996
vt 0.971191 0.495605
vt 0.495361 0.138672
vt 0.479492 0.124023
vt 0.509766 0.127441
vt 0.302490 0.850708
vt 0.289795 0.868652
vt 0.301025 0.840088
vt 0.840820 0.775513
vt 0.843262 0.761108
vt 0.020859 0.465820
vt 0.338623 0.216309
vt 0.343994 0.203613
vt 0.355957 0.214355
vt 0.150513 0.884338
vt 0.561523 0.235840
vt 0.568359 0.223633
vt 0.048645 0.441895
vt 0.161255 0.365723
vt 0.164917 0.352051
vt 0.167603 0.369141
vt 0.026093 0.148438
vt 0.010223 0.147949
vt 0.021729 0.139160
vt 0.445312 0.268555
vt 0.452148 0.258301
vt 0.920898 0.066895
vt 0.908203 0.071777
vt 0.491943 0.221680
vt 0.711914 0.181641
vt 0.728027 0.183105
vt 0.714844 0.189453
vt 0.219238 0.193848
vt 0.239014 0.076660
vt 0.228027 0.077148
vt 0.395752 0.871948
vt 0.379150 0.880798
vt 0.970703 0.725098
vt 0.978027 0.719238
vt 0.987793 0.731201
vt 0.926758 0.478027
vt 0.929199 0.479492
vt 0.713867 0.591064
vt 0.719238 0.582764
vt 0.644531 0.715088
vt 0.292725 0.400391
vt 0.289062 0.413086
vt 0.920898 0.457031
vt 0.912109 0.451660
vt 0.920898 0.450195
vt 0.666992 0.494629
vt 0.678711 0.498535
vt 0.835449 0.334473
vt 0.845215 0.340332
vt 0.082764 0.507812
vt 0.727539 0.969772
vt 0.305420 0.123047
vt 0.257568 0.841553
vt 0.543457 0.241211
vt 0.291260 0.584473
vt 0.506348 0.856934
vt 0.367432 0.534912
vt 0.344482 0.526855
vt 0.108582 0.547852
vt 0.148682 0.417969
vt 0.148804 0.644531
vt 0.758301 0.192871
vt 0.354004 0.574463
vt 0.358887 0.565186
vt 0.169434 0.569824
vt 0.526855 0.074707
vt 0.806641 0.056152
vt 0.110352 0.747070
vt 0.051331 0.856689
vt 0.350830 0.812256
vt 0.368652 0.809326
vt 0.662598 0.177246
vt 0.615723 0.145020
vt 0.626465 0.143555
vt 0.245239 0.135742
vt 0.044464 0.129883
vt 0.821777 0.168457
vt 0.817871 0.176270
vt 0.658691 0.492188
vt 0.492676 0.288574
vt 0.492188 0.282227
vt 0.493896 0.280762
vt 0.808105 0.333008
vt 0.581543 0.624512
vt 0.585938 0.614258
vt 0.836426 0.214844
vt 0.839355 0.205566
vt 0.609863 0.659668
vt 0.934082 0.761108
vt 0.153809 0.368164
vt 0.150269 0.381836
vt 0.039307 0.999817
vt 0.022766 0.999817
vt 0.038849 0.996180
vt 0.005592 0.777588
vt 0.025833 0.775269
vt 0.875000 0.139648
vt 0.872070 0.158691
vt 0.396973 0.475586
vt 0.387939 0.477539
vt 0.134155 0.746826
vt 0.419189 0.527588
vt 0.414062 0.533936
vt 0.411621 0.528076
vt 0.791504 0.433594
vt 0.799316 0.431641
vt 0.213257 0.769409
vt 0.233887 0.782471
vt 0.218018 0.782837
vt 0.579590 0.865723
vt 0.592285 0.765747
vt 0.881836 0.411621
vt 0.875488 0.416016
vt 0.874512 0.409668
vt 0.438965 0.232910
vt 0.055511 0.641357
vt 0.924805 0.375000
vt 0.933105 0.367188
vt 0.933105 0.372559
vt 0.288086 0.449707
vt 0.282227 0.457520
vt 0.132446 0.874023
vt 0.594727 0.984039
vt 0.218506 0.306641
vt 0.170898 0.551025
vt 0.855469 0.609375
vt 0.435791 0.352051
vt 0.417969 0.354980
vt 0.909668 0.296387
vt 0.223511 0.110840
vt 0.876953 0.064453
vt 0.894531 0.942627
vt 0.893555 0.933411
vt 0.716797 0.543457
vt 0.417480 0.969650
vt 0.350586 0.134277
vt 0.641113 0.821289
vt 0.648438 0.805908
vt 0.812500 0.974609
vt 0.795410 0.967712
vt 0.809570 0.963501
vt 0.937988 0.136230
vt 0.134155 0.211426
vt 0.120972 0.205078
vt 0.129761 0.205078
vt 0.106934 0.225098
vt 0.106934 0.226074
vt 0.089111 0.225586
vt 0.307861 0.020996
vt 0.311523 0.000488
vt 0.316162 0.021973
vt 0.193237 0.862549
vt 0.205322 0.849365
vt 0.707031 0.397461
vt 0.715332 0.394043
vt 0.385986 0.824463
vt 0.385742 0.822876
vt 0.576172 0.309570
vt 0.461914 0.461914
vt 0.464600 0.472656
vt 0.076782 0.803589
vt 0.082703 0.808716
vt 0.076904 0.813843
vt 0.711914 0.734375
vt 0.917969 0.807007
vt 0.928223 0.807739
vt 0.191162 0.150391
vt 0.041290 0.332520
vt 0.034698 0.314941
vt 0.043976 0.323242
vt 0.507812 0.678711
vt 0.371582 0.386719
vt 0.512695 0.203613
vt 0.696777 0.714844
vt 0.691895 0.705078
vt 0.258301 0.594238
vt 0.113281 0.181641
vt 0.120178 0.181152
vt 0.212036 0.302246
vt 0.300781 0.913574
vt 0.305908 0.922485
vt 0.796875 0.930908
vt 0.810059 0.932495
vt 0.269775 0.726562
vt 0.275391 0.735840
vt 0.268311 0.743164
vt 0.771484 0.782959
vt 0.780273 0.791626
vt 0.770508 0.783936
vt 0.079407 0.437500
vt 0.391602 0.111328
vt 0.372070 0.120117
vt 0.897949 0.056152
vt 0.887695 0.047363
vt 0.669922 0.016602
vt 0.234497 0.370117
vt 0.236938 0.386719
vt 0.224854 0.381348
vt 0.289795 0.237305
vt 0.772461 0.790527
vt 0.784668 0.797974
vt 0.780273 0.803711
vt 0.654297 0.486328
vt 0.333984 0.936890
vt 0.329834 0.950592
vt 0.310303 0.952454
vt 0.696777 0.161133
vt 0.687988 0.177734
vt 0.381836 0.944153
vt 0.380615 0.934509
vt 0.803711 0.511719
vt 0.813477 0.496582
vt 0.552246 0.075195
vt 0.722168 0.416016
vt 0.577148 0.683105
vt 0.579102 0.680664
vt 0.769043 0.666504
vt 0.213623 0.952942
vt 0.904297 0.301758
vt 0.888184 0.303711
vt 0.202881 0.512207
vt 0.205200 0.518555
vt 0.956055 0.836548
vt 0.660156 0.215820
vt 0.731445 0.407227
vt 0.372559 0.985161
vt 0.372070 0.987556
vt 0.840332 0.763428
vt 0.835938 0.777832
vt 0.829102 0.783447
vt 0.651855 0.987778
vt 0.648926 0.985413
vt 0.655273 0.984535
vt 0.339600 0.916565
vt 0.341797 0.916382
vt 0.343994 0.918213
vt 0.575684 0.726562
vt 0.408936 0.065430
vt 0.415771 0.053223
vt 0.408691 0.077148
vt 0.057922 0.158691
vt 0.068726 0.159180
vt 0.089355 0.203125
vt 0.081726 0.193359
vt 0.921387 0.675049
vt 0.919434 0.682373
vt 0.729004 0.067871
vt 0.771484 0.696777
vt 0.744629 0.562744
vt 0.300293 0.988983
vt 0.296387 0.983368
vt 0.321777 0.982071
vt 0.478760 0.488281
vt 0.837402 0.885498
vt 0.845703 0.879150
vt 0.857422 0.895081
vt 0.527832 0.023926
vt 0.533203 0.017090
vt 0.485107 0.328613
vt 0.487793 0.315430
vt 0.536621 0.856079
vt 0.543457 0.860352
vt 0.697754 0.544189
vt 0.219116 0.840210
vt 0.223999 0.835205
vt 0.874512 0.993500
vt 0.880371 0.985199
vt 0.885254 0.999776
vt 0.168823 0.680664
vt 0.167358 0.674805
vt 0.193237 0.506592
vt 0.599121 0.588135
vt 0.596680 0.589600
vt 0.600586 0.582520
vt 0.520996 0.086426
vt 0.528320 0.088379
vt 0.184448 0.089844
vt 0.546387 0.269531
vt 0.330322 0.049805
vt 0.338379 0.052246
vt 0.029480 0.519287
vt 0.536133 0.679199
vt 0.539062 0.670898
vt 0.027969 0.835205
vt 0.016205 0.842041
vt 0.534668 0.930603
vt 0.803223 0.176270
vt 0.805176 0.196289
vt 0.835938 0.151855
vt 0.841309 0.146484
vt 0.456299 0.114258
vt 0.937500 0.055176
vt 0.955078 0.045898
vt 0.953613 0.055664
vt 0.623047 0.109863
vt 0.617188 0.111816
vt 0.448730 0.072266
vt 0.450195 0.076172
vt 0.442383 0.080566
vt 0.425049 0.730469
vt 0.057220 0.397461
vt 0.148804 0.648926
vt 0.614258 0.182129
vt 0.937988 0.946259
vt 0.427002 0.050781
vt 0.439453 0.043457
vt 0.433105 0.055176
vt 0.543457 0.396973
vt 0.909668 0.519775
vt 0.083923 0.345703
vt 0.096313 0.068848
vt 0.300781 0.836182
vt 0.294189 0.850952
vt 0.501465 0.124023
vt 0.490234 0.119141
vt 0.217773 0.692871
vt 0.228027 0.701172
vt 0.532715 0.899780
vt 0.522949 0.888000
vt 0.125122 0.878601
vt 0.058868 0.018066
vt 0.791504 0.998794
vt 0.766602 0.994621
vt 0.776855 0.980682
vt 0.031219 0.573730
vt 0.029663 0.552734
vt 0.039642 0.564697
vt 0.811035 0.638184
vt 0.816406 0.626709
vt 0.816406 0.636475
vt 0.357178 0.040527
vt 0.361572 0.038574
vt 0.365234 0.045410
vt 0.773438 0.703613
vt 0.555176 0.457031
vt 0.414551 0.891052
vt 0.414551 0.893372
vt 0.995117 0.131836
vt 0.986816 0.136719
vt 0.988281 0.134766
vt 0.544434 0.698730
vt 0.561035 0.695312
vt 0.515625 0.088867
vt 0.149536 0.773193
vt 0.743652 0.134277
vt 0.454590 0.413086
vt 0.057373 0.168945
vt 0.770020 0.160645
vt 0.855469 0.486328
vt 0.522949 0.431641
vt 0.608398 0.091797
vt 0.882812 0.549316
vt 0.519043 0.713623
vt 0.578125 0.880432
vt 0.914551 0.085449
vt 0.904785 0.084961
vt 0.821777 0.347656
vt 0.198486 0.338867
vt 0.192505 0.347168
vt 0.460938 0.552490
vt 0.470947 0.540039
vt 0.466064 0.556885
vt 0.971680 0.574463
vt 0.977051 0.576416
vt 0.285889 0.347656
vt 0.750977 0.591064
vt 0.038971 0.613037
vt 0.980957 0.218262
vt 0.992676 0.208008
vt 0.741211 0.434570
vt 0.736328 0.449219
vt 0.460449 0.557129
vt 0.944824 0.603516
vt 0.338379 0.147461
vt 0.084412 0.855469
vt 0.958496 0.679932
vt 0.970703 0.681641
vt 0.641602 0.485840
vt 0.943848 0.647949
vt 0.719727 0.207031
vt 0.725098 0.212402
vt 0.380127 0.530762
vt 0.400635 0.549072
vt 0.378174 0.552490
vt 0.415039 0.282715
vt 0.964844 0.846313
vt 0.890625 0.270020
vt 0.880859 0.269531
vt 0.885742 0.268066
vt 0.121643 0.940826
vt 0.128296 0.941528
vt 0.662109 0.697266
vt 0.969727 0.961517
vt 0.982910 0.956696
vt 0.592285 0.053711
vt 0.114502 0.531006
vt 0.220947 0.569336
vt 0.221680 0.554688
vt 0.234131 0.552979
vt 0.241089 0.562500
vt 0.213257 0.842896
vt 0.077820 0.015137
vt 0.275879 0.800903
vt 0.281738 0.805908
vt 0.369385 0.394043
vt 0.366699 0.382812
vt 0.370361 0.386719
vt 0.706543 0.574707
vt 0.734375 0.644287
vt 0.748047 0.630615
vt 0.019073 0.417480
vt 0.036346 0.410645
vt 0.163574 0.648193
vt 0.177734 0.649658
vt 0.598145 0.403320
vt 0.623047 0.417969
vt 0.598633 0.429688
vt 0.772949 0.076660
vt 0.770020 0.068848
vt 0.760254 0.212891
vt 0.765625 0.208496
vt 0.890137 0.418457
vt 0.350830 0.682129
vt 0.829102 0.584717
vt 0.406494 0.731934
vt 0.403076 0.735352
vt 0.398438 0.727295
vt 0.182861 0.730225
vt 0.194580 0.747314
vt 0.179810 0.754761
vt 0.394043 0.118164
vt 0.398682 0.129883
vt 0.390137 0.127930
vt 0.321289 0.709473
vt 0.257812 0.289062
vt 0.275146 0.283691
vt 0.235596 0.295898
vt 0.234497 0.281738
vt 0.180298 0.606689
vt 0.187378 0.612305
vt 0.170410 0.610840
vt 0.361084 0.312012
vt 0.371826 0.319824
vt 0.785645 0.765625
vt 0.770020 0.742432
vt 0.618652 0.287109
vt 0.613281 0.295898
vt 0.605957 0.284668
vt 0.812988 0.371094
vt 0.350830 0.972992
vt 0.354004 0.966156
vt 0.133423 0.629883
vt 0.879395 0.285156
vt 0.882812 0.271973
vt 0.020004 0.437500
vt 0.023361 0.432129
vt 0.643555 0.137695
vt 0.091370 0.219727
vt 0.080261 0.225586
vt 0.079895 0.217773
vt 0.789062 0.684570
vt 0.784668 0.702148
vt 0.780273 0.698730
vt 0.122742 0.709473
vt 0.191040 0.272461
vt 0.110962 0.142578
vt 0.107666 0.343262
vt 0.119019 0.348633
vt 0.961914 0.715088
vt 0.965820 0.731689
vt 0.148560 0.855347
vt 0.192017 0.896423
vt 0.455078 0.900024
vt 0.468506 0.890625
vt 0.463135 0.910706
vt 0.333496 0.772461
vt 0.345459 0.768555
vt 0.243408 0.918640
vt 0.256836 0.912537
vt 0.577148 0.233887
vt 0.695312 0.403809
vt 0.182739 0.406250
vt 0.127319 0.309082
vt 0.137085 0.323730
vt 0.117615 0.094727
vt 0.975586 0.549316
vt 0.781250 0.962463
vt 0.023483 0.438965
vt 0.153442 0.677246
vt 0.206177 0.926392
vt 0.340576 0.440918
vt 0.352295 0.438965
vt 0.488525 0.106445
vt 0.903320 0.195312
vt 0.201660 0.792480
vt 0.199829 0.815063
vt 0.670410 0.454590
vt 0.653809 0.450195
vt 0.666016 0.439941
vt 0.823730 0.096680
vt 0.842773 0.088379
vt 0.842285 0.092773
vt 0.900879 0.266113
vt 0.869141 0.925049
vt 0.943848 0.841309
vt 0.649902 0.226074
vt 0.277344 0.773193
vt 0.281250 0.772339
vt 0.799316 0.740234
vt 0.821777 0.716064
vt 0.825684 0.713623
vt 0.766602 0.970200
vt 0.675781 0.147461
vt 0.956055 0.882812
vt 0.343506 0.817017
vt 0.379395 0.051270
vt 0.391357 0.044922
vt 0.388428 0.052734
vt 0.926270 0.443848
vt 0.926758 0.446289
vt 0.305664 0.827271
vt 0.704590 0.652100
vt 0.683594 0.669189
vt 0.645996 0.346191
vt 0.281250 0.196777
vt 0.782227 0.439453
vt 0.373535 0.675781
vt 0.939453 0.248047
vt 0.954590 0.258789
vt 0.937012 0.258301
vt 0.809082 0.075684
vt 0.814453 0.075195
vt 0.235840 0.299805
vt 0.254150 0.312012
vt 0.489746 0.365234
vt 0.868164 0.722900
vt 0.861816 0.727539
vt 0.822266 0.799072
vt 0.825684 0.156250
vt 0.021591 0.743896
vt 0.009262 0.718994
vt 0.018768 0.714111
vt 0.562500 0.729492
vt 0.575684 0.728760
vt 0.186279 0.281250
vt 0.340088 0.108887
vt 0.345703 0.119629
vt 0.664062 0.295898
vt 0.673340 0.307617
vt 0.189453 0.541748
vt 0.181885 0.555176
vt 0.182861 0.544922
vt 0.372559 0.231934
vt 0.381348 0.229492
vt 0.840332 0.959656
vt 0.633789 0.249512
vt 0.635254 0.253418
vt 0.984863 0.299316
vt 0.972168 0.287109
vt 0.987305 0.286133
vt 0.597656 0.656738
vt 0.587891 0.657227
vt 0.238892 0.804688
vt 0.246338 0.809692
vt 0.867676 0.343750
vt 0.649902 0.703369
vt 0.630371 0.697510
vt 0.395020 0.109375
vt 0.192993 0.252930
vt 0.190186 0.048340
vt 0.187378 0.048828
vt 0.053833 0.604980
vt 0.150269 0.291504
vt 0.159668 0.286133
vt 0.577637 0.196289
vt 0.480225 0.726318
vt 0.480225 0.710693
vt 0.488525 0.725586
vt 0.109375 0.468262
vt 0.983398 0.188477
vt 0.981934 0.172852
vt 0.990723 0.173340
vt 0.317139 0.484375
vt 0.640625 0.258789
vt 0.640137 0.727539
vt 0.147339 0.812866
vt 0.059998 0.999947
vt 0.041595 0.999947
vt 0.045441 0.995548
vt 0.518066 0.199707
vt 0.529297 0.193359
vt 0.520020 0.204102
vt 0.606445 0.702637
vt 0.603027 0.713135
vt 0.722168 0.170898
vt 0.715820 0.178711
vt 0.712891 0.171387
vt 0.873047 0.418945
vt 0.959961 0.431152
vt 0.960449 0.440430
vt 0.954590 0.430664
vt 0.820801 0.651123
vt 0.811523 0.665283
vt 0.056458 0.054199
vt 0.073792 0.852661
vt 0.463379 0.663086
vt 0.463867 0.678955
vt 0.506348 0.238770
vt 0.944824 0.664795
vt 0.941406 0.673096
vt 0.837891 0.221680
vt 0.277588 0.106934
vt 0.649414 0.103516
vt 0.661133 0.109375
vt 0.643555 0.116699
vt 0.979492 0.872681
vt 0.139404 0.247559
vt 0.267578 0.911621
vt 0.219971 0.577148
vt 0.063354 0.594482
vt 0.083435 0.580811
vt 0.912109 0.801025
vt 0.010284 0.984253
vt 0.007542 0.981491
vt 0.799316 0.894470
vt 0.807129 0.889465
vt 0.811523 0.895203
vt 0.496826 0.963348
vt 0.510254 0.973740
vt 0.857422 0.136230
vt 0.270264 0.721191
vt 0.260010 0.728516
vt 0.987793 0.669189
vt 0.990723 0.676025
vt 0.986328 0.671143
vt 0.318359 0.205566
vt 0.326660 0.217285
vt 0.303467 0.215332
vt 0.277344 0.754272
vt 0.916992 0.310059
vt 0.931641 0.282715
vt 0.945312 0.292969
vt 0.853027 0.100586
vt 0.859375 0.093750
vt 0.054169 0.198242
vt 0.047638 0.197266
vt 0.961426 0.285645
vt 0.968750 0.296875
vt 0.587891 0.091797
vt 0.596191 0.104004
vt 0.582520 0.097656
vt 0.896973 0.569824
vt 0.433350 0.289062
vt 0.072998 0.302734
vt 0.452637 0.961090
vt 0.455811 0.982498
vt 0.020798 0.309570
vt 0.017609 0.291504
vt 0.028992 0.294922
vt 0.028763 0.311035
vt 0.111023 0.154785
vt 0.506836 0.595459
vt 0.147217 0.285156
vt 0.651855 0.949158
vt 0.069397 0.936218
vt 0.070007 0.939423
vt 0.941406 0.133789
vt 0.779297 0.360352
vt 0.757324 0.368652
vt 0.817383 0.786011
vt 0.809570 0.796997
vt 0.984863 0.452637
vt 0.988770 0.459473
vt 0.984375 0.462402
vt 0.207764 0.623291
vt 0.217896 0.631592
vt 0.077637 0.930054
vt 0.522461 0.037598
vt 0.533203 0.032227
vt 0.534668 0.684082
vt 0.529297 0.684570
vt 0.385986 0.693359
vt 0.301758 0.095215
vt 0.314941 0.093750
vt 0.073425 0.418945
vt 0.568359 0.020020
vt 0.575195 0.033691
vt 0.568359 0.048828
vt 0.648438 0.926880
vt 0.662109 0.937958
vt 0.647461 0.940369
vt 0.747070 0.161621
vt 0.762695 0.161621
vt 0.928223 0.648682
vt 0.766602 0.987709
vt 0.765625 0.984268
vt 0.769043 0.984993
vt 0.294434 0.333496
vt 0.305420 0.344238
vt 0.173828 0.336914
vt 0.577637 0.987862
vt 0.566406 0.984406
vt 0.257324 0.614258
vt 0.056824 0.144531
vt 0.068848 0.142578
vt 0.592773 0.587402
vt 0.592285 0.593262
vt 0.320068 0.011719
vt 0.630371 0.709961
vt 0.420654 0.231934
vt 0.385742 0.361816
vt 0.401367 0.421875
vt 0.401855 0.434570
vt 0.152222 0.584229
vt 0.590820 0.941589
vt 0.631836 0.709717
vt 0.641113 0.727539
vt 0.634277 0.717773
vt 0.440674 0.288574
vt 0.950684 0.509521
vt 0.866699 0.324219
vt 0.512695 0.065430
vt 0.517090 0.066895
vt 0.418945 0.406250
vt 0.710938 0.499023
vt 0.830078 0.420898
vt 0.796387 0.853271
vt 0.791504 0.850830
vt 0.650391 0.520508
vt 0.063965 0.230957
vt 0.577637 0.128906
vt 0.562500 0.152832
vt 0.648438 0.444336
vt 0.637207 0.428223
vt 0.951660 0.911987
vt 0.386963 0.752686
vt 0.387451 0.748535
vt 0.393311 0.772217
vt 0.971680 0.181641
vt 0.974609 0.165527
vt 0.357666 0.663086
vt 0.586426 0.694092
vt 0.916992 0.471680
vt 0.257080 0.860107
vt 0.245728 0.852539
vt 0.182129 0.967743
vt 0.166016 0.959961
vt 0.177124 0.954346
vt 0.165039 0.073242
vt 0.370117 0.428711
vt 0.866699 0.999691
vt 0.719238 0.954071
vt 0.720215 0.941620
vt 0.852539 0.425781
vt 0.843262 0.421387
vt 0.491455 0.243164
vt 0.494385 0.240723
vt 0.169678 0.362305
vt 0.684570 0.403809
vt 0.966797 0.046387
vt 0.031647 0.478027
vt 0.029984 0.473633
vt 0.575195 0.671875
vt 0.741211 0.619873
vt 0.730469 0.588623
vt 0.746582 0.615479
vt 0.170166 0.090820
vt 0.848145 0.577393
vt 0.454590 0.393555
vt 0.462646 0.421387
vt 0.990723 0.868286
vt 0.994629 0.873169
vt 0.635254 0.169922
vt 0.644531 0.152344
vt 0.988770 0.896118
vt 0.015495 0.630127
vt 0.009552 0.625977
vt 0.028473 0.617432
vt 0.469238 0.624268
vt 0.551758 0.680176
vt 0.450195 0.054688
vt 0.456787 0.888245
vt 0.191772 0.722900
vt 0.193481 0.733154
vt 0.139526 0.195801
vt 0.590332 0.384277
vt 0.579102 0.390137
vt 0.337402 0.877136
vt 0.497803 0.073242
vt 0.504883 0.081543
vt 0.625000 0.430176
vt 0.269043 0.416016
vt 0.476562 0.859009
vt 0.484131 0.867554
vt 0.557617 0.982956
vt 0.219727 0.592773
vt 0.895508 0.283203
vt 0.899902 0.277832
vt 0.167603 0.855957
vt 0.265625 0.714111
vt 0.165405 0.723389
vt 0.148804 0.724854
vt 0.977051 0.935303
vt 0.987305 0.928101
vt 0.994629 0.935120
vt 0.686523 0.301758
vt 0.678223 0.314453
vt 0.658203 0.430664
vt 0.650391 0.419922
vt 0.669434 0.423828
vt 0.161865 0.529785
vt 0.244873 0.267090
vt 0.863770 0.472656
vt 0.501953 0.228027
vt 0.501465 0.234863
vt 0.492920 0.232910
vt 0.062561 0.513672
vt 0.690918 0.789917
vt 0.461426 0.208008
vt 0.456299 0.212891
vt 0.315186 0.452148
vt 0.525391 0.269043
vt 0.969727 0.156738
vt 0.982422 0.156738
vt 0.972656 0.163574
vt 0.017227 0.395020
vt 0.021576 0.389160
vt 0.030823 0.390625
vt 0.829102 0.776978
vt 0.142944 0.705322
vt 0.770508 0.550049
vt 0.636719 0.905273
vt 0.652344 0.908997
vt 0.644531 0.916565
vt 0.908691 0.470215
vt 0.895508 0.477539
vt 0.381348 0.497070
vt 0.551270 0.162598
vt 0.545410 0.171875
vt 0.904297 0.528320
vt 0.578613 0.522705
vt 0.603516 0.505859
vt 0.594238 0.525391
vt 0.973145 0.008789
vt 0.964844 0.003418
vt 0.600586 0.700439
vt 0.671387 0.110840
vt 0.687500 0.104980
vt 0.415039 0.691406
vt 0.410889 0.691406
vt 0.415039 0.685059
vt 0.043121 0.962067
vt 0.030914 0.966309
vt 0.363037 0.759399
vt 0.806641 0.368164
vt 0.781738 0.373535
vt 0.516602 0.319824
vt 0.519531 0.321289
vt 0.514648 0.322266
vt 0.092834 0.428711
vt 0.098022 0.429199
vt 0.165039 0.954193
vt 0.172241 0.945038
vt 0.378662 0.811279
vt 0.367432 0.826050
vt 0.369141 0.811035
vt 0.110718 0.862793
vt 0.350098 0.194336
vt 0.484375 0.185059
vt 0.496094 0.175781
vt 0.791016 0.807617
vt 0.793457 0.820923
vt 0.309814 0.060059
vt 0.295166 0.058105
vt 0.114624 0.107422
vt 0.190918 0.185059
vt 0.861328 0.447754
vt 0.858398 0.446289
vt 0.026825 0.136230
vt 0.034363 0.129395
vt 0.036987 0.138184
vt 0.653809 0.223145
vt 0.880371 0.040039
vt 0.058411 0.125000
vt 0.605957 0.026367
vt 0.596680 0.024414
vt 0.793945 0.314453
vt 0.803223 0.320801
vt 0.391602 0.164551
vt 0.389160 0.513184
vt 0.381836 0.511230
vt 0.333984 0.888184
vt 0.333496 0.897339
vt 0.975586 0.821167
vt 0.947266 0.110352
vt 0.493164 0.525146
vt 0.401611 0.040527
vt 0.411133 0.037598
vt 0.408936 0.055176
vt 0.299316 0.935364
vt 0.423340 0.634521
vt 0.504883 0.403809
vt 0.505371 0.382812
vt 0.513184 0.380859
vt 0.579102 0.821899
vt 0.784180 0.945068
vt 0.892578 0.627197
vt 0.910156 0.618164
vt 0.316162 0.939728
vt 0.115417 0.557861
vt 0.177856 0.446777
vt 0.184814 0.439941
vt 0.186768 0.447754
vt 0.705566 0.249023
vt 0.675293 0.798584
vt 0.737793 0.962738
vt 0.736328 0.945496
vt 0.581055 0.677979
vt 0.588379 0.674561
vt 0.246948 0.033203
vt 0.245239 0.047363
vt 0.274902 0.091309
vt 0.283447 0.094727
vt 0.043304 0.474121
vt 0.090881 0.846436
vt 0.260742 0.443848
vt 0.671875 0.318848
vt 0.669434 0.328613
vt 0.639648 0.123535
vt 0.932129 0.977051
vt 0.087341 0.953339
vt 0.091125 0.943909
vt 0.467773 0.487305
vt 0.267822 0.709717
vt 0.777344 0.396484
vt 0.784180 0.410156
vt 0.762695 0.412598
vt 0.913574 0.401367
vt 0.903809 0.399414
vt 0.907227 0.394531
vt 0.370605 0.296875
vt 0.375000 0.277832
vt 0.016266 0.687988
vt 0.641113 0.760498
vt 0.160889 0.341309
vt 0.065491 0.791260
vt 0.629395 0.248535
vt 0.655762 0.861328
vt 0.370361 0.358398
vt 0.486084 0.419434
vt 0.834473 0.194824
vt 0.791016 0.789673
vt 0.978027 0.124512
vt 0.988770 0.125977
vt 0.489502 0.174316
vt 0.439941 0.828857
vt 0.314453 0.089844
vt 0.728516 0.164062
vt 0.066711 0.846436
vt 0.973145 0.124512
vt 0.795898 0.718506
vt 0.803711 0.708984
vt 0.134888 0.553955
vt 0.772461 0.860352
vt 0.786621 0.849365
vt 0.876953 0.862061
vt 0.866699 0.855469
vt 0.255127 0.812866
vt 0.664062 0.488770
vt 0.490967 0.274414
vt 0.832031 0.893250
vt 0.848145 0.894653
vt 0.726562 0.055664
vt 0.302979 0.244141
vt 0.669922 0.396973
vt 0.402100 0.711670
vt 0.979980 0.563721
vt 0.686523 0.880493
vt 0.831543 0.052734
vt 0.815918 0.068848
vt 0.487549 0.925964
vt 0.456299 0.574463
vt 0.458984 0.567383
vt 0.471191 0.584229
vt 0.461670 0.584717
vt 0.029343 0.128906
vt 0.012985 0.141113
vt 0.007702 0.128906
vt 0.006157 0.376465
vt 0.025375 0.370117
vt 0.021347 0.385254
vt 0.022324 0.653809
vt 0.011406 0.664062
vt 0.007328 0.650635
vt 0.278809 0.112793
vt 0.291992 0.101074
vt 0.937988 0.316406
vt 0.913574 0.332520
vt 0.518555 0.173340
vt 0.443115 0.412109
vt 0.825684 0.647461
vt 0.321045 0.633545
vt 0.324219 0.645264
vt 0.316162 0.647461
vt 0.996582 0.360352
vt 0.993652 0.365723
vt 0.113159 0.305176
vt 0.121887 0.296387
vt 0.260742 0.314453
vt 0.265869 0.310059
vt 0.267090 0.310547
vt 0.455322 0.032715
vt 0.446289 0.016602
vt 0.881348 0.856445
vt 0.446289 0.780762
vt 0.432373 0.806885
vt 0.573730 0.282227
vt 0.330322 0.228516
vt 0.833008 0.284180
vt 0.842773 0.270020
vt 0.193848 0.427246
vt 0.472656 0.619629
vt 0.284424 0.608643
vt 0.248657 0.522461
vt 0.583496 0.107910
vt 0.565918 0.095703
vt 0.056030 0.369141
vt 0.064392 0.382324
vt 0.822266 0.246094
vt 0.828613 0.232422
vt 0.834473 0.243164
vt 0.185425 0.904175
vt 0.459717 0.759155
vt 0.492432 0.263672
vt 0.462891 0.597900
vt 0.340576 0.057617
vt 0.713379 0.211914
vt 0.571777 0.405762
vt 0.273926 0.138184
vt 0.275879 0.161133
vt 0.093811 0.148926
vt 0.972168 0.218262
vt 0.575195 0.396973
vt 0.490723 0.166016
vt 0.024551 0.119629
vt 0.317627 0.669189
vt 0.011307 0.119629
vt 0.011108 0.114746
vt 0.838379 0.507080
vt 0.833496 0.496582
vt 0.793945 0.399414
vt 0.789062 0.414551
vt 0.141235 0.873047
vt 0.494629 0.564941
vt 0.570801 0.333008
vt 0.569824 0.340820
vt 0.083618 0.394043
vt 0.079468 0.508545
vt 0.941406 0.869385
vt 0.228394 0.468750
vt 0.588867 0.800781
vt 0.568359 0.807373
vt 0.571777 0.488281
vt 0.324707 0.094727
vt 0.322510 0.097656
vt 0.050690 0.725830
vt 0.011986 0.035645
vt 0.018494 0.031738
vt 0.547852 0.590820
vt 0.556152 0.586670
vt 0.074646 0.650635
vt 0.083923 0.641113
vt 0.233765 0.998269
vt 0.256592 0.987091
vt 0.253662 0.996941
vt 0.929688 0.825928
vt 0.526367 0.219727
vt 0.813965 0.646729
vt 0.337402 0.860229
vt 0.039948 0.396973
vt 0.702637 0.882507
vt 0.694336 0.877625
vt 0.919434 0.046875
vt 0.937988 0.045410
vt 0.300293 0.143066
vt 0.088745 0.043457
vt 0.943359 0.078125
vt 0.546387 0.968048
vt 0.904785 0.270020
vt 0.319092 0.113281
vt 0.317383 0.123047
vt 0.193115 0.305664
vt 0.454834 0.093262
vt 0.931152 0.241699
vt 0.391113 0.097168
vt 0.741211 0.155762
vt 0.725586 0.160645
vt 0.599609 0.909668
vt 0.608887 0.913635
vt 0.347900 0.396973
vt 0.767090 0.382812
vt 0.950684 0.134766
vt 0.402832 0.105957
vt 0.531250 0.577148
vt 0.195068 0.222168
vt 0.571289 0.854614
vt 0.054138 0.562012
vt 0.062439 0.568848
vt 0.048828 0.568848
vt 0.600586 0.327637
vt 0.944336 0.499512
vt 0.933105 0.500488
vt 0.687988 0.344238
vt 0.076172 0.620605
vt 0.552734 0.842529
vt 0.526855 0.125000
vt 0.525391 0.141113
vt 0.129883 0.847412
vt 0.411377 0.201172
vt 0.405273 0.180176
vt 0.383545 0.197266
vt 0.109863 0.211426
vt 0.602051 0.354492
vt 0.700195 0.487793
vt 0.498291 0.057617
vt 0.484131 0.047852
vt 0.895508 0.644531
vt 0.908691 0.636719
vt 0.910156 0.642090
vt 0.965820 0.451660
vt 0.972168 0.457520
vt 0.967285 0.463379
vt 0.308594 0.071289
vt 0.292725 0.067871
vt 0.300049 0.062988
vt 0.274170 0.746582
vt 0.319824 0.933411
vt 0.283447 0.877197
vt 0.077454 0.687012
vt 0.989746 0.005859
vt 0.991211 0.010742
vt 0.982910 0.009766
vt 0.663574 0.360840
vt 0.130615 0.803711
vt 0.981445 0.090820
vt 0.039551 0.339844
vt 0.814941 0.989128
vt 0.818359 0.986343
vt 0.262695 0.527832
vt 0.255859 0.521729
vt 0.266113 0.520996
vt 0.742188 0.813965
vt 0.742676 0.828857
vt 0.911621 0.511230
vt 0.914062 0.516602
vt 0.009041 0.282227
vt 0.015381 0.260254
vt 0.011734 0.283203
vt 0.820312 0.882141
vt 0.926758 0.347656
vt 0.232788 0.821045
vt 0.522461 0.453125
vt 0.714355 0.553711
vt 0.124634 0.079590
vt 0.124573 0.062988
vt 0.131836 0.072754
vt 0.318848 0.305176
vt 0.517090 0.379395
vt 0.529297 0.385254
vt 0.102905 0.457031
vt 0.099731 0.446777
vt 0.108337 0.450684
vt 0.539062 0.110840
vt 0.028412 0.197754
vt 0.022293 0.189941
vt 0.027435 0.186035
vt 0.772949 0.636475
vt 0.769531 0.647705
vt 0.277100 0.956177
vt 0.277588 0.961578
vt 0.612305 0.078613
vt 0.429443 0.207031
vt 0.607910 0.272461
vt 0.615234 0.270996
vt 0.195801 0.451660
vt 0.528809 0.674072
vt 0.527832 0.681641
vt 0.518066 0.680420
vt 0.916016 0.652832
vt 0.752930 0.611816
vt 0.748047 0.603271
vt 0.097229 0.614014
vt 0.082397 0.625000
vt 0.193481 0.440430
vt 0.521973 0.623779
vt 0.405029 0.681152
vt 0.413086 0.677979
vt 0.413574 0.683105
vt 0.098206 0.142578
vt 0.644531 0.999519
vt 0.572754 0.244629
vt 0.562988 0.241211
vt 0.343018 0.612061
vt 0.346191 0.629883
vt 0.477539 0.362793
vt 0.217896 0.357910
vt 0.275879 0.189941
vt 0.962402 0.169922
vt 0.952148 0.162598
vt 0.407227 0.765381
vt 0.478027 0.083496
vt 0.486328 0.077637
vt 0.484375 0.089355
vt 0.053925 0.575195
vt 0.068115 0.581543
vt 0.063660 0.585938
vt 0.210815 0.971207
vt 0.207397 0.972641
vt 0.180054 0.011230
vt 0.571777 0.316895
vt 0.955566 0.266113
vt 0.748535 0.027832
vt 0.797852 0.804565
vt 0.798828 0.815430
vt 0.111206 0.440918
vt 0.194702 0.536865
vt 0.608887 0.782227
vt 0.606934 0.790161
vt 0.614258 0.959869
vt 0.875977 0.746582
vt 0.862793 0.743896
vt 0.863281 0.741211
vt 0.939453 0.514648
vt 0.937500 0.515625
vt 0.766113 0.031738
vt 0.757324 0.030273
vt 0.605469 0.306641
vt 0.320557 0.087891
vt 0.325928 0.091797
vt 0.215942 0.716064
vt 0.227417 0.714600
vt 0.247314 0.974533
vt 0.170410 0.591309
vt 0.944336 0.422363
vt 0.950684 0.424316
vt 0.397217 0.056641
vt 0.013969 0.437500
vt 0.021500 0.442871
vt 0.006531 0.442871
vt 0.612305 0.729980
vt 0.192261 0.560791
vt 0.194702 0.547607
vt 0.196899 0.553223
vt 0.619629 0.211914
vt 0.629395 0.198730
vt 0.637695 0.265137
vt 0.519531 0.973938
vt 0.538086 0.967590
vt 0.544922 0.980042
vt 0.020264 0.502441
vt 0.092468 0.838623
vt 0.929199 0.939484
vt 0.926270 0.946716
vt 0.439453 0.520020
vt 0.756348 0.996807
vt 0.758789 0.988739
vt 0.738770 0.226562
vt 0.571777 0.952759
vt 0.582031 0.940887
vt 0.892578 0.107910
vt 0.100281 0.524414
vt 0.195068 0.238281
vt 0.198853 0.229004
vt 0.615723 0.372559
vt 0.617188 0.358398
vt 0.722168 0.671387
vt 0.712402 0.669678
vt 0.575684 0.551270
vt 0.560547 0.586670
vt 0.569336 0.558594
vt 0.502441 0.864868
vt 0.513184 0.875244
vt 0.639160 0.281738
vt 0.520508 0.143066
vt 0.528809 0.154785
vt 0.096863 0.165527
vt 0.089966 0.172363
vt 0.395752 0.518799
vt 0.500488 0.743896
vt 0.510742 0.740234
vt 0.443604 0.138184
vt 0.427002 0.143555
vt 0.558105 0.047852
vt 0.819824 0.574463
vt 0.807617 0.591064
vt 0.050293 0.014160
vt 0.247559 0.651855
vt 0.254639 0.471191
vt 0.384766 0.064453
vt 0.977051 0.078613
vt 0.663574 0.803711
vt 0.643555 0.803345
vt 0.864746 0.041992
vt 0.853516 0.054199
vt 0.936035 0.594238
vt 0.165649 0.963989
vt 0.177124 0.553467
vt 0.877930 0.400391
vt 0.876953 0.387695
vt 0.244629 0.947601
vt 0.110840 0.320312
vt 0.183472 0.255371
vt 0.310791 0.167480
vt 0.337646 0.958588
vt 0.818848 0.734863
vt 0.091614 0.990326
vt 0.087097 0.980164
vt 0.097900 0.987663
vt 0.969238 0.868042
vt 0.194336 0.677246
vt 0.808594 0.919861
vt 0.460449 0.993328
vt 0.086426 0.937500
vt 0.273926 0.031738
vt 0.279053 0.039062
vt 0.203613 0.132324
vt 0.852539 0.739258
vt 0.797852 0.673828
vt 0.628418 0.189453
vt 0.640137 0.195801
vt 0.370117 0.564697
vt 0.504883 0.358887
vt 0.131104 0.687500
vt 0.969238 0.389648
vt 0.039642 0.067871
vt 0.036163 0.078125
vt 0.912109 0.941956
vt 0.915527 0.945801
vt 0.728027 0.201660
vt 0.522949 0.212891
vt 0.521484 0.220703
vt 0.905273 0.169434
vt 0.037018 0.185547
vt 0.029739 0.202637
vt 0.306885 0.839844
vt 0.297363 0.304688
vt 0.278564 0.319824
vt 0.554688 0.146973
vt 0.989746 0.449707
vt 0.911133 0.315918
vt 0.906250 0.331543
vt 0.088257 0.179688
vt 0.379150 0.269043
vt 0.369629 0.266113
vt 0.517578 0.646240
vt 0.534180 0.636475
vt 0.167480 0.042480
vt 0.153442 0.040039
vt 0.910156 0.056641
vt 0.906250 0.048828
vt 0.872070 0.564453
vt 0.880859 0.562256
vt 0.727539 0.084961
vt 0.732422 0.081055
vt 0.886230 0.400879
vt 0.354004 0.043457
vt 0.166382 0.328613
vt 0.215088 0.856323
vt 0.436523 0.984070
vt 0.031799 0.209473
vt 0.012253 0.209473
vt 0.020966 0.197754
vt 0.525879 0.065430
vt 0.536621 0.073242
vt 0.245728 0.000000
vt 0.261230 0.000000
vt 0.253662 0.002441
vt 0.528809 0.551514
vt 0.827637 0.572754
vt 0.822754 0.570312
vt 0.049164 0.467773
vt 0.913086 0.896240
vt 0.917480 0.886353
vt 0.110107 0.447754
vt 0.096008 0.443848
vt 0.558105 0.428711
vt 0.570312 0.431641
vt 0.874512 0.034180
vt 0.016098 0.552002
vt 0.008713 0.550781
vt 0.006702 0.545654
vt 0.557129 0.770020
vt 0.895020 0.442871
vt 0.643066 0.088379
vt 0.068542 0.208496
vt 0.725586 0.812500
vt 0.712402 0.799194
vt 0.204590 0.920471
vt 0.319336 0.103516
vt 0.308105 0.106934
vt 0.300293 0.101562
vt 0.269775 0.277344
vt 0.262695 0.274902
vt 0.924316 0.737549
vt 0.911621 0.745605
vt 0.729492 0.173340
vt 0.930176 0.694092
vt 0.944824 0.693848
vt 0.646973 0.077148
vt 0.876953 0.506348
vt 0.372559 0.033203
vt 0.369141 0.022949
vt 0.306641 0.073730
vt 0.451660 0.474121
vt 0.924805 0.145508
vt 0.606445 0.492188
vt 0.624512 0.488770
vt 0.613770 0.496094
vt 0.942383 0.005371
vt 0.928711 0.008789
vt 0.920898 0.004395
vt 0.195557 0.410156
vt 0.994629 0.672363
vt 0.103088 0.845825
vt 0.312988 0.711670
vt 0.825195 0.980850
vt 0.844238 0.987679
vt 0.448975 0.518555
vt 0.452637 0.513916
vt 0.447754 0.869385
vt 0.869141 0.727783
vt 0.166748 0.476562
vt 0.176514 0.482910
vt 0.159424 0.482910
vt 0.860352 0.475098
vt 0.861816 0.959290
vt 0.967773 0.383301
vt 0.974121 0.372070
vt 0.881836 0.555664
vt 0.665039 0.273438
vt 0.521973 0.481934
vt 0.985352 0.641846
vt 0.306152 0.085938
vt 0.781250 0.085449
vt 0.776855 0.094238
vt 0.769531 0.083984
vt 0.677734 0.117188
vt 0.424072 0.780640
vt 0.430664 0.779663
vt 0.803223 0.136719
vt 0.822754 0.682617
vt 0.841309 0.192871
vt 0.575195 0.087402
vt 0.055115 0.849243
vt 0.846680 0.826050
vt 0.198120 0.063477
vt 0.208984 0.063477
vt 0.198364 0.071777
vt 0.534180 0.115234
vt 0.533203 0.136230
vt 0.139526 0.794189
vt 0.132812 0.770752
vt 0.766113 0.950073
vt 0.764648 0.945374
vt 0.215332 0.054688
vt 0.845215 0.799072
vt 0.846191 0.811279
vt 0.839844 0.810425
vt 0.927246 0.622559
vt 0.069458 0.195312
vt 0.307861 0.448730
vt 0.676270 0.682373
vt 0.727539 0.881897
vt 0.716797 0.130371
vt 0.731934 0.133789
vt 0.760742 0.910156
vt 0.111084 0.062500
vt 0.123901 0.043945
vt 0.733398 0.658936
vt 0.133301 0.084473
vt 0.148682 0.090332
vt 0.682129 0.869263
vt 0.318848 0.399902
vt 0.316406 0.419922
vt 0.008957 0.031250
vt 0.723633 0.666260
vt 0.971680 0.905518
vt 0.973145 0.899475
vt 0.221558 0.641846
vt 0.226196 0.637939
vt 0.089050 0.816528
vt 0.085571 0.817627
vt 0.675293 0.667480
vt 0.154907 0.743652
vt 0.158936 0.756226
vt 0.145996 0.754395
vt 0.207886 0.313965
vt 0.920898 0.189453
vt 0.803223 0.009766
vt 0.811523 0.018555
vt 0.800781 0.019531
vt 0.282471 0.058105
vt 0.287598 0.053223
vt 0.361816 0.684570
vt 0.362793 0.689941
vt 0.908203 0.458008
vt 0.226196 0.614990
vt 0.892578 0.436523
vt 0.873047 0.442871
vt 0.868652 0.201660
vt 0.620117 0.600342
vt 0.192993 0.621338
vt 0.464111 0.605957
vt 0.455078 0.617188
vt 0.692871 0.924744
vt 0.706543 0.933167
vt 0.357666 0.245605
vt 0.354492 0.251465
vt 0.944336 0.069336
vt 0.735352 0.780640
vt 0.714844 0.757202
vt 0.903320 0.504639
vt 0.312256 0.125000
vt 0.120972 0.824097
vt 0.287354 0.042480
vt 0.281738 0.048340
vt 0.946777 0.567627
vt 0.953125 0.548096
vt 0.010178 0.067871
vt 0.013016 0.062500
vt 0.767578 0.974503
vt 0.770020 0.980469
vt 0.285156 0.034180
vt 0.313721 0.131348
vt 0.204102 0.729736
vt 0.422363 0.274902
vt 0.954102 0.468750
vt 0.958984 0.465820
vt 0.652832 0.364746
vt 0.838867 0.723145
vt 0.100281 0.890686
vt 0.837402 0.043457
vt 0.816895 0.046387
vt 0.541016 0.905579
vt 0.542480 0.912048
vt 0.530273 0.909180
vt 0.316406 0.883850
vt 0.932617 0.066895
vt 0.143677 0.426270
vt 0.187988 0.715576
vt 0.475830 0.569092
vt 0.479248 0.569580
vt 0.570801 0.238281
vt 0.979004 0.752075
vt 0.990723 0.739502
vt 0.312500 0.068848
vt 0.813965 0.881714
vt 0.475342 0.904053
vt 0.468994 0.924194
vt 0.465820 0.916565
vt 0.892578 0.929321
vt 0.882324 0.921021
vt 0.893555 0.915100
vt 0.884766 0.974670
vt 0.474854 0.678955
vt 0.435059 0.333008
vt 0.093933 0.034668
vt 0.092957 0.022949
vt 0.621094 0.063965
vt 0.818848 0.567383
vt 0.809570 0.575439
vt 0.076172 0.465332
vt 0.077576 0.458984
vt 0.084595 0.462402
vt 0.596191 0.457031
vt 0.437500 0.792114
vt 0.430664 0.801025
vt 0.346924 0.837646
vt 0.627930 0.977280
vt 0.633301 0.982788
vt 0.414795 0.660889
vt 0.421631 0.655029
vt 0.219604 0.639893
vt 0.808105 0.195801
vt 0.942871 0.641602
vt 0.648926 0.195801
vt 0.645996 0.182617
vt 0.986816 0.660889
vt 0.099731 0.566650
vt 0.447021 0.630127
vt 0.645996 0.390137
vt 0.652344 0.382812
vt 0.570312 0.798462
vt 0.751465 0.183105
vt 0.646484 0.761719
vt 0.645020 0.768066
vt 0.646973 0.506104
vt 0.646973 0.512939
vt 0.630371 0.895508
vt 0.122986 0.241211
vt 0.819336 0.875305
vt 0.834473 0.872925
vt 0.010094 0.602295
vt 0.024948 0.613037
vt 0.010681 0.612549
vt 0.277344 0.264648
vt 0.685059 0.096191
vt 0.168091 0.344727
vt 0.024002 0.087891
vt 0.217529 0.390137
vt 0.531250 0.052734
vt 0.820312 0.910950
vt 0.470215 0.955322
vt 0.251709 0.642822
vt 0.260254 0.635010
vt 0.714355 0.837891
vt 0.854004 0.395020
vt 0.864258 0.386719
vt 0.827148 0.929138
vt 0.093628 0.138184
vt 0.111389 0.137695
vt 0.565430 0.894043
vt 0.507324 0.728027
vt 0.824707 0.773438
vt 0.427246 0.949097
vt 0.901367 0.127441
vt 0.910156 0.498535
vt 0.171387 0.047363
vt 0.741699 0.102051
vt 0.730957 0.090820
vt 0.479980 0.988228
vt 0.474365 0.499512
vt 0.417969 0.439941
vt 0.929199 0.679688
vt 0.704102 0.188477
vt 0.882324 0.265137
vt 0.891602 0.258789
vt 0.672852 0.103027
vt 0.658691 0.093750
vt 0.342529 0.789062
vt 0.430908 0.219238
vt 0.869629 0.725830
vt 0.294189 0.888062
vt 0.322754 0.890442
vt 0.659668 0.117188
vt 0.741211 0.005859
vt 0.741211 0.023926
vt 0.721680 0.013184
vt 0.362549 0.067871
vt 0.971680 0.934814
vt 0.541504 0.140625
vt 0.424316 0.461914
vt 0.412354 0.450195
vt 0.263428 0.261719
vt 0.172974 0.196289
vt 0.399658 0.059082
vt 0.855469 0.690674
vt 0.845703 0.704346
vt 0.841309 0.687744
vt 0.579102 0.856567
vt 0.885742 0.916931
vt 0.561035 0.342773
vt 0.439697 0.717041
vt 0.686523 0.494141
vt 0.770020 0.950867
vt 0.784180 0.958160
vt 0.881836 0.258301
vt 0.889160 0.254395
vt 0.112610 0.710693
vt 0.088074 0.540283
vt 0.951660 0.367676
vt 0.837402 0.130859
vt 0.913574 0.490723
vt 0.156128 0.977905
vt 0.150024 0.987747
vt 0.143677 0.975281
vt 0.193848 0.249512
vt 0.177979 0.299805
vt 0.756348 0.724854
vt 0.877930 0.113281
vt 0.855957 0.111816
vt 0.586426 0.881775
vt 0.883789 0.122559
vt 0.376221 0.885315
vt 0.940918 0.173340
vt 0.946289 0.176270
vt 0.851074 0.826782
vt 0.599121 0.798218
vt 0.269287 0.838501
vt 0.287598 0.832886
vt 0.722168 0.832275
vt 0.616211 0.195801
vt 0.302979 0.927979
vt 0.311035 0.932007
vt 0.641113 0.009766
vt 0.641113 0.031738
vt 0.633301 0.010254
vt 0.257812 0.604492
vt 0.405273 0.112793
vt 0.925781 0.166992
vt 0.745605 0.512451
vt 0.562988 0.906311
vt 0.172363 0.989845
vt 0.160400 0.376953
vt 0.601562 0.205078
vt 0.462402 0.365723
vt 0.452637 0.365723
vt 0.137573 0.874634
vt 0.887207 0.564209
vt 0.782227 0.427246
vt 0.358398 0.125977
vt 0.670410 0.165039
vt 0.839355 0.942596
vt 0.587402 0.322266
vt 0.960449 0.469727
vt 0.157715 0.522705
vt 0.160767 0.506104
vt 0.163330 0.501465
vt 0.203979 0.239258
vt 0.425781 0.016113
vt 0.412598 0.026367
vt 0.314941 0.927063
vt 0.140869 0.538818
vt 0.891602 0.866577
vt 0.891113 0.855591
vt 0.358643 0.200684
vt 0.569336 0.104980
vt 0.873535 0.272461
vt 0.063599 0.258789
vt 0.049561 0.270020
vt 0.210449 0.503418
vt 0.812988 0.986191
vt 0.085815 0.975266
vt 0.738770 0.215820
vt 0.177490 0.238281
vt 0.381592 0.825684
vt 0.956055 0.354980
vt 0.979980 0.646484
vt 0.980469 0.629150
vt 0.515137 0.448242
vt 0.121155 0.611816
vt 0.809082 0.125488
vt 0.835449 0.708984
vt 0.832520 0.706299
vt 0.841797 0.704834
vt 0.293457 0.276855
vt 0.284424 0.298340
vt 0.063782 0.756714
vt 0.062744 0.742676
vt 0.407715 0.830078
vt 0.277588 0.127930
vt 0.041077 0.157715
vt 0.004574 0.529053
vt 0.012535 0.523193
vt 0.012939 0.531250
vt 0.712891 0.083496
vt 0.675781 0.859985
vt 0.699707 0.878601
vt 0.679688 0.865356
vt 0.368896 0.711670
vt 0.662598 0.993263
vt 0.340332 0.600098
vt 0.270508 0.316895
vt 0.253418 0.022949
vt 0.252930 0.009277
vt 0.257324 0.026367
vt 0.668457 0.798706
vt 0.361084 0.772217
vt 0.360596 0.780273
vt 0.531738 0.461426
vt 0.874512 0.117676
vt 0.652344 0.774780
vt 0.933594 0.260254
vt 0.575684 0.115723
vt 0.228149 0.627197
vt 0.434082 0.684326
vt 0.903809 0.904846
vt 0.861328 0.416504
vt 0.858398 0.425293
vt 0.244873 0.365723
vt 0.579102 0.958069
vt 0.591797 0.947479
vt 0.610840 0.150879
vt 0.383789 0.392090
vt 0.210571 0.037109
vt 0.208130 0.057129
vt 0.822754 0.772095
vt 0.953613 0.750122
vt 0.769043 0.962738
vt 0.756348 0.893005
vt 0.968750 0.907898
vt 0.746094 0.200684
vt 0.236328 0.195801
vt 0.896973 0.740723
vt 0.245850 0.699219
vt 0.206177 0.479492
vt 0.433838 0.087402
vt 0.719727 0.243652
vt 0.730469 0.249023
vt 0.730957 0.253418
vt 0.607910 0.662842
vt 0.618164 0.675293
vt 0.639648 0.769775
vt 0.808105 0.647949
vt 0.504395 0.763062
vt 0.086426 0.569092
vt 0.903809 0.592041
vt 0.812012 0.668701
vt 0.319092 0.074219
vt 0.314941 0.081543
vt 0.311279 0.074219
vt 0.813477 0.780151
vt 0.399414 0.243164
vt 0.144775 0.029785
vt 0.155518 0.011230
vt 0.163574 0.031738
vt 0.149170 0.005371
vt 0.940430 0.839966
vt 0.944336 0.830811
vt 0.599121 0.065918
vt 0.943359 0.453613
vt 0.901855 0.608643
vt 0.230469 0.107910
vt 0.014961 0.864258
vt 0.835449 0.915466
vt 0.455566 0.067871
vt 0.460938 0.058594
vt 0.039062 0.310059
vt 0.035645 0.291992
vt 0.364746 0.431641
vt 0.264648 0.860474
vt 0.743164 0.094238
vt 0.440918 0.307129
vt 0.063354 0.877808
vt 0.257812 0.825439
vt 0.079956 0.046387
vt 0.109070 0.359375
vt 0.262451 0.226074
vt 0.745117 0.983810
vt 0.967773 0.804321
vt 0.269043 0.822266
vt 0.515625 0.642334
vt 0.241699 0.166504
vt 0.880371 0.688965
vt 0.530762 0.864014
vt 0.336182 0.904236
vt 0.341309 0.904663
vt 0.188843 0.200195
vt 0.334717 0.609131
vt 0.219727 0.073730
vt 0.104065 0.630127
vt 0.105835 0.648682
vt 0.864258 0.551758
vt 0.872070 0.550537
vt 0.698730 0.918823
vt 0.596191 0.872559
vt 0.606934 0.860107
vt 0.071289 0.872803
vt 0.930176 0.791626
vt 0.471680 0.713623
vt 0.620117 0.991837
vt 0.621094 0.969894
vt 0.920898 0.205078
vt 0.392822 0.286133
vt 0.844238 0.945740
vt 0.923828 0.561768
vt 0.240601 0.984703
vt 0.111572 0.570312
vt 0.959473 0.127930
vt 0.846680 0.524170
vt 0.240601 0.213867
vt 0.236450 0.207031
vt 0.766113 0.009766
vt 0.748047 0.004883
vt 0.764648 0.004395
vt 0.288086 0.818359
vt 0.868652 0.734131
vt 0.340576 0.784180
vt 0.361572 0.787964
vt 0.352051 0.791870
vt 0.757812 0.860352
vt 0.930664 0.350098
vt 0.064087 0.813110
vt 0.771973 0.819702
vt 0.145264 0.039062
vt 0.147461 0.034180
vt 0.702148 0.960510
vt 0.395264 0.191895
vt 0.398682 0.196777
vt 0.076660 0.451660
vt 0.905762 0.219727
vt 0.076416 0.745605
vt 0.357178 0.830444
vt 0.415283 0.998192
vt 0.416992 0.990326
vt 0.423584 0.999773
vt 0.247192 0.022949
vt 0.289795 0.108887
vt 0.285156 0.119629
vt 0.109192 0.664307
vt 0.503418 0.780273
vt 0.834473 0.859253
vt 0.643555 0.213867
vt 0.913574 0.256348
vt 0.161743 0.383789
vt 0.670410 0.281738
vt 0.496826 0.877808
vt 0.131226 0.204102
vt 0.725586 0.648926
vt 0.083191 0.953705
vt 0.745605 0.500244
vt 0.736816 0.493164
vt 0.196899 0.494141
vt 0.201660 0.506836
vt 0.899902 0.135254
vt 0.902344 0.135254
vt 0.901855 0.140137
vt 0.068481 0.711914
vt 0.978516 0.900513
vt 0.111816 0.160645
vt 0.895508 0.355957
vt 0.886719 0.350098
vt 0.108643 0.175781
vt 0.718750 0.623535
vt 0.854004 0.412598
vt 0.325195 0.316895
vt 0.318848 0.698486
vt 0.336670 0.692383
vt 0.977539 0.375977
vt 0.977051 0.365234
vt 0.998047 0.376953
vt 0.433594 0.113770
vt 0.783691 0.088867
vt 0.799316 0.072754
vt 0.134766 0.067383
vt 0.145142 0.052734
vt 0.089600 0.486816
vt 0.691406 0.142090
vt 0.691406 0.153809
vt 0.486816 0.066895
vt 0.492188 0.066895
vt 0.868164 0.042969
vt 0.876465 0.038574
vt 0.563477 0.835571
vt 0.811035 0.983627
vt 0.745605 0.856445
vt 0.531250 0.848389
vt 0.986816 0.330078
vt 0.991211 0.331543
vt 0.976562 0.341797
vt 0.139771 0.235840
vt 0.154175 0.237305
vt 0.697266 0.250977
vt 0.688477 0.247559
vt 0.580566 0.806641
vt 0.358154 0.407715
vt 0.359131 0.392578
vt 0.136475 0.182617
vt 0.067139 0.404785
vt 0.831543 0.503906
vt 0.314697 0.083984
vt 0.254395 0.049805
vt 0.575684 0.894714
vt 0.405029 0.957642
vt 0.407471 0.947906
vt 0.314697 0.750977
vt 0.935059 0.062500
vt 0.945801 0.066406
vt 0.541504 0.093262
vt 0.541992 0.098633
vt 0.224731 0.511475
vt 0.235107 0.504639
vt 0.106018 0.597656
vt 0.110718 0.604980
vt 0.100647 0.606934
vt 0.194824 0.042969
vt 0.575684 0.318359
vt 0.473633 0.244141
vt 0.472168 0.257812
vt 0.509277 0.479004
vt 0.509766 0.495117
vt 0.365479 0.296875
vt 0.112610 0.697266
vt 0.422852 0.133789
vt 0.414062 0.224121
vt 0.882324 0.695312
vt 0.874023 0.697754
vt 0.870117 0.695068
vt 0.535156 0.006836
vt 0.538574 0.013184
vt 0.788574 0.780151
vt 0.787109 0.786865
vt 0.002180 0.955627
vt 0.365234 0.691162
vt 0.471191 0.494141
vt 0.896973 0.239746
vt 0.830078 0.853271
vt 0.833984 0.870728
vt 0.827148 0.866333
vt 0.866699 0.848267
vt 0.854004 0.845215
vt 0.859863 0.829590
vt 0.065979 0.721924
vt 0.088867 0.462891
vt 0.091553 0.459473
vt 0.811035 0.881958
vt 0.803223 0.885559
vt 0.684082 0.158203
vt 0.929199 0.482422
vt 0.536621 0.686035
vt 0.910156 0.770508
vt 0.130981 0.365234
vt 0.417480 0.558594
vt 0.191406 0.700928
vt 0.214600 0.907410
vt 0.221558 0.913269
vt 0.225098 0.918579
vt 0.064758 0.185547
vt 0.989258 0.190430
vt 0.056335 0.314941
vt 0.750977 0.495117
vt 0.355469 0.678955
vt 0.151123 0.483887
vt 0.217285 0.048340
vt 0.114685 0.110840
vt 0.133057 0.110352
vt 0.199951 0.789673
vt 0.192505 0.788208
vt 0.984863 0.198730
vt 0.396729 0.832886
vt 0.019089 0.784058
vt 0.013535 0.785889
vt 0.897949 0.298340
vt 0.273438 0.341797
vt 0.913574 0.874756
vt 0.923828 0.859497
vt 0.928223 0.867310
vt 0.884277 0.527100
vt 0.578613 0.344238
vt 0.729980 0.861572
vt 0.625000 0.999924
vt 0.017303 0.564697
vt 0.017303 0.581299
vt 0.006226 0.569336
vt 0.352051 0.913757
vt 0.355225 0.907654
vt 0.301025 0.770630
vt 0.294434 0.182129
vt 0.306641 0.175781
vt 0.485352 0.679443
vt 0.952148 0.517334
vt 0.869629 0.399414
vt 0.895996 0.039062
vt 0.910156 0.041016
vt 0.753418 0.153320
vt 0.833008 0.951385
vt 0.989258 0.112305
vt 0.874023 0.015625
vt 0.830566 0.672363
vt 0.951660 0.891113
vt 0.984863 0.713135
vt 0.985840 0.703369
vt 0.949707 0.668213
vt 0.946289 0.682129
vt 0.031769 0.327637
vt 0.685547 0.592773
vt 0.647949 0.434570
vt 0.904297 0.101562
vt 0.317139 0.452637
vt 0.320312 0.455078
vt 0.005634 0.684570
vt 0.009468 0.688965
vt 0.077698 0.183105
vt 0.089050 0.181641
vt 0.075439 0.298828
vt 0.928711 0.641846
vt 0.042847 0.734619
vt 0.043335 0.725586
vt 0.306152 0.297363
vt 0.062500 0.862671
vt 0.743164 0.030762
vt 0.753418 0.978745
vt 0.661133 0.290527
vt 0.657715 0.284180
vt 0.156982 0.865723
vt 0.052795 0.531982
vt 0.047699 0.541504
vt 0.206665 0.032227
vt 0.042633 0.543213
vt 0.526855 0.310547
vt 0.151978 0.309570
vt 0.617188 0.817993
vt 0.218262 0.318359
vt 0.033051 0.492676
vt 0.923828 0.626465
vt 0.114380 0.993439
vt 0.143433 0.831665
vt 0.314697 0.737793
vt 0.313232 0.729004
vt 0.785645 0.378906
vt 0.797852 0.386230
vt 0.801270 0.466797
vt 0.197754 0.405273
vt 0.497070 0.221191
vt 0.493408 0.226562
vt 0.957031 0.206543
vt 0.941406 0.198730
vt 0.590820 0.049316
vt 0.579590 0.037598
vt 0.595703 0.028809
vt 0.092468 0.587891
vt 0.070068 0.059570
vt 0.076355 0.068359
vt 0.887695 0.587646
vt 0.885742 0.579590
vt 0.895996 0.589355
vt 0.313965 0.108887
vt 0.813965 0.029297
vt 0.915527 0.880249
vt 0.190430 0.437012
vt 0.579102 0.762573
vt 0.404785 0.877869
vt 0.650879 0.093262
vt 0.635254 0.085938
vt 0.624512 0.092773
vt 0.951172 0.597656
vt 0.750488 0.883789
vt 0.423584 0.838135
vt 0.676758 0.224121
vt 0.589844 0.759521
vt 0.602539 0.750366
vt 0.845703 0.613281
vt 0.849121 0.626709
vt 0.843750 0.631104
vt 0.059143 0.511230
vt 0.340088 0.261719
vt 0.382568 0.765259
vt 0.121765 0.309570
vt 0.099243 0.312988
vt 0.688477 0.239258
vt 0.908691 0.627930
vt 0.460449 0.498047
vt 0.453369 0.485840
vt 0.451904 0.771729
vt 0.063232 0.242676
vt 0.869141 0.715088
vt 0.878906 0.710449
vt 0.291748 0.193848
vt 0.283936 0.209473
vt 0.988770 0.664795
vt 0.595703 0.305664
vt 0.604980 0.302246
vt 0.967285 0.599121
vt 0.976074 0.594727
vt 0.428955 0.518066
vt 0.739258 0.438477
vt 0.357666 0.687012
vt 0.400635 0.919678
vt 0.389404 0.906372
vt 0.565430 0.280273
vt 0.418457 0.316406
vt 0.971191 0.603271
vt 0.979492 0.613037
vt 0.304932 0.415527
vt 0.252686 0.956207
vt 0.273682 0.947144
vt 0.306396 0.133301
vt 0.327393 0.310059
vt 0.816406 0.232422
vt 0.634277 0.382812
vt 0.691406 0.834229
vt 0.698242 0.848267
vt 0.109314 0.897278
vt 0.885254 0.134766
vt 0.230957 0.951660
vt 0.599609 0.626465
vt 0.698730 0.157715
vt 0.107788 0.722168
vt 0.181030 0.603516
vt 0.427490 0.113281
vt 0.751953 0.553467
vt 0.967285 0.839355
vt 0.035583 0.159668
vt 0.035583 0.154297
vt 0.685059 0.702393
vt 0.986328 0.811035
vt 0.987305 0.773193
vt 0.989746 0.774292
vt 0.452881 0.542725
vt 0.455322 0.526123
vt 0.322021 0.354492
vt 0.974121 0.670898
vt 0.977539 0.634277
vt 0.978516 0.677490
vt 0.796387 0.010254
vt 0.936035 0.804810
vt 0.414795 0.923035
vt 0.005627 0.704834
vt 0.812988 0.905273
vt 0.047028 0.598877
vt 0.240723 0.760254
vt 0.248657 0.757812
vt 0.017426 0.635742
vt 0.772461 0.213379
vt 0.923340 0.172852
vt 0.256592 0.151855
vt 0.444336 0.515869
vt 0.951172 0.703857
vt 0.800781 0.004395
vt 0.790039 0.006348
vt 0.658203 0.234375
vt 0.014679 0.110352
vt 0.010582 0.111328
vt 0.094238 0.453613
vt 0.980957 0.427734
vt 0.993652 0.420410
vt 0.991211 0.426270
vt 0.002131 0.557861
vt 0.793945 0.379395
vt 0.918945 0.059082
vt 0.968750 0.425293
vt 0.193970 0.375488
vt 0.192261 0.356934
vt 0.701172 0.039062
vt 0.720215 0.038086
vt 0.836914 0.158203
vt 0.835938 0.177246
vt 0.709961 0.019531
vt 0.696777 0.012207
vt 0.682129 0.005371
vt 0.677734 0.845947
vt 0.559570 0.993473
vt 0.791992 0.050781
vt 0.031830 0.145508
vt 0.924316 0.449707
vt 0.448242 0.499512
vt 0.012604 0.367676
vt 0.005123 0.344727
vt 0.037415 0.340332
vt 0.995117 0.954315
vt 0.976074 0.954315
vt 0.994629 0.938080
vt 0.923340 0.691162
vt 0.937012 0.684326
vt 0.944824 0.685547
vt 0.896973 0.084473
vt 0.277344 0.088379
vt 0.545898 0.829468
vt 0.557617 0.825195
vt 0.526367 0.298340
vt 0.529297 0.289062
vt 0.416260 0.899109
vt 0.074280 0.099609
vt 0.071716 0.107910
vt 0.679199 0.509521
vt 0.903320 0.376953
vt 0.565918 0.973541
vt 0.023392 0.546875
vt 0.859863 0.861572
vt 0.158447 0.498047
vt 0.264648 0.888733
vt 0.250977 0.909363
vt 0.232300 0.907532
vt 0.992676 0.661377
vt 0.953125 0.452148
vt 0.961426 0.452637
vt 0.195923 0.391113
vt 0.154541 0.356445
vt 0.211548 0.957855
vt 0.869629 0.610352
vt 0.965820 0.432617
vt 0.975098 0.564209
vt 0.316895 0.621094
vt 0.205566 0.967773
vt 0.201538 0.991890
vt 0.199707 0.972733
vt 0.625488 0.072266
vt 0.221924 0.470703
vt 0.226929 0.483887
vt 0.894531 0.706299
vt 0.842773 0.349121
vt 0.046844 0.426270
vt 0.035522 0.512451
vt 0.482666 0.978638
vt 0.486328 0.988213
vt 0.554688 0.890015
vt 0.551758 0.896301
vt 0.195557 0.565186
vt 0.701172 0.555420
vt 0.460205 0.157227
vt 0.039551 0.391113
vt 0.347900 0.059570
vt 0.018600 0.078125
vt 0.402100 0.200684
vt 0.583984 0.982910
vt 0.787109 0.984375
vt 0.966797 0.813477
vt 0.345703 0.973022
vt 0.336426 0.966919
vt 0.673828 0.037598
vt 0.675293 0.032227
vt 0.917969 0.377441
vt 0.727051 0.421387
vt 0.919434 0.758667
vt 0.730469 0.840942
vt 0.711426 0.848022
vt 0.965332 0.275879
vt 0.950684 0.774048
vt 0.760254 0.797607
vt 0.750000 0.785645
vt 0.324951 0.430664
vt 0.304932 0.441406
vt 0.677734 0.738525
vt 0.452148 0.908691
vt 0.543457 0.800781
vt 0.538574 0.800781
vt 0.390137 0.977554
vt 0.593750 0.473633
vt 0.968262 0.731201
vt 0.307617 0.145996
vt 0.456787 0.818237
vt 0.558105 0.420410
vt 0.227905 0.632324
vt 0.925781 0.588379
vt 0.918457 0.581543
vt 0.516602 0.469727
vt 0.513672 0.475098
vt 0.614746 0.310059
vt 0.493652 0.873901
vt 0.047516 0.460938
vt 0.014030 0.460938
vt 0.041382 0.453125
vt 0.870117 0.246094
vt 0.680176 0.075684
vt 0.449707 0.125977
vt 0.482910 0.075684
vt 0.111267 0.827759
vt 0.341797 0.218750
vt 0.047394 0.594971
vt 0.260010 0.097656
vt 0.252930 0.091797
vt 0.252686 0.087402
vt 0.348389 0.038574
vt 0.130737 0.674561
vt 0.828613 0.248047
vt 0.554199 0.301270
vt 0.338135 0.553467
vt 0.001649 0.583252
vt 0.007008 0.575928
vt 0.014366 0.583252
vt 0.942383 0.929932
vt 0.928711 0.911865
vt 0.982910 0.769043
vt 0.813477 0.610352
vt 0.133057 0.805176
vt 0.414307 0.924988
vt 0.723633 0.940002
vt 0.282227 0.525146
vt 0.852051 0.439453
vt 0.871582 0.352539
vt 0.031921 0.463867
vt 0.630371 0.232422
vt 0.048431 0.487305
vt 0.044952 0.498047
vt 0.660156 0.848633
vt 0.359863 0.676270
vt 0.363037 0.675781
vt 0.927734 0.624756
vt 0.410400 0.580566
vt 0.681641 0.410645
vt 0.275391 0.050781
vt 0.012833 0.801392
vt 0.014977 0.811279
vt 0.009926 0.809814
vt 0.219238 0.473633
vt 0.283691 0.301758
vt 0.285645 0.309570
vt 0.530762 0.342285
vt 0.523926 0.362305
vt 0.521973 0.340820
vt 0.557129 0.675781
vt 0.439453 0.759155
vt 0.485352 0.963623
vt 0.960938 0.118652
vt 0.583984 0.071289
vt 0.301270 0.259277
vt 0.138062 0.693359
vt 0.134766 0.108398
vt 0.404541 0.987404
vt 0.082886 0.982910
vt 0.884766 0.024902
vt 0.889160 0.028320
vt 0.879395 0.028809
vt 0.666504 0.987297
vt 0.661621 0.971329
vt 0.321045 0.083008
vt 0.123474 0.939758
vt 0.724121 0.786987
vt 0.700195 0.182129
vt 0.938965 0.956818
vt 0.131592 0.416016
vt 0.128662 0.416504
vt 0.095764 0.115234
vt 0.094238 0.110840
vt 0.718750 0.300293
vt 0.605469 0.726318
vt 0.599121 0.717529
vt 0.137573 0.447754
vt 0.148193 0.449219
vt 0.548828 0.729492
vt 0.206299 0.699707
vt 0.208130 0.710693
vt 0.896484 0.429199
vt 0.065308 0.107910
vt 0.793457 0.669189
vt 0.501465 0.495117
vt 0.010139 0.780884
vt 0.011459 0.783325
vt 0.009598 0.786621
vt 0.775879 0.343262
vt 0.781738 0.335449
vt 0.759766 0.342773
vt 0.469727 0.828613
vt 0.128418 0.484863
vt 0.880371 0.131836
vt 0.872070 0.450195
vt 0.529297 0.738281
vt 0.424805 0.673096
vt 0.423340 0.668701
vt 0.638672 0.482422
vt 0.637207 0.478516
vt 0.207886 0.782837
vt 0.318115 0.150879
vt 0.980469 0.377441
vt 0.885254 0.037109
vt 0.380127 0.927307
vt 0.630859 0.491211
vt 0.391846 0.405762
vt 0.217407 0.167480
vt 0.213989 0.178223
vt 0.707031 0.913757
vt 0.699707 0.344727
vt 0.683594 0.103027
vt 0.809570 0.623291
vt 0.910156 0.172852
vt 0.111633 0.013184
vt 0.097595 0.009277
vt 0.097656 0.004395
vt 0.577148 0.312012
vt 0.515625 0.693115
vt 0.371338 0.998963
vt 0.172119 0.895081
vt 0.240479 0.076172
vt 0.411621 0.433594
vt 0.132812 0.593262
vt 0.541504 0.005859
vt 0.736328 0.400879
vt 0.385986 0.006836
vt 0.381592 0.008301
vt 0.692871 0.395996
vt 0.835449 0.223633
vt 0.505371 0.029785
vt 0.511230 0.019043
vt 0.526855 0.026855
vt 0.366455 0.436523
vt 0.468506 0.264648
vt 0.355225 0.025879
vt 0.357422 0.025391
vt 0.580566 0.894104
vt 0.016357 0.886353
vt 0.000663 0.886353
vt 0.010201 0.874390
vt 0.989746 0.395508
vt 0.137085 0.397461
vt 0.125854 0.390625
vt 0.143188 0.388672
vt 0.965332 0.058105
vt 0.972168 0.062500
vt 0.963867 0.062500
vt 0.451660 0.090332
vt 0.739746 0.585938
vt 0.734375 0.563477
vt 0.297852 0.595703
vt 0.027283 0.750122
vt 0.416016 0.541992
vt 0.409668 0.571045
vt 0.890625 0.666748
vt 0.769531 0.477051
vt 0.519531 0.638428
vt 0.093506 0.820190
vt 0.963867 0.503906
vt 0.413818 0.785278
vt 0.411621 0.882202
vt 0.411621 0.876404
vt 0.723633 0.995697
vt 0.417480 0.637207
vt 0.077026 0.078613
vt 0.106201 0.865234
vt 0.446289 0.635498
vt 0.422852 0.543945
vt 0.965332 0.760742
vt 0.425781 0.529053
vt 0.543945 0.897827
vt 0.072815 0.752930
vt 0.773926 0.023438
vt 0.003723 0.493164
vt 0.429443 0.456055
vt 0.011665 0.670654
vt 0.830566 0.143066
vt 0.285645 0.742920
vt 0.831543 0.401367
vt 0.837402 0.405762
vt 0.378418 0.065430
vt 0.371826 0.063477
vt 0.392578 0.185059
vt 0.717773 0.874634
vt 0.701172 0.869141
vt 0.496094 0.867920
vt 0.067200 0.675049
vt 0.073242 0.687256
vt 0.430176 0.674072
vt 0.726074 0.031250
vt 0.722656 0.034180
vt 0.724121 0.030273
vt 0.029922 0.611572
vt 0.965820 0.424805
vt 0.090210 0.146973
vt 0.086548 0.156738
vt 0.989258 0.904846
vt 0.966797 0.183594
vt 0.312012 0.846069
vt 0.361816 0.923950
vt 0.830566 0.995274
vt 0.623535 0.890320
vt 0.748047 0.815308
vt 0.736816 0.804565
vt 0.987305 0.617188
vt 0.677734 0.808228
vt 0.250488 0.978577
vt 0.229492 0.984787
vt 0.159424 0.220703
vt 0.967285 0.254395
vt 0.792480 0.090820
vt 0.990234 0.094238
vt 0.807129 0.845459
vt 0.277344 0.381348
vt 0.594238 0.707764
vt 0.384521 0.650879
vt 0.059570 0.850708
vt 0.867676 0.326660
vt 0.456543 0.126465
vt 0.381592 0.170410
vt 0.389404 0.171387
vt 0.381592 0.176270
vt 0.083740 0.991714
vt 0.402832 0.196777
vt 0.941406 0.597656
vt 0.894043 0.163086
vt 0.190674 0.497559
vt 0.195679 0.503174
vt 0.242065 0.521973
vt 0.384033 0.373047
vt 0.183350 0.480469
vt 0.612305 0.051758
vt 0.063599 0.030762
vt 0.969727 0.220703
vt 0.988770 0.220703
vt 0.970703 0.226562
vt 0.050354 0.203613
vt 0.766113 0.963837
vt 0.359375 0.304199
vt 0.024963 0.995293
vt 0.015358 0.999775
vt 0.012573 0.995220
vt 0.654785 0.611572
vt 0.136230 0.609619
vt 0.046295 0.446777
vt 0.055298 0.456543
vt 0.030746 0.265137
vt 0.272949 0.065430
vt 0.686035 0.130859
vt 0.357910 0.375977
vt 0.013290 0.986694
vt 0.008797 0.992889
vt 0.005726 0.986588
vt 0.400635 0.980820
vt 0.405762 0.980209
vt 0.856445 0.403809
vt 0.083435 0.667725
vt 0.862793 0.811157
vt 0.853027 0.813477
vt 0.022720 0.164551
vt 0.846680 0.235352
vt 0.433105 0.058105
vt 0.126221 0.404297
vt 0.201416 0.141602
vt 0.645508 0.605225
vt 0.528809 0.735596
vt 0.520996 0.713623
vt 0.022110 0.073730
vt 0.028183 0.152832
vt 0.923340 0.480469
vt 0.913086 0.475586
vt 0.563965 0.095703
vt 0.272949 0.920593
vt 0.581055 0.685547
vt 0.019394 0.408691
vt 0.005630 0.408691
vt 0.011192 0.402832
vt 0.344238 0.913574
vt 0.613770 0.385742
vt 0.626465 0.379883
vt 0.523438 0.995876
vt 0.526855 0.577393
vt 0.261230 0.832397
vt 0.831055 0.317383
vt 0.817383 0.532959
vt 0.523438 0.897888
vt 0.088440 0.920654
vt 0.393311 0.790283
vt 0.867676 0.638184
vt 0.844238 0.363770
vt 0.853027 0.344238
vt 0.849121 0.333984
vt 0.016541 0.186035
vt 0.889648 0.167480
vt 0.813965 0.765381
vt 0.219116 0.925537
vt 0.230835 0.164062
vt 0.499512 0.286621
vt 0.815430 0.004883
vt 0.349365 0.590820
vt 0.793457 0.832764
vt 0.239014 0.185547
vt 0.942871 0.370117
vt 0.175049 0.384277
vt 0.878906 0.976700
vt 0.434326 0.444824
vt 0.551758 0.817383
vt 0.761719 0.984917
vt 0.759766 0.978638
vt 0.797852 0.426758
vt 0.717285 0.940552
vt 0.365967 0.049316
vt 0.931152 0.041992
vt 0.917480 0.043457
vt 0.918457 0.029297
vt 0.288574 0.143066
vt 0.281982 0.135742
vt 0.696777 0.792725
vt 0.548828 0.667969
vt 0.245972 0.004883
vt 0.239380 0.009277
vt 0.692383 0.378906
vt 0.574219 0.649658
vt 0.804688 0.457031
vt 0.625977 0.498047
vt 0.600586 0.520508
vt 0.264648 0.236328
vt 0.251953 0.225586
vt 0.970703 0.530029
vt 0.890625 0.904602
vt 0.286865 0.934753
vt 0.282227 0.940796
vt 0.749023 0.240234
vt 0.343262 0.778687
vt 0.179443 0.057129
vt 0.179688 0.066406
vt 0.902344 0.093750
vt 0.972656 0.749756
vt 0.018936 0.702148
vt 0.008736 0.700928
vt 0.008591 0.693848
vt 0.062286 0.920471
vt 0.020203 0.480957
vt 0.946777 0.480469
vt 0.434082 0.099609
vt 0.131470 0.915527
vt 0.885254 0.659668
vt 0.893066 0.651367
vt 0.503418 0.375488
vt 0.451172 0.385742
vt 0.536133 0.799927
vt 0.048553 0.513916
vt 0.286133 0.080078
vt 0.279297 0.079590
vt 0.416016 0.278320
vt 0.827148 0.971771
vt 0.845215 0.977356
vt 0.826660 0.975677
vt 0.607910 0.358887
vt 0.609375 0.346680
vt 0.682617 0.381348
vt 0.671875 0.369141
vt 0.501465 0.417969
vt 0.217407 0.973923
vt 0.393311 0.537598
vt 0.030472 0.065918
vt 0.057404 0.837891
vt 0.167114 0.744873
vt 0.840820 0.235840
vt 0.084229 0.656494
vt 0.726562 0.776855
vt 0.734375 0.083496
vt 0.012352 0.635254
vt 0.741211 0.933228
vt 0.586914 0.490723
vt 0.644531 0.720703
vt 0.085388 0.665039
vt 0.260010 0.649414
vt 0.256836 0.656982
vt 0.636719 0.273438
vt 0.250977 0.304199
vt 0.075317 0.865479
vt 0.382812 0.383789
vt 0.140137 0.489746
vt 0.720703 0.229980
vt 0.295166 0.935059
vt 0.555664 0.428223
vt 0.324707 0.773804
vt 0.329834 0.779663
vt 0.405273 0.790894
vt 0.150879 0.760254
vt 0.216797 0.921692
vt 0.328125 0.456055
vt 0.297852 0.995407
vt 0.320312 0.994892
vt 0.858398 0.871582
vt 0.864746 0.886475
vt 0.015350 0.529297
vt 0.599609 0.680908
vt 0.356689 0.384277
vt 0.354248 0.391113
vt 0.355713 0.383301
vt 0.031219 0.482910
vt 0.434082 0.152344
vt 0.073730 0.048828
vt 0.908203 0.588623
vt 0.736816 0.061035
vt 0.973145 0.422852
vt 0.089905 0.071289
vt 0.081787 0.079590
vt 0.088196 0.933655
vt 0.760254 0.939362
vt 0.766602 0.916077
vt 0.844238 0.318359
vt 0.745605 0.259766
vt 0.723633 0.736328
vt 0.678711 0.433105
vt 0.024490 0.608154
vt 0.590332 0.373535
vt 0.864746 0.250488
vt 0.121338 0.463379
vt 0.499268 0.747314
vt 0.737305 0.722412
vt 0.551758 0.066895
vt 0.739258 0.693115
vt 0.031342 0.619141
vt 0.120361 0.442383
vt 0.633789 0.100098
vt 0.735352 0.398438
vt 0.875488 0.574219
vt 0.706055 0.072266
vt 0.835449 0.395020
vt 0.157593 0.043945
vt 0.448242 0.403320
vt 0.881836 0.953979
vt 0.355225 0.587646
vt 0.417725 0.696533
vt 0.317383 0.919434
vt 0.323730 0.921997
vt 0.980957 0.667480
vt 0.896484 0.149414
vt 0.117859 0.912231
vt 0.793457 0.025879
vt 0.422363 0.846802
vt 0.667969 0.212402
vt 0.984863 0.154785
vt 0.322266 0.458984
vt 0.529785 0.467773
vt 0.507812 0.055664
vt 0.372314 0.792358
vt 0.415771 0.039062
vt 0.937988 0.815674
vt 0.312988 0.612793
vt 0.330078 0.602783
vt 0.595703 0.138184
vt 0.590332 0.144043
vt 0.585938 0.138184
vt 0.245483 0.413574
vt 0.066528 0.765381
vt 0.874512 0.552734
vt 0.317871 0.479492
vt 0.804688 0.869507
vt 0.361084 0.493164
vt 0.833008 0.415039
vt 0.855957 0.671631
vt 0.762207 0.058594
vt 0.777832 0.056641
vt 0.131714 0.763184
vt 0.009476 0.950134
vt 0.801270 0.498047
vt 0.791504 0.507568
vt 0.603516 0.087402
vt 0.273682 0.604004
vt 0.826660 0.254395
vt 0.835938 0.254395
vt 0.941895 0.450684
vt 0.556641 0.764526
vt 0.724609 0.178711
vt 0.739258 0.414551
vt 0.734863 0.418457
vt 0.116333 0.814453
vt 0.201904 0.539307
vt 0.460449 0.197754
vt 0.531250 0.687988
vt 0.468506 0.113770
vt 0.879395 0.457031
vt 0.635742 0.309082
vt 0.091431 0.512451
vt 0.396973 0.416992
vt 0.270508 0.302246
vt 0.401855 0.999217
vt 0.453369 0.466309
vt 0.075073 0.980591
vt 0.079102 0.948853
vt 0.297119 0.977936
vt 0.284668 0.978012
vt 0.747070 0.961243
vt 0.115540 0.497070
vt 0.083069 0.830322
vt 0.962402 0.648926
vt 0.959473 0.660400
vt 0.950195 0.663086
vt 0.218384 0.338379
vt 0.100891 0.878845
vt 0.394531 0.187500
vt 0.027405 0.004883
vt 0.965332 0.716064
vt 0.150391 0.833496
vt 0.362793 0.334961
vt 0.499268 0.217773
vt 0.502930 0.224121
vt 0.565918 0.040039
vt 0.014465 0.463867
vt 0.020020 0.471191
vt 0.348877 0.032715
vt 0.996094 0.347656
vt 0.996582 0.358398
vt 0.349121 0.027344
vt 0.806641 0.501465
vt 0.798828 0.563721
vt 0.179443 0.897888
vt 0.915039 0.145996
vt 0.979004 0.697510
vt 0.993164 0.687256
vt 0.995605 0.697266
vt 0.684570 0.433105
vt 0.187988 0.492188
vt 0.020309 0.430664
vt 0.000217 0.430664
vt 0.014839 0.416016
vt 0.475586 0.581055
vt 0.511719 0.480957
vt 0.432129 0.971268
vt 0.391602 0.310547
vt 0.396240 0.335938
vt 0.328613 0.683105
vt 0.367432 0.029297
vt 0.369873 0.034668
vt 0.238647 0.378418
vt 0.790527 0.991875
vt 0.718262 0.162598
vt 0.510254 0.174805
vt 0.180664 0.906006
vt 0.371582 0.043945
vt 0.374268 0.036621
vt 0.384766 0.038574
vt 0.981445 0.735840
vt 0.833496 0.818970
vt 0.185669 0.031738
vt 0.975586 0.420410
vt 0.022552 0.427734
vt 0.007759 0.541260
vt 0.006607 0.534912
vt 0.015533 0.541504
vt 0.381836 0.273438
vt 0.760742 0.518311
vt 0.343994 0.340820
vt 0.359131 0.346680
vt 0.366455 0.342773
vt 0.798828 0.605957
vt 0.099854 0.616211
vt 0.195679 0.646973
vt 0.374023 0.167480
vt 0.876465 0.528320
vt 0.826660 0.950806
vt 0.747070 0.261719
vt 0.743652 0.270508
vt 0.988770 0.265625
vt 0.605957 0.503662
vt 0.626953 0.505859
vt 0.581055 0.752075
vt 0.875488 0.284668
vt 0.122498 0.130371
vt 0.910156 0.102051
vt 0.293457 0.588379
vt 0.345703 0.319824
vt 0.345459 0.306641
vt 0.356689 0.312988
vt 0.480469 0.913879
vt 0.356689 0.602783
vt 0.525879 0.253418
vt 0.377930 0.189453
vt 0.385010 0.183594
vt 0.202026 0.641113
vt 0.102722 0.840576
vt 0.925781 0.599609
vt 0.252197 0.861084
vt 0.562012 0.186523
vt 0.555664 0.287109
vt 0.372070 0.017090
vt 0.162231 0.869019
vt 0.168823 0.865112
vt 0.670898 0.011230
vt 0.680176 0.005859
vt 0.356689 0.713379
vt 0.985352 0.571289
vt 0.642090 0.039062
vt 0.709961 0.647705
vt 0.257568 0.315430
vt 0.382080 0.357422
vt 0.923828 0.950073
vt 0.956543 0.109863
vt 0.544434 0.336914
vt 0.181030 0.034668
vt 0.166748 0.034668
vt 0.168823 0.006348
vt 0.654785 0.777222
vt 0.251953 0.439941
vt 0.237915 0.430664
vt 0.788086 0.657959
vt 0.053558 0.057617
vt 0.459473 0.769897
vt 0.120728 0.752808
vt 0.125977 0.758667
vt 0.818359 0.709717
vt 0.288086 0.920227
vt 0.288818 0.926819
vt 0.798340 0.115234
vt 0.456543 0.336914
vt 0.696777 0.092773
vt 0.888184 0.221191
vt 0.958984 0.447266
vt 0.291016 0.881165
vt 0.977539 0.556885
vt 0.978516 0.553711
vt 0.944824 0.154297
vt 0.805176 0.523193
vt 0.099854 0.513916
vt 0.818848 0.007324
vt 0.838379 0.006836
vt 0.627930 0.176758
vt 0.093079 0.853516
vt 0.478271 0.440918
vt 0.790527 0.129883
vt 0.230957 0.596191
vt 0.031219 0.313477
vt 0.135132 0.060059
vt 0.302490 0.627686
vt 0.376465 0.223145
vt 0.679199 0.961517
vt 0.436279 0.671387
vt 0.635254 0.960022
vt 0.216309 0.879761
vt 0.905273 0.037598
vt 0.103760 0.833862
vt 0.022964 0.152832
vt 0.135254 0.423828
vt 0.125732 0.420898
vt 0.367920 0.950012
vt 0.377197 0.942810
vt 0.435303 0.206543
vt 0.371582 0.773071
vt 0.505859 0.074707
vt 0.228516 0.497559
vt 0.981445 0.996639
vt 0.945801 0.657471
vt 0.948730 0.650146
vt 0.353027 0.397461
vt 0.518066 0.229492
vt 0.963379 0.427246
vt 0.958984 0.476562
vt 0.487549 0.189453
vt 0.953613 0.180176
vt 0.467529 0.727539
vt 0.597656 0.692383
vt 0.077148 0.434570
vt 0.892578 0.376465
vt 0.600098 0.537598
vt 0.584473 0.549072
vt 0.184326 0.784424
vt 0.300049 0.907837
vt 0.987793 0.198242
vt 0.533203 0.838623
vt 0.125000 0.680664
vt 0.968262 0.576904
vt 0.133911 0.008789
vt 0.133911 0.031250
vt 0.122803 0.016602
vt 0.977051 0.868408
vt 0.870605 0.976944
vt 0.257568 0.004395
vt 0.771973 0.457031
vt 0.498779 0.016113
vt 0.506348 0.014160
vt 0.823242 0.545166
vt 0.748535 0.118652
vt 0.956055 0.061523
vt 0.243774 0.000000
vt 0.239136 0.001953
vt 0.231201 0.000977
vt 0.401367 0.170898
vt 0.941406 0.691162
vt 0.534668 0.024902
vt 0.544434 0.011230
vt 0.544434 0.038086
vt 0.064087 0.886108
vt 0.137207 0.022461
vt 0.861816 0.924622
vt 0.863770 0.118652
vt 0.868164 0.120605
vt 0.899414 0.459473
vt 0.477539 0.179688
vt 0.940918 0.108887
vt 0.756836 0.066895
vt 0.737305 0.065430
vt 0.986328 0.474609
vt 0.949707 0.735352
vt 0.954590 0.278809
vt 0.674316 0.076172
vt 0.670898 0.075684
vt 0.748047 0.498047
vt 0.905273 0.541504
vt 0.947754 0.830933
vt 0.059540 0.028809
vt 0.485352 0.201660
vt 0.158081 0.950562
vt 0.162720 0.950317
vt 0.046356 0.976761
vt 0.057709 0.968536
vt 0.062561 0.983810
vt 0.407715 0.539062
vt 0.090576 0.112793
vt 0.867188 0.706299
vt 0.187256 0.499023
vt 0.413330 0.983582
vt 0.011612 0.183594
vt 0.013191 0.174805
vt 0.858887 0.115723
vt 0.280273 0.921814
vt 0.369629 0.116699
vt 0.375244 0.113281
vt 0.450195 0.145508
vt 0.897461 0.696045
vt 0.519043 0.601074
vt 0.925293 0.592529
vt 0.239380 0.693115
vt 0.096680 0.056641
vt 0.094849 0.040039
vt 0.107849 0.047363
vt 0.107300 0.117676
vt 0.356689 0.372559
vt 0.894043 0.026855
vt 0.184692 0.673096
vt 0.220825 0.191406
vt 0.452637 0.049316
vt 0.139160 0.973602
vt 0.575684 0.886353
vt 0.060425 0.650146
vt 0.017426 0.780396
vt 0.038391 0.130371
vt 0.893555 0.362305
vt 0.543457 0.088867
vt 0.179565 0.939240
vt 0.907227 0.684814
vt 0.928711 0.684814
vt 0.907227 0.690918
vt 0.017822 0.285645
vt 0.736816 0.199707
vt 0.417236 0.945862
vt 0.853027 0.655518
vt 0.865723 0.650146
vt 0.634277 0.921387
vt 0.632324 0.911926
vt 0.504395 0.416992
vt 0.113892 0.071289
vt 0.147827 0.489258
vt 0.165039 0.487305
vt 0.950684 0.124023
vt 0.951172 0.121582
vt 0.395020 0.723633
vt 0.207031 0.173340
vt 0.920898 0.173828
vt 0.157593 0.085449
vt 0.746582 0.477539
vt 0.520996 0.705811
vt 0.722168 0.563721
vt 0.142456 0.288574
vt 0.129272 0.456543
vt 0.815430 0.967133
vt 0.948242 0.526367
vt 0.313477 0.607910
vt 0.680664 0.062988
vt 0.990723 0.089355
vt 0.010834 0.088379
vt 0.588379 0.925842
vt 0.901367 0.771362
vt 0.918457 0.781616
vt 0.862305 0.901428
vt 0.510742 0.086426
vt 0.831543 0.718018
vt 0.540527 0.151367
vt 0.236206 0.718994
vt 0.570312 0.052246
vt 0.090942 0.124512
vt 0.894531 0.368652
vt 0.605469 0.496094
vt 0.770508 0.442871
vt 0.953613 0.736572
vt 0.856445 0.464355
vt 0.853516 0.471680
vt 0.070435 0.374512
vt 0.234253 0.748047
vt 0.153809 0.516113
vt 0.629395 0.348633
vt 0.877930 0.129395
vt 0.404053 0.446289
vt 0.774902 0.289062
vt 0.612305 0.770020
vt 0.094482 0.737061
vt 0.280518 0.947815
vt 0.881348 0.358398
vt 0.894531 0.358887
vt 0.890137 0.359863
vt 0.249390 0.027344
vt 0.780762 0.162598
vt 0.556641 0.494629
vt 0.519531 0.240234
vt 0.203979 0.172852
vt 0.303711 0.980469
vt 0.081726 0.869141
vt 0.432861 0.017578
vt 0.709961 0.967133
vt 0.716797 0.949554
vt 0.008736 0.587158
vt 0.018463 0.162109
vt 0.204224 0.436035
vt 0.623535 0.904419
vt 0.730469 0.872437
vt 0.327637 0.111328
vt 0.693848 0.451660
vt 0.292969 0.025391
vt 0.501465 0.980637
vt 0.767578 0.098633
vt 0.895996 0.597412
vt 0.244995 0.096680
vt 0.275879 0.083496
vt 0.820801 0.113281
vt 0.871582 0.646973
vt 0.413574 0.661621
vt 0.851562 0.743652
vt 0.963867 0.199707
vt 0.658203 0.687500
vt 0.909668 0.580322
vt 0.572754 0.273438
vt 0.735840 0.889343
vt 0.745117 0.892883
vt 0.988281 0.570801
vt 0.157227 0.312500
vt 0.078857 0.367188
vt 0.214111 0.529541
vt 0.067444 0.057129
vt 0.058746 0.053711
vt 0.061218 0.042480
vt 0.951660 0.450195
vt 0.628418 0.222168
vt 0.657227 0.153320
vt 0.045929 0.578613
vt 0.640625 0.416016
vt 0.986328 0.863037
vt 0.982422 0.862061
vt 0.115601 0.445801
vt 0.673828 0.042969
vt 0.133301 0.582275
vt 0.124268 0.572266
vt 0.128906 0.571045
vt 0.369629 0.668945
vt 0.397461 0.487305
vt 0.503418 0.894531
vt 0.193115 0.031738
vt 0.781250 0.167969
vt 0.842285 0.676025
vt 0.990234 0.760010
vt 0.933594 0.357910
vt 0.976074 0.309570
vt 0.620117 0.120117
vt 0.015198 0.075195
vt 0.371094 0.053711
vt 0.364990 0.064941
vt 0.449219 0.394043
vt 0.907715 0.135254
vt 0.271973 0.794678
vt 0.261963 0.699707
vt 0.470215 0.425781
vt 0.349121 0.914124
vt 0.556152 0.305664
vt 0.545410 0.305664
vt 0.107361 0.836182
vt 0.115234 0.426270
vt 0.754395 0.920654
vt 0.558105 0.054688
vt 0.313232 0.650879
vt 0.992676 0.907837
vt 0.828613 0.360840
vt 0.575684 0.171875
vt 0.421143 0.666992
vt 0.481445 0.536377
vt 0.756348 0.983734
vt 0.958984 0.427246
vt 0.076050 0.228027
vt 0.067688 0.228516
vt 0.035065 0.534912
vt 0.029846 0.542969
vt 0.014641 0.534180
vt 0.108032 0.839966
vt 0.831055 0.201660
vt 0.592773 0.203125
vt 0.378906 0.013672
vt 0.138794 0.184082
vt 0.520508 0.325195
vt 0.004215 0.012695
vt 0.014435 0.028809
vt 0.519043 0.832642
vt 0.925293 0.931763
vt 0.030426 0.277344
vt 0.278564 0.019531
vt 0.324707 0.460449
vt 0.857910 0.701904
vt 0.013039 0.945831
vt 0.967285 0.241211
vt 0.071777 0.112305
vt 0.133057 0.877747
vt 0.912598 0.106445
vt 0.096130 0.034180
vt 0.014175 0.191406
vt 0.634277 0.499023
vt 0.722168 0.024414
vt 0.740723 0.032227
vt 0.447266 0.990334
vt 0.604004 0.926697
vt 0.595703 0.917908
vt 0.593262 0.892517
vt 0.008865 0.054199
vt 0.326172 0.449707
vt 0.147461 0.158691
vt 0.419189 0.413086
vt 0.937012 0.216309
vt 0.648438 0.464844
vt 0.199707 0.711914
vt 0.502930 0.066406
vt 0.758789 0.186523
vt 0.613770 0.579834
vt 0.356201 0.545898
vt 0.487793 0.681641
vt 0.389893 0.006348
vt 0.428467 0.962311
vt 0.217896 0.666016
vt 0.014015 0.836426
vt 0.014015 0.842773
vt 0.004505 0.837891
vt 0.973145 0.416504
vt 0.896973 0.035645
vt 0.197754 0.036621
vt 0.203857 0.048340
vt 0.012817 0.257812
vt 0.010216 0.266113
vt 0.001694 0.261230
vt 0.123779 0.885315
vt 0.764648 0.784912
vt 0.024628 0.928101
vt 0.027298 0.933777
vt 0.010246 0.933105
vt 0.986328 0.582764
vt 0.948730 0.592529
vt 0.954590 0.582764
vt 0.561523 0.035645
vt 0.555664 0.040039
vt 0.556641 0.013184
vt 0.569824 0.760864
vt 0.974121 0.534912
vt 0.876465 0.193848
vt 0.655273 0.602539
vt 0.061340 0.314941
vt 0.001211 0.348145
vt 0.001211 0.322754
vt 0.006298 0.331543
vt 0.628906 0.813477
vt 0.211182 0.660156
vt 0.662109 0.229004
vt 0.208252 0.438965
vt 0.237305 0.707275
vt 0.824707 0.033203
vt 0.846680 0.040039
vt 0.350586 0.780518
vt 0.508301 0.438965
vt 0.419189 0.832764
vt 0.544434 0.812134
vt 0.281738 0.748779
vt 0.645996 0.469727
vt 0.924316 0.264648
vt 0.357422 0.357422
vt 0.701660 0.732178
vt 0.302246 0.714844
vt 0.401611 0.437012
vt 0.278809 0.447266
vt 0.368652 0.974319
vt 0.994629 0.479004
vt 0.990723 0.483398
vt 0.296143 0.248047
vt 0.534668 0.335449
vt 0.097595 0.997307
vt 0.327148 0.921326
vt 0.345215 0.929260
vt 0.243164 0.778564
vt 0.244873 0.770264
vt 0.425293 0.303711
vt 0.679688 0.579102
vt 0.650879 0.921814
vt 0.875000 0.087891
vt 0.182861 0.567383
vt 0.356934 0.118652
vt 0.470947 0.025391
vt 0.450684 0.018066
vt 0.484131 0.021484
vt 0.054138 0.995010
vt 0.073975 0.995010
vt 0.069275 0.997982
vt 0.668457 0.075195
vt 0.797852 0.845459
vt 0.423828 0.874146
vt 0.873047 0.717529
vt 0.409912 0.708496
vt 0.171997 0.776123
vt 0.705566 0.067871
vt 0.224609 0.924500
vt 0.452148 0.307129
vt 0.165283 0.838257
vt 0.178955 0.087402
vt 0.051575 0.839722
vt 0.890625 0.192871
vt 0.798828 0.031250
vt 0.802734 0.984978
vt 0.713867 0.988922
vt 0.198242 0.053223
vt 0.197876 0.333008
vt 0.224609 0.897034
vt 0.817383 0.281738
vt 0.857422 0.502930
vt 0.665527 0.120605
vt 0.850586 0.091797
vt 0.988281 0.320312
vt 0.280273 0.964874
vt 0.935547 0.376465
vt 0.003090 0.824829
vt 0.014427 0.816528
vt 0.013672 0.834106
vt 0.798828 0.162109
vt 0.598633 0.217285
vt 0.580566 0.193359
vt 0.996094 0.838501
vt 0.977539 0.849365
vt 0.984863 0.827881
vt 0.502930 0.995106
vt 0.825684 0.706787
vt 0.505859 0.065430
vt 0.343994 0.071777
vt 0.249146 0.365723
vt 0.856934 0.563965
vt 0.866211 0.571777
vt 0.290527 0.388672
vt 0.970215 0.874023
vt 0.050385 0.474121
vt 0.361816 0.668701
vt 0.944336 0.137695
vt 0.070435 0.187988
vt 0.962891 0.597412
vt 0.456299 0.263184
vt 0.939941 0.203125
vt 0.633789 0.707031
vt 0.092102 0.480957
vt 0.109131 0.270996
vt 0.118530 0.972076
vt 0.294434 0.000000
vt 0.293945 0.013184
vt 0.806641 0.822876
vt 0.024246 0.712158
vt 0.220947 0.759521
vt 0.140869 0.222656
vt 0.876465 0.594727
vt 0.890625 0.591064
vt 0.978027 0.008789
vt 0.970215 0.000977
vt 0.989258 0.001953
vt 0.774902 0.236816
vt 0.001200 0.660645
vt 0.380615 0.986816
vt 0.691895 0.308105
vt 0.099548 0.949432
vt 0.714844 0.346680
vt 0.800781 0.754150
vt 0.810059 0.750977
vt 0.013817 0.250488
vt 0.934570 0.961212
vt 0.332275 0.315918
vt 0.892578 0.448730
vt 0.990723 0.298828
vt 0.898926 0.752808
vt 0.226685 0.739258
vt 0.882812 0.738525
vt 0.983398 0.051270
vt 0.870605 0.515381
vt 0.875000 0.509766
vt 0.979980 0.542236
vt 0.123657 0.582275
vt 0.784180 0.556152
vt 0.122803 0.604004
vt 0.661133 0.395020
vt 0.376221 0.176270
vt 0.988281 0.643799
vt 0.990234 0.649170
vt 0.984375 0.647705
vt 0.285889 0.436523
vt 0.898438 0.090332
vt 0.992676 0.581543
vt 0.731445 0.077637
vt 0.972656 0.867554
vt 0.083313 0.546387
vt 0.072021 0.929382
vt 0.840820 0.312012
vt 0.217529 0.579346
vt 0.482910 0.733398
vt 0.499023 0.037109
vt 0.351074 0.012207
vt 0.340332 0.017578
vt 0.689453 0.013184
vt 0.679199 0.034668
vt 0.760254 0.974792
vt 0.130737 0.935974
vt 0.903320 0.992420
vt 0.192139 0.935120
vt 0.184692 0.935852
vt 0.974609 0.848145
vt 0.560059 0.535645
vt 0.572754 0.544189
vt 0.501953 0.056152
vt 0.227295 0.912415
vt 0.884277 0.987022
vt 0.463135 0.264648
vt 0.948242 0.072266
vt 0.466064 0.194824
vt 0.791016 0.015137
vt 0.615234 0.978973
vt 0.609375 0.991638
vt 0.996582 0.524170
vt 0.398193 0.086914
vt 0.035492 0.527588
vt 0.636230 0.588623
vt 0.920898 0.715820
vt 0.141479 0.428711
vt 0.805664 0.630127
vt 0.787598 0.645508
vt 0.805664 0.394531
vt 0.797852 0.417969
vt 0.364258 0.231934
vt 0.257568 0.667969
vt 0.745605 0.919678
vt 0.936035 0.938782
vt 0.283203 0.151855
vt 0.332764 0.080566
vt 0.877441 0.254395
vt 0.909668 0.113770
vt 0.200073 0.554199
vt 0.906738 0.885986
vt 0.946777 0.827393
vt 0.989746 0.539062
vt 0.974121 0.539062
vt 0.983887 0.534180
vt 0.544922 0.243652
vt 0.877441 0.296387
vt 0.877930 0.275879
vt 0.836914 0.978653
vt 0.209717 0.826294
vt 0.093994 0.631104
vt 0.010612 0.290039
vt 0.332520 0.111328
vt 0.619141 0.222656
vt 0.823730 0.764404
vt 0.123413 0.233398
vt 0.527832 0.791382
vt 0.144775 0.817871
vt 0.729980 0.360352
vt 0.753418 0.997322
vt 0.006226 0.390137
vt 0.016296 0.390137
vt 0.012772 0.394531
vt 0.166260 0.765259
vt 0.212402 0.856567
vt 0.421875 0.700928
vt 0.941895 0.444824
vt 0.114319 0.927246
vt 0.124939 0.920410
vt 0.823242 0.586426
vt 0.805176 0.617432
vt 0.627930 0.115234
vt 0.643066 0.008789
vt 0.516602 0.372559
vt 0.018005 0.484375
vt 0.002020 0.479004
vt 0.010262 0.462891
vt 0.972656 0.362793
vt 0.961914 0.057617
vt 0.936035 0.128418
vt 0.272949 0.665527
vt 0.178223 0.784668
vt 0.854492 0.803345
vt 0.322998 0.145020
vt 0.458496 0.866821
vt 0.799805 0.915710
vt 0.623047 0.403320
vt 0.097229 0.037598
vt 0.969238 0.412109
vt 0.157959 0.763916
vt 0.529297 0.248535
vt 0.860352 0.248047
vt 0.315674 0.767822
vt 0.320312 0.668457
vt 0.150146 0.463379
vt 0.236572 0.834106
vt 0.103943 0.593994
vt 0.404053 0.925537
vt 0.086792 0.479980
vt 0.315918 0.620361
vt 0.701660 0.133301
vt 0.983398 0.486328
vt 0.077515 0.409668
vt 0.666992 0.229980
vt 0.252930 0.616699
vt 0.139038 0.567627
vt 0.907715 0.850342
vt 0.806641 0.489746
vt 0.140137 0.998788
vt 0.280518 0.123535
vt 0.240112 0.418945
vt 0.918457 0.460449
vt 0.389160 0.765747
vt 0.061279 0.993076
vt 0.683594 0.099121
vt 0.973633 0.078613
vt 0.175293 0.717285
vt 0.588379 0.906799
vt 0.383301 0.620850
vt 0.967285 0.880920
vt 0.952148 0.693359
vt 0.029297 0.182617
vt 0.992676 0.542236
vt 0.986328 0.551025
vt 0.982910 0.541016
vt 0.477295 0.761719
vt 0.462646 0.755493
vt 0.105591 0.857666
vt 0.791992 0.323730
vt 0.780762 0.320801
vt 0.312744 0.490234
vt 0.990723 0.014648
vt 0.857422 0.476074
vt 0.022064 0.699951
vt 0.427246 0.996832
vt 0.416992 0.982285
vt 0.428223 0.969131
vt 0.037933 0.542480
vt 0.478516 0.211914
vt 0.761230 0.264160
vt 0.265137 0.979797
vt 0.099487 0.165039
vt 0.912598 0.859619
vt 0.617676 0.183594
vt 0.748047 0.057129
vt 0.027512 0.256836
vt 0.938477 0.019531
vt 0.916016 0.026855
vt 0.917480 0.006348
vt 0.123901 0.772949
vt 0.499756 0.296875
vt 0.568359 0.960938
vt 0.696289 0.502930
vt 0.891113 0.743896
vt 0.980957 0.497070
vt 0.347412 0.828369
vt 0.288086 0.035645
vt 0.290527 0.020996
vt 0.290527 0.043945
vt 0.365723 0.582520
vt 0.008064 0.617188
vt 0.101868 0.484863
vt 0.094543 0.478516
vt 0.782227 0.788330
vt 0.609375 0.220215
vt 0.498291 0.039551
vt 0.489502 0.038086
vt 0.577148 0.034180
vt 0.973633 0.680908
vt 0.993652 0.680908
vt 0.977051 0.695068
vt 0.236938 0.633545
vt 0.678711 0.037598
vt 0.135010 0.226562
vt 0.747559 0.699707
vt 0.117310 0.754761
vt 0.842773 0.243652
vt 0.069763 0.274414
vt 0.912109 0.461426
vt 0.806152 0.174805
vt 0.958984 0.522949
vt 0.527832 0.203613
vt 0.972168 0.491699
vt 0.197754 0.024902
vt 0.229980 0.991020
vt 0.077393 0.668701
vt 0.160034 0.876160
vt 0.887695 0.913818
vt 0.131226 0.620850
vt 0.969238 0.874756
vt 0.875000 0.258789
vt 0.604004 0.890564
vt 0.819336 0.978424
vt 0.265137 0.560791
vt 0.334473 0.900208
vt 0.341309 0.902161
vt 0.763672 0.999966
vt 0.969238 0.056152
vt 0.259277 0.816772
vt 0.153320 0.961945
vt 0.057434 0.957581
vt 0.103760 0.737549
vt 0.990723 0.703857
vt 0.544922 0.166016
vt 0.806641 0.576416
vt 0.079285 0.228027
vt 0.066223 0.239258
vt 0.361084 0.461914
vt 0.490479 0.826416
vt 0.502930 0.829102
vt 0.603027 0.052734
vt 0.608398 0.038574
vt 0.770508 0.245605
vt 0.756836 0.284180
vt 0.922852 0.148438
vt 0.012169 0.242188
vt 0.012589 0.252930
vt 0.103210 0.245117
vt 0.852539 0.983521
vt 0.856445 0.499512
vt 0.383301 0.826782
vt 0.916016 0.254395
vt 0.596191 0.372070
vt 0.467041 0.452148
vt 0.811523 0.612793
vt 0.648438 0.286621
vt 0.938965 0.333008
vt 0.077271 0.051270
vt 0.823730 0.975510
vt 0.332764 0.014648
vt 0.731445 0.876587
vt 0.155151 0.941772
vt 0.061981 0.644531
vt 0.206665 0.689453
vt 0.948730 0.042480
vt 0.978516 0.330078
vt 0.929688 0.776978
vt 0.421387 0.524658
vt 0.265137 0.663086
vt 0.375977 0.186035
vt 0.810059 0.708984
vt 0.211792 0.968903
vt 0.940430 0.318848
vt 0.996582 0.086426
vt 0.977051 0.086914
vt 0.977051 0.344238
vt 0.986328 0.344238
vt 0.989258 0.465332
vt 0.978516 0.470215
vt 0.971680 0.464355
vt 0.992188 0.578369
vt 0.982422 0.578369
vt 0.987793 0.573730
vt 0.579590 0.075684
vt 0.466064 0.089355
vt 0.309570 0.643066
vt 0.103271 0.489746
vt 0.673340 0.141602
vt 0.719238 0.239258
vt 0.082642 0.550049
vt 0.173218 0.489258
vt 0.029327 0.354980
vt 0.682617 0.799927
vt 0.271484 0.975708
vt 0.042511 0.671387
vt 0.436035 0.734619
vt 0.342285 0.141602
vt 0.277344 0.967712
vt 0.942383 0.332031
vt 0.002541 0.808716
vt 0.403809 0.150391
vt 0.126709 0.032715
vt 0.142944 0.036621
vt 0.409668 0.418457
vt 0.962891 0.520996
vt 0.504395 0.858521
vt 0.897461 0.809082
vt 0.450439 0.328125
vt 0.851562 0.670166
vt 0.773926 0.128906
vt 0.056305 0.961365
vt 0.436768 0.917175
vt 0.835449 0.309082
vt 0.019547 0.579346
vt 0.590820 0.085938
vt 0.125610 0.912415
vt 0.278809 0.920166
vt 0.579590 0.949829
vt 0.820312 0.281250
vt 0.503906 0.363770
vt 0.492920 0.979004
vt 0.076782 0.986778
vt 0.314697 0.026367
vt 0.664551 0.970551
vt 0.958496 0.209473
vt 0.055084 0.992916
vt 0.011703 0.942841
vt 0.011940 0.936035
vt 0.029831 0.936035
vt 0.672852 0.072266
vt 0.984375 0.902344
vt 0.980957 0.898499
vt 0.989258 0.898743
vt 0.216064 0.188965
vt 0.131226 0.789673
vt 0.969238 0.263184
vt 0.154053 0.571045
vt 0.920410 0.276855
vt 0.234375 0.051758
vt 0.243652 0.053223
vt 0.667480 0.965363
vt 0.493652 0.449707
vt 0.243652 0.781372
vt 0.591309 0.225098
vt 0.445557 0.054688
vt 0.146362 0.247559
vt 0.297363 0.521240
vt 0.948242 0.138184
vt 0.024918 0.672852
vt 0.014526 0.676514
vt 0.012619 0.672852
vt 0.639160 0.522217
vt 0.892578 0.658691
vt 0.208252 0.113281
vt 0.071655 0.540527
vt 0.412354 0.927185
vt 0.008606 0.048340
vt 0.736328 0.427246
vt 0.809082 0.873779
vt 0.463379 0.622070
vt 0.130981 0.930786
vt 0.441406 0.505859
vt 0.452637 0.500977
vt 0.281494 0.186523
vt 0.912109 0.577148
vt 0.098328 0.463379
vt 0.927734 0.281250
vt 0.028488 0.271484
vt 0.619141 0.049316
vt 0.372803 0.438477
vt 0.917480 0.620605
vt 0.356934 0.583496
vt 0.824219 0.403320
vt 0.056061 0.325195
vt 0.789062 0.848267
vt 0.394775 0.727783
vt 0.382080 0.722900
vt 0.443848 0.489746
vt 0.989746 0.039062
vt 0.868652 0.818726
vt 0.796387 0.630859
vt 0.583984 0.647705
vt 0.324463 0.043457
vt 0.275146 0.644043
vt 0.199341 0.963562
vt 0.709961 0.997412
vt 0.712402 0.980469
vt 0.004593 0.741943
vt 0.121155 0.230957
vt 0.005173 0.004883
vt 0.246460 0.103027
vt 0.889648 0.409668
vt 0.221924 0.433594
vt 0.020782 0.552734
vt 0.139282 0.556152
vt 0.139893 0.546143
vt 0.026199 0.545898
vt 0.134155 0.603027
vt 0.884766 0.306641
vt 0.887207 0.153320
vt 0.998047 0.848389
vt 0.970703 0.721191
vt 0.294189 0.019531
vt 0.000233 0.962006
vt 0.048798 0.323242
vt 0.623047 0.684326
vt 0.673828 0.389648
vt 0.731934 0.819092
vt 0.207031 0.204590
vt 0.082458 0.942078
vt 0.366455 0.636230
vt 0.226318 0.000000
vt 0.229126 0.002441
vt 0.220337 0.002441
vt 0.559082 0.501221
vt 0.761719 0.189941
vt 0.136719 0.032227
vt 0.566895 0.630859
vt 0.615723 0.795654
vt 0.556641 0.686035
vt 0.664551 0.738770
vt 0.017593 0.493652
vt 0.851074 0.099121
vt 0.795410 0.419922
vt 0.036652 0.204590
vt 0.532715 0.088379
vt 0.070374 0.740234
vt 0.146118 0.720947
vt 0.990723 0.164062
vt 0.717285 0.361328
vt 0.960449 0.011230
vt 0.939941 0.011230
vt 0.947266 0.004883
vt 0.805176 0.768433
vt 0.428223 0.609131
vt 0.328369 0.086426
vt 0.396240 0.065918
vt 0.463379 0.531494
vt 0.950684 0.499023
vt 0.158325 0.731201
vt 0.085571 0.563477
vt 0.359619 0.833008
vt 0.255371 0.311523
vt 0.577637 0.187012
vt 0.002560 0.193848
vt 0.019958 0.193848
vt 0.005604 0.210449
vt 0.528320 0.618408
vt 0.106201 0.478516
vt 0.791504 0.303711
vt 0.598633 0.801636
vt 0.199707 0.828613
vt 0.493408 0.016602
vt 0.452393 0.911499
vt 0.906738 0.139648
vt 0.395752 0.028320
vt 0.887207 0.249512
vt 0.027084 0.331543
vt 0.361084 0.480957
vt 0.070679 0.980408
vt 0.733398 0.426270
vt 0.339355 0.081543
vt 0.552734 0.094238
vt 0.499512 0.973801
vt 0.668457 0.221191
vt 0.759766 0.145508
vt 0.933594 0.987831
vt 0.357422 0.953583
vt 0.599609 0.686035
vt 0.515625 0.368164
vt 0.454590 0.679199
vt 0.531250 0.649902
vt 0.544434 0.659912
vt 0.578125 0.069336
vt 0.602539 0.254883
vt 0.558594 0.288574
vt 0.567871 0.658447
vt 0.069702 0.926514
vt 0.072205 0.437988
vt 0.310791 0.150879
vt 0.956543 0.981171
vt 0.362305 0.585205
vt 0.791016 0.286621
vt 0.063843 0.894531
s 1
usemtl Material_0
f 1/1/1 2/2/2 3/3/3
f 2438/4/4 1/5/1 3/6/3
f 4/7/5 5/8/6 6/9/7
f 13/10/8 1425/11/9 7/12/10
f 8/13/11 9/14/12 10/15/13
f 10/16/13 11/17/14 12/18/15
f 10/15/13 9/14/12 13/19/8
f 10/16/13 7/12/10 11/17/14
f 14/20/16 15/21/17 1425/11/9
f 16/22/18 7/12/10 1425/11/9
f 17/23/19 8/13/11 18/24/20
f 9/14/12 8/13/11 17/23/19
f 10/15/13 12/25/15 8/13/11
f 16/22/18 1425/11/9 15/21/17
f 7/26/10 10/15/13 13/19/8
f 11/17/14 7/12/10 16/22/18
f 16/22/18 19/27/21 11/17/14
f 20/28/22 21/29/23 3143/30/24
f 21/31/25 4871/32/26 224/33/27
f 20/28/22 4016/34/28 21/29/23
f 22/35/29 224/33/27 4871/32/26
f 23/36/30 1477/37/31 24/38/32
f 25/39/33 26/40/34 27/41/35
f 28/42/36 29/43/37 30/44/38
f 31/45/39 32/46/40 33/47/41
f 34/48/42 55/49/43 35/50/44
f 36/51/45 37/52/46 38/53/47
f 58/54/48 39/55/49 40/56/50
f 41/57/51 42/58/52 43/59/53
f 44/60/54 45/61/55 34/48/42
f 50/62/56 46/63/57 49/64/58
f 58/54/48 55/49/43 34/48/42
f 45/61/55 47/65/59 58/54/48
f 58/54/48 34/48/42 45/61/55
f 47/65/59 45/61/55 48/66/60
f 55/49/43 50/67/56 49/68/58
f 38/53/47 50/69/56 51/70/61
f 50/69/56 38/53/47 41/57/51
f 38/53/47 51/70/61 36/51/45
f 38/53/47 52/71/62 53/72/63
f 34/48/42 35/50/44 44/60/54
f 58/54/48 47/65/59 54/73/64
f 46/74/57 41/57/51 43/59/53
f 49/64/58 35/75/44 55/76/43
f 46/74/57 50/69/56 41/57/51
f 42/58/52 53/72/63 56/77/65
f 38/53/47 53/72/63 41/57/51
f 53/72/63 52/71/62 57/78/66
f 58/79/48 40/80/50 50/69/56
f 4412/81/67 35/75/44 49/64/58
f 50/67/56 55/49/43 58/54/48
f 53/72/63 42/58/52 41/57/51
f 52/71/62 38/53/47 37/52/46
f 40/80/50 51/70/61 50/69/56
f 58/54/48 54/73/64 39/55/49
f 59/82/68 60/83/69 61/84/70
f 60/83/69 59/82/68 62/85/71
f 63/86/72 64/87/73 65/88/74
f 66/89/75 65/88/74 64/87/73
f 68/90/76 67/91/77 4934/92/78
f 68/93/76 4934/94/78 69/95/79
f 3109/96/80 70/97/81 71/98/82
f 72/99/83 69/95/79 73/100/84
f 87/101/85 90/102/86 74/103/87
f 70/97/81 68/93/76 71/98/82
f 4934/94/78 73/100/84 69/95/79
f 87/101/85 75/104/88 76/105/89
f 76/105/89 77/106/90 78/107/91
f 78/107/91 67/91/77 76/105/89
f 87/101/85 67/91/77 68/90/76
f 77/106/90 79/108/92 78/107/91
f 80/109/93 81/110/94 82/111/95
f 75/104/88 87/101/85 74/103/87
f 76/105/89 67/91/77 87/101/85
f 71/98/82 68/93/76 83/112/96
f 68/93/76 69/95/79 83/112/96
f 76/105/89 84/113/97 85/114/98
f 86/115/99 77/106/90 80/109/93
f 80/109/93 77/106/90 85/114/98
f 85/114/98 81/110/94 80/109/93
f 70/97/81 90/116/86 87/117/85
f 73/100/84 4934/94/78 4935/118/100
f 70/97/81 87/117/85 68/93/76
f 85/114/98 77/106/90 76/105/89
f 76/105/89 75/104/88 84/113/97
f 77/106/90 88/119/101 79/108/92
f 4084/120/102 89/121/103 90/122/86
f 91/123/104 92/124/105 3381/125/106
f 93/126/107 94/127/108 95/128/109
f 92/124/105 91/123/104 95/128/109
f 93/126/107 95/128/109 91/123/104
f 93/129/107 91/130/104 96/131/110
f 93/132/107 97/133/111 94/134/108
f 93/132/107 98/135/112 97/133/111
f 98/136/112 93/129/107 99/137/113
f 100/138/114 4161/139/115 101/140/116
f 102/141/117 4161/139/115 100/138/114
f 103/142/118 102/141/117 100/138/114
f 4269/143/119 104/144/120 103/142/118
f 3536/145/121 105/146/122 3537/147/123
f 105/146/122 3536/145/121 106/148/124
f 3536/145/121 4729/149/125 106/148/124
f 107/150/126 3161/151/127 4395/152/128
f 108/153/129 109/154/130 110/155/131
f 110/155/131 111/156/132 108/153/129
f 112/157/133 113/158/134 114/159/135
f 115/160/136 116/161/137 117/162/138
f 4901/163/139 113/158/134 118/164/140
f 119/165/141 113/158/134 112/157/133
f 118/164/140 120/166/142 121/167/143
f 122/168/144 120/166/142 123/169/145
f 113/158/134 4901/163/139 124/170/146
f 125/171/147 126/172/148 114/159/135
f 127/173/149 123/169/145 120/166/142
f 120/166/142 118/164/140 119/165/141
f 112/157/133 115/160/136 127/173/149
f 128/174/150 114/159/135 126/172/148
f 129/175/151 125/171/147 113/158/134
f 118/164/140 113/158/134 119/165/141
f 127/173/149 120/166/142 119/165/141
f 118/164/140 121/167/143 4901/163/139
f 113/158/134 124/170/146 129/175/151
f 112/157/133 116/161/137 115/160/136
f 116/161/137 112/157/133 114/159/135
f 130/176/152 114/159/135 128/174/150
f 112/157/133 127/173/149 119/165/141
f 121/167/143 120/166/142 122/168/144
f 125/171/147 114/159/135 113/158/134
f 114/159/135 130/176/152 116/161/137
f 131/177/153 132/178/154 133/179/155
f 134/180/156 132/178/154 131/177/153
f 135/181/157 136/182/158 133/179/155
f 137/183/159 133/179/155 132/178/154
f 135/181/157 133/179/155 137/183/159
f 132/178/154 134/180/156 138/184/160
f 132/178/154 138/184/160 139/185/161
f 136/182/158 131/177/153 133/179/155
f 140/186/162 141/187/163 142/188/164
f 143/189/165 144/190/166 145/191/167
f 146/192/168 145/191/167 147/193/169
f 4023/194/170 148/195/171 149/196/172
f 148/195/171 4023/194/170 150/197/173
f 150/198/173 4023/199/170 151/200/174
f 152/201/175 153/202/176 3018/203/177
f 154/204/178 155/205/179 3018/206/177
f 153/207/176 154/204/178 3018/206/177
f 2518/208/180 156/209/181 157/210/182
f 2570/211/183 158/212/184 156/213/181
f 156/213/181 2518/214/180 2570/211/183
f 2570/211/183 3129/215/185 4648/216/186
f 159/217/187 160/218/188 161/219/189
f 162/220/190 2849/221/191 163/222/192
f 163/222/192 2849/221/191 1159/223/193
f 163/222/192 1159/223/193 1034/224/194
f 2978/225/195 164/226/196 165/227/197
f 4262/228/198 166/229/199 2452/230/200
f 167/231/201 168/232/202 169/233/203
f 170/234/204 167/231/201 169/233/203
f 171/235/205 175/236/206 174/237/207
f 259/238/208 172/239/209 173/240/210
f 168/232/202 167/231/201 259/241/208
f 259/238/208 173/240/210 168/242/202
f 173/240/210 174/243/207 168/242/202
f 169/233/203 168/232/202 171/244/205
f 175/245/206 168/246/202 174/247/207
f 176/248/211 177/249/212 178/250/213
f 180/251/214 179/252/215 181/253/216
f 180/254/214 181/255/216 182/256/217
f 3568/257/218 3027/258/219 183/259/220
f 1144/260/221 3568/257/218 183/259/220
f 3383/261/222 184/262/223 185/263/224
f 186/264/225 187/265/226 188/266/227
f 4529/267/228 189/268/229 190/269/230
f 191/270/231 190/269/230 189/268/229
f 192/271/232 193/272/233 4950/273/234
f 194/274/235 4059/275/236 4135/276/237
f 407/277/238 3468/278/239 195/279/240
f 2963/280/241 4744/281/242 4748/282/243
f 196/283/244 197/284/245 198/285/246
f 1230/286/247 199/287/248 200/288/249
f 201/289/250 202/290/251 203/291/252
f 204/292/253 205/293/254 2847/294/255
f 206/295/256 3673/296/257 602/297/258
f 207/298/259 2038/299/260 4030/300/261
f 208/301/262 209/302/263 210/303/264
f 4701/304/265 211/305/266 4893/306/267
f 212/307/268 213/308/269 1761/309/270
f 214/310/271 215/311/272 1452/312/273
f 216/313/274 217/314/275 218/315/276
f 219/316/277 220/317/278 221/318/279
f 103/142/118 222/319/280 223/320/281
f 3143/321/282 224/322/27 225/323/283
f 226/324/284 227/325/285 228/326/286
f 229/327/287 230/328/288 1248/329/289
f 4627/330/290 231/331/291 232/332/292
f 3996/333/293 3997/334/294 3731/335/295
f 233/336/296 2024/337/297 234/338/298
f 1664/339/299 235/340/300 402/341/301
f 1383/342/302 4444/343/303 236/344/304
f 237/345/305 3713/346/306 4650/347/307
f 238/348/308 239/349/309 240/350/310
f 3308/351/311 241/352/312 242/353/313
f 1146/354/314 243/355/315 244/356/316
f 245/357/317 4283/358/318 246/359/319
f 247/360/320 248/361/321 3692/362/322
f 3334/363/323 4735/364/324 249/365/325
f 250/366/326 251/367/327 4841/368/328
f 252/369/329 253/370/330 254/371/331
f 255/372/332 256/373/333 257/374/334
f 258/375/335 4527/376/336 3958/377/337
f 1761/378/270 175/379/206 259/380/208
f 265/381/338 260/382/339 261/383/340
f 3030/384/341 262/385/342 4594/386/343
f 263/387/344 4607/388/345 3436/389/346
f 264/390/347 4295/391/348 1004/392/349
f 265/393/338 261/394/340 266/395/350
f 267/396/351 3475/397/352 4607/388/345
f 268/398/353 269/399/354 4546/400/355
f 270/401/356 271/402/357 3927/403/358
f 272/404/359 273/405/360 4259/406/361
f 274/407/362 275/408/363 276/409/364
f 2116/410/365 277/411/366 278/412/367
f 279/413/368 280/414/369 281/415/370
f 282/416/371 2840/417/372 283/418/373
f 284/419/374 285/420/375 286/421/376
f 159/217/187 4496/422/377 287/423/378
f 288/424/379 289/425/380 290/426/381
f 291/427/382 292/428/383 293/429/384
f 294/430/385 4177/431/386 691/432/387
f 941/433/388 295/434/389 296/435/390
f 297/436/391 4238/437/392 298/438/393
f 299/439/394 297/436/391 298/438/393
f 300/440/395 301/441/396 302/442/397
f 303/443/398 304/444/399 305/445/400
f 1944/446/401 306/447/402 307/448/403
f 3181/449/404 3253/450/405 308/451/406
f 1488/452/407 4891/453/408 309/454/409
f 1306/455/410 1305/456/411 310/457/412
f 311/458/413 312/459/414 313/460/415
f 314/461/416 315/462/417 3385/463/418
f 316/464/419 317/465/420 318/466/421
f 3322/467/422 2921/468/423 319/469/424
f 320/470/425 4454/471/426 321/472/427
f 74/103/87 85/114/98 84/113/97
f 4213/473/428 577/474/429 322/475/430
f 4745/476/431 323/477/432 4794/478/433
f 3603/479/434 324/480/435 325/481/436
f 326/482/437 3889/483/438 327/484/439
f 328/485/440 329/486/441 330/487/442
f 331/488/443 332/489/444 333/490/445
f 334/491/446 335/492/447 4442/493/448
f 336/494/449 337/495/450 338/496/451
f 339/497/452 4832/498/453 340/499/454
f 4608/500/455 3198/501/456 341/502/457
f 342/503/458 343/504/459 344/505/460
f 345/506/461 346/507/462 2826/508/463
f 347/509/464 348/510/465 349/511/466
f 347/512/464 349/513/466 350/514/467
f 207/298/259 351/515/468 2038/299/260
f 354/516/469 352/517/470 353/518/471
f 354/519/469 353/520/471 243/355/315
f 355/521/472 3646/522/473 356/523/474
f 357/524/475 358/525/476 359/526/477
f 360/527/478 361/528/479 1801/529/480
f 4204/530/481 362/531/482 363/532/483
f 3839/533/484 364/534/485 365/535/486
f 3706/536/487 366/537/488 367/538/489
f 368/539/490 423/540/491 369/541/492
f 4423/542/493 4422/543/494 3678/544/495
f 370/545/496 4498/546/497 371/547/498
f 372/548/499 373/549/500 4054/550/501
f 2319/551/502 1474/552/503 374/553/504
f 375/554/505 2319/551/502 374/553/504
f 376/555/506 377/556/507 378/557/508
f 3415/558/509 4639/559/510 379/560/511
f 193/272/233 380/561/512 4950/273/234
f 381/562/513 382/563/514 4892/564/515
f 383/565/516 2544/566/517 2545/567/518
f 384/568/519 385/569/520 4340/570/521
f 3967/571/522 386/572/523 387/573/524
f 388/574/525 4883/575/526 1305/456/411
f 175/379/206 389/576/527 259/380/208
f 4512/577/528 3535/578/529 390/579/530
f 391/580/531 3950/581/532 3368/582/533
f 392/583/534 4916/584/535 393/585/536
f 392/583/534 393/585/536 394/586/537
f 395/587/538 4743/588/539 2605/589/540
f 396/590/541 397/591/542 398/592/543
f 399/593/544 4741/594/545 400/595/546
f 2478/596/547 401/597/548 402/598/301
f 3765/599/549 403/600/550 404/601/551
f 405/602/552 406/603/553 407/604/238
f 3760/605/554 408/606/555 409/607/556
f 410/608/557 411/609/558 412/610/559
f 413/611/560 414/612/561 415/613/562
f 2921/614/423 416/615/563 319/616/424
f 3640/617/564 1309/618/565 417/619/566
f 4487/620/567 418/621/568 4486/622/569
f 419/623/570 420/624/571 421/625/572
f 422/626/573 423/627/491 368/628/490
f 4448/629/574 424/630/575 2446/631/576
f 425/632/577 4370/633/578 426/634/579
f 427/635/580 4295/636/348 1200/637/581
f 2709/638/582 428/639/583 4757/640/584
f 429/641/585 430/642/586 431/643/587
f 432/644/588 904/645/589 433/646/590
f 434/647/591 435/648/592 436/649/593
f 2145/650/594 737/651/595 437/652/596
f 438/653/597 4168/654/598 4441/655/599
f 4704/656/600 439/657/601 4557/658/602
f 440/659/603 441/660/604 442/661/605
f 443/662/606 444/663/607 445/664/608
f 446/665/609 447/666/610 448/667/611
f 449/668/612 450/669/613 451/670/614
f 452/671/615 4709/672/616 453/673/617
f 454/674/618 4367/675/619 455/676/620
f 456/677/621 457/678/622 3623/679/623
f 3257/680/624 458/681/625 459/682/626
f 460/683/627 461/684/628 4628/685/629
f 462/686/630 463/687/631 464/688/632
f 3183/689/633 5/8/6 3676/690/634
f 465/691/635 466/692/636 467/693/637
f 468/694/638 469/695/639 470/696/640
f 471/697/641 2620/698/642 472/699/643
f 383/565/516 473/700/644 2544/566/517
f 474/701/645 1825/702/646 4830/703/647
f 1456/704/648 475/705/649 476/706/650
f 477/707/651 478/708/652 4292/709/653
f 225/323/283 479/710/654 480/711/655
f 3934/712/656 481/713/657 1400/714/658
f 482/715/659 483/716/660 484/717/661
f 485/718/662 3881/719/663 247/360/320
f 486/720/664 4463/721/665 4809/722/666
f 487/723/667 488/724/668 489/725/669
f 490/726/670 491/727/671 492/728/672
f 493/729/673 4853/730/674 494/731/675
f 495/732/676 2382/733/677 1602/734/678
f 3646/522/473 3027/735/219 356/523/474
f 3955/736/679 496/737/680 497/738/681
f 3819/739/682 498/740/683 499/741/684
f 1277/742/685 4151/743/686 214/310/271
f 500/744/687 252/369/329 2681/745/688
f 501/746/689 502/747/690 503/748/691
f 3792/749/692 4790/750/693 504/751/694
f 505/752/695 3792/749/692 504/751/694
f 4415/753/696 506/754/697 507/755/698
f 508/756/699 509/757/700 510/758/701
f 511/759/702 512/760/703 513/761/704
f 4860/762/705 1098/763/706 514/764/707
f 4617/765/708 4860/762/705 514/764/707
f 515/766/709 516/767/710 517/768/711
f 518/769/712 519/770/713 4300/771/714
f 109/154/130 520/772/715 521/773/716
f 1293/774/717 4747/775/718 522/776/719
f 4862/777/720 4014/778/721 523/779/722
f 177/780/212 2782/781/723 178/782/213
f 524/783/724 525/784/725 4443/785/726
f 526/786/727 2886/787/728 4947/788/729
f 527/789/730 528/790/731 3/3/3
f 529/791/732 66/89/75 530/792/733
f 531/793/734 3912/794/735 532/795/736
f 512/760/703 533/796/737 513/761/704
f 2337/797/738 534/798/739 535/799/740
f 4560/800/741 536/801/742 537/802/743
f 538/803/744 539/804/745 540/805/746
f 423/627/491 422/626/573 4442/493/448
f 541/806/747 542/807/748 543/808/749
f 4697/809/750 544/810/751 473/811/644
f 545/812/752 546/813/753 547/814/754
f 548/815/755 549/816/756 550/817/757
f 551/818/758 552/819/759 4759/820/760
f 4137/821/761 553/822/762 554/823/763
f 555/824/764 4717/825/765 3201/826/766
f 271/402/357 270/401/356 556/827/767
f 557/828/768 558/829/769 559/830/770
f 560/831/771 561/832/772 562/833/773
f 563/834/774 4629/835/775 4241/836/776
f 564/837/777 565/838/778 566/839/779
f 567/840/780 568/841/781 569/842/782
f 1785/843/783 3058/844/784 570/845/785
f 4736/846/786 571/847/787 572/848/788
f 573/849/789 4418/850/790 2504/851/791
f 574/852/792 575/853/793 576/854/794
f 577/855/429 578/856/795 322/857/430
f 579/858/796 580/859/797 581/860/798
f 582/861/799 583/862/800 399/593/544
f 584/863/801 582/864/799 399/865/544
f 585/866/802 3807/867/803 586/868/804
f 3679/869/805 142/188/164 153/870/176
f 587/871/806 528/872/731 588/873/807
f 1444/874/808 1443/875/809 589/876/810
f 4395/152/128 590/877/811 107/150/126
f 591/878/812 592/879/813 593/880/814
f 4182/881/815 2753/882/816 4863/883/817
f 594/884/818 3352/885/819 4166/886/820
f 595/887/821 299/888/394 596/889/822
f 595/887/821 596/889/822 597/890/823
f 598/891/824 599/892/825 3540/893/826
f 600/894/827 4180/895/828 4071/896/829
f 601/897/830 602/898/258 603/899/831
f 604/900/832 605/901/833 606/902/834
f 4645/903/835 607/904/836 608/905/837
f 609/906/838 610/907/839 611/908/840
f 612/909/841 613/910/842 614/911/843
f 615/912/844 4778/913/845 4904/914/846
f 616/915/847 3679/869/805 2495/916/848
f 617/917/849 4546/400/355 618/918/850
f 1411/919/851 4659/920/852 619/921/853
f 620/922/854 621/923/855 622/924/856
f 623/925/857 624/926/858 625/927/859
f 184/262/223 626/928/860 185/263/224
f 627/929/861 628/930/862 629/931/863
f 630/932/864 1684/933/865 4504/934/866
f 631/935/867 4392/936/868 403/600/550
f 632/937/869 633/938/870 634/939/871
f 1644/940/872 635/941/873 4022/942/874
f 3060/943/875 4625/944/876 636/945/877
f 637/946/878 638/947/879 639/948/880
f 640/949/881 641/950/882 345/506/461
f 642/951/883 3943/952/884 643/953/885
f 644/954/886 645/955/887 646/956/888
f 647/957/889 648/958/890 2708/959/891
f 649/960/892 3382/961/893 650/962/894
f 651/963/895 4601/964/896 652/965/897
f 4940/966/898 653/967/899 654/968/900
f 655/969/901 4695/970/902 656/971/903
f 445/972/608 657/973/904 4350/974/905
f 658/975/906 659/976/907 289/425/380
f 660/977/908 661/978/909 662/979/910
f 663/980/911 664/981/912 665/982/913
f 666/983/914 4701/984/265 667/985/915
f 668/986/916 669/987/917 670/988/918
f 4216/989/919 518/769/712 671/990/920
f 672/991/921 3194/992/922 673/993/923
f 674/994/924 347/509/464 675/995/925
f 676/996/926 3565/997/927 677/998/928
f 678/999/929 4835/1000/930 679/1001/931
f 3504/1002/932 680/1003/933 681/1004/934
f 682/1005/935 3852/1006/936 290/426/381
f 683/1007/937 684/1008/938 685/1009/939
f 686/1010/940 687/1011/941 314/1012/416
f 688/1013/942 689/1014/943 690/1015/944
f 691/1016/387 692/1017/945 4805/1018/946
f 344/1019/460 693/1020/947 4073/1021/948
f 694/1022/949 695/1023/950 2322/1024/951
f 696/1025/952 4475/1026/953 4891/453/408
f 2099/1027/954 697/1028/955 1139/1029/956
f 4618/1030/957 1615/1031/958 3572/1032/959
f 698/1033/960 1402/1034/961 699/1035/962
f 700/1036/963 701/1037/964 702/1038/965
f 703/1039/966 704/1040/967 705/1041/968
f 706/1042/969 707/1043/970 808/1044/971
f 4531/1045/972 4636/1046/973 708/1047/974
f 709/1048/975 4877/1049/976 2217/1050/977
f 710/1051/978 711/1052/979 712/1053/980
f 2709/638/582 4834/1054/981 713/1055/982
f 714/1056/983 3399/1057/984 715/1058/985
f 4858/1059/986 716/1060/987 717/1061/988
f 4839/1062/989 983/1063/990 982/1064/991
f 3345/1065/992 718/1066/993 719/1067/994
f 720/1068/995 3369/1069/996 3383/261/222
f 2411/1070/997 721/1071/998 4939/1072/999
f 722/1073/1000 723/1074/1001 724/1075/1002
f 725/1076/1003 4359/1077/1004 726/1078/1005
f 727/1079/1006 728/1080/1007 3892/1081/1008
f 729/1082/1009 3596/1083/1010 730/1084/1011
f 733/1085/1012 731/1086/1013 732/1087/1014
f 733/1088/1012 732/1089/1014 734/1090/1015
f 735/1091/1016 1603/1092/1017 736/1093/1018
f 737/1094/595 738/1095/1019 739/1096/1020
f 740/1097/1021 741/1098/1022 3538/1099/1023
f 481/713/657 3321/1100/1024 1400/714/658
f 2351/1101/1025 742/1102/1026 4410/1103/1027
f 743/1104/1028 744/1105/1029 745/1106/1030
f 746/1107/1031 539/804/745 747/1108/1032
f 748/1109/1033 4680/1110/1034 2855/1111/1035
f 749/1112/1036 750/1113/1037 751/1114/1038
f 752/1115/1039 753/1116/1040 3637/1117/1041
f 754/1118/1042 971/1119/1043 2851/1120/1044
f 755/1121/1045 22/35/29 4871/32/26
f 756/1122/1046 757/1123/1047 758/1124/1048
f 4870/1125/1049 4088/1126/1050 759/1127/1051
f 3809/1128/1052 760/1129/1053 703/1039/966
f 277/1130/366 761/1131/1054 762/1132/1055
f 763/1133/1056 764/1134/1057 765/1135/1058
f 766/1136/1059 4901/1137/139 300/440/395
f 4302/1138/1060 767/1139/1061 3446/1140/1062
f 768/1141/1063 769/1142/1064 770/1143/1065
f 650/962/894 3691/1144/1066 3687/1145/1067
f 771/1146/1068 772/1147/1069 773/1148/1070
f 774/1149/1071 775/1150/1072 776/1151/1073
f 25/39/33 27/41/35 777/1152/1074
f 139/185/161 778/1153/1075 779/1154/1076
f 1195/1155/1077 2972/1156/1078 780/1157/1079
f 4298/1158/1080 201/1159/250 781/1160/1081
f 782/1161/1082 783/1162/1083 572/848/788
f 3119/1163/1084 784/1164/1085 631/1165/867
f 785/1166/1086 786/1167/1087 3864/1168/1088
f 423/540/491 787/1169/1089 369/541/492
f 622/924/856 788/1170/1090 789/1171/1091
f 790/1172/1092 791/1173/1093 792/1174/1094
f 2718/1175/1095 793/1176/1096 1424/1177/1097
f 794/1178/1098 795/1179/1099 796/1180/1100
f 797/1181/1101 4900/1182/1102 3121/1183/1103
f 4750/1184/1104 798/1185/1105 799/1186/1106
f 4866/1187/1107 3534/1188/1108 800/1189/1109
f 801/1190/1110 802/1191/1111 803/1192/1112
f 801/1190/1110 803/1192/1112 804/1193/1113
f 805/1194/1114 558/829/769 806/1195/1115
f 1370/1196/1116 902/1197/1117 807/1198/1118
f 808/1199/971 4852/1200/1119 4782/1201/1120
f 809/1202/1121 3515/1203/1122 810/1204/1123
f 811/1205/1124 812/1206/1125 813/1207/1126
f 814/1208/1127 4279/1209/1128 815/1210/1129
f 816/1211/1130 817/1212/1131 818/1213/1132
f 819/1214/1133 820/1215/1134 821/1216/1135
f 822/1217/1136 823/1218/1137 824/1219/1138
f 825/1220/1139 649/1221/892 826/1222/1140
f 827/1223/1141 828/1224/1142 697/1225/955
f 748/1109/1033 2855/1111/1035 3981/1226/1143
f 829/1227/1144 830/1228/1145 831/1229/1146
f 832/1230/1147 833/1231/1148 834/1232/1149
f 835/1233/1150 836/1234/1151 837/1235/1152
f 751/1236/1038 838/1237/1153 839/1238/1154
f 840/1239/1155 841/1240/1156 842/1241/1157
f 256/373/333 843/1242/1158 844/1243/1159
f 845/1244/1160 2067/1245/1161 3235/1246/1162
f 1870/1247/1163 846/1248/1164 847/1249/1165
f 848/1250/1166 557/828/768 559/830/770
f 849/1251/1167 3216/1252/1168 88/119/101
f 850/1253/1169 851/1254/1170 3466/1255/1171
f 852/1256/1172 853/1257/1173 854/1258/1174
f 855/1259/1175 1541/1260/1176 1190/1261/1177
f 856/1262/1178 574/1263/792 857/1264/1179
f 858/1265/1180 1350/1266/1181 859/1267/1182
f 1305/456/411 860/1268/1183 861/1269/1184
f 862/1270/1185 3723/1271/1186 863/1272/1187
f 864/1273/1188 865/1274/1189 4905/1275/1190
f 1365/1276/1191 866/1277/1192 867/1278/1193
f 868/1279/1194 869/1280/1195 870/1281/1196
f 871/1282/1197 872/1283/1198 601/1284/830
f 873/1285/1199 703/1039/966 874/1286/1200
f 81/110/94 2856/1287/1201 82/111/95
f 875/1288/1202 876/1289/1203 877/1290/1204
f 878/1291/1205 879/1292/1206 880/1293/1207
f 881/1294/1208 882/1295/1209 883/1296/1210
f 4632/1297/1211 884/1298/1212 3782/1299/1213
f 885/1300/1214 437/652/596 737/651/595
f 886/1301/1215 887/1302/1216 4397/1303/1217
f 888/1304/1218 889/1305/1219 890/1306/1220
f 1545/1307/1221 1544/1308/1222 700/1036/963
f 309/454/409 891/1309/1223 892/1310/1224
f 1328/1311/1225 893/1312/1226 4045/1313/1227
f 894/1314/1228 895/1315/1229 896/1316/1230
f 4135/276/237 4059/275/236 3504/1002/932
f 4547/1317/1231 897/1318/1232 2545/567/518
f 898/1319/1233 899/1320/1234 900/1321/1235
f 901/1322/1236 681/1004/934 680/1003/933
f 3777/1323/1237 2655/1324/1238 902/1325/1117
f 4086/1326/1239 903/1327/1240 4007/1328/1241
f 904/1329/589 4370/633/578 433/1330/590
f 905/1331/1242 906/1332/1243 907/1333/1244
f 4071/896/829 4176/1334/1245 908/1335/1246
f 2877/1336/1247 153/202/176 4755/1337/1248
f 909/1338/1249 910/1339/1250 911/1340/1251
f 400/1341/546 199/287/248 1230/286/247
f 2008/1342/1252 2009/1343/1253 912/1344/1254
f 761/1131/1054 4559/1345/1255 762/1132/1055
f 913/1346/1256 508/1347/699 1148/1348/1257
f 914/1349/1258 818/1213/1132 915/1350/1259
f 911/1351/1251 916/1352/1260 2400/1353/1261
f 917/1354/1262 918/1355/1263 919/1356/1264
f 3678/1357/495 4422/1358/494 920/1359/1265
f 921/1360/1266 922/1361/1267 3642/1362/1268
f 440/659/603 4819/1363/1269 441/660/604
f 923/1364/1270 924/1365/1271 478/708/652
f 3786/1366/1272 370/545/496 371/547/498
f 925/1367/1273 3480/1368/1274 926/1369/1275
f 3574/1370/1276 927/1371/1277 4825/1372/1278
f 585/866/802 586/868/804 1610/1373/1279
f 928/1374/1280 657/973/904 929/1375/1281
f 4564/1376/1282 930/1377/1283 3510/1378/1284
f 931/1379/1285 932/1380/1286 720/1381/995
f 933/1382/1287 934/1383/1288 935/1384/1289
f 2129/1385/1290 499/741/684 936/1386/1291
f 937/1387/1292 938/1388/1293 4198/1389/1294
f 939/1390/1295 4134/1391/1296 278/412/367
f 3541/1392/1297 4531/1393/972 2236/1394/1298
f 2539/1395/1299 940/1396/1300 2441/1397/1301
f 254/371/331 253/370/330 941/1398/388
f 4803/1399/1302 942/1400/1303 943/1401/1304
f 944/1402/1305 945/1403/1306 3583/1404/1307
f 946/1405/1308 947/1406/1309 948/1407/1310
f 949/1408/1311 1190/1261/1177 1541/1260/1176
f 1126/1409/1312 899/1320/1234 950/1410/1313
f 3524/1411/1314 951/1412/1315 4178/1413/1316
f 4586/1414/1317 952/1415/1318 953/1416/1319
f 954/1417/1320 4285/1418/1321 2871/1419/1322
f 759/1127/1051 4088/1126/1050 3562/1420/1323
f 4634/1421/1324 955/1422/1325 3784/1423/1326
f 956/1424/1327 3361/1425/1328 957/1426/1329
f 1/1427/1 527/789/730 3339/1428/1330
f 958/1429/1331 959/1430/1332 960/1431/1333
f 961/1432/1334 4941/1433/1335 962/1434/1336
f 4178/1413/1316 279/413/368 963/1435/1337
f 964/1436/1338 905/1331/1242 965/1437/1339
f 966/1438/1340 967/1439/1341 968/1440/1342
f 1220/1441/1343 969/1442/1344 4364/1443/1345
f 2881/1444/1346 970/1445/1347 971/1446/1043
f 4113/1447/1348 972/1448/1349 1465/1449/1350
f 973/1450/1351 974/1451/1352 975/1452/1353
f 713/1055/982 976/1453/1354 428/639/583
f 688/1013/942 977/1454/1355 689/1014/943
f 978/1455/1356 20/1456/22 979/1457/1357
f 980/1458/1358 812/1206/1125 981/1459/1359
f 982/1460/991 983/1461/990 984/1462/1360
f 985/1463/1361 986/1464/1362 987/1465/1363
f 3834/1466/1364 3836/1467/1365 3600/1468/1366
f 988/1469/1367 989/1470/1368 990/1471/1369
f 991/1472/1370 3918/1473/1371 992/1474/1372
f 993/1475/1373 261/394/340 994/1476/1374
f 471/697/641 995/1477/1375 996/1478/1376
f 997/1479/1377 998/1480/1378 999/1481/1379
f 4636/1482/973 997/1479/1377 999/1481/1379
f 1000/1483/1380 1001/1484/1381 1002/1485/1382
f 1003/1486/1383 4911/1487/1384 3632/1488/1385
f 1004/1489/349 4825/1490/1278 1005/1491/1386
f 609/906/838 3240/1492/1387 1006/1493/1388
f 1933/1494/1389 1007/1495/1390 4322/1496/1391
f 1494/1497/1392 4456/1498/1393 4455/1499/1394
f 1008/1500/1395 1009/1501/1396 1010/1502/1397
f 1011/1503/1398 504/751/694 811/1205/1124
f 1012/1504/1399 3048/1505/1400 1756/1506/1401
f 1013/1507/1402 1014/1508/1403 1015/1509/1404
f 3864/1168/1088 2234/1510/1405 3996/333/293
f 4783/1511/1406 1016/1512/1407 4864/1513/1408
f 1017/1514/1409 1018/1515/1410 1019/1516/1411
f 3124/1517/1412 1020/1518/1413 1796/1519/1414
f 2508/1520/1415 1021/1521/1416 3762/1522/1417
f 165/227/197 1022/1523/1418 1023/1524/1419
f 4679/1525/1420 1024/1526/1421 1025/1527/1422
f 1026/1528/1423 1198/1529/1424 1027/1530/1425
f 150/198/173 151/200/174 1028/1531/1426
f 3828/1532/1427 1029/1533/1428 1030/1534/1429
f 1031/1535/1430 1032/1536/1431 1033/1537/1432
f 1034/1538/194 1035/1539/1433 1211/1540/1434
f 1036/1541/1435 1037/1542/1436 1038/1543/1437
f 275/408/363 1039/1544/1438 276/409/364
f 4208/1545/1439 1040/1546/1440 1041/1547/1441
f 1042/1548/1442 1043/1549/1443 496/1550/680
f 1044/1551/1444 531/793/734 1045/1552/1445
f 1046/1553/1446 1047/1554/1447 1048/1555/1448
f 1049/1556/1449 1050/1557/1450 4313/1558/1451
f 671/1559/920 4711/1560/1452 3819/739/682
f 1051/1561/1453 396/590/541 1052/1562/1454
f 1053/1563/1455 4240/1564/1456 4165/1565/1457
f 726/1078/1005 1054/1566/1458 1055/1567/1459
f 1056/1568/1460 4731/1569/1461 56/1570/65
f 1057/1571/1462 1058/1572/1463 735/1091/1016
f 1914/1573/1464 1916/1574/1465 1059/1575/1466
f 1060/1576/1467 974/1451/1352 973/1450/1351
f 1061/1577/1468 2286/1578/1469 1062/1579/1470
f 1063/1580/1471 4913/1581/1472 1064/1582/1473
f 1065/1583/1474 1066/1584/1475 1067/1585/1476
f 1068/1586/1477 582/864/799 584/863/801
f 1069/1587/1478 1070/1588/1479 1071/1589/1480
f 4656/1590/1481 1072/1591/1482 4682/1592/1483
f 1578/1593/1484 920/1359/1265 1073/1594/1485
f 4416/1595/1486 2496/1596/1487 1074/1597/1488
f 1075/1598/1489 1076/1599/1490 195/279/240
f 1077/1600/1491 1078/1601/1492 1079/1602/1493
f 161/219/189 650/1603/894 159/217/187
f 1080/1604/1494 1081/1605/1495 1082/1606/1496
f 589/876/810 1083/1607/1497 1084/1608/1498
f 1085/1609/1499 778/1153/1075 134/180/156
f 4171/1610/1500 1086/1611/1501 1087/1612/1502
f 3262/1613/1503 1088/1614/1504 2066/1615/1505
f 1089/1616/1506 1090/1617/1507 1737/1618/1508
f 4844/1619/1509 1091/1620/1510 4664/1621/1511
f 4744/281/242 1092/1622/1512 1093/1623/1513
f 1094/1624/1514 1095/1625/1515 1096/1626/1516
f 1987/1627/1517 1097/1628/1518 3722/1629/1519
f 4783/1630/1406 4869/1631/1520 1098/1632/706
f 1471/1633/1521 1099/1634/1522 1100/1635/1523
f 1101/1636/1524 1102/1637/1525 1104/1638/1526
f 550/817/757 632/937/869 1103/1639/1527
f 4017/1640/1528 1104/1641/1526 4730/1642/1529
f 1105/1643/1530 4108/1644/1531 4718/1645/1532
f 1106/1646/1533 1107/1647/1534 1108/1648/1535
f 1109/1649/1536 1131/1650/1537 1110/1651/1538
f 1111/1652/1539 1112/1653/1540 1113/1654/1541
f 1297/1655/1542 1296/1656/1543 1114/1657/1544
f 3617/1658/1545 1115/1659/1546 3871/1660/1547
f 2268/1661/1548 1116/1662/1549 1117/1663/1550
f 1118/1664/1551 1119/1665/1552 1120/1666/1553
f 1121/1667/1554 2366/1668/1555 1122/1669/1556
f 2253/1670/1557 1123/1671/1558 4398/1672/1559
f 4424/1673/1560 3271/1674/1561 366/537/488
f 1664/1675/299 1124/1676/1562 1125/1677/1563
f 4358/1678/1564 2181/1679/1565 1126/1680/1312
f 1096/1626/1516 1745/1681/1566 1744/1682/1567
f 1127/1683/1568 1399/1684/1569 280/414/369
f 279/413/368 1127/1683/1568 280/414/369
f 2437/1685/1570 2438/1686/4 1128/1687/1571
f 1281/1688/1572 1129/1689/1573 1767/1690/1574
f 4540/1691/1575 1130/1692/1576 1131/1693/1537
f 1132/1694/1577 53/72/63 57/78/66
f 343/504/459 3412/1695/1578 1133/1696/1579
f 1421/1697/1580 1134/1698/1581 1135/1699/1582
f 624/926/858 1676/1700/1583 625/927/859
f 1136/1701/1584 1137/1702/1585 1138/1703/1586
f 1139/1704/956 1140/1705/1587 658/975/906
f 286/1706/376 285/1707/375 1141/1708/1588
f 1142/1709/1589 1143/1710/1590 1144/1711/221
f 3110/1712/1591 2521/1713/1592 2115/1714/1593
f 20/28/22 22/35/29 4016/34/28
f 1145/1715/1594 4688/1716/1595 1146/1717/314
f 1147/1718/1596 1148/1719/1257 1149/1720/1597
f 1150/1721/1598 1151/1722/1599 1152/1723/1600
f 1153/1724/1601 1154/1725/1602 1155/1726/1603
f 612/1727/841 1156/1728/1604 1157/1729/1605
f 1857/1730/1606 1158/1731/1607 3215/1732/1608
f 1034/1538/194 1159/1733/193 1160/1734/1609
f 1161/1735/1610 2183/1736/1611 1162/1737/1612
f 1163/1738/1613 4867/1739/1614 1164/1740/1615
f 1165/1741/1616 4410/1742/1027 4081/1743/1617
f 1166/1744/1618 1392/1745/1619 1167/1746/1620
f 818/1213/1132 1168/1747/1621 915/1350/1259
f 4899/1748/1622 1033/1749/1432 1169/1750/1623
f 1170/1751/1624 1171/1752/1625 1172/1753/1626
f 3719/1754/1627 1173/1755/1628 1737/1618/1508
f 940/1756/1300 2601/1757/1629 1174/1758/1630
f 567/840/780 1175/1759/1631 568/841/781
f 1176/1760/1632 3877/1761/1633 1177/1762/1634
f 1178/1763/1635 1179/1764/1636 1180/1765/1637
f 1181/1766/1638 604/900/832 1642/1767/1639
f 4921/1768/1640 43/59/53 42/58/52
f 1182/1769/1641 3456/1770/1642 1183/1771/1643
f 1184/1772/1644 3111/1773/1645 4026/1774/1646
f 1185/1775/1647 1186/1776/1648 1187/1777/1649
f 1115/1659/1546 1188/1778/1650 3871/1660/1547
f 4700/1779/1651 1189/1780/1652 1190/1781/1177
f 1191/1782/1653 1192/1783/1654 1193/1784/1655
f 1194/1785/1656 1195/1786/1077 4808/1787/1657
f 4919/1788/1658 1196/1789/1659 1197/1790/1660
f 4667/1791/1661 1198/1792/1424 1199/1793/1662
f 4630/1794/1663 1200/1795/581 1201/1796/1664
f 1120/1666/1553 1014/1508/1403 1118/1664/1551
f 1202/1797/1665 4946/1798/1666 4878/1799/1667
f 1203/1800/1668 4266/1801/1669 1204/1802/1670
f 1205/1803/1671 1206/1804/1672 3381/125/106
f 1207/1805/1673 1208/1806/1674 4820/1807/1675
f 3802/1808/1676 3964/1809/1677 2677/1810/1678
f 3952/1811/1679 1209/1812/1680 1210/1813/1681
f 1211/1814/1434 1212/1815/1682 162/220/190
f 4500/1816/1683 4020/1817/1684 1213/1818/1685
f 1214/1819/1686 1000/1483/1380 1002/1485/1382
f 1215/1820/1687 571/847/787 1216/1821/1688
f 4375/1822/1689 3008/1823/1690 1217/1824/1691
f 3286/1825/1692 1218/1826/1693 822/1827/1136
f 1149/1720/1597 1219/1828/1694 1220/1829/1343
f 4107/1830/1695 892/1831/1224 4811/1832/1696
f 463/687/631 1221/1833/1697 464/688/632
f 3250/1834/1698 1222/1835/1699 1223/1836/1700
f 1224/1837/1701 4796/1838/1702 1225/1839/1703
f 2057/1840/1704 3072/1841/1705 1226/1842/1706
f 1597/1843/1707 1227/1844/1708 1186/1776/1648
f 1228/1845/1709 4594/386/343 1229/1846/1710
f 400/595/546 1230/1847/247 1231/1848/1711
f 1083/1849/1497 945/1403/1306 1232/1850/1712
f 1233/1851/1713 4294/1852/1714 1234/1853/1715
f 2980/1854/1716 1235/1855/1717 2981/1856/1718
f 1236/1857/1719 1237/1858/1720 1238/1859/1721
f 1239/1860/1722 1240/1861/1723 1241/1862/1724
f 4381/1863/1725 1242/1864/1726 1243/1865/1727
f 1244/1866/1728 336/1867/449 578/856/795
f 3765/1868/549 404/1869/551 1245/1870/1729
f 1008/1500/1395 1010/1502/1397 1246/1871/1730
f 1641/1872/1731 1247/1873/1732 606/1874/834
f 4552/1875/1733 4362/1876/1734 755/1121/1045
f 1248/1877/289 3674/1878/1735 3675/1879/1736
f 1249/1880/1737 1250/1881/1738 1251/1882/1739
f 631/1165/867 1252/1883/1740 4822/1884/1741
f 1131/1650/1537 1253/1885/1742 1254/1886/1743
f 2185/1887/1744 4724/1888/1745 1255/1889/1746
f 1259/1890/1747 1256/1891/1748 1257/1892/1749
f 1258/1893/1750 1259/1894/1747 1257/1895/1749
f 261/394/340 1961/1896/1751 994/1476/1374
f 1212/1815/1682 1260/1897/1752 4539/1898/1753
f 1261/1899/1754 1998/1900/1755 4595/1901/1756
f 1237/1858/1720 1262/1902/1757 1263/1903/1758
f 1264/1904/1759 3649/1905/1760 1265/1906/1761
f 1266/1907/1762 1633/1908/1763 1267/1909/1764
f 4034/1910/1765 1268/1911/1766 466/1912/636
f 1269/1913/1767 1270/1914/1768 763/1133/1056
f 3759/1915/1769 1271/1916/1770 1272/1917/1771
f 571/847/787 1215/1820/1687 1273/1918/1772
f 1274/1919/1773 745/1920/1030 1275/1921/1774
f 1276/1922/1775 1277/1923/685 1278/1924/1776
f 1279/1925/1777 1261/1899/1754 4595/1901/1756
f 60/83/69 72/99/83 1280/1926/1778
f 2079/1927/1779 1281/1928/1572 4739/1929/1780
f 1282/1930/1781 3947/1931/1782 1283/1932/1783
f 1284/1933/1784 307/448/403 160/218/188
f 1285/1934/1785 1878/1935/1786 287/1936/378
f 2610/1937/1787 1286/1938/1788 1287/1939/1789
f 2718/1175/1095 1288/1940/1790 793/1176/1096
f 1289/1941/1791 4189/1942/1792 4800/1943/1793
f 1290/1944/1794 1842/1945/1795 3177/1946/1796
f 1291/1947/1797 1292/1948/1798 1293/1949/717
f 1294/1950/1799 2079/1927/1779 3628/1951/1800
f 1295/1952/1801 1296/1953/1543 1297/1954/1542
f 1298/1955/1802 434/647/591 436/649/593
f 4195/1956/1803 885/1300/1214 4540/1691/1575
f 1299/1957/1804 1300/1958/1805 1301/1959/1806
f 338/496/451 1302/1960/1807 1303/1961/1808
f 2712/1962/1809 2711/1963/1810 1304/1964/1811
f 388/1965/525 1305/1966/411 1306/1967/410
f 296/1968/390 1307/1969/1812 1308/1970/1813
f 1309/1971/565 3640/1972/564 1310/1973/1814
f 1311/1974/1815 1962/1975/1816 1312/1976/1817
f 1313/1977/1818 2566/1978/1819 1314/1979/1820
f 459/682/626 458/681/625 1315/1980/1821
f 4174/1981/1822 1316/1982/1823 627/929/861
f 787/1169/1089 1317/1983/1824 1318/1984/1825
f 1319/1985/1826 1320/1986/1827 1321/1987/1828
f 1322/1988/1829 4210/1989/1830 4637/1990/1831
f 1323/1991/1832 420/1992/571 1324/1993/1833
f 906/1332/1243 1923/1994/1834 1325/1995/1835
f 427/635/580 1326/1996/1836 4295/636/348
f 253/370/330 1327/1997/1837 941/1398/388
f 4926/1998/1838 1328/1999/1225 4924/2000/1839
f 1329/2001/1840 2175/2002/1841 1330/2003/1842
f 4589/2004/1843 1312/1976/1817 3712/2005/1844
f 1331/2006/1845 1332/2007/1846 1333/2008/1847
f 1334/2009/1848 4253/2010/1849 1027/2011/1425
f 1335/2012/1850 1336/2013/1851 1337/2014/1852
f 1338/2015/1853 1339/2016/1854 491/727/671
f 1340/2017/1855 1341/2018/1856 565/838/778
f 1342/2019/1857 1343/2020/1858 3774/2021/1859
f 310/457/412 1344/2022/1860 4749/2023/1861
f 4637/1990/1831 4210/1989/1830 3583/1404/1307
f 3985/2024/1862 4241/2025/776 1345/2026/1863
f 4082/2027/1864 1346/2028/1865 1347/2029/1866
f 2110/2030/1867 1348/2031/1868 1349/2032/1869
f 1350/2033/1181 4699/2034/1870 4028/2035/1871
f 828/2036/1142 1351/2037/1872 1352/2038/1873
f 1353/2039/1874 840/1239/1155 842/1241/1157
f 187/265/226 1246/2040/1730 1354/2041/1875
f 916/1352/1260 910/2042/1250 1355/2043/1876
f 1356/2044/1877 3065/2045/1878 4309/2046/1879
f 1357/2047/1880 3577/2048/1881 1358/2049/1882
f 646/956/888 1624/2050/1883 1359/2051/1884
f 1360/2052/1885 1361/2053/1886 1362/2054/1887
f 4499/2055/1888 1363/2056/1889 1182/1769/1641
f 1364/2057/1890 4031/2058/1891 1365/2059/1191
f 1366/2060/1892 1367/2061/1893 1368/2062/1894
f 807/2063/1118 1369/2064/1895 1370/2065/1116
f 1371/2066/1896 4928/2067/1897 1372/2068/1898
f 361/528/479 1373/2069/1899 1374/2070/1900
f 4288/2071/1901 4619/2072/1902 1375/2073/1903
f 3350/2074/1904 2404/2075/1905 1376/2076/1906
f 3510/1378/1284 1377/2077/1907 291/2078/382
f 3016/2079/1908 1378/2080/1909 3017/2081/1910
f 4079/2082/1911 1379/2083/1912 4396/2084/1913
f 2672/2085/1914 1380/2086/1915 1327/2087/1837
f 1789/2088/1916 4560/2089/741 1381/2090/1917
f 2856/1287/1201 3598/2091/1918 82/111/95
f 977/1454/1355 1255/1889/1746 1382/2092/1919
f 4623/2093/1920 3314/2094/1921 1383/2095/302
f 2993/2096/1922 954/1417/1320 1384/2097/1923
f 1385/2098/1924 1386/2099/1925 1387/2100/1926
f 1388/2101/1927 1389/2102/1928 1390/2103/1929
f 1391/2104/1930 560/831/771 562/833/773
f 4127/2105/1931 4129/2106/1932 1392/2107/1619
f 3756/2108/1933 1393/2109/1934 1394/2110/1935
f 3756/2108/1933 1394/2110/1935 851/1254/1170
f 248/361/321 4866/1187/1107 800/1189/1109
f 1295/1952/1801 1395/2111/1936 1296/1953/1543
f 774/1149/1071 776/1151/1073 1396/2112/1937
f 1397/2113/1938 3308/2114/311 242/2115/313
f 1398/2116/1939 4774/2117/1940 2693/2118/1941
f 1399/2119/1569 4616/2120/1942 2962/2121/1943
f 4076/2122/1944 1400/2123/658 3321/2124/1024
f 4076/2122/1944 3321/2124/1024 1401/2125/1945
f 1402/2126/961 1403/2127/1946 4488/2128/1947
f 1404/2129/1948 1405/2130/1949 2550/2131/1950
f 3880/2132/1951 1406/2133/1952 847/2134/1165
f 1407/2135/1953 2134/2136/1954 4583/2137/1955
f 1408/2138/1956 1409/2139/1957 795/1179/1099
f 3589/2140/1958 3588/2141/1959 1410/2142/1960
f 2197/2143/1961 814/1208/1127 3619/2144/1962
f 249/365/325 3256/2145/1963 460/2146/627
f 4297/2147/1964 1411/2148/851 3790/2149/1965
f 4915/2150/1966 1412/2151/1967 4919/2152/1658
f 1171/1752/1625 1413/2153/1968 1288/1940/1790
f 1519/2154/1969 378/557/508 3714/2155/1970
f 1414/2156/1971 1028/1531/1426 3627/2157/1972
f 1415/2158/1973 1319/1985/1826 1416/2159/1974
f 1147/1718/1596 913/2160/1256 1148/1719/1257
f 1417/2161/1975 1418/2162/1976 3874/2163/1977
f 1419/2164/1978 2801/2165/1979 1420/2166/1980
f 979/1457/1357 20/1456/22 179/252/215
f 959/2167/1332 3740/2168/1981 4363/2169/1982
f 1332/2170/1846 1421/2171/1580 1422/2172/1983
f 1423/2173/1984 1424/2174/1097 563/2175/774
f 1425/2176/9 13/19/8 1426/2177/1985
f 1425/11/9 1426/2178/1985 14/20/16
f 1427/2179/1986 1428/2180/1987 4839/1062/989
f 438/653/597 1429/2181/1988 4168/654/598
f 1430/2182/1989 1431/2183/1990 1432/2184/1991
f 1433/2185/1992 1434/2186/1993 1435/2187/1994
f 1436/2188/1995 1437/2189/1996 1438/2190/1997
f 4649/2191/1998 2258/2192/1999 4577/2193/2000
f 86/115/99 88/119/101 77/106/90
f 1439/2194/2001 3832/2195/2002 340/499/454
f 4021/2196/2003 1142/2197/1589 479/710/654
f 669/987/917 1751/2198/2004 1440/2199/2005
f 1987/1627/1517 3722/1629/1519 1441/2200/2006
f 1442/2201/2007 1443/2202/809 1444/2203/808
f 4663/2204/2008 4664/1621/1511 1445/2205/2009
f 1446/2206/2010 1447/2207/2011 1127/1683/1568
f 1448/2208/2012 1449/2209/2013 1450/2210/2014
f 2361/2211/2015 4546/400/355 269/399/354
f 1451/2212/2016 1452/2213/273 1453/2214/2017
f 614/911/843 1454/2215/2018 1455/2216/2019
f 1456/2217/648 1457/2218/2020 475/2219/649
f 4942/2220/2021 1458/2221/2022 3222/2222/2023
f 738/1095/1019 1459/2223/2024 1460/2224/2025
f 879/1292/1206 878/1291/1205 1461/2225/2026
f 1462/2226/2027 1463/2227/2028 1464/2228/2029
f 1465/2229/1350 3101/2230/2030 4112/2231/2031
f 1466/2232/2032 1467/2233/2033 1468/2234/2034
f 4476/2235/2035 1469/2236/2036 1470/2237/2037
f 4151/2238/686 1464/2228/2029 1471/2239/1521
f 1472/2240/2038 1473/2241/2039 1474/2242/503
f 1475/2243/2040 1243/1865/1727 655/969/901
f 1476/2244/2041 1477/2245/31 1478/2246/2042
f 1243/1865/1727 1242/1864/1726 4695/970/902
f 1479/2247/2043 1480/2248/2044 4403/2249/2045
f 1481/2250/2046 1482/2251/2047 1483/2252/2048
f 889/1305/1219 1484/2253/2049 1485/2254/2050
f 1486/2255/2051 1487/2256/2052 1488/2257/407
f 3959/2258/2053 1489/2259/2054 2311/2260/2055
f 1490/2261/2056 4092/2262/2057 1491/2263/2058
f 734/1090/1015 1492/2264/2059 1493/2265/2060
f 4573/2266/2061 2728/2267/2062 1494/2268/1392
f 1495/2269/2063 4944/2270/2064 4943/2271/2065
f 1325/1995/1835 1922/2272/2066 1496/2273/2067
f 220/2274/278 1497/2275/2068 1498/2276/2069
f 1499/2277/2070 1500/2278/2071 1501/2279/2072
f 1502/2280/2073 1503/2281/2074 1504/2282/2075
f 1505/2283/2076 1506/2284/2077 3880/2132/1951
f 1505/2283/2076 3880/2132/1951 485/2285/662
f 1507/2286/2078 923/1364/1270 1508/2287/2079
f 752/1115/1039 3639/2288/2080 1509/2289/2081
f 1510/2290/2082 1511/2291/2083 1512/2292/2084
f 1513/2293/2085 3548/2294/2086 1514/2295/2087
f 1515/2296/2088 4223/2297/2089 1516/2298/2090
f 1517/2299/2091 3438/2300/2092 1518/2301/2093
f 1519/2302/1969 1520/2303/2094 1521/2304/2095
f 2870/2305/2096 1522/2306/2097 1523/2307/2098
f 1524/2308/2099 1525/2309/2100 1526/2310/2101
f 1527/2311/2102 1528/2312/2103 1529/2313/2104
f 1530/2314/2105 1531/2315/2106 1532/2316/2107
f 1533/2317/2108 1534/2318/2109 1535/2319/2110
f 1536/2320/2111 4571/2321/2112 1537/2322/2113
f 1538/2323/2114 1539/2324/2115 3292/2325/2116
f 1540/2326/2117 949/2327/1311 1541/2328/1176
f 1542/2329/2118 1432/2184/1991 1431/2183/1990
f 1543/2330/2119 1544/2331/1222 1545/2332/1221
f 3659/2333/2120 2049/2334/2121 1546/2335/2122
f 1547/2336/2123 1548/2337/2124 3175/2338/2125
f 397/591/542 1549/2339/2126 1550/2340/2127
f 1200/637/581 1551/2341/2128 427/635/580
f 1552/2342/2129 1553/2343/2130 418/621/568
f 658/975/906 289/425/380 4658/2344/2131
f 3281/2345/2132 1554/2346/2133 1555/2347/2134
f 1556/2348/2135 1557/2349/2136 1558/2350/2137
f 1559/2351/2138 1560/2352/2139 1561/2353/2140
f 1372/2354/1898 1562/2355/2141 149/2356/172
f 2952/2357/2142 1216/1821/1688 1563/2358/2143
f 4080/2359/2144 1564/2360/2145 1565/2361/2146
f 1566/2362/2147 1567/2363/2148 1568/2364/2149
f 854/1258/1174 1569/2365/2150 2409/2366/2151
f 1570/2367/2152 1571/2368/2153 4089/2369/2154
f 1572/2370/2155 1573/2371/2156 4706/2372/2157
f 1174/1758/1630 231/331/291 4627/330/290
f 1574/2373/2158 1575/2374/2159 4640/2375/2160
f 1576/2376/2161 4680/1110/1034 748/1109/1033
f 1577/2377/2162 1578/2378/1484 1579/2379/2163
f 1305/456/411 861/1269/1184 310/457/412
f 4792/2380/2164 1580/2381/2165 1369/2064/1895
f 3865/2382/2166 281/415/370 4114/2383/2167
f 1581/2384/2168 1582/2385/2169 1583/2386/2170
f 1584/2387/2171 1585/2388/2172 4842/2389/2173
f 1586/2390/2174 1587/2391/2175 1588/2392/2176
f 4228/2393/2177 1589/2394/2178 1590/2395/2179
f 1591/2396/2180 3883/2397/2181 1592/2398/2182
f 2422/2399/2183 1593/2400/2184 2619/2401/2185
f 1594/2402/2186 1992/2403/2187 654/968/900
f 980/1458/1358 3542/2404/2188 1595/2405/2189
f 1972/2406/2190 4777/2407/2191 1596/2408/2192
f 1597/2409/1707 1598/2410/2193 3777/1323/1237
f 587/871/806 1015/1509/1404 1599/2411/2194
f 25/39/33 777/1152/1074 1600/2412/2195
f 760/1129/1053 704/1040/967 703/1039/966
f 1601/2413/2196 2324/2414/2197 4847/2415/2198
f 3007/2416/2199 1601/2413/2196 4847/2415/2198
f 1058/2417/1463 1602/2418/678 1603/2419/1017
f 4807/2420/2200 1604/2421/2201 1605/2422/2202
f 1606/2423/2203 2530/2424/2204 1607/2425/2205
f 1608/2426/2206 3994/2427/2207 1609/2428/2208
f 1610/2429/1279 4653/2430/2209 1611/2431/2210
f 494/2432/675 446/2433/609 4856/2434/2211
f 1612/2435/2212 1613/2436/2213 1614/2437/2214
f 4255/2438/2215 2831/2439/2216 1615/2440/958
f 4573/2441/2061 4906/2442/2217 1616/2443/2218
f 4573/2266/2061 1616/2444/2218 2728/2267/2062
f 1617/2445/2219 1618/2446/2220 1619/2447/2221
f 1073/1594/1485 4160/2448/2222 1578/1593/1484
f 4763/2449/2223 4856/2434/2211 1620/2450/2224
f 472/699/643 1621/2451/2225 1622/2452/2226
f 566/839/779 3838/2453/2227 1623/2454/2228
f 642/2455/883 1760/2456/2229 1624/2457/1883
f 1625/2458/2230 642/2455/883 1624/2457/1883
f 1626/2459/2231 1181/1766/1638 1642/1767/1639
f 1501/2460/2072 4732/2461/2232 1627/2462/2233
f 1628/2463/2234 216/313/274 218/315/276
f 1629/2464/2235 1218/1826/1693 1630/2465/2236
f 3060/943/875 636/945/877 3061/2466/2237
f 4576/2467/2238 3389/2468/2239 1631/2469/2240
f 3698/2470/2241 1632/2471/2242 1018/2472/1410
f 1633/2473/1763 4584/2474/2243 1634/2475/2244
f 1635/2476/2245 1636/2477/2246 1637/2478/2247
f 1560/2352/2139 1638/2479/2248 1561/2353/2140
f 1068/2480/1477 1639/2481/2249 1640/2482/2250
f 1524/2308/2099 1526/2310/2101 3994/2427/2207
f 1641/2483/1731 1642/2484/1639 604/2485/832
f 1099/1634/1522 1643/2486/2251 2540/2487/2252
f 1271/2488/1770 4723/2489/2253 1644/2490/872
f 1645/2491/2254 1646/2492/2255 251/367/327
f 1647/2493/2256 170/2494/204 1648/2495/2257
f 4689/2496/2258 1649/2497/2259 1650/2498/2260
f 749/1112/1036 751/1114/1038 1651/2499/2261
f 238/348/308 240/350/310 4199/2500/2262
f 1652/2501/2263 2245/2502/2264 1653/2503/2265
f 1654/2504/2266 1652/2501/2263 1653/2503/2265
f 811/1205/1124 813/1207/1126 1655/2505/2267
f 1656/2506/2268 1657/2507/2269 1658/2508/2270
f 952/1415/1318 1614/2437/2214 1659/2509/2271
f 755/1121/1045 3097/2510/2272 4552/1875/1733
f 1660/2511/2273 1661/2512/2274 4202/2513/2275
f 4362/1876/1734 1662/2514/2276 755/1121/1045
f 1663/2515/2277 1799/2516/2278 1798/2517/2279
f 1664/2518/299 2258/2192/1999 4649/2191/1998
f 1665/2519/2280 1664/339/299 4649/2520/1998
f 1666/2521/2281 4383/2522/2282 1667/2523/2283
f 1668/2524/2284 1669/2525/2285 1670/2526/2286
f 214/310/271 61/84/70 215/311/272
f 1355/2043/1876 1671/2527/2287 1672/2528/2288
f 26/40/34 1673/2529/2289 804/2530/1113
f 1674/2531/2290 1675/2532/2291 3897/2533/2292
f 1676/2534/1583 373/549/500 1145/1715/1594
f 4531/1045/972 4036/2535/2293 4636/1046/973
f 1677/2536/2294 1678/2537/2295 1679/2538/2296
f 331/488/443 333/490/445 1680/2539/2297
f 347/509/464 674/994/924 348/510/465
f 1069/2540/1478 3707/2541/2298 1681/2542/2299
f 4594/386/343 262/385/342 1229/1846/1710
f 1682/2543/2300 4849/2544/2301 12/18/15
f 1683/2545/2302 694/1022/949 2322/1024/951
f 1684/2546/865 297/436/391 1685/2547/2303
f 3434/2548/2304 1032/1536/1431 1686/2549/2305
f 1967/2550/2306 3385/463/418 1687/2551/2307
f 3695/2552/2308 1688/2553/2309 4690/2554/2310
f 4895/2555/2311 1689/2556/2312 4329/2557/2313
f 1690/2558/2314 1691/2559/2315 1692/2560/2316
f 1693/2561/2317 1694/2562/2318 1695/2563/2319
f 449/668/612 451/670/614 1696/2564/2320
f 3538/2565/1023 1697/2566/2321 2353/2567/2322
f 2418/2568/2323 1698/2569/2324 1699/2570/2325
f 1700/2571/2326 1701/2572/2327 1627/2462/2233
f 1702/2573/2328 996/1478/1376 1703/2574/2329
f 1704/2575/2330 1289/1941/1791 1705/2576/2331
f 1706/2577/2332 2748/2578/2333 489/725/669
f 4230/2579/2334 4662/2580/2335 4945/2581/2336
f 1707/2582/2337 1708/2583/2338 4633/2584/2339
f 1709/2585/2340 1710/2586/2341 1711/2587/2342
f 1561/2353/2140 1638/2479/2248 3517/2588/2343
f 1712/2589/2344 4388/2590/2345 1490/2591/2056
f 732/1089/1014 1713/2592/2346 734/1090/1015
f 4630/2593/1663 1201/2594/1664 4903/2595/2347
f 2418/2568/2323 1714/2596/2348 1715/2597/2349
f 4075/2598/2350 3204/2599/2351 1716/2600/2352
f 4075/2598/2350 1716/2600/2352 1717/2601/2353
f 4580/2602/2354 1408/2138/1956 795/1179/1099
f 4295/391/348 264/390/347 1718/2603/2355
f 1719/2604/2356 3595/2605/2357 1720/2606/2358
f 1721/2607/2359 840/1239/1155 1353/2039/1874
f 1722/2608/2360 1723/2609/2361 1724/2610/2362
f 469/695/639 1725/2611/2363 1726/2612/2364
f 1727/2613/2365 1050/1557/1450 1049/1556/1449
f 1728/2614/2366 1729/2615/2367 1730/2616/2368
f 316/464/419 1728/2614/2366 1730/2616/2368
f 4666/2617/2369 3118/2618/2370 1638/2479/2248
f 1731/2619/2371 1732/2620/2372 1733/2621/2373
f 1734/2622/2374 4032/2623/2375 4806/2624/2376
f 4849/2544/2301 1682/2543/2300 19/27/21
f 2343/2625/2377 1735/2626/2378 1736/2627/2379
f 4428/2628/2380 1228/1845/1709 1463/2629/2028
f 1737/2630/1508 1090/2631/1507 1738/2632/2381
f 1739/2633/2382 1740/2634/2383 4672/2635/2384
f 4659/920/852 974/1451/1352 619/921/853
f 1741/2636/2385 302/442/397 1742/2637/2386
f 1743/2638/2387 962/2639/1336 3654/2640/2388
f 407/277/238 195/279/240 1076/1599/1490
f 1744/2641/1567 1745/2642/1566 1656/2506/2268
f 781/1160/1081 201/1159/250 3424/2643/2389
f 781/1160/1081 3424/2643/2389 1746/2644/2390
f 157/210/182 156/209/181 1747/2645/2391
f 1043/1549/1443 820/2646/1134 1782/2647/2392
f 1748/2648/2393 1749/2649/2394 1750/2650/2395
f 928/1374/1280 929/1375/1281 1315/1980/1821
f 1751/2651/2004 251/367/327 250/366/326
f 1752/2652/2396 1753/2653/2397 1259/2654/1747
f 1519/2154/1969 4148/2655/2398 1754/2656/2399
f 1755/2657/2400 4340/570/521 668/986/916
f 785/1166/1086 3864/1168/1088 3996/333/293
f 1756/2658/1401 1757/2659/2401 1012/2660/1399
f 1758/2661/2402 3876/2662/2403 1759/2663/2404
f 714/1056/983 972/1448/1349 4605/2664/2405
f 1760/2665/2229 642/951/883 440/659/603
f 167/231/201 1761/2666/270 259/241/208
f 3541/1392/1297 4908/2667/2406 1596/2408/2192
f 682/1005/935 935/1384/1289 871/1282/1197
f 1762/2668/2407 3940/2669/2408 1763/2670/2409
f 1764/2671/2410 1765/2672/2411 1766/2673/2412
f 1281/1928/1572 1767/2674/1574 4739/1929/1780
f 3226/2675/2413 2386/2676/2414 3490/2677/2415
f 1768/2678/2416 1769/2679/2417 1770/2680/2418
f 1045/1552/1445 1771/2681/2419 1044/1551/1444
f 1772/2682/2420 2287/2683/2421 1773/2684/2422
f 1774/2685/2423 1775/2686/2424 1776/2687/2425
f 4807/2420/2200 1605/2422/2202 1777/2688/2426
f 1591/2396/2180 1592/2398/2182 1778/2689/2427
f 1779/2690/2428 1780/2691/2429 1298/1955/1802
f 478/708/652 208/301/262 210/303/264
f 1781/2692/2430 1782/2693/2392 820/1215/1134
f 3759/1915/1769 4186/2694/2431 1271/1916/1770
f 3578/2695/2432 831/2696/1146 830/2697/1145
f 4870/1125/1049 759/1127/1051 1783/2698/2433
f 1784/2699/2434 853/1257/1173 1785/2700/783
f 660/977/908 662/979/910 4404/2701/2435
f 1098/2702/706 1786/2703/2436 1016/2704/1407
f 1787/2705/2437 1788/2706/2438 1789/2707/1916
f 1790/2708/2439 3161/2709/127 1791/2710/2440
f 305/445/400 3215/2711/1608 1792/2712/2441
f 1793/2713/2442 3295/2714/2443 3774/2021/1859
f 1794/2715/2444 4800/1943/1793 2326/2716/2445
f 1691/2559/2315 716/1060/987 1692/2560/2316
f 1160/1734/1609 1035/1539/1433 1034/1538/194
f 3250/1834/1698 1223/1836/1700 1795/2717/2446
f 2978/225/195 1023/1524/1419 1796/2718/1414
f 4717/825/765 2165/2719/2447 3201/826/766
f 1797/2720/2448 1350/2721/1181 4389/2722/2449
f 1798/2723/2279 1799/2724/2278 1800/2725/2450
f 3784/1423/1326 2516/2726/2451 1801/2727/480
f 2084/2728/2452 1802/2729/2453 2793/2730/2454
f 1803/2731/2455 2310/2732/2456 1804/2733/2457
f 1805/2734/2458 1806/2735/2459 1807/2736/2460
f 4804/2737/2461 1808/2738/2462 1809/2739/2463
f 916/1352/1260 911/1351/1251 910/2042/1250
f 191/270/231 189/268/229 1468/2234/2034
f 1810/2740/2464 1811/2741/2465 829/1227/1144
f 1812/2742/2466 1813/2743/2467 1814/2744/2468
f 1815/2745/2469 1816/2746/2470 1817/2747/2471
f 1818/2748/2472 1819/2749/2473 1820/2750/2474
f 4223/2297/2089 2250/2751/2475 1821/2752/2476
f 1822/2753/2477 1823/2754/2478 3825/2755/2479
f 1444/874/808 589/876/810 1112/2756/1540
f 4607/388/345 4394/2757/2480 4815/2758/2481
f 1824/2759/2482 338/496/451 4707/2760/2483
f 1825/2761/646 1780/2691/2429 1779/2690/2428
f 1826/2762/2484 3470/2763/2485 1827/2764/2486
f 1828/2765/2487 1829/2766/2488 1830/2767/2489
f 1046/1553/1446 3072/1841/1705 1047/1554/1447
f 3640/1972/564 1831/2768/2490 1310/1973/1814
f 465/2769/635 4359/1077/1004 1832/2770/2491
f 1833/2771/2492 2644/2772/2493 1834/2773/2494
f 4740/2774/2495 1835/2775/2496 1836/2776/2497
f 404/601/551 403/600/550 1837/2777/2498
f 1742/2637/2386 1838/2778/2499 1552/2342/2129
f 4859/2779/2500 1839/2780/2501 1840/2781/2502
f 3885/2782/2503 4874/2783/2504 1841/2784/2505
f 1842/2785/1795 1439/2194/2001 1843/2786/2506
f 2060/2787/2507 1844/2788/2508 512/2789/703
f 1845/2790/2509 1846/2791/2510 3227/2792/2511
f 3906/2793/2512 1277/742/685 3131/2794/2513
f 1847/2795/2514 665/2796/913 3446/1140/1062
f 371/547/498 4498/546/497 1072/1591/1482
f 1000/1483/1380 1848/2797/2515 1001/1484/1381
f 191/270/231 431/643/587 430/642/586
f 1849/2798/2516 1850/2799/2517 1721/2607/2359
f 1851/2800/2518 1438/2190/1997 1437/2189/1996
f 4066/2801/2519 1852/2802/2520 1853/2803/2521
f 3883/2397/2181 1522/2306/2097 3252/2804/2522
f 2055/2805/2523 1854/2806/2524 801/2807/1110
f 1855/2808/2525 270/401/356 4326/2809/2526
f 237/345/305 1856/2810/2527 1241/1862/1724
f 436/2811/593 1857/2812/1606 1858/2813/2528
f 1819/2749/2473 1859/2814/2529 1820/2750/2474
f 1860/2815/2530 4379/2816/2531 1861/2817/2532
f 4804/2818/2461 943/2819/1304 4882/2820/2533
f 678/999/929 2641/2821/2534 1862/2822/2535
f 1863/2823/2536 1864/2824/2537 1865/2825/2538
f 1866/2826/2539 209/302/263 208/301/262
f 4319/2827/2540 1867/2828/2541 1868/2829/2542
f 859/2830/1182 1350/2033/1181 4028/2035/1871
f 1869/2831/2543 1870/2832/1163 1406/2133/1952
f 1871/2833/2544 1872/2834/2545 1873/2835/2546
f 1103/1639/1527 1529/2313/2104 550/817/757
f 1457/2218/2020 2018/2836/2547 475/2219/649
f 1874/2837/2548 1875/2838/2549 4117/2839/2550
f 1876/2840/2551 4843/2841/2552 1877/2842/2553
f 337/495/450 1302/1960/1807 338/496/451
f 826/1222/1140 1284/1933/1784 1878/2843/1786
f 421/625/572 4511/2844/2554 1879/2845/2555
f 4070/2846/2556 1880/2847/2557 1427/2179/1986
f 780/1157/1079 1881/2848/2558 1882/2849/2559
f 4020/1817/1684 1125/2850/1563 1883/2851/2560
f 3251/2852/2561 4/7/5 6/9/7
f 3251/2852/2561 6/9/7 30/2853/38
f 1884/2854/2562 4404/2855/2435 1885/2856/2563
f 1884/2857/2562 1885/2858/2563 1886/2859/2564
f 1887/2860/2565 1888/2861/2566 1889/2862/2567
f 721/1071/998 517/2863/711 3847/2864/2568
f 1890/2865/2569 2527/2866/2570 307/448/403
f 1891/2867/2571 4409/2868/2572 1892/2869/2573
f 1686/2870/2305 4774/2117/1940 1398/2116/1939
f 516/767/710 1893/2871/2574 1894/2872/2575
f 1079/1602/1493 1078/1601/1492 1895/2873/2576
f 3713/2874/306 1896/2875/2577 1897/2876/2578
f 1898/2877/2579 1899/2878/2580 1900/2879/2581
f 3625/2880/2582 1901/2881/2583 1902/2882/2584
f 1878/2843/1786 1284/1933/1784 159/217/187
f 1903/2883/2585 3817/2884/2586 176/248/211
f 1904/2885/2587 514/764/707 1905/2886/2588
f 399/593/544 400/595/546 1697/2566/2321
f 1223/1836/1700 1906/2887/2589 1907/2888/2590
f 1908/2889/2591 1909/2890/2592 615/912/844
f 1440/2199/2005 1910/2891/2593 3354/2892/2594
f 1530/2314/2105 1911/2893/2595 1912/2894/2596
f 1913/2895/2597 1279/2896/1777 1154/1725/1602
f 1914/2897/1464 1915/2898/2598 1916/2899/1465
f 1917/2900/2599 3757/2901/2600 1132/1694/1577
f 1918/2902/2601 4094/2903/2602 4095/2904/2603
f 1144/260/221 183/259/220 479/710/654
f 1919/2905/2604 222/319/280 101/140/116
f 3692/362/322 800/1189/1109 395/2906/538
f 1870/1247/1163 4927/2907/2605 846/1248/1164
f 1824/2759/2482 1920/2908/2606 338/496/451
f 866/1277/1192 2582/2909/2607 1921/2910/2608
f 1922/2911/2066 1923/2912/1834 3859/2913/2609
f 332/489/444 2736/2914/2610 333/490/445
f 1924/2915/2611 626/928/860 1925/2916/2612
f 972/1448/1349 4113/1447/1348 1926/2917/2613
f 1927/2918/2614 972/1448/1349 1926/2917/2613
f 1928/2919/2615 1929/2920/2616 1654/2504/2266
f 3040/2921/2617 1115/1659/1546 1930/2922/2618
f 1007/1495/1390 1826/2762/2484 1931/2923/2619
f 2770/2924/2620 1932/2925/2621 1933/2926/1389
f 1934/2927/2622 1935/2928/2623 1936/2929/2624
f 1937/2930/2625 511/2931/702 3927/2932/358
f 1938/2933/2626 1939/2934/2627 1940/2935/2628
f 4778/2936/845 4352/2937/2629 1941/2938/2630
f 1942/2939/2631 1943/2940/2632 1944/2941/401
f 416/615/563 1945/2942/2633 3147/2943/2634
f 416/615/563 3147/2943/2634 319/616/424
f 1946/2944/2635 1947/2945/2636 966/1438/1340
f 1948/2946/2637 3021/2947/2638 1949/2948/2639
f 3403/2949/2640 1950/2950/2641 1951/2951/2642
f 1952/2952/2643 1953/2953/2644 1954/2954/2645
f 2723/2955/2646 1111/1652/1539 1955/2956/2647
f 1830/2767/2489 1829/2766/2488 4069/2957/2648
f 2274/2958/2649 4438/2959/2650 2275/2960/2651
f 1956/2961/2652 1957/2962/2653 17/23/19
f 1958/2963/2654 2365/2964/2655 1959/2965/2656
f 3869/2966/2657 3519/2967/2658 1960/2968/2659
f 260/382/339 1832/2770/2491 1961/2969/1751
f 777/1152/1074 3946/2970/2660 1962/2971/1816
f 1647/2493/2256 1648/2495/2257 1963/2972/2661
f 1657/2507/2269 1141/1708/1588 4072/2973/2662
f 4536/2974/2663 1964/2975/2664 1965/2976/2665
f 1490/2591/2056 1491/2977/2058 4538/2978/2666
f 1081/1605/1495 4298/1158/1080 781/1160/1081
f 1966/2979/2667 1967/2980/2306 1687/2981/2307
f 1968/2982/2668 1969/2983/2669 1970/2984/2670
f 4456/2985/1393 1971/2986/2671 1972/2987/2190
f 1727/2613/2365 4932/2988/2672 1050/1557/1450
f 367/538/489 3271/1674/1561 1973/2989/2673
f 1179/1764/1636 1974/2990/2674 4692/2991/2675
f 4125/2992/2676 388/2993/525 1975/2994/2677
f 963/1435/1337 279/413/368 2627/2995/2678
f 1774/2685/2423 1976/2996/2679 2446/631/576
f 1977/2997/2680 824/1219/1138 1978/2998/2681
f 1979/2999/2682 1980/3000/2683 1981/3001/2684
f 1604/3002/2201 1225/1839/1703 1982/3003/2685
f 1983/3004/2686 1984/3005/2687 1985/3006/2688
f 824/1219/1138 823/1218/1137 1978/2998/2681
f 2755/3007/2689 4878/1799/1667 1986/3008/2690
f 789/1171/1091 1987/3009/1517 3674/3010/1735
f 1988/3011/2691 2095/3012/2692 1233/1851/1713
f 1201/3013/1664 1989/3014/2693 1990/3015/2694
f 1991/3016/2695 808/1044/971 4230/2579/2334
f 1992/3017/2187 1993/3018/2696 1994/3019/2697
f 1995/3020/2698 1758/2661/2402 1996/3021/2699
f 1997/3022/2700 1998/3023/1755 1999/3024/2701
f 2000/3025/2702 2001/3026/2703 1396/2112/1937
f 1593/2400/2184 2422/2399/2183 2002/3027/2704
f 2003/3028/2705 757/1123/1047 1613/2436/2213
f 2004/3029/2706 2005/3030/2707 2006/3031/2708
f 233/336/296 2007/3032/2709 342/3033/458
f 833/3034/1148 328/485/440 330/487/442
f 3389/2468/2239 4930/3035/2710 1631/2469/2240
f 2008/3036/1252 4450/3037/2711 2009/3038/1253
f 3729/3039/2712 2010/3040/2713 385/3041/520
f 2011/3042/2714 2012/3043/2715 2013/3044/2716
f 2011/3042/2714 2013/3044/2716 2014/3045/2717
f 2015/3046/2718 1637/2478/2247 2016/3047/2719
f 71/98/82 83/112/96 62/85/71
f 4598/3048/2720 4427/3049/2721 2017/3050/2722
f 2018/3051/2547 1824/2759/2482 4707/2760/2483
f 1310/1973/1814 2019/3052/2723 2020/3053/2724
f 4368/3054/2725 2021/3055/2726 2022/3056/2727
f 2023/3057/2728 2024/3058/297 344/505/460
f 2025/3059/2729 2026/3060/2730 4263/3061/2731
f 1136/3062/1584 877/1290/1204 1137/3063/1585
f 4208/1545/1439 736/1093/1018 1326/3064/1836
f 2027/3065/2732 4739/3066/1780 2028/3067/2733
f 296/435/390 295/434/389 1361/2053/1886
f 3579/3068/2734 2746/3069/2735 2029/3070/2736
f 4626/3071/2737 135/181/157 3978/3072/2738
f 1367/2061/1893 2030/3073/2739 1901/2881/2583
f 4892/564/515 2031/3074/2740 2497/3075/2741
f 2032/3076/2742 2033/3077/2743 4951/3078/2744
f 4086/1326/1239 1104/1638/1526 4017/3079/1528
f 2034/3080/2745 2035/3081/2746 2036/3082/2747
f 3238/3083/2748 4381/1863/1725 1243/1865/1727
f 1881/2848/2558 2767/3084/2749 2037/3085/2750
f 715/1058/985 3400/3086/2751 2038/3087/260
f 2039/3088/2752 3345/1065/992 2040/3089/2753
f 4780/3090/2754 1997/3022/2700 1999/3024/2701
f 522/776/719 4747/775/718 2041/3091/2755
f 1897/3092/2578 2042/3093/2756 1013/1507/1402
f 1656/2506/2268 2043/3094/2757 1657/2507/2269
f 4418/850/790 2044/3095/2758 2634/3096/2759
f 1290/1944/1794 3177/1946/1796 2045/3097/2760
f 2046/3098/2761 2047/3099/2762 2048/3100/2763
f 3106/3101/2764 2049/3102/2121 2050/3103/2765
f 1614/2437/2214 1613/2436/2213 756/1122/1046
f 1404/3104/1948 2051/3105/2766 1405/3106/1949
f 2082/3107/2767 1319/1985/1826 2052/3108/2768
f 2053/3109/2769 2054/3110/2770 2055/3111/2523
f 2056/3112/2771 3763/3113/2772 2057/3114/1704
f 3973/3115/2773 1345/3116/1863 2058/3117/2774
f 4748/282/243 2059/3118/2775 1102/3119/1525
f 174/237/207 173/3120/210 169/3121/203
f 3843/3122/2776 2060/3123/2507 2027/3124/2732
f 2061/3125/2777 2062/3126/2778 2063/3127/2779
f 2064/3128/2780 1184/1772/1644 2065/3129/2781
f 4396/2084/1913 1379/2083/1912 3952/3130/1679
f 2962/2121/1943 4616/2120/1942 2066/3131/1505
f 765/3132/1058 3344/3133/2782 2067/3134/1161
f 2113/3135/2783 1213/1818/1685 2068/3136/2784
f 2069/3137/2785 1267/3138/1764 897/1318/1232
f 178/782/213 2782/781/723 4766/3139/2786
f 294/430/385 1530/2314/2105 2070/3140/2787
f 1953/2953/2644 3897/3141/2292 2071/3142/2788
f 1528/2312/2103 550/817/757 1529/2313/2104
f 1267/3138/1764 1634/2475/2244 897/1318/1232
f 2072/3143/2789 2073/3144/2790 1264/3145/1759
f 1913/2895/2597 1797/2720/2448 2074/3146/2791
f 2075/3147/2792 1913/2895/2597 2074/3146/2791
f 2076/3148/2793 2077/3149/2794 2078/3150/2795
f 684/3151/938 544/810/751 4697/809/750
f 4883/575/526 860/1268/1183 1305/456/411
f 2079/3152/1779 4739/3066/1780 2080/3153/2796
f 2081/3154/2797 2082/3155/2767 1572/2370/2155
f 4108/1644/1531 2015/3156/2718 1077/1600/1491
f 2083/3157/2798 3789/3158/2799 1571/3159/2153
f 4054/550/501 624/3160/858 2415/3161/2800
f 1454/2215/2018 2982/3162/2801 4515/3163/2802
f 557/828/768 806/1195/1115 558/829/769
f 286/1706/376 2586/3164/2803 2585/3165/2804
f 2422/2399/2183 4516/3166/2805 2002/3027/2704
f 1759/2663/2404 1802/3167/2453 2084/3168/2452
f 4747/775/718 3701/3169/2806 2041/3091/2755
f 1651/2499/2261 751/1114/1038 4652/3170/2807
f 3239/3171/2808 2085/3172/2809 2034/3173/2745
f 470/696/640 1726/2612/2364 1586/2390/2174
f 675/995/925 2086/3174/2810 674/994/924
f 2087/3175/2811 959/1430/1332 958/1429/1331
f 1512/3176/2084 4424/1673/1560 4324/3177/2812
f 844/1243/1159 1423/2173/1984 563/2175/774
f 2088/3178/2813 652/965/897 4207/3179/2814
f 1181/1766/1638 605/901/833 604/900/832
f 155/205/179 2089/3180/2815 3813/3181/2816
f 260/382/339 1961/2969/1751 261/383/340
f 481/713/657 2090/3182/2817 3320/3183/2818
f 1333/2008/1847 1332/2007/1846 2091/3184/2819
f 2092/3185/2820 2093/3186/2821 2094/3187/2822
f 623/925/857 625/927/859 4854/3188/2823
f 547/814/754 546/813/753 2095/3189/2692
f 3745/3190/2824 2096/3191/2825 2815/3192/2826
f 2097/3193/2827 827/1223/1141 2098/3194/2828
f 2097/3193/2827 2098/3194/2828 44/60/54
f 1945/2942/2633 697/1225/955 2099/3195/954
f 1755/2657/2400 2100/3196/2829 2101/3197/2830
f 1806/2735/2459 3797/3198/2831 1709/2585/2340
f 3423/3199/2832 1739/2633/2382 2102/3200/2833
f 1149/1720/1597 1148/1719/1257 1489/3201/2054
f 369/541/492 787/1169/1089 2103/3202/2834
f 2326/3203/2445 4800/3204/1793 4119/3205/2835
f 2104/3206/2836 2105/3207/2837 2106/3208/2838
f 1640/2482/2250 1639/2481/2249 740/1097/1021
f 1468/2234/2034 1467/2233/2033 431/643/587
f 1462/2226/2027 1464/2228/2029 4151/2238/686
f 3817/2884/2586 4162/3209/2839 2356/3210/2840
f 2530/2424/2204 4823/3211/2841 1607/2425/2205
f 2107/3212/2842 2108/3213/2843 2109/3214/2844
f 2110/3215/1867 2107/3212/2842 2109/3214/2844
f 3751/3216/2845 4857/3217/2846 2111/3218/2847
f 2112/3219/2848 2113/3220/2783 2114/3221/2849
f 2026/3060/2730 3844/3222/2850 4263/3061/2731
f 2115/3223/1593 698/1033/960 699/1035/962
f 2771/3224/2851 1988/3011/2691 2772/3225/2852
f 2116/3226/365 3903/3227/2853 2117/3228/2854
f 1994/3019/2697 1458/2221/2022 4942/2220/2021
f 2118/3229/2855 2119/3230/2856 2120/3231/2857
f 1525/2309/2100 4875/3232/2858 2224/3233/2859
f 141/187/163 3048/1505/1400 1012/1504/1399
f 1757/2659/2401 3163/3234/2860 4004/3235/2861
f 4247/3236/2862 3180/3237/2863 3181/449/404
f 4916/584/535 4419/3238/2864 2121/3239/2865
f 4490/3240/2866 2122/3241/2867 4826/3242/2868
f 1575/3243/2159 476/3244/650 2123/3245/2869
f 4746/3246/2870 1090/1617/1507 1089/1616/1506
f 1589/3247/2178 2124/3248/2871 2125/3249/2872
f 2126/3250/2873 1589/3247/2178 2125/3249/2872
f 4767/3251/2874 2127/3252/2875 2128/3253/2876
f 1029/1533/1428 499/3254/684 2129/3255/1290
f 2130/3256/2877 880/1293/1207 1499/2277/2070
f 1616/2443/2218 2131/3257/2878 4948/3258/2879
f 753/1116/1040 2132/3259/2880 2133/3260/2881
f 724/1075/1002 216/313/274 1628/2463/2234
f 722/1073/1000 724/1075/1002 1628/2463/2234
f 3733/3261/2882 2134/3262/1954 4668/3263/2883
f 2135/3264/2884 2136/3265/2885 2137/3266/2886
f 2138/3267/2887 596/889/822 2139/3268/2888
f 2140/3269/2889 2141/3270/2890 2142/3271/2891
f 519/770/713 2143/3272/2892 2847/3273/255
f 519/770/713 2847/3273/255 2144/3274/2893
f 1064/1582/1473 4188/3275/2894 3686/3276/2895
f 2145/3277/594 738/1095/1019 737/1094/595
f 1043/1549/1443 1042/1548/1442 820/2646/1134
f 517/768/711 516/767/710 1894/2872/2575
f 2146/3278/2896 2147/3279/2897 2148/3280/2898
f 4576/2467/2238 1631/2469/2240 2149/3281/2899
f 2150/3282/2900 4652/3170/2807 2778/3283/2901
f 4678/3284/2902 2151/3285/2903 2152/3286/2904
f 2153/3287/2905 2154/3288/2906 3629/3289/2907
f 1276/1922/1775 1462/2226/2027 1277/1923/685
f 544/810/751 4868/3290/2908 473/811/644
f 3679/869/805 140/186/162 142/188/164
f 3589/2140/1958 2155/3291/2909 2156/3292/2910
f 3220/3293/2911 2157/3294/2912 2087/3175/2811
f 644/3295/886 70/97/81 3109/96/80
f 2158/3296/2913 1775/2686/2424 2159/3297/2914
f 3405/3298/2915 4942/3299/2021 643/953/885
f 1183/1771/1643 647/957/889 918/1355/1263
f 2024/3058/297 342/503/458 344/505/460
f 2160/3300/2916 2161/3301/2917 2162/3302/2918
f 2163/3303/2919 3127/3304/2920 2164/3305/2921
f 351/515/468 3409/3306/2922 2038/299/260
f 4452/3307/2923 2165/3308/2447 4717/3309/765
f 2166/3310/2924 2167/3311/2925 2168/3312/2926
f 2169/3313/2927 442/661/605 2170/3314/2928
f 1749/2649/2394 2171/3315/2929 3503/3316/2930
f 3175/2338/2125 2172/3317/2931 1547/2336/2123
f 2173/3318/2932 922/1361/1267 921/1360/1266
f 2174/3319/2933 4867/1739/1614 1163/1738/1613
f 2175/3320/1841 1407/2135/1953 32/46/40
f 794/1178/1098 683/1007/937 4122/3321/2934
f 2176/3322/2935 2036/3082/2747 2035/3081/2746
f 2176/3322/2935 2035/3081/2746 2177/3323/2936
f 2178/3324/2937 2179/3325/2938 2180/3326/2939
f 187/265/226 3025/3327/2940 1246/2040/1730
f 300/440/395 4901/1137/139 121/3328/143
f 2181/3329/1565 2182/3330/2941 4214/3331/2942
f 838/1237/1153 4354/3332/2943 2183/3333/1611
f 2738/3334/2944 2008/1342/1252 1428/2180/1987
f 3832/2195/2002 2184/3335/2945 340/499/454
f 2185/3336/1744 3028/3337/2946 2186/3338/2947
f 2187/3339/2948 1484/2253/2049 2188/3340/2949
f 2189/3341/2950 2190/3342/2951 2191/3343/2952
f 2192/3344/2953 2193/3345/2954 1032/1536/1431
f 1031/1535/1430 2192/3344/2953 1032/1536/1431
f 2270/3346/2955 1966/2979/2667 2194/3347/2956
f 2195/3348/2957 2127/3349/2875 2196/3350/2958
f 2967/3351/2959 4845/3352/2960 2197/3353/1961
f 2198/3354/2961 4434/3355/2962 2199/3356/2963
f 1114/3357/1544 1296/3358/1543 2200/3359/2964
f 1003/1486/1383 3706/536/487 608/3360/837
f 2201/3361/2965 2202/3362/2966 267/396/351
f 438/653/597 2203/3363/2967 1429/2181/1988
f 3097/2510/2272 2204/3364/2968 181/255/216
f 4394/3365/2480 3698/3366/2241 2205/3367/2969
f 4394/3365/2480 2205/3367/2969 2206/3368/2970
f 4875/3369/2858 557/828/768 848/1250/1166
f 1202/3370/1665 2207/3371/2971 3647/3372/2972
f 2898/3373/2973 4458/3374/2974 2208/3375/2975
f 2209/3376/2976 2210/3377/2977 1585/2388/2172
f 1449/2209/2013 1340/3378/1855 564/3379/777
f 4069/2957/2648 2211/3380/2978 2212/3381/2979
f 2213/3382/2980 2214/3383/2981 1173/1755/1628
f 1222/1835/1699 2215/3384/2982 1223/1836/1700
f 4479/3385/2983 2156/3292/2910 2216/3386/2984
f 2217/3387/977 2218/3388/2985 705/1041/968
f 771/1146/1068 773/1148/1070 2219/3389/2986
f 1868/2829/2542 771/1146/1068 2219/3389/2986
f 2220/3390/2987 2221/3391/2988 2222/3392/2989
f 1183/1771/1643 648/958/890 647/957/889
f 2223/3393/2990 2224/3394/2859 2140/3269/2889
f 2225/3395/2991 2226/3396/2992 1805/3397/2458
f 2125/3249/2872 2227/3398/2993 3974/3399/2994
f 2228/3400/2995 2229/3401/2996 4650/347/307
f 1653/2503/2265 2230/3402/2997 1654/2504/2266
f 4268/3403/2998 3017/3404/1910 2051/3105/2766
f 1769/3405/2417 2231/3406/2999 2232/3407/3000
f 2233/3408/3001 2234/3409/1405 2235/3410/3002
f 2236/3411/1298 2237/3412/3003 2238/3413/3004
f 2239/3414/3005 2240/3415/3006 2241/3416/3007
f 4858/3417/986 3395/3418/3008 832/1230/1147
f 2242/3419/3009 2243/3420/3010 2399/3421/3011
f 2244/3422/3012 2245/3423/2264 1652/3424/2263
f 757/1123/1047 2246/3425/3013 1180/1765/1637
f 2247/3426/3014 1313/1977/1818 1314/1979/1820
f 2248/3427/3015 2249/3428/3016 2250/3429/2475
f 4383/2522/2282 1666/2521/2281 1724/2610/2362
f 4383/2522/2282 1724/2610/2362 2251/3430/3017
f 1324/1993/1833 2252/3431/3018 165/227/197
f 2253/3432/1557 986/1464/1362 2254/3433/3019
f 2198/3354/2961 3177/1946/1796 4434/3355/2962
f 1392/1745/1619 2255/3434/3020 4127/3435/1931
f 542/807/748 3913/3436/3021 2256/3437/3022
f 1002/1485/1382 787/1169/1089 1318/1984/1825
f 3549/3438/3023 2257/3439/3024 4640/3440/2160
f 2258/3441/1999 4500/1816/1683 618/918/850
f 650/1603/894 4496/422/377 159/217/187
f 2259/3442/3025 1134/3443/1581 1421/3444/1580
f 497/738/681 2260/3445/3026 2261/3446/3027
f 2262/3447/3028 2/2/2 2263/3448/3029
f 1796/2718/1414 1023/1524/1419 2264/3449/3030
f 17/23/19 18/24/20 2265/3450/3031
f 2266/3451/3032 4737/3452/3033 2745/3453/3034
f 2253/3432/1557 2254/3433/3019 4273/3454/3035
f 4855/3455/3036 2267/3456/3037 1116/3457/1549
f 4855/3455/3036 1116/3457/1549 2268/3458/1548
f 3428/3459/3038 2269/3460/3039 2270/3461/2955
f 2271/3462/3040 2272/3463/3041 588/873/807
f 3510/1378/1284 1269/1913/1767 1377/2077/1907
f 646/3464/888 3943/3465/884 1625/2458/2230
f 3439/3466/3042 3148/3467/3043 1459/2223/2024
f 2273/3468/3044 3898/3469/3045 778/1153/1075
f 1397/2113/1938 2274/3470/2649 2275/3471/2651
f 2276/3472/3046 2277/3473/3047 2278/3474/3048
f 2279/3475/3049 2259/3442/3025 1421/3444/1580
f 3838/3476/2227 1248/1877/289 2280/3477/3050
f 3798/3478/3051 246/359/319 4283/358/318
f 2070/3140/2787 1912/2894/2596 2281/3479/3052
f 4543/3480/3053 4553/3481/3054 2282/3482/3055
f 2283/3483/3056 2284/3484/3057 2285/3485/3058
f 1604/2421/2201 1982/3486/2685 2286/3487/1469
f 2287/3488/2421 4467/3489/3059 2288/3490/3060
f 2289/3491/3061 2290/3492/3062 1429/2181/1988
f 2291/3493/3063 2069/3137/2785 2292/3494/3064
f 1714/3495/2348 2293/3496/3065 131/177/153
f 2294/3497/3066 3255/3498/3067 3673/3499/257
f 226/324/284 1320/1986/1827 2295/3500/3068
f 4130/3501/3069 931/1379/1285 720/1381/995
f 2296/3502/3070 4259/3503/361 273/3504/360
f 2297/3505/3071 639/948/880 2298/3506/3072
f 2299/3507/3073 1306/1967/410 4896/3508/3074
f 2300/3509/3075 2301/3510/3076 1214/1819/1686
f 4889/3511/3077 2302/3512/3078 1121/1667/1554
f 1170/1751/1624 2303/3513/3079 1171/1752/1625
f 2304/3514/3080 3998/3515/3081 2305/3516/3082
f 2306/3517/3083 1245/1870/1729 3120/3518/3084
f 1863/2823/2536 327/484/439 2307/3519/3085
f 2193/3345/2954 3099/3520/3086 3100/3521/3087
f 2076/3148/2793 2078/3150/2795 2308/3522/3088
f 2309/3523/3089 3504/3524/932 2310/3525/2456
f 2311/3526/2055 1194/1785/1656 4808/1787/1657
f 2312/3527/3090 2313/3528/3091 437/652/596
f 2314/3529/3092 1215/1820/1687 2315/3530/3093
f 1696/2564/2320 1819/2749/2473 449/668/612
f 994/1476/1374 4236/3531/3094 797/1181/1101
f 2316/3532/3095 2317/3533/3096 2318/3534/3097
f 1837/2777/2498 2319/3535/502 4575/3536/3098
f 4897/3537/3099 2320/3538/3100 2321/3539/3101
f 1295/1952/1801 4589/3540/1843 876/3541/1203
f 2322/3542/951 2323/3543/3102 2324/3544/2197
f 2325/3545/3103 2326/3546/2445 2327/3547/3104
f 3034/3548/3105 2328/3549/3106 2329/3550/3107
f 146/192/168 147/193/169 4411/3551/3108
f 1550/3552/2127 2330/3553/3109 2331/3554/3110
f 1062/1579/1470 2332/3555/3111 2333/3556/3112
f 2334/3557/3113 4182/881/815 2335/3558/3114
f 592/3559/813 2336/3560/3115 4037/3561/3116
f 2337/3562/738 2338/3563/3117 3805/3564/3118
f 4767/3251/2874 2128/3253/2876 2339/3565/3119
f 3740/3566/1981 2340/3567/3120 4363/3568/1982
f 2341/3569/3121 3715/3570/3122 2092/3185/2820
f 4416/1595/1486 1074/1597/1488 2342/3571/3123
f 2343/3572/2377 4323/3573/3124 1735/3574/2378
f 2344/3575/3125 855/3576/1175 2345/3577/3126
f 2346/3578/3127 2347/3579/3128 105/146/122
f 2348/3580/3129 3130/3581/3130 4308/3582/3131
f 2349/3583/3132 2350/3584/3133 4918/3585/3134
f 3952/3586/1679 3953/3587/3135 1209/3588/1680
f 917/1354/1262 1182/1769/1641 1183/1771/1643
f 2351/3589/1025 1165/1741/1616 1035/3590/1433
f 471/697/641 2352/3591/3136 995/1477/1375
f 2241/3416/3007 2353/3592/2322 2354/3593/3137
f 3465/3594/3138 2355/3595/3139 429/3596/585
f 607/904/836 868/3597/1194 870/3598/1196
f 2356/3599/2840 4766/3139/2786 1979/2999/2682
f 987/1465/1363 4075/3600/2350 947/3601/1309
f 2357/3602/3140 2658/3603/3141 2358/3604/3142
f 2359/3605/3143 2360/3606/3144 487/723/667
f 465/2769/635 4358/3607/1564 4359/1077/1004
f 3468/278/239 1388/2101/1927 195/279/240
f 2361/3608/2015 1517/3609/2091 2362/3610/3145
f 1673/2529/2289 2055/2805/2523 801/2807/1110
f 106/3611/124 4205/3612/3146 2346/3613/3127
f 2849/221/191 162/220/190 2363/3614/3147
f 1653/2503/2265 2331/3554/3110 4152/3615/3148
f 2364/3616/3149 2365/3617/2655 1781/3618/2430
f 282/416/371 283/418/373 2366/3619/1555
f 2003/3028/2705 2246/3425/3013 757/1123/1047
f 2367/3620/3150 2368/3621/3151 1176/1760/1632
f 2369/3622/3152 464/688/632 2370/3623/3153
f 2371/3624/3154 2329/3550/3107 2328/3549/3106
f 2372/3625/3155 2373/3626/3156 2374/3627/3157
f 2375/3628/3158 4566/3629/3159 2376/3630/3160
f 2375/3628/3158 2376/3630/3160 4922/3631/3161
f 4924/3632/1839 2377/3633/3162 2378/3634/3163
f 3266/3635/3164 1511/3636/2083 4254/3637/3165
f 3266/3635/3164 4254/3637/3165 3661/3638/3166
f 2379/3639/3167 790/3640/1092 1636/2477/2246
f 1732/2620/2372 2380/3641/3168 1733/2621/2373
f 532/3642/736 2381/3643/3169 2382/3644/677
f 1587/2391/2175 957/1426/1329 3137/3645/3170
f 2170/3646/2928 3540/3647/826 599/3648/825
f 2383/3649/3171 2075/3147/2792 4459/3650/3172
f 2384/3651/3173 2385/3652/3174 1486/3653/2051
f 2384/3651/3173 1486/3653/2051 2386/3654/2414
f 3510/1378/1284 930/1377/1283 1269/1913/1767
f 2387/3655/3175 2388/3656/3176 4333/3657/3177
f 4195/1956/1803 2312/3527/3090 885/1300/1214
f 2389/3658/3178 3393/3659/3179 2390/3660/3180
f 4236/3661/3094 2391/3662/3181 129/175/151
f 2364/3616/3149 1781/3618/2430 2392/3663/3182
f 2393/3664/3183 2394/3665/3184 1340/3378/1855
f 37/52/46 57/78/66 52/71/62
f 4029/3666/3185 1938/2933/2626 1940/2935/2628
f 4906/2442/2217 2395/3667/3186 2147/3279/2897
f 529/791/732 65/88/74 66/89/75
f 2396/3668/3187 2397/3669/3188 3471/3670/3189
f 2398/3671/3190 4616/2120/1942 1399/2119/1569
f 227/325/285 226/324/284 2295/3500/3068
f 3184/3672/3191 2232/3407/3000 2399/3673/3011
f 2311/3526/2055 2400/3674/1261 1194/1785/1656
f 1620/2450/2224 2401/3675/3192 3064/3676/3193
f 2402/3677/3194 3054/3678/3195 2403/3679/3196
f 2404/3680/1905 2405/3681/3197 3499/3682/3198
f 4637/1990/1831 3583/1404/1307 2406/3683/3199
f 2407/3684/3200 2408/3685/3201 396/590/541
f 2409/3686/2151 4184/3687/3202 852/3688/1172
f 2410/3689/3203 2411/3690/997 1704/3691/2330
f 2412/3692/3204 2413/3693/3205 2414/3694/3206
f 4687/3695/3207 2415/3696/2800 1146/1717/314
f 233/3697/296 342/503/458 2024/3058/297
f 2416/3698/3208 1533/2317/2108 2417/3699/3209
f 2418/3700/2323 2293/3496/3065 1714/3495/2348
f 1938/2933/2626 2754/3701/3210 1939/2934/2627
f 2419/3702/3211 2308/3703/3088 4417/3704/3212
f 3547/3705/3213 2420/3706/3214 2421/3707/3215
f 614/3708/843 2422/3709/2183 1156/1728/1604
f 493/3710/673 4763/3711/2223 4581/3712/3216
f 2047/3099/2762 2423/3713/3217 2424/3714/3218
f 2048/3100/2763 2047/3099/2762 2424/3714/3218
f 4838/3715/3219 2425/3716/3220 2426/3717/3221
f 1076/1599/1490 4042/3718/3222 1570/2367/2152
f 2060/3719/2507 1258/3720/1750 4643/3721/3223
f 4874/2783/2504 2427/3722/3224 2428/3723/3225
f 2278/3474/3048 1026/1528/1423 4253/3724/1849
f 1104/1638/1526 1102/1637/1525 810/3725/1123
f 2429/3726/3226 3502/3727/3227 4885/3728/3228
f 104/144/120 102/141/117 103/142/118
f 857/1264/1179 2430/3729/3229 2431/3730/3230
f 3549/3438/3023 2359/3731/3143 4641/3732/3231
f 3424/3733/2389 926/3734/1275 1746/3735/2390
f 2432/3736/3232 3230/3737/3233 382/563/514
f 2433/3738/3234 2434/3739/3235 4789/3740/3236
f 2435/3741/3237 585/3742/802 1610/3743/1279
f 2391/3662/3181 126/172/148 125/171/147
f 2436/3744/3238 905/1331/1242 964/1436/1338
f 2437/3745/1570 588/873/807 2438/3746/4
f 4693/3747/3239 2439/3748/3240 2440/3749/3241
f 1364/2057/1890 2441/3750/1301 4031/2058/1891
f 2442/3751/3242 2443/3752/3243 2444/3753/3244
f 2445/3754/3245 2446/3755/576 1771/2681/2419
f 2447/3756/3246 2448/3757/3247 2137/3266/2886
f 2449/3758/3248 2450/3759/3249 2372/3625/3155
f 2451/3760/3250 2452/3761/200 3297/3762/3251
f 4834/1054/981 4169/3763/3252 1451/2212/2016
f 2453/3764/3253 2454/3765/3254 2455/3766/3255
f 2019/3052/2723 212/307/268 2020/3053/2724
f 4583/2137/1955 1479/2247/2043 2456/3767/3256
f 1943/2940/2632 2457/3768/3257 4250/3769/3258
f 4715/3770/3259 67/91/77 2458/3771/3260
f 433/1330/590 4370/633/578 425/632/577
f 99/137/113 93/129/107 96/131/110
f 4105/3772/3261 2459/3773/3262 2460/3774/3263
f 2461/3775/3264 2462/3776/3265 2463/3777/3266
f 1259/1890/1747 1753/3778/2397 2464/3779/3267
f 2465/3780/3268 2466/3781/3269 2467/3782/3270
f 121/167/143 122/168/144 2468/3783/3271
f 121/3328/143 2468/3784/3271 301/441/396
f 2469/3785/3272 2470/3786/3273 2471/3787/3274
f 2472/3788/3275 1218/1826/1693 1629/2464/2235
f 273/405/360 2473/3789/3276 2474/3790/3277
f 2475/3791/3278 2476/3792/3279 2477/3793/3280
f 3470/2763/2485 2478/3794/547 1827/2764/2486
f 888/1304/1218 2479/3795/3281 889/1305/1219
f 809/1202/1121 810/1204/1123 2059/3118/2775
f 1595/3796/2189 2480/3797/3282 2481/3798/3283
f 1550/3799/2127 4013/3800/3284 2330/3801/3109
f 4766/3139/2786 2782/781/723 1980/3000/2683
f 1894/2872/2575 1893/2871/2574 2482/3802/3285
f 334/491/446 341/3803/457 2483/3804/3286
f 2484/3805/3287 2485/3806/3288 110/155/131
f 2486/3807/3289 4543/3808/3053 3828/1532/1427
f 2487/3809/3290 2012/3043/2715 2011/3042/2714
f 4076/2122/1944 922/1361/1267 2173/3318/2932
f 2488/3810/3291 2734/3811/3292 2489/3812/3293
f 4498/3813/497 149/2356/172 1562/2355/2141
f 1236/1857/1719 1238/1859/1721 4671/3814/3294
f 2260/3815/3026 2365/2964/2655 2261/3816/3027
f 1470/2237/2037 1469/2236/2036 2490/3817/3295
f 1032/1536/1431 2193/3345/2954 1686/2549/2305
f 4267/3818/3296 3311/3819/3297 4268/3820/2998
f 2491/3821/3298 2492/3822/3299 4660/3823/3300
f 2493/3824/3301 2494/3825/3302 3604/3826/3303
f 616/3827/847 2495/3828/848 4039/3829/3304
f 2496/3830/1487 4892/3831/515 2497/3832/2741
f 2352/3591/3136 1622/2452/2226 2498/3833/3305
f 2499/3834/3306 1647/3835/2256 2405/3836/3197
f 2500/3837/3307 4218/3838/3308 1493/2265/2060
f 3825/2755/2479 1823/2754/2478 3826/3839/3309
f 4499/2055/1888 1182/1769/1641 2501/3840/3310
f 1863/2823/2536 326/482/437 327/484/439
f 2339/3565/3119 2502/3841/3311 2503/3842/3312
f 2504/3843/791 111/156/132 2505/3844/3313
f 2506/3845/3314 4402/3846/3315 2507/3847/3316
f 3683/3848/3317 2508/3849/1415 2509/3850/3318
f 561/832/772 2334/3557/3113 2510/3851/3319
f 526/786/727 2003/3028/2705 1613/2436/2213
f 2511/3852/3320 1559/2351/2138 4010/3853/3321
f 1932/2925/2621 1366/2060/1892 2512/3854/3322
f 2513/3855/3323 2514/3856/3324 2515/3857/3325
f 744/3858/1029 867/3859/1193 745/1920/1030
f 2516/3860/2451 360/527/478 1801/529/480
f 2373/3626/3156 2517/3861/3326 2374/3627/3157
f 2518/3862/180 856/1262/1178 2519/3863/3327
f 3110/3864/1591 2520/3865/3328 2521/3866/1592
f 2867/3867/3329 3686/3868/2895 2522/3869/3330
f 2523/3870/3331 2524/3871/3332 2525/3872/3333
f 2424/3714/3218 320/470/425 2526/3873/3334
f 2527/3874/2570 200/288/249 1944/2941/401
f 3660/3875/3335 4239/3876/3336 2528/3877/3337
f 2529/3878/3338 2530/3879/2204 3187/3880/3339
f 4827/3881/3340 3295/2714/2443 1793/2713/2442
f 2051/3105/2766 3017/3404/1910 3502/3727/3227
f 2531/3882/3341 2532/3883/3342 2533/3884/3343
f 3661/3638/3166 4254/3637/3165 2534/3885/3344
f 2535/3886/3345 2536/3887/3346 1764/2671/2410
f 1725/2611/2363 1630/2465/2236 1106/3888/1533
f 2537/3889/3347 212/307/268 2912/3890/3348
f 4358/1678/1564 1126/1680/1312 3355/3891/3349
f 2538/3892/3350 1292/1948/1798 1291/1947/1797
f 426/634/579 2539/3893/1299 2441/3750/1301
f 4632/1297/1211 3782/1299/1213 4436/3894/3351
f 2540/3895/2252 4712/3896/3352 2654/3897/3353
f 2541/3898/3354 1785/843/783 570/845/785
f 3501/3899/3355 1378/2080/1909 4853/730/674
f 836/1234/1151 2542/3900/3356 2543/3901/3357
f 2544/3902/517 4547/3903/1231 2545/3904/518
f 1057/1571/1462 735/1091/1016 4448/3905/574
f 2546/3906/3358 3858/3907/3359 1521/2304/2095
f 2547/3908/3360 2086/3909/2810 2548/3910/3361
f 4788/3911/3362 4862/777/720 523/779/722
f 2549/3912/3363 2001/3026/2703 2000/3025/2702
f 927/1371/1277 2550/3913/1950 3911/3914/3364
f 3748/3915/3365 2551/3916/3366 2368/3917/3151
f 3933/3918/3367 316/464/419 1730/2616/2368
f 1630/2465/2236 2552/3919/3368 1106/3888/1533
f 2553/3920/3369 2554/3921/3370 2555/3922/3371
f 2553/3920/3369 2555/3922/3371 2556/3923/3372
f 2526/3873/3334 320/470/425 2557/3924/3373
f 2558/3925/3374 2559/3926/3375 4380/3927/3376
f 3206/3928/3377 2023/3929/2728 2840/3930/372
f 1523/2307/2098 1522/2306/2097 1591/2396/2180
f 2560/3931/3378 788/1170/1090 1097/3932/1518
f 2042/3933/2756 2278/3474/3048 4253/3724/1849
f 290/426/381 659/976/907 682/1005/935
f 1338/2015/1853 2470/3786/3273 2469/3785/3272
f 2561/3934/3379 2562/3935/3380 549/3936/756
f 3937/3937/3381 4390/3938/3382 2563/3939/3383
f 1896/2875/2577 2276/3472/3046 1897/2876/2578
f 2291/3493/3063 2564/3940/3384 2069/3137/2785
f 1313/3941/1818 2565/3942/3385 2566/3943/1819
f 770/1143/1065 4451/3944/3386 1974/2990/2674
f 531/793/734 2567/3945/3387 3912/794/735
f 2568/3946/3388 2525/3872/3333 2569/3947/3389
f 2518/3862/180 2519/3863/3327 2570/3948/183
f 469/695/639 2472/3788/3275 1629/2464/2235
f 4079/2082/1911 2367/3620/3150 1379/2083/1912
f 3214/3949/3390 2571/3950/3391 2572/3951/3392
f 2573/3952/3393 2487/3809/3290 2011/3042/2714
f 219/3953/277 3135/3954/3394 2574/3955/3395
f 3980/3956/3396 2617/3957/3397 2575/3958/3398
f 4888/3959/3399 1841/2784/2505 2576/3960/3400
f 951/1412/1315 2073/3144/2790 1447/2207/2011
f 2141/3270/2890 382/563/514 381/562/513
f 1906/3961/2589 29/43/37 28/42/36
f 2577/3962/3401 4093/3963/3402 4531/1045/972
f 4835/3964/930 2578/3965/3403 679/3966/931
f 2385/3652/3174 1487/3967/2052 1486/3653/2051
f 1396/2112/1937 4677/3968/3404 2579/3969/3405
f 2580/3970/3406 1618/2446/2220 1617/2445/2219
f 3183/689/633 2581/3971/3407 5/8/6
f 2324/2414/2197 1601/2413/2196 2322/1024/951
f 799/1186/1106 798/1185/1105 2469/3785/3272
f 3730/3972/3408 3729/3039/2712 2203/3363/2967
f 4627/330/290 232/332/292 2582/3973/2607
f 2516/3860/2451 2583/3974/3409 360/527/478
f 2584/3975/3410 2585/3976/2804 2586/3977/2803
f 2140/3269/2889 2142/3271/2891 2587/3978/3411
f 2481/3798/3283 2588/3979/3412 1595/3796/2189
f 4916/584/535 2589/3980/3413 393/585/536
f 2590/3981/3414 2591/3982/3415 1569/2365/2150
f 4744/281/242 1093/1623/1513 4748/282/243
f 2592/3983/3416 379/3984/511 2989/3985/3417
f 2991/3986/3418 160/218/188 307/448/403
f 2593/3987/3419 2594/3988/3420 2976/3989/3421
f 54/73/64 47/65/59 48/66/60
f 2595/3990/3422 2596/3991/3423 2597/3992/3424
f 2080/3993/2796 3794/3994/3425 2514/3995/3324
f 2428/3723/3225 717/1061/988 1691/2559/2315
f 2598/3996/3426 4577/2193/2000 2362/3610/3145
f 2599/3997/3427 2600/3998/3428 2601/3999/1629
f 3873/4000/3429 94/134/108 231/331/291
f 2602/4001/3430 628/930/862 627/929/861
f 321/4002/427 2603/4003/3431 2604/4004/3432
f 2605/4005/540 4797/4006/3433 2606/4007/3434
f 2607/4008/3435 2207/3371/2971 2608/4009/3436
f 350/514/467 349/513/466 1877/2842/2553
f 620/922/854 622/924/856 2609/4010/3437
f 1836/2776/2497 2610/4011/1787 1287/4012/1789
f 2611/4013/3438 2612/4014/3439 2613/4015/3440
f 2948/4016/3441 2614/4017/3442 2615/4018/3443
f 2616/4019/3444 4490/3240/2866 4659/920/852
f 1385/2098/1924 2617/4020/3397 2618/4021/3445
f 1555/2347/2134 36/51/45 39/4022/49
f 1555/2347/2134 39/4022/49 3282/4023/3446
f 2619/4024/2185 2620/4025/642 1157/1729/1605
f 1081/1605/1495 4177/4026/386 4298/1158/1080
f 1633/2473/1763 1634/2475/2244 1267/3138/1764
f 2065/3129/2781 1184/1772/1644 2621/4027/3447
f 4309/2046/1879 364/534/485 3839/533/484
f 2622/4028/3448 2094/3187/2822 1813/2743/2467
f 2623/4029/3449 2554/3921/3370 2624/4030/3450
f 4422/1358/494 2625/4031/3451 920/1359/1265
f 2626/4032/3452 1740/2634/2383 1739/2633/2382
f 1879/2845/2555 2627/4033/2678 786/1167/1087
f 2628/4034/3453 2629/4035/3454 2630/4036/3455
f 1173/1755/1628 2631/4037/3456 1737/1618/1508
f 1831/2768/2490 2632/4038/3457 2019/3052/2723
f 2520/4039/3328 3296/4040/3458 317/4041/420
f 2633/4042/3459 2362/3610/3145 2634/4043/2759
f 2681/745/688 252/369/329 2635/4044/3460
f 32/46/40 4583/2137/1955 33/47/41
f 1856/2810/2527 1239/1860/1722 1241/1862/1724
f 611/908/840 2636/4045/3461 2419/3702/3211
f 2637/4046/3462 1372/4047/1898 2259/3442/3025
f 2479/3795/3281 2878/4048/3463 2638/4049/3464
f 4634/1421/1324 2639/4050/3465 955/1422/1325
f 679/3966/931 2640/4051/3466 2641/4052/2534
f 4569/4053/3467 2642/4054/3468 1695/2563/2319
f 4084/4055/102 2643/4056/3469 2644/4057/2493
f 2645/4058/3470 2646/4059/3471 2647/4060/3472
f 2648/4061/3473 2649/4062/3474 3816/4063/3475
f 1764/2671/2410 2650/4064/3476 1765/2672/2411
f 2651/4065/3477 2652/4066/3478 2312/3527/3090
f 3913/4067/3021 3984/4068/3479 1017/4069/1409
f 4906/2442/2217 2131/3257/2878 1616/2443/2218
f 701/1037/964 2653/4070/3480 702/1038/965
f 340/499/454 2184/3335/2945 339/497/452
f 644/954/886 2654/4071/3353 645/955/887
f 2588/4072/3412 2636/4045/3461 610/907/839
f 2655/4073/1238 3559/4074/3481 2784/4075/3482
f 1001/1484/1381 2656/4076/3483 2657/4077/3484
f 4938/4078/3485 2658/4079/3141 492/728/672
f 820/1215/1134 819/1214/1133 1781/2692/2430
f 2659/4080/3486 1747/2645/2391 2660/4081/3487
f 2659/4080/3486 2660/4081/3487 2661/4082/3488
f 2662/4083/3489 2663/4084/3490 2351/1101/1025
f 1429/2181/1988 2664/4085/3491 2665/4086/3492
f 1290/1944/1794 2045/3097/2760 1757/2659/2401
f 4339/4087/3493 2358/3604/3142 2658/3603/3141
f 1674/4088/2290 1916/4089/1465 4801/4090/3494
f 4222/4091/3495 2666/4092/3496 2667/4093/3497
f 1065/1583/1474 4742/4094/3498 2668/4095/3499
f 2669/4096/3500 2670/4097/3501 2671/4098/3502
f 2672/4099/1914 2673/4100/3503 2808/4101/3504
f 4890/4102/3505 4704/656/600 761/1131/1054
f 2674/4103/3506 2437/3745/1570 727/4104/1006
f 2675/4105/3507 367/4106/489 1973/4107/2673
f 3443/4108/3508 1308/1970/1813 4163/4109/3509
f 2676/4110/3510 219/316/277 2389/3658/3178
f 345/506/461 641/950/882 346/507/462
f 569/842/782 3999/4111/3511 2677/4112/1678
f 1970/2984/2670 1969/2983/2669 2357/3602/3140
f 1422/2172/1983 2678/4113/3512 2679/4114/3513
f 4894/4115/3514 2680/4116/3515 3658/4117/3516
f 1241/1862/1724 2692/4118/3517 4611/4119/3518
f 1877/2842/2553 2681/4120/688 2682/4121/3519
f 358/525/476 2683/4122/3520 2684/4123/3521
f 1343/2020/1858 4821/4124/3522 784/1164/1085
f 2151/3285/2903 2314/4125/3092 2152/3286/2904
f 2344/3575/3125 2345/3577/3126 497/738/681
f 4524/4126/3523 2685/4127/3524 2686/4128/3525
f 1607/2425/2205 4823/3211/2841 2687/4129/3526
f 2688/4130/3527 2689/4131/3528 1883/4132/2560
f 2690/4133/3529 2528/4134/3337 1465/1449/1350
f 1981/3001/2684 1980/3000/2683 358/525/476
f 2691/4135/3530 2042/3093/2756 2692/4136/3517
f 2693/4137/1941 4319/2827/2540 1956/2961/2652
f 2264/3449/3030 1022/1523/1418 274/407/362
f 2694/4138/3531 2695/4139/3532 2696/4140/3533
f 905/1331/1242 2436/3744/3238 2697/4141/3534
f 2698/4142/3535 2699/4143/3536 706/1042/969
f 874/1286/1200 703/1039/966 1968/2982/2668
f 1788/2706/2438 2700/4144/3537 4337/4145/3538
f 690/1015/944 1342/4146/1857 688/1013/942
f 2247/3426/3014 1314/1979/1820 4940/966/898
f 2701/4147/3539 1755/2657/2400 668/986/916
f 2584/3975/3410 2586/3977/2803 2702/4148/3540
f 4597/4149/3541 4209/4150/3542 4761/4151/3543
f 1216/1821/1688 571/847/787 1563/2358/2143
f 4686/4152/3544 4738/4153/3545 2703/4154/3546
f 4185/4155/3547 564/837/777 2704/4156/3548
f 4102/4157/3549 2705/4158/3550 2706/4159/3551
f 2707/4160/3552 2502/4161/3311 1507/4162/2078
f 2708/4163/891 4166/4164/820 2709/4165/582
f 1619/2447/2221 4130/3501/3069 1617/2445/2219
f 2382/733/677 3311/3819/3297 4267/3818/3296
f 1083/1849/1497 1232/1850/1712 1084/4166/1498
f 2710/4167/3553 4234/4168/3554 2387/4169/3175
f 2230/3402/2997 2711/4170/1810 2712/4171/1809
f 1354/2041/1875 2713/4172/3555 429/3596/585
f 2684/4123/3521 2683/4122/3520 1037/1542/1436
f 4787/4173/3556 4302/1138/1060 3446/1140/1062
f 2714/4174/3557 2160/3300/2916 2715/4175/3558
f 2716/4176/3559 747/1108/1032 2717/4177/3560
f 2517/3861/3326 2373/3626/3156 2718/4178/1095
f 2719/4179/3561 2720/4180/3562 2721/4181/3563
f 2722/4182/3564 2723/4183/2646 4090/4184/3565
f 2724/4185/3566 2725/4186/3567 2726/4187/3568
f 263/387/344 3436/389/346 2727/4188/3569
f 1494/4189/1392 2728/4190/2062 4837/4191/3570
f 3485/4192/3571 2729/4193/3572 196/283/244
f 4439/4194/3573 1779/2690/2428 1298/1955/1802
f 3720/4195/3574 1921/4196/2608 1481/2250/2046
f 2730/4197/3575 2646/4059/3471 4562/4198/3576
f 2731/4199/3577 2171/4200/2929 1984/3005/2687
f 4443/4201/726 525/4202/725 2732/4203/3578
f 2989/3985/3417 4848/4204/3579 117/162/138
f 2704/4156/3548 564/837/777 566/839/779
f 1716/4205/2352 3204/4206/2351 2733/4207/3580
f 2162/3302/2918 4275/4208/3581 2695/4139/3532
f 2734/4209/3292 2735/4210/3582 2489/4211/3293
f 332/4212/444 2103/3202/2834 2736/4213/2610
f 4533/4214/3583 1712/2589/2344 2737/4215/3584
f 2738/4216/2944 2739/4217/3585 2740/4218/3586
f 1258/4219/1750 1257/4220/1749 3767/4221/3587
f 3961/4222/3588 2741/4223/3589 2742/4224/3590
f 1036/1541/1435 1038/1543/1437 1356/4225/1877
f 1187/4226/1649 1370/2065/1116 2743/4227/3591
f 4406/4228/3592 620/922/854 2609/4010/3437
f 2416/3698/3208 2744/4229/3593 2745/4230/3034
f 1752/4231/2396 482/715/659 3845/4232/3594
f 2925/4233/3595 2225/3395/2991 2746/4234/2735
f 555/824/764 2747/4235/3596 2626/4032/3452
f 2605/589/540 4743/588/539 2748/4236/2333
f 1807/2736/2460 1806/2735/2459 1711/2587/2342
f 4490/3240/2866 4826/3242/2868 974/1451/1352
f 1370/2065/1116 1187/4226/1649 1227/4237/1708
f 3713/2874/306 2749/4238/3597 2305/3516/3082
f 1507/4162/2078 1866/2826/2539 2707/4160/3552
f 3662/4239/3598 2750/4240/3599 2751/4241/3600
f 2752/4242/3601 2818/4243/3602 2753/4244/816
f 2754/4245/3210 780/1157/1079 4639/559/510
f 4829/4246/3603 2755/4247/2689 4486/622/569
f 4877/4248/976 3657/4249/3604 2756/4250/3605
f 2757/4251/3606 2758/4252/3607 1461/2225/2026
f 2030/4253/2739 203/291/252 1902/4254/2584
f 4569/4053/3467 2759/4255/3608 2412/4256/3204
f 2760/4257/3609 2761/4258/3610 4953/4259/3611
f 1836/2776/2497 4291/4260/3612 2610/4011/1787
f 485/2285/662 3880/2132/1951 3881/4261/663
f 4612/4262/3613 2762/4263/3614 2763/4264/3615
f 2764/4265/3616 4201/4266/3617 3899/4267/3618
f 2426/3717/3221 687/1011/941 4489/4268/3619
f 2722/4182/3564 4090/4184/3565 2765/4269/3620
f 1580/2381/2165 2198/3354/2961 2199/3356/2963
f 2766/4270/3621 1406/2133/1952 3880/2132/1951
f 4244/4271/3622 2037/3085/2750 2767/3084/2749
f 4244/4272/3622 2767/4273/2749 2768/4274/3623
f 2126/3250/2873 3966/4275/3624 1589/3247/2178
f 2769/4276/3625 2030/4253/2739 2770/4277/2620
f 2771/4278/2851 2772/4279/2852 2972/1156/1078
f 2197/3353/1961 4845/3352/2960 4884/4280/3626
f 878/1291/1205 880/1293/1207 2130/3256/2877
f 1834/2773/2494 104/144/120 2773/4281/3627
f 2537/3889/3347 2020/3053/2724 212/307/268
f 2774/4282/3628 4163/4283/3509 253/370/330
f 2775/4284/3629 1833/2771/2492 2776/4285/3630
f 2777/4286/3631 2778/4287/2901 3743/4288/3632
f 633/938/870 2065/3129/2781 634/939/871
f 719/1067/994 2124/3248/2871 1546/2335/2122
f 2694/4138/3531 2160/3300/2916 2162/3302/2918
f 2127/3252/2875 3593/4289/3633 3839/533/484
f 4878/1799/1667 4946/1798/1666 2779/4290/3634
f 2143/3272/2892 519/770/713 518/769/712
f 2411/1070/997 517/2863/711 721/1071/998
f 1503/2281/2074 2780/4291/3635 1504/2282/2075
f 978/1455/1356 4345/4292/3636 20/1456/22
f 177/4293/212 2781/4294/3637 2782/4295/723
f 2783/4296/3638 2655/1324/1238 2784/4297/3482
f 4541/4298/3639 2785/4299/3640 2472/3788/3275
f 2786/4300/3641 4351/4301/3642 2102/4302/2833
f 265/381/338 466/4303/636 260/382/339
f 2787/4304/3643 4438/2959/2650 2112/3219/2848
f 1409/2139/1957 3840/4305/3644 2788/4306/3645
f 552/4307/759 1771/4308/2419 2789/4309/3646
f 2749/4310/3597 1573/2371/2156 2082/3155/2767
f 348/510/465 674/994/924 1876/4311/2551
f 2034/3173/2745 2790/4312/3647 2791/4313/3648
f 2792/4314/3649 2793/4315/2454 2794/4316/3650
f 1790/2708/2439 1791/2710/2440 4233/4317/3651
f 2795/4318/3652 2796/4319/3653 26/40/34
f 2560/3931/3378 1987/3009/1517 789/1171/1091
f 4432/4320/3654 2797/4321/3655 3050/4322/3656
f 1951/2951/2642 2371/3624/3154 4824/4323/3657
f 623/925/857 4854/3188/2823 2798/4324/3658
f 2799/4325/3659 2166/3310/2924 2800/4326/3660
f 3658/4117/3516 4779/4327/3661 4894/4115/3514
f 830/2697/1145 859/1267/1182 3578/2695/2432
f 2801/4328/1979 1928/2919/2615 2802/4329/3662
f 1193/1784/1655 1192/1783/1654 3715/4330/3122
f 1658/2508/2270 1657/2507/2269 2803/4331/3663
f 4947/788/729 2886/787/728 2804/4332/3664
f 176/248/211 3218/4333/3665 177/249/212
f 1530/2314/2105 1532/2316/2107 1911/2893/2595
f 2567/3945/3387 551/818/758 2805/4334/3666
f 901/1322/1236 3232/4335/3667 681/1004/934
f 2806/4336/3668 1721/2607/2359 2083/3157/2798
f 4662/4337/2335 2807/4338/3669 2724/4185/3566
f 4522/4339/3670 2808/4340/3504 2809/4341/3671
f 957/1426/1329 2810/4342/3672 3137/3645/3170
f 202/290/251 1902/4254/2584 203/291/252
f 1009/1501/1396 188/266/227 2355/3595/3139
f 4926/1998/1838 2811/4343/3673 2812/4344/3674
f 2813/4345/3675 2814/4346/3676 4171/1610/1500
f 1735/2626/2378 381/4347/513 4416/1595/1486
f 2815/4348/2826 3099/3520/3086 2816/4349/3677
f 2150/3282/2900 2778/3283/2901 2777/4350/3631
f 4850/4351/3678 4623/2093/1920 2817/4352/3679
f 2818/4353/3602 2819/4354/3680 2214/3383/2981
f 2820/4355/3681 2821/4356/3682 325/481/436
f 2822/4357/3683 2341/3569/3121 2823/4358/3684
f 823/1218/1137 2824/4359/3685 2825/4360/3686
f 1519/2154/1969 1754/2656/2399 376/555/506
f 2826/4361/463 2827/4362/3687 943/2819/1304
f 4944/4363/2064 2566/3943/1819 2828/4364/3688
f 2829/4365/3689 2820/4355/3681 2830/4366/3690
f 2831/4367/2216 1736/2627/2379 1615/4368/958
f 724/1075/1002 3499/3682/3198 216/313/274
f 2832/4369/3691 1582/2385/2169 1581/2384/2168
f 474/701/645 2833/4370/3692 4393/4371/3693
f 1958/2963/2654 2834/4372/3694 2261/3816/3027
f 899/4373/1234 4214/3331/2942 2835/4374/3695
f 4012/4375/3696 2836/4376/3697 2837/4377/3698
f 2838/4378/3699 4550/4379/3700 3830/4380/3701
f 2017/3050/2722 2839/4381/3702 4045/1313/1227
f 3131/2794/2513 1277/742/685 214/310/271
f 2638/4049/3464 1784/4382/2434 2541/3898/3354
f 2800/4326/3660 2166/3310/2924 2046/4383/2761
f 2695/4139/3532 4275/4208/3581 2668/4384/3499
f 2840/4385/372 4073/1021/948 2841/4386/3703
f 695/1023/950 2777/4286/3631 3743/4288/3632
f 4142/4387/3704 3927/403/358 271/402/357
f 2510/3851/3319 2335/3558/3114 2442/3751/3242
f 2842/4388/3705 1551/2341/2128 554/823/763
f 2843/4389/3706 1646/2492/2255 1645/2491/2254
f 4588/4390/3707 2268/3458/1548 1070/4391/1479
f 1308/1970/1813 3443/4108/3508 3543/4392/3708
f 1308/1970/1813 3543/4392/3708 254/371/331
f 2320/3538/3100 2844/4393/3709 3174/4394/3710
f 2845/4395/3711 2846/4396/3712 1487/4397/2052
f 4075/2598/2350 1717/2601/2353 948/4398/1310
f 2143/3272/2892 518/769/712 4216/989/919
f 1029/4399/1428 2143/4400/2892 4216/4401/919
f 2847/4402/255 205/4403/254 498/740/683
f 2848/4404/3713 1159/4405/193 2849/4406/191
f 937/1387/1292 4514/4407/3714 2850/4408/3715
f 1300/1958/1805 2186/3338/2947 1301/1959/1806
f 2851/4409/1044 2511/3852/3320 4010/3853/3321
f 1818/2748/2472 1820/2750/2474 2852/4410/3716
f 1507/2286/2078 1508/2287/2079 209/4411/263
f 2107/3212/2842 2853/4412/3717 509/757/700
f 2107/3212/2842 509/757/700 2108/3213/2843
f 4634/1421/1324 3784/1423/1326 2854/4413/3718
f 1571/2368/2153 1570/2367/2152 4042/3718/3222
f 2776/4285/3630 1833/2771/2492 1834/2773/2494
f 2689/4131/3528 2505/3844/3313 111/156/132
f 611/908/840 2419/3702/3211 3240/1492/1387
f 1475/2243/2040 2220/3390/2987 2855/4414/1035
f 791/1173/1093 1343/2020/1858 784/1164/1085
f 2205/3367/2969 4154/4415/3719 2206/3368/2970
f 175/245/206 213/308/269 168/246/202
f 1974/2990/2674 958/1429/1331 4692/2991/2675
f 1419/2164/1978 1304/1964/1811 1336/2013/1851
f 2491/3821/3298 4660/3823/3300 2856/4416/1201
f 2857/4417/3720 1463/2227/2028 2858/4418/3721
f 1782/4419/2392 2365/3617/2655 2260/4420/3026
f 2859/4421/3722 2860/4422/3723 4840/4423/3724
f 301/441/396 300/440/395 121/3328/143
f 2354/4424/3137 1697/2566/2321 1231/1848/1711
f 2354/4424/3137 1231/1848/1711 2861/4425/3725
f 2813/4345/3675 3080/4426/3726 2814/4346/3676
f 2862/4427/3727 2863/4428/3728 1268/1911/1766
f 4720/4429/3729 1158/4430/1607 1857/4431/1606
f 624/3160/858 4054/550/501 373/549/500
f 2864/4432/3730 1365/2059/1191 744/1105/1029
f 1214/1819/1686 1318/1984/1825 2300/3509/3075
f 592/879/813 591/878/812 1496/2273/2067
f 4596/4433/3731 2291/3493/3063 2292/3494/3064
f 4630/4434/1663 2865/4435/3732 903/4436/1240
f 4260/4437/3733 650/1603/894 161/219/189
f 3302/4438/3734 2866/4439/3735 2729/4193/3572
f 2867/4440/3329 2868/4441/3736 3710/4442/3737
f 2869/4443/3738 2870/4444/2096 1523/4445/2098
f 4719/4446/3739 2243/3420/3010 2871/4447/1322
f 2035/3081/2746 2034/3080/2745 2872/4448/3740
f 2431/3730/3230 2659/4449/3486 2661/4450/3488
f 2873/4451/3741 2531/4452/3341 2533/4453/3343
f 1083/1607/1497 589/876/810 2874/4454/3742
f 2131/3257/2878 4906/2442/2217 2146/3278/2896
f 2875/4455/3743 158/212/184 4648/216/186
f 4698/4456/3744 1798/4457/2279 1800/4458/2450
f 2876/4459/3745 2877/4460/1247 4755/4461/1248
f 2878/4462/3463 2630/4036/3455 1784/2699/2434
f 2879/4463/3746 189/268/229 4529/267/228
f 4837/4191/3570 2237/3412/3003 2236/3411/1298
f 923/1364/1270 477/707/651 1508/2287/2079
f 4798/4464/3747 2880/4465/3748 2881/4466/1346
f 2882/4467/3749 2523/3870/3331 4591/4468/3750
f 4375/1822/1689 1217/1824/1691 4014/778/721
f 2883/4469/3751 4375/1822/1689 4014/778/721
f 262/385/342 2884/4470/3752 2492/3822/3299
f 1366/2060/1892 1368/2062/1894 2885/4471/3753
f 2886/4472/728 2887/4473/3754 2804/4474/3664
f 3572/4475/959 2342/4476/3123 3573/4477/3755
f 2888/4478/3756 4032/2623/2375 2889/4479/3757
f 746/4480/1031 2890/4481/3758 539/4482/745
f 966/1438/1340 2891/4483/3759 2892/4484/3760
f 2893/4485/3761 3002/4486/3762 2894/4487/3763
f 2895/4488/3764 559/830/770 558/829/769
f 1572/2370/2155 4706/2372/2157 1334/2009/1848
f 1239/1860/1722 1856/2810/2527 2272/3463/3041
f 2317/3533/3096 2896/4489/3765 2897/4490/3766
f 2671/4491/3502 2670/4492/3501 2898/4493/2973
f 2899/4494/3767 2776/4285/3630 1834/2773/2494
f 2899/4494/3767 1834/2773/2494 2773/4281/3627
f 19/27/21 1682/2543/2300 11/17/14
f 215/4495/272 4681/4496/3768 2900/4497/3769
f 1888/2861/2566 2901/4498/3770 2902/4499/3771
f 2275/2960/2651 4438/2959/2650 2787/4304/3643
f 1722/2608/2360 2903/4500/3772 2904/4501/3773
f 3985/2024/1862 2905/4502/3774 2906/4503/3775
f 191/270/231 430/642/586 2907/4504/3776
f 153/202/176 2908/4505/3777 2909/4506/3778
f 4428/2628/2380 2910/4507/3779 1228/1845/1709
f 1033/1537/1432 1032/1536/1431 3434/2548/2304
f 397/591/542 2911/4508/3780 1549/2339/2126
f 2912/4509/3348 2499/3834/3306 3350/2074/1904
f 649/1221/892 2913/4510/3781 826/1222/1140
f 2914/4511/3782 2766/4270/3621 1506/2284/2077
f 776/1151/1073 2915/4512/3783 2916/4513/3784
f 2917/4514/3785 2918/4515/3786 2687/4129/3526
f 2462/4516/3265 2919/4517/3787 2920/4518/3788
f 693/4519/947 2921/4520/423 3384/4521/3789
f 366/537/488 3706/536/487 4760/4522/3790
f 1801/529/480 361/528/479 2396/3668/3187
f 150/4523/173 4565/4524/3791 2922/4525/3792
f 150/4526/173 2922/4527/3792 1135/1699/1582
f 3858/4528/3359 2923/4529/3793 126/172/148
f 4860/4530/705 1828/2765/2487 1786/2703/2436
f 2153/3287/2905 2924/4531/3794 2154/3288/2906
f 2903/4500/3772 2925/4532/3595 2904/4501/3773
f 4178/1413/1316 963/1435/1337 2926/4533/3795
f 2927/4534/3796 3290/4535/3797 573/849/789
f 2928/4536/3798 3835/4537/3799 708/4538/974
f 1557/2349/2136 2929/4539/3800 2896/4489/3765
f 1600/2412/2195 1311/4540/1815 4589/3540/1843
f 2930/4541/3801 284/419/374 2585/4542/2804
f 3345/1065/992 719/1067/994 2931/4543/3802
f 1022/1523/1418 2264/3449/3030 1023/1524/1419
f 4445/4544/3803 1220/1829/1343 2932/4545/3804
f 2933/4546/3805 4080/2359/2144 1565/2361/2146
f 2453/4547/3253 378/4548/508 2454/4549/3254
f 2934/4550/3806 2935/4551/3807 2936/4552/3808
f 2937/4553/3809 2938/4554/3810 2935/4551/3807
f 225/323/283 4021/2196/2003 479/710/654
f 2939/4555/3811 4141/4556/3812 3708/4557/3813
f 768/1141/1063 770/1143/1065 2246/3425/3013
f 4401/4558/3814 2940/4559/3815 875/1288/1202
f 2941/4560/3816 1965/2976/2665 3150/4561/3817
f 4643/4562/3223 1258/4219/1750 533/796/737
f 2942/4563/3818 1338/2015/1853 2469/3785/3272
f 2943/4564/3819 855/1259/1175 4528/4565/3820
f 913/2160/1256 1147/1718/1596 4445/4544/3803
f 2216/3386/2984 1763/2670/2409 3940/2669/2408
f 1749/2649/2394 2944/4566/3821 2171/3315/2929
f 705/1041/968 2218/3388/2985 2945/4567/3822
f 2515/4568/3325 2946/4569/3823 4846/4570/3824
f 1355/2043/1876 2947/4571/3825 2948/4572/3441
f 2949/4573/3826 2115/1714/1593 3874/2163/1977
f 4614/4574/3827 4734/4575/3828 4601/964/896
f 2062/4576/2778 2950/4577/3829 2682/4121/3519
f 1678/2537/2295 2951/4578/3830 4307/4579/3831
f 78/107/91 79/108/92 2458/3771/3260
f 355/521/472 3086/4580/3832 2952/4581/2142
f 1647/4582/2256 3499/3682/3198 2405/3681/3197
f 1896/2875/2577 2277/3473/3047 2276/3472/3046
f 213/308/269 171/4583/205 168/246/202
f 2953/4584/3833 2447/3756/3246 2137/3266/2886
f 4726/4585/3834 882/1295/1209 1088/4586/1504
f 2412/3692/3204 2414/3694/3206 2954/4587/3835
f 2955/4588/3836 4794/4589/433 1213/4590/1685
f 4917/4591/3837 2504/3843/791 2505/3844/3313
f 252/369/329 254/371/331 2635/4044/3460
f 2956/4592/3838 2007/3032/2709 2957/4593/3839
f 242/2115/313 2958/4594/3840 520/772/715
f 1397/2113/1938 242/2115/313 520/772/715
f 764/1134/1057 3344/4595/2782 765/1135/1058
f 2959/4596/3841 2048/3100/2763 3576/4597/3842
f 320/470/425 4197/4598/3843 4454/471/426
f 4887/4599/3844 2885/4471/3753 2960/4600/3845
f 3816/4063/3475 2649/4062/3474 4200/4601/3846
f 2961/4602/3847 2624/4030/3450 1454/2215/2018
f 280/414/369 2962/4603/1943 4114/2383/2167
f 2963/4604/241 1293/1949/717 1292/1948/1798
f 3198/501/456 2964/4605/3848 341/502/457
f 1933/4606/1389 1911/2893/2595 2769/4607/3625
f 327/484/439 2476/3792/3279 2475/3791/3278
f 2965/4608/3849 2533/4453/3343 2966/4609/3850
f 780/1157/1079 2972/1156/1078 1881/2848/2558
f 2636/4610/3461 2588/3979/3412 2076/3148/2793
f 1132/1694/1577 56/77/65 53/72/63
f 2967/4611/2959 2968/4612/3851 4746/4613/2870
f 1411/919/851 619/921/853 3790/4614/1965
f 345/506/461 2826/508/463 942/1400/1303
f 853/1257/1173 852/1256/1172 1381/2090/1917
f 2969/4615/3852 1700/2571/2326 880/1293/1207
f 1536/4616/2111 2970/4617/3853 1626/2459/2231
f 3793/4618/3854 4643/4619/3223 3794/4620/3425
f 2810/4621/3672 2613/4015/3440 2612/4014/3439
f 4247/3236/2862 3181/449/404 308/451/406
f 1194/1785/1656 2971/4622/3855 2972/4623/1078
f 2387/3655/3175 4333/3657/3177 2973/4624/3856
f 2974/4625/3857 2975/4626/3858 1728/2614/2366
f 2976/4627/3421 3645/4628/3859 2747/4235/3596
f 895/1315/1229 2935/4551/3807 896/1316/1230
f 2977/4629/3860 2978/4630/195 1020/1518/1413
f 4912/4631/3861 4291/4632/3612 2979/4633/3862
f 1165/1741/1616 2351/3589/1025 4410/1742/1027
f 2034/3173/2745 1707/2582/2337 2790/4312/3647
f 2980/4634/1716 2981/4635/1718 2982/4636/2801
f 2983/4637/3863 2984/4638/3864 2369/3622/3152
f 2526/3873/3334 2557/3924/3373 272/4639/359
f 2985/4640/3865 860/1268/1183 4883/575/526
f 1606/2423/2203 1607/2425/2205 2986/4641/3866
f 386/572/523 915/1350/1259 2987/4642/3867
f 2191/3343/2952 2190/3342/2951 1542/2329/2118
f 3900/4643/3868 4509/4644/3869 2058/3117/2774
f 443/662/606 3054/3678/3195 3336/4645/3870
f 4137/821/761 554/823/763 2988/4646/3871
f 1882/2849/2559 1881/2848/2558 2989/4647/3417
f 2990/4648/3872 3971/4649/3873 2991/4650/3418
f 2988/4651/3871 1551/4652/2128 1200/4653/581
f 968/1440/1342 2992/4654/3874 2993/4655/1922
f 2416/3698/3208 2994/4656/3875 2744/4229/3593
f 1326/4657/1836 3574/4658/1276 4295/4659/348
f 2995/4660/3876 1652/3424/2263 1337/4661/1852
f 2996/4662/3877 2995/4660/3876 1337/4661/1852
f 2997/4663/3878 3925/4664/3879 2998/4665/3880
f 2365/3617/2655 1782/4419/2392 1781/3618/2430
f 4401/4558/3814 875/1288/1202 1136/3062/1584
f 2017/3050/2722 4045/1313/1227 4598/3048/2720
f 490/726/670 1540/2326/2117 3596/1083/1010
f 4433/4666/3881 2999/4667/3882 3450/4668/3883
f 3000/4669/3884 4469/4670/3885 2576/4671/3400
f 3634/4672/3886 3001/4673/3887 4287/4674/3888
f 2262/3447/3028 2263/3448/3029 1123/4675/1558
f 4561/4676/3889 4814/4677/3890 1438/2190/1997
f 2117/4678/2854 3661/4679/3166 3893/4680/3891
f 1859/2814/2529 1696/2564/2320 4914/4681/3892
f 1372/4047/1898 2637/4046/3462 1562/4682/2141
f 3002/4683/3762 4767/3251/2874 2339/3565/3119
f 967/1439/1341 3003/4684/3893 2992/4654/3874
f 155/205/179 3813/3181/2816 3004/4685/3894
f 3403/4686/2640 3744/4687/3895 2816/4688/3677
f 2831/4367/2216 2343/2625/2377 1736/2627/2379
f 1517/3609/2091 2634/4043/2759 2362/3610/3145
f 3005/4689/3896 3006/4690/3897 3007/4691/2199
f 2738/4216/2944 4450/3037/2711 2008/3036/1252
f 4375/4692/1689 2395/4693/3186 3008/4694/1690
f 3768/4695/3898 1257/1892/1749 2284/3484/3057
f 209/4411/263 1508/2287/2079 3009/4696/3899
f 3010/4697/3900 841/4698/1156 3011/4699/3901
f 791/1173/1093 784/1164/1085 792/1174/1094
f 3012/4700/3902 1990/3015/2694 3013/4701/3903
f 712/1053/980 3108/4702/3904 3014/4703/3905
f 1149/1720/1597 1489/3201/2054 3959/4704/2053
f 2997/4663/3878 2998/4665/3880 3015/4705/3906
f 2986/4641/3866 1222/1835/1699 3250/1834/1698
f 4268/4706/2998 3016/4707/1908 3017/4708/1910
f 3018/4709/177 3004/4710/3894 4874/2783/2504
f 453/673/617 3019/4711/3907 1192/1783/1654
f 3708/4557/3813 4141/4556/3812 3020/4712/3908
f 769/1142/1064 4451/3944/3386 770/1143/1065
f 919/1356/1264 3021/4713/2638 2543/3901/3357
f 3022/4714/3909 2572/3951/3392 964/1436/1338
f 2120/3231/2857 2119/3230/2856 4314/4715/3910
f 1545/1307/1221 700/1036/963 677/998/928
f 708/1047/974 2577/3962/3401 4531/1045/972
f 4312/4716/3911 2819/4717/3680 2818/4718/3602
f 3023/4719/3912 3024/4720/3913 3025/4721/2940
f 2923/4529/3793 379/3984/511 2592/3983/3416
f 3026/4722/3914 183/4723/220 3027/4724/219
f 1301/4725/1806 3028/4726/2946 3029/4727/3915
f 869/1280/1195 2032/4728/2742 3030/4729/341
f 2869/4443/3738 3031/4730/3916 3032/4731/3917
f 3033/4732/3918 3034/4733/3105 4683/4734/3919
f 1583/2386/2170 3035/4735/3920 4256/4736/3921
f 3036/4737/3922 1986/3008/2690 2779/4290/3634
f 1786/2703/2436 3695/4738/2308 1016/2704/1407
f 3848/4739/3923 2327/3547/3104 2326/3546/2445
f 142/188/164 3717/4740/3924 154/4741/178
f 2446/631/576 1976/2996/2679 2789/4309/3646
f 62/85/71 83/112/96 72/99/83
f 62/85/71 72/99/83 60/83/69
f 3239/4742/2808 4415/753/696 507/755/698
f 4718/1645/1532 3037/4743/3925 4765/4744/3926
f 308/451/406 3038/4745/3927 3039/4746/3928
f 956/1424/1327 1108/4747/1535 3361/1425/1328
f 4279/1209/1128 814/1208/1127 2197/2143/1961
f 1852/2802/2520 4288/2071/1901 3040/4748/2617
f 3041/4749/3929 1711/2587/2342 1166/1744/1618
f 3042/4750/3930 2325/3545/3103 2327/3547/3104
f 2231/3406/2999 3043/4751/3931 2232/3407/3000
f 1309/618/565 2705/4158/3550 417/619/566
f 2298/4752/3072 3044/4753/3932 1237/1858/1720
f 3477/4754/3933 3045/4755/3934 3046/4756/3935
f 2629/4035/3454 854/1258/1174 853/1257/1173
f 1247/1873/1732 3047/4757/3936 1585/2388/2172
f 3048/4758/1400 4920/4759/3937 1756/4760/1401
f 591/878/812 1325/1995/1835 1496/2273/2067
f 1022/1523/1418 165/227/197 2252/3431/3018
f 1694/2562/2318 1693/2561/2317 3049/4761/3938
f 3050/4762/3656 2402/3677/3194 3045/4755/3934
f 3051/4763/3939 2127/3349/2875 2195/3348/2957
f 3052/4764/3940 448/667/611 447/666/610
f 3053/4765/3941 1694/2562/2318 3049/4761/3938
f 227/325/285 2295/3500/3068 3054/4766/3195
f 1231/1848/1711 2457/3768/3257 1942/2939/2631
f 4760/4522/3790 4425/4767/3942 366/537/488
f 2767/4273/2749 1234/4768/1715 3055/4769/3943
f 3321/2124/1024 1138/1703/1586 1401/2125/1945
f 3334/363/323 249/365/325 2999/4667/3882
f 2893/4485/3761 2894/4487/3763 3065/2045/1878
f 891/4770/1223 3579/3068/2734 4502/4771/3944
f 4290/4772/3945 4183/4773/3946 1331/4774/1845
f 553/822/762 1040/4775/1440 2842/4388/3705
f 3056/4776/3947 3378/4777/3948 3057/4778/3949
f 468/694/638 470/696/640 1107/1647/1534
f 536/4779/742 1789/2707/1916 4337/4145/3538
f 853/1257/1173 3058/4780/784 1785/2700/783
f 1405/3106/1949 2051/3105/2766 3502/3727/3227
f 2570/211/183 2661/4781/3488 3129/215/185
f 3059/4782/3950 3060/4783/875 3061/4784/2237
f 3062/4785/3951 3063/4786/3952 3643/4787/3953
f 3333/4788/3954 3064/4789/3193 4735/364/324
f 1356/4225/1877 1038/1543/1437 3065/4790/1878
f 1070/1588/1479 2268/1661/1548 1117/1663/1550
f 4684/4791/3955 3066/4792/3956 3796/4793/3957
f 716/1060/987 4280/4794/3958 2721/4181/3563
f 3067/4795/3959 4950/273/234 3068/4796/3960
f 3913/3436/3021 542/807/748 3069/4797/3961
f 3070/4798/3962 3071/4799/3963 4049/4800/3964
f 1998/4801/1755 4387/4802/3965 266/4803/350
f 3072/4804/1705 2057/3114/1704 2669/4805/3500
f 391/580/531 3073/4806/3966 3074/4807/3967
f 916/1352/1260 1355/2043/1876 1672/2528/2288
f 1811/2741/2465 830/1228/1145 829/1227/1144
f 2946/4808/3823 4855/3455/3036 4588/4390/3707
f 2892/4809/3760 2891/4810/3759 3075/4811/3968
f 2984/4638/3864 2983/4637/3863 1858/2813/2528
f 3600/1468/1366 3836/1467/1365 3076/4812/3969
f 3077/4813/3970 1747/2645/2391 3078/4814/3971
f 1579/2379/2163 1497/2275/2068 2574/4815/3395
f 3135/4816/3394 1579/2379/2163 2574/4815/3395
f 4305/4817/3972 991/4818/1370 2680/4819/3515
f 575/853/793 3078/4814/3971 576/854/794
f 357/524/475 2781/4294/3637 1981/3001/2684
f 3079/4820/3973 4524/4126/3523 3080/4821/3726
f 1931/2923/2619 3081/4822/3974 2927/4823/3796
f 1223/1836/1700 1907/2888/2590 1795/2717/2446
f 578/4824/795 336/494/449 338/496/451
f 1480/4825/2044 806/4826/1115 2737/4215/3584
f 1207/4827/1673 3082/4828/3975 194/4829/235
f 1013/1507/1402 2042/3093/2756 2691/4135/3530
f 3083/4830/3976 2290/3492/3062 3729/3039/2712
f 3083/4830/3976 3729/3039/2712 3084/4831/3977
f 2315/3530/3093 3085/4832/3978 3086/4833/3832
f 2502/3841/3311 3087/4834/3979 1507/2286/2078
f 1217/1824/1691 3440/4835/3980 4014/778/721
f 4761/4151/3543 4209/4150/3542 2425/3716/3220
f 2182/3330/2941 3056/4776/3947 3057/4778/3949
f 1388/2101/1927 1430/2182/1989 405/602/552
f 1021/1521/1416 3088/4836/3981 3762/1522/1417
f 2009/3038/1253 4450/3037/2711 609/4837/838
f 503/748/691 502/747/690 393/585/536
f 4950/273/234 3089/4838/3982 1996/3021/2699
f 4692/2991/2675 958/1429/1331 3090/4839/3983
f 3569/4840/3984 3568/257/218 1144/260/221
f 1608/2426/2206 3934/712/656 534/798/739
f 1476/4841/2041 4220/4842/3985 24/38/32
f 4308/3582/3131 1445/2205/2009 3091/4843/3986
f 3092/4844/3987 1300/1958/1805 1299/1957/1804
f 4010/3853/3321 4648/4845/186 2851/4409/1044
f 595/887/821 597/890/823 3093/4846/3988
f 2839/4381/3702 4547/4847/1231 3094/4848/3989
f 1347/2029/1866 3162/4849/3990 4082/2027/1864
f 3095/4850/3991 1313/1977/1818 2247/3426/3014
f 3096/4851/3992 2080/3993/2796 2514/3995/3324
f 1130/4852/1576 737/1094/595 739/1096/1020
f 439/657/601 4558/4853/3993 4557/658/602
f 2282/3482/3055 4552/4854/1733 3097/4855/2272
f 2347/3579/3128 2346/3578/3127 3098/4856/3994
f 1341/2018/1856 1248/329/289 3838/2453/2227
f 3099/4857/3086 2815/3192/2826 3100/4858/3087
f 1465/1449/1350 2528/4134/3337 3101/4859/2030
f 1649/2497/2259 3102/4860/3995 2449/3758/3248
f 4430/4861/3996 3033/4862/3918 2929/4539/3800
f 1557/2349/2136 4430/4861/3996 2929/4539/3800
f 4596/4433/3731 3103/4863/3997 2291/3493/3063
f 335/4864/447 2736/4865/2610 3104/4866/3998
f 412/610/559 411/609/558 2642/4054/3468
f 236/344/304 355/521/472 3105/4867/3999
f 3106/4868/2764 3107/4869/4000 2049/2334/2121
f 2094/3187/2822 2093/3186/2821 1813/2743/2467
f 2532/4870/3342 1814/2744/2468 3677/4871/4001
f 3001/4673/3887 591/878/812 593/880/814
f 2688/4130/3527 3108/4872/3904 2689/4131/3528
f 1099/1634/1522 3109/4873/80 1100/1635/1523
f 2304/4874/3080 2749/4875/3597 2052/3108/2768
f 4730/4876/1529 810/4877/1123 63/4878/72
f 3110/4879/1591 865/1274/1189 4764/4880/4002
f 621/923/855 3111/4881/1645 3223/4882/4003
f 36/51/45 51/70/61 40/80/50
f 1484/2253/2049 3112/4883/4004 3113/4884/4005
f 1460/2224/2025 1059/1575/1466 3114/4885/4006
f 3657/4886/3604 3115/4887/4007 2756/4888/3605
f 1910/2891/2593 4831/4889/4008 3116/4890/4009
f 3702/4891/4010 4251/4892/4011 3117/4893/4012
f 538/803/744 540/805/746 1528/4894/2103
f 4914/4681/3892 1696/2564/2320 3118/4895/2370
f 3119/4896/1084 2306/4897/3083 3120/4898/3084
f 3121/4899/1103 3763/3113/2772 2056/3112/2771
f 309/454/409 892/1310/1224 4613/4900/4013
f 3122/4901/4014 3123/4902/4015 3314/4903/1921
f 3124/4904/1412 2264/3449/3030 3125/4905/4016
f 2987/4642/3867 1167/1746/1620 4381/4906/1725
f 3126/4907/4017 942/1400/1303 4803/1399/1302
f 31/45/39 33/47/41 3127/4908/2920
f 2870/4444/2096 2869/4443/3738 4828/4909/4018
f 2827/4362/3687 2039/3088/2752 2040/3089/2753
f 1924/2915/2611 1823/2754/2478 1822/2753/2477
f 1595/2405/2189 2588/4072/3412 610/907/839
f 1064/1582/1473 1733/4910/2373 4188/3275/2894
f 222/319/280 103/142/118 100/138/114
f 222/319/280 100/138/114 101/140/116
f 23/4911/30 350/514/467 3128/4912/4019
f 1281/1688/1572 3327/4913/4020 1129/1689/1573
f 3129/4914/185 2661/4082/3488 2660/4081/3487
f 3130/4915/3130 207/298/259 4030/300/261
f 2345/3577/3126 1190/1781/1177 1189/1780/1652
f 3131/4916/2513 1451/2212/2016 3906/4917/2512
f 3132/4918/4021 1435/2187/1994 2807/4338/3669
f 3133/4919/4022 2764/4265/3616 3899/4267/3618
f 1691/2559/2315 717/1061/988 716/1060/987
f 3831/4920/4023 1750/2650/2395 1749/2649/2394
f 2482/4921/3285 3977/4922/4024 3848/4739/3923
f 3134/4923/4025 1577/4924/2162 3135/4925/3394
f 3136/4926/4026 2598/3996/3426 2362/3610/3145
f 4059/275/236 2111/3218/2847 680/1003/933
f 3137/4927/3170 3138/4928/4027 3139/4929/4028
f 3140/4930/4029 2934/4931/3806 4181/4932/4030
f 311/4933/413 4830/4934/647 312/4935/414
f 95/128/109 94/127/108 92/124/105
f 2278/3474/3048 2277/3473/3047 1026/1528/1423
f 1420/2166/1980 3180/4936/2863 3141/4937/4031
f 3142/4938/4032 2474/4939/3277 1768/2678/2416
f 20/1456/22 3143/4940/24 3144/4941/4033
f 796/1180/1100 2788/4306/3645 3145/4942/4034
f 1923/4943/1834 2471/3787/3274 3146/4944/4035
f 1643/4945/2251 89/4946/103 2540/4947/2252
f 1089/1616/1506 1737/1618/1508 2631/4037/3456
f 4417/3704/3212 2308/3703/3088 883/4948/1210
f 796/1180/1100 1409/2139/1957 2788/4306/3645
f 319/469/424 3147/4949/2634 3148/4950/3043
f 1015/1509/1404 1120/1666/1553 3149/4951/4036
f 4786/4952/4037 3150/4953/3817 4447/4954/4038
f 4122/3321/2934 683/1007/937 685/1009/939
f 3151/4955/4039 223/320/281 1919/2905/2604
f 3152/4956/4040 661/978/909 660/977/908
f 2784/4075/3482 3559/4074/3481 3153/4957/4041
f 3154/4958/4042 1286/1938/1788 3155/4959/4043
f 4451/3944/3386 1985/4960/2688 1974/2990/2674
f 735/1091/1016 1058/1572/1463 1603/1092/1017
f 2741/4961/3589 930/1377/1283 2742/4962/3590
f 3731/335/295 3997/334/294 2448/4963/3247
f 4713/4964/4044 1293/1949/717 522/4965/719
f 3156/4966/4045 3157/4967/4046 2618/4021/3445
f 3613/4968/4047 3158/4969/4048 3159/4970/4049
f 107/4971/126 3160/4972/4050 3161/4973/127
f 3579/3068/2734 2029/3070/2736 4502/4771/3944
f 3162/4974/3990 3961/4222/3588 581/860/798
f 4910/4975/4051 1748/2648/2393 3163/4976/2860
f 1959/4977/2656 2364/3616/3149 3164/4978/4052
f 2206/3368/2970 4154/4415/3719 3165/4979/4053
f 2662/4980/3489 4271/4981/4054 3166/4982/4055
f 2068/4983/2784 2955/4588/3836 2113/3220/2783
f 4716/4984/4056 3167/4985/4057 3168/4986/4058
f 3169/4987/4059 3103/4863/3997 4596/4433/3731
f 1131/1650/1537 1254/1886/1743 1110/1651/1538
f 366/537/488 4425/4767/3942 4424/1673/1560
f 1935/4988/2623 3170/4989/4060 3171/4990/4061
f 2347/3579/3128 4610/4991/4062 3172/4992/4063
f 1829/2766/2488 834/1232/1149 3059/4782/3950
f 3113/4884/4005 2357/3602/3140 2358/3604/3142
f 3173/4993/4064 3174/4994/3710 1727/2613/2365
f 489/725/669 488/724/668 2369/3622/3152
f 2100/3196/2829 1698/2569/2324 2101/3197/2830
f 313/460/415 3175/4995/2125 2583/4996/3409
f 4468/4997/4065 2576/4671/3400 4469/4670/3885
f 1768/2678/2416 1770/2680/2418 3176/4998/4066
f 3177/4999/1796 1842/2785/1795 1843/2786/2506
f 3177/4999/1796 1843/2786/2506 4685/5000/4067
f 139/185/161 3178/5001/4068 137/183/159
f 3424/3733/2389 3179/5002/4069 926/3734/1275
f 3180/5003/2863 2802/4329/3662 3181/5004/404
f 2715/4175/3558 3182/5005/4070 4738/5006/3545
f 2627/2995/2678 281/415/370 3865/2382/2166
f 1362/2054/1887 3183/5007/633 1360/2052/1885
f 4400/5008/4071 2435/3741/3237 1610/3743/1279
f 2399/3421/3011 2243/3420/3010 3184/5009/3191
f 2511/3852/3320 970/1445/1347 1559/2351/2138
f 1080/1604/1494 3185/5010/4072 3186/5011/4073
f 4907/5012/4074 3187/5013/3339 3188/5014/4075
f 2271/3462/3040 588/873/807 2674/4103/3506
f 1935/2928/2623 529/791/732 530/792/733
f 2078/3150/2795 2077/3149/2794 2832/4369/3691
f 3103/4863/3997 3083/4830/3976 2564/3940/3384
f 3189/5015/4076 3190/5016/4077 3191/5017/4078
f 1181/1766/1638 1626/2459/2231 2970/4617/3853
f 3573/5018/3755 4624/5019/4079 3192/5020/4080
f 2963/4604/241 3573/5018/3755 3192/5020/4080
f 1585/2388/2172 3193/5021/4081 4842/2389/2173
f 673/5022/923 3194/5023/922 432/644/588
f 673/5022/923 432/644/588 838/5024/1153
f 3195/5025/4082 255/372/332 3750/5026/4083
f 2935/4551/3807 3196/5027/4084 3197/5028/4085
f 315/462/417 3198/5029/456 4608/5030/455
f 1828/2765/2487 832/1230/1147 1829/2766/2488
f 1565/2361/2146 1564/2360/2145 3314/5031/1921
f 3978/3072/2738 1266/1907/1762 4261/5032/4086
f 3199/5033/4087 3108/4702/3904 712/1053/980
f 3200/5034/4088 4025/5035/4089 3201/5036/766
f 3202/5037/4090 1338/2015/1853 491/727/671
f 3203/5038/4091 4461/5039/4092 2616/5040/3444
f 3204/5041/2351 948/4398/1310 2733/5042/3580
f 3205/5043/4093 3206/5044/3377 282/416/371
f 3207/5045/4094 1491/2263/2058 3208/5046/4095
f 3132/4918/4021 3209/5047/4096 1435/2187/1994
f 1221/5048/1697 305/445/400 2370/5049/3153
f 3210/5050/4097 4377/5051/4098 3211/5052/4099
f 1934/2927/2622 3212/5053/4100 3213/5054/4101
f 3214/5055/3390 2715/4175/3558 2696/4140/3533
f 1158/5056/1607 1792/5057/2441 3215/5058/1608
f 3216/5059/1168 1314/1979/1820 4944/5060/2064
f 4133/5061/4102 993/1475/1373 797/1181/1101
f 2328/3549/3106 374/553/504 3217/5062/4103
f 2485/3806/3288 111/156/132 110/155/131
f 411/609/558 1693/2561/2317 2642/4054/3468
f 2363/3614/3147 162/220/190 1212/1815/1682
f 992/1474/1372 1251/1882/1739 4225/5063/4104
f 4779/5064/3661 992/1474/1372 4225/5063/4104
f 2781/4294/3637 3218/5065/3665 1979/2999/2682
f 3219/5066/4105 3220/5067/2911 1985/3006/2688
f 3221/5068/4106 3222/5069/2023 4819/1363/1269
f 1662/2514/2276 4016/34/28 22/35/29
f 2244/3422/3012 146/192/168 4411/3551/3108
f 1074/1597/1488 2496/1596/1487 1092/5070/1512
f 2342/5071/3123 1074/5072/1488 1092/1622/1512
f 3223/5073/4003 3224/5074/4107 1623/2454/2228
f 2982/4636/2801 258/5075/335 2645/4058/3470
f 3225/5076/4108 3226/5077/2413 2122/5078/2867
f 3227/5079/2511 3500/5080/4109 2551/3916/3366
f 3228/5081/4110 2088/5082/2813 3229/5083/4111
f 488/724/668 4912/4631/3861 2979/4633/3862
f 1010/1502/1397 3749/5084/4112 1246/1871/1730
f 1753/5085/2397 2026/3060/2730 2025/3059/2729
f 245/357/317 246/359/319 3230/5086/3233
f 2600/5087/3428 2514/3856/3324 2513/3855/3323
f 3231/5088/4113 1463/2629/2028 1228/1845/1709
f 3232/5089/3667 4673/5090/4114 681/5091/934
f 919/1356/1264 2543/3901/3357 3233/5092/4115
f 401/597/548 1124/1676/1562 402/598/301
f 2371/3624/3154 3217/5062/4103 2509/3850/3318
f 1211/1814/1434 1165/1741/1616 4081/1743/1617
f 1211/1814/1434 4081/1743/1617 1212/1815/1682
f 975/5093/1353 4614/4574/3827 4601/964/896
f 1290/1944/1794 4004/3235/2861 3831/5094/4023
f 4279/5095/1128 4807/2420/2200 1777/2688/2426
f 2200/3359/2964 921/5096/1266 3234/5097/4116
f 3235/5098/1162 2067/5099/1161 247/360/320
f 3236/5100/4117 1741/2636/2385 2670/5101/3501
f 2558/3925/3374 4380/3927/3376 1568/2364/2149
f 2561/3934/3379 548/5102/755 3237/5103/4118
f 386/572/523 3238/5104/2748 1576/2376/2161
f 2034/3080/2745 2036/3082/2747 3239/5105/2808
f 1103/1639/1527 632/937/869 634/939/871
f 3240/5106/1387 4417/5107/3212 4726/5108/3834
f 3538/1099/1023 2353/3592/2322 2241/3416/3007
f 3241/5109/4119 3902/5110/4120 3242/5111/4121
f 3243/5112/4122 4799/5113/4123 3244/5114/4124
f 1388/2101/1927 405/602/552 1389/2102/1928
f 1285/1934/1785 3687/1145/1067 1878/1935/1786
f 3245/5115/4125 3246/5116/4126 1030/5117/1429
f 887/1302/1216 3245/5115/4125 1030/5117/1429
f 2908/4505/3777 152/201/175 4920/4759/3937
f 493/729/673 494/731/675 4763/5118/2223
f 1067/1585/1476 1591/2396/2180 1778/2689/2427
f 3247/5119/4127 2626/4032/3452 3423/3199/2832
f 3248/5120/4128 1391/2104/1930 3249/5121/4129
f 3180/5003/2863 2801/4328/1979 2802/4329/3662
f 3250/5122/1698 1795/5123/2446 3251/5124/2561
f 4585/5125/4130 3193/5126/4081 1584/2387/2171
f 3881/719/663 4661/5127/4131 248/361/321
f 426/634/579 2441/3750/1301 1364/2057/1890
f 2821/4356/3682 2139/3268/2888 325/481/436
f 1891/2867/2571 3252/5128/2522 4409/2868/2572
f 2000/3025/2702 1396/2112/1937 2579/3969/3405
f 3490/2677/2415 2386/2676/2414 3523/5129/4132
f 4439/4194/3573 1298/1955/1802 2172/5130/2931
f 4761/4151/3543 2425/3716/3220 3253/5131/405
f 3254/5132/4133 1114/1657/1544 3712/2005/1844
f 3255/5133/3067 2639/4050/3465 4634/1421/1324
f 3064/3676/3193 2401/3675/3192 3256/5134/1963
f 4661/5127/4131 4866/1187/1107 248/361/321
f 2367/5135/3150 3748/3915/3365 2368/3917/3151
f 1863/2823/2536 2307/3519/3085 3257/5136/624
f 1680/2539/2297 333/490/445 3258/5137/4134
f 747/1108/1032 4374/5138/4135 2717/4177/3560
f 3074/4807/3967 3259/5139/4136 3951/5140/4137
f 2406/3683/3199 3583/1404/1307 945/1403/1306
f 3260/5141/4138 236/344/304 782/1161/1082
f 4588/4390/3707 4855/3455/3036 2268/3458/1548
f 3261/5142/4139 821/5143/1135 419/623/570
f 3478/5144/4140 3262/5145/1503 3263/5146/4141
f 4768/5147/4142 235/340/300 2598/5148/3426
f 497/738/681 1039/1544/1438 275/408/363
f 3264/5149/4143 176/248/211 178/250/213
f 712/1053/980 3265/5150/4144 3199/5033/4087
f 3903/5151/2853 4857/3217/2846 3751/3216/2845
f 3266/5152/3164 3903/3227/2853 3751/5153/2845
f 4443/4201/726 2732/4203/3578 3748/3915/3365
f 3267/5154/4145 1941/2938/2630 3268/5155/4146
f 3478/5144/4140 3263/5146/4141 4574/5156/4147
f 4741/5157/545 2241/3416/3007 2354/3593/3137
f 3050/4762/3656 3045/4755/3934 4432/5158/3654
f 2796/4319/3653 1673/2529/2289 26/40/34
f 2939/4555/3811 3708/4557/3813 1909/2890/2592
f 1448/2208/2012 3269/5159/4148 1449/2209/2013
f 1499/2277/2070 880/1293/1207 1660/2511/2273
f 1512/2292/2084 3270/5160/4149 3271/5161/1561
f 4068/5162/4150 3169/4987/4059 4596/4433/3731
f 1390/2103/1929 195/279/240 1388/2101/1927
f 2753/4244/816 2213/5163/2980 211/305/266
f 4701/304/265 2753/4244/816 211/305/266
f 2049/3102/2121 3272/5164/4151 3273/5165/4152
f 3581/5166/4153 3979/5167/4154 3274/5168/4155
f 3987/5169/4156 4576/2467/2238 2149/3281/2899
f 2673/4100/3503 1360/2052/1885 2809/5170/3671
f 2808/4101/3504 2673/4100/3503 2809/5170/3671
f 3275/5171/4157 3276/5172/4158 3277/5173/4159
f 1481/2250/2046 3473/5174/4160 3278/5175/4161
f 3279/5176/4162 1069/2540/1478 1681/2542/2299
f 3902/5110/4120 1197/1790/1660 3242/5111/4121
f 1941/5177/2630 4352/5178/2629 1443/875/809
f 1071/1589/1480 1117/1663/1550 2506/3845/3314
f 30/2853/38 6/9/7 4522/5179/3670
f 3031/4730/3916 2869/4443/3738 1523/4445/2098
f 4112/2231/2031 3101/2230/2030 1733/4910/2373
f 628/930/862 3280/5180/4163 1958/2963/2654
f 3281/5181/2132 3282/5182/3446 3283/5183/4164
f 3281/5181/2132 3283/5183/4164 3284/5184/4165
f 2550/2131/1950 1405/2130/1949 3795/5185/4166
f 2872/4448/3740 2034/3080/2745 3285/5186/4167
f 3286/5187/1692 4541/4298/3639 4170/5188/4168
f 3287/5189/4169 3288/5190/4170 3289/5191/4171
f 3081/4822/3974 1827/2764/2486 3290/5192/3797
f 3291/5193/4172 3292/5194/2116 2273/3468/3044
f 2734/5195/3292 3984/4068/3479 3293/5196/4173
f 3294/5197/4174 3798/3478/3051 3170/5198/4060
f 3294/5197/4174 3170/5198/4060 530/792/733
f 3295/5199/2443 4762/5200/4175 3296/5201/3458
f 3297/5202/3251 166/229/199 3298/5203/4176
f 3299/5204/4177 2139/3268/2888 298/5205/393
f 2901/4498/3770 1888/2861/2566 3300/5206/4178
f 1660/2511/2273 1627/2462/2233 2500/5207/3307
f 3686/3276/2895 4188/3275/2894 4844/5208/1509
f 4836/5209/4179 3301/5210/4180 3484/5211/4181
f 3302/5212/3734 3303/5213/4182 4299/5214/4183
f 3304/5215/4184 4880/5216/4185 3305/5217/4186
f 2135/5218/2884 4256/4736/3921 3035/4735/3920
f 3306/5219/4187 3307/5220/4188 323/477/432
f 3308/5221/311 1397/5222/1938 3306/5219/4187
f 3039/4746/3928 3038/4745/3927 2269/3460/3039
f 4553/3481/3054 4552/4854/1733 2282/3482/3055
f 1683/5223/2302 3309/5224/4189 694/5225/949
f 4565/5226/3791 3310/5227/4190 1562/2355/2141
f 3311/5228/3297 3312/5229/4191 3016/2079/1908
f 1956/2961/2652 17/23/19 2265/3450/3031
f 2120/5230/2857 4314/5231/3910 3313/5232/4192
f 3314/5233/1921 4444/343/303 1383/342/302
f 1082/1606/1496 4641/5234/3231 2748/5235/2333
f 4798/5236/3747 2881/1444/1346 971/1446/1043
f 3315/5237/4193 3316/5238/4194 3275/5171/4157
f 2256/3437/3022 3720/5239/3574 1483/5240/2048
f 2447/3756/3246 2953/4584/3833 779/1154/1076
f 2571/3950/3391 2299/3507/3073 2572/3951/3392
f 2096/3191/2825 3317/5241/4195 486/720/664
f 4069/2957/2648 3059/4782/3950 2211/3380/2978
f 2847/4402/255 498/740/683 3819/739/682
f 3318/5242/4196 4181/4932/4030 3319/5243/4197
f 3872/5244/4198 3318/5242/4196 3319/5243/4197
f 1044/1551/1444 2567/3945/3387 531/793/734
f 3320/5245/2818 1138/5246/1586 3321/5247/1024
f 2801/2165/1979 3180/4936/2863 1420/2166/1980
f 2921/4520/423 3322/5248/422 3384/4521/3789
f 2891/4810/3759 2993/2096/1922 1384/2097/1923
f 3323/5249/4199 2652/4066/3478 2651/4065/3477
f 3324/5250/4200 2766/4270/3621 2914/4511/3782
f 2943/4564/3819 1541/1260/1176 855/1259/1175
f 1405/3106/1949 3502/3727/3227 2429/3726/3226
f 3071/5251/3963 2837/4377/3698 3325/5252/4201
f 1554/2346/2133 37/52/46 1555/2347/2134
f 3326/5253/4202 3327/5254/4020 1281/1928/1572
f 2255/3434/3020 3328/5255/4203 4127/3435/1931
f 1336/2013/1851 1929/5256/2616 2801/2165/1979
f 3329/5257/4204 3330/5258/4205 2752/5259/3601
f 1896/2875/2577 3998/3515/3081 2277/3473/3047
f 3331/5260/4206 2755/3007/2689 3332/5261/4207
f 2249/3428/3016 3333/5262/3954 3334/5263/323
f 3068/4796/3960 4918/3585/3134 2915/5264/3783
f 1947/2945/2636 3335/5265/4208 967/1439/1341
f 1710/2586/2341 3328/5255/4203 2255/3434/3020
f 2186/3338/2947 1300/1958/1805 1349/5266/1869
f 3336/5267/3870 3337/5268/4209 2836/4376/3697
f 2152/3286/2904 2314/4125/3092 3123/4902/4015
f 3338/5269/4210 1604/2421/2201 2286/3487/1469
f 3016/2079/1908 3312/5229/4191 1378/2080/1909
f 545/812/752 4244/4272/3622 2768/4274/3623
f 2/2/2 3339/5270/1330 2263/3448/3029
f 3078/4814/3971 1747/2645/2391 2659/4080/3486
f 600/894/827 4071/896/829 908/1335/1246
f 3678/5271/495 1577/4924/2162 2593/3987/3419
f 3109/4873/80 2540/2487/2252 2654/4071/3353
f 3913/3436/3021 3340/5272/4211 2256/3437/3022
f 3341/5273/4212 529/791/732 1935/2928/2623
f 66/89/75 64/87/73 3230/5086/3233
f 2330/3801/3109 1873/2835/2546 3342/5274/4213
f 763/1133/1056 1505/2283/2076 764/1134/1057
f 4676/5275/4214 4034/1910/1765 3343/5276/4215
f 2067/5099/1161 3344/5277/2782 247/360/320
f 4690/2554/2310 2212/5278/2979 2340/3567/3120
f 2039/5279/2752 2606/4007/3434 3345/5280/992
f 3346/5281/4216 3347/5282/4217 3348/5283/4218
f 3349/5284/4219 3350/5285/1904 1376/5286/1906
f 3277/5173/4159 556/827/767 3351/5287/4220
f 3275/5171/4157 3277/5173/4159 3351/5287/4220
f 532/3642/736 3052/4764/3940 2381/3643/3169
f 4912/4631/3861 487/723/667 2360/3606/3144
f 4269/143/119 2773/4281/3627 104/144/120
f 4169/3763/3252 4834/1054/981 3352/5288/819
f 1380/2086/1915 3353/5289/4221 1362/2054/1887
f 3354/5290/2594 2603/4003/3431 321/4002/427
f 894/1314/1228 3138/4928/4027 895/1315/1229
f 1218/1826/1693 2824/5291/3685 823/5292/1137
f 1126/1409/1312 950/1410/1313 3355/5293/3349
f 2793/2730/2454 3356/5294/4222 3357/5295/4223
f 4452/5296/2923 2593/3987/3419 2976/3989/3421
f 2612/4014/3439 2611/4013/3438 2934/4931/3806
f 1845/2790/2509 3227/2792/2511 2732/5297/3578
f 1307/5298/1812 296/435/390 1361/2053/1886
f 3218/5065/3665 2356/3599/2840 1979/2999/2682
f 1587/2391/2175 3139/5299/4028 1875/2838/2549
f 1103/1639/1527 634/939/871 2524/3871/3332
f 1660/2511/2273 2500/5207/3307 1661/2512/2274
f 3358/5300/4224 3359/5301/4225 3360/5302/4226
f 4134/1391/1296 1208/5303/1674 4135/5304/237
f 1108/1648/1535 1874/2837/2548 3361/5305/1328
f 2958/4594/3840 241/5306/312 4795/5307/4227
f 1164/1740/1615 4426/5308/4228 2596/3991/3423
f 3541/1392/1297 2236/1394/1298 2238/5309/3004
f 3362/5310/4229 4831/4889/4008 1910/2891/2593
f 4816/5311/4230 702/1038/965 2653/4070/3480
f 3497/5312/4231 4301/5313/4232 1063/5314/1471
f 3363/5315/4233 2706/5316/3551 212/307/268
f 2163/5317/2919 3644/5318/4234 31/45/39
f 2903/4500/3772 3364/5319/4235 2925/4532/3595
f 1755/2657/2400 384/568/519 4340/570/521
f 4935/118/100 4751/5320/4236 3365/5321/4237
f 362/531/482 3366/5322/4238 3250/1834/1698
f 3367/5323/4239 1895/2873/2576 3120/3518/3084
f 1718/5324/2355 3368/5325/533 1989/5326/2693
f 4728/5327/4240 3369/5328/996 720/1381/995
f 3323/5249/4199 283/5329/373 2652/4066/3478
f 3666/5330/4241 3656/5331/4242 1472/2240/2038
f 4350/974/905 657/973/904 928/1374/1280
f 3370/5332/4243 3371/5333/4244 2943/4564/3819
f 523/779/722 4014/778/721 3440/4835/3980
f 3372/5334/4245 3800/5335/4246 3373/5336/4247
f 4184/5337/3202 3558/5338/4248 1787/2705/2437
f 3374/5339/4249 2024/337/297 2023/3929/2728
f 3375/5340/4250 2604/4004/3432 3376/5341/4251
f 1495/2269/2063 3216/1252/1168 4944/2270/2064
f 351/5342/468 3377/5343/4252 3633/5344/4253
f 3890/5345/4254 2667/4093/3497 3378/5346/3948
f 1880/5347/2557 3379/5348/4255 2739/4217/3585
f 1245/1870/1729 4430/4861/3996 3367/5323/4239
f 2331/3554/3110 2330/3553/3109 3342/5349/4213
f 3380/5350/4256 3381/5351/106 3279/5176/4162
f 3382/5352/893 649/1221/892 825/1220/1139
f 1121/1667/1554 1122/1669/1556 1806/5353/2459
f 2573/3952/3393 2011/3042/2714 2562/3935/3380
f 2696/4140/3533 2715/4175/3558 2694/4138/3531
f 720/5354/995 3383/5355/222 1925/2916/2612
f 3751/3216/2845 2111/3218/2847 4131/5356/4257
f 693/1020/947 3384/5357/3789 3982/5358/4258
f 2349/3583/3132 2794/4316/3650 4555/5359/4259
f 2003/3028/2705 768/1141/1063 2246/3425/3013
f 3385/5360/418 3386/5361/4260 3387/5362/4261
f 3835/4537/3799 2577/5363/3401 708/4538/974
f 2354/4424/3137 2861/4425/3725 199/287/248
f 362/531/482 3250/1834/1698 363/532/483
f 3384/4521/3789 3322/5248/422 3439/3466/3042
f 1035/3590/1433 1165/1741/1616 1211/1814/1434
f 3388/5364/4262 4770/5365/4263 3389/5366/2239
f 3872/5244/4198 2452/3761/200 2451/3760/3250
f 2086/3174/2810 2063/3127/2779 2548/5367/3361
f 2604/4004/3432 2812/4344/3674 3390/5368/4264
f 1430/2182/1989 3391/5369/4265 405/602/552
f 1968/2982/2668 703/1039/966 705/1041/968
f 1892/2869/2573 2631/4037/3456 3392/5370/4266
f 2015/5371/2718 4108/5372/1531 3393/5373/3179
f 3394/5374/4267 3395/5375/3008 3396/5376/4268
f 24/38/32 4220/4842/3985 2061/3125/2777
f 662/5377/910 2191/3343/2952 4578/5378/4269
f 3397/5379/4270 2054/5380/2770 3398/5381/4271
f 3131/2794/2513 214/310/271 1452/312/273
f 2665/4086/3492 2664/4085/3491 4068/5162/4150
f 3300/5206/4178 1887/2860/2565 3400/5382/2751
f 3399/5383/984 3300/5384/4178 3400/5385/2751
f 3401/5386/4272 743/1104/1028 3402/5387/4273
f 3403/5388/2640 1141/1708/1588 285/1707/375
f 1184/1772/1644 2064/3128/2780 3404/5389/4274
f 3405/5390/2915 2899/4494/3767 3406/5391/4275
f 3407/5392/4276 2301/3510/3076 1977/2997/2680
f 3408/5393/4277 4785/5394/4278 4893/306/267
f 1812/2742/2466 2532/4870/3342 2531/5395/3341
f 3409/5396/2922 714/1056/983 715/1058/985
f 2509/5397/3318 3761/5398/4279 4810/5399/4280
f 1648/2495/2257 3410/5400/4281 1963/2972/2661
f 3411/5401/4282 3007/2416/2199 4847/2415/2198
f 2249/3428/3016 3334/5263/323 2999/5402/3882
f 935/1384/1289 206/295/256 872/1283/1198
f 714/1056/983 2690/4133/3529 972/1448/1349
f 3412/5403/1578 3281/5181/2132 416/615/563
f 3412/5403/1578 416/615/563 2921/614/423
f 1469/2236/2036 3413/5404/4283 257/5405/334
f 2971/5406/3855 2771/4278/2851 2972/1156/1078
f 3414/5407/4284 3415/5408/509 2923/4529/3793
f 36/51/45 40/80/50 39/4022/49
f 3416/5409/4285 3417/5410/4286 2391/5411/3181
f 3418/5412/4287 2343/2625/2377 3419/5413/4288
f 3018/206/177 155/205/179 3004/4685/3894
f 3420/5414/4289 230/328/288 229/327/287
f 2864/4432/3730 1364/2057/1890 1365/2059/1191
f 3421/5415/4290 3613/4968/4047 3422/5416/4291
f 4349/5417/4292 3423/5418/2832 4348/5419/4293
f 2570/3948/183 2519/3863/3327 2661/4450/3488
f 3179/5420/4069 3424/5421/2389 3425/5422/4294
f 3214/3949/3390 3022/4714/3909 3182/5423/4070
f 3426/5424/4295 3427/5425/4296 3141/5426/4031
f 3480/1368/1274 2149/5427/2899 3481/5428/4297
f 4755/4461/1248 3428/5429/3038 3429/5430/4298
f 1237/1858/1720 3044/4753/3932 1262/1902/1757
f 636/5431/877 3377/5343/4252 3061/5432/2237
f 3430/5433/4299 3431/5434/4300 3432/5435/4301
f 3433/5436/4302 2475/3791/3278 2477/3793/3280
f 1631/2469/2240 4925/5437/4303 2149/3281/2899
f 1716/5438/2352 1734/2622/2374 553/822/762
f 2878/4048/3463 1784/4382/2434 2638/4049/3464
f 1033/1749/1432 3434/5439/2304 3435/5440/4304
f 3436/5441/346 4284/5442/4305 4576/5443/2238
f 3436/5441/346 4576/5443/2238 3987/5444/4156
f 1270/1914/1768 3437/5445/4306 2914/4511/3782
f 268/398/353 3438/5446/2092 269/399/354
f 3982/5358/4258 3439/5447/3042 437/652/596
f 2313/3528/3091 3982/5358/4258 437/652/596
f 2805/4334/3666 4759/820/760 594/5448/818
f 2237/3412/3003 523/5449/722 3440/5450/3980
f 3441/5451/4307 3136/4926/4026 2633/4042/3459
f 3442/5452/4308 3443/5453/3508 2774/4282/3628
f 193/272/233 2084/3168/2452 2792/4314/3649
f 3444/5454/4309 4204/530/481 2918/5455/3786
f 3445/5456/4310 4711/5457/1452 3446/5458/1062
f 3447/5459/4311 3448/5460/4312 749/1112/1036
f 1301/4725/1806 3029/4727/3915 3449/5461/4313
f 4433/5462/3881 3450/5463/3883 2385/3652/3174
f 2826/4361/463 845/1244/1160 2827/4362/3687
f 4408/5464/4314 3451/5465/4315 3219/5066/4105
f 1928/2919/2615 1654/2504/2266 2230/3402/2997
f 567/840/780 569/842/782 3452/5466/4316
f 1324/1993/1833 3955/736/679 2252/3431/3018
f 3039/4746/3928 2269/3460/3039 3428/3459/3038
f 4013/3800/3284 1337/2014/1852 1871/2833/2544
f 3453/5467/4317 2465/3780/3268 3454/5468/4318
f 3767/5469/3587 1257/1892/1749 3768/4695/3898
f 2842/5470/3705 1040/5471/1440 1326/5472/1836
f 1350/2721/1181 1797/2720/2448 1154/1725/1602
f 1363/5473/1889 3455/5474/4319 3456/5475/1642
f 2941/4560/3816 4536/2974/2663 1965/2976/2665
f 3457/5476/4320 3458/5477/4321 1312/1976/1817
f 2269/5478/3039 1967/2980/2306 1966/2979/2667
f 2819/5479/3680 3459/5480/4322 4305/5481/3972
f 3281/5181/2132 3284/5184/4165 416/615/563
f 3460/5482/4323 3461/5483/4324 3264/5149/4143
f 840/1239/1155 1721/2607/2359 1850/2799/2517
f 4518/5484/4325 821/5143/1135 1042/1548/1442
f 1387/5485/1926 1386/5486/1925 293/429/384
f 2980/1854/1716 2982/3162/2801 1454/2215/2018
f 4947/788/729 339/5487/452 768/1141/1063
f 3462/5488/4326 2372/3625/3155 3463/5489/4327
f 305/5490/400 1792/5057/2441 4936/5491/4328
f 4543/3808/3053 2486/3807/3289 4553/5492/3054
f 2190/3342/2951 1885/2858/2563 3464/5493/4329
f 1108/1648/1535 470/696/640 1586/2390/2174
f 4758/5494/4330 2056/3112/2771 2700/4144/3537
f 2548/5495/3361 2062/4576/2778 2682/4121/3519
f 190/5496/230 3465/5497/3138 429/641/585
f 3466/5498/1171 3517/2588/2343 1638/2479/2248
f 2308/3522/3088 2078/3150/2795 1581/2384/2168
f 3829/5499/4331 370/545/496 3786/1366/1272
f 4837/4191/3570 523/5449/722 2237/3412/3003
f 3467/5500/4332 3468/5501/239 3469/5502/4333
f 4930/3035/2710 1514/5503/2087 1631/2469/2240
f 2131/3257/2878 4654/5504/4334 4948/3258/2879
f 3470/5505/2485 401/597/548 2478/596/547
f 1594/2402/2186 4592/5506/4335 1094/5507/1514
f 2979/5508/3862 1836/2776/2497 1835/2775/2496
f 1432/2184/1991 2190/3342/2951 3464/5493/4329
f 2725/4186/3567 3471/5509/3189 2726/4187/3568
f 933/1382/1287 3472/5510/4336 3015/4705/3906
f 1838/2778/2499 1742/2637/2386 301/441/396
f 1844/2788/2508 511/2931/702 4642/5511/4337
f 1844/2788/2508 4642/5511/4337 4643/5512/3223
f 897/1318/1232 4547/1317/1231 4909/5513/4338
f 480/711/655 180/254/214 182/256/217
f 867/3859/1193 3473/5514/4160 1457/2218/2020
f 745/1920/1030 867/3859/1193 1457/2218/2020
f 971/1446/1043 2511/3852/3320 2851/4409/1044
f 846/1248/1164 1274/5515/1773 3474/5516/4339
f 4422/5517/494 318/466/421 2625/5518/3451
f 2928/5519/3798 998/1480/1378 4467/3489/3059
f 2713/4172/3555 2907/5520/3776 430/5521/586
f 4854/3188/2823 625/927/859 3160/5522/4050
f 3475/5523/352 267/5524/351 4770/5365/4263
f 3053/4765/3941 937/1387/1292 2759/4255/3608
f 1509/2289/2081 3476/5525/4340 1701/2572/2327
f 3024/4720/3913 186/264/225 1008/1500/1395
f 3193/5126/4081 3047/5526/3936 2209/3376/2976
f 2926/4533/3795 963/1435/1337 2627/2995/2678
f 2685/4127/3524 3079/4820/3973 3477/5527/3933
f 2009/3038/1253 3478/5528/4140 3479/5529/4341
f 3480/5530/1274 3481/5531/4297 3482/5532/4342
f 1810/2740/2464 829/1227/1144 3483/5533/4343
f 3484/5534/4181 191/270/231 2907/4504/3776
f 3283/5183/4164 2098/3194/2828 3284/5184/4165
f 670/988/918 2100/3196/2829 2701/4147/3539
f 1762/2668/2407 2156/3292/2910 2623/4029/3449
f 3210/5050/4097 3211/5052/4099 3398/5535/4271
f 4654/5536/4334 4872/5537/4344 4788/3911/3362
f 3485/5538/3571 934/1383/1288 3486/5539/4345
f 2300/3509/3075 3487/5540/4346 3488/5541/4347
f 2260/5542/3026 1043/1549/1443 1782/2647/2392
f 1394/2110/1935 3466/1255/1171 851/1254/1170
f 3489/5543/4348 3335/5265/4208 1947/2945/2636
f 2122/5078/2867 3226/5077/2413 3490/5544/2415
f 3491/5545/4349 1356/4225/1877 3492/5546/4350
f 3493/5547/4351 4832/498/453 2804/4474/3664
f 3494/5548/4352 1931/2923/2619 3495/5549/4353
f 3496/5550/4354 3494/5548/4352 3495/5549/4353
f 4494/5551/4355 2563/3939/3383 4390/3938/3382
f 1063/1580/1471 1064/1582/1473 3497/5552/4231
f 3577/2048/1881 4259/3503/361 1358/2049/1882
f 3498/5553/4356 1667/2523/2283 4628/5554/629
f 217/5555/275 3499/5556/3198 1963/2972/2661
f 3227/2792/2511 613/5557/842 3500/5558/4109
f 173/5559/210 723/1074/1001 722/1073/1000
f 2701/4147/3539 2100/3196/2829 1755/2657/2400
f 3017/5560/1910 3501/5561/3355 3502/5562/3227
f 3380/5350/4256 3279/5176/4162 337/495/450
f 4712/5563/3352 1833/2771/2492 2775/4284/3629
f 3503/5564/2930 2171/4200/2929 2731/4199/3577
f 4178/1413/1316 1446/2206/2010 279/413/368
f 2310/2732/2456 3504/5565/932 4673/5090/4114
f 2995/4660/3876 2996/4662/3877 2911/4508/3780
f 3330/5258/4205 3505/5566/4357 2444/3753/3244
f 3506/5567/4358 3507/5568/4359 3302/5212/3734
f 4163/4109/3509 1308/1970/1813 1307/1969/1812
f 779/1154/1076 2953/4584/3833 3178/5001/4068
f 4583/2137/1955 2456/3767/3256 33/47/41
f 1520/2303/2094 1263/1903/1758 1521/2304/2095
f 4253/5569/1849 4611/4119/3518 2692/4118/3517
f 647/957/889 4587/5570/4360 2750/5571/3599
f 1395/2111/1936 2940/5572/3815 1296/1953/1543
f 2033/3077/2743 1105/5573/1530 2884/5574/3752
f 3508/5575/4361 3296/5201/3458 4762/5200/4175
f 3509/5576/4362 1712/2589/2344 4533/4214/3583
f 4863/883/817 4701/5577/265 666/5578/914
f 1386/5486/1925 3510/5579/1284 291/427/382
f 3652/5580/4363 1702/2573/2328 2919/4517/3787
f 3511/5581/4364 3275/5171/4157 3512/5582/4365
f 1949/2948/2639 2903/4500/3772 1722/2608/2360
f 747/1108/1032 538/803/744 4374/5138/4135
f 1254/1886/1743 1253/1885/1742 3513/5583/4366
f 3514/5584/4367 591/878/812 3001/4673/3887
f 1832/2770/2491 725/1076/1003 3416/5409/4285
f 2031/3074/2740 64/5585/73 3515/5586/1122
f 2497/3075/2741 2031/3074/2740 3515/5586/1122
f 893/5587/1226 1328/5588/1225 4926/5589/1838
f 4211/5590/4368 3516/5591/4369 3371/5333/4244
f 4674/5592/4370 2017/5593/2722 4427/5594/2721
f 3517/5595/2343 1393/2109/1934 503/748/691
f 2787/4304/3643 3518/5596/4371 2275/2960/2651
f 3686/3868/2895 2867/3867/3329 3519/5597/2658
f 763/1133/1056 2914/4511/3782 1505/2283/2076
f 1748/2648/2393 3305/5217/4186 1749/2649/2394
f 3520/5598/4372 3521/5599/4373 4604/5600/4374
f 2894/4487/3763 3002/4486/3762 3522/5601/4375
f 4053/5602/4376 1655/2505/2267 813/1207/1126
f 975/1452/1353 3523/5603/4132 1053/5604/1455
f 3524/5605/1314 164/226/196 3649/1905/1760
f 3683/3848/3317 1021/5606/1416 2508/3849/1415
f 3525/5607/4377 486/5608/664 4809/5609/666
f 2040/3089/2753 3345/1065/992 2931/4543/3802
f 2625/5610/3451 2493/5611/3301 3526/5612/4378
f 3527/5613/4379 3188/5014/4075 362/531/482
f 1735/5614/2378 2142/3271/2891 2141/3270/2890
f 3528/5615/4380 3014/4703/3905 3108/4702/3904
f 3529/5616/4381 3530/5617/4382 3531/5618/4383
f 4898/5619/4384 651/963/895 3228/5620/4110
f 2891/4810/3759 1384/2097/1923 3075/4811/3968
f 2357/3602/3140 1969/2983/2669 3532/5621/4385
f 3533/5622/4386 1574/2373/2158 3534/5623/1108
f 4614/4574/3827 975/5093/1353 1053/5624/1455
f 3535/5625/529 3536/5626/121 3537/5627/123
f 4633/5628/2339 1068/1586/1477 584/863/801
f 4633/5628/2339 584/863/801 3538/5629/1023
f 3047/4757/3936 1247/1873/1732 3736/5630/4387
f 495/732/676 531/793/734 532/795/736
f 1205/1803/1671 2515/5631/3325 4846/5632/3824
f 442/5633/605 3539/5634/4388 3540/5635/826
f 501/746/689 4916/584/535 392/583/534
f 2725/4186/3567 1434/2186/1993 3471/5509/3189
f 2238/3413/3004 4908/5636/2406 3541/5637/1297
f 611/908/840 610/907/839 2636/4045/3461
f 3542/5638/2188 2480/3797/3282 1595/3796/2189
f 3442/5452/4308 2682/5639/3519 3543/5640/3708
f 3544/5641/4389 3545/5642/4390 3546/5643/4391
f 1663/2515/2277 3547/5644/3213 3801/5645/4392
f 288/424/379 290/426/381 3852/1006/936
f 3303/5213/4182 773/1148/1070 4299/5214/4183
f 1324/1993/1833 165/227/197 164/226/196
f 4617/765/708 514/764/707 1904/2885/2587
f 3548/5646/2086 3549/5647/3023 3482/5532/4342
f 3550/5648/4393 3551/5649/4394 3552/5650/4395
f 3967/571/522 3553/5651/4396 386/572/523
f 2372/3625/3155 2450/3759/3249 2373/3626/3156
f 833/1231/1148 3060/4783/875 834/1232/1149
f 2797/4321/3655 444/663/607 3554/5652/4397
f 2332/3555/3111 3555/5653/4398 3421/5654/4290
f 3168/4986/4058 3556/5655/4399 524/5656/724
f 3557/5657/4400 3558/5658/4248 4184/3687/3202
f 3338/5269/4210 3559/5659/3481 2655/1324/1238
f 1635/2476/2245 2379/3639/3167 1636/2477/2246
f 2271/3462/3040 2674/4103/3506 3560/5660/4401
f 3561/5661/4402 2522/3869/3330 3983/5662/4403
f 955/1422/1325 2583/4996/3409 2516/2726/2451
f 3562/5663/1323 3563/5664/4404 3564/5665/4405
f 2082/3107/2767 2052/3108/2768 2749/4875/3597
f 2759/4255/3608 1694/2562/2318 3053/4765/3941
f 257/374/334 256/373/333 844/1243/1159
f 3565/5666/927 4693/3747/3239 2435/3741/3237
f 3566/5667/4406 3164/4978/4052 2392/3663/3182
f 2449/3758/3248 3567/5668/4407 2450/3759/3249
f 2282/3482/3055 3097/4855/2272 3552/5650/4395
f 4545/5669/4408 4468/5670/4065 4783/1630/1406
f 356/523/474 3568/5671/218 3569/5672/3984
f 1562/4682/2141 2922/4525/3792 4565/4524/3791
f 2944/4566/3821 3570/5673/4409 2171/3315/2929
f 3571/5674/4410 1720/2606/2358 3575/5675/4411
f 3572/5676/959 3573/5677/3755 2538/3892/3350
f 109/154/130 1518/2301/2093 520/772/715
f 3087/4834/3979 923/1364/1270 1507/2286/2078
f 4245/5678/4412 1258/3720/1750 2060/3719/2507
f 4295/391/348 3574/5679/1276 1004/392/349
f 1228/1845/1709 2910/4507/3779 4594/386/343
f 3575/5680/4411 949/2327/1311 1540/2326/2117
f 3576/5681/3842 4258/5682/4413 3577/5683/1881
f 2231/3406/2999 1769/3405/2417 2474/3790/3277
f 2338/5684/3117 1669/2525/2285 1668/2524/2284
f 2383/3649/3171 3578/5685/2432 4329/2557/2313
f 891/5686/1223 4784/5687/4414 3579/5688/2734
f 882/1295/1209 881/1294/1208 3580/5689/4415
f 3100/4858/3087 2096/3191/2825 486/720/664
f 1629/2464/2235 1630/2465/2236 1725/2611/2363
f 1402/2126/961 1730/2616/2368 1403/2127/1946
f 3581/5690/4153 3156/4966/4045 2618/4021/3445
f 3582/5691/4416 656/971/903 3583/5692/1307
f 3584/5693/4417 1935/4988/2623 3171/4990/4061
f 3585/5694/4418 627/929/861 1316/1982/1823
f 400/595/546 1231/1848/1711 1697/2566/2321
f 3586/5695/4419 4311/5696/4420 3587/5697/4421
f 4769/5698/4422 1414/2156/1971 3627/2157/1972
f 1048/5699/1448 1011/1503/1398 811/1205/1124
f 4953/4259/3611 3588/5700/1959 3589/5701/1958
f 3654/2640/2388 3590/5702/4423 3591/5703/4424
f 3737/5704/4425 2120/3231/2857 3313/5705/4192
f 866/1277/1192 1921/2910/2608 1019/1516/1411
f 3592/5706/4426 2466/3781/3269 4655/5707/4427
f 1588/2392/2176 1875/2838/2549 1874/2837/2548
f 3491/5545/4349 3492/5546/4350 3593/5708/3633
f 3594/5709/4428 1448/2208/2012 1450/2210/2014
f 3595/5710/2357 1152/1723/1600 1151/1722/1599
f 2943/4564/3819 730/5711/1011 3596/5712/1010
f 2096/3191/2825 3745/3190/2824 3597/5713/4429
f 2856/4416/1201 4660/3823/3300 3598/5714/1918
f 3599/5715/4430 3600/5716/1366 1972/2987/2190
f 2470/3786/3273 3202/5037/4090 3601/5717/4431
f 3634/4672/3886 4554/5718/4432 3001/4673/3887
f 3602/5719/4433 4457/5720/4434 3603/5721/434
f 2493/5722/3301 3604/5723/3303 3526/5724/4378
f 1067/5725/1476 2004/3029/2706 1065/5726/1474
f 3605/5727/4435 2708/4163/891 2709/4165/582
f 1390/2103/1929 3606/5728/4436 1075/1598/1489
f 2833/4370/3692 474/701/645 4830/703/647
f 2656/4076/3483 1978/2998/2681 2825/4360/3686
f 470/696/640 469/695/639 1726/2612/2364
f 1321/1987/1828 228/326/286 3607/5729/4437
f 3608/5730/4438 2856/1287/1201 81/110/94
f 272/404/359 3609/5731/4439 273/405/360
f 2949/4573/3826 2710/4167/3553 3610/5732/4440
f 661/978/909 2189/5733/2950 662/979/910
f 1667/2523/2283 4383/2522/2282 696/5734/952
f 2623/4029/3449 2156/3292/2910 2155/3291/2909
f 2455/3766/3255 2454/3765/3254 3611/5735/4441
f 2472/3788/3275 469/695/639 468/694/638
f 2105/3207/2837 2104/3206/2836 2693/2118/1941
f 3612/5736/4442 1146/354/314 244/356/316
f 3251/5124/2561 30/5737/38 363/5738/483
f 3251/5124/2561 363/5738/483 3250/5122/1698
f 2182/3330/2941 2181/3329/1565 2863/4428/3728
f 1546/2335/2122 3107/4869/4000 719/1067/994
f 3555/5653/4398 3613/5739/4047 3421/5654/4290
f 22/35/29 20/28/22 4345/5740/3636
f 482/715/659 484/717/661 3845/4232/3594
f 1368/2062/1894 710/1051/978 2960/4600/3845
f 2885/4471/3753 1368/2062/1894 2960/4600/3845
f 3454/5468/4318 2465/3780/3268 3614/5741/4443
f 4557/658/602 4559/1345/1255 761/1131/1054
f 3457/5476/4320 803/1192/1112 3615/5742/4444
f 2863/4428/3728 3056/4776/3947 2182/3330/2941
f 2524/3871/3332 634/939/871 3616/5743/4445
f 910/2042/1250 3617/5744/1545 2947/4571/3825
f 899/1320/1234 2835/5745/3695 1612/5746/2212
f 3455/5474/4319 2805/4334/3666 594/5448/818
f 820/2646/1134 1042/1548/1442 821/5143/1135
f 4174/1981/1822 627/929/861 3823/5747/4446
f 2862/4427/3727 1268/1911/1766 4034/1910/1765
f 3618/5748/4447 3619/5749/1962 4183/4773/3946
f 3620/5750/4448 911/1340/1251 2400/5751/1261
f 3379/5348/4255 3621/5752/4449 2739/4217/3585
f 2366/1668/1555 283/5329/373 3323/5249/4199
f 3622/5753/4450 2290/3492/3062 3083/4830/3976
f 3623/5754/623 3104/4866/3998 2736/4865/2610
f 3624/5755/4451 3203/5038/4091 4631/5756/4452
f 858/1265/1180 4494/5757/4355 1350/1266/1181
f 202/290/251 3625/5758/2582 1902/4254/2584
f 1376/2076/1906 2404/2075/1905 172/239/209
f 4932/5759/2672 3577/2048/1881 1357/2047/1880
f 1948/2946/2637 1722/2608/2360 1666/2521/2281
f 2231/3406/2999 3376/5341/4251 3043/4751/3931
f 568/841/781 1175/1759/1631 3916/5760/4453
f 1435/2187/1994 1434/2186/1993 2725/4186/3567
f 3626/5761/4454 402/341/301 235/340/300
f 672/991/921 673/993/923 751/1114/1038
f 3627/5762/1972 153/202/176 2877/1336/1247
f 3628/5763/1800 2079/5764/1779 3096/4851/3992
f 1436/2188/1995 1438/2190/1997 3629/5765/2907
f 2009/5766/1253 3479/5767/4341 3630/5768/4455
f 2009/5766/1253 3630/5768/4455 912/5769/1254
f 3631/5770/4456 2158/5771/2913 2889/5772/3757
f 3631/5773/4456 2889/5774/3757 3632/5775/1385
f 3617/5776/1545 3871/5777/1547 4320/5778/4457
f 3091/4843/3986 3280/5180/4163 628/930/862
f 3633/5779/4253 3409/5396/2922 351/5780/468
f 3426/5424/4295 4656/5781/1481 3989/5782/4458
f 2443/3752/3243 2335/3558/3114 4182/881/815
f 2443/3752/3243 4182/881/815 4863/883/817
f 1348/2031/1868 639/948/880 2297/3505/3071
f 330/487/442 3634/5783/3886 4625/944/876
f 3635/5784/4459 1298/1955/1802 1835/2775/2496
f 3636/5785/4460 744/1105/1029 3401/5386/4272
f 3637/5786/1041 3638/5787/4461 3639/5788/2080
f 1295/1952/1801 1600/2412/2195 4589/3540/1843
f 1537/2322/2113 3640/5789/564 4334/5790/4462
f 3641/5791/4463 4806/2624/2376 424/5792/575
f 3642/5793/1268 3643/5794/3953 3644/5795/4234
f 2309/5796/3089 1803/2731/2455 3645/5797/3859
f 2311/5798/2055 3620/5750/4448 2400/5751/1261
f 187/265/226 4842/5799/2173 3025/3327/2940
f 3646/5800/473 4789/3740/3236 3027/4724/219
f 3647/5801/2972 794/1178/1098 4122/3321/2934
f 3648/5802/4464 202/290/251 201/289/250
f 3153/4957/4041 1061/1577/1468 3394/5374/4267
f 1124/1676/1562 3528/5803/4380 2688/5804/3527
f 1817/2747/2471 4514/5805/3714 410/608/557
f 2073/3144/2790 3649/5806/1760 1264/3145/1759
f 1180/1765/1637 3650/5807/4465 758/1124/1048
f 4501/5808/4466 2097/3193/2827 44/60/54
f 3432/5435/4301 3651/5809/4467 3652/5810/4363
f 962/1434/1336 3653/5811/4468 3654/5812/2388
f 752/1115/1039 1509/2289/2081 2132/3259/2880
f 2935/4551/3807 2938/4554/3810 3196/5027/4084
f 4508/5813/4469 3655/5814/4470 3656/5815/4242
f 2571/3950/3391 388/1965/525 2299/3507/3073
f 1652/5816/2263 1335/2012/1850 1337/2014/1852
f 4526/5817/4471 3023/4719/3912 3025/4721/2940
f 1317/1983/1824 3623/5754/623 457/5818/622
f 3657/5819/3604 2022/3056/2727 2072/3143/2789
f 3658/5820/3516 992/1474/1372 4779/5064/3661
f 3659/5821/2120 1590/2395/2179 3272/5164/4151
f 3021/4713/2638 919/1356/1264 4001/5822/4472
f 4733/5823/4473 3660/5824/3335 2528/4134/3337
f 2322/3542/951 695/5825/950 2323/3543/3102
f 3661/5826/3166 3903/3227/2853 3266/5152/3164
f 919/1356/1264 918/1355/1263 3662/5827/3598
f 3695/4738/2308 1830/2767/2489 1688/5828/2309
f 3663/5829/4474 4835/1000/930 3563/5664/4404
f 4250/5830/3258 1230/286/247 200/288/249
f 2008/1342/1252 4369/5831/4475 4615/5832/4476
f 3255/5133/3067 4817/5833/4477 3664/5834/4478
f 4457/5720/4434 3665/5835/4479 1809/5836/2463
f 1167/1746/1620 1392/1745/1619 3924/5837/4480
f 1826/2762/2484 3081/4822/3974 1931/2923/2619
f 3860/5838/4481 618/918/850 4546/400/355
f 3270/5839/4149 1973/4107/2673 3271/5840/1561
f 1659/2509/2271 756/1122/1046 758/1124/1048
f 3237/5103/4118 2573/3952/3393 2561/3934/3379
f 2251/3430/3017 1724/2610/2362 891/5686/1223
f 403/600/550 4392/936/868 3666/5841/4241
f 3667/5842/4482 3087/4834/3979 2502/3841/3311
f 1380/2086/1915 1362/2054/1887 3668/5843/4483
f 1066/1584/1475 3669/5844/4484 1067/1585/1476
f 2852/4410/3716 4203/5845/4485 3670/5846/4486
f 1739/2633/2382 4672/2635/2384 3671/5847/4487
f 1688/2553/2309 2212/5278/2979 4690/2554/2310
f 186/264/225 188/266/227 1008/1500/1395
f 318/466/421 2974/4625/3857 316/464/419
f 2549/5848/3363 2000/5849/2702 3454/5468/4318
f 1543/2330/2119 3530/5617/4382 3529/5616/4381
f 202/290/251 2070/3140/2787 2281/3479/3052
f 2637/4046/3462 2259/3442/3025 3672/5850/4488
f 1994/3019/2697 3406/5851/4275 3095/5852/3991
f 3702/5853/4010 3117/5854/4012 2039/3088/2752
f 4459/3650/3172 2075/3147/2792 2074/3146/2791
f 206/5855/256 197/284/245 3673/5856/257
f 3874/2163/1977 4234/4168/3554 2710/4167/3553
f 3674/5857/1735 4754/5858/4489 3675/5859/1736
f 1520/2303/2094 1238/1859/1721 1263/1903/1758
f 2809/4341/3671 3676/5860/634 4522/4339/3670
f 3677/5861/4001 3876/2662/2403 1758/2661/2402
f 3244/5114/4124 4157/5862/4490 3243/5112/4122
f 1802/2729/2453 950/1410/1313 898/1319/1233
f 1577/2377/2162 3678/5863/495 1578/2378/1484
f 2025/3059/2729 3984/4068/3479 3069/5864/3961
f 3679/5865/805 153/202/176 3680/5866/4491
f 3225/5076/4108 1821/5867/2476 3833/5868/4492
f 775/1150/1072 3681/5869/4493 776/1151/1073
f 3367/5323/4239 4430/4861/3996 1557/2349/2136
f 372/5870/499 2176/3322/2935 2177/3323/2936
f 264/390/347 1004/392/349 4246/5871/4494
f 1615/4368/958 4416/1595/1486 3572/5872/959
f 1767/1690/1574 3512/5582/4365 3682/5873/4495
f 3683/5874/3317 3684/5875/4496 1021/1521/1416
f 3685/5876/4497 785/1166/1086 3996/333/293
f 2982/4636/2801 2645/4058/3470 2647/4060/3472
f 4515/5877/2802 2982/4636/2801 2647/4060/3472
f 4032/2623/2375 2888/4478/3756 4806/2624/2376
f 3686/5878/2895 3869/2966/2657 3497/5312/4231
f 3687/5879/1067 826/1222/1140 1878/2843/1786
f 3143/321/282 182/256/217 2204/3364/2968
f 2795/5880/3652 3457/5476/4320 3688/5881/4498
f 2762/4263/3614 562/833/773 2763/4264/3615
f 3689/5882/4499 2170/3646/2928 3690/5883/4500
f 1680/2539/2297 341/502/457 2964/4605/3848
f 2357/3602/3140 3532/5621/4385 2658/3603/3141
f 2226/3396/2992 1806/5353/2459 1805/3397/2458
f 1013/1507/1402 2691/4135/3530 1014/1508/1403
f 588/873/807 528/872/731 2438/3746/4
f 466/1912/636 1268/1911/1766 467/5884/637
f 3340/5272/4211 3720/5239/3574 2256/3437/3022
f 587/871/806 1599/2411/2194 3/6/3
f 4044/5885/4501 3602/5719/4433 2377/3633/3162
f 4721/5886/4502 2192/3344/2953 1031/1535/1430
f 825/1220/1139 3687/5879/1067 3691/5887/1066
f 3702/5853/4010 3235/1246/1162 3692/5888/322
f 1429/2181/1988 2290/3492/3062 2664/4085/3491
f 3693/5889/4503 3281/2345/2132 3412/1695/1578
f 4007/1328/1241 2865/5890/3732 1101/1636/1524
f 3694/5891/4504 3695/5892/2308 3696/5893/4505
f 608/905/837 3697/5894/4506 4645/903/835
f 4921/1768/1640 1611/2431/2210 43/59/53
f 3698/5895/2241 1018/1515/1410 3699/5896/4507
f 2874/5897/3742 2406/3683/3199 945/1403/1306
f 196/283/244 3700/5898/4508 197/284/245
f 1101/1636/1524 3701/5899/2806 1102/1637/1525
f 3692/362/322 4251/5900/4011 3702/5901/4010
f 3041/4749/3929 3703/5902/4509 817/1212/1131
f 1889/2862/2567 1888/2861/2566 2902/4499/3771
f 1060/1576/1467 651/5903/895 4898/5904/4384
f 742/1102/1026 3704/5905/4510 1536/4616/2111
f 2937/4553/3809 3705/5906/4511 2938/4554/3810
f 2675/4105/3507 3697/5894/4506 608/905/837
f 2675/4105/3507 608/905/837 3706/5907/487
f 3471/5509/3189 3707/5908/2298 2765/4269/3620
f 1326/3064/1836 736/1093/1018 1203/1800/1668
f 4643/5909/3223 1908/2889/2591 4132/5910/4512
f 3020/5911/3908 1322/5912/1829 3708/5913/3813
f 1726/2612/2364 1725/2611/2363 956/1424/1327
f 3709/5914/4513 663/980/911 3710/5915/3737
f 3709/5914/4513 3710/5915/3737 2868/5916/3736
f 238/348/308 3460/5482/4323 239/349/309
f 3711/5917/4514 1644/5918/872 4593/5919/4515
f 3159/4970/4049 2703/5920/3546 964/1436/1338
f 1936/5921/2624 1935/4988/2623 3584/5693/4417
f 1003/1486/1383 4760/4522/3790 3706/536/487
f 1114/3357/1544 3234/5097/4116 3712/5922/1844
f 2836/4376/3697 1415/2158/1973 2837/4377/3698
f 2749/4310/3597 3713/5923/306 1573/2371/2156
f 1160/1734/1609 1899/2878/2580 1035/1539/1433
f 3714/5924/1970 3939/5925/4516 3715/5926/3122
f 2595/3990/3422 3716/5927/4517 1024/1526/1421
f 1747/2645/2391 156/209/181 2660/4081/3487
f 421/625/572 420/624/571 4511/2844/2554
f 1080/1604/1494 3186/5011/4073 1081/1605/1495
f 67/91/77 4756/5928/4518 4934/92/78
f 2095/3012/2692 546/5929/753 1233/1851/1713
f 1012/2660/1399 1580/2381/2165 3717/5930/3924
f 2951/4578/3830 2148/5931/2898 2883/5932/3751
f 1091/5933/1510 4528/5934/3820 4590/5935/4519
f 3718/5936/4520 3719/5937/1627 1964/2975/2664
f 3340/5938/4211 1019/1516/1411 3720/5939/3574
f 3721/5940/4521 3722/5941/1519 3963/5942/4522
f 4235/5943/4523 3203/5038/4091 3624/5755/4451
f 2817/4352/3679 4623/2093/1920 3723/5944/1186
f 1427/5945/1986 1880/5347/2557 2739/4217/3585
f 4883/575/526 4126/5946/4524 2985/4640/3865
f 3724/5947/4525 3132/4918/4021 4852/1200/1119
f 3725/5948/4526 3724/5949/4525 4852/5950/1119
f 238/348/308 4199/2500/2262 287/5951/378
f 448/5952/611 4499/2055/1888 3726/5953/4527
f 4713/4964/4044 1291/1947/1797 1293/1949/717
f 3727/5954/4528 3728/5955/4529 4215/5956/4530
f 395/2906/538 800/1189/1109 4743/5957/539
f 3729/5958/2712 3730/5959/3408 2010/5960/2713
f 3898/3469/3045 3731/5961/295 3732/5962/4531
f 3733/5963/2882 1670/2526/2286 3734/5964/4532
f 895/1315/1229 2937/4553/3809 2935/4551/3807
f 2753/882/816 4701/5577/265 4863/883/817
f 1906/3961/2589 28/42/36 3735/5965/4533
f 1641/2483/1731 604/2485/832 3736/5966/4387
f 4320/5967/4457 3737/5968/4425 4580/2602/2354
f 1493/2265/2060 1492/2264/2059 3738/5969/4534
f 979/1457/1357 179/252/215 180/251/214
f 3435/5440/4304 2104/3206/2836 2106/3208/2838
f 1671/2527/2287 1355/2043/1876 2948/4572/3441
f 2494/3825/3302 1793/2713/2442 791/1173/1093
f 2157/5970/2912 3739/5971/4535 3740/5972/1981
f 2276/3472/3046 2278/3474/3048 2042/3933/2756
f 2460/3774/3263 2459/3773/3262 3433/5436/4302
f 2460/3774/3263 3433/5436/4302 2477/3793/3280
f 3815/5973/4536 2194/3347/2956 3198/5029/456
f 3265/5150/4144 3741/5974/4537 3742/5975/4538
f 2490/3817/3295 4773/5976/4539 2294/5977/3066
f 879/1292/1206 2969/4615/3852 880/1293/1207
f 1661/5978/2274 1493/2265/2060 3738/5969/4534
f 4114/2383/2167 2234/5979/1405 3865/2382/2166
f 598/5980/824 3948/5981/4540 599/5982/825
f 3743/5983/3632 3324/5250/4200 695/5825/950
f 3347/5984/4217 3190/5016/4077 3189/5015/4076
f 889/1305/1219 1485/2254/2050 890/1306/1220
f 2733/5042/3580 948/4398/1310 1717/2601/2353
f 2814/4346/3676 929/1375/1281 1086/1611/1501
f 3744/5985/3895 1951/2951/2642 3745/5986/2824
f 1741/2636/2385 1742/2637/2386 4487/620/567
f 1815/5987/2469 753/1116/1040 3746/5988/4541
f 2649/4062/3474 2648/4061/3473 3461/5483/4324
f 3747/5989/4542 2535/3886/3345 1764/2671/2410
f 3499/3682/3198 217/314/275 216/313/274
f 3166/4982/4055 2848/5990/3713 2662/4980/3489
f 4079/2082/1911 3748/5991/3365 2367/3620/3150
f 3525/5607/4377 1867/5992/2541 4774/5993/1940
f 1246/2040/1730 3749/5994/4112 2713/4172/3555
f 1815/5987/2469 2954/4587/3835 753/1116/1040
f 4087/5995/4543 2390/5996/3180 868/5997/1194
f 3677/5861/4001 1758/2661/2402 1995/3020/2698
f 3195/5998/4082 3750/5999/4083 4818/6000/4544
f 1265/6001/1761 1020/1518/1413 1150/6002/1598
f 1422/6003/1983 1135/1699/1582 2922/4527/3792
f 4498/546/497 4682/1592/1483 1072/1591/1482
f 3266/3635/3164 3751/6004/2845 1511/3636/2083
f 4186/2694/2431 4780/6005/2754 1271/1916/1770
f 528/790/731 527/789/730 1/1427/1
f 947/1406/1309 4075/6006/2350 948/1407/1310
f 3556/5655/4399 3752/6007/4545 3753/6008/4546
f 3754/6009/4547 1798/2517/2279 4868/3290/2908
f 3372/5334/4245 413/611/560 3755/6010/4548
f 3456/1770/1642 1182/1769/1641 1363/2056/1889
f 1859/2814/2529 3756/6011/1933 850/6012/1169
f 4803/1399/1302 943/1401/1304 4804/6013/2461
f 3077/4813/3970 3078/4814/3971 575/853/793
f 1056/6014/1460 3757/6015/2600 3758/6016/4549
f 1019/1516/1411 4330/6017/4550 3473/6018/4160
f 4895/2555/2311 4329/2557/2313 3578/5685/2432
f 1466/2232/2032 3287/5189/4169 3152/4956/4040
f 4895/6019/2311 859/1267/1182 3759/6020/1769
f 2714/4174/3557 2715/4175/3558 1224/1837/1701
f 3697/5894/4506 3760/6021/554 4645/903/835
f 2549/5848/3363 3761/6022/4279 3762/6023/1417
f 3763/6024/2772 2670/5101/3501 2669/6025/3500
f 2/2/2 1/1/1 3339/5270/1330
f 2177/3323/2936 2035/3081/2746 2872/4448/3740
f 873/1285/1199 874/1286/1200 570/845/785
f 986/1464/1362 2253/3432/1557 3764/6026/4551
f 3007/4691/2199 3411/6027/4282 1347/2029/1866
f 2306/6028/3083 631/1165/867 3765/6029/549
f 3360/5302/4226 3359/5301/4225 3766/6030/4552
f 3767/6031/3587 3768/6032/3898 3769/6033/4553
f 3770/6034/4554 1431/2183/1990 1388/2101/1927
f 1140/1705/1587 3472/5510/4336 658/975/906
f 2155/3291/2909 2554/3921/3370 2623/4029/3449
f 4884/6035/3626 3771/6036/4555 4647/6037/4556
f 1757/2659/2401 1756/2658/1401 3163/3234/2860
f 2439/3748/3240 4139/6038/4557 3772/6039/4558
f 3376/5341/4251 3390/5368/4264 3773/6040/4559
f 375/554/505 374/553/504 2328/3549/3106
f 3449/6041/4313 3774/6042/1859 3295/6043/2443
f 358/525/476 1980/3000/2683 1504/6044/2075
f 632/937/869 3775/6045/4560 633/938/870
f 2759/4255/3608 2850/4408/3715 2412/4256/3204
f 1471/6046/1521 3231/5088/4113 1099/6047/1522
f 4129/2106/1932 4561/4676/3889 1851/2800/2518
f 4332/6048/4561 2973/4624/3856 4333/3657/3177
f 3311/5228/3297 2381/3643/3169 3312/5229/4191
f 3459/5480/4322 666/6049/914 667/6050/915
f 1809/2739/2463 1808/2738/2462 3776/6051/4562
f 2874/4454/3742 1443/875/809 4352/5178/2629
f 1370/6052/1116 1227/1844/1708 3777/6053/1237
f 192/271/232 4950/273/234 1996/3021/2699
f 2179/3325/2938 3778/6054/4563 2180/3326/2939
f 2834/4372/3694 3280/5180/4163 3779/6055/4564
f 3780/6056/4565 1554/2346/2133 3781/6057/4566
f 819/1214/1133 821/1216/1135 1699/2570/2325
f 3782/6058/1213 3783/6059/4567 2174/3319/2933
f 3784/6060/1326 1801/529/480 1433/6061/1992
f 1510/6062/2082 2831/6063/2216 4255/6064/2215
f 4315/6065/4568 3785/6066/4569 2890/4481/3758
f 4357/6067/4570 2399/3673/3011 2232/3407/3000
f 2211/3380/2978 4696/6068/4571 4752/6069/4572
f 3829/6070/4331 3786/6071/1272 4597/4149/3541
f 3571/5674/4410 2945/4567/3822 3787/6072/4573
f 3788/6073/4574 3789/6074/2799 1850/2799/2517
f 4562/4198/3576 3790/6075/1965 4429/6076/4575
f 2386/3654/2414 1486/3653/2051 4859/6077/2500
f 3791/6078/4576 2529/3878/3338 4907/6079/4074
f 167/231/201 170/234/204 2499/3834/3306
f 3299/5204/4177 325/481/436 2139/3268/2888
f 241/352/312 3308/351/311 2068/6080/2784
f 1834/2773/2494 2644/2772/2493 104/144/120
f 3520/5598/4372 1977/2997/2680 3521/5599/4373
f 547/814/754 2608/6081/3436 4829/4246/3603
f 1778/2689/2427 2004/6082/2706 1067/1585/1476
f 3358/5300/4224 3360/5302/4226 2844/6083/3709
f 2669/4096/3500 2671/4098/3502 3792/6084/692
f 3072/6085/1705 2669/6086/3500 3792/749/692
f 2080/3153/2796 3793/6087/3854 3794/6088/3425
f 2602/4001/3430 3091/4843/3986 628/930/862
f 2703/5920/3546 3022/4714/3909 964/1436/1338
f 582/6089/799 1640/2482/2250 2239/3414/3005
f 4393/4371/3693 2906/6090/3775 474/701/645
f 3032/4731/3917 4325/6091/4577 4828/4909/4018
f 2016/3047/2719 4384/6092/4578 1078/6093/1492
f 2648/4061/3473 3816/4063/3475 3817/2884/2586
f 2429/3726/3226 3795/6094/4166 1405/3106/1949
f 3796/6095/3957 2837/4377/3698 3071/5251/3963
f 1122/1669/1556 2651/4065/3477 3797/6096/2831
f 1087/6097/1502 445/664/608 444/663/607
f 2895/4488/3764 3798/6098/3051 559/830/770
f 3876/6099/2403 950/1410/1313 1802/2729/2453
f 1760/2665/2229 440/659/603 442/661/605
f 3799/6100/4579 3800/6101/4246 4845/6102/2960
f 3173/4993/4064 1727/2613/2365 2303/3513/3079
f 4776/6103/4580 1307/5298/1812 2673/4100/3503
f 1709/2585/2340 1109/1649/1536 1710/2586/2341
f 2223/3393/2990 4041/6104/4581 2224/3394/2859
f 3801/6105/4392 3547/3705/3213 3157/4967/4046
f 2551/3916/3366 3431/5434/4300 2368/3917/3151
f 2106/3208/2838 3802/6106/1676 3435/5440/4304
f 3600/5716/1366 3599/5715/4430 3834/6107/1364
f 3803/6108/4582 2463/6109/3266 2119/3230/2856
f 4387/6110/3965 265/393/338 266/395/350
f 3539/5634/4388 1175/1759/1631 567/840/780
f 3804/6111/4583 60/83/69 3758/6016/4549
f 3239/4742/2808 507/755/698 1639/2481/2249
f 3994/2427/2207 3805/6112/3118 1524/2308/2099
f 3772/6039/4558 3806/6113/4584 3807/6114/803
f 3808/6115/4585 3274/5168/4155 4045/1313/1227
f 3364/5319/4235 1766/2673/2412 2302/6116/3078
f 1908/2889/2591 2939/4555/3811 1909/2890/2592
f 4017/6117/1528 65/88/74 3341/5273/4212
f 1010/1502/1397 3301/5210/4180 4836/5209/4179
f 2583/3974/3409 3175/2338/2125 360/527/478
f 2965/4608/3849 2966/4609/3850 1474/2242/503
f 2110/2030/1867 2109/6118/2844 637/946/878
f 2799/4325/3659 953/1416/1319 2166/3310/2924
f 3809/6119/1052 537/802/743 760/6120/1053
f 4296/6121/4586 3810/6122/4587 3679/869/805
f 2392/3663/3182 3164/4978/4052 2364/3616/3149
f 1384/2097/1923 3811/6123/4588 1590/2395/2179
f 4222/4091/3495 1333/2008/1847 2091/3184/2819
f 3812/6124/4589 3813/6125/2816 2784/4075/3482
f 3814/6126/4590 2340/3567/3120 3740/3566/1981
f 4902/6127/4591 3429/5430/4298 3815/6128/4536
f 3062/4785/3951 3643/4787/3953 3642/6129/1268
f 2753/4244/816 2818/4243/3602 2213/5163/2980
f 3182/5423/4070 3022/4714/3909 2703/5920/3546
f 677/998/928 700/1036/963 702/1038/965
f 677/998/928 702/1038/965 676/996/926
f 3816/6130/3475 240/350/310 3817/6131/2586
f 682/1005/935 871/1282/1197 3852/1006/936
f 3300/5384/4178 4300/771/714 519/770/713
f 846/1248/1164 3474/5516/4339 3818/6132/4592
f 1648/2495/2257 1628/2463/2234 3410/5400/4281
f 703/1039/966 873/1285/1199 3809/1128/1052
f 3445/5456/4310 2847/3273/255 3819/6133/682
f 4551/6134/4593 3426/5424/4295 3988/6135/4594
f 249/365/325 2845/4395/3711 3450/4668/3883
f 3638/5787/4461 1461/2225/2026 878/1291/1205
f 3786/6071/1272 371/6136/498 4209/4150/3542
f 1841/2784/2505 4874/2783/2504 2428/3723/3225
f 4742/6137/3498 1065/5726/1474 3820/6138/4595
f 2352/3591/3136 2498/3833/3305 995/1477/1375
f 101/140/116 3821/6139/4596 2458/6140/3260
f 2687/4129/3526 2918/4515/3786 2215/3384/2982
f 1823/2754/2478 3822/6141/4597 4477/6142/4598
f 1492/2264/2059 2408/3685/3201 2407/3684/3200
f 629/6143/863 1959/4977/2656 3823/6144/4446
f 1865/6145/2538 3824/6146/4599 2459/3773/3262
f 1564/2360/2145 3825/6147/2479 3826/6148/3309
f 4782/1201/1120 2807/4338/3669 4662/4337/2335
f 3827/6149/4600 3119/4896/1084 3120/4898/3084
f 2242/3419/3009 1685/2547/2303 299/439/394
f 3828/6150/1427 3245/5115/4125 886/1301/1215
f 228/326/286 3796/6151/3957 3607/5729/4437
f 2449/3758/3248 3102/4860/3995 1862/2822/2535
f 1419/2164/1978 1420/2166/1980 3829/6152/4331
f 803/1192/1112 802/1191/1111 3615/5742/4444
f 4199/2500/2262 240/350/310 3816/6130/3475
f 3830/6153/3701 1169/1750/1623 3435/5440/4304
f 1584/2387/2171 4842/2389/2173 4585/5125/4130
f 3831/6154/4023 3832/6155/2002 1842/6156/1795
f 1945/2942/2633 827/1223/1141 697/1225/955
f 783/1162/1083 3105/4867/3999 1143/1710/1590
f 3833/6157/4492 2384/3651/3173 3226/6158/2413
f 3834/6159/1364 3835/6160/3799 3836/6161/1365
f 2944/4566/3821 3305/5217/4186 4880/5216/4185
f 3837/6162/4601 4500/1816/1683 1213/1818/1685
f 3838/6163/2227 3791/6078/4576 4248/6164/4602
f 1039/1544/1438 1189/1780/1652 276/409/364
f 232/332/292 231/331/291 97/133/111
f 4013/3800/3284 1871/2833/2544 2330/3801/3109
f 3492/5546/4350 3839/6165/484 3593/5708/3633
f 1248/1877/289 3675/1879/1736 2280/3477/3050
f 2494/3825/3302 791/1173/1093 790/1172/1092
f 1039/1544/1438 497/738/681 2345/3577/3126
f 1123/1671/1558 4273/3454/3035 2254/3433/3019
f 2546/3906/3358 1940/6166/2628 3414/6167/4284
f 3840/6168/3644 3728/5955/4529 3841/6169/4603
f 3840/6168/3644 3841/6169/4603 3754/6009/4547
f 3842/6170/4604 4452/6171/2923 555/824/764
f 843/1242/1158 1423/2173/1984 844/1243/1159
f 3726/5953/4527 4499/2055/1888 2501/3840/3310
f 2252/3431/3018 275/408/363 274/407/362
f 1462/2226/2027 2858/4418/3721 1463/2227/2028
f 2028/3067/2733 3843/6172/2776 2027/3065/2732
f 3844/6173/2850 3845/6174/3594 3769/6175/4553
f 3670/6176/4486 2266/3451/3032 2745/3453/3034
f 277/411/366 4703/6177/4605 278/412/367
f 624/3160/858 354/6178/469 2415/3161/2800
f 2452/3761/200 3872/5244/4198 3846/6179/4606
f 3847/6180/2568 1894/2872/2575 3848/6181/3923
f 1873/2835/2546 3849/6182/4607 3342/5274/4213
f 2579/6183/3405 4870/6184/1049 4470/6185/4608
f 912/5769/1254 3630/5768/4455 4368/3054/2725
f 3850/6186/4609 3307/5220/4188 3306/5219/4187
f 3851/6187/4610 3850/6186/4609 3306/5219/4187
f 4416/1595/1486 381/4347/513 2496/1596/1487
f 3852/6188/936 601/897/830 3853/6189/4611
f 3852/6188/936 3853/6189/4611 707/1043/970
f 802/1191/1111 3854/6190/4612 3615/5742/4444
f 2532/3883/3342 1995/3020/2698 2533/3884/3343
f 3855/6191/4613 4165/6192/1457 3628/1951/1800
f 1029/4399/1428 3828/6150/1427 204/292/253
f 3856/6193/4614 1145/1715/1594 1146/1717/314
f 4601/964/896 4734/4575/3828 3857/6194/4615
f 1521/6195/2095 3858/6196/3359 1519/2154/1969
f 305/445/400 304/444/399 3215/2711/1608
f 3711/5917/4514 1271/6197/1770 1644/5918/872
f 1923/4943/1834 3146/4944/4035 3859/6198/2609
f 2362/3610/3145 4577/2193/2000 3860/6199/4481
f 3861/6200/4616 3862/6201/4617 3863/6202/4618
f 3864/6203/1088 3865/6204/2166 2234/6205/1405
f 4620/6206/4619 2185/3336/1744 1349/5266/1869
f 3370/5332/4243 2380/3641/3168 3371/5333/4244
f 2858/4418/3721 1462/2226/2027 1276/1922/1775
f 3247/6207/4127 3423/5418/2832 4349/5417/4292
f 3359/5301/4225 3576/5681/3842 3766/6030/4552
f 3594/5709/4428 3866/6208/4620 1448/2208/2012
f 3035/4735/3920 2136/6209/2885 2135/5218/2884
f 4307/4579/3831 3867/6210/4621 1783/6211/2433
f 189/268/229 1466/2232/2032 1468/2234/2034
f 3610/6212/4440 2710/6213/3553 2387/3655/3175
f 2973/4624/3856 3610/6212/4440 2387/3655/3175
f 1528/2312/2103 548/815/755 550/817/757
f 2334/3557/3113 3868/6214/4622 4182/881/815
f 212/307/268 2706/5316/3551 213/308/269
f 2914/4511/3782 1506/2284/2077 1505/2283/2076
f 1543/6215/2119 1280/1926/1778 3365/5321/4237
f 2184/3335/2945 1983/3004/2686 1985/3006/2688
f 3806/6216/4584 4849/6217/2301 19/6218/21
f 2960/4600/3845 3528/5615/4380 4887/4599/3844
f 3869/6219/2657 3686/3868/2895 3519/5597/2658
f 976/1453/1354 3870/6220/4623 428/639/583
f 3871/6221/1547 1210/1813/1681 3737/6222/4425
f 1932/2925/2621 2770/2924/2620 1366/2060/1892
f 3257/5136/624 2307/3519/3085 3921/6223/4624
f 630/932/864 2378/6224/3163 1684/933/865
f 355/521/472 356/523/474 3569/5672/3984
f 4560/800/741 537/802/743 3809/6119/1052
f 613/910/842 2961/4602/3847 614/911/843
f 1125/2850/1563 2688/6225/3527 1883/2851/2560
f 2343/3572/2377 3418/6226/4287 4323/3573/3124
f 979/1457/1357 3026/4722/3914 978/1455/1356
f 2465/3780/3268 2467/3782/3270 1677/6227/2294
f 3872/6228/4198 4702/6229/4625 3846/6230/4606
f 1993/3018/2696 1656/2506/2268 1458/2221/2022
f 4500/1816/1683 1125/2850/1563 4020/1817/1684
f 3873/6231/3429 1205/1803/1671 94/127/108
f 699/1035/962 1417/6232/1975 3874/6233/1977
f 735/1091/1016 736/1093/1018 4208/1545/1439
f 1558/2350/2137 3875/6234/4626 3037/4743/3925
f 3484/5534/4181 190/269/230 191/270/231
f 2090/3182/2817 2337/3562/738 535/6235/740
f 3611/5735/4441 2454/3765/3254 3876/6236/2403
f 3430/5433/4299 3432/5435/4301 3877/6237/1633
f 2699/4143/3536 707/1043/970 706/1042/969
f 1845/2790/2509 3098/4856/3994 1846/2791/2510
f 3138/4928/4027 2810/4621/3672 2612/4014/3439
f 1903/2883/2585 2648/4061/3473 3817/2884/2586
f 2525/3872/3333 4621/6238/4627 2569/3947/3389
f 1017/1514/1409 2488/3810/3291 3699/5896/4507
f 1111/1652/1539 3878/6239/4628 1955/2956/2647
f 1608/2426/2206 1609/2428/2208 481/713/657
f 4425/6240/3942 3879/6241/4629 4630/6242/1663
f 3880/6243/1951 847/1249/1165 3881/6244/663
f 3252/5128/2522 3882/6245/4630 3883/6246/2181
f 3893/6247/3891 2760/4257/3609 4391/6248/4631
f 2429/3726/3226 2248/3427/3015 3795/6094/4166
f 1716/4205/2352 2733/4207/3580 3884/6249/4632
f 1232/6250/1712 2597/6251/3424 1084/6252/1498
f 549/816/756 632/937/869 550/817/757
f 2212/3381/2979 2211/3380/2978 4752/6069/4572
f 3167/4985/4057 3556/5655/4399 3168/4986/4058
f 3746/5988/4541 753/1116/1040 2133/3260/2881
f 1968/2982/2668 705/1041/968 2945/4567/3822
f 4455/1499/1394 4055/6253/4633 2395/4693/3186
f 4586/1414/1317 953/1416/1319 2799/4325/3659
f 3197/5028/4085 3297/3762/3251 3298/6254/4176
f 1662/2514/2276 22/35/29 755/1121/1045
f 3649/1905/1760 164/226/196 2977/6255/3860
f 2220/3390/2987 1475/2243/2040 2221/3391/2988
f 854/1258/1174 2409/2366/2151 852/1256/1172
f 1326/3064/1836 1203/1800/1668 3574/1370/1276
f 2496/3830/1487 2497/3832/2741 1092/1622/1512
f 1883/4132/2560 2484/3805/3287 4923/6256/4634
f 4890/4102/3505 761/1131/1054 277/1130/366
f 152/201/175 3018/203/177 3885/6257/2503
f 542/807/748 541/806/747 3069/4797/3961
f 1840/2781/2502 3326/6258/4202 3886/6259/4635
f 2841/4386/3703 3982/5358/4258 2313/3528/3091
f 1969/2983/2669 2945/4567/3822 3571/5674/4410
f 4680/1110/1034 1576/2376/2161 3238/5104/2748
f 1265/6001/1761 2977/4629/3860 1020/1518/1413
f 3887/6260/4636 466/4303/636 265/381/338
f 3290/4535/3797 2044/3095/2758 4418/850/790
f 603/6261/831 3209/6262/4096 3724/5949/4525
f 1085/1609/1499 3888/6263/4637 3291/5193/4172
f 3889/6264/438 1810/2740/2464 2476/6265/3279
f 327/484/439 3889/483/438 2476/3792/3279
f 3627/5762/1972 1028/6266/1426 3680/5866/4491
f 3890/6267/4254 2862/4427/3727 3891/6268/4638
f 318/466/421 317/465/420 3508/5575/4361
f 1238/1859/1721 1237/1858/1720 1263/1903/1758
f 3406/5851/4275 1313/6269/1818 3095/5852/3991
f 3494/5548/4352 3496/5550/4354 1901/2881/2583
f 1699/6270/2325 3888/6263/4637 2293/3496/3065
f 1207/1805/1673 3892/6271/1008 3893/6272/3891
f 2768/4274/3623 3894/6273/4639 4657/6274/4640
f 792/1174/1094 784/1164/1085 3119/1163/1084
f 2093/3186/2821 2453/3764/3253 2455/3766/3255
f 3895/6275/4641 4591/4468/3750 3866/6276/4620
f 3896/6277/4642 2484/3805/3287 521/773/716
f 1674/6278/2290 3897/6279/2292 4861/6280/4643
f 3898/6281/3045 1539/2324/2115 3685/5876/4497
f 3695/2552/2308 4690/2554/2310 3696/6282/4505
f 3738/5969/4534 2407/3684/3200 731/1086/1013
f 4629/6283/775 3899/6284/3618 3900/6285/3868
f 3901/6286/4644 4915/2150/1966 3902/6287/4120
f 3586/6288/4419 733/6289/1012 4732/2461/2232
f 3903/6290/2853 2116/410/365 3082/4828/3975
f 4027/6291/4645 471/697/641 996/1478/1376
f 2901/4498/3770 3904/6292/4646 3905/6293/4647
f 2902/4499/3771 2901/4498/3770 3905/6293/4647
f 2789/4309/3646 1278/1924/1776 3906/6294/2512
f 3907/6295/4648 2125/3249/2872 3974/3399/2994
f 1783/6211/2433 1678/2537/2295 4307/4579/3831
f 176/248/211 2356/3210/2840 3218/4333/3665
f 3781/6057/4566 343/504/459 342/503/458
f 2989/3985/3417 117/162/138 2592/3983/3416
f 1621/2451/2225 3908/6296/4649 2150/3282/2900
f 3115/6297/4007 1264/3145/1759 1152/6298/1600
f 646/956/888 1359/2051/1884 644/954/886
f 2445/3754/3245 3909/6299/4650 1057/6300/1462
f 3910/6301/4651 3179/6302/4069 1532/2316/2107
f 1515/2296/2088 3911/6303/3364 4223/2297/2089
f 3052/4764/3940 3912/6304/735 1363/6305/1889
f 79/108/92 88/119/101 2458/3771/3260
f 3340/5938/4211 3913/6306/3021 1017/1514/1409
f 4707/2760/2483 338/496/451 1303/1961/1808
f 3432/5435/4301 3652/5810/4363 3877/6237/1633
f 3684/5875/4496 3914/6307/4652 1021/1521/1416
f 761/1131/1054 4704/656/600 4557/658/602
f 1805/2734/2458 1807/2736/2460 4563/6308/4653
f 956/1424/1327 1106/3888/1533 1108/4747/1535
f 2463/6109/3266 2462/6309/3265 3932/6310/4654
f 4273/6311/3035 3915/6312/4655 2262/3447/3028
f 3585/5694/4418 2602/4001/3430 627/929/861
f 3916/6313/4453 3917/6314/4656 3830/4380/3701
f 3918/6315/1371 991/6316/1370 3459/5480/4322
f 3698/5895/2241 3699/5896/4507 2489/3812/3293
f 3803/6108/4582 2461/6317/3264 2463/6109/3266
f 3458/5477/4321 3712/2005/1844 1312/1976/1817
f 2966/4609/3850 3919/6318/4657 3684/5875/4496
f 9/14/12 17/23/19 3920/6319/4658
f 1766/2673/2412 2366/3619/1555 2302/6116/3078
f 2271/3462/3040 1239/1860/1722 2272/3463/3041
f 2700/4144/3537 1226/6320/1706 4337/4145/3538
f 4517/6321/4659 458/681/625 3921/6322/4624
f 1163/1738/1613 1164/1740/1615 3922/6323/4660
f 1100/6324/1523 71/98/82 59/82/68
f 1382/2092/1919 1191/1782/1653 2822/6325/3683
f 2706/4159/3551 2705/4158/3550 175/236/206
f 3855/6326/4613 3923/6327/4661 2599/3997/3427
f 4002/6328/4662 3924/6329/4480 1242/6330/1726
f 1395/6331/1936 876/1289/1203 875/1288/1202
f 1005/1491/1386 4708/6332/4663 1515/2296/2088
f 864/6333/1188 3092/4844/3987 1299/1957/1804
f 472/699/643 1622/2452/2226 2352/3591/3136
f 471/697/641 472/699/643 2352/3591/3136
f 3925/6334/3879 3506/5567/4358 3302/5212/3734
f 3717/5930/3924 1580/2381/2165 4792/2380/2164
f 2398/6335/3190 3263/5146/4141 4478/6336/4664
f 1871/2833/2544 1337/2014/1852 1872/2834/2545
f 3681/6337/4493 3068/4796/3960 2915/5264/3783
f 3395/3418/3008 833/1231/1148 832/1230/1147
f 728/1080/1007 1128/1687/1571 939/1390/1295
f 3926/6338/4665 3927/6339/358 513/761/704
f 1924/2915/2611 1925/2916/2612 3822/6141/4597
f 1250/1881/1738 3928/6340/4666 1251/1882/1739
f 3417/5410/4286 3858/6341/3359 2391/5411/3181
f 4219/6342/4667 4791/6343/4668 3929/6344/4669
f 605/901/833 1642/2484/1639 1641/2483/1731
f 1174/1758/1630 2513/3855/3323 3873/4000/3429
f 214/310/271 59/82/68 61/84/70
f 3156/4966/4045 1799/2724/2278 3801/6105/4392
f 639/6345/880 638/6346/879 4172/6347/4670
f 4681/4496/3768 3757/6348/2600 2957/4593/3839
f 1313/6349/1818 2899/4494/3767 2773/4281/3627
f 1478/2246/2042 1477/2245/31 3930/6350/4671
f 4688/6351/1595 2872/4448/3740 506/6352/697
f 1795/6353/2446 3735/5965/4533 4/7/5
f 3931/6354/4672 4851/6355/4673 3722/1629/1519
f 2462/6356/3265 2920/6357/3788 3932/6358/4654
f 1476/4841/2041 24/38/32 1477/37/31
f 1948/2946/2637 1949/2948/2639 1722/2608/2360
f 698/6359/960 1730/2616/2368 1402/2126/961
f 2521/6360/1592 3933/6361/3367 698/1033/960
f 3504/1002/932 4059/275/236 680/1003/933
f 3934/6362/656 4401/4558/3814 1136/3062/1584
f 3935/6363/4674 1282/1930/1781 1283/1932/1783
f 3936/6364/4675 3935/6363/4674 1283/1932/1783
f 1278/1924/1776 2789/4309/3646 1976/2996/2679
f 3937/6365/3381 4460/6366/4676 1797/2720/2448
f 3055/4769/3943 1234/4768/1715 3938/6367/4677
f 3715/3570/3122 3939/6368/4516 2092/3185/2820
f 4684/4791/3955 2797/4321/3655 3066/4792/3956
f 4917/6369/3837 573/849/789 2504/851/791
f 1846/2791/2510 2216/6370/2984 3940/6371/2408
f 2567/3945/3387 3455/5474/4319 3912/794/735
f 2566/3943/1819 2565/3942/3385 3941/6372/4678
f 1910/2891/2593 3116/4890/4009 3354/2892/2594
f 3942/6373/4679 3130/3581/3130 2348/3580/3129
f 3943/6374/884 2775/4284/3629 2776/4285/3630
f 2154/6375/2906 1163/1738/1613 3944/6376/4680
f 2744/4229/3593 3945/6377/4681 3670/5846/4486
f 1962/1975/1816 3946/6378/2660 1312/1976/1817
f 598/5980/824 3539/5634/4388 567/840/780
f 1794/2715/2444 1289/1941/1791 4800/1943/1793
f 2838/4378/3699 2803/4331/3663 4550/4379/3700
f 2063/3127/2779 2062/3126/2778 2548/5367/3361
f 3606/5728/4436 4089/6379/2154 3788/6380/4574
f 3947/6381/1782 4596/4433/3731 2292/3494/3064
f 3947/6381/1782 2292/3494/3064 4328/6382/4682
f 3073/4806/3966 1005/1491/1386 1515/2296/2088
f 665/982/913 3445/5456/4310 3446/5458/1062
f 1544/2331/1222 3529/5616/4381 3948/6383/4540
f 4027/6291/4645 996/1478/1376 1702/2573/2328
f 3949/6384/4683 3411/5401/4282 4847/2415/2198
f 3950/6385/532 3951/6386/4137 3203/5038/4091
f 3952/6387/1679 4058/6388/4684 3953/6389/3135
f 3954/6390/4685 2112/3219/2848 2114/3221/2849
f 3181/449/404 4761/6391/3543 3253/450/405
f 4518/5484/4325 1042/1548/1442 3955/6392/679
f 4834/1054/981 1453/2214/2017 713/1055/982
f 1427/2179/1986 4839/1062/989 709/6393/975
f 728/1080/1007 2437/1685/1570 1128/1687/1571
f 1898/2877/2579 1900/2879/2581 3956/6394/4686
f 4433/5462/3881 2385/3652/3174 3957/6395/4687
f 4235/5943/4523 3624/5755/4451 3958/6396/337
f 3013/4701/3903 4235/6397/4523 3958/377/337
f 3057/6398/3949 4453/6399/4688 1612/2435/2212
f 515/766/709 517/768/711 2411/6400/997
f 3959/6401/2053 4808/1787/1657 3960/6402/4689
f 1412/2151/1967 721/1071/998 3847/2864/2568
f 3961/6403/3588 2420/3706/3214 3547/3705/3213
f 3743/5983/3632 4772/6404/4690 3962/6405/4691
f 2014/3045/2717 2717/4177/3560 4572/6406/4692
f 1893/6407/2574 1680/2539/2297 3258/5137/4134
f 3527/5613/4379 362/531/482 3444/5454/4309
f 3963/6408/4522 3527/5613/4379 3444/5454/4309
f 3958/377/337 4407/6409/4693 258/375/335
f 2178/3324/2937 2180/3326/2939 3186/6410/4073
f 2831/6063/2216 1510/6062/2082 4324/3177/2812
f 1014/1508/1403 2691/4135/3530 2692/4136/3517
f 973/6411/1351 4601/964/896 651/963/895
f 1060/1576/1467 973/1450/1351 651/5903/895
f 1925/2916/2612 3383/5355/222 1822/6412/2477
f 3279/6413/4162 1206/1804/1672 1070/6414/1479
f 2504/3843/791 108/153/129 111/156/132
f 3802/6106/1676 2106/3208/2838 3964/6415/1677
f 793/1176/1096 2764/4265/3616 3133/4919/4022
f 3202/5037/4090 491/727/671 3965/6416/4694
f 3950/581/532 3074/4807/3967 3951/5140/4137
f 262/385/342 2492/3822/3299 2491/3821/3298
f 1229/1846/1710 262/385/342 2491/3821/3298
f 434/647/591 4720/6417/3729 435/648/592
f 4590/5935/4519 855/3576/1175 2344/3575/3125
f 282/416/371 3206/5044/3377 2840/417/372
f 1687/2981/2307 3387/6418/4261 2194/3347/2956
f 3966/6419/3624 3075/4811/3968 1589/2394/2178
f 823/5292/1137 822/1827/1136 1218/1826/1693
f 4322/1496/1391 3494/5548/4352 1901/2881/2583
f 3277/5173/4159 3967/6420/522 3968/6421/4695
f 3038/4745/3927 686/6422/940 314/6423/416
f 1201/3013/1664 1990/3015/2694 4791/6343/4668
f 957/1426/1329 3969/6424/4696 2810/4342/3672
f 797/6425/1101 3121/4899/1103 4758/5494/4330
f 4848/4204/3579 127/173/149 115/160/136
f 3365/5321/4237 4751/5320/4236 3530/6426/4382
f 1830/2767/2489 4069/2957/2648 1688/5828/2309
f 2534/6427/3344 4618/6428/957 1291/1947/1797
f 4810/5399/4280 1679/6429/2296 3317/5241/4195
f 2534/6430/3344 3970/6431/4697 4534/6432/4698
f 968/1440/1342 2993/4655/1922 2891/4483/3759
f 2991/3986/3418 3971/6433/3873 161/219/189
f 1119/6434/1552 1207/1805/1673 4820/1807/1675
f 3447/5459/4311 749/1112/1036 3908/6296/4649
f 3881/6244/663 847/1249/1165 3972/6435/4699
f 4509/4644/3869 3966/4275/3624 2058/3117/2774
f 3973/6436/2773 3974/6437/2994 4720/6417/3729
f 715/1058/985 3399/1057/984 3400/3086/2751
f 2787/4304/3643 2112/3219/2848 3975/6438/4700
f 2692/4118/3517 1241/1862/1724 1118/6439/1551
f 751/6440/1038 673/5022/923 838/5024/1153
f 2909/4506/3778 4755/1337/1248 153/202/176
f 3976/6441/4701 3135/6442/3394 219/6443/277
f 914/1349/1258 915/1350/1259 3553/5651/4396
f 540/805/746 548/6444/755 1528/4894/2103
f 638/6346/879 4364/6445/1345 4172/6347/4670
f 2481/3798/3283 2779/4290/3634 2077/3149/2794
f 2862/4427/3727 3890/6267/4254 2863/4428/3728
f 3456/1770/1642 594/6446/818 648/958/890
f 1622/2452/2226 1621/2451/2225 3309/5224/4189
f 88/119/101 3216/1252/1168 1495/2269/2063
f 966/1438/1340 968/1440/1342 2891/4483/3759
f 341/3803/457 3977/6447/4024 2483/3804/3286
f 385/3041/520 3978/6448/2738 3729/3039/2712
f 3979/6449/4154 3581/5690/4153 3980/6450/3396
f 3968/6421/4695 387/6451/524 3981/6452/1143
f 3607/5729/4437 3071/4799/3963 3070/4798/3962
f 1760/2665/2229 2169/3313/2927 2643/4056/3469
f 3982/6453/4258 3384/4521/3789 3439/3466/3042
f 3983/6454/4403 4663/2204/2008 1445/2205/2009
f 2695/4139/3532 4125/2992/2676 1975/2994/2677
f 1188/6455/1650 1210/1813/1681 3871/6221/1547
f 1241/1862/1724 1240/1861/1723 1118/6439/1551
f 483/716/660 482/715/659 3843/3122/2776
f 3111/6456/1645 2704/4156/3548 3223/5073/4003
f 2488/3810/3291 3984/6457/3479 2734/3811/3292
f 4530/6458/4702 563/6459/774 3985/6460/1862
f 2956/6461/3838 3757/2901/2600 1917/2900/2599
f 786/1167/1087 3865/6462/2166 3864/1168/1088
f 2365/2964/2655 1958/2963/2654 2261/3816/3027
f 447/666/610 3986/6463/4703 3312/5229/4191
f 4937/6464/4704 3987/6465/4156 3480/1368/1274
f 4374/5138/4135 538/803/744 1527/6466/2102
f 2179/3325/2938 2727/6467/3569 4937/6464/4704
f 1600/2412/2195 4175/6468/4705 25/39/33
f 3988/6469/4594 3989/6470/4458 4928/2067/1897
f 904/645/589 3228/5081/4110 3229/5083/4111
f 3603/479/434 325/481/436 3299/5204/4177
f 1918/2902/2601 1955/2956/2647 3990/6471/4706
f 3446/1140/1062 767/1139/1061 1960/2968/2659
f 1820/2750/2474 1859/2814/2529 4206/6472/4707
f 3991/6473/4708 2173/6474/2932 2200/3359/2964
f 2554/3921/3370 2553/3920/3369 2624/4030/3450
f 3150/4561/3817 1965/2976/2665 3992/6475/4709
f 2409/3686/2151 3557/5657/4400 4184/3687/3202
f 1762/2668/2407 2623/4029/3449 2961/4602/3847
f 4623/2093/1920 1383/2095/302 3723/5944/1186
f 4139/6038/4557 2677/1810/1678 3993/6476/4710
f 3994/6477/2207 3995/6478/4711 2338/5684/3117
f 2395/4693/3186 4055/6253/4633 3008/4694/1690
f 3996/6479/293 2234/6480/1405 3997/6481/294
f 539/4482/745 3785/6066/4569 3237/5103/4118
f 339/5487/452 2184/6482/2945 768/1141/1063
f 2384/3651/3173 2386/3654/2414 3226/6158/2413
f 555/824/764 4452/6171/2923 2976/4627/3421
f 3304/5215/4184 4888/6483/3399 4880/5216/4185
f 545/812/752 547/814/754 1552/2342/2129
f 3860/6199/4481 2258/2192/1999 618/6484/850
f 374/553/504 1474/552/503 3683/3848/3317
f 3839/533/484 365/535/486 2128/3253/2876
f 2724/4185/3566 2726/4187/3568 4264/6485/4712
f 2614/4017/3442 2948/4016/3441 4580/2602/2354
f 2679/4114/3513 1185/1775/1647 4941/6486/1335
f 844/6487/1159 563/6459/774 4530/6458/4702
f 3998/6488/3081 3070/4798/3962 4049/4800/3964
f 3999/6489/3511 3802/1808/1676 2677/1810/1678
f 1427/2179/1986 2738/3334/2944 1428/2180/1987
f 4000/6490/4713 4001/6491/4472 2751/4241/3600
f 2887/4473/3754 2667/4093/3497 3591/5703/4424
f 3110/1712/1591 2115/1714/1593 2949/4573/3826
f 4381/4906/1725 1167/1746/1620 4002/6492/4662
f 2457/3768/3257 1943/2940/2632 1942/2939/2631
f 3824/6146/4599 4003/6493/4714 2459/3773/3262
f 4831/4889/4008 3362/5310/4229 893/6494/1226
f 2098/3194/2828 827/1223/1141 1945/2942/2633
f 3559/4074/3481 2286/1578/1469 1061/1577/1468
f 1750/2650/2395 3831/4920/4023 4004/6495/2861
f 4005/6496/4715 2347/3579/3128 3098/4856/3994
f 1879/2845/2555 1538/2323/2114 421/625/572
f 3961/6403/3588 2742/6497/3590 2420/3706/3214
f 2517/3861/3326 1424/2174/1097 1423/2173/1984
f 3697/5894/4506 2675/4105/3507 4006/6498/4716
f 871/1282/1197 935/1384/1289 872/1283/1198
f 903/4436/1240 2865/4435/3732 4007/6499/1241
f 4008/6500/4717 4009/6501/4718 4010/6502/3321
f 2007/6503/2709 3781/6057/4566 342/503/458
f 4480/6504/4719 1804/2733/2457 3536/6505/121
f 941/433/388 3668/5843/4483 295/434/389
f 2072/3143/2789 2022/3056/2727 1447/2207/2011
f 1526/6506/2101 3995/6478/4711 3994/6477/2207
f 4356/6507/4720 4916/584/535 501/746/689
f 1148/1348/1257 4011/6508/4721 1489/6509/2054
f 4012/6510/3696 3554/5652/4397 3336/4645/3870
f 811/1205/1124 981/1459/1359 812/1206/1125
f 3652/5810/4363 3651/5809/4467 1702/6511/2328
f 501/746/689 392/583/534 502/747/690
f 3316/5238/4194 914/6512/1258 3276/5172/4158
f 2018/2836/2547 322/6513/430 1824/6514/2482
f 2996/4662/3877 1337/4661/1852 4013/6515/3284
f 4377/5051/4098 3210/5050/4097 2053/3109/2769
f 4014/6516/721 4307/4579/3831 2883/5932/3751
f 1971/2986/2671 4456/2985/1393 4710/6517/4722
f 4015/6518/4723 3776/6051/4562 2050/3103/2765
f 1621/2451/2225 2777/4350/3631 694/5225/949
f 1132/1694/1577 1056/6519/1460 56/77/65
f 2964/4605/3848 3387/5362/4261 331/488/443
f 4016/6520/28 3551/5649/4394 3550/5648/4393
f 172/239/209 2404/2075/1905 723/6521/1001
f 4323/3573/3124 4086/6522/1239 4017/6523/1528
f 4125/6524/2676 4126/5946/4524 4883/575/526
f 4018/6525/4724 1953/2953/2644 1952/2952/2643
f 4108/1644/1531 4019/6526/4725 4718/1645/1532
f 4933/6527/4726 2800/6528/3660 2959/6529/3841
f 4533/4214/3583 2737/4215/3584 806/4826/1115
f 3537/147/123 105/146/122 3172/4992/4063
f 3307/5220/4188 4020/6530/1684 4923/6531/4634
f 2156/3292/2910 4479/3385/2983 3589/2140/1958
f 4083/6532/4727 1760/2456/2229 2643/6533/3469
f 2433/3738/3234 4021/6534/2003 2434/3739/3235
f 1030/1534/1429 1029/1533/1428 2129/3255/1290
f 2336/6535/3115 2690/4133/3529 3633/5779/4253
f 4689/2496/2258 1650/2498/2260 4159/6536/4728
f 2572/3951/3392 2436/3744/3238 964/1436/1338
f 4593/6537/4515 1644/6538/872 4022/6539/874
f 4023/6540/170 4039/3829/3304 2495/3828/848
f 4023/6541/170 2495/6542/848 151/6543/174
f 1243/1865/1727 4695/970/902 655/969/901
f 1148/1348/1257 508/1347/699 454/674/618
f 2308/3522/3088 1581/2384/2168 883/6544/1210
f 3012/4700/3902 3013/4701/3903 3958/377/337
f 3347/5984/4217 3189/5015/4076 4952/6545/4729
f 463/687/631 303/6546/398 1221/1833/1697
f 3642/5793/1268 1330/6547/1842 2175/3320/1841
f 4024/6548/4730 3842/6549/4604 4025/6550/4089
f 1048/5699/1448 1047/6551/1447 1011/1503/1398
f 4582/6552/4731 4790/6553/693 3332/5261/4207
f 4742/6554/3498 2985/4640/3865 4126/5946/4524
f 1748/2648/2393 4910/4975/4051 3304/5215/4184
f 4322/1496/1391 1007/1495/1390 3494/5548/4352
f 180/254/214 480/711/655 183/259/220
f 620/922/854 4026/6555/1646 3111/4881/1645
f 4089/6379/2154 3789/6556/2799 3788/6380/4574
f 2182/3330/2941 3057/4778/3949 2835/4374/3695
f 645/6557/887 2654/3897/3353 4712/3896/3352
f 1390/2103/1929 1389/2102/1928 3606/5728/4436
f 1157/1729/1605 2620/4025/642 4027/6558/4645
f 472/699/643 1593/6559/2184 3447/5459/4311
f 898/1319/1233 900/1321/1235 3356/5294/4222
f 4028/6560/1871 1155/1726/1603 1997/3022/2700
f 3956/6394/4686 1900/2879/2581 1160/1734/1609
f 3956/6394/4686 1160/1734/1609 1159/1733/193
f 1262/1902/1757 4172/6347/4670 4029/6561/3185
f 2038/6562/260 1887/2860/2565 4030/6563/261
f 3944/6376/4680 1163/1738/1613 3922/6323/4660
f 3734/6564/4532 1479/2247/2043 4583/2137/1955
f 346/507/462 4510/6565/4732 845/6566/1160
f 940/1756/1300 4627/330/290 4031/6567/1891
f 1804/2733/2457 2310/2732/2456 4673/5090/4114
f 2371/3624/3154 2328/3549/3106 3217/5062/4103
f 2381/3643/3169 3052/4764/3940 447/666/610
f 1467/2233/2033 3152/4956/4040 4492/6568/4733
f 4032/6569/2375 3884/6249/4632 4033/6570/4734
f 4543/3480/3053 2282/3482/3055 3551/5649/4394
f 3963/6408/4522 3444/5454/4309 3721/6571/4521
f 2300/3509/3075 1318/1984/1825 457/5818/622
f 928/1374/1280 1315/1980/1821 2686/4128/3525
f 1593/6559/2184 3448/5460/4312 3447/5459/4311
f 2637/4046/3462 2859/4421/3722 4840/4423/3724
f 482/715/659 4245/6572/4412 3843/3122/2776
f 3979/6449/4154 3980/6450/3396 4372/6573/4735
f 3878/6239/4628 1111/1652/1539 2597/6251/3424
f 4034/6574/1765 466/4303/636 3887/6260/4636
f 618/918/850 4500/1816/1683 3837/6162/4601
f 1773/6575/2422 2287/3488/2421 2288/3490/3060
f 2871/1419/1322 2821/4356/3682 4035/6576/4736
f 4036/6577/2293 3541/1392/1297 1596/2408/2192
f 3545/5642/4390 3544/5641/4389 2424/3714/3218
f 707/1043/970 3853/6189/4611 3725/6578/4526
f 343/504/459 3693/5889/4503 3412/1695/1578
f 593/880/814 592/879/813 4037/6579/3116
f 2426/3717/3221 2876/4459/3745 4755/4461/1248
f 4038/6580/4737 397/591/542 396/590/541
f 2619/2401/2185 1593/2400/2184 2620/6581/642
f 526/786/727 4947/788/729 2003/3028/2705
f 371/6582/498 1072/6583/1482 4039/6584/3304
f 371/6582/498 4039/6584/3304 4769/5698/4422
f 1333/2008/1847 3891/6585/4638 4290/6586/3945
f 4040/6587/4738 4042/3718/3222 1076/1599/1490
f 3040/4748/2617 4288/2071/1901 1375/2073/1903
f 4041/6588/4581 1525/2309/2100 2224/3233/2859
f 798/1185/1105 2942/4563/3818 2469/3785/3272
f 4042/6589/3222 2083/3157/2798 1571/3159/2153
f 3942/6373/4679 4752/6590/4572 3130/3581/3130
f 4105/3772/3261 2460/3774/3263 4495/6591/4739
f 3402/5387/4273 743/1104/1028 4927/6592/2605
f 3406/5391/4275 2899/4494/3767 1313/6349/1818
f 1689/6593/2312 4895/6594/2311 1272/6595/1771
f 2917/6596/3785 3444/5454/4309 2918/5455/3786
f 1787/2705/2437 4022/942/874 4043/6597/4740
f 3381/125/106 1206/1804/1672 3279/6413/4162
f 4044/6598/4501 4373/6599/4741 3602/6600/4433
f 4045/6601/1227 4373/6599/4741 4044/6598/4501
f 2217/3387/977 2756/4888/3605 2218/3388/2985
f 4597/4149/3541 3786/6071/1272 4209/4150/3542
f 1095/1625/1515 2318/3534/3097 2702/4148/3540
f 1095/1625/1515 2702/4148/3540 1096/1626/1516
f 3353/5289/4221 4046/6602/4742 4321/6603/4743
f 1317/1983/1824 3104/4866/3998 3623/5754/623
f 1150/1721/1598 3124/4904/1412 3125/4905/4016
f 3407/5392/4276 1977/2997/2680 1978/2998/2681
f 3280/5180/4163 2834/4372/3694 1958/2963/2654
f 4522/5179/3670 6/9/7 4047/6604/4744
f 3080/4426/3726 4048/6605/4745 2814/4346/3676
f 656/971/903 988/1469/1367 4473/6606/4746
f 4049/6607/3964 1198/1529/1424 1026/1528/1423
f 4703/6608/4605 762/1132/1055 4559/1345/1255
f 3624/5755/4451 4631/5756/4452 4407/6609/4693
f 3708/4557/3813 1322/6610/1829 4931/6611/4747
f 3657/5819/3604 2072/3143/2789 3115/6297/4007
f 2142/3271/2891 3213/5054/4101 3212/5053/4100
f 3853/6189/4611 603/899/831 3725/6578/4526
f 3958/6396/337 3624/5755/4451 4407/6609/4693
f 1329/2001/1840 3509/5576/4362 2134/3262/1954
f 1261/1899/1754 4050/6612/4748 4051/6613/4749
f 4034/1910/1765 3887/6614/4636 3343/5276/4215
f 3169/4987/4059 3622/5753/4450 3103/4863/3997
f 4393/4371/3693 844/6487/1159 4530/6458/4702
f 1204/6615/1670 1404/2129/1948 2550/2131/1950
f 2895/4488/3764 3171/4990/4061 3170/4989/4060
f 446/2433/609 2542/3900/3356 4856/2434/2211
f 413/611/560 2714/4174/3557 1224/1837/1701
f 4052/6616/4750 922/1361/1267 1137/1702/1585
f 2202/3362/2966 2201/3361/2965 1513/6617/2085
f 2346/6618/3127 4479/3385/2983 2216/3386/2984
f 2103/3202/2834 1002/1485/1382 3623/679/623
f 594/5448/818 3456/5475/1642 3455/5474/4319
f 2740/4218/3586 4053/6619/4376 4450/3037/2711
f 2036/3082/2747 2176/3322/2935 4054/6620/501
f 1199/1793/1662 4049/6621/3964 3325/5252/4201
f 4055/6622/4633 1972/2406/2190 1596/2408/2192
f 3159/4970/4049 964/1436/1338 965/1437/1339
f 2294/3497/3066 4056/6623/4751 3255/3498/3067
f 3361/1425/1328 3969/6424/4696 957/1426/1329
f 4432/5158/3654 3045/4755/3934 3477/4754/3933
f 2089/3180/2815 4057/6624/4752 807/1198/1118
f 4401/6625/3814 2173/6474/2932 3991/6473/4708
f 3277/5173/4159 3968/6421/4695 271/402/357
f 3983/5662/4403 1889/2862/2567 2902/4499/3771
f 3983/5662/4403 2902/4499/3771 3561/5661/4402
f 596/889/822 298/5205/393 2139/3268/2888
f 3821/6139/4596 4161/139/115 3689/6626/4499
f 2367/3620/3150 1176/1760/1632 4058/6627/4684
f 1379/2083/1912 2367/3620/3150 4058/6627/4684
f 3953/3587/3135 3803/6108/4582 2118/3229/2855
f 3798/6098/3051 2895/4488/3764 3170/4989/4060
f 409/607/556 408/606/555 4059/6628/236
f 2164/3305/2921 3127/3304/2920 4060/6629/4753
f 1426/2177/1985 3920/6319/4658 3506/5567/4358
f 3573/5018/3755 1292/1948/1798 4306/6630/4754
f 3573/5018/3755 4306/6630/4754 4061/6631/4755
f 499/741/684 671/1559/920 3819/739/682
f 1240/1861/1723 727/4104/1006 1119/6632/1552
f 1816/6633/2470 1815/5987/2469 2757/4251/3606
f 1323/1991/1832 1324/1993/1833 164/226/196
f 4707/2760/2483 1303/1961/1808 2610/1937/1787
f 179/252/215 3550/5648/4393 181/253/216
f 325/481/436 3776/6051/4562 4015/6518/4723
f 576/854/794 3078/4814/3971 4062/6634/4756
f 4063/6635/4757 1954/2954/2645 4064/6636/4758
f 3498/5553/4356 1948/2946/2637 1667/2523/2283
f 4065/6637/4759 2029/3070/2736 816/6638/1130
f 1057/6300/1462 3909/6299/4650 1058/6639/1463
f 1129/1689/1573 3512/5582/4365 1767/1690/1574
f 4233/4317/3651 4288/6640/1901 4066/6641/2519
f 452/671/615 2298/6642/3072 4709/672/616
f 3147/4949/2634 2099/1027/954 4929/6643/4760
f 3386/5361/4260 3385/5360/418 4067/6644/4761
f 2665/6645/3492 4068/6646/4150 3935/6363/4674
f 1664/1675/299 402/598/301 1124/1676/1562
f 1688/2553/2309 4069/6647/2648 2212/5278/2979
f 3614/5741/4443 2465/3780/3268 1677/6227/2294
f 486/5608/664 3525/5607/4377 3100/3521/3087
f 1383/342/302 236/344/304 3260/5141/4138
f 2274/3470/2649 1397/2113/1938 520/772/715
f 1272/6595/1771 1271/6197/1770 3711/5917/4514
f 536/4779/742 4337/4145/3538 4070/6648/2556
f 2919/4517/3787 1703/2574/2329 1346/2028/1865
f 2815/3192/2826 2096/3191/2825 3100/4858/3087
f 428/639/583 234/338/298 4071/6649/829
f 3285/6650/4167 507/755/698 506/754/697
f 273/405/360 3609/5731/4439 2473/3789/3276
f 3053/4765/3941 938/1388/1293 937/1387/1292
f 3674/5857/1735 1441/6651/2006 4754/5858/4489
f 1059/1575/1466 1916/1574/1465 1674/6278/2290
f 959/2167/1332 4363/2169/1982 960/6652/1333
f 4721/5886/4502 4072/6653/2662 2192/3344/2953
f 4773/6654/4539 311/458/413 4817/5833/4477
f 1766/2673/2412 1765/2672/2411 2366/3619/1555
f 2840/6655/372 2023/3057/2728 4073/6656/948
f 3302/4438/3734 4476/2235/2035 2866/4439/3735
f 541/806/747 543/808/749 1256/1891/1748
f 4074/6657/4762 3204/6658/2351 4075/6659/2350
f 2631/4037/3456 2214/3383/2981 3392/5370/4266
f 4401/6625/3814 4076/6660/1944 2173/6474/2932
f 3758/6016/4549 1280/1926/1778 1545/6661/1221
f 1949/2948/2639 4000/6490/4713 2903/4500/3772
f 4117/6662/2550 896/6663/1230 2613/6664/3440
f 386/572/523 2987/4642/3867 3238/5104/2748
f 3144/4941/4033 3550/5648/4393 179/252/215
f 1331/2006/1845 1333/2008/1847 4290/6586/3945
f 2802/4329/3662 2230/3402/2997 2712/4171/1809
f 2967/4611/2959 4077/6665/4763 2968/4612/3851
f 511/2931/702 1937/2930/2625 4642/5511/4337
f 2151/3285/2903 2817/4352/3679 4078/6666/4764
f 2151/3285/2903 4078/6666/4764 2314/4125/3092
f 1099/6667/1522 3608/5730/4438 1643/4945/2251
f 4066/2801/2519 4288/2071/1901 1852/2802/2520
f 524/5656/724 4079/6668/1911 3168/4986/4058
f 1416/2159/1974 4667/1791/1661 1199/1793/1662
f 3859/2913/2609 4211/5590/4368 1731/2619/2371
f 4239/3876/3336 3859/2913/2609 1731/2619/2371
f 3826/3839/3309 4080/6669/2144 3122/6670/4014
f 870/1281/1196 869/1280/1195 2910/6671/3779
f 3045/4755/3934 2403/3679/3196 3046/4756/3935
f 1181/1766/1638 2970/4617/3853 1260/6672/1752
f 4081/6673/1617 1181/1766/1638 1260/6672/1752
f 2920/6357/3788 4082/6674/1864 580/859/797
f 4084/120/102 90/122/86 4083/6675/4727
f 4084/6676/102 4083/6532/4727 2643/6533/3469
f 4085/6677/4765 4543/3480/3053 3551/5649/4394
f 4047/6604/4744 5/8/6 2581/3971/3407
f 3475/5523/352 4770/5365/4263 3388/5364/4262
f 3523/5129/4132 3886/6259/4635 1053/1563/1455
f 626/928/860 1924/2915/2611 185/263/224
f 1443/875/809 2874/4454/3742 589/876/810
f 4768/5147/4142 3626/5761/4454 235/340/300
f 3419/6678/4288 903/6679/1240 4086/6680/1239
f 3126/4907/4017 345/506/461 942/1400/1303
f 4087/6681/4543 2676/4110/3510 2389/3658/3178
f 3565/5666/927 2435/3741/3237 4400/5008/4071
f 4088/6682/1050 4677/3968/3404 3663/6683/4474
f 641/950/882 4510/6565/4732 346/507/462
f 4436/3894/3351 4437/6684/4766 4064/6636/4758
f 3789/3158/2799 4089/6685/2154 1571/3159/2153
f 4095/2904/2603 4090/6686/3565 1955/2956/2647
f 3781/6057/4566 1554/2346/2133 3693/5889/4503
f 2992/4654/3874 3176/4998/4066 2993/4655/1922
f 4049/6621/3964 3071/5251/3963 3325/5252/4201
f 1368/2062/1894 1367/2061/1893 710/1051/978
f 1675/2532/2291 2698/4142/3535 706/1042/969
f 4091/6687/4767 2440/3749/3241 585/3742/802
f 270/401/356 3927/403/358 4556/6688/4768
f 913/6689/1256 2108/3213/2843 508/756/699
f 1255/1889/1746 452/671/615 1382/2092/1919
f 4239/3876/3336 1731/2619/2371 3101/6690/2030
f 1860/2815/2530 1861/2817/2532 1250/1881/1738
f 1606/2423/2203 2986/4641/3866 3366/5322/4238
f 3066/4792/3956 3554/5652/4397 4012/6510/3696
f 3066/4792/3956 4012/6510/3696 3796/4793/3957
f 4092/6691/2057 2890/4481/3758 746/4480/1031
f 4008/6500/4717 4010/6502/3321 3517/5595/2343
f 1332/2170/1846 2679/4114/3513 4941/6486/1335
f 1875/6692/2549 3139/4929/4028 894/1314/1228
f 3744/4687/3895 3745/3190/2824 2815/3192/2826
f 3602/5719/4433 3665/5835/4479 4457/5720/4434
f 349/513/466 1876/2840/2551 1877/2842/2553
f 1699/6270/2325 3261/6693/4139 3888/6263/4637
f 2627/2995/2678 279/413/368 281/415/370
f 1971/2986/2671 4093/6694/3402 3599/5715/4430
f 4094/6695/2602 2726/4187/3568 4095/6696/2603
f 4096/6697/4769 1550/2340/2127 4097/6698/4770
f 1513/6699/2085 4124/6700/4771 2257/6701/3024
f 2860/4422/3723 815/1210/1129 2678/6702/3512
f 1207/1805/1673 3893/6272/3891 4391/6703/4631
f 4098/6704/4772 3437/5445/4306 1270/1914/1768
f 4086/1326/1239 4007/1328/1241 1104/1638/1526
f 2245/2502/2264 4099/6705/4773 4097/6706/4770
f 3567/5668/4407 2373/3626/3156 2450/3759/3249
f 2741/4961/3589 3949/6707/4683 930/1377/1283
f 1066/1584/1475 1065/1583/1474 2668/4095/3499
f 197/284/245 3700/5898/4508 2294/5977/3066
f 1007/1495/1390 1933/1494/1389 4100/6708/4774
f 2249/3428/3016 2248/3427/3015 3333/5262/3954
f 3925/4664/3879 2997/4663/3878 14/20/16
f 3506/6709/4358 3925/4664/3879 14/20/16
f 2796/4319/3653 2055/2805/2523 1673/2529/2289
f 276/409/364 2264/3449/3030 274/407/362
f 4496/6710/377 238/348/308 287/5951/378
f 4641/5234/3231 1082/1606/1496 1746/2644/2390
f 2448/6711/3247 3997/6712/294 4256/4736/3921
f 284/419/374 1950/2950/2641 3403/2949/2640
f 4101/6713/4775 4539/6714/1753 4102/6715/3549
f 2647/4060/3472 4103/6716/4776 2002/3027/2704
f 2632/4038/3457 4104/6717/4777 4102/6718/3549
f 2967/4611/2959 3619/5749/1962 3618/5748/4447
f 1811/2741/2465 4105/6719/3261 4495/6720/4739
f 1618/2446/2220 1353/2039/1874 1619/2447/2221
f 4106/6721/4778 477/707/651 4292/709/653
f 1374/2070/1900 3707/2541/2298 2397/3669/3188
f 4107/6722/1695 1839/2780/2501 4613/6723/4013
f 3393/6724/3179 4108/6725/1531 1105/5573/1530
f 2392/3663/3182 4521/6726/4779 3545/6727/4390
f 3038/4745/3927 3253/450/405 686/6422/940
f 883/1296/1210 4109/6728/4780 881/1294/1208
f 1577/4924/2162 3134/4923/4025 4110/6729/4781
f 4111/6730/4782 2968/4612/3851 4077/6665/4763
f 1566/2362/2147 1568/2364/2149 4380/3927/3376
f 3984/4068/3479 2025/3059/2729 3293/5196/4173
f 3369/1069/996 184/262/223 3383/261/222
f 4193/6731/4783 1491/2263/2058 3207/5045/4094
f 4112/6732/2031 4913/6733/1472 4113/6734/1348
f 3140/4930/4029 2612/4014/3439 2934/4931/3806
f 4949/6735/4784 1347/6736/1866 3411/5401/4282
f 4769/5698/4422 2877/6737/1247 4153/6738/4785
f 501/746/689 503/748/691 1393/2109/1934
f 2962/2121/1943 2235/3410/3002 4114/6739/2167
f 4115/6740/4786 4116/6741/4787 3287/5189/4169
f 4117/6742/2550 894/1314/1228 896/1316/1230
f 4392/936/868 3656/6743/4242 3666/5841/4241
f 1102/3119/1525 2059/3118/2775 810/1204/1123
f 2583/4996/3409 4118/6744/4788 313/460/415
f 699/1035/962 1402/1034/961 1417/6232/1975
f 3614/5741/4443 1679/6745/2296 3761/6022/4279
f 2768/4274/3623 2767/4273/2749 3055/4769/3943
f 3847/2864/2568 4119/6746/2835 1412/2151/1967
f 2717/4177/3560 3866/6747/4620 4572/6406/4692
f 4120/6748/4789 4121/6749/4790 2764/4265/3616
f 1202/1797/1665 4122/6750/2934 4946/1798/1666
f 4123/6751/4791 3225/5076/4108 4490/6752/2866
f 4098/6704/4772 1270/1914/1768 1269/1913/1767
f 3534/1188/1108 4124/6753/4771 3185/6754/4072
f 1812/2742/2466 1814/2744/2468 2532/4870/3342
f 4125/6755/2676 2668/4095/3499 4126/6756/4524
f 4127/6757/1931 4128/6758/4792 4129/6759/1932
f 4130/6760/3069 626/928/860 184/262/223
f 2672/2085/1914 4046/6602/4742 1380/2086/1915
f 4055/6622/4633 1596/2408/2192 4908/2667/2406
f 3270/5839/4149 4131/6761/4257 1973/4107/2673
f 3317/5241/4195 759/1127/1051 3562/1420/1323
f 3317/5241/4195 3562/1420/1323 4463/721/665
f 3885/2782/2503 1841/2784/2505 4888/3959/3399
f 4118/6744/4788 2583/4996/3409 3664/5834/4478
f 4132/6762/4512 615/6763/844 2267/3456/3037
f 2188/6764/2949 2358/6765/3142 1339/2016/1854
f 1778/6766/2427 2591/3982/3415 2590/3981/3414
f 1133/6767/1579 2921/4520/423 693/4519/947
f 3870/6220/4623 2007/3032/2709 233/336/296
f 3075/4811/3968 1590/2395/2179 1589/2394/2178
f 2473/3789/3276 3609/5731/4439 2231/3406/2999
f 2232/3407/3000 4504/934/866 4357/6067/4570
f 1861/2817/2532 1689/6593/2312 1250/1881/1738
f 1774/2685/2423 424/630/575 2159/3297/2914
f 1966/2979/2667 1687/2981/2307 2194/3347/2956
f 3194/6768/922 4562/4198/3576 4429/6076/4575
f 318/466/421 4422/5517/494 2975/4626/3858
f 1644/2490/872 993/1475/1373 4133/5061/4102
f 1644/940/872 4133/6769/4102 635/941/873
f 4134/6770/1296 4135/6771/237 4136/6772/4793
f 4134/6770/1296 4136/6772/4793 4059/6628/236
f 1717/2601/2353 4137/6773/761 3879/6774/4629
f 3160/4972/4050 3856/6775/4614 4138/6776/4794
f 81/110/94 85/114/98 74/103/87
f 1643/4945/2251 81/110/94 74/103/87
f 2037/6777/2750 123/169/145 4848/4204/3579
f 4816/5311/4230 2653/4070/3480 4139/6778/4557
f 467/693/637 2181/1679/1565 465/691/635
f 2601/1757/1629 2513/3855/3323 1174/1758/1630
f 1189/1780/1652 1151/1722/1599 276/409/364
f 3601/5717/4431 3202/5037/4090 4140/6779/4795
f 4142/4387/3704 3981/6452/1143 4141/6780/3812
f 4142/6781/3704 4141/6782/3812 4881/6783/4796
f 528/872/731 587/871/806 3/6/3
f 237/345/305 4650/347/307 2229/3401/2996
f 4143/6784/4797 4144/6785/4798 4145/6786/4799
f 3876/2662/2403 1802/3167/2453 1759/2663/2404
f 3415/5408/509 379/3984/511 2923/4529/3793
f 2967/4611/2959 3618/5748/4447 4077/6665/4763
f 4778/2936/845 1941/2938/2630 3267/5154/4145
f 4563/6308/4653 1807/2736/2460 3041/4749/3929
f 1934/2927/2622 3213/5054/4101 1935/2928/2623
f 2082/3155/2767 1573/2371/2156 1572/2370/2155
f 2922/4525/3792 4840/4423/3724 1422/6787/1983
f 4146/6788/4800 579/858/796 4147/6789/4801
f 4148/6790/2398 3416/5409/4285 4149/6791/4802
f 466/4303/636 465/2769/635 260/382/339
f 3855/6326/4613 3628/5763/1800 3923/6327/4661
f 1615/4368/958 1736/2627/2379 4416/1595/1486
f 4503/6792/4803 2347/3579/3128 4005/6496/4715
f 1616/2443/2218 4948/3258/2879 2728/6793/2062
f 3376/5341/4251 2604/4004/3432 3390/5368/4264
f 4108/1644/1531 1077/1600/1491 4019/6526/4725
f 4150/6794/4804 4408/5464/4314 3219/5066/4105
f 4151/6795/686 1471/1633/1521 1100/1635/1523
f 3085/4832/3978 1215/1820/1687 1216/1821/1688
f 1319/1985/1826 2081/6796/2797 1416/2159/1974
f 1853/2803/2521 1852/2802/2520 4366/6797/4805
f 2432/3736/3232 245/6798/317 3230/3737/3233
f 4152/6799/3148 4353/6800/4806 4838/6801/3219
f 2876/4459/3745 2425/3716/3220 4153/6802/4785
f 4558/4853/3993 439/657/601 4704/656/600
f 4154/6803/3719 3388/5364/4262 3389/5366/2239
f 4447/4954/4038 4050/6612/4748 4155/6804/4807
f 385/569/520 1715/2597/2349 3978/6805/2738
f 3313/5232/4192 4314/5231/3910 1408/2138/1956
f 4700/1779/1651 1151/1722/1599 1189/1780/1652
f 1627/2462/2233 4732/2461/2232 4156/6806/4808
f 1627/2462/2233 4156/6806/4808 2500/5207/3307
f 334/491/446 2483/3804/3286 335/492/447
f 1818/2748/2472 2417/3699/3209 450/669/613
f 2353/2567/2322 1697/2566/2321 2354/4424/3137
f 3807/867/803 4505/6807/4809 586/868/804
f 3598/2091/1918 3216/1252/1168 849/1251/1167
f 219/316/277 2574/6808/3395 220/317/278
f 4157/6809/4490 3402/6810/4273 1869/2831/2543
f 771/1146/1068 4158/6811/4810 4159/6812/4728
f 4330/6813/4550 3475/5523/352 3388/5364/4262
f 139/185/161 779/1154/1076 3178/5001/4068
f 534/798/739 3934/712/656 1138/5246/1586
f 1497/2275/2068 4160/6814/2222 1498/2276/2069
f 4161/6815/115 2169/3313/2927 3689/6816/4499
f 3327/4913/4020 4107/6817/1695 1129/1689/1573
f 239/349/309 3460/5482/4323 4162/6818/2839
f 2051/3105/2766 1404/3104/1948 4268/3403/2998
f 4163/6819/3509 4776/6820/4580 4164/6821/4811
f 2434/3739/3235 3026/4722/3914 3027/4724/219
f 4614/4574/3827 4165/6822/1457 4734/4575/3828
f 1287/4012/1789 4740/2774/2495 1836/2776/2497
f 648/958/890 4166/6823/820 2708/959/891
f 764/1134/1057 485/2285/662 3344/4595/2782
f 1738/2632/2381 4111/6730/4782 4167/6824/4812
f 568/841/781 3999/4111/3511 569/842/782
f 4168/6825/598 3936/6364/4675 3347/5984/4217
f 4759/6826/760 4169/6827/3252 3352/6828/819
f 2058/3117/2774 3907/6295/4648 3973/3115/2773
f 477/707/651 4106/6721/4778 3009/4696/3899
f 3192/6829/4080 4061/6631/4755 3701/6830/2806
f 2552/3919/3368 3286/1825/1692 4170/6831/4168
f 2552/3919/3368 4170/6831/4168 1106/3888/1533
f 3767/4221/3587 533/796/737 1258/4219/1750
f 3290/4535/3797 4418/850/790 573/849/789
f 2797/4321/3655 2813/6832/3675 4171/6833/1500
f 2565/6834/3385 2773/4281/3627 4269/143/119
f 3592/6835/4426 2131/3257/2878 2146/3278/2896
f 2382/3644/677 2381/3643/3169 3311/5228/3297
f 1569/2365/2150 854/1258/1174 2628/4034/3453
f 1577/2377/2162 1579/2379/2163 3135/4816/3394
f 1051/1561/1453 2407/3684/3200 396/590/541
f 4364/1443/1345 969/1442/1344 4172/6836/4670
f 4173/6837/4813 4174/6838/1822 3823/6144/4446
f 1640/2482/2250 740/1097/1021 2239/3414/3005
f 1310/1973/1814 2020/3053/2724 3349/5284/4219
f 4175/6839/4705 3458/5477/4321 3457/5476/4320
f 3387/5362/4261 2964/4605/3848 3198/501/456
f 3292/2325/2116 421/625/572 1538/2323/2114
f 4071/6649/829 234/338/298 4176/6840/1245
f 2400/1353/1261 916/1352/1260 2971/6841/3855
f 4467/3489/3059 998/1480/1378 2288/3490/3060
f 4739/3066/1780 1855/6842/2525 2028/3067/2733
f 2279/3475/3049 3672/5850/4488 2259/3442/3025
f 4160/2448/2222 1635/2476/2245 1637/2478/2247
f 1365/2059/1191 867/6843/1193 744/1105/1029
f 3523/5129/4132 1840/2781/2502 3886/6259/4635
f 855/3576/1175 1190/1781/1177 2345/3577/3126
f 708/6844/974 4636/1482/973 999/1481/1379
f 3037/4743/3925 1556/2348/2135 1558/2350/2137
f 4449/6845/4814 4897/3537/3099 4600/6846/4815
f 3621/5752/4449 1046/1553/1446 1048/1555/1448
f 4785/5394/4278 2941/6847/3816 3150/6848/3817
f 4785/6849/4278 3150/4953/3817 4786/4952/4037
f 2641/4052/2534 2640/4051/3466 1170/1751/1624
f 2871/1419/1322 3093/4846/3988 2821/4356/3682
f 1633/1908/1763 3178/5001/4068 2953/4584/3833
f 1517/2299/2091 269/6850/354 3438/2300/2092
f 4674/5592/4370 4952/6851/4729 2017/5593/2722
f 4177/6852/386 2180/3326/2939 3778/6054/4563
f 1373/2069/1899 3154/4958/4042 3155/4959/4043
f 1378/2080/1909 3986/6463/4703 494/731/675
f 2168/3312/2926 3650/5807/4465 4692/2991/2675
f 1323/1991/1832 4178/6853/1316 2926/6854/3795
f 4179/6855/4816 3605/5727/4435 4180/6856/828
f 843/1242/1158 2517/3861/3326 1423/2173/1984
f 3197/5028/4085 4520/6857/4817 4181/6858/4030
f 1734/2622/2374 1716/5438/2352 3884/6859/4632
f 247/360/320 3692/362/322 3235/5098/1162
f 4008/6500/4717 3517/5595/2343 503/748/691
f 2725/4186/3567 2724/4185/3566 2807/4338/3669
f 4182/6860/815 2752/4242/3601 2753/4244/816
f 3098/4856/3994 2216/6370/2984 1846/2791/2510
f 2940/4559/3815 1395/6331/1936 875/1288/1202
f 2279/3475/3049 1331/6861/1845 4183/6862/3946
f 4184/6863/3202 1381/2090/1917 852/1256/1172
f 3458/5477/4321 3254/5132/4133 3712/2005/1844
f 3912/6304/735 3052/4764/3940 532/3642/736
f 1184/1772/1644 3404/5389/4274 4185/6864/3547
f 3365/5321/4237 1280/1926/1778 72/99/83
f 3759/6020/1769 859/1267/1182 4186/6865/2431
f 2294/3497/3066 4773/6866/4539 4056/6623/4751
f 2817/4352/3679 3723/5944/1186 4078/6666/4764
f 1733/2621/2373 4187/6867/4818 4188/6868/2894
f 1254/1886/1743 4128/6869/4792 3328/5255/4203
f 4189/6870/1792 4864/1513/1408 4190/6871/4819
f 221/318/279 220/317/278 1498/6872/2069
f 4191/6873/4820 1196/1789/1659 4919/1788/1658
f 4072/6653/2662 2816/4349/3677 2192/3344/2953
f 2048/3100/2763 2424/3714/3218 4192/6874/4821
f 693/1020/947 344/1019/460 1133/6875/1579
f 4478/6876/4664 2066/3131/1505 4616/2120/1942
f 3303/5213/4182 3302/5212/3734 3507/5568/4359
f 1816/6633/2470 2757/4251/3606 3637/5786/1041
f 33/47/41 4193/6877/4783 3127/4908/2920
f 2641/4052/2534 1170/1751/1624 1172/1753/1626
f 358/525/476 4194/6878/4822 359/526/477
f 1157/1729/1605 3431/5434/4300 612/1727/841
f 3376/5341/4251 3773/6040/4559 3043/4751/3931
f 2906/4503/3775 1780/2691/2429 1825/2761/646
f 856/1262/1178 857/1264/1179 2519/3863/3327
f 1094/5507/1514 1992/2403/2187 1594/2402/2186
f 3428/6879/3038 2270/3346/2955 3815/5973/4536
f 2598/5148/3426 235/340/300 1665/2519/2280
f 4456/2985/1393 1494/6880/1392 4710/6517/4722
f 3797/3198/2831 4195/6881/1803 1709/2585/2340
f 2832/4369/3691 685/6882/939 4196/6883/4823
f 2103/3202/2834 3623/679/623 2736/4213/2610
f 4373/6884/4741 4372/6885/4735 3602/5719/4433
f 669/987/917 1440/2199/2005 4197/6886/3843
f 2699/4143/3536 3852/6188/936 707/1043/970
f 248/361/321 800/1189/1109 3692/362/322
f 410/608/557 4198/6887/1294 411/609/558
f 3398/5535/4271 2053/3109/2769 3210/5050/4097
f 2254/3433/3019 986/1464/1362 4398/1672/1559
f 4580/2602/2354 3737/5968/4425 3313/5232/4192
f 2058/3117/2774 2126/3250/2873 3907/6295/4648
f 663/980/911 519/770/713 664/981/912
f 2785/6888/3640 4604/5600/4374 2824/6889/3685
f 4928/2067/1897 149/6890/172 1134/6891/1581
f 3335/5265/4208 2296/3502/3070 3003/4684/3893
f 3542/5638/2188 3036/4737/3922 2480/3797/3282
f 4659/920/852 4490/3240/2866 974/1451/1352
f 4472/6892/4824 4143/6893/4797 4145/6894/4799
f 2490/3817/3295 1469/2236/2036 2833/6895/3692
f 4145/6786/4799 4144/6785/4798 1918/2902/2601
f 3373/5336/4247 4325/6091/4577 3032/4731/3917
f 4199/6896/2262 4200/6897/3846 1285/1934/1785
f 1957/2962/2653 3303/5213/4182 3507/5568/4359
f 3889/6898/438 326/6899/437 1811/6900/2465
f 2579/6183/3405 4088/6901/1050 4870/6184/1049
f 3899/6284/3618 4201/6902/3617 3900/6285/3868
f 1940/6166/2628 3415/6903/509 3414/6167/4284
f 2019/3052/2723 3363/5315/4233 212/307/268
f 1637/2478/2247 1636/2477/2246 2016/3047/2719
f 3587/5697/4421 4202/6904/2275 1661/5978/2274
f 3670/6176/4486 4203/6905/4485 451/670/614
f 3679/869/805 3810/6122/4587 140/186/162
f 1652/5816/2263 1929/5256/2616 1335/2012/1850
f 2795/4318/3652 3688/6906/4498 2796/4319/3653
f 3020/5911/3908 2220/3390/2987 1322/5912/1829
f 314/6423/416 1967/6907/2306 2269/3460/3039
f 29/43/37 4204/6908/481 363/6909/483
f 2726/4187/3568 3471/5509/3189 4095/6696/2603
f 346/507/462 845/6566/1160 2826/508/463
f 1827/6910/2486 2044/3095/2758 3290/4535/3797
f 4077/6665/4763 4289/6911/4825 4111/6730/4782
f 1262/1902/1757 2546/3906/3358 1263/1903/1758
f 1662/2514/2276 3551/6912/4394 4016/34/28
f 1605/2422/2202 2655/1324/1238 1598/2410/2193
f 106/148/124 4729/149/125 4205/6913/3146
f 18/24/20 1956/2961/2652 2265/3450/3031
f 2072/3143/2789 1264/3145/1759 3115/6297/4007
f 3493/5547/4351 2804/4474/3664 2887/4473/3754
f 507/755/698 2790/4312/3647 740/1097/1021
f 3118/4895/2370 4206/6914/4707 1638/6915/2248
f 2088/6916/2813 4207/6917/2814 4873/6918/4826
f 3002/4486/3762 2503/6919/3312 3522/5601/4375
f 3667/5842/4482 365/535/486 923/1364/1270
f 4250/5830/3258 200/288/249 2527/3874/2570
f 2769/4607/3625 1532/2316/2107 3425/6920/4294
f 625/927/859 1676/1700/1583 3856/6921/4614
f 3641/5791/4463 4208/6922/1439 1041/6923/1441
f 371/6582/498 4769/5698/4422 4209/6924/3542
f 3998/3515/3081 1026/1528/1423 2277/3473/3047
f 1721/2607/2359 1618/2446/2220 2580/3970/3406
f 4769/5698/4422 4039/6584/3304 1414/2156/1971
f 4210/6925/1830 3582/5691/4416 3583/5692/1307
f 3660/3875/3335 1922/2911/2066 3859/2913/2609
f 1121/1667/1554 2302/3512/3078 2366/1668/1555
f 3601/5717/4431 3516/6926/4369 4211/6927/4368
f 3444/5454/4309 362/531/482 4204/530/481
f 1047/6551/1447 3072/6085/1705 505/752/695
f 3780/6056/4565 1917/2900/2599 1554/2346/2133
f 3915/6312/4655 3339/1428/1330 527/789/730
f 187/265/226 3023/4719/3912 4212/6928/4827
f 2177/3323/2936 2872/4448/3740 4688/6351/1595
f 1457/2218/2020 3473/5514/4160 4213/6929/428
f 2309/6930/3089 4135/6771/237 3504/6931/932
f 1126/1680/1312 4214/6932/2942 899/6933/1234
f 3941/6372/4678 3151/6934/4039 2828/4364/3688
f 3111/6456/1645 4185/4155/3547 2704/4156/3548
f 4215/6935/4530 1408/2138/1956 3727/6936/4528
f 2219/3389/2986 773/1148/1070 3303/5213/4182
f 3329/5257/4204 2763/4264/3615 3505/5566/4357
f 3154/4958/4042 1287/1939/1789 1286/1938/1788
f 1029/6937/1428 4216/6938/919 499/741/684
f 4708/6332/4663 3911/6303/3364 1515/2296/2088
f 704/1040/967 709/6939/975 2217/3387/977
f 4217/6940/4828 3267/5154/4145 3268/5155/4146
f 3516/6926/4369 729/1082/1009 730/1084/1011
f 3171/4990/4061 558/829/769 805/1194/1114
f 2500/5207/3307 4156/6806/4808 4218/6941/3308
f 3842/6170/4604 555/824/764 3201/826/766
f 4219/6942/4667 1235/6943/1717 522/776/719
f 1202/6944/1665 3647/5801/2972 4122/3321/2934
f 3184/5009/3191 2243/3420/3010 4719/4446/3739
f 4220/6945/3985 1478/2246/2042 2950/4577/3829
f 3636/5785/4460 3244/5114/4124 433/1330/590
f 232/332/292 98/135/112 2582/3973/2607
f 2044/3095/2758 2478/6946/547 4221/6947/4829
f 3891/6268/4638 4222/6948/3495 3890/6267/4254
f 3911/6949/3364 2250/3429/2475 4223/6950/2089
f 3208/5046/4095 1491/2263/2058 2716/4176/3559
f 775/1150/1072 774/1149/1071 4224/6951/4830
f 4225/6952/4104 2409/2366/2151 1569/2365/2150
f 3826/3839/3309 4477/6142/4598 4080/6669/2144
f 2685/4127/3524 3477/5527/3933 4350/974/905
f 4227/6953/4831 2822/4357/3683 2823/4358/3684
f 1116/1662/1549 3268/5155/4146 1442/2201/2007
f 2924/6954/3794 2174/3319/2933 1163/1738/1613
f 4226/6955/4832 515/766/709 2410/6956/3203
f 4111/6730/4782 1738/2632/2381 2968/4612/3851
f 395/2906/538 4251/5900/4011 3692/362/322
f 689/1014/943 2822/6325/3683 4227/6957/4831
f 3499/3682/3198 724/1075/1002 2404/3680/1905
f 2201/6958/2965 2178/3324/2937 1513/6699/2085
f 3365/5321/4237 3530/6426/4382 1543/6215/2119
f 4399/6959/4833 985/1463/1361 947/3601/1309
f 3936/6364/4675 1283/1932/1783 3190/5016/4077
f 4019/6526/4725 3037/4743/3925 4718/1645/1532
f 3600/1468/1366 3076/4812/3969 4777/2407/2191
f 2124/3248/2871 4228/6960/2177 1546/2335/2122
f 4859/2779/2500 4229/6961/4834 1839/2780/2501
f 437/6962/596 3439/3466/3042 2145/3277/594
f 3251/2852/2561 1795/6353/2446 4/7/5
f 3007/4691/2199 3006/4690/3897 1601/6963/2196
f 4406/4228/3592 4026/6555/1646 620/922/854
f 2002/3027/2704 4103/6716/4776 750/6964/1037
f 4230/6965/2334 4782/1201/1120 4662/4337/2335
f 3676/6966/634 1360/2052/1885 3183/5007/633
f 4158/6967/4810 4231/6968/4835 4159/6536/4728
f 1374/2070/1900 3155/4959/4043 4232/6969/4836
f 1187/4226/1649 3653/5811/4468 962/1434/1336
f 3675/6970/1736 2687/6971/3526 4823/6972/2841
f 2411/3690/997 3000/4669/3884 1704/3691/2330
f 4233/6973/3651 2388/3656/3176 4234/6974/3554
f 2835/4374/3695 3057/4778/3949 1612/6975/2212
f 731/1086/1013 3586/5695/4419 3587/5697/4421
f 4255/6976/2215 1615/6977/958 4618/6978/957
f 4629/6283/775 3900/6285/3868 4431/6979/4837
f 1459/6980/2024 3148/4950/3043 4929/6643/4760
f 4219/6942/4667 522/776/719 4061/6981/4755
f 734/1090/1015 1713/2592/2346 1492/2264/2059
f 1989/5326/2693 3368/5325/533 4235/6982/4523
f 3140/4930/4029 4181/4932/4030 3318/5242/4196
f 2118/3229/2855 3803/6108/4582 2119/3230/2856
f 3416/5409/4285 2391/5411/3181 4236/6983/3094
f 1961/2969/1751 3416/5409/4285 4236/6983/3094
f 408/6984/555 4131/5356/4257 2111/3218/2847
f 1261/1899/1754 4051/6613/4749 1998/1900/1755
f 2697/4141/3534 799/6985/1106 4237/6986/4838
f 4852/1200/1119 2807/4338/3669 4782/1201/1120
f 4475/1026/953 2251/6987/3017 891/1309/1223
f 1744/2641/1567 1656/2506/2268 1993/3018/2696
f 266/395/350 261/394/340 993/1475/1373
f 3603/479/434 3299/5204/4177 4238/6988/392
f 4928/2067/1897 1371/2066/1896 4551/6989/4593
f 1965/2976/2665 3719/5937/1627 3992/6475/4709
f 2528/4134/3337 4239/6990/3336 3101/4859/2030
f 137/183/159 3178/5001/4068 1266/1907/1762
f 4599/6991/4839 3610/6212/4440 2973/4624/3856
f 3326/5253/4202 1281/1928/1572 1294/1950/1799
f 4240/6992/1456 3326/5253/4202 1294/1950/1799
f 4241/6993/776 4431/6979/4837 1345/6994/1863
f 909/1338/1249 3617/1658/1545 910/1339/1250
f 4926/1998/1838 2812/4344/3674 3116/6995/4009
f 4049/6621/3964 1199/1793/1662 1198/1792/1424
f 983/1063/990 4242/6996/4840 984/6997/1360
f 4886/6998/4841 579/858/796 581/860/798
f 4243/6999/4842 2037/7000/2750 4244/7001/3622
f 4245/7002/4412 1752/2652/2396 1259/2654/1747
f 3586/5695/4419 731/1086/1013 733/1085/1012
f 3413/5404/4283 3750/5999/4083 257/5405/334
f 2682/5639/3519 2681/7003/688 3543/5640/3708
f 4246/7004/4494 1005/1491/1386 3073/4806/3966
f 3187/5013/3339 2530/2424/2204 1606/2423/2203
f 1875/2838/2549 1588/2392/2176 1587/2391/2175
f 2317/3533/3096 1558/2350/2137 2896/4489/3765
f 3609/5731/4439 3375/5340/4250 3376/5341/4251
f 1938/2933/2626 4808/1787/1657 2754/3701/3210
f 4640/3440/2160 1575/3243/2159 2123/3245/2869
f 2785/6888/3640 3520/5598/4372 4604/5600/4374
f 4269/143/119 103/142/118 223/320/281
f 518/769/712 4302/7005/1060 671/990/920
f 1562/4682/2141 4840/4423/3724 2922/4525/3792
f 1920/2908/2606 578/4824/795 338/496/451
f 2512/3854/3322 1366/2060/1892 2885/4471/3753
f 8/13/11 12/25/15 18/24/20
f 3059/4782/3950 3061/4784/2237 2211/3380/2978
f 2662/7006/3489 2351/7007/1025 1035/1539/1433
f 616/3827/847 4247/7008/2862 4296/7009/4586
f 1097/7010/1518 3838/2453/2227 4248/7011/4602
f 4435/7012/4843 4630/2593/1663 4903/2595/2347
f 4249/7013/4844 4250/7014/3258 2990/4648/3872
f 2008/1342/1252 912/1344/1254 4369/5831/4475
f 455/676/620 1115/1659/1546 3617/1658/1545
f 4226/6955/4832 2410/6956/3203 1705/7015/2331
f 4564/7016/1282 3510/5579/1284 1386/5486/1925
f 3426/5424/4295 3141/5426/4031 4656/5781/1481
f 4251/7017/4011 395/587/538 2605/589/540
f 3587/5697/4421 1661/5978/2274 3738/5969/4534
f 1998/4801/1755 266/4803/350 1999/7018/2701
f 1514/5503/2087 4925/5437/4303 1631/2469/2240
f 996/1478/1376 995/1477/1375 3005/4689/3896
f 194/4829/235 4134/1391/1296 4059/7019/236
f 3909/6299/4650 531/793/734 495/732/676
f 2227/3398/2993 2124/3248/2871 719/1067/994
f 1071/1589/1480 2507/3847/3316 1069/1587/1478
f 1007/1495/1390 1931/2923/2619 3494/5548/4352
f 2369/3622/3152 1706/2577/2332 489/725/669
f 3058/844/784 4560/7020/741 3809/1128/1052
f 1636/2477/2246 3827/6149/4600 2016/3047/2719
f 4288/7021/1901 4252/7022/4845 4619/7023/1902
f 2042/7024/2756 4253/7025/1849 2692/7026/3517
f 4254/7027/3165 1510/7028/2082 4255/7029/2215
f 4805/1018/946 925/1367/1273 3910/7030/4651
f 2466/3781/3269 2146/7031/2896 2467/3782/3270
f 4256/7032/3921 4257/7033/4846 4109/6728/4780
f 4258/7034/4413 272/4639/359 4259/7035/361
f 2055/2805/2523 2054/7036/2770 1854/2806/2524
f 3952/3130/1679 1379/2083/1912 4058/6627/4684
f 4260/7037/3733 2913/7038/3781 649/960/892
f 3084/4831/3977 4261/7039/4086 2564/3940/3384
f 1386/5486/1925 291/427/382 293/429/384
f 4262/7040/198 4678/3284/2902 2152/3286/2904
f 4213/6929/428 2018/2836/2547 1457/2218/2020
f 1377/7041/1907 292/428/383 291/427/382
f 3844/6173/2850 3769/6175/4553 4263/7042/2731
f 3944/6376/4680 3922/6323/4660 1024/1526/1421
f 1288/1940/1790 1413/2153/1968 793/1176/1096
f 1736/2627/2379 1735/2626/2378 4416/1595/1486
f 4143/6784/4797 4264/7043/4712 4144/6785/4798
f 4009/6501/4718 4265/7044/4847 4010/6502/3321
f 4266/7045/1669 4267/7046/3296 4268/7047/2998
f 3463/5489/4327 843/1242/1158 256/373/333
f 4269/7048/119 3151/6934/4039 3941/6372/4678
f 4270/7049/4848 1863/7050/2536 3257/680/624
f 4271/7051/4054 2662/7006/3489 1899/2878/2580
f 2341/3569/3121 2092/3185/2820 2094/3187/2822
f 4272/7052/4849 3607/5729/4437 3070/4798/3962
f 3732/5962/4531 2447/3756/3246 779/1154/1076
f 3910/7053/4651 926/3734/1275 3179/5002/4069
f 1362/2054/1887 3353/5289/4221 3183/5007/633
f 2779/4290/3634 4946/1798/1666 2077/3149/2794
f 3990/6471/4706 1955/2956/2647 3878/6239/4628
f 4445/4544/3803 2932/4545/3804 637/946/878
f 988/1469/1367 1436/7054/1995 989/1470/1368
f 1442/2201/2007 1444/2203/808 2506/3845/3314
f 4503/6792/4803 4610/4991/4062 2347/3579/3128
f 3399/5383/984 1927/7055/2614 4300/771/714
f 692/1017/945 2179/3325/2938 4937/6464/4704
f 1123/4675/1558 2263/3448/3029 3339/5270/1330
f 1123/4675/1558 3339/5270/1330 4273/7056/3035
f 1595/2405/2189 610/907/839 812/1206/1125
f 980/1458/1358 1595/2405/2189 812/1206/1125
f 1816/6633/2470 3637/5786/1041 2413/7057/3205
f 353/520/471 3753/6008/4546 3752/6007/4545
f 4139/6038/4557 3993/6476/4710 3772/6039/4558
f 2110/2030/1867 637/946/878 1348/2031/1868
f 2878/4462/3463 2005/3030/2707 2630/4036/3455
f 3381/7058/106 3380/7059/4256 4274/7060/4850
f 1907/7061/2590 1906/3961/2589 3735/5965/4533
f 21/31/25 3143/321/282 2204/3364/2968
f 2161/7062/2917 3669/5844/4484 4275/7063/3581
f 1666/2521/2281 1722/2608/2360 1724/2610/2362
f 2664/4085/3491 3169/4987/4059 4068/5162/4150
f 1675/2532/2291 1991/3016/2695 884/7064/1212
f 443/662/606 3554/5652/4397 444/663/607
f 4444/7065/303 2315/3530/3093 3086/4833/3832
f 1245/1870/1729 404/1869/551 4430/4861/3996
f 1762/2668/2407 2961/4602/3847 613/910/842
f 1256/1891/1748 4276/7066/4851 2284/3484/3057
f 1256/1891/1748 2284/3484/3057 1257/1892/1749
f 569/842/782 2677/4112/1678 2653/4070/3480
f 1980/7067/2683 1502/2280/2073 1504/2282/2075
f 1373/2069/1899 1548/2337/2124 3154/4958/4042
f 3964/6415/1677 4781/7068/4852 4849/7069/2301
f 918/1355/1263 2750/5571/3599 3662/5827/3598
f 2562/3935/3380 4277/7070/4853 4278/7071/4854
f 4884/6035/3626 4647/6037/4556 4279/7072/1128
f 1860/2815/2530 3918/1473/1371 4379/2816/2531
f 1759/2663/2404 192/271/232 1758/2661/2402
f 473/700/644 383/565/516 4802/7073/4855
f 4860/4530/705 4280/7074/3958 1828/2765/2487
f 1185/7075/1647 1187/4226/1649 962/1434/1336
f 2125/3249/2872 2124/3248/2871 2227/3398/2993
f 4194/6878/4822 358/525/476 2684/4123/3521
f 1667/2523/2283 1948/2946/2637 1666/2521/2281
f 1047/6551/1447 505/752/695 1011/1503/1398
f 2680/7076/3515 991/1472/1370 3658/5820/3516
f 1514/2295/2087 3548/2294/2086 4925/7077/4303
f 3222/2222/2023 2838/4378/3699 3917/6314/4656
f 4081/6673/1617 4281/7078/4856 1181/1766/1638
f 1387/5485/1926 293/429/384 4282/7079/4857
f 2976/3989/3421 2594/3988/3420 3645/7080/3859
f 3957/6395/4687 2385/3652/3174 2384/3651/3173
f 1258/3720/1750 4245/5678/4412 1259/7081/1747
f 4359/1077/1004 1054/1566/1458 726/1078/1005
f 245/7082/317 848/1250/1166 4283/7083/318
f 4815/7084/2481 4394/3365/2480 4284/7085/4305
f 4262/7040/198 2152/3286/2904 4080/7086/2144
f 2299/3507/3073 388/1965/525 1306/1967/410
f 3176/4998/4066 4719/4446/3739 4285/7087/1321
f 4678/3284/2902 4850/4351/3678 2151/3285/2903
f 1495/2269/2063 4943/2271/2065 2458/3771/3260
f 655/969/901 656/971/903 3582/5691/4416
f 3788/6073/4574 1850/2799/2517 1849/2798/2516
f 1374/2070/1900 4232/6969/4836 3707/2541/2298
f 601/897/830 872/7088/1198 602/898/258
f 4286/7089/4858 4051/7090/4749 3992/6475/4709
f 1025/1527/1422 1024/1526/1421 3716/5927/4517
f 636/5431/877 4287/7091/3888 3377/5343/4252
f 90/7092/86 644/954/886 1359/2051/1884
f 4716/4984/4056 4252/7093/4845 4288/7094/1901
f 1307/5298/1812 1361/2053/1886 2673/4100/3503
f 4289/7095/4825 4290/7096/3945 3891/6268/4638
f 3208/5046/4095 2013/3044/2716 2012/3043/2715
f 145/191/167 146/192/168 2911/4508/3780
f 3891/6585/4638 1333/2008/1847 4222/4091/3495
f 4707/2760/2483 2610/1937/1787 4291/7097/3612
f 4612/4262/3613 2763/4264/3615 3868/7098/4622
f 2697/4141/3534 4237/6986/4838 905/1331/1242
f 1533/2317/2108 2416/3698/3208 4771/7099/4859
f 1533/2317/2108 4771/7099/4859 4292/7100/653
f 1862/7101/2535 1288/1940/1790 2718/1175/1095
f 3167/4985/4057 3612/5736/4442 3556/5655/4399
f 4516/3166/2805 2647/4060/3472 2002/3027/2704
f 3645/4628/3859 1803/7102/2455 1740/2634/2383
f 4305/4817/3972 2680/4819/3515 3392/7103/4266
f 1773/6575/2422 997/1479/1377 4636/1482/973
f 1683/2545/2302 2322/1024/951 1601/2413/2196
f 4224/6951/4830 3067/7104/3959 775/1150/1072
f 784/1164/1085 1252/1883/1740 631/1165/867
f 1774/2685/2423 1776/2687/2425 1976/2996/2679
f 3459/5480/4322 991/6316/1370 4305/5481/3972
f 3641/7105/4463 4448/3905/574 735/1091/1016
f 478/708/652 924/1365/1271 208/301/262
f 3516/6926/4369 4140/6779/4795 729/1082/1009
f 837/1235/1152 836/1234/1151 4293/7106/4860
f 1863/2823/2536 1865/2825/2538 326/482/437
f 3735/5965/4533 1795/6353/2446 1907/7061/2590
f 546/813/753 4657/6274/4640 4294/7107/1714
f 1233/1851/1713 546/5929/753 4294/1852/1714
f 1708/7108/2338 2085/7109/2809 1639/2481/2249
f 4080/7086/2144 2152/3286/2904 3122/4901/4014
f 890/7110/1220 2187/7111/2948 860/1268/1183
f 2832/4369/3691 4196/6883/4823 1582/2385/2169
f 4314/5231/3910 3728/7112/4529 3727/6936/4528
f 3720/4195/3574 1481/2250/2046 1483/2252/2048
f 72/99/83 73/100/84 3365/5321/4237
f 4863/883/817 3459/7113/4322 2819/4717/3680
f 1200/7114/581 4295/7115/348 1718/7116/2355
f 6/9/7 5/8/6 4047/6604/4744
f 1600/2412/2195 777/1152/1074 1311/4540/1815
f 2159/3297/2914 424/630/575 2888/7117/3756
f 4247/3236/2862 308/451/406 4296/7118/4586
f 258/5075/335 4297/7119/1964 2646/4059/3471
f 2663/4084/3490 3704/5905/4510 742/1102/1026
f 4642/7120/4337 2939/4555/3811 1908/2889/2591
f 2343/2625/2377 2831/4367/2216 3419/5413/4288
f 2029/7121/2736 817/1212/1131 816/1211/1130
f 1051/1561/1453 731/1086/1013 2407/3684/3200
f 1407/2135/1953 4583/2137/1955 32/46/40
f 1755/2657/2400 2101/3197/2830 384/568/519
f 4298/7122/1080 3648/5802/4464 201/289/250
f 757/1123/1047 1180/1765/1637 758/1124/1048
f 4299/7123/4183 4818/6000/4544 3413/5404/4283
f 146/192/168 2995/4660/3876 2911/4508/3780
f 4300/7124/714 4301/7125/4232 4302/7126/1060
f 2679/4114/3513 1186/1776/1648 1185/1775/1647
f 135/181/157 137/183/159 1266/1907/1762
f 4568/7127/4861 4779/5064/3661 4225/5063/4104
f 1491/2263/2058 4092/2262/2057 2716/4176/3559
f 4477/6142/4598 3826/3839/3309 1823/2754/2478
f 4655/5707/4427 3453/5467/4317 4470/6185/4608
f 2595/3990/3422 1232/1850/1712 3716/5927/4517
f 4048/6605/4745 459/682/626 2814/4346/3676
f 2546/3906/3358 3414/6167/4284 3858/3907/3359
f 2650/4064/3476 2536/3887/3346 908/1335/1246
f 2404/2075/1905 2499/3834/3306 2405/3836/3197
f 3556/5655/4399 3753/6008/4546 524/5656/724
f 2105/3207/2837 2693/2118/1941 4781/7068/4852
f 4017/6117/1528 4730/7128/1529 65/88/74
f 4303/7129/4862 4508/5813/4469 3656/5815/4242
f 3908/6296/4649 1651/2499/2261 2150/3282/2900
f 685/1009/939 684/1008/938 4196/7130/4823
f 729/1082/1009 3965/6416/4694 490/726/670
f 3978/3072/2738 135/181/157 1266/1907/1762
f 4183/4773/3946 4290/4772/3945 3618/5748/4447
f 4304/7131/4863 2983/4637/3863 2979/4633/3862
f 1610/1373/1279 586/868/804 1351/2037/1872
f 3036/4737/3922 2779/4290/3634 2481/3798/3283
f 2819/7132/3680 4305/7133/3972 2214/7134/2981
f 3715/7135/3122 4671/3814/3294 3714/7136/1970
f 2556/3923/3372 1235/1855/1717 2553/3920/3369
f 2687/6971/3526 3675/6970/1736 2917/7137/3785
f 4844/5208/1509 4188/3275/2894 4528/7138/3820
f 3788/6380/4574 4040/6587/4738 3606/5728/4436
f 1599/2411/2194 3149/4951/4036 2438/4/4
f 3882/6245/4630 3392/5370/4266 2680/7139/3515
f 4306/7140/4754 4219/6942/4667 4061/6981/4755
f 4307/7141/3831 4014/778/721 4862/777/720
f 1533/2317/2108 1535/2319/2110 2417/3699/3209
f 2834/7142/3694 4590/5935/4519 2344/3575/3125
f 2162/3302/2918 2161/3301/2917 4275/4208/3581
f 4308/7143/3131 1889/2862/2567 3983/5662/4403
f 2754/3701/3210 1195/1786/1077 780/7144/1079
f 1053/1563/1455 3886/6259/4635 4240/1564/1456
f 3492/5546/4350 1356/4225/1877 4309/7145/1879
f 2095/3012/2692 1988/3011/2691 2607/4008/3435
f 1994/3019/2697 3095/5852/3991 1992/3017/2187
f 272/404/359 2557/7146/3373 3609/5731/4439
f 2780/4291/3635 4465/7147/4864 2683/7148/3520
f 3547/5644/3213 1663/2515/2277 3841/6169/4603
f 2325/3545/3103 1794/7149/2444 2326/3546/2445
f 553/822/762 1734/2622/2374 1041/6923/1441
f 3586/6288/4419 4310/7150/4865 4311/7151/4420
f 2752/4242/3601 4312/7152/3911 2818/4243/3602
f 418/621/568 1553/2343/2130 4486/622/569
f 4366/6797/4805 1852/2802/2520 3040/4748/2617
f 4366/6797/4805 3040/4748/2617 1930/7153/2618
f 357/524/475 359/526/477 1502/2280/2073
f 158/212/184 2570/211/183 4648/216/186
f 1357/2047/1880 3489/5543/4348 4313/7154/1451
f 2418/2568/2323 2101/3197/2830 1698/2569/2324
f 4021/6534/2003 978/1455/1356 2434/3739/3235
f 4314/4715/3910 2119/3230/2856 4146/7155/4800
f 4314/7156/3910 4146/7157/4800 4147/7158/4801
f 13/19/8 3920/6319/4658 1426/2177/1985
f 145/191/167 4414/7159/4866 147/193/169
f 4857/3217/2846 680/1003/933 2111/3218/2847
f 2444/3753/3244 2443/3752/3243 4312/4716/3911
f 1330/6547/1842 3644/5795/4234 2163/7160/2919
f 1330/6547/1842 2163/7160/2919 4315/7161/4568
f 2168/7162/2926 4316/7163/4867 4173/7164/4813
f 3832/2195/2002 4317/7165/4868 2184/3335/2945
f 1432/2184/1991 3469/5502/4333 1430/2182/1989
f 4000/6490/4713 3747/5989/4542 2903/4500/3772
f 708/6844/974 999/1481/1379 998/1480/1378
f 2928/5519/3798 708/6844/974 998/1480/1378
f 407/277/238 1570/2367/2152 4089/2369/2154
f 3873/6231/3429 2515/5631/3325 1205/1803/1671
f 481/713/657 3320/3183/2818 3321/1100/1024
f 3350/2074/1904 2499/3834/3306 2404/2075/1905
f 186/264/225 4318/7166/4869 187/265/226
f 2693/2118/1941 4774/2117/1940 4319/7167/2540
f 2107/3212/2842 3092/4844/3987 2853/4412/3717
f 1552/2342/2129 418/621/568 1742/2637/2386
f 3617/5744/1545 4320/7168/4457 2947/4571/3825
f 4321/7169/4743 4522/5179/3670 4047/6604/4744
f 2281/3479/3052 1912/2894/2596 4322/7170/1391
f 1776/2687/2425 1775/2686/2424 2858/4418/3721
f 3619/2144/1962 2859/4421/3722 4183/6862/3946
f 2210/3377/2977 606/1874/834 1247/1873/1732
f 4323/7171/3124 4017/6117/1528 3341/5273/4212
f 1740/2634/2383 1803/7102/2455 4672/2635/2384
f 3347/5282/4217 4952/6851/4729 3348/5283/4218
f 2383/3649/3171 4459/3650/3172 3578/5685/2432
f 3894/6273/4639 3055/4769/3943 3938/6367/4677
f 3580/5689/4415 1088/4586/1504 882/1295/1209
f 3402/6810/4273 4927/7172/2605 1870/2832/1163
f 3419/6678/4288 4324/7173/2812 903/6679/1240
f 756/1122/1046 1613/2436/2213 757/1123/1047
f 3623/679/623 1002/1485/1382 456/677/621
f 639/6345/880 3044/4753/3932 2298/4752/3072
f 3799/6100/4579 4325/7174/4577 3800/6101/4246
f 4326/7175/2526 4556/7176/4768 483/7177/660
f 2303/3513/3079 1049/1556/1449 1171/1752/1625
f 1530/2314/2105 1912/2894/2596 2070/3140/2787
f 450/669/613 2266/3451/3032 3670/6176/4486
f 1209/3588/1680 2118/3229/2855 2120/3231/2857
f 4327/7178/4870 3191/5017/4078 4328/7179/4682
f 254/371/331 941/1398/388 296/1968/390
f 4329/7180/2313 1689/6593/2312 1861/2817/2532
f 387/573/524 748/1109/1033 3981/1226/1143
f 3680/5866/4491 2495/6542/848 3679/5865/805
f 3473/5174/4160 4330/7181/4550 3278/5175/4161
f 3478/7182/4140 609/906/838 1006/1493/1388
f 4509/7183/3869 2892/4809/3760 3966/6419/3624
f 141/187/163 1012/1504/1399 3717/4740/3924
f 3854/6190/4612 3397/5379/4270 3615/5742/4444
f 3807/867/803 19/6218/21 4505/6807/4809
f 1228/1845/1709 1229/1846/1710 4331/7184/4871
f 2559/3926/3375 4332/7185/4561 4333/7186/3177
f 2030/3073/2739 1902/2882/2584 1901/2881/2583
f 3813/7187/2816 4513/7188/4872 2783/4296/3638
f 988/1469/1367 990/1471/1369 4473/6606/4746
f 4102/4157/3549 4334/7189/4462 417/619/566
f 4578/5378/4269 1542/2329/2118 3467/7190/4332
f 1885/7191/2563 4578/5378/4269 3467/7190/4332
f 4764/7192/4002 1299/1957/1804 4335/7193/4873
f 3541/1392/1297 4036/6577/2293 4531/1393/972
f 2040/3089/2753 2931/4543/3802 3106/4868/2764
f 4260/7037/3733 649/960/892 650/962/894
f 932/1380/1286 842/1241/1157 4336/7194/4874
f 144/190/166 143/189/165 4038/6580/4737
f 4900/7195/1102 3236/5100/4117 3121/7196/1103
f 728/1080/1007 939/1390/1295 4890/7197/3505
f 4337/7198/3538 1880/2847/2557 4070/2846/2556
f 2844/6083/3709 3360/5302/4226 3766/6030/4552
f 965/1437/1339 905/1331/1242 907/1333/1244
f 497/738/681 496/737/680 2260/3445/3026
f 4334/7189/4462 3640/617/564 417/619/566
f 2573/3952/3393 2562/3935/3380 2561/3934/3379
f 4875/3232/2858 1524/2308/2099 4338/7199/4875
f 1339/2016/1854 4339/7200/3493 4938/4078/3485
f 4340/7201/521 2010/7202/2713 4341/7203/4876
f 4789/3740/3236 2434/3739/3235 3027/4724/219
f 1928/2919/2615 2230/3402/2997 2802/4329/3662
f 3811/6123/4588 2829/4365/3689 3273/5165/4152
f 1590/2395/2179 3811/6123/4588 3272/5164/4151
f 2386/2676/2414 1840/2781/2502 3523/5129/4132
f 4342/7204/4877 2547/3908/3360 3442/5452/4308
f 3385/463/418 315/462/417 4608/5030/455
f 2154/6375/2906 2924/6954/3794 1163/1738/1613
f 3033/4732/3918 1837/2777/2498 4575/3536/3098
f 4343/7205/4878 4342/7204/4877 4344/7206/4879
f 4874/2783/2504 3004/4710/3894 2427/3722/3224
f 3496/5550/4354 3495/5549/4353 3742/5975/4538
f 800/1189/1109 3534/1188/1108 3185/6754/4072
f 3628/5763/1800 3096/4851/3992 3923/6327/4661
f 2732/5297/3578 4503/6792/4803 4005/6496/4715
f 405/602/552 3391/5369/4265 406/603/553
f 1381/2090/1917 4560/2089/741 3058/4780/784
f 4192/6874/4821 4258/7034/4413 3576/4597/3842
f 246/359/319 3798/3478/3051 3294/5197/4174
f 4345/7207/3636 4021/2196/2003 225/323/283
f 4093/6694/3402 1971/2986/2671 4710/6517/4722
f 586/868/804 4346/7208/4880 1351/2037/1872
f 3287/5189/4169 4116/6741/4787 3288/5190/4170
f 1406/2133/1952 1870/2832/1163 847/2134/1165
f 1873/2835/2546 2711/1963/1810 3849/6182/4607
f 620/922/854 3111/4881/1645 621/923/855
f 2140/3269/2889 2224/3394/2859 245/6798/317
f 2280/3477/3050 3675/1879/1736 4823/7209/2841
f 1578/2378/1484 1497/2275/2068 1579/2379/2163
f 664/981/912 3445/5456/4310 665/982/913
f 1769/3405/2417 2232/3407/3000 3184/3672/3191
f 4347/7210/4881 2867/3867/3329 2522/3869/3330
f 840/1239/1155 1850/2799/2517 3011/7211/3901
f 4390/7212/3382 3937/7213/3381 1153/1724/1601
f 1109/1649/1536 1110/1651/1538 1710/2586/2341
f 3927/6339/358 511/759/702 513/761/704
f 4348/7214/4293 3862/6201/4617 4349/7215/4292
f 1401/2125/1945 1137/1702/1585 922/1361/1267
f 4076/2122/1944 1401/2125/1945 922/1361/1267
f 4809/7216/666 771/1146/1068 1867/2828/2541
f 4350/7217/905 3477/4754/3933 3046/4756/3935
f 4350/7217/905 3046/4756/3935 445/664/608
f 3737/5704/4425 1209/3588/1680 2120/3231/2857
f 1746/2644/2390 1082/1606/1496 781/1160/1081
f 2617/3957/3397 3126/4907/4017 2575/3958/3398
f 491/727/671 1339/2016/1854 4938/4078/3485
f 3196/5027/4084 3297/3762/3251 3197/5028/4085
f 4104/7218/4777 4101/6713/4775 4102/6715/3549
f 2423/7219/3217 4173/6837/4813 3164/4978/4052
f 1269/1913/1767 763/1133/1056 1377/2077/1907
f 3832/2195/2002 3503/5564/2930 4317/7165/4868
f 378/4548/508 3355/5293/3349 2454/4549/3254
f 1398/2116/1939 2104/3206/2836 1686/2870/2305
f 1235/6943/1717 4219/6942/4667 3929/7220/4669
f 3862/6201/4617 4348/7214/4293 4351/7221/3642
f 1156/1728/1604 2422/3709/2183 2619/4024/2185
f 378/557/508 1519/2154/1969 376/555/506
f 1538/2323/2114 786/1167/1087 785/1166/1086
f 4115/7222/4786 431/643/587 1467/2233/2033
f 3803/7223/4582 1177/1762/1634 2461/7224/3264
f 4579/7225/4882 2909/4506/3778 2908/4505/3777
f 4352/7226/2629 2406/3683/3199 2874/5897/3742
f 3253/450/405 4353/7227/4806 686/6422/940
f 1976/2996/2679 1776/2687/2425 1276/1922/1775
f 4354/7228/2943 4799/5113/4123 3243/5112/4122
f 1904/2885/2587 4355/7229/4883 3814/6126/4590
f 4882/2820/2533 2827/4362/3687 2040/3089/2753
f 4885/3728/3228 2248/3427/3015 2429/3726/3226
f 645/7230/887 2775/7231/3629 3943/7232/884
f 212/307/268 1761/309/270 2912/3890/3348
f 2740/4218/3586 4450/3037/2711 2738/4216/2944
f 45/61/55 44/60/54 2098/3194/2828
f 408/7233/555 4006/6498/4716 4131/6761/4257
f 335/7234/447 333/490/445 2736/2914/2610
f 3186/5011/4073 2180/7235/2939 1081/1605/1495
f 1692/2560/2316 2720/4180/3562 4468/7236/4065
f 3833/6157/4492 3957/6395/4687 2384/3651/3173
f 1332/2170/1846 1422/2172/1983 2679/4114/3513
f 2817/4352/3679 2151/3285/2903 4850/4351/3678
f 4326/7175/2526 483/7177/660 2028/3067/2733
f 3116/6995/4009 2812/4344/3674 2603/4003/3431
f 856/7237/1178 157/210/182 3077/4813/3970
f 3416/5409/4285 4148/6790/2398 3417/5410/4286
f 1295/1952/1801 1297/1954/1542 1600/2412/2195
f 1705/2576/2331 1289/1941/1791 1794/2715/2444
f 2881/4466/1346 2880/4465/3748 2121/3239/2865
f 2329/3550/3107 2371/3624/3154 1951/2951/2642
f 705/1041/968 704/1040/967 2217/3387/977
f 435/648/592 4720/6417/3729 1857/7238/1606
f 2739/4217/3585 3621/5752/4449 2740/4218/3586
f 736/1093/1018 1603/1092/1017 1203/1800/1668
f 4356/7239/4720 4666/2617/2369 1560/2352/2139
f 3879/6774/4629 4137/6773/761 2988/7240/3871
f 2399/3421/3011 4357/7241/4570 2242/3419/3009
f 4358/7242/1564 377/556/507 4359/7243/1004
f 1358/2049/1882 4360/7244/4884 3335/5265/4208
f 3751/6004/2845 4131/6761/4257 3270/5839/4149
f 4941/1433/1335 1185/7075/1647 962/1434/1336
f 1416/2159/1974 1199/1793/1662 3325/5252/4201
f 3655/5814/4470 2823/4358/3684 4361/7245/4885
f 4311/5696/4420 4202/6904/2275 3587/5697/4421
f 124/7246/146 4901/7247/139 4900/7248/1102
f 2038/3087/260 3409/5396/2922 715/1058/985
f 3301/7249/4180 190/269/230 3484/5534/4181
f 615/6763/844 4904/7250/846 2267/3456/3037
f 1502/2280/2073 359/526/477 1503/2281/2074
f 226/324/284 228/326/286 1321/1987/1828
f 3245/5115/4125 4085/7251/4765 4362/7252/1734
f 3928/6340/4666 3711/5917/4514 3557/5657/4400
f 105/146/122 106/148/124 2346/3578/3127
f 3256/5134/1963 461/684/628 460/683/627
f 4856/2434/2211 2542/3900/3356 835/1233/1150
f 3479/5767/4341 4574/5156/4147 2398/6335/3190
f 4363/2169/1982 4752/6590/4572 3942/6373/4679
f 2931/4543/3802 719/1067/994 3107/4869/4000
f 1331/6861/1845 2279/3475/3049 1421/3444/1580
f 1331/7253/1845 1421/2171/1580 1332/2170/1846
f 3205/5043/4093 4176/1334/1245 3206/5044/3377
f 4363/7254/1982 2212/7255/2979 4752/7256/4572
f 638/947/879 1220/1829/1343 4364/7257/1345
f 1921/4196/2608 577/474/429 1481/2250/2046
f 567/840/780 701/1037/964 598/5980/824
f 4365/7258/4886 4366/7259/4805 4367/7260/619
f 1605/2422/2202 1604/2421/2201 3338/5269/4210
f 912/7261/1254 4368/7262/2725 4369/7263/4475
f 86/115/99 849/1251/1167 88/119/101
f 3582/5691/4416 2221/3391/2988 655/969/901
f 2913/4510/3781 1890/2865/2569 1284/1933/1784
f 853/1257/1173 1381/2090/1917 3058/4780/784
f 1757/2659/2401 4004/3235/2861 1290/1944/1794
f 1010/1502/1397 4836/5209/4179 3749/5084/4112
f 4852/1200/1119 3132/4918/4021 2807/4338/3669
f 4362/7252/1734 3246/5116/4126 3245/5115/4125
f 904/645/589 3229/5083/4111 4370/7264/578
f 4371/7265/4887 4917/7266/3837 3199/5033/4087
f 2168/3312/2926 4692/2991/2675 4316/7267/4867
f 865/1274/1189 864/1273/1188 1299/7268/1804
f 2823/4358/3684 2341/3569/3121 2094/3187/2822
f 3979/5167/4154 4372/7269/4735 4373/7270/4741
f 4006/7271/4716 408/606/555 3760/605/554
f 669/987/917 4341/7272/4876 1751/2198/2004
f 2845/4395/3711 249/365/325 460/2146/627
f 3690/7273/4500 3821/6139/4596 3689/6626/4499
f 3895/6275/4641 4374/7274/4135 2882/4467/3749
f 3835/4537/3799 1772/2682/2420 1773/2684/2422
f 2147/3279/2897 2395/3667/3186 4375/7275/1689
f 4395/152/128 1417/6232/1975 4376/7276/4888
f 1725/2611/2363 1106/3888/1533 956/1424/1327
f 4377/7277/4098 3688/6906/4498 3211/7278/4099
f 3673/3499/257 3255/3498/3067 4634/7279/1324
f 831/7280/1146 3578/5685/2432 4459/3650/3172
f 4811/1832/1696 2029/3070/2736 4065/6637/4759
f 650/962/894 3687/1145/1067 4378/7281/4889
f 3276/7282/4158 3553/5651/4396 3967/571/522
f 1172/1753/1626 1171/1752/1625 1288/1940/1790
f 1279/2896/1777 2075/3147/2792 4379/7283/2531
f 4853/730/674 1378/2080/1909 494/731/675
f 1853/2803/2521 1566/7284/2147 2388/3656/3176
f 4092/2262/2057 746/1107/1031 2716/4176/3559
f 3396/5376/4268 3153/4957/4041 3394/5374/4267
f 3845/4232/3594 484/717/661 3769/7285/4553
f 2228/3400/2995 587/871/806 2272/3463/3041
f 2388/3656/3176 4380/7286/3376 4333/3657/3177
f 4002/6328/4662 1242/6330/1726 4381/7287/1725
f 2356/3210/2840 176/248/211 3817/2884/2586
f 4940/7288/898 3216/1252/1168 3598/2091/1918
f 1880/5347/2557 1046/1553/1446 3379/5348/4255
f 3127/3304/2920 4193/6731/4783 3207/5045/4094
f 4399/7289/4833 947/1406/1309 946/1405/1308
f 933/1382/1287 3015/4705/3906 3486/5539/4345
f 3283/5183/4164 48/66/60 2098/3194/2828
f 2228/3400/2995 2272/3463/3041 1856/2810/2527
f 1676/2534/1583 1145/1715/1594 3856/6193/4614
f 862/1270/1185 863/1272/1187 3260/5141/4138
f 3964/6415/1677 2106/3208/2838 2105/3207/2837
f 524/783/724 3753/7290/4546 525/784/725
f 4769/5698/4422 3627/2157/1972 2877/6737/1247
f 4720/6417/3729 4382/7291/4890 3973/6436/2773
f 696/1025/952 4383/7292/2282 4475/1026/953
f 4384/7293/4578 3120/3518/3084 1895/2873/2576
f 2084/3168/2452 193/272/233 1759/2663/2404
f 584/7294/801 1697/2566/2321 3538/2565/1023
f 4907/6079/4074 2529/3878/3338 3187/3880/3339
f 4484/7295/4891 15/21/17 4385/7296/4892
f 2320/7297/3100 4386/7298/4893 3358/5300/4224
f 1433/6061/1992 1801/529/480 2396/3668/3187
f 1002/1485/1382 2103/3202/2834 787/1169/1089
f 1536/4616/2111 1537/7299/2113 2970/4617/3853
f 1952/2952/2643 1954/2954/2645 4063/6635/4757
f 4051/7090/4749 3343/7300/4215 4387/7301/3965
f 4388/7302/2345 2890/4481/3758 4092/6691/2057
f 1394/2110/1935 1393/2109/1934 3466/1255/1171
f 815/1210/1129 1777/7303/2426 1597/7304/1707
f 4325/6091/4577 3373/5336/4247 3800/5335/4246
f 4390/7212/3382 1153/1724/1601 4699/7305/1870
f 4389/7306/2449 4390/7307/3382 4699/7308/1870
f 4857/3217/2846 4391/7309/4631 901/1322/1236
f 631/1165/867 4822/1884/1741 4392/7310/868
f 4214/3331/2942 2182/3330/2941 2835/4374/3695
f 1553/2343/2130 4829/4246/3603 4486/622/569
f 257/374/334 4393/7311/3693 2833/7312/3692
f 259/238/208 1376/2076/1906 172/239/209
f 1992/2403/2187 3095/4850/3991 654/968/900
f 3092/4844/3987 2107/3212/2842 1300/1958/1805
f 2472/3788/3275 2785/4299/3640 1218/1826/1693
f 1450/2210/2014 564/3379/777 3404/5389/4274
f 1207/1805/1673 194/7313/235 1208/1806/1674
f 3475/5523/352 1632/2471/2242 4394/7314/2480
f 4052/7315/4750 3062/4785/3951 3642/6129/1268
f 1235/6943/1717 3929/7220/4669 2981/7316/1718
f 2467/7317/3270 2148/5931/2898 2951/4578/3830
f 1790/2708/2439 4395/7318/128 3161/2709/127
f 2382/733/677 495/732/676 532/795/736
f 4297/7119/1964 3790/6075/1965 4562/4198/3576
f 3643/4787/3953 3063/4786/3952 3234/5097/4116
f 2361/3608/2015 2362/3610/3145 3860/6199/4481
f 2442/3751/3242 2444/3753/3244 3505/5566/4357
f 3933/6361/3367 2520/4039/3328 317/4041/420
f 2506/3845/3314 1444/2203/808 4402/3846/3315
f 3898/6281/3045 3685/5876/4497 3731/335/295
f 1040/4775/1440 553/822/762 1041/6923/1441
f 1322/5912/1829 2222/3392/2989 4210/6925/1830
f 3230/5086/3233 3294/5197/4174 66/89/75
f 1859/2814/2529 850/6012/1169 4206/6472/4707
f 3861/6200/4616 4488/2128/1947 3862/6201/4617
f 3224/5074/4107 566/839/779 1623/2454/2228
f 29/43/37 363/6909/483 30/44/38
f 3061/5432/2237 3377/5343/4252 351/5342/468
f 4252/7093/4845 4396/7319/1913 4619/7320/1902
f 3743/5983/3632 3962/6405/4691 3324/5250/4200
f 1097/7010/1518 1623/2454/2228 3838/2453/2227
f 498/740/683 205/4403/254 4397/7321/1217
f 341/7322/457 3042/4750/3930 2327/3547/3104
f 4798/4464/3747 4265/7044/4847 2880/4465/3748
f 247/360/320 3881/719/663 248/361/321
f 158/212/184 754/1118/1042 156/213/181
f 3764/6026/4551 4398/7323/1559 4399/7324/4833
f 2622/4028/3448 1813/2743/2467 1812/2742/2466
f 4921/1768/1640 4400/7325/4071 1611/2431/2210
f 56/77/65 4921/1768/1640 42/58/52
f 1224/1837/1701 2715/4175/3558 4796/1838/1702
f 1693/2561/2317 1899/2878/2580 1898/2877/2579
f 2123/3245/2869 2360/7326/3144 2359/3731/3143
f 1382/2092/1919 452/671/615 1191/1782/1653
f 4401/7327/3814 1400/2123/658 4076/2122/1944
f 2783/4296/3638 4513/7188/4872 2655/1324/1238
f 3651/5809/4467 4027/6558/4645 1702/6511/2328
f 2259/3442/3025 1372/4047/1898 1134/3443/1581
f 2772/3225/2852 1988/3011/2691 1233/1851/1713
f 2772/3225/2852 1233/1851/1713 2767/7328/2749
f 1518/2301/2093 2274/3470/2649 520/772/715
f 2781/4294/3637 1979/2999/2682 1981/3001/2684
f 2723/4183/2646 2722/4182/3564 4402/3846/3315
f 2723/2955/2646 4402/7329/3315 1112/1653/1540
f 1480/4825/2044 2737/4215/3584 4403/7330/2045
f 4404/7331/2435 4578/5378/4269 1885/7191/2563
f 1545/1307/1221 4405/7332/4894 1056/1568/1460
f 2690/4133/3529 4733/5823/4473 2528/4134/3337
f 4015/6518/4723 2830/4366/3690 2820/4355/3681
f 325/481/436 4015/6518/4723 2820/4355/3681
f 3616/5743/4445 4406/7333/3592 4621/6238/4627
f 2644/4057/2493 2643/4056/3469 2169/3313/2927
f 1929/2920/2616 1652/2501/2263 1654/2504/2266
f 768/1141/1063 2184/6482/2945 769/1142/1064
f 2317/3533/3096 2897/4490/3766 2584/3975/3410
f 2309/5796/3089 2310/2732/2456 1803/2731/2455
f 2729/4193/3572 2866/4439/3735 196/283/244
f 643/953/885 4942/3299/2021 3221/5068/4106
f 4261/5032/4086 1266/1907/1762 1267/1909/1764
f 4152/3615/3148 3342/5349/4213 4353/7334/4806
f 258/5075/335 4407/7335/4693 4297/7119/1964
f 850/1253/1169 3756/2108/1933 851/1254/1170
f 4150/7336/4804 4507/7337/4895 4408/7338/4314
f 4325/7174/4577 3799/6100/4579 4409/7339/2572
f 1049/1556/1449 4313/1558/1451 4121/6749/4790
f 4410/7340/1027 1642/2484/1639 4281/7078/4856
f 582/6089/799 2239/3414/3005 583/7341/800
f 3451/7342/4315 1904/2885/2587 3814/6126/4590
f 4411/7343/3108 4096/6697/4769 4099/7344/4773
f 2860/4422/3723 814/1208/1127 815/1210/1129
f 4317/7165/4868 1983/3004/2686 2184/3335/2945
f 2704/4156/3548 566/839/779 3224/5074/4107
f 1392/2107/1619 4129/2106/1932 1851/2800/2518
f 4412/7345/67 44/60/54 35/50/44
f 3860/6199/4481 4577/2193/2000 2258/2192/1999
f 4413/7346/4896 660/977/908 4404/2701/2435
f 2379/3639/3167 3604/5723/3303 790/3640/1092
f 1145/1715/1594 372/548/499 4688/1716/1595
f 732/1087/1014 1051/1561/1453 4414/7347/4866
f 1009/1501/1396 3465/3594/3138 3301/5210/4180
f 4494/5757/4355 4390/7307/3382 1350/1266/1181
f 3741/5974/4537 3265/5150/4144 711/1052/979
f 2975/7348/3858 4423/542/493 4717/3309/765
f 2642/4054/3468 1693/2561/2317 1695/2563/2319
f 4350/974/905 928/1374/1280 2685/4127/3524
f 3234/5097/4116 3063/4786/3952 3712/5922/1844
f 2036/3082/2747 4054/6620/501 4415/7349/696
f 3572/7350/959 4416/7351/1486 2342/7352/3123
f 3656/5331/4242 1473/2241/2039 1472/2240/2038
f 743/7353/1028 745/1920/1030 1274/1919/1773
f 486/720/664 3317/5241/4195 4463/721/665
f 2732/5297/3578 4005/6496/4715 1845/2790/2509
f 3893/6247/3891 3661/7354/3166 2761/4258/3610
f 3598/2091/1918 86/115/99 82/111/95
f 1778/6766/2427 1592/7355/2182 2591/3982/3415
f 4417/7356/3212 883/7357/1210 882/7358/1209
f 867/1278/1193 1019/1516/1411 3473/6018/4160
f 4418/7359/790 1518/2301/2093 2504/3843/791
f 4419/7360/2864 1560/2352/2139 1559/2351/2138
f 2380/3641/3168 4187/6867/4818 1733/2621/2373
f 109/154/130 2484/3805/3287 110/155/131
f 1446/2206/2010 1127/1683/1568 279/413/368
f 2480/3797/3282 3036/4737/3922 2481/3798/3283
f 702/1038/965 4816/5311/4230 676/996/926
f 1303/1961/1808 1286/1938/1788 2610/1937/1787
f 1701/2572/2327 1501/2460/2072 1627/2462/2233
f 3076/7361/3969 3836/7362/1365 1773/2684/2422
f 2083/3157/2798 1721/2607/2359 3010/4697/3900
f 2983/4637/3863 2369/3622/3152 488/724/668
f 1998/1900/1755 4051/6613/4749 4387/7363/3965
f 4420/7364/4897 4915/2150/1966 3901/6286/4644
f 3434/5439/2304 1686/2870/2305 2104/3206/2836
f 4088/1126/1050 3663/7365/4474 3562/1420/1323
f 2108/3213/2843 913/6689/1256 2109/3214/2844
f 3590/5702/4423 3493/5547/4351 2887/4473/3754
f 2839/4381/3702 3808/6115/4585 4045/1313/1227
f 3978/6448/2738 4261/7039/4086 3084/4831/3977
f 187/265/226 1354/2041/1875 188/266/227
f 2957/4593/3839 3757/6348/2600 2956/4592/3838
f 3625/2880/2582 4322/1496/1391 1901/2881/2583
f 3288/5190/4170 4421/7366/4898 661/978/909
f 2975/7367/3858 4422/7368/494 4423/7369/493
f 4324/7173/2812 4424/7370/1560 4425/7371/3942
f 1219/7372/1694 3959/6401/2053 3960/6402/4689
f 1573/2371/2156 237/7373/305 4706/2372/2157
f 1164/7374/1615 3990/6471/4706 4426/7375/4228
f 251/367/327 1646/2492/2255 4427/7376/2721
f 1463/2227/2028 2857/4417/3720 4428/7377/2380
f 3204/6658/2351 946/1405/1308 948/1407/1310
f 2338/5684/3117 3995/6478/4711 1669/2525/2285
f 1841/2784/2505 1690/2558/2314 2576/3960/3400
f 432/644/588 4429/7378/4575 904/645/589
f 4430/7379/3996 1837/2777/2498 3033/4732/3918
f 3087/4834/3979 3667/5842/4482 923/1364/1270
f 1459/2223/2024 738/1095/1019 2145/3277/594
f 2978/225/195 165/227/197 1023/1524/1419
f 1841/2784/2505 2428/3723/3225 1690/2558/2314
f 1119/1665/1552 4820/7380/1675 3149/4951/4036
f 893/1312/1226 4598/3048/2720 4045/1313/1227
f 4431/7381/4837 2058/3117/2774 1345/3116/1863
f 2884/4470/3752 4660/3823/3300 2492/3822/3299
f 3047/4757/3936 3193/5021/4081 1585/2388/2172
f 2482/7382/3285 3258/5137/4134 3977/7383/4024
f 760/6120/1053 709/6393/975 704/7384/967
f 153/870/176 142/188/164 154/4741/178
f 986/1464/1362 985/1463/1361 4398/1672/1559
f 4463/7385/665 4689/2496/2258 4231/6968/4835
f 3079/4820/3973 2813/7386/3675 4432/7387/3654
f 2304/4874/3080 2052/3108/2768 4272/7052/4849
f 1300/1958/1805 2110/3215/1867 1349/5266/1869
f 4218/3838/3308 734/1090/1015 1493/2265/2060
f 1704/3691/2330 3000/4669/3884 4545/7388/4408
f 1639/2481/2249 507/755/698 740/1097/1021
f 3754/6009/4547 1663/2515/2277 1798/2517/2279
f 3306/5219/4187 323/477/432 4745/476/431
f 1621/2451/2225 2150/3282/2900 2777/4350/3631
f 3127/3304/2920 3207/5045/4094 4060/6629/4753
f 415/613/562 3031/4730/3916 2160/3300/2916
f 3519/2967/2658 2867/4440/3329 1847/2795/2514
f 3519/2967/2658 1847/2795/2514 1960/2968/2659
f 3012/4700/3902 4527/376/336 3929/6344/4669
f 4313/7154/1451 3489/5543/4348 1947/2945/2636
f 4433/7389/3881 2249/3428/3016 2999/5402/3882
f 3856/6775/4614 1146/354/314 4138/6776/4794
f 879/1292/1206 1461/2225/2026 2133/3260/2881
f 1136/3062/1584 875/1288/1202 877/1290/1204
f 1390/2103/1929 1075/1598/1489 195/279/240
f 3373/5336/4247 3032/4731/3917 414/612/561
f 3654/2640/2388 4434/7390/2962 4685/5000/4067
f 3284/5184/4165 1945/2942/2633 416/615/563
f 2025/3059/2729 4263/3061/2731 3293/5196/4173
f 886/1301/1215 3245/5115/4125 887/1302/1216
f 4165/7391/1457 3855/7392/4613 4734/7393/3828
f 3573/5018/3755 4061/6631/4755 4435/7394/4843
f 4436/7395/3351 3782/6058/1213 4437/7396/4766
f 4548/7397/4899 3449/6041/4313 3295/6043/2443
f 2178/3324/2937 2727/6467/3569 2179/3325/2938
f 4438/7398/2650 617/917/849 2113/3135/2783
f 3088/4836/3981 4224/6951/4830 774/1149/1071
f 3908/6296/4649 749/1112/1036 1651/2499/2261
f 2972/1156/1078 2772/4279/2852 1881/2848/2558
f 3954/6390/4685 4020/6530/1684 3307/5220/4188
f 1318/1984/1825 1317/1983/1824 457/5818/622
f 2940/7399/3815 3991/6473/4708 1296/3358/1543
f 3726/5953/4527 3233/5092/4115 2542/3900/3356
f 4579/7225/4882 2908/4505/3777 3048/4758/1400
f 4151/743/686 1100/6324/1523 214/310/271
f 4528/4565/3820 4187/6867/4818 3370/5332/4243
f 2715/4175/3558 3214/5055/3390 3182/5005/4070
f 1563/2358/2143 571/847/787 2433/7400/3234
f 3161/4973/127 3160/4972/4050 4716/4984/4056
f 312/459/414 4439/7401/3573 313/460/415
f 539/4482/745 3237/5103/4118 540/7402/746
f 3449/5461/4313 3029/4727/3915 4440/7403/4900
f 590/877/811 3861/7404/4616 4854/3188/2823
f 3616/5743/4445 2621/4027/3447 4406/7333/3592
f 2948/4572/3441 3647/3372/2972 1671/2527/2287
f 4441/655/599 4168/654/598 3346/5281/4216
f 2446/3755/576 2445/3754/3245 1057/6300/1462
f 3238/3083/2748 1243/1865/1727 4727/7405/4901
f 1408/2138/1956 4314/5231/3910 3727/6936/4528
f 15/21/17 14/20/16 4385/7296/4892
f 3764/6026/4551 2253/3432/1557 4398/7323/1559
f 3123/7406/4015 2314/3529/3092 2315/3530/3093
f 2246/3425/3013 1178/1763/1635 1180/1765/1637
f 4489/7407/3619 686/7408/940 3342/5349/4213
f 793/1176/1096 3133/4919/4022 1424/1177/1097
f 2128/3253/2876 3667/5842/4482 2502/3841/3311
f 2339/3565/3119 2128/3253/2876 2502/3841/3311
f 1194/1785/1656 2400/3674/1261 2971/4622/3855
f 2686/4128/3525 458/681/625 4517/6321/4659
f 4639/559/510 1882/2849/2559 379/560/511
f 713/1055/982 1453/2214/2017 976/1453/1354
f 760/6120/1053 537/802/743 709/6393/975
f 857/1264/1179 2431/3730/3230 2519/3863/3327
f 4441/7409/599 1645/2491/2254 2010/5960/2713
f 3814/6126/4590 3740/3566/1981 3739/7410/4535
f 3329/5257/4204 2752/5259/3601 3868/7098/4622
f 2293/3496/3065 1085/1609/1499 134/180/156
f 2894/4487/3763 3522/5601/4375 364/534/485
f 4309/2046/1879 2894/4487/3763 364/534/485
f 4528/5934/3820 855/3576/1175 4590/5935/4519
f 196/283/244 2866/4439/3735 3700/5898/4508
f 1811/6900/2465 326/6899/437 4105/3772/3261
f 2466/3781/3269 2465/3780/3268 3453/5467/4317
f 4353/7334/4806 3342/5349/4213 686/7408/940
f 3763/3113/2772 2669/4805/3500 2057/3114/1704
f 2415/7411/2800 243/355/315 1146/354/314
f 2623/4029/3449 2624/4030/3450 2961/4602/3847
f 1842/2785/1795 3832/2195/2002 1439/2194/2001
f 2466/3781/3269 3453/5467/4317 4655/5707/4427
f 3502/3727/3227 4853/7412/674 4885/3728/3228
f 4058/6627/4684 1177/1762/1634 3953/7413/3135
f 4442/7414/448 335/4864/447 3104/4866/3998
f 1424/7415/1097 3899/6284/3618 4629/6283/775
f 303/6546/398 463/687/631 304/7416/399
f 1128/1687/1571 1208/5303/1674 4134/1391/1296
f 524/5656/724 4443/7417/726 4079/6668/1911
f 3747/5989/4542 1766/2673/2412 3364/5319/4235
f 82/111/95 86/115/99 80/109/93
f 74/103/87 84/113/97 75/104/88
f 438/653/597 3730/3972/3408 2203/3363/2967
f 2810/4342/3672 3969/6424/4696 2613/6664/3440
f 3430/7418/4299 3877/1761/1633 1176/1760/1632
f 3314/4903/1921 3123/4902/4015 4444/7419/303
f 2109/3214/2844 913/6689/1256 4445/7420/3803
f 387/573/524 386/572/523 1576/2376/2161
f 2796/7421/3653 4377/5051/4098 2053/3109/2769
f 434/647/591 4446/7422/4902 4720/6417/3729
f 4300/7124/714 1927/2918/2614 4301/7125/4232
f 3997/7423/294 2233/3408/3001 4257/7033/4846
f 4277/7070/4853 2014/3045/2717 4572/6406/4692
f 4806/2624/2376 3641/5791/4463 1041/6923/1441
f 4786/7424/4037 4447/7425/4038 3459/5480/4322
f 4876/7426/4903 4658/2344/2131 289/425/380
f 642/951/883 3221/5068/4106 440/659/603
f 2446/3755/576 1057/6300/1462 4448/7427/574
f 887/1302/1216 2129/7428/1290 4397/1303/1217
f 2770/2924/2620 2030/3073/2739 1367/2061/1893
f 364/534/485 3522/5601/4375 1866/2826/2539
f 3485/4192/3571 3302/4438/3734 2729/4193/3572
f 310/457/412 861/1269/1184 1344/2022/1860
f 1369/2064/1895 2743/4227/3591 1370/2065/1116
f 288/7429/379 3852/7430/936 2699/7431/3536
f 1992/3017/2187 1744/2641/1567 1993/3018/2696
f 4175/6468/4705 2795/4318/3652 26/40/34
f 2916/4513/3784 4449/7432/4814 2578/7433/3403
f 1278/1924/1776 1277/1923/685 3906/6294/2512
f 3710/4442/3737 665/2796/913 1847/2795/2514
f 579/858/796 2920/6357/3788 580/859/797
f 4450/7434/2711 813/1207/1126 609/906/838
f 621/923/855 788/1170/1090 622/924/856
f 4451/7435/3386 2184/3335/2945 1985/3006/2688
f 2218/3388/2985 3595/2605/2357 1719/2604/2356
f 446/2433/609 3726/5953/4527 2542/3900/3356
f 4452/7436/2923 4024/6548/4730 2165/7437/2447
f 3577/2048/1881 4258/7438/4413 4259/3503/361
f 4453/7439/4688 2887/4473/3754 2886/4472/728
f 3738/5969/4534 1492/2264/2059 2407/3684/3200
f 3046/4756/3935 443/662/606 445/664/608
f 4197/6886/3843 1440/2199/2005 4454/7440/426
f 538/803/744 1528/4894/2103 1527/6466/2102
f 2950/4577/3829 3930/6350/4671 3128/4912/4019
f 3862/6201/4617 4351/7221/3642 2376/7441/3160
f 1404/2129/1948 4266/7045/1669 4268/7047/2998
f 314/461/416 3385/463/418 1967/2550/2306
f 2215/3384/2982 2918/4515/3786 1906/2887/2589
f 353/7442/471 4512/577/528 390/579/530
f 4455/7443/1394 4456/7444/1393 4055/6622/4633
f 754/1118/1042 2851/1120/1044 3129/7445/185
f 2737/4215/3584 1712/2589/2344 1490/2591/2056
f 1375/7446/1903 1188/1778/1650 1115/1659/1546
f 4338/7447/4875 1668/2524/2284 4532/7448/4904
f 1301/1959/1806 2186/3338/2947 3028/3337/2946
f 3439/3466/3042 1459/2223/2024 2145/3277/594
f 3447/5459/4311 3908/6296/4649 1621/2451/2225
f 4457/7449/4434 1809/2739/2463 324/480/435
f 2829/4365/3689 2830/4366/3690 3273/5165/4152
f 4458/7450/2974 3331/5260/4206 3332/5261/4207
f 831/1229/1146 4459/7451/3172 4460/7452/4676
f 137/183/159 132/178/154 139/185/161
f 2501/3840/3310 917/1354/1262 919/1356/1264
f 3259/5139/4136 1516/2298/2090 4461/7453/4092
f 4406/7333/3592 2621/4027/3447 4026/1774/1646
f 484/717/661 4462/7454/4905 3769/7285/4553
f 3010/4697/3900 3011/4699/3901 3789/3158/2799
f 4463/7455/665 4231/7456/4835 4158/7457/4810
f 2295/3500/3068 1320/1986/1827 3337/5268/4209
f 1843/2786/2506 1439/2194/2001 4832/498/453
f 1843/2786/2506 4832/498/453 3493/5547/4351
f 2695/4139/3532 2668/4384/3499 4125/2992/2676
f 1410/2142/1960 4464/7458/4906 2556/3923/3372
f 3054/3678/3195 443/662/606 2403/3679/3196
f 1037/1542/1436 2683/4122/3520 4465/7459/4864
f 2912/4509/3348 167/231/201 2499/3834/3306
f 1864/7460/2537 4524/4126/3523 2686/4128/3525
f 4951/3078/2744 2033/3077/2743 2884/5574/3752
f 1231/1848/1711 1230/1847/247 2457/3768/3257
f 640/949/881 345/506/461 4282/7079/4857
f 1593/2400/2184 2002/3027/2704 3448/7461/4312
f 3454/5468/4318 2000/5849/2702 3453/5467/4317
f 2292/3494/3064 2069/3137/2785 897/1318/1232
f 3004/4710/3894 3812/7462/4589 717/1061/988
f 3981/7463/1143 2855/4414/1035 4141/7464/3812
f 2801/4328/1979 1929/2920/2616 1928/2919/2615
f 1723/2609/2361 2904/4501/3773 4466/7465/4907
f 4293/7466/4860 3021/2947/2638 1948/2946/2637
f 3341/5273/4212 65/88/74 529/791/732
f 2237/3412/3003 3440/5450/3980 2238/3413/3004
f 2550/3913/1950 3795/7467/4166 3911/3914/3364
f 1772/2682/2420 2928/4536/3798 4467/7468/3059
f 1894/2872/2575 2482/3802/3285 3848/6181/3923
f 3464/5493/4329 3469/5502/4333 1432/2184/1991
f 711/1052/979 3265/5150/4144 712/1053/980
f 3294/5197/4174 530/792/733 66/89/75
f 3703/5902/4509 3041/4749/3929 1166/1744/1618
f 4468/7469/4065 4469/7470/3885 3901/6286/4644
f 3338/5269/4210 2286/3487/1469 3559/5659/3481
f 4337/4145/3538 1226/6320/1706 1880/7471/2557
f 1916/4089/1465 288/7429/379 4801/4090/3494
f 1079/1602/1493 1895/2873/2576 1557/2349/2136
f 4655/7472/4427 4470/7473/4608 4471/7474/4908
f 3783/6059/4567 4945/7475/2336 4472/7476/4824
f 4258/7034/4413 2526/3873/3334 272/4639/359
f 4473/7477/4746 4474/7478/4909 944/1402/1305
f 3309/5224/4189 1683/5223/2302 3006/4690/3897
f 844/1243/1159 4393/7311/3693 257/374/334
f 4383/2522/2282 2251/3430/3017 4475/7479/953
f 3764/6026/4551 4074/7480/4762 987/1465/1363
f 1720/2606/2358 4700/7481/1651 3575/5675/4411
f 3146/4944/4035 4211/6927/4368 3859/6198/2609
f 2181/1679/1565 4214/6932/2942 1126/1680/1312
f 2228/3400/2995 1013/1507/1402 1015/1509/1404
f 2803/4331/3663 4721/7482/4502 4550/4379/3700
f 2568/3946/3388 2569/3947/3389 4482/7483/4910
f 2499/3834/3306 170/234/204 1647/3835/2256
f 2666/4092/3496 2091/3184/2819 1743/2638/2387
f 1713/2592/2346 4038/6580/4737 2408/3685/3201
f 2536/3887/3346 2650/4064/3476 1764/2671/2410
f 3002/4683/3762 2339/3565/3119 2503/3842/3312
f 4147/6789/4801 579/858/796 4886/6998/4841
f 3302/5212/3734 4299/5214/4183 4476/7484/2035
f 813/1207/1126 812/1206/1125 610/907/839
f 813/1207/1126 610/907/839 609/906/838
f 3655/5814/4470 4361/7245/4885 1473/7485/2039
f 3275/5171/4157 3316/5238/4194 3276/5172/4158
f 2879/4463/3746 1466/2232/2032 189/268/229
f 4775/7486/4911 3629/3289/2907 2154/3288/2906
f 3682/5873/4495 3351/5287/4220 1855/2808/2525
f 3511/5581/4364 3512/5582/4365 1129/1689/1573
f 1984/3005/2687 4150/6794/4804 3219/5066/4105
f 3478/7182/4140 1006/1493/1388 3262/7487/1503
f 945/1403/1306 4474/7478/4909 3716/5927/4517
f 2811/4343/3673 2378/6224/3163 630/932/864
f 467/5884/637 2863/4428/3728 2181/3329/1565
f 4629/6283/775 4431/6979/4837 4241/6993/776
f 4477/7488/4598 3825/6147/2479 1564/2360/2145
f 4221/6947/4829 2634/3096/2759 2044/3095/2758
f 59/82/68 71/98/82 62/85/71
f 1717/2601/2353 3879/6774/4629 2733/5042/3580
f 3995/6478/4711 1936/5921/2624 3584/5693/4417
f 2636/4045/3461 2308/3703/3088 2419/3702/3211
f 1612/2435/2212 1614/2437/2214 952/1415/1318
f 3425/5422/4294 3424/5421/2389 203/291/252
f 3262/1613/1503 2066/1615/1505 4478/7489/4664
f 2346/3613/3127 4205/3612/3146 4479/7490/2983
f 2375/3628/3158 4922/3631/3161 4480/7491/4719
f 4134/1391/1296 194/4829/235 3082/4828/3975
f 278/412/367 4134/1391/1296 3082/4828/3975
f 2825/4360/3686 1978/2998/2681 823/1218/1137
f 3960/6402/4689 4808/1787/1657 1938/2933/2626
f 322/7492/430 578/4824/795 1920/2908/2606
f 1311/4540/1815 777/1152/1074 1962/2971/1816
f 2154/3288/2906 3944/7493/4680 4775/7486/4911
f 2774/4282/3628 3443/5453/3508 4163/4283/3509
f 204/292/253 886/1301/1215 205/293/254
f 2792/4314/3649 2794/4316/3650 2349/3583/3132
f 380/561/512 2792/4314/3649 2349/3583/3132
f 2608/6081/3436 2207/7494/2971 1202/7495/1665
f 3773/6040/4559 4481/7496/4912 3043/4751/3931
f 570/845/785 3058/844/784 873/1285/1199
f 2498/3833/3305 1622/2452/2226 3309/5224/4189
f 3858/4528/3359 3414/5407/4284 2923/4529/3793
f 4601/964/896 3857/6194/4615 652/965/897
f 2058/3117/2774 3966/4275/3624 2126/3250/2873
f 1254/1886/1743 3513/5583/4366 4128/6869/4792
f 1522/2306/2097 3883/2397/2181 1591/2396/2180
f 3308/5221/311 3306/5219/4187 2068/7497/2784
f 2848/5990/3713 3166/4982/4055 1159/1733/193
f 3269/5159/4148 4482/7498/4910 2393/3664/3183
f 4033/6570/4734 2733/4207/3580 3879/6241/4629
f 4483/7499/4913 660/977/908 4413/7346/4896
f 4346/7208/4880 586/868/804 4484/7500/4891
f 3171/4990/4061 2895/4488/3764 558/829/769
f 2112/3219/2848 4438/2959/2650 2113/3220/2783
f 2050/3103/2765 4485/7501/4914 3106/3101/2764
f 4338/7447/4875 3805/7502/3118 1668/2524/2284
f 1442/2201/2007 2506/3845/3314 1117/1663/1550
f 1525/2309/2100 4041/6588/4581 1526/2310/2101
f 1235/1855/1717 2980/1854/1716 2553/3920/3369
f 171/235/205 174/237/207 169/3121/203
f 2945/4567/3822 2218/3388/2985 3787/6072/4573
f 1484/2253/2049 2358/3604/3142 2188/3340/2949
f 4628/685/629 461/684/628 3498/7503/4356
f 2915/4512/3783 4449/7432/4814 2916/4513/3784
f 1885/2858/2563 3467/5500/4332 3464/5493/4329
f 1085/1609/1499 3291/5193/4172 2273/3468/3044
f 4074/6657/4762 946/1405/1308 3204/6658/2351
f 4485/7501/4914 2050/3103/2765 3776/6051/4562
f 4486/7504/569 3331/5260/4206 4487/7505/567
f 804/1193/1113 803/1192/1112 1312/1976/1817
f 983/1063/990 1428/2180/1987 4242/6996/4840
f 2239/3414/3005 2241/3416/3007 583/7341/800
f 3032/4731/3917 4828/4909/4018 2869/4443/3738
f 640/949/881 292/428/383 641/950/882
f 2535/3886/3345 4000/6490/4713 2751/4241/3600
f 4376/7276/4888 1402/1034/961 4488/7506/1947
f 2495/6542/848 3680/5866/4491 151/6543/174
f 4861/6280/4643 3897/6279/2292 1953/7507/2644
f 3591/5703/4424 1743/2638/2387 3654/2640/2388
f 2887/4473/3754 3591/5703/4424 3590/5702/4423
f 3849/6182/4607 4489/7508/3619 3342/5274/4213
f 2336/6535/3115 4733/5823/4473 2690/4133/3529
f 2086/3174/2810 4343/7509/4878 674/994/924
f 4024/7510/4730 3200/5034/4088 2165/7511/2447
f 3117/4893/4012 4251/4892/4011 2606/4007/3434
f 4461/5039/4092 4123/7512/4791 4490/7513/2866
f 2434/3739/3235 978/1455/1356 3026/4722/3914
f 492/728/672 1540/2326/2117 490/726/670
f 178/782/213 4766/3139/2786 4162/7514/2839
f 1424/1177/1097 3133/4919/4022 3899/4267/3618
f 961/7515/1334 1743/2638/2387 2091/3184/2819
f 4491/7516/4915 4492/7517/4733 4483/7518/4913
f 4194/6878/4822 4493/7519/4916 3051/4763/3939
f 581/860/798 3961/4222/3588 3841/6169/4603
f 499/741/684 498/740/683 936/1386/1291
f 2983/4637/3863 4304/7131/4863 1858/2813/2528
f 4699/7305/1870 1153/1724/1601 1155/1726/1603
f 3539/5634/4388 598/5980/824 3540/5635/826
f 3750/5026/4083 255/372/332 257/374/334
f 3790/6075/1965 4898/7520/4384 4429/6076/4575
f 4054/6620/501 4691/7521/4917 4415/7349/696
f 1811/2741/2465 4495/6720/4739 830/1228/1145
f 4495/6591/4739 2460/3774/3263 4494/7522/4355
f 4495/7523/4739 4494/5757/4355 858/1265/1180
f 988/1469/1367 4695/970/902 1436/7054/1995
f 2304/4874/3080 3070/4798/3962 3998/6488/3081
f 4209/4150/3542 4153/6802/4785 2425/3716/3220
f 671/990/920 4302/7005/1060 4787/7524/3556
f 4378/7281/4889 2649/7525/3474 4496/7526/377
f 3449/5461/4313 4440/7403/4900 3774/7527/1859
f 3460/5482/4323 3264/5149/4143 178/250/213
f 3460/5482/4323 178/250/213 4162/6818/2839
f 3684/5875/4496 1474/2242/503 2966/4609/3850
f 670/988/918 669/987/917 4197/6886/3843
f 4497/7528/4918 4205/3612/3146 4729/7529/125
f 594/6446/818 4166/6823/820 648/958/890
f 2952/2357/2142 1563/2358/2143 3646/7530/473
f 355/521/472 2952/4581/2142 3646/522/473
f 149/196/172 4498/7531/497 4039/6584/3304
f 149/196/172 4039/6584/3304 4023/194/170
f 3633/5779/4253 714/1056/983 3409/5396/2922
f 448/667/611 3052/4764/3940 4499/7532/1888
f 3348/5283/4218 4674/5592/4370 1646/7533/2255
f 4391/7309/4631 4497/7534/4918 901/1322/1236
f 4179/7535/4816 4587/5570/4360 647/957/889
f 3387/5362/4261 3386/5361/4260 331/488/443
f 483/7177/660 3843/6172/2776 2028/3067/2733
f 919/1356/1264 3662/5827/3598 4001/5822/4472
f 2993/4655/1922 3176/4998/4066 4285/7087/1321
f 1748/2648/2393 3304/5215/4184 3305/5217/4186
f 4213/6929/428 322/6513/430 2018/2836/2547
f 1664/1675/299 1125/1677/1563 4500/7536/1683
f 4650/347/307 1013/1507/1402 2228/3400/2995
f 4895/6019/2311 3578/2695/2432 859/1267/1182
f 3049/4761/3938 1693/2561/2317 1898/2877/2579
f 2484/3805/3287 109/154/130 521/773/716
f 4501/7537/4466 4412/81/67 49/64/58
f 4407/6609/4693 1411/2148/851 4297/2147/1964
f 4730/7128/1529 63/86/72 65/88/74
f 4040/7538/4738 1849/2798/2516 2806/4336/3668
f 4439/7539/3573 2172/3317/2931 3175/2338/2125
f 313/460/415 4439/7401/3573 3175/4995/2125
f 2576/4671/3400 4468/4997/4065 2720/7540/3562
f 1715/7541/2349 136/182/158 4626/3071/2737
f 4452/5296/2923 3678/5271/495 2593/3987/3419
f 891/1309/1223 4502/7542/3944 892/1310/1224
f 2809/5170/3671 1360/2052/1885 3676/6966/634
f 1204/1802/1670 2550/3913/1950 927/1371/1277
f 3544/5641/4389 4197/4598/3843 320/470/425
f 3890/6267/4254 3378/4777/3948 3056/4776/3947
f 1651/2499/2261 4652/3170/2807 2150/3282/2900
f 3145/7543/4034 3754/6009/4547 4868/3290/2908
f 738/1095/1019 1460/2224/2025 739/1096/1020
f 525/4202/725 4503/7544/4803 2732/4203/3578
f 4040/7538/4738 2806/4336/3668 4042/6589/3222
f 4348/5419/4293 3423/5418/2832 2102/4302/2833
f 3776/6051/4562 325/481/436 324/480/435
f 4504/7545/866 1685/2547/2303 4357/7241/4570
f 1926/7546/2613 4913/1581/1472 1063/1580/1471
f 3141/7547/4031 3180/3237/2863 4247/3236/2862
f 4505/7548/4809 15/21/17 4484/7295/4891
f 4477/6142/4598 3822/6141/4597 3825/7549/2479
f 467/5884/637 1268/1911/1766 2863/4428/3728
f 3635/5784/4459 4740/2774/2495 1547/7550/2123
f 4506/7551/4919 2900/4497/3769 976/1453/1354
f 1534/2318/2109 2266/3451/3032 1535/2319/2110
f 3382/961/893 3691/1144/1066 650/962/894
f 1857/2812/1606 3215/7552/1608 1858/2813/2528
f 1175/1759/1631 3539/5634/4388 441/7553/604
f 4041/7554/4581 4635/7555/4920 1526/6506/2101
f 2460/3774/3263 2477/3793/3280 4494/7522/4355
f 3209/5047/4096 1433/2185/1992 1435/2187/1994
f 3151/6934/4039 1919/7556/2604 2828/4364/3688
f 500/744/687 4344/7206/4879 252/369/329
f 283/5329/373 2841/4386/3703 2652/4066/3478
f 4507/7557/4895 4617/765/708 1904/2885/2587
f 4508/7558/4469 690/1015/944 4227/6957/4831
f 97/133/111 98/135/112 232/332/292
f 3900/6285/3868 4201/6902/3617 4509/7559/3869
f 4723/2489/2253 266/395/350 993/1475/1373
f 1662/2514/2276 4362/1876/1734 4085/7560/4765
f 2625/5518/3451 3508/5575/4361 4762/5200/4175
f 2046/3098/2761 2048/3100/2763 2959/4596/3841
f 1146/1717/314 4688/1716/1595 4687/3695/3207
f 2142/3271/2891 1735/5614/2378 4323/7171/3124
f 315/462/417 3815/5973/4536 3198/5029/456
f 4400/5008/4071 1610/3743/1279 1611/7561/2210
f 2200/3359/2964 3234/5097/4116 1114/3357/1544
f 845/1244/1160 3235/1246/1162 3702/5853/4010
f 4510/7562/4732 765/3132/1058 2067/3134/1161
f 1323/1991/1832 4511/7563/2554 420/1992/571
f 3256/5134/1963 2401/3675/3192 837/1235/1152
f 1003/1486/1383 608/3360/837 4911/1487/1384
f 3991/6473/4708 2200/3359/2964 1296/3358/1543
f 915/1350/1259 1168/1747/1621 2987/4642/3867
f 881/1294/1208 4257/7033/4846 2233/3408/3001
f 4742/6554/3498 888/7564/1218 2985/4640/3865
f 565/838/778 1341/2018/1856 566/839/779
f 4528/4565/3820 3370/5332/4243 2943/4564/3819
f 2097/3193/2827 4501/5808/4466 828/1224/1142
f 3336/5267/3870 2836/4376/3697 4012/4375/3696
f 4293/7106/4860 2543/3901/3357 3021/4713/2638
f 4433/5462/3881 3957/6395/4687 1821/7565/2476
f 352/517/470 4512/7566/528 353/518/471
f 818/1213/1132 817/1212/1131 1168/1747/1621
f 4729/7567/125 1804/2733/2457 3232/5089/3667
f 4235/5943/4523 3950/6385/532 3203/5038/4091
f 3813/3181/2816 2089/3180/2815 4513/7568/4872
f 3239/5105/2808 2036/3082/2747 4415/7349/696
f 23/36/30 24/38/32 347/509/464
f 1710/2586/2341 1110/1651/1538 3328/5255/4203
f 3499/5556/3198 1647/2493/2256 1963/2972/2661
f 1249/1880/1737 992/1474/1372 3918/1473/1371
f 2762/4263/3614 3249/5121/4129 1391/2104/1930
f 500/744/687 4343/7205/4878 4344/7206/4879
f 2850/7569/3715 4514/7570/3714 2413/7057/3205
f 1455/7571/2019 4515/7572/2802 4516/7573/2805
f 2226/3396/2992 1121/1667/1554 1806/5353/2459
f 2647/4060/3472 2646/4059/3471 4103/6716/4776
f 2673/4100/3503 1361/2053/1886 1360/2052/1885
f 3612/5736/4442 244/356/316 3752/6007/4545
f 3556/5655/4399 3612/5736/4442 3752/6007/4545
f 510/758/701 1568/2364/2149 1567/2363/2148
f 2648/4061/3473 1903/2883/2585 3461/5483/4324
f 2960/4600/3845 710/1051/978 3014/4703/3905
f 2134/3262/1954 1407/7574/1953 1329/2001/1840
f 2624/4030/3450 2980/1854/1716 1454/2215/2018
f 365/535/486 208/301/262 924/1365/1271
f 2892/4809/3760 3075/4811/3968 3966/6419/3624
f 2662/7006/3489 1035/1539/1433 1899/2878/2580
f 1624/2457/1883 4083/6532/4727 1359/7575/1884
f 4758/5494/4330 3121/4899/1103 2056/3112/2771
f 884/7064/1212 1991/3016/2695 4945/2581/2336
f 4517/7576/4659 3921/6223/4624 3824/6146/4599
f 1324/1993/1833 420/1992/571 4518/7577/4325
f 4016/6520/28 3550/5648/4393 3144/4941/4033
f 4642/5511/4337 1937/2930/2625 2939/7578/3811
f 977/1454/1355 1382/2092/1919 689/1014/943
f 2658/3603/3141 3532/5621/4385 492/7579/672
f 1107/1647/1534 470/696/640 1108/1648/1535
f 909/1338/1249 455/676/620 3617/1658/1545
f 1891/2867/2571 1892/2869/2573 3392/5370/4266
f 1891/2867/2571 3392/5370/4266 3882/6245/4630
f 2997/4663/3878 4519/7580/4921 4385/7296/4892
f 2124/3248/2871 1589/3247/2178 4228/6960/2177
f 3760/605/554 409/607/556 2676/7581/3510
f 3924/6329/4480 1392/2107/1619 1851/2800/2518
f 4670/7582/4922 4520/7583/4817 3298/5203/4176
f 321/4002/427 2604/4004/3432 3375/5340/4250
f 4301/5313/4232 3497/5312/4231 767/1139/1061
f 1881/2848/2558 2772/4279/2852 2767/3084/2749
f 3114/4885/4006 4861/6280/4643 4018/7584/4724
f 123/169/145 4243/7585/4842 2468/3783/3271
f 123/169/145 2468/3783/3271 122/168/144
f 629/931/863 1958/2963/2654 1959/2965/2656
f 309/454/409 4891/453/408 4475/1026/953
f 3040/2921/2617 1375/7446/1903 1115/1659/1546
f 4618/6428/957 2538/3892/3350 1291/1947/1797
f 3546/7586/4391 4521/7587/4779 1698/2569/2324
f 4772/6404/4690 1161/1735/1610 3962/6405/4691
f 3571/5674/4410 3787/6072/4573 1720/2606/2358
f 28/42/36 30/44/38 4522/7588/3670
f 3815/5973/4536 2270/3346/2955 2194/3347/2956
f 583/7341/800 2241/3416/3007 4741/5157/545
f 1408/2138/1956 4215/6935/4530 1409/2139/1957
f 3459/5480/4322 4447/7425/4038 3918/6315/1371
f 4000/6490/4713 2535/3886/3345 3747/5989/4542
f 770/1143/1065 4523/7589/4923 2246/3425/3013
f 4822/7590/1741 4303/7129/4862 4392/7591/868
f 1713/2592/2346 732/1089/1014 144/190/166
f 3489/5543/4348 1358/2049/1882 3335/5265/4208
f 3080/4426/3726 4524/7592/3523 4048/6605/4745
f 3596/1083/1010 1540/2326/2117 1541/2328/1176
f 2440/3749/3241 3807/6114/803 585/3742/802
f 3735/5965/4533 28/42/36 3676/690/634
f 3086/4833/3832 3085/4832/3978 2952/2357/2142
f 2919/4517/3787 1702/2573/2328 1703/2574/2329
f 2038/6562/260 3400/5382/2751 1887/2860/2565
f 2402/3677/3194 2403/3679/3196 3045/4755/3934
f 1950/2950/2641 2329/3550/3107 1951/2951/2642
f 841/4698/1156 3010/4697/3900 2580/3970/3406
f 503/748/691 393/585/536 2589/3980/3413
f 2827/4362/3687 3702/5853/4010 2039/3088/2752
f 1251/1882/1739 3928/6340/4666 3557/5657/4400
f 4336/7593/4874 841/4698/1156 2580/3970/3406
f 4876/7426/4903 289/425/380 288/424/379
f 4168/654/598 3347/5282/4217 3346/5281/4216
f 1772/2682/2420 3835/4537/3799 2928/4536/3798
f 3854/6190/4612 801/1190/1110 1854/7594/2524
f 3397/5379/4270 3854/6190/4612 1854/7594/2524
f 3914/6307/4652 3088/4836/3981 1021/1521/1416
f 2243/3420/3010 595/7595/821 3093/7596/3988
f 2746/7597/2735 1805/2734/2458 4563/6308/4653
f 3778/6054/4563 691/1016/387 4177/6852/386
f 4647/6037/4556 4525/7598/4924 1604/3002/2201
f 758/1124/1048 3650/5807/4465 2167/3311/2925
f 1286/1938/1788 1303/1961/1808 4232/6969/4836
f 3490/7599/2415 3523/5603/4132 975/1452/1353
f 3193/5126/4081 4585/5125/4130 4526/7600/4471
f 4527/7601/336 258/5075/335 2981/4635/1718
f 2667/4093/3497 1743/2638/2387 3591/5703/4424
f 1020/1518/1413 2978/4630/195 1796/1519/1414
f 3567/5668/4407 1862/2822/2535 2373/3626/3156
f 2119/3230/2856 2463/6109/3266 4146/7155/4800
f 1705/7015/2331 1794/7149/2444 2325/3545/3103
f 4700/7481/1651 1720/2606/2358 3595/2605/2357
f 3086/4580/3832 355/521/472 236/344/304
f 2868/7602/3736 2867/3867/3329 4347/7210/4881
f 2307/3519/3085 327/484/439 2475/3791/3278
f 4645/903/835 4087/7603/4543 868/3597/1194
f 4844/1619/1509 4528/7604/3820 1091/1620/1510
f 4115/7222/4786 4529/7605/228 431/643/587
f 323/477/432 4923/6531/4634 4795/7606/4227
f 3559/4074/3481 1061/1577/1468 3153/4957/4041
f 2831/7607/2216 4324/7173/2812 3419/6678/4288
f 3898/3469/3045 3732/5962/4531 778/1153/1075
f 4530/7608/4702 3985/2024/1862 2906/4503/3775
f 1178/1763/1635 4523/7589/4923 1179/1764/1636
f 587/871/806 2228/3400/2995 1015/1509/1404
f 1081/1605/1495 781/1160/1081 1082/1606/1496
f 4710/6517/4722 2236/7609/1298 4531/7610/972
f 557/828/768 4532/7611/4904 4533/7612/3583
f 711/1052/979 1901/2881/2583 3741/5974/4537
f 2881/1444/1346 4419/7360/2864 970/1445/1347
f 1329/2001/1840 1330/2003/1842 1712/2589/2344
f 4953/4259/3611 4534/7613/4698 3588/5700/1959
f 1352/2038/1873 1351/2037/1872 1140/7614/1587
f 4535/7615/4925 1103/1639/1527 2524/3871/3332
f 3718/7616/4520 4536/7617/2663 4537/7618/4926
f 1568/2364/2149 510/758/701 2558/3925/3374
f 2299/3507/3073 2436/3744/3238 2572/3951/3392
f 1764/2671/2410 1766/2673/2412 3747/5989/4542
f 2456/3767/3256 4403/2249/2045 4538/7619/2666
f 3805/6112/3118 4338/7199/4875 1524/2308/2099
f 3798/6098/3051 4283/7083/318 559/830/770
f 1819/2749/2473 1696/2564/2320 1859/2814/2529
f 1193/1784/1655 3715/4330/3122 2341/7620/3121
f 1260/6672/1752 2970/4617/3853 4539/7621/1753
f 134/180/156 778/1153/1075 138/184/160
f 1456/704/648 476/706/650 1575/7622/2159
f 4386/7623/4893 2320/3538/3100 4897/3537/3099
f 1109/1649/1536 4540/7624/1575 1131/1650/1537
f 375/554/505 2328/3549/3106 3034/3548/3105
f 1816/6633/2470 2413/7057/3205 4514/7570/3714
f 4317/7165/4868 3503/5564/2930 1983/3004/2686
f 3879/6241/4629 2988/4651/3871 4630/6242/1663
f 3514/5584/4367 3001/4673/3887 4554/5718/4432
f 2023/3057/2728 344/505/460 4073/6656/948
f 4492/7517/4733 4491/7516/4915 4116/6741/4787
f 2867/4440/3329 3710/4442/3737 1847/2795/2514
f 1371/7625/1896 1562/2355/2141 3310/5227/4190
f 3387/6418/4261 3198/5029/456 2194/3347/2956
f 3233/5092/4115 2543/3901/3357 2542/3900/3356
f 2085/3172/2809 1707/2582/2337 2034/3173/2745
f 399/593/544 583/862/800 4741/594/545
f 1590/2395/2179 3659/5821/2120 4228/2393/2177
f 4541/7626/3639 4542/7627/4927 2785/6888/3640
f 1486/3653/2051 1488/7628/407 4859/6077/2500
f 3421/5415/4290 591/878/812 3514/5584/4367
f 972/1448/1349 2690/4133/3529 1465/1449/1350
f 2640/4051/3466 3173/4993/4064 2303/3513/3079
f 4465/7459/4864 3002/7629/3762 2893/7630/3761
f 3828/6150/1427 4543/7631/3053 3245/5115/4125
f 4571/2321/2112 2632/7632/3457 1831/7633/2490
f 970/1445/1347 4419/7360/2864 1559/2351/2138
f 566/839/779 1341/2018/1856 3838/2453/2227
f 2539/1395/1299 4544/7634/4928 940/1396/1300
f 1132/1694/1577 57/78/66 1554/2346/2133
f 3545/7635/4390 4521/7587/4779 3546/7586/4391
f 2456/3767/3256 1479/2247/2043 4403/2249/2045
f 401/7636/548 2512/3854/3322 4887/4599/3844
f 3200/5034/4088 4024/7510/4730 4025/5035/4089
f 3411/5401/4282 3949/6384/4683 4949/6735/4784
f 3722/1629/1519 1097/1628/1518 3931/6354/4672
f 1275/1921/1774 1456/2217/648 1274/1919/1773
f 1205/1803/1671 4846/5632/3824 1206/1804/1672
f 3377/5343/4252 4287/7091/3888 4037/3561/3116
f 4542/7627/4927 3520/5598/4372 2785/6888/3640
f 3160/4972/4050 4138/6776/4794 3612/5736/4442
f 3160/4972/4050 3612/5736/4442 3167/4985/4057
f 2977/6255/3860 1265/1906/1761 3649/1905/1760
f 1535/2319/2110 2266/3451/3032 2417/3699/3209
f 214/310/271 1100/6324/1523 59/82/68
f 2135/3264/2884 2137/3266/2886 2448/3757/3247
f 2841/4386/3703 283/5329/373 2840/4385/372
f 1692/2560/2316 4468/7236/4065 4545/7637/4408
f 3860/6199/4481 4546/7638/355 2361/3608/2015
f 2839/7639/3702 4909/7640/4338 4547/7641/1231
f 3767/4221/3587 3926/6338/4665 533/796/737
f 2533/3884/3343 1995/3020/2698 3089/4838/3982
f 1911/2893/2595 1532/2316/2107 2769/4607/3625
f 2892/4484/3760 4201/7642/3617 966/1438/1340
f 147/7643/169 1052/1562/1454 4096/6697/4769
f 1874/2837/2548 4117/2839/2550 3361/5305/1328
f 2045/3097/2760 2198/3354/2961 1580/2381/2165
f 4548/7644/4899 3295/7645/2443 3296/7646/3458
f 4549/7647/4929 2398/6335/3190 1399/1684/1569
f 1125/2850/1563 1124/7648/1562 2688/6225/3527
f 3025/4721/2940 3024/4720/3913 1008/1500/1395
f 3025/4721/2940 1008/1500/1395 1246/1871/1730
f 200/288/249 2861/4425/3725 1944/2941/401
f 3766/6030/4552 3576/5681/3842 3577/5683/1881
f 981/1459/1359 504/751/694 4790/750/693
f 641/950/882 292/428/383 4510/6565/4732
f 2165/7511/2447 3200/5034/4088 3201/5036/766
f 2199/3356/2963 3653/5811/4468 2743/4227/3591
f 3830/6153/3701 4550/7649/3700 1169/1750/1623
f 3001/4673/3887 593/880/814 4287/4674/3888
f 1969/2983/2669 1968/2982/2668 2945/4567/3822
f 479/710/654 183/259/220 480/711/655
f 370/7650/496 4551/7651/4593 3310/5227/4190
f 1200/1795/581 1718/5324/2355 1201/1796/1664
f 3234/5097/4116 921/5096/1266 3643/4787/3953
f 3193/5126/4081 2209/3376/2976 1584/2387/2171
f 4703/6608/4605 277/1130/366 762/1132/1055
f 2077/3149/2794 4946/1798/1666 2832/4369/3691
f 4311/7652/4420 1500/2278/2071 4202/2513/2275
f 3246/5116/4126 4552/7653/1733 4553/7654/3054
f 3214/3949/3390 2572/3951/3392 3022/4714/3909
f 1862/7101/2535 1172/1753/1626 1288/1940/1790
f 3382/5352/893 825/1220/1139 3691/5887/1066
f 1956/2961/2652 4319/2827/2540 1957/2962/2653
f 3208/5046/4095 2716/4176/3559 2013/3044/2716
f 1330/2003/1842 4315/7655/4568 4388/2590/2345
f 4096/6697/4769 1052/1562/1454 398/592/543
f 2256/3437/3022 1483/5240/2048 2285/3485/3058
f 1780/2691/2429 434/647/591 1298/1955/1802
f 3240/5106/1387 4726/5108/3834 3262/7656/1503
f 3398/5381/4271 3211/7657/4099 3397/5379/4270
f 329/486/441 4554/7658/4432 3634/5783/3886
f 1546/2335/2122 2049/2334/2121 3107/4869/4000
f 4165/6192/1457 4240/6992/1456 1294/1950/1799
f 3187/5013/3339 1606/2423/2203 3188/5014/4075
f 3000/7659/3884 1692/2560/2316 4545/7637/4408
f 4555/7660/4259 4933/7661/4726 2959/7662/3841
f 3896/6277/4642 4795/5307/4227 4923/6256/4634
f 519/770/713 663/980/911 3709/5914/4513
f 2638/4049/3464 889/1305/1219 2479/3795/3281
f 483/716/660 4556/7663/4768 4462/7454/4905
f 2071/3142/2788 3897/3141/2292 4632/1297/1211
f 3993/6476/4710 2677/1810/1678 3964/1809/1677
f 2674/4103/3506 588/873/807 2437/3745/1570
f 931/1379/1285 4130/3501/3069 1619/2447/2221
f 4884/6035/3626 3800/5335/4246 3771/6036/4555
f 2993/2096/1922 4285/1418/1321 954/1417/1320
f 2594/3988/3420 1577/4924/2162 4110/6729/4781
f 1006/1493/1388 3240/1492/1387 3262/7487/1503
f 3521/5599/4373 2300/3509/3075 3488/5541/4347
f 2918/4515/3786 4204/7664/481 1906/2887/2589
f 413/611/560 3372/5334/4245 414/612/561
f 580/859/797 3162/4974/3990 581/860/798
f 1484/2253/2049 3113/4884/4005 2358/3604/3142
f 1703/2574/2329 996/1478/1376 3005/4689/3896
f 1134/1698/1581 148/7665/171 1135/1699/1582
f 2116/410/365 278/412/367 3082/4828/3975
f 3536/5626/121 2375/3628/3158 4480/7491/4719
f 2554/3921/3370 2155/3291/2909 2555/3922/3371
f 1455/7571/2019 4516/7573/2805 2422/3709/2183
f 4038/6580/4737 2911/4508/3780 397/591/542
f 1036/1541/1435 2684/4123/3521 1037/1542/1436
f 2586/3164/2803 286/1706/376 2043/3094/2757
f 1865/6145/2538 2459/3773/3262 326/6899/437
f 1041/6923/1441 1734/2622/2374 4806/2624/2376
f 3246/5116/4126 4553/7654/3054 1030/5117/1429
f 2037/7000/2750 4243/6999/4842 123/7666/145
f 3481/5531/4297 3548/5646/2086 3482/5532/4342
f 144/190/166 732/1089/1014 4414/7159/4866
f 2735/7667/3582 2734/5195/3292 2283/3483/3056
f 2323/3543/3102 3324/5250/4200 2914/4511/3782
f 4557/7668/602 4558/7669/3993 4559/7670/1255
f 1188/6455/1650 3952/1811/1679 1210/1813/1681
f 4560/7671/741 1789/2707/1916 536/4779/742
f 4662/4337/2335 2724/4185/3566 4143/7672/4797
f 3260/5141/4138 1273/1918/1772 862/1270/1185
f 1371/7673/1896 1372/2354/1898 149/2356/172
f 4682/7674/1483 1371/7625/1896 149/7675/172
f 1729/2615/2367 4349/7215/4292 1403/2127/1946
f 1395/2111/1936 1295/1952/1801 876/3541/1203
f 170/2494/204 722/1073/1000 1648/2495/2257
f 2540/2487/2252 3109/4873/80 1099/1634/1522
f 4100/7676/4774 1933/2926/1389 1932/2925/2621
f 3886/6259/4635 3326/6258/4202 4240/1564/1456
f 2958/4594/3840 3896/6277/4642 521/773/716
f 483/716/660 4462/7454/4905 484/717/661
f 2842/4388/3705 1326/1996/1836 427/635/580
f 2464/3779/3267 541/806/747 1256/1891/1748
f 3889/6264/438 1811/2741/2465 1810/2740/2464
f 863/1272/1187 1383/342/302 3260/5141/4138
f 3614/5741/4443 1677/6227/2294 1679/6745/2296
f 2934/4550/3806 2936/4552/3808 4181/6858/4030
f 2597/6251/3424 1113/1654/1541 1084/6252/1498
f 1952/2952/2643 4063/6635/4757 4561/7677/3889
f 947/3601/1309 985/1463/1361 987/1465/1363
f 3117/4893/4012 2606/4007/3434 2039/5279/2752
f 2808/4340/3504 4046/6602/4742 2672/2085/1914
f 672/991/921 4562/7678/3576 3194/992/922
f 3252/5128/2522 1891/2867/2571 3882/6245/4630
f 1191/1782/1653 1193/1784/1655 2822/6325/3683
f 3658/5820/3516 991/1472/1370 992/1474/1372
f 2402/3677/3194 3050/4762/3656 4684/7679/3955
f 2746/3069/2735 4563/7680/4653 2029/3070/2736
f 2501/3840/3310 919/1356/1264 3233/5092/4115
f 411/609/558 1899/2878/2580 1693/2561/2317
f 2239/3414/3005 740/1097/1021 2240/3415/3006
f 3471/5509/3189 2765/4269/3620 4095/6696/2603
f 4003/6493/4714 2475/3791/3278 3433/5436/4302
f 4365/7258/4886 4367/7260/619 1567/2363/2148
f 1473/2241/2039 2873/4451/3741 2965/4608/3849
f 2107/3212/2842 2110/3215/1867 1300/1958/1805
f 1872/2834/2545 1304/1964/1811 2711/1963/1810
f 613/5557/842 3227/2792/2511 3940/6371/2408
f 2537/3889/3347 3350/5285/1904 3349/5284/4219
f 3203/5038/4091 2616/5040/3444 4631/5756/4452
f 2420/3706/3214 2742/6497/3590 4564/7681/1282
f 4927/2907/2605 1274/5515/1773 846/1248/1164
f 3310/7682/4190 4565/7683/3791 4498/7531/497
f 2336/3560/3115 592/3559/813 4733/7684/4473
f 4512/577/528 352/7685/470 3863/6202/4618
f 4512/577/528 3863/6202/4618 4566/7686/3159
f 3405/5390/2915 3943/6374/884 2776/4285/3630
f 4130/3501/3069 3369/7687/996 1617/2445/2219
f 3483/5533/4343 831/1229/1146 4460/7452/4676
f 2478/596/547 402/598/301 4221/7688/4829
f 1161/1735/1610 4567/7689/4930 3962/6405/4691
f 1516/2298/2090 1821/2752/2476 4123/7690/4791
f 4641/7691/3231 2359/3605/3143 487/723/667
f 4641/7691/3231 487/723/667 489/725/669
f 1012/2660/1399 1757/2659/2401 2045/3097/2760
f 2735/4210/3582 1483/2252/2048 1482/2251/2047
f 1912/2894/2596 1933/4606/1389 4322/7170/1391
f 3990/6471/4706 3878/6239/4628 4426/7375/4228
f 4894/7692/3514 4568/7693/4861 3883/7694/2181
f 971/1446/1043 970/1445/1347 2511/3852/3320
f 1461/2225/2026 3638/5787/4461 3637/5786/1041
f 4340/570/521 4341/7272/4876 669/987/917
f 668/986/916 4340/570/521 669/987/917
f 1011/1503/1398 505/752/695 504/751/694
f 27/41/35 26/40/34 804/2530/1113
f 3818/6132/4592 1574/2373/2158 3533/5622/4386
f 4171/6833/1500 444/663/607 2797/4321/3655
f 837/1235/1152 4293/7106/4860 461/684/628
f 3083/4830/3976 3084/4831/3977 2564/3940/3384
f 403/600/550 3666/5841/4241 1837/2777/2498
f 4395/7318/128 1790/2708/2439 1418/2162/1976
f 1436/2188/1995 3629/5765/2907 989/7695/1368
f 2412/3692/3204 2954/4587/3835 4569/7696/3467
f 2509/3850/3318 2508/3849/1415 3762/7697/1417
f 3704/5905/4510 4570/7698/4931 4571/7699/2112
f 750/1113/1037 2730/7700/3575 672/991/921
f 750/1113/1037 672/991/921 751/1114/1038
f 4572/7701/4692 3866/6208/4620 3594/5709/4428
f 4066/2801/2519 1853/2803/2521 2388/3656/3176
f 4573/7702/2061 4455/1499/1394 2395/4693/3186
f 2377/3633/3162 3603/5721/434 4238/437/392
f 4371/7265/4887 3495/5549/4353 4917/7266/3837
f 994/1476/1374 797/1181/1101 993/1475/1373
f 4371/7265/4887 3199/5033/4087 3265/5150/4144
f 3479/5529/4341 3478/5528/4140 4574/7703/4147
f 328/485/440 1061/1577/1468 2333/3556/3112
f 328/485/440 2333/3556/3112 329/486/441
f 2793/4315/2454 3357/7704/4223 2794/4316/3650
f 3034/3548/3105 4575/7705/3098 375/554/505
f 889/1305/1219 2638/4049/3464 1484/2253/2049
f 3560/5660/4401 2674/4103/3506 727/4104/1006
f 3560/5660/4401 727/4104/1006 1240/1861/1723
f 1754/2656/2399 4148/2655/2398 1055/7706/1459
f 3366/5322/4238 2986/4641/3866 3250/1834/1698
f 4232/6969/4836 1302/1960/1807 1681/2542/2299
f 2721/4181/3563 4617/7707/708 3570/7708/4409
f 311/458/413 313/460/415 4817/5833/4477
f 2541/3898/3354 570/845/785 3112/4883/4004
f 3968/6421/4695 3981/6452/1143 4142/4387/3704
f 4001/6491/4472 4000/6490/4713 1949/2948/2639
f 3021/2947/2638 4001/6491/4472 1949/2948/2639
f 2459/3773/3262 4003/6493/4714 3433/5436/4302
f 4192/6874/4821 2526/3873/3334 4258/7034/4413
f 1476/2244/2041 1478/2246/2042 4220/6945/3985
f 2164/3305/2921 2487/3809/3290 2573/3952/3393
f 1695/2563/2319 2759/4255/3608 4569/4053/3467
f 2089/3180/2815 154/204/178 4057/6624/4752
f 1807/2736/2460 1711/2587/2342 3041/4749/3929
f 2818/4353/3602 2214/3383/2981 2213/3382/2980
f 1062/1579/1470 2333/3556/3112 1061/1577/1468
f 553/822/762 2842/4388/3705 554/823/763
f 433/1330/590 425/632/577 3636/5785/4460
f 2333/3556/3112 4554/7658/4432 329/486/441
f 3389/7709/2239 4576/7710/2238 3165/4979/4053
f 1276/1922/1775 1776/2687/2425 2858/4418/3721
f 4109/7711/4780 1581/2384/2168 1583/2386/2170
f 662/5377/910 2189/3341/2950 2191/3343/2952
f 4577/7712/2000 2598/5148/3426 1665/2519/2280
f 3638/5787/4461 878/1291/1205 2130/3256/2877
f 2264/3449/3030 3124/4904/1412 1796/2718/1414
f 3269/5159/4148 2393/3664/3183 1449/2209/2013
f 3698/3366/2241 2489/7713/3293 2205/3367/2969
f 821/7714/1135 3261/6693/4139 1699/6270/2325
f 2812/4344/3674 630/932/864 3390/5368/4264
f 3642/5793/1268 2175/3320/1841 921/7715/1266
f 3017/2081/1910 1378/2080/1909 3501/3899/3355
f 4035/6576/4736 2821/4356/3682 2820/4355/3681
f 4404/2701/2435 662/979/910 4578/7716/4269
f 2935/4551/3807 3197/5028/4085 2936/4552/3808
f 4750/1184/1104 1344/2022/1860 798/1185/1105
f 479/710/654 1142/2197/1589 1144/260/221
f 141/187/163 4579/7717/4882 3048/1505/1400
f 2947/4571/3825 4580/7718/2354 2948/4572/3441
f 4492/6568/4733 3152/4956/4040 4483/7499/4913
f 4254/3637/3165 1511/3636/2083 1510/7719/2082
f 4581/7720/3216 3064/7721/3193 3333/7722/3954
f 4750/1184/1104 4749/2023/1861 1344/2022/1860
f 1694/2562/2318 2759/4255/3608 1695/2563/2319
f 4481/7496/4912 4504/934/866 2232/3407/3000
f 1558/2350/2137 1557/2349/2136 2896/4489/3765
f 3588/2141/1959 4464/7458/4906 1410/2142/1960
f 89/4946/103 1643/4945/2251 74/103/87
f 213/308/269 2706/5316/3551 171/4583/205
f 2500/3837/3307 1493/2265/2060 1661/5978/2274
f 4582/7723/4731 980/1458/1358 981/1459/1359
f 2134/3262/1954 3734/7724/4532 4583/7725/1955
f 3782/6058/1213 2174/3319/2933 4437/7396/4766
f 415/613/562 2160/3300/2916 2714/4174/3557
f 3687/1145/1067 4200/6897/3846 4378/7281/4889
f 3472/5510/4336 933/1382/1287 659/976/907
f 658/975/906 3472/5510/4336 659/976/907
f 1633/1908/1763 2953/4584/3833 4584/7726/2243
f 3220/5067/2911 3219/5066/4105 2157/5970/2912
f 3403/5388/2640 2816/7727/3677 1141/1708/1588
f 197/284/245 2294/5977/3066 3673/5856/257
f 1065/5726/1474 2006/3031/2708 3820/6138/4595
f 19/27/21 16/22/18 4505/7548/4809
f 3068/4796/3960 2349/3583/3132 4918/3585/3134
f 1385/2098/1924 1387/2100/1926 2617/4020/3397
f 3138/4928/4027 3705/5906/4511 2937/4553/3809
f 4731/1569/1461 677/998/928 3565/997/927
f 453/673/617 4709/672/616 3019/4711/3907
f 2227/3398/2993 1792/5057/2441 1158/5056/1607
f 923/1364/1270 365/535/486 924/1365/1271
f 4664/1621/1511 1091/1620/1510 3779/6055/4564
f 1445/2205/2009 4664/1621/1511 3779/6055/4564
f 3023/4719/3912 4585/7728/4130 4212/6928/4827
f 4507/7557/4895 1904/2885/2587 3451/7342/4315
f 2275/2960/2651 3518/5596/4371 1397/5222/1938
f 3483/5533/4343 4460/7452/4676 2563/3939/3383
f 1253/7729/1742 3114/4885/4006 3513/7730/4366
f 3862/6201/4617 4488/2128/1947 1403/2127/1946
f 3356/5294/4222 4586/7731/1317 3357/5295/4223
f 4464/7732/4906 522/4965/719 1235/7733/1717
f 3934/7734/656 1400/2123/658 4401/7327/3814
f 1607/2425/2205 2687/4129/3526 2215/3384/2982
f 1607/2425/2205 2215/3384/2982 1222/1835/1699
f 3641/7105/4463 735/1091/1016 4208/1545/1439
f 3058/844/784 3809/1128/1052 873/1285/1199
f 4497/7528/4918 4391/6248/4631 2760/4257/3609
f 2750/4240/3599 4587/7735/4360 2751/4241/3600
f 4846/5632/3824 4588/7736/3707 1206/1804/1672
f 90/122/86 1359/7737/1884 4083/6675/4727
f 519/770/713 3904/7738/4646 3300/5384/4178
f 2858/4418/3721 1775/2686/2424 2857/4417/3720
f 1238/1859/1721 1520/2303/2094 1519/2302/1969
f 1238/1859/1721 1519/2302/1969 3714/7136/1970
f 3003/4684/3893 1768/2678/2416 2992/4654/3874
f 2553/3920/3369 2980/1854/1716 2624/4030/3450
f 876/1289/1203 4589/7739/1843 3063/4786/3952
f 1665/7740/2280 4649/7741/1998 402/341/301
f 4577/2193/2000 3626/7742/4454 4649/2191/1998
f 819/1214/1133 2392/7743/3182 1781/2692/2430
f 1091/1620/1510 4590/7744/4519 2834/4372/3694
f 2797/4321/3655 3554/5652/4397 3066/4792/3956
f 4368/7262/2725 982/1460/991 4369/7263/4475
f 661/978/909 1884/2854/2562 2189/5733/2950
f 880/1293/1207 1700/2571/2326 1660/2511/2273
f 3110/3864/1591 4764/7745/4002 4548/7746/4899
f 864/6333/1188 2559/3926/3375 2558/3925/3374
f 1770/2680/2418 4719/4446/3739 3176/4998/4066
f 3940/6371/2408 1762/7747/2407 613/5557/842
f 4112/2231/2031 1733/4910/2373 1064/1582/1473
f 4591/7748/3750 4482/7498/4910 3269/5159/4148
f 4830/7749/647 1825/2761/646 1779/2690/2428
f 2912/4509/3348 1761/2666/270 167/231/201
f 4264/6485/4712 2726/4187/3568 4094/6695/2602
f 4765/4744/3926 2316/3532/3095 4592/7750/4335
f 1133/7751/1579 3412/5403/1578 2921/614/423
f 3150/4953/3817 3992/7752/4709 4050/6612/4748
f 4437/7396/4766 2174/3319/2933 2924/6954/3794
f 3209/6262/4096 3132/7753/4021 3724/5949/4525
f 2166/3310/2924 2168/3312/2926 2047/7754/2762
f 4356/6507/4720 1393/2109/1934 3756/2108/1933
f 3732/5962/4531 3731/5961/295 2447/3756/3246
f 3558/5338/4248 4593/7755/4515 4022/942/874
f 1377/2077/1907 763/1133/1056 765/1135/1058
f 2421/3707/3215 1385/2098/1924 3157/4967/4046
f 3923/6327/4661 3096/4851/3992 2600/3998/3428
f 2857/4417/3720 2158/3296/2913 4428/7377/2380
f 349/511/466 348/510/465 1876/4311/2551
f 2910/6671/3779 869/1280/1195 4594/7756/343
f 1612/2435/2212 4453/6399/4688 1613/2436/2213
f 1503/2281/2074 359/526/477 4194/6878/4822
f 1155/1726/1603 1154/1725/1602 4595/7757/1756
f 3818/6132/4592 3972/6435/4699 846/1248/1164
f 3349/5284/4219 2020/3053/2724 2537/3889/3347
f 1282/1930/1781 4596/7758/3731 3947/1931/1782
f 4580/2602/2354 795/1179/1099 2614/4017/3442
f 314/1012/416 687/1011/941 4902/6127/4591
f 1419/2164/1978 4597/7759/3541 1304/1964/1811
f 3405/5390/2915 2776/4285/3630 2899/4494/3767
f 96/7760/110 1244/1866/1728 577/855/429
f 4144/6785/4798 4264/7043/4712 4094/2903/2602
f 1600/2412/2195 1297/1954/1542 4175/6468/4705
f 632/937/869 4278/7761/4854 3775/6045/4560
f 4427/7376/2721 4598/7762/2720 4841/368/328
f 4905/7763/1190 4599/7764/4839 4332/7185/4561
f 4600/7765/4815 2321/7766/3101 2640/4051/3466
f 1157/1729/1605 1156/1728/1604 2619/4024/2185
f 3281/2345/2132 1555/2347/2134 3282/4023/3446
f 973/1450/1351 975/1452/1353 4601/7767/896
f 3676/690/634 28/42/36 4522/7588/3670
f 3726/5953/4527 2501/3840/3310 3233/5092/4115
f 2942/4563/3818 1339/2016/1854 1338/2015/1853
f 980/7768/1358 4582/6552/4731 3542/5638/2188
f 4421/7366/4898 1884/2854/2562 661/978/909
f 653/967/899 4602/7769/4932 1594/2402/2186
f 2244/3422/3012 4099/7770/4773 2245/3423/2264
f 1371/7625/1896 4682/7674/1483 4498/3813/497
f 1371/7625/1896 4498/3813/497 1562/2355/2141
f 1712/2589/2344 1330/2003/1842 4388/2590/2345
f 3732/5962/4531 779/1154/1076 778/1153/1075
f 1112/2756/1540 589/876/810 1113/7771/1541
f 2475/3791/3278 4003/6493/4714 3921/6223/4624
f 2307/3519/3085 2475/3791/3278 3921/6223/4624
f 3293/5196/4173 2283/3483/3056 2734/5195/3292
f 3928/6340/4666 1250/1881/1738 1689/6593/2312
f 464/688/632 1221/1833/1697 2370/3623/3153
f 3718/7616/4520 4603/7772/4933 1173/7773/1628
f 4043/6597/4740 635/941/873 4758/5494/4330
f 4115/6740/4786 1467/7774/2033 4116/6741/4787
f 1015/1509/1404 3149/4951/4036 1599/2411/2194
f 766/1136/1059 300/440/395 3236/5100/4117
f 2824/4359/3685 4604/7775/4374 2825/4360/3686
f 4252/7093/4845 4079/6668/1911 4396/7319/1913
f 4605/7776/2405 1927/7055/2614 3399/5383/984
f 1865/7777/2538 1864/7460/2537 2686/4128/3525
f 4319/2827/2540 1868/2829/2542 2219/3389/2986
f 3998/3515/3081 4049/6607/3964 1026/1528/1423
f 1062/1579/1470 4606/7778/4934 2332/3555/3111
f 4607/7779/345 3475/5523/352 4394/7314/2480
f 2227/3398/2993 719/1067/994 1792/5057/2441
f 3385/5360/418 4608/7780/455 4067/6644/4761
f 3736/7781/4387 2210/3377/2977 3047/5526/3936
f 4609/7782/4935 2741/4223/3589 3961/4222/3588
f 2401/3675/3192 835/1233/1150 837/1235/1152
f 3092/4844/3987 864/6333/1188 2558/3925/3374
f 1637/2478/2247 1498/7783/2069 4160/2448/2222
f 3718/7616/4520 4537/7618/4926 4603/7772/4933
f 1586/2390/2174 1588/2392/2176 1874/2837/2548
f 1391/2104/1930 562/833/773 2762/4263/3614
f 3755/6010/4548 1224/1837/1701 4525/7598/4924
f 3537/5627/123 4610/7784/4062 390/7785/530
f 24/38/32 675/995/925 347/509/464
f 3581/5690/4153 1800/2725/2450 3156/4966/4045
f 1771/2681/2419 552/819/759 1044/1551/1444
f 1128/1687/1571 2438/1686/4 1208/5303/1674
f 4159/6812/4728 1650/7786/2260 771/1146/1068
f 3970/7787/4697 1291/1947/1797 4713/4964/4044
f 3278/7788/4161 3388/5364/4262 4154/6803/3719
f 4538/7789/2666 1491/2263/2058 4193/6731/4783
f 864/6333/1188 4905/7763/1190 2559/3926/3375
f 4706/2372/2157 4611/7790/3518 4253/2010/1849
f 2253/7791/1557 4273/6311/3035 2262/3447/3028
f 4486/7504/569 2755/3007/2689 3331/5260/4206
f 1478/2246/2042 3930/6350/4671 2950/4577/3829
f 3102/4860/3995 678/999/929 1862/2822/2535
f 4172/6836/4670 969/1442/1344 4029/3666/3185
f 391/580/531 4246/7004/4494 3073/4806/3966
f 205/293/254 886/1301/1215 4397/1303/1217
f 1892/2869/2573 1089/1616/1506 2631/4037/3456
f 4503/7792/4803 525/7793/725 4610/7794/4062
f 1963/2972/2661 3410/5400/4281 4612/7795/3613
f 2007/3032/2709 2956/4592/3838 3780/7796/4565
f 3842/6549/4604 3201/7797/766 4025/6550/4089
f 2432/3736/3232 2140/3269/2889 245/6798/317
f 3060/943/875 330/487/442 4625/944/876
f 2996/4662/3877 4013/6515/3284 1549/2339/2126
f 1751/2198/2004 250/7798/326 1910/2891/2593
f 1549/2339/2126 4013/6515/3284 1550/2340/2127
f 463/687/631 462/686/630 1858/2813/2528
f 146/192/168 2244/3422/3012 2995/4660/3876
f 1672/2528/2288 1671/2527/2287 1988/3011/2691
f 4458/3374/2974 4487/7799/567 3331/7800/4206
f 4886/6998/4841 581/860/798 3841/6169/4603
f 659/976/907 933/1382/1287 682/1005/935
f 1273/1918/1772 782/1161/1082 571/847/787
f 2718/4178/1095 1424/2174/1097 2517/3861/3326
f 4613/7801/4013 892/1831/1224 4107/1830/1695
f 1053/1563/1455 4165/1565/1457 4614/7802/3827
f 984/1462/1360 4615/7803/4476 4369/7263/4475
f 982/1460/991 984/1462/1360 4369/7263/4475
f 2398/7804/3190 4478/7805/4664 4616/7806/1942
f 867/1278/1193 866/1277/1192 1019/1516/1411
f 2203/3363/2967 3729/3039/2712 2289/3491/3061
f 3570/5673/4409 4617/7807/708 4507/7337/4895
f 3765/599/549 631/935/867 403/600/550
f 3522/5601/4375 2503/6919/3312 2707/4160/3552
f 4254/7027/3165 4255/7029/2215 4618/7808/957
f 1886/2859/2564 2190/3342/2951 2189/3341/2950
f 516/767/710 3042/4750/3930 341/7322/457
f 516/767/710 341/7322/457 1893/2871/2574
f 4619/7809/1902 4396/7810/1913 1188/7811/1650
f 1711/2587/2342 1710/2586/2341 2255/3434/3020
f 4620/7812/4619 4724/1888/1745 2185/1887/1744
f 920/1359/1265 3526/5724/4378 1073/1594/1485
f 1328/7813/1225 4045/6601/1227 4044/6598/4501
f 2852/4410/3716 1820/2750/2474 4203/5845/4485
f 3778/6054/4563 2179/3325/2938 692/1017/945
f 3422/5416/4291 907/1333/1244 1325/1995/1835
f 3924/6329/4480 1851/2800/2518 1242/6330/1726
f 4166/7814/820 4834/1054/981 2709/638/582
f 2569/7815/3389 4621/7816/4627 3420/5414/4289
f 4890/7817/3505 277/411/366 2116/410/365
f 1527/2311/2102 1529/2313/2104 2882/4467/3749
f 1351/2037/1872 4346/7208/4880 1140/7614/1587
f 788/1170/1090 3223/4882/4003 1097/3932/1518
f 4398/1672/1559 1123/1671/1558 2254/3433/3019
f 3917/6314/4656 2838/4378/3699 3830/4380/3701
f 3219/5066/4105 3451/5465/4315 3739/5971/4535
f 4686/4152/3544 3158/7818/4048 3555/5653/4398
f 2079/5764/1779 2080/3993/2796 3096/4851/3992
f 1821/2752/2476 2250/2751/2475 4433/7819/3881
f 2419/3702/3211 4417/3704/3212 3240/1492/1387
f 952/1415/1318 1659/2509/2271 953/1416/1319
f 4622/7820/4936 1565/2361/2146 4623/7821/1920
f 4376/7276/4888 590/877/811 4395/152/128
f 2592/3983/3416 117/162/138 116/161/137
f 3573/4477/3755 2342/4476/3123 4624/7822/4079
f 2235/3410/3002 3580/5689/4415 2233/3408/3001
f 1007/1495/1390 4100/6708/4774 1826/2762/2484
f 3943/7823/884 646/956/888 645/955/887
f 2823/4358/3684 2622/4028/3448 1812/2742/2466
f 4625/7824/876 4287/7091/3888 636/5431/877
f 458/681/625 3257/680/624 3921/6322/4624
f 3023/4719/3912 187/265/226 4318/7166/4869
f 3810/7825/4587 3039/4746/3928 2909/7826/3778
f 1341/2018/1856 229/327/287 1248/329/289
f 3538/1099/1023 2240/3415/3006 740/1097/1021
f 1191/1782/1653 453/673/617 1192/1783/1654
f 3635/5784/4459 1835/2775/2496 4740/2774/2495
f 4067/6644/4761 334/491/446 4442/493/448
f 422/626/573 4067/6644/4761 4442/493/448
f 1777/7303/2426 815/1210/1129 4279/1209/1128
f 1715/2597/2349 4626/7827/2737 3978/6805/2738
f 3317/5241/4195 1679/6429/2296 759/1127/1051
f 3446/1140/1062 1960/2968/2659 1847/2795/2514
f 1263/1903/1758 2546/3906/3358 1521/2304/2095
f 267/396/351 4607/388/345 263/387/344
f 4627/7828/290 2582/2909/2607 866/1277/1192
f 3353/5289/4221 4321/6603/4743 2581/7829/3407
f 1009/1501/1396 3301/5210/4180 1010/1502/1397
f 295/434/389 1362/2054/1887 1361/2053/1886
f 241/352/312 2068/6080/2784 4795/7830/4227
f 2676/7581/3510 409/607/556 3976/6441/4701
f 776/1151/1073 3681/5869/4493 2915/4512/3783
f 2414/3694/3206 3637/1117/1041 753/1116/1040
f 1696/2564/2320 451/670/614 3118/4895/2370
f 2474/3790/3277 2473/3789/3276 2231/3406/2999
f 1982/7831/2685 4686/4152/3544 4606/7778/4934
f 1319/1985/1826 2082/3107/2767 2081/6796/2797
f 4493/7519/4916 1036/1541/1435 3491/5545/4349
f 3548/5646/2086 1513/7832/2085 2257/7833/3024
f 2846/7834/3712 4628/7835/629 696/7836/952
f 2756/4888/3605 3115/4887/4007 1152/7837/1600
f 1424/2174/1097 4629/7838/775 563/2175/774
f 4135/6771/237 4110/7839/4781 4136/6772/4793
f 1508/2287/2079 477/707/651 3009/4696/3899
f 2293/3496/3065 2418/3700/2323 1699/6270/2325
f 2696/4140/3533 1975/2994/2677 2571/7840/3391
f 4324/7173/2812 4425/7371/3942 4630/7841/1663
f 2751/4241/3600 2536/3887/3346 2535/3886/3345
f 3346/7842/4216 3348/7843/4218 2843/4389/3706
f 2394/7844/3184 2569/7815/3389 3420/5414/4289
f 1415/2158/1973 1416/2159/1974 3325/5252/4201
f 1415/2158/1973 3325/5252/4201 2837/4377/3698
f 2754/3701/3210 4808/1787/1657 1195/1786/1077
f 1770/2680/2418 3184/5009/3191 4719/4446/3739
f 3606/5728/4436 4040/6587/4738 1075/1598/1489
f 491/727/671 490/726/670 3965/6416/4694
f 1235/7733/1717 2556/7845/3372 4464/7732/4906
f 654/968/900 2247/3426/3014 4940/966/898
f 3971/7846/3873 2913/4510/3781 4260/7847/3733
f 3907/6295/4648 2126/3250/2873 2125/3249/2872
f 4631/7848/4452 2616/4019/3444 4659/920/852
f 4929/6643/4760 1915/2898/2598 1914/2897/1464
f 1997/3022/2700 4780/3090/2754 4028/6560/1871
f 1358/2049/1882 4259/3503/361 4360/7244/4884
f 331/488/443 3386/5361/4260 332/489/444
f 3236/5100/4117 300/440/395 302/442/397
f 1818/2748/2472 450/669/613 449/668/612
f 1819/2749/2473 1818/2748/2472 449/668/612
f 3741/5974/4537 3496/5550/4354 3742/5975/4538
f 2141/3270/2890 2140/3269/2889 2432/3736/3232
f 3219/5066/4105 3739/5971/4535 2157/5970/2912
f 2686/4128/3525 2685/4127/3524 928/1374/1280
f 3277/5173/4159 271/402/357 556/827/767
f 3558/5338/4248 4022/942/874 1787/2705/2437
f 1675/2532/2291 884/7064/1212 4632/7849/1211
f 1865/7777/2538 2686/4128/3525 4517/6321/4659
f 4037/3561/3116 2336/3560/3115 3633/5344/4253
f 3438/5446/2092 268/398/353 2274/7850/2649
f 1169/1750/1623 1033/1749/1432 3435/5440/4304
f 1019/1516/1411 1018/1515/1410 4330/6017/4550
f 4821/4124/3522 4822/1884/1741 1252/1883/1740
f 3994/2427/2207 1608/2426/2206 3805/6112/3118
f 3609/5731/4439 3376/5341/4251 2231/3406/2999
f 1068/2480/1477 4633/7851/2339 1708/7108/2338
f 2164/3305/2921 2573/3952/3393 3785/6066/4569
f 3386/5361/4260 368/628/490 332/489/444
f 1741/2636/2385 4487/620/567 2898/7852/2973
f 2670/5101/3501 1741/2636/2385 2898/7852/2973
f 602/7853/258 4634/7854/1324 2854/7855/3718
f 1230/1847/247 4250/3769/3258 2457/3768/3257
f 4149/6791/4802 726/1078/1005 1055/1567/1459
f 3243/7856/4122 4157/6809/4490 1869/2831/2543
f 3408/5393/4277 4893/306/267 4603/7772/4933
f 1855/2808/2525 556/827/767 270/401/356
f 1632/2471/2242 3698/2470/2241 4394/7314/2480
f 2730/7700/3575 4562/7678/3576 672/991/921
f 231/331/291 1174/1758/1630 3873/4000/3429
f 2312/3527/3090 437/652/596 885/1300/1214
f 2884/5574/3752 1105/5573/1530 4602/7769/4932
f 1277/1923/685 1462/2226/2027 4151/2238/686
f 1512/3176/2084 3271/1674/1561 4424/1673/1560
f 4421/7366/4898 4483/7518/4913 4413/7857/4896
f 1997/3022/2700 4595/7757/1756 1998/3023/1755
f 1244/1866/1728 4274/7858/4850 336/1867/449
f 2223/3393/2990 1934/2927/2622 4635/7859/4920
f 2872/4448/3740 3285/5186/4167 506/6352/697
f 4607/388/345 4815/2758/2481 3436/389/346
f 3076/4812/3969 4636/7860/973 4777/2407/2191
f 2599/3997/3427 3923/6327/4661 2600/3998/3428
f 4931/6611/4747 4637/7861/1831 4778/913/845
f 4759/7862/760 3352/885/819 594/884/818
f 2167/3311/2925 3650/5807/4465 2168/3312/2926
f 3498/5553/4356 4293/7466/4860 1948/2946/2637
f 1149/1720/1597 3959/4704/2053 1219/1828/1694
f 3549/3438/3023 2123/3245/2869 2359/3731/3143
f 4374/5138/4135 3895/7863/4641 2717/4177/3560
f 3819/6133/682 4711/5457/1452 3445/5456/4310
f 982/1460/991 4368/7262/2725 3657/4249/3604
f 4877/4248/976 982/1460/991 3657/4249/3604
f 2743/4227/3591 3653/5811/4468 1187/4226/1649
f 1239/1860/1722 3560/5660/4401 1240/1861/1723
f 4229/7864/4834 309/454/409 4613/4900/4013
f 623/925/857 352/517/470 354/516/469
f 2086/3909/2810 4342/7204/4877 4343/7205/4878
f 2242/3419/3009 299/439/394 595/7595/821
f 1601/6963/2196 3006/4690/3897 1683/5223/2302
f 4340/7201/521 385/7865/520 2010/7202/2713
f 230/328/288 3674/3010/1735 1248/329/289
f 1297/1655/1542 3254/5132/4133 3458/5477/4321
f 4175/6839/4705 1297/1655/1542 3458/5477/4321
f 4638/7866/4937 678/999/929 3102/4860/3995
f 1939/2934/2627 2754/3701/3210 4639/7867/510
f 2485/3806/3288 2484/3805/3287 1883/4132/2560
f 3534/5623/1108 1574/2373/2158 4640/2375/2160
f 3534/1188/1108 4640/7868/2160 4124/6753/4771
f 3549/5647/3023 4641/7869/3231 1746/3735/2390
f 4642/7870/4337 1908/7871/2591 4643/7872/3223
f 4/7/5 3735/5965/4533 5/8/6
f 3722/5941/1519 3527/7873/4379 3963/5942/4522
f 255/372/332 3462/5488/4326 3463/5489/4327
f 1602/2418/678 4267/7046/3296 4266/7045/1669
f 1116/1662/1549 1442/2201/2007 1117/1663/1550
f 2071/3142/2788 4632/1297/1211 4436/3894/3351
f 4063/6635/4757 4064/6636/4758 2153/3287/2905
f 1384/2097/1923 4644/7874/4938 3811/6123/4588
f 4121/6749/4790 1946/7875/2635 2764/4265/3616
f 1975/2994/2677 388/2993/525 2571/7840/3391
f 3645/4628/3859 1740/2634/2383 2626/4032/3452
f 3760/605/554 4087/7876/4543 4645/7877/835
f 2439/3748/3240 3772/6039/4558 2440/3749/3241
f 294/430/385 691/432/387 1531/2315/2106
f 4756/7878/4518 4646/7879/4939 3531/5618/4383
f 4581/7880/3216 1620/2450/2224 3064/3676/3193
f 293/429/384 292/428/383 640/949/881
f 4321/7169/4743 4047/6604/4744 2581/3971/3407
f 4279/5095/1128 4647/7881/4556 4807/2420/2200
f 2875/7882/3743 4648/7883/186 4265/7044/4847
f 3626/7884/4454 2633/4042/3459 4649/7885/1998
f 3642/5793/1268 3644/5795/4234 1330/6547/1842
f 684/3151/938 3145/7543/4034 544/810/751
f 619/921/853 1060/1576/1467 4898/5904/4384
f 3248/5120/4128 560/831/771 1391/2104/1930
f 3916/5760/4453 4714/7886/4940 3999/4111/3511
f 1848/2797/2515 3407/5392/4276 1001/1484/1381
f 1831/2768/2490 2019/3052/2723 1310/1973/1814
f 4650/7887/307 3713/2874/306 1897/2876/2578
f 3230/3737/3233 64/5585/73 2031/3074/2740
f 4355/7229/4883 3241/7888/4119 4690/2554/2310
f 3527/5613/4379 4907/5012/4074 3188/5014/4075
f 4397/7321/1217 936/1386/1291 498/740/683
f 3563/5664/4404 4638/7866/4937 3564/5665/4405
f 1810/2740/2464 3483/5533/4343 4651/7889/4941
f 2640/4051/3466 2321/7766/3101 3173/4993/4064
f 974/1451/1352 4826/3242/2868 975/1452/1353
f 1509/2289/2081 1701/2572/2327 1700/2571/2326
f 1509/2289/2081 1700/2571/2326 2969/4615/3852
f 3126/4907/4017 4282/7079/4857 345/506/461
f 729/1082/1009 490/726/670 3596/1083/1010
f 4100/7676/4774 1932/2925/2621 2512/3854/3322
f 1444/2203/808 1112/7890/1540 4402/3846/3315
f 3423/3199/2832 2626/4032/3452 1739/2633/2382
f 2483/7891/3286 3258/5137/4134 333/490/445
f 140/186/162 3810/6122/4587 141/187/163
f 3495/5549/4353 573/7892/789 4917/7266/3837
f 1475/2243/2040 655/969/901 2221/3391/2988
f 755/1121/1045 4871/32/26 3097/2510/2272
f 1338/2015/1853 3202/5037/4090 2470/3786/3273
f 2144/3274/2893 3445/5456/4310 664/981/912
f 751/1236/1038 839/1238/1154 4652/7893/2807
f 2351/1101/1025 2663/4084/3490 742/1102/1026
f 1220/1441/1343 1219/7372/1694 969/1442/1344
f 4653/7894/2209 1610/1373/1279 1351/2037/1872
f 4004/6495/2861 3163/4976/2860 1750/2650/2395
f 678/999/929 4638/7866/4937 3563/5664/4404
f 2783/4296/3638 2784/4297/3482 3813/7187/2816
f 369/541/492 2103/3202/2834 332/4212/444
f 3349/5284/4219 1376/5286/1906 389/576/527
f 3500/5080/4109 612/1727/841 2551/3916/3366
f 4567/7689/4930 1162/1737/1612 1406/2133/1952
f 4655/7472/4427 4471/7474/4908 4654/7895/4334
f 3592/6835/4426 4655/7896/4427 4654/5504/4334
f 670/988/918 2701/4147/3539 668/986/916
f 3895/6275/4641 2882/4467/3749 4591/4468/3750
f 3535/5625/529 4566/3629/3159 2375/3628/3158
f 2665/6645/3492 3935/6363/4674 3936/6364/4675
f 651/963/895 652/965/897 2088/3178/2813
f 3945/6377/4681 2744/4229/3593 2994/4656/3875
f 1802/2729/2453 898/1319/1233 3356/5294/4222
f 2904/4501/3773 2925/4532/3595 4466/7465/4907
f 2520/3865/3328 3110/3864/1591 4548/7746/4899
f 2748/2578/2333 1706/2577/2332 4797/7897/3433
f 4656/7898/1481 4247/7008/2862 616/3827/847
f 4284/7085/4305 2206/3368/2970 3165/4979/4053
f 1991/3016/2695 4230/2579/2334 4945/2581/2336
f 2976/4627/3421 2747/4235/3596 555/824/764
f 4924/3632/1839 4044/5885/4501 2377/3633/3162
f 3854/6190/4612 802/1191/1111 801/1190/1110
f 1234/1853/1715 4294/1852/1714 4657/7899/4640
f 3557/5657/4400 3711/5917/4514 4593/5919/4515
f 1986/3008/2690 4878/1799/1667 2779/4290/3634
f 2163/5317/2919 31/45/39 3127/4908/2920
f 1583/2386/2170 4256/4736/3921 4109/7711/4780
f 709/6393/975 4839/1062/989 4877/7900/976
f 2678/4113/3512 815/7901/1129 1186/1776/1648
f 1139/1029/956 658/7902/906 4658/7903/2131
f 1723/2609/2361 4466/7465/4907 4784/5687/4414
f 2324/3544/2197 2323/3543/3102 3437/5445/4306
f 1015/1509/1404 1014/1508/1403 1120/1666/1553
f 4407/6609/4693 4631/5756/4452 4659/7904/852
f 48/66/60 45/61/55 2098/3194/2828
f 2884/5574/3752 653/967/899 4660/7905/3300
f 2549/5848/3363 3614/5741/4443 3761/6022/4279
f 3216/5059/1168 4940/966/898 1314/1979/1820
f 770/1143/1065 1974/2990/2674 4523/7589/4923
f 1767/1690/1574 3682/5873/4495 1855/2808/2525
f 3884/6859/4632 4032/2623/2375 1734/2622/2374
f 2576/3960/3400 1690/2558/2314 1692/2560/2316
f 2576/3960/3400 1692/2560/2316 3000/7659/3884
f 2646/4059/3471 4297/7119/1964 4562/4198/3576
f 3096/4851/3992 2514/3995/3324 2600/3998/3428
f 2493/3824/3301 4827/3881/3340 2494/3825/3302
f 3109/4873/80 2654/4071/3353 644/954/886
f 2879/4463/3746 4115/6740/4786 3287/5189/4169
f 1161/1735/1610 1162/1737/1612 4567/7689/4930
f 839/1238/1154 838/1237/1153 2183/3333/1611
f 4201/7642/3617 1946/2944/2635 966/1438/1340
f 4301/5313/4232 767/1139/1061 4302/1138/1060
f 23/4911/30 347/512/464 350/514/467
f 1078/6093/1492 2015/3046/2718 2016/3047/2719
f 2005/3030/2707 2878/4462/3463 2006/3031/2708
f 4717/825/765 2626/4032/3452 3247/5119/4127
f 3849/6182/4607 2711/1963/1810 4489/7508/3619
f 1292/1948/1798 2538/3892/3350 4306/6630/4754
f 2794/7906/3650 2800/6528/3660 4933/6527/4726
f 3881/6244/663 3972/6435/4699 4661/7907/4131
f 3536/5626/121 3535/5625/529 2375/3628/3158
f 1496/2273/2067 1922/2272/2066 3660/7908/3335
f 4472/6892/4824 4662/7909/2335 4143/6893/4797
f 3163/4976/2860 1748/2648/2393 1750/2650/2395
f 741/1098/1022 740/1097/1021 2790/4312/3647
f 2084/3168/2452 2793/4315/2454 2792/4314/3649
f 4354/7910/2943 3243/7856/4122 1162/1737/1612
f 1940/2935/2628 1939/2934/2627 3415/7911/509
f 2043/3094/2757 1141/1708/1588 1657/2507/2269
f 3297/5202/3251 2452/230/200 166/229/199
f 4296/7118/4586 308/451/406 3039/4746/3928
f 2174/3319/2933 3783/6059/4567 4867/1739/1614
f 3114/4885/4006 1059/1575/1466 4861/6280/4643
f 3300/5206/4178 1888/2861/2566 1887/2860/2565
f 352/517/470 623/925/857 2798/4324/3658
f 352/7685/470 2798/7912/3658 3863/6202/4618
f 1624/2457/1883 1760/2456/2229 4083/6532/4727
f 3525/5607/4377 4809/5609/666 1867/5992/2541
f 4567/7689/4930 1406/2133/1952 2766/4270/3621
f 656/971/903 4473/6606/4746 3583/5692/1307
f 2735/4210/3582 1482/2251/2047 2489/4211/3293
f 562/833/773 561/832/772 2510/3851/3319
f 250/7798/326 4841/7913/328 3362/5310/4229
f 3644/5318/4234 32/46/40 31/45/39
f 350/514/467 1877/2842/2553 3128/4912/4019
f 1526/6506/2101 4635/7555/4920 1936/5921/2624
f 3666/5841/4241 2319/3535/502 1837/2777/2498
f 3997/7423/294 4257/7033/4846 4256/7032/3921
f 4875/3369/2858 848/1250/1166 245/7082/317
f 2027/3124/2732 2060/3123/2507 512/7914/703
f 1625/2458/2230 3943/3465/884 642/2455/883
f 3509/5576/4362 1329/2001/1840 1712/2589/2344
f 778/1153/1075 139/185/161 138/184/160
f 2073/3144/2790 2072/3143/2789 1447/2207/2011
f 2545/567/518 1634/2475/2244 383/565/516
f 2233/3408/3001 3580/5689/4415 881/1294/1208
f 4663/7915/2008 3686/3868/2895 4664/7916/1511
f 3470/2763/2485 1826/2762/2484 4100/6708/4774
f 2169/3313/2927 2170/3314/2928 3689/6816/4499
f 3666/5841/4241 1472/7917/2038 2319/3535/502
f 3671/5847/4487 4672/2635/2384 4480/7491/4719
f 4817/5833/4477 313/460/415 4118/6744/4788
f 2486/3807/3289 1030/1534/1429 4553/5492/3054
f 4441/7409/599 2010/5960/2713 3730/5959/3408
f 906/1332/1243 799/6985/1106 2471/7918/3274
f 1148/1348/1257 454/674/618 4011/6508/4721
f 4008/6500/4717 4665/7919/4942 4009/6501/4718
f 2890/4481/3758 3785/6066/4569 539/4482/745
f 4529/267/228 4115/6740/4786 2879/4463/3746
f 2078/3150/2795 2832/4369/3691 1581/2384/2168
f 1724/2610/2362 4784/5687/4414 891/5686/1223
f 608/905/837 607/904/836 4911/7920/1384
f 3436/7921/346 4937/6464/4704 2727/6467/3569
f 2564/3940/3384 4261/7039/4086 2069/3137/2785
f 4710/6517/4722 4531/7610/972 4093/6694/3402
f 3820/7922/4595 2878/4048/3463 2479/3795/3281
f 3936/6364/4675 3190/5016/4077 3347/5984/4217
f 4149/6791/4802 725/1076/1003 726/1078/1005
f 169/3121/203 173/3120/210 170/7923/204
f 4475/1026/953 891/1309/1223 309/454/409
f 536/801/742 4070/2846/2556 537/802/743
f 2132/3259/2880 1509/2289/2081 2969/4615/3852
f 4452/3307/2923 4717/3309/765 4423/542/493
f 1954/2954/2645 2071/3142/2788 4436/3894/3351
f 1598/2410/2193 2655/1324/1238 3777/1323/1237
f 4914/4681/3892 3118/4895/2370 4666/7924/2369
f 3149/4951/4036 1120/1666/1553 1119/1665/1552
f 1566/2362/2147 4366/7259/4805 4365/7258/4886
f 39/55/49 48/66/60 3283/5183/4164
f 1572/2370/2155 1334/2009/1848 4667/7925/1661
f 4851/6355/4673 3791/6078/4576 4907/6079/4074
f 3079/4820/3973 3080/4821/3726 2813/7386/3675
f 1650/2498/2260 1649/2497/2259 3462/5488/4326
f 4668/7926/2883 1668/2524/2284 3733/5963/2882
f 4669/7927/4943 4670/7928/4922 4702/7929/4625
f 1210/7930/1681 1209/3588/1680 3737/5704/4425
f 2806/4336/3668 1849/2798/2516 1721/2607/2359
f 3063/7931/3952 4589/2004/1843 3712/2005/1844
f 3671/5847/4487 2786/7932/3641 2102/3200/2833
f 601/897/830 603/899/831 3853/6189/4611
f 508/756/699 2108/3213/2843 509/757/700
f 183/4723/220 3026/4722/3914 979/1457/1357
f 183/4723/220 979/1457/1357 180/251/214
f 3566/5667/4406 2423/7219/3217 3164/4978/4052
f 4835/1000/930 678/999/929 3563/5664/4404
f 2629/4035/3454 853/1257/1173 1784/2699/2434
f 4265/7044/4847 4009/6501/4718 2880/4465/3748
f 4551/7651/4593 1371/7625/1896 3310/5227/4190
f 1586/2390/2174 1726/2612/2364 1587/2391/2175
f 2299/3507/3073 4896/3508/3074 2697/4141/3534
f 4227/6953/4831 3655/5814/4470 4508/5813/4469
f 2711/4170/1810 2230/3402/2997 4152/3615/3148
f 2630/4036/3455 2629/4035/3454 1784/2699/2434
f 1659/2509/2271 758/1124/1048 2167/3311/2925
f 3487/7933/4346 2657/4077/3484 2656/4076/3483
f 3928/6340/4666 1272/6595/1771 3711/5917/4514
f 1951/2951/2642 4824/4323/3657 3745/5986/2824
f 1/7934/1 2438/3746/4 528/872/731
f 1843/2786/2506 3493/5547/4351 4685/5000/4067
f 2181/1679/1565 4358/1678/1564 465/691/635
f 3088/4836/3981 774/1149/1071 2001/3026/2703
f 4338/7935/4875 4532/7611/4904 557/828/768
f 3105/4867/3999 3569/5672/3984 1143/1710/1590
f 2102/4302/2833 4351/4301/3642 4348/5419/4293
f 4460/6366/4676 4459/3650/3172 2074/3146/2791
f 4460/6366/4676 2074/3146/2791 1797/2720/2448
f 2801/2165/1979 1419/2164/1978 1336/2013/1851
f 2805/4334/3666 551/818/758 4759/820/760
f 2901/4498/3770 3300/5206/4178 3904/6292/4646
f 694/1022/949 2777/4286/3631 695/1023/950
f 1094/1624/1514 4592/7750/4335 1095/1625/1515
f 1668/2524/2284 1670/2526/2286 3733/5963/2882
f 593/880/814 4037/6579/3116 4287/4674/3888
f 4709/672/616 4671/7936/3294 3019/4711/3907
f 1346/2028/1865 3007/4691/2199 1347/2029/1866
f 4672/7937/2384 1803/2731/2455 1804/2733/2457
f 3631/7938/4456 2910/6671/3779 2158/7939/2913
f 2876/4459/3745 4153/6802/4785 2877/4460/1247
f 4269/143/119 223/320/281 3151/4955/4039
f 294/430/385 2070/3140/2787 3648/5802/4464
f 1212/1815/1682 4539/1898/1753 2363/3614/3147
f 4673/7940/4114 3504/1002/932 681/1004/934
f 1227/1844/1708 1597/1843/1707 3777/6053/1237
f 1713/2592/2346 144/190/166 4038/6580/4737
f 4674/7941/4370 4427/7376/2721 1646/2492/2255
f 4291/4260/3612 1836/2776/2497 2979/5508/3862
f 2954/7942/3835 1815/2745/2469 412/610/559
f 3289/5191/4171 3288/5190/4170 661/978/909
f 3690/5883/4500 4675/7943/4944 4646/7879/4939
f 605/901/833 1641/2483/1731 606/902/834
f 4167/6824/4812 4111/6730/4782 4676/7944/4214
f 2579/6183/3405 4677/7945/3404 4088/6901/1050
f 4201/7642/3617 2892/4484/3760 4509/7946/3869
f 365/535/486 364/534/485 1866/2826/2539
f 1298/1955/1802 3635/5784/4459 2172/5130/2931
f 2919/4517/3787 1346/2028/1865 4082/2027/1864
f 1532/2316/2107 3179/6302/4069 3425/6920/4294
f 3453/5467/4317 2579/6183/3405 4470/6185/4608
f 1700/2571/2326 1627/2462/2233 1660/2511/2273
f 2374/3627/3157 2517/3861/3326 3463/5489/4327
f 4119/3205/2835 4800/3204/1793 4191/7947/4820
f 4548/7397/4899 4335/7948/4873 3449/6041/4313
f 4262/228/198 3846/6230/4606 4678/7949/2902
f 1543/6215/2119 1545/6661/1221 1280/1926/1778
f 230/328/288 789/1171/1091 3674/3010/1735
f 22/35/29 4345/5740/3636 224/33/27
f 4473/6606/4746 990/1471/1369 4679/7950/1420
f 267/396/351 263/387/344 2201/3361/2965
f 2909/7826/3778 3039/4746/3928 3428/3459/3038
f 1927/2918/2614 1063/7951/1471 4301/7125/4232
f 2146/7031/2896 2148/7952/2898 2467/3782/3270
f 1309/1971/565 389/576/527 2705/7953/3550
f 1797/2720/2448 1913/2895/2597 1154/1725/1602
f 2855/4414/1035 4680/7954/1034 1475/2243/2040
f 2138/3267/2887 2139/3268/2888 2821/4356/3682
f 2874/5897/3742 945/1403/1306 1083/1849/1497
f 3734/6564/4532 1480/2248/2044 1479/2247/2043
f 4389/2722/2449 4699/7955/1870 3937/6365/3381
f 1797/2720/2448 4389/2722/2449 3937/6365/3381
f 3358/5300/4224 2959/7662/3841 3359/5301/4225
f 4834/1054/981 1451/2212/2016 1453/2214/2017
f 61/84/70 3804/6111/4583 4681/7956/3768
f 215/311/272 61/84/70 4681/7956/3768
f 2086/3909/2810 2547/3908/3360 4342/7204/4877
f 4224/6951/4830 3919/6318/4657 3067/7104/3959
f 1056/1568/1460 4405/7332/4894 4731/1569/1461
f 3989/6470/4458 4682/7957/1483 4928/2067/1897
f 1336/2013/1851 1872/2834/2545 1337/2014/1852
f 2289/3491/3061 3729/3039/2712 2290/3492/3062
f 1934/2927/2622 1936/2929/2624 4635/7859/4920
f 4148/6790/2398 3858/6341/3359 3417/5410/4286
f 3279/5176/4162 1070/7958/1479 1069/2540/1478
f 2477/3793/3280 2476/3792/3279 4651/7959/4941
f 3211/7657/4099 3688/5881/4498 3615/5742/4444
f 2246/3425/3013 4523/7589/4923 1178/1763/1635
f 2372/3625/3155 2374/3627/3157 3463/5489/4327
f 1534/2318/2109 1533/2317/2108 4292/7100/653
f 1094/1624/1514 1096/1626/1516 1744/1682/1567
f 284/419/374 2930/4541/3801 4683/7960/3919
f 4920/4759/3937 4793/7961/4945 4910/7962/4051
f 3452/5466/4316 701/1037/964 567/840/780
f 3626/7963/4454 4577/7712/2000 1665/2519/2280
f 3626/5761/4454 1665/7740/2280 402/341/301
f 1275/1921/1774 1457/2218/2020 1456/2217/648
f 2951/4578/3830 2883/5932/3751 4307/4579/3831
f 2080/3153/2796 2027/3065/2732 3793/6087/3854
f 3452/5466/4316 569/842/782 2653/4070/3480
f 2703/5920/3546 3159/4970/4049 3158/4969/4048
f 228/326/286 4684/7964/3955 3796/6151/3957
f 4434/3355/2962 3177/1946/1796 4685/7965/4067
f 4580/2602/2354 3313/5232/4192 1408/2138/1956
f 1225/1839/1703 4686/7966/3544 1982/3003/2685
f 2737/4215/3584 1490/2591/2056 4403/7330/2045
f 2560/3931/3378 1097/3932/1518 1987/3009/1517
f 3793/4618/3854 2060/2787/2507 4643/4619/3223
f 1821/7565/2476 3957/6395/4687 3833/6157/4492
f 2563/3939/3383 4494/5551/4355 4651/7889/4941
f 4687/7967/3207 4688/7968/1595 506/7969/697
f 1864/7970/2537 4270/7049/4848 4048/6605/4745
f 2293/3496/3065 134/180/156 131/177/153
f 597/890/823 2821/4356/3682 3093/4846/3988
f 4170/5188/4168 1107/1647/1534 1106/1646/1533
f 830/2697/1145 858/1265/1180 859/1267/1182
f 320/7971/425 321/4002/427 2557/7146/3373
f 222/319/280 1919/2905/2604 223/320/281
f 4463/721/665 3562/1420/1323 4689/7972/2258
f 3212/5053/4100 2587/3978/3411 2142/3271/2891
f 382/563/514 3230/3737/3233 2031/3074/2740
f 220/2274/278 2574/4815/3395 1497/2275/2068
f 1129/1689/1573 4107/6817/1695 3511/5581/4364
f 3241/5109/4119 3242/5111/4121 4690/7973/2310
f 2625/5518/3451 4762/5200/4175 2493/7974/3301
f 3960/6402/4689 1938/2933/2626 4029/3666/3185
f 1714/3495/2348 131/177/153 136/182/158
f 477/707/651 923/1364/1270 478/708/652
f 4027/6291/4645 2620/698/642 471/697/641
f 3/6/3 1599/2411/2194 2438/4/4
f 455/676/620 1930/2922/2618 1115/1659/1546
f 3248/7975/4128 1963/2972/2661 560/7976/771
f 2905/4502/3774 3985/2024/1862 1345/2026/1863
f 4198/6887/1294 4271/7051/4054 1899/2878/2580
f 3926/6338/4665 513/761/704 533/796/737
f 3840/6168/3644 3754/6009/4547 2788/7977/3645
f 3549/3438/3023 4640/3440/2160 2123/3245/2869
f 3817/6131/2586 240/350/310 239/349/309
f 4683/7960/3919 3034/3548/3105 2329/3550/3107
f 3974/3399/2994 2227/3398/2993 1158/5056/1607
f 4270/7049/4848 3257/680/624 4048/6605/4745
f 2497/3832/2741 3515/1203/1122 809/1202/1121
f 1453/2214/2017 1452/2213/273 4506/7551/4919
f 3764/6026/4551 987/1465/1363 986/1464/1362
f 3831/4920/4023 1749/2649/2394 3503/3316/2930
f 4542/7627/4927 824/1219/1138 3520/5598/4372
f 1313/6349/1818 2773/4281/3627 2565/6834/3385
f 2415/3696/2800 4687/3695/3207 4691/7978/4917
f 1418/2162/1976 4234/4168/3554 3874/2163/1977
f 3704/5905/4510 2849/4406/191 4570/7698/4931
f 1614/2437/2214 756/1122/1046 1659/2509/2271
f 543/808/749 2256/3437/3022 2285/3485/3058
f 4555/7660/4259 2959/7662/3841 3358/5300/4224
f 1447/2207/2011 2021/3055/2726 1127/1683/1568
f 4588/7736/3707 1070/6414/1479 1206/1804/1672
f 1529/2313/2104 4535/7615/4925 2882/4467/3749
f 4692/7979/2675 3090/7980/3983 4316/7981/4867
f 1154/1725/1602 1153/1724/1601 3937/7213/3381
f 1525/2309/2100 1524/2308/2099 4875/3232/2858
f 676/996/926 4693/7982/3239 3565/997/927
f 4694/7983/4946 3112/4883/4004 570/845/785
f 4024/6548/4730 4452/7436/2923 3842/6549/4604
f 1837/2777/2498 4430/7379/3996 404/601/551
f 4755/4461/1248 3429/5430/4298 4902/6127/4591
f 3890/6267/4254 3056/4776/3947 2863/4428/3728
f 2594/3988/3420 2593/3987/3419 1577/4924/2162
f 2019/3052/2723 2632/4038/3457 3363/5315/4233
f 2746/4234/2735 2225/3395/2991 1805/3397/2458
f 3054/4766/3195 2295/3500/3068 3337/5268/4209
f 3760/605/554 2676/7581/3510 4087/7876/4543
f 1104/1638/1526 4007/1328/1241 1101/1636/1524
f 4695/7984/902 1437/2189/1996 1436/2188/1995
f 4006/6498/4716 1973/4107/2673 4131/6761/4257
f 4099/7344/4773 4096/6697/4769 4097/6698/4770
f 4229/6961/4834 4613/6723/4013 1839/2780/2501
f 1867/2828/2541 771/1146/1068 1868/2829/2542
f 3622/5753/4450 3083/4830/3976 3103/4863/3997
f 3100/3521/3087 3525/5607/4377 2193/3345/2954
f 607/904/836 4645/903/835 868/3597/1194
f 1134/1698/1581 149/7985/172 148/7665/171
f 1516/2298/2090 4223/2297/2089 1821/2752/2476
f 1184/1772/1644 4185/6864/3547 3111/1773/1645
f 3485/4192/3571 196/283/244 198/285/246
f 1707/2582/2337 4633/2584/2339 741/1098/1022
f 4142/6781/3704 4881/6783/4796 1937/2930/2625
f 3701/7986/2806 4748/282/243 1102/3119/1525
f 1365/2059/1191 4031/2058/1891 866/7987/1192
f 4684/4791/3955 3050/4322/3656 2797/4321/3655
f 2321/3539/3101 2320/3538/3100 3174/4394/3710
f 4952/6545/4729 3191/5017/4078 4327/7178/4870
f 2027/7988/2732 512/760/703 511/759/702
f 4423/542/493 3678/544/495 4452/3307/2923
f 1188/6455/1650 4396/7989/1913 3952/1811/1679
f 723/1074/1001 2404/3680/1905 724/1075/1002
f 3019/4711/3907 4671/7936/3294 1192/1783/1654
f 1636/2477/2246 790/3640/1092 3827/6149/4600
f 3061/5432/2237 351/5342/468 4696/7990/4571
f 2695/4139/3532 1975/2994/2677 2696/4140/3533
f 597/890/823 596/889/822 2138/3267/2887
f 2006/3031/2708 2878/4462/3463 3820/6138/4595
f 4281/7078/4856 605/901/833 1181/1766/1638
f 4691/7521/4917 4687/7967/3207 506/7969/697
f 3500/5080/4109 613/7991/842 612/1727/841
f 2628/4034/3453 854/1258/1174 2629/4035/3454
f 1108/1648/1535 1586/2390/2174 1874/2837/2548
f 3379/5348/4255 1046/1553/1446 3621/5752/4449
f 3341/5273/4212 2142/3271/2891 4323/7171/3124
f 4315/6065/4568 2163/3303/2919 3785/6066/4569
f 2957/4593/3839 2007/3032/2709 3870/6220/4623
f 2299/3507/3073 2697/4141/3534 2436/3744/3238
f 539/804/745 538/803/744 747/1108/1032
f 3363/5315/4233 4102/6718/3549 2706/5316/3551
f 3916/6313/4453 3830/4380/3701 4714/7992/4940
f 2350/7993/3133 4386/7298/4893 4918/7994/3134
f 2202/3362/2966 1514/5503/2087 4930/3035/2710
f 2639/4050/3465 3664/5834/4478 955/1422/1325
f 1548/7995/2124 1547/7550/2123 4740/2774/2495
f 1957/2962/2653 2219/3389/2986 3303/5213/4182
f 2298/4752/3072 1237/1858/1720 1236/1857/1719
f 4706/2372/2157 4253/2010/1849 1334/2009/1848
f 2168/7162/2926 2423/3713/3217 2047/3099/2762
f 4201/4266/3617 2764/4265/3616 1946/7875/2635
f 3776/6051/4562 1808/2738/2462 4485/7501/4914
f 254/371/331 296/1968/390 1308/1970/1813
f 1517/3609/2091 2361/3608/2015 269/7996/354
f 3286/5187/1692 822/7997/1136 4541/4298/3639
f 2850/4408/3715 2759/4255/3608 937/1387/1292
f 2519/3863/3327 2431/3730/3230 2661/4450/3488
f 1350/1266/1181 4390/7307/3382 4389/7306/2449
f 4233/4317/3651 1791/2710/2440 4288/6640/1901
f 3795/6094/4166 2248/3427/3015 2250/3429/2475
f 1427/5945/1986 2739/4217/3585 2738/4216/2944
f 3634/4672/3886 4287/4674/3888 4625/7998/876
f 4347/7210/4881 2522/3869/3330 3561/5661/4402
f 4152/3615/3148 2331/3554/3110 3342/5349/4213
f 2424/3714/3218 3544/5641/4389 320/470/425
f 2240/3415/3006 3538/1099/1023 2241/3416/3007
f 4050/6612/4748 1261/1899/1754 1279/1925/1777
f 158/212/184 2875/4455/3743 754/1118/1042
f 1660/2511/2273 4202/2513/2275 1500/2278/2071
f 3892/1081/1008 2117/4678/2854 3893/4680/3891
f 1049/1556/1449 4121/6749/4790 4120/6748/4789
f 312/7999/414 4830/7749/647 1779/2690/2428
f 237/345/305 1241/1862/1724 4611/4119/3518
f 1016/1512/1407 3694/5891/4504 4864/1513/1408
f 1890/2865/2569 307/448/403 1284/1933/1784
f 3068/4796/3960 4950/273/234 380/561/512
f 4938/4078/3485 492/728/672 491/727/671
f 46/63/57 4653/7894/2209 4501/7537/4466
f 3804/6111/4583 61/84/70 60/83/69
f 4096/6697/4769 398/592/543 1550/2340/2127
f 945/1403/1306 3716/5927/4517 1232/1850/1712
f 1154/1725/1602 1279/2896/1777 4595/7757/1756
f 2522/3869/3330 3686/3868/2895 4663/7915/2008
f 3046/4756/3935 2403/3679/3196 443/662/606
f 4231/6968/4835 4689/2496/2258 4159/6536/4728
f 4624/8000/4079 4061/6631/4755 3192/6829/4080
f 4132/6762/4512 2267/3456/3037 4855/3455/3036
f 4196/7130/4823 4697/8001/750 2136/8002/2885
f 3482/5532/4342 1746/3735/2390 926/3734/1275
f 2281/3479/3052 4322/7170/1391 3625/5758/2582
f 4278/7761/4854 4277/8003/4853 3775/6045/4560
f 4868/3290/2908 1798/2517/2279 4698/8004/3744
f 717/1061/988 3812/7462/4589 4858/1059/986
f 1160/1734/1609 1900/2879/2581 1899/2878/2580
f 1431/2183/1990 1430/2182/1989 1388/2101/1927
f 4029/6561/3185 1940/6166/2628 2546/3906/3358
f 1262/1902/1757 4029/6561/3185 2546/3906/3358
f 452/671/615 453/673/617 1191/1782/1653
f 4387/8005/3965 3887/6260/4636 265/381/338
f 1418/2162/1976 4233/4317/3651 4234/4168/3554
f 1098/2702/706 4860/4530/705 1786/2703/2436
f 3836/7362/1365 3835/4537/3799 1773/2684/2422
f 3633/5779/4253 2690/4133/3529 714/1056/983
f 2576/4671/3400 2720/7540/3562 2719/8006/3561
f 2652/4066/3478 2313/3528/3091 2312/3527/3090
f 2415/7411/2800 354/519/469 243/355/315
f 2906/4503/3775 4382/7291/4890 4446/7422/4902
f 2990/8007/3872 4250/5830/3258 2527/3874/2570
f 200/288/249 199/287/248 2861/4425/3725
f 3915/6312/4655 4273/6311/3035 3339/1428/1330
f 1073/1594/1485 2379/3639/3167 1635/2476/2245
f 2218/3388/2985 1719/2604/2356 3787/6072/4573
f 2816/4349/3677 3099/3520/3086 2192/3344/2953
f 276/409/364 3125/4905/4016 2264/3449/3030
f 3432/5435/4301 3431/5434/4300 3651/5809/4467
f 1935/2928/2623 530/792/733 3170/5198/4060
f 3195/5025/4082 3462/5488/4326 255/372/332
f 3804/6111/4583 3758/6016/4549 3757/6015/2600
f 117/162/138 4848/4204/3579 115/160/136
f 1817/2747/2471 412/610/559 1815/2745/2469
f 1097/1628/1518 4248/6164/4602 3931/6354/4672
f 419/623/570 821/5143/1135 4518/5484/4325
f 4008/6500/4717 2589/3980/3413 4665/7919/4942
f 2200/3359/2964 2173/6474/2932 921/5096/1266
f 1208/1806/1674 194/7313/235 4135/8008/237
f 2193/3345/2954 3525/5607/4377 1686/2549/2305
f 4078/8009/4764 862/1270/1185 1215/1820/1687
f 2314/3529/3092 4078/8009/4764 1215/1820/1687
f 1274/5515/1773 1456/8010/648 3474/5516/4339
f 1911/2893/2595 1933/4606/1389 1912/2894/2596
f 1154/1725/1602 3937/7213/3381 4699/8011/1870
f 1154/1725/1602 4699/8011/1870 1350/2721/1181
f 3575/5680/4411 4700/8012/1651 949/2327/1311
f 667/6050/915 4701/8013/265 4786/7424/4037
f 3236/5100/4117 302/442/397 1741/2636/2385
f 3779/6055/4564 1091/1620/1510 2834/4372/3694
f 2575/3958/3398 3126/4907/4017 4803/1399/1302
f 1708/7108/2338 1639/2481/2249 1068/2480/1477
f 1440/2199/2005 3354/2892/2594 4454/7440/426
f 714/8014/983 4605/7776/2405 3399/5383/984
f 1483/5240/2048 2735/7667/3582 2285/3485/3058
f 1864/7970/2537 1863/7050/2536 4270/7049/4848
f 4038/6580/4737 143/189/165 2911/4508/3780
f 1536/4616/2111 1626/2459/2231 4410/1103/1027
f 3298/5203/4176 166/229/199 2933/4546/3805
f 918/1355/1263 647/957/889 2750/5571/3599
f 2301/3510/3076 3521/5599/4373 1977/2997/2680
f 3947/1931/1782 4328/7179/4682 3191/5017/4078
f 4639/559/510 780/1157/1079 1882/2849/2559
f 1653/2503/2265 4097/6706/4770 2331/3554/3110
f 3319/5243/4197 4669/8015/4943 4702/8016/4625
f 3872/5244/4198 3319/5243/4197 4702/8016/4625
f 1605/2422/2202 3338/5269/4210 2655/1324/1238
f 3928/6340/4666 1689/6593/2312 1272/6595/1771
f 3028/4726/2946 1255/1889/1746 977/1454/1355
f 1469/2236/2036 257/5405/334 2833/6895/3692
f 4890/8017/3505 4703/8018/4605 4704/8019/600
f 4065/8020/4759 816/1211/1130 818/1213/1132
f 2420/3706/3214 4564/7681/1282 2421/3707/3215
f 4152/6799/3148 4838/6801/3219 2711/1963/1810
f 2732/4203/3578 2551/3916/3366 3748/3915/3365
f 4705/8021/4947 3611/5735/4441 1814/2744/2468
f 4168/654/598 1429/2181/1988 2665/4086/3492
f 4729/7567/125 3536/6505/121 1804/2733/2457
f 1393/2109/1934 3517/5595/2343 3466/1255/1171
f 2514/3856/3324 3794/8022/3425 2515/3857/3325
f 3350/5285/1904 2537/3889/3347 2912/3890/3348
f 1754/2656/2399 1055/7706/1459 1054/8023/1458
f 1584/2387/2171 2209/3376/2976 1585/2388/2172
f 3657/5819/3604 4368/3054/2725 2022/3056/2727
f 2700/4144/3537 2056/3112/2771 2057/3114/1704
f 3155/4959/4043 1286/1938/1788 4232/6969/4836
f 4706/8024/2157 237/345/305 4611/4119/3518
f 3566/8025/4406 2424/3714/3218 2423/3713/3217
f 1078/1601/1492 1077/1600/1491 2015/3156/2718
f 834/1232/1149 3060/4783/875 3059/4782/3950
f 4291/8026/3612 475/705/649 4707/8027/2483
f 4946/1798/1666 685/6882/939 2832/4369/3691
f 3911/3914/3364 4708/8028/4663 4825/1372/1278
f 860/1268/1183 2985/4640/3865 890/7110/1220
f 3677/4871/4001 1814/2744/2468 3611/5735/4441
f 4709/8029/616 1236/1857/1719 4671/3814/3294
f 4576/5443/2238 4284/5442/4305 3165/8030/4053
f 960/6652/1333 2348/3580/3129 3585/5694/4418
f 3953/3587/3135 1177/8031/1634 3803/6108/4582
f 2481/3798/3283 2077/3149/2794 2076/3148/2793
f 4735/364/324 3256/2145/1963 249/365/325
f 1786/2703/2436 1830/2767/2489 3695/4738/2308
f 2926/6854/3795 1879/8032/2555 4511/7563/2554
f 3604/3826/3303 2494/3825/3302 790/1172/1092
f 4665/7919/4942 2589/3980/3413 2121/3239/2865
f 4110/7839/4781 3134/8033/4025 4136/6772/4793
f 89/121/103 4084/120/102 4712/3896/3352
f 4710/8034/4722 1494/4189/1392 4837/4191/3570
f 4394/3365/2480 2206/3368/2970 4284/7085/4305
f 4787/4173/3556 3446/1140/1062 4711/8035/1452
f 436/649/593 435/648/592 1857/7238/1606
f 1499/2277/2070 1660/2511/2273 1500/2278/2071
f 4457/7449/4434 324/480/435 3603/479/434
f 3687/1145/1067 1285/1934/1785 4200/6897/3846
f 4405/7332/4894 677/998/928 4731/1569/1461
f 1950/2950/2641 4683/7960/3919 2329/3550/3107
f 902/1325/1117 1370/8036/1116 3777/1323/1237
f 306/447/402 2991/3986/3418 307/448/403
f 4143/7672/4797 2724/4185/3566 4264/6485/4712
f 1663/2515/2277 3801/5645/4392 1799/2516/2278
f 357/524/475 1981/3001/2684 358/525/476
f 4477/7488/4598 1564/2360/2145 4080/2359/2144
f 4858/1059/986 832/8037/1147 4280/4794/3958
f 876/1289/1203 3063/4786/3952 3062/4785/3951
f 379/560/511 1882/2849/2559 2989/4647/3417
f 4705/8021/4947 2455/3766/3255 3611/5735/4441
f 2244/3422/3012 4411/3551/3108 4099/7770/4773
f 1477/2245/31 23/4911/30 3930/6350/4671
f 4123/7690/4791 1821/2752/2476 3225/8038/4108
f 3716/5927/4517 4474/7478/4909 1025/1527/1422
f 645/7230/887 4712/8039/3352 2775/7231/3629
f 3513/7730/4366 3114/4885/4006 4018/7584/4724
f 3805/6112/3118 1608/2426/2206 534/798/739
f 3805/6112/3118 534/798/739 2337/797/738
f 4261/7039/4086 1267/3138/1764 2069/3137/2785
f 2758/4252/3607 3746/5988/4541 2133/3260/2881
f 4441/7409/599 3346/7842/4216 2843/4389/3706
f 3337/5268/4209 1320/1986/1827 1415/2158/1973
f 2523/3870/3331 2525/3872/3333 2568/3946/3388
f 4873/6918/4826 426/634/579 4370/633/578
f 438/8040/597 4441/7409/599 3730/5959/3408
f 3263/5146/4141 3262/5145/1503 4478/6336/4664
f 1685/2547/2303 297/436/391 299/439/394
f 2971/6841/3855 1672/2528/2288 2771/3224/2851
f 3244/5114/4124 3636/5785/4460 3401/5386/4272
f 4886/6998/4841 3841/6169/4603 3728/5955/4529
f 3421/5415/4290 3422/5416/4291 591/878/812
f 57/78/66 37/52/46 1554/2346/2133
f 2961/4602/3847 1454/2215/2018 614/911/843
f 1176/1760/1632 2368/3621/3151 3430/7418/4299
f 4464/7732/4906 4713/4964/4044 522/4965/719
f 4280/7074/3958 832/1230/1147 1828/2765/2487
f 4351/7221/3642 2786/8041/3641 2376/7441/3160
f 1009/1501/1396 2355/3595/3139 3465/3594/3138
f 3588/8042/1959 4534/6432/4698 4713/8043/4044
f 4313/7154/1451 1947/2945/2636 1946/2944/2635
f 3830/6153/3701 3435/5440/4304 4714/8044/4940
f 676/996/926 4816/5311/4230 4693/7982/3239
f 3690/5883/4500 4715/8045/3259 3821/8046/4596
f 1791/2710/2440 4716/8047/4056 4288/6640/1901
f 3771/6036/4555 3372/5334/4245 3755/6010/4548
f 2948/4016/3441 2615/4018/3443 3647/5801/2972
f 624/926/858 623/925/857 354/516/469
f 4819/8048/1269 3222/2222/2023 3917/6314/4656
f 2926/6854/3795 2627/8049/2678 1879/8032/2555
f 3518/5596/4371 2787/4304/3643 3975/6438/4700
f 2498/3833/3305 3309/5224/4189 3006/4690/3897
f 2900/4497/3769 4681/4496/3768 2957/4593/3839
f 2171/4200/2929 4150/6794/4804 1984/3005/2687
f 292/8050/383 1377/2077/1907 765/1135/1058
f 4188/6868/2894 4187/6867/4818 4528/4565/3820
f 4608/7780/455 341/3803/457 334/491/446
f 2822/6325/3683 1193/1784/1655 2341/7620/3121
f 2416/3698/3208 1818/2748/2472 2994/4656/3875
f 1569/2365/2150 2628/4034/3453 2590/3981/3414
f 771/1146/1068 1650/7786/2260 772/1147/1069
f 3369/1069/996 4130/6760/3069 184/262/223
f 1835/2775/2496 436/649/593 4304/8051/4863
f 243/355/315 3752/6007/4545 244/356/316
f 1682/2543/2300 12/18/15 11/17/14
f 1215/1820/1687 862/1270/1185 1273/1918/1772
f 775/1150/1072 3067/7104/3959 3681/5869/4493
f 4511/7563/2554 1323/1991/1832 2926/6854/3795
f 1833/8052/2492 4712/3896/3352 4084/120/102
f 2975/4626/3858 4717/8053/765 1728/2614/2366
f 4262/228/198 4080/2359/2144 2933/4546/3805
f 3549/5647/3023 1746/3735/2390 3482/5532/4342
f 701/1037/964 3452/5466/4316 2653/4070/3480
f 1282/1930/1781 4068/6646/4150 4596/7758/3731
f 1914/1573/1464 1059/1575/1466 1460/2224/2025
f 3977/4922/4024 2327/3547/3104 3848/4739/3923
f 1730/2616/2368 1729/2615/2367 1403/2127/1946
f 3274/5168/4155 3979/5167/4154 4045/1313/1227
f 4061/6981/4755 2041/3091/2755 3701/3169/2806
f 508/756/699 510/758/701 4367/7260/619
f 428/639/583 3870/6220/4623 234/338/298
f 2228/3400/2995 1856/2810/2527 2229/3401/2996
f 2190/3342/2951 1432/2184/1991 1542/2329/2118
f 3506/5567/4358 14/8054/16 1426/2177/1985
f 1105/5573/1530 4718/8055/1532 4602/7769/4932
f 4299/7123/4183 3413/5404/4283 4476/2235/2035
f 4719/8056/3739 2871/1419/1322 4285/1418/1321
f 3934/712/656 1608/2426/2206 481/713/657
f 4720/8057/3729 3974/3399/2994 1158/5056/1607
f 3581/5166/4153 3274/5168/4155 1800/8058/2450
f 1079/1602/1493 1557/2349/2136 1556/2348/2135
f 368/628/490 369/8059/492 332/489/444
f 2541/3898/3354 1784/4382/2434 1785/843/783
f 4461/7453/4092 1516/2298/2090 4123/7690/4791
f 4342/7204/4877 3442/5452/4308 2774/4282/3628
f 377/556/507 3355/8060/3349 378/557/508
f 67/91/77 4715/3770/3259 4756/5928/4518
f 4550/7649/3700 4721/8061/4502 4899/1748/1622
f 4896/3508/3074 799/6985/1106 2697/4141/3534
f 301/441/396 2468/3784/3271 4722/8062/4948
f 1793/2713/2442 1343/2020/1858 791/1173/1093
f 2013/3044/2716 2716/4176/3559 2717/4177/3560
f 4780/8063/2754 1999/8064/2701 4723/8065/2253
f 4724/8066/1745 2297/3505/3071 2298/3506/3072
f 4175/6468/4705 26/40/34 25/39/33
f 1542/2329/2118 1431/2183/1990 3770/6034/4554
f 773/1148/1070 772/1147/1069 4299/5214/4183
f 3453/5467/4317 2000/5849/2702 2579/6183/3405
f 2782/4295/723 1502/2280/2073 1980/7067/2683
f 4498/7531/497 4565/7683/3791 1414/2156/1971
f 2668/4095/3499 4742/4094/3498 4126/6756/4524
f 91/8067/104 1244/1866/1728 96/7760/110
f 3827/6149/4600 3120/4898/3084 4384/6092/4578
f 3033/4732/3918 4575/3536/3098 3034/4733/3105
f 457/678/622 2657/4077/3484 3487/7933/4346
f 3781/6057/4566 3693/5889/4503 343/504/459
f 193/272/233 2792/4314/3649 380/561/512
f 3632/8068/1385 4032/6569/2375 4725/8069/4949
f 2446/631/576 2789/4309/3646 1771/4308/2419
f 4417/8070/3212 882/8071/1209 4726/8072/3834
f 4680/1110/1034 3238/5104/2748 4727/8073/4901
f 1791/8074/2440 3161/4973/127 4716/4984/4056
f 3857/8075/4615 4734/8076/3828 4544/8077/4928
f 3054/4766/3195 3337/5268/4209 3336/5267/3870
f 445/972/608 1087/1612/1502 657/973/904
f 1349/2032/1869 1348/2031/1868 2297/3505/3071
f 1381/8078/1917 1787/8079/2437 1789/8080/1916
f 3285/6650/4167 2791/4313/3648 507/755/698
f 260/382/339 465/2769/635 1832/2770/2491
f 2503/6919/3312 2502/4161/3311 2707/4160/3552
f 3834/8081/1364 2577/8082/3401 3835/8083/3799
f 1387/5485/1926 4282/7079/4857 2617/3957/3397
f 1753/3778/2397 3069/4797/3961 2464/3779/3267
f 3861/7404/4616 590/877/811 4488/7506/1947
f 4636/7860/973 4036/6577/2293 4777/2407/2191
f 481/713/657 2337/3562/738 2090/3182/2817
f 1413/2153/1968 2764/4265/3616 793/1176/1096
f 2315/3530/3093 4444/7065/303 3123/7406/4015
f 4336/7593/4874 1617/2445/2219 4728/8084/4240
f 3129/7445/185 2851/1120/1044 4648/8085/186
f 429/3596/585 2713/4172/3555 430/5521/586
f 393/585/536 502/747/690 394/586/537
f 236/344/304 783/1162/1083 782/1161/1082
f 1058/6639/1463 495/732/676 1602/734/678
f 1903/2883/2585 176/248/211 3264/5149/4143
f 2789/4309/3646 3906/6294/2512 4169/8086/3252
f 1492/2264/2059 1713/2592/2346 2408/3685/3201
f 2634/8087/2759 1518/2301/2093 4418/7359/790
f 1044/1551/1444 552/819/759 551/818/758
f 4155/6804/4807 4050/6612/4748 1279/1925/1777
f 4155/6804/4807 1279/1925/1777 4379/8088/2531
f 545/812/752 2768/4274/3623 546/813/753
f 4497/8089/4918 4729/8090/125 3232/8091/3667
f 4730/8092/1529 1104/1638/1526 810/3725/1123
f 4157/5862/4490 3401/5386/4272 3402/5387/4273
f 4244/4272/3622 4722/8062/4948 4243/8093/4842
f 2052/3108/2768 1321/1987/1828 4272/7052/4849
f 4731/8094/1461 3565/5666/927 4400/5008/4071
f 3787/6072/4573 1719/2604/2356 1720/2606/2358
f 753/1116/1040 752/1115/1039 2132/3259/2880
f 1506/2284/2077 2766/4270/3621 3880/2132/1951
f 1988/3011/2691 2771/3224/2851 1672/2528/2288
f 4732/8095/2232 733/1088/1012 4218/3838/3308
f 4087/6681/4543 2389/3658/3178 2390/3660/3180
f 4926/1998/1838 4924/2000/1839 2811/4343/3673
f 1396/2112/1937 776/1151/1073 4677/3968/3404
f 1496/2273/2067 3660/7908/3335 4733/8096/4473
f 2662/4083/3489 2848/4404/3713 2663/4084/3490
f 4544/8097/4928 4734/8098/3828 2599/3997/3427
f 3332/5261/4207 4790/6553/693 2208/8099/2975
f 2075/3147/2792 1279/2896/1777 1913/2895/2597
f 3064/3676/3193 3256/5134/1963 4735/8100/324
f 3824/6146/4599 1865/6145/2538 4517/7576/4659
f 2556/3923/3372 2555/3922/3371 1410/2142/1960
f 4736/8101/786 4021/6534/2003 2433/3738/3234
f 4737/8102/3033 4771/7099/4859 2745/4230/3034
f 787/1169/1089 423/540/491 1317/1983/1824
f 1594/2402/2186 654/968/900 653/967/899
f 3182/5423/4070 2703/5920/3546 4738/8103/3545
f 3756/6011/1933 1859/2814/2529 4914/4681/3892
f 2760/4257/3609 4953/4259/3611 4205/3612/3146
f 4497/7528/4918 2760/4257/3609 4205/3612/3146
f 570/845/785 874/1286/1200 4694/7983/4946
f 1729/2615/2367 3247/8104/4127 4349/7215/4292
f 3148/4950/3043 3147/4949/2634 4929/6643/4760
f 2088/6916/2813 4873/6918/4826 4370/633/578
f 3427/5425/4296 3426/5424/4295 4551/6134/4593
f 1767/1690/1574 1855/2808/2525 4739/8105/1780
f 2679/4114/3513 2678/4113/3512 1186/1776/1648
f 4506/7551/4919 215/4495/272 2900/4497/3769
f 2428/3723/3225 1691/2559/2315 1690/2558/2314
f 951/1412/1315 1446/2206/2010 4178/1413/1316
f 2189/5733/2950 1884/2854/2562 1886/8106/2564
f 1548/2337/2124 4740/8107/2495 1287/1939/1789
f 2689/4131/3528 2485/3806/3288 1883/4132/2560
f 199/287/248 4741/8108/545 2354/4424/3137
f 1778/6766/2427 2590/3981/3414 2004/3029/2706
f 1196/1789/1659 3694/5891/4504 3696/5893/4505
f 2080/3153/2796 4739/3066/1780 2027/3065/2732
f 3820/7922/4595 888/1304/1218 4742/8109/3498
f 1265/8110/1761 1150/1721/1598 1152/1723/1600
f 1895/2873/2576 3367/5323/4239 1557/2349/2136
f 1080/1604/1494 4743/8111/539 3185/5010/4072
f 902/1197/1117 4513/7568/4872 807/1198/1118
f 2663/4084/3490 2848/4404/3713 3704/5905/4510
f 4744/8112/242 2963/8113/241 2342/4476/3123
f 3355/5293/3349 950/1410/1313 2454/4549/3254
f 4536/2974/2663 3718/5936/4520 1964/2975/2664
f 2778/4287/2901 4652/7893/2807 839/1238/1154
f 4745/8114/431 4794/4589/433 2955/4588/3836
f 4254/3637/3165 4618/8115/957 2534/3885/3344
f 1692/2560/2316 716/1060/987 2720/4180/3562
f 4513/7568/4872 2089/3180/2815 807/1198/1118
f 4845/6102/2960 4746/8116/2870 3799/6100/4579
f 1573/2371/2156 3713/5923/306 237/7373/305
f 3861/7404/4616 2798/4324/3658 4854/3188/2823
f 1582/2385/2169 4196/6883/4823 3035/4735/3920
f 2943/4564/3819 3371/5333/4244 730/5711/1011
f 4747/8117/718 2963/4604/241 4748/8118/243
f 316/464/419 2974/4625/3857 1728/2614/2366
f 938/1388/1293 3956/6394/4686 3166/4982/4055
f 4604/5600/4374 3521/5599/4373 3488/5541/4347
f 472/699/643 3447/5459/4311 1621/2451/2225
f 4289/7095/4825 2862/4427/3727 4676/5275/4214
f 2675/4105/3507 3706/5907/487 367/4106/489
f 3945/6377/4681 2852/4410/3716 3670/5846/4486
f 518/769/712 4300/771/714 4302/7005/1060
f 4896/3508/3074 4749/8119/1861 4750/8120/1104
f 961/7515/1334 962/2639/1336 1743/2638/2387
f 3464/5493/4329 3467/5500/4332 3469/5502/4333
f 4551/7651/4593 370/7650/496 3829/8121/4331
f 819/1214/1133 1699/2570/2325 1698/2569/2324
f 3518/5596/4371 3975/6438/4700 3851/6187/4610
f 2312/3527/3090 3797/6096/2831 2651/4065/3477
f 3632/1488/1385 4911/1487/1384 3631/8122/4456
f 1925/2916/2612 1822/6412/2477 3822/6141/4597
f 2650/4064/3476 3205/5043/4093 1765/2672/2411
f 969/1442/1344 1219/7372/1694 3960/6402/4689
f 1228/1845/1709 4331/7184/4871 3231/5088/4113
f 4146/6788/4800 3932/6358/4654 579/858/796
f 3801/6105/4392 3157/4967/4046 3156/4966/4045
f 3531/5618/4383 4751/8123/4236 4756/7878/4518
f 209/302/263 1866/2826/2539 1507/4162/2078
f 689/1014/943 4227/6957/4831 690/1015/944
f 1049/1556/1449 4120/6748/4789 1171/1752/1625
f 829/1227/1144 831/1229/1146 3483/5533/4343
f 1707/2582/2337 741/1098/1022 2790/4312/3647
f 3683/3848/3317 2509/3850/3318 3217/5062/4103
f 3607/5729/4437 3796/6151/3957 3071/4799/3963
f 2242/3419/3009 595/7595/821 2243/3420/3010
f 1788/2706/2438 4043/6597/4740 2700/4144/3537
f 316/464/419 3933/3918/3367 317/465/420
f 1451/2212/2016 3131/4916/2513 1452/2213/273
f 3186/6410/4073 4124/6700/4771 1513/6699/2085
f 4752/8124/4572 207/298/259 3130/4915/3130
f 4521/7587/4779 2392/7743/3182 819/1214/1133
f 4520/6857/4817 3197/5028/4085 3298/6254/4176
f 3800/5335/4246 4884/6035/3626 4845/8125/2960
f 788/1170/1090 2560/3931/3378 789/1171/1091
f 2171/3315/2929 3570/5673/4409 4150/7336/4804
f 2990/8126/3872 1890/2865/2569 2913/4510/3781
f 2990/8126/3872 2913/4510/3781 3971/7846/3873
f 190/5496/230 429/641/585 4529/7605/228
f 3491/5545/4349 3593/5708/3633 2127/3349/2875
f 3051/4763/3939 3491/5545/4349 2127/3349/2875
f 4753/8127/4950 2917/8128/3785 4754/8129/4489
f 2257/7833/3024 3549/5647/3023 3548/5646/2086
f 4630/8130/1663 4435/8131/4843 4624/8132/4079
f 4630/4434/1663 4624/7822/4079 2865/4435/3732
f 3425/5422/4294 2030/4253/2739 2769/4276/3625
f 3428/3459/3038 4755/8133/1248 2909/7826/3778
f 3995/6478/4711 1526/6506/2101 1936/5921/2624
f 2027/8134/2732 511/2931/702 1844/2788/2508
f 3793/4618/3854 2027/8134/2732 1844/2788/2508
f 2334/3557/3113 4612/8135/3613 3868/6214/4622
f 4756/8136/4518 4751/5320/4236 4935/118/100
f 1490/2591/2056 4538/2978/2666 4403/7330/2045
f 441/7553/604 3917/8137/4656 1175/1759/1631
f 603/6261/831 3724/5949/4525 3725/5948/4526
f 4861/6280/4643 1059/1575/1466 1674/6278/2290
f 3604/5723/3303 2379/3639/3167 3526/5724/4378
f 2745/4230/3034 2744/4229/3593 3670/5846/4486
f 1566/2362/2147 4365/7258/4886 1567/2363/2148
f 1846/2791/2510 3940/6371/2408 3227/2792/2511
f 4299/5214/4183 772/1147/1069 3195/8138/4082
f 3493/5547/4351 3590/5702/4423 4685/5000/4067
f 1072/8139/1482 4656/7898/1481 616/3827/847
f 4853/7412/674 493/8140/673 4885/3728/3228
f 1862/2822/2535 2718/4178/1095 2373/3626/3156
f 2853/4412/3717 2558/3925/3374 510/758/701
f 1921/4196/2608 99/137/113 577/474/429
f 3931/6354/4672 3791/6078/4576 4851/6355/4673
f 1310/1973/1814 3349/5284/4219 1309/1971/565
f 3713/2874/306 2305/3516/3082 1896/2875/2577
f 2261/3446/3027 2834/7142/3694 2344/3575/3125
f 4180/895/828 4757/8141/584 4071/896/829
f 3976/6441/4701 219/6443/277 2676/7581/3510
f 881/1294/1208 4109/6728/4780 4257/7033/4846
f 4848/4204/3579 123/169/145 127/173/149
f 3718/8142/4520 1173/1755/1628 3719/1754/1627
f 3916/5760/4453 3999/4111/3511 568/841/781
f 1708/2583/2338 1707/2582/2337 2085/3172/2809
f 3784/1423/1326 955/1422/1325 2516/2726/2451
f 1543/2330/2119 3529/5616/4381 1544/2331/1222
f 3324/5250/4200 3962/6405/4691 2766/4270/3621
f 2087/3175/2811 958/1429/1331 1974/2990/2674
f 1090/2631/1507 4746/4613/2870 2968/4612/3851
f 1855/2808/2525 3351/5287/4220 556/827/767
f 2566/1978/1819 4944/5060/2064 1314/1979/1820
f 2396/3668/3187 1374/2070/1900 2397/3669/3188
f 1817/2747/2471 410/608/557 412/610/559
f 797/1181/1101 4758/8143/4330 4133/5061/4102
f 877/1290/1204 876/1289/1203 3062/4785/3951
f 3822/6141/4597 1822/6412/2477 3825/7549/2479
f 3710/5915/3737 663/980/911 665/982/913
f 1714/3495/2348 136/182/158 1715/7541/2349
f 3450/4668/3883 2845/4395/3711 1487/4397/2052
f 1045/1552/1445 2445/3754/3245 1771/2681/2419
f 4469/7470/3885 4939/1072/999 4420/7364/4897
f 976/1453/1354 2900/4497/3769 2957/4593/3839
f 976/1453/1354 2957/4593/3839 3870/6220/4623
f 4856/2434/2211 835/1233/1150 2401/3675/3192
f 1620/2450/2224 4856/2434/2211 2401/3675/3192
f 3608/5730/4438 81/110/94 1643/4945/2251
f 425/632/577 1364/2057/1890 2864/4432/3730
f 2216/3386/2984 2156/3292/2910 1763/2670/2409
f 1621/2451/2225 694/5225/949 3309/5224/4189
f 817/1212/1131 3703/5902/4509 1168/1747/1621
f 2127/3252/2875 3839/533/484 2128/3253/2876
f 3775/6045/4560 4572/7701/4692 3594/5709/4428
f 4661/7907/4131 3818/6132/4592 3533/5622/4386
f 4161/139/115 3821/6139/4596 101/140/116
f 502/747/690 392/583/534 394/586/537
f 3110/1712/1591 2949/4573/3826 3610/5732/4440
f 3653/5811/4468 2199/3356/2963 4434/3355/2962
f 4564/7681/1282 1386/2099/1925 1385/2098/1924
f 4103/6716/4776 2646/4059/3471 2730/4197/3575
f 4482/7483/4910 2569/3947/3389 2394/8144/3184
f 4759/8145/760 552/4307/759 4169/8086/3252
f 3150/4953/3817 4050/6612/4748 4447/4954/4038
f 1092/1622/1512 2497/3832/2741 809/1202/1121
f 1544/1308/1222 3948/5981/4540 598/5980/824
f 4544/8097/4928 2601/3999/1629 940/8146/1300
f 3767/4221/3587 3769/7285/4553 3926/6338/4665
f 2594/3988/3420 4110/6729/4781 2309/8147/3089
f 746/1107/1031 747/1108/1032 2716/4176/3559
f 3440/4835/3980 1217/1824/1691 4865/8148/4951
f 4725/8069/4949 4033/6570/4734 4760/8149/3790
f 3443/5453/3508 3442/5452/4308 3543/5640/3708
f 3261/5142/4139 419/623/570 3291/8150/4172
f 4469/7470/3885 4420/7364/4897 3901/6286/4644
f 2449/3758/3248 2372/3625/3155 3462/5488/4326
f 3244/5114/4124 3401/5386/4272 4157/5862/4490
f 1560/2352/2139 4666/2617/2369 1638/2479/2248
f 1000/1483/1380 1214/1819/1686 1848/2797/2515
f 3775/6045/4560 3594/5709/4428 633/938/870
f 1071/1589/1480 2506/3845/3314 2507/3847/3316
f 3505/5566/4357 2510/3851/3319 2442/3751/3242
f 4791/6343/4668 3012/4700/3902 3929/6344/4669
f 4243/8093/4842 4722/8062/4948 2468/3784/3271
f 2982/4636/2801 2981/4635/1718 258/5075/335
f 2319/551/502 375/554/505 4575/7705/3098
f 4473/7477/4746 4679/1525/1420 1025/1527/1422
f 4011/6508/4721 455/676/620 909/1338/1249
f 4198/1389/1294 938/1388/1293 4271/4981/4054
f 3232/5089/3667 1804/2733/2457 4673/5090/4114
f 3088/4836/3981 3914/6307/4652 4224/6951/4830
f 2427/3722/3224 717/1061/988 2428/3723/3225
f 1421/1697/1580 1135/1699/1582 1422/6003/1983
f 1503/2281/2074 3051/4763/3939 2195/3348/2957
f 4597/7759/3541 4761/8151/3543 1304/1964/1811
f 2859/4421/3722 2637/4046/3462 3672/5850/4488
f 3094/8152/3989 4698/4456/3744 1800/4458/2450
f 308/451/406 3253/450/405 3038/4745/3927
f 4604/5600/4374 3488/5541/4347 3487/5540/4346
f 225/323/283 480/711/655 182/256/217
f 995/1477/1375 2498/3833/3305 3006/4690/3897
f 2413/3693/3205 3637/1117/1041 2414/3694/3206
f 639/6345/880 4172/6347/4670 3044/4753/3932
f 3857/6194/4615 4544/8153/4928 652/965/897
f 1901/2881/2583 3496/5550/4354 3741/5974/4537
f 1669/2525/2285 3584/5693/4417 3171/4990/4061
f 1678/8154/2295 1783/2698/2433 759/1127/1051
f 4696/8155/4571 207/298/259 4752/8124/4572
f 3149/4951/4036 4820/7380/1675 2438/4/4
f 1417/6232/1975 1402/1034/961 4376/7276/4888
f 2873/4451/3741 2533/4453/3343 2965/4608/3849
f 859/2830/1182 4028/2035/1871 4186/8156/2431
f 409/607/556 3134/8033/4025 3976/6441/4701
f 3397/5379/4270 1854/7594/2524 2054/5380/2770
f 3824/6146/4599 3921/6223/4624 4003/6493/4714
f 3003/4684/3893 3142/4938/4032 1768/2678/2416
f 2481/3798/3283 2076/3148/2793 2588/3979/3412
f 2689/4131/3528 111/156/132 2485/3806/3288
f 360/527/478 1373/2069/1899 361/528/479
f 4052/6616/4750 3642/1362/1268 922/1361/1267
f 4411/7343/3108 147/7643/169 4096/6697/4769
f 1529/2313/2104 1103/1639/1527 4535/7615/4925
f 909/1338/1249 911/1340/1251 3620/5750/4448
f 2360/7326/3144 2123/3245/2869 476/3244/650
f 3987/6465/4156 2149/5427/2899 3480/1368/1274
f 4286/7089/4858 4167/6824/4812 4051/7090/4749
f 3723/1271/1186 862/1270/1185 4078/8009/4764
f 805/1194/1114 806/1195/1115 1480/8157/2044
f 409/607/556 4059/6628/236 4136/6772/4793
f 1539/2324/2115 785/1166/1086 3685/5876/4497
f 98/136/112 99/137/113 1921/4196/2608
f 1166/1744/1618 2255/3434/3020 1392/1745/1619
f 2172/5130/2931 3635/5784/4459 1547/7550/2123
f 4762/8158/4175 4827/3881/3340 2493/3824/3301
f 4763/8159/2223 1620/8160/2224 4581/8161/3216
f 2763/4264/3615 562/833/773 3505/5566/4357
f 2897/4490/3766 2929/4539/3800 2930/8162/3801
f 2342/4476/3123 2865/4435/3732 4624/7822/4079
f 3925/4664/3879 3485/5538/3571 3486/5539/4345
f 3794/8022/3425 4643/8163/3223 2946/8164/3823
f 4318/7166/4869 186/264/225 3024/4720/3913
f 868/5997/1194 2390/5996/3180 2032/3076/2742
f 3199/8165/4087 2505/8166/3313 3108/8167/3904
f 4875/3369/2858 4338/7935/4875 557/828/768
f 3564/5665/4405 3102/4860/3995 1649/2497/2259
f 499/741/684 4216/6938/919 671/1559/920
f 2052/3108/2768 1319/1985/1826 1321/1987/1828
f 616/915/847 4296/6121/4586 3679/869/805
f 861/1269/1184 2188/6764/2949 1339/2016/1854
f 3121/7196/1103 3236/5100/4117 3763/6024/2772
f 4764/8168/4002 4335/7948/4873 4548/7397/4899
f 1388/2101/1927 3468/278/239 3770/6034/4554
f 2761/4258/3610 4534/7613/4698 4953/4259/3611
f 3357/5295/4223 2799/8169/3659 2800/6528/3660
f 4765/8170/3926 4592/5506/4335 4602/7769/4932
f 3731/5961/295 2448/3757/3247 2447/3756/3246
f 306/447/402 4249/8171/4844 2991/3986/3418
f 3789/3158/2799 2083/3157/2798 3010/4697/3900
f 1490/2591/2056 4388/2590/2345 4092/8172/2057
f 3763/6024/2772 3236/5100/4117 2670/5101/3501
f 3315/8173/4193 4065/6637/4759 4812/8174/4952
f 4162/3209/2839 4766/8175/2786 2356/3210/2840
f 1602/734/678 2382/733/677 4267/3818/3296
f 1628/2463/2234 3249/8176/4129 3410/5400/4281
f 4392/7591/868 4303/7129/4862 3656/5815/4242
f 3205/5043/4093 908/1335/1246 4176/1334/1245
f 3815/6128/4536 3429/5430/4298 3428/5429/3038
f 1303/1961/1808 1302/1960/1807 4232/6969/4836
f 3105/4867/3999 355/521/472 3569/5672/3984
f 3772/6039/4558 3993/6476/4710 3806/6113/4584
f 1646/2492/2255 2843/4389/3706 3348/7843/4218
f 4465/7147/4864 2196/3350/2958 4767/8177/2874
f 2452/230/200 3846/6230/4606 4262/228/198
f 840/1239/1155 3011/7211/3901 841/1240/1156
f 3512/5582/4365 3275/5171/4157 3682/5873/4495
f 4693/7982/3239 4816/5311/4230 2439/8178/3240
f 4768/8179/4142 2598/3996/3426 3136/4926/4026
f 1175/1759/1631 3917/8137/4656 3916/5760/4453
f 574/1263/792 2430/3729/3229 857/1264/1179
f 4591/4468/3750 2523/3870/3331 2568/3946/3388
f 3174/4994/3710 4932/2988/2672 1727/2613/2365
f 4769/8180/4422 4153/6802/4785 4209/4150/3542
f 3651/5809/4467 1157/1729/1605 4027/6558/4645
f 4523/7589/4923 1974/2990/2674 1179/1764/1636
f 4693/3747/3239 4091/6687/4767 2435/3741/3237
f 3029/4727/3915 3028/4726/2946 977/1454/1355
f 4184/8181/3202 1787/8079/2437 1381/8078/1917
f 824/1219/1138 4542/7627/4927 822/1217/1136
f 1804/2733/2457 4480/6504/4719 4672/7937/2384
f 267/396/351 2202/3362/2966 4770/8182/4263
f 322/7492/430 1920/2908/2606 1824/2759/2482
f 1833/8052/2492 4084/120/102 2644/8183/2493
f 336/494/449 4274/8184/4850 3380/5350/4256
f 4062/6634/4756 3078/4814/3971 2659/4080/3486
f 4292/709/653 4771/8185/4859 4106/6721/4778
f 3818/6132/4592 3474/5516/4339 1574/2373/2158
f 2540/3895/2252 89/121/103 4712/3896/3352
f 1806/2735/2459 1709/2585/2340 1711/2587/2342
f 1344/2022/1860 2942/4563/3818 798/1185/1105
f 2778/4287/2901 839/1238/1154 4772/8186/4690
f 3408/5393/4277 4537/7618/4926 4785/5394/4278
f 98/136/112 1921/4196/2608 2582/8187/2607
f 3983/5662/4403 2522/3869/3330 4663/7915/2008
f 732/1087/1014 731/1086/1013 1051/1561/1453
f 2490/8188/3295 311/4933/413 4773/8189/4539
f 390/8190/530 3753/6008/4546 353/520/471
f 2686/4128/3525 1315/1980/1821 458/681/625
f 3619/2144/1962 2967/8191/2959 2197/2143/1961
f 3073/4806/3966 3259/5139/4136 3074/4807/3967
f 689/1014/943 1382/2092/1919 2822/6325/3683
f 2811/4343/3673 4924/2000/1839 2378/6224/3163
f 3962/6405/4691 4567/7689/4930 2766/4270/3621
f 2393/3664/3183 4482/7498/4910 2394/3665/3184
f 1040/1546/1440 4208/1545/1439 1326/3064/1836
f 1603/2419/1017 1602/2418/678 4266/7045/1669
f 3461/5483/4324 3460/5482/4323 238/348/308
f 1251/1882/1739 3557/5657/4400 2409/3686/2151
f 3820/7922/4595 2479/3795/3281 888/1304/1218
f 1669/2525/2285 3995/6478/4711 3584/5693/4417
f 4774/8192/1940 1867/2828/2541 4319/2827/2540
f 1347/6736/1866 4949/6735/4784 3162/8193/3990
f 2612/4014/3439 3140/4930/4029 3705/5906/4511
f 3138/4928/4027 2612/4014/3439 3705/5906/4511
f 462/686/630 2984/4638/3864 1858/2813/2528
f 989/1470/1368 3629/8194/2907 4775/8195/4911
f 3268/5155/4146 1941/2938/2630 1442/2201/2007
f 619/921/853 974/1451/1352 1060/1576/1467
f 697/8196/955 1352/8197/1873 1139/8198/956
f 1786/2703/2436 1828/2765/2487 1830/2767/2489
f 3152/4956/4040 1467/2233/2033 1466/2232/2032
f 377/556/507 4358/7242/1564 3355/8060/3349
f 4222/4091/3495 2091/3184/2819 2666/4092/3496
f 3473/5174/4160 1481/2250/2046 4213/473/428
f 865/1274/1189 3110/4879/1591 4905/1275/1190
f 63/8199/72 810/1204/1123 3515/1203/1122
f 3871/5777/1547 3737/8200/4425 4320/5778/4457
f 2954/4587/3835 2414/3694/3206 753/1116/1040
f 3185/5010/4072 4124/8201/4771 3186/5011/4073
f 4606/7778/4934 3555/5653/4398 2332/3555/3111
f 1225/1839/1703 1604/3002/2201 4525/7598/4924
f 2305/3516/3082 3998/3515/3081 1896/2875/2577
f 1155/1726/1603 4595/7757/1756 1997/3022/2700
f 211/305/266 4603/7772/4933 4893/306/267
f 1656/2506/2268 1745/2642/1566 2043/3094/2757
f 1954/2954/2645 4436/3894/3351 4064/6636/4758
f 1510/6062/2082 1512/3176/2084 4324/3177/2812
f 288/7429/379 2699/7431/3536 4801/4090/3494
f 2168/7162/2926 4173/7164/4813 2423/3713/3217
f 2380/3641/3168 4211/5590/4368 3371/5333/4244
f 3926/6338/4665 3769/7285/4553 4462/7454/4905
f 4163/4109/3509 1307/1969/1812 4776/8202/4580
f 3395/5375/3008 328/485/440 833/3034/1148
f 2950/4577/3829 3128/4912/4019 2682/4121/3519
f 2543/3901/3357 4293/7106/4860 836/1234/1151
f 1972/2987/2190 3600/5716/1366 4777/8203/2191
f 3575/5675/4411 492/7579/672 3532/5621/4385
f 2520/4039/3328 3933/6361/3367 2521/6360/1592
f 3005/4689/3896 995/1477/1375 3006/4690/3897
f 4778/8204/845 4637/1990/1831 4352/7226/2629
f 400/1341/546 4741/8108/545 199/287/248
f 3090/7980/3983 960/6652/1333 1316/1982/1823
f 3939/8205/4516 2453/4547/3253 2093/8206/2821
f 2426/3717/3221 4755/4461/1248 687/1011/941
f 725/1076/1003 1832/2770/2491 4359/1077/1004
f 612/1727/841 614/3708/843 1156/1728/1604
f 3890/5345/4254 4222/4091/3495 2667/4093/3497
f 534/798/739 3320/5245/2818 535/799/740
f 423/540/491 4442/7414/448 1317/1983/1824
f 3896/6277/4642 2958/4594/3840 4795/5307/4227
f 2595/3990/3422 3922/6323/4660 2596/3991/3423
f 4539/1898/1753 4101/8207/4775 2363/3614/3147
f 2591/3982/3415 4568/7693/4861 1569/2365/2150
f 1018/1515/1410 1017/1514/1409 3699/5896/4507
f 2349/3583/3132 4555/5359/4259 2350/3584/3133
f 3922/6323/4660 1164/1740/1615 2596/3991/3423
f 2004/3029/2706 2006/3031/2708 1065/5726/1474
f 2466/3781/3269 3592/5706/4426 2146/7031/2896
f 4600/6846/4815 4897/3537/3099 2321/3539/3101
f 4700/1779/1651 3595/5710/2357 1151/1722/1599
f 2213/5163/2980 4603/7772/4933 211/305/266
f 2594/3988/3420 2309/8147/3089 3645/7080/3859
f 4331/7184/4871 1229/1846/1710 3608/8208/4438
f 4894/7692/3514 4779/8209/3661 4568/7693/4861
f 2507/3847/3316 2765/4269/3620 3707/5908/2298
f 198/285/246 197/284/245 206/5855/256
f 1592/7355/2182 4568/7693/4861 2591/3982/3415
f 580/859/797 4082/6674/1864 3162/4974/3990
f 3212/5053/4100 1934/2927/2622 2223/3393/2990
f 3212/5053/4100 2223/3393/2990 2587/3978/3411
f 3709/8210/4513 2868/7602/3736 4347/7210/4881
f 3904/6292/4646 3709/8210/4513 4347/7210/4881
f 2096/3191/2825 3597/5713/4429 3317/5241/4195
f 4445/4544/3803 1147/1718/1596 1149/1720/1597
f 4445/4544/3803 1149/1720/1597 1220/1829/1343
f 4186/8156/2431 4028/2035/1871 4780/8211/2754
f 938/1388/1293 3053/4765/3941 3956/6394/4686
f 2696/4140/3533 2571/7840/3391 3214/5055/3390
f 2816/7727/3677 4072/2973/2662 1141/1708/1588
f 4140/6779/4795 3202/5037/4090 3965/6416/4694
f 2007/6503/2709 3780/6056/4565 3781/6057/4566
f 4173/6837/4813 1959/4977/2656 3164/4978/4052
f 460/2146/627 4628/8212/629 2846/4396/3712
f 4781/8213/4852 2693/4137/1941 1956/2961/2652
f 856/7237/1178 3077/4813/3970 575/853/793
f 574/852/792 856/7237/1178 575/853/793
f 2824/5291/3685 1218/1826/1693 2785/4299/3640
f 2618/4021/3445 3980/6450/3396 3581/5690/4153
f 3521/5599/4373 2301/3510/3076 2300/3509/3075
f 2417/3699/3209 2266/3451/3032 450/669/613
f 4519/7580/4921 2997/4663/3878 3015/4705/3906
f 3407/5392/4276 2656/4076/3483 1001/1484/1381
f 808/1044/971 4782/8214/1120 4230/2579/2334
f 1289/1941/1791 4783/8215/1406 4189/1942/1792
f 1321/1987/1828 3607/5729/4437 4272/7052/4849
f 906/1332/1243 2471/7918/3274 1923/1994/1834
f 4199/6896/2262 1285/1934/1785 287/1936/378
f 4743/8111/539 1082/1606/1496 2748/5235/2333
f 4784/8216/4414 4466/8217/4907 2746/3069/2735
f 4784/8216/4414 2746/3069/2735 3579/3068/2734
f 4760/8149/3790 4033/6570/4734 4425/6240/3942
f 572/848/788 783/1162/1083 1143/1710/1590
f 3190/5016/4077 3947/1931/1782 3191/5017/4078
f 2034/3173/2745 2791/4313/3648 3285/6650/4167
f 402/341/301 4649/7741/1998 4221/8218/4829
f 236/344/304 3105/4867/3999 783/1162/1083
f 958/8219/1331 960/6652/1333 3090/7980/3983
f 561/832/772 4612/8135/3613 2334/3557/3113
f 817/1212/1131 2029/7121/2736 4563/6308/4653
f 3353/5289/4221 1380/2086/1915 4046/6602/4742
f 2871/1419/1322 4035/6576/4736 954/1417/1320
f 3613/4968/4047 965/1437/1339 3422/5416/4291
f 2994/4656/3875 2852/4410/3716 3945/6377/4681
f 659/976/907 290/426/381 289/425/380
f 1441/2200/2006 3722/1629/1519 3721/8220/4521
f 2816/4688/3677 3744/4687/3895 2815/3192/2826
f 4128/6758/4792 3513/8221/4366 4018/6525/4724
f 495/732/676 1058/6639/1463 3909/6299/4650
f 1450/2210/2014 1449/2209/2013 564/3379/777
f 4679/1525/1420 4775/8222/4911 1024/1526/1421
f 1357/2047/1880 1358/2049/1882 3489/5543/4348
f 4677/3968/3404 2916/4513/3784 3663/6683/4474
f 2402/3677/3194 227/8223/285 3054/3678/3195
f 3669/5844/4484 1066/1584/1475 4275/7063/3581
f 3682/5873/4495 3275/5171/4157 3351/5287/4220
f 4362/7252/1734 4552/7653/1733 3246/5116/4126
f 4893/8224/267 4785/8225/4278 4786/8226/4037
f 547/814/754 4829/4246/3603 1553/2343/2130
f 839/1238/1154 2183/3333/1611 4772/8186/4690
f 4532/8227/4904 3509/5576/4362 4533/4214/3583
f 4936/5491/4328 719/1067/994 718/1066/993
f 691/1016/387 4805/1018/946 1531/8228/2106
f 671/1559/920 4787/8229/3556 4711/1560/1452
f 4298/7122/1080 294/430/385 3648/5802/4464
f 1564/2360/2145 3122/8230/4014 3314/5031/1921
f 509/757/700 2853/4412/3717 510/758/701
f 800/1189/1109 3185/6754/4072 4743/5957/539
f 2780/4291/3635 2195/3348/2957 4465/7147/4864
f 4238/6988/392 3299/5204/4177 298/5205/393
f 990/1471/1369 989/1470/1368 4775/8195/4911
f 990/1471/1369 4775/8195/4911 4679/7950/1420
f 3410/5400/4281 2762/8231/3614 4612/7795/3613
f 4468/5670/4065 4869/1631/1520 4783/1630/1406
f 3771/6036/4555 4525/7598/4924 4647/6037/4556
f 786/1167/1087 2627/4033/2678 3865/6462/2166
f 795/1179/1099 1409/2139/1957 796/1180/1100
f 4767/3251/2874 3002/4683/3762 4465/8232/4864
f 1311/1974/1815 1312/1976/1817 4589/2004/1843
f 4837/4191/3570 4788/8233/3362 523/5449/722
f 2862/4427/3727 4289/7095/4825 3891/6268/4638
f 1249/1880/1737 1860/2815/2530 1250/1881/1738
f 3497/5552/4231 1064/1582/1473 3686/3276/2895
f 3636/5785/4460 425/632/577 2864/4432/3730
f 1753/5085/2397 2025/3059/2729 3069/5864/3961
f 2433/7400/3234 4789/8234/3236 1563/2358/2143
f 545/812/752 1552/2342/2129 1838/2778/2499
f 2908/4505/3777 4920/4759/3937 3048/4758/1400
f 4440/7403/4900 3029/4727/3915 688/1013/942
f 3656/5815/4242 3655/5814/4470 1473/7485/2039
f 3652/5580/4363 2919/4517/3787 2461/8235/3264
f 365/535/486 1866/2826/2539 208/301/262
f 424/630/575 1774/2685/2423 2446/631/576
f 1687/8236/2307 3385/5360/418 3387/5362/4261
f 1461/2225/2026 2758/4252/3607 2133/3260/2881
f 1016/1512/1407 3695/5892/2308 3694/5891/4504
f 2898/3373/2973 2208/3375/2975 4790/8237/693
f 652/8238/897 4544/7634/4928 4207/8239/2814
f 4772/6404/4690 2183/1736/1611 1161/1735/1610
f 1706/2577/2332 2369/3622/3152 2370/3623/3153
f 2866/4439/3735 4476/2235/2035 1470/2237/2037
f 4219/8240/4667 4903/2595/2347 4791/8241/4668
f 1266/1907/1762 3178/5001/4068 1633/1908/1763
f 2283/3483/3056 3293/5196/4173 4263/3061/2731
f 2153/3287/2905 4064/6636/4758 2924/4531/3794
f 2534/8242/3344 4534/7613/4698 2761/4258/3610
f 1482/2251/2047 3278/5175/4161 4154/8243/3719
f 4073/1021/948 693/1020/947 3982/5358/4258
f 932/1380/1286 4336/7194/4874 4728/5327/4240
f 3717/4740/3924 4792/8244/2164 154/4741/178
f 37/52/46 36/51/45 1555/2347/2134
f 461/684/628 4293/7106/4860 3498/7503/4356
f 1820/2750/2474 4206/6472/4707 4203/5845/4485
f 3304/8245/4184 4793/8246/4945 4888/3959/3399
f 3700/5898/4508 1470/2237/2037 2490/3817/3295
f 1489/2259/2054 3620/8247/4448 2311/2260/2055
f 3863/6202/4618 2798/7912/3658 3861/6200/4616
f 1649/2497/2259 2449/3758/3248 3462/5488/4326
f 2068/3136/2784 1213/1818/1685 4794/8248/433
f 2068/3136/2784 4794/8248/433 4795/8249/4227
f 2134/3262/1954 4532/8227/4904 4668/3263/2883
f 1897/2876/2578 2276/3472/3046 2042/3933/2756
f 2860/4422/3723 3619/2144/1962 814/1208/1127
f 4900/7248/1102 4236/8250/3094 124/7246/146
f 3333/5262/3954 4885/3728/3228 4581/8251/3216
f 733/1088/1012 734/1090/1015 4218/3838/3308
f 1384/2097/1923 954/1417/1320 4644/7874/4938
f 797/1181/1101 4236/3531/3094 4900/1182/1102
f 3669/5844/4484 1523/2307/2098 1591/2396/2180
f 154/4741/178 4792/8244/2164 4057/8252/4752
f 2267/3456/3037 4904/7250/846 4217/8253/4828
f 1718/2603/2355 264/390/347 391/8254/531
f 1839/2780/2501 3326/6258/4202 1840/2781/2502
f 2712/1962/1809 1304/1964/1811 4761/8151/3543
f 1561/2353/2140 3517/2588/2343 4010/3853/3321
f 1559/2351/2138 1561/2353/2140 4010/3853/3321
f 2768/4274/3623 3055/4769/3943 3894/6273/4639
f 4796/8255/1702 4738/4153/3545 4686/4152/3544
f 2605/589/540 2748/4236/2333 4797/8256/3433
f 3693/5889/4503 1554/2346/2133 3281/2345/2132
f 4803/1399/1302 3665/8257/4479 4372/8258/4735
f 3005/4689/3896 3007/4691/2199 1346/2028/1865
f 2176/3322/2935 372/5870/499 4054/6620/501
f 1229/1846/1710 2491/3821/3298 3608/8208/4438
f 2389/3658/3178 221/318/279 3393/3659/3179
f 4791/6343/4668 1990/3015/2694 3012/4700/3902
f 1822/2753/2477 185/263/224 1924/2915/2611
f 969/1442/1344 3960/6402/4689 4029/3666/3185
f 4444/343/303 3086/4580/3832 236/344/304
f 2786/7932/3641 3671/5847/4487 4922/3631/3161
f 754/1118/1042 4798/8259/3747 971/1119/1043
f 838/5024/1153 432/644/588 4799/8260/4123
f 2147/3279/2897 4375/7275/1689 2148/3280/2898
f 4189/6870/1792 4190/6871/4819 4800/8261/1793
f 1018/2472/1410 1632/2471/2242 3475/5523/352
f 1018/2472/1410 3475/5523/352 4330/6813/4550
f 2104/3206/2836 1398/2116/1939 2693/2118/1941
f 2114/3221/2849 4020/6530/1684 3954/6390/4685
f 4725/8262/4949 1003/1486/1383 3632/1488/1385
f 728/1080/1007 4890/7197/3505 2117/4678/2854
f 1532/2316/2107 1531/2315/2106 3910/6301/4651
f 4539/6714/1753 4334/5790/4462 4102/6715/3549
f 4801/8263/3494 2699/4143/3536 2698/4142/3535
f 4697/809/750 473/811/644 4802/8264/4855
f 2136/3265/2885 4697/8265/750 4802/8266/4855
f 3524/5605/1314 1323/1991/1832 164/226/196
f 3361/1425/1328 4117/6662/2550 3969/6424/4696
f 2751/4241/3600 4587/7735/4360 2536/3887/3346
f 4128/6758/4792 1952/2952/2643 4561/7677/3889
f 3437/5445/4306 2323/3543/3102 2914/4511/3782
f 4525/7598/4924 1224/1837/1701 1225/1839/1703
f 4320/7168/4457 4580/7718/2354 2947/4571/3825
f 3401/5386/4272 744/1105/1029 743/1104/1028
f 3665/5835/4479 4803/8267/1302 4804/8268/2461
f 3986/6463/4703 446/665/609 494/731/675
f 1342/4146/1857 690/1015/944 4508/7558/4469
f 4081/6673/1617 4410/7340/1027 4281/7078/4856
f 4805/8269/946 3910/6301/4651 1531/2315/2106
f 4250/3769/3258 4249/8270/4844 1943/2940/2632
f 1214/1819/1686 1002/1485/1382 1318/1984/1825
f 3343/8271/4215 3887/6260/4636 4387/8005/3965
f 1464/8272/2029 3231/5088/4113 1471/6046/1521
f 2915/4512/3783 4897/8273/3099 4449/7432/4814
f 4676/7944/4214 3343/7300/4215 4167/6824/4812
f 3918/1473/1371 4155/8274/4807 4379/2816/2531
f 2888/7117/3756 424/630/575 4806/8275/2376
f 1517/3609/2091 1518/8276/2093 2634/4043/2759
f 4807/8277/2200 4647/6037/4556 1604/3002/2201
f 455/676/620 4366/8278/4805 1930/2922/2618
f 1731/2619/2371 4211/5590/4368 2380/3641/3168
f 1732/2620/2372 1731/2619/2371 2380/3641/3168
f 2902/4499/3771 3905/6293/4647 3561/5661/4402
f 3386/5361/4260 422/626/573 368/628/490
f 130/176/152 2592/3983/3416 116/161/137
f 3959/2258/2053 2311/2260/2055 4808/8279/1657
f 1806/5353/2459 1122/1669/1556 3797/6096/2831
f 4809/8280/666 4463/8281/665 4158/8282/4810
f 3122/4901/4014 2152/3286/2904 3123/4902/4015
f 4372/6885/4735 3665/5835/4479 3602/5719/4433
f 935/1384/1289 934/1383/1288 206/295/256
f 2995/4660/3876 2244/3422/3012 1652/3424/2263
f 2371/3624/3154 2509/3850/3318 4810/8283/4280
f 2304/4874/3080 4272/7052/4849 3070/4798/3962
f 4811/8284/1696 3315/5237/4193 3511/5581/4364
f 3378/5346/3948 2667/4093/3497 2887/4473/3754
f 3601/5717/4431 4140/6779/4795 3516/6926/4369
f 2748/2578/2333 4641/7691/3231 489/725/669
f 2122/5078/2867 4490/6752/2866 3225/5076/4108
f 2180/7235/2939 4177/4026/386 1081/1605/1495
f 4696/8155/4571 351/515/468 207/298/259
f 3316/5238/4194 4812/8285/4952 914/6512/1258
f 1092/1622/1512 809/1202/1121 1093/1623/1513
f 2288/3490/3060 998/1480/1378 997/1479/1377
f 3420/5414/4289 229/327/287 1341/2018/1856
f 2795/5880/3652 4175/6839/4705 3457/5476/4320
f 3867/6210/4621 4813/8286/4953 1783/6211/2433
f 3081/4822/3974 1826/2762/2484 1827/2764/2486
f 305/445/400 718/8287/993 2370/5049/3153
f 2451/3760/3250 3318/5242/4196 3872/5244/4198
f 1686/2549/2305 3525/5607/4377 4774/5993/1940
f 2641/4052/2534 1172/1753/1626 1862/7101/2535
f 3312/5229/4191 2381/3643/3169 447/666/610
f 2298/4752/3072 1236/1857/1719 4709/8029/616
f 3680/5866/4491 153/202/176 3627/5762/1972
f 3456/1770/1642 648/958/890 1183/1771/1643
f 4233/4317/3651 1418/2162/1976 1790/2708/2439
f 4319/2827/2540 2219/3389/2986 1957/2962/2653
f 3091/4843/3986 3779/6055/4564 3280/5180/4163
f 202/290/251 2281/3479/3052 3625/5758/2582
f 4814/8288/3890 2153/3287/2905 3629/3289/2907
f 2708/4163/891 3605/5727/4435 4179/6855/4816
f 3069/4797/3961 541/806/747 2464/3779/3267
f 2524/3871/3332 3616/5743/4445 2525/3872/3333
f 1717/2601/2353 1716/2600/2352 4137/6773/761
f 1619/2447/2221 1353/2039/1874 931/1379/1285
f 1655/2505/2267 1048/5699/1448 811/1205/1124
f 684/1008/938 4697/8001/750 4196/7130/4823
f 2001/3026/2703 2549/3912/3363 3762/1522/1417
f 2261/3446/3027 2344/3575/3125 497/738/681
f 3714/7136/1970 4671/3814/3294 1238/1859/1721
f 1212/1815/1682 4081/1743/1617 1260/1897/1752
f 3436/5441/346 4815/8289/2481 4284/5442/4305
f 3557/5657/4400 4593/5919/4515 3558/5658/4248
f 92/124/105 94/127/108 1205/1803/1671
f 3159/4970/4049 965/1437/1339 3613/4968/4047
f 3242/5111/4121 3696/5893/4505 4690/7973/2310
f 678/999/929 679/1001/931 2641/2821/2534
f 3939/6368/4516 2093/3186/2821 2092/3185/2820
f 3811/6123/4588 3273/5165/4152 3272/5164/4151
f 4610/4991/4062 3537/147/123 3172/4992/4063
f 4388/7302/2345 4315/6065/4568 2890/4481/3758
f 3639/2288/2080 3476/5525/4340 1509/2289/2081
f 1299/7268/1804 4764/4880/4002 865/1274/1189
f 2319/8290/502 1472/2240/2038 1474/2242/503
f 4067/6644/4761 4608/7780/455 334/491/446
f 4944/4363/2064 2828/4364/3688 1919/7556/2604
f 4529/7605/228 429/641/585 431/643/587
f 2557/7146/3373 321/4002/427 3375/5340/4250
f 3/3/3 3915/6312/4655 527/789/730
f 3146/4944/4035 2470/3786/3273 3601/5717/4431
f 2644/4057/2493 2169/3313/2927 4161/6815/115
f 830/2697/1145 4495/7523/4739 858/1265/1180
f 4816/8291/4230 4139/6038/4557 2439/3748/3240
f 4753/8292/4950 3721/6571/4521 2917/6596/3785
f 2841/4386/3703 2313/3528/3091 2652/4066/3478
f 4489/4268/3619 687/1011/941 686/1010/940
f 692/1017/945 4937/6464/4704 925/1367/1273
f 3145/7543/4034 4868/3290/2908 544/810/751
f 1566/7284/2147 1853/2803/2521 4366/6797/4805
f 3395/5375/3008 3394/5374/4267 328/485/440
f 1650/2498/2260 3462/5488/4326 3195/5025/4082
f 2273/3468/3044 778/1153/1075 1085/1609/1499
f 4949/6735/4784 3949/6384/4683 2741/8293/3589
f 1534/2318/2109 210/8294/264 2266/3451/3032
f 4305/8295/3972 3392/5370/4266 2214/3383/2981
f 2866/4439/3735 1470/2237/2037 3700/5898/4508
f 253/370/330 4163/4283/3509 4164/8296/4811
f 3051/4763/3939 4493/7519/4916 3491/5545/4349
f 4056/6623/4751 4773/6866/4539 4817/8297/4477
f 1548/2337/2124 1287/1939/1789 3154/4958/4042
f 4019/6526/4725 1556/2348/2135 3037/4743/3925
f 1080/1604/1494 1082/1606/1496 4743/8111/539
f 164/226/196 2978/225/195 2977/6255/3860
f 4793/8298/4945 3304/8299/4184 4910/8300/4051
f 4299/5214/4183 3195/8138/4082 4818/8301/4544
f 4144/6785/4798 4094/2903/2602 1918/2902/2601
f 2221/3391/2988 3582/5691/4416 2222/3392/2989
f 3550/5648/4393 3097/4855/2272 181/253/216
f 3077/4813/3970 157/210/182 1747/2645/2391
f 634/939/871 2065/3129/2781 3616/5743/4445
f 249/365/325 3450/4668/3883 2999/4667/3882
f 3427/8302/4296 1420/2166/1980 3141/4937/4031
f 4819/8303/1269 3917/8137/4656 441/7553/604
f 1537/2322/2113 4571/2321/2112 1831/7633/2490
f 4686/4152/3544 2703/4154/3546 3158/7818/4048
f 3774/7527/1859 4440/7403/4900 1342/4146/1857
f 2774/4282/3628 253/370/330 4344/7206/4879
f 1644/2490/872 4723/2489/2253 993/1475/1373
f 2931/4543/3802 3107/4869/4000 3106/4868/2764
f 4005/6496/4715 3098/4856/3994 1845/2790/2509
f 2064/3128/2780 1450/2210/2014 3404/5389/4274
f 2438/1686/4 4820/8304/1675 1208/5303/1674
f 4160/2448/2222 1073/1594/1485 1635/2476/2245
f 2649/7525/3474 4378/7281/4889 4200/6897/3846
f 4821/8305/3522 4508/7558/4469 4822/8306/1741
f 4811/1832/1696 4065/6637/4759 3315/8173/4193
f 1012/2660/1399 2045/3097/2760 1580/2381/2165
f 3817/6131/2586 239/349/309 4162/6818/2839
f 2280/8307/3050 4823/8308/2841 2530/3879/2204
f 3222/2222/2023 1458/2221/2022 1658/2508/2270
f 102/141/117 2644/2772/2493 4161/139/115
f 4549/7647/4929 3630/5768/4455 3479/5767/4341
f 3745/3190/2824 4824/8309/3657 3597/5713/4429
f 1482/8310/2047 4154/4415/3719 2205/3367/2969
f 592/879/813 1496/2273/2067 4733/8096/4473
f 4265/7044/4847 4648/7883/186 4010/6502/3321
f 832/1230/1147 834/1232/1149 1829/2766/2488
f 4466/7465/4907 2925/4532/3595 2746/8311/2735
f 4382/7291/4890 2905/4502/3774 3973/6436/2773
f 4785/5394/4278 4537/7618/4926 2941/6847/3816
f 2390/5996/3180 1105/5573/1530 2033/3077/2743
f 2032/3076/2742 2390/5996/3180 2033/3077/2743
f 3648/5802/4464 2070/3140/2787 202/290/251
f 447/666/610 446/665/609 3986/6463/4703
f 2998/4665/3880 3486/5539/4345 3015/4705/3906
f 1968/2982/2668 1970/2984/2670 4694/7983/4946
f 3574/8312/1276 4825/8313/1278 1004/8314/349
f 545/812/752 1838/2778/2499 4722/8062/4948
f 2723/2955/2646 1112/1653/1540 1111/1652/1539
f 4604/7775/4374 3487/7933/4346 2825/4360/3686
f 2970/8315/3853 1537/2322/2113 4539/6714/1753
f 426/634/579 1364/2057/1890 425/632/577
f 4826/8316/2868 2122/5078/2867 3490/5544/2415
f 4221/8317/4829 2633/4042/3459 2634/4043/2759
f 1943/2940/2632 4249/8270/4844 306/8318/402
f 4130/6760/3069 720/5354/995 626/928/860
f 4133/6769/4102 4758/5494/4330 635/941/873
f 1892/2869/2573 4409/2868/2572 3799/8319/4579
f 683/1007/937 3145/4942/4034 684/1008/938
f 584/7294/801 399/593/544 1697/2566/2321
f 2597/6251/3424 2596/8320/3423 4426/7375/4228
f 803/1192/1112 3457/5476/4320 1312/1976/1817
f 4089/6379/2154 1389/2102/1928 407/604/238
f 4471/7474/4908 4813/8286/4953 3867/6210/4621
f 3566/8025/4406 3545/5642/4390 2424/3714/3218
f 2966/4609/3850 2533/4453/3343 3089/8321/3982
f 4453/6399/4688 526/786/727 1613/2436/2213
f 3425/5422/4294 203/291/252 2030/4253/2739
f 4605/2664/2405 972/1448/1349 1927/2918/2614
f 224/322/27 4345/7207/3636 225/323/283
f 3868/6214/4622 2752/8322/3601 4182/881/815
f 994/8323/1374 1961/2969/1751 4236/6983/3094
f 2971/6841/3855 916/1352/1260 1672/2528/2288
f 4484/7295/4891 4385/7296/4892 4519/7580/4921
f 4762/5200/4175 3295/5199/2443 4827/8324/3340
f 3611/5735/4441 3876/6236/2403 3677/4871/4001
f 3073/4806/3966 1515/2296/2088 3259/5139/4136
f 4446/7422/4902 4382/7291/4890 4720/6417/3729
f 3882/8325/4630 2680/4116/3515 4894/4115/3514
f 4758/5494/4330 2700/4144/3537 4043/6597/4740
f 414/612/561 3372/5334/4245 3373/5336/4247
f 4620/8326/4619 2297/3505/3071 4724/8066/1745
f 2342/5071/3123 1092/1622/1512 4744/281/242
f 3252/5128/2522 4828/8327/4018 4409/2868/2572
f 1038/1543/1437 1037/1542/1436 2893/7630/3761
f 3028/4726/2946 2185/1887/1744 1255/1889/1746
f 4158/6811/4810 771/1146/1068 4809/7216/666
f 2509/3850/3318 3762/7697/1417 3761/8328/4279
f 4873/6918/4826 2539/3893/1299 426/634/579
f 2159/3297/2914 2888/7117/3756 2889/8329/3757
f 3668/5843/4483 1362/2054/1887 295/434/389
f 638/947/879 2932/4545/3804 1220/1829/1343
f 3175/2338/2125 1548/2337/2124 1373/2069/1899
f 965/1437/1339 907/1333/1244 3422/5416/4291
f 4569/4053/3467 2954/7942/3835 412/610/559
f 4519/7580/4921 3015/4705/3906 3472/5510/4336
f 3014/4703/3905 710/1051/978 712/1053/980
f 1474/2242/503 1473/2241/2039 2965/4608/3849
f 1455/2216/2019 1454/2215/2018 4515/3163/2802
f 4829/8330/3603 4878/1799/1667 2755/3007/2689
f 4678/3284/2902 4670/7928/4922 4850/4351/3678
f 953/1416/1319 2167/3311/2925 2166/3310/2924
f 1207/1805/1673 1119/6434/1552 3892/6271/1008
f 877/1290/1204 3062/4785/3951 4052/7315/4750
f 1772/2682/2420 4467/7468/3059 2287/2683/2421
f 3160/4972/4050 3167/4985/4057 4716/4984/4056
f 2575/3958/3398 4803/1399/1302 4372/8258/4735
f 914/1349/1258 3553/5651/4396 3276/7282/4158
f 4190/6871/4819 4864/1513/1408 1196/1789/1659
f 4190/6871/4819 1196/1789/1659 4191/6873/4820
f 2645/4058/3470 258/5075/335 2646/4059/3471
f 3476/8331/4340 1499/2277/2070 1501/2279/2072
f 841/1240/1156 4336/7194/4874 842/1241/1157
f 4335/7193/4873 1301/1959/1806 3449/8332/4313
f 4797/4006/3433 1706/8333/2332 2370/5049/3153
f 2260/5542/3026 496/1550/680 1043/1549/1443
f 3947/1931/1782 3190/5016/4077 1283/1932/1783
f 2490/3817/3295 2833/6895/3692 4830/8334/647
f 1050/1557/1450 4932/2988/2672 1357/8335/1880
f 421/625/572 3292/2325/2116 3291/8150/4172
f 2115/3223/1593 699/1035/962 3874/6233/1977
f 2791/4313/3648 2790/4312/3647 507/755/698
f 1028/6266/1426 151/6543/174 3680/5866/4491
f 3791/6078/4576 3838/6163/2227 2529/3878/3338
f 478/708/652 210/303/264 1534/8336/2109
f 3790/4614/1965 619/921/853 4898/5904/4384
f 488/724/668 487/723/667 4912/4631/3861
f 2412/8337/3204 2850/7569/3715 2413/7057/3205
f 1839/2780/2501 3327/8338/4020 3326/6258/4202
f 1485/2254/2050 1484/2253/2049 2187/3339/2948
f 89/4946/103 74/103/87 90/102/86
f 2286/1578/1469 4606/7778/4934 1062/1579/1470
f 2342/4476/3123 2963/8113/241 3192/8339/4080
f 2342/4476/3123 3192/8339/4080 2865/4435/3732
f 4324/7173/2812 4630/7841/1663 903/6679/1240
f 3768/4695/3898 4263/3061/2731 3769/8340/4553
f 2917/6596/3785 3721/6571/4521 3444/5454/4309
f 4831/8341/4008 4926/1998/1838 3116/6995/4009
f 4187/6867/4818 2380/3641/3168 3370/5332/4243
f 1511/3636/2083 3751/6004/2845 3270/5839/4149
f 188/266/227 1354/2041/1875 2355/3595/3139
f 2510/3851/3319 2334/3557/3113 2335/3558/3114
f 3700/5898/4508 2490/3817/3295 2294/5977/3066
f 1745/1681/1566 2702/4148/3540 2586/3977/2803
f 4832/8342/453 339/5487/452 4947/788/729
f 2672/4099/1914 4776/6103/4580 2673/4100/3503
f 294/430/385 1531/2315/2106 1530/2314/2105
f 2016/3047/2719 3827/6149/4600 4384/6092/4578
f 3905/6293/4647 4347/7210/4881 3561/5661/4402
f 2483/7891/3286 3977/7383/4024 3258/5137/4134
f 4549/7647/4929 1399/1684/1569 1127/1683/1568
f 1385/2098/1924 2618/4021/3445 3157/4967/4046
f 1971/2986/2671 3599/5715/4430 1972/2987/2190
f 1590/2395/2179 3075/4811/3968 1384/2097/1923
f 4696/6068/4571 2211/3380/2978 3061/4784/2237
f 2547/3908/3360 2548/3910/3361 3442/5452/4308
f 1575/2374/2159 3474/5516/4339 1456/8010/648
f 2987/4642/3867 4381/4906/1725 3238/5104/2748
f 4145/6786/4799 1918/2902/2601 3990/6471/4706
f 337/495/450 3279/5176/4162 1302/1960/1807
f 1965/2976/2665 1964/2975/2664 3719/5937/1627
f 415/613/562 3032/4731/3917 3031/4730/3916
f 3315/5237/4193 4812/8285/4952 3316/5238/4194
f 3148/3467/3043 3439/3466/3042 3322/5248/422
f 442/5633/605 441/7553/604 3539/5634/4388
f 2081/3154/2797 1572/2370/2155 4667/7925/1661
f 546/813/753 2768/4274/3623 4657/6274/4640
f 657/973/904 1086/1611/1501 929/1375/1281
f 4432/4320/3654 2813/6832/3675 2797/4321/3655
f 2747/4235/3596 3645/4628/3859 2626/4032/3452
f 17/23/19 1957/2962/2653 3920/6319/4658
f 2803/4331/3663 1657/2507/2269 4072/2973/2662
f 1983/3004/2686 2731/4199/3577 1984/3005/2687
f 3476/5525/4340 1501/2460/2072 1701/2572/2327
f 2884/5574/3752 4602/7769/4932 653/967/899
f 4262/228/198 2933/4546/3805 166/229/199
f 4226/6955/4832 1705/7015/2331 3042/4750/3930
f 1583/2386/2170 1582/2385/2169 3035/4735/3920
f 4173/8343/4813 4316/7981/4867 4174/1981/1822
f 4308/7143/3131 4030/6563/261 1889/2862/2567
f 3469/5502/4333 3468/5501/239 3391/5369/4265
f 981/1459/1359 811/1205/1124 504/751/694
f 4704/8019/600 4703/8018/4605 4559/7670/1255
f 4833/8344/4954 2989/4647/3417 1881/2848/2558
f 670/988/918 3544/8345/4389 3546/7586/4391
f 2100/3196/2829 670/988/918 3546/7586/4391
f 1052/1562/1454 396/590/541 398/592/543
f 4171/1610/1500 2814/4346/3676 1086/1611/1501
f 3352/885/819 4834/8346/981 4166/886/820
f 2757/4251/3606 1461/2225/2026 3637/5786/1041
f 3873/4000/3429 2513/3855/3323 2515/3857/3325
f 4675/7943/4944 599/3648/825 3948/6383/4540
f 3529/5616/4381 4675/7943/4944 3948/6383/4540
f 3119/1163/1084 631/1165/867 2306/6028/3083
f 3663/6683/4474 2916/4513/3784 4835/8347/930
f 3595/2605/2357 2756/4888/3605 1152/7837/1600
f 410/8348/557 937/1387/1292 4198/1389/1294
f 3222/2222/2023 1658/2508/2270 2838/4378/3699
f 1594/2402/2186 4602/7769/4932 4592/5506/4335
f 3288/5190/4170 4116/6741/4787 4491/7516/4915
f 3196/5027/4084 2451/3760/3250 3297/3762/3251
f 3082/4828/3975 1207/4827/1673 4391/8349/4631
f 3972/6435/4699 3818/6132/4592 4661/7907/4131
f 4836/8350/4179 2907/5520/3776 3749/5994/4112
f 4710/6517/4722 4837/8351/3570 2236/7609/1298
f 2567/3945/3387 2805/4334/3666 3455/5474/4319
f 4838/8352/3219 4353/7227/4806 3253/450/405
f 4367/675/619 4366/8278/4805 455/676/620
f 4839/8353/989 982/1460/991 4877/4248/976
f 1658/2508/2270 2803/4331/3663 2838/4378/3699
f 3925/6334/3879 3302/5212/3734 3485/8354/3571
f 3228/5620/4110 651/963/895 2088/3178/2813
f 4840/8355/3724 2678/4113/3512 1422/2172/1983
f 1768/2678/2416 2474/4939/3277 1769/2679/2417
f 3662/4239/3598 2751/4241/3600 4001/6491/4472
f 128/174/150 2592/3983/3416 130/176/152
f 2903/4500/3772 3747/5989/4542 3364/5319/4235
f 4227/6953/4831 2823/4358/3684 3655/5814/4470
f 4841/8356/328 4598/3048/2720 893/1312/1226
f 3076/8357/3969 1773/6575/2422 4636/1482/973
f 804/2530/1113 1673/2529/2289 801/2807/1110
f 1762/2668/2407 1763/2670/2409 2156/3292/2910
f 2844/4393/3709 4932/8358/2672 3174/4394/3710
f 2595/3990/3422 1024/1526/1421 3922/6323/4660
f 3112/4883/4004 4694/7983/4946 3113/4884/4005
f 3975/6438/4700 3954/6390/4685 3850/6186/4609
f 4331/7184/4871 3608/8208/4438 1099/6047/1522
f 1366/2060/1892 2770/2924/2620 1367/2061/1893
f 2010/5960/2713 1645/2491/2254 4341/8359/4876
f 2134/3262/1954 3733/3261/2882 3734/7724/4532
f 1467/7774/2033 4492/7517/4733 4116/6741/4787
f 1726/2612/2364 956/1424/1327 957/1426/1329
f 3362/8360/4229 4841/8361/328 893/8362/1226
f 2370/5049/3153 718/8287/993 4797/4006/3433
f 3838/6163/2227 2280/8307/3050 2529/3878/3338
f 3799/8319/4579 1089/1616/1506 1892/2869/2573
f 1996/3021/2699 1758/2661/2402 192/271/232
f 285/420/375 284/419/374 3403/2949/2640
f 647/957/889 2708/959/891 4179/7535/4816
f 3897/2533/2292 1675/2532/2291 4632/7849/1211
f 2093/3186/2821 2455/3766/3255 1813/2743/2467
f 2296/3502/3070 273/3504/360 3142/4938/4032
f 825/1220/1139 826/1222/1140 3687/5879/1067
f 1346/2028/1865 1703/2574/2329 3005/4689/3896
f 3193/8363/4081 4526/5817/4471 4842/8364/2173
f 3067/4795/3959 3068/4796/3960 3681/6337/4493
f 4812/8365/4952 818/1213/1132 914/1349/1258
f 4768/8179/4142 3136/4926/4026 3441/5451/4307
f 4176/6840/1245 234/338/298 3374/5339/4249
f 3476/8331/4340 2130/3256/2877 1499/2277/2070
f 3031/4730/3916 1523/4445/2098 2161/3301/2917
f 4234/6974/3554 2388/3656/3176 2387/3655/3175
f 253/370/330 4164/8296/4811 1327/1997/1837
f 2388/3656/3176 1566/7284/2147 4380/7286/3376
f 361/528/479 1374/2070/1900 2396/3668/3187
f 4554/7658/4432 2332/3555/3111 3421/5654/4290
f 1876/8366/2551 4343/7205/4878 4843/8367/2552
f 2617/3957/3397 4282/7079/4857 3126/4907/4017
f 2719/4179/3561 2721/4181/3563 3570/7708/4409
f 4398/1672/1559 985/1463/1361 4399/6959/4833
f 4660/7905/3300 653/967/899 4940/966/898
f 4395/7318/128 1418/2162/1976 1417/2161/1975
f 1989/3014/2693 4235/6397/4523 1990/3015/2694
f 456/677/621 1001/1484/1381 2657/4077/3484
f 4535/7615/4925 2524/3871/3332 2523/3870/3331
f 1886/2859/2564 1885/2858/2563 2190/3342/2951
f 1909/2890/2592 4931/6611/4747 4778/913/845
f 2306/3517/3083 3765/1868/549 1245/1870/1729
f 1722/2608/2360 2904/4501/3773 1723/2609/2361
f 1042/8368/1442 496/737/680 3955/736/679
f 1320/1986/1827 1319/1985/1826 1415/2158/1973
f 2794/7906/3650 3357/5295/4223 2800/6528/3660
f 4313/1558/1451 1946/7875/2635 4121/6749/4790
f 1463/2629/2028 3231/5088/4113 1464/8272/2029
f 2410/8369/3203 1704/2575/2330 1705/2576/2331
f 4684/7679/3955 227/8223/285 2402/3677/3194
f 4686/4152/3544 3555/5653/4398 4606/7778/4934
f 2128/3253/2876 365/535/486 3667/5842/4482
f 4664/7916/1511 3686/3868/2895 4844/8370/1509
f 4194/6878/4822 1036/1541/1435 4493/7519/4916
f 1389/2102/1928 405/602/552 407/604/238
f 4824/8309/3657 4810/5399/4280 3597/5713/4429
f 1017/1514/1409 3984/6457/3479 2488/3810/3291
f 227/325/285 4684/7964/3955 228/326/286
f 675/995/925 2063/3127/2779 2086/3174/2810
f 1218/1826/1693 2552/3919/3368 1630/2465/2236
f 1294/1950/1799 1281/1928/1572 2079/1927/1779
f 3323/5249/4199 2651/4065/3477 1122/1669/1556
f 46/63/57 4501/7537/4466 49/64/58
f 3530/5617/4382 4751/8123/4236 3531/5618/4383
f 2300/3509/3075 457/5818/622 3487/5540/4346
f 3605/5727/4435 2709/4165/582 4757/8371/584
f 2967/8372/2959 4746/8373/2870 4845/8374/2960
f 4628/5554/629 1667/2523/2283 696/5734/952
f 276/409/364 1151/1722/1599 3125/4905/4016
f 939/8375/1295 4703/8018/4605 4890/8017/3505
f 739/1096/1020 1460/2224/2025 3114/4885/4006
f 1211/1814/1434 162/220/190 163/222/192
f 4936/5491/4328 1792/5057/2441 719/1067/994
f 1459/2223/2024 1914/1573/1464 1460/2224/2025
f 2433/7400/3234 571/847/787 4736/846/786
f 3399/5383/984 4300/771/714 3300/5384/4178
f 326/6899/437 2459/3773/3262 4105/3772/3261
f 2910/6671/3779 3631/7938/4456 870/1281/1196
f 2927/4823/3796 573/7892/789 3495/5549/4353
f 4621/7816/4627 4406/4228/3592 2609/4010/3437
f 2378/3634/3163 4238/437/392 1684/2546/865
f 3374/5339/4249 2023/3929/2728 3206/3928/3377
f 2946/4808/3823 4588/4390/3707 4846/8376/3824
f 2841/4386/3703 4073/1021/948 3982/5358/4258
f 370/8377/496 3310/7682/4190 4498/7531/497
f 4754/5858/4489 1441/6651/2006 4753/8378/4950
f 1345/2026/1863 3973/6436/2773 2905/4502/3774
f 633/938/870 1450/2210/2014 2064/3128/2780
f 4177/431/386 294/430/385 4298/7122/1080
f 4847/8379/2198 2324/3544/2197 4098/6704/4772
f 4765/4744/3926 3037/4743/3925 3875/6234/4626
f 4765/4744/3926 3875/6234/4626 2316/3532/3095
f 548/5102/755 2561/3934/3379 549/3936/756
f 2998/4665/3880 3925/4664/3879 3486/5539/4345
f 1367/2061/1893 1901/2881/2583 711/1052/979
f 4833/8344/4954 2037/3085/2750 4848/8380/3579
f 3421/5415/4290 3514/5584/4367 4554/5718/4432
f 3964/1809/1677 4849/8381/2301 3993/6476/4710
f 728/1080/1007 2117/4678/2854 3892/1081/1008
f 508/1347/699 4367/675/619 454/674/618
f 3094/4848/3989 1800/8058/2450 3808/6115/4585
f 14/20/16 2997/4663/3878 4385/7296/4892
f 3971/6433/3873 4260/4437/3733 161/219/189
f 3659/5821/2120 3272/5164/4151 2049/3102/2121
f 3435/5440/4304 3434/5439/2304 2104/3206/2836
f 4622/7820/4936 4850/8382/3678 4670/7582/4922
f 1564/2360/2145 3826/6148/3309 3122/8230/4014
f 2897/4490/3766 2930/8162/3801 2585/3976/2804
f 1751/2198/2004 1910/2891/2593 1440/2199/2005
f 3298/5203/4176 4622/7820/4936 4670/7582/4922
f 1369/2064/1895 2199/3356/2963 2743/4227/3591
f 562/833/773 2510/3851/3319 3505/5566/4357
f 4286/7089/4858 1738/2632/2381 4167/6824/4812
f 3722/5941/1519 4851/8383/4673 3527/7873/4379
f 4413/7857/4896 4404/2855/2435 1884/2854/2562
f 4483/7518/4913 4421/7366/4898 4491/7516/4915
f 1650/7786/2260 3195/8138/4082 772/1147/1069
f 4524/4126/3523 3079/4820/3973 2685/4127/3524
f 1009/1501/1396 1008/1500/1395 188/266/227
f 2520/8384/3328 4548/8385/4899 3296/8386/3458
f 4702/7929/4625 4670/7928/4922 4678/3284/2902
f 2458/3771/3260 3821/8387/4596 4715/3770/3259
f 2252/3431/3018 3955/736/679 275/408/363
f 517/768/711 1894/2872/2575 3847/6180/2568
f 617/917/849 3837/6162/4601 2113/3135/2783
f 321/472/427 4454/471/426 3354/8388/2594
f 234/338/298 3870/6220/4623 233/336/296
f 292/428/383 765/8389/1058 4510/6565/4732
f 2665/6645/3492 3936/6364/4675 4168/6825/598
f 2292/3494/3064 897/1318/1232 4909/5513/4338
f 4714/8044/4940 3435/5440/4304 3802/6106/1676
f 2720/4180/3562 716/1060/987 2721/4181/3563
f 1433/2185/1992 2396/8390/3187 1434/2186/1993
f 3725/6578/4526 4852/8391/1119 808/1044/971
f 1073/1594/1485 3526/5724/4378 2379/3639/3167
f 4532/7448/4904 1668/2524/2284 4668/7926/2883
f 2865/4435/3732 3192/8339/4080 3701/8392/2806
f 4117/2839/2550 1875/2838/2549 894/8393/1228
f 552/4307/759 2789/4309/3646 4169/8086/3252
f 4453/6399/4688 2886/787/728 526/786/727
f 4053/5602/4376 813/1207/1126 4450/7434/2711
f 3420/5414/4289 4621/7816/4627 2609/4010/3437
f 3445/5456/4310 2144/3274/2893 2847/3273/255
f 2204/3364/2968 182/256/217 181/255/216
f 1728/2614/2366 3247/8104/4127 1729/2615/2367
f 4011/6508/4721 3620/5750/4448 1489/6509/2054
f 2807/4338/3669 1435/2187/1994 2725/4186/3567
f 1961/2969/1751 1832/2770/2491 3416/5409/4285
f 4505/7548/4809 16/22/18 15/21/17
f 4923/6256/4634 2484/3805/3287 3896/6277/4642
f 2410/8394/3203 515/8395/709 2411/8396/997
f 4327/8397/4870 2839/4381/3702 2017/3050/2722
f 153/202/176 152/201/175 2908/4505/3777
f 535/6235/740 3320/3183/2818 2090/3182/2817
f 1203/1800/1668 1204/1802/1670 3574/1370/1276
f 78/107/91 2458/3771/3260 67/91/77
f 4585/7728/4130 3023/4719/3912 4526/5817/4471
f 4585/7728/4130 4842/5799/2173 4212/6928/4827
f 2100/3196/2829 3546/7586/4391 1698/2569/2324
f 380/561/512 2349/3583/3132 3068/4796/3960
f 2348/3580/3129 2602/4001/3430 3585/5694/4418
f 764/1134/1057 1505/2283/2076 485/2285/662
f 4420/7364/4897 1412/2151/1967 4915/2150/1966
f 3502/5562/3227 3501/5561/3355 4853/8398/674
f 210/8399/264 3009/4696/3899 4737/8400/3033
f 1939/2934/2627 4639/7867/510 3415/7911/509
f 2454/4549/3254 950/1410/1313 3876/6099/2403
f 107/150/126 590/877/811 4854/3188/2823
f 107/4971/126 4854/8401/2823 3160/4972/4050
f 2653/8402/3480 2677/1810/1678 4139/6038/4557
f 3703/5902/4509 1167/1746/1620 1168/1747/1621
f 2946/8403/3823 4132/5910/4512 4855/8404/3036
f 1038/1543/1437 2893/7630/3761 3065/4790/1878
f 3431/5434/4300 1157/1729/1605 3651/5809/4467
f 23/4911/30 3128/4912/4019 3930/6350/4671
f 3457/5476/4320 3615/5742/4444 3688/5881/4498
f 367/538/489 366/537/488 3271/1674/1561
f 4869/1631/1520 4468/5670/4065 3901/8405/4644
f 4869/8406/1520 3901/8407/4644 1905/8408/2588
f 2994/4656/3875 1818/2748/2472 2852/4410/3716
f 2608/6081/3436 547/814/754 2095/3189/2692
f 2607/8409/3435 2608/6081/3436 2095/3189/2692
f 2163/3303/2919 2164/3305/2921 3785/6066/4569
f 3793/4618/3854 1844/2788/2508 2060/2787/2507
f 4676/5275/4214 2862/4427/3727 4034/1910/1765
f 185/263/224 1822/2753/2477 3383/261/222
f 462/686/630 464/688/632 2984/4638/3864
f 1754/2656/2399 1054/8023/1458 376/555/506
f 3141/8410/4031 4247/7008/2862 4656/7898/1481
f 905/1331/1242 4237/6986/4838 906/1332/1243
f 4802/7073/4855 383/565/516 4584/2474/2243
f 4609/8411/4935 4949/6735/4784 2741/8293/3589
f 83/112/96 69/95/79 72/99/83
f 2160/3300/2916 3031/4730/3916 2161/3301/2917
f 1990/3015/2694 4235/6397/4523 3013/4701/3903
f 3079/4820/3973 4432/7387/3654 3477/5527/3933
f 3564/5665/4405 4638/7866/4937 3102/4860/3995
f 2235/3410/3002 2962/2121/1943 1088/4586/1504
f 2235/3410/3002 1088/4586/1504 3580/5689/4415
f 1452/2213/273 215/4495/272 4506/7551/4919
f 4476/2235/2035 3413/5404/4283 1469/2236/2036
f 4195/6881/1803 1109/1649/1536 1709/2585/2340
f 2170/3646/2928 599/3648/825 4675/7943/4944
f 4282/7079/4857 293/429/384 640/949/881
f 2955/4588/3836 2068/4983/2784 4745/8114/431
f 3097/2510/2272 21/31/25 2204/3364/2968
f 251/367/327 4427/7376/2721 4841/368/328
f 1959/4977/2656 2365/3617/2655 2364/3616/3149
f 401/7636/548 4100/7676/4774 2512/3854/3322
f 1389/2102/1928 4089/6379/2154 3606/5728/4436
f 494/731/675 4856/8412/2211 4763/5118/2223
f 4644/7874/4938 954/1417/1320 4035/6576/4736
f 4644/7874/4938 4035/6576/4736 2829/4365/3689
f 281/415/370 280/414/369 4114/2383/2167
f 2458/3771/3260 4943/2271/2065 101/8413/116
f 3661/5826/3166 2117/3228/2854 3903/3227/2853
f 1077/1600/1491 1079/1602/1493 1556/2348/2135
f 2158/3296/2913 2910/8414/3779 4428/7377/2380
f 1982/7831/2685 4606/7778/4934 2286/1578/1469
f 4032/2623/2375 3632/8415/1385 2889/4479/3757
f 4074/6657/4762 4399/7289/4833 946/1405/1308
f 2394/7844/3184 3420/5414/4289 1341/2018/1856
f 1325/1995/1835 1923/1994/1834 1922/2272/2066
f 3082/4828/3975 4391/8349/4631 4857/8416/2846
f 3082/4828/3975 4857/8416/2846 3903/6290/2853
f 3033/4862/3918 4683/8417/3919 2929/4539/3800
f 3595/2605/2357 2218/3388/2985 2756/4888/3605
f 643/953/885 3221/5068/4106 642/951/883
f 2933/4546/3805 1565/2361/2146 4622/7820/4936
f 2043/3094/2757 286/1706/376 1141/1708/1588
f 4928/2067/1897 4682/7957/1483 149/6890/172
f 2905/4502/3774 4382/7291/4890 2906/4503/3775
f 2148/3280/2898 4375/7275/1689 2883/8418/3751
f 450/669/613 3670/6176/4486 451/670/614
f 590/877/811 4376/7276/4888 4488/7506/1947
f 4309/2046/1879 3065/2045/1878 2894/4487/3763
f 2131/3257/2878 3592/6835/4426 4654/5504/4334
f 2911/4508/3780 2996/4662/3877 1549/2339/2126
f 3812/6124/4589 3396/5376/4268 4858/8419/986
f 1101/8420/1524 2865/4435/3732 3701/8392/2806
f 3471/3670/3189 2397/3669/3188 3707/2541/2298
f 1481/2250/2046 577/474/429 4213/473/428
f 2202/3362/2966 1513/6617/2085 1514/5503/2087
f 2476/6265/3279 1810/2740/2464 4651/7889/4941
f 221/318/279 1498/6872/2069 2015/8421/2718
f 4725/8069/4949 4032/6569/2375 4033/6570/4734
f 1987/8422/1517 1441/6651/2006 3674/5857/1735
f 510/758/701 1567/2363/2148 4367/7260/619
f 1488/452/407 4229/7864/4834 4859/8423/2500
f 443/662/606 3336/4645/3870 3554/5652/4397
f 2022/3056/2727 2021/3055/2726 1447/2207/2011
f 3491/5545/4349 1036/1541/1435 1356/4225/1877
f 2947/4571/3825 1355/2043/1876 910/2042/1250
f 2389/3658/3178 219/316/277 221/318/279
f 3296/5201/3458 3508/5575/4361 317/465/420
f 144/190/166 4414/7159/4866 145/191/167
f 609/906/838 611/908/840 3240/1492/1387
f 4617/7707/708 2721/4181/3563 4860/8424/705
f 4226/6955/4832 516/767/710 515/766/709
f 3597/5713/4429 4810/5399/4280 3317/5241/4195
f 1363/5473/1889 3912/794/735 3455/5474/4319
f 629/931/863 628/930/862 1958/2963/2654
f 4107/6817/1695 4811/8284/1696 3511/5581/4364
f 4442/7414/448 3104/4866/3998 1317/1983/1824
f 3405/3298/2915 643/953/885 3943/952/884
f 1375/7446/1903 4619/8425/1902 1188/1778/1650
f 2614/4017/3442 795/1179/1099 2615/4018/3443
f 3422/5416/4291 1325/1995/1835 591/878/812
f 2440/3749/3241 3772/6039/4558 3807/6114/803
f 4018/6525/4724 4861/8426/4643 1953/2953/2644
f 3249/8176/4129 218/315/276 3248/8427/4128
f 4649/7885/1998 2633/4042/3459 4221/8317/4829
f 4039/6584/3304 4498/7531/497 1414/2156/1971
f 2333/3556/3112 2332/3555/3111 4554/7658/4432
f 1664/1675/299 4500/7536/1683 2258/8428/1999
f 274/407/362 1022/1523/1418 2252/3431/3018
f 929/1375/1281 2814/4346/3676 1315/1980/1821
f 1752/2652/2396 3845/6174/3594 3844/6173/2850
f 564/837/777 1340/2017/1855 565/838/778
f 4077/6665/4763 3618/5748/4447 4290/4772/3945
f 2896/4489/3765 2929/4539/3800 2897/4490/3766
f 4515/5877/2802 2647/4060/3472 4516/3166/2805
f 1597/2409/1707 1777/2688/2426 1598/2410/2193
f 4259/3503/361 2296/3502/3070 4360/7244/4884
f 1130/4852/1576 739/1096/1020 1253/7729/1742
f 3332/5261/4207 2755/3007/2689 1986/3008/2690
f 4006/6498/4716 3760/6021/554 3697/5894/4506
f 3956/6394/4686 1159/1733/193 3166/4982/4055
f 543/808/749 2285/3485/3058 4276/7066/4851
f 2682/4121/3519 3128/4912/4019 1877/2842/2553
f 3909/6299/4650 2445/3754/3245 1045/1552/1445
f 769/1142/1064 2184/6482/2945 4451/3944/3386
f 2170/3646/2928 442/8429/605 3540/3647/826
f 4033/6570/4734 3879/6241/4629 4425/6240/3942
f 4307/4579/3831 4862/8430/720 3867/6210/4621
f 959/1430/1332 2157/3294/2912 3740/8431/1981
f 3980/3956/3396 2575/3958/3398 4372/8258/4735
f 729/1082/1009 4140/6779/4795 3965/6416/4694
f 2222/3392/2989 3582/5691/4416 4210/6925/1830
f 3320/5245/2818 534/798/739 1138/5246/1586
f 4435/8432/4843 4903/8433/2347 4306/6630/4754
f 209/4411/263 3009/4696/3899 210/8399/264
f 666/6049/914 3459/5480/4322 4863/8434/817
f 2781/4294/3637 357/524/475 2782/4295/723
f 4783/8215/1406 4864/8435/1408 4189/1942/1792
f 2467/7317/3270 2951/4578/3830 1678/2537/2295
f 2740/4218/3586 3621/5752/4449 1655/8436/2267
f 2740/4218/3586 1655/8436/2267 4053/6619/4376
f 626/928/860 720/5354/995 1925/2916/2612
f 4228/6960/2177 3659/2333/2120 1546/2335/2122
f 91/8067/104 4274/7858/4850 1244/1866/1728
f 4176/6840/1245 3374/5339/4249 3206/3928/3377
f 3548/5646/2086 3481/5531/4297 4925/8437/4303
f 4242/6996/4840 4615/5832/4476 984/6997/1360
f 2615/4018/3443 794/1178/1098 3647/5801/2972
f 4215/5956/4530 3728/5955/4529 3840/6168/3644
f 3396/5376/4268 3395/5375/3008 4858/8419/986
f 2114/3221/2849 2955/4588/3836 1213/4590/1685
f 4020/6530/1684 2114/3221/2849 1213/4590/1685
f 2230/3402/2997 1653/2503/2265 4152/3615/3148
f 1674/2531/2290 4801/8263/3494 1675/2532/2291
f 2238/3413/3004 3440/5450/3980 4865/8438/4951
f 2238/3413/3004 4865/8438/4951 4908/5636/2406
f 2966/4609/3850 3089/8321/3982 3919/6318/4657
f 4667/7925/1661 1027/2011/1425 1198/8439/1424
f 3329/5257/4204 3505/5566/4357 3330/5258/4205
f 3992/7752/4709 4051/6613/4749 4050/6612/4748
f 4138/6776/4794 1146/354/314 3612/5736/4442
f 1711/2587/2342 2255/3434/3020 1166/1744/1618
f 1670/2526/2286 1480/8157/2044 3734/5964/4532
f 3668/5843/4483 1327/2087/1837 1380/2086/1915
f 4225/5063/4104 1251/1882/1739 2409/3686/2151
f 3284/5184/4165 2098/3194/2828 1945/2942/2633
f 951/1412/1315 1447/2207/2011 1446/2206/2010
f 4788/3911/3362 4872/5537/4344 4862/777/720
f 2046/4383/2761 2166/3310/2924 2047/7754/2762
f 3189/5015/4076 3191/5017/4078 4952/6545/4729
f 3605/5727/4435 4757/8371/584 4180/6856/828
f 822/1217/1136 4542/7627/4927 4541/7626/3639
f 3719/5937/1627 1737/2630/1508 1738/2632/2381
f 4312/4716/3911 4863/883/817 2819/4717/3680
f 3103/4863/3997 2564/3940/3384 2291/3493/3063
f 1096/1626/1516 2702/4148/3540 1745/1681/1566
f 4724/1888/1745 2298/6642/3072 452/671/615
f 2578/8440/3403 4449/6845/4814 4600/6846/4815
f 1927/2918/2614 1926/2917/2613 1063/7951/1471
f 4661/7907/4131 3533/5622/4386 4866/8441/1107
f 3470/8442/2485 4100/7676/4774 401/7636/548
f 4410/1103/1027 742/1102/1026 1536/4616/2111
f 459/682/626 1315/1980/1821 2814/4346/3676
f 4669/8015/4943 4520/8443/4817 4670/8444/4922
f 4900/7195/1102 766/1136/1059 3236/5100/4117
f 1276/1922/1775 1278/1924/1776 1976/2996/2679
f 2358/3604/3142 4339/4087/3493 1339/8445/1854
f 1069/1587/1478 2507/3847/3316 3707/5908/2298
f 3950/581/532 391/580/531 3074/4807/3967
f 3552/5650/4395 3097/4855/2272 3550/5648/4393
f 3553/5651/4396 915/1350/1259 386/572/523
f 3587/5697/4421 3738/5969/4534 731/1086/1013
f 3217/5062/4103 374/553/504 3683/3848/3317
f 4736/8446/786 572/8447/788 1142/2197/1589
f 4019/6526/4725 1077/1600/1491 1556/2348/2135
f 3783/8448/4567 4472/6892/4824 4867/8449/1614
f 2470/3786/3273 3146/4944/4035 2471/3787/3274
f 1851/2800/2518 4561/4676/3889 1438/2190/1997
f 1332/2007/1846 961/7515/1334 2091/3184/2819
f 940/1756/1300 1174/1758/1630 4627/330/290
f 2183/1736/1611 4354/7910/2943 1162/1737/1612
f 4574/5156/4147 3263/5146/4141 2398/6335/3190
f 1607/2425/2205 1222/1835/1699 2986/4641/3866
f 3893/6247/3891 2761/4258/3610 2760/4257/3609
f 191/270/231 1468/2234/2034 431/643/587
f 3723/1271/1186 1383/342/302 863/1272/1187
f 3975/6438/4700 2112/3219/2848 3954/6390/4685
f 3614/5741/4443 2549/5848/3363 3454/5468/4318
f 3992/6475/4709 3719/5937/1627 4286/7089/4858
f 1029/4399/1428 204/292/253 2143/4400/2892
f 2557/7146/3373 3375/5340/4250 3609/5731/4439
f 4868/8450/2908 2544/3902/517 473/8451/644
f 3851/6187/4610 3975/6438/4700 3850/6186/4609
f 1327/2087/1837 3668/5843/4483 941/433/388
f 3053/4765/3941 1898/2877/2579 3956/6394/4686
f 1684/2546/865 4238/437/392 297/436/391
f 4514/4407/3714 937/1387/1292 410/8348/557
f 1098/763/706 4869/8452/1520 1905/2886/2588
f 1098/763/706 1905/2886/2588 514/764/707
f 4278/7071/4854 549/3936/756 2562/3935/3380
f 976/1453/1354 1453/2214/2017 4506/7551/4919
f 2597/6251/3424 4426/7375/4228 3878/6239/4628
f 794/1178/1098 796/1180/1100 683/1007/937
f 4879/8453/4955 4101/8207/4775 4104/8454/4777
f 4847/2415/2198 4098/8455/4772 3949/6384/4683
f 3529/5616/4381 3531/5618/4383 4646/7879/4939
f 2451/3760/3250 2938/4554/3810 3318/5242/4196
f 2919/4517/3787 4082/2027/1864 2920/4518/3788
f 3136/4926/4026 2362/3610/3145 2633/4042/3459
f 4289/6911/4825 4676/7944/4214 4111/6730/4782
f 4813/8286/4953 4870/8456/1049 1783/6211/2433
f 4939/1072/999 721/1071/998 4420/7364/4897
f 2290/3492/3062 3622/5753/4450 2664/4085/3491
f 2087/3175/2811 2157/3294/2912 959/1430/1332
f 4056/8457/4751 4817/5833/4477 3255/5133/3067
f 3169/4987/4059 2664/4085/3491 3622/5753/4450
f 597/890/823 2138/3267/2887 2821/4356/3682
f 4016/6520/28 3144/4941/4033 4871/8458/4956
f 4738/5006/3545 4796/1838/1702 2715/4175/3558
f 4843/8367/2552 4343/7205/4878 500/744/687
f 3407/5392/4276 1978/2998/2681 2656/4076/3483
f 1297/1655/1542 1114/1657/1544 3254/5132/4133
f 1536/4616/2111 3704/5905/4510 4571/7699/2112
f 2959/7662/3841 3576/5681/3842 3359/5301/4225
f 2021/3055/2726 4549/7647/4929 1127/1683/1568
f 3758/6016/4549 1545/6661/1221 1056/6014/1460
f 4377/7277/4098 2796/4319/3653 3688/6906/4498
f 4802/8266/4855 2137/3266/2886 2136/3265/2885
f 1855/2808/2525 4326/2809/2526 2028/8459/2733
f 1670/2526/2286 805/1194/1114 1480/8157/2044
f 152/201/175 3885/6257/2503 4793/7961/4945
f 4920/4759/3937 152/201/175 4793/7961/4945
f 3328/5255/4203 4128/6869/4792 4127/3435/1931
f 3782/6058/1213 884/8460/1212 4945/7475/2336
f 4006/6498/4716 2675/4105/3507 1973/4107/2673
f 2471/3787/3274 799/1186/1106 2469/3785/3272
f 1603/1092/1017 4266/1801/1669 1203/1800/1668
f 474/8461/645 2906/4503/3775 1825/2761/646
f 1327/2087/1837 4164/6821/4811 4776/6820/4580
f 1327/2087/1837 4776/6820/4580 2672/2085/1914
f 1947/2945/2636 967/1439/1341 966/1438/1340
f 4012/4375/3696 2837/4377/3698 3796/6095/3957
f 432/8462/588 433/1330/590 4799/5113/4123
f 2715/4175/3558 2160/3300/2916 2694/4138/3531
f 4504/934/866 1684/933/865 1685/8463/2303
f 3372/5334/4245 3771/6036/4555 3800/5335/4246
f 3989/5782/4458 4656/5781/1481 4682/8464/1483
f 4200/6897/3846 4199/6896/2262 3816/8465/3475
f 2368/3917/3151 3431/5434/4300 3430/5433/4299
f 1044/1551/1444 551/818/758 2567/3945/3387
f 3147/2943/2634 1945/2942/2633 2099/3195/954
f 4872/8466/4344 3867/6210/4621 4862/8430/720
f 226/324/284 1321/1987/1828 1320/1986/1827
f 2408/3685/3201 4038/6580/4737 396/590/541
f 4085/7251/4765 3245/5115/4125 4543/7631/3053
f 3808/6115/4585 1800/8058/2450 3274/5168/4155
f 4630/6242/1663 2988/4651/3871 1200/4653/581
f 605/901/833 4281/7078/4856 1642/2484/1639
f 217/5555/275 1963/2972/2661 3248/7975/4128
f 2348/3580/3129 3091/4843/3986 2602/4001/3430
f 603/6261/831 2854/7855/3718 3209/6262/4096
f 589/876/810 1084/1608/1498 1113/7771/1541
f 4873/8467/4826 4207/8239/2814 2539/1395/1299
f 2609/4010/3437 622/924/856 230/328/288
f 3088/4836/3981 2001/3026/2703 3762/1522/1417
f 1498/7783/2069 1637/2478/2247 2015/3046/2718
f 3018/203/177 4874/8468/2504 3885/6257/2503
f 885/1300/1214 1130/1692/1576 4540/1691/1575
f 2009/3038/1253 609/4837/838 3478/5528/4140
f 3742/5975/4538 4371/7265/4887 3265/5150/4144
f 1226/1842/1706 1046/1553/1446 1880/5347/2557
f 1670/2526/2286 3171/4990/4061 805/1194/1114
f 3207/5045/4094 3208/5046/4095 2012/3043/2715
f 3468/5501/239 407/604/238 406/603/553
f 3092/4844/3987 2558/3925/3374 2853/4412/3717
f 804/2530/1113 3946/2970/2660 27/41/35
f 3949/6707/4683 4098/6704/4772 1269/1913/1767
f 2164/3305/2921 4060/6629/4753 2487/3809/3290
f 237/345/305 2229/3401/2996 1856/2810/2527
f 4497/7534/4918 3232/4335/3667 901/1322/1236
f 1482/2251/2047 2205/8469/2969 2489/4211/3293
f 3877/1761/1633 2461/7224/3264 1177/1762/1634
f 73/100/84 4935/118/100 3365/5321/4237
f 3485/4192/3571 198/285/246 934/8470/1288
f 4058/6627/4684 1176/1760/1632 1177/1762/1634
f 3566/5667/4406 2392/3663/3182 3545/6727/4390
f 2608/6081/3436 1202/7495/1665 4829/4246/3603
f 3919/6318/4657 3089/8321/3982 3067/7104/3959
f 868/1279/1194 2032/4728/2742 869/1280/1195
f 3794/8022/3425 2946/8164/3823 2515/3857/3325
f 4074/7480/4762 3764/6026/4551 4399/7324/4833
f 2733/4207/3580 4033/6570/4734 3884/6249/4632
f 3715/4330/3122 1192/1783/1654 4671/7936/3294
f 3118/4895/2370 451/670/614 4203/6905/4485
f 3118/4895/2370 4203/6905/4485 4206/6914/4707
f 2505/3844/3313 2689/4131/3528 3108/4872/3904
f 752/1115/1039 3637/1117/1041 3639/2288/2080
f 2913/4510/3781 1284/1933/1784 826/1222/1140
f 2224/3394/2859 4875/8471/2858 245/6798/317
f 4876/8472/4903 288/7429/379 1916/4089/1465
f 4242/6996/4840 2008/1342/1252 4615/5832/4476
f 4839/1062/989 1428/2180/1987 983/1063/990
f 706/1042/969 808/1044/971 1991/3016/2695
f 1731/2619/2371 1733/2621/2373 3101/6690/2030
f 3828/1532/1427 1030/1534/1429 2486/3807/3289
f 2272/3463/3041 587/871/806 588/873/807
f 3292/2325/2116 1539/2324/2115 3898/6281/3045
f 1537/2322/2113 1831/7633/2490 3640/5789/564
f 4113/6734/1348 1465/8473/1350 4112/6732/2031
f 3371/5333/4244 3516/5591/4369 730/5711/1011
f 3664/5834/4478 4817/5833/4477 4118/6744/4788
f 2742/4962/3590 930/1377/1283 4564/1376/1282
f 2192/3344/2953 3099/3520/3086 2193/3345/2954
f 4929/6643/4760 4876/8474/4903 1915/2898/2598
f 3671/5847/4487 4480/7491/4719 4922/3631/3161
f 2217/3387/977 4877/8475/976 2756/4888/3605
f 4829/4246/3603 1202/7495/1665 4878/8476/1667
f 3479/5767/4341 2398/6335/3190 4549/7647/4929
f 607/904/836 870/3598/1196 4911/7920/1384
f 4393/4371/3693 4530/6458/4702 2906/6090/3775
f 4211/6927/4368 3146/4944/4035 3601/5717/4431
f 4570/7698/4931 4879/8477/4955 4571/7699/2112
f 2245/2502/2264 4097/6706/4770 1653/2503/2265
f 4194/6878/4822 3051/4763/3939 1503/2281/2074
f 4415/7349/696 4691/7521/4917 506/7969/697
f 243/355/315 353/520/471 3752/6007/4545
f 900/1321/1235 952/8478/1318 4586/7731/1317
f 299/888/394 298/5205/393 596/889/822
f 3773/6040/4559 3390/5368/4264 4504/934/866
f 2578/3965/3403 2640/4051/3466 679/3966/931
f 3524/1411/1314 3649/5806/1760 2073/3144/2790
f 3524/1411/1314 2073/3144/2790 951/1412/1315
f 4825/1490/1278 4708/6332/4663 1005/1491/1386
f 1037/1542/1436 4465/7459/4864 2893/7630/3761
f 1802/2729/2453 3356/5294/4222 2793/2730/2454
f 4360/7244/4884 2296/3502/3070 3335/5265/4208
f 3231/5088/4113 4331/7184/4871 1099/6047/1522
f 925/8479/1273 926/3734/1275 3910/7053/4651
f 4441/7409/599 2843/4389/3706 1645/2491/2254
f 819/1214/1133 1698/2569/2324 4521/7587/4779
f 4112/2231/2031 1064/1582/1473 4913/1581/1472
f 1551/2341/2128 2842/4388/3705 427/635/580
f 1194/1785/1656 2972/4623/1078 1195/1786/1077
f 1642/1767/1639 4410/1103/1027 1626/2459/2231
f 4095/6696/2603 2765/4269/3620 4090/4184/3565
f 2430/3729/3229 4062/8480/4756 2659/4449/3486
f 2431/3730/3230 2430/3729/3229 2659/4449/3486
f 4368/3054/2725 3630/5768/4455 2021/3055/2726
f 1068/2480/1477 1640/2482/2250 582/6089/799
f 1935/2928/2623 3213/5054/4101 3341/5273/4212
f 1150/6002/1598 1020/1518/1413 3124/1517/1412
f 2898/8481/2973 4790/8482/693 2671/4098/3502
f 3377/5343/4252 4037/3561/3116 3633/5344/4253
f 4571/2321/2112 4879/8483/4955 4104/8484/4777
f 1813/2743/2467 2455/3766/3255 4705/8021/4947
f 3262/8485/1503 4726/8486/3834 1088/8487/1504
f 845/1244/1160 3702/5853/4010 2827/4362/3687
f 390/8488/530 4610/8489/4062 525/8490/725
f 3875/6234/4626 1558/2350/2137 2317/3533/3096
f 4579/7717/4882 141/187/163 3810/6122/4587
f 4880/8491/4185 2576/4671/3400 2719/8006/3561
f 3256/5134/1963 837/1235/1152 461/684/628
f 485/718/662 247/360/320 3344/5277/2782
f 4881/8492/4796 4141/4556/3812 2939/4555/3811
f 4046/6602/4742 2808/4340/3504 4321/6603/4743
f 433/1330/590 3244/5114/4124 4799/5113/4123
f 4193/6877/4783 2456/3767/3256 4538/7619/2666
f 1434/2186/1993 2396/8390/3187 3471/5509/3189
f 206/295/256 602/297/258 872/1283/1198
f 3775/6045/4560 4277/8003/4853 4572/7701/4692
f 70/97/81 644/3295/886 90/116/86
f 3138/4928/4027 2937/4553/3809 895/1315/1229
f 1881/2848/2558 2037/3085/2750 4833/8344/4954
f 3935/6363/4674 4068/6646/4150 1282/1930/1781
f 2303/3513/3079 1727/2613/2365 1049/1556/1449
f 1168/1747/1621 1167/1746/1620 2987/4642/3867
f 2800/4326/3660 2046/4383/2761 2959/8493/3841
f 1352/2038/1873 1140/7614/1587 1139/8494/956
f 43/59/53 1611/2431/2210 46/74/57
f 3543/4392/3708 2635/4044/3460 254/371/331
f 2045/3097/2760 3177/1946/1796 2198/3354/2961
f 3397/5379/4270 3211/7657/4099 3615/5742/4444
f 2721/4181/3563 4280/4794/3958 4860/8424/705
f 3562/1420/1323 3663/7365/4474 3563/8495/4404
f 1808/2738/2462 4882/8496/2533 4485/7501/4914
f 633/938/870 2064/3128/2780 2065/3129/2781
f 637/946/878 2932/4545/3804 638/947/879
f 4244/4272/3622 545/812/752 4722/8062/4948
f 3130/3581/3130 4030/8497/261 4308/3582/3131
f 2394/7844/3184 1341/2018/1856 1340/2017/1855
f 4041/6104/4581 2223/3393/2990 4635/7859/4920
f 4125/2992/2676 4883/8498/526 388/2993/525
f 60/83/69 1280/1926/1778 3758/6016/4549
f 4057/8499/4752 1369/2064/1895 807/2063/1118
f 1014/1508/1403 2692/4136/3517 1118/1664/1551
f 3/3/3 2/2/2 2262/3447/3028
f 3915/6312/4655 3/3/3 2262/3447/3028
f 4104/8484/4777 2632/7632/3457 4571/2321/2112
f 2638/4049/3464 2541/3898/3354 3112/4883/4004
f 3621/8500/4449 1048/5699/1448 1655/2505/2267
f 3969/6424/4696 4117/6662/2550 2613/6664/3440
f 2061/3125/2777 2063/3127/2779 675/995/925
f 1441/6651/2006 3721/8501/4521 4753/8378/4950
f 3757/2901/2600 1056/6519/1460 1132/1694/1577
f 3144/4941/4033 179/252/215 20/1456/22
f 3081/4822/3974 3290/5192/3797 2927/4823/3796
f 3799/8319/4579 4746/3246/2870 1089/1616/1506
f 4879/8453/4955 2849/221/191 2363/3614/3147
f 2197/2143/1961 4884/8502/3626 4279/1209/1128
f 2347/3579/3128 3172/4992/4063 105/146/122
f 2532/3883/3342 3677/5861/4001 1995/3020/2698
f 4499/7532/1888 3052/4764/3940 1363/6305/1889
f 3902/5110/4120 4919/1788/1658 1197/1790/1660
f 2823/4358/3684 2094/3187/2822 2622/4028/3448
f 3535/5625/529 3537/5627/123 390/7785/530
f 1612/5746/2212 900/1321/1235 899/1320/1234
f 4429/7378/4575 3228/5081/4110 904/645/589
f 3596/5712/1010 1541/1260/1176 2943/4564/3819
f 2318/3534/3097 2584/3975/3410 2702/4148/3540
f 4276/7066/4851 2285/3485/3058 2284/3484/3057
f 192/271/232 1759/2663/2404 193/272/233
f 413/611/560 415/613/562 2714/4174/3557
f 2456/3767/3256 4193/6877/4783 33/47/41
f 2923/4529/3793 2592/3983/3416 126/172/148
f 2178/3324/2937 3186/6410/4073 1513/6699/2085
f 1871/2833/2544 1873/2835/2546 2330/3801/3109
f 1173/1755/1628 2214/3383/2981 2631/4037/3456
f 2140/3269/2889 2587/3978/3411 2223/3393/2990
f 2141/3270/2890 2432/3736/3232 382/563/514
f 1090/2631/1507 2968/4612/3851 1738/2632/2381
f 1284/1933/1784 160/218/188 159/217/187
f 1539/2324/2115 1538/2323/2114 785/1166/1086
f 625/927/859 3856/6921/4614 3160/5522/4050
f 413/611/560 1224/1837/1701 3755/6010/4548
f 2735/7667/3582 2283/3483/3056 2285/3485/3058
f 3771/6036/4555 3755/6010/4548 4525/7598/4924
f 1247/1873/1732 1585/2388/2172 2210/3377/2977
f 1329/2001/1840 1407/7574/1953 2175/2002/1841
f 4534/6432/4698 3970/6431/4697 4713/8043/4044
f 3023/4719/3912 4318/7166/4869 3024/4720/3913
f 4414/7347/4866 1052/1562/1454 147/7643/169
f 4458/7450/2974 3332/5261/4207 2208/8099/2975
f 3404/5389/4274 564/3379/777 4185/6864/3547
f 2812/4344/3674 2811/4343/3673 630/932/864
f 695/5825/950 3324/5250/4200 2323/3543/3102
f 4541/4298/3639 2472/3788/3275 468/694/638
f 3782/6058/1213 4945/7475/2336 3783/6059/4567
f 341/3803/457 2327/8503/3104 3977/6447/4024
f 2655/1324/1238 4513/7188/4872 902/1325/1117
f 468/694/638 1107/1647/1534 4170/5188/4168
f 1116/1662/1549 4217/6940/4828 3268/5155/4146
f 271/402/357 3968/6421/4695 4142/4387/3704
f 1473/2241/2039 4361/8504/4885 2873/4451/3741
f 4205/3612/3146 4953/4259/3611 4479/7490/2983
f 4435/7394/4843 4061/6631/4755 4624/8000/4079
f 493/3710/673 4581/3712/3216 4885/8505/3228
f 835/1233/1150 2542/3900/3356 836/1234/1151
f 1512/2292/2084 1511/2291/2083 3270/5160/4149
f 2430/3729/3229 576/8506/794 4062/8480/4756
f 142/188/164 141/187/163 3717/4740/3924
f 2321/7766/3101 3174/4994/3710 3173/4993/4064
f 1827/6910/2486 2478/6946/547 2044/3095/2758
f 2638/4049/3464 3112/4883/4004 1484/2253/2049
f 4810/5399/4280 3761/5398/4279 1679/6429/2296
f 3406/5851/4275 1994/3019/2697 4942/2220/2021
f 3946/2970/2660 777/1152/1074 27/41/35
f 657/973/904 1087/1612/1502 1086/1611/1501
f 2081/6796/2797 4667/1791/1661 1416/2159/1974
f 4314/7156/3910 4147/7158/4801 4886/8507/4841
f 2649/4062/3474 3461/5483/4324 238/348/308
f 2233/3408/3001 3997/7423/294 2234/3409/1405
f 944/1402/1305 4474/7478/4909 945/1403/1306
f 1625/2458/2230 1624/2457/1883 646/3464/888
f 3223/5073/4003 1623/2454/2228 1097/7010/1518
f 1234/4768/1715 4657/6274/4640 3938/6367/4677
f 4880/5216/4185 2719/8508/3561 2944/4566/3821
f 3608/8208/4438 2491/3821/3298 2856/4416/1201
f 1788/2706/2438 4337/4145/3538 1789/2707/1916
f 4802/8266/4855 4584/7726/2243 2953/4584/3833
f 252/369/329 4344/7206/4879 253/370/330
f 2717/4177/3560 3895/7863/4641 3866/6747/4620
f 2898/3373/2973 4487/7799/567 4458/3374/2974
f 741/1098/1022 4633/2584/2339 3538/1099/1023
f 1718/5324/2355 1989/5326/2693 1201/1796/1664
f 1503/2281/2074 2195/3348/2957 2780/4291/3635
f 3209/6262/4096 3784/8509/1326 1433/8510/1992
f 436/649/593 1858/8511/2528 4304/8051/4863
f 847/1249/1165 846/1248/1164 3972/6435/4699
f 3946/6378/2660 804/1193/1113 1312/1976/1817
f 571/847/787 782/1161/1082 572/848/788
f 1680/2539/2297 1893/6407/2574 341/502/457
f 156/213/181 754/1118/1042 2660/8512/3487
f 716/1060/987 4858/1059/986 4280/4794/3958
f 356/8513/474 3027/258/219 3568/257/218
f 4838/3715/3219 2426/3717/3221 4489/4268/3619
f 1324/1993/1833 4518/7577/4325 3955/736/679
f 4326/2809/2526 270/401/356 4556/6688/4768
f 1780/2691/2429 2906/4503/3775 4446/7422/4902
f 896/1316/1230 2935/4551/3807 2934/4550/3806
f 3522/5601/4375 2707/4160/3552 1866/2826/2539
f 3450/4668/3883 1487/4397/2052 2385/8514/3174
f 4592/7750/4335 2316/3532/3095 2318/3534/3097
f 4592/7750/4335 2318/3534/3097 1095/1625/1515
f 4180/895/828 600/894/827 4179/8515/4816
f 2584/3975/3410 2897/4490/3766 2585/3976/2804
f 3939/8205/4516 378/4548/508 2453/4547/3253
f 1344/2022/1860 861/1269/1184 2942/4563/3818
f 4539/6714/1753 1537/2322/2113 4334/5790/4462
f 3152/4956/4040 660/977/908 4483/7499/4913
f 4570/7698/4931 2849/4406/191 4879/8477/4955
f 1994/3019/2697 1993/3018/2696 1458/2221/2022
f 4665/7919/4942 2121/3239/2865 2880/4465/3748
f 1256/1891/1748 543/808/749 4276/7066/4851
f 4028/6560/1871 4699/7305/1870 1155/1726/1603
f 4573/7702/2061 1494/1497/1392 4455/1499/1394
f 4289/6911/4825 4077/6665/4763 4290/4772/3945
f 1066/1584/1475 2668/4095/3499 4275/7063/3581
f 4215/6935/4530 3840/4305/3644 1409/2139/1957
f 2732/4203/3578 3227/5079/2511 2551/3916/3366
f 3009/4696/3899 4106/6721/4778 4737/8400/3033
f 4308/3582/3131 3983/6454/4403 1445/2205/2009
f 4031/2058/1891 4627/8516/290 866/7987/1192
f 516/767/710 4226/6955/4832 3042/4750/3930
f 1094/1624/1514 1744/1682/1567 1992/8517/2187
f 4777/2407/2191 4036/6577/2293 1596/2408/2192
f 1574/2373/2158 3474/5516/4339 1575/2374/2159
f 627/929/861 629/931/863 3823/5747/4446
f 3932/6358/4654 2920/6357/3788 579/858/796
f 3008/8518/1690 4908/5636/2406 4865/8438/4951
f 4129/6759/1932 4128/6758/4792 4561/7677/3889
f 4864/1513/1408 3694/5891/4504 1196/1789/1659
f 3544/8345/4389 670/988/918 4197/6886/3843
f 3480/1368/1274 925/1367/1273 4937/6464/4704
f 4110/7839/4781 4135/6771/237 2309/6930/3089
f 3862/6201/4617 1403/2127/1946 4349/7215/4292
f 2749/4238/3597 2304/3514/3080 2305/3516/3082
f 549/816/756 4278/7761/4854 632/937/869
f 4825/1372/1278 927/1371/1277 3911/3914/3364
f 4296/7118/4586 3039/4746/3928 3810/7825/4587
f 2930/8162/3801 2929/4539/3800 4683/8417/3919
f 4747/775/718 4748/8519/243 3701/3169/2806
f 4359/7243/1004 377/556/507 1054/8023/1458
f 4694/7983/4946 874/1286/1200 1968/2982/2668
f 401/597/548 4887/8520/3844 1124/1676/1562
f 3241/5109/4119 1905/8521/2588 3902/5110/4120
f 1093/1623/1513 809/1202/1121 2059/3118/2775
f 3089/4838/3982 1995/3020/2698 1996/3021/2699
f 3797/6096/2831 2312/3527/3090 4195/1956/1803
f 531/793/734 3909/6299/4650 1045/1552/1445
f 1100/6324/1523 3109/96/80 71/98/82
f 557/828/768 4533/7612/3583 806/1195/1115
f 1293/1949/717 2963/4604/241 4747/8117/718
f 1438/2190/1997 4814/4677/3890 3629/5765/2907
f 4880/8491/4185 4888/8522/3399 2576/4671/3400
f 39/55/49 54/73/64 48/66/60
f 4822/8306/1741 4508/7558/4469 4303/8523/4862
f 897/1318/1232 1634/2475/2244 2545/567/518
f 2802/4329/3662 2712/4171/1809 3181/5004/404
f 3588/8524/1959 4713/4964/4044 4464/7732/4906
f 1728/2614/2366 4717/8053/765 3247/8104/4127
f 1253/7729/1742 739/1096/1020 3114/4885/4006
f 3742/5975/4538 3495/5549/4353 4371/7265/4887
f 4510/6565/4732 2067/8525/1161 845/6566/1160
f 3528/5803/4380 3108/8526/3904 2688/5804/3527
f 4643/5909/3223 4132/5910/4512 2946/8403/3823
f 1414/2156/1971 4565/7683/3791 1028/1531/1426
f 3463/5489/4327 2517/3861/3326 843/1242/1158
f 4150/7336/4804 3570/5673/4409 4507/7337/4895
f 4568/7693/4861 4225/6952/4104 1569/2365/2150
f 3364/5319/4235 2302/6116/3078 4889/8527/3077
f 967/1439/1341 2992/4654/3874 968/1440/1342
f 4622/7820/4936 4623/7821/1920 4850/8382/3678
f 1367/2061/1893 711/1052/979 710/1051/978
f 3988/6135/4594 3426/5424/4295 3989/5782/4458
f 1705/7015/2331 2325/3545/3103 3042/4750/3930
f 12/8528/15 4849/7069/2301 4781/7068/4852
f 4814/8288/3890 4063/6635/4757 2153/3287/2905
f 4889/3511/3077 1121/1667/1554 2226/3396/2992
f 2225/3395/2991 4889/3511/3077 2226/3396/2992
f 1677/2536/2294 2467/7317/3270 1678/2537/2295
f 302/442/397 301/441/396 1742/2637/2386
f 3918/1473/1371 1860/2815/2530 1249/1880/1737
f 1628/2463/2234 218/315/276 3249/8176/4129
f 1076/1599/1490 1570/2367/2152 407/277/238
f 3098/4856/3994 2346/3578/3127 2216/6370/2984
f 4325/7174/4577 4409/7339/2572 4828/8529/4018
f 1953/2953/2644 2071/3142/2788 1954/2954/2645
f 3852/1006/936 871/1282/1197 601/1284/830
f 892/1831/1224 4502/4771/3944 4811/1832/1696
f 2752/5259/3601 3330/5258/4205 4312/4716/3911
f 303/443/398 305/445/400 1221/5048/1697
f 4801/8263/3494 2698/4142/3535 1675/2532/2291
f 3287/5189/4169 3289/5191/4171 3152/4956/4040
f 331/488/443 1680/2539/2297 2964/4605/3848
f 210/8294/264 4737/3452/3033 2266/3451/3032
f 1580/2381/2165 2199/3356/2963 1369/2064/1895
f 2551/3916/3366 612/1727/841 3431/5434/4300
f 4059/275/236 408/6984/555 2111/3218/2847
f 126/172/148 2592/3983/3416 128/174/150
f 357/524/475 1502/2280/2073 2782/4295/723
f 3690/5883/4500 2170/3646/2928 4675/7943/4944
f 1679/6429/2296 1678/8154/2295 759/1127/1051
f 4771/7099/4859 2416/3698/3208 2745/4230/3034
f 3097/2510/2272 4871/32/26 21/31/25
f 2443/3752/3243 4863/883/817 4312/4716/3911
f 1412/8530/1967 4119/3205/2835 4191/7947/4820
f 1458/2221/2022 1656/2506/2268 1658/2508/2270
f 3030/4729/341 2032/4728/2742 4951/8531/2744
f 1985/4960/2688 3220/3293/2911 1974/2990/2674
f 2116/3226/365 2117/3228/2854 4890/8532/3505
f 2846/7834/3712 696/7836/952 4891/8533/408
f 2463/6109/3266 3932/6310/4654 4146/7155/4800
f 381/8534/513 4892/8535/515 2496/8536/1487
f 3810/7825/4587 2909/7826/3778 4579/8537/4882
f 1088/4586/1504 2962/2121/1943 2066/3131/1505
f 3951/5140/4137 3259/5139/4136 4461/7453/4092
f 4183/6862/3946 3672/5850/4488 2279/3475/3049
f 3555/5653/4398 3158/7818/4048 3613/5739/4047
f 3391/5369/4265 3468/5501/239 406/603/553
f 415/613/562 414/612/561 3032/4731/3917
f 1540/2326/2117 492/728/672 3575/5680/4411
f 560/7976/771 1963/2972/2661 4612/7795/3613
f 2501/3840/3310 1182/1769/1641 917/1354/1262
f 4246/7004/4494 1004/1489/349 1005/1491/1386
f 4701/8538/265 4893/8539/267 4786/8540/4037
f 2940/7399/3815 4401/6625/3814 3991/6473/4708
f 3619/2144/1962 2860/4422/3723 2859/4421/3722
f 250/7798/326 3362/5310/4229 1910/2891/2593
f 3877/1761/1633 3652/8541/4363 2461/7224/3264
f 3389/7709/2239 3165/4979/4053 4154/4415/3719
f 2437/1685/1570 728/1080/1007 727/1079/1006
f 4718/8055/1532 4765/8170/3926 4602/7769/4932
f 4501/5808/4466 44/60/54 4412/7345/67
f 1563/2358/2143 4789/8234/3236 3646/7530/473
f 3319/5243/4197 4520/8443/4817 4669/8015/4943
f 4795/7606/4227 4794/478/433 323/477/432
f 1196/1789/1659 3696/5893/4505 3242/5111/4121
f 1197/1790/1660 1196/1789/1659 3242/5111/4121
f 2525/3872/3333 3616/5743/4445 4621/6238/4627
f 2004/3029/2706 2590/3981/3414 2005/3030/2707
f 362/531/482 3188/5014/4075 3366/5322/4238
f 3883/6246/2181 3882/6245/4630 4894/8542/3514
f 3288/5190/4170 4491/7516/4915 4421/7366/4898
f 4045/1313/1227 3979/5167/4154 4373/7270/4741
f 3524/5605/1314 4178/6853/1316 1323/1991/1832
f 3846/6230/4606 4702/6229/4625 4678/7949/2902
f 182/256/217 3143/321/282 225/323/283
f 4780/6005/2754 4723/8543/2253 1271/1916/1770
f 4693/3747/3239 2440/3749/3241 4091/6687/4767
f 1247/1873/1732 1641/1872/1731 3736/5630/4387
f 713/1055/982 428/639/583 2709/638/582
f 1969/2983/2669 3571/5674/4410 3532/5621/4385
f 1638/2479/2248 4206/8544/4707 3466/5498/1171
f 3754/6009/4547 3841/6169/4603 1663/2515/2277
f 4770/8182/4263 2202/3362/2966 4930/3035/2710
f 960/6652/1333 4363/2169/1982 3942/6373/4679
f 2424/3714/3218 2526/3873/3334 4192/6874/4821
f 3905/6293/4647 3904/6292/4646 4347/7210/4881
f 4895/8545/2311 3759/1915/1769 1272/1917/1771
f 4689/2496/2258 3564/5665/4405 1649/2497/2259
f 319/469/424 3148/4950/3043 3322/467/422
f 1336/2013/1851 1304/1964/1811 1872/2834/2545
f 3847/2864/2568 3848/8546/3923 2326/8547/2445
f 2461/8235/3264 2919/4517/3787 2462/4516/3265
f 908/1335/1246 3205/5043/4093 2650/4064/3476
f 3030/4729/341 4951/8531/2744 262/8548/342
f 204/292/253 3828/6150/1427 886/1301/1215
f 4407/6609/4693 4659/7904/852 1411/2148/851
f 1519/2154/1969 3858/6196/3359 4148/2655/2398
f 2527/2866/2570 1944/446/401 307/448/403
f 3664/5834/4478 2583/4996/3409 955/1422/1325
f 3029/4727/3915 977/1454/1355 688/1013/942
f 1780/2691/2429 4446/7422/4902 434/647/591
f 4335/7193/4873 1299/1957/1804 1301/1959/1806
f 310/457/412 4749/2023/1861 4896/8549/3074
f 1306/1967/410 310/8550/412 4896/3508/3074
f 615/912/844 1909/2890/2592 4778/913/845
f 3137/4927/3170 2810/4621/3672 3138/4928/4027
f 2915/5264/3783 4918/3585/3134 4897/8551/3099
f 3168/4986/4058 4079/6668/1911 4252/7093/4845
f 304/7416/399 463/687/631 1858/2813/2528
f 304/7416/399 1858/2813/2528 3215/7552/1608
f 3278/5175/4161 1482/2251/2047 1481/2250/2046
f 2388/3656/3176 4233/6973/3651 4066/2801/2519
f 3420/5414/4289 2609/4010/3437 230/328/288
f 3736/7781/4387 606/1874/834 2210/3377/2977
f 387/573/524 1576/2376/2161 748/1109/1033
f 2350/7993/3133 4555/7660/4259 3358/5300/4224
f 4429/7378/4575 4898/8552/4384 3228/5081/4110
f 4832/498/453 1439/2194/2001 340/499/454
f 4725/8262/4949 4760/4522/3790 1003/1486/1383
f 1118/6439/1551 1240/1861/1723 1119/6632/1552
f 1131/1693/1537 1130/1692/1576 1253/8553/1742
f 3282/5182/3446 39/55/49 3283/5183/4164
f 9/14/12 3920/6319/4658 13/19/8
f 1681/2542/2299 3707/2541/2298 4232/6969/4836
f 1150/1721/1598 3125/4905/4016 1151/1722/1599
f 3230/5086/3233 246/359/319 3294/5197/4174
f 2360/3606/3144 476/8554/650 4912/4631/3861
f 3699/5896/4507 2488/3810/3291 2489/3812/3293
f 2538/3892/3350 3573/5677/3755 4435/8432/4843
f 2538/3892/3350 4435/8432/4843 4306/6630/4754
f 3116/6995/4009 2603/4003/3431 3354/5290/2594
f 2127/3349/2875 4767/8177/2874 2196/3350/2958
f 1941/2938/2630 1443/2202/809 1442/2201/2007
f 4899/8555/1622 1031/1535/1430 1033/1537/1432
f 3850/6186/4609 3954/6390/4685 3307/5220/4188
f 1587/2391/2175 3137/3645/3170 3139/5299/4028
f 754/1118/1042 2875/4455/3743 4798/8259/3747
f 1142/1709/1589 572/848/788 1143/1710/1590
f 148/7665/171 150/4526/173 1135/1699/1582
f 2942/4563/3818 861/1269/1184 1339/2016/1854
f 4102/4157/3549 417/619/566 2705/4158/3550
f 3526/5724/4378 920/1359/1265 2625/4031/3451
f 621/923/855 3223/4882/4003 788/1170/1090
f 2435/3741/3237 4091/6687/4767 585/3742/802
f 4900/8556/1102 4901/8557/139 766/8558/1059
f 4328/6382/4682 4909/5513/4338 4327/8559/4870
f 1814/2744/2468 1813/2743/2467 4705/8021/4947
f 3279/5176/4162 1681/2542/2299 1302/1960/1807
f 312/7999/414 1779/2690/2428 4439/4194/3573
f 2421/3707/3215 3157/4967/4046 3547/3705/3213
f 4724/1888/1745 452/671/615 1255/1889/1746
f 175/236/206 171/235/205 2706/4159/3551
f 4065/8020/4759 818/1213/1132 4812/8365/4952
f 1983/3004/2686 3503/5564/2930 2731/4199/3577
f 4902/8560/4591 315/462/417 314/461/416
f 2187/7111/2948 2188/6764/2949 861/1269/1184
f 860/1268/1183 2187/7111/2948 861/1269/1184
f 4421/7366/4898 4413/7857/4896 1884/2854/2562
f 3792/6084/692 2671/4098/3502 4790/8482/693
f 2363/3614/3147 4101/8207/4775 4879/8453/4955
f 2626/4032/3452 4717/825/765 555/824/764
f 4048/6605/4745 3257/680/624 459/682/626
f 3394/5374/4267 1061/1577/1468 328/485/440
f 3337/5268/4209 1415/2158/1973 2836/4376/3697
f 4048/6605/4745 4524/7592/3523 1864/7970/2537
f 2213/5163/2980 1173/7773/1628 4603/7772/4933
f 4141/7464/3812 2855/4414/1035 3020/5911/3908
f 1999/8561/2701 266/395/350 4723/2489/2253
f 4683/7960/3919 1950/2950/2641 284/419/374
f 2220/3390/2987 3020/5911/3908 2855/4414/1035
f 3374/5339/4249 234/338/298 2024/337/297
f 4843/8367/2552 500/744/687 2681/745/688
f 519/770/713 2144/3274/2893 664/981/912
f 3492/8562/4350 4309/2046/1879 3839/533/484
f 2949/4573/3826 3874/2163/1977 2710/4167/3553
f 2882/4467/3749 4535/7615/4925 2523/3870/3331
f 2068/7497/2784 3306/5219/4187 4745/476/431
f 1393/2109/1934 4356/6507/4720 501/746/689
f 2011/3042/2714 2014/3045/2717 2562/3935/3380
f 1204/1802/1670 927/1371/1277 3574/1370/1276
f 4470/7473/4608 4813/8286/4953 4471/7474/4908
f 4650/347/307 1897/3092/2578 1013/1507/1402
f 3616/5743/4445 2065/3129/2781 2621/4027/3447
f 4306/7140/4754 4903/8563/2347 4219/6942/4667
f 1428/2180/1987 2008/1342/1252 4242/6996/4840
f 943/1401/1304 942/1400/1303 2826/508/463
f 3162/4974/3990 4609/7782/4935 3961/4222/3588
f 4586/7731/1317 2799/8169/3659 3357/5295/4223
f 1349/2032/1869 2297/3505/3071 4620/8326/4619
f 4172/6347/4670 1262/1902/1757 3044/4753/3932
f 221/318/279 2015/8421/2718 3393/3659/3179
f 2416/3698/3208 2417/3699/3209 1818/2748/2472
f 4942/2220/2021 3222/2222/2023 3221/8564/4106
f 1909/2890/2592 3708/4557/3813 4931/6611/4747
f 2121/3239/2865 4419/3238/2864 2881/4466/1346
f 4904/8565/846 4778/2936/845 3267/5154/4145
f 794/1178/1098 2615/4018/3443 795/1179/1099
f 3469/5502/4333 3391/5369/4265 1430/2182/1989
f 4896/3508/3074 4750/8120/1104 799/6985/1106
f 921/7715/1266 2175/3320/1841 32/46/40
f 1665/2519/2280 235/340/300 1664/339/299
f 2366/1668/1555 3323/5249/4199 1122/1669/1556
f 29/43/37 1906/3961/2589 4204/6908/481
f 2667/4093/3497 2666/4092/3496 1743/2638/2387
f 3955/736/679 497/738/681 275/408/363
f 3152/4956/4040 3289/5191/4171 661/978/909
f 2053/3109/2769 2055/3111/2523 2796/7421/3653
f 4061/6981/4755 522/776/719 2041/3091/2755
f 4561/7677/3889 4063/6635/4757 4814/8288/3890
f 3978/6448/2738 3084/4831/3977 3729/3039/2712
f 932/1380/1286 4728/5327/4240 720/1381/995
f 3368/8566/533 3950/6385/532 4235/5943/4523
f 2186/3338/2947 1349/5266/1869 2185/3336/1744
f 3837/6162/4601 1213/1818/1685 2113/3135/2783
f 4190/6871/4819 4191/6873/4820 4800/8261/1793
f 574/1263/792 576/8506/794 2430/3729/3229
f 687/1011/941 4755/4461/1248 4902/6127/4591
f 4591/4468/3750 2568/3946/3388 4482/7483/4910
f 1264/3145/1759 1265/8567/1761 1152/6298/1600
f 4237/6986/4838 799/6985/1106 906/1332/1243
f 633/938/870 3594/5709/4428 1450/2210/2014
f 540/7402/746 3237/5103/4118 548/5102/755
f 3773/6040/4559 4504/934/866 4481/7496/4912
f 3004/4710/3894 3813/8568/2816 3812/7462/4589
f 2301/3510/3076 1848/2797/2515 1214/1819/1686
f 1204/6615/1670 4266/7045/1669 1404/2129/1948
f 4757/640/584 428/639/583 4071/6649/829
f 268/398/353 4546/400/355 617/917/849
f 4194/6878/4822 2684/4123/3521 1036/1541/1435
f 1488/452/407 309/454/409 4229/7864/4834
f 4694/7983/4946 1970/2984/2670 3113/4884/4005
f 1609/2428/2208 2337/3562/738 481/713/657
f 4905/8569/1190 3110/8570/1591 4599/6991/4839
f 3145/7543/4034 2788/7977/3645 3754/6009/4547
f 3843/3122/2776 4245/6572/4412 2060/3123/2507
f 3072/6085/1705 3792/749/692 505/752/695
f 2722/4182/3564 2507/3847/3316 4402/3846/3315
f 4103/6716/4776 2730/4197/3575 750/6964/1037
f 4079/2082/1911 4443/8571/726 3748/5991/3365
f 155/205/179 154/204/178 2089/3180/2815
f 4906/8572/2217 4573/7702/2061 2395/4693/3186
f 3920/6319/4658 1957/2962/2653 3507/5568/4359
f 1716/5438/2352 553/822/762 4137/821/761
f 2563/3939/3383 4460/7452/4676 3937/3937/3381
f 691/1016/387 3778/6054/4563 692/1017/945
f 1986/3008/2690 3542/5638/2188 3332/5261/4207
f 3113/4884/4005 1970/2984/2670 2357/3602/3140
f 885/1300/1214 737/651/595 1130/1692/1576
f 3551/5649/4394 2282/3482/3055 3552/5650/4395
f 1751/2651/2004 1645/2491/2254 251/367/327
f 2700/4144/3537 2057/3114/1704 1226/6320/1706
f 2130/3256/2877 3476/8331/4340 3639/5788/2080
f 1138/1703/1586 1137/1702/1585 1401/2125/1945
f 398/592/543 397/591/542 1550/2340/2127
f 617/917/849 618/918/850 3837/6162/4601
f 4541/4298/3639 468/694/638 4170/5188/4168
f 2203/3363/2967 2289/3491/3061 1429/2181/1988
f 4328/6382/4682 2292/3494/3064 4909/5513/4338
f 3964/6415/1677 2105/3207/2837 4781/7068/4852
f 674/994/924 4343/7509/4878 1876/4311/2551
f 890/1306/1220 1485/2254/2050 2187/3339/2948
f 3993/6476/4710 4849/8381/2301 3806/6113/4584
f 4414/7347/4866 1051/1561/1453 1052/1562/1454
f 1487/2256/2052 2846/7834/3712 1488/2257/407
f 460/2146/627 2846/4396/3712 2845/4395/3711
f 933/1382/1287 3486/5539/4345 934/1383/1288
f 3728/5955/4529 4314/8573/3910 4886/6998/4841
f 939/1390/1295 1128/1687/1571 4134/1391/1296
f 2603/4003/3431 2812/4344/3674 2604/4004/3432
f 2391/3662/3181 3858/4528/3359 126/172/148
f 3829/8574/4331 3427/5425/4296 4551/6134/4593
f 3841/6169/4603 3961/4222/3588 3547/5644/3213
f 1662/2514/2276 4085/7560/4765 3551/6912/4394
f 1671/2527/2287 3647/3372/2972 2207/3371/2971
f 4851/8383/4673 4907/8575/4074 3527/7873/4379
f 1887/2860/2565 1889/2862/2567 4030/6563/261
f 656/971/903 4695/970/902 988/1469/1367
f 4156/6806/4808 4732/2461/2232 4218/6941/3308
f 833/3034/1148 330/487/442 3060/943/875
f 675/995/925 24/38/32 2061/3125/2777
f 4361/7245/4885 1812/2742/2466 2531/5395/3341
f 3378/5346/3948 2887/4473/3754 4453/7439/4688
f 692/1017/945 925/1367/1273 4805/1018/946
f 2988/4646/3871 554/823/763 1551/2341/2128
f 2544/3902/517 4698/4456/3744 3094/8152/3989
f 1634/2475/2244 4584/2474/2243 383/565/516
f 869/1280/1195 3030/4729/341 4594/7756/343
f 1774/2685/2423 2159/3297/2914 1775/2686/2424
f 3911/6949/3364 3795/6094/4166 2250/3429/2475
f 3205/5043/4093 282/416/371 1765/2672/2411
f 2595/3990/3422 2597/3992/3424 1232/1850/1712
f 4054/550/501 2415/3161/2800 4691/8576/4917
f 419/623/570 4518/5484/4325 420/624/571
f 2907/4504/3776 4836/8577/4179 3484/5534/4181
f 2317/3533/3096 2584/3975/3410 2318/3534/3097
f 2386/2676/2414 4859/2779/2500 1840/2781/2502
f 3003/4684/3893 2296/3502/3070 3142/4938/4032
f 3008/4694/1690 4055/6253/4633 4908/8578/2406
f 4327/8397/4870 4909/8579/4338 2839/4381/3702
f 4346/8580/4880 4484/7295/4891 4519/7580/4921
f 3904/7738/4646 519/770/713 3709/5914/4513
f 1756/2658/1401 4910/8581/4051 3163/3234/2860
f 2115/3223/1593 2521/6360/1592 698/1033/960
f 217/314/275 3248/8427/4128 218/315/276
f 4736/8446/786 1142/2197/1589 4021/2196/2003
f 1844/2788/2508 4643/5512/3223 533/8582/737
f 512/2789/703 1844/2788/2508 533/8582/737
f 2280/8307/3050 2530/3879/2204 2529/3878/3338
f 2169/3313/2927 1760/2665/2229 442/661/605
f 943/2819/1304 2827/4362/3687 4882/2820/2533
f 796/1180/1100 3145/4942/4034 683/1007/937
f 3465/3594/3138 190/8583/230 3301/5210/4180
f 4714/7886/4940 3802/8584/1676 3999/4111/3511
f 563/8585/774 4241/2025/776 3985/2024/1862
f 637/946/878 2109/6118/2844 4445/4544/3803
f 4545/8586/4408 4783/8215/1406 1289/1941/1791
f 3684/5875/4496 3919/6318/4657 3914/6307/4652
f 960/6652/1333 3942/6373/4679 2348/3580/3129
f 1455/7571/2019 2422/3709/2183 614/3708/843
f 2005/3030/2707 2590/3981/3414 2628/4034/3453
f 3735/5965/4533 3676/690/634 5/8/6
f 1413/2153/1968 4120/6748/4789 2764/4265/3616
f 4867/8587/1614 4145/6786/4799 1164/7374/1615
f 4587/7735/4360 600/894/827 908/1335/1246
f 4098/6704/4772 2324/3544/2197 3437/5445/4306
f 3364/5319/4235 4889/8527/3077 2925/4532/3595
f 1675/2532/2291 706/1042/969 1991/3016/2695
f 1445/2205/2009 3779/6055/4564 3091/4843/3986
f 3410/5400/4281 3249/8176/4129 2762/8231/3614
f 1933/2926/1389 2769/8588/3625 2770/2924/2620
f 1669/2525/2285 3171/4990/4061 1670/2526/2286
f 767/1139/1061 3869/2966/2657 1960/2968/2659
f 2534/6427/3344 1291/1947/1797 3970/7787/4697
f 4550/7649/3700 4899/1748/1622 1169/1750/1623
f 934/8470/1288 198/285/246 206/5855/256
f 4716/4984/4056 3168/4986/4058 4252/7093/4845
f 1475/2243/2040 4727/7405/4901 1243/1865/1727
f 1931/2923/2619 2927/4823/3796 3495/5549/4353
f 3057/8589/3949 3378/5346/3948 4453/7439/4688
f 2803/4331/3663 4072/2973/2662 4721/7482/4502
f 3973/3115/2773 3907/6295/4648 3974/3399/2994
f 2441/1397/1301 940/1396/1300 4031/8590/1891
f 900/8591/1235 1612/2435/2212 952/1415/1318
f 4431/7381/4837 3900/4643/3868 2058/3117/2774
f 2559/3926/3375 4333/7186/3177 4380/3927/3376
f 4587/7735/4360 908/1335/1246 2536/3887/3346
f 2161/7062/2917 1523/2307/2098 3669/5844/4484
f 2694/4138/3531 2162/3302/2918 2695/4139/3532
f 91/8592/104 3381/7058/106 4274/7060/4850
f 2201/6958/2965 2727/6467/3569 2178/3324/2937
f 1550/3552/2127 2331/3554/3110 4097/6706/4770
f 3669/5844/4484 1591/2396/2180 1067/1585/1476
f 1893/6407/2574 3258/5137/4134 2482/7382/3285
f 602/8593/258 3673/3499/257 4634/7279/1324
f 1070/1588/1479 1117/1663/1550 1071/1589/1480
f 1124/1676/1562 4887/8520/3844 3528/5803/4380
f 3535/578/529 4512/577/528 4566/7686/3159
f 3043/4751/3931 4481/7496/4912 2232/3407/3000
f 3273/5165/4152 2830/4366/3690 2050/3103/2765
f 2637/4046/3462 4840/4423/3724 1562/4682/2141
f 682/1005/935 933/1382/1287 935/1384/1289
f 4756/7878/4518 4715/8045/3259 3690/5883/4500
f 4756/7878/4518 3690/5883/4500 4646/7879/4939
f 870/1281/1196 3631/7938/4456 4911/8594/1384
f 4781/8213/4852 18/24/20 12/25/15
f 389/576/527 1376/5286/1906 259/380/208
f 3335/5265/4208 3003/4684/3893 967/1439/1341
f 3183/5007/633 3353/5289/4221 2581/7829/3407
f 848/1250/1166 559/830/770 4283/7083/318
f 3789/6074/2799 3011/7211/3901 1850/2799/2517
f 2642/4054/3468 4569/4053/3467 412/610/559
f 3888/6263/4637 3261/6693/4139 3291/5193/4172
f 3277/5173/4159 3276/5172/4158 3967/6420/522
f 2621/4027/3447 1184/1772/1644 4026/1774/1646
f 2846/7834/3712 4891/8533/408 1488/2257/407
f 3368/5325/533 1718/5324/2355 391/8595/531
f 3448/7461/4312 2002/3027/2704 750/6964/1037
f 3448/5460/4312 750/1113/1037 749/1112/1036
f 2562/3935/3380 2014/3045/2717 4277/7070/4853
f 2099/1027/954 4658/7903/2131 4929/6643/4760
f 3583/1404/1307 4473/7477/4746 944/1402/1305
f 3806/6216/4584 19/6218/21 3807/867/803
f 2984/4638/3864 464/688/632 2369/3622/3152
f 560/831/771 4612/8135/3613 561/832/772
f 1242/6330/1726 1851/2800/2518 1437/2189/1996
f 4947/788/729 768/1141/1063 2003/3028/2705
f 2848/4404/3713 2849/4406/191 3704/5905/4510
f 1808/2738/2462 4804/2737/2461 4882/8496/2533
f 1075/1598/1489 4040/6587/4738 1076/1599/1490
f 2611/4013/3438 896/8596/1230 2934/4931/3806
f 4142/6781/3704 1937/2930/2625 3927/2932/358
f 2444/3753/3244 4312/4716/3911 3330/5258/4205
f 88/119/101 1495/2269/2063 2458/3771/3260
f 264/390/347 4246/5871/4494 391/8254/531
f 4207/8239/2814 4544/7634/4928 2539/1395/1299
f 3349/5284/4219 389/576/527 1309/1971/565
f 1793/2713/2442 2494/3825/3302 4827/3881/3340
f 476/706/650 4291/8026/3612 4912/8597/3861
f 4113/1447/1348 4913/8598/1472 1926/2917/2613
f 542/807/748 2256/3437/3022 543/808/749
f 4355/7229/4883 4690/2554/2310 2340/3567/3120
f 4355/7229/4883 2340/3567/3120 3814/6126/4590
f 4502/4771/3944 2029/3070/2736 4811/1832/1696
f 1270/1914/1768 2914/4511/3782 763/1133/1056
f 3851/6187/4610 3306/5219/4187 1397/5222/1938
f 3518/5596/4371 3851/6187/4610 1397/5222/1938
f 1768/2678/2416 3176/4998/4066 2992/4654/3874
f 1167/1746/1620 3924/5837/4480 4002/6492/4662
f 4840/4423/3724 2860/4422/3723 2678/6702/3512
f 324/480/435 1809/2739/2463 3776/6051/4562
f 790/3640/1092 792/8599/1094 3827/6149/4600
f 3768/4695/3898 2284/3484/3057 2283/3483/3056
f 1544/1308/1222 598/5980/824 700/1036/963
f 4519/7580/4921 3472/5510/4336 1140/1705/1587
f 3416/5409/4285 725/1076/1003 4149/6791/4802
f 4798/4464/3747 2875/7882/3743 4265/7044/4847
f 3225/5076/4108 3833/5868/4492 3226/5077/2413
f 4212/6928/4827 4842/5799/2173 187/265/226
f 1449/2209/2013 2393/3664/3183 1340/3378/1855
f 3653/5811/4468 4434/3355/2962 3654/5812/2388
f 2870/2305/2096 4828/8600/4018 3252/2804/2522
f 2870/2305/2096 3252/2804/2522 1522/2306/2097
f 547/814/754 1553/2343/2130 1552/2342/2129
f 4310/7150/4865 3586/6288/4419 4732/2461/2232
f 577/855/429 1244/1866/1728 578/856/795
f 1905/8521/2588 3901/8601/4644 3902/5110/4120
f 2704/4156/3548 3224/5074/4107 3223/5073/4003
f 3756/2108/1933 4914/8602/3892 4666/8603/2369
f 2620/698/642 1593/6559/2184 472/699/643
f 3307/5220/4188 4923/6531/4634 323/477/432
f 3221/5068/4106 4819/1363/1269 440/659/603
f 4721/5886/4502 1031/1535/1430 4899/8555/1622
f 4903/2595/2347 1201/2594/1664 4791/8241/4668
f 3951/6386/4137 4461/5039/4092 3203/5038/4091
f 4915/8604/1966 4919/1788/1658 3902/5110/4120
f 4916/8605/535 4356/7239/4720 1560/2352/2139
f 4916/8605/535 1560/2352/2139 4419/7360/2864
f 384/568/519 2418/2568/2323 1715/2597/2349
f 3863/6202/4618 3862/6201/4617 2376/7441/3160
f 4566/7686/3159 3863/6202/4618 2376/7441/3160
f 1724/2610/2362 1723/2609/2361 4784/5687/4414
f 4527/376/336 3012/4700/3902 3958/377/337
f 4217/6940/4828 4904/8565/846 3267/5154/4145
f 3369/7687/996 4728/8084/4240 1617/2445/2219
f 1984/3005/2687 3219/5066/4105 1985/3006/2688
f 650/962/894 4378/7281/4889 4496/7526/377
f 1026/1528/1423 1027/1530/1425 4253/3724/1849
f 2320/7297/3100 3358/5300/4224 2844/6083/3709
f 2085/7109/2809 3239/4742/2808 1639/2481/2249
f 3933/3918/3367 1730/2616/2368 698/6359/960
f 4568/7693/4861 1592/7355/2182 3883/7694/2181
f 4618/6428/957 3572/5676/959 2538/3892/3350
f 2293/3496/3065 3888/6263/4637 1085/1609/1499
f 2712/4171/1809 4761/8606/3543 3181/5004/404
f 4507/7557/4895 3451/7342/4315 4408/8607/4314
f 3467/7190/4332 1542/2329/2118 3770/6034/4554
f 159/217/187 287/423/378 1878/2843/1786
f 3703/5902/4509 1166/1744/1618 1167/1746/1620
f 3199/8165/4087 4917/8608/3837 2505/8166/3313
f 936/1386/1291 4397/7321/1217 2129/1385/1290
f 1419/2164/1978 3829/6152/4331 4597/7759/3541
f 1745/2642/1566 2586/3164/2803 2043/3094/2757
f 745/1920/1030 1457/2218/2020 1275/1921/1774
f 1143/1710/1590 3569/5672/3984 1144/1711/221
f 4918/8609/3134 4386/7623/4893 4897/3537/3099
f 3218/5065/3665 2781/4294/3637 177/4293/212
f 2683/7148/3520 1504/2282/2075 2780/4291/3635
f 4824/4323/3657 2371/3624/3154 4810/8283/4280
f 3038/4745/3927 314/6423/416 2269/3460/3039
f 2512/3854/3322 2885/4471/3753 4887/4599/3844
f 4051/7090/4749 4167/6824/4812 3343/7300/4215
f 4471/7474/4908 3867/6210/4621 4872/8466/4344
f 4786/7424/4037 3459/5480/4322 667/6050/915
f 1050/1557/1450 1357/8335/1880 4313/1558/1451
f 360/527/478 3175/2338/2125 1373/2069/1899
f 4857/3217/2846 901/1322/1236 680/1003/933
f 3403/2949/2640 1951/2951/2642 3744/5985/3895
f 2449/3758/3248 1862/2822/2535 3567/5668/4407
f 2504/3843/791 1518/2301/2093 108/153/129
f 1412/8530/1967 4191/7947/4820 4919/8610/1658
f 3035/4735/3920 4196/6883/4823 2136/6209/2885
f 3672/5850/4488 4183/6862/3946 2859/4421/3722
f 3312/5229/4191 3986/6463/4703 1378/2080/1909
f 3626/7884/4454 4768/8179/4142 3441/5451/4307
f 3626/7884/4454 3441/5451/4307 2633/4042/3459
f 4119/6746/2835 3847/2864/2568 2326/8547/2445
f 2989/3985/3417 4833/8611/4954 4848/4204/3579
f 4022/942/874 635/941/873 4043/6597/4740
f 3573/5018/3755 2963/4604/241 1292/1948/1798
f 143/189/165 145/191/167 2911/4508/3780
f 1756/2658/1401 4920/8612/3937 4910/8581/4051
f 4902/8560/4591 3815/5973/4536 315/462/417
f 2991/3986/3418 161/219/189 160/218/188
f 387/6451/524 3968/6421/4695 3967/6420/522
f 604/8613/832 606/1874/834 3736/7781/4387
f 3497/5312/4231 3869/2966/2657 767/1139/1061
f 4074/7480/4762 4075/3600/2350 987/1465/1363
f 3953/3587/3135 2118/3229/2855 1209/3588/1680
f 3719/5937/1627 1738/2632/2381 4286/7089/4858
f 2215/3384/2982 1906/2887/2589 1223/1836/1700
f 4374/7274/4135 1527/2311/2102 2882/4467/3749
f 476/706/650 475/705/649 4291/8026/3612
f 2253/7791/1557 2262/3447/3028 1123/4675/1558
f 3766/8614/4552 3577/2048/1881 4932/5759/2672
f 1735/5614/2378 2141/3270/2890 381/562/513
f 3914/6307/4652 3919/6318/4657 4224/6951/4830
f 3110/8570/1591 3610/6212/4440 4599/6991/4839
f 2960/4600/3845 3014/4703/3905 3528/5615/4380
f 99/137/113 96/131/110 577/474/429
f 4361/8504/4885 2531/4452/3341 2873/4451/3741
f 2348/3580/3129 4308/3582/3131 3091/4843/3986
f 318/466/421 3508/5575/4361 2625/5518/3451
f 1336/2013/1851 1335/2012/1850 1929/5256/2616
f 2640/4051/3466 2303/3513/3079 1170/1751/1624
f 4775/8222/4911 3944/6376/4680 1024/1526/1421
f 4651/7889/4941 3483/5533/4343 2563/3939/3383
f 4405/7332/4894 1545/1307/1221 677/998/928
f 4256/4736/3921 2135/5218/2884 2448/6711/3247
f 3875/6234/4626 2317/3533/3096 2316/3532/3095
f 4473/7477/4746 1025/1527/1422 4474/7478/4909
f 2544/3902/517 4868/8450/2908 4698/4456/3744
f 4522/4339/3670 4321/6603/4743 2808/4340/3504
f 2001/3026/2703 774/1149/1071 1396/2112/1937
f 1030/5117/1429 2129/7428/1290 887/1302/1216
f 4537/8615/4926 4536/2974/2663 2941/4560/3816
f 454/674/618 455/676/620 4011/6508/4721
f 136/182/158 135/181/157 4626/3071/2737
f 457/678/622 456/677/621 2657/4077/3484
f 4332/6048/4561 4599/6991/4839 2973/4624/3856
f 1581/2384/2168 4109/7711/4780 883/6544/1210
f 727/4104/1006 3892/8616/1008 1119/6632/1552
f 1501/2460/2072 4310/7150/4865 4732/2461/2232
f 3599/5715/4430 4093/6694/3402 2577/8617/3401
f 3834/6107/1364 3599/5715/4430 2577/8617/3401
f 3630/5768/4455 4549/7647/4929 2021/3055/2726
f 56/1570/65 4731/1569/1461 4921/8618/1640
f 3520/5598/4372 824/1219/1138 1977/2997/2680
f 2786/8619/3641 4922/8620/3161 2376/8621/3160
f 3053/4765/3941 3049/4761/3938 1898/2877/2579
f 1451/2212/2016 4169/3763/3252 3906/4917/2512
f 1078/1601/1492 4384/7293/4578 1895/2873/2576
f 2159/3297/2914 2889/8329/3757 2158/3296/2913
f 1002/1485/1382 1001/1484/1381 456/677/621
f 2757/4251/3606 3746/5988/4541 2758/4252/3607
f 3788/6073/4574 1849/2798/2516 4040/7538/4738
f 3805/7502/3118 2338/5684/3117 1668/2524/2284
f 4020/1817/1684 1883/2851/2560 4923/8622/4634
f 1231/1848/1711 1942/2939/2631 2861/4425/3725
f 2527/2866/2570 1890/2865/2569 2990/8126/3872
f 4090/6686/3565 2723/2955/2646 1955/2956/2647
f 2421/3707/3215 4564/7681/1282 1385/2098/1924
f 4654/7895/4334 4471/7474/4908 4872/8466/4344
f 2871/1419/1322 2243/8623/3010 3093/4846/3988
f 1328/7813/1225 4044/6598/4501 4924/8624/1839
f 2075/3147/2792 2383/3649/3171 4379/7283/2531
f 4882/2820/2533 2040/3089/2753 4485/8625/4914
f 850/6012/1169 3466/8626/1171 4206/6472/4707
f 384/568/519 2101/3197/2830 2418/2568/2323
f 2711/1963/1810 4838/6801/3219 4489/7508/3619
f 1979/2999/2682 4766/3139/2786 1980/3000/2683
f 4039/3829/3304 1072/8139/1482 616/3827/847
f 4929/6643/4760 4658/7903/2131 4876/8474/4903
f 3831/8627/4023 3503/5564/2930 3832/2195/2002
f 411/609/558 4198/6887/1294 1899/2878/2580
f 2137/3266/2886 4802/8266/4855 2953/4584/3833
f 2377/3633/3162 3602/5719/4433 3603/5721/434
f 1093/1623/1513 2059/3118/2775 4748/282/243
f 1787/2705/2437 4043/6597/4740 1788/2706/2438
f 1848/2797/2515 2301/3510/3076 3407/5392/4276
f 2854/7855/3718 3784/8509/1326 3209/6262/4096
f 3685/5876/4497 3996/333/293 3731/335/295
f 3654/2640/2388 4685/5000/4067 3590/5702/4423
f 3348/5283/4218 4952/6851/4729 4674/5592/4370
f 475/8628/649 2018/3051/2547 4707/2760/2483
f 879/1292/1206 2133/3260/2881 2969/4615/3852
f 2507/3847/3316 2722/4182/3564 2765/4269/3620
f 3753/7290/4546 390/8629/530 525/784/725
f 1609/2428/2208 3994/2427/2207 2338/3563/3117
f 1609/2428/2208 2338/3563/3117 2337/3562/738
f 2618/4021/3445 2617/4020/3397 3980/6450/3396
f 173/240/210 172/239/209 723/6521/1001
f 2784/4075/3482 3396/5376/4268 3812/6124/4589
f 3598/2091/1918 849/1251/1167 86/115/99
f 4060/6629/4753 2012/3043/2715 2487/3809/3290
f 3827/6149/4600 792/8599/1094 3119/4896/1084
f 1186/1776/1648 815/7901/1129 1597/1843/1707
f 586/868/804 4505/6807/4809 4484/7500/4891
f 2825/4360/3686 3487/7933/4346 2656/4076/3483
f 3665/5835/4479 4804/8268/2461 1809/5836/2463
f 1918/2902/2601 4095/2904/2603 1955/2956/2647
f 4565/7683/3791 150/198/173 1028/1531/1426
f 2829/4365/3689 4035/6576/4736 2820/4355/3681
f 1769/2679/2417 3184/5009/3191 1770/2680/2418
f 1218/1826/1693 3286/1825/1692 2552/3919/3368
f 2149/5427/2899 4925/8630/4303 3481/5428/4297
f 893/6494/1226 4926/8631/1838 4831/4889/4008
f 2683/4122/3520 358/525/476 1504/6044/2075
f 2938/4554/3810 3705/5906/4511 3318/5242/4196
f 743/7353/1028 1274/1919/1773 4927/8632/2605
f 4866/1187/1107 3533/8633/4386 3534/1188/1108
f 1372/4047/1898 4928/8634/1897 1134/3443/1581
f 939/1390/1295 278/412/367 4703/6177/4605
f 1290/1944/1794 3831/5094/4023 1842/1945/1795
f 4826/3242/2868 3490/7599/2415 975/1452/1353
f 4461/5039/4092 4490/7513/2866 2616/5040/3444
f 1459/2223/2024 4929/8635/4760 1914/1573/1464
f 917/1354/1262 1183/1771/1643 918/1355/1263
f 3085/4832/3978 2315/3530/3093 1215/1820/1687
f 2099/1027/954 1139/1029/956 4658/7903/2131
f 4770/5365/4263 4930/8636/2710 3389/5366/2239
f 377/556/507 376/555/506 1054/8023/1458
f 4931/8637/4747 1322/1988/1829 4637/1990/1831
f 4472/6892/4824 4145/6894/4799 4867/8449/1614
f 838/8638/1153 4799/8639/4123 4354/8640/2943
f 4704/8019/600 4559/7670/1255 4558/7669/3993
f 1565/2361/2146 3314/5031/1921 4623/7821/1920
f 3451/7342/4315 3814/6126/4590 3739/7410/4535
f 4268/8641/2998 3311/5228/3297 3016/2079/1908
f 4107/6722/1695 3327/8338/4020 1839/2780/2501
f 268/398/353 4438/7398/2650 2274/7850/2649
f 2544/3902/517 3094/8152/3989 4547/3903/1231
f 4665/7919/4942 2880/4465/3748 4009/6501/4718
f 429/3596/585 2355/3595/3139 1354/2041/1875
f 4440/7403/4900 688/1013/942 1342/4146/1857
f 2829/4365/3689 3811/6123/4588 4644/7874/4938
f 2383/3649/3171 4329/2557/2313 1861/8642/2532
f 2383/8643/3171 1861/2817/2532 4379/2816/2531
f 2147/3279/2897 2146/3278/2896 4906/2442/2217
f 344/505/460 343/504/459 1133/1696/1579
f 3090/7980/3983 1316/1982/1823 4316/7981/4867
f 1354/2041/1875 1246/2040/1730 2713/4172/3555
f 707/1043/970 3725/6578/4526 808/1044/971
f 2985/4640/3865 888/7564/1218 890/7110/1220
f 256/373/333 255/372/332 3463/5489/4327
f 900/1321/1235 4586/7731/1317 3356/5294/4222
f 1749/2649/2394 3305/5217/4186 2944/4566/3821
f 4064/6636/4758 4437/6684/4766 2924/4531/3794
f 372/5870/499 2177/3323/2936 4688/6351/1595
f 2548/3910/3361 2682/5639/3519 3442/5452/4308
f 3823/6144/4446 1959/4977/2656 4173/6837/4813
f 1829/2766/2488 3059/4782/3950 4069/2957/2648
f 2636/4610/3461 2076/3148/2793 2308/3522/3088
f 2644/2772/2493 102/141/117 104/144/120
f 3273/5165/4152 2050/3103/2765 2049/3102/2121
f 1721/2607/2359 2580/3970/3406 3010/4697/3900
f 4501/7537/4466 4653/7894/2209 1351/2037/1872
f 4501/7537/4466 1351/2037/1872 828/2036/1142
f 3134/8033/4025 3135/6442/3394 3976/6441/4701
f 1226/1842/1706 3072/1841/1705 1046/1553/1446
f 930/1377/1283 3949/6707/4683 1269/1913/1767
f 2247/3426/3014 654/968/900 3095/4850/3991
f 4465/7147/4864 2195/3348/2957 2196/3350/2958
f 828/1224/1142 827/1223/1141 2097/3193/2827
f 2391/3662/3181 125/171/147 129/175/151
f 2844/6083/3709 3766/6030/4552 4932/8644/2672
f 1225/1839/1703 4796/1838/1702 4686/7966/3544
f 4456/7444/1393 1972/2406/2190 4055/6622/4633
f 3683/5874/3317 1474/2242/503 3684/5875/4496
f 1190/8645/1177 949/2327/1311 4700/8012/1651
f 2784/4075/3482 3153/4957/4041 3396/5376/4268
f 3571/5674/4410 3575/5675/4411 3532/5621/4385
f 373/549/500 372/548/499 1145/1715/1594
f 92/124/105 1205/1803/1671 3381/125/106
f 4948/3258/2879 4654/5504/4334 4788/8646/3362
f 2628/4034/3453 2630/4036/3455 2005/3030/2707
f 2566/3943/1819 3941/6372/4678 2828/4364/3688
f 776/1151/1073 2916/4513/3784 4677/3968/3404
f 3515/5586/1122 64/5585/73 63/8647/72
f 1239/1860/1722 2271/3462/3040 3560/5660/4401
f 4783/1511/1406 1098/8648/706 1016/1512/1407
f 4363/3568/1982 2340/3567/3120 2212/5278/2979
f 1904/2885/2587 1905/2886/2588 4355/7229/4883
f 1872/2834/2545 2711/1963/1810 1873/2835/2546
f 920/8649/1265 1578/2378/1484 3678/5863/495
f 1648/2495/2257 722/1073/1000 1628/2463/2234
f 1373/2069/1899 3155/4959/4043 1374/2070/1900
f 1937/2930/2625 4881/6783/4796 2939/7578/3811
f 4821/8305/3522 1342/4146/1857 4508/7558/4469
f 921/7715/1266 32/46/40 3644/5318/4234
f 3643/8650/3953 921/7715/1266 3644/5318/4234
f 242/2115/313 241/5306/312 2958/4594/3840
f 4345/4292/3636 978/1455/1356 4021/6534/2003
f 1259/1890/1747 2464/3779/3267 1256/1891/1748
f 2606/4007/3434 4797/4006/3433 718/8287/993
f 2606/4007/3434 718/8287/993 3345/5280/992
f 3260/5141/4138 782/1161/1082 1273/1918/1772
f 2201/3361/2965 263/387/344 2727/4188/3569
f 3480/5530/1274 3482/5532/4342 926/3734/1275
f 2794/4316/3650 4933/8651/4726 4555/5359/4259
f 4420/7364/4897 721/1071/998 1412/2151/1967
f 4934/8652/78 4756/8653/4518 4935/8654/100
f 2956/6461/3838 1917/2900/2599 3780/6056/4565
f 4496/6710/377 2649/4062/3474 238/348/308
f 2477/3793/3280 4651/7959/4941 4494/7522/4355
f 336/494/449 3380/5350/4256 337/495/450
f 4114/2383/2167 2235/8655/3002 2234/5979/1405
f 4892/564/515 382/563/514 2031/3074/2740
f 1659/2509/2271 2167/3311/2925 953/1416/1319
f 4165/6192/1457 1294/1950/1799 3628/1951/1800
f 2830/4366/3690 4015/6518/4723 2050/3103/2765
f 1410/2142/1960 2555/3922/3371 2155/3291/2909
f 3589/2140/1958 1410/2142/1960 2155/3291/2909
f 478/708/652 1534/8336/2109 4292/709/653
f 2632/4038/3457 4102/6718/3549 3363/5315/4233
f 1162/1737/1612 3243/7856/4122 1869/2831/2543
f 157/210/182 856/7237/1178 2518/208/180
f 129/175/151 124/170/146 4236/3661/3094
f 3467/7190/4332 3770/6034/4554 3468/278/239
f 700/1036/963 598/5980/824 701/1037/964
f 1187/1777/1649 1186/1776/1648 1227/1844/1708
f 1249/1880/1737 1251/1882/1739 992/1474/1372
f 2979/4633/3862 2983/4637/3863 488/724/668
f 1753/2653/2397 1752/2652/2396 3844/6173/2850
f 1753/5085/2397 3844/3222/2850 2026/3060/2730
f 2823/4358/3684 1812/2742/2466 4361/7245/4885
f 697/8656/955 828/2036/1142 1352/2038/1873
f 2143/4400/2892 204/292/253 2847/294/255
f 3196/5027/4084 2938/4554/3810 2451/3760/3250
f 1110/1651/1538 1254/1886/1743 3328/5255/4203
f 1877/8657/2553 4843/8367/2552 2681/745/688
f 2133/3260/2881 2132/3259/2880 2969/4615/3852
f 2490/8188/3295 4830/4934/647 311/4933/413
f 3340/5938/4211 1017/1514/1409 1019/1516/1411
f 3542/5638/2188 1986/3008/2690 3036/4737/3922
f 1879/2845/2555 786/1167/1087 1538/2323/2114
f 2378/3634/3163 2377/3633/3162 4238/437/392
f 3650/5807/4465 1180/1765/1637 1179/1764/1636
f 4734/8098/3828 3855/6326/4613 2599/3997/3427
f 4470/7473/4608 4870/8456/1049 4813/8286/4953
f 280/8658/369 1399/2119/1569 2962/2121/1943
f 1298/1955/1802 436/649/593 1835/2775/2496
f 4582/7723/4731 981/1459/1359 4790/750/693
f 305/445/400 4936/8659/4328 718/8287/993
f 3675/8660/1736 4754/8129/4489 2917/8128/3785
f 3929/6344/4669 4527/376/336 2981/8661/1718
f 4323/3573/3124 3418/6226/4287 4086/6522/1239
f 4124/6700/4771 4640/8662/2160 2257/6701/3024
f 378/557/508 3939/8663/4516 3714/2155/1970
f 4195/6881/1803 4540/7624/1575 1109/1649/1536
f 4537/7618/4926 3408/5393/4277 4603/7772/4933
f 1353/2039/1874 842/1241/1157 932/1380/1286
f 931/1379/1285 1353/2039/1874 932/1380/1286
f 3726/5953/4527 446/2433/609 448/5952/611
f 424/630/575 4448/629/574 3641/8664/4463
f 4330/6813/4550 3388/5364/4262 3278/7788/4161
f 4386/7298/4893 2350/7993/3133 3358/5300/4224
f 1242/6330/1726 1437/2189/1996 4695/7984/902
f 3791/6078/4576 3931/6354/4672 4248/6164/4602
f 3543/4392/3708 2681/745/688 2635/4044/3460
f 3436/5441/346 3987/5444/4156 4937/8665/4704
f 4888/3959/3399 4793/8246/4945 3885/2782/2503
f 2427/3722/3224 3004/4710/3894 717/1061/988
f 4938/8666/3485 4339/4087/3493 2658/3603/3141
f 2210/3377/2977 2209/3376/2976 3047/5526/3936
f 1869/2831/2543 3402/6810/4273 1870/2832/1163
f 3866/6208/4620 4591/7748/3750 3269/5159/4148
f 896/8596/1230 2611/4013/3438 2613/4015/3440
f 950/1410/1313 899/1320/1234 898/1319/1233
f 2585/4542/2804 284/419/374 286/421/376
f 1815/5987/2469 3746/5988/4541 2757/4251/3606
f 3188/5014/4075 1606/2423/2203 3366/5322/4238
f 1773/6575/2422 2288/3490/3060 997/1479/1377
f 2426/3717/3221 2425/3716/3220 2876/4459/3745
f 3139/4929/4028 3138/4928/4027 894/1314/1228
f 1915/2898/2598 4876/8474/4903 1916/2899/1465
f 2248/3427/3015 4885/3728/3228 3333/5262/3954
f 1217/8667/1691 3008/8518/1690 4865/8438/4951
f 3620/5750/4448 4011/6508/4721 909/1338/1249
f 4070/2846/2556 1427/2179/1986 709/6393/975
f 537/802/743 4070/2846/2556 709/6393/975
f 1111/1652/1539 1113/1654/1541 2597/6251/3424
f 2267/8668/3037 4217/6940/4828 1116/1662/1549
f 1501/2279/2072 1500/2278/2071 4311/7652/4420
f 4128/6758/4792 4018/6525/4724 1952/2952/2643
f 3194/5023/922 4429/7378/4575 432/644/588
f 2660/8512/3487 754/1118/1042 3129/7445/185
f 384/568/519 1715/2597/2349 385/569/520
f 4792/2380/2164 1369/2064/1895 4057/8499/4752
f 602/7853/258 2854/7855/3718 603/6261/831
f 938/1388/1293 3166/4982/4055 4271/4981/4054
f 4447/8669/4038 4155/8274/4807 3918/1473/1371
f 1039/1544/1438 2345/3577/3126 1189/1780/1652
f 4514/5805/3714 1817/2747/2471 1816/2746/2470
f 3866/6208/4620 3269/5159/4148 1448/2208/2012
f 1316/1982/1823 960/6652/1333 3585/5694/4418
f 1420/2166/1980 3427/8302/4296 3829/6152/4331
f 4316/7981/4867 1316/1982/1823 4174/1981/1822
f 268/398/353 617/917/849 4438/7398/2650
f 2220/3390/2987 2222/3392/2989 1322/5912/1829
f 1501/2460/2072 4311/7151/4420 4310/7150/4865
f 3671/5847/4487 2102/3200/2833 1739/2633/2382
f 3000/4669/3884 2411/3690/997 4939/8670/999
f 3638/5787/4461 2130/3256/2877 3639/5788/2080
f 3898/3469/3045 2273/3468/3044 3292/5194/2116
f 3661/7354/3166 2534/8242/3344 2761/4258/3610
f 3418/5412/4287 3419/5413/4288 4086/8671/1239
f 4731/8094/1461 4400/5008/4071 4921/8672/1640
f 3386/5361/4260 4067/6644/4761 422/626/573
f 2054/3110/2770 2053/3109/2769 3398/5535/4271
f 1742/2637/2386 418/621/568 4487/620/567
f 3334/363/323 3333/4788/3954 4735/364/324
f 520/772/715 2958/4594/3840 521/773/716
f 2879/4463/3746 3287/5189/4169 1466/2232/2032
f 482/715/659 1752/4231/2396 4245/6572/4412
f 3934/8673/656 1136/1701/1584 1138/1703/1586
f 1518/2301/2093 3438/2300/2092 2274/3470/2649
f 318/466/421 2975/4626/3858 2974/4625/3857
f 3511/5581/4364 3315/5237/4193 3275/5171/4157
f 1034/224/194 1211/1814/1434 163/222/192
f 784/1164/1085 4821/4124/3522 1252/1883/1740
f 4637/1990/1831 2406/3683/3199 4352/7226/2629
f 2335/3558/3114 2443/3752/3243 2442/3751/3242
f 4646/7879/4939 4675/7943/4944 3529/5616/4381
f 4341/8359/4876 1645/2491/2254 1751/2651/2004
f 3319/5243/4197 4181/4932/4030 4520/8443/4817
f 2639/4050/3465 3255/5133/3067 3664/5834/4478
f 4722/8062/4948 1838/2778/2499 301/441/396
f 3570/5673/4409 2944/4566/3821 2719/8508/3561
f 2767/7328/2749 1233/1851/1713 1234/1853/1715
f 1726/2612/2364 957/1426/1329 1587/2391/2175
f 3120/3518/3084 1245/1870/1729 3367/5323/4239
f 3868/7098/4622 2763/4264/3615 3329/5257/4204
f 4660/3823/3300 4940/8674/898 3598/5714/1918
f 108/153/129 1518/2301/2093 109/154/130
f 1793/2713/2442 3774/2021/1859 1343/2020/1858
f 3390/5368/4264 630/932/864 4504/934/866
f 2142/3271/2891 3341/5273/4212 3213/5054/4101
f 4346/8580/4880 4519/7580/4921 1140/1705/1587
f 231/331/291 94/134/108 97/133/111
f 2048/3100/2763 4192/6874/4821 3576/4597/3842
f 4818/6000/4544 3750/5999/4083 3413/5404/4283
f 2578/3965/3403 4600/7765/4815 2640/4051/3466
f 2916/8675/3784 2578/3965/3403 4835/3964/930
f 4171/6833/1500 1087/6097/1502 444/663/607
f 4582/6552/4731 3332/5261/4207 3542/5638/2188
f 1179/1764/1636 4692/2991/2675 3650/5807/4465
f 4781/8213/4852 1956/2961/2652 18/24/20
f 961/7515/1334 1332/2007/1846 4941/8676/1335
f 2250/3429/2475 2249/3428/3016 4433/7389/3881
f 2390/5996/3180 3393/6724/3179 1105/5573/1530
f 2925/4532/3595 4889/8527/3077 2225/8677/2991
f 3298/5203/4176 2933/4546/3805 4622/7820/4936
f 3405/5390/2915 3406/5391/4275 4942/8678/2021
f 4943/8679/2065 4944/8680/2064 1919/2905/2604
f 4943/8679/2065 1919/2905/2604 101/140/116
f 3207/5045/4094 2012/3043/2715 4060/6629/4753
f 3660/3875/3335 3859/2913/2609 4239/3876/3336
f 4342/7204/4877 2774/4282/3628 4344/7206/4879
f 4945/8681/2336 4662/7909/2335 4472/6892/4824
f 3636/5785/4460 2864/4432/3730 744/1105/1029
f 3142/8682/4032 273/405/360 2474/3790/3277
f 3229/5083/4111 2088/5082/2813 4370/7264/578
f 1799/2724/2278 3156/4966/4045 1800/2725/2450
f 1777/2688/2426 1605/2422/2202 1598/2410/2193
f 1944/2941/401 1943/2940/2632 306/8318/402
f 4563/6308/4653 3041/4749/3929 817/1212/1131
f 46/74/57 1611/2431/2210 4653/2430/2209
f 906/1332/1243 1325/1995/1835 907/1333/1244
f 1343/2020/1858 1342/2019/1857 4821/4124/3522
f 1171/1752/1625 4120/6748/4789 1413/2153/1968
f 3785/6066/4569 2573/3952/3393 3237/5103/4118
f 4578/5378/4269 2191/3343/2952 1542/2329/2118
f 2991/4650/3418 4249/7013/4844 2990/4648/3872
f 622/924/856 789/1171/1091 230/328/288
f 2580/3970/3406 1617/2445/2219 4336/7593/4874
f 2242/3419/3009 4357/7241/4570 1685/2547/2303
f 4946/8683/1666 4122/3321/2934 685/1009/939
f 1835/2775/2496 4304/8051/4863 2979/5508/3862
f 1515/2296/2088 1516/2298/2090 3259/5139/4136
f 4689/2496/2258 3562/5663/1323 3564/5665/4405
f 4737/8400/3033 4106/6721/4778 4771/8185/4859
f 3705/5906/4511 3140/4930/4029 3318/5242/4196
f 1761/309/270 213/308/269 175/245/206
f 4132/5910/4512 1908/2889/2591 615/912/844
f 3768/4695/3898 2283/3483/3056 4263/3061/2731
f 4556/7663/4768 3926/6338/4665 4462/7454/4905
f 4657/6274/4640 3894/6273/4639 3938/6367/4677
f 4526/5817/4471 3025/4721/2940 4842/8364/2173
f 3749/5994/4112 2907/5520/3776 2713/4172/3555
f 1353/2039/1874 1618/2446/2220 1721/2607/2359
f 1942/2939/2631 1944/2941/401 2861/4425/3725
f 3941/6372/4678 2565/3942/3385 4269/7048/119
f 4680/7954/1034 4727/7405/4901 1475/2243/2040
f 3756/2108/1933 4666/8603/2369 4356/6507/4720
f 1905/2886/2588 3241/7888/4119 4355/7229/4883
f 1137/3063/1585 877/1290/1204 4052/7315/4750
f 1704/2575/2330 4545/8586/4408 1289/1941/1791
f 201/289/250 203/291/252 3424/5421/2389
f 4832/498/453 4947/8684/729 2804/4474/3664
f 1974/2990/2674 3220/3293/2911 2087/3175/2811
f 2366/3619/1555 1765/2672/2411 282/416/371
f 4667/7925/1661 1334/2009/1848 1027/2011/1425
f 1917/2900/2599 1132/1694/1577 1554/2346/2133
f 2607/4008/3435 1671/2527/2287 2207/3371/2971
f 1676/2534/1583 624/3160/858 373/549/500
f 4008/6500/4717 503/748/691 2589/3980/3413
f 4948/8685/2879 4788/8233/3362 4837/4191/3570
f 2728/4190/2062 4948/8685/2879 4837/4191/3570
f 3134/8033/4025 409/607/556 4136/6772/4793
f 4251/4892/4011 2605/4005/540 2606/4007/3434
f 1988/3011/2691 1671/2527/2287 2607/4008/3435
f 2778/4287/2901 4772/8186/4690 3743/4288/3632
f 3253/5131/405 2425/3716/3220 4838/3715/3219
f 1162/1737/1612 1869/2831/2543 1406/2133/1952
f 3913/4067/3021 3069/5864/3961 3984/4068/3479
f 3162/4974/3990 4949/8686/4784 4609/7782/4935
f 330/487/442 329/486/441 3634/5783/3886
f 2839/4381/3702 3094/4848/3989 3808/6115/4585
f 3089/8321/3982 4950/8687/234 3067/7104/3959
f 4485/8625/4914 2040/3089/2753 3106/4868/2764
f 2705/7953/3550 389/576/527 175/379/206
f 2884/4470/3752 262/385/342 4951/8688/2744
f 2950/4577/3829 2062/4576/2778 4220/6945/3985
f 3000/4669/3884 4939/8670/999 4469/4670/3885
f 1921/2910/2608 3720/5939/3574 1019/1516/1411
f 3461/5483/4324 1903/2883/2585 3264/5149/4143
f 4148/6790/2398 4149/6791/4802 1055/1567/1459
f 1775/2686/2424 2158/3296/2913 2857/4417/3720
f 4952/8689/4729 4327/8397/4870 2017/3050/2722
f 335/7234/447 2483/7891/3286 333/490/445
f 1348/2031/1868 637/946/878 639/948/880
f 2114/3221/2849 2113/3220/2783 2955/4588/3836
f 173/3120/210 722/8690/1000 170/7923/204
f 4681/7956/3768 3804/6111/4583 3757/6015/2600
f 2121/3239/2865 2589/3980/3413 4916/584/535
f 4544/8097/4928 2599/3997/3427 2601/3999/1629
f 4953/8691/3611 3589/2140/1958 4479/3385/2983
f 2806/4336/3668 2083/3157/2798 4042/6589/3222
f 2013/3044/2716 2717/4177/3560 2014/3045/2717
f 4179/8515/4816 600/894/827 4587/7735/4360
f 1497/2275/2068 1578/2378/1484 4160/6814/2222
f 3509/5576/4362 4532/8227/4904 2134/3262/1954
f 2061/3125/2777 4220/4842/3985 2062/3126/2778
f 2559/3926/3375 4905/7763/1190 4332/7185/4561
f 2269/5478/3039 1966/2979/2667 2270/3346/2955
f 1924/2915/2611 3822/6141/4597 1823/2754/2478
f 4556/7663/4768 3927/6339/358 3926/6338/4665
f 3291/8150/4172 419/623/570 421/625/572
f 3507/5568/4359 3506/5567/4358 3920/6319/4658
f 1164/7374/1615 4145/6786/4799 3990/6471/4706
f 3085/4832/3978 1216/1821/1688 2952/2357/2142
f 469/695/639 1629/2464/2235 1725/2611/2363
f 2936/4552/3808 3197/5028/4085 4181/6858/4030
f 3988/6469/4594 4928/2067/1897 4551/6989/4593
f 2601/1757/1629 2600/5087/3428 2513/3855/3323
