# Blender 4.3.0
# www.blender.org
mtllib temp.mtl
o Mesh_0
v -0.004310 0.929575 -0.196559
v 0.004859 0.880967 -0.220714
v -0.005498 0.941581 -0.152541
v -0.006579 0.931509 -0.153086
v -0.010319 0.948628 -0.169984
v -0.007418 0.928164 -0.127372
v -0.004176 0.908114 -0.181555
v -0.017996 0.952229 -0.193045
v -0.004903 0.935322 -0.221038
v -0.699635 -0.754704 -0.190686
v -0.699732 -0.742196 -0.187047
v -0.699961 -0.757856 -0.197791
v -0.689168 -0.755181 -0.185818
v -0.688388 -0.756216 -0.198420
v -0.702121 -0.751495 -0.191075
v -0.707206 -0.753961 -0.186473
v -0.658052 -0.652677 -0.172872
v -0.672639 -0.654488 -0.176929
v -0.658819 -0.618062 -0.151397
v -0.660818 -0.639133 -0.164174
v -0.655415 -0.637467 -0.142187
v -0.727339 -0.638686 -0.154836
v -0.731012 -0.591084 -0.161556
v -0.713404 -0.647200 -0.174058
v -0.691821 -0.625573 -0.175435
v -0.698819 -0.602979 -0.176593
v -0.746448 -0.658253 -0.152685
v -0.725649 -0.663335 -0.166656
v -0.695925 -0.678152 -0.184503
v -0.657245 -0.694274 -0.188008
v -0.669919 -0.723516 -0.192266
v -0.649922 -0.710769 -0.189213
v -0.672672 -0.770028 -0.207218
v -0.683844 -0.768617 -0.210378
v -0.680731 -0.789032 -0.216420
v -0.748852 -0.637092 -0.146334
v -0.727599 -0.691301 -0.171009
v -0.702389 -0.697952 -0.185846
v -0.678522 -0.613409 -0.166343
v -0.686842 -0.557271 -0.146019
v -0.710159 -0.571352 -0.170843
v -0.682623 -0.543287 -0.133568
v -0.649786 -0.681490 -0.175393
v -0.716802 -0.591025 -0.173066
v -0.717512 -0.579487 -0.177991
v -0.686963 -0.686143 -0.189159
v -0.652732 -0.667255 -0.161901
v -0.742706 -0.706214 -0.158814
v -0.716995 -0.725020 -0.184392
v -0.728603 -0.683342 -0.163696
v -0.715696 -0.671127 -0.180635
v -0.726879 -0.749648 -0.164708
v -0.701520 -0.750263 -0.165206
v -0.646286 -0.788244 -0.234346
v -0.717410 -0.555482 -0.164259
v -0.701140 -0.581968 -0.169832
v -0.703292 -0.509733 -0.137759
v -0.664793 -0.583035 -0.126048
v -0.673176 -0.581424 -0.145800
v -0.659490 -0.602112 -0.130079
v -0.644139 -0.729145 -0.206708
v -0.632362 -0.745596 -0.224577
v -0.632833 -0.730092 -0.216105
v -0.620797 -0.831899 -0.227887
v -0.634726 -0.846005 -0.201140
v -0.625504 -0.835958 -0.188140
v -0.745941 -0.681524 -0.155014
v -0.657632 -0.668662 -0.177596
v -0.625348 -0.750313 -0.210747
v -0.641601 -0.810048 -0.244683
v -0.621655 -0.831095 -0.235950
v -0.630337 -0.786302 -0.234457
v -0.621315 -0.806659 -0.239689
v -0.619166 -0.796094 -0.226977
v -0.705805 -0.760576 -0.188855
v -0.710249 -0.769909 -0.182301
v -0.715149 -0.666946 -0.182094
v -0.622029 -0.772093 -0.241048
v -0.624295 -0.762624 -0.235170
v -0.635978 -0.732785 -0.198498
v -0.641502 -0.714513 -0.194202
v -0.696330 -0.503843 -0.125429
v -0.705367 -0.494338 -0.131435
v -0.715498 -0.493098 -0.136900
v -0.713991 -0.516913 -0.148813
v -0.714443 -0.492270 -0.124859
v -0.686575 -0.542905 -0.119543
v -0.666095 -0.563030 -0.128121
v -0.637701 -0.828662 -0.238952
v -0.629617 -0.834915 -0.232776
v -0.664428 -0.840272 -0.239882
v -0.661378 -0.849483 -0.233214
v -0.660693 -0.820008 -0.241264
v -0.654423 -0.832828 -0.245265
v -0.636224 -0.844090 -0.208731
v -0.698251 -0.876524 -0.198097
v -0.645803 -0.880236 -0.208148
v -0.667366 -0.866982 -0.229508
v -0.672437 -0.872979 -0.202683
v -0.695566 -0.862413 -0.204988
v -0.679606 -0.852476 -0.222743
v -0.683111 -0.818900 -0.218007
v -0.685221 -0.527070 -0.125569
v -0.752507 -0.726378 -0.136245
v -0.764150 -0.711856 -0.133644
v -0.626027 -0.768344 -0.192419
v 0.231876 -0.908096 -0.462022
v 0.257255 -0.905965 -0.473981
v 0.246890 -0.865874 -0.461238
v -0.019085 0.282185 0.375809
v 0.011483 0.229603 0.376143
v 0.010255 0.250165 0.375304
v -0.202273 -0.135131 -0.432313
v -0.195332 -0.121874 -0.427781
v -0.132554 -0.130802 -0.442667
v -0.183070 -0.083157 -0.407870
v -0.158618 -0.092836 -0.423926
v -0.185322 -0.114821 -0.413346
v -0.176078 -0.109414 -0.426401
v -0.152628 -0.108786 -0.431618
v -0.187282 -0.091814 -0.411506
v -0.101922 0.460193 -0.440200
v -0.083449 0.469673 -0.442042
v -0.091009 0.455146 -0.439216
v -0.131158 0.484162 -0.441176
v -0.087735 0.475475 -0.439209
v -0.121387 0.523119 -0.443649
v -0.081695 0.503260 -0.434891
v -0.066866 0.494223 -0.446208
v 0.142424 0.536064 -0.420444
v 0.174897 0.530108 -0.418805
v -0.175879 0.018295 -0.377394
v -0.174204 0.032335 -0.366721
v -0.147868 0.043983 -0.400202
v -0.153008 0.014476 -0.399431
v -0.133803 0.012605 -0.387741
v -0.163987 0.028703 -0.395844
v -0.182639 0.803239 -0.320871
v -0.216685 0.792914 -0.311597
v -0.191644 0.793145 -0.332066
v -0.168597 0.801401 -0.341814
v -0.171345 0.798198 -0.350937
v 0.239026 0.418885 -0.308359
v 0.214789 0.378306 -0.316858
v 0.602562 -0.630832 -0.242534
v 0.571505 -0.650262 -0.270219
v 0.597998 -0.658399 -0.264180
v 0.515870 -0.625318 -0.202681
v 0.516898 -0.626781 -0.238049
v 0.488368 -0.642129 -0.274582
v 0.506806 -0.639940 -0.270592
v 0.489583 -0.625203 -0.264351
v 0.573426 -0.657762 -0.296353
v 0.537967 -0.610336 -0.200322
v 0.553559 -0.627471 -0.241932
v 0.621039 -0.592971 -0.184992
v 0.622853 -0.614927 -0.181024
v 0.618198 -0.617906 -0.212147
v 0.501700 -0.624391 -0.222390
v 0.580075 -0.587080 -0.188140
v 0.553657 -0.602076 -0.189981
v 0.537663 -0.619951 -0.182429
v 0.571329 -0.609930 -0.218978
v 0.608349 -0.592565 -0.191566
v 0.617062 -0.578852 -0.174729
v 0.621331 -0.574407 -0.164850
v 0.620801 -0.574141 -0.143879
v 0.613113 -0.577114 -0.161205
v 0.486137 -0.655438 -0.269353
v 0.481010 -0.654329 -0.281820
v 0.533742 -0.659081 -0.313403
v 0.547753 -0.646702 -0.280939
v 0.500258 -0.650877 -0.294555
v 0.622978 -0.586692 -0.144777
v 0.577627 -0.599068 -0.160536
v 0.589498 -0.603148 -0.151468
v 0.604206 -0.587043 -0.145045
v 0.506354 -0.653441 -0.314371
v 0.559544 -0.617967 -0.164026
v 0.141211 0.884994 -0.240377
v 0.126987 0.883159 -0.240227
v 0.127257 0.870962 -0.226484
v 0.126442 0.905922 -0.246892
v 0.100812 0.930286 -0.261679
v 0.148779 0.874754 -0.238466
v 0.183352 0.913606 -0.250368
v 0.140759 0.922160 -0.257910
v -0.781590 -0.715660 -0.118045
v -0.773779 -0.718693 -0.115384
v -0.761962 -0.672208 -0.125694
v -0.819317 -0.787605 -0.084932
v -0.797168 -0.810267 -0.102693
v -0.821663 -0.715049 -0.063047
v -0.436847 0.577103 -0.044395
v -0.438960 0.621163 -0.043745
v -0.431249 0.589166 -0.096081
v 0.695763 -0.816531 0.168725
v 0.760988 -0.781835 0.150887
v 0.812693 -0.759250 0.102433
v 0.688865 -0.823069 0.058640
v 0.703278 -0.808725 0.065616
v 0.681899 -0.826577 0.097589
v 0.692274 -0.818865 0.103604
v 0.681888 -0.845359 0.150637
v 0.677123 -0.836100 0.136823
v 0.755445 -0.776882 0.207546
v 0.729208 -0.794938 0.176542
v 0.674761 -0.824159 0.207292
v 0.737679 -0.778389 0.240309
v 0.676033 -0.839206 0.151854
v 0.811004 -0.732753 0.005857
v 0.741009 -0.783541 0.263901
v 0.815921 -0.734634 0.029022
v 0.810275 -0.756188 0.004877
v 0.818368 -0.721603 0.006281
v 0.834133 -0.749435 0.179361
v 0.891472 -0.717044 0.182230
v 0.872373 -0.718724 0.049388
v 0.888761 -0.719890 0.085636
v 0.775239 -0.770893 0.097703
v 0.749497 -0.767533 0.009907
v 0.708085 -0.798935 0.041717
v 0.706706 -0.797092 -0.030189
v 0.702158 -0.799998 -0.041593
v 0.719531 -0.783543 -0.035499
v 0.677255 -0.828409 0.186822
v 0.815970 -0.757532 0.226790
v 0.794019 -0.763100 0.228282
v 0.851578 -0.741047 0.231792
v 0.819152 -0.762576 0.265456
v 0.687662 -0.826097 0.033638
v 0.682793 -0.838578 0.044789
v 0.696898 -0.805745 0.035848
v 0.659912 -0.830136 0.221064
v 0.662250 -0.808018 0.244355
v 0.665023 -0.828655 0.262642
v 0.703400 -0.803796 0.002470
v 0.719912 -0.783344 -0.022147
v 0.876163 -0.719280 0.250697
v 0.760098 -0.765210 0.239095
v 0.895598 -0.718159 0.222762
v 0.661178 -0.802429 0.280476
v 0.660679 -0.806436 0.260580
v 0.767413 -0.762749 0.063061
v 0.687466 -0.832894 -0.011736
v 0.779452 -0.769545 0.251687
v 0.706126 -0.788903 0.255802
v 0.668375 -0.790594 0.275392
v 0.666919 -0.839612 0.204911
v 0.677178 -0.841112 0.160405
v 0.675362 -0.813942 0.221930
v 0.759977 -0.760217 -0.013041
v 0.784994 -0.746310 0.009559
v 0.818041 -0.758686 0.155159
v 0.782081 -0.757959 0.060145
v 0.835825 -0.745025 0.287268
v 0.855486 -0.722898 0.293767
v 0.817119 -0.767688 0.277292
v 0.714411 -0.790046 0.233065
v 0.669990 -0.840805 0.178585
v 0.686876 -0.859750 0.036204
v 0.687473 -0.844946 0.033413
v 0.679802 -0.868528 0.159828
v 0.826888 -0.760491 0.281271
v 0.881158 -0.724892 0.294910
v 0.685341 -0.870371 0.032088
v 0.749732 -0.770518 -0.024428
v 0.674248 -0.846795 0.228301
v 0.697162 -0.814493 -0.021956
v 0.688316 -0.817178 -0.035760
v 0.688478 -0.845159 0.009308
v 0.679681 -0.835885 -0.000001
v 0.683318 -0.835851 0.020017
v 0.885179 -0.715899 0.263516
v 0.693199 -0.823821 0.005755
v 0.688923 -0.845163 -0.006837
v 0.680235 -0.837500 -0.025285
v 0.668011 -0.838843 -0.018714
v 0.786526 -0.749806 -0.003450
v -0.805321 -0.535701 0.001423
v -0.793595 -0.558697 -0.002368
v -0.783930 -0.553689 0.039646
v -0.746099 -0.618314 0.049623
v -0.811784 -0.533738 0.005669
v -0.802325 -0.525770 0.017706
v -0.787595 -0.534352 0.077057
v -0.762729 -0.575836 0.114674
v -0.772757 -0.596687 -0.014112
v -0.754142 -0.614718 0.057417
v -0.798268 -0.564237 -0.007208
v -0.764378 -0.626162 -0.019496
v -0.734965 -0.638987 0.053368
v -0.753950 -0.620318 0.009065
v -0.817277 -0.572534 0.002892
v -0.725740 -0.678151 0.079020
v -0.748395 -0.649735 -0.017122
v -0.744796 -0.660817 0.012596
v -0.809682 -0.508261 0.003680
v -0.733403 -0.670994 0.051604
v -0.720038 -0.717838 -0.011662
v -0.723811 -0.762311 0.066224
v -0.722313 -0.726615 0.072270
v -0.717246 -0.753830 0.041130
v -0.733349 -0.716102 0.085721
v -0.730437 -0.691244 0.005323
v -0.808721 -0.504764 0.050373
v -0.804496 -0.512469 0.058488
v -0.780367 -0.619324 -0.023445
v -0.775703 -0.636207 -0.039859
v -0.770551 -0.573739 0.058650
v -0.739040 -0.636455 0.067107
v -0.731002 -0.653109 0.066184
v -0.717722 -0.656675 0.093963
v -0.762543 -0.636541 -0.035684
v -0.779462 -0.584942 -0.022104
v -0.723806 -0.630080 0.098585
v -0.721377 -0.728327 0.027648
v -0.750098 -0.642662 0.129572
v -0.751571 -0.611025 0.127348
v -0.747572 -0.624872 0.090509
v -0.727952 -0.646425 0.094887
v -0.714499 -0.755722 0.017718
v -0.714641 -0.766210 -0.008832
v -0.717483 -0.783362 0.065590
v -0.715491 -0.771368 0.023349
v -0.723652 -0.649890 0.103924
v -0.732716 -0.700425 0.063061
v -0.737230 -0.651980 -0.036580
v -0.730861 -0.680987 -0.031466
v -0.793251 -0.642904 -0.022423
v -0.707496 -0.789001 0.021249
v -0.296638 -0.917717 0.012182
v -0.279458 -0.893972 0.120985
v 0.042342 0.939760 0.136446
v -0.010857 0.940888 0.096229
v 0.060870 0.934384 0.183083
v -0.278873 -0.876526 0.195007
v -0.212250 -0.886559 0.151950
v -0.208457 -0.871290 0.222053
v 0.254851 -0.186054 0.186535
v 0.260116 -0.153237 0.176349
v 0.244855 -0.186990 0.197960
v -0.241281 0.817301 0.220247
v -0.270582 0.811932 0.207462
v -0.886255 -0.768966 0.250794
v -0.873087 -0.762652 0.267290
v 0.272445 0.758785 0.275411
v 0.284656 0.739909 0.253069
v 0.288748 0.749212 0.253228
v 0.283830 0.745317 0.235907
v -0.752009 -0.846583 0.269060
v -0.763230 -0.835802 0.291464
v -0.754706 -0.845249 0.251111
v 0.242621 0.757190 0.295515
v 0.102105 -0.273563 0.311325
v 0.105192 -0.300522 0.322871
v 0.076307 -0.258694 0.329008
v 0.119282 -0.343994 0.326980
v 0.134897 -0.468797 0.393002
v 0.146085 -0.463637 0.371959
v 0.117851 -0.450929 0.368448
v 0.383157 -0.815281 0.456891
v 0.378888 -0.803294 0.472724
v 0.300845 -0.802959 0.495046
v 0.293126 -0.779638 0.503009
v 0.268313 -0.811702 0.505817
v -0.843491 -0.792066 0.284959
v -0.834592 -0.793697 0.276658
v -0.828725 -0.804003 0.287819
v 0.524467 -0.893638 0.099078
v -0.794044 -0.772117 -0.102089
v -0.783122 -0.741741 -0.115451
v -0.282935 0.696242 0.290631
v -0.279946 0.682877 0.286042
v 0.543013 -0.834560 -0.355339
v 0.573864 -0.867747 -0.353245
v 0.116793 -0.837866 0.462446
v 0.202276 -0.840849 0.440242
v 0.651852 -0.359743 0.121800
v 0.604544 -0.438124 0.170213
v 0.678351 -0.359226 0.122865
v -0.233496 0.637314 -0.399266
v -0.199670 0.625276 -0.404411
v -0.234714 0.614722 -0.401935
v -0.089333 0.386955 -0.441763
v -0.083155 0.379990 -0.420682
v 0.408304 -0.638887 -0.426511
v 0.430053 -0.650700 -0.397769
v 0.387231 -0.923216 -0.380723
v 0.402732 -0.918531 -0.383073
v -0.255805 0.006913 -0.350804
v -0.297601 0.039239 -0.340315
v -0.279673 0.039275 -0.328617
v 0.299743 -0.836391 0.452816
v 0.329964 -0.812252 0.479630
v 0.316349 -0.809754 0.487084
v -0.557396 -0.510125 -0.364423
v -0.524037 -0.476079 -0.364134
v -0.542920 -0.557623 -0.364952
v -0.724164 -0.795577 -0.137203
v -0.731697 -0.820924 -0.155033
v -0.360541 -0.073574 0.153078
v -0.381550 -0.077759 0.131128
v -0.370042 -0.087962 0.163824
v -0.780827 -0.632860 -0.065497
v -0.770888 -0.614909 -0.074049
v -0.767913 -0.645016 -0.065583
v -0.219792 0.694170 0.321242
v -0.219588 0.706385 0.326881
v 0.832220 -0.648643 -0.032192
v 0.792450 -0.665697 -0.081894
v -0.701249 -0.911872 0.019276
v -0.031999 0.131868 -0.353821
v 0.088325 -0.845561 0.404363
v 0.127308 -0.844468 0.385839
v -0.671338 -0.908414 0.068315
v -0.611847 -0.890721 0.167629
v 0.417905 -0.854060 -0.398730
v 0.438102 -0.888210 -0.395110
v 0.431903 -0.893753 -0.391669
v -0.020494 -0.758924 -0.570873
v 0.095626 0.820066 0.348748
v 0.097716 0.794162 0.345776
v 0.811211 -0.454586 0.117329
v 0.092980 0.536474 0.350095
v 0.091846 0.369839 0.355596
v 0.117828 0.542267 0.341047
v 0.327243 -0.299482 0.274230
v 0.372266 -0.294774 0.251377
v 0.356650 -0.256786 0.243869
v 0.626393 -0.910004 -0.042664
v 0.637345 -0.912678 -0.047275
v 0.649570 -0.880085 -0.030865
v 0.275504 -0.852393 -0.521247
v 0.258518 -0.793845 -0.482762
v 0.306819 -0.831837 -0.526065
v -0.667244 -0.931566 -0.205645
v -0.659530 -0.942088 -0.186517
v -0.648968 -0.926051 -0.215197
v -0.216832 0.074820 -0.340036
v 0.489069 -0.942318 -0.150315
v -0.703784 -0.369586 -0.270307
v -0.720455 -0.376963 -0.208214
v 0.162899 0.896764 0.151740
v 0.216166 0.864580 0.142797
v 0.194831 0.884471 0.129536
v 0.463581 -0.747925 -0.376085
v 0.493538 -0.750651 -0.365070
v 0.670917 -0.900666 -0.339905
v 0.691873 -0.871785 -0.324742
v 0.684598 -0.914842 -0.309475
v 0.904774 -0.745567 0.319525
v 0.902105 -0.757248 0.312977
v -0.035623 -0.695947 0.562785
v -0.051770 0.547836 -0.479853
v -0.070302 0.570457 -0.449325
v -0.003531 -0.088452 -0.450794
v -0.003662 -0.049189 -0.450980
v 0.036869 -0.080495 -0.435396
v -0.176991 0.051792 -0.413575
v -0.177500 0.062247 -0.404286
v -0.159249 0.046857 -0.416927
v -0.642056 -0.819191 0.303020
v -0.605501 -0.811735 0.328333
v -0.018393 -0.301690 -0.436795
v -0.482894 -0.065871 -0.311281
v -0.487074 -0.033292 -0.289103
v -0.462547 -0.035622 -0.306793
v -0.689719 -0.839896 -0.279519
v -0.295944 0.230659 0.283248
v -0.297297 0.114505 0.284449
v -0.291050 0.159682 0.296000
v -0.424002 0.550876 -0.098538
v -0.425877 0.486237 -0.064093
v -0.642707 -0.271453 -0.264446
v -0.262827 0.885115 0.086226
v -0.222387 0.913025 0.069856
v 0.463371 -0.874802 -0.355494
v 0.489499 -0.890278 -0.351386
v 0.398755 -0.576679 0.435509
v 0.446239 -0.568181 0.423620
v 0.436977 -0.544204 0.417951
v 0.080855 0.787422 0.355108
v 0.101180 0.749722 0.342231
v 0.118161 0.766830 0.340666
v 0.668739 -0.875859 -0.053369
v 0.873764 -0.632268 0.041540
v 0.888322 -0.617901 0.087610
v -0.739553 -0.879807 0.125494
v 0.108723 -0.298923 0.307518
v 0.167901 0.205275 -0.264049
v 0.462652 -0.159780 -0.336999
v 0.413988 -0.109404 -0.340406
v 0.447175 -0.113581 -0.326956
v -0.132756 -0.490622 0.484945
v -0.100064 -0.538027 0.499746
v -0.071480 -0.499118 0.489283
v -0.526415 -0.566168 -0.374593
v 0.803687 -0.872471 -0.010095
v -0.749062 -0.552878 0.184305
v -0.752803 -0.592505 0.185780
v 0.596965 -0.915415 -0.097907
v -0.126095 0.634655 -0.416851
v -0.139400 0.671286 -0.419625
v -0.750091 -0.716985 0.214617
v -0.744173 -0.730703 0.212550
v -0.155722 0.055326 -0.357621
v -0.155231 0.061358 -0.382065
v -0.287805 0.056967 0.303386
v 0.118745 -0.847947 -0.529027
v 0.149612 -0.845219 -0.523717
v -0.574093 -0.071362 -0.178048
v -0.756681 -0.427850 0.145237
v -0.713108 -0.422994 0.138034
v 0.111406 0.975090 0.006173
v 0.105188 0.973085 -0.016123
v 0.202607 -0.984388 -0.477869
v 0.235447 -0.969315 -0.474728
v 0.195572 -0.981918 -0.466003
v 0.264752 -0.111523 0.178878
v 0.279026 -0.111438 0.145852
v 0.427039 -0.028150 0.045329
v 0.393313 -0.077360 0.054929
v 0.484812 -0.076773 0.046632
v 0.295102 0.812114 -0.098737
v 0.265618 0.853625 -0.073192
v 0.288837 0.815125 -0.069675
v -0.403780 0.169449 0.069118
v -0.403914 0.166076 0.034003
v 0.353417 0.392923 -0.019897
v 0.359944 0.415914 0.030059
v 0.345615 0.318387 0.041344
v -0.763040 -0.902287 -0.148756
v -0.628865 -0.307710 0.119742
v -0.636813 -0.331687 0.137154
v -0.575137 -0.341284 0.158922
v -0.910624 -0.761487 0.157677
v -0.894368 -0.780730 0.221078
v 0.010360 0.814249 -0.394434
v -0.001264 0.800513 -0.394637
v -0.088671 0.969135 -0.214347
v -0.086184 0.979561 -0.274368
v 0.323347 0.119606 -0.113534
v 0.256506 -0.811357 0.488603
v 0.233024 -0.826673 0.474024
v 0.290960 -0.812729 0.487931
v 0.030070 0.878274 -0.425880
v 0.069781 0.865928 -0.430418
v 0.231933 0.896796 -0.121814
v -0.322717 0.101579 -0.227186
v -0.098646 -0.057445 0.373025
v -0.012624 -0.066616 0.374282
v 0.693737 -0.790795 -0.185899
v 0.693379 -0.767147 -0.149354
v 0.686239 -0.820232 -0.160126
v -0.145526 0.397244 -0.411950
v -0.055330 0.977523 -0.088917
v -0.038953 0.985535 -0.063010
v -0.048260 0.982016 -0.104537
v 0.020126 -0.918432 -0.019664
v 0.085066 -0.914930 -0.016939
v 0.056178 -0.899865 0.041311
v -0.179863 0.823206 0.272339
v -0.173028 0.834760 0.265715
v 0.687311 -0.907364 -0.217755
v 0.709442 -0.872280 -0.256761
v -0.445154 0.073925 -0.128555
v -0.499745 0.047257 -0.132391
v -0.001010 0.947551 -0.227416
v -0.000181 0.916894 -0.229667
v 0.014237 0.907795 -0.240721
v 0.045377 -0.941043 -0.131110
v 0.065521 -0.913783 -0.544705
v 0.161614 -0.901117 -0.519479
v 0.338308 0.307235 -0.010824
v 0.190530 0.581022 0.304686
v 0.175018 0.505889 0.310675
v 0.690308 -0.901472 -0.291075
v 0.356439 0.529647 -0.149384
v 0.331322 0.515860 -0.209311
v 0.281346 -0.064375 0.153211
v 0.266250 -0.084077 0.172968
v 0.285527 -0.077745 0.131376
v -0.759516 -0.789867 0.176642
v -0.746294 -0.798704 0.193148
v -0.180863 0.361673 -0.374423
v -0.143310 0.345565 -0.395732
v -0.186000 0.309427 -0.349197
v -0.742369 -0.541133 0.184021
v -0.263624 -0.123272 0.294796
v -0.236749 -0.121593 0.307164
v 0.353773 0.734840 -0.141825
v 0.335057 0.722935 -0.170047
v -0.777329 -0.651857 0.218877
v 0.910025 -0.721087 0.315147
v -0.058825 0.449716 -0.445283
v -0.166229 -0.405451 -0.457896
v -0.185674 -0.362516 -0.454946
v -0.135627 -0.359450 -0.466310
v -0.215717 0.504966 0.330522
v -0.231544 0.358721 0.326462
v -0.185538 0.399250 0.345817
v 0.152724 -0.844550 0.363491
v -0.732180 -0.909914 -0.181570
v -0.767806 -0.919259 -0.152918
v -0.063618 -0.303650 0.378328
v 0.602740 -0.823571 -0.355126
v 0.324746 -0.152880 -0.394945
v 0.365472 -0.087574 -0.356568
v 0.387633 -0.179132 -0.373992
v -0.316481 -0.993431 -0.440565
v -0.266827 -0.993506 -0.444768
v -0.693517 -0.571685 -0.109407
v 0.385947 -0.257716 -0.380547
v 0.354669 -0.175862 -0.387121
v 0.143675 0.527730 -0.461545
v 0.880328 -0.743058 0.049022
v 0.022215 -0.592314 -0.521112
v 0.049914 -0.592601 -0.531897
v 0.049773 -0.638605 -0.537447
v 0.120544 -0.355080 0.355242
v 0.874649 -0.581660 0.219712
v 0.878409 -0.572183 0.171348
v 0.572388 -0.844139 -0.145405
v -0.739512 -0.858016 -0.144559
v -0.723119 -0.851353 -0.173051
v -0.270467 -0.153515 0.197805
v -0.245594 -0.178433 0.223808
v -0.242303 -0.171311 0.236699
v -0.488659 0.028562 -0.194288
v -0.443085 0.072194 -0.157667
v -0.019824 0.993461 0.047089
v -0.044901 0.988145 0.025742
v -0.030061 0.971553 0.059850
v 0.302425 0.533383 -0.396586
v 0.318826 0.527580 -0.348065
v -0.437258 0.597694 0.016699
v -0.423217 0.620117 0.087981
v 0.389956 -0.908891 -0.381126
v 0.391971 -0.888386 -0.378449
v 0.035498 -0.294244 -0.460830
v 0.068059 -0.255955 -0.462768
v 0.080284 -0.295262 -0.493774
v -0.755047 -0.329760 0.069968
v -0.767369 -0.376451 0.088223
v -0.739999 -0.344856 0.096023
v -0.565107 -0.806153 0.375951
v -0.549496 -0.834643 0.388168
v 0.315021 0.327784 -0.126413
v 0.322233 0.256212 -0.046635
v 0.293425 0.259204 -0.132026
v 0.776254 -0.773702 -0.074498
v 0.811794 -0.760615 -0.058730
v 0.825386 -0.792495 -0.047544
v -0.137901 0.013125 -0.355510
v -0.136845 -0.007090 -0.385101
v 0.164767 0.081399 -0.326534
v 0.495750 -0.771804 0.448876
v 0.490509 -0.811006 0.450813
v -0.176067 -0.304611 -0.448842
v 0.669412 -0.608443 -0.153825
v 0.671379 -0.647495 -0.179756
v 0.666848 -0.620798 -0.207066
v 0.417518 -0.904498 -0.381310
v 0.418294 -0.909808 -0.389120
v 0.422685 -0.935975 -0.374595
v -0.066893 0.963069 0.079384
v -0.067942 0.953762 0.120776
v -0.045630 0.951929 0.094752
v -0.726859 -0.716434 0.176581
v -0.854080 -0.625027 0.070053
v -0.829031 -0.568126 0.058796
v -0.527123 -0.234115 -0.362062
v -0.522211 -0.126711 -0.310697
v -0.485303 -0.199350 -0.378433
v 0.018484 0.857849 0.358626
v -0.038226 0.840371 0.380011
v 0.025644 0.835980 0.369063
v 0.563668 -0.667566 -0.357331
v 0.522785 -0.626439 -0.353821
v -0.195846 0.265857 -0.323591
v -0.905908 -0.863204 0.094074
v -0.926157 -0.836057 0.094900
v 0.323621 0.212585 -0.009967
v 0.317662 0.164120 -0.009877
v -0.747683 -0.313051 0.042334
v -0.717447 -0.298055 0.048283
v -0.830779 -0.427281 0.037513
v -0.854825 -0.472953 0.059540
v -0.087026 -0.727574 0.579904
v -0.082619 -0.786898 0.568014
v -0.383326 0.009461 0.020782
v -0.406786 -0.006392 0.029327
v -0.373688 -0.014537 0.080966
v -0.237668 -0.421668 0.386883
v -0.205450 -0.404490 0.425098
v -0.349081 -0.343285 0.227866
v -0.313409 -0.367894 0.262784
v 0.110968 0.379616 -0.402012
v 0.087638 0.326922 -0.376036
v 0.079232 0.359866 -0.402819
v 0.548512 -0.217836 0.067881
v 0.629497 -0.164877 -0.006797
v 0.676670 -0.238925 -0.001487
v 0.089613 0.091484 -0.328579
v -0.727761 -0.914643 -0.219994
v -0.747166 -0.924837 -0.185185
v 0.195254 0.774747 0.327840
v -0.833687 -0.749592 0.304582
v -0.825008 -0.746856 0.288284
v -0.706547 -0.911354 -0.204922
v -0.687089 -0.926957 -0.211120
v -0.005364 -0.971165 -0.493489
v -0.027387 -0.980427 -0.500939
v 0.414473 -0.769661 0.487053
v -0.228556 -0.147808 -0.439486
v -0.199003 -0.095979 -0.441926
v 0.345216 0.738609 -0.104532
v 0.330304 0.738899 -0.097522
v 0.357300 0.718816 -0.095558
v -0.468416 -0.896560 -0.435379
v -0.457612 -0.889563 -0.466674
v -0.455978 -0.919785 -0.442371
v 0.563498 -0.658218 -0.160541
v -0.776549 -0.358678 0.040945
v -0.806197 -0.441824 0.078486
v 0.097145 -0.971547 -0.334000
v 0.075380 -0.957138 -0.237105
v -0.711474 -0.659680 -0.062093
v -0.683770 -0.650951 -0.092995
v 0.121430 -0.938505 -0.133824
v 0.328653 0.552237 -0.300477
v 0.354447 0.563760 -0.328440
v 0.131307 0.712560 0.331608
v 0.153553 0.726133 0.316504
v -0.076519 0.125255 0.381329
v -0.062472 0.036010 0.386112
v 0.333093 0.076747 0.021279
v 0.317263 0.083541 0.090519
v 0.317274 0.057324 0.080381
v -0.374651 0.013154 0.043918
v -0.375162 -0.000865 0.078486
v 0.597054 -0.715432 -0.141196
v -0.213646 -0.848647 -0.505997
v -0.172025 -0.848535 -0.531579
v -0.221599 -0.880259 -0.502925
v -0.167231 0.081403 -0.356755
v -0.219881 -0.040139 -0.439996
v -0.110982 0.955455 0.098900
v -0.126642 0.945464 0.089575
v -0.119494 0.946250 0.144682
v -0.344046 0.628163 -0.285718
v -0.336794 0.619814 -0.306037
v -0.350904 0.618769 -0.301262
v -0.647092 -0.702474 -0.175651
v -0.125615 -0.076400 -0.415503
v -0.128887 -0.044020 -0.406295
v -0.106076 -0.072937 -0.404597
v 0.224693 0.635633 -0.394335
v 0.252251 0.638639 -0.376181
v 0.230170 0.598336 -0.371720
v 0.316405 0.024723 0.052589
v 0.725783 -0.569118 0.215846
v 0.785596 -0.551524 0.226814
v 0.714860 -0.555450 0.205771
v 0.265769 -0.011289 0.205449
v -0.444257 -0.473424 -0.421110
v -0.455553 -0.443590 -0.386588
v -0.423096 -0.428139 -0.435482
v 0.230034 -0.873619 0.184770
v 0.266887 -0.875511 0.131999
v 0.281258 -0.864097 0.227161
v -0.385254 0.608396 -0.264418
v -0.400228 0.643103 -0.208037
v 0.344617 -0.208788 0.174638
v 0.354201 -0.230199 0.203600
v 0.358782 -0.212296 0.182786
v -0.490632 -0.670763 0.479166
v -0.505648 -0.690466 0.462852
v -0.365978 -0.797110 0.501494
v -0.397456 -0.813858 0.481412
v -0.350832 -0.817519 0.498693
v 0.203968 -0.866230 0.252284
v 0.153077 -0.869854 0.220422
v 0.220401 -0.868975 0.229584
v 0.315875 0.787354 -0.057034
v -0.587595 -0.480797 0.308165
v -0.578053 -0.434753 0.254377
v -0.410152 0.593189 -0.224909
v -0.422881 0.620697 -0.176415
v 0.624531 -0.661763 -0.131133
v 0.627308 -0.666088 -0.144815
v -0.318550 -0.271734 0.215643
v -0.345401 -0.312249 0.203438
v -0.319155 -0.334427 0.225809
v -0.228219 -0.420256 -0.459084
v -0.174954 -0.449739 -0.456898
v -0.661062 -0.700948 0.268565
v -0.670618 -0.751626 0.274509
v 0.309069 -0.660995 0.475188
v 0.355638 -0.722004 0.485479
v 0.336517 -0.666680 0.465966
v 0.457092 -0.319731 0.194130
v 0.480759 -0.371356 0.215844
v 0.484855 -0.336496 0.159591
v 0.638402 -0.373423 -0.182447
v 0.671337 -0.397591 -0.123177
v 0.342321 -0.918080 -0.361306
v 0.341269 -0.961691 -0.323500
v -0.143808 0.939968 0.048206
v -0.121079 0.948907 0.037766
v -0.658415 -0.376393 -0.328678
v -0.673803 -0.350982 -0.309749
v 0.366478 0.652129 -0.112940
v 0.379654 0.654488 -0.088016
v 0.539088 -0.887132 0.163079
v 0.572731 -0.888077 0.161164
v -0.320453 0.677330 0.254881
v -0.316119 0.669839 0.251088
v -0.165858 0.438196 -0.439786
v -0.734576 -0.779306 -0.145569
v -0.714859 -0.765947 -0.164680
v -0.121579 0.387345 -0.424949
v 0.964048 -0.793649 0.086746
v 0.958434 -0.808395 0.060326
v 0.962227 -0.766725 0.056580
v 0.447203 -0.762382 -0.330529
v 0.575988 -0.819979 0.415584
v 0.581977 -0.816103 0.377487
v 0.598944 -0.823088 0.384810
v 0.269620 -0.044425 0.147315
v 0.297908 -0.053684 0.123223
v 0.289782 -0.021424 0.083504
v 0.307032 0.813715 -0.256392
v 0.249842 0.467098 -0.326084
v 0.211266 0.450265 -0.365201
v 0.239746 0.450584 -0.365608
v -0.310969 -0.595472 -0.518465
v -0.283253 -0.612493 -0.513439
v 0.138688 0.363105 -0.369024
v 0.143692 0.383994 -0.382488
v 0.580593 -0.354170 0.119538
v 0.599532 -0.405982 0.148941
v 0.086640 -0.178106 0.341446
v 0.223938 0.949561 -0.091955
v 0.204550 0.950689 -0.051134
v 0.215966 0.934586 -0.093424
v -0.213724 0.162196 -0.255784
v -0.199374 0.151471 -0.269530
v 0.094730 -0.972229 -0.423640
v 0.142291 -0.925017 -0.445839
v 0.183255 -0.965430 -0.426211
v 0.112074 -0.073030 -0.437408
v 0.105524 -0.036534 -0.434663
v -0.747982 -0.302946 -0.012098
v -0.715706 -0.290000 -0.088086
v -0.755745 -0.331162 -0.036724
v -0.383204 0.041923 0.145764
v -0.688078 -0.918126 -0.196023
v -0.714195 -0.896708 -0.173585
v -0.744319 -0.909623 -0.140980
v 0.082694 -0.005751 -0.418873
v -0.436154 0.744154 -0.013331
v -0.394411 0.793507 -0.055155
v -0.399335 0.769927 -0.083933
v -0.065941 0.250851 0.376690
v -0.064239 0.427249 0.368817
v 0.256519 -0.087804 -0.411009
v 0.295859 -0.136200 -0.401223
v 0.243657 -0.140527 -0.441227
v 0.288700 -0.098083 0.123406
v 0.304130 -0.100336 0.121623
v 0.077673 -0.244634 0.337560
v -0.013831 -0.872638 -0.572903
v -0.006544 -0.913617 -0.567838
v 0.083810 0.987126 -0.007683
v -0.649455 -0.199968 -0.006909
v -0.654146 -0.251035 0.045853
v 0.044541 0.886378 -0.381817
v 0.034562 0.901235 -0.340348
v -0.265607 0.918309 -0.024245
v -0.275107 0.916029 -0.009830
v -0.233876 0.925003 -0.014161
v 0.591057 -0.379905 -0.274912
v 0.560320 -0.394902 -0.316686
v 0.164560 0.905289 0.110224
v 0.141280 0.914843 0.136326
v 0.303619 -0.274235 0.276490
v 0.284936 -0.335487 0.315709
v 0.594223 -0.820939 -0.325594
v 0.610141 -0.787457 -0.319976
v -0.155149 0.036301 -0.348014
v 0.480599 -0.690989 -0.278801
v 0.416021 0.694201 0.014475
v -0.214259 -0.502666 -0.465947
v -0.172882 -0.492960 -0.469132
v -0.284380 0.518121 -0.439512
v -0.233527 0.500986 -0.449856
v -0.252200 0.476928 -0.434994
v -0.071853 -0.245533 0.353608
v -0.038850 -0.252687 0.358898
v 0.295799 0.579035 -0.299768
v 0.517116 -0.912193 -0.183858
v 0.508559 -0.940543 -0.184118
v 0.504772 -0.935468 -0.199894
v -0.788153 -0.647042 -0.054304
v -0.347845 0.670211 0.228300
v -0.132697 -0.337604 0.396990
v -0.080775 -0.322029 0.391246
v -0.152089 -0.324371 0.369937
v -0.016575 -0.968112 -0.292251
v 0.049342 -0.965484 -0.291768
v 0.206092 -0.562340 0.466804
v 0.315059 0.773868 0.000291
v 0.293432 0.498675 -0.278721
v 0.242088 -0.794493 -0.455961
v 0.327156 -0.790772 -0.471172
v 0.116459 0.360110 0.344669
v 0.130859 0.460804 0.332210
v -0.332636 0.810833 0.150695
v -0.274917 0.837849 0.148766
v -0.760544 -0.842722 0.186365
v -0.755127 -0.841632 0.186345
v -0.070248 -0.988240 -0.537517
v -0.048320 -0.983940 -0.510462
v -0.101246 -0.990446 -0.502845
v -0.268255 0.365640 -0.319792
v -0.312087 0.370874 -0.274812
v -0.291613 0.446447 -0.322834
v -0.338568 -0.592477 -0.516719
v -0.330237 -0.559624 -0.518223
v -0.028135 0.377022 -0.466394
v -0.021669 0.409244 -0.470781
v 0.018765 0.398571 -0.467894
v 0.062817 0.970706 -0.009976
v 0.705040 -0.288614 0.023507
v -0.483824 -0.760626 0.465998
v -0.434346 -0.751300 0.477046
v -0.113783 -0.442990 -0.492594
v -0.329989 -0.430343 0.328399
v -0.323158 -0.386185 0.281210
v 0.176369 -0.698426 -0.486413
v 0.184642 -0.753640 -0.486847
v 0.143138 -0.748677 -0.509744
v 0.645990 -0.840574 -0.072828
v 0.088900 -0.685010 0.536137
v 0.156462 -0.709636 0.546629
v -0.234923 -0.807755 0.516528
v -0.223807 -0.791912 0.521234
v -0.313561 -0.780532 0.498201
v -0.169627 -0.060277 -0.405572
v 0.564409 -0.158243 -0.144595
v 0.603626 -0.156549 -0.106039
v 0.604005 -0.174184 -0.120959
v 0.109663 -0.824674 0.493951
v 0.096400 0.732397 0.343180
v 0.099734 0.708869 0.343580
v -0.450410 -0.575184 -0.446352
v 0.139544 -0.292426 0.341457
v 0.237690 -0.288499 0.318662
v -0.735105 -0.789637 0.101255
v -0.738086 -0.814077 0.149099
v 0.317710 -0.114119 0.134721
v 0.317666 -0.119362 0.120938
v 0.344635 -0.126128 0.135355
v -0.125006 -0.846714 0.372270
v -0.168137 -0.842329 0.398817
v -0.140399 -0.855759 0.306495
v -0.567973 -0.849719 0.350247
v -0.874265 -0.851890 -0.093321
v -0.737541 -0.686650 0.137178
v -0.728474 -0.710544 0.142763
v 0.660756 -0.915276 -0.257239
v 0.646806 -0.927330 -0.219942
v 0.752022 -0.369884 0.039277
v -0.022854 0.952582 -0.109947
v -0.006007 0.901501 -0.121231
v 0.185064 0.544488 -0.407486
v 0.192333 0.538093 -0.431240
v 0.331226 0.474536 0.164045
v 0.339350 0.475310 0.137228
v 0.631741 -0.709067 -0.218886
v 0.629822 -0.722297 -0.252412
v 0.643325 -0.787113 -0.259274
v 0.001610 -0.541028 -0.515885
v 0.008918 -0.521029 -0.506152
v -0.798171 -0.660241 -0.051950
v 0.002481 -0.446978 -0.494306
v 0.024372 -0.455526 -0.477696
v 0.007924 -0.484941 -0.496191
v -0.164348 0.207890 0.360139
v -0.140439 0.056000 0.368983
v -0.125312 0.159169 0.372401
v -0.264477 -0.680290 0.483955
v -0.244404 -0.636502 0.474002
v 0.162086 0.963857 -0.008053
v 0.802944 -0.446960 0.082083
v 0.835268 -0.499667 0.114413
v -0.589866 -0.653423 -0.365285
v -0.559571 -0.625356 -0.378981
v -0.498135 -0.651589 -0.406782
v -0.057533 0.805986 0.371221
v -0.061158 0.782281 0.372099
v 0.017326 0.803924 0.371625
v 0.348388 0.599281 -0.256024
v 0.319407 0.592638 -0.265863
v 0.340862 0.582949 -0.250470
v 0.597118 -0.680158 -0.294929
v 0.605339 -0.704146 -0.307924
v -0.550528 -0.718671 0.418022
v -0.513430 -0.714185 0.458098
v -0.520705 -0.671424 0.450782
v -0.794538 -0.646063 0.247672
v -0.783939 -0.585643 0.219627
v -0.572908 -0.036164 -0.106699
v -0.539887 -0.005775 -0.152168
v -0.092027 -0.386661 -0.486228
v -0.049687 -0.440865 -0.499366
v 0.336439 0.269440 0.079931
v -0.437702 0.705273 0.011655
v -0.441168 0.704938 -0.006796
v 0.503758 -0.207943 0.091620
v 0.078692 0.829338 0.327756
v 0.140714 0.811977 0.300049
v 0.090711 0.838035 0.304028
v 0.565690 -0.607810 -0.346983
v 0.562494 -0.565785 -0.338253
v 0.611571 -0.604442 -0.327957
v 0.409299 -0.957242 -0.343050
v 0.432261 -0.952599 -0.368797
v 0.396593 -0.154078 0.112241
v 0.391319 -0.206672 0.147971
v 0.401112 -0.209884 0.108503
v 0.678409 -0.695610 0.276294
v 0.696582 -0.717117 0.292660
v 0.222198 -0.741967 -0.469890
v 0.245832 -0.693567 -0.459864
v 0.615101 -0.281063 -0.152316
v 0.640627 -0.304821 -0.122786
v -0.648866 -0.331540 -0.331915
v -0.609625 -0.320490 -0.339744
v -0.598945 -0.343374 -0.351943
v -0.081443 0.982957 0.008002
v -0.063819 0.981770 -0.021692
v -0.840404 -0.480216 -0.020124
v -0.324761 -0.019635 0.236130
v -0.271960 -0.040742 0.285530
v -0.367300 0.711301 0.208642
v -0.361308 0.735054 0.214807
v -0.407179 0.690095 0.150074
v 0.090852 0.942855 0.110065
v 0.118279 0.933714 0.134901
v 0.144426 0.933763 0.110294
v 0.182794 0.698376 -0.375411
v 0.204506 0.697864 -0.369620
v 0.211179 0.645117 -0.376755
v -0.262253 0.908815 0.001643
v -0.200280 0.925648 -0.044553
v -0.165898 0.930255 -0.069498
v 0.439038 -0.827266 0.451645
v 0.498091 -0.836260 0.407970
v 0.146599 -0.407059 0.352222
v 0.144297 -0.415595 0.346662
v 0.159835 -0.433197 0.356458
v 0.638467 -0.897561 -0.208016
v -0.690785 -0.906426 0.066697
v -0.652321 -0.931337 -0.021269
v -0.636683 -0.871940 -0.195157
v -0.636698 -0.895460 -0.189485
v 0.075273 -0.342289 0.314429
v 0.062626 -0.342947 0.322266
v 0.077480 -0.354613 0.329141
v -0.441062 0.696059 0.042790
v -0.440870 0.653645 -0.024207
v -0.432577 0.642761 0.045603
v 0.514769 -0.563378 0.431624
v 0.559332 -0.611304 0.405775
v -0.399445 0.575907 -0.255803
v -0.282095 -0.093213 0.244272
v -0.268071 -0.108568 0.263054
v -0.250730 -0.084725 0.269069
v -0.809373 -0.705738 0.216283
v 0.711503 -0.754677 0.308042
v 0.713918 -0.783304 0.285734
v 0.111602 0.800415 -0.391251
v 0.128730 0.791246 -0.415801
v 0.130358 0.758964 -0.384923
v -0.458861 -0.165167 0.172974
v -0.437494 -0.206050 0.193419
v -0.432185 -0.175765 0.163756
v -0.223244 -0.081463 -0.456159
v -0.047716 0.917090 -0.300092
v -0.066397 0.972267 -0.307758
v 0.062728 -0.274863 0.309334
v 0.079599 -0.269215 0.304442
v 0.078996 -0.250054 0.315962
v -0.162865 0.778958 0.350455
v -0.116750 0.744803 0.356342
v -0.850559 -0.783795 0.279791
v -0.833087 -0.746021 0.277734
v -0.809095 -0.792010 0.292611
v -0.352061 0.164713 -0.121048
v -0.373306 0.149670 -0.067522
v -0.356882 0.162939 -0.093035
v -0.387575 0.091610 0.120054
v -0.897370 -0.790188 0.251282
v -0.910392 -0.798732 0.235411
v 0.733837 -0.332720 0.008509
v 0.751693 -0.373932 0.000937
v -0.009552 -0.959687 -0.451716
v -0.227761 -0.706396 0.506240
v -0.239438 -0.929437 -0.049286
v -0.241303 -0.957714 -0.181136
v -0.156649 -0.935621 -0.093965
v 0.911508 -0.795694 -0.003091
v 0.951937 -0.803048 0.038433
v 0.569126 -0.930092 -0.128508
v -0.280231 0.637097 -0.412091
v -0.249624 0.633235 -0.403042
v -0.397552 0.116252 0.013246
v -0.389547 0.106371 -0.013876
v -0.392018 0.073684 0.016450
v 0.272083 0.842996 -0.101239
v 0.011295 0.188958 -0.335168
v 0.013116 0.229220 -0.340842
v 0.045076 0.208410 -0.330159
v -0.151159 0.192015 -0.298660
v 0.172790 -0.833926 -0.509672
v -0.247717 -0.335256 0.319936
v -0.228585 -0.354493 0.371945
v -0.197690 -0.333425 0.348455
v -0.391674 -0.971820 -0.449019
v -0.365150 -0.995087 -0.447932
v 0.017455 0.913545 0.251052
v -0.021763 0.931288 0.183339
v 0.367934 0.667903 -0.101315
v 0.416084 -0.727158 -0.420813
v 0.437260 -0.713107 -0.396993
v -0.894137 -0.865167 0.002642
v -0.899661 -0.850645 -0.041636
v -0.883675 -0.883103 -0.028315
v 0.000982 -0.359990 -0.467457
v 0.022241 -0.406868 -0.474907
v 0.003187 -0.400068 -0.477369
v -0.098801 0.424723 -0.458663
v 0.045754 0.946687 0.085360
v -0.000643 0.937186 0.078999
v 0.774242 -0.742280 -0.074463
v 0.814765 -0.717312 -0.075080
v 0.088457 -0.136796 0.328479
v -0.617691 -0.202235 -0.000635
v -0.616383 -0.169791 -0.037716
v 0.171795 -0.883773 0.137952
v 0.122053 -0.879233 0.161659
v -0.017820 -0.050320 0.383182
v -0.430549 0.751387 0.075261
v -0.407681 0.765472 0.095917
v 0.516414 -0.817170 0.435135
v 0.938222 -0.765859 0.208764
v 0.956070 -0.784776 0.173468
v 0.843868 -0.544393 0.052324
v 0.216129 -0.821397 -0.462744
v 0.242527 -0.830582 -0.462673
v 0.232319 -0.809563 -0.458494
v -0.619121 -0.676304 0.286446
v -0.410657 0.754738 0.118395
v -0.399446 0.751685 0.138758
v -0.386755 0.778462 0.138905
v 0.125585 0.450411 -0.454626
v -0.717697 -0.733250 -0.038791
v 0.125188 0.798338 0.356666
v 0.143000 0.788370 0.339538
v -0.416646 0.086149 -0.075650
v -0.400130 0.053323 -0.033583
v -0.376954 0.098392 -0.058971
v 0.277096 0.412925 -0.249634
v 0.370668 0.619300 0.105817
v 0.351868 0.637705 0.151113
v 0.361201 0.618426 0.114781
v -0.743223 -0.827411 0.090359
v -0.721104 -0.802459 0.091067
v -0.720934 -0.835650 0.082130
v 0.845697 -0.529992 0.168397
v 0.876410 -0.585711 0.124442
v -0.361324 -0.535765 -0.519795
v -0.324343 -0.507335 -0.517264
v -0.935426 -0.814049 0.083576
v -0.920514 -0.800180 0.030867
v 0.245950 0.606502 0.270540
v 0.224759 0.547448 0.285677
v -0.197140 0.058930 -0.387425
v -0.203119 0.046916 -0.402898
v 0.317709 0.132952 0.014280
v 0.330022 0.115233 0.039506
v 0.328924 0.138119 -0.008509
v 0.083361 0.212186 -0.307803
v -0.130104 0.901545 -0.282456
v 0.537778 -0.757724 -0.190272
v -0.279607 0.795976 0.230054
v -0.236475 0.804506 0.239941
v 0.248665 0.475541 -0.349684
v 0.245294 0.474589 -0.374163
v 0.287306 0.499702 -0.344402
v -0.706628 -0.749625 0.228410
v -0.731385 -0.752698 0.196999
v 0.186786 -0.606457 -0.489224
v 0.175724 -0.549515 -0.506389
v 0.557564 -0.356064 -0.327925
v 0.568473 -0.350186 -0.312260
v 0.007368 -0.273980 -0.449052
v -0.007978 -0.321900 -0.455365
v 0.450526 0.005199 -0.169352
v 0.458207 -0.037430 -0.238882
v -0.399312 0.528375 -0.200219
v 0.026697 -0.303893 0.354723
v 0.065487 0.901563 -0.422525
v 0.146387 0.885457 -0.412381
v -0.614871 -0.481730 -0.346540
v -0.660753 -0.421795 -0.330806
v -0.596714 -0.441689 -0.357533
v -0.387579 -0.731145 0.502407
v 0.451854 -0.934123 -0.291915
v 0.472138 -0.937226 -0.260072
v -0.194930 -0.216313 0.296109
v -0.156116 -0.218917 0.324052
v -0.054308 -0.423583 0.458646
v 0.431839 -0.819524 0.472755
v 0.475544 -0.789691 0.475801
v 0.490732 -0.801571 0.468680
v 0.373917 -0.547442 0.419332
v 0.250408 -0.950148 -0.470931
v 0.232558 -0.951731 -0.461821
v -0.849531 -0.729054 0.263784
v -0.328955 0.787922 -0.196704
v -0.337343 0.809501 -0.167537
v -0.314963 0.813823 -0.206254
v 0.604257 -0.606990 0.315017
v 0.630343 -0.600114 0.281116
v -0.252701 0.838927 -0.252459
v -0.224062 -0.260393 0.275291
v -0.257265 -0.237301 0.221105
v -0.254834 -0.274717 0.245662
v -0.100998 0.961878 -0.324825
v -0.314230 0.876968 -0.047919
v -0.336691 0.858707 -0.040612
v 0.792451 -0.589211 0.242686
v -0.011899 0.937334 0.147835
v 0.109585 0.851228 -0.234758
v 0.559138 -0.879413 0.227916
v 0.589687 -0.875546 0.232261
v 0.170494 0.901228 -0.364904
v 0.307062 0.366856 0.183471
v 0.321807 0.404186 0.155677
v -0.153344 0.845120 -0.381803
v 0.571536 -0.878377 -0.312173
v 0.171632 0.880418 -0.404762
v 0.184556 0.813789 -0.401268
v 0.523821 -0.392691 0.178346
v -0.904413 -0.827903 0.221283
v -0.897409 -0.807071 0.238358
v -0.179500 0.579046 0.342441
v 0.044204 -0.971989 -0.371473
v 0.016188 -0.968223 -0.469550
v -0.266269 0.045708 0.320479
v -0.509593 -0.927896 -0.358872
v -0.502934 -0.854930 -0.369405
v -0.367431 0.832321 -0.049722
v 0.101048 0.977061 -0.259768
v 0.314676 0.089515 0.085170
v 0.313089 -0.437836 0.390017
v 0.320954 -0.494788 0.401555
v -0.104713 0.713253 0.357176
v 0.327272 -0.919423 -0.377827
v 0.169282 0.045375 -0.362863
v 0.180312 0.042052 -0.353457
v -0.805333 -0.918544 -0.115602
v -0.824425 -0.915103 -0.072200
v 0.223089 0.563163 -0.390215
v -0.632841 -0.725893 0.304576
v -0.595429 -0.689472 0.314129
v -0.237805 0.860632 0.166591
v -0.208463 0.885472 0.154598
v -0.581968 -0.345059 -0.360264
v -0.266128 -0.401661 0.343225
v -0.370648 -0.801836 -0.496259
v -0.355850 0.537978 -0.359356
v 0.309864 -0.375464 -0.415442
v -0.372975 -0.917119 0.049957
v -0.398506 -0.915987 0.062048
v -0.214834 -0.227393 -0.437876
v 0.149565 0.921172 -0.288417
v -0.779666 -0.680713 -0.052533
v -0.165186 0.019389 -0.359777
v -0.093931 0.526937 -0.440804
v -0.074066 0.529653 -0.439988
v 0.035414 -0.962460 -0.436166
v -0.083177 0.824408 -0.412549
v -0.079817 0.840847 -0.408861
v -0.737933 -0.298340 0.022820
v 0.272584 -0.785219 0.499620
v 0.238137 0.832320 0.121482
v 0.239977 0.848404 0.116104
v -0.813433 -0.554094 0.079122
v 0.384117 0.576670 0.022524
v -0.526767 -0.454907 0.310155
v -0.293320 0.603156 0.277840
v -0.286528 0.506153 0.284813
v -0.268376 0.609610 0.297755
v 0.924366 -0.814582 0.054874
v -0.234914 0.908870 -0.032223
v 0.355981 0.068240 -0.234195
v 0.369368 0.022805 -0.272544
v -0.078667 -0.233390 -0.437606
v -0.045339 -0.184727 -0.427254
v -0.056513 -0.231030 -0.426552
v 0.545981 -0.920924 -0.332296
v 0.555719 -0.918271 -0.326844
v 0.543310 -0.930582 -0.324176
v -0.787942 -0.662437 -0.091740
v 0.069491 0.975027 0.003881
v 0.070734 0.968233 0.006554
v -0.219266 -0.592635 0.459555
v 0.251818 0.673562 0.264814
v 0.279139 0.648906 0.238725
v 0.278930 0.671224 0.242374
v -0.408040 -0.995463 -0.410304
v -0.437624 -0.364426 0.324851
v -0.426271 -0.419512 0.363552
v -0.705517 -0.395080 0.125001
v -0.677773 -0.411107 0.150479
v -0.666551 -0.372652 0.142467
v -0.606402 -0.546424 0.301097
v -0.201261 0.911190 -0.083926
v -0.228195 0.923087 -0.041589
v 0.389669 -0.110507 0.115648
v 0.409857 -0.156098 0.090974
v 0.413311 -0.117039 0.066748
v -0.335093 0.702980 0.239975
v 0.527726 -0.696481 -0.188933
v 0.377906 -0.142005 0.136462
v -0.097119 0.853302 0.337721
v -0.030355 0.863793 0.366791
v 0.142827 -0.331056 0.365032
v 0.152805 -0.357260 0.372998
v -0.460133 -0.636578 0.502836
v -0.423161 -0.656725 0.498547
v 0.716031 -0.765628 -0.117559
v 0.731149 -0.718957 -0.110765
v 0.754176 -0.759691 -0.097382
v 0.352924 0.570496 -0.305527
v 0.370606 0.589956 -0.255822
v 0.379892 0.580447 -0.275118
v -0.127096 0.925659 -0.051376
v -0.088510 0.964907 -0.055904
v -0.476459 0.004662 -0.008316
v -0.494024 -0.053447 0.068493
v -0.443783 -0.028623 0.008841
v -0.707357 -0.688501 -0.288080
v -0.661064 -0.706087 -0.313189
v 0.535159 -0.184987 0.060039
v 0.553190 -0.152360 0.048589
v -0.146059 -0.080874 0.349958
v -0.123492 -0.098384 0.334953
v -0.064067 -0.089573 0.366693
v 0.674488 -0.864133 -0.015431
v 0.679319 -0.841609 -0.034755
v -0.120409 0.017801 -0.357345
v -0.591195 -0.839113 0.344566
v 0.214431 -0.741205 0.537929
v 0.156964 -0.892394 0.078021
v 0.211321 -0.894688 0.056620
v 0.220473 -0.881461 0.103851
v -0.763981 -0.580564 0.193063
v -0.782840 -0.637924 0.225523
v 0.207716 0.269808 -0.273303
v 0.304275 -0.879189 0.111989
v 0.352285 -0.888302 0.097722
v 0.684617 -0.871559 0.075431
v -0.157826 0.128907 -0.323088
v -0.108705 0.141373 -0.329886
v -0.573775 -0.463245 -0.361342
v -0.583434 -0.501343 -0.361292
v 0.272139 0.803408 0.004735
v 0.276246 0.812865 0.039869
v 0.300181 0.792697 0.009357
v -0.885506 -0.787888 -0.059368
v 0.514872 -0.928017 -0.363455
v 0.540615 -0.869239 -0.358870
v -0.432148 0.567636 -0.041333
v -0.430860 0.496808 -0.004882
v 0.465612 -0.931424 -0.332814
v 0.456516 -0.946199 -0.320596
v -0.659465 -0.652859 -0.129909
v -0.661765 -0.745007 -0.123647
v -0.681278 -0.679672 -0.098032
v 0.207144 -0.361090 0.366266
v 0.041372 -0.844700 0.414231
v -0.709370 -0.934078 -0.211058
v -0.666414 -0.952298 -0.269452
v -0.681559 -0.924657 -0.231726
v 0.388730 0.071565 -0.068098
v 0.344325 0.058174 -0.028920
v -0.583451 -0.300864 0.109759
v 0.128077 0.047628 0.355755
v 0.171914 0.090571 0.324687
v 0.143352 0.143450 0.343995
v -0.024795 -0.104142 0.346544
v 0.038021 -0.099248 0.339981
v 0.068817 0.117929 -0.330161
v 0.308663 -0.592933 -0.435846
v 0.294574 -0.525003 -0.425274
v 0.342358 -0.558092 -0.438785
v 0.169230 -0.953135 -0.503068
v 0.228630 -0.925700 -0.526215
v 0.345237 -0.386792 0.351314
v 0.378970 -0.387362 0.344127
v 0.170229 -0.455913 0.371624
v 0.162115 -0.437215 0.384397
v 0.146962 -0.416588 0.370200
v 0.103775 0.884450 -0.164656
v 0.127151 0.854647 -0.223528
v -0.265664 -0.828344 0.464248
v -0.243760 -0.835398 0.445131
v 0.372597 -0.505885 0.388095
v -0.236980 0.193463 -0.249480
v -0.223489 0.219763 -0.281900
v -0.199875 0.194399 -0.268319
v -0.194204 -0.070433 0.332911
v -0.143297 -0.058298 0.358609
v -0.140581 -0.027495 0.370192
v -0.075602 -0.548408 0.501400
v -0.083110 -0.567198 0.508764
v -0.034163 -0.588963 0.507345
v 0.210777 -0.207809 0.233690
v 0.259109 -0.226217 0.200786
v 0.416470 0.646702 -0.058699
v 0.419373 0.653828 -0.025156
v 0.111194 0.947136 -0.048653
v -0.190508 -0.023074 -0.430096
v -0.002459 0.152897 0.381114
v -0.386301 0.676914 0.173459
v -0.204423 0.632545 -0.420644
v -0.785666 -0.760355 0.287281
v -0.787090 -0.750013 0.280667
v -0.399692 -0.591737 -0.496292
v -0.372856 -0.582454 -0.517899
v -0.392985 -0.637090 -0.517611
v 0.783740 -0.403373 0.108637
v 0.777600 -0.408418 0.078127
v -0.846491 -0.784977 0.008221
v -0.854176 -0.844641 0.003256
v -0.837631 -0.836772 -0.016041
v -0.028087 -0.252367 0.359201
v -0.693959 -0.931679 -0.032407
v -0.384313 0.751338 0.171190
v -0.418140 0.728613 0.131478
v 0.070605 0.928226 -0.336618
v 0.039406 0.932648 -0.301312
v 0.066472 0.958375 -0.286223
v -0.751993 -0.554330 -0.219305
v -0.742678 -0.607646 -0.243190
v 0.393209 -0.836974 0.422670
v 0.285450 0.830557 -0.041163
v 0.309380 0.800161 -0.047142
v 0.657203 -0.864526 -0.348561
v 0.641520 -0.805030 -0.352427
v 0.680661 -0.787898 -0.335459
v -0.820136 -0.539194 0.029082
v -0.830494 -0.485327 0.164645
v -0.796351 -0.485820 0.175320
v -0.803657 -0.457691 0.154712
v 0.240476 0.867058 -0.273646
v 0.239589 0.889922 -0.237706
v 0.263630 0.849968 -0.281533
v -0.012466 -0.651931 -0.548478
v 0.017608 -0.669758 -0.543769
v -0.632179 -0.868691 -0.172425
v -0.640513 -0.920517 -0.150547
v 0.367136 0.479858 -0.020372
v 0.752359 -0.752794 0.304440
v 0.229208 0.209865 -0.219929
v -0.396098 0.068187 0.099223
v -0.389532 0.050678 0.061422
v 0.049622 -0.405824 -0.476975
v 0.045662 -0.486816 -0.493272
v 0.406840 -0.056124 -0.316162
v 0.937470 -0.794792 0.134930
v 0.878753 -0.593404 0.230316
v 0.914714 -0.657831 0.241478
v -0.748167 -0.614592 -0.067596
v -0.745418 -0.594312 -0.070608
v -0.248440 -0.549017 -0.474021
v -0.251446 -0.501224 -0.468848
v 0.211748 -0.428999 -0.458144
v 0.223211 -0.484704 -0.448659
v -0.284254 -0.380396 -0.502142
v -0.240796 -0.396585 -0.460693
v -0.331947 -0.273277 0.209028
v 0.649200 -0.928050 -0.183090
v 0.657364 -0.908744 -0.178196
v 0.659712 -0.921267 -0.184073
v -0.185009 0.919330 -0.030209
v -0.097284 0.969573 -0.313632
v -0.064032 0.979160 -0.290073
v 0.009105 0.253384 -0.358330
v 0.066206 0.240248 -0.329935
v 0.342197 0.539400 -0.288532
v 0.642621 -0.923655 -0.097288
v 0.642857 -0.904111 -0.126286
v 0.651254 -0.933662 -0.133728
v 0.339781 0.724746 -0.143606
v 0.343593 0.693318 -0.120317
v -0.844007 -0.706138 0.213797
v -0.843057 -0.655877 0.152320
v 0.092997 0.381522 -0.409844
v 0.106889 0.388931 -0.423915
v 0.116283 0.399292 -0.406590
v 0.276762 0.109310 0.200051
v 0.253101 0.030874 0.220116
v -0.527724 -0.323240 0.152896
v -0.520188 -0.254596 0.114734
v 0.112197 -0.461373 0.402895
v 0.082768 -0.505098 0.443719
v 0.139378 -0.515048 0.447852
v 0.376955 0.666121 -0.116673
v 0.379467 0.662665 -0.120460
v 0.385914 0.650244 -0.112234
v 0.316170 -0.247061 -0.422143
v 0.320871 -0.201233 -0.406531
v 0.367239 0.603137 -0.227181
v 0.377849 0.611755 -0.200649
v 0.389629 0.609417 -0.208155
v 0.066657 -0.358462 0.366476
v -0.265616 -0.011654 -0.404892
v -0.752041 -0.734097 0.170773
v 0.054613 0.664702 -0.407612
v 0.085935 0.730936 -0.380099
v 0.110154 0.654228 -0.390977
v -0.003458 0.351376 -0.454710
v 0.016500 -0.451658 0.433093
v 0.052605 -0.470819 0.435590
v 0.056028 -0.443644 0.413090
v 0.902496 -0.724260 0.010870
v 0.889552 -0.768401 -0.019098
v -0.450880 -0.113179 0.118826
v -0.493625 -0.119344 0.140734
v -0.444961 -0.150936 0.152422
v 0.160621 -0.985012 -0.476727
v 0.189716 -0.968498 -0.503617
v 0.694475 -0.380616 -0.085282
v 0.706317 -0.396313 -0.076780
v 0.383654 -0.881645 0.132710
v 0.404157 -0.888983 0.087807
v -0.113613 0.833354 0.361742
v -0.137195 0.803659 0.359920
v 0.657865 -0.538250 -0.171175
v 0.651106 -0.578279 -0.247615
v 0.278071 0.858164 -0.165181
v 0.038746 -0.666341 -0.532237
v 0.662180 -0.267802 -0.088446
v 0.610636 -0.259736 -0.143227
v 0.639307 -0.657052 0.286766
v 0.672911 -0.665133 0.265892
v 0.659165 -0.636531 0.259183
v 0.401285 -0.445981 -0.374959
v 0.405668 -0.339942 -0.358620
v 0.431764 -0.377734 -0.338471
v 0.455220 -0.939795 -0.421721
v 0.414547 -0.968916 -0.450883
v 0.828551 -0.574672 -0.003842
v 0.797237 -0.495291 -0.004929
v 0.233666 0.783041 0.280010
v 0.249182 0.760616 0.270238
v -0.731300 -0.564592 -0.141466
v -0.117895 -0.859002 0.277891
v -0.053335 -0.877929 0.183310
v 0.281289 -0.905095 0.012282
v 0.289956 -0.894737 0.061231
v -0.402401 -0.063256 0.085923
v -0.393197 -0.037481 0.087716
v 0.162461 -0.218485 -0.489410
v 0.210001 -0.212699 -0.451830
v 0.378948 0.632049 -0.145881
v -0.322167 -0.183885 -0.450711
v -0.297154 -0.186734 -0.455301
v -0.321620 -0.236910 -0.466289
v -0.148109 -0.824795 -0.555024
v -0.094893 -0.788833 -0.581022
v -0.119615 -0.850967 -0.566607
v 0.096035 0.806748 0.366902
v 0.768784 -0.684661 -0.090929
v 0.779334 -0.712544 -0.087073
v 0.449881 -0.948628 -0.311472
v -0.384833 0.057771 -0.021624
v -0.063815 -0.302735 -0.432729
v -0.045974 -0.330979 -0.461097
v -0.061686 -0.335070 -0.476518
v -0.198639 -0.801795 -0.520758
v -0.298626 0.737291 0.273603
v 0.014563 0.485715 -0.505928
v 0.013174 0.772451 0.363642
v -0.491580 -0.878318 0.228665
v -0.223034 -0.147052 0.299355
v -0.211005 -0.169976 0.316725
v -0.485843 -0.145882 0.161944
v -0.504881 -0.183161 0.159883
v -0.468451 -0.213453 0.220157
v 0.379043 0.548025 -0.050048
v 0.373958 0.545231 -0.086771
v 0.380013 0.549729 -0.071144
v 0.354486 -0.790827 -0.471703
v 0.348392 -0.764115 -0.461066
v -0.916898 -0.736701 0.240012
v -0.933807 -0.757572 0.228735
v 0.135410 -0.016543 -0.429786
v 0.182267 -0.008306 -0.417159
v 0.151884 -0.065382 -0.454332
v -0.775628 -0.416564 0.124217
v 0.300560 -0.727669 0.507005
v 0.001181 0.862970 -0.198094
v 0.030214 0.854071 -0.196448
v 0.020097 0.868343 -0.225033
v -0.483760 -0.438373 0.333831
v 0.319402 0.804263 -0.116790
v 0.335405 0.771640 -0.115088
v 0.004759 -0.006067 -0.422477
v 0.041029 0.003804 -0.380096
v 0.170666 0.910466 -0.139718
v -0.936012 -0.786862 0.167834
v -0.952465 -0.815183 0.178303
v -0.959558 -0.835765 0.149300
v -0.600046 -0.157164 -0.250319
v -0.165056 -0.031145 -0.399847
v 0.249808 0.566240 -0.394627
v 0.595387 -0.887117 -0.111120
v 0.358982 0.589552 -0.221970
v 0.353831 0.582678 -0.249413
v 0.056540 0.738007 0.352166
v -0.144547 -0.869847 0.212460
v 0.027809 -0.822420 -0.557070
v 0.549012 -0.084535 0.003380
v 0.552629 -0.123469 0.042146
v 0.581393 -0.117353 0.010150
v 0.190264 -0.417668 -0.487553
v 0.196203 -0.379645 -0.467512
v -0.051501 -0.824053 -0.585791
v 0.060322 0.706837 0.351349
v 0.089053 0.688391 0.344844
v -0.616276 -0.385324 -0.343910
v 0.187694 0.879273 -0.235868
v 0.339252 -0.619320 -0.452277
v -0.338165 0.168101 -0.149288
v -0.331741 0.171859 -0.146966
v -0.549194 -0.543312 0.371590
v -0.217673 -0.809719 0.502906
v -0.193585 -0.821981 0.491481
v 0.395391 -0.911988 -0.358773
v -0.350032 0.004784 -0.345015
v -0.335169 -0.034547 -0.396786
v 0.137378 -0.090757 0.295605
v 0.148673 -0.115387 0.292578
v 0.157040 0.690081 0.314256
v 0.389817 -0.946793 -0.333736
v 0.393858 -0.939689 -0.331000
v 0.381513 -0.928060 -0.346728
v 0.501283 -0.949498 -0.374294
v -0.649027 -0.926336 -0.179318
v 0.372745 -0.190435 0.177019
v 0.129571 0.978577 0.014849
v 0.152370 0.970846 0.004274
v 0.542333 -0.488598 0.255194
v 0.574457 -0.517525 0.218500
v 0.156625 0.456224 -0.444218
v 0.193454 0.495759 -0.454676
v 0.193467 0.464941 -0.434841
v 0.149412 0.881449 -0.176615
v 0.188624 0.875685 -0.222412
v -0.336762 0.601667 -0.353512
v -0.323530 0.593956 -0.359355
v -0.325297 0.617353 -0.361046
v -0.003810 0.813326 -0.401907
v -0.364020 -0.590724 0.475018
v -0.328519 -0.606142 0.454751
v -0.335650 -0.564633 0.432920
v 0.297671 -0.261768 0.238008
v 0.317348 -0.253038 0.226608
v 0.283983 -0.237889 0.217354
v 0.418303 -0.515888 0.396299
v 0.471555 -0.523924 0.414685
v 0.496448 -0.505566 0.387723
v 0.566821 -0.710025 -0.355827
v -0.302763 0.156341 -0.186722
v -0.287341 0.186229 -0.209352
v -0.264092 0.181256 -0.227945
v -0.600590 -0.522720 -0.363024
v 0.693849 -0.583016 -0.132230
v 0.690675 -0.654670 -0.134768
v -0.378447 -0.060537 -0.374310
v -0.416053 -0.114672 -0.385736
v -0.004563 0.978674 0.064579
v -0.257626 0.766971 0.300200
v -0.223594 0.778797 0.322149
v -0.703356 -0.861856 0.009336
v -0.711329 -0.878943 0.053263
v -0.189407 -0.576008 -0.481947
v -0.219506 -0.656638 -0.511357
v 0.298788 -0.926959 -0.378750
v -0.206150 0.184828 -0.269119
v -0.180555 0.185687 -0.283444
v -0.244799 0.083070 -0.289628
v -0.271596 0.057741 -0.299210
v -0.262134 0.078269 -0.274154
v 0.506290 -0.417388 0.231841
v 0.538793 -0.423696 0.181923
v 0.393493 -0.900584 -0.376058
v -0.395144 0.365817 -0.112041
v -0.379440 0.246941 -0.086449
v -0.645073 -0.879869 -0.333110
v -0.628599 -0.915686 -0.358472
v 0.056948 -0.968326 -0.425750
v -0.790829 -0.627955 0.159221
v 0.214230 0.459702 -0.384990
v 0.205274 0.429613 -0.385050
v 0.167187 0.414284 -0.408710
v -0.164039 -0.725861 -0.547412
v 0.161351 0.955690 -0.029874
v 0.172012 0.941794 -0.006289
v 0.417885 -0.799661 0.472522
v 0.458091 -0.782952 0.470455
v -0.004299 0.465218 -0.496574
v 0.044055 0.470531 -0.497396
v 0.021706 -0.896604 -0.555455
v 0.067216 -0.844225 -0.541594
v -0.217507 -0.265511 -0.440422
v -0.207161 -0.203533 0.292780
v -0.219769 -0.203429 0.264390
v -0.145797 0.863023 -0.340005
v -0.121907 0.892861 -0.348695
v -0.058184 -0.144867 -0.442655
v 0.323058 0.776514 0.139538
v 0.356017 0.740665 0.144623
v -0.151655 -0.605621 0.515058
v -0.145538 -0.675154 0.551338
v -0.107878 -0.626013 0.541571
v 0.541400 -0.290365 0.092645
v 0.441081 -0.177564 0.073780
v -0.283280 0.472630 -0.372977
v -0.287006 0.486302 -0.420949
v -0.246481 0.461290 -0.401958
v 0.245024 -0.664857 0.506591
v 0.270539 -0.674339 0.501963
v 0.253378 -0.626381 0.492307
v -0.052751 0.933761 0.201981
v -0.066449 0.921902 0.230418
v -0.040721 0.923458 0.235757
v 0.254527 -0.961302 -0.376209
v 0.251100 -0.957615 -0.397840
v -0.058595 0.918659 -0.381780
v -0.028005 0.887619 -0.378491
v 0.459702 -0.389753 -0.334692
v 0.499869 -0.372060 -0.334479
v -0.209973 0.878613 -0.200833
v -0.197904 0.897581 -0.164946
v 0.541660 -0.751197 0.465351
v 0.552517 -0.786379 0.454976
v -0.192633 0.848758 0.194502
v -0.187839 0.845172 0.220960
v -0.156203 0.882334 0.194373
v 0.327925 0.052266 0.002860
v -0.494933 -0.501361 0.378542
v -0.429676 -0.500693 0.450814
v 0.257239 0.736963 0.261263
v 0.282358 0.726082 0.235780
v 0.018822 -0.787358 0.537559
v 0.075012 -0.816403 0.508740
v 0.311114 0.666826 -0.225969
v -0.220506 -0.796446 0.513814
v -0.191743 -0.803081 0.532656
v 0.199689 0.894520 -0.176814
v 0.379626 -0.000087 0.046642
v -0.216022 0.057801 -0.361091
v -0.171617 0.068281 -0.352205
v -0.677470 -0.220032 -0.000540
v -0.686351 -0.214222 -0.030365
v 0.364578 0.087497 -0.150321
v 0.364906 0.076837 -0.176903
v -0.676054 -0.540187 -0.324430
v -0.632223 -0.535638 -0.351696
v -0.652508 -0.586479 -0.341403
v 0.260861 -0.009007 -0.346488
v -0.307888 0.899116 -0.012622
v -0.017191 -0.980450 -0.431037
v 0.019132 -0.972089 -0.378480
v -0.018149 0.753180 -0.409905
v 0.006001 0.762409 -0.400793
v -0.621680 -0.956501 -0.347653
v -0.598140 -0.961077 -0.360994
v -0.609283 -0.981814 -0.353821
v 0.107299 -0.778060 0.550698
v 0.158477 -0.776272 0.535726
v 0.147610 -0.744821 0.561134
v 0.573124 -0.930975 -0.100191
v 0.611823 -0.915146 -0.066127
v 0.524921 -0.523533 0.381178
v 0.538439 -0.510801 0.319791
v 0.334711 0.586095 -0.293888
v 0.344219 0.569825 -0.280860
v 0.017739 0.386044 -0.448172
v 0.013921 0.401860 -0.454658
v 0.031748 0.398483 -0.450895
v -0.574157 -0.894539 -0.364892
v -0.526973 -0.888701 -0.358738
v -0.542676 -0.941978 -0.363109
v 0.074574 0.884514 -0.138324
v -0.082124 -0.150094 0.366168
v -0.064356 -0.167926 0.365181
v 0.242049 0.921432 -0.129734
v -0.730648 -0.739802 0.164942
v -0.167865 0.880471 0.166942
v -0.167295 0.906450 0.140055
v 0.056017 0.925904 0.202384
v 0.328773 -0.794646 0.488549
v 0.419099 -0.861828 -0.424189
v 0.296669 0.438959 0.215299
v -0.369797 0.204377 -0.083352
v -0.379311 0.139803 -0.024466
v -0.628580 -0.778039 0.323488
v -0.588901 -0.803984 0.357532
v -0.564603 -0.763688 0.379887
v -0.280694 0.872783 -0.125964
v 0.396500 -0.935672 -0.344442
v 0.376995 -0.956014 -0.332081
v 0.132211 -0.384555 0.342543
v -0.715688 -0.859237 0.286320
v -0.739426 -0.853918 0.264586
v -0.672491 -0.254349 -0.178164
v -0.709983 -0.361015 -0.194154
v -0.734245 -0.341182 -0.106903
v 0.261941 0.863098 -0.065002
v 0.252172 0.869677 -0.033646
v -0.744074 -0.770692 0.288287
v -0.760790 -0.790432 0.296218
v 0.687189 -0.844726 0.057606
v -0.353661 -0.439612 -0.515707
v -0.340475 -0.463610 -0.519707
v -0.383570 0.154503 0.157252
v -0.786602 -0.649040 -0.165787
v 0.359832 -0.256095 -0.396746
v 0.364459 -0.369896 -0.401695
v -0.090126 -0.029721 0.381993
v -0.046886 -0.056854 0.381277
v -0.054644 -0.027560 0.388203
v -0.077988 0.219024 -0.359284
v -0.071692 0.270930 -0.378185
v -0.062247 0.244037 -0.382936
v 0.356641 -0.716580 -0.430297
v 0.367178 -0.763917 -0.451235
v 0.226243 -0.118808 0.233240
v 0.775919 -0.485236 0.181426
v 0.622191 -0.683743 -0.334988
v 0.233010 -0.790427 -0.477342
v 0.218605 -0.853265 -0.511117
v -0.907558 -0.782828 -0.020460
v -0.665498 -0.313828 -0.245904
v 0.774124 -0.647978 -0.098235
v 0.251551 0.193819 -0.183480
v 0.067494 0.136748 -0.339374
v 0.045791 0.161813 -0.328602
v -0.243509 0.643752 -0.417683
v -0.196761 -0.123840 0.330269
v -0.118189 -0.132325 0.356469
v -0.119598 -0.117151 0.337322
v 0.423261 -0.874165 -0.352068
v 0.451273 -0.890999 -0.338000
v 0.224126 -0.923396 -0.075386
v 0.139387 0.388715 0.320378
v 0.129542 0.291143 0.330355
v 0.174255 0.368998 0.313092
v -0.658591 -0.862377 0.273693
v -0.665349 -0.879447 0.235197
v -0.614325 -0.856278 0.312417
v 0.487491 -0.943964 -0.214673
v -0.638297 -0.159293 -0.112525
v -0.664538 -0.195846 -0.076735
v 0.615270 -0.562944 0.229171
v 0.663715 -0.529239 0.212547
v 0.616121 -0.521183 0.201607
v -0.287046 0.747827 -0.246729
v -0.295206 0.784657 -0.225860
v -0.253148 0.783457 -0.255292
v 0.472606 -0.376307 0.253296
v 0.231621 0.881252 -0.233187
v -0.378714 0.185865 0.183724
v -0.372566 0.118400 0.192900
v 0.680396 -0.712772 -0.304467
v 0.681194 -0.695960 -0.263094
v 0.368991 -0.925771 -0.382840
v 0.390959 -0.909226 -0.385286
v 0.221450 -0.605609 0.495665
v 0.227286 -0.594969 0.479527
v -0.723152 -0.873172 0.095714
v -0.721094 -0.889501 0.099448
v 0.847188 -0.704045 -0.034658
v 0.687617 -0.764510 -0.193462
v 0.695789 -0.738355 -0.175387
v 0.192774 -0.597924 0.489100
v 0.311417 -0.868986 0.161576
v 0.055082 -0.254354 0.317196
v 0.426342 -0.867493 0.239269
v 0.455259 -0.861239 0.304100
v 0.507257 -0.777164 0.448158
v 0.298015 -0.569723 0.449376
v 0.313479 -0.609533 0.461318
v 0.321412 -0.580829 0.445464
v 0.051525 0.958453 -0.248183
v 0.061871 0.926919 -0.246675
v 0.030042 0.355774 -0.427671
v 0.067015 0.369150 -0.422588
v 0.057200 0.364832 -0.415220
v 0.263486 0.790487 -0.344395
v 0.282369 0.785377 -0.319499
v 0.250839 0.765628 -0.365205
v 0.626821 -0.683112 -0.128826
v 0.637088 -0.719596 -0.117876
v -0.056668 0.963098 0.064157
v -0.093372 -0.346969 -0.480591
v 0.104117 0.095533 0.354676
v -0.865441 -0.886447 0.060542
v -0.018142 -0.182928 -0.434924
v 0.010244 -0.183572 -0.447429
v 0.392281 0.074194 -0.118767
v 0.457334 0.009048 -0.091768
v 0.465059 -0.010864 -0.116532
v -0.232018 0.876271 -0.219368
v -0.590843 -0.951341 -0.175449
v -0.654652 -0.941005 -0.217228
v -0.566985 -0.952217 -0.250987
v 0.400390 0.068410 -0.137969
v 0.367025 -0.946325 -0.468522
v 0.471156 -0.256668 0.133405
v 0.497856 -0.330603 0.139336
v -0.736281 -0.381067 -0.157964
v -0.769929 -0.393147 -0.075470
v 0.337130 0.633693 0.166251
v 0.324605 0.612701 0.188480
v 0.347784 0.575425 0.149988
v -0.743452 -0.563611 -0.116835
v -0.748487 -0.594414 -0.125709
v -0.886099 -0.714945 -0.040779
v -0.904835 -0.684430 0.003524
v -0.298302 0.563263 -0.419822
v -0.260626 0.531753 -0.442549
v -0.087411 0.959520 0.043103
v 0.641796 -0.278689 0.089881
v 0.677367 -0.305799 0.099771
v -0.178778 -0.108029 0.315719
v -0.284479 -0.018705 -0.407897
v -0.323001 -0.054827 -0.404091
v -0.220121 0.857851 0.186951
v -0.244519 0.826040 0.202369
v -0.238478 0.911532 -0.050258
v -0.109858 -0.356588 0.449185
v -0.188951 -0.561518 0.457313
v 0.003340 -0.489981 0.466128
v -0.065807 0.743240 -0.437540
v -0.272713 -0.216336 0.206479
v -0.249281 -0.204711 0.219412
v 0.920072 -0.751445 0.178559
v 0.279503 0.121551 -0.205330
v 0.292881 0.121264 -0.179280
v 0.338400 0.090236 -0.204165
v 0.478062 -0.456473 -0.320572
v 0.441623 -0.319114 0.229402
v 0.208843 0.930339 -0.048231
v 0.221622 0.906196 -0.053208
v 0.226681 0.900234 -0.079901
v -0.578183 -0.249913 0.060305
v -0.590189 -0.198879 0.008606
v 0.226629 -0.091145 0.232022
v 0.216017 -0.102099 0.250299
v -0.379540 -0.355114 0.267735
v -0.325646 0.863918 -0.011746
v -0.292495 0.881733 -0.024932
v 0.284154 -0.182106 -0.419563
v 0.376321 0.682125 -0.070506
v 0.219307 -0.769280 0.521987
v 0.294375 0.061976 0.137910
v 0.309279 0.067471 0.118538
v -0.813672 -0.638537 -0.003305
v -0.146758 0.396696 -0.407701
v -0.219512 0.802061 0.316312
v -0.199897 0.806911 0.330094
v -0.839143 -0.510366 0.174136
v -0.868256 -0.529425 0.136608
v -0.380809 0.075140 0.154077
v -0.367232 0.041503 0.173418
v -0.887387 -0.650401 0.253630
v -0.862735 -0.661840 0.272867
v -0.447481 -0.989035 -0.362707
v -0.418110 -0.993734 -0.399003
v 0.326974 0.046089 -0.270994
v 0.298925 0.000451 -0.343606
v 0.308359 0.164162 -0.050765
v 0.313768 0.154198 -0.031443
v 0.270753 0.189103 -0.151952
v 0.293828 0.181386 -0.110553
v -0.123919 -0.504051 -0.497634
v -0.084574 -0.575047 -0.537283
v 0.385394 0.575317 -0.204474
v 0.397188 0.605321 -0.158498
v 0.381957 0.570713 -0.173368
v -0.256056 -0.925960 -0.484890
v -0.114096 0.936214 -0.102848
v -0.137231 0.918194 -0.151402
v -0.659892 -0.772271 -0.136271
v -0.321912 0.827283 -0.158156
v 0.603475 -0.490564 -0.299580
v 0.604898 -0.555235 -0.317806
v 0.071440 -0.556948 -0.539941
v 0.093072 -0.533890 -0.541025
v 0.108765 -0.542681 -0.539385
v -0.368524 0.115255 -0.079529
v -0.295600 -0.105920 -0.433801
v -0.252545 -0.091912 -0.447531
v -0.274438 -0.155839 -0.457336
v -0.010745 0.849899 -0.424590
v -0.002807 0.862726 -0.414713
v 0.024522 0.844654 -0.414164
v 0.390440 -0.265695 0.212483
v -0.219142 0.060682 -0.362261
v -0.676011 -0.539970 0.235033
v -0.677342 -0.515708 0.223912
v 0.182521 -0.860030 0.274812
v 0.213393 -0.859802 0.292471
v 0.205647 -0.852039 0.356543
v -0.321707 -0.843716 0.402044
v 0.446905 -0.775494 -0.324535
v 0.433600 -0.880592 -0.319788
v 0.197007 0.515162 -0.440307
v 0.235386 0.510485 -0.444254
v -0.497525 -0.815440 0.453718
v -0.446141 -0.811563 0.463997
v -0.448758 -0.792889 0.464753
v 0.954808 -0.742807 0.237423
v 0.931218 -0.754709 0.277819
v 0.950384 -0.767852 0.218465
v -0.535017 -0.048425 -0.222598
v 0.505793 -0.264060 -0.339803
v 0.484540 -0.199759 -0.331029
v 0.514309 -0.227898 -0.311466
v -0.933106 -0.777630 0.131127
v -0.933440 -0.793401 0.099483
v -0.924580 -0.824191 0.120412
v 0.362636 -0.870988 0.183844
v 0.358302 -0.875010 0.150294
v 0.005582 0.595733 -0.424278
v 0.003888 0.576879 -0.426043
v 0.014170 0.571750 -0.449704
v -0.286677 0.816460 -0.236933
v -0.287020 0.838860 -0.209071
v 0.526915 -0.380435 0.156622
v -0.091343 -0.384419 0.456763
v -0.035416 -0.383516 0.431156
v 0.779151 -0.765357 0.311256
v -0.051667 0.035112 -0.366100
v -0.037288 0.008976 -0.406710
v -0.052200 0.004153 -0.396477
v 0.095467 -0.085739 0.334781
v 0.024616 -0.085754 0.360414
v -0.073345 -0.889037 0.126009
v -0.060782 -0.907468 0.036400
v 0.437905 -0.936076 -0.390098
v 0.135872 0.831924 -0.427083
v 0.147731 0.784280 -0.422743
v 0.453666 -0.529101 -0.347296
v 0.510752 -0.546876 -0.323659
v 0.451029 -0.572693 -0.362766
v -0.386591 0.409177 0.174983
v -0.351496 0.365496 0.230144
v -0.350054 -0.115546 0.174744
v -0.309531 -0.121737 0.182611
v 0.298041 0.562715 0.220410
v 0.257237 0.665913 -0.370708
v -0.949617 -0.801626 0.123275
v -0.957698 -0.832450 0.113912
v -0.838026 -0.669472 0.283816
v 0.363450 0.483575 0.078875
v 0.275833 -0.174828 0.170388
v -0.861166 -0.920851 -0.080745
v -0.854386 -0.928042 -0.072535
v 0.289567 0.373400 0.217365
v -0.360711 0.660656 -0.217904
v 0.172066 0.840326 0.208669
v -0.097644 0.440995 -0.460249
v 0.695324 -0.827114 0.256152
v -0.287533 -0.306913 0.267348
v 0.224184 0.091137 0.281807
v 0.205846 0.154065 0.298806
v -0.482776 -0.938980 -0.411237
v -0.467703 -0.879229 -0.402767
v -0.276288 0.190892 -0.217824
v 0.939424 -0.734457 0.284540
v -0.497059 -0.307736 0.180313
v -0.500247 -0.355041 0.204174
v -0.138272 -0.014746 0.367467
v 0.418742 -0.907462 0.017109
v 0.464872 -0.919300 -0.016472
v 0.485647 -0.893941 0.071553
v 0.621752 -0.934617 -0.327653
v 0.661312 -0.914065 -0.310589
v 0.168455 -0.468399 0.385392
v 0.171274 -0.481740 0.415409
v -0.016099 -0.221496 -0.436615
v -0.355052 0.020427 0.209200
v 0.369153 -0.128297 0.140459
v 0.366013 -0.131503 0.131915
v -0.544845 -0.087871 0.069695
v -0.567297 -0.097274 0.024277
v 0.388716 0.614178 0.040658
v 0.370181 0.638656 0.103586
v 0.029377 0.718240 0.361542
v 0.061724 0.730831 0.355373
v -0.147439 -0.258755 0.330784
v -0.188823 -0.245414 0.302688
v -0.192131 -0.299957 0.321092
v -0.148011 0.449061 -0.447217
v -0.733645 -0.632334 -0.254410
v -0.678549 -0.637623 -0.323123
v -0.702152 -0.656167 -0.296117
v 0.330885 0.758219 -0.224009
v 0.341058 0.743430 -0.195969
v 0.050010 0.855783 -0.225226
v 0.573617 -0.661535 0.395573
v 0.607107 -0.731600 0.371720
v 0.510550 -0.247785 0.101138
v 0.521293 -0.108474 -0.181178
v 0.558977 -0.164458 -0.168769
v 0.541434 -0.169473 -0.208770
v 0.195962 0.660681 0.303176
v 0.656771 -0.584639 0.247818
v 0.676001 -0.600877 0.239286
v -0.353296 -0.039444 0.150250
v -0.369708 -0.025352 0.108258
v -0.588997 -0.752260 -0.357409
v -0.282390 -0.565077 0.413832
v -0.290808 -0.524618 0.384364
v -0.188392 -0.651659 -0.516062
v -0.480812 -0.425656 -0.369942
v 0.078094 0.829507 -0.421112
v 0.057943 0.841949 -0.422292
v 0.112194 0.819401 -0.427842
v 0.022124 0.699016 -0.403402
v -0.838927 -0.587201 0.032397
v -0.396942 -0.142745 -0.422751
v -0.370050 -0.112626 -0.420709
v -0.355831 -0.139111 -0.424765
v 0.182574 0.734794 -0.411197
v 0.161156 0.747689 -0.395190
v -0.921642 -0.669324 0.038351
v -0.935764 -0.701969 0.025224
v -0.951203 -0.710794 0.047252
v -0.285695 -0.456137 0.355369
v -0.274219 -0.485290 0.369320
v -0.538519 -0.314774 -0.366855
v -0.518346 -0.264114 -0.370812
v -0.504553 -0.298821 -0.377721
v 0.232994 -0.239012 0.237095
v -0.255321 -0.051887 -0.381309
v -0.283923 0.720109 -0.272187
v -0.270114 0.722356 -0.314388
v -0.127033 -0.305009 -0.478813
v -0.720288 -0.679993 0.106977
v -0.389750 0.004608 -0.310744
v -0.231726 0.028814 -0.338468
v -0.209825 0.049468 -0.337303
v -0.021010 -0.482716 0.474455
v -0.001805 0.939798 -0.026735
v 0.033677 0.940669 -0.039327
v 0.673721 -0.911608 -0.083924
v 0.965574 -0.749351 0.137444
v 0.964380 -0.759271 0.164277
v 0.439506 0.027760 -0.063541
v 0.443222 0.007134 -0.007009
v 0.469871 -0.810599 0.481807
v -0.628111 -0.298377 -0.288518
v 0.096875 -0.184293 -0.454961
v 0.139569 -0.210437 -0.496357
v 0.636716 -0.743738 -0.107441
v 0.637817 -0.788828 -0.128041
v 0.642977 -0.784032 -0.102411
v -0.760727 -0.597314 -0.074768
v -0.968980 -0.776022 0.098558
v 0.092545 0.920309 -0.326139
v 0.952222 -0.758277 0.034098
v 0.216410 0.930996 -0.138925
v 0.176783 0.949514 -0.088231
v 0.074955 -0.600446 -0.538853
v 0.096355 -0.618643 -0.535854
v -0.406880 -0.959986 -0.162717
v -0.703389 -0.865526 0.254119
v -0.695899 -0.848705 0.266511
v 0.344695 0.730328 0.186216
v 0.323575 0.738431 0.217080
v 0.337376 0.718217 0.195575
v 0.197119 -0.006003 -0.401125
v 0.222571 -0.062612 -0.430113
v -0.707373 -0.532483 -0.293926
v -0.697464 -0.573608 -0.303421
v 0.135626 0.900406 -0.378930
v 0.110039 0.896066 -0.407329
v 0.321860 -0.184473 0.160348
v 0.631331 -0.918598 -0.064398
v 0.389841 -0.900787 -0.492670
v 0.407161 -0.857332 -0.481233
v 0.403085 -0.899561 -0.485758
v 0.707740 -0.676035 0.267520
v 0.248475 -0.592910 0.481526
v -0.087269 0.874785 -0.391608
v -0.077387 0.971826 -0.080067
v -0.079867 0.951967 -0.118259
v -0.083266 0.955777 -0.082056
v -0.280909 0.297772 0.294295
v -0.259884 0.249613 0.313840
v -0.264409 0.358511 0.305261
v 0.108632 0.849669 -0.429868
v 0.366241 0.550023 -0.142900
v 0.357893 0.550390 -0.209409
v 0.321877 0.535947 0.189653
v -0.098709 -0.030323 -0.377949
v -0.073358 -0.057988 -0.417415
v -0.839866 -0.921899 -0.116518
v -0.830136 -0.910047 -0.137260
v -0.427166 0.505805 0.061385
v 0.165473 -0.328923 -0.510747
v 0.828199 -0.873087 -0.025025
v 0.783715 -0.901048 -0.025753
v -0.252542 0.415236 -0.348378
v -0.263368 0.443685 -0.362778
v -0.229653 0.420059 -0.376503
v 0.010975 0.361583 -0.428765
v 0.034097 0.354331 -0.415468
v 0.011898 -0.352441 0.394246
v 0.492418 -0.593775 0.441035
v 0.312856 0.779952 -0.081879
v 0.662866 -0.250540 -0.078414
v -0.047975 0.176614 -0.358512
v -0.021111 0.176597 -0.353609
v 0.009500 0.437499 -0.472773
v 0.009350 0.432209 -0.458725
v -0.000744 0.429949 -0.476742
v -0.315790 0.846005 0.073633
v -0.300950 0.865375 0.113352
v -0.113459 -0.941310 -0.544694
v -0.091677 -0.901642 -0.567009
v 0.270188 0.640882 -0.347991
v 0.260321 0.589660 -0.359064
v 0.794627 -0.516034 0.200552
v 0.188831 0.395538 -0.350096
v -0.255742 0.530286 0.308648
v -0.239403 0.467464 0.319587
v 0.383120 -0.951441 -0.236185
v 0.413318 -0.944994 -0.446524
v 0.455510 -0.935936 -0.401467
v 0.640561 -0.846496 -0.278658
v 0.651892 -0.868767 -0.293422
v 0.640732 -0.879801 -0.239445
v 0.538625 -0.907192 -0.161009
v 0.543877 -0.934635 -0.159671
v -0.888643 -0.776075 0.266205
v -0.920344 -0.790593 0.233709
v -0.927780 -0.825824 0.259440
v 0.290692 0.143939 -0.162064
v -0.789441 -0.897470 -0.127959
v -0.400412 0.089235 0.061792
v -0.390828 0.081824 0.086511
v -0.392907 0.097859 0.063141
v -0.024782 0.621821 -0.443445
v -0.002878 0.644784 -0.410961
v -0.008906 0.621953 -0.429894
v 0.162176 0.700551 0.316868
v 0.130299 -0.561853 -0.524468
v -0.865619 -0.867437 -0.124917
v -0.848348 -0.908647 -0.119518
v -0.690556 -0.656067 0.226910
v -0.668946 -0.653281 0.261259
v 0.279300 0.559198 -0.330453
v -0.748849 -0.845824 0.221035
v 0.639940 -0.856001 -0.295248
v 0.646275 -0.857714 -0.292404
v 0.625612 -0.612126 -0.137163
v -0.246600 -0.769023 -0.506935
v 0.307439 0.011237 0.042256
v -0.903537 -0.600777 0.159026
v -0.878414 -0.607163 0.229895
v -0.861692 -0.555250 0.205211
v 0.331267 0.606445 -0.221043
v 0.594543 -0.166723 0.044163
v 0.176211 0.140204 -0.290350
v 0.120292 0.134445 -0.324667
v -0.675518 -0.271845 0.060629
v -0.087716 0.927046 0.214139
v -0.106551 0.880820 0.248014
v -0.520583 -0.161491 0.101814
v 0.429786 -0.336704 0.273847
v -0.176133 0.683032 -0.419713
v -0.133196 0.689384 -0.417620
v 0.493840 -0.781387 -0.362845
v 0.591519 -0.318537 0.096828
v 0.196140 0.848597 0.157564
v 0.431952 -0.247619 -0.354802
v 0.139967 0.743160 -0.371239
v 0.789730 -0.865924 -0.061069
v 0.754070 -0.915728 -0.047947
v -0.036292 0.888185 -0.407762
v -0.013615 0.884473 -0.381225
v -0.798782 -0.410235 -0.031928
v 0.246689 0.507447 0.259654
v -0.413572 -0.868687 -0.471209
v -0.397394 -0.828266 -0.484990
v -0.414103 -0.052336 0.044835
v 0.010350 -0.892881 0.078222
v -0.420345 0.740274 -0.081132
v -0.383827 0.742987 -0.135697
v 0.045733 0.865255 -0.244937
v 0.085193 0.864308 -0.231228
v 0.056165 0.890365 -0.223126
v -0.299779 -0.065617 -0.421313
v -0.218249 0.903431 -0.111791
v -0.742768 -0.600596 -0.149332
v -0.049470 0.491899 -0.471393
v 0.292296 -0.934959 -0.376949
v 0.312594 -0.928696 -0.369303
v 0.306863 -0.969199 -0.356579
v -0.437019 -0.682785 -0.476089
v 0.275704 0.502609 -0.322972
v -0.540131 0.004472 -0.099896
v -0.010479 0.151299 -0.348015
v 0.024744 0.130111 -0.348368
v 0.761187 -0.724415 -0.103748
v 0.835147 -0.784717 0.020959
v 0.889675 -0.816286 0.061835
v -0.011567 0.085719 -0.335832
v -0.000813 0.040658 -0.375354
v -0.017893 0.023124 -0.388479
v 0.370663 0.598492 0.091455
v -0.197446 0.761764 -0.357129
v -0.203729 0.747959 -0.365007
v 0.344125 0.404176 0.117465
v -0.930091 -0.644906 0.143902
v 0.380806 0.564066 -0.009860
v 0.544686 -0.854684 -0.184122
v 0.564670 -0.883257 -0.142059
v 0.327562 0.626552 -0.209515
v -0.809478 -0.693536 -0.130532
v -0.796234 -0.715034 -0.152733
v -0.842805 -0.731060 -0.098429
v 0.117713 0.045040 -0.390485
v -0.027889 0.504075 -0.499804
v 0.114023 -0.898579 0.049384
v 0.145996 -0.908826 -0.007139
v 0.214313 -0.902694 0.022999
v 0.262919 -0.826877 -0.438238
v -0.129203 0.762278 -0.402667
v -0.118629 0.737795 -0.413067
v -0.364241 -0.734860 -0.508648
v -0.374054 -0.697993 -0.515207
v -0.329697 -0.725424 -0.500570
v 0.444135 -0.898316 -0.311041
v 0.482908 -0.923705 -0.232615
v 0.477927 -0.941090 -0.270374
v 0.374261 -0.926199 -0.474234
v -0.379351 -0.379982 0.310530
v 0.035180 -0.967797 -0.538593
v -0.725545 -0.856965 0.246225
v -0.516078 -0.922035 0.021535
v -0.439037 -0.900652 0.128715
v 0.038768 0.991074 0.048606
v 0.059391 0.972558 0.024186
v 0.073575 0.989710 0.036279
v 0.196322 0.814812 0.212107
v 0.164604 -0.405584 0.390145
v 0.267585 0.003767 -0.354195
v -0.530153 -0.594042 -0.381613
v -0.518494 -0.601225 -0.390704
v 0.203292 -0.120586 -0.459168
v 0.236495 -0.200316 -0.441338
v 0.181155 -0.173805 -0.475606
v -0.624628 -0.439548 0.237594
v -0.667579 -0.448498 0.183834
v -0.038509 0.980660 -0.095892
v -0.022215 0.976612 -0.050258
v -0.339008 -0.171947 -0.446901
v -0.309096 -0.133593 -0.435652
v 0.305399 0.763916 0.219798
v -0.526511 -0.988315 -0.369066
v 0.099779 -0.362411 0.344631
v 0.108366 -0.353089 0.322128
v 0.040393 0.293642 -0.382681
v -0.042857 0.756556 -0.436516
v -0.038525 0.735976 -0.436718
v -0.863258 -0.842854 -0.033327
v -0.851479 -0.798874 -0.038167
v 0.857959 -0.755583 0.295047
v 0.585356 -0.560886 0.260613
v 0.391522 -0.889083 -0.390728
v 0.243308 0.794726 0.220004
v 0.262474 0.779658 0.250377
v 0.406876 -0.827875 -0.456818
v 0.380068 -0.816257 -0.491760
v 0.178111 -0.873854 0.188308
v -0.127108 0.861757 -0.387501
v -0.130686 0.822609 -0.388882
v -0.095120 0.971482 -0.267812
v -0.110767 -0.823411 0.499266
v -0.151889 -0.834482 0.458560
v -0.082231 -0.831389 0.471767
v 0.380139 0.726547 0.023231
v 0.393116 0.705127 0.002562
v 0.720700 -0.546917 -0.115060
v 0.739638 -0.609152 -0.114359
v 0.389203 -0.915582 -0.020599
v -0.147207 0.800134 -0.377249
v -0.126226 0.797934 -0.384458
v -0.403137 0.232635 0.095334
v 0.239932 0.407244 -0.295097
v -0.040661 -0.108657 -0.451567
v 0.839182 -0.884366 0.008702
v 0.871186 -0.866723 0.028005
v -0.896262 -0.814329 0.279823
v -0.715835 -0.656868 0.172903
v 0.909497 -0.748917 0.099674
v 0.311920 0.544110 -0.333268
v 0.320528 0.542394 -0.339923
v 0.704275 -0.899780 -0.068804
v 0.690722 -0.919088 -0.084426
v 0.161476 -0.345199 -0.536723
v 0.176361 -0.445426 -0.505937
v 0.159509 -0.440625 -0.534526
v 0.035833 0.972346 -0.240553
v 0.090826 0.960588 -0.248557
v -0.665801 -0.901728 -0.216188
v 0.351769 0.678515 -0.096867
v 0.147082 0.823636 0.266653
v -0.758482 -0.644000 0.184130
v -0.703245 -0.827495 0.272013
v 0.814138 -0.762059 0.293705
v -0.789457 -0.758072 0.299530
v -0.789138 -0.763965 0.294563
v -0.803772 -0.628882 0.160350
v -0.087783 -0.923274 -0.040773
v -0.400827 -0.373085 0.323112
v 0.002117 -0.959050 -0.236515
v 0.036061 -0.948381 -0.168930
v 0.381389 -0.443172 0.363366
v 0.205250 0.462821 -0.408552
v 0.237024 0.487127 -0.423235
v 0.585880 -0.674221 -0.348437
v 0.503743 -0.785834 0.484968
v 0.083736 0.895763 0.204233
v 0.113251 0.907607 0.173622
v 0.065577 -0.767504 0.550373
v 0.064105 -0.760153 0.540046
v 0.099362 -0.763913 0.539609
v 0.631897 -0.782373 -0.099710
v 0.119822 0.279656 -0.336634
v 0.132991 0.246488 -0.311122
v -0.588937 -0.282941 -0.329695
v -0.563775 -0.286860 -0.352398
v -0.853122 -0.814027 0.261253
v 0.968741 -0.783284 0.114768
v 0.190418 0.758581 -0.412227
v 0.398800 0.630019 -0.160160
v -0.079204 0.626965 -0.452440
v -0.063170 0.595126 -0.470468
v -0.686545 -0.413104 -0.298838
v -0.707558 -0.407187 -0.242640
v -0.359708 -0.888971 -0.473595
v -0.250012 -0.898579 -0.492326
v 0.169934 -0.458544 0.400015
v 0.186730 -0.480182 0.417310
v -0.170564 0.833200 -0.367969
v 0.354051 -0.490764 -0.426142
v 0.378542 -0.504420 -0.418399
v -0.399044 -0.315714 0.213037
v -0.368746 -0.329884 0.221013
v -0.373516 -0.303261 0.196284
v 0.115477 0.259305 0.347576
v 0.182984 0.788494 0.308820
v -0.856076 -0.806801 0.293129
v -0.418531 0.568710 -0.156867
v 0.083486 -0.445361 0.396478
v 0.644136 -0.650623 -0.317786
v 0.931751 -0.665429 0.165615
v 0.944780 -0.702600 0.108541
v 0.151101 0.522807 0.315377
v 0.144786 0.452456 0.317123
v 0.202728 0.793925 0.260429
v 0.159344 0.803853 0.314332
v 0.202368 0.789167 0.297404
v 0.260960 0.898368 -0.162731
v 0.273673 0.876451 -0.208375
v -0.697212 -0.783438 -0.173885
v 0.284571 -0.969547 -0.495506
v 0.319844 -0.939527 -0.508652
v 0.327508 -0.974642 -0.497728
v -0.732390 -0.416158 -0.186580
v -0.761965 -0.480515 -0.152244
v -0.053256 -0.139000 0.363665
v -0.026799 0.977360 -0.004701
v -0.314938 -0.988324 -0.411811
v -0.585483 -0.867514 0.274242
v -0.567521 -0.883356 0.202517
v 0.262181 0.828443 -0.022023
v -0.417646 0.662446 0.109018
v -0.434291 0.681215 0.077677
v 0.734039 -0.870810 -0.060043
v 0.747864 -0.847639 -0.051686
v -0.051786 0.062104 -0.344898
v -0.250381 -0.137113 -0.463034
v -0.141684 0.056928 -0.395213
v -0.131786 0.039229 -0.343605
v -0.130471 0.031523 -0.380203
v -0.539008 -0.706462 -0.380270
v -0.138538 -0.279991 -0.481088
v 0.139213 -0.637195 -0.519318
v -0.382458 0.008834 0.091602
v -0.373269 -0.008543 0.102083
v -0.435755 -0.889108 -0.472436
v 0.273390 0.088245 -0.261692
v 0.317935 0.077066 -0.241408
v -0.288297 -0.144552 0.274068
v 0.092260 0.892286 -0.222401
v -0.822654 -0.678486 0.189091
v -0.081410 0.865299 0.297782
v -0.176627 0.159241 -0.278630
v -0.150045 0.156201 -0.295199
v -0.047140 0.196451 -0.365669
v -0.505694 -0.337763 -0.371982
v 0.293796 0.557637 -0.341296
v 0.313603 0.575595 -0.319819
v -0.428292 0.556791 -0.100962
v -0.418255 0.545109 -0.142358
v -0.038450 0.975901 -0.139073
v 0.219689 -0.003721 0.273854
v 0.250872 0.021665 0.241340
v -0.836298 -0.828736 -0.110398
v -0.069660 0.409556 -0.451236
v -0.417956 -0.790377 -0.486723
v -0.392757 -0.758061 -0.510090
v -0.406705 0.331481 0.107712
v -0.417168 0.297849 0.052248
v -0.338253 0.835620 -0.121980
v -0.794061 -0.715603 -0.041474
v -0.809552 -0.739055 -0.033062
v 0.318656 0.304061 0.153009
v 0.333266 0.408822 0.142795
v 0.329295 -0.839968 -0.484908
v 0.371305 -0.840085 -0.468425
v 0.020216 0.972172 0.044689
v 0.403444 0.069338 -0.095667
v 0.060392 0.433547 -0.468975
v -0.046553 -0.034826 -0.445109
v -0.013982 -0.020239 -0.426472
v -0.205995 0.034739 0.347534
v -0.245455 -0.013566 0.329778
v -0.362641 -0.172353 0.172284
v -0.343064 -0.228166 0.182089
v -0.217516 -0.532059 0.430486
v -0.408067 0.418534 0.123937
v -0.421308 0.496366 0.089591
v 0.671606 -0.443950 -0.146985
v -0.390497 0.097247 -0.191332
v -0.158702 -0.922402 -0.020544
v -0.087907 -0.754894 -0.576869
v -0.071404 -0.696746 -0.571352
v -0.047768 -0.747604 -0.574073
v -0.021000 0.904302 -0.319825
v -0.781387 -0.536775 0.196806
v -0.768751 -0.508261 0.186098
v -0.353025 -0.989438 -0.404147
v -0.355442 -0.994127 -0.417785
v 0.272110 0.035471 0.202921
v 0.457509 -0.882603 0.167675
v 0.481409 -0.887764 0.118110
v -0.098016 -0.194435 0.364451
v 0.688884 -0.817368 -0.305481
v 0.689130 -0.832448 -0.331939
v 0.289983 0.510201 -0.347636
v 0.265651 0.492645 -0.370408
v 0.288203 0.510599 -0.394711
v 0.327758 0.207417 0.034067
v 0.255881 -0.854874 -0.428118
v 0.658797 -0.857889 0.228099
v 0.644395 -0.877076 0.197038
v -0.586513 -0.825910 -0.361691
v -0.640063 -0.805645 -0.323304
v -0.182682 -0.353582 0.385947
v 0.036650 -0.503088 -0.502505
v 0.433051 -0.210111 -0.351001
v 0.419646 -0.153340 -0.350821
v 0.221562 0.310357 0.282485
v 0.242587 0.240033 0.264712
v 0.263771 0.391406 0.247899
v -0.876587 -0.663895 0.075228
v -0.848652 -0.620509 0.037137
v 0.639678 -0.833748 -0.291232
v 0.643218 -0.794553 -0.276889
v 0.617351 -0.712823 -0.298579
v -0.867945 -0.842883 0.239171
v 0.690944 -0.686228 -0.150853
v 0.701712 -0.681026 -0.129283
v 0.717138 -0.710184 -0.135529
v -0.253929 0.906906 0.025228
v -0.381477 0.506114 0.187261
v 0.694962 -0.277941 -0.042203
v 0.668636 -0.226868 -0.034534
v 0.360213 -0.867493 -0.381981
v 0.375236 -0.884021 -0.374232
v 0.031421 0.548975 -0.474738
v -0.064721 0.314093 -0.403841
v -0.050622 0.291833 -0.418961
v 0.393890 -0.808977 -0.384233
v 0.393057 -0.835212 -0.402739
v 0.397470 -0.840961 -0.370348
v 0.239719 -0.036650 -0.350658
v 0.252969 0.005412 -0.317360
v -0.787259 -0.478079 -0.096081
v 0.082469 -0.341068 -0.513780
v 0.082247 -0.362698 -0.522828
v 0.064576 -0.370399 -0.486334
v 0.306762 -0.410908 -0.413003
v 0.347135 -0.441845 -0.416622
v 0.094480 -0.317625 0.335167
v 0.099502 -0.297527 0.347811
v -0.508219 -0.642849 0.448648
v -0.352963 -0.654562 -0.512903
v -0.315764 -0.664117 -0.512866
v -0.126712 0.417726 -0.428790
v -0.472856 -0.788482 -0.419919
v -0.469331 -0.841830 -0.399231
v 0.190955 0.116824 -0.282539
v -0.094516 0.216972 -0.328234
v 0.073994 0.501600 -0.491263
v 0.523261 -0.309936 -0.336466
v -0.248835 -0.721322 -0.513630
v 0.575621 -0.720034 0.424021
v 0.035567 0.994154 0.039837
v -0.015543 0.989173 0.024559
v 0.448624 -0.947164 -0.271976
v -0.545375 -0.363827 0.200086
v -0.091309 0.459703 0.365855
v 0.348697 0.486438 -0.139420
v 0.355288 0.447836 -0.075818
v -0.715718 -0.536097 -0.098136
v -0.089823 0.308668 0.372130
v -0.121492 0.249413 0.369762
v 0.491819 -0.141033 0.060607
v 0.204706 -0.956076 -0.453763
v -0.185191 -0.859944 0.277223
v -0.953219 -0.722837 0.156446
v -0.990712 -0.731822 0.134627
v 0.697511 -0.319485 -0.066357
v 0.723100 -0.335909 -0.028622
v -0.636745 -0.816789 0.294523
v -0.233609 0.735028 -0.343614
v 0.259335 -0.949777 -0.503663
v 0.270892 -0.911292 -0.508851
v 0.426873 -0.232085 0.103836
v 0.416931 -0.247721 0.138146
v 0.436318 -0.253919 0.119772
v -0.221225 0.666752 -0.420836
v -0.192958 0.640104 -0.424324
v 0.755699 -0.888379 -0.049616
v 0.762025 -0.841037 -0.041264
v 0.035470 0.036586 -0.363458
v 0.080922 0.043296 -0.363388
v -0.399668 -0.298251 0.199658
v -0.105630 -0.791308 0.551063
v -0.108986 -0.803899 0.532897
v -0.038716 -0.789763 0.550380
v -0.074029 -0.653332 -0.560403
v -0.914919 -0.789213 0.148150
v -0.918173 -0.837579 0.160176
v -0.915948 -0.839888 0.113582
v 0.128689 0.148700 -0.313528
v -0.295148 0.777897 0.251941
v -0.800602 -0.449620 0.147480
v 0.452657 -0.938825 -0.356287
v 0.474142 -0.922806 -0.345497
v 0.479171 -0.930969 -0.340580
v 0.745924 -0.601972 0.231850
v -0.180699 -0.991919 -0.453943
v -0.150250 -0.977511 -0.455563
v -0.190408 -0.058481 -0.440853
v 0.197698 -0.079821 0.249865
v -0.247521 0.795217 0.276280
v -0.206429 0.805718 0.304153
v -0.192195 0.821078 0.297771
v 0.236929 0.883190 -0.077669
v 0.483286 -0.138379 -0.301402
v -0.768114 -0.921291 -0.132421
v -0.716832 -0.925106 -0.183624
v -0.125532 0.883428 0.215641
v -0.124343 0.865519 0.249006
v -0.672297 -0.849983 0.294724
v -0.700994 -0.805259 0.272882
v -0.729101 -0.815367 0.260299
v -0.856771 -0.798439 0.258466
v 0.847963 -0.533600 0.093018
v -0.228990 -0.993266 -0.454665
v -0.840550 -0.637646 0.019202
v 0.040442 0.556781 -0.422862
v 0.058961 0.541919 -0.440456
v 0.190872 -0.251949 -0.458422
v 0.186270 -0.315469 -0.473489
v 0.006034 0.883141 -0.420026
v 0.407244 0.632670 -0.094992
v -0.201524 -0.036558 -0.390372
v 0.679351 -0.852112 0.184962
v 0.677691 -0.864553 0.190150
v -0.091002 0.956005 0.107101
v 0.385978 0.723373 0.043958
v -0.944407 -0.666233 0.089952
v -0.793164 -0.851369 -0.176340
v -0.806364 -0.840977 -0.159578
v -0.558702 -0.789945 -0.373740
v -0.528670 -0.754038 -0.390082
v -0.494156 -0.778704 -0.407117
v 0.404679 -0.647335 0.446782
v 0.440729 -0.624708 0.439752
v 0.358085 -0.813128 0.467336
v 0.363101 0.552909 -0.233148
v 0.052704 -0.315581 -0.473371
v 0.027959 -0.354230 -0.472164
v -0.896915 -0.720674 0.266104
v -0.876374 -0.698132 0.255727
v -0.853903 -0.701174 0.263034
v -0.327920 0.248976 0.258141
v -0.349393 0.293931 0.233483
v 0.109687 -0.376584 -0.535693
v -0.106996 -0.700134 0.570264
v -0.142673 -0.731717 0.559797
v -0.292838 -0.103016 0.273328
v -0.322702 -0.090132 0.241748
v -0.308101 -0.117182 0.247590
v -0.171262 -0.966175 -0.237860
v 0.321558 -0.560613 0.436925
v 0.344751 -0.554213 0.425840
v 0.153944 0.079803 -0.331352
v 0.137493 0.098921 -0.315206
v 0.276271 -0.862835 0.260869
v 0.332758 -0.855287 0.319716
v 0.296015 0.179803 -0.087120
v 0.312110 0.169073 -0.072496
v 0.515491 -0.161636 -0.258731
v 0.536182 -0.250464 -0.283279
v -0.172456 -0.089918 0.319258
v 0.479495 -0.836731 -0.336975
v 0.366073 0.510131 -0.091899
v -0.293142 0.475674 0.271389
v -0.279857 0.389430 0.290289
v -0.325435 0.499294 -0.369092
v -0.297062 0.475203 -0.359862
v -0.708381 -0.333390 0.092046
v -0.700649 -0.315381 0.076855
v -0.115995 0.918237 -0.241722
v -0.105452 0.927222 -0.262249
v -0.825157 -0.759618 -0.018800
v -0.824892 -0.797716 -0.017966
v -0.107309 -0.313878 -0.480531
v -0.079149 -0.288828 0.370897
v 0.001593 0.895351 0.315723
v 0.061088 0.880545 0.278196
v 0.346769 0.634548 -0.173003
v 0.657893 -0.883379 -0.198661
v 0.649896 -0.894655 -0.205613
v 0.359417 0.534657 0.106001
v -0.312300 -0.513931 0.382092
v -0.305371 -0.464610 0.358733
v 0.257267 0.091932 0.232147
v 0.221161 0.031667 0.278476
v -0.639477 -0.510920 0.265869
v 0.435122 -0.902865 -0.312436
v 0.350071 -0.948199 -0.215808
v -0.970724 -0.697140 0.135097
v -0.963830 -0.700129 0.167772
v 0.201187 0.440347 0.295235
v 0.508674 -0.811785 0.443234
v 0.350854 0.380274 0.080790
v 0.003117 0.749101 0.361356
v -0.093017 0.770495 0.365362
v -0.535639 -0.962912 -0.330475
v -0.599945 -0.951134 -0.295645
v -0.140693 0.921903 0.164919
v 0.332699 -0.723534 -0.445324
v 0.368936 -0.771361 -0.403998
v 0.386638 0.579593 -0.041743
v 0.404352 0.600923 -0.044731
v -0.599005 -0.653534 0.312826
v 0.011983 0.074398 -0.349552
v 0.038386 0.083723 -0.337031
v -0.286234 -0.993122 -0.429114
v -0.122722 -0.991872 -0.520101
v 0.039058 0.990843 0.027506
v -0.117216 -0.089329 -0.439021
v -0.094211 -0.938421 -0.123062
v -0.036581 -0.941976 -0.136276
v -0.404271 0.381919 -0.093416
v 0.569077 -0.777272 -0.148620
v 0.609171 -0.782212 -0.114895
v -0.697810 -0.708210 -0.064736
v 0.204167 -0.270646 0.299280
v 0.258707 -0.275029 0.272453
v -0.702610 -0.839953 -0.043939
v -0.690100 -0.787129 -0.067379
v -0.673178 -0.849215 -0.088369
v -0.440526 0.719230 -0.034834
v -0.417116 0.705904 -0.108420
v -0.001632 -0.483376 -0.509302
v 0.643585 -0.861278 -0.068788
v -0.054350 0.416958 -0.471518
v 0.120687 0.781710 0.352323
v -0.610601 -0.128964 -0.076197
v -0.631595 -0.157338 -0.065262
v -0.254692 0.032984 -0.336213
v -0.236206 0.040930 -0.365445
v -0.240036 0.036878 -0.333407
v -0.405905 0.648653 0.143058
v -0.419695 0.641470 0.113274
v -0.298595 0.289388 -0.255063
v -0.287070 0.210407 -0.230154
v -0.311023 -0.361107 -0.511156
v -0.321109 -0.308341 -0.495441
v -0.293014 -0.279714 -0.472532
v 0.506657 -0.743945 -0.327900
v 0.479151 -0.704058 -0.321118
v -0.295262 -0.560878 -0.499743
v -0.281329 -0.547731 -0.485897
v -0.908430 -0.740024 0.091056
v -0.905081 -0.768313 0.115417
v -0.903343 -0.807432 0.061220
v -0.243525 0.184903 -0.244883
v -0.819306 -0.624596 -0.116023
v -0.376668 0.660555 0.190362
v -0.360471 0.540040 0.216767
v -0.198570 0.802242 -0.298086
v 0.367862 -0.925967 -0.088880
v 0.348728 -0.911211 0.000664
v -0.639161 -0.967805 -0.316899
v -0.614569 -0.958174 -0.319418
v 0.051940 -0.801397 0.554520
v 0.083162 -0.800042 0.550462
v 0.392349 0.690948 0.076569
v 0.383630 0.693733 0.108346
v -0.091226 -0.083136 -0.439393
v -0.047262 -0.062984 -0.455082
v -0.063011 -0.338039 0.420138
v -0.516564 -0.068336 -0.277162
v -0.178601 0.931265 0.074555
v -0.291909 -0.856456 0.284828
v 0.445370 -0.884944 -0.382359
v 0.104874 -0.974095 -0.477995
v 0.106617 -0.988373 -0.500251
v 0.210973 -0.912196 -0.426775
v 0.261581 -0.934483 -0.396380
v -0.176402 0.143417 -0.304861
v -0.207086 0.113034 -0.297733
v -0.005188 0.975512 0.002980
v -0.358870 0.831501 -0.076001
v -0.366194 0.810149 -0.118432
v -0.117223 -0.009741 -0.375291
v -0.094214 0.011300 -0.371179
v -0.135555 0.001913 -0.393992
v -0.133162 0.012331 -0.401248
v -0.018172 -0.339112 -0.476348
v -0.542620 -0.960737 -0.214258
v 0.083832 0.948233 -0.260400
v 0.091168 0.943144 -0.278284
v -0.027569 0.535917 -0.498181
v 0.437782 -0.261949 0.154088
v 0.408701 -0.246404 0.190946
v 0.405261 -0.267322 0.200477
v 0.343293 0.777696 -0.164070
v 0.349940 0.749210 -0.156342
v 0.244047 0.838485 -0.010531
v 0.262231 0.833952 0.013996
v 0.053228 -0.383841 0.378492
v 0.091156 -0.408042 0.366138
v -0.933942 -0.737157 0.045420
v -0.959936 -0.779356 0.080624
v -0.172149 -0.192023 0.332778
v 0.366517 0.617141 -0.158908
v -0.383047 -0.178486 -0.432741
v -0.444192 -0.175413 -0.405891
v 0.623290 -0.823358 0.322059
v 0.651492 -0.830084 0.301748
v -0.737062 -0.658324 0.114056
v 0.185198 0.342095 -0.329044
v 0.744495 -0.345364 0.086490
v -0.741537 -0.793321 -0.226457
v 0.211142 0.866882 -0.244208
v 0.238466 0.874559 -0.243869
v 0.576900 -0.183618 -0.147194
v 0.414407 0.651492 0.028981
v -0.755284 -0.772546 -0.211484
v -0.421513 -0.100870 0.128525
v -0.193119 -0.091136 0.306890
v 0.095924 -0.332649 0.307031
v 0.119112 -0.333996 0.308138
v 0.119257 -0.321146 0.308005
v -0.339725 -0.100740 -0.416755
v 0.002632 0.820619 -0.424099
v 0.152484 0.060012 -0.370619
v 0.144684 0.077967 -0.351633
v 0.844864 -0.743333 -0.047437
v 0.670104 -0.656493 -0.224768
v 0.310428 0.524840 -0.313054
v -0.918845 -0.801927 0.218187
v -0.914031 -0.814471 0.219595
v -0.636851 -0.864854 -0.224064
v 0.822986 -0.572729 0.244390
v 0.291387 0.697645 -0.288333
v 0.145605 0.758272 0.329249
v 0.153419 0.781408 0.344853
v -0.102637 0.653460 -0.413930
v -0.092892 0.635736 -0.438213
v -0.102020 0.616555 -0.426678
v 0.039872 -0.343473 0.365074
v -0.327475 0.603876 -0.337770
v -0.086953 0.814737 0.374499
v -0.025026 0.824701 0.381108
v 0.265008 -0.967532 -0.299769
v 0.251673 -0.970738 -0.346978
v -0.231665 -0.370483 -0.453848
v -0.863810 -0.757489 -0.071963
v 0.337704 0.737671 -0.074826
v 0.356220 0.709402 -0.070432
v -0.080338 0.770725 -0.418175
v -0.062264 0.807074 -0.417446
v -0.199003 0.765316 -0.311783
v 0.547796 -0.310926 -0.312682
v -0.756941 -0.851698 0.213366
v 0.409888 -0.484283 -0.377183
v -0.051076 0.943687 0.127794
v -0.134338 0.830630 0.342661
v -0.169917 0.816842 0.341443
v 0.032866 -0.757105 -0.544270
v 0.046540 -0.733926 -0.535469
v 0.086830 -0.791941 -0.537409
v 0.380943 -0.325261 0.267136
v -0.406830 0.316806 -0.047449
v -0.147772 0.909910 -0.217040
v 0.207867 0.531353 -0.437485
v 0.226252 0.558507 -0.412776
v 0.238538 0.552652 -0.419062
v -0.149894 -0.791475 0.539603
v -0.165507 -0.792466 0.531164
v 0.178953 0.572187 -0.406094
v -0.952518 -0.801813 0.092618
v -0.723483 -0.267075 -0.000073
v -0.700356 -0.234962 -0.037244
v -0.752755 -0.770814 -0.125081
v 0.756244 -0.407970 0.157086
v 0.705391 -0.342009 0.114983
v -0.855864 -0.813829 -0.088045
v -0.397991 0.707326 -0.150489
v -0.056897 0.632596 -0.464081
v -0.061926 0.681800 -0.449264
v -0.042620 0.688898 -0.448858
v 0.251368 -0.943413 -0.175070
v -0.314846 -0.656964 0.475576
v -0.301955 -0.722142 0.493355
v 0.062138 0.837932 0.350911
v -0.256885 0.891695 -0.092454
v -0.312365 0.224646 -0.207503
v 0.272017 -0.449692 0.406109
v 0.216850 -0.416346 0.393271
v -0.212326 0.822113 -0.319218
v 0.035657 0.119290 -0.345461
v -0.399188 -0.431071 0.362765
v 0.338776 0.078683 -0.035898
v -0.023554 0.895522 0.320611
v 0.028069 0.865318 0.335582
v -0.417317 -0.988987 -0.311139
v -0.341734 -0.987895 -0.329644
v -0.357124 -0.976101 -0.250926
v 0.222587 0.184939 -0.208762
v 0.247429 0.158803 -0.188041
v 0.232732 0.167788 -0.206199
v -0.135352 0.390892 0.361624
v 0.621919 -0.153469 -0.052547
v 0.624133 -0.153890 -0.032362
v 0.912188 -0.773454 0.086930
v -0.670735 -0.826633 0.282523
v -0.645923 -0.850082 0.287434
v 0.192574 0.023105 -0.339816
v 0.222302 0.005170 -0.317758
v 0.355943 0.746314 0.000739
v -0.222327 0.798356 -0.314096
v 0.205883 -0.005652 0.286168
v 0.212061 -0.017198 0.289805
v 0.234695 -0.005753 0.261333
v -0.344848 -0.982662 -0.381934
v -0.288013 -0.992609 -0.364030
v -0.213441 0.280942 0.337395
v -0.235567 0.139808 0.333359
v -0.126537 0.907167 -0.310314
v -0.106676 0.915303 -0.312565
v -0.347546 -0.017120 0.197092
v -0.333460 -0.056044 0.182229
v -0.904280 -0.836356 0.077715
v 0.459551 -0.941680 -0.293104
v -0.281863 -0.802651 0.502230
v 0.654766 -0.486894 -0.166621
v 0.679927 -0.523473 -0.142863
v -0.119861 0.810229 -0.404394
v -0.749270 -0.469006 0.169582
v -0.382709 0.184991 0.138249
v 0.059483 0.195901 -0.319857
v -0.966448 -0.817940 0.107479
v 0.128088 0.913988 -0.128198
v -0.717488 -0.595107 0.229472
v -0.714498 -0.544859 0.210309
v 0.115914 -0.774133 0.540039
v 0.106218 -0.769693 0.536657
v 0.137376 -0.768860 0.534242
v -0.646912 -0.667543 -0.334255
v -0.249627 0.807036 -0.284076
v -0.249487 0.798898 -0.258900
v 0.088713 -0.113595 -0.434727
v 0.107308 -0.140171 -0.452243
v 0.073665 -0.178456 -0.445331
v 0.217696 0.688747 0.287565
v -0.167524 -0.374513 0.431072
v -0.145103 0.791524 -0.357648
v -0.109857 0.797048 0.362483
v -0.000960 0.916329 -0.083444
v 0.464004 -0.442240 0.337391
v 0.401368 -0.413943 0.347088
v 0.432886 -0.459007 0.358470
v 0.258578 -0.560856 0.456536
v 0.622321 -0.727824 -0.309860
v -0.409311 -0.149868 0.154072
v -0.056545 0.881406 -0.419966
v 0.155594 0.852970 -0.413885
v -0.688301 -0.937105 -0.057839
v -0.597775 -0.944191 -0.074413
v -0.381892 -0.154084 0.157227
v -0.371013 -0.095270 0.146909
v -0.934269 -0.784813 0.234149
v -0.345240 0.079206 0.239790
v -0.330488 0.144754 0.257435
v -0.686513 -0.875908 -0.063290
v 0.064603 -0.539232 0.462716
v -0.034121 0.597862 -0.477761
v -0.011081 0.552204 -0.494189
v 0.178917 0.207927 0.318680
v 0.327962 -0.383197 0.350361
v 0.359220 0.530153 -0.153556
v -0.557202 -0.107895 -0.264383
v -0.383801 -0.469400 -0.490674
v -0.366181 -0.507599 -0.516740
v -0.398037 -0.531941 -0.479631
v 0.143550 -0.947470 -0.179471
v -0.739828 -0.750342 0.241595
v -0.729032 -0.766084 0.214195
v -0.120264 -0.391992 0.464901
v -0.731174 -0.820130 -0.239835
v -0.686536 -0.904859 -0.272343
v -0.481138 -0.751393 -0.418857
v 0.214207 -0.071419 0.240034
v 0.250901 -0.087248 0.213341
v -0.745779 -0.563757 -0.092757
v -0.750805 -0.581879 -0.075015
v -0.751721 -0.580698 -0.091766
v 0.051483 0.889996 -0.123650
v 0.041636 0.908404 -0.101704
v -0.076603 0.942847 -0.183425
v -0.087540 0.946457 -0.242461
v -0.086595 0.931956 -0.216914
v 0.146662 -0.106553 -0.468180
v 0.534904 -0.938406 -0.133402
v 0.491406 -0.934178 -0.092911
v 0.127321 -0.137376 0.326828
v 0.416328 -0.884750 -0.337862
v 0.668216 -0.836182 0.260131
v 0.401374 -0.350765 0.297200
v -0.079653 -0.953246 -0.205940
v -0.410359 0.106621 -0.127162
v 0.400673 -0.951927 -0.334030
v 0.430164 -0.284576 0.176982
v 0.444719 -0.292844 0.159935
v 0.539391 -0.112512 -0.137978
v 0.513450 -0.085122 -0.168851
v 0.525072 -0.084568 -0.124932
v -0.114041 -0.974899 -0.443396
v -0.097235 -0.976992 -0.420651
v -0.082254 0.966357 -0.153666
v -0.058068 0.980914 -0.124756
v -0.300616 0.755349 0.268574
v -0.521927 -0.963453 -0.268102
v -0.331840 -0.961627 -0.180860
v 0.728884 -0.505072 -0.097161
v 0.763296 -0.459096 -0.042338
v 0.761226 -0.553145 -0.095367
v -0.126534 0.601845 -0.422658
v 0.155615 0.498447 -0.470208
v 0.525377 -0.937812 -0.179345
v -0.338800 0.665349 0.233777
v -0.334683 0.566009 0.241812
v 0.116948 0.922059 -0.305859
v 0.686292 -0.860465 -0.127527
v -0.867711 -0.692538 -0.053572
v -0.801783 -0.610454 0.142069
v 0.643907 -0.826551 0.311892
v 0.434094 -0.333793 -0.339637
v 0.488417 -0.642220 -0.352390
v 0.485538 -0.600422 -0.347137
v -0.828780 -0.747583 -0.052954
v -0.824329 -0.755526 -0.070199
v -0.331934 0.430896 0.251930
v -0.312606 0.305315 0.268579
v -0.319918 0.478883 0.258081
v -0.053378 0.688347 0.361074
v 0.003399 0.694235 0.359533
v -0.001118 0.715012 0.360199
v -0.759979 -0.876072 -0.119443
v -0.374906 -0.802027 0.485973
v -0.343376 -0.799527 0.489730
v -0.346905 0.852072 -0.017107
v 0.012281 -0.238822 -0.446438
v -0.025713 0.835912 -0.430455
v -0.506036 0.009735 -0.196922
v -0.385155 -0.204718 0.172912
v -0.375477 0.404776 -0.171916
v -0.367806 0.495920 -0.229385
v -0.346297 0.334581 -0.202241
v -0.385125 0.237017 0.159675
v 0.131351 -0.411039 -0.543222
v 0.138835 -0.487322 -0.534858
v 0.300172 -0.871796 -0.522702
v 0.506752 -0.174363 0.065967
v -0.857738 -0.884208 -0.012510
v -0.262654 0.579931 -0.422864
v -0.252322 0.554293 -0.435041
v -0.278877 0.455853 -0.368657
v -0.025183 -0.275820 -0.424963
v -0.563617 -0.386722 -0.365803
v -0.447413 -0.684151 0.488892
v -0.102563 0.814164 -0.408779
v -0.101185 0.850670 -0.408302
v -0.381185 -0.904686 0.106250
v -0.659414 -0.941090 -0.096556
v 0.336345 0.409845 -0.124689
v 0.304420 0.369387 -0.178651
v 0.624073 -0.666530 -0.223247
v 0.632546 -0.701648 -0.144916
v 0.287994 0.844573 -0.247465
v 0.322668 0.805582 -0.200354
v 0.018065 0.715118 0.363777
v 0.368726 -0.157062 0.164292
v 0.369986 -0.178674 0.122963
v 0.145114 -0.170510 -0.486892
v -0.925361 -0.776894 0.187210
v -0.918870 -0.768839 0.229290
v -0.485152 -0.982206 -0.374651
v -0.494334 -0.961271 -0.368880
v -0.096475 0.842229 0.365876
v -0.515587 -0.855714 0.307415
v -0.389023 0.128913 -0.018635
v -0.088780 0.881676 0.270310
v 0.423334 -0.300602 0.238376
v 0.433015 -0.304721 0.201798
v 0.684970 -0.760522 -0.285881
v 0.123024 0.126737 -0.321470
v -0.033626 0.766498 -0.412830
v -0.018277 0.789892 -0.409757
v 0.621361 -0.755555 -0.284500
v 0.283326 0.805525 0.141279
v 0.560617 -0.093209 -0.087484
v -0.754125 -0.517445 -0.182807
v 0.206312 0.730871 -0.407463
v 0.090986 0.994336 0.024138
v 0.800088 -0.807329 -0.053638
v 0.767100 -0.808701 -0.063122
v -0.875847 -0.745981 -0.070545
v 0.441959 -0.903833 -0.349704
v -0.741475 -0.565126 -0.074541
v -0.047846 0.992267 -0.222486
v 0.033158 0.987132 -0.245996
v -0.395985 0.553937 -0.234511
v -0.350941 0.501616 -0.286360
v -0.373704 0.506617 -0.241606
v 0.120274 -0.757491 -0.527846
v -0.238611 -0.995096 -0.399351
v -0.027984 -0.209518 0.365456
v 0.064840 -0.236947 0.340704
v 0.551636 -0.862153 -0.323617
v 0.289554 0.008551 0.140145
v -0.720388 -0.459595 0.158214
v -0.311189 0.005736 -0.381986
v 0.048530 0.907852 0.237378
v 0.375869 0.562098 -0.107313
v -0.160512 -0.513037 0.471227
v 0.545376 -0.927025 -0.050423
v 0.169092 -0.541900 0.456226
v 0.699284 -0.287073 0.056136
v -0.020460 0.735077 0.369166
v 0.028691 0.738030 0.363126
v 0.241259 0.841625 -0.340816
v -0.419720 0.752026 0.050534
v 0.620248 -0.690925 -0.245063
v 0.045473 0.429447 0.364041
v 0.061479 0.357783 0.363503
v 0.210719 -0.854694 -0.454789
v -0.651152 -0.733980 -0.149442
v -0.179297 0.231263 -0.310547
v -0.021820 -0.537060 0.491231
v 0.014273 -0.570670 0.491143
v 0.015343 0.546991 -0.441243
v -0.018761 0.624492 0.363074
v 0.004155 0.491952 0.365722
v 0.393067 -0.901662 -0.469493
v -0.742490 -0.717983 0.181123
v -0.252305 -0.168824 -0.452403
v -0.265464 -0.217937 -0.436187
v 0.468659 -0.644311 -0.359069
v -0.249420 0.793331 0.290054
v 0.124114 -0.573709 0.475336
v 0.135199 -0.637539 0.512294
v 0.088596 -0.097413 0.319390
v 0.081448 0.807781 -0.386799
v 0.858838 -0.831802 -0.033481
v 0.885631 -0.808049 -0.016902
v 0.147310 -0.917627 -0.046385
v -0.275432 0.133545 -0.239216
v -0.268503 0.141704 -0.219891
v -0.230942 0.147179 -0.237422
v 0.615319 -0.416482 -0.244935
v 0.639691 -0.519583 -0.229285
v 0.630063 -0.894422 0.064317
v -0.369399 0.008413 0.149380
v -0.424936 0.017187 -0.015762
v 0.102266 -0.196433 0.324438
v -0.070446 -0.282803 -0.426912
v -0.035716 -0.301705 -0.425781
v 0.715541 -0.351761 -0.055060
v -0.140973 0.938643 -0.031435
v -0.144119 0.939200 0.001396
v -0.074953 -0.491192 -0.512312
v -0.397731 0.666238 -0.191916
v -0.425656 0.673207 -0.133335
v 0.430579 -0.013857 -0.255373
v 0.463261 -0.088157 -0.285922
v 0.878120 -0.732505 0.306178
v 0.329315 0.105864 -0.023923
v -0.856005 -0.585252 0.230195
v -0.801852 -0.569455 0.217438
v 0.200086 0.712462 0.294085
v -0.054575 0.808139 -0.427433
v -0.041223 0.800083 -0.436727
v -0.070017 0.992347 -0.200238
v -0.418141 -0.307789 0.260229
v -0.418880 -0.344930 0.291524
v -0.397089 -0.358025 0.278772
v 0.069710 0.388947 -0.427794
v -0.759018 -0.724946 0.199035
v -0.743710 -0.772959 0.249648
v -0.524126 -0.819500 -0.378274
v -0.491257 -0.807662 -0.396273
v 0.302273 0.439357 -0.218684
v 0.261276 0.826604 0.085585
v -0.010518 0.956010 -0.217252
v -0.744976 -0.770649 0.265610
v 0.444421 -0.016382 0.025770
v -0.510731 -0.845892 0.389297
v 0.047194 0.958425 0.055123
v 0.178841 0.866061 -0.231485
v 0.643038 -0.883160 -0.063980
v 0.031686 0.816333 -0.396610
v 0.025892 0.822190 -0.406521
v 0.047476 0.836858 -0.412079
v -0.207690 -0.932510 -0.504108
v 0.265404 0.175149 0.233404
v -0.566985 -0.020580 -0.048504
v -0.555837 -0.040951 0.015834
v 0.180296 0.954586 -0.029759
v 0.185169 0.959267 -0.047485
v 0.189165 0.945846 -0.035414
v 0.180227 0.954999 -0.059051
v 0.192341 0.948241 -0.067736
v 0.275583 -0.918222 -0.490452
v 0.301061 -0.908608 -0.497215
v 0.300074 -0.878478 -0.486484
v 0.036394 0.526327 -0.470729
v 0.072262 0.510728 -0.454360
v 0.035426 0.527021 -0.489814
v -0.786218 -0.800645 -0.158540
v -0.931148 -0.678649 0.205657
v -0.222378 -0.274008 -0.440506
v 0.273114 0.446504 -0.269455
v 0.437107 -0.424201 -0.338079
v -0.452218 -0.983883 -0.333369
v -0.495702 -0.973502 -0.252283
v 0.493201 -0.065562 -0.191562
v -0.199914 -0.480156 0.436148
v 0.418941 -0.846166 -0.354881
v 0.175519 -0.023952 0.318426
v -0.081698 -0.969635 -0.299598
v -0.080005 -0.981138 -0.388790
v 0.508373 -0.813880 0.473704
v -0.870180 -0.532820 0.008180
v -0.888724 -0.541428 0.054717
v 0.685274 -0.262224 0.049429
v -0.252161 -0.416565 -0.467401
v -0.282038 -0.482544 -0.489071
v -0.610740 -0.122031 -0.149051
v -0.585662 -0.099300 -0.212231
v -0.648067 -0.218205 -0.203457
v -0.289478 -0.351121 -0.495091
v -0.265636 -0.350509 -0.461313
v 0.033510 -0.978025 -0.426690
v -0.431690 0.718629 0.090428
v 0.345872 0.747648 -0.126982
v -0.425614 -0.856834 0.292929
v -0.138117 0.030112 -0.368978
v 0.217888 -0.083407 -0.444008
v -0.621082 -0.626404 -0.351970
v -0.092138 0.954950 0.124516
v -0.063142 0.944391 0.173167
v -0.960711 -0.739079 0.054807
v -0.961273 -0.730222 0.089972
v -0.177869 0.025836 -0.390095
v -0.160408 0.027114 -0.403175
v 0.013352 -0.984207 -0.527046
v -0.055171 0.091976 -0.328376
v -0.066178 0.106522 -0.329423
v -0.030743 0.110541 -0.343376
v 0.047446 0.562482 -0.440652
v -0.421221 0.020786 -0.272900
v -0.478823 -0.018208 -0.281847
v -0.346958 0.855445 0.023624
v -0.346298 0.843553 0.060343
v 0.024455 0.370563 -0.435157
v -0.105194 0.744564 -0.414835
v -0.108107 0.777678 -0.405435
v -0.329131 0.398625 -0.255321
v -0.073065 0.715234 0.367383
v -0.429731 0.624040 0.075652
v -0.411714 0.636192 0.126677
v 0.730073 -0.658391 -0.116255
v -0.102495 0.676796 -0.417410
v -0.092346 0.672986 -0.432452
v -0.212404 0.836513 -0.289161
v -0.295241 0.659569 -0.384270
v -0.318135 0.663843 -0.318056
v -0.074921 0.030702 -0.388168
v -0.347073 0.489020 -0.265161
v 0.746799 -0.404255 -0.042991
v 0.771323 -0.452952 -0.015010
v -0.687313 -0.888550 0.177963
v 0.258299 0.150575 -0.178810
v -0.271019 -0.833186 -0.492734
v -0.003263 0.895156 -0.145519
v 0.213262 0.914238 0.053177
v -0.081259 0.981278 -0.030344
v 0.239473 -0.613232 0.487017
v -0.151003 -0.549505 0.484357
v -0.142695 0.726212 0.354889
v 0.582588 -0.897973 0.068627
v -0.385962 0.276384 0.136058
v -0.367897 -0.223993 -0.446758
v -0.436448 -0.206876 -0.406471
v -0.637622 -0.842839 0.318298
v -0.681794 -0.611152 -0.101745
v 0.498725 -0.744015 -0.260350
v -0.235766 -0.451254 0.393709
v 0.380801 -0.722293 -0.403942
v 0.132646 0.976458 -0.028105
v 0.580308 -0.595540 0.344046
v -0.245279 -0.184196 0.286933
v -0.223526 -0.192614 0.264040
v 0.361712 0.716641 0.139067
v 0.366515 0.709704 0.155812
v -0.735692 -0.570602 -0.074223
v -0.736021 -0.615731 -0.068330
v -0.152230 0.534120 -0.438035
v -0.129977 0.540719 -0.417945
v 0.174876 -0.357359 -0.509560
v 0.400080 -0.520236 -0.414105
v 0.384352 -0.585565 -0.439131
v 0.413142 -0.846452 -0.410776
v -0.305956 -0.261773 0.227650
v 0.197212 0.713488 -0.372374
v 0.193671 0.711730 -0.396923
v 0.377874 0.676080 0.114168
v -0.877196 -0.720921 0.257993
v 0.831830 -0.499466 0.161804
v -0.284644 0.090103 -0.260725
v -0.277727 0.114651 -0.248893
v -0.251531 0.102316 -0.277475
v 0.090711 0.888677 -0.391544
v 0.054826 0.895382 -0.372008
v 0.107647 0.893694 -0.386696
v 0.272251 -0.018166 0.175991
v 0.259950 -0.062285 0.188896
v -0.480311 -0.974856 -0.407465
v -0.454885 -0.990566 -0.419214
v 0.534525 -0.928867 -0.341243
v 0.521149 -0.952666 -0.357155
v 0.311945 0.506435 -0.249338
v 0.392564 0.017925 -0.002809
v 0.577483 -0.145724 0.036950
v -0.375665 0.542813 -0.305796
v -0.357741 0.516880 -0.313456
v 0.010534 0.933168 -0.060261
v -0.797448 -0.740350 0.288873
v -0.402860 -0.782302 0.485435
v -0.361946 0.580954 -0.340606
v -0.337414 0.576651 -0.394792
v -0.810518 -0.817704 0.299896
v -0.476114 -0.357249 0.258841
v -0.488240 -0.323813 0.217762
v -0.213925 0.431069 -0.394688
v -0.172759 0.407128 -0.399168
v -0.009469 -0.595793 -0.531353
v -0.190806 -0.731838 0.527606
v -0.159954 -0.777920 0.548018
v -0.615782 -0.324529 -0.325564
v -0.313007 -0.421016 -0.518002
v -0.095946 0.886642 -0.408031
v -0.685946 -0.895002 -0.207803
v 0.081320 0.975841 0.016785
v 0.665333 -0.739304 0.310163
v 0.506253 -0.853468 -0.331440
v 0.006952 0.978192 -0.218504
v 0.092088 -0.296171 0.301253
v -0.183103 0.663838 -0.419708
v -0.145550 -0.978596 -0.325300
v 0.554615 -0.482942 -0.327788
v 0.090927 0.809946 0.355495
v -0.078236 0.579440 0.362902
v -0.029948 0.471029 0.367962
v -0.496485 -0.258519 0.203096
v -0.297819 -0.133792 0.203487
v 0.384078 0.594358 -0.246930
v -0.372113 0.294648 0.194310
v -0.263989 0.188469 0.315379
v -0.256651 0.884584 0.121536
v -0.880107 -0.880210 0.020015
v 0.133321 0.990282 0.005439
v 0.174873 0.968304 -0.048874
v 0.403508 0.653455 -0.067778
v -0.701210 -0.521242 0.208805
v 0.349032 -0.522475 0.402232
v 0.246111 -0.103929 0.206450
v -0.457441 -0.305489 0.262882
v -0.423007 -0.285729 0.244688
v 0.422617 -0.894448 -0.363748
v -0.254109 -0.148137 0.292149
v -0.440761 -0.548705 0.484369
v -0.443834 -0.589690 0.504925
v -0.396901 -0.587368 0.506355
v 0.285004 -0.836072 -0.474266
v 0.292831 -0.860145 -0.494113
v 0.188686 0.938690 -0.061487
v 0.326388 0.529180 -0.263914
v 0.334736 0.516973 -0.216578
v -0.593159 -0.255067 -0.310163
v 0.671793 -0.917210 -0.326373
v -0.089893 0.747855 0.362976
v -0.968593 -0.780556 0.142053
v -0.353340 0.812571 0.106447
v -0.232299 -0.324311 0.306948
v 0.445208 -0.782631 -0.339808
v 0.457846 -0.737848 -0.330660
v 0.740940 -0.335444 0.054014
v -0.288537 -0.936859 -0.078006
v 0.219835 -0.778549 0.513014
v 0.242142 -0.788308 0.504864
v 0.208182 -0.802529 0.523744
v -0.893619 -0.738095 0.288908
v -0.639906 -0.910344 -0.212788
v 0.455625 -0.722547 -0.320099
v -0.633133 -0.761093 -0.330766
v -0.426812 0.744961 0.038332
v -0.439709 0.723538 0.026542
v -0.437270 0.723071 0.049420
v -0.650743 -0.690790 -0.187089
v -0.911321 -0.847926 0.102662
v 0.041745 0.620319 -0.417793
v 0.613761 -0.364597 -0.228365
v -0.299000 0.069013 -0.295293
v -0.853082 -0.904660 -0.036020
v -0.852681 -0.916818 -0.029718
v -0.850505 -0.916667 -0.047341
v -0.111761 0.898486 -0.390079
v -0.420557 -0.627898 -0.481333
v 0.464599 -0.505644 -0.333595
v 0.493066 -0.494546 -0.320090
v -0.440583 0.700315 -0.067169
v -0.442863 0.657029 -0.055180
v -0.852004 -0.797343 0.268136
v 0.054005 -0.044410 -0.433006
v 0.076107 -0.085647 -0.426717
v 0.608253 -0.840622 -0.094759
v -0.255172 0.750953 -0.268903
v -0.135132 -0.896932 0.083728
v -0.053896 0.881210 0.327538
v -0.706240 -0.741890 -0.276791
v 0.042198 0.866348 -0.410819
v -0.511804 -0.290558 0.146687
v -0.767676 -0.852487 -0.117947
v 0.789981 -0.433237 0.147851
v -0.338711 0.219602 -0.164336
v -0.440607 -0.086160 0.090539
v 0.032392 0.913340 -0.241362
v -0.033371 -0.337172 0.409590
v 0.377327 0.662303 -0.100708
v 0.381121 0.661287 -0.111877
v 0.376784 0.674117 -0.107559
v -0.664214 -0.788723 -0.117943
v -0.636396 -0.811019 -0.148900
v -0.597322 -0.091808 -0.147810
v 0.329993 -0.893862 -0.511752
v 0.386586 -0.861611 -0.493118
v -0.215331 -0.093949 0.291029
v -0.187388 0.061254 -0.344924
v 0.319009 0.554180 -0.370433
v -0.602405 -0.379129 0.189121
v -0.030102 0.306535 -0.436133
v -0.028447 0.351548 -0.449870
v -0.015669 0.306801 -0.436836
v -0.292212 0.137412 -0.198666
v 0.400236 -0.209456 -0.369545
v -0.235062 -0.994994 -0.463828
v 0.309743 -0.781142 -0.436864
v 0.305080 -0.849282 -0.409857
v 0.114606 -0.976426 -0.395317
v 0.439840 -0.843300 0.402156
v 0.074104 -0.644946 -0.537277
v 0.118319 -0.708075 -0.530797
v 0.656110 -0.912749 -0.109076
v 0.670682 -0.924013 -0.112113
v -0.168379 0.014173 -0.408430
v -0.545149 -0.802522 0.403148
v -0.521615 -0.796115 0.426048
v -0.534513 -0.823779 0.441363
v -0.328190 -0.867606 0.239639
v 0.329087 0.285963 0.124254
v 0.294651 0.054250 0.152435
v -0.187570 -0.995506 -0.492363
v -0.047183 -0.026632 0.384406
v -0.044463 -0.597453 -0.532482
v 0.365349 -0.644338 -0.460768
v -0.884579 -0.549277 0.132656
v -0.206613 -0.689497 -0.518128
v -0.020130 0.976618 -0.261531
v 0.170423 0.772245 0.313676
v 0.205237 0.771611 0.308504
v 0.220260 0.757646 0.288177
v -0.096695 -0.259502 -0.442236
v -0.108503 -0.280276 -0.474193
v 0.050674 -0.522983 -0.520329
v 0.059375 -0.499726 -0.533394
v 0.248181 0.883258 -0.039371
v 0.348520 0.691957 0.155769
v -0.134921 0.695856 0.350928
v -0.683348 -0.384563 -0.306905
v -0.504107 -0.413033 -0.362024
v 0.110032 -0.747913 0.566426
v 0.352030 -0.860845 0.227294
v 0.025785 -0.535708 -0.518517
v 0.075920 -0.638654 0.516370
v -0.147783 -0.642327 -0.536479
v 0.704363 -0.820099 -0.273530
v -0.255771 -0.579642 -0.484279
v 0.661972 -0.799539 0.309071
v 0.655140 -0.773071 0.326771
v -0.170918 0.007178 -0.390249
v -0.343952 0.651597 -0.259278
v 0.707119 -0.442049 0.172738
v 0.150193 -0.485868 0.408636
v 0.572448 -0.314920 -0.270070
v -0.075885 0.067278 -0.347763
v -0.085523 0.094803 -0.326320
v -0.543971 -0.023686 0.018388
v -0.525897 -0.035195 0.044164
v -0.222643 0.719710 -0.400218
v -0.193077 0.736616 -0.397842
v -0.561409 -0.174204 0.038615
v -0.541469 -0.216427 0.072372
v -0.751863 -0.790096 -0.125936
v 0.108651 -0.133046 0.319355
v -0.785774 -0.654041 0.169586
v -0.774167 -0.626197 0.140679
v -0.768088 -0.701484 0.161408
v -0.162261 0.709396 0.349866
v 0.152390 0.668370 -0.378438
v 0.386642 0.567966 -0.014133
v -0.370788 -0.471277 0.388514
v 0.127913 0.219168 0.337361
v 0.161285 0.268336 0.326800
v 0.286355 -0.495151 -0.423941
v 0.882874 -0.640163 0.273626
v 0.571396 -0.783470 0.432772
v 0.194416 -0.428971 0.401767
v -0.129090 0.111648 -0.319118
v -0.980994 -0.735062 0.105365
v 0.194794 0.162531 -0.266041
v -0.316876 0.175717 -0.166738
v 0.529091 -0.916852 -0.002068
v 0.273969 0.166137 -0.143300
v -0.324312 0.479860 -0.303740
v 0.695449 -0.452243 -0.109572
v 0.733682 -0.445467 -0.070947
v 0.471707 -0.902271 -0.335720
v 0.176684 -0.103431 0.264692
v 0.634015 -0.403218 -0.206265
v 0.655469 -0.408834 -0.173104
v 0.542686 -0.718604 0.453429
v -0.160457 0.932476 0.096532
v -0.183249 0.908128 0.124816
v -0.074108 0.939449 -0.349228
v -0.364091 -0.277150 -0.470897
v -0.368222 -0.315771 -0.480229
v -0.403993 -0.308918 -0.432886
v -0.632987 -0.625684 0.287009
v -0.587612 -0.615934 0.333304
v -0.620705 -0.577542 0.298102
v -0.170814 0.609429 -0.407639
v -0.009350 -0.866280 0.246429
v 0.541886 -0.920425 -0.317215
v 0.525104 -0.890251 -0.323045
v -0.221172 -0.683642 0.503463
v -0.186598 -0.679265 0.519397
v -0.054442 0.714876 0.361200
v -0.089362 -0.980745 -0.485007
v -0.028724 -0.985608 -0.423506
v 0.081003 0.939213 -0.069328
v -0.110829 -0.897343 0.085509
v 0.219978 0.911747 -0.121621
v 0.141588 -0.025119 0.337850
v 0.134895 -0.003952 0.350835
v -0.356880 0.033945 0.198686
v 0.088254 0.822503 -0.392896
v -0.914057 -0.618142 0.058142
v -0.906444 -0.582178 0.095977
v 0.698944 -0.834890 0.251398
v 0.353049 0.609115 -0.185852
v 0.507597 -0.061045 0.019515
v 0.514687 -0.044588 -0.041205
v 0.468646 -0.946286 -0.218947
v 0.040625 -0.773625 0.564438
v -0.880651 -0.787336 0.276123
v 0.447607 -0.848102 -0.401376
v -0.253691 0.852307 0.147537
v 0.142260 0.583977 0.327477
v -0.018192 -0.974119 -0.347813
v 0.104039 0.836910 0.277240
v 0.480455 -0.841169 -0.260993
v -0.295197 -0.230707 -0.456214
v -0.267883 -0.285093 -0.445264
v -0.173173 0.574964 -0.410472
v 0.450825 -0.907689 -0.341896
v -0.117585 0.864260 -0.414240
v -0.041959 0.365025 -0.447276
v 0.532140 -0.916955 -0.334246
v 0.020696 -0.822993 0.502382
v 0.472201 -0.176197 0.065492
v 0.365806 0.604289 -0.188728
v 0.211818 -0.650244 -0.470133
v -0.003524 -0.128016 -0.450956
v 0.028884 -0.112480 -0.448647
v 0.009742 -0.147418 -0.445802
v -0.324773 0.860345 -0.073277
v -0.024360 0.434827 -0.473179
v -0.567714 -0.692335 0.405753
v 0.268856 -0.862469 -0.468818
v 0.785955 -0.666405 0.283877
v 0.827610 -0.669856 0.309254
v 0.831024 -0.623077 0.283681
v -0.420055 -0.124993 0.145905
v 0.067420 0.537133 -0.420787
v 0.147262 0.543166 -0.412974
v 0.226221 -0.290832 -0.436750
v 0.263924 -0.243644 -0.438073
v -0.081806 -0.106952 0.345346
v 0.587920 -0.830758 -0.116320
v -0.601880 -0.141050 -0.042663
v -0.038825 0.843781 -0.409914
v 0.816675 -0.491390 0.042244
v 0.137779 0.878957 0.165240
v -0.858485 -0.858206 -0.131371
v -0.383331 -0.844171 -0.483588
v -0.108653 0.965448 -0.020486
v -0.703002 -0.936518 -0.238723
v -0.668234 -0.950757 -0.280027
v -0.693481 -0.803396 -0.205150
v 0.275185 0.198630 0.213722
v 0.583652 -0.497640 0.199861
v 0.623595 -0.485388 0.190030
v 0.462496 -0.135217 0.061946
v -0.523729 0.004279 -0.006413
v -0.594726 -0.097394 -0.105524
v -0.273421 0.716987 0.292163
v 0.618006 -0.604611 -0.137316
v -0.027458 -0.512709 -0.512208
v -0.896108 -0.826318 -0.049486
v -0.110646 0.164533 -0.313812
v -0.100198 0.721735 -0.417030
v 0.210166 -0.053734 0.267615
v 0.180810 -0.071918 0.275782
v 0.082666 -0.855120 0.276569
v 0.075102 -0.863852 0.236693
v 0.252624 -0.409205 -0.419732
v 0.237082 -0.347418 -0.428322
v 0.284239 -0.325826 -0.418967
v 0.569021 -0.902224 -0.346937
v 0.307182 0.150369 -0.084493
v -0.752962 -0.895824 -0.187293
v -0.530652 -0.780157 0.440219
v 0.540030 -0.631916 0.441989
v 0.177674 -0.972410 -0.335297
v 0.210262 -0.972736 -0.361641
v -0.247526 -0.020016 -0.358547
v -0.165236 0.775557 -0.362505
v -0.143052 0.769334 -0.378709
v -0.085763 0.544973 -0.442732
v 0.403303 0.613134 0.004697
v 0.401331 -0.851534 -0.445654
v 0.107415 -0.772031 -0.536652
v -0.247449 0.868225 -0.187320
v -0.672037 -0.312347 0.105243
v -0.641379 -0.280080 0.086312
v -0.813598 -0.821212 0.295331
v -0.879606 -0.861760 0.042789
v -0.904680 -0.820687 0.034394
v 0.198785 -0.691584 0.532764
v 0.247250 -0.689155 0.511310
v 0.167685 -0.778124 0.523476
v 0.530727 -0.412768 -0.322937
v -0.408719 0.532799 0.133542
v 0.727840 -0.694100 -0.113055
v -0.313469 -0.805777 0.502586
v -0.114402 0.550814 -0.419961
v 0.763073 -0.774565 0.291626
v -0.881869 -0.795139 0.245849
v 0.558505 -0.911312 -0.135618
v -0.836842 -0.617450 0.257755
v 0.125070 0.419581 -0.416693
v 0.135095 0.441696 -0.436750
v 0.170721 0.435666 -0.406512
v 0.049721 0.579199 0.357847
v -0.107298 0.284319 -0.374439
v -0.087017 0.322696 -0.403575
v 0.700819 -0.823374 -0.113842
v 0.391736 -0.778316 -0.460450
v -0.227570 -0.468490 -0.461236
v -0.337206 -0.291453 -0.486098
v -0.259053 0.610720 -0.396925
v 0.305299 0.205630 -0.072477
v 0.214445 -0.249860 0.265897
v 0.229804 -0.260781 0.263397
v 0.006875 0.839325 0.380288
v -0.106045 0.714459 0.363226
v -0.883382 -0.584378 0.005700
v -0.298701 0.454814 -0.332206
v 0.145757 -0.801819 0.534534
v 0.083737 0.523844 -0.444125
v 0.472149 -0.078156 -0.261073
v -0.421095 0.396849 0.074045
v -0.752423 -0.849552 0.263750
v -0.431074 0.591572 0.017182
v -0.002043 0.008624 0.387050
v 0.045882 -0.038101 0.380326
v 0.040929 0.069494 0.380915
v -0.328467 0.134831 -0.154465
v 0.627896 -0.840461 0.292984
v 0.669820 -0.918448 -0.199677
v 0.665494 -0.870119 -0.232591
v 0.686748 -0.919450 -0.231492
v -0.326969 0.524436 -0.405004
v -0.266133 -0.981800 -0.294629
v -0.129686 -0.282946 0.351983
v 0.022684 0.104752 -0.331860
v -0.826895 -0.873240 -0.154493
v -0.345924 -0.251643 -0.472673
v 0.458738 -0.246189 -0.344834
v 0.321442 -0.869265 -0.497933
v 0.355859 -0.865748 -0.485556
v -0.302425 -0.218437 0.196423
v 0.324946 -0.964711 -0.310694
v -0.805319 -0.866741 -0.097012
v -0.793913 -0.911488 -0.109222
v -0.104686 0.931488 -0.378166
v 0.181093 -0.177285 0.259659
v 0.069419 -0.584895 0.491797
v 0.274895 0.595969 -0.330717
v 0.267960 0.569532 -0.355690
v 0.250425 0.570636 -0.371592
v -0.338594 0.508692 -0.353118
v -0.338430 0.502798 -0.324290
v 0.270847 0.714280 -0.338986
v 0.293201 0.668273 -0.276819
v -0.929214 -0.767138 0.222265
v -0.949685 -0.794610 0.227196
v -0.933968 -0.773678 0.173741
v 0.181281 -0.975342 -0.396098
v 0.319419 0.670188 0.192029
v 0.341954 0.654861 0.157757
v -0.862446 -0.873538 -0.023902
v 0.174356 -0.498316 -0.514469
v 0.360490 0.613719 -0.171217
v -0.443331 -0.345793 0.299272
v -0.859892 -0.868357 -0.055660
v -0.828976 -0.882977 -0.063999
v -0.885089 -0.741569 0.029013
v -0.855770 -0.744252 0.002064
v -0.890592 -0.711550 0.052780
v -0.245130 -0.037453 0.318321
v -0.198536 -0.018438 0.348676
v -0.761565 -0.627157 -0.051021
v -0.739857 -0.639413 -0.043183
v 0.675634 -0.886157 -0.187870
v 0.448480 -0.909426 -0.410951
v 0.477698 -0.940716 -0.401564
v -0.558893 -0.925980 0.003373
v -0.065997 0.122501 -0.343583
v 0.857415 -0.679990 -0.008157
v -0.344057 -0.465857 0.370388
v 0.239635 0.133919 -0.240805
v -0.328947 0.605153 -0.385160
v -0.245480 -0.227808 -0.431140
v -0.321202 -0.134497 0.226318
v 0.216171 0.601985 -0.383946
v -0.436726 -0.063326 -0.338591
v -0.942304 -0.659106 0.136803
v 0.002767 -0.030793 0.387349
v 0.274673 0.191909 -0.133515
v 0.255117 0.236026 -0.196888
v 0.558358 -0.095702 -0.027951
v 0.595419 -0.129441 -0.031783
v 0.260107 0.515591 -0.429588
v -0.382744 -0.560660 0.478972
v -0.086456 0.796909 -0.413154
v 0.867479 -0.757183 0.328195
v -0.894053 -0.629359 0.009311
v 0.500209 -0.707005 0.462630
v 0.493287 -0.883078 -0.340277
v -0.166753 0.781210 -0.341479
v 0.870899 -0.754731 0.313576
v -0.316753 0.548070 -0.419399
v 0.256006 0.152730 -0.216111
v 0.232624 0.154797 -0.239831
v -0.107377 0.910185 0.195953
v -0.835458 -0.913125 -0.077315
v -0.509778 -0.499582 -0.374392
v 0.378684 0.633682 -0.118743
v -0.862794 -0.746328 0.279505
v -0.475912 -0.230305 -0.392791
v 0.084849 -0.846154 0.382373
v 0.105427 -0.843616 0.357140
v -0.466794 0.025455 -0.030705
v -0.576362 -0.843404 -0.361455
v -0.893201 -0.865852 -0.068452
v -0.863604 -0.931562 -0.055668
v -0.371828 0.847364 0.011180
v -0.395240 0.813582 0.026518
v -0.429447 -0.233937 0.202757
v 0.270337 -0.931804 -0.488871
v 0.318565 -0.934551 -0.488423
v -0.009520 0.511969 -0.511652
v 0.706120 -0.503472 -0.117425
v -0.714615 -0.506546 -0.112569
v 0.505743 -0.944320 -0.374613
v 0.133426 0.919121 -0.107786
v 0.167812 -0.931282 -0.440287
v -0.750958 -0.822841 0.255383
v -0.751613 -0.793236 0.235192
v 0.411553 -0.030918 -0.286672
v -0.853604 -0.905978 0.011755
v -0.724532 -0.490709 0.175153
v 0.253040 -0.371193 0.356504
v 0.310417 0.730108 0.203634
v 0.333036 0.729376 0.179306
v 0.058814 -0.747509 0.574762
v 0.619634 -0.777142 0.353845
v -0.822956 -0.932690 -0.109412
v -0.417212 -0.993906 -0.423762
v 0.547306 -0.851805 0.335188
v 0.514192 -0.852863 -0.228566
v 0.520643 -0.890572 -0.197029
v 0.317621 0.107707 0.054469
v -0.153497 -0.898263 -0.540536
v 0.287559 -0.760757 -0.449245
v -0.103273 0.122227 -0.333172
v 0.573295 -0.563610 0.303698
v 0.550399 -0.562425 0.373842
v 0.076314 0.950040 -0.040741
v -0.265697 0.150042 -0.216230
v -0.103995 0.956734 0.021140
v -0.421581 0.376144 -0.021881
v -0.080642 0.651095 -0.435872
v -0.437343 0.045381 -0.223870
v -0.457673 0.019468 -0.236749
v -0.447277 -0.973891 -0.222690
v -0.213658 -0.911342 0.045645
v 0.110290 -0.784294 0.530821
v -0.310413 0.037793 0.277102
v -0.080878 0.954826 -0.203793
v 0.676697 -0.832889 0.260199
v 0.171566 -0.242027 0.282319
v -0.892170 -0.710649 0.152590
v -0.644755 -0.784115 0.309378
v 0.475870 -0.660276 -0.306959
v 0.460559 -0.700726 -0.319507
v 0.203349 0.875108 0.075592
v 0.101818 -0.963773 -0.529593
v 0.075448 -0.849669 0.352111
v 0.051724 0.805879 -0.382871
v -0.676163 -0.751283 -0.092939
v 0.064168 -0.348189 -0.487937
v 0.196765 -0.402112 0.390447
v -0.661863 -0.217421 -0.153208
v -0.361894 0.682214 -0.199065
v 0.038099 0.869420 -0.157139
v 0.461010 -0.689585 -0.380464
v -0.185842 0.895298 -0.236315
v -0.185455 0.872069 -0.270601
v 0.738685 -0.787468 -0.084719
v -0.762630 -0.327248 0.011371
v -0.313055 0.780181 0.227375
v -0.353709 0.765531 0.200246
v -0.345466 0.131453 -0.122067
v 0.282317 -0.049849 -0.376872
v -0.457151 -0.862126 -0.431479
v 0.337788 -0.856471 0.266149
v -0.268603 0.669922 -0.404205
v -0.156082 0.336763 0.357835
v -0.081928 -0.188430 -0.437568
v -0.908740 -0.710334 0.098089
v -0.800638 -0.463209 -0.055629
v -0.852746 -0.487576 -0.002809
v -0.859512 -0.469826 0.045178
v -0.748046 -0.343352 -0.066065
v 0.339348 -0.833287 -0.523095
v -0.357322 0.277950 -0.149902
v 0.264278 -0.406029 0.376930
v -0.002913 -0.775290 0.551822
v 0.038076 -0.777934 0.554942
v -0.248304 0.074232 -0.325382
v -0.018214 0.219859 -0.369608
v -0.040281 -0.188971 0.377537
v -0.480982 -0.381301 0.277083
v -0.475351 -0.400429 0.299781
v 0.146932 -0.844652 0.416730
v 0.081440 -0.025061 0.367966
v -0.036047 0.459162 -0.477993
v 0.321623 0.206327 0.119228
v 0.313070 0.114387 0.109407
v -0.250668 0.701291 0.311230
v 0.822529 -0.730794 0.335636
v -0.195368 0.498567 -0.442163
v -0.400581 0.789643 0.073537
v 0.008752 0.308707 -0.400131
v 0.003646 0.245971 -0.367564
v 0.086509 -0.959677 -0.458007
v 0.161546 -0.968582 -0.459281
v 0.094759 -0.481674 -0.542027
v -0.578975 -0.826145 0.375783
v 0.485404 -0.021963 -0.064167
v -0.254786 -0.156177 0.297861
v 0.522170 -0.055184 -0.074564
v 0.587193 -0.652539 0.369520
v -0.794376 -0.587536 0.125738
v 0.229341 0.857894 0.023449
v -0.003167 -0.847036 0.367554
v 0.001124 -0.836214 0.462834
v 0.403744 0.693312 -0.031150
v 0.121252 0.810464 0.335002
v 0.820180 -0.752602 0.328657
v -0.428094 0.565945 0.058998
v 0.564417 -0.208824 -0.177639
v -0.184981 0.814249 0.309386
v 0.619176 -0.462091 -0.258979
v 0.346689 -0.342221 0.295024
v -0.418905 -0.239065 0.188563
v -0.389180 -0.245991 0.179553
v -0.417581 -0.200533 0.172814
v -0.278391 -0.130427 0.281351
v -0.704549 -0.818306 -0.013840
v 0.688164 -0.698829 -0.221161
v -0.395349 0.372075 0.143911
v 0.327327 -0.043462 0.059849
v 0.299548 -0.076044 0.133918
v -0.438974 -0.860487 -0.458867
v 0.280533 0.297766 0.222041
v -0.328357 -0.761778 -0.499694
v 0.665756 -0.891865 -0.259573
v -0.243576 0.463563 -0.420340
v -0.049856 -0.401291 0.451077
v -0.100213 0.944035 -0.134850
v 0.692632 -0.826169 0.261296
v 0.678202 -0.832643 0.264158
v -0.029194 0.994919 -0.184752
v -0.174080 -0.411421 0.443205
v -0.171284 -0.454800 0.448108
v 0.267868 -0.274404 -0.432025
v -0.031126 0.256548 -0.398511
v -0.243729 -0.846660 0.330158
v -0.052739 0.148210 -0.351930
v -0.735280 -0.566832 0.195086
v -0.733592 -0.637526 0.191044
v -0.332924 0.877039 -0.002312
v 0.005951 -0.427510 -0.483740
v -0.019702 0.981925 -0.182265
v -0.745086 -0.754161 0.189731
v -0.741499 -0.821608 -0.120313
v -0.495067 -0.815403 0.441987
v -0.342887 -0.332169 -0.501656
v -0.740286 -0.851909 0.140041
v 0.473609 -0.007539 -0.042239
v -0.224874 0.800790 -0.273701
v -0.387100 0.067091 -0.005578
v -0.018650 -0.138802 0.359672
v -0.022093 -0.157949 0.371660
v -0.360320 -0.361462 -0.498516
v -0.414905 0.774747 -0.003561
v 0.945205 -0.710487 0.219294
v 0.429461 -0.920851 -0.370087
v -0.151499 0.853139 0.234350
v -0.285900 -0.158190 0.257399
v 0.012938 0.929182 -0.308308
v -0.903956 -0.698213 0.268981
v 0.212340 0.842081 0.148099
v -0.489746 -0.531926 0.414372
v -0.134323 -0.241406 -0.454690
v -0.108430 -0.245779 -0.439720
v -0.481871 -0.616933 0.476077
v -0.511338 -0.593511 0.434725
v -0.354373 -0.927403 -0.018131
v -0.225468 -0.107961 0.291591
v 0.148978 -0.178783 0.284023
v 0.192036 -0.135541 0.277432
v 0.136605 -0.167644 0.314297
v 0.092993 0.967401 -0.012364
v 0.321606 0.784127 -0.070643
v -0.469311 -0.955612 -0.137494
v -0.379840 -0.941211 -0.077398
v -0.440474 -0.929889 -0.030263
v -0.871939 -0.871019 0.046184
v -0.857531 -0.897371 0.043562
v 0.378776 -0.968700 -0.476541
v 0.154824 0.427541 -0.393711
v -0.801900 -0.684057 0.190103
v -0.043557 0.965753 -0.291528
v 0.276770 0.551409 -0.404395
v -0.143239 0.881174 -0.301447
v -0.914460 -0.815085 0.016579
v -0.083240 -0.838107 -0.584998
v -0.039276 -0.869533 -0.577003
v 0.162973 -0.056120 0.313420
v -0.620856 -0.853717 -0.351581
v 0.121825 0.786369 0.336256
v 0.734427 -0.893510 -0.059078
v 0.421435 -0.546327 -0.394150
v 0.271026 0.021874 -0.330879
v 0.301083 -0.135421 0.150825
v -0.550755 -0.001843 -0.032765
v -0.001054 0.594235 -0.464861
v 0.399472 0.672177 0.079780
v 0.113947 0.982971 -0.016607
v -0.124018 -0.158727 -0.449386
v -0.722624 -0.792296 0.246393
v -0.428027 -0.743041 -0.488408
v -0.736430 -0.867729 0.214762
v -0.198701 -0.208996 -0.449672
v -0.166382 -0.257228 -0.467588
v 0.300327 -0.951586 -0.481842
v 0.319345 -0.760050 -0.499955
v 0.350044 -0.786130 -0.500742
v 0.496342 -0.806750 -0.249198
v 0.013063 0.359211 -0.451488
v 0.392218 -0.485753 -0.411098
v -0.261055 -0.498487 0.383716
v 0.261621 0.514465 -0.363043
v 0.267618 0.528393 -0.350635
v 0.288064 0.533971 -0.371917
v -0.744671 -0.665053 -0.229113
v 0.701026 -0.782836 -0.123918
v -0.116302 -0.955542 -0.208790
v 0.329977 0.781869 -0.041929
v 0.381488 0.714613 -0.038821
v -0.362144 0.079705 -0.242400
v -0.153435 0.724394 -0.402810
v 0.039715 0.769268 -0.386831
v -0.831815 -0.439939 0.003186
v -0.413247 0.285992 -0.006078
v -0.394856 0.191784 -0.024156
v -0.964682 -0.731095 0.195546
v 0.065632 0.428040 -0.452420
v -0.151035 0.834833 0.326881
v -0.869005 -0.510343 0.095632
v 0.787287 -0.694941 0.300739
v -0.001711 -0.640162 0.526658
v 0.324580 0.181271 0.078167
v 0.493689 -0.851375 0.360103
v 0.509618 -0.863337 0.300686
v 0.392437 -0.756248 -0.391721
v -0.759123 -0.423481 -0.106595
v 0.181460 0.721018 -0.383406
v -0.690302 -0.901041 0.101279
v -0.744860 -0.875254 0.166924
v -0.573960 -0.140134 0.002048
v -0.407958 0.200873 0.031073
v -0.204185 0.857843 -0.280077
v -0.173608 0.848897 -0.335740
v 0.254930 -0.439448 -0.420428
v -0.779086 -0.717603 0.214132
v 0.382182 -0.914298 -0.366937
v -0.499629 -0.937901 -0.058751
v -0.508708 -0.951622 -0.124241
v 0.644970 -0.897118 -0.307845
v 0.439546 -0.922277 -0.373826
v -0.138888 0.836505 0.294471
v 0.176077 0.164328 -0.256307
v 0.608986 -0.863769 -0.297423
v -0.136350 -0.983890 -0.404400
v 0.079064 -0.432796 0.384824
v -0.901647 -0.740256 0.057574
v -0.618429 -0.684612 -0.342010
v -0.583985 -0.718805 -0.358833
v -0.848206 -0.618967 -0.057042
v -0.384192 0.032297 -0.003670
v -0.384659 -0.507702 0.437591
v -0.343958 -0.782507 -0.501392
v -0.472858 -0.379923 -0.375060
v 0.290077 0.536298 -0.352342
v 0.108552 0.186443 -0.300037
v 0.150410 0.181301 -0.278075
v -0.006701 0.110257 -0.334713
v 0.304187 0.654681 0.214641
v 0.288313 -0.848252 0.410160
v 0.380026 0.721517 0.098563
v -0.311288 -0.082685 0.209548
v 0.590274 -0.921993 -0.043814
v 0.122741 -0.905402 0.014948
v -0.787032 -0.831589 -0.097494
v -0.743757 -0.829368 0.259654
v 0.175274 -0.650104 0.514149
v -0.372375 0.775497 -0.137723
v -0.321094 -0.179576 0.182495
v -0.310261 -0.633648 0.463472
v -0.601335 -0.794119 -0.351380
v -0.760883 -0.692978 -0.206036
v -0.221664 -0.056493 -0.392597
v -0.033171 0.075801 -0.353819
v -0.326887 0.680064 -0.260487
v -0.921172 -0.772946 0.238560
v 0.388310 0.063609 -0.165875
v -0.685682 -0.701383 0.231966
v -0.859068 -0.596008 -0.028754
v -0.875907 -0.642431 -0.016233
v 0.207289 -0.027349 -0.361519
v 0.231079 -0.046535 -0.362688
v -0.092743 0.599877 -0.448976
v -0.824709 -0.766827 -0.034943
v -0.120880 0.093183 -0.316991
v -0.825741 -0.597968 -0.083518
v -0.787719 -0.567442 -0.138803
v -0.737438 -0.793886 0.261144
v 0.316156 0.783993 0.070327
v -0.030682 0.785216 -0.431109
v 0.001581 0.794636 -0.414637
v -0.340135 -0.864857 -0.480001
v -0.281627 -0.855263 -0.487859
v -0.165254 -0.766567 -0.539572
v -0.109400 -0.771971 -0.572009
v 0.295157 -0.009881 0.115302
v -0.958540 -0.723306 0.121067
v -0.139785 -0.374259 0.446689
v -0.111247 0.931731 -0.354733
v -0.874129 -0.800905 0.288193
v -0.713553 -0.625513 -0.078546
v -0.335610 -0.120899 -0.430830
v 0.236739 0.857487 -0.011054
v 0.195979 0.805048 0.251033
v 0.566261 -0.765401 -0.359062
v 0.232484 -0.538476 0.457673
v 0.280958 0.797702 -0.044319
v 0.300341 0.786887 -0.026229
v 0.247736 0.710530 -0.372145
v -0.036174 0.911209 0.279139
v -0.859596 -0.768192 0.005219
v 0.579023 -0.407112 -0.294963
v 0.564824 -0.428803 -0.320566
v 0.326278 0.657320 0.191340
v -0.322802 0.174571 -0.179428
v -0.302556 -0.394711 0.291197
v 0.013937 0.791152 -0.400695
v 0.911692 -0.802137 0.083266
v 0.636411 -0.833070 -0.081090
v 0.262199 0.476632 -0.323634
v -0.926646 -0.727060 0.228862
v -0.912617 -0.720345 0.232514
v -0.054321 -0.805934 0.558200
v -0.403417 -0.260754 0.189322
v 0.086687 -0.924633 -0.449588
v 0.070502 -0.955442 -0.431898
v -0.359626 -0.988897 -0.354807
v -0.108860 -0.253699 0.347136
v -0.277056 0.846799 -0.183116
v -0.949618 -0.730634 0.232014
v -0.929613 -0.732619 0.273173
v 0.427680 -0.811243 -0.412001
v 0.680528 -0.833162 0.113158
v 0.238065 -0.580389 -0.455076
v 0.201153 0.168597 -0.231317
v 0.506041 -0.938123 -0.203750
v -0.711933 -0.791074 -0.040129
v 0.147632 0.529803 -0.437527
v 0.363206 -0.198816 0.144060
v 0.185218 0.945500 0.028906
v -0.348808 -0.082420 0.180512
v 0.385562 0.047470 -0.215959
v -0.070039 0.900156 0.271538
v 0.324841 0.028166 0.016536
v -0.180855 0.901710 -0.189834
v 0.224585 0.902061 -0.205155
v 0.326689 0.672290 -0.178536
v -0.232606 0.110397 -0.279369
v -0.238486 0.139199 -0.269808
v -0.602753 -0.475001 0.285581
v -0.044520 0.449415 -0.465847
v 0.467421 -0.945466 -0.249422
v -0.189359 -0.000635 -0.416013
v 0.850738 -0.864305 0.020171
v -0.651710 -0.944510 -0.269527
v 0.048737 -0.975248 -0.494217
v 0.042335 -0.987111 -0.507679
v -0.664964 -0.474875 -0.328361
v -0.789897 -0.595849 -0.153280
v 0.030868 0.896060 -0.400633
v 0.378332 0.588435 0.066790
v 0.604180 -0.906823 0.017258
v 0.631303 -0.905121 -0.006957
v -0.031429 0.857219 -0.426418
v -0.050065 0.881917 -0.418887
v -0.396501 -0.346745 0.254243
v 0.591711 -0.475520 -0.310663
v 0.635438 -0.847311 -0.125157
v -0.415163 -0.037959 -0.329837
v 0.020627 0.315731 0.371390
v 0.042511 0.209001 0.374487
v -0.241315 0.893790 0.115277
v -0.454401 -0.286869 -0.400443
v -0.801939 -0.579743 -0.001719
v -0.321095 0.466803 -0.300345
v -0.448402 -0.805069 -0.452374
v 0.336365 -0.132575 0.113831
v 0.365244 -0.137413 0.104963
v -0.561028 -0.503740 0.344966
v -0.508414 -0.536425 0.402631
v -0.203883 0.905248 0.100317
v -0.231561 0.891853 0.126757
v 0.231841 -0.127808 0.216767
v 0.148676 -0.265910 -0.516593
v -0.389376 0.111155 0.029452
v 0.111958 0.853356 0.243613
v 0.131989 0.863536 0.203976
v -0.557265 -0.768375 -0.369389
v -0.382951 -0.618151 0.507546
v 0.273733 -0.626150 -0.439867
v 0.276221 -0.694455 -0.462166
v 0.680879 -0.891924 -0.274384
v 0.136321 0.336612 -0.357807
v 0.226256 0.104697 -0.269356
v -0.902229 -0.745278 0.191861
v 0.311189 0.770622 -0.268618
v 0.275516 -0.036612 0.168267
v -0.166307 0.051579 -0.352339
v -0.386707 -0.922737 -0.463416
v 0.379963 -0.950219 -0.318542
v -0.087741 -0.018348 0.379289
v 0.200685 0.928712 -0.084146
v -0.394882 -0.729079 -0.510514
v -0.121401 0.703419 -0.421493
v -0.099634 0.948967 0.165733
v -0.155277 0.273646 -0.353087
v -0.428217 -0.343975 -0.409682
v 0.575327 -0.947407 -0.333116
v -0.058715 0.438332 -0.471294
v 0.351970 -0.911454 -0.487554
v -0.042737 -0.790512 -0.583975
v -0.882323 -0.861755 0.077892
v -0.436101 -0.946330 -0.435089
v 0.438481 -0.812327 -0.348684
v 0.692643 -0.879003 -0.096342
v 0.910646 -0.830308 0.026676
v 0.341607 0.372103 -0.067624
v 0.296622 0.840485 -0.197048
v 0.115364 0.772759 -0.367035
v -0.402064 -0.256188 -0.432666
v -0.495428 -0.405300 0.276799
v -0.380600 -0.409380 0.341159
v 0.346048 0.752263 0.046372
v -0.045416 -0.984665 -0.476076
v 0.302397 -0.852720 0.352595
v 0.385715 -0.846361 0.387328
v 0.005350 -0.874914 0.184814
v -0.816395 -0.704021 -0.043785
v -0.127737 0.777745 -0.394137
v -0.142960 0.751794 -0.388996
v 0.768541 -0.730951 0.314679
v 0.609952 -0.710586 -0.267906
v 0.580077 -0.635530 -0.153072
v 0.227431 0.911910 -0.014643
v -0.723168 -0.526557 -0.111257
v -0.931600 -0.742265 0.001301
v -0.151582 0.897389 -0.270523
v -0.292072 -0.070871 0.240355
v -0.224686 -0.066481 0.314447
v -0.841912 -0.727928 0.287291
v -0.727518 -0.538347 -0.091717
v -0.305561 0.545258 0.257193
v 0.642344 -0.484500 -0.187104
v 0.267918 0.695715 -0.344360
v -0.656240 -0.187212 -0.051789
v -0.832625 -0.471202 0.125891
v -0.442193 -0.381288 -0.400358
v 0.210661 -0.662012 0.520398
v -0.749301 -0.739776 -0.218008
v 0.082851 0.510559 -0.471435
v 0.565411 -0.122849 -0.123054
v 0.351994 -0.711152 -0.478419
v -0.737585 -0.771893 0.173299
v -0.657549 -0.915732 -0.313165
v -0.766447 -0.821240 -0.190138
v 0.170053 0.029014 -0.390107
v -0.835833 -0.861931 -0.081619
v 0.508153 -0.873059 0.252869
v -0.200595 0.927987 -0.008298
v 0.518239 -0.456436 0.268792
v 0.047343 -0.140145 0.348393
v 0.629475 -0.183595 -0.093543
v -0.059334 -0.116963 0.348364
v 0.264187 -0.963339 -0.389480
v -0.067222 0.828964 -0.412367
v -0.017879 0.943359 -0.060026
v -0.015800 0.932773 -0.087154
v 0.674403 -0.878076 -0.258096
v 0.097975 0.967999 0.007698
v -0.508867 0.024094 -0.030010
v -0.501267 0.001482 0.001637
v -0.121324 -0.431114 0.470128
v 0.009329 -0.825405 0.497477
v 0.272048 -0.494841 0.418326
v 0.868771 -0.845342 0.035602
v 0.244595 0.025899 -0.301063
v 0.285244 0.066122 -0.285195
v -0.092621 0.693284 0.357433
v -0.309768 0.479383 -0.321859
v -0.291056 0.471422 -0.342380
v -0.741006 -0.374457 0.117984
v 0.103911 -0.190596 0.331785
v 0.175182 -0.288330 -0.497905
v -0.120767 0.234643 -0.336067
v -0.753494 -0.797291 0.198044
v -0.249814 -0.652465 -0.513991
v 0.510047 -0.918878 -0.336686
v -0.399233 0.781881 0.023848
v 0.473432 -0.308478 -0.334832
v 0.250015 -0.033992 0.224502
v 0.254018 -0.055976 0.196589
v 0.541569 -0.473077 0.220198
v 0.915900 -0.700827 0.045681
v 0.163809 0.964095 -0.032963
v 0.339024 0.109026 -0.076985
v 0.621149 -0.912942 -0.073929
v -0.364650 -0.011737 0.152857
v -0.849311 -0.811010 -0.056393
v -0.093747 0.935510 -0.274255
v 0.089628 0.787508 -0.375959
v 0.391465 -0.373129 0.327636
v -0.479942 -0.904824 -0.376119
v 0.623004 -0.756298 -0.313778
v -0.303414 -0.933506 -0.473009
v -0.418163 0.651866 -0.160053
v -0.723641 -0.826789 0.255243
v 0.613653 -0.751869 -0.323187
v -0.154627 -0.220607 -0.454188
v 0.188193 -0.883612 -0.517205
v 0.843892 -0.868041 -0.016772
v 0.884057 -0.646262 0.048749
v 0.453331 -0.900520 -0.330931
v 0.452432 -0.935295 -0.327696
v -0.287998 0.333352 0.277502
v -0.015275 -0.736145 0.579182
v -0.066670 0.366091 -0.424617
v -0.063091 0.350537 -0.415653
v 0.024947 -0.262504 0.344109
v 0.431011 -0.851183 -0.438225
v 0.120582 0.697897 0.332314
v -0.131672 0.851512 0.271563
v -0.723357 -0.770274 0.100316
v 0.238863 0.540864 -0.437189
v 0.343166 -0.912987 -0.511428
v -0.704449 -0.255130 -0.069614
v -0.751701 -0.775793 0.175433
v 0.300282 -0.710335 -0.470163
v 0.208836 0.882766 -0.236100
v -0.042777 -0.982147 -0.409560
v -0.338506 0.759673 -0.184856
v -0.170027 0.429212 -0.415112
v 0.105626 0.959211 0.026881
v 0.135609 0.955558 0.012283
v 0.196467 -0.516689 0.440097
v 0.494177 -0.682326 -0.253163
v 0.780659 -0.514798 -0.054460
v -0.762411 -0.732116 0.263701
v -0.783181 -0.694657 0.256967
v 0.352554 -0.574506 -0.441459
v 0.596563 -0.759638 0.404108
v 0.567215 -0.241814 -0.230587
v 0.612334 -0.660691 0.315706
v -0.817601 -0.762422 -0.121917
v -0.245938 -0.991805 -0.473060
v 0.359137 -0.817501 -0.397684
v -0.383648 -0.093855 0.143225
v -0.251746 -0.117900 0.278064
v 0.185023 0.909518 -0.282524
v 0.220337 0.882567 -0.266421
v 0.681172 -0.870179 -0.158602
v 0.350420 0.011794 0.033749
v 0.358364 -0.050428 0.056205
v 0.116024 0.862633 -0.227829
v 0.304517 0.729655 0.229914
v 0.318961 0.710993 0.198133
v 0.650807 -0.926819 -0.151511
v 0.488449 -0.478696 0.366122
v 0.312351 0.517932 -0.306284
v -0.125845 -0.709910 -0.561868
v -0.773037 -0.929617 -0.163673
v -0.191545 0.055276 -0.348352
v 0.267120 -0.975332 -0.346302
v -0.359620 -0.616300 -0.524337
v -0.904095 -0.741683 -0.039418
v 0.161608 0.783792 0.340852
v 0.326709 -0.092214 0.144985
v -0.079494 0.165340 -0.335536
v 0.105894 -0.848317 0.309988
v 0.619936 -0.229348 -0.121479
v 0.751241 -0.692253 0.293575
v 0.590349 -0.929732 -0.319388
v -0.182756 -0.159277 0.317638
v -0.153539 -0.143529 0.349029
v 0.636786 -0.854357 -0.189325
v -0.136617 0.559141 0.355304
v -0.604827 -0.831316 0.342381
v 0.091048 -0.040939 0.366958
v 0.134557 -0.034734 0.345649
v -0.089053 0.931105 -0.205242
v 0.355810 -0.593428 0.447688
v -0.059769 -0.225562 0.356152
v 0.494733 -0.525738 0.419233
v -0.177766 -0.990280 -0.415784
v -0.219502 0.052939 -0.341671
v -0.729339 -0.755514 0.113297
v 0.303257 0.794162 0.031794
v 0.591053 -0.126839 0.010807
v 0.579619 -0.733784 -0.328466
v 0.581040 -0.756754 -0.333641
v -0.383451 0.028774 0.101052
v 0.216155 -0.138921 0.236316
v 0.404792 0.696748 0.043942
v 0.374974 -0.002748 -0.292782
v -0.374592 0.370076 0.193959
v -0.389084 0.324078 0.157266
v 0.191235 0.915800 -0.160028
v 0.219563 0.879879 -0.216331
v 0.384501 -0.953576 -0.283262
v -0.173021 0.043361 -0.373430
v 0.346091 0.656152 -0.149622
v -0.724024 -0.356364 0.105217
v -0.953654 -0.784921 0.177086
v 0.694990 -0.720838 -0.156038
v -0.265484 0.895975 0.051837
v -0.409689 0.533376 -0.146434
v -0.251762 -0.058738 -0.404561
v -0.171592 -0.013068 -0.391456
v -0.204978 -0.736534 -0.524534
v 0.650982 -0.244520 0.068632
v 0.734886 -0.714925 0.306050
v -0.328966 -0.106709 0.223378
v 0.633927 -0.776403 -0.179803
v 0.361166 -0.817512 0.474711
v 0.390532 -0.800632 0.479905
v -0.046390 0.982881 -0.031052
v -0.311779 0.884377 0.007776
v -0.246680 0.901150 -0.029884
v -0.685521 -0.361880 -0.250533
v 0.619478 -0.160777 0.024427
v -0.299030 -0.428644 0.315883
v -0.063162 0.717652 -0.439362
v 0.135094 0.967235 -0.017273
v 0.305082 0.782475 0.189326
v -0.395009 -0.989257 -0.358818
v -0.391126 -0.986343 -0.393118
v -0.436059 0.641722 -0.113295
v 0.820536 -0.842365 -0.046444
v -0.124948 -0.805264 0.553397
v -0.061828 -0.104750 -0.442291
v 0.452510 -0.961589 -0.408814
v 0.394623 0.627807 0.052266
v -0.031460 0.942460 0.087548
v 0.453763 -0.873232 -0.369112
v 0.288285 0.019003 0.161035
v 0.586682 -0.896241 -0.306407
v -0.724259 -0.515186 -0.259215
v -0.696797 -0.469913 -0.294027
v 0.203243 0.869040 -0.256695
v 0.320972 -0.536623 0.420373
v 0.291960 -0.919294 -0.072134
v -0.426535 -0.450505 0.396742
v -0.776403 -0.657600 -0.120018
v 0.645936 -0.815992 -0.086795
v 0.433685 -0.844401 -0.349709
v 0.206161 0.825450 -0.386287
v 0.277284 0.794203 0.192766
v -0.247950 -0.356702 0.344899
v -0.036369 -0.912200 0.010035
v 0.644515 -0.571981 -0.276687
v 0.490407 -0.043732 -0.114684
v 0.478293 -0.776531 -0.329763
v 0.399262 0.648755 -0.109331
v -0.383350 0.814306 -0.007918
v -0.201743 0.925661 0.035556
v -0.355409 0.168509 0.227888
v 0.767500 -0.791990 0.274739
v 0.021891 0.568623 -0.421839
v -0.285820 0.879669 0.052050
v -0.019144 -0.950843 -0.556070
v -0.646546 -0.851111 -0.331322
v 0.167050 0.900728 -0.234758
v 0.118613 0.486649 -0.479073
v -0.258238 0.856061 -0.214051
v -0.771277 -0.349822 -0.021237
v -0.243779 0.799217 -0.282819
v -0.883552 -0.716624 0.190380
v 0.415124 -0.771825 -0.425506
v 0.364154 -0.108594 0.140263
v 0.071446 -0.892372 0.084907
v -0.771496 -0.808065 0.292550
v -0.755511 -0.822260 0.280357
v -0.390994 0.577990 0.170119
v -0.886996 -0.775923 0.028489
v 0.248124 -0.873685 -0.519266
v 0.684755 -0.918334 -0.279054
v 0.037745 -0.182317 0.362370
v -0.478440 -0.831525 0.434782
v -0.375858 -0.833915 0.440747
v 0.383599 -0.703234 -0.465267
v 0.905960 -0.623642 0.155291
v 0.112515 0.112158 -0.320203
v 0.336982 -0.282868 -0.412885
v 0.353388 0.743290 -0.056050
v 0.418083 -0.843468 -0.341929
v -0.863187 -0.810219 0.022032
v 0.631166 -0.588689 -0.308008
v 0.256979 0.840390 -0.317251
v 0.658432 -0.752492 -0.347916
v 0.373583 -0.433082 -0.398719
v -0.903966 -0.729145 0.122090
v 0.362152 -0.072745 0.082551
v -0.627611 -0.238243 -0.262060
v -0.372010 -0.253343 0.192328
v -0.086879 -0.971246 -0.449680
v -0.417954 -0.022059 0.016804
v 0.012360 0.966642 -0.272876
v 0.450562 -0.893407 -0.369469
v -0.094365 0.547576 -0.427264
v 0.265772 -0.030738 -0.368598
v 0.196021 0.888506 -0.221976
v -0.570153 -0.030777 -0.080849
v -0.533469 -0.642368 0.419106
v -0.020292 -0.444026 -0.498997
v -0.942302 -0.726780 0.194877
v 0.513183 -0.760635 -0.233857
v 0.545206 -0.804054 -0.212919
v 0.518285 -0.835167 -0.228548
v -0.837940 -0.696357 0.296105
v 0.661207 -0.637753 -0.288320
v 0.479435 -0.047052 0.033591
v 0.250171 0.768794 0.294143
v 0.520648 -0.916299 -0.342426
v -0.583000 -0.070463 -0.032129
v 0.122116 -0.221848 0.310309
v 0.197151 -0.509827 -0.478851
v 0.284986 -0.751404 0.511319
v 0.624255 -0.685036 0.313307
v -0.017395 0.966681 -0.180185
v 0.717595 -0.897185 -0.076299
v -0.640370 -0.946324 -0.137602
v -0.328124 -0.236287 0.191459
v -0.723915 -0.628104 0.209004
v 0.187971 -0.117693 0.288011
v 0.342981 0.751945 0.165892
v -0.417594 -0.705309 -0.500964
v 0.139073 0.953650 0.044129
v -0.485673 0.047982 -0.069625
v 0.183292 0.953299 -0.025953
v -0.474581 -0.511458 -0.413147
v -0.411417 -0.492975 -0.460331
v -0.102410 -0.228083 0.347193
v -0.466828 -0.291947 0.249561
v -0.594944 -0.735417 0.348531
v 0.268033 0.481342 -0.309360
v -0.157170 0.626654 -0.422930
v -0.872982 -0.666255 0.127462
v -0.654359 -0.901643 -0.116379
v -0.426760 0.422222 0.008718
v -0.258496 -0.803256 0.504455
v -0.337383 0.788354 0.184674
v -0.349756 0.771744 0.183809
v -0.072826 0.693373 -0.429912
v -0.378995 0.058677 -0.262402
v -0.343206 0.040264 -0.312205
v 0.367709 0.698535 -0.056198
v 0.324601 0.461642 -0.188525
v 0.606439 -0.305111 -0.200013
v -0.066314 -0.008400 -0.416180
v 0.008352 0.320489 -0.431043
v 0.002299 0.274554 -0.395684
v 0.198111 0.042141 -0.307477
v 0.097613 -0.067178 0.349365
v 0.311425 0.606455 -0.260563
v 0.239903 0.746538 0.282668
v 0.282406 0.146526 -0.140439
v -0.007034 -0.430289 0.438282
v 0.026250 -0.394946 0.415803
v 0.303549 0.321007 0.172559
v -0.069239 0.865312 -0.415327
v -0.116450 -0.169958 0.346824
v 0.069629 0.852969 -0.210228
v 0.217252 0.684219 -0.402499
v 0.070971 -0.189320 0.343674
v -0.154641 0.201089 -0.293158
v 0.307991 0.824471 -0.136639
v -0.774637 -0.376290 -0.047696
v 0.782482 -0.442060 0.026943
v -0.233171 0.754245 0.318589
v -0.103362 0.573427 -0.428759
v -0.757688 -0.854987 -0.199327
v -0.040118 0.631387 -0.464073
v -0.272331 -0.836618 0.430470
v -0.954612 -0.800624 0.193083
v 0.704539 -0.900778 -0.253626
v 0.032887 -0.760742 0.545348
v 0.531123 -0.929748 -0.331162
v -0.197101 -0.630620 0.485391
v 0.933092 -0.807771 0.105397
v 0.360027 -0.900973 -0.373394
v -0.027817 -0.383181 -0.489952
v 0.270963 0.501910 0.245131
v -0.235323 0.588786 -0.415604
v -0.689877 -0.777969 -0.284764
v -0.655097 -0.355583 -0.297169
v -0.744082 -0.798744 0.185029
v -0.067665 -0.844367 0.371080
v 0.182803 -0.815618 0.495085
v 0.189308 -0.959300 -0.249926
v 0.240499 -0.956618 -0.238235
v -0.213381 0.370906 -0.362818
v 0.304117 0.188434 0.165772
v 0.060969 0.822050 0.375923
v -0.635983 -0.390455 0.183876
v -0.780795 -0.696382 -0.116550
v -0.005964 0.890944 -0.344857
v -0.741732 -0.798050 0.268730
v -0.869528 -0.782641 0.272533
v -0.863109 -0.782702 0.281773
v -0.749216 -0.816959 0.177593
v -0.016851 -0.161128 -0.436662
v -0.048703 0.851838 -0.426418
v 0.466882 -0.907033 -0.385635
v 0.006489 0.528161 -0.504371
v 0.183657 0.015458 -0.365504
v -0.134785 0.591980 -0.408277
v -0.266354 -0.353118 0.323912
v 0.470619 -0.873622 -0.332865
v -0.098905 0.949769 -0.352221
v -0.377826 0.020205 0.016893
v -0.493060 -0.359244 0.212038
v -0.545989 -0.389671 0.222472
v -0.541575 -0.419153 0.252376
v 0.585673 -0.255190 -0.192258
v -0.516223 0.024879 -0.062441
v -0.016786 0.968053 0.055781
v -0.387280 0.028840 0.047791
v -0.472182 -0.315355 0.247754
v -0.288568 -0.007984 0.298585
v 0.053750 -0.458606 -0.497298
v -0.927862 -0.640880 0.092670
v -0.629176 -0.183376 -0.226156
v -0.320699 0.576952 -0.401040
v 0.196645 0.322092 0.301193
v 0.375556 -0.849989 0.322681
v 0.425828 -0.938959 -0.370727
v -0.099270 0.065572 -0.329468
v -0.313557 0.607562 -0.399350
v -0.089397 0.699627 -0.428596
v -0.088126 0.730083 -0.418048
v -0.059737 0.979681 -0.063291
v -0.000075 -0.801297 0.556061
v 0.632967 -0.736458 0.324594
v -0.723818 -0.679701 0.165350
v -0.034686 -0.925773 -0.050034
v -0.350136 -0.112733 0.191643
v -0.046435 -0.014412 0.386931
v 0.599079 -0.220535 0.072454
v 0.113677 -0.360464 0.340667
v 0.248777 0.691014 0.262386
v 0.344631 -0.946988 -0.477386
v -0.452203 -0.360520 -0.388288
v 0.399469 -0.907396 -0.343831
v 0.078684 0.081394 0.369358
v 0.190657 0.692472 0.302446
v -0.207032 0.568819 -0.433745
v -0.207865 0.086847 -0.302347
v 0.246555 0.552670 -0.399062
v 0.249586 0.538091 -0.385061
v 0.264841 0.539059 -0.389498
v -0.807697 -0.727125 -0.092577
v 0.074060 -0.966794 -0.475603
v -0.029829 0.141312 0.382148
v 0.421674 -0.930288 -0.454508
v 0.089659 0.202039 0.363626
v 0.376630 0.562007 0.059717
v 0.379514 0.546018 0.009227
v -0.397379 -0.374444 -0.457125
v 0.652344 -0.228318 -0.082499
v -0.644419 -0.745879 -0.171442
v -0.362193 0.121979 -0.163744
v -0.746631 -0.651688 0.167543
v 0.298914 0.511541 -0.284813
v -0.913365 -0.747240 0.008243
v -0.302605 -0.804241 0.496236
v -0.161589 0.514429 -0.446123
v -0.769839 -0.766373 0.285101
v -0.808435 -0.595969 0.124599
v 0.639791 -0.726734 0.314003
v -0.617578 -0.796287 -0.209625
v 0.727162 -0.824847 0.263162
v -0.106760 0.201731 -0.324276
v -0.236499 -0.694146 -0.518471
v 0.940699 -0.798800 0.092976
v 0.819246 -0.536263 0.215800
v 0.441732 -0.800787 -0.391662
v 0.492443 -0.854813 -0.374881
v 0.435103 -0.854999 0.332574
v 0.410052 -0.744814 0.486886
v 0.490724 -0.749461 0.485590
v -0.783517 -0.635045 -0.077878
v -0.796434 -0.381728 0.023273
v -0.589948 -0.583684 -0.369262
v 0.454088 -0.854626 -0.310241
v 0.461326 -0.903263 -0.377169
v 0.600529 -0.937881 -0.327193
v -0.204420 0.455289 -0.437292
v -0.678746 -0.597309 0.253324
v 0.318002 -0.017507 -0.345164
v 0.332914 -0.073901 -0.363995
v 0.479822 -0.949667 -0.228017
v 0.497986 -0.450543 0.307736
v 0.198991 -0.538942 -0.480788
v 0.394439 0.586263 -0.097877
v 0.475537 -0.793029 -0.298058
v 0.297145 0.677037 0.218021
v -0.717496 -0.880585 0.200890
v 0.384087 -0.784974 -0.437828
v 0.183695 -0.521555 0.435505
v 0.403588 -0.804129 -0.415224
v -0.661558 -0.762574 -0.305302
v 0.001385 -0.273103 0.358712
v -0.928465 -0.648239 0.071554
v -0.806140 -0.753897 -0.092769
v 0.026974 0.955292 -0.011201
v -0.584493 -0.652939 0.346693
v -0.498676 -0.976303 -0.353805
v -0.559633 -0.184994 -0.306642
v -0.255455 0.830596 0.173949
v 0.695765 -0.809699 -0.218896
v -0.404752 -0.823563 0.458520
v 0.430619 -0.805202 -0.336234
v 0.300019 0.134613 0.163022
v -0.149363 -0.264908 -0.475059
v 0.641757 -0.770360 -0.272845
v 0.618010 -0.806848 -0.293550
v 0.633359 -0.184129 0.035094
v -0.327358 0.005847 0.252715
v -0.809086 -0.680385 -0.019544
v -0.239994 0.806496 0.264443
v 0.049737 -0.146426 0.365634
v 0.169803 0.626518 0.307176
v 0.395349 0.035996 -0.033895
v 0.216047 0.876573 -0.344779
v -0.011594 0.682557 -0.412233
v -0.035420 0.895090 -0.347818
v 0.061476 0.592729 -0.417954
v 0.107713 0.524479 -0.459385
v -0.231619 0.530661 -0.440104
v -0.164279 0.705115 0.343261
v 0.396814 -0.930787 -0.480197
v -0.303764 0.787599 0.205554
v 0.199912 0.193168 -0.233132
v -0.738398 -0.824605 0.243163
v 0.910762 -0.835109 0.064125
v -0.253500 -0.052217 -0.417420
v 0.668946 -0.449744 0.183590
v 0.189534 -0.273880 0.303001
v -0.790127 -0.528050 -0.108872
v 0.261686 -0.759536 -0.466829
v 0.560750 -0.698024 -0.315988
v -0.299030 0.887236 0.028796
v 0.213763 0.889050 -0.248654
v 0.089385 0.548936 -0.414516
v 0.438451 -0.627887 -0.380423
v -0.749789 -0.666215 0.137873
v 0.226445 0.825556 0.164341
v 0.827035 -0.843115 0.005834
v 0.216039 0.890363 -0.234072
v -0.741009 -0.726669 0.101507
v -0.776048 -0.827181 0.296911
v 0.723113 -0.837765 -0.082969
v 0.035430 0.987192 0.006073
v -0.146242 0.072817 -0.346490
v -0.382163 0.054961 0.134202
v 0.279074 0.272852 -0.170620
v -0.828331 -0.779957 -0.113898
v 0.057239 0.825864 0.357888
v -0.005124 -0.311363 0.373498
v 0.689516 -0.733632 -0.240976
v -0.738409 -0.930117 -0.187512
v 0.560319 -0.746776 -0.159568
v -0.758413 -0.747340 0.253944
v -0.326464 -0.624998 -0.513710
v -0.280455 -0.650022 -0.520698
v 0.586524 -0.280386 0.083029
v 0.083259 0.972180 -0.008493
v 0.508305 -0.629638 0.449494
v 0.386938 0.641164 -0.098769
v -0.171819 0.106802 -0.339852
v -0.380981 0.805944 -0.095716
v 0.274177 0.047778 0.176458
v 0.542597 -0.897972 0.070575
v -0.179471 0.462413 -0.441305
v 0.489184 -0.696791 -0.369950
v 0.199978 0.927643 -0.018668
v 0.382953 -0.899050 0.058820
v 0.157986 -0.328066 -0.531703
v 0.613334 -0.834460 -0.297819
v -0.300003 -0.815020 0.502623
v 0.860794 -0.681300 0.299882
v 0.069333 -0.424737 -0.524834
v -0.202325 -0.188062 0.316406
v 0.408709 -0.940878 -0.156046
v 0.059237 -0.877967 0.160184
v 0.250901 0.848848 0.063695
v 0.216940 -0.324997 0.349390
v 0.176513 0.253513 -0.291214
v 0.310868 0.132569 -0.085957
v 0.114487 -0.336663 -0.521452
v 0.206761 0.684501 -0.395705
v 0.399773 -0.946422 -0.318505
v -0.736696 -0.702056 0.148492
v 0.357915 0.747688 0.086331
v -0.044464 0.986776 -0.153391
v -0.718273 -0.482586 -0.250909
v -0.734341 -0.550694 -0.076336
v -0.369994 -0.674526 0.495915
v 0.316263 0.729415 -0.237937
v 0.757934 -0.782795 -0.026581
v 0.243539 0.342303 -0.265898
v 0.228931 -0.059586 -0.397023
v 0.812159 -0.466232 0.146475
v -0.436235 0.660148 -0.092059
v 0.634891 -0.890262 -0.353244
v 0.389488 -0.671343 -0.454832
v 0.332781 0.103412 -0.141851
v 0.133227 0.164800 -0.284253
v -0.883038 -0.786605 0.261928
v 0.446645 -0.679761 0.450566
v 0.611367 -0.737047 -0.352874
v -0.330268 -0.385733 -0.517037
v 0.796116 -0.589318 -0.063158
v -0.895152 -0.754791 -0.039933
v 0.033833 -0.417805 0.418926
v -0.467942 -0.683091 -0.434800
v -0.010037 0.778915 -0.407310
v -0.308202 -0.814440 0.483192
v 0.408681 -0.861076 0.269494
v -0.317974 0.478166 -0.328359
v -0.520979 -0.112452 0.111702
v 0.115480 0.075331 -0.366904
v -0.832401 -0.624324 0.121489
v 0.648854 -0.884114 0.141546
v -0.823273 -0.830088 -0.085652
v 0.853397 -0.592911 0.244983
v 0.351584 -0.760319 0.493375
v 0.234697 0.886520 0.017931
v -0.493840 0.052187 -0.106138
v -0.735614 -0.682791 0.116932
v -0.261406 0.044578 -0.338662
v 0.192436 -0.886561 -0.447942
v -0.785008 -0.392291 -0.045651
v -0.283682 0.610592 -0.383744
v -0.333851 0.480267 -0.297832
v 0.649764 -0.888161 0.014616
v 0.661805 -0.882361 0.040181
v 0.225501 -0.479406 0.425947
v 0.379077 -0.172169 0.170242
v 0.575097 -0.812341 -0.332556
v -0.456382 -0.111620 -0.358530
v -0.471138 -0.138051 -0.362891
v -0.493025 -0.078679 0.098647
v -0.863253 -0.863164 0.037708
v -0.391231 0.512050 -0.183055
v -0.407300 0.447392 -0.116721
v 0.466982 -0.871683 -0.360451
v 0.093956 0.160843 -0.307202
v 0.691783 -0.847252 -0.059739
v -0.794901 -0.427135 -0.052254
v 0.319185 -0.964497 -0.489202
v 0.367983 0.691025 -0.072048
v -0.312636 -0.690233 -0.507967
v 0.254642 0.200475 -0.177240
v -0.492715 -0.905209 0.099179
v -0.009523 -0.251955 -0.433982
v -0.237428 -0.052182 -0.425129
v -0.746922 -0.689902 0.174057
v -0.367318 -0.888954 0.166569
v -0.843250 -0.720517 0.271326
v -0.280607 0.697920 -0.346658
v 0.165489 0.089391 -0.309019
v 0.120958 -0.238299 0.318291
v 0.078528 -0.716077 -0.540778
v -0.205004 -0.987544 -0.342247
v -0.512663 -0.211209 0.128817
v -0.200355 0.010214 -0.365930
v -0.374078 -0.429596 0.359327
v -0.189842 0.071410 -0.341416
v -0.184840 0.081984 -0.324654
v 0.101854 0.906453 -0.370485
v -0.312638 0.125758 -0.208254
v 0.104037 0.620357 -0.407958
v 0.386592 -0.221446 0.203331
v -0.284867 -0.759878 -0.502034
v -0.190177 0.742772 0.335587
v 0.071843 0.411030 -0.443073
v 0.442309 -0.373645 0.300767
v -0.810988 -0.525073 -0.068470
v -0.885032 -0.740982 0.232788
v -0.344132 -0.963304 -0.466965
v 0.702018 -0.515211 0.197166
v 0.812232 -0.795058 0.002472
v 0.661224 -0.893807 -0.291701
v -0.295724 -0.980687 -0.462527
v 0.357815 -0.959918 -0.491266
v -0.239410 0.291052 -0.310479
v 0.523164 -0.805169 -0.330354
v 0.184046 0.741985 0.306780
v -0.671890 -0.226933 -0.110468
v -0.137324 -0.563398 -0.511465
v 0.243000 -0.969002 -0.496128
v -0.361292 -0.050891 0.146334
v 0.140139 0.942583 -0.073598
v 0.185980 0.972823 -0.023937
vn 0.9570 0.2810 0.0724
vn 0.9910 0.1075 0.0800
vn 0.8057 0.3211 0.4978
vn 0.9641 0.2612 0.0487
vn 0.9992 0.0189 -0.0341
vn 0.9574 0.2545 -0.1368
vn 0.9302 0.2475 0.2709
vn 0.9840 0.1721 0.0463
vn 0.9294 0.1722 0.3266
vn 0.8464 0.5180 -0.1235
vn -0.4762 0.3290 -0.8155
vn 0.5539 0.2659 0.7890
vn 0.6268 -0.3079 0.7158
vn 0.8979 0.4222 0.1249
vn 0.6969 0.0250 0.7168
vn 0.8872 -0.4490 -0.1059
vn 0.7213 -0.3250 -0.6117
vn -0.5904 -0.3369 0.7334
vn -0.6533 -0.3756 0.6574
vn -0.2261 -0.2895 0.9301
vn -0.8718 -0.2656 0.4117
vn -0.7443 -0.3391 0.5754
vn -0.9960 -0.0569 -0.0685
vn 0.5501 -0.1373 0.8237
vn 0.7072 -0.0743 0.7031
vn 0.8314 -0.1293 0.5404
vn 0.5958 -0.2833 0.7515
vn -0.1856 -0.1308 0.9739
vn -0.0950 -0.1389 0.9857
vn 0.6812 -0.1259 0.7212
vn 0.6856 -0.1542 0.7115
vn 0.1251 -0.2038 0.9710
vn -0.2933 -0.1985 0.9352
vn 0.2167 -0.2475 0.9443
vn -0.1178 -0.6023 0.7895
vn 0.2043 -0.4577 0.8653
vn 0.3829 -0.4768 0.7912
vn 0.5292 -0.2203 0.8194
vn 0.4981 -0.0624 0.8648
vn 0.6499 -0.1276 0.7492
vn 0.6352 -0.1696 0.7535
vn 0.3039 -0.0681 0.9503
vn 0.5916 0.0776 0.8025
vn -0.5402 -0.3043 0.7846
vn -0.9861 -0.1621 0.0362
vn -0.4627 -0.2838 0.8399
vn -0.4761 -0.2721 0.8362
vn -0.6051 -0.3701 0.7049
vn -0.4252 -0.4294 0.7967
vn -0.8299 -0.4391 0.3441
vn 0.2698 -0.4487 0.8520
vn -0.9083 -0.2900 0.3015
vn 0.4211 0.2295 0.8775
vn 0.4851 -0.0290 0.8740
vn 0.0920 -0.2098 0.9734
vn -0.9887 -0.1480 0.0254
vn 0.7351 0.0824 0.6729
vn 0.4993 0.0937 0.8613
vn 0.6054 -0.3164 0.7303
vn 0.5871 0.3274 0.7403
vn 0.4451 0.4554 0.7711
vn 0.3440 -0.3334 0.8778
vn 0.7012 -0.0916 0.7070
vn 0.3041 -0.4450 0.8423
vn -0.6345 -0.3463 0.6910
vn -0.9122 -0.3696 -0.1769
vn -0.9289 -0.2176 -0.2997
vn -0.7460 -0.3168 0.5857
vn -0.9582 -0.1975 -0.2068
vn 0.1160 -0.6942 0.7104
vn -0.1735 -0.5592 0.8107
vn -0.3375 -0.7992 0.4973
vn -0.8445 0.5253 0.1044
vn -0.8758 0.4043 0.2636
vn -0.9738 0.2028 -0.1029
vn 0.6940 -0.1000 0.7130
vn -0.9477 -0.3119 -0.0669
vn 0.0288 -0.0876 0.9957
vn -0.6445 0.5099 0.5697
vn -0.6965 -0.1101 0.7090
vn 0.4543 -0.2028 0.8674
vn -0.1023 -0.0287 0.9943
vn -0.9537 -0.0690 0.2928
vn 0.9013 -0.0302 0.4322
vn 0.8393 -0.0180 0.5434
vn -0.3194 -0.2502 0.9140
vn -0.4721 -0.4453 0.7608
vn -0.8852 -0.4293 -0.1792
vn -0.9110 -0.1621 -0.3791
vn -0.6534 -0.6417 0.4016
vn 0.8094 -0.1707 0.5619
vn -0.8241 -0.5344 -0.1877
vn -0.5864 -0.7771 0.2287
vn 0.4276 -0.7269 0.5374
vn 0.4144 -0.8118 -0.4114
vn -0.7200 -0.2647 -0.6415
vn -0.9288 -0.3457 -0.1332
vn -0.2192 0.2763 0.9357
vn -0.3085 0.8159 0.4890
vn 0.3844 0.3216 0.8653
vn -0.0519 0.4258 0.9033
vn -0.0472 0.2079 0.9770
vn -0.7030 0.6098 0.3660
vn 0.3370 0.3946 0.8548
vn 0.6345 0.2662 0.7256
vn 0.6018 0.1340 0.7874
vn -0.5724 0.3531 0.7401
vn 0.2714 0.5635 0.7803
vn 0.6691 0.1031 0.7360
vn 0.7050 0.2343 0.6694
vn 0.7219 0.2081 0.6600
vn -0.9151 -0.2220 -0.3366
vn 0.3537 -0.0444 0.9343
vn 0.4798 -0.1643 0.8619
vn 0.2753 -0.0499 0.9601
vn 0.0295 0.0461 0.9985
vn 0.0797 0.0481 0.9957
vn 0.0749 0.0458 0.9961
vn 0.1781 0.0581 -0.9823
vn 0.4531 0.2402 -0.8585
vn -0.1478 0.2038 -0.9678
vn 0.3462 -0.0444 -0.9371
vn -0.3138 0.4371 -0.8429
vn 0.0126 0.6624 -0.7490
vn -0.4598 0.6318 -0.6240
vn -0.2656 0.2799 -0.9226
vn 0.7814 -0.0391 -0.6228
vn 0.0626 0.3336 -0.9406
vn -0.2304 0.0379 -0.9723
vn 0.0759 0.3920 -0.9168
vn 0.0274 -0.0561 -0.9980
vn -0.1735 0.1338 -0.9757
vn 0.0412 0.3458 -0.9374
vn -0.1852 0.0400 -0.9819
vn -0.6670 -0.0112 -0.7450
vn -0.0495 0.9864 -0.1569
vn 0.0680 0.8403 -0.5378
vn -0.1632 0.9180 -0.3614
vn 0.9608 0.0315 -0.2753
vn 0.4892 0.7054 -0.5129
vn 0.0149 0.1577 -0.9874
vn 0.5431 0.5106 -0.6666
vn 0.9734 0.2083 -0.0951
vn 0.1499 0.8711 0.4676
vn -0.7791 -0.3268 0.5349
vn -0.4044 -0.2294 0.8853
vn -0.9421 -0.1077 0.3177
vn -0.3943 -0.7739 -0.4955
vn -0.4093 -0.8894 -0.2036
vn -0.1499 -0.9837 -0.0994
vn -0.0792 -0.9646 -0.2515
vn -0.3565 -0.9024 -0.2420
vn -0.4009 -0.8503 -0.3409
vn 0.7719 -0.3886 -0.5031
vn 0.7978 -0.3214 -0.5102
vn 0.7112 -0.2989 -0.6362
vn -0.4974 -0.6045 0.6223
vn -0.2727 -0.8530 0.4450
vn -0.6990 -0.4817 0.5286
vn 0.7088 -0.5788 -0.4032
vn 0.6421 -0.6964 -0.3204
vn -0.0971 -0.9767 0.1916
vn 0.6675 -0.6133 0.4223
vn -0.1410 -0.8534 0.5018
vn 0.5411 -0.7767 0.3224
vn -0.3847 -0.6987 0.6032
vn 0.4918 -0.8658 0.0921
vn 0.0331 -0.8774 0.4786
vn -0.8098 -0.3968 0.4323
vn -0.7366 -0.4741 0.4823
vn -0.9932 -0.0713 0.0924
vn -0.9418 -0.1877 0.2789
vn -0.1393 -0.9089 0.3932
vn -0.1481 -0.5940 0.7907
vn 0.0666 -0.8323 0.5503
vn 0.2949 -0.9304 0.2176
vn 0.5132 -0.8554 -0.0697
vn 0.6545 -0.4040 -0.6391
vn -0.2159 -0.7101 0.6702
vn -0.2314 -0.8410 0.4890
vn -0.5148 -0.8323 0.2056
vn -0.3157 -0.7750 -0.5474
vn 0.4021 -0.9153 -0.0209
vn 0.9143 -0.0885 -0.3954
vn 0.8835 -0.4661 -0.0456
vn 0.1259 -0.9415 0.3127
vn -0.9371 -0.1139 -0.3301
vn 0.5720 -0.5841 -0.5759
vn 0.4812 -0.1336 -0.8664
vn 0.5900 -0.2816 -0.7567
vn 0.5067 -0.4972 -0.7043
vn 0.0141 -0.7337 0.6794
vn 0.4276 -0.0552 -0.9023
vn -0.0614 0.2884 0.9555
vn 0.6203 0.4407 0.6488
vn 0.1519 0.3166 0.9363
vn 0.0987 0.5246 0.8456
vn -0.0849 0.3854 0.9188
vn 0.4022 0.7707 0.4942
vn 0.0865 0.8969 0.4337
vn 0.0748 0.4867 0.8704
vn -0.1156 0.9539 0.2771
vn 0.0628 -0.5835 0.8097
vn 0.3350 0.8913 0.3056
vn 0.5138 0.1598 0.8429
vn 0.3168 0.3510 0.8811
vn 0.7268 -0.1430 0.6718
vn 0.6735 0.0061 0.7392
vn 0.7962 -0.1040 0.5961
vn 0.5593 0.0162 0.8288
vn 0.6788 -0.1070 0.7265
vn 0.4443 0.1398 0.8849
vn 0.6929 -0.0120 0.7209
vn 0.9390 -0.2713 0.2113
vn 0.8560 -0.1672 0.4892
vn 0.7884 -0.1154 0.6042
vn -0.9699 -0.2431 0.0165
vn -0.9972 -0.0737 -0.0146
vn -0.9868 -0.0937 -0.1320
vn 0.4175 -0.9083 0.0247
vn 0.4761 -0.8615 0.1767
vn 0.5963 -0.7927 0.1268
vn 0.4154 -0.9096 0.0128
vn 0.3796 -0.9133 -0.1479
vn 0.9035 -0.4275 -0.0290
vn 0.6069 -0.7844 -0.1282
vn 0.9020 -0.4318 -0.0047
vn 0.6039 -0.7949 -0.0586
vn 0.4015 -0.8998 -0.1709
vn 0.8505 0.3015 0.4310
vn 0.9842 -0.1750 0.0287
vn 0.9943 -0.0161 0.1057
vn 0.3702 -0.9137 0.1673
vn 0.4083 -0.8885 0.2095
vn 0.5508 -0.7344 0.3966
vn 0.9718 0.0135 0.2355
vn 0.7626 -0.5403 0.3558
vn 0.4108 -0.9117 0.0010
vn 0.9863 -0.0680 0.1505
vn -0.0380 -0.6427 0.7651
vn 0.4101 -0.6094 0.6785
vn 0.4568 -0.8895 0.0142
vn 0.2935 -0.6049 -0.7403
vn 0.2502 -0.7996 -0.5459
vn 0.4364 -0.8539 -0.2835
vn 0.3527 -0.9131 -0.2046
vn -0.4149 -0.0141 0.9097
vn 0.1820 -0.7771 0.6025
vn 0.4743 -0.8803 0.0090
vn -0.1729 -0.9840 0.0419
vn 0.5432 -0.8381 0.0506
vn -0.3547 -0.8756 0.3281
vn -0.3661 -0.9159 0.1645
vn 0.5217 -0.8509 -0.0621
vn 0.4202 -0.8867 -0.1926
vn 0.5701 -0.8099 -0.1379
vn 0.7740 -0.6264 -0.0921
vn 0.5316 -0.6359 0.5595
vn 0.3153 -0.7427 0.5908
vn 0.7532 -0.6267 0.1997
vn 0.3351 -0.9403 -0.0592
vn 0.2201 -0.9753 -0.0175
vn 0.4804 -0.8607 -0.1685
vn 0.9519 -0.3064 0.0058
vn 0.9994 -0.0333 0.0040
vn 0.8308 -0.5531 0.0617
vn 0.7405 -0.6720 -0.0119
vn 0.9940 -0.1024 -0.0383
vn 0.8215 -0.5105 0.2541
vn 0.7230 0.5460 -0.4233
vn 0.8233 -0.5674 0.0162
vn 0.5887 -0.8081 -0.0208
vn 0.3908 -0.9168 0.0824
vn 0.2643 -0.9606 -0.0853
vn -0.4101 -0.9120 0.0017
vn 0.5085 -0.1163 -0.8532
vn 0.9843 -0.1640 0.0646
vn 0.8170 -0.5499 -0.1735
vn 0.7033 -0.7100 -0.0346
vn 0.1793 -0.8936 -0.4114
vn 0.1626 -0.8159 -0.5549
vn 0.9594 0.2148 0.1828
vn 0.9910 0.1317 -0.0234
vn 0.2941 -0.8236 0.4850
vn 0.0368 -0.7559 0.6537
vn 0.9988 0.0044 -0.0489
vn 0.3128 -0.9477 0.0636
vn 0.8442 -0.5228 0.1184
vn 0.7357 -0.3944 -0.5507
vn 0.4614 -0.7577 -0.4614
vn 0.4389 -0.8984 0.0186
vn 0.9626 0.0559 0.2651
vn 0.9990 -0.0429 0.0125
vn 0.9994 -0.0352 -0.0054
vn 0.8285 -0.5481 0.1149
vn 0.6307 -0.7420 -0.2274
vn -0.2912 -0.8644 -0.4099
vn 0.7858 -0.6113 -0.0941
vn 0.9611 0.2754 0.0212
vn -0.0546 -0.9844 -0.1674
vn 0.9745 -0.1436 0.1724
vn 0.9835 -0.1361 -0.1189
vn 0.9498 0.2115 -0.2304
vn 0.9935 -0.0981 -0.0580
vn -0.3541 -0.3100 0.8823
vn 0.9459 0.0057 0.3245
vn -0.1861 -0.5438 0.8183
vn -0.6647 -0.4794 0.5730
vn -0.8630 -0.4709 0.1830
vn -0.8316 -0.3413 0.4382
vn -0.8536 -0.5128 -0.0919
vn -0.8919 -0.4435 0.0882
vn 0.5732 -0.3707 0.7308
vn -0.8933 -0.3370 0.2974
vn -0.4513 -0.7735 -0.4450
vn -0.6317 -0.5887 -0.5043
vn -0.8930 -0.4457 -0.0634
vn -0.8495 -0.4413 -0.2890
vn -0.8899 -0.3825 0.2485
vn -0.9430 -0.3133 0.1126
vn -0.9426 -0.3294 -0.0548
vn -0.9807 -0.0826 0.1774
vn 0.1327 -0.2246 0.9654
vn -0.6738 -0.5275 0.5175
vn -0.9472 -0.3106 0.0799
vn -0.8607 -0.5079 -0.0338
vn -0.9491 -0.2289 0.2165
vn -0.8442 -0.5336 -0.0504
vn 0.6349 -0.0845 0.7679
vn 0.4901 0.0165 0.8715
vn -0.9574 0.1250 0.2602
vn -0.9756 -0.2003 0.0903
vn -0.7626 -0.3028 -0.5717
vn 0.0167 -0.6870 0.7264
vn -0.3336 -0.5578 0.7599
vn -0.9725 -0.2310 -0.0290
vn -0.9663 -0.2478 -0.0698
vn -0.9725 -0.1443 -0.1826
vn -0.9383 -0.1632 -0.3050
vn -0.9895 -0.0211 -0.1430
vn -0.8870 0.1496 -0.4368
vn -0.9658 0.0134 -0.2589
vn -0.9947 -0.1012 0.0202
vn 0.1188 -0.9135 -0.3891
vn -0.0315 -0.8850 -0.4645
vn 0.1495 -0.3475 0.9257
vn 0.5745 -0.6605 0.4834
vn -0.3807 -0.9215 0.0770
vn -0.3722 -0.9194 -0.1268
vn -0.0049 -0.9991 -0.0417
vn -0.7798 -0.2473 -0.5751
vn -0.9946 -0.0503 -0.0909
vn -0.9958 -0.0761 -0.0512
vn -0.9895 -0.1434 0.0188
vn -0.9786 -0.1439 -0.1470
vn -0.9742 -0.1946 -0.1142
vn -0.4177 -0.4994 -0.7591
vn -0.7017 -0.4469 -0.5549
vn -0.8874 -0.3030 -0.3475
vn 0.6777 -0.2773 0.6810
vn -0.9734 -0.2056 -0.1007
vn 0.0538 -0.9816 0.1834
vn 0.0403 -0.9793 0.1984
vn 0.0337 -0.9741 0.2237
vn -0.0200 0.9931 0.1159
vn 0.0812 0.9846 0.1548
vn 0.0674 0.9905 0.1199
vn 0.1910 0.9208 0.3400
vn 0.0203 -0.9738 0.2265
vn 0.0279 -0.9754 0.2188
vn 0.0193 -0.9792 0.2022
vn 0.6227 0.2322 0.7472
vn 0.7405 0.0691 0.6685
vn 0.7333 0.1254 0.6682
vn -0.3794 0.8907 0.2504
vn -0.4141 0.7528 0.5117
vn -0.4350 0.7569 0.4877
vn 0.8782 -0.0254 -0.4776
vn 0.7892 -0.4666 -0.3993
vn 0.6863 -0.2304 -0.6898
vn 0.7480 0.4207 0.5134
vn 0.4692 -0.5706 0.6740
vn 0.7340 0.5676 0.3729
vn 0.6354 0.6807 0.3645
vn -0.3799 -0.6965 0.6087
vn -0.3444 -0.7014 0.6240
vn -0.9956 -0.0862 0.0360
vn 0.4383 -0.5244 0.7300
vn 0.4473 -0.6107 0.6534
vn -0.8260 -0.5229 0.2105
vn -0.7503 -0.3055 -0.5863
vn -0.7295 -0.6757 0.1065
vn -0.9325 -0.3339 -0.1375
vn -0.9661 0.1522 -0.2087
vn 0.3066 0.8228 0.4786
vn 0.0617 0.7654 0.6405
vn 0.3553 0.6208 0.6989
vn 0.1074 -0.8109 0.5752
vn 0.3310 -0.8830 -0.3327
vn 0.0033 -0.9455 0.3257
vn 0.1541 -0.4685 0.8699
vn 0.2855 -0.1831 0.9407
vn 0.1392 -0.9901 0.0176
vn -0.3605 -0.8140 -0.4555
vn 0.5144 -0.0900 -0.8528
vn 0.0842 -0.4729 -0.8771
vn -0.0526 -0.9918 0.1162
vn -0.0463 -0.9787 0.1999
vn -0.0105 -0.9821 0.1881
vn 0.5714 0.0744 0.8173
vn -0.5918 -0.0712 0.8029
vn -0.5568 -0.1928 0.8080
vn -0.4763 -0.1249 0.8704
vn 0.2640 -0.0223 -0.9643
vn 0.1569 0.0220 -0.9874
vn 0.0479 -0.0885 -0.9949
vn 0.0317 -0.9583 0.2841
vn -0.0043 -0.9657 0.2597
vn 0.0972 -0.7457 0.6591
vn -0.0444 0.4654 0.8840
vn 0.0812 0.4756 0.8759
vn -0.0288 0.4685 0.8830
vn 0.0849 -0.7749 -0.6264
vn -0.3423 -0.5286 -0.7768
vn -0.0404 0.2341 -0.9714
vn -0.4199 -0.5386 -0.7305
vn -0.5532 -0.6120 -0.5652
vn -0.4314 -0.7060 -0.5616
vn 0.7745 0.1049 -0.6238
vn 0.7541 0.1317 -0.6434
vn 0.6497 0.1292 -0.7491
vn -0.2384 0.6549 0.7172
vn 0.5080 -0.8530 -0.1195
vn 0.0928 -0.9884 0.1201
vn 0.3928 0.5719 -0.7202
vn 0.0036 0.8156 -0.5786
vn 0.0618 0.7515 -0.6569
vn 0.0834 -0.9023 0.4230
vn 0.1803 -0.6954 0.6956
vn 0.2385 -0.6056 0.7592
vn -0.0312 0.0463 -0.9984
vn -0.1997 0.1014 -0.9746
vn -0.1877 0.1648 -0.9683
vn 0.7203 0.0862 0.6882
vn 0.8719 -0.2733 0.4063
vn 0.8325 -0.2023 0.5158
vn -0.7650 0.3883 0.5139
vn -0.6560 0.4748 0.5867
vn -0.8707 0.1348 0.4729
vn 0.4009 -0.6213 -0.6733
vn 0.7039 -0.5009 -0.5037
vn 0.4859 -0.6247 -0.6113
vn -0.9256 -0.2088 -0.3158
vn -0.9539 0.2603 -0.1493
vn -0.9762 -0.1750 -0.1284
vn -0.3913 -0.1873 0.9010
vn -0.3915 -0.1283 0.9112
vn 0.7847 0.1826 -0.5924
vn 0.7882 0.2181 -0.5754
vn 0.6246 0.0542 -0.7791
vn -0.9720 -0.0643 -0.2258
vn -0.7636 -0.6451 0.0287
vn -0.7174 -0.6857 -0.1228
vn -0.3407 -0.1147 -0.9332
vn -0.0152 -0.2197 -0.9755
vn -0.2584 -0.3936 -0.8822
vn 0.0071 -0.9977 0.0667
vn 0.0087 -0.9998 -0.0163
vn 0.0202 -0.9975 0.0671
vn -0.0643 -0.9767 0.2047
vn -0.0248 -0.9769 0.2122
vn -0.0020 -0.9833 0.1821
vn -0.3041 -0.7248 -0.6182
vn -0.6842 -0.7212 0.1081
vn 0.2905 -0.3019 -0.9080
vn 0.1394 0.1849 -0.9728
vn 0.3669 0.1706 -0.9145
vn 0.3230 0.1622 -0.9324
vn 0.5422 0.6023 0.5858
vn 0.5705 0.7430 0.3500
vn 0.6693 0.7406 0.0599
vn 0.8665 0.4972 0.0452
vn 0.7391 0.5550 0.3817
vn 0.8932 0.4469 -0.0505
vn 0.2746 0.0344 0.9609
vn 0.3273 0.0276 0.9445
vn 0.4197 0.0171 0.9075
vn 0.3952 0.4226 0.8156
vn 0.3889 0.5008 0.7733
vn 0.2935 0.6268 0.7218
vn 0.2932 -0.9155 0.2755
vn 0.2941 -0.7722 0.5631
vn 0.7430 -0.6595 0.1141
vn -0.1845 0.1988 -0.9625
vn -0.2721 0.4426 -0.8545
vn -0.1137 0.2060 -0.9719
vn 0.1811 0.6396 0.7470
vn -0.8715 -0.4399 0.2169
vn -0.3986 0.5523 0.7322
vn 0.7420 0.0803 -0.6656
vn 0.7824 0.0624 -0.6196
vn 0.1022 -0.1254 -0.9868
vn -0.4912 0.7873 -0.3728
vn -0.4899 0.6709 -0.5567
vn -0.0940 0.8945 -0.4370
vn 0.0366 -0.9958 0.0837
vn 0.0153 -0.9971 0.0744
vn 0.5920 -0.7741 -0.2244
vn -0.8215 0.5081 -0.2589
vn -0.8644 0.4066 -0.2958
vn -0.6469 0.7208 -0.2489
vn 0.4482 0.6266 0.6375
vn 0.6575 0.4859 0.5758
vn 0.5605 0.8144 0.1505
vn 0.2764 0.0214 -0.9608
vn 0.4800 -0.0380 -0.8764
vn 0.2232 -0.0534 -0.9733
vn 0.4801 -0.3769 -0.7921
vn 0.8718 -0.1180 -0.4755
vn 0.6373 -0.7402 -0.2144
vn 0.4901 -0.2041 0.8474
vn 0.1979 -0.9721 0.1262
vn 0.2149 -0.9451 0.2461
vn -0.1656 0.2518 0.9535
vn -0.1067 0.0736 0.9916
vn 0.1153 0.4257 0.8975
vn -0.6300 0.0552 -0.7747
vn -0.7603 -0.0545 -0.6473
vn -0.6039 -0.1404 -0.7846
vn 0.1410 0.0414 -0.9891
vn 0.1035 0.3040 -0.9470
vn 0.2771 0.1172 -0.9537
vn -0.4138 -0.3945 -0.8205
vn -0.1256 0.8225 -0.5547
vn -0.0721 0.0498 -0.9961
vn 0.4913 -0.7478 -0.4465
vn -0.2593 -0.9588 0.1156
vn 0.0507 -0.9647 0.2586
vn -0.3382 0.0547 -0.9395
vn -0.4542 -0.0262 -0.8905
vn -0.5622 0.3159 -0.7643
vn -0.5737 0.4223 -0.7018
vn -0.6227 0.5073 -0.5957
vn -0.4238 0.5302 -0.7344
vn -0.7624 -0.0600 -0.6443
vn -0.6494 -0.0702 -0.7572
vn -0.7241 -0.0523 -0.6877
vn -0.6439 0.0390 0.7641
vn -0.7686 0.0211 0.6394
vn -0.7757 0.0361 0.6301
vn -0.9311 -0.3525 -0.0937
vn -0.9070 -0.3719 -0.1974
vn -0.9825 -0.0874 -0.1643
vn -0.8781 0.3786 -0.2927
vn -0.7688 0.2999 -0.5647
vn -0.8259 0.3469 -0.4446
vn -0.4655 0.8693 0.1659
vn -0.3875 0.8949 0.2213
vn -0.5355 0.8247 0.1819
vn 0.3776 -0.5634 -0.7348
vn -0.3663 -0.9223 0.1233
vn -0.5592 -0.5156 0.6492
vn 0.1077 0.3450 0.9324
vn -0.0076 0.2785 0.9604
vn -0.0322 0.4087 0.9121
vn 0.0972 -0.3909 0.9153
vn 0.2824 -0.1127 0.9527
vn 0.2065 -0.4222 0.8826
vn 0.3317 -0.3944 0.8570
vn 0.9093 -0.3895 0.1464
vn 0.6913 -0.4637 0.5542
vn 0.8283 0.3221 -0.4585
vn 0.8516 0.4497 -0.2692
vn 0.7743 0.4128 -0.4796
vn -0.7640 -0.6443 -0.0333
vn -0.9943 0.0101 -0.1063
vn -0.8103 -0.5721 -0.1272
vn -0.8179 -0.3230 0.4762
vn 0.3871 -0.1971 -0.9007
vn 0.3651 -0.5001 -0.7853
vn 0.5628 -0.2568 -0.7857
vn 0.5283 0.2359 -0.8157
vn 0.4030 0.3429 -0.8485
vn 0.5510 0.4202 -0.7210
vn -0.3199 0.2260 0.9201
vn -0.1430 0.1928 0.9708
vn 0.0860 0.2842 0.9549
vn -0.5303 0.2097 -0.8215
vn -0.5377 0.2000 -0.8191
vn -0.5565 -0.1404 0.8189
vn -0.0966 -0.9058 0.4125
vn -0.5533 -0.0513 0.8314
vn -0.0189 0.1318 0.9911
vn 0.0484 -0.0490 0.9976
vn -0.6681 0.1139 0.7353
vn 0.3601 -0.9089 -0.2102
vn 0.6401 -0.5911 -0.4908
vn 0.2998 -0.9539 -0.0094
vn 0.0082 0.1408 -0.9900
vn 0.0775 0.0155 -0.9969
vn -0.4713 0.0675 -0.8794
vn 0.8792 0.3794 0.2882
vn 0.8563 0.4575 0.2397
vn 0.9108 0.3799 0.1616
vn -0.6782 -0.5161 -0.5231
vn -0.2574 -0.8275 -0.4990
vn -0.5251 -0.8344 0.1676
vn -0.7021 0.0169 0.7119
vn -0.7538 -0.0321 0.6563
vn 0.2072 -0.0098 -0.9782
vn 0.3002 0.0724 -0.9511
vn 0.0465 0.0415 -0.9981
vn -0.8787 0.4560 -0.1412
vn -0.8776 0.4468 -0.1737
vn -0.7879 0.5526 -0.2716
vn -0.1275 0.5511 0.8247
vn -0.1554 0.5114 0.8452
vn -0.1717 0.4818 0.8593
vn -0.0158 -0.9760 0.2171
vn 0.3689 0.2016 -0.9073
vn -0.4737 0.4579 -0.7523
vn 0.1829 -0.9802 -0.0762
vn 0.3580 -0.7624 0.5390
vn 0.1215 -0.7735 0.6221
vn 0.8651 -0.0495 0.4991
vn 0.7649 0.2450 0.5958
vn 0.2562 0.3864 0.8860
vn 0.3715 0.4194 0.8283
vn 0.2940 0.3512 0.8889
vn -0.7782 0.3155 0.5430
vn -0.6914 0.3853 0.6111
vn -0.8126 -0.0675 0.5790
vn 0.7394 0.5979 0.3095
vn 0.7973 0.5865 -0.1426
vn 0.8147 0.5752 -0.0739
vn -0.9891 -0.1056 0.1028
vn -0.9891 -0.1186 -0.0876
vn 0.9793 -0.1708 -0.1082
vn 0.9899 -0.1406 0.0193
vn 0.9886 -0.1501 -0.0101
vn -0.1067 -0.9908 0.0830
vn -0.0067 -0.9776 0.2105
vn -0.0628 -0.9926 0.1039
vn -0.1473 0.7057 0.6930
vn -0.3321 0.5735 0.7488
vn -0.1891 0.7313 0.6554
vn 0.9847 -0.1460 -0.0950
vn 0.9269 -0.2745 -0.2557
vn 0.9419 -0.0867 -0.3245
vn 0.1065 -0.4729 -0.8747
vn 0.1916 0.0998 -0.9764
vn 0.2997 0.0774 -0.9509
vn -0.9775 0.1580 0.1396
vn -0.4590 0.8864 0.0602
vn -0.4116 0.9083 -0.0748
vn 0.6119 0.7805 -0.1277
vn 0.8346 0.5302 -0.1492
vn 0.6169 0.7690 0.1674
vn 0.0579 -0.5901 0.8053
vn 0.0287 -0.8531 0.5209
vn 0.0219 -0.6718 0.7404
vn -0.1252 -0.2000 -0.9718
vn 0.0078 0.8494 -0.5277
vn -0.1332 -0.0366 -0.9904
vn 0.7633 0.6367 0.1094
vn 0.8476 0.4528 0.2767
vn 0.7944 0.4436 0.4150
vn -0.3722 0.8927 -0.2542
vn -0.4611 0.7765 -0.4294
vn -0.3776 0.7411 -0.5551
vn -0.2005 -0.3257 0.9240
vn -0.0627 -0.5484 0.8338
vn 0.0745 -0.4548 0.8875
vn 0.9993 0.0285 0.0226
vn 0.9512 -0.1235 -0.2829
vn 0.9906 -0.1258 -0.0541
vn -0.4129 -0.6780 -0.6082
vn -0.4070 -0.5587 -0.7227
vn -0.5013 -0.6440 -0.5779
vn -0.3344 0.9423 0.0161
vn 0.1408 0.9895 -0.0313
vn -0.0605 0.9981 0.0094
vn 0.0307 -0.9715 0.2350
vn 0.0439 -0.9713 0.2336
vn 0.0180 -0.9749 0.2220
vn -0.4282 0.8620 0.2713
vn -0.4563 0.7713 0.4437
vn 0.8444 -0.3140 0.4339
vn 0.9262 -0.3757 0.0317
vn 0.9950 -0.0831 0.0558
vn -0.5297 0.8443 0.0807
vn -0.5455 0.8380 0.0095
vn -0.6152 0.7728 -0.1557
vn 0.5814 -0.1181 0.8050
vn 0.8572 0.1163 0.5017
vn 0.3245 0.0809 0.9424
vn 0.0245 -0.9808 0.1936
vn 0.2128 -0.0825 -0.9736
vn 0.2440 -0.1418 -0.9594
vn -0.9937 -0.0322 -0.1075
vn 0.9752 -0.1740 -0.1366
vn 0.5930 -0.0448 0.8040
vn 0.3406 0.0056 0.9402
vn 0.3326 0.0015 0.9431
vn 0.9258 -0.3229 -0.1967
vn 0.7322 -0.6750 -0.0908
vn 0.9333 -0.2228 -0.2816
vn 0.7282 -0.6634 -0.1725
vn 0.8740 0.1004 0.4754
vn 0.8961 -0.0689 0.4386
vn 0.6231 -0.1902 0.7586
vn -0.6222 -0.1796 -0.7620
vn -0.3164 -0.1709 -0.9331
vn -0.8370 0.0293 -0.5464
vn -0.4704 -0.3400 -0.8143
vn -0.4007 -0.3199 -0.8585
vn -0.4891 -0.3626 -0.7933
vn -0.2788 0.1672 0.9457
vn -0.4321 0.3628 0.8257
vn -0.3687 0.1849 0.9110
vn -0.4056 0.2988 0.8638
vn 0.9759 -0.2021 -0.0818
vn 0.8973 -0.3738 -0.2350
vn 0.9304 -0.2113 -0.2995
vn 0.8655 0.2047 0.4572
vn 0.6570 0.2838 0.6984
vn 0.2365 0.4639 0.8537
vn -0.1085 0.1190 0.9870
vn 0.5124 0.3084 0.8015
vn -0.4669 0.4347 -0.7701
vn -0.2499 0.0592 -0.9665
vn -0.1157 0.0897 -0.9892
vn -0.3354 0.0382 -0.9413
vn -0.4154 0.0307 0.9091
vn -0.4746 0.0270 0.8798
vn -0.3503 0.0267 0.9362
vn -0.0617 -0.9939 0.0910
vn 0.5529 -0.5327 0.6408
vn 0.0431 0.5516 0.8330
vn 0.3329 0.4483 0.8296
vn 0.3052 0.3266 0.8945
vn 0.0865 -0.0007 -0.9963
vn 0.1536 0.1479 -0.9770
vn 0.0528 -0.0223 -0.9984
vn 0.3598 0.2389 -0.9019
vn 0.4029 0.3513 -0.8451
vn 0.4397 0.1494 -0.8856
vn 0.0214 -0.9891 -0.1459
vn -0.0015 -1.0000 -0.0042
vn -0.0442 -0.9970 0.0636
vn -0.5756 -0.2021 -0.7923
vn 0.4945 -0.0078 -0.8691
vn 0.3925 0.1462 -0.9081
vn -0.0872 0.8470 -0.5243
vn 0.0719 0.7725 -0.6310
vn 0.2708 -0.0536 -0.9612
vn -0.7325 -0.1434 0.6655
vn -0.0425 0.1687 -0.9848
vn -0.3266 0.0797 -0.9418
vn -0.2554 0.0232 -0.9666
vn -0.6901 -0.1868 0.6991
vn -0.6002 0.1837 0.7784
vn 0.8106 0.5412 0.2235
vn 0.6966 0.6064 0.3835
vn 0.8359 0.5489 0.0043
vn 0.7855 0.0118 -0.6187
vn 0.7823 -0.0130 -0.6228
vn 0.8539 -0.0831 -0.5138
vn 0.8122 -0.0447 0.5817
vn 0.7481 -0.0377 0.6625
vn 0.8183 0.0292 0.5741
vn -0.6552 -0.4115 0.6336
vn -0.8260 -0.1687 0.5379
vn -0.7349 -0.6732 0.0818
vn -0.5737 0.7034 -0.4197
vn -0.5433 0.8011 -0.2513
vn -0.2451 0.9042 0.3497
vn -0.1826 0.9766 0.1136
vn -0.1246 0.6648 0.7365
vn 0.7598 -0.0571 -0.6476
vn 0.4890 0.8159 -0.3086
vn 0.6908 -0.6957 -0.1972
vn -0.9554 -0.1509 0.2540
vn -0.9193 -0.3455 0.1886
vn -0.9383 -0.1672 0.3026
vn -0.8242 -0.1244 -0.5524
vn -0.7524 -0.1086 -0.6497
vn -0.3640 0.2241 -0.9040
vn -0.4288 0.3030 -0.8511
vn -0.5395 0.2743 -0.7961
vn -0.6536 0.6213 0.4323
vn -0.7721 0.4647 0.4335
vn -0.3806 0.5890 0.7129
vn -0.0515 -0.9566 0.2869
vn -0.6533 -0.3376 0.6777
vn -0.5434 -0.5557 0.6292
vn 0.9125 -0.2403 -0.3310
vn 0.9501 -0.1818 -0.2535
vn 0.8932 -0.2372 -0.3820
vn 0.4557 -0.2197 -0.8626
vn 0.3906 -0.1974 -0.8992
vn 0.3880 -0.1278 -0.9128
vn -0.5522 0.3818 -0.7411
vn 0.0101 0.3106 -0.9505
vn 0.4763 0.5203 -0.7088
vn 0.5091 0.5607 -0.6530
vn 0.5202 0.6988 -0.4910
vn 0.0389 -0.9244 0.3795
vn 0.3328 -0.4723 0.8162
vn -0.3602 -0.8576 0.3671
vn -0.3298 -0.0509 -0.9427
vn 0.2835 -0.8219 -0.4941
vn 0.6708 -0.6489 -0.3590
vn 0.7339 -0.6111 -0.2965
vn 0.8802 0.1049 -0.4629
vn 0.9566 0.2394 -0.1658
vn 0.9788 0.1839 -0.0901
vn -0.6359 -0.7604 0.1317
vn -0.3348 -0.4588 -0.8230
vn -0.6772 -0.4338 -0.5944
vn 0.0439 0.9918 0.1201
vn 0.2217 0.9566 0.1890
vn 0.4185 0.8991 0.1282
vn 0.6501 0.2548 0.7158
vn -0.3315 0.3811 0.8631
vn -0.3475 0.1354 0.9278
vn 0.6719 -0.5993 -0.4351
vn 0.8652 -0.4901 -0.1064
vn 0.8851 -0.4035 -0.2320
vn -0.5490 0.2549 -0.7960
vn -0.6348 0.3855 -0.6696
vn -0.5722 0.2570 -0.7788
vn 0.1726 0.9184 0.3559
vn 0.2740 0.7208 0.6367
vn -0.0630 0.3022 0.9512
vn 0.3209 0.7706 0.5507
vn 0.2540 0.0913 -0.9629
vn 0.0091 0.2423 -0.9702
vn 0.1878 0.2158 -0.9582
vn -0.6263 0.1581 -0.7634
vn -0.4568 -0.4258 -0.7811
vn -0.3752 -0.4761 -0.7953
vn -0.7093 -0.5484 -0.4430
vn -0.2692 -0.8292 0.4899
vn -0.7874 -0.6161 -0.0224
vn 0.9752 -0.1346 -0.1754
vn 0.9883 -0.1095 -0.1060
vn 0.8714 0.4863 0.0644
vn -0.6726 0.7005 0.2386
vn -0.4959 0.6864 0.5319
vn -0.7583 0.6217 0.1962
vn -0.6976 0.6263 0.3480
vn -0.6943 0.6393 0.3306
vn -0.0776 -0.3425 0.9363
vn 0.0693 0.0697 0.9952
vn -0.6040 0.6646 0.4399
vn -0.6743 0.5645 0.4761
vn -0.9010 0.3406 0.2686
vn -0.5496 0.6106 0.5701
vn -0.7462 0.2065 0.6328
vn -0.6166 0.2569 0.7442
vn 0.1031 0.7395 0.6652
vn 0.1410 0.7356 0.6626
vn -0.5002 0.5732 0.6491
vn 0.4257 -0.4298 -0.7963
vn 0.4195 -0.4627 -0.7810
vn 0.3460 -0.4971 -0.7957
vn 0.2026 0.2698 0.9414
vn 0.1159 0.3607 0.9254
vn 0.2299 0.3323 0.9147
vn 0.7761 0.6301 -0.0242
vn 0.7922 0.5983 0.1204
vn 0.8568 0.5146 0.0327
vn -0.1220 0.4599 -0.8795
vn 0.1581 0.2149 -0.9638
vn -0.1639 0.6888 -0.7062
vn -0.6822 -0.2482 -0.6878
vn -0.7720 -0.3071 -0.5565
vn -0.6225 -0.4030 -0.6709
vn 0.4935 0.3845 0.7801
vn 0.3460 -0.3802 0.8578
vn -0.2489 -0.7156 0.6526
vn -0.3386 -0.7254 -0.5992
vn -0.5895 -0.5231 0.6155
vn -0.0009 -0.9857 0.1687
vn -0.4636 -0.8860 0.0084
vn 0.0637 -0.8706 0.4878
vn 0.1740 -0.9600 0.2194
vn -0.0434 -0.9572 0.2861
vn 0.2074 -0.3175 0.9253
vn 0.0370 -0.3155 0.9482
vn 0.0301 -0.0949 0.9950
vn 0.4199 -0.0551 -0.9059
vn 0.7159 -0.1622 -0.6791
vn 0.6791 0.5194 0.5188
vn 0.7495 0.5684 0.3394
vn 0.9679 0.2510 -0.0115
vn -0.9414 0.0872 -0.3257
vn -0.6523 -0.0361 -0.7571
vn -0.5555 -0.3756 -0.7418
vn 0.6844 -0.0260 -0.7286
vn 0.7825 0.0574 -0.6201
vn 0.5406 -0.0242 -0.8410
vn -0.8414 0.4812 0.2460
vn -0.0226 -0.9944 0.1036
vn 0.0081 -0.9952 0.0978
vn 0.0153 -0.9883 0.1517
vn -0.7195 -0.2400 -0.6517
vn -0.7503 -0.0824 -0.6560
vn -0.8235 -0.0474 -0.5654
vn 0.0289 -0.9795 0.1994
vn 0.2321 0.7724 -0.5912
vn 0.6802 0.4691 -0.5633
vn 0.4143 -0.0231 0.9098
vn 0.4389 -0.0284 0.8981
vn -0.1121 0.0304 0.9932
vn -0.1121 0.0096 0.9936
vn -0.0045 0.0422 0.9991
vn 0.9904 -0.0842 0.1094
vn 0.8326 0.3446 0.4336
vn 0.9621 -0.1525 0.2261
vn -0.9395 -0.3297 -0.0928
vn -0.9851 -0.1667 0.0430
vn -0.9458 -0.3144 -0.0812
vn 0.4926 -0.1263 -0.8611
vn 0.5642 -0.2159 -0.7969
vn -0.3984 -0.0778 -0.9139
vn -0.5447 -0.0934 -0.8334
vn -0.4140 -0.0416 -0.9093
vn -0.2882 0.4769 -0.8304
vn -0.0130 0.8771 -0.4801
vn -0.5761 0.5677 -0.5881
vn -0.5160 0.8350 -0.1913
vn -0.4159 0.6784 -0.6056
vn -0.4133 0.3958 -0.8201
vn -0.3199 0.9462 0.0488
vn -0.4451 0.8952 0.0240
vn -0.4451 0.8492 0.2841
vn -0.6927 0.5938 -0.4094
vn -0.6340 0.6599 -0.4032
vn -0.4632 0.7964 -0.3887
vn -0.9499 0.0066 -0.3125
vn 0.0383 0.6429 -0.7650
vn 0.2211 0.3870 -0.8952
vn -0.0484 0.6850 -0.7269
vn -0.0798 -0.2420 -0.9670
vn 0.6786 -0.1229 -0.7241
vn 0.5257 -0.0268 -0.8502
vn 0.9254 -0.3576 0.1256
vn -0.1233 0.4451 0.8870
vn -0.1863 0.5038 0.8435
vn 0.0669 0.4366 0.8972
vn -0.3227 0.1787 -0.9295
vn 0.9357 -0.2258 0.2712
vn 0.9003 -0.2067 0.3829
vn 0.9243 -0.1706 0.3415
vn -0.7199 0.3016 -0.6251
vn -0.6721 0.2006 -0.7128
vn -0.7923 0.1260 -0.5970
vn 0.0664 -0.9913 0.1133
vn 0.0419 -0.9844 0.1706
vn 0.0760 -0.9934 0.0857
vn -0.7584 0.4712 -0.4503
vn -0.7265 0.4724 -0.4990
vn 0.1404 0.8048 0.5766
vn -0.1321 0.8091 0.5726
vn -0.3197 0.7559 0.5714
vn -0.5575 -0.1369 0.8188
vn -0.5154 -0.1015 0.8509
vn -0.2943 -0.2440 0.9240
vn -0.2162 -0.1608 0.9630
vn -0.0770 -0.7373 0.6711
vn -0.0053 -0.9823 0.1873
vn -0.0187 -0.9872 0.1583
vn -0.0193 -0.9859 0.1661
vn 0.0339 -0.9925 0.1171
vn 0.6972 0.6025 -0.3884
vn 0.6261 0.7683 -0.1327
vn 0.6529 0.7543 0.0689
vn -0.5971 0.4865 0.6378
vn -0.3531 0.7087 0.6108
vn -0.3071 0.7097 0.6341
vn -0.9473 0.0218 -0.3196
vn -0.9548 0.1008 -0.2795
vn -0.4376 -0.0960 -0.8940
vn -0.9939 -0.0943 -0.0574
vn -0.9897 -0.1425 0.0135
vn -0.6423 0.1943 0.7414
vn -0.2506 0.3335 0.9088
vn -0.5493 0.4507 0.7036
vn 0.1793 0.0634 -0.9818
vn -0.2381 0.1170 -0.9642
vn -0.6886 0.1812 0.7021
vn -0.7394 0.3986 0.5426
vn -0.6896 0.2771 0.6691
vn 0.3843 0.3060 0.8710
vn 0.2188 0.3072 0.9261
vn 0.2785 0.3084 0.9096
vn 0.3856 -0.8167 0.4292
vn -0.4459 -0.4170 0.7920
vn 0.7118 0.6240 0.3224
vn 0.7598 0.5494 0.3476
vn 0.6717 0.5781 0.4634
vn 0.4015 0.0210 0.9156
vn 0.6048 0.0294 0.7958
vn 0.8667 0.2898 -0.4060
vn 0.8399 0.2490 -0.4822
vn 0.8764 0.1493 -0.4579
vn 0.2103 -0.8755 -0.4351
vn -0.0010 -0.6213 -0.7836
vn 0.2758 -0.9113 -0.3058
vn -0.2975 0.9546 0.0174
vn -0.3631 0.9317 0.0102
vn -0.5629 0.7151 -0.4144
vn -0.5297 0.0678 -0.8455
vn -0.6674 0.7210 -0.1865
vn 0.6810 0.5384 -0.4963
vn 0.7749 0.4508 -0.4431
vn 0.0219 0.9822 -0.1865
vn -0.0387 -0.9925 0.1156
vn 0.0398 -0.9877 0.1511
vn 0.0325 -0.9918 0.1238
vn -0.5980 -0.2989 0.7437
vn -0.5823 -0.2866 0.7608
vn -0.2803 -0.6293 -0.7248
vn -0.3408 -0.6029 -0.7213
vn 0.5663 0.4014 0.7198
vn 0.4070 0.1824 0.8950
vn -0.4415 -0.7753 -0.4516
vn 0.7939 -0.6045 0.0662
vn 0.7048 -0.7067 0.0620
vn 0.9594 0.1390 -0.2454
vn -0.7000 -0.1398 -0.7003
vn -0.0518 -0.3146 -0.9478
vn 0.0277 0.6243 -0.7807
vn -0.0702 0.0082 -0.9975
vn 0.9877 -0.1426 -0.0647
vn 0.9566 -0.2373 0.1691
vn 0.2791 -0.2540 0.9261
vn 0.4469 -0.8081 0.3838
vn 0.0309 -0.9911 0.1293
vn 0.4340 -0.8392 0.3277
vn 0.9557 -0.0072 0.2944
vn 0.7292 0.4383 0.5255
vn 0.9318 0.0970 0.3497
vn 0.7454 0.5459 -0.3826
vn 0.6043 0.7179 -0.3457
vn 0.8543 0.4067 -0.3237
vn 0.5507 0.8347 0.0004
vn 0.4449 0.8920 0.0799
vn 0.7224 0.6912 -0.0200
vn 0.7455 -0.5610 -0.3597
vn 0.4449 -0.8923 0.0760
vn 0.6100 -0.7757 -0.1621
vn 0.0214 0.0131 -0.9997
vn 0.1412 0.1062 -0.9843
vn 0.3612 0.2852 -0.8878
vn 0.4976 -0.4662 -0.7315
vn 0.5452 -0.4452 -0.7103
vn 0.1660 0.5246 0.8350
vn 0.1264 0.5471 0.8274
vn 0.4374 -0.2386 0.8670
vn 0.4202 -0.2666 0.8674
vn 0.2781 -0.2232 0.9343
vn 0.8159 0.5709 0.0922
vn 0.6037 -0.6047 0.5195
vn 0.6072 -0.5497 0.5737
vn -0.5831 0.4476 -0.6780
vn -0.5985 -0.1740 -0.7820
vn -0.4245 0.6831 -0.5943
vn -0.0288 -0.8257 -0.5634
vn -0.1157 -0.9900 0.0804
vn 0.2279 -0.6651 -0.7111
vn -0.3906 0.1159 -0.9132
vn -0.1601 0.2319 -0.9595
vn -0.0266 0.3524 -0.9355
vn -0.8511 0.5200 -0.0724
vn -0.8559 0.4345 -0.2804
vn -0.8380 0.4424 -0.3194
vn -0.9421 0.0339 0.3336
vn -0.9346 0.2106 0.2867
vn -0.9692 -0.2200 0.1108
vn -0.2604 0.7983 0.5431
vn 0.5134 -0.2943 0.8061
vn 0.6383 -0.3684 0.6759
vn -0.1483 0.5827 -0.7991
vn -0.1375 0.6167 -0.7751
vn 0.0139 0.4853 -0.8742
vn -0.9086 0.4168 -0.0276
vn -0.8226 0.5483 -0.1506
vn -0.8334 0.4701 -0.2906
vn -0.0670 0.0401 0.9969
vn -0.0430 0.0396 0.9983
vn 0.0488 -0.9681 0.2459
vn 0.0482 -0.9707 0.2354
vn 0.5507 0.4195 -0.7216
vn 0.4638 0.2635 -0.8459
vn 0.5028 0.1068 -0.8578
vn 0.5404 0.0776 0.8378
vn -0.3612 -0.2939 0.8850
vn 0.5508 0.1804 0.8149
vn 0.0698 -0.1232 0.9899
vn 0.4225 0.4220 0.8021
vn 0.0535 -0.1989 -0.9786
vn 0.2861 -0.0615 -0.9562
vn 0.1969 -0.1966 -0.9605
vn -0.1261 0.6969 -0.7060
vn 0.3268 0.9049 0.2727
vn -0.1541 0.7154 -0.6815
vn -0.3137 0.7900 0.5268
vn -0.2529 0.7372 0.6265
vn -0.1839 0.7262 0.6624
vn -0.1094 0.9940 -0.0058
vn -0.0127 0.9338 -0.3576
vn -0.3004 0.8050 -0.5116
vn 0.4583 0.6774 -0.5754
vn -0.3285 0.7221 -0.6088
vn -0.3616 0.8648 0.3485
vn -0.1428 0.9820 0.1236
vn 0.8216 0.1934 -0.5363
vn 0.8483 0.0761 -0.5239
vn 0.5876 -0.0318 -0.8086
vn 0.6582 0.6555 0.3702
vn 0.5252 0.7299 0.4374
vn 0.2165 0.7344 0.6433
vn 0.3590 0.5368 0.7636
vn -0.1369 0.1071 0.9848
vn -0.4975 0.2352 0.8350
vn -0.7237 0.1296 0.6778
vn -0.1088 -0.0379 -0.9933
vn 0.8929 -0.0092 -0.4501
vn 0.8951 0.0709 -0.4402
vn 0.8963 0.4433 0.0158
vn 0.7122 0.6987 0.0683
vn 0.8950 0.3506 0.2758
vn -0.0161 0.1743 -0.9846
vn -0.3216 0.2170 -0.9217
vn 0.8761 0.0135 0.4820
vn -0.4237 -0.0848 -0.9018
vn -0.0392 -0.0352 -0.9986
vn -0.3560 -0.5821 -0.7311
vn -0.1612 -0.2308 0.9595
vn -0.1737 0.1727 0.9695
vn -0.0082 0.1770 0.9842
vn 0.8315 0.3492 -0.4320
vn 0.4485 0.7001 -0.5556
vn 0.8875 0.0319 -0.4598
vn 0.2608 -0.8505 0.4568
vn 0.0169 -0.7348 0.6781
vn 0.2338 -0.5565 -0.7973
vn -0.7076 0.0052 0.7066
vn -0.7341 -0.1913 0.6516
vn -0.2904 0.8060 0.5159
vn -0.2093 0.7297 0.6510
vn -0.3578 0.6461 0.6742
vn 0.0218 -0.9903 0.1376
vn 0.0657 -0.9929 0.0989
vn 0.0169 -0.9922 0.1236
vn -0.2844 0.4202 0.8617
vn -0.1742 0.5153 0.8391
vn -0.0033 0.4959 0.8684
vn 0.5965 0.8021 -0.0283
vn 0.6972 0.7167 -0.0149
vn 0.6526 -0.7166 -0.2460
vn 0.7827 -0.4621 -0.4169
vn 0.8121 -0.4646 -0.3530
vn 0.7620 -0.6432 0.0746
vn 0.1121 -0.3389 0.9341
vn 0.5792 -0.8143 -0.0371
vn 0.5822 0.0070 0.8130
vn 0.6655 -0.0149 0.7462
vn -0.4880 0.7507 0.4454
vn -0.5565 0.7205 0.4138
vn -0.3631 0.6918 0.6241
vn -0.5438 0.2470 -0.8021
vn -0.0331 -0.8223 -0.5680
vn 0.0654 -0.9933 0.0955
vn 0.1201 -0.9732 0.1959
vn -0.6419 -0.2746 -0.7159
vn -0.7809 -0.2347 -0.5788
vn -0.6857 -0.5167 -0.5127
vn 0.0501 0.0052 -0.9987
vn 0.2040 0.0201 -0.9788
vn -0.2345 -0.3260 -0.9158
vn -0.1127 -0.1905 -0.9752
vn 0.8234 0.0446 -0.5657
vn -0.0654 -0.8745 0.4806
vn -0.1966 -0.8129 0.5482
vn -0.0271 -0.9392 0.3423
vn -0.1158 0.8270 -0.5502
vn -0.1686 0.5904 -0.7893
vn -0.1334 0.6912 -0.7103
vn 0.7227 0.6064 0.3316
vn 0.8252 0.5619 0.0578
vn -0.2713 -0.1132 0.9558
vn -0.3315 -0.1744 0.9272
vn 0.4444 0.7223 0.5299
vn 0.3236 0.6798 0.6582
vn 0.5013 -0.0038 -0.8653
vn 0.4209 0.1423 -0.8959
vn 0.5637 0.0792 -0.8222
vn 0.0438 -0.9716 0.2324
vn -0.7771 -0.2574 -0.5743
vn -0.9955 -0.0360 0.0876
vn -0.5718 -0.1992 -0.7958
vn 0.0515 0.4584 0.8873
vn 0.0841 0.4421 0.8930
vn 0.0945 0.3994 0.9119
vn 0.0330 -0.9661 0.2559
vn -0.3263 0.0290 0.9448
vn -0.0643 0.1116 0.9917
vn 0.3701 0.1078 -0.9227
vn 0.7345 0.4491 -0.5087
vn 0.7092 0.5373 -0.4564
vn 0.6693 0.3644 -0.6475
vn 0.0784 -0.8266 0.5573
vn 0.0229 -0.8547 0.5185
vn 0.2930 0.0343 0.9555
vn 0.3256 -0.0567 0.9438
vn -0.6600 0.1155 -0.7423
vn -0.6525 0.2674 -0.7091
vn -0.7098 0.1390 -0.6906
vn 0.2052 0.5289 0.8235
vn 0.2679 0.4630 0.8449
vn 0.2804 0.6893 0.6680
vn -0.8284 0.2668 -0.4924
vn -0.8065 0.0496 -0.5892
vn -0.9795 0.1413 -0.1434
vn -0.5359 -0.5654 0.6270
vn 0.0273 -0.1672 0.9856
vn -0.2189 -0.6666 0.7125
vn 0.0149 -0.9905 0.1365
vn -0.0244 -0.9918 0.1258
vn -0.0044 -0.9904 0.1379
vn -0.2284 -0.9035 0.3626
vn -0.1218 -0.9464 0.2991
vn -0.8657 0.1015 -0.4901
vn -0.6841 0.1748 -0.7082
vn -0.7535 0.4199 -0.5058
vn -0.5905 -0.4122 -0.6938
vn -0.9121 -0.2918 -0.2880
vn -0.9576 -0.2677 -0.1068
vn -0.9711 -0.1584 -0.1788
vn -0.0328 -0.9934 0.1102
vn -0.0535 -0.9959 -0.0728
vn 0.9113 0.3878 -0.1382
vn 0.8774 0.4542 -0.1542
vn 0.8450 0.5341 -0.0251
vn 0.9012 0.4325 -0.0263
vn 0.7325 0.6588 -0.1715
vn 0.4033 0.7009 0.5883
vn 0.3697 0.4024 0.8375
vn 0.3354 0.3497 0.8748
vn -0.0773 0.5876 -0.8055
vn -0.1453 0.7904 -0.5951
vn 0.9108 -0.1143 0.3966
vn 0.9217 -0.0998 0.3748
vn 0.9029 -0.0374 0.4282
vn -0.9837 -0.1602 0.0817
vn -0.8682 -0.3281 0.3724
vn -0.9976 -0.0570 -0.0396
vn 0.2846 0.2288 -0.9309
vn 0.1367 0.2081 -0.9685
vn 0.6355 -0.4308 -0.6407
vn 0.6296 -0.2634 -0.7309
vn 0.4588 0.3087 -0.8332
vn 0.1380 0.2438 -0.9600
vn 0.5050 0.3049 -0.8075
vn -0.3179 0.0307 0.9476
vn -0.2615 -0.0062 0.9652
vn -0.2161 0.0228 0.9761
vn -0.2016 0.3358 0.9201
vn -0.3807 0.3075 0.8720
vn -0.2115 0.3743 0.9029
vn 0.1958 -0.8386 0.5083
vn 0.6287 -0.0136 0.7775
vn 0.6782 0.6101 0.4096
vn 0.8571 0.4781 -0.1918
vn -0.4322 -0.0905 -0.8972
vn -0.3556 0.0476 -0.9334
vn -0.5688 0.0295 -0.8220
vn -0.0538 -0.2226 0.9734
vn -0.0490 -0.2341 0.9710
vn 0.0815 -0.3124 0.9465
vn 0.4474 0.8412 0.3038
vn 0.3243 0.8725 -0.3654
vn 0.1924 0.9479 0.2540
vn -0.6836 -0.4923 0.5388
vn -0.1756 -0.3335 0.9263
vn -0.4863 -0.4896 0.7237
vn -0.7682 -0.1120 0.6303
vn -0.5580 -0.0380 0.8290
vn -0.7014 0.1738 0.6912
vn 0.0373 0.4891 0.8714
vn 0.5899 0.2827 0.7564
vn -0.8624 0.5000 -0.0789
vn -0.7631 0.5921 -0.2591
vn -0.1814 0.1688 -0.9688
vn -0.0307 0.2026 -0.9788
vn 0.9844 -0.1342 0.1141
vn 0.9656 -0.1134 0.2339
vn 0.9910 -0.1210 0.0570
vn -0.9952 -0.0644 0.0730
vn -0.9832 0.1499 0.1043
vn -0.9972 -0.0186 0.0719
vn 0.1600 0.3850 0.9090
vn 0.2536 0.4960 0.8305
vn 0.4998 0.8181 0.2844
vn 0.3655 0.8929 0.2631
vn 0.5368 0.7364 0.4119
vn 0.0888 0.1820 -0.9793
vn 0.4717 0.2034 -0.8580
vn 0.2798 -0.9407 0.1917
vn 0.1015 -0.9871 0.1240
vn 0.3241 0.0350 0.9454
vn 0.0093 0.0624 -0.9980
vn 0.8731 0.1248 0.4714
vn 0.9068 0.3368 0.2534
vn 0.7835 0.3294 0.5269
vn -0.1154 0.4908 0.8636
vn 0.2221 0.4571 0.8613
vn -0.1103 0.5031 0.8571
vn 0.2774 0.1311 -0.9518
vn 0.1669 0.1254 -0.9780
vn -0.1736 0.2769 -0.9451
vn 0.4411 -0.4532 -0.7746
vn -0.7708 0.6341 -0.0622
vn 0.8442 0.3586 -0.3985
vn 0.7901 0.2595 -0.5553
vn -0.5519 0.5410 -0.6347
vn -0.3882 0.1391 -0.9110
vn -0.3974 0.9028 0.1647
vn 0.0010 0.9991 -0.0434
vn -0.8109 0.1917 -0.5529
vn -0.7917 0.2911 -0.5371
vn -0.8200 0.2232 -0.5271
vn -0.6906 -0.2939 0.6609
vn -0.7775 -0.4140 0.4735
vn -0.6522 -0.5021 0.5679
vn -0.7677 -0.0891 0.6346
vn -0.7355 0.2290 0.6376
vn -0.8536 -0.1778 0.4896
vn 0.0846 0.9762 0.1995
vn 0.3489 0.8592 0.3742
vn 0.4508 0.7892 0.4171
vn 0.1058 -0.0263 -0.9940
vn -0.6125 -0.2133 -0.7611
vn -0.4717 -0.0261 -0.8814
vn -0.8890 -0.1076 -0.4450
vn -0.3198 0.8544 0.4096
vn -0.2091 -0.8157 0.5393
vn -0.4643 -0.8293 0.3110
vn -0.3798 0.3140 0.8702
vn -0.0304 0.9993 -0.0212
vn -0.0984 0.9839 -0.1490
vn -0.1717 0.9838 -0.0523
vn 0.0863 -0.7719 0.6299
vn 0.1907 -0.9019 0.3876
vn -0.8685 -0.4639 0.1746
vn -0.2313 0.1135 0.9662
vn -0.7155 -0.0260 0.6981
vn -0.9986 -0.0381 -0.0361
vn -0.9865 -0.1574 -0.0446
vn -0.9874 -0.1574 -0.0135
vn -0.2314 -0.9566 0.1774
vn -0.0518 -0.9702 0.2366
vn -0.9478 0.2000 0.2484
vn -0.9795 0.1392 0.1454
vn 0.2975 0.4886 0.8202
vn 0.6002 0.5266 0.6021
vn 0.2793 0.8733 0.3991
vn -0.9981 0.0153 0.0601
vn -0.9964 -0.0588 0.0618
vn -0.9898 -0.0514 0.1332
vn 0.8100 0.4528 0.3727
vn 0.4240 0.4029 0.8111
vn 0.8192 0.3006 0.4884
vn -0.9473 -0.0532 -0.3158
vn -0.8653 0.3149 -0.3901
vn -0.9082 -0.3050 -0.2866
vn -0.3933 0.5359 0.7471
vn -0.1295 0.7152 0.6869
vn -0.6082 -0.2433 0.7556
vn 0.1281 -0.6757 -0.7260
vn -0.1815 -0.7572 -0.6274
vn 0.1623 -0.1342 0.9776
vn 0.5599 -0.4219 0.7131
vn 0.2401 -0.5585 0.7940
vn -0.5889 -0.5548 -0.5877
vn -0.5683 -0.6053 -0.5573
vn -0.6189 -0.6502 -0.4407
vn 0.3198 0.6416 0.6972
vn 0.5603 0.4617 0.6877
vn 0.2470 0.4877 0.8373
vn 0.0579 0.1682 -0.9840
vn 0.4072 0.5625 -0.7196
vn 0.4154 0.7319 -0.5402
vn 0.3582 0.5550 -0.7508
vn 0.4774 -0.0550 0.8770
vn 0.0429 -0.3296 0.9431
vn -0.2422 -0.9504 0.1949
vn -0.3322 -0.0469 0.9420
vn -0.2533 0.0815 0.9639
vn -0.1459 -0.1067 0.9835
vn -0.1726 -0.1199 -0.9777
vn 0.0870 -0.5318 -0.8424
vn 0.1535 -0.1492 -0.9768
vn -0.8122 0.5114 -0.2809
vn -0.8521 0.4993 -0.1571
vn -0.9161 0.3034 -0.2620
vn -0.9845 -0.0741 0.1589
vn -0.9049 0.2124 0.3690
vn -0.9591 -0.1205 0.2560
vn 0.2472 -0.9471 0.2048
vn 0.2377 -0.6263 0.7424
vn 0.3209 -0.8654 0.3849
vn 0.9026 0.3768 -0.2082
vn 0.2687 -0.9425 -0.1986
vn 0.1690 -0.9856 0.0018
vn -0.3313 0.2174 0.9181
vn 0.0227 -0.9801 0.1974
vn 0.0420 -0.9779 0.2049
vn 0.0406 -0.9811 0.1894
vn 0.6188 -0.2417 -0.7474
vn 0.7732 -0.3824 -0.5060
vn 0.6519 -0.6760 -0.3436
vn -0.1936 -0.9775 0.0838
vn 0.1007 -0.9860 0.1331
vn -0.0077 -0.0741 -0.9972
vn -0.2896 -0.1609 -0.9435
vn -0.0307 -0.6002 -0.7992
vn -0.8591 0.4961 0.1260
vn -0.9679 -0.0665 -0.2426
vn -0.9723 -0.1818 -0.1470
vn 0.7535 0.6456 0.1239
vn -0.9093 -0.0053 -0.4160
vn 0.3835 -0.0362 -0.9228
vn 0.4825 -0.3419 -0.8064
vn 0.4026 -0.0356 -0.9147
vn -0.4942 0.0753 -0.8661
vn -0.4507 -0.1860 -0.8731
vn -0.6070 0.0215 -0.7944
vn 0.3408 0.2340 -0.9105
vn -0.3609 0.7588 0.5422
vn -0.3779 0.7377 0.5594
vn -0.3517 -0.3797 -0.8556
vn -0.1387 -0.2826 -0.9492
vn -0.1359 -0.8258 -0.5473
vn -0.0220 0.9557 0.2936
vn 0.1833 0.9354 0.3024
vn 0.1099 0.9703 0.2154
vn -0.2000 0.5408 -0.8170
vn 0.9136 -0.2037 -0.3520
vn 0.8153 0.0700 -0.5747
vn 0.7781 0.0505 -0.6261
vn 0.6363 0.0255 -0.7710
vn -0.8678 -0.4779 0.1361
vn -0.9673 -0.2090 -0.1437
vn -0.8573 -0.5060 0.0951
vn 0.2265 0.2267 -0.9473
vn 0.0650 0.1230 -0.9903
vn 0.3525 0.2364 -0.9055
vn -0.3233 -0.5049 -0.8003
vn -0.1949 -0.4836 -0.8533
vn -0.3656 -0.4764 -0.7996
vn -0.1181 0.9646 0.2359
vn 0.1716 0.9515 0.2555
vn 0.5587 -0.2198 -0.7997
vn 0.5162 -0.0757 -0.8531
vn 0.1834 0.7047 0.6854
vn 0.2561 0.4651 0.8474
vn 0.2457 0.6785 0.6923
vn -0.5336 0.6306 0.5636
vn -0.0957 0.2383 -0.9665
vn -0.0061 -0.9844 0.1756
vn 0.0487 -0.9883 0.1448
vn -0.0130 -0.9840 0.1777
vn 0.5026 0.2113 -0.8383
vn 0.7259 0.2549 -0.6388
vn 0.3631 0.0097 0.9317
vn -0.0748 -0.5187 0.8517
vn 0.0505 -0.3464 0.9367
vn -0.9130 0.3948 0.1024
vn -0.6925 0.6582 0.2954
vn -0.6872 0.6390 0.3457
vn 0.0097 -0.9568 0.2905
vn -0.5610 -0.8066 0.1864
vn -0.3258 -0.9147 0.2391
vn 0.4881 -0.8065 0.3337
vn 0.8707 0.3816 -0.3102
vn 0.8224 -0.4582 0.3372
vn 0.1644 -0.0342 0.9858
vn 0.6636 -0.7215 0.1975
vn -0.6134 0.0256 0.7894
vn -0.7090 -0.0434 0.7039
vn -0.8119 0.4831 0.3276
vn -0.7572 0.4647 0.4591
vn -0.6980 0.5957 0.3974
vn 0.3486 -0.7398 -0.5755
vn 0.3354 -0.6335 -0.6973
vn 0.3587 -0.6513 -0.6687
vn -0.9317 -0.1129 -0.3451
vn 0.4845 0.5756 0.6588
vn 0.1472 0.8962 -0.4186
vn -0.4740 0.7792 0.4100
vn -0.4383 0.6127 0.6577
vn -0.8940 0.4250 0.1421
vn -0.0713 -0.9830 0.1693
vn -0.1902 -0.9696 0.1542
vn 0.7686 -0.2730 -0.5786
vn 0.8122 -0.2402 -0.5316
vn 0.8627 -0.2508 -0.4392
vn -0.3388 0.5682 0.7499
vn -0.1639 0.5002 0.8503
vn 0.8667 -0.2075 0.4536
vn 0.8655 -0.1228 0.4856
vn 0.7846 -0.3601 0.5047
vn -0.7850 0.1684 -0.5962
vn -0.8059 -0.0525 -0.5897
vn 0.8646 0.4866 -0.1251
vn 0.1983 0.0372 0.9794
vn 0.1584 0.0454 0.9863
vn -0.3421 0.0220 -0.9394
vn 0.3325 -0.0253 -0.9428
vn -0.8932 -0.3172 -0.3188
vn -0.8315 -0.5545 -0.0343
vn 0.6521 -0.0229 0.7578
vn 0.6110 -0.0343 0.7909
vn 0.2967 -0.9025 0.3121
vn -0.5366 -0.5930 -0.6004
vn 0.8569 0.4738 0.2033
vn 0.7453 0.5388 0.3927
vn 0.8271 0.5446 0.1390
vn -0.4222 0.8227 -0.3806
vn -0.6225 0.7638 -0.1705
vn -0.6533 0.6910 -0.3094
vn 0.8220 0.2258 -0.5229
vn 0.8277 0.0734 -0.5563
vn -0.4558 0.7678 0.4501
vn -0.3218 0.9437 0.0769
vn 0.8095 -0.5756 -0.1156
vn 0.6871 -0.6448 -0.3350
vn 0.7080 -0.6903 -0.1491
vn 0.2002 0.7889 0.5809
vn 0.1492 0.7163 0.6817
vn 0.6815 0.0686 -0.7286
vn 0.5830 -0.0706 -0.8094
vn 0.6057 -0.0693 -0.7926
vn 0.5557 0.0218 -0.8311
vn -0.4136 0.1714 -0.8942
vn -0.1795 0.4933 -0.8512
vn 0.6335 0.6088 -0.4776
vn 0.7544 0.6311 -0.1807
vn 0.7605 0.5408 -0.3595
vn -0.9170 -0.3734 -0.1401
vn -0.9106 -0.3333 -0.2445
vn -0.8826 -0.4113 -0.2277
vn 0.5358 0.6309 0.5611
vn 0.6108 0.2835 0.7393
vn 0.9605 0.2646 -0.0866
vn 0.0668 0.9918 -0.1092
vn 0.2793 0.5938 -0.7546
vn -0.3469 0.0803 -0.9345
vn -0.5593 0.0314 -0.8284
vn -0.3112 -0.0302 -0.9499
vn 0.4797 -0.0324 0.8768
vn -0.1479 -0.0533 0.9876
vn -0.0318 0.1833 0.9825
vn 0.1668 0.0254 0.9857
vn 0.2918 -0.9251 -0.2427
vn -0.2488 -0.9607 -0.1229
vn -0.1155 -0.9703 -0.2123
vn -0.6764 -0.2341 0.6983
vn -0.5792 0.1692 0.7974
vn -0.4840 -0.2365 0.8425
vn -0.1657 0.2238 0.9605
vn 0.2644 0.3026 0.9157
vn -0.0964 -0.9556 -0.2786
vn -0.2134 -0.2755 -0.9373
vn -0.4343 -0.2940 -0.8514
vn 0.1002 -0.8383 0.5359
vn 0.0279 0.5533 0.8325
vn 0.0624 -0.9795 -0.1914
vn 0.4289 -0.1909 0.8829
vn 0.3757 -0.2515 0.8920
vn 0.2416 -0.7144 -0.6567
vn -0.7579 0.1059 -0.6437
vn -0.7293 0.5427 -0.4167
vn -0.7342 0.4115 -0.5400
vn 0.7384 0.3441 0.5800
vn 0.6554 0.2817 0.7007
vn 0.6486 0.4800 0.5907
vn -0.6305 0.5936 -0.5000
vn -0.5786 0.6230 -0.5264
vn -0.5428 0.6798 -0.4931
vn -0.7250 0.2957 0.6221
vn -0.5127 0.3935 0.7631
vn -0.3934 0.5283 0.7524
vn -0.8337 0.5353 -0.1356
vn -0.5373 0.8118 -0.2287
vn -0.1458 0.8278 -0.5418
vn -0.5121 0.8563 -0.0677
vn -0.5685 0.7878 -0.2370
vn -0.6147 0.7853 -0.0741
vn 0.0097 -0.0848 -0.9963
vn -0.3064 0.4542 0.8365
vn 0.0951 0.5879 0.8033
vn -0.2139 -0.1919 0.9578
vn -0.2306 0.5753 0.7847
vn -0.2550 0.9052 0.3399
vn 0.0303 -0.9819 0.1867
vn 0.1610 -0.9515 0.2621
vn 0.3480 0.8880 -0.3005
vn 0.6683 0.6715 -0.3201
vn 0.4934 0.4922 -0.7171
vn 0.9140 -0.1262 0.3856
vn 0.8709 -0.0956 0.4820
vn 0.2237 0.2760 0.9348
vn 0.1949 0.4302 0.8814
vn 0.3504 0.4118 0.8412
vn -0.6281 0.7174 -0.3013
vn -0.5819 0.3539 -0.7323
vn -0.5626 0.7424 -0.3637
vn -0.1360 -0.1857 0.9732
vn -0.1960 -0.0930 0.9762
vn -0.3324 0.1774 0.9263
vn 0.3919 0.1313 -0.9106
vn 0.5739 0.1511 -0.8049
vn 0.7930 0.4959 0.3538
vn 0.6093 0.5728 0.5484
vn -0.7688 -0.5760 0.2780
vn 0.1109 -0.9562 0.2709
vn -0.5264 -0.4737 0.7061
vn -0.3270 0.0347 0.9444
vn -0.0089 -1.0000 0.0040
vn -0.0738 -0.9719 0.2234
vn -0.0456 -0.8483 0.5275
vn -0.0377 -0.9069 0.4197
vn -0.4778 -0.2137 0.8521
vn -0.5325 -0.0120 0.8464
vn -0.2148 0.0439 -0.9757
vn -0.3812 -0.2426 -0.8921
vn -0.7960 0.0640 -0.6019
vn -0.7217 0.6780 -0.1394
vn -0.7976 0.5935 -0.1076
vn 0.0697 0.7698 -0.6345
vn 0.7997 0.5989 0.0418
vn 0.1181 0.7527 -0.6477
vn 0.8216 0.3820 0.4232
vn 0.2519 0.3980 0.8821
vn 0.3101 0.2986 0.9026
vn 0.1508 0.4550 0.8776
vn -0.0673 -0.6719 0.7376
vn -0.2123 0.0301 0.9767
vn -0.1134 -0.0056 0.9935
vn 0.4105 -0.9049 -0.1120
vn 0.2316 -0.8677 0.4399
vn 0.6267 0.6569 -0.4191
vn 0.7820 0.4742 -0.4045
vn 0.4999 -0.7538 0.4265
vn 0.5045 -0.5341 0.6784
vn 0.4898 -0.7585 0.4299
vn 0.1383 0.7318 -0.6673
vn -0.1230 0.8722 -0.4734
vn -0.6555 0.3069 0.6900
vn -0.8172 0.1958 0.5421
vn -0.6082 0.6536 0.4504
vn -0.2302 0.7281 0.6457
vn -0.2578 0.7860 0.5619
vn -0.3526 0.0847 -0.9319
vn -0.1546 -0.0196 -0.9878
vn -0.7468 0.2751 0.6055
vn -0.6658 0.4216 0.6156
vn -0.5176 0.4643 0.7188
vn -0.0481 -0.2821 -0.9582
vn -0.1417 -0.1086 -0.9839
vn -0.1012 -0.1986 -0.9748
vn -0.8888 -0.2526 -0.3824
vn -0.7676 -0.6055 -0.2101
vn 0.4008 0.0221 -0.9159
vn 0.1922 -0.0896 -0.9773
vn 0.1736 -0.0527 -0.9834
vn 0.0102 -0.9809 0.1943
vn 0.0206 -0.9810 0.1928
vn -0.8811 0.0814 -0.4660
vn -0.3403 -0.1154 -0.9332
vn 0.1524 -0.2085 -0.9661
vn -0.1724 0.0445 -0.9840
vn 0.2151 0.9705 -0.1086
vn 0.6677 -0.1985 0.7175
vn 0.7693 -0.4404 -0.4628
vn -0.0670 0.0988 -0.9929
vn -0.4411 -0.1248 -0.8887
vn 0.1777 -0.8945 -0.4102
vn -0.1956 0.1847 -0.9631
vn -0.2288 0.1359 -0.9639
vn -0.1981 0.1180 -0.9731
vn -0.7005 0.6546 0.2842
vn -0.1950 -0.9805 -0.0262
vn -0.2266 -0.9710 -0.0764
vn 0.6996 0.5596 0.4443
vn 0.8057 0.4465 0.3891
vn 0.0229 -0.9808 0.1937
vn 0.0315 -0.9703 0.2399
vn 0.6811 -0.4821 -0.5511
vn 0.8963 -0.4333 0.0938
vn 0.9753 -0.1914 0.1105
vn 0.8937 -0.4397 0.0893
vn -0.4340 0.6844 0.5858
vn -0.7226 -0.0030 0.6913
vn -0.7447 -0.0161 0.6672
vn -0.5628 0.0317 0.8260
vn 0.5131 -0.8354 0.1973
vn -0.3932 0.8670 -0.3060
vn -0.7507 0.3801 -0.5404
vn 0.5010 0.7404 -0.4482
vn 0.6359 0.6986 -0.3280
vn 0.4573 0.6451 -0.6121
vn 0.2767 -0.0408 -0.9601
vn 0.0210 -0.1283 -0.9915
vn 0.1555 -0.0900 -0.9837
vn -0.1357 -0.9659 0.2204
vn -0.4157 -0.8707 -0.2628
vn -0.1798 -0.9820 0.0587
vn 0.8972 -0.2673 0.3516
vn 0.8475 -0.4993 0.1801
vn 0.7950 0.5845 0.1626
vn -0.4613 0.3983 0.7928
vn -0.3081 0.4422 0.8423
vn 0.6229 0.0940 0.7766
vn 0.6851 -0.0494 0.7268
vn 0.6969 0.1433 0.7028
vn 0.0817 -0.9900 0.1152
vn -0.0027 -0.9924 0.1234
vn 0.0532 -0.9822 0.1800
vn -0.2682 0.6683 0.6939
vn -0.5826 0.5641 0.5852
vn -0.1169 0.6319 0.7662
vn -0.2559 0.4325 0.8646
vn -0.5617 0.4113 0.7179
vn -0.5704 0.4047 0.7148
vn -0.6828 0.1712 0.7102
vn -0.5740 0.4512 0.6833
vn -0.2507 0.9370 -0.2430
vn 0.7314 0.4381 0.5227
vn 0.7583 0.1919 0.6231
vn 0.5680 0.3821 0.7290
vn 0.8066 0.3313 0.4895
vn 0.5795 0.3011 0.7573
vn -0.4192 0.8696 0.2609
vn -0.0080 0.6937 0.7203
vn -0.4197 0.8012 0.4266
vn -0.1109 0.2958 0.9488
vn -0.1711 0.2885 0.9421
vn -0.3892 -0.0511 0.9198
vn -0.0605 -0.1713 0.9834
vn 0.6733 -0.2843 -0.6825
vn 0.5605 -0.0906 -0.8232
vn 0.5517 -0.3036 -0.7768
vn -0.3535 0.8968 -0.2662
vn -0.2095 0.8989 -0.3847
vn 0.8457 0.2579 -0.4673
vn -0.3821 0.8834 -0.2713
vn -0.4538 0.7866 -0.4188
vn -0.7024 0.6384 -0.3146
vn 0.1449 0.6814 0.7175
vn 0.1106 0.7708 0.6274
vn 0.0045 0.6790 0.7342
vn 0.2693 -0.8545 0.4442
vn -0.6992 -0.0981 -0.7081
vn -0.7268 -0.0679 -0.6835
vn -0.5546 -0.1422 -0.8199
vn 0.2405 0.2932 0.9253
vn -0.3181 -0.5845 0.7464
vn -0.3015 -0.4110 0.8603
vn 0.7153 -0.6263 -0.3099
vn 0.3642 0.6145 -0.6998
vn -0.3142 0.4516 -0.8351
vn -0.1961 0.6052 -0.7715
vn 0.3167 -0.1186 0.9411
vn 0.2483 -0.2430 0.9377
vn 0.2771 -0.1478 0.9494
vn 0.0371 -0.9834 0.1776
vn 0.0257 -0.9691 0.2454
vn 0.0501 -0.9819 0.1828
vn 0.6474 0.0663 0.7592
vn 0.8605 0.0759 0.5037
vn 0.3608 0.3448 -0.8666
vn 0.8211 -0.2608 -0.5077
vn 0.6702 -0.3383 -0.6606
vn -0.0364 -0.9661 0.2555
vn -0.0294 -0.9689 0.2455
vn -0.0413 -0.9686 0.2452
vn 0.8149 -0.5780 0.0435
vn -0.1958 0.4859 -0.8518
vn -0.3803 0.6551 -0.6528
vn -0.3418 0.3075 -0.8880
vn -0.1572 -0.0066 -0.9875
vn -0.1893 0.1354 -0.9725
vn 0.7227 0.6792 -0.1280
vn 0.6991 0.7100 -0.0846
vn 0.5879 0.7928 -0.1607
vn -0.8084 -0.2262 -0.5434
vn -0.7609 0.0981 -0.6415
vn -0.9349 0.0439 -0.3523
vn 0.4941 0.0073 -0.8694
vn -0.0759 -0.9958 -0.0512
vn 0.7005 0.4530 0.5514
vn -0.9732 -0.2283 0.0289
vn -0.9992 -0.0399 -0.0038
vn -0.5496 -0.1345 0.8245
vn 0.5763 0.1936 0.7940
vn 0.7442 0.2651 -0.6131
vn 0.3877 -0.9072 -0.1635
vn -0.9184 0.0028 -0.3956
vn 0.2075 0.4117 0.8874
vn -0.0249 -0.9766 0.2135
vn -0.0232 -0.9933 0.1132
vn 0.3412 -0.7916 0.5068
vn -0.0134 -0.9423 0.3345
vn 0.0449 -0.9347 0.3527
vn 0.5251 0.7286 0.4397
vn 0.5842 0.5215 0.6219
vn 0.3634 0.7657 0.5307
vn -0.3647 0.6216 0.6933
vn -0.1885 0.7249 0.6625
vn -0.1113 0.7325 0.6716
vn 0.3620 0.0344 0.9316
vn 0.6089 -0.0184 0.7930
vn 0.3609 0.0631 0.9305
vn 0.1579 -0.6197 0.7688
vn 0.0622 -0.2582 0.9641
vn 0.2428 -0.3281 0.9129
vn 0.1781 -0.4762 -0.8611
vn 0.2590 -0.9607 0.1000
vn -0.1490 0.2121 -0.9658
vn 0.1122 0.1177 -0.9867
vn -0.0258 0.1672 -0.9856
vn 0.0279 -0.4097 -0.9118
vn 0.0735 -0.1868 -0.9796
vn 0.2738 0.6587 0.7008
vn 0.1449 0.6344 0.7593
vn 0.2945 0.5244 0.7989
vn 0.0511 0.9106 -0.4101
vn 0.2753 0.8563 -0.4370
vn -0.1604 0.9190 -0.3602
vn -0.8613 0.2486 0.4432
vn -0.9388 -0.2215 0.2637
vn -0.8860 -0.3795 0.2666
vn -0.0498 0.9813 -0.1861
vn -0.2034 0.8633 -0.4620
vn -0.0553 -0.9159 0.3976
vn -0.0043 -0.9836 0.1801
vn -0.0370 -0.9755 0.2166
vn -0.0331 0.5988 0.8003
vn -0.4772 -0.3762 -0.7942
vn -0.4190 -0.5414 -0.7289
vn -0.4590 -0.1616 -0.8736
vn -0.4171 -0.5596 0.7161
vn -0.3298 -0.3048 0.8935
vn -0.2996 -0.0324 0.9535
vn 0.1042 0.2777 0.9550
vn 0.0136 0.3727 0.9278
vn 0.1723 0.3690 0.9133
vn 0.6559 0.2067 0.7260
vn 0.3388 0.6368 0.6926
vn 0.9377 0.2973 -0.1798
vn 0.9949 0.0261 -0.0975
vn 0.8876 -0.4594 0.0331
vn -0.1701 0.8335 -0.5256
vn -0.2707 0.7955 -0.5421
vn -0.2024 0.8595 -0.4693
vn 0.4219 0.5086 -0.7505
vn -0.2025 0.6992 -0.6857
vn 0.4391 0.4085 -0.8002
vn 0.0550 0.0441 0.9975
vn -0.8257 -0.0753 0.5590
vn -0.2498 -0.6402 -0.7264
vn -0.1142 -0.3737 -0.9205
vn -0.1953 -0.7267 -0.6587
vn -0.4494 -0.3720 -0.8122
vn -0.6786 0.1948 -0.7082
vn -0.3660 0.1411 -0.9199
vn -0.4390 0.0369 -0.8977
vn 0.8328 0.5466 0.0879
vn 0.8691 0.4358 -0.2340
vn 0.5575 0.1149 0.8222
vn 0.9134 -0.1878 0.3612
vn 0.9227 -0.3737 -0.0944
vn 0.0515 -0.0412 0.9978
vn 0.0862 -0.3316 0.9395
vn -0.7080 -0.7042 0.0533
vn -0.7189 0.5546 0.4191
vn -0.8979 0.1922 0.3961
vn -0.0484 0.8677 -0.4947
vn -0.1601 0.7284 -0.6661
vn -0.8701 0.1797 -0.4590
vn -0.8922 0.1695 -0.4187
vn -0.8471 -0.0058 -0.5315
vn 0.2660 -0.3974 -0.8782
vn 0.0201 -0.9296 0.3680
vn 0.0211 -0.9846 0.1733
vn 0.0173 -0.9868 0.1610
vn 0.8212 0.3634 0.4401
vn 0.6183 0.7451 0.2502
vn 0.3252 -0.0153 -0.9455
vn 0.2127 0.0046 -0.9771
vn 0.7919 0.0906 -0.6039
vn 0.9464 -0.3192 0.0502
vn -0.5733 0.5653 0.5932
vn -0.1609 0.4408 0.8831
vn -0.4285 0.6412 0.6366
vn 0.4257 0.8822 -0.2011
vn -0.1239 0.8445 -0.5211
vn 0.2196 0.2515 -0.9426
vn -0.9870 0.1138 -0.1136
vn -0.9932 0.0759 -0.0887
vn 0.9822 -0.1725 -0.0745
vn -0.1715 -0.3467 0.9222
vn 0.0173 -0.7091 0.7049
vn 0.6872 -0.1061 -0.7187
vn 0.6516 -0.2155 -0.7273
vn 0.6830 -0.3646 -0.6330
vn -0.9798 -0.1997 -0.0096
vn -0.5339 0.1152 -0.8377
vn -0.4815 0.3785 -0.7905
vn 0.5215 0.5130 -0.6818
vn 0.5126 -0.8498 0.1232
vn 0.9006 -0.4278 0.0769
vn 0.8596 0.5094 -0.0413
vn 0.6741 0.5979 0.4336
vn 0.8222 0.4877 0.2936
vn -0.3415 -0.7995 0.4942
vn 0.1562 -0.4425 -0.8831
vn 0.1250 -0.1618 -0.9789
vn -0.3299 -0.4002 -0.8550
vn 0.1580 0.2085 -0.9652
vn 0.3242 0.0644 -0.9438
vn 0.4363 -0.8347 0.3361
vn 0.5644 0.5604 -0.6061
vn 0.6977 0.4913 -0.5213
vn 0.7361 0.0527 -0.6748
vn 0.5955 0.1079 -0.7961
vn 0.7715 0.0417 -0.6349
vn 0.5372 -0.0198 -0.8432
vn 0.5858 0.1297 -0.8000
vn 0.5123 0.0263 -0.8584
vn -0.3696 0.2037 0.9066
vn 0.7506 -0.2529 -0.6105
vn 0.4462 -0.2656 -0.8546
vn 0.3009 -0.9478 0.1053
vn -0.2010 -0.9204 -0.3353
vn -0.0365 -0.3124 -0.9492
vn 0.4585 -0.5147 -0.7244
vn 0.1518 0.9338 -0.3241
vn -0.6745 0.6231 -0.3959
vn -0.5301 0.6572 -0.5358
vn 0.6400 -0.4343 -0.6339
vn 0.2817 -0.5315 -0.7989
vn 0.6586 -0.7470 -0.0907
vn 0.0393 0.7395 0.6721
vn -0.7129 0.5595 0.4228
vn -0.5088 -0.8608 -0.0089
vn -0.2520 -0.9617 -0.1077
vn 0.8379 -0.4987 -0.2219
vn 0.9510 0.0215 -0.3084
vn 0.5626 -0.6367 -0.5273
vn -0.1936 -0.1072 -0.9752
vn 0.1235 -0.0314 -0.9918
vn 0.4632 -0.7416 -0.4852
vn 0.4612 -0.5643 -0.6848
vn 0.5483 -0.7953 -0.2586
vn 0.8805 -0.1239 0.4576
vn 0.6675 0.4889 0.5616
vn 0.7286 0.4380 0.5266
vn -0.4377 0.6201 0.6511
vn -0.8186 0.2302 0.5262
vn 0.3565 0.7580 0.5462
vn 0.1973 0.4885 0.8500
vn 0.2089 0.5861 0.7828
vn -0.7107 0.1979 -0.6750
vn -0.4769 0.7572 -0.4463
vn -0.7508 0.1536 0.6425
vn 0.5446 0.1193 -0.8302
vn 0.3897 0.0830 -0.9172
vn 0.4377 0.2017 -0.8762
vn -0.4846 0.8554 -0.1830
vn -0.3657 0.8858 -0.2858
vn 0.7168 0.6000 -0.3551
vn -0.6443 -0.1794 -0.7434
vn 0.5250 0.5464 0.6525
vn 0.4964 0.5400 -0.6796
vn -0.7606 -0.6124 -0.2158
vn -0.6166 -0.4475 -0.6477
vn -0.7450 -0.3747 -0.5519
vn -0.9437 -0.2539 -0.2122
vn -0.0783 -0.9264 -0.3684
vn 0.1888 0.2392 -0.9524
vn 0.2202 0.1616 -0.9620
vn 0.2678 0.2990 -0.9159
vn -0.3246 -0.3730 -0.8692
vn 0.1722 -0.3996 -0.9004
vn 0.2006 -0.5058 -0.8390
vn 0.3805 0.4023 0.8327
vn 0.3138 0.5476 0.7757
vn 0.4804 0.4636 0.7446
vn 0.7126 0.2553 -0.6535
vn 0.6464 0.4004 -0.6495
vn 0.5673 0.0743 -0.8201
vn -0.0765 0.7034 0.7066
vn -0.2205 0.6119 0.7595
vn 0.1009 0.5749 0.8119
vn -0.0408 -0.9973 0.0609
vn -0.1251 -0.6088 -0.7834
vn 0.7449 0.2203 -0.6297
vn 0.7041 0.2329 -0.6708
vn -0.0697 -0.9820 0.1757
vn 0.0037 -0.9789 0.2041
vn -0.4291 0.5466 0.7191
vn -0.2977 0.0161 0.9545
vn -0.1735 -0.1508 0.9732
vn 0.9510 0.2283 -0.2084
vn 0.9014 0.1120 -0.4183
vn 0.9599 0.2342 -0.1540
vn 0.4566 0.6423 0.6156
vn 0.7977 0.5432 0.2618
vn 0.7275 0.6594 0.1894
vn 0.0658 0.0693 -0.9954
vn 0.0385 -0.0098 -0.9992
vn 0.7276 0.2441 -0.6411
vn 0.7618 0.2473 -0.5987
vn 0.7877 0.3042 -0.5358
vn 0.3283 0.3923 0.8592
vn 0.5372 0.3005 0.7881
vn 0.7083 0.1907 -0.6797
vn 0.6287 -0.0092 -0.7776
vn 0.4234 0.0185 -0.9058
vn 0.7596 -0.0820 -0.6452
vn 0.7131 -0.0290 -0.7005
vn 0.1858 -0.9792 0.0817
vn 0.8391 0.2856 -0.4629
vn 0.8398 0.3793 -0.3884
vn 0.5201 0.6798 0.5171
vn 0.5206 0.5932 0.6141
vn 0.5237 0.7984 0.2972
vn 0.8626 -0.2821 0.4200
vn 0.0002 -0.9878 0.1558
vn 0.0113 -0.9835 0.1805
vn 0.0200 -0.9871 0.1586
vn -0.0304 -0.9815 0.1889
vn -0.0336 -0.9815 0.1883
vn -0.6913 0.5753 0.4371
vn -0.7845 0.4431 0.4338
vn 0.5457 0.1550 -0.8235
vn 0.4528 -0.1057 -0.8853
vn 0.6758 0.0141 -0.7369
vn -0.6513 0.6907 -0.3143
vn -0.1899 0.9030 -0.3853
vn -0.0613 0.2991 -0.9522
vn 0.0701 0.0903 -0.9934
vn 0.1549 0.2760 -0.9486
vn -0.5212 -0.0784 -0.8498
vn -0.2692 0.0786 -0.9599
vn -0.4443 -0.1346 -0.8857
vn 0.4472 -0.0351 -0.8938
vn 0.4933 -0.1451 -0.8577
vn -0.4558 -0.8901 0.0053
vn -0.7894 0.3541 0.5015
vn -0.9337 0.2486 0.2577
vn 0.3640 0.5586 -0.7453
vn 0.1147 0.8396 -0.5310
vn 0.1774 0.5488 -0.8169
vn -0.4339 -0.0874 -0.8967
vn -0.6497 0.3579 0.6707
vn -0.6367 0.0412 0.7700
vn -0.6117 0.2741 0.7421
vn -0.1524 -0.0064 -0.9883
vn 0.2230 0.3891 -0.8938
vn 0.0526 -0.1917 -0.9800
vn 0.3858 -0.9107 -0.1476
vn -0.9758 0.2181 0.0176
vn 0.1146 -0.2027 0.9725
vn 0.0189 -0.9692 0.2455
vn -0.3441 -0.0027 0.9389
vn -0.3461 0.1539 0.9255
vn -0.4006 -0.0457 0.9151
vn -0.8799 0.2199 0.4212
vn 0.9778 -0.2082 -0.0245
vn 0.9344 -0.3087 -0.1778
vn 0.8866 -0.4537 -0.0897
vn -0.3675 -0.2668 0.8909
vn -0.1627 -0.4202 0.8927
vn -0.5675 0.2630 0.7802
vn -0.3903 -0.4877 0.7809
vn -0.7988 0.2016 0.5668
vn 0.3533 0.5532 -0.7545
vn -0.6331 0.6031 0.4852
vn 0.3175 0.1772 0.9316
vn 0.1645 -0.0424 0.9855
vn 0.7303 0.6806 0.0586
vn 0.1788 0.9799 -0.0890
vn 0.5007 0.6649 0.5543
vn -0.6228 0.6104 0.4894
vn 0.7403 0.5802 0.3396
vn 0.8490 0.5167 -0.1106
vn 0.8680 0.3457 0.3564
vn -0.0081 0.6643 -0.7475
vn 0.0497 0.7628 -0.6447
vn -0.1666 0.8622 -0.4783
vn -0.3642 0.7672 -0.5279
vn 0.9258 -0.3403 0.1644
vn -0.1161 -0.7661 0.6321
vn -0.1780 -0.9310 0.3188
vn -0.6558 0.3562 -0.6657
vn -0.7614 0.3394 -0.5524
vn -0.7272 0.4110 -0.5497
vn 0.5216 0.2781 -0.8066
vn 0.4008 0.3751 -0.8358
vn 0.5885 0.6677 -0.4559
vn 0.7352 -0.1194 -0.6673
vn -0.2683 0.9305 -0.2495
vn -0.0817 0.9882 -0.1297
vn 0.2649 0.2822 0.9221
vn 0.0125 -0.9819 0.1891
vn 0.1754 0.0995 -0.9795
vn 0.3935 0.0540 -0.9177
vn 0.6553 0.6987 0.2872
vn 0.4245 0.4196 0.8023
vn 0.6454 0.6828 0.3424
vn 0.8274 0.0441 -0.5598
vn 0.7988 0.0820 -0.5960
vn 0.1942 -0.0920 0.9766
vn 0.2878 -0.0036 0.9577
vn -0.4061 0.0405 -0.9129
vn 0.5783 0.4279 0.6946
vn 0.9859 0.1183 0.1185
vn -0.1452 0.2688 -0.9522
vn 0.0154 0.2290 -0.9733
vn 0.1689 0.2288 -0.9587
vn -0.7992 0.3549 -0.4851
vn -0.8201 0.4030 -0.4062
vn -0.8274 0.4128 -0.3808
vn -0.7147 0.2324 0.6597
vn -0.7901 0.0624 0.6098
vn -0.7683 0.2507 0.5890
vn -0.1242 -0.7467 0.6535
vn -0.0812 -0.8739 0.4792
vn -0.0727 -0.6773 -0.7321
vn -0.5088 0.6224 -0.5948
vn -0.3160 0.6879 -0.6534
vn -0.4351 0.4372 -0.7871
vn 0.4683 0.3916 0.7921
vn 0.5572 -0.2974 0.7753
vn 0.3713 0.5563 0.7434
vn 0.3896 -0.1725 0.9047
vn 0.5439 -0.0024 0.8391
vn -0.4055 0.2261 0.8857
vn 0.0470 -0.9372 0.3456
vn -0.4965 -0.8036 0.3284
vn -0.0125 -0.9972 0.0741
vn -0.8964 0.4140 0.1583
vn -0.1408 0.6489 0.7477
vn 0.2884 -0.2671 0.9195
vn 0.3647 -0.3800 0.8501
vn 0.7482 0.5084 0.4262
vn 0.8169 0.5250 0.2389
vn 0.6160 0.5380 0.5754
vn 0.3429 -0.0392 -0.9385
vn 0.3757 -0.7675 -0.5195
vn -0.6276 0.6675 -0.4008
vn -0.3311 0.9409 -0.0704
vn -0.4161 0.7745 0.4765
vn -0.9186 0.3829 -0.0976
vn -0.3309 0.8635 0.3805
vn 0.6627 -0.7489 -0.0009
vn 0.6300 0.3803 0.6771
vn 0.4497 0.4608 0.7651
vn 0.4760 0.5049 0.7200
vn -0.6701 0.7136 -0.2044
vn 0.9888 -0.1470 0.0255
vn 0.0747 0.8429 0.5328
vn -0.0294 0.7754 0.6308
vn 0.1183 0.7861 0.6066
vn -0.1135 0.6156 0.7798
vn 0.3003 0.7228 0.6224
vn 0.2721 0.0864 -0.9584
vn 0.1942 0.0496 -0.9797
vn -0.6849 -0.1693 -0.7087
vn -0.6209 -0.3363 -0.7081
vn -0.6096 -0.1502 -0.7783
vn -0.2461 0.1470 -0.9580
vn 0.5458 0.0254 -0.8375
vn 0.7175 0.1201 -0.6862
vn 0.5546 -0.0677 0.8293
vn 0.5462 0.0007 0.8377
vn 0.4063 0.0265 0.9133
vn -0.5016 0.4432 -0.7430
vn -0.5438 0.5121 -0.6648
vn -0.5023 0.5047 -0.7021
vn 0.1102 -0.0069 0.9939
vn -0.5387 0.1773 0.8236
vn -0.5280 0.7524 0.3939
vn -0.5023 0.1289 0.8550
vn -0.9908 -0.0610 -0.1210
vn -0.2611 0.3061 -0.9155
vn -0.0295 0.2601 -0.9651
vn 0.4174 -0.3018 -0.8571
vn 0.4025 -0.3644 -0.8398
vn 0.3799 -0.4632 -0.8007
vn 0.8538 0.5153 -0.0741
vn 0.8560 0.4810 0.1894
vn -0.5277 0.0512 -0.8479
vn -0.4810 0.0377 -0.8759
vn -0.2269 0.8233 -0.5203
vn -0.3716 0.5678 -0.7345
vn 0.5628 0.4183 0.7129
vn -0.4232 0.6216 -0.6591
vn 0.7560 -0.0671 -0.6511
vn -0.9131 -0.1820 -0.3648
vn -0.8980 -0.2014 -0.3912
vn -0.9473 -0.1538 -0.2812
vn -0.8250 -0.1466 -0.5458
vn -0.7623 0.0259 -0.6467
vn -0.5502 -0.0601 -0.8328
vn 0.0884 -0.9956 0.0319
vn 0.2603 -0.9064 -0.3328
vn 0.1361 -0.8565 -0.4980
vn -0.5588 -0.3339 -0.7591
vn -0.3388 -0.5695 -0.7489
vn -0.4907 -0.3957 -0.7762
vn 0.2142 -0.2184 0.9521
vn 0.5719 -0.5430 -0.6149
vn 0.4871 -0.8703 -0.0728
vn 0.4456 -0.7921 -0.4171
vn -0.4843 -0.0559 -0.8731
vn -0.3599 -0.0402 -0.9321
vn -0.4517 0.0349 -0.8915
vn 0.5656 0.6529 0.5039
vn 0.4169 0.9023 0.1097
vn 0.1476 -0.9249 -0.3503
vn 0.3490 -0.9346 -0.0681
vn -0.1742 -0.4377 -0.8821
vn 0.1836 -0.3626 -0.9137
vn 0.3491 -0.0707 -0.9344
vn 0.2736 0.0208 -0.9616
vn 0.0079 -0.0722 -0.9974
vn -0.2772 0.0439 -0.9598
vn -0.6432 -0.6606 0.3873
vn -0.8604 -0.0840 0.5026
vn -0.1573 -0.5720 0.8050
vn -0.8290 0.3807 -0.4096
vn -0.8677 0.4581 -0.1929
vn 0.0316 -0.1824 -0.9827
vn 0.0134 -0.1698 -0.9854
vn -0.1872 -0.2126 -0.9591
vn 0.6961 0.7177 0.0201
vn 0.6516 0.7536 0.0861
vn 0.8601 0.4076 0.3067
vn -0.4497 0.4261 0.7850
vn -0.4411 0.2668 0.8569
vn -0.0803 0.4483 0.8903
vn 0.3553 0.3561 0.8643
vn 0.3536 0.2950 0.8877
vn -0.6437 -0.6824 -0.3464
vn -0.5509 -0.6533 -0.5193
vn -0.4571 -0.7932 -0.4024
vn 0.3098 0.2755 0.9100
vn 0.3505 0.2833 0.8927
vn 0.2281 0.3412 0.9119
vn 0.0771 0.9521 0.2958
vn -0.2424 0.8551 0.4584
vn -0.1982 -0.9464 -0.2549
vn 0.3451 -0.6325 -0.6934
vn 0.1611 -0.7350 -0.6586
vn 0.4359 0.7826 -0.4444
vn 0.4700 0.8612 -0.1935
vn 0.4224 0.8984 -0.1201
vn 0.1306 -0.0729 -0.9888
vn 0.0721 -0.0746 -0.9946
vn 0.0749 -0.1046 -0.9917
vn -0.4075 0.9118 -0.0508
vn -0.4801 0.8530 -0.2049
vn -0.3704 0.9034 -0.2162
vn 0.5553 0.1258 0.8220
vn 0.6518 -0.1832 0.7360
vn 0.7689 -0.0932 0.6325
vn -0.3569 0.8010 0.4806
vn -0.4576 0.8271 0.3262
vn -0.5752 0.6823 0.4512
vn 0.5859 0.5221 -0.6198
vn 0.5540 0.7311 -0.3983
vn 0.8238 0.3784 0.4221
vn 0.9599 -0.0457 0.2767
vn -0.5009 0.6011 0.6227
vn -0.1654 0.6747 0.7193
vn -0.1233 0.7186 0.6844
vn 0.4972 -0.4516 0.7409
vn 0.5252 -0.4638 0.7135
vn 0.1728 -0.5566 0.8126
vn 0.0671 -0.7341 0.6757
vn 0.9405 0.0515 -0.3359
vn 0.8404 0.3381 -0.4235
vn 0.1403 -0.9895 0.0345
vn -0.1017 -0.9384 0.3304
vn -0.6533 0.5590 -0.5106
vn 0.0838 0.5880 0.8045
vn 0.2195 0.4847 0.8467
vn 0.4420 -0.8944 0.0677
vn -0.7581 0.6078 0.2366
vn -0.5162 0.7173 0.4681
vn -0.6998 0.7050 0.1153
vn 0.4907 0.8176 -0.3012
vn 0.5126 0.8316 -0.2136
vn 0.6081 0.7455 -0.2729
vn -0.6252 0.0216 -0.7802
vn -0.4289 0.0739 -0.9003
vn -0.5111 -0.0266 -0.8591
vn -0.7931 0.1341 0.5941
vn -0.2947 0.6803 -0.6710
vn -0.3904 0.6069 -0.6923
vn -0.7793 0.4431 -0.4431
vn -0.5983 0.7520 -0.2766
vn 0.0773 -0.9970 0.0097
vn 0.3369 -0.9050 -0.2598
vn 0.4515 0.1416 -0.8810
vn 0.3108 0.0825 -0.9469
vn 0.3427 0.0120 -0.9394
vn -0.6963 -0.2435 -0.6752
vn -0.2516 -0.1117 -0.9614
vn -0.3938 -0.8442 -0.3636
vn 0.2044 -0.3638 0.9088
vn 0.2509 -0.3303 0.9099
vn 0.2263 -0.1081 0.9680
vn 0.1988 -0.9713 0.1309
vn 0.7090 0.5823 0.3977
vn 0.7148 0.5527 0.4285
vn 0.8114 0.5218 0.2634
vn 0.5133 0.6448 -0.5663
vn 0.2403 0.8028 -0.5456
vn 0.6621 -0.4353 -0.6100
vn 0.8026 0.1621 -0.5741
vn 0.2306 -0.3642 -0.9023
vn -0.0261 0.0447 -0.9987
vn -0.0699 -0.0634 -0.9955
vn 0.0261 0.0675 -0.9974
vn 0.0700 0.8960 -0.4386
vn -0.0985 0.7924 -0.6020
vn -0.2414 0.8548 -0.4595
vn -0.1427 0.0033 0.9898
vn -0.1925 0.1395 0.9713
vn -0.0063 0.3936 0.9193
vn 0.7612 0.0872 0.6426
vn 0.1278 -0.8397 -0.5278
vn -0.9967 -0.0759 -0.0300
vn -0.7059 -0.0965 -0.7018
vn -0.7857 -0.1089 -0.6090
vn -0.5064 0.6917 0.5150
vn -0.4974 0.7356 0.4598
vn 0.3115 0.8323 0.4585
vn 0.4585 0.1741 -0.8715
vn 0.9067 0.2165 -0.3621
vn 0.7458 0.0893 0.6602
vn 0.7424 0.0248 0.6695
vn -0.8566 -0.3449 0.3837
vn 0.6184 -0.0167 0.7857
vn 0.6821 -0.0195 0.7310
vn 0.7914 -0.0564 0.6087
vn -0.8914 -0.2151 -0.3989
vn -0.6759 0.0932 0.7310
vn -0.7310 0.0572 0.6799
vn -0.8023 -0.0330 0.5960
vn -0.4688 0.8426 -0.2651
vn -0.4661 -0.5865 -0.6624
vn 0.2480 -0.8964 -0.3674
vn -0.5165 -0.1333 0.8459
vn 0.5662 -0.2667 -0.7799
vn 0.1373 -0.9845 -0.1089
vn 0.1385 -0.8201 0.5552
vn -0.0879 -0.8748 -0.4764
vn -0.8740 0.3868 -0.2941
vn -0.8015 0.5130 -0.3072
vn -0.8615 0.4149 -0.2928
vn 0.7748 0.6101 -0.1657
vn 0.8698 0.3358 0.3616
vn 0.6703 0.2639 0.6936
vn 0.3397 -0.0513 0.9391
vn 0.1810 0.2367 0.9546
vn -0.4570 0.0936 -0.8845
vn -0.1296 0.1456 -0.9808
vn -0.0538 0.0188 -0.9984
vn -0.9905 -0.0126 0.1372
vn -0.8455 0.0168 -0.5337
vn -0.8085 0.0727 -0.5840
vn -0.8441 0.1706 -0.5084
vn 0.3906 -0.0055 -0.9206
vn 0.4922 0.0454 -0.8693
vn -0.1711 0.0107 0.9852
vn -0.1086 0.5547 0.8249
vn -0.6972 -0.2189 -0.6826
vn -0.5933 -0.3552 -0.7224
vn -0.5444 -0.3332 -0.7698
vn 0.0114 -0.9993 -0.0368
vn -0.6349 -0.3460 0.6908
vn 0.0147 -0.9788 0.2042
vn 0.7808 -0.2249 0.5830
vn 0.8317 -0.1840 0.5238
vn 0.7342 -0.3143 0.6018
vn 0.2024 0.4523 0.8686
vn 0.7016 0.5478 0.4558
vn 0.6834 0.4926 0.5388
vn 0.3061 0.2146 -0.9275
vn 0.1020 0.3486 -0.9317
vn -0.0285 0.3134 -0.9492
vn -0.7900 -0.5789 -0.2020
vn -0.7372 0.3380 -0.5850
vn -0.5334 0.8452 0.0326
vn 0.8924 -0.2494 -0.3761
vn -0.0208 -0.3845 -0.9229
vn 0.5663 -0.0364 -0.8234
vn 0.8186 -0.0219 -0.5739
vn 0.7655 0.5084 -0.3945
vn 0.2428 0.2093 -0.9472
vn 0.2685 0.3146 -0.9105
vn 0.3325 0.6325 -0.6995
vn -0.1603 -0.3766 -0.9124
vn -0.4390 0.2480 0.8636
vn -0.1747 0.4601 0.8705
vn -0.2071 0.4723 0.8567
vn 0.3188 -0.2178 0.9225
vn 0.0998 -0.3532 0.9302
vn -0.4639 0.0205 0.8857
vn -0.0780 -0.9565 0.2810
vn -0.2769 -0.9340 0.2257
vn 0.0316 -0.9770 0.2108
vn 0.0348 -0.9782 0.2049
vn -0.0043 -0.9828 0.1846
vn 0.5026 0.0154 0.8644
vn 0.5062 0.0594 0.8604
vn 0.3827 0.0438 0.9228
vn -0.3110 -0.7172 0.6236
vn -0.4303 -0.6858 0.5869
vn 0.4663 -0.8453 -0.2607
vn -0.8307 0.5541 -0.0542
vn -0.8588 0.4667 -0.2114
vn -0.8082 0.5773 -0.1159
vn 0.2617 0.6791 0.6858
vn 0.0953 0.4247 0.9003
vn 0.0911 0.4479 0.8894
vn 0.3711 0.0870 -0.9245
vn -0.6262 0.4003 -0.6690
vn -0.6655 0.0811 -0.7420
vn -0.5812 0.1551 -0.7989
vn 0.7679 0.5445 0.3375
vn 0.8079 0.5224 0.2728
vn -0.1633 0.8404 -0.5168
vn -0.4082 0.6669 -0.6234
vn -0.2293 0.9521 -0.2024
vn -0.9392 -0.0138 0.3431
vn -0.9257 -0.0664 0.3723
vn 0.8925 0.2883 -0.3469
vn 0.9638 0.2447 -0.1055
vn -0.5115 0.5864 0.6281
vn -0.5866 0.6758 0.4463
vn -0.2267 -0.8697 -0.4384
vn -0.5243 -0.0497 -0.8501
vn 0.2801 0.4833 0.8294
vn 0.2358 0.4879 0.8404
vn -0.8719 -0.2292 -0.4328
vn 0.5672 -0.0254 -0.8232
vn 0.9961 -0.0037 -0.0885
vn 0.9971 -0.0479 -0.0586
vn -0.0139 0.4878 0.8728
vn -0.0143 -0.9871 0.1595
vn 0.3651 -0.5781 0.7297
vn -0.0975 -0.9844 0.1462
vn -0.0888 -0.9832 0.1593
vn -0.0562 -0.9871 0.1499
vn -0.7897 -0.5627 0.2444
vn 0.2989 0.4630 0.8344
vn 0.2865 0.2920 0.9125
vn 0.2359 0.4251 0.8739
vn -0.0051 -0.9820 0.1891
vn 0.2341 -0.1731 0.9567
vn 0.2119 0.3591 0.9089
vn 0.0458 -0.8388 -0.5425
vn 0.3807 -0.7486 -0.5429
vn 0.3648 -0.8193 -0.4424
vn 0.7615 0.2404 -0.6019
vn 0.8358 0.1877 -0.5159
vn 0.7131 0.1228 -0.6902
vn -0.4279 -0.2036 -0.8806
vn -0.5870 -0.3499 -0.7300
vn -0.0586 0.9325 0.3563
vn -0.1247 0.0743 -0.9894
vn 0.3327 0.0486 0.9418
vn 0.3944 0.0070 0.9189
vn -0.8244 -0.5660 0.0020
vn 0.3443 -0.8085 0.4773
vn 0.5769 0.4705 -0.6677
vn -0.3107 -0.0582 -0.9487
vn -0.3346 -0.0170 -0.9422
vn -0.1752 0.0068 -0.9845
vn 0.6124 0.7869 -0.0758
vn 0.7591 0.6359 -0.1390
vn 0.7860 0.6072 -0.1162
vn 0.1407 0.9361 0.3224
vn -0.7781 -0.0272 -0.6275
vn -0.7786 -0.5217 -0.3488
vn -0.5821 0.7720 -0.2551
vn -0.4686 0.8693 -0.1571
vn -0.1082 -0.9938 0.0266
vn -0.2929 -0.9553 -0.0400
vn -0.1844 -0.9828 0.0046
vn 0.6508 0.7485 -0.1276
vn -0.4169 -0.0362 0.9082
vn -0.3277 0.9346 -0.1382
vn -0.5746 0.8148 -0.0769
vn 0.5520 0.2638 0.7910
vn 0.2939 0.5557 0.7777
vn 0.5336 0.4550 0.7129
vn -0.8975 0.3126 -0.3110
vn -0.8941 0.2109 -0.3950
vn -0.8581 0.3041 -0.4138
vn 0.8144 -0.1658 0.5562
vn 0.8245 0.0128 0.5656
vn 0.9083 -0.3566 0.2185
vn 0.8998 -0.2999 0.3167
vn -0.7123 0.3622 -0.6012
vn -0.7432 0.3560 -0.5665
vn -0.7963 0.2233 -0.5622
vn -0.3036 0.4631 -0.8327
vn -0.1181 0.2556 -0.9595
vn -0.3610 0.9089 0.2086
vn 0.0279 0.3958 0.9179
vn 0.2977 0.5350 0.7907
vn -0.3490 0.4233 0.8361
vn -0.1509 0.4467 -0.8819
vn -0.2555 0.3144 -0.9142
vn -0.5229 0.7426 0.4185
vn -0.4984 0.8620 -0.0926
vn -0.0849 0.6629 0.7438
vn -0.5254 0.3007 0.7960
vn 0.4354 0.5179 0.7363
vn -0.8905 0.0819 0.4475
vn -0.5272 0.3262 0.7846
vn 0.0837 0.5379 0.8388
vn -0.4499 0.1759 -0.8756
vn -0.3587 0.1173 -0.9260
vn -0.4761 0.0731 -0.8764
vn -0.4136 0.2342 0.8798
vn -0.7104 0.1191 0.6936
vn -0.7930 -0.5971 0.1209
vn 0.6331 0.6254 -0.4561
vn 0.6938 0.6474 -0.3154
vn 0.1347 0.0866 -0.9871
vn 0.2091 0.0019 -0.9779
vn 0.1329 0.0766 -0.9882
vn 0.1929 0.2055 -0.9595
vn 0.2975 0.5186 -0.8016
vn 0.7374 0.6051 0.3002
vn 0.4456 0.6723 0.5912
vn 0.7394 0.6733 -0.0005
vn 0.7963 0.6035 -0.0417
vn 0.8103 0.5853 0.0287
vn -0.3000 0.8647 0.4028
vn -0.3435 0.7963 0.4979
vn 0.0065 0.7835 0.6214
vn 0.5481 0.3836 0.7432
vn -0.5804 0.4887 0.6514
vn -0.9431 0.2369 -0.2335
vn 0.6994 0.0554 0.7126
vn 0.6929 0.2327 0.6825
vn 0.2174 0.8519 0.4764
vn -0.8624 0.4542 -0.2234
vn -0.5901 0.6787 -0.4371
vn -0.4866 0.7554 -0.4388
vn 0.4414 0.1602 -0.8829
vn 0.7352 0.5599 -0.3821
vn -0.0602 -0.9788 0.1958
vn 0.7426 0.4350 0.5091
vn 0.8307 0.3118 0.4612
vn 0.2799 0.4816 0.8305
vn 0.2111 0.4828 0.8499
vn 0.2718 0.2008 0.9412
vn 0.6144 -0.1638 0.7718
vn -0.4561 -0.6586 -0.5985
vn -0.5466 0.7186 0.4299
vn -0.4770 0.6286 0.6144
vn -0.5214 0.5332 0.6662
vn -0.7793 0.5569 0.2872
vn -0.5538 0.5923 0.5853
vn -0.9027 0.0352 0.4288
vn -0.9087 0.0797 0.4097
vn -0.6894 0.4543 0.5642
vn -0.6140 0.4741 0.6311
vn -0.3484 0.4168 0.8396
vn -0.1200 -0.9881 0.0958
vn -0.0003 -0.9965 0.0837
vn 0.0053 -0.9999 0.0161
vn 0.1224 0.7270 -0.6756
vn 0.4178 0.6636 -0.6205
vn 0.3866 0.5775 -0.7190
vn 0.8900 0.4554 -0.0223
vn 0.8239 0.5614 -0.0774
vn 0.8637 0.1048 -0.4930
vn 0.8744 0.2526 -0.4142
vn 0.7449 0.6032 -0.2851
vn -0.4457 0.3133 -0.8386
vn -0.4105 0.2212 -0.8846
vn -0.0603 0.2938 -0.9540
vn 0.8934 -0.4442 -0.0675
vn 0.9713 -0.2162 -0.0988
vn 0.8230 -0.5674 -0.0276
vn -0.2786 -0.1977 -0.9398
vn -0.2191 -0.1531 -0.9636
vn -0.4301 0.9018 -0.0428
vn -0.3668 0.9195 -0.1413
vn -0.9073 -0.1211 -0.4027
vn -0.8750 -0.1207 -0.4688
vn -0.5897 0.7270 -0.3517
vn 0.8007 0.2396 -0.5490
vn -0.2741 0.0329 -0.9611
vn -0.0088 -0.0063 -0.9999
vn 0.2565 -0.0849 -0.9628
vn 0.5136 -0.4312 -0.7418
vn -0.8466 0.5209 -0.1096
vn -0.2923 0.3086 -0.9052
vn -0.1842 -0.0043 -0.9829
vn 0.2624 0.3049 -0.9155
vn 0.2628 -0.0253 -0.9645
vn 0.1391 -0.0190 -0.9901
vn 0.7520 0.2070 -0.6258
vn 0.5817 0.4625 0.6691
vn -0.4215 0.7733 -0.4737
vn -0.5512 0.3970 0.7339
vn -0.6239 0.2704 0.7332
vn -0.6447 0.3734 0.6670
vn -0.0703 -0.9825 0.1724
vn -0.0239 -0.9912 0.1304
vn -0.0617 -0.9904 0.1238
vn 0.0218 -0.9848 0.1723
vn 0.0153 -0.9829 0.1835
vn 0.9320 -0.3582 -0.0545
vn 0.8675 -0.1426 -0.4766
vn 0.6280 -0.1368 -0.7661
vn 0.4188 0.5773 0.7009
vn 0.1374 0.4417 -0.8866
vn 0.3943 0.0345 -0.9184
vn -0.2700 -0.7681 0.5806
vn -0.2316 -0.4669 0.8535
vn -0.2497 -0.1442 0.9575
vn 0.9654 -0.0172 0.2603
vn 0.4620 -0.8376 0.2914
vn -0.7264 0.5579 -0.4014
vn 0.4157 0.1364 -0.8992
vn 0.5503 0.2281 -0.8032
vn 0.7879 0.3245 -0.5233
vn -0.1493 -0.9636 0.2219
vn -0.1601 -0.6158 0.7715
vn -0.9390 -0.3281 0.1030
vn -0.1127 -0.9791 0.1693
vn -0.1052 -0.9767 0.1869
vn 0.6496 0.2776 -0.7078
vn 0.8994 0.1584 -0.4074
vn 0.8116 0.5480 0.2026
vn -0.6941 0.2456 -0.6767
vn -0.5733 0.7596 -0.3072
vn 0.2542 0.3432 0.9042
vn 0.3470 0.5065 0.7893
vn -0.0702 -0.6878 0.7225
vn -0.1350 -0.7095 0.6916
vn 0.2155 -0.9424 0.2558
vn -0.0934 0.6466 -0.7571
vn -0.1985 0.6671 -0.7181
vn -0.0880 0.7031 -0.7057
vn 0.3452 -0.7079 0.6162
vn 0.3334 -0.2471 -0.9098
vn 0.0332 0.0521 -0.9981
vn 0.0211 -0.9812 0.1917
vn 0.0267 -0.9770 0.2116
vn 0.0352 -0.9790 0.2006
vn 0.4302 -0.5003 -0.7514
vn -0.1481 -0.2855 -0.9469
vn 0.2449 0.0986 -0.9645
vn -0.1521 -0.3596 -0.9206
vn -0.4500 0.6222 -0.6406
vn 0.5919 0.2315 -0.7721
vn 0.0987 0.1919 -0.9764
vn 0.6346 0.1320 -0.7615
vn -0.8948 -0.0485 0.4439
vn -0.8810 -0.0227 0.4725
vn -0.7996 0.0017 0.6006
vn 0.1295 0.1681 -0.9772
vn -0.6643 -0.3888 0.6383
vn -0.2859 0.0932 0.9537
vn -0.4615 -0.7107 0.5310
vn 0.7344 -0.0163 0.6785
vn -0.1989 -0.3581 0.9123
vn -0.0393 0.3912 0.9195
vn 0.8951 0.0055 -0.4458
vn 0.8839 -0.4425 0.1516
vn -0.0103 -0.9859 -0.1672
vn 0.1330 0.4117 0.9016
vn 0.9722 -0.1084 0.2074
vn 0.3774 0.3379 0.8622
vn -0.7154 -0.6089 -0.3428
vn -0.5530 -0.7086 -0.4383
vn 0.0993 -0.9947 -0.0262
vn 0.8162 -0.0716 0.5734
vn -0.6042 0.6066 -0.5166
vn -0.6145 0.4966 -0.6130
vn -0.7589 0.5289 -0.3798
vn 0.4687 0.7868 0.4016
vn 0.5023 0.7536 0.4240
vn 0.5292 0.7457 0.4049
vn -0.1447 0.4130 -0.8992
vn -0.0742 0.4542 -0.8878
vn -0.5741 0.4906 0.6555
vn -0.3921 0.6954 0.6022
vn 0.7342 -0.0571 0.6765
vn 0.6408 0.0008 0.7677
vn -0.8885 -0.0001 -0.4589
vn -0.9493 0.1333 -0.2849
vn 0.6188 0.7808 -0.0862
vn 0.6510 0.7589 -0.0133
vn 0.6538 0.7566 0.0107
vn -0.5228 -0.3459 -0.7791
vn -0.9161 0.0974 0.3890
vn -0.9240 0.1155 0.3645
vn -0.5556 0.5045 0.6608
vn -0.3686 -0.1601 0.9157
vn -0.2613 0.1063 0.9594
vn -0.0168 -0.9686 0.2480
vn -0.0390 -0.9733 0.2262
vn 0.1730 -0.9835 -0.0522
vn 0.4333 -0.8167 -0.3812
vn -0.1937 -0.8329 0.5185
vn 0.5703 0.7687 0.2897
vn 0.8344 0.3960 0.3834
vn -0.3513 0.5300 0.7718
vn -0.8736 0.0099 0.4865
vn 0.0636 0.0734 0.9953
vn -0.7314 -0.6167 0.2911
vn -0.7994 0.2430 0.5495
vn -0.8159 0.3914 0.4256
vn -0.9208 0.0894 0.3797
vn 0.8688 -0.4095 0.2783
vn 0.8894 -0.1324 0.4375
vn 0.1563 -0.3611 0.9194
vn -0.4651 0.2242 0.8564
vn -0.5011 0.4461 0.7415
vn -0.0511 -0.0765 -0.9958
vn -0.1593 0.1605 -0.9741
vn 0.0932 0.3248 0.9412
vn -0.3654 -0.1980 0.9096
vn 0.9978 0.0013 0.0660
vn 0.9691 -0.1921 -0.1549
vn -0.8257 -0.0736 -0.5593
vn -0.6147 -0.1282 -0.7783
vn 0.9091 -0.1990 -0.3659
vn 0.9313 0.0216 -0.3636
vn 0.8493 0.2021 0.4878
vn 0.8476 0.0372 0.5294
vn 0.8726 0.1770 0.4553
vn 0.8221 0.4539 -0.3437
vn 0.8457 0.3657 -0.3887
vn 0.8488 0.3897 -0.3574
vn 0.3442 0.0369 0.9382
vn 0.3896 0.4649 0.7951
vn 0.3781 0.2880 0.8798
vn -0.8983 -0.0413 0.4374
vn -0.9185 0.2037 0.3388
vn -0.5194 0.0185 -0.8543
vn -0.5898 -0.0320 -0.8069
vn -0.4617 -0.0164 -0.8869
vn -0.0934 0.5648 0.8199
vn -0.0661 0.5211 0.8509
vn -0.3711 0.3057 -0.8768
vn -0.1599 -0.0299 -0.9867
vn -0.4113 0.0748 -0.9084
vn -0.3866 -0.7781 -0.4950
vn -0.3349 -0.3285 -0.8832
vn 0.5439 0.0952 -0.8337
vn 0.1925 0.1575 -0.9686
vn 0.9240 -0.2871 0.2527
vn -0.3637 0.3247 -0.8731
vn -0.2613 0.3485 -0.9002
vn -0.2678 0.2752 -0.9233
vn -0.3419 -0.4322 -0.8344
vn -0.5680 -0.6432 -0.5134
vn -0.8132 0.3864 -0.4351
vn -0.7765 0.3894 -0.4954
vn -0.8589 0.3240 -0.3967
vn -0.4369 0.4859 0.7570
vn -0.3615 0.3259 0.8736
vn -0.2708 0.0631 -0.9606
vn -0.4294 0.0822 -0.8994
vn -0.3572 -0.0412 -0.9331
vn 0.4014 -0.8165 -0.4150
vn 0.2203 -0.8794 0.4220
vn 0.4169 0.6523 0.6330
vn 0.5713 0.6431 -0.5099
vn 0.3190 0.4835 -0.8151
vn -0.4592 0.8576 -0.2315
vn -0.6753 0.6063 -0.4201
vn -0.6329 0.7212 -0.2817
vn -0.8220 0.4946 -0.2822
vn -0.9087 -0.0177 -0.4172
vn -0.2164 -0.0864 -0.9725
vn -0.4617 0.6247 -0.6297
vn -0.4178 0.5652 -0.7114
vn -0.6149 0.3979 -0.6809
vn -0.2191 0.4401 -0.8708
vn -0.2358 -0.1123 -0.9653
vn 0.3164 0.3603 0.8775
vn 0.0463 -0.8095 0.5853
vn -0.3364 -0.2401 0.9106
vn 0.9736 0.2285 0.0014
vn 0.9883 -0.0503 0.1437
vn 0.6784 -0.0916 0.7290
vn 0.6345 0.7484 0.1931
vn 0.5085 0.7645 0.3961
vn 0.0358 -0.5099 0.8595
vn 0.6710 0.6099 -0.4216
vn -0.4630 0.2228 -0.8579
vn -0.1444 0.3062 -0.9410
vn -0.4533 -0.2878 -0.8436
vn -0.9922 0.0024 0.1250
vn -0.8823 -0.2280 -0.4118
vn 0.9284 -0.3646 0.0722
vn 0.6916 -0.4243 -0.5845
vn -0.6198 -0.7635 0.1816
vn -0.4940 -0.8694 0.0074
vn -0.9673 -0.0394 -0.2506
vn 0.3389 0.8870 -0.3136
vn 0.8027 0.2509 -0.5410
vn 0.1344 0.9038 -0.4063
vn -0.5245 0.6335 -0.5688
vn -0.2049 0.8520 -0.4817
vn -0.0607 -0.0125 -0.9981
vn 0.2391 -0.0890 -0.9669
vn -0.0073 -0.9772 0.2121
vn 0.0272 -0.9778 0.2077
vn 0.0241 -0.9763 0.2152
vn -0.3344 -0.7227 0.6049
vn -0.4027 -0.3691 0.8376
vn 0.6610 0.7094 0.2448
vn 0.6216 0.6810 0.3872
vn 0.6419 -0.4256 0.6379
vn -0.0111 0.2863 0.9581
vn 0.7531 0.5844 -0.3022
vn -0.7879 0.0653 -0.6123
vn -0.7294 -0.0234 -0.6837
vn 0.0827 0.9456 -0.3146
vn 0.4013 0.5655 0.7205
vn -0.2534 -0.9577 -0.1363
vn 0.4343 -0.1023 -0.8949
vn 0.7306 0.1487 -0.6664
vn 0.6612 -0.0830 -0.7456
vn 0.1516 0.3694 0.9168
vn 0.2282 0.0472 -0.9725
vn -0.0744 -0.3459 -0.9353
vn -0.6645 0.7331 -0.1451
vn -0.7999 0.5968 -0.0637
vn -0.7686 0.6156 -0.1739
vn -0.7413 0.0567 0.6687
vn -0.5691 0.0424 0.8212
vn -0.6021 0.0322 0.7977
vn 0.0823 0.0790 -0.9935
vn 0.8933 -0.4392 -0.0957
vn 0.7258 -0.6828 -0.0842
vn 0.8249 -0.0481 0.5632
vn -0.2138 0.3943 -0.8938
vn -0.6604 0.4671 -0.5880
vn -0.5699 -0.4410 -0.6934
vn -0.1129 -0.9563 -0.2698
vn -0.9981 -0.0612 -0.0005
vn -0.9915 -0.0228 0.1280
vn 0.4069 0.2491 -0.8788
vn 0.8322 0.1117 -0.5431
vn 0.9042 0.1035 -0.4143
vn 0.4528 -0.2903 -0.8430
vn 0.5191 -0.6087 -0.6000
vn -0.6536 -0.3761 -0.6568
vn -0.5745 -0.6781 -0.4583
vn -0.5567 -0.4342 -0.7083
vn 0.7422 -0.3881 -0.5464
vn 0.7223 -0.4974 -0.4804
vn 0.2948 -0.7069 -0.6430
vn 0.4613 0.4618 0.7576
vn 0.5158 0.3973 0.7591
vn -0.0743 0.2552 0.9640
vn -0.0137 0.2066 0.9783
vn 0.0714 0.1888 0.9794
vn 0.8245 0.3529 -0.4423
vn 0.8269 0.3314 -0.4543
vn 0.6982 -0.3801 -0.6066
vn -0.1996 -0.2327 -0.9519
vn 0.3525 -0.1800 -0.9183
vn 0.2509 0.1127 -0.9614
vn 0.3136 -0.7271 -0.6107
vn 0.4777 -0.5281 -0.7021
vn 0.3128 -0.3266 -0.8919
vn -0.5151 0.8006 0.3060
vn -0.5599 0.7840 0.2680
vn -0.5506 0.7662 0.3313
vn -0.3334 -0.3367 -0.8806
vn -0.2223 -0.2750 -0.9354
vn 0.7080 0.0785 -0.7018
vn 0.0703 0.6367 0.7679
vn -0.9251 0.3624 -0.1136
vn 0.6131 -0.3766 -0.6944
vn -0.5426 0.0212 0.8397
vn -0.4902 0.0191 0.8714
vn -0.0439 -0.9860 0.1611
vn 0.0401 -0.9938 0.1037
vn 0.8509 -0.0677 0.5209
vn 0.7206 -0.0134 0.6933
vn -0.6507 -0.0963 0.7532
vn -0.6277 -0.2782 0.7270
vn -0.9877 -0.1347 -0.0800
vn -0.8482 -0.3798 0.3692
vn -0.1562 -0.9710 0.1809
vn 0.0841 -0.9922 0.0924
vn -0.6338 0.2304 0.7384
vn -0.9798 0.1255 0.1558
vn -0.5789 -0.7472 0.3265
vn 0.6116 0.7610 -0.2162
vn -0.1801 0.3298 -0.9267
vn 0.3562 -0.9096 -0.2139
vn -0.9644 0.2166 0.1519
vn -0.9012 0.3049 0.3081
vn -0.9685 0.2185 0.1196
vn 0.6617 0.4628 -0.5899
vn 0.3961 0.2072 -0.8945
vn 0.6865 0.4648 -0.5592
vn 0.3888 -0.1079 0.9150
vn 0.4196 -0.1079 0.9013
vn 0.1312 -0.3528 -0.9265
vn 0.4253 -0.0973 -0.8998
vn -0.8201 -0.0569 -0.5693
vn -0.5545 -0.1622 -0.8163
vn -0.7197 -0.4386 -0.5382
vn -0.6129 0.0644 0.7876
vn -0.8147 -0.1857 0.5493
vn 0.4662 0.5149 -0.7194
vn 0.8584 0.1146 -0.5001
vn -0.1805 -0.2082 0.9613
vn -0.2036 -0.7717 0.6025
vn -0.8306 -0.4469 0.3321
vn -0.5287 -0.7674 0.3627
vn -0.7260 -0.1192 0.6773
vn -0.2297 -0.2330 0.9450
vn -0.7895 -0.3864 0.4768
vn 0.4506 0.8527 -0.2642
vn -0.7583 -0.1482 -0.6349
vn -0.1620 -0.1408 -0.9767
vn -0.2503 -0.1227 -0.9604
vn 0.8245 -0.0487 0.5638
vn -0.8539 0.4301 0.2930
vn 0.6792 0.5930 -0.4325
vn 0.6313 0.5746 0.5208
vn 0.3486 0.5143 0.7835
vn 0.5220 0.2428 -0.8177
vn 0.3576 -0.1644 -0.9193
vn 0.3568 0.0984 -0.9290
vn -0.4347 0.6640 0.6084
vn -0.4259 0.7703 0.4747
vn -0.5721 0.7128 0.4058
vn -0.8862 0.0264 0.4625
vn 0.5355 0.5827 0.6113
vn -0.0215 0.2025 -0.9790
vn -0.0805 0.0752 -0.9939
vn 0.4045 0.0551 -0.9129
vn 0.6457 0.1114 -0.7554
vn 0.0268 0.4231 0.9057
vn 0.4877 0.5786 0.6537
vn 0.4319 -0.0258 -0.9015
vn -0.2702 -0.3014 -0.9144
vn -0.0003 -0.9650 0.2624
vn 0.2103 0.8980 -0.3865
vn 0.0543 0.9953 -0.0804
vn -0.8111 0.2779 -0.5147
vn -0.8303 0.4407 -0.3413
vn -0.2106 -0.0719 -0.9749
vn -0.6230 0.1871 -0.7595
vn -0.2713 -0.2474 -0.9302
vn -0.5353 -0.1656 0.8282
vn -0.4193 0.6246 0.6589
vn -0.5566 0.6416 0.5277
vn -0.1374 0.7952 0.5905
vn -0.0019 -0.9838 0.1792
vn 0.0388 -0.9859 0.1626
vn -0.8653 0.3782 -0.3289
vn -0.8043 0.3133 -0.5049
vn -0.7502 0.3541 -0.5584
vn 0.0011 0.3617 0.9323
vn -0.0270 -0.1360 0.9903
vn -0.2405 -0.0174 0.9705
vn -0.2319 0.3258 -0.9166
vn -0.3071 0.9298 -0.2029
vn -0.7934 -0.1395 -0.5924
vn 0.4858 -0.3752 -0.7894
vn 0.4188 -0.6346 -0.6495
vn 0.4428 -0.7669 -0.4645
vn -0.6877 -0.0841 -0.7211
vn -0.7799 0.0951 -0.6186
vn -0.5935 -0.0123 -0.8048
vn 0.6214 -0.7835 -0.0078
vn 0.1081 -0.0583 -0.9924
vn -0.7402 0.6701 -0.0557
vn 0.1536 0.1108 -0.9819
vn 0.5270 -0.1187 -0.8416
vn -0.5828 -0.0411 0.8116
vn -0.5813 -0.2056 0.7873
vn 0.1894 0.3619 -0.9128
vn 0.1156 0.6262 -0.7711
vn 0.0636 0.6521 -0.7554
vn 0.9380 -0.0976 0.3326
vn 0.9100 -0.1729 0.3769
vn -0.5361 0.7672 -0.3522
vn -0.5381 0.7035 -0.4643
vn -0.5526 0.7831 -0.2852
vn 0.9384 -0.0900 0.3336
vn 0.9496 -0.1008 0.2968
vn 0.9789 -0.1213 0.1642
vn 0.8607 -0.3334 -0.3848
vn 0.9628 -0.2497 0.1033
vn -0.8376 0.4996 0.2210
vn -0.8400 0.5078 0.1909
vn 0.7894 -0.2638 -0.5544
vn 0.7678 -0.1684 -0.6182
vn 0.9365 0.1082 -0.3337
vn -0.8139 0.0222 -0.5806
vn -0.7506 0.0547 -0.6585
vn -0.5660 -0.1719 -0.8063
vn 0.0075 -0.9820 0.1885
vn 0.0267 -0.9775 0.2094
vn 0.0118 -0.9776 0.2099
vn -0.4544 -0.0517 -0.8893
vn 0.2171 -0.6753 -0.7049
vn 0.3582 -0.3457 -0.8673
vn 0.3627 -0.3583 -0.8603
vn -0.5733 0.2937 -0.7649
vn -0.2232 0.1390 -0.9648
vn -0.2485 0.2182 -0.9438
vn 0.1535 -0.0854 -0.9844
vn -0.0357 -0.0936 -0.9950
vn 0.0707 -0.1239 -0.9898
vn 0.8698 -0.1415 -0.4727
vn 0.7113 -0.6460 -0.2769
vn -0.4030 0.2753 0.8728
vn -0.2539 -0.0276 0.9668
vn 0.1608 -0.4845 -0.8599
vn -0.1025 -0.9868 0.1256
vn -0.5950 -0.4937 0.6343
vn 0.0017 -0.9802 0.1981
vn 0.0006 -0.9746 0.2238
vn 0.3488 0.3553 0.8672
vn 0.4825 0.1313 0.8660
vn 0.3646 0.2308 0.9021
vn 0.4664 0.8072 0.3617
vn -0.4201 0.1492 0.8951
vn 0.3202 0.4296 -0.8443
vn -0.8151 0.4471 -0.3683
vn 0.1084 0.2033 -0.9731
vn 0.0070 0.0709 -0.9975
vn -0.3624 0.2858 -0.8871
vn -0.5393 0.1648 -0.8258
vn 0.3576 0.1762 -0.9171
vn 0.3981 0.0339 -0.9167
vn 0.4425 0.0736 -0.8937
vn -0.5481 0.5514 0.6289
vn -0.6232 0.4490 0.6403
vn 0.5541 0.8180 -0.1543
vn 0.8039 0.5943 0.0237
vn -0.2077 0.3058 -0.9292
vn -0.3378 0.3678 -0.8664
vn -0.2038 0.2400 -0.9491
vn -0.4050 -0.4721 -0.7830
vn 0.2507 -0.5602 -0.7895
vn 0.7379 0.2797 0.6143
vn 0.1450 -0.9783 0.1482
vn -0.0211 -0.8535 -0.5206
vn -0.6209 0.0884 -0.7789
vn 0.4222 0.2900 0.8588
vn 0.2551 0.6975 0.6697
vn -0.2646 0.7734 0.5761
vn 0.2795 -0.5288 -0.8014
vn 0.5120 0.0065 -0.8590
vn 0.4715 0.1590 -0.8674
vn 0.9406 -0.1985 -0.2755
vn 0.8910 -0.3579 -0.2794
vn 0.4308 -0.6630 -0.6123
vn 0.6630 0.6651 0.3436
vn -0.8096 -0.4857 -0.3295
vn 0.3188 0.8910 0.3231
vn 0.8020 0.3155 -0.5071
vn 0.6549 0.2061 -0.7270
vn 0.0114 -0.9881 0.1536
vn 0.0143 0.3277 0.9447
vn -0.4531 0.1555 -0.8778
vn -0.6700 -0.1074 -0.7346
vn 0.3622 0.5227 -0.7717
vn -0.1916 0.9720 -0.1364
vn -0.9111 0.3947 0.1184
vn -0.0286 -0.9173 0.3972
vn -0.0171 -0.9755 0.2192
vn -0.0151 -0.9797 0.1999
vn 0.6614 0.7407 -0.1182
vn 0.6248 0.7534 -0.2050
vn 0.5174 0.1399 -0.8442
vn 0.6181 0.2263 -0.7528
vn 0.4252 0.0433 -0.9041
vn -0.0318 -0.9816 0.1884
vn -0.6188 -0.2773 -0.7349
vn -0.7423 0.0020 -0.6701
vn -0.9501 -0.0583 0.3064
vn -0.2655 0.2142 -0.9400
vn -0.1754 -0.0898 -0.9804
vn 0.0693 -0.8957 0.4392
vn 0.2225 -0.8827 0.4139
vn -0.4745 -0.2012 0.8569
vn -0.7622 -0.3456 0.5474
vn -0.6101 -0.3768 0.6969
vn -0.8603 -0.4238 0.2832
vn 0.3528 0.7506 -0.5587
vn -0.6237 0.7817 -0.0009
vn 0.4836 0.2364 -0.8427
vn 0.8368 0.0115 -0.5474
vn 0.5747 -0.0576 -0.8163
vn 0.4077 0.0989 0.9078
vn 0.5170 -0.2475 0.8194
vn 0.1997 -0.0416 0.9790
vn 0.7734 0.4099 -0.4836
vn 0.8297 0.4094 -0.3793
vn -0.8980 0.0975 0.4291
vn -0.8246 0.0804 0.5600
vn 0.4190 0.8212 0.3874
vn 0.5675 0.0016 0.8234
vn 0.6367 -0.1633 0.7536
vn 0.7337 -0.1554 -0.6615
vn -0.0278 -0.9981 -0.0546
vn -0.0290 0.0175 0.9994
vn -0.3274 -0.2986 0.8965
vn 0.2375 -0.6144 -0.7524
vn 0.0249 -0.9769 0.2120
vn 0.0120 -0.9807 0.1949
vn 0.3619 0.6887 0.6283
vn 0.0095 -0.9880 0.1539
vn 0.0180 -0.9858 0.1669
vn -0.0113 -0.9841 0.1772
vn 0.2839 0.3295 0.9005
vn 0.5018 -0.8003 -0.3282
vn 0.5270 -0.7015 -0.4798
vn 0.3716 0.0685 -0.9258
vn 0.2785 -0.1228 0.9526
vn 0.5699 0.6338 0.5230
vn 0.4828 0.4943 0.7229
vn 0.5285 0.5385 0.6562
vn -0.1242 -0.4911 -0.8622
vn -0.0211 -0.9205 0.3901
vn -0.3005 -0.9538 -0.0080
vn 0.1951 -0.2886 -0.9374
vn 0.3898 -0.4610 -0.7972
vn -0.6649 0.3965 -0.6330
vn -0.4867 0.2553 -0.8355
vn 0.0014 -0.9765 -0.2155
vn 0.4064 0.0679 -0.9112
vn 0.7531 0.3361 -0.5656
vn -0.4120 -0.9102 -0.0412
vn 0.5985 0.8006 0.0281
vn 0.4978 0.5961 0.6299
vn -0.5806 0.2010 -0.7889
vn -0.8607 0.0080 -0.5090
vn -0.9363 0.0330 -0.3496
vn -0.1328 -0.2091 -0.9688
vn -0.1290 -0.1884 -0.9736
vn -0.7965 0.1197 0.5926
vn -0.2154 0.4386 0.8725
vn 0.8255 0.4010 -0.3971
vn -0.7213 0.1766 -0.6698
vn 0.1677 0.1601 -0.9727
vn 0.3237 0.1562 -0.9332
vn 0.5690 0.5952 0.5674
vn 0.1782 0.7320 0.6575
vn -0.0308 0.3837 0.9229
vn 0.4591 0.1729 0.8714
vn 0.0926 0.9680 0.2333
vn -0.9678 -0.1534 -0.1998
vn 0.4036 0.7110 0.5759
vn 0.4014 0.5909 0.6998
vn 0.2665 0.6361 0.7242
vn 0.2280 0.6316 0.7410
vn 0.6264 0.2570 -0.7359
vn 0.8834 0.4681 0.0227
vn 0.8780 0.4422 -0.1833
vn 0.4823 -0.0087 0.8759
vn 0.4791 -0.0094 0.8777
vn 0.3938 0.8637 0.3147
vn 0.4274 0.7805 0.4563
vn 0.4939 0.6266 0.6028
vn 0.6946 0.6971 -0.1779
vn 0.0638 -0.2195 -0.9735
vn 0.0297 -0.9444 -0.3274
vn -0.7828 -0.1697 -0.5988
vn -0.9255 0.1600 -0.3432
vn -0.8936 0.2138 -0.3948
vn -0.7143 0.0357 -0.6989
vn 0.0625 0.4927 0.8680
vn 0.8124 0.5518 -0.1885
vn 0.3325 0.8900 -0.3121
vn -0.0321 -0.9925 0.1180
vn -0.9377 -0.1445 -0.3160
vn 0.1087 -0.1844 -0.9768
vn 0.0170 -0.9640 0.2653
vn 0.0060 -0.9785 0.2064
vn 0.7875 0.4418 0.4298
vn -0.9396 -0.0536 0.3381
vn -0.9555 -0.1416 0.2587
vn 0.6494 -0.7214 -0.2406
vn -0.2826 -0.1107 0.9528
vn -0.1428 0.5003 -0.8540
vn -0.2062 0.5699 -0.7954
vn 0.0937 -0.0555 -0.9941
vn 0.6809 0.5975 -0.4236
vn 0.5807 0.5351 -0.6135
vn 0.9252 0.3205 -0.2031
vn 0.7446 0.2939 0.5994
vn -0.4782 -0.0248 -0.8779
vn -0.1649 0.0844 -0.9827
vn 0.4530 -0.0473 -0.8902
vn -0.9477 -0.3162 0.0432
vn -0.9538 -0.2883 0.0847
vn -0.9242 -0.2737 0.2664
vn -0.1907 -0.1013 -0.9764
vn 0.3356 0.6671 -0.6651
vn 0.3841 0.7532 -0.5340
vn -0.6250 -0.1127 0.7725
vn -0.7895 -0.1676 0.5904
vn -0.7208 -0.2538 0.6450
vn 0.1064 0.2556 0.9609
vn -0.3882 -0.5779 -0.7179
vn -0.3907 0.9030 0.1788
vn -0.5675 0.7552 0.3280
vn -0.4924 0.0963 -0.8650
vn -0.4132 0.4233 -0.8063
vn -0.1443 -0.3974 -0.9062
vn -0.2372 -0.1119 -0.9650
vn 0.4342 0.6413 0.6326
vn 0.0247 0.6011 -0.7988
vn 0.3355 0.6931 -0.6380
vn 0.2567 0.5154 0.8176
vn -0.9361 -0.3428 -0.0792
vn -0.1674 0.5130 -0.8419
vn 0.1229 -0.6004 -0.7902
vn 0.7719 0.6227 0.1283
vn -0.1233 -0.2610 -0.9574
vn 0.6930 0.0601 0.7184
vn 0.4331 0.6072 0.6661
vn -0.2889 0.5959 0.7493
vn -0.6665 0.4067 -0.6248
vn -0.6782 0.3668 -0.6368
vn -0.5686 -0.1979 -0.7984
vn -0.2290 -0.1484 -0.9620
vn 0.9843 -0.0323 -0.1733
vn -0.9385 -0.0935 0.3325
vn -0.9928 -0.0809 0.0883
vn -0.6067 0.7239 -0.3285
vn 0.9055 -0.3501 -0.2398
vn 0.8753 -0.4285 0.2241
vn 0.9333 -0.3202 -0.1627
vn 0.8621 -0.0757 0.5011
vn 0.8646 -0.0509 0.5000
vn 0.8431 -0.0455 0.5358
vn -0.1099 -0.3103 0.9443
vn -0.5748 -0.2019 0.7929
vn 0.3639 0.0731 0.9286
vn 0.6585 0.7525 0.0138
vn 0.1434 -0.7800 -0.6092
vn -0.2291 0.4160 -0.8800
vn -0.0680 0.6054 -0.7930
vn -0.3556 -0.0074 0.9346
vn -0.3281 0.1333 0.9352
vn -0.2431 0.3190 0.9160
vn -0.5381 0.2825 0.7941
vn 0.0089 0.2581 0.9661
vn -0.9420 -0.0565 0.3308
vn -0.9692 -0.0252 0.2449
vn -0.9829 -0.0578 0.1749
vn 0.8372 0.1082 -0.5361
vn -0.1519 -0.9779 -0.1434
vn -0.4471 0.8021 -0.3958
vn -0.5104 0.7267 -0.4598
vn 0.0402 -0.9795 0.1974
vn -0.1384 0.1347 -0.9812
vn 0.0084 0.1865 -0.9824
vn -0.0491 0.8185 -0.5724
vn 0.2040 0.3399 0.9181
vn 0.0917 0.2799 0.9556
vn 0.0810 -0.9712 0.2239
vn 0.6898 0.4932 0.5300
vn -0.0648 -0.9892 0.1315
vn -0.0508 -0.9929 0.1072
vn -0.2505 0.3881 -0.8869
vn -0.4312 -0.1624 0.8875
vn -0.3091 -0.0531 0.9495
vn 0.9507 0.1680 -0.2606
vn 0.8448 0.0567 -0.5320
vn 0.7202 -0.6588 -0.2174
vn 0.6279 -0.7353 -0.2550
vn 0.6489 -0.6806 -0.3402
vn 0.9866 -0.1547 -0.0525
vn 0.2578 -0.9309 0.2588
vn -0.3607 -0.0138 -0.9326
vn -0.6241 0.0749 -0.7778
vn -0.2698 0.8117 0.5180
vn -0.3890 0.6234 0.6783
vn -0.4259 0.5573 0.7127
vn -0.0734 0.4975 -0.8644
vn 0.4102 0.0849 -0.9080
vn 0.3942 0.1973 -0.8976
vn 0.6243 0.0119 0.7811
vn 0.8750 -0.4750 0.0939
vn 0.8248 -0.3094 0.4733
vn 0.8933 -0.2736 0.3567
vn -0.7365 -0.0676 0.6731
vn -0.8736 -0.1024 0.4758
vn -0.9046 -0.4208 0.0685
vn 0.8866 0.2814 -0.3670
vn 0.6703 0.2330 -0.7046
vn 0.7650 0.1003 -0.6362
vn -0.3720 0.9030 0.2150
vn -0.9302 -0.0135 0.3667
vn -0.8568 -0.0012 0.5156
vn -0.7993 -0.1047 -0.5917
vn 0.8516 0.4064 -0.3310
vn 0.8510 0.4958 -0.1732
vn -0.5858 -0.1786 -0.7905
vn 0.0471 -0.0585 -0.9972
vn 0.1457 0.4228 -0.8944
vn 0.6523 0.4911 -0.5774
vn 0.1298 0.8292 -0.5437
vn -0.5546 -0.2942 -0.7784
vn -0.6207 -0.3427 -0.7052
vn -0.5777 -0.3718 -0.7267
vn -0.4779 -0.1794 -0.8599
vn -0.8813 -0.0600 -0.4687
vn -0.1409 0.7435 -0.6537
vn -0.4543 0.5339 -0.7131
vn -0.8730 0.2643 -0.4098
vn -0.8753 0.2157 -0.4328
vn -0.5995 0.2831 -0.7486
vn -0.6188 0.2523 -0.7440
vn -0.7071 0.0551 -0.7049
vn 0.0995 0.0525 -0.9937
vn 0.2435 0.2079 -0.9474
vn -0.4321 0.0565 0.9000
vn -0.7401 0.2232 0.6344
vn 0.0647 -0.0728 -0.9952
vn -0.0578 -0.1053 -0.9928
vn -0.7204 -0.2082 -0.6616
vn -0.8046 -0.0962 -0.5860
vn -0.7874 -0.1611 -0.5950
vn 0.5132 0.2433 -0.8231
vn -0.6706 -0.0734 -0.7382
vn 0.3707 0.3801 -0.8475
vn 0.3474 0.0959 -0.9328
vn -0.1158 -0.1305 -0.9847
vn -0.2030 -0.1165 -0.9722
vn 0.7900 0.1753 0.5875
vn 0.0503 0.9983 0.0289
vn -0.0274 0.9482 -0.3166
vn 0.8747 0.3549 -0.3301
vn 0.8660 0.4196 -0.2721
vn 0.3258 -0.9129 -0.2458
vn -0.2465 0.7018 0.6684
vn -0.1110 0.0358 0.9932
vn -0.1165 0.0409 0.9923
vn 0.9671 -0.1907 -0.1684
vn 0.9327 -0.2184 -0.2870
vn -0.1881 0.0339 0.9816
vn 0.1267 0.1961 0.9724
vn 0.8708 -0.4751 0.1261
vn 0.2386 -0.3030 0.9226
vn 0.2609 -0.6766 0.6886
vn 0.0069 -0.9884 0.1520
vn -0.6140 -0.7779 0.1336
vn -0.8527 -0.5212 0.0360
vn 0.7784 0.2532 -0.5745
vn 0.8577 0.3630 -0.3642
vn -0.2623 -0.7587 0.5963
vn -0.6475 0.5905 -0.4817
vn 0.1372 -0.1772 -0.9746
vn -0.9776 -0.1787 0.1110
vn 0.3429 0.5782 0.7403
vn 0.6758 0.7013 0.2268
vn 0.2167 0.8172 0.5341
vn -0.1509 0.1955 -0.9690
vn -0.0287 -0.0721 -0.9970
vn -0.5444 0.0169 0.8387
vn 0.1344 0.4811 -0.8663
vn -0.3193 0.5840 -0.7463
vn -0.0629 -0.9683 0.2419
vn 0.3368 0.3307 0.8816
vn 0.5399 0.4213 0.7287
vn 0.0445 -0.9275 -0.3711
vn -0.0604 -0.8298 0.5548
vn 0.0779 -0.9631 -0.2576
vn -0.0248 0.2795 -0.9598
vn 0.1448 0.2844 -0.9477
vn 0.9912 -0.1307 -0.0187
vn -0.0166 -0.9995 0.0260
vn 0.0873 -0.9410 0.3269
vn -0.5606 0.6813 0.4707
vn -0.5358 0.7633 0.3608
vn -0.5368 0.7177 0.4436
vn -0.7041 0.6719 0.2298
vn 0.4770 -0.1618 -0.8639
vn 0.6407 -0.7678 -0.0033
vn -0.1931 0.4256 0.8841
vn 0.1837 -0.9781 0.0976
vn 0.2753 -0.9358 0.2201
vn 0.6341 0.0382 -0.7723
vn 0.6221 -0.1517 0.7681
vn -0.4426 0.8616 0.2485
vn -0.4235 0.8784 0.2217
vn -0.4198 0.8584 0.2947
vn 0.7760 0.6287 -0.0504
vn 0.7657 0.3841 -0.5160
vn -0.0646 -0.9967 0.0486
vn -0.5035 0.7029 0.5024
vn -0.5791 0.7440 0.3333
vn -0.0281 -0.9829 0.1819
vn -0.5340 0.3087 0.7871
vn 0.4970 0.3272 -0.8037
vn 0.8898 0.4270 -0.1612
vn 0.0172 -0.9992 0.0361
vn 0.0233 -0.9967 0.0773
vn 0.7261 -0.1835 0.6627
vn 0.2487 0.6572 -0.7115
vn 0.3558 0.6843 -0.6365
vn 0.6911 0.6405 -0.3349
vn 0.8053 0.0589 -0.5899
vn -0.1736 0.5762 -0.7986
vn -0.7473 0.5937 -0.2985
vn 0.9553 0.2826 0.0872
vn 0.7761 -0.5893 0.2244
vn 0.8645 -0.4495 -0.2252
vn -0.0479 0.9946 0.0921
vn -0.6951 0.1334 -0.7064
vn -0.8488 0.4851 -0.2100
vn -0.8784 0.3852 -0.2830
vn -0.7600 0.0613 -0.6470
vn -0.5727 0.0532 -0.8180
vn -0.6294 0.4375 -0.6422
vn -0.4347 0.0035 -0.9006
vn -0.4966 0.0063 -0.8679
vn -0.5044 -0.1993 -0.8401
vn 0.1498 0.2316 0.9612
vn 0.0198 0.3115 0.9500
vn -0.0288 -0.9963 0.0805
vn 0.6600 -0.7503 -0.0383
vn -0.9993 -0.0334 -0.0162
vn -0.5037 0.1384 -0.8527
vn -0.2575 0.0719 -0.9636
vn 0.3229 -0.8029 -0.5011
vn -0.0961 -0.9612 0.2587
vn -0.4556 -0.8540 0.2510
vn -0.6820 0.0116 0.7313
vn -0.8056 0.0050 0.5925
vn -0.2807 0.3088 -0.9088
vn -0.2467 0.1994 -0.9483
vn -0.6253 0.5901 -0.5107
vn -0.4366 0.0099 0.8996
vn -0.3703 0.5292 0.7635
vn -0.6146 0.5373 0.5775
vn 0.0676 -0.9797 0.1887
vn 0.0302 -0.9846 0.1721
vn 0.0763 -0.9889 0.1279
vn 0.2668 0.4685 0.8422
vn 0.1504 0.5309 0.8340
vn 0.3972 0.7436 -0.5379
vn -0.6986 0.6903 0.1884
vn -0.6092 0.7869 0.0988
vn 0.0277 -0.9951 0.0945
vn 0.0588 -0.9950 0.0803
vn 0.0893 -0.9907 0.1023
vn -0.3364 -0.5762 -0.7448
vn -0.2453 -0.6126 -0.7514
vn 0.8657 0.4452 -0.2290
vn 0.1024 0.2008 -0.9743
vn 0.8289 0.3873 -0.4036
vn 0.8250 0.3391 -0.4521
vn -0.4075 -0.4734 0.7809
vn -0.1407 -0.1029 0.9847
vn -0.2064 0.0254 0.9781
vn -0.0307 -0.0059 0.9995
vn 0.9625 -0.2066 -0.1758
vn 0.0311 -0.9896 0.1401
vn -0.6942 0.0150 0.7197
vn -0.6768 0.0399 0.7351
vn -0.7589 0.0092 0.6512
vn -0.6847 -0.6810 -0.2597
vn -0.4535 -0.8601 -0.2335
vn -0.7181 -0.3620 -0.5944
vn -0.6366 -0.3258 -0.6990
vn -0.3195 0.5855 0.7451
vn -0.4602 0.6556 0.5987
vn -0.4564 0.8876 -0.0620
vn -0.6675 0.7442 -0.0269
vn 0.8301 -0.0287 0.5569
vn 0.9645 -0.2639 -0.0071
vn 0.1595 0.1469 -0.9762
vn -0.1542 0.4379 0.8857
vn 0.4814 0.7725 0.4141
vn 0.2408 0.8162 0.5251
vn 0.5512 0.7303 0.4035
vn 0.7317 0.4963 -0.4673
vn 0.0056 -0.8191 -0.5736
vn 0.9457 -0.3185 -0.0651
vn -0.8257 0.5495 -0.1276
vn 0.2544 0.4927 0.8322
vn 0.0656 0.5853 0.8082
vn 0.8608 -0.1082 0.4973
vn 0.7541 -0.0915 0.6503
vn -0.6832 0.2631 0.6812
vn -0.6317 0.7570 -0.1672
vn 0.0077 -0.9823 0.1871
vn -0.8650 0.5011 0.0243
vn -0.8597 0.4271 0.2802
vn -0.7931 0.5992 0.1097
vn -0.1145 0.0054 0.9934
vn 0.0831 0.1381 0.9869
vn 0.1588 -0.8741 0.4590
vn -0.1202 -0.9463 0.3003
vn -0.0610 -0.9826 0.1754
vn -0.5372 0.6935 0.4801
vn -0.5958 0.6308 0.4971
vn 0.4234 -0.2797 -0.8617
vn 0.4024 -0.8961 0.1870
vn 0.5503 -0.1824 -0.8148
vn 0.9220 -0.3868 0.0190
vn 0.8866 -0.4618 -0.0249
vn -0.7928 -0.1002 0.6012
vn 0.0530 0.5451 -0.8367
vn 0.1340 0.4323 -0.8917
vn -0.1809 -0.8263 -0.5333
vn -0.0074 0.9839 -0.1784
vn -0.1731 0.5383 -0.8248
vn 0.0139 -0.9834 0.1811
vn 0.0012 -0.9799 0.1993
vn -0.9475 -0.1509 -0.2820
vn 0.7617 -0.0850 -0.6423
vn 0.0884 0.8268 0.5556
vn 0.1208 0.8972 0.4247
vn -0.9464 -0.0991 -0.3073
vn -0.8301 -0.0670 -0.5535
vn -0.8497 -0.0632 -0.5234
vn -0.9716 0.2000 -0.1267
vn -0.8469 0.3670 -0.3849
vn 0.1589 0.2649 -0.9511
vn 0.4131 0.1967 -0.8892
vn 0.9528 -0.1440 -0.2674
vn 0.5932 -0.0412 0.8040
vn -0.5243 -0.2075 -0.8259
vn -0.1717 -0.1424 -0.9748
vn 0.1186 -0.4960 0.8602
vn 0.2362 0.3088 0.9213
vn -0.8388 0.4944 0.2280
vn -0.6763 0.6540 0.3390
vn -0.2421 -0.0626 -0.9682
vn -0.1337 -0.5065 -0.8518
vn 0.2580 -0.3126 -0.9142
vn -0.8996 0.0665 0.4316
vn -0.9375 -0.0626 0.3424
vn -0.5853 0.2461 -0.7726
vn 0.6334 -0.0563 0.7717
vn -0.7313 -0.2824 -0.6209
vn -0.5478 -0.3644 -0.7531
vn -0.5990 -0.4634 -0.6530
vn 0.2377 0.2395 -0.9413
vn 0.1160 0.3523 -0.9287
vn 0.5577 0.2979 -0.7747
vn 0.7959 -0.5923 0.1253
vn 0.0405 -0.1020 0.9940
vn -0.1467 -0.2974 0.9434
vn 0.0153 -0.2211 0.9751
vn 0.5137 0.2076 -0.8325
vn 0.4989 0.1485 -0.8538
vn -0.1001 0.3442 0.9336
vn -0.8322 0.4797 -0.2780
vn 0.9944 0.0271 0.1022
vn 0.9019 0.1690 0.3975
vn -0.5816 -0.1480 -0.7999
vn -0.8131 0.0526 0.5798
vn -0.7695 0.0206 0.6383
vn -0.6563 -0.1767 0.7335
vn -0.4991 -0.7197 -0.4827
vn -0.0522 -0.9839 0.1708
vn 0.0045 -0.9948 -0.1022
vn -0.0156 -0.2412 -0.9704
vn -0.0113 -0.9993 -0.0358
vn 0.9074 0.2695 0.3224
vn 0.9198 0.1067 0.3775
vn 0.9134 -0.0254 0.4064
vn -0.2964 0.4781 -0.8268
vn -0.2251 -0.0475 -0.9732
vn -0.8296 -0.0021 0.5584
vn 0.1603 0.6663 0.7282
vn -0.6972 0.4687 -0.5424
vn -0.3305 0.9258 0.1834
vn -0.3225 0.9443 0.0661
vn -0.3673 0.6033 0.7079
vn -0.0422 -0.9841 -0.1725
vn -0.1375 -0.8349 0.5330
vn 0.0809 -0.9910 -0.1063
vn -0.3177 0.9407 -0.1185
vn -0.4762 0.8734 -0.1018
vn 0.4729 -0.1760 -0.8633
vn -0.5190 0.6284 -0.5795
vn 0.0743 0.7350 -0.6740
vn -0.7430 0.5530 -0.3771
vn -0.7990 0.5253 -0.2926
vn 0.3971 0.3118 -0.8632
vn -0.5510 0.3712 -0.7474
vn 0.6252 -0.1819 -0.7590
vn 0.7850 0.3873 0.4836
vn -0.1916 -0.9806 0.0415
vn -0.0407 -0.9851 0.1671
vn 0.5233 0.7702 0.3647
vn 0.4261 0.0612 0.9026
vn 0.5365 -0.2476 0.8068
vn 0.7637 0.6024 -0.2321
vn -0.3661 0.1976 -0.9094
vn 0.5709 0.6585 0.4904
vn 0.7011 0.4501 0.5531
vn 0.9284 0.3693 -0.0400
vn 0.9801 0.1876 -0.0650
vn 0.7113 0.6590 0.2445
vn 0.7552 0.6429 -0.1278
vn 0.4902 0.0494 -0.8702
vn 0.4672 0.3303 0.8202
vn -0.5811 -0.7590 -0.2937
vn -0.8473 -0.2247 -0.4812
vn 0.8494 0.3458 -0.3986
vn 0.8427 0.3737 -0.3876
vn 0.0847 0.8805 -0.4665
vn -0.3505 0.1734 -0.9204
vn -0.5325 0.1584 -0.8315
vn 0.1150 -0.9648 0.2365
vn 0.1710 -0.9830 0.0662
vn 0.2180 -0.9214 0.3216
vn -0.0469 -0.2744 -0.9605
vn 0.0406 0.2698 -0.9621
vn 0.0576 0.0173 -0.9982
vn 0.8093 -0.4938 -0.3180
vn 0.4522 -0.8827 -0.1277
vn 0.5891 -0.3528 -0.7270
vn 0.6754 0.6594 0.3301
vn -0.7826 -0.0506 -0.6204
vn -0.1215 0.9226 -0.3662
vn -0.7018 0.5965 -0.3894
vn 0.7282 0.3177 -0.6072
vn 0.9537 -0.1831 0.2388
vn -0.8153 -0.0201 -0.5787
vn -0.8082 -0.0350 -0.5878
vn -0.4387 0.6344 0.6365
vn -0.5114 -0.5714 0.6419
vn -0.4868 -0.3827 0.7852
vn 0.0577 0.3412 0.9382
vn -0.6526 0.2939 0.6984
vn -0.8427 -0.1866 0.5051
vn 0.4367 -0.1075 -0.8932
vn 0.4697 0.7429 -0.4769
vn 0.7018 -0.6490 -0.2937
vn -0.9889 -0.1461 -0.0259
vn -0.7293 0.2343 0.6428
vn 0.9152 -0.1191 -0.3851
vn 0.2570 -0.4465 0.8571
vn 0.3123 -0.2869 0.9056
vn 0.8168 0.5768 -0.0126
vn 0.8711 0.4731 -0.1319
vn -0.7043 0.2461 -0.6659
vn -0.5817 0.6616 -0.4733
vn -0.0187 -0.1921 0.9812
vn -0.0843 -0.9953 -0.0474
vn 0.0209 -0.9885 0.1499
vn -0.0976 -0.9921 -0.0786
vn 0.2303 0.1782 -0.9567
vn -0.6724 -0.1002 -0.7334
vn -0.7527 0.0003 -0.6583
vn 0.7688 0.4985 -0.4006
vn 0.8895 0.3428 -0.3022
vn -0.4768 0.1712 -0.8622
vn -0.5772 0.1682 -0.7991
vn -0.5531 0.3126 -0.7723
vn -0.7077 0.4902 -0.5088
vn 0.7561 0.3560 -0.5492
vn 0.7678 0.2288 -0.5984
vn 0.4516 0.2468 -0.8574
vn 0.2583 0.9504 0.1731
vn -0.3729 0.8240 0.4266
vn -0.4815 0.6029 0.6361
vn 0.3660 0.1267 -0.9220
vn 0.1768 0.0599 -0.9824
vn 0.1319 0.0016 -0.9913
vn 0.5395 0.6848 0.4899
vn 0.2186 0.6488 0.7289
vn -0.0294 -0.9912 0.1293
vn -0.9046 -0.0448 -0.4238
vn -0.0677 0.4415 -0.8947
vn 0.0737 -0.9487 -0.3075
vn 0.0734 -0.9902 0.1189
vn 0.2055 0.2421 -0.9482
vn 0.2402 0.1999 -0.9499
vn 0.0776 0.4329 -0.8981
vn -0.6283 -0.4275 -0.6500
vn 0.5021 0.1871 0.8443
vn 0.6236 0.0981 0.7756
vn 0.3184 0.5482 0.7734
vn 0.2450 0.5880 0.7709
vn -0.7105 0.0981 -0.6968
vn -0.7172 0.4587 -0.5246
vn -0.2585 0.2597 -0.9304
vn -0.4696 0.2602 -0.8437
vn 0.3815 0.2257 -0.8964
vn 0.0238 -0.9818 0.1884
vn 0.2280 0.3328 0.9150
vn 0.4836 0.6878 0.5413
vn -0.4109 0.8815 -0.2324
vn -0.7689 -0.3099 -0.5592
vn -0.7677 0.4792 -0.4254
vn 0.0260 0.4270 0.9039
vn 0.1964 0.4088 0.8912
vn 0.1473 0.4804 0.8646
vn -0.7183 0.4739 -0.5094
vn -0.6825 -0.3671 -0.6320
vn 0.1777 -0.5865 -0.7902
vn 0.3451 0.6276 0.6979
vn 0.4847 -0.0198 0.8744
vn -0.0375 0.8660 0.4987
vn 0.4178 0.7756 0.4731
vn -0.0512 -0.9963 0.0692
vn 0.0117 -0.9979 0.0644
vn 0.0315 -0.9833 0.1795
vn 0.7055 0.5626 -0.4310
vn 0.7470 -0.6309 -0.2098
vn -0.2235 0.0377 0.9740
vn 0.8141 0.5668 -0.1259
vn -0.8395 -0.2132 0.4998
vn 0.1320 -0.9565 0.2603
vn -0.5208 -0.1805 0.8344
vn 0.8049 0.4081 -0.4308
vn 0.3541 0.5737 -0.7385
vn 0.7245 0.5984 -0.3419
vn 0.6297 0.1803 0.7556
vn 0.6976 0.0438 0.7152
vn 0.7686 -0.0646 0.6364
vn 0.1620 -0.9854 0.0524
vn -0.0505 -0.9975 0.0497
vn -0.4150 0.0313 0.9093
vn -0.4284 0.0308 0.9030
vn -0.6567 0.7291 -0.1928
vn -0.7973 0.6031 -0.0231
vn -0.8566 -0.3575 0.3721
vn 0.8689 0.2690 0.4154
vn 0.7320 0.1360 0.6676
vn 0.3984 -0.9172 0.0029
vn 0.1245 -0.9608 -0.2479
vn -0.0946 -0.7982 0.5950
vn -0.0230 -0.9935 0.1113
vn 0.8030 0.0328 -0.5951
vn 0.6947 0.0513 -0.7175
vn -0.6084 -0.0548 -0.7917
vn 0.0637 0.4551 0.8882
vn 0.2631 0.7807 -0.5668
vn -0.2582 0.9137 -0.3139
vn -0.3023 0.0296 0.9528
vn -0.9855 -0.0164 0.1686
vn 0.4112 -0.0299 -0.9111
vn -0.8122 -0.3903 -0.4336
vn -0.1195 0.8855 -0.4489
vn -0.1101 0.8861 -0.4501
vn -0.7058 0.0074 0.7084
vn -0.6141 0.3164 0.7230
vn -0.2007 -0.3748 -0.9051
vn -0.1776 -0.6533 0.7360
vn -0.2186 -0.9599 -0.1753
vn -0.4746 -0.2231 -0.8515
vn -0.4236 -0.0830 -0.9020
vn -0.8226 -0.0675 -0.5645
vn -0.5609 -0.5105 -0.6518
vn -0.2016 0.2080 -0.9571
vn -0.5004 0.2203 -0.8373
vn -0.1753 0.1582 -0.9717
vn 0.5621 0.1351 0.8160
vn -0.8316 -0.1827 -0.5244
vn 0.3514 0.8024 -0.4824
vn -0.1408 0.7638 -0.6299
vn 0.4349 0.6018 0.6699
vn 0.3183 0.4200 0.8499
vn 0.1721 0.4944 0.8521
vn 0.3468 0.4767 0.8078
vn -0.5018 -0.0823 0.8610
vn -0.8616 -0.2929 0.4146
vn 0.3058 0.3756 0.8749
vn -0.0462 0.3137 0.9484
vn -0.5377 -0.0602 -0.8410
vn -0.0882 0.4242 -0.9013
vn -0.7045 -0.6791 -0.2061
vn -0.0237 -0.9885 0.1491
vn -0.3194 0.2374 0.9174
vn -0.7357 -0.0191 0.6770
vn -0.4016 -0.7187 0.5676
vn 0.2024 -0.7835 0.5875
vn -0.8340 -0.0730 0.5469
vn -0.6984 0.0088 0.7156
vn -0.8681 -0.0874 -0.4887
vn 0.1116 0.4406 -0.8907
vn 0.5749 0.0272 0.8177
vn 0.1407 0.6816 0.7181
vn 0.7120 -0.7014 -0.0329
vn -0.6772 0.4773 -0.5600
vn -0.7807 0.5389 -0.3163
vn -0.7471 0.1032 -0.6566
vn -0.5406 0.0525 -0.8397
vn 0.0075 -0.9822 0.1877
vn 0.1583 0.5903 0.7915
vn -0.2040 -0.9764 0.0713
vn -0.1216 0.2692 0.9554
vn -0.6596 -0.0759 -0.7478
vn 0.6562 0.7499 -0.0844
vn -0.3376 0.8322 0.4398
vn -0.3072 0.8746 0.3752
vn 0.6692 -0.2849 0.6863
vn 0.7882 -0.1076 0.6059
vn 0.8859 -0.4623 -0.0391
vn -0.9136 0.3999 -0.0733
vn -0.9710 0.1409 0.1929
vn -0.7437 0.6593 0.1106
vn -0.1623 0.2890 -0.9435
vn 0.3795 -0.9008 -0.2112
vn -0.0143 -0.9873 0.1579
vn 0.3527 0.4065 0.8428
vn 0.1903 0.7460 0.6382
vn 0.4730 -0.5759 0.6668
vn 0.0177 -0.9849 0.1724
vn 0.6086 0.6046 -0.5138
vn -0.5405 0.8413 0.0028
vn -0.7866 0.1135 0.6070
vn 0.7470 0.4790 0.4610
vn 0.6744 0.4480 0.5869
vn 0.7247 0.5205 -0.4515
vn 0.8046 0.5357 -0.2562
vn 0.6939 0.6399 -0.3302
vn 0.0952 -0.9953 -0.0194
vn -0.0690 -0.9934 0.0916
vn 0.0408 -0.9847 -0.1693
vn -0.9556 0.2817 0.0860
vn -0.3696 0.9263 0.0728
vn -0.3019 -0.9533 0.0027
vn 0.0342 -0.9779 0.2060
vn 0.6337 0.2753 -0.7230
vn 0.8025 0.3073 -0.5114
vn 0.7649 0.3249 -0.5562
vn -0.3720 -0.1753 -0.9115
vn -0.6402 -0.1599 -0.7514
vn 0.3338 -0.0047 -0.9426
vn 0.1256 -0.9729 0.1940
vn -0.5994 0.0274 0.8000
vn 0.2098 0.9487 -0.2365
vn 0.9599 -0.2750 -0.0551
vn 0.9445 -0.2295 -0.2352
vn 0.3726 -0.9237 0.0891
vn 0.1870 -0.6524 -0.7345
vn 0.4116 -0.7247 0.5527
vn 0.3685 -0.0773 -0.9264
vn 0.0790 0.2387 -0.9679
vn 0.2855 0.1854 -0.9403
vn -0.6579 0.0241 0.7527
vn -0.5145 0.0403 0.8565
vn -0.5427 0.0662 0.8373
vn -0.0343 0.0151 0.9993
vn 0.0867 0.0131 0.9962
vn 0.0543 -0.7144 0.6977
vn 0.6025 -0.0328 0.7974
vn 0.2292 -0.9482 -0.2199
vn 0.0286 -0.9993 -0.0256
vn -0.5897 0.7960 -0.1365
vn -0.3016 0.0525 -0.9520
vn -0.1689 0.2217 -0.9604
vn -0.0882 0.2073 0.9743
vn -0.8952 -0.1818 -0.4069
vn -0.8416 -0.4230 -0.3358
vn -0.8595 -0.2110 -0.4655
vn -0.9893 -0.0133 0.1453
vn 0.0354 0.0267 -0.9990
vn 0.3116 -0.1244 -0.9420
vn 0.0357 -0.2054 -0.9780
vn 0.9243 0.1914 0.3302
vn 0.9897 0.1414 -0.0236
vn 0.0096 0.3785 -0.9256
vn -0.6970 -0.5428 -0.4687
vn -0.2293 0.0189 -0.9732
vn 0.0388 0.1812 -0.9827
vn -0.6174 -0.7439 -0.2556
vn -0.2089 0.0350 0.9773
vn -0.0837 0.0328 0.9960
vn 0.8715 -0.2475 -0.4234
vn 0.7435 0.6087 -0.2768
vn 0.2309 -0.8685 0.4386
vn -0.5457 0.4335 0.7171
vn -0.5000 0.4889 0.7148
vn -0.1413 0.2415 -0.9601
vn 0.3101 -0.9338 -0.1784
vn -0.8396 -0.5212 0.1528
vn -0.5754 -0.7545 -0.3155
vn 0.8564 0.4265 -0.2911
vn -0.4635 -0.8627 -0.2023
vn -0.5598 0.6978 0.4468
vn 0.6770 0.6742 0.2953
vn 0.9885 0.1027 -0.1108
vn 0.2090 -0.9717 -0.1103
vn 0.4992 -0.1697 0.8497
vn 0.7145 -0.0405 -0.6985
vn 0.6729 -0.5674 -0.4747
vn -0.8828 -0.2221 0.4140
vn -0.9186 -0.1554 0.3633
vn 0.4390 0.8288 0.3469
vn 0.5115 0.8465 0.1475
vn 0.6872 0.6932 -0.2173
vn -0.8978 0.2255 -0.3783
vn -0.7935 -0.4929 0.3570
vn 0.4264 0.0394 -0.9037
vn 0.2637 0.6908 0.6732
vn 0.3290 -0.1265 -0.9358
vn 0.3569 -0.1445 -0.9229
vn -0.6947 -0.1283 -0.7077
vn -0.0043 -0.1535 0.9881
vn -0.6669 -0.2631 0.6971
vn 0.1064 -0.5520 -0.8270
vn 0.5162 -0.3540 -0.7799
vn -0.4456 0.6998 -0.5583
vn -0.5086 0.7175 -0.4760
vn -0.0237 0.9874 -0.1562
vn 0.3089 0.9121 0.2694
vn 0.2990 0.9488 0.1021
vn -0.8077 -0.5197 -0.2782
vn -0.8014 -0.5205 -0.2946
vn 0.4919 0.0940 -0.8656
vn -0.9707 0.0675 0.2306
vn 0.1742 -0.3723 0.9116
vn -0.2671 0.1001 -0.9585
vn -0.1892 0.2189 0.9572
vn 0.9180 -0.3537 0.1792
vn 0.8873 -0.4547 -0.0776
vn -0.4650 0.2603 0.8462
vn -0.5692 0.1630 0.8059
vn 0.0458 -0.9833 0.1760
vn 0.1314 -0.9723 0.1934
vn 0.1271 0.5652 0.8151
vn 0.7644 0.5456 0.3434
vn 0.0309 0.1510 0.9880
vn 0.2294 0.3468 0.9095
vn 0.1308 -0.2896 0.9482
vn -0.7276 0.4947 0.4752
vn 0.7459 0.4154 -0.5206
vn -0.8796 0.4652 -0.0997
vn -0.8803 0.4363 -0.1860
vn 0.1608 0.3464 0.9242
vn -0.8623 -0.2602 0.4343
vn -0.8892 -0.3483 0.2967
vn 0.1530 0.0385 0.9875
vn 0.4302 0.7613 0.4852
vn 0.8926 -0.3915 0.2236
vn 0.1928 0.3852 0.9025
vn 0.3959 0.8833 0.2511
vn 0.2449 0.2960 -0.9232
vn 0.0354 0.0283 0.9990
vn 0.0737 0.0350 0.9967
vn 0.1548 0.0340 0.9874
vn -0.6256 -0.0288 0.7796
vn 0.6692 0.3718 0.6434
vn 0.6867 -0.0741 -0.7232
vn -0.0412 0.9224 -0.3841
vn 0.3105 -0.1014 -0.9451
vn 0.7239 0.1378 -0.6760
vn 0.4516 0.2319 -0.8615
vn -0.5911 -0.0059 -0.8066
vn 0.0644 0.4784 0.8758
vn 0.0972 0.4312 0.8970
vn 0.4109 -0.3495 0.8420
vn -0.0653 -0.4979 -0.8647
vn -0.0518 -0.2826 -0.9578
vn 0.5312 -0.2701 -0.8031
vn 0.5802 -0.2356 -0.7797
vn 0.0302 -0.9755 0.2179
vn -0.4935 0.7093 -0.5034
vn -0.4554 0.7462 -0.4857
vn 0.8725 0.1504 -0.4649
vn 0.9160 0.0896 -0.3911
vn 0.2481 -0.9631 0.1045
vn 0.4288 -0.9028 -0.0327
vn -0.9352 -0.2593 0.2411
vn 0.5472 -0.3227 0.7723
vn 0.4154 0.1722 -0.8932
vn -0.1243 0.4337 -0.8924
vn -0.1224 0.7566 0.6423
vn 0.1022 0.0475 0.9936
vn 0.7738 0.2737 -0.5712
vn -0.3467 0.9379 0.0090
vn -0.6432 0.5090 -0.5721
vn -0.8993 0.2586 -0.3527
vn -0.8884 0.4517 -0.0825
vn -0.0072 -0.5658 -0.8245
vn 0.9755 0.2200 -0.0014
vn 0.9207 0.0999 -0.3772
vn -0.2681 0.5667 0.7791
vn 0.1371 0.5201 0.8430
vn -0.0703 0.1194 -0.9903
vn 0.0324 -0.9807 0.1930
vn 0.5516 0.5866 0.5930
vn 0.3987 0.6988 0.5939
vn 0.4810 0.7765 0.4071
vn 0.2705 -0.3810 -0.8841
vn -0.9847 -0.0602 0.1638
vn -0.9884 -0.1169 0.0970
vn -0.2852 -0.3165 -0.9047
vn -0.4828 -0.3466 -0.8042
vn 0.8431 -0.2746 -0.4624
vn 0.7989 -0.3372 -0.4981
vn 0.7219 0.6787 0.1346
vn 0.6899 0.7232 0.0334
vn 0.8279 -0.2161 0.5176
vn -0.8096 -0.3805 -0.4470
vn 0.4666 0.6924 0.5504
vn 0.0624 0.8924 0.4470
vn -0.4245 -0.0591 -0.9035
vn 0.1974 -0.5265 -0.8269
vn 0.3622 -0.6602 -0.6580
vn -0.1009 -0.7045 -0.7025
vn -0.4019 -0.2040 -0.8927
vn 0.8680 -0.0662 0.4922
vn -0.8371 0.5452 0.0441
vn -0.7272 -0.1869 -0.6605
vn -0.3379 -0.9412 -0.0048
vn 0.8578 0.4784 0.1878
vn 0.4985 -0.4667 0.7306
vn 0.3515 -0.6350 0.6879
vn 0.4233 -0.1621 0.8914
vn 0.1182 0.0162 0.9929
vn 0.4839 0.0184 0.8749
vn 0.7685 0.5574 -0.3141
vn 0.0786 0.8932 -0.4427
vn 0.5279 0.6732 -0.5178
vn -0.7861 0.0959 -0.6107
vn -0.7559 0.5409 0.3689
vn 0.4464 0.1986 -0.8725
vn -0.0488 0.1348 -0.9897
vn 0.5168 0.0469 -0.8548
vn 0.5003 -0.0335 0.8652
vn -0.0807 -0.9638 0.2542
vn -0.1486 -0.9868 0.0646
vn 0.7439 0.6380 -0.1990
vn 0.8164 0.5166 -0.2579
vn -0.6127 0.1400 0.7778
vn -0.3265 0.0551 0.9436
vn 0.5561 -0.5147 0.6525
vn 0.5655 0.1403 0.8127
vn 0.0430 -0.9874 0.1520
vn 0.0188 -0.9996 0.0212
vn -0.8751 0.2457 -0.4169
vn -0.8442 0.2124 -0.4921
vn -0.9251 0.3573 -0.1282
vn 0.5785 -0.0415 -0.8146
vn -0.8942 -0.1984 -0.4012
vn 0.6401 0.2678 -0.7201
vn 0.5841 0.3334 -0.7401
vn -0.9579 0.0785 0.2763
vn 0.9237 0.3490 0.1582
vn -0.9181 -0.3492 -0.1876
vn 0.4341 0.3353 -0.8361
vn -0.0185 0.9932 0.1146
vn 0.1355 0.9600 0.2452
vn -0.6754 -0.7098 -0.2000
vn 0.0310 -0.9003 -0.4342
vn 0.0555 -0.4164 -0.9075
vn -0.2870 0.1811 -0.9407
vn -0.1946 -0.3990 -0.8961
vn 0.5154 0.8550 0.0585
vn -0.5228 0.7774 0.3497
vn -0.5016 0.7716 0.3912
vn -0.4363 0.8390 0.3252
vn 0.1499 -0.5138 -0.8447
vn -0.2701 0.0839 -0.9592
vn -0.8726 0.2678 -0.4085
vn -0.8368 0.2937 -0.4620
vn -0.8509 -0.1987 -0.4862
vn 0.4479 -0.4018 -0.7987
vn -0.0482 -0.6335 0.7722
vn -0.9128 -0.1159 0.3916
vn 0.4304 -0.0725 -0.8997
vn -0.5031 0.1222 -0.8556
vn -0.7113 0.5207 -0.4722
vn -0.2435 0.6179 -0.7476
vn -0.4027 -0.9152 -0.0185
vn -0.7659 -0.5869 -0.2626
vn 0.8058 0.2896 -0.5166
vn -0.8445 -0.2580 -0.4693
vn 0.9012 0.2678 -0.3408
vn 0.5578 0.7975 -0.2298
vn 0.7802 0.4659 0.4173
vn -0.2314 0.9665 -0.1108
vn 0.1771 0.3687 0.9125
vn 0.3072 0.0965 -0.9467
vn -0.3698 -0.0116 0.9290
vn -0.2642 0.1376 0.9546
vn -0.9725 -0.0675 0.2228
vn -0.5067 0.2323 -0.8302
vn -0.4612 0.0225 -0.8870
vn 0.0736 -0.9581 0.2769
vn -0.5818 -0.2988 -0.7564
vn 0.8697 0.0336 -0.4924
vn -0.6878 0.1330 0.7136
vn -0.9215 0.3872 0.0300
vn -0.3088 -0.8302 -0.4641
vn -0.7462 0.2590 0.6133
vn 0.0586 0.9373 -0.3436
vn 0.8327 0.4074 0.3751
vn -0.5768 -0.7592 0.3017
vn -0.7806 -0.6096 0.1385
vn 0.8622 0.4213 0.2812
vn 0.8980 0.0725 0.4340
vn -0.3601 -0.1361 -0.9229
vn 0.1927 0.5522 -0.8111
vn 0.1485 0.4081 -0.9008
vn -0.0624 0.5886 -0.8060
vn 0.8914 0.1110 -0.4394
vn 0.6367 0.2323 -0.7353
vn 0.4360 0.2121 -0.8746
vn 0.8826 0.4525 -0.1274
vn -0.5247 0.4167 0.7423
vn -0.3997 -0.6528 -0.6435
vn -0.7849 -0.5911 -0.1859
vn 0.7943 -0.2670 0.5458
vn 0.3179 0.9154 0.2470
vn -0.4751 0.2632 0.8396
vn -0.8283 -0.1124 0.5488
vn -0.3249 0.6636 -0.6739
vn -0.5488 0.4727 -0.6895
vn -0.4411 0.4263 -0.7897
vn -0.0887 0.9960 -0.0121
vn -0.2767 0.8076 -0.5208
vn -0.1918 0.9386 -0.2867
vn 0.9215 -0.2853 0.2636
vn 0.8821 0.0150 0.4708
vn 0.0017 0.8687 -0.4953
vn -0.2186 0.5730 -0.7898
vn -0.7444 -0.3917 -0.5408
vn -0.3409 -0.7604 -0.5528
vn -0.3969 -0.3983 0.8269
vn -0.1781 -0.4989 -0.8482
vn 0.7961 -0.4932 -0.3508
vn 0.2358 0.8598 0.4529
vn 0.1341 0.7040 0.6975
vn 0.4137 0.5007 0.7604
vn 0.1486 0.9605 0.2353
vn 0.3795 0.4587 0.8035
vn -0.4133 -0.1689 0.8948
vn -0.1470 0.1005 0.9840
vn -0.2345 0.0675 0.9698
vn -0.1783 0.1315 0.9751
vn -0.2162 0.1853 -0.9586
vn -0.7309 0.2149 -0.6477
vn -0.3932 0.5186 -0.7593
vn -0.1104 -0.3268 0.9386
vn -0.3241 -0.9040 0.2788
vn -0.8451 0.3270 0.4229
vn -0.7012 0.4044 0.5872
vn -0.4226 -0.5682 -0.7061
vn -0.4357 -0.4460 -0.7818
vn 0.1484 0.2538 -0.9558
vn -0.4801 0.1230 0.8686
vn -0.3718 -0.0901 0.9239
vn 0.3116 -0.0102 -0.9502
vn 0.3814 -0.3321 -0.8627
vn -0.1400 0.2812 -0.9494
vn 0.5058 0.0201 0.8624
vn 0.2694 0.4449 0.8541
vn 0.7076 -0.1030 0.6991
vn -0.0267 -0.0294 0.9992
vn 0.0454 0.0632 -0.9970
vn 0.0896 -0.9875 0.1298
vn 0.0103 0.0359 0.9993
vn -0.9455 0.0384 0.3233
vn -0.4420 -0.8672 -0.2294
vn 0.7191 0.5877 -0.3708
vn -0.8959 -0.0125 0.4441
vn -0.5622 0.0593 0.8249
vn -0.4137 0.7809 0.4681
vn -0.7330 -0.6157 0.2891
vn 0.5651 0.7341 -0.3766
vn 0.8036 -0.2425 0.5435
vn -0.0270 -0.1839 -0.9826
vn -0.3815 0.5119 0.7697
vn 0.5560 0.5117 0.6550
vn -0.3620 0.5141 0.7776
vn -0.3572 0.2642 0.8959
vn 0.2799 0.3235 0.9039
vn 0.3052 -0.2725 0.9124
vn 0.4310 -0.0486 0.9010
vn 0.7816 0.5941 0.1901
vn 0.6476 -0.7515 -0.1262
vn 0.6382 -0.7594 -0.1263
vn -0.6934 0.3351 -0.6378
vn 0.8524 -0.2025 0.4821
vn 0.9088 0.0366 -0.4157
vn -0.6107 -0.7661 0.2004
vn -0.9713 -0.0476 0.2330
vn -0.6104 0.7342 0.2972
vn 0.4310 -0.3839 0.8166
vn 0.0363 -0.9769 0.2105
vn -0.2701 -0.9571 -0.1044
vn -0.5930 0.6832 0.4261
vn -0.4770 -0.1662 -0.8630
vn -0.8363 0.5299 0.1407
vn -0.9692 0.2403 0.0549
vn 0.6189 -0.3139 -0.7200
vn 0.1779 -0.3809 0.9073
vn 0.0828 0.1620 -0.9833
vn 0.2801 0.9455 0.1658
vn 0.8615 0.2488 -0.4427
vn -0.0651 0.8287 -0.5559
vn 0.4542 0.0688 -0.8883
vn 0.9415 0.1010 0.3215
vn 0.8915 -0.4230 0.1622
vn 0.7368 -0.5999 0.3117
vn -0.7763 0.3991 -0.4880
vn 0.5729 0.0306 0.8191
vn -0.7415 0.1264 -0.6590
vn -0.9303 0.2934 -0.2202
vn -0.9993 -0.0185 -0.0318
vn -0.6200 -0.3783 0.6874
vn 0.1114 0.1521 -0.9821
vn -0.0018 0.1205 -0.9927
vn 0.6296 -0.1383 -0.7645
vn -0.5973 0.5494 -0.5844
vn -0.6891 -0.1287 -0.7132
vn -0.2432 -0.3685 -0.8973
vn -0.7436 0.3439 0.5734
vn 0.5610 -0.1526 0.8136
vn 0.0345 0.2041 0.9784
vn 0.3121 0.5657 0.7632
vn 0.1472 0.0119 0.9890
vn 0.3050 0.8370 -0.4542
vn 0.2119 -0.0952 -0.9726
vn 0.1544 -0.1140 -0.9814
vn 0.4680 0.0224 -0.8834
vn 0.1387 0.4767 0.8681
vn 0.3071 0.9181 -0.2505
vn -0.5208 0.5206 0.6766
vn -0.2901 0.6360 0.7151
vn -0.2378 0.4059 0.8824
vn -0.2378 -0.4117 -0.8798
vn -0.5955 0.1018 -0.7969
vn -0.5851 0.5978 -0.5481
vn 0.5468 -0.1727 -0.8193
vn 0.4844 0.0787 -0.8713
vn -0.0472 -0.9987 -0.0190
vn 0.3624 -0.2992 -0.8827
vn -0.0194 -0.9990 -0.0414
vn 0.0291 -0.9673 0.2519
vn 0.1171 -0.0002 -0.9931
vn 0.4131 -0.0061 -0.9107
vn 0.1786 -0.9297 0.3223
vn 0.0637 -0.9690 0.2389
vn -0.1249 -0.9900 0.0649
vn -0.2750 -0.8849 0.3760
vn 0.7233 0.4745 0.5017
vn -0.1776 -0.8365 -0.5184
vn 0.2562 -0.4568 -0.8518
vn -0.0546 0.5017 0.8633
vn -0.2523 -0.7239 -0.6421
vn 0.6124 0.1363 -0.7787
vn -0.9246 0.2680 0.2708
vn -0.0646 0.0311 -0.9974
vn -0.2323 0.1725 -0.9572
vn 0.1031 0.9030 -0.4171
vn -0.0495 -0.1293 0.9904
vn 0.3948 0.8053 0.4422
vn 0.4785 0.3248 -0.8158
vn 0.4863 0.3406 -0.8047
vn -0.5912 0.2079 -0.7793
vn -0.8816 0.1483 -0.4481
vn -0.6607 0.0954 -0.7445
vn 0.8353 0.5497 0.0085
vn 0.7068 -0.3803 0.5965
vn 0.1112 0.2994 -0.9476
vn -0.2437 -0.4405 0.8640
vn -0.7907 0.0559 -0.6097
vn 0.1363 -0.0305 0.9902
vn -0.0593 -0.9879 0.1432
vn 0.1622 0.2337 0.9587
vn 0.0034 -0.9865 0.1640
vn -0.3418 0.2106 -0.9159
vn 0.1460 0.4466 0.8827
vn -0.3888 0.2719 -0.8803
vn 0.9726 0.1890 -0.1356
vn 0.2026 0.2539 -0.9458
vn 0.2349 0.3283 -0.9149
vn 0.8578 0.2376 -0.4558
vn -0.7332 0.5378 -0.4162
vn 0.0373 0.4254 0.9043
vn 0.0879 0.4082 0.9086
vn 0.8255 0.3552 -0.4387
vn -0.6091 0.6000 0.5186
vn -0.3573 0.6722 0.6484
vn -0.4079 0.6045 -0.6843
vn -0.2314 0.6235 -0.7468
vn -0.8320 0.1102 0.5437
vn -0.7752 0.2287 0.5889
vn 0.6629 -0.1346 0.7365
vn 0.2213 0.6310 0.7436
vn -0.2474 -0.4148 0.8756
vn -0.1011 -0.5875 0.8029
vn 0.6311 0.2034 -0.7486
vn 0.7352 0.1673 -0.6568
vn -0.0991 0.0268 -0.9947
vn 0.3713 0.0575 0.9267
vn 0.3647 0.0738 0.9282
vn 0.1761 0.1392 -0.9745
vn 0.4154 0.5591 0.7176
vn -0.8323 -0.0153 -0.5540
vn 0.0495 -0.2116 -0.9761
vn -0.7091 -0.6913 -0.1386
vn 0.3410 0.7732 -0.5347
vn 0.0147 -0.9710 0.2387
vn -0.5142 -0.8255 -0.2327
vn 0.7631 0.2498 -0.5961
vn 0.6903 0.2480 -0.6797
vn -0.0431 -0.0310 0.9986
vn 0.3598 0.4376 0.8241
vn 0.8715 0.1155 -0.4766
vn 0.4977 0.2259 0.8374
vn -0.4172 0.8862 0.2016
vn -0.3531 0.8624 0.3628
vn 0.5777 0.6981 -0.4231
vn -0.5559 0.2286 -0.7992
vn -0.6357 0.2358 -0.7350
vn -0.6913 0.0599 -0.7201
vn -0.6296 -0.0150 0.7768
vn -0.6428 0.1314 0.7547
vn -0.1490 -0.2883 -0.9459
vn 0.0037 -0.9815 0.1912
vn -0.2084 -0.3293 0.9209
vn -0.5412 0.2836 0.7916
vn -0.0204 -0.6976 0.7162
vn 0.0349 -0.9642 0.2629
vn -0.2976 0.6264 0.7205
vn -0.0234 -0.9791 0.2021
vn -0.4392 -0.7781 -0.4490
vn 0.3350 0.0457 0.9411
vn 0.5335 0.0635 0.8434
vn -0.8151 -0.2339 0.5299
vn -0.2924 -0.7486 -0.5951
vn -0.9168 0.2865 -0.2782
vn -0.9194 0.3929 0.0164
vn 0.5346 0.6998 -0.4738
vn 0.5551 0.6682 0.4953
vn 0.6842 0.7260 0.0689
vn 0.4512 -0.8888 -0.0803
vn 0.0697 -0.3477 0.9350
vn 0.5095 -0.7249 -0.4636
vn 0.8210 0.1976 -0.5357
vn 0.8520 0.2088 -0.4800
vn -0.5421 0.6129 0.5750
vn 0.6761 0.6966 -0.2403
vn 0.8073 -0.1832 -0.5609
vn 0.7245 -0.2175 -0.6540
vn 0.4612 0.1304 -0.8777
vn -0.2222 -0.3796 -0.8980
vn -0.2751 -0.5002 -0.8211
vn 0.0643 0.9963 0.0573
vn 0.0858 0.4904 -0.8673
vn -0.8972 -0.1254 0.4234
vn -0.4799 -0.0385 0.8765
vn -0.1791 -0.9576 -0.2259
vn 0.0733 0.3526 0.9329
vn -0.2686 0.8890 -0.3709
vn 0.4561 0.0022 -0.8899
vn 0.2080 0.0507 -0.9768
vn -0.0317 -0.0994 -0.9945
vn -0.2174 0.4324 -0.8751
vn 0.4356 -0.0693 0.8975
vn -0.3131 0.4815 0.8186
vn -0.0299 0.4459 0.8946
vn -0.2656 0.4171 0.8692
vn 0.4028 -0.0466 -0.9141
vn 0.2612 -0.0186 -0.9651
vn 0.2238 -0.1498 -0.9630
vn -0.8343 0.3169 0.4512
vn -0.2851 -0.2161 -0.9338
vn -0.6458 -0.6773 -0.3525
vn -0.7286 -0.6029 -0.3250
vn 0.8202 -0.3443 -0.4569
vn 0.8942 -0.0713 0.4419
vn -0.0358 0.3524 0.9352
vn 0.1281 0.1934 0.9727
vn -0.9015 0.4301 0.0477
vn -0.5772 0.1078 0.8095
vn 0.0853 -0.1728 -0.9813
vn -0.5126 0.1438 -0.8465
vn -0.1683 0.1672 -0.9715
vn 0.6709 -0.5085 0.5397
vn 0.5900 -0.5377 0.6023
vn 0.0350 -0.9856 0.1652
vn 0.4658 -0.0314 -0.8844
vn 0.1852 -0.2275 -0.9560
vn 0.1289 -0.2610 -0.9567
vn -0.6828 -0.0197 0.7303
vn -0.0580 -0.9872 0.1488
vn 0.1312 0.3173 0.9392
vn 0.5668 0.2228 0.7932
vn 0.0233 -0.9678 0.2505
vn 0.1015 -0.9942 -0.0359
vn -0.4027 0.7596 -0.5108
vn -0.6345 0.3571 -0.6855
vn -0.6448 0.1250 -0.7540
vn -0.4422 -0.1033 -0.8909
vn -0.1027 0.5533 -0.8266
vn 0.8181 -0.5336 0.2143
vn 0.7683 -0.5024 0.3965
vn -0.7447 -0.2820 0.6049
vn 0.2495 0.0421 -0.9675
vn -0.5406 0.8036 -0.2491
vn -0.4563 0.5735 0.6804
vn -0.1469 -0.9437 -0.2963
vn 0.3104 0.2327 0.9217
vn -0.0818 -0.9891 -0.1221
vn -0.8694 0.0042 0.4940
vn 0.6787 0.1703 -0.7144
vn 0.5748 0.0783 -0.8145
vn 0.3421 -0.4870 -0.8036
vn -0.0884 0.0092 0.9960
vn -0.0166 -0.9547 0.2970
vn 0.8973 -0.0817 0.4337
vn -0.2917 0.3333 -0.8966
vn 0.8036 0.2630 0.5338
vn -0.4384 0.5201 -0.7330
vn 0.3328 -0.3427 -0.8785
vn 0.4518 -0.3728 -0.8105
vn 0.8390 -0.2140 -0.5003
vn 0.8492 0.1169 -0.5150
vn 0.1498 0.0822 -0.9853
vn -0.5892 0.3862 -0.7097
vn 0.8666 -0.0819 -0.4923
vn -0.2475 0.3331 -0.9098
vn -0.3722 0.3197 -0.8714
vn 0.9313 -0.1410 -0.3359
vn 0.4221 0.7071 0.5674
vn 0.3667 0.7447 0.5577
vn 0.0950 0.7660 0.6358
vn -0.7530 -0.4880 -0.4415
vn -0.8153 -0.3049 -0.4923
vn 0.9218 -0.2946 0.2519
vn -0.1060 -0.9942 -0.0170
vn -0.0099 0.8555 -0.5177
vn 0.7904 0.4626 -0.4016
vn -0.5700 -0.8100 -0.1374
vn -0.9111 -0.3711 0.1792
vn 0.0630 0.0175 0.9979
vn 0.1885 0.0247 0.9818
vn -0.7088 0.5186 -0.4781
vn 0.3853 -0.8117 0.4388
vn -0.1049 -0.9849 0.1377
vn 0.0331 -0.9983 -0.0476
vn 0.0307 -0.9979 0.0573
vn -0.7669 -0.3237 -0.5541
vn -0.3683 0.4490 0.8141
vn 0.0754 0.1219 -0.9897
vn -0.2560 0.3142 -0.9142
vn 0.2554 0.0089 -0.9668
vn -0.4021 -0.2188 0.8891
vn -0.3537 0.3347 0.8735
vn 0.1377 -0.9878 0.0723
vn 0.9312 0.2214 0.2895
vn -0.4314 0.6707 -0.6034
vn 0.5023 0.4483 0.7394
vn 0.3795 0.7152 -0.5870
vn -0.7446 -0.6230 -0.2395
vn -0.6996 -0.6733 -0.2390
vn 0.8690 -0.0187 -0.4944
vn 0.9359 0.0529 -0.3482
vn 0.3425 -0.9219 0.1810
vn 0.1081 -0.9836 -0.1443
vn 0.8015 0.1496 0.5790
vn 0.8779 0.1338 0.4597
vn 0.9839 0.1634 -0.0724
vn 0.5391 0.6987 -0.4703
vn -0.3438 0.6537 0.6741
vn 0.8442 0.2140 0.4914
vn 0.6516 0.3195 0.6879
vn 0.7338 -0.2153 0.6443
vn -0.5472 -0.4405 0.7117
vn 0.3943 -0.8968 -0.2009
vn -0.4479 -0.5697 -0.6891
vn 0.7847 0.2235 -0.5782
vn 0.6964 -0.0012 -0.7177
vn 0.6795 0.3001 0.6695
vn 0.6797 0.7191 0.1450
vn 0.0224 -0.9774 0.2103
vn -0.0005 -0.9756 0.2197
vn 0.3594 0.5420 0.7597
vn 0.5958 0.4130 -0.6888
vn -0.7680 0.4820 -0.4217
vn -0.2659 -0.3975 0.8782
vn -0.7136 -0.6803 0.1675
vn 0.0827 -0.1237 0.9889
vn 0.9199 0.1482 -0.3630
vn 0.7140 0.7000 0.0130
vn 0.6708 0.7413 0.0242
vn 0.5704 -0.1799 -0.8014
vn 0.5184 0.4881 0.7022
vn -0.2701 0.0553 -0.9612
vn 0.0948 -0.7427 0.6629
vn -0.8286 0.1963 -0.5243
vn -0.8048 0.2012 -0.5584
vn 0.3277 0.5686 -0.7545
vn -0.3203 -0.8078 -0.4948
vn 0.1418 -0.8884 -0.4367
vn -0.5608 0.1419 -0.8157
vn 0.5717 0.7158 -0.4011
vn 0.5838 0.5876 -0.5603
vn -0.8302 -0.2947 -0.4732
vn 0.2942 -0.9268 0.2336
vn -0.4528 0.1092 -0.8849
vn -0.4990 -0.4576 0.7359
vn 0.0556 -0.9977 0.0395
vn 0.0710 -0.9966 0.0428
vn 0.4519 0.1723 -0.8753
vn 0.2644 -0.8244 0.5005
vn -0.1661 -0.0950 -0.9815
vn -0.9417 -0.1628 -0.2945
vn -0.2494 -0.9653 0.0771
vn -0.7434 0.6575 -0.1226
vn 0.3877 0.2109 0.8973
vn -0.1290 0.3462 0.9293
vn 0.6378 -0.1096 -0.7623
vn -0.0469 0.9115 -0.4087
vn -0.3955 -0.1533 -0.9056
vn 0.4536 -0.8862 -0.0946
vn -0.9720 0.2286 0.0550
vn -0.9750 0.1735 0.1388
vn -0.1734 0.1014 0.9796
vn 0.4792 -0.7838 0.3950
vn -0.2160 0.4045 0.8887
vn 0.1051 0.4214 0.9007
vn 0.5472 0.7819 0.2988
vn 0.6432 0.7119 0.2820
vn 0.1310 0.0002 0.9914
vn 0.8218 0.0003 0.5698
vn -0.2360 -0.8377 -0.4926
vn 0.2310 -0.9162 0.3274
vn 0.7508 -0.2439 -0.6138
vn 0.7500 0.5381 0.3847
vn -0.4552 -0.1767 -0.8727
vn 0.3535 0.3572 0.8645
vn -0.2230 -0.2851 -0.9322
vn 0.7643 0.5727 0.2962
vn 0.7401 0.6210 0.2581
vn 0.9904 0.0739 0.1164
vn -0.1132 0.8780 -0.4651
vn -0.5037 0.8407 0.1985
vn -0.9843 -0.1073 -0.1399
vn -0.8667 0.4975 -0.0356
vn -0.4665 0.2783 -0.8396
vn -0.0320 -0.9840 0.1752
vn -0.8487 0.5236 0.0740
vn -0.8418 0.4088 -0.3526
vn 0.0284 -0.9771 0.2107
vn 0.1027 -0.5117 0.8530
vn -0.9579 -0.2502 0.1406
vn 0.1189 -0.3958 -0.9106
vn -0.6424 0.1425 0.7530
vn 0.7249 -0.5739 0.3809
vn 0.7833 -0.4019 0.4742
vn 0.0929 -0.9911 0.0949
vn 0.1775 -0.4288 -0.8858
vn -0.8684 -0.0472 -0.4936
vn -0.6477 0.0650 -0.7591
vn -0.8821 0.4338 -0.1835
vn -0.6700 0.1669 -0.7233
vn -0.2656 0.6611 0.7017
vn 0.4754 0.2106 -0.8542
vn -0.4253 0.8711 -0.2456
vn -0.4277 0.7743 -0.4665
vn 0.5323 -0.3648 -0.7639
vn -0.8426 0.5367 0.0455
vn -0.8212 0.4861 -0.2990
vn -0.9148 0.1704 -0.3662
vn 0.0312 -0.9959 0.0844
vn -0.5067 0.4811 -0.7154
vn 0.2223 -0.0980 -0.9700
vn 0.9560 -0.2931 0.0086
vn -0.7865 0.2326 -0.5722
vn -0.8717 0.3075 -0.3815
vn -0.8718 0.4886 0.0342
vn 0.3782 -0.8896 -0.2560
vn -0.8374 0.4443 -0.3185
vn 0.9960 0.0073 -0.0893
vn 0.1531 0.5513 0.8201
vn 0.4831 -0.4521 -0.7498
vn -0.0525 -0.1170 0.9917
vn -0.7761 0.4573 0.4342
vn 0.7450 0.3944 0.5380
vn -0.5727 -0.3092 -0.7592
vn 0.9113 -0.1262 0.3919
vn 0.9681 -0.1366 0.2103
vn -0.4242 0.8967 -0.1261
vn -0.8078 -0.2408 0.5380
vn 0.7913 -0.3824 -0.4771
vn 0.1698 -0.7351 0.6563
vn -0.0970 -0.5659 0.8188
vn -0.2032 -0.9438 0.2608
vn 0.7076 0.6935 -0.1356
vn 0.0382 0.5451 -0.8375
vn -0.4887 0.0702 0.8696
vn 0.6777 0.7136 -0.1775
vn 0.8679 0.2418 0.4339
vn 0.1831 0.2868 0.9403
vn 0.8793 0.4581 0.1303
vn 0.7587 0.5510 -0.3475
vn 0.5494 -0.6328 -0.5456
vn 0.4652 0.5629 0.6832
vn -0.9930 -0.0012 0.1182
vn -0.5065 0.7594 0.4083
vn 0.8830 0.2289 -0.4097
vn 0.2342 0.6796 0.6952
vn 0.6233 0.4265 0.6554
vn -0.0188 0.4368 0.8994
vn -0.9926 -0.1199 0.0179
vn 0.9653 0.2368 -0.1098
vn -0.9257 -0.0806 0.3695
vn 0.0859 -0.0466 -0.9952
vn 0.8072 -0.2847 0.5171
vn -0.3703 -0.8760 -0.3090
vn 0.3330 0.3863 0.8602
vn 0.7446 0.5182 -0.4208
vn -0.4458 0.1999 0.8725
vn -0.4818 0.1543 0.8626
vn 0.0798 -0.5626 -0.8228
vn -0.3801 -0.5408 0.7503
vn -0.6638 0.7043 -0.2516
vn 0.4148 0.2101 -0.8854
vn -0.4011 -0.8319 0.3834
vn -0.2994 0.2822 -0.9114
vn -0.4847 -0.6174 -0.6195
vn -0.9865 -0.1271 -0.1033
vn -0.0159 0.3180 0.9479
vn -0.6061 0.1526 -0.7806
vn -0.7952 0.6011 0.0801
vn 0.9116 0.3847 0.1450
vn -0.0934 -0.0892 0.9916
vn -0.0143 -0.9951 0.0977
vn -0.4227 0.8071 0.4123
vn -0.5948 -0.8016 0.0608
vn -0.0301 0.6160 -0.7872
vn -0.5516 0.4374 0.7102
vn -0.5805 -0.5651 0.5862
vn 0.6470 0.4905 0.5837
vn -0.6050 0.5094 0.6119
vn 0.3677 0.5095 -0.7779
vn 0.2984 0.2621 -0.9177
vn -0.7244 0.2034 0.6587
vn -0.7201 0.2722 0.6383
vn 0.0369 -0.9809 0.1908
vn 0.6611 -0.2620 0.7031
vn 0.6162 -0.3894 0.6846
vn -0.1504 0.9447 -0.2912
vn -0.7647 -0.6418 -0.0568
vn 0.3070 -0.8394 0.4486
vn -0.0874 -0.5914 0.8016
vn 0.4866 -0.8736 0.0057
vn -0.9499 -0.3125 0.0067
vn -0.4525 0.1467 -0.8796
vn 0.4063 0.8595 0.3102
vn 0.2831 -0.8053 -0.5209
vn -0.3607 0.0877 0.9285
vn 0.7730 0.1732 -0.6104
vn 0.4266 0.4394 0.7905
vn 0.2610 -0.2743 0.9256
vn -0.2737 0.1105 -0.9554
vn 0.0141 -0.1221 0.9924
vn 0.3883 0.6074 0.6931
vn -0.1205 0.3603 -0.9250
vn 0.3432 0.2673 -0.9004
vn 0.7876 -0.1059 -0.6070
vn 0.8035 -0.0991 -0.5870
vn 0.7467 -0.1530 -0.6473
vn 0.6208 0.2460 -0.7444
vn -0.5393 0.3402 0.7704
vn 0.3023 0.9341 -0.1899
vn -0.4220 0.8538 0.3049
vn -0.8409 -0.0342 -0.5400
vn 0.8166 -0.2452 -0.5225
vn 0.0670 -0.9802 0.1861
vn -0.3440 0.8005 -0.4907
vn -0.1788 0.3693 -0.9120
vn 0.3160 0.0436 -0.9477
vn -0.8169 0.5002 -0.2872
vn -0.9811 -0.1181 -0.1534
vn -0.7108 -0.6614 0.2393
vn -0.3891 0.8858 0.2528
vn 0.6386 0.5418 0.5466
vn -0.8454 0.4961 0.1977
vn -0.2905 0.4517 0.8436
vn 0.3682 0.6744 0.6400
vn 0.0562 -0.9698 0.2374
vn 0.0382 -0.9810 0.1904
vn -0.5356 -0.4103 -0.7381
vn -0.4967 -0.6399 -0.5863
vn -0.8939 0.1324 0.4282
vn 0.3828 0.1049 -0.9178
vn -0.5893 -0.7020 -0.3999
vn 0.1492 0.0684 -0.9864
vn 0.8157 -0.4359 -0.3803
vn -0.8348 -0.5006 0.2291
vn 0.8561 -0.1442 -0.4962
vn 0.4250 0.6448 -0.6353
vn 0.1625 -0.9867 0.0101
vn 0.1128 -0.9925 -0.0473
vn 0.4909 0.2543 0.8333
vn 0.5616 0.4548 0.6912
vn 0.9218 -0.1196 0.3689
vn -0.4462 -0.0192 -0.8947
vn -0.8504 0.2271 -0.4745
vn 0.4707 0.5964 0.6502
vn 0.0701 -0.1402 -0.9876
vn -0.4427 -0.0856 -0.8926
vn -0.7321 0.0825 -0.6762
vn -0.1720 0.8782 -0.4463
vn 0.4567 0.3855 -0.8018
vn 0.5302 -0.0406 -0.8469
vn 0.1932 -0.5336 -0.8234
vn 0.8639 0.4509 0.2244
vn -0.6025 0.5639 0.5648
vn 0.0414 -0.9751 0.2177
vn 0.2995 0.3513 0.8871
vn 0.0371 -0.8016 -0.5967
vn 0.0528 0.4320 0.9003
vn -0.5251 -0.0007 -0.8510
vn 0.0718 0.4531 0.8886
vn 0.8511 -0.3738 -0.3686
vn -0.6822 -0.2264 0.6952
vn 0.5929 0.7382 -0.3218
vn -0.8347 0.1558 0.5282
vn 0.1063 0.8576 -0.5032
vn 0.9712 -0.1247 0.2030
vn 0.6700 0.5251 -0.5247
vn 0.0997 0.1445 -0.9845
vn -0.9933 0.0944 0.0670
vn -0.4128 0.8508 0.3251
vn 0.4231 0.5663 0.7074
vn 0.6545 -0.7561 -0.0009
vn -0.4087 0.0786 -0.9093
vn -0.9337 0.3483 -0.0829
vn 0.8385 -0.4802 -0.2576
vn 0.9394 0.1541 0.3063
vn 0.9053 0.0652 0.4197
vn 0.4492 0.8148 0.3666
vn 0.6227 0.0864 0.7776
vn 0.1242 0.4555 0.8815
vn 0.5182 0.5104 0.6863
vn 0.3999 0.8879 0.2274
vn -0.6745 0.6595 -0.3318
vn 0.8918 0.0499 -0.4496
vn -0.1409 0.9329 0.3314
vn -0.5366 0.7542 0.3786
vn 0.3506 0.1407 0.9259
vn 0.7916 0.1702 -0.5868
vn 0.8203 0.0645 0.5683
vn -0.7098 -0.1725 0.6830
vn 0.4094 -0.3254 -0.8523
vn -0.7072 -0.5824 0.4009
vn 0.0691 -0.9963 0.0509
vn 0.4189 -0.8882 0.1885
vn 0.1094 -0.9938 -0.0196
vn -0.3146 0.2392 0.9186
vn 0.5506 0.5971 -0.5833
vn 0.6525 -0.5086 -0.5618
vn -0.9438 -0.1345 -0.3020
vn 0.1697 0.9714 0.1660
vn -0.2165 0.1328 -0.9672
vn 0.7213 0.4686 0.5100
vn -0.4151 0.9039 -0.1033
vn -0.4826 0.3219 -0.8145
vn -0.6169 0.4733 0.6288
vn -0.5970 0.1602 -0.7861
vn -0.5204 0.5368 -0.6641
vn 0.1196 -0.9275 0.3542
vn 0.6285 0.6898 0.3594
vn -0.5582 0.0597 -0.8275
vn -0.3783 -0.2016 0.9035
vn -0.9011 0.2162 -0.3759
vn -0.1545 0.9797 0.1275
vn 0.9512 -0.1471 0.2712
vn 0.4968 -0.8657 0.0614
vn 0.8439 0.4349 -0.3140
vn 0.5198 0.7450 0.4180
vn 0.6538 0.1954 -0.7310
vn 0.5526 -0.7319 0.3988
vn -0.3494 0.8961 0.2738
vn -0.4715 -0.0527 -0.8803
vn 0.3015 0.6749 0.6735
vn -0.4373 -0.3167 0.8417
vn -0.5368 0.4937 0.6842
vn -0.3282 0.8924 0.3097
vn 0.8163 -0.1769 0.5499
vn 0.1574 0.2896 -0.9441
vn 0.2352 -0.8462 0.4781
vn -0.8923 0.4299 0.1381
vn -0.5185 -0.0149 -0.8549
vn 0.3080 0.0913 0.9470
vn -0.0938 -0.9944 0.0481
vn 0.1226 0.1825 -0.9755
vn -0.1325 0.2124 -0.9681
vn -0.3213 -0.4964 0.8065
vn 0.3733 0.4643 -0.8031
vn -0.1166 -0.2065 -0.9715
vn 0.3351 -0.9414 -0.0393
vn 0.8627 0.1814 0.4721
vn -0.2643 -0.0556 -0.9628
vn -0.1256 0.0580 -0.9904
vn -0.7724 0.1300 -0.6217
vn -0.7006 0.0091 -0.7135
vn 0.1682 -0.9802 -0.1040
vn -0.3087 0.1727 0.9354
vn 0.7412 0.2456 0.6248
vn -0.2994 -0.3953 -0.8684
vn 0.6743 0.3640 0.6425
vn 0.9578 -0.2035 -0.2031
vn -0.3205 -0.5787 -0.7499
vn -0.5715 0.1087 -0.8134
vn 0.9309 -0.2076 0.3005
vn -0.8870 0.2661 -0.3774
vn -0.2894 0.1008 0.9519
vn 0.5272 0.3883 0.7558
vn -0.5712 -0.4275 0.7006
vn -0.7291 -0.3340 0.5973
vn 0.3746 -0.8090 -0.4529
vn -0.6446 0.0276 0.7640
vn -0.2654 0.0408 -0.9633
vn -0.6284 0.7549 0.1878
vn 0.1955 0.3462 0.9176
vn 0.1588 0.8680 -0.4705
vn 0.6402 0.5211 -0.5645
vn -0.9414 0.0447 -0.3342
vn 0.5311 0.6308 -0.5657
vn 0.5903 0.2467 0.7686
vn -0.0470 -0.9800 0.1933
vn 0.2887 0.0453 0.9563
vn -0.8890 -0.3625 -0.2798
vn -0.2111 -0.8962 0.3903
vn 0.0518 0.9644 0.2593
vn 0.0154 -0.9178 0.3968
vn -0.5508 -0.2493 0.7966
vn -0.5350 -0.7933 -0.2907
vn -0.7524 -0.5288 -0.3927
vn -0.2681 0.5443 0.7949
vn 0.3447 -0.5523 0.7591
vn -0.9688 0.1634 0.1865
vn 0.0377 -0.2673 -0.9629
vn 0.1622 -0.9198 -0.3574
vn 0.0832 0.2295 0.9697
vn -0.8970 0.4247 -0.1225
vn 0.8141 -0.3370 0.4730
vn 0.8353 -0.0767 0.5444
vn -0.5168 -0.3082 -0.7987
vn 0.7335 0.4904 -0.4705
vn 0.4108 -0.2108 0.8870
vn 0.4603 -0.7566 -0.4644
vn 0.0582 -0.9937 0.0953
vn -0.9325 0.1334 0.3357
vn -0.8937 0.2658 -0.3614
vn -0.9729 0.1080 -0.2044
vn -0.1362 -0.0714 0.9881
vn 0.4834 0.8681 -0.1129
vn -0.3852 0.5716 0.7245
vn -0.4944 -0.3530 -0.7943
vn -0.4908 0.8036 0.3366
vn 0.1262 0.4263 -0.8957
vn 0.0224 -0.2591 -0.9656
vn -0.2245 0.2865 -0.9314
vn -0.7528 0.1805 -0.6331
vn -0.2629 0.4628 0.8466
vn -0.3216 0.7949 0.5145
vn 0.7717 0.5187 0.3679
vn 0.5782 -0.4565 0.6762
vn -0.3161 0.1618 -0.9348
vn 0.0434 -0.0302 -0.9986
vn 0.4343 0.7833 0.4448
vn -0.1721 0.5231 0.8347
vn 0.0260 -0.5115 0.8589
vn 0.3643 -0.1703 0.9156
vn 0.5036 -0.0560 0.8621
vn 0.2095 0.6102 0.7641
vn 0.3426 -0.8207 -0.4573
vn -0.6854 0.1114 -0.7196
vn 0.4774 0.6105 -0.6320
vn -0.9672 -0.0582 0.2474
vn 0.1362 -0.9904 -0.0241
vn 0.0083 0.5263 0.8503
vn 0.9304 0.0267 -0.3656
vn 0.4998 0.8636 0.0666
vn -0.1753 0.3361 0.9254
vn -0.8486 -0.1219 0.5148
vn -0.4690 0.8142 0.3421
vn -0.4655 0.7143 -0.5225
vn 0.6349 0.6340 0.4416
vn -0.9768 0.0845 -0.1969
vn 0.4480 -0.1836 -0.8750
vn -0.0943 -0.9862 0.1358
vn 0.1732 0.7590 0.6276
vn 0.6644 0.6302 -0.4018
vn 0.8898 -0.4365 0.1336
vn -0.8816 0.1925 -0.4309
vn -0.8289 0.1324 -0.5435
vn 0.5922 0.1236 -0.7963
vn -0.5723 -0.0782 0.8163
vn 0.3843 0.8486 0.3636
vn -0.7126 0.4165 0.5646
vn 0.3358 -0.3979 0.8537
vn -0.4261 -0.8865 -0.1802
vn 0.5781 -0.5626 -0.5910
vn 0.5993 -0.8005 0.0067
vn -0.8543 0.1167 -0.5065
vn 0.7515 0.1112 0.6503
vn -0.0511 0.0388 -0.9979
vn 0.2030 -0.9779 0.0491
vn -0.3754 0.4291 0.8215
vn 0.7570 0.4369 -0.4859
vn 0.6931 0.4843 -0.5339
vn 0.6018 0.1855 -0.7768
vn -0.0358 0.7209 0.6921
vn -0.8661 0.3965 -0.3044
vn -0.6499 0.4443 0.6166
vn -0.3483 -0.2070 -0.9142
vn 0.6745 -0.1585 -0.7211
vn 0.5272 0.7010 0.4803
vn -0.5913 -0.8048 -0.0513
vn -0.9624 0.1597 0.2198
vn -0.3006 -0.1632 0.9397
vn -0.0319 -0.1707 -0.9848
vn -0.4648 0.0404 -0.8845
vn -0.4269 0.7359 -0.5256
vn -0.3997 0.7124 -0.5768
vn 0.8595 0.3401 -0.3815
vn 0.7388 -0.4383 -0.5120
vn 0.3729 -0.5283 0.7628
vn -0.3368 -0.0152 0.9414
vn 0.4747 0.3250 -0.8179
vn -0.4583 -0.7678 0.4478
vn 0.2450 -0.9681 0.0528
vn 0.0611 -0.8665 0.4954
vn -0.0006 -0.9902 0.1393
vn -0.8174 0.1278 -0.5617
vn 0.8668 0.4265 -0.2583
vn -0.8404 0.1913 0.5070
vn -0.6953 0.1488 -0.7032
vn -0.5525 -0.0417 -0.8325
vn -0.0208 0.7573 0.6527
vn 0.0044 -0.9883 -0.1525
vn -0.3981 0.9030 0.1615
vn 0.2265 -0.9714 -0.0717
vn -0.6155 -0.0476 -0.7867
vn -0.1979 0.3008 -0.9329
vn -0.4643 -0.8704 -0.1639
vt 0.575195 0.754272
vt 0.567871 0.764404
vt 0.550781 0.748047
vt 0.579590 0.063477
vt 0.581543 0.060059
vt 0.584473 0.068359
vt 0.588379 0.762695
vt 0.574707 0.053711
vt 0.592285 0.056641
vt 0.587402 0.751587
vt 0.574219 0.741699
vt 0.583496 0.044922
vt 0.447510 0.177734
vt 0.450195 0.182129
vt 0.445068 0.178711
vt 0.446289 0.175293
vt 0.452148 0.173828
vt 0.446533 0.182129
vt 0.445557 0.184082
vt 0.445312 0.182617
vt 0.460205 0.553467
vt 0.460693 0.559814
vt 0.454590 0.559326
vt 0.464600 0.574951
vt 0.460449 0.566162
vt 0.470947 0.568115
vt 0.430420 0.565186
vt 0.430420 0.583740
vt 0.423828 0.579834
vt 0.439697 0.561768
vt 0.447510 0.570557
vt 0.444092 0.579102
vt 0.422363 0.561035
vt 0.432129 0.559082
vt 0.445312 0.550049
vt 0.473633 0.193848
vt 0.464844 0.185547
vt 0.475098 0.187012
vt 0.456543 0.166016
vt 0.451904 0.166504
vt 0.451904 0.157227
vt 0.437988 0.554688
vt 0.423828 0.569580
vt 0.517090 0.638672
vt 0.521973 0.647461
vt 0.512207 0.645508
vt 0.453125 0.575928
vt 0.478271 0.192383
vt 0.475586 0.196289
vt 0.456543 0.532715
vt 0.445312 0.521973
vt 0.457764 0.526855
vt 0.439209 0.516846
vt 0.452637 0.505615
vt 0.445801 0.187500
vt 0.475586 0.201172
vt 0.464111 0.532227
vt 0.460693 0.529053
vt 0.468506 0.200195
vt 0.466309 0.555176
vt 0.519531 0.630859
vt 0.529785 0.640381
vt 0.427246 0.552979
vt 0.436768 0.553467
vt 0.437500 0.584473
vt 0.537109 0.644531
vt 0.535645 0.630615
vt 0.541992 0.638428
vt 0.466309 0.149902
vt 0.447021 0.145996
vt 0.460205 0.519531
vt 0.533691 0.656250
vt 0.443604 0.587891
vt 0.446533 0.503662
vt 0.437500 0.510498
vt 0.434326 0.533691
vt 0.442627 0.534180
vt 0.434326 0.541748
vt 0.475098 0.176270
vt 0.477539 0.165039
vt 0.478760 0.171875
vt 0.398193 0.885925
vt 0.403320 0.895264
vt 0.399414 0.898743
vt 0.512695 0.630859
vt 0.516113 0.651367
vt 0.520020 0.653809
vt 0.524414 0.663330
vt 0.515625 0.665283
vt 0.485352 0.165527
vt 0.472656 0.582764
vt 0.509766 0.661133
vt 0.400635 0.875122
vt 0.398682 0.883179
vt 0.395020 0.876831
vt 0.458496 0.589844
vt 0.458252 0.137207
vt 0.466064 0.139160
vt 0.472900 0.147949
vt 0.475342 0.139160
vt 0.479248 0.144043
vt 0.443604 0.182129
vt 0.439453 0.185547
vt 0.510742 0.646240
vt 0.478271 0.150879
vt 0.478760 0.156250
vt 0.482910 0.176270
vt 0.493652 0.177246
vt 0.478760 0.184082
vt 0.443604 0.154297
vt 0.011101 0.779663
vt 0.009972 0.776489
vt 0.013458 0.776489
vt 0.994141 0.487793
vt 0.991211 0.487793
vt 0.992676 0.481934
vt 0.995605 0.484375
vt 0.391113 0.877625
vt 0.013412 0.773438
vt 0.016006 0.773193
vt 0.433350 0.515137
vt 0.436523 0.526123
vt 0.520020 0.667725
vt 0.402344 0.880737
vt 0.401123 0.884644
vt 0.410889 0.880676
vt 0.412109 0.884399
vt 0.407471 0.874756
vt 0.407227 0.879333
vt 0.404297 0.893066
vt 0.551758 0.333496
vt 0.553711 0.328613
vt 0.557617 0.331543
vt 0.417480 0.898376
vt 0.417725 0.887695
vt 0.424561 0.892395
vt 0.426758 0.883911
vt 0.418213 0.881714
vt 0.416992 0.870850
vt 0.542480 0.646729
vt 0.513672 0.637451
vt 0.457031 0.541992
vt 0.004539 0.779053
vt 0.419922 0.554932
vt 0.523926 0.620850
vt 0.519043 0.619385
vt 0.494141 0.161133
vt 0.185791 0.642822
vt 0.181763 0.649658
vt 0.173462 0.641113
vt 0.245483 0.289062
vt 0.253418 0.287109
vt 0.251709 0.288574
vt 0.659668 0.333984
vt 0.663574 0.335449
vt 0.663574 0.351562
vt 0.674316 0.335938
vt 0.672852 0.343750
vt 0.667480 0.337402
vt 0.666992 0.341309
vt 0.668945 0.346191
vt 0.671875 0.334961
vt 0.048370 0.700439
vt 0.048065 0.707520
vt 0.045532 0.702881
vt 0.059326 0.698730
vt 0.050385 0.707520
vt 0.067444 0.708496
vt 0.056030 0.714600
vt 0.049591 0.716553
vt 0.112854 0.471680
vt 0.108337 0.475098
vt 0.105591 0.467285
vt 0.763672 0.018066
vt 0.764160 0.013184
vt 0.774414 0.013672
vt 0.245972 0.009766
vt 0.250977 0.013672
vt 0.245361 0.014160
vt 0.252686 0.019043
vt 0.754883 0.010742
vt 0.793945 0.030273
vt 0.790039 0.043457
vt 0.782227 0.039551
vt 0.780273 0.044434
vt 0.796875 0.039551
vt 0.669922 0.967560
vt 0.676270 0.968262
vt 0.670410 0.970901
vt 0.338379 0.504395
vt 0.333740 0.512207
vt 0.335205 0.502197
vt 0.339600 0.513672
vt 0.045380 0.274902
vt 0.041870 0.271484
vt 0.049469 0.262207
vt 0.275146 0.354004
vt 0.279297 0.369141
vt 0.270020 0.365234
vt 0.310059 0.354980
vt 0.310791 0.362305
vt 0.303223 0.364746
vt 0.825684 0.050781
vt 0.828613 0.054688
vt 0.824219 0.054688
vt 0.275879 0.378418
vt 0.302490 0.349121
vt 0.291016 0.359863
vt 0.970703 0.288086
vt 0.960938 0.288086
vt 0.972168 0.280273
vt 0.259277 0.351562
vt 0.272461 0.341309
vt 0.286377 0.374512
vt 0.284180 0.383789
vt 0.819824 0.060547
vt 0.825684 0.062500
vt 0.970215 0.309082
vt 0.978027 0.301758
vt 0.982422 0.308594
vt 0.300537 0.342773
vt 0.309082 0.346191
vt 0.289062 0.347168
vt 0.970703 0.294434
vt 0.974121 0.291016
vt 0.976562 0.289551
vt 0.980469 0.287598
vt 0.978516 0.291504
vt 0.822754 0.048340
vt 0.825684 0.047363
vt 0.840332 0.049316
vt 0.836914 0.058105
vt 0.831055 0.049805
vt 0.980469 0.284668
vt 0.987305 0.298340
vt 0.989746 0.293945
vt 0.992188 0.303223
vt 0.984863 0.290527
vt 0.834473 0.046875
vt 0.311279 0.338867
vt 0.998047 0.297363
vt 0.563477 0.466797
vt 0.563477 0.464844
vt 0.568848 0.462891
vt 0.042511 0.583740
vt 0.035126 0.586182
vt 0.036865 0.576416
vt 0.548828 0.453613
vt 0.555664 0.466309
vt 0.547363 0.465332
vt 0.031235 0.583740
vt 0.024353 0.578613
vt 0.026825 0.573975
vt 0.555176 0.474609
vt 0.982422 0.947021
vt 0.991211 0.945343
vt 0.987305 0.957550
vt 0.029984 0.590088
vt 0.516113 0.611572
vt 0.519043 0.611572
vt 0.012131 0.254395
vt 0.008156 0.249512
vt 0.014183 0.243652
vt 0.827148 0.963226
vt 0.830566 0.975113
vt 0.817383 0.973679
vt 0.835938 0.963043
vt 0.369629 0.023926
vt 0.378418 0.027344
vt 0.370850 0.032715
vt 0.089172 0.645020
vt 0.091736 0.652100
vt 0.081360 0.649902
vt 0.344238 0.240234
vt 0.334717 0.248047
vt 0.323975 0.248535
vt 0.579102 0.316895
vt 0.587402 0.300781
vt 0.593750 0.321777
vt 0.942383 0.266113
vt 0.946777 0.269043
vt 0.937988 0.274902
vt 0.319092 0.232910
vt 0.346191 0.222656
vt 0.311768 0.244629
vt 0.314697 0.234863
vt 0.314453 0.242188
vt 0.572266 0.293457
vt 0.570312 0.278809
vt 0.584473 0.288574
vt 0.327148 0.264648
vt 0.322266 0.267090
vt 0.323242 0.260742
vt 0.564941 0.284668
vt 0.313721 0.246582
vt 0.963379 0.282227
vt 0.940918 0.276855
vt 0.137817 0.900574
vt 0.140747 0.909912
vt 0.134888 0.906067
vt 0.556152 0.283203
vt 0.564453 0.273926
vt 0.138550 0.917114
vt 0.126221 0.920898
vt 0.144897 0.905457
vt 0.142578 0.912903
vt 0.574219 0.511475
vt 0.562500 0.521240
vt 0.562988 0.505615
vt 0.133301 0.942078
vt 0.152832 0.928467
vt 0.158569 0.938019
vt 0.599609 0.311523
vt 0.965332 0.261230
vt 0.965332 0.273438
vt 0.950684 0.264160
vt 0.951172 0.302246
vt 0.952148 0.305176
vt 0.945801 0.303223
vt 0.320312 0.254883
vt 0.559570 0.308594
vt 0.562012 0.302246
vt 0.553711 0.318359
vt 0.548828 0.304688
vt 0.943359 0.260254
vt 0.940430 0.261230
vt 0.945801 0.253418
vt 0.948242 0.261719
vt 0.941406 0.256348
vt 0.650879 0.036133
vt 0.652832 0.029297
vt 0.662109 0.034668
vt 0.952637 0.254883
vt 0.960449 0.250977
vt 0.554199 0.507568
vt 0.562500 0.291504
vt 0.555664 0.515137
vt 0.661133 0.027832
vt 0.657715 0.029297
vt 0.121704 0.933716
vt 0.122131 0.921570
vt 0.139404 0.029297
vt 0.140625 0.019043
vt 0.145630 0.024414
vt 0.557129 0.294922
vt 0.656738 0.013184
vt 0.659668 0.025391
vt 0.318848 0.261719
vt 0.313477 0.249512
vt 0.646973 0.030762
vt 0.970215 0.257324
vt 0.974609 0.262695
vt 0.968262 0.253418
vt 0.937500 0.264160
vt 0.549316 0.289062
vt 0.578125 0.536865
vt 0.581055 0.512695
vt 0.570312 0.319336
vt 0.142334 0.033691
vt 0.969238 0.273926
vt 0.540039 0.308594
vt 0.535156 0.315918
vt 0.545898 0.302246
vt 0.339600 0.262207
vt 0.315918 0.254883
vt 0.935547 0.257812
vt 0.938477 0.259277
vt 0.305908 0.251465
vt 0.543457 0.305176
vt 0.545410 0.325684
vt 0.532227 0.323242
vt 0.933594 0.256348
vt 0.939941 0.252930
vt 0.550781 0.506836
vt 0.945801 0.299316
vt 0.937012 0.299316
vt 0.647949 0.014160
vt 0.953613 0.293457
vt 0.589844 0.520752
vt 0.317383 0.269043
vt 0.956543 0.300293
vt 0.958496 0.304199
vt 0.941895 0.251465
vt 0.152466 0.014648
vt 0.145996 0.018555
vt 0.149902 0.012207
vt 0.317139 0.230957
vt 0.541016 0.327637
vt 0.959961 0.292480
vt 0.155884 0.020508
vt 0.150146 0.029785
vt 0.935547 0.306641
vt 0.932617 0.296875
vt 0.150513 0.023926
vt 0.975586 0.259766
vt 0.022049 0.192871
vt 0.021194 0.198242
vt 0.010674 0.194336
vt 0.019943 0.208496
vt 0.002245 0.212891
vt 0.977539 0.136719
vt 0.970215 0.120117
vt 0.977539 0.131348
vt 0.024139 0.191406
vt 0.016785 0.189941
vt 0.478760 0.039551
vt 0.465820 0.043457
vt 0.466797 0.027344
vt 0.449463 0.026855
vt 0.452393 0.039062
vt 0.244141 0.036621
vt 0.256104 0.032715
vt 0.269775 0.038574
vt 0.321289 0.158691
vt 0.327393 0.152832
vt 0.329590 0.165039
vt 0.972656 0.121582
vt 0.023514 0.199219
vt 0.245972 0.026855
vt 0.963379 0.123047
vt 0.967773 0.114746
vt 0.312256 0.163574
vt 0.314941 0.154297
vt 0.968750 0.111328
vt 0.970703 0.114258
vt 0.030075 0.196289
vt 0.027786 0.200195
vt 0.968262 0.102051
vt 0.974121 0.104004
vt 0.253418 0.022461
vt 0.959473 0.114258
vt 0.459473 0.019043
vt 0.021057 0.187500
vt 0.024200 0.206543
vt 0.963867 0.106934
vt 0.331299 0.145508
vt 0.338623 0.152344
vt 0.350830 0.156250
vt 0.343994 0.162109
vt 0.345703 0.151855
vt 0.974121 0.097168
vt 0.966309 0.092773
vt 0.962402 0.099121
vt 0.952637 0.104980
vt 0.016602 0.182129
vt 0.005779 0.181152
vt 0.012543 0.178223
vt 0.239990 0.028809
vt 0.237305 0.019531
vt 0.002678 0.193359
vt 0.042694 0.026855
vt 0.035797 0.020996
vt 0.049591 0.016602
vt 0.043427 0.001465
vt 0.057892 0.004883
vt 0.244995 0.020508
vt 0.961914 0.092285
vt 0.240723 0.040527
vt 0.055664 0.014160
vt 0.955078 0.093262
vt 0.307861 0.021973
vt 0.293945 0.032227
vt 0.291992 0.018066
vt 0.975586 0.117676
vt 0.972656 0.110840
vt 0.969238 0.087891
vt 0.343262 0.146484
vt 0.341797 0.139160
vt 0.355469 0.153320
vt 0.347168 0.145508
vt 0.061066 0.018066
vt 0.336914 0.164062
vt 0.017960 0.336914
vt 0.019440 0.330566
vt 0.027512 0.334961
vt 0.011482 0.333984
vt 0.232422 0.023438
vt 0.350830 0.142578
vt 0.903320 0.187012
vt 0.915039 0.196777
vt 0.898438 0.208008
vt 0.727051 0.549561
vt 0.710449 0.548340
vt 0.719238 0.537842
vt 0.738281 0.543701
vt 0.886230 0.213867
vt 0.898438 0.221191
vt 0.887207 0.227539
vt 0.693359 0.606201
vt 0.694824 0.617432
vt 0.688477 0.604492
vt 0.807129 0.376953
vt 0.804199 0.385254
vt 0.792969 0.383301
vt 0.848145 0.616943
vt 0.863770 0.619141
vt 0.845703 0.626953
vt 0.129761 0.047852
vt 0.137695 0.045410
vt 0.137817 0.047852
vt 0.139893 0.052246
vt 0.449463 0.622803
vt 0.449951 0.610352
vt 0.457520 0.626709
vt 0.122192 0.042969
vt 0.124878 0.039062
vt 0.975098 0.565674
vt 0.979980 0.568359
vt 0.966309 0.569824
vt 0.983398 0.571777
vt 0.991211 0.564941
vt 0.578125 0.231445
vt 0.584473 0.233398
vt 0.581055 0.241699
vt 0.206665 0.093750
vt 0.213379 0.093750
vt 0.215942 0.100098
vt 0.756348 0.496582
vt 0.756836 0.504639
vt 0.745117 0.500000
vt 0.396973 0.792603
vt 0.402832 0.794067
vt 0.401123 0.802246
vt 0.147705 0.887390
vt 0.143188 0.882874
vt 0.150757 0.884033
vt 0.515625 0.598145
vt 0.531738 0.598145
vt 0.524414 0.607178
vt 0.740234 0.872803
vt 0.740234 0.875244
vt 0.734863 0.869873
vt 0.788086 0.159180
vt 0.775391 0.161621
vt 0.784180 0.147461
vt 0.644043 0.718262
vt 0.625488 0.716064
vt 0.632324 0.703857
vt 0.089172 0.515869
vt 0.073792 0.531738
vt 0.087341 0.510498
vt 0.511719 0.375488
vt 0.504395 0.368652
vt 0.516113 0.370605
vt 0.865723 0.244629
vt 0.871582 0.249512
vt 0.865234 0.252930
vt 0.560547 0.109375
vt 0.557129 0.100586
vt 0.572754 0.109863
vt 0.635254 0.044434
vt 0.625488 0.046875
vt 0.626953 0.038574
vt 0.254639 0.148926
vt 0.251953 0.131836
vt 0.259766 0.140625
vt 0.758789 0.480469
vt 0.766113 0.490234
vt 0.761230 0.493164
vt 0.070496 0.152344
vt 0.078308 0.157227
vt 0.062408 0.157227
vt 0.550293 0.619629
vt 0.560547 0.615479
vt 0.551270 0.631348
vt 0.698242 0.040527
vt 0.701660 0.050781
vt 0.690430 0.040527
vt 0.027908 0.230469
vt 0.025696 0.223145
vt 0.035126 0.228516
vt 0.175293 0.864502
vt 0.185547 0.849243
vt 0.196411 0.869873
vt 0.731934 0.872559
vt 0.731934 0.870483
vt 0.665527 0.133789
vt 0.670898 0.152832
vt 0.653320 0.150391
vt 0.516602 0.912720
vt 0.525879 0.919434
vt 0.505859 0.916565
vt 0.303467 0.488770
vt 0.297852 0.485840
vt 0.305664 0.481934
vt 0.645508 0.732666
vt 0.637695 0.734375
vt 0.635742 0.726562
vt 0.286865 0.934448
vt 0.290527 0.965820
vt 0.272217 0.950012
vt 0.738770 0.802490
vt 0.736328 0.825928
vt 0.730469 0.825928
vt 0.612793 0.534912
vt 0.617676 0.513184
vt 0.619141 0.534424
vt 0.684082 0.805664
vt 0.684082 0.812988
vt 0.677246 0.810791
vt 0.011101 0.944366
vt 0.008476 0.961670
vt 0.000192 0.952271
vt 0.787598 0.586914
vt 0.812500 0.586914
vt 0.787109 0.591797
vt 0.922363 0.460938
vt 0.914062 0.469727
vt 0.908691 0.461426
vt 0.485840 0.332520
vt 0.483887 0.328613
vt 0.496338 0.328125
vt 0.763672 0.424805
vt 0.759277 0.443359
vt 0.754395 0.425293
vt 0.559082 0.347168
vt 0.556152 0.354004
vt 0.553223 0.345703
vt 0.460449 0.770752
vt 0.454590 0.778564
vt 0.447266 0.770386
vt 0.279541 0.134766
vt 0.288086 0.124023
vt 0.292236 0.138672
vt 0.955566 0.233887
vt 0.970215 0.240234
vt 0.958496 0.242188
vt 0.756348 0.310547
vt 0.769531 0.318359
vt 0.756836 0.315918
vt 0.685547 0.758179
vt 0.690918 0.740723
vt 0.696289 0.749512
vt 0.651855 0.093262
vt 0.643066 0.098633
vt 0.645020 0.091797
vt 0.492188 0.806763
vt 0.505371 0.805298
vt 0.495117 0.819824
vt 0.513184 0.316406
vt 0.517090 0.315918
vt 0.528320 0.340820
vt 0.182739 0.203613
vt 0.184937 0.210449
vt 0.174072 0.214355
vt 0.064636 0.742432
vt 0.051727 0.737061
vt 0.065186 0.732666
vt 0.524902 0.131348
vt 0.526367 0.124512
vt 0.533203 0.131348
vt 0.237915 0.539062
vt 0.231934 0.541016
vt 0.237061 0.531738
vt 0.612793 0.588379
vt 0.606934 0.591797
vt 0.603027 0.586670
vt 0.431641 0.956085
vt 0.426758 0.949921
vt 0.438232 0.953064
vt 0.085449 0.060547
vt 0.083191 0.049805
vt 0.088562 0.051758
vt 0.031113 0.486816
vt 0.010017 0.506836
vt 0.007572 0.482422
vt 0.502441 0.868286
vt 0.498779 0.886230
vt 0.497559 0.878540
vt 0.078674 0.643555
vt 0.069580 0.643311
vt 0.080750 0.631104
vt 0.927734 0.614258
vt 0.921875 0.605469
vt 0.929199 0.603271
vt 0.127563 0.596680
vt 0.127319 0.614990
vt 0.115784 0.601807
vt 0.188232 0.960297
vt 0.190186 0.962280
vt 0.181519 0.971268
vt 0.841797 0.097168
vt 0.839355 0.106934
vt 0.833984 0.103516
vt 0.687988 0.828247
vt 0.679199 0.842407
vt 0.672852 0.835571
vt 0.503418 0.310547
vt 0.507812 0.318848
vt 0.495361 0.318848
vt 0.692871 0.157227
vt 0.706055 0.157227
vt 0.694336 0.161621
vt 0.389404 0.050781
vt 0.400879 0.047363
vt 0.401855 0.052734
vt 0.979980 0.564453
vt 0.271973 0.510254
vt 0.264893 0.522949
vt 0.249512 0.514893
vt 0.061951 0.841309
vt 0.058868 0.854858
vt 0.055359 0.848633
vt 0.156494 0.174805
vt 0.157837 0.184082
vt 0.145752 0.186035
vt 0.229370 0.970703
vt 0.213867 0.970703
vt 0.228882 0.965942
vt 0.512207 0.103027
vt 0.528320 0.095215
vt 0.527832 0.110352
vt 0.250488 0.784302
vt 0.261230 0.788452
vt 0.255615 0.790161
vt 0.473145 0.344727
vt 0.471924 0.338867
vt 0.477783 0.334961
vt 0.480713 0.361816
vt 0.477783 0.373535
vt 0.471191 0.363281
vt 0.633301 0.781250
vt 0.638184 0.794800
vt 0.630859 0.785767
vt 0.779297 0.017090
vt 0.780762 0.009766
vt 0.789551 0.019531
vt 0.492920 0.895752
vt 0.498291 0.899658
vt 0.655273 0.535645
vt 0.660645 0.531982
vt 0.671875 0.535156
vt 0.042755 0.047852
vt 0.046906 0.043457
vt 0.054565 0.044434
vt 0.824219 0.737061
vt 0.830566 0.745117
vt 0.822266 0.745850
vt 0.043427 0.659424
vt 0.044830 0.669189
vt 0.038605 0.667236
vt 0.181763 0.320312
vt 0.178955 0.312988
vt 0.185059 0.321289
vt 0.692383 0.631104
vt 0.704102 0.633057
vt 0.742188 0.619385
vt 0.744629 0.606689
vt 0.756348 0.620850
vt 0.708496 0.041016
vt 0.687500 0.031738
vt 0.695801 0.026367
vt 0.473145 0.124023
vt 0.476318 0.111328
vt 0.479492 0.121094
vt 0.936523 0.930420
vt 0.940918 0.922852
vt 0.942383 0.928894
vt 0.857910 0.421387
vt 0.866699 0.427246
vt 0.851562 0.438965
vt 0.580078 0.324707
vt 0.579590 0.333008
vt 0.572754 0.335449
vt 0.797852 0.763550
vt 0.804199 0.762817
vt 0.806152 0.776367
vt 0.483154 0.713379
vt 0.487793 0.724121
vt 0.476807 0.726562
vt 0.313477 0.551514
vt 0.316406 0.544922
vt 0.320557 0.548340
vt 0.170044 0.038574
vt 0.161133 0.031738
vt 0.183594 0.024902
vt 0.067444 0.364746
vt 0.059387 0.368652
vt 0.057037 0.358887
vt 0.740723 0.488770
vt 0.736816 0.482422
vt 0.753906 0.490723
vt 0.291260 0.576416
vt 0.275879 0.576416
vt 0.282471 0.563965
vt 0.452148 0.107422
vt 0.456543 0.098145
vt 0.462158 0.101562
vt 0.898926 0.485840
vt 0.887695 0.498047
vt 0.881348 0.493164
vt 0.329102 0.027832
vt 0.343018 0.032715
vt 0.340332 0.050781
vt 0.946777 0.120605
vt 0.944336 0.130371
vt 0.937500 0.118652
vt 0.835449 0.238770
vt 0.847656 0.241699
vt 0.841309 0.250000
vt 0.320557 0.145996
vt 0.949707 0.854370
vt 0.953125 0.865356
vt 0.942871 0.854492
vt 0.815430 0.284180
vt 0.815430 0.275879
vt 0.823242 0.279297
vt 0.831055 0.373535
vt 0.833008 0.379395
vt 0.525879 0.844971
vt 0.513672 0.835815
vt 0.520996 0.825928
vt 0.579102 0.437012
vt 0.568848 0.428711
vt 0.582520 0.432129
vt 0.577148 0.735840
vt 0.564941 0.740234
vt 0.556641 0.733643
vt 0.800781 0.281250
vt 0.651855 0.553467
vt 0.668945 0.540771
vt 0.488770 0.146484
vt 0.844238 0.431152
vt 0.222778 0.556396
vt 0.217529 0.545410
vt 0.235229 0.544922
vt 0.503418 0.822998
vt 0.361328 0.838867
vt 0.351318 0.832764
vt 0.366943 0.823975
vt 0.699707 0.650635
vt 0.692383 0.640625
vt 0.707031 0.647461
vt 0.992676 0.138672
vt 0.982422 0.139160
vt 0.978516 0.118164
vt 0.833984 0.271973
vt 0.849121 0.270020
vt 0.836426 0.293457
vt 0.245850 0.786377
vt 0.725098 0.227051
vt 0.725586 0.234375
vt 0.715820 0.231445
vt 0.916016 0.373047
vt 0.907715 0.367676
vt 0.911621 0.357910
vt 0.641602 0.759399
vt 0.651855 0.757935
vt 0.500977 0.293457
vt 0.521484 0.287598
vt 0.509277 0.311035
vt 0.038849 0.709473
vt 0.803711 0.208984
vt 0.812988 0.209961
vt 0.808594 0.219238
vt 0.722656 0.896973
vt 0.720703 0.916687
vt 0.715332 0.910400
vt 0.632812 0.737793
vt 0.669434 0.931580
vt 0.661133 0.928772
vt 0.665039 0.923096
vt 0.219360 0.886230
vt 0.206543 0.883240
vt 0.208374 0.873535
vt 0.748047 0.160156
vt 0.733398 0.146973
vt 0.765137 0.141113
vt 0.078430 0.866089
vt 0.061371 0.865601
vt 0.074890 0.852417
vt 0.890625 0.844727
vt 0.902344 0.838989
vt 0.900391 0.845825
vt 0.424316 0.526123
vt 0.088135 0.844116
vt 0.078552 0.858398
vt 0.743652 0.702393
vt 0.732910 0.703613
vt 0.738770 0.689209
vt 0.160522 0.925720
vt 0.851074 0.794067
vt 0.844727 0.793823
vt 0.844727 0.783936
vt 0.605957 0.257812
vt 0.609375 0.265137
vt 0.601562 0.260254
vt 0.482422 0.541260
vt 0.495850 0.529541
vt 0.494629 0.540771
vt 0.137207 0.209473
vt 0.129761 0.231934
vt 0.112427 0.219238
vt 0.631836 0.937836
vt 0.641113 0.942841
vt 0.628418 0.942993
vt 0.291016 0.768433
vt 0.288818 0.776978
vt 0.285645 0.777222
vt 0.586426 0.417969
vt 0.570801 0.422363
vt 0.061859 0.889771
vt 0.065918 0.896729
vt 0.056000 0.895325
vt 0.678223 0.471680
vt 0.672852 0.463867
vt 0.680176 0.458496
vt 0.111328 0.645996
vt 0.100220 0.645020
vt 0.113098 0.642822
vt 0.649414 0.039062
vt 0.606934 0.029785
vt 0.614746 0.043945
vt 0.603516 0.032715
vt 0.438965 0.936340
vt 0.429443 0.928467
vt 0.441650 0.920593
vt 0.798828 0.733887
vt 0.809570 0.731201
vt 0.804199 0.738770
vt 0.943359 0.663574
vt 0.935547 0.660889
vt 0.949219 0.657471
vt 0.835449 0.409668
vt 0.832031 0.430176
vt 0.822266 0.415527
vt 0.889648 0.943146
vt 0.887695 0.954315
vt 0.876953 0.953308
vt 0.773926 0.031250
vt 0.773438 0.044434
vt 0.709473 0.377930
vt 0.703613 0.387207
vt 0.698242 0.382812
vt 0.211914 0.059570
vt 0.203735 0.055664
vt 0.214478 0.049316
vt 0.822754 0.217285
vt 0.921387 0.046387
vt 0.903809 0.055176
vt 0.888184 0.027832
vt 0.893066 0.731201
vt 0.906250 0.733398
vt 0.904297 0.742188
vt 0.712891 0.821533
vt 0.716797 0.823242
vt 0.702637 0.838379
vt 0.052826 0.907349
vt 0.042175 0.911194
vt 0.046631 0.902893
vt 0.622070 0.769409
vt 0.616699 0.780151
vt 0.613281 0.766968
vt 0.016739 0.124512
vt 0.017624 0.114258
vt 0.029297 0.115234
vt 0.897949 0.600098
vt 0.893066 0.617920
vt 0.889160 0.602539
vt 0.046967 0.898132
vt 0.044983 0.893127
vt 0.218628 0.697510
vt 0.208740 0.690186
vt 0.221313 0.693359
vt 0.630371 0.073242
vt 0.619629 0.080078
vt 0.617676 0.070312
vt 0.477295 0.353516
vt 0.987793 0.340820
vt 0.999023 0.340820
vt 0.994141 0.350098
vt 0.460449 0.671387
vt 0.471436 0.678955
vt 0.463135 0.679199
vt 0.828613 0.440918
vt 0.820312 0.445801
vt 0.816406 0.443359
vt 0.791992 0.734863
vt 0.790039 0.740479
vt 0.964844 0.035645
vt 0.951660 0.038086
vt 0.958984 0.025879
vt 0.457764 0.421875
vt 0.447021 0.416504
vt 0.460449 0.407227
vt 0.351318 0.632812
vt 0.344727 0.638428
vt 0.334473 0.623779
vt 0.382080 0.914062
vt 0.376465 0.925659
vt 0.368896 0.919312
vt 0.312500 0.414062
vt 0.319580 0.430176
vt 0.312012 0.427246
vt 0.686035 0.480469
vt 0.702637 0.479004
vt 0.692871 0.487305
vt 0.367920 0.259277
vt 0.359619 0.251953
vt 0.376221 0.256348
vt 0.787109 0.641602
vt 0.791016 0.638428
vt 0.799316 0.652100
vt 0.267090 0.476562
vt 0.261719 0.483887
vt 0.258057 0.468750
vt 0.598145 0.336914
vt 0.593262 0.344727
vt 0.589355 0.334961
vt 0.643555 0.827271
vt 0.644043 0.845215
vt 0.628906 0.838135
vt 0.780762 0.952728
vt 0.789062 0.954712
vt 0.781250 0.961243
vt 0.573730 0.343262
vt 0.566406 0.348145
vt 0.653320 0.581787
vt 0.647949 0.582520
vt 0.658203 0.572021
vt 0.238281 0.108398
vt 0.227173 0.093750
vt 0.239990 0.088379
vt 0.655273 0.327148
vt 0.668945 0.328125
vt 0.922363 0.382324
vt 0.926270 0.384766
vt 0.917480 0.387695
vt 0.276123 0.851074
vt 0.269775 0.844727
vt 0.280029 0.844971
vt 0.979492 0.395020
vt 0.967773 0.414062
vt 0.951172 0.403320
vt 0.799805 0.726562
vt 0.818359 0.719727
vt 0.774902 0.275391
vt 0.774414 0.265625
vt 0.787598 0.277832
vt 0.510254 0.568359
vt 0.493652 0.568115
vt 0.494141 0.556885
vt 0.800293 0.271973
vt 0.659180 0.451660
vt 0.669434 0.449707
vt 0.666992 0.856079
vt 0.657715 0.849731
vt 0.456787 0.878906
vt 0.451172 0.890442
vt 0.448975 0.875916
vt 0.189087 0.393066
vt 0.206543 0.386230
vt 0.206787 0.394043
vt 0.350830 0.621582
vt 0.347656 0.626465
vt 0.337891 0.621582
vt 0.020630 0.368164
vt 0.026672 0.360352
vt 0.033447 0.375000
vt 0.274170 0.688477
vt 0.283203 0.689453
vt 0.271973 0.694336
vt 0.432373 0.131348
vt 0.441406 0.123535
vt 0.445557 0.130859
vt 0.680664 0.310059
vt 0.683105 0.317383
vt 0.667969 0.311523
vt 0.050751 0.921326
vt 0.054749 0.925781
vt 0.040222 0.928345
vt 0.353271 0.180176
vt 0.361084 0.181152
vt 0.358398 0.183594
vt 0.533203 0.682373
vt 0.526855 0.670166
vt 0.532715 0.665527
vt 0.680664 0.350098
vt 0.688477 0.346191
vt 0.684082 0.354492
vt 0.018753 0.464844
vt 0.014885 0.455078
vt 0.026291 0.453125
vt 0.201050 0.404785
vt 0.220337 0.268066
vt 0.227905 0.276855
vt 0.216309 0.269531
vt 0.790527 0.216309
vt 0.335693 0.279785
vt 0.325684 0.276367
vt 0.330811 0.274902
vt 0.813965 0.051270
vt 0.813965 0.058594
vt 0.805664 0.053223
vt 0.106628 0.892212
vt 0.112793 0.886108
vt 0.112488 0.899170
vt 0.346436 0.187988
vt 0.331787 0.181641
vt 0.890625 0.452637
vt 0.898438 0.457031
vt 0.892090 0.455566
vt 0.990234 0.686279
vt 0.984863 0.683838
vt 0.996094 0.678223
vt 0.727539 0.309570
vt 0.735352 0.317383
vt 0.723145 0.313965
vt 0.101624 0.900574
vt 0.095581 0.895142
vt 0.104309 0.897949
vt 0.482422 0.131348
vt 0.484863 0.128906
vt 0.489502 0.130859
vt 0.805176 0.499512
vt 0.809082 0.474609
vt 0.814941 0.483398
vt 0.336670 0.193359
vt 0.324463 0.188965
vt 0.032715 0.346680
vt 0.035492 0.345703
vt 0.039551 0.352051
vt 0.292969 0.404297
vt 0.305664 0.406250
vt 0.304932 0.416016
vt 0.726562 0.082031
vt 0.735840 0.078125
vt 0.735840 0.085449
vt 0.601074 0.558105
vt 0.615723 0.557129
vt 0.607422 0.565186
vt 0.774414 0.544189
vt 0.778320 0.521240
vt 0.782227 0.540771
vt 0.666504 0.033203
vt 0.666504 0.035156
vt 0.375488 0.572510
vt 0.362305 0.583496
vt 0.364258 0.564941
vt 0.257324 0.309570
vt 0.262451 0.295898
vt 0.268066 0.303223
vt 0.868652 0.898438
vt 0.859863 0.889038
vt 0.869141 0.891357
vt 0.622070 0.871704
vt 0.627441 0.867432
vt 0.631348 0.875244
vt 0.066589 0.927917
vt 0.067383 0.920349
vt 0.098389 0.125977
vt 0.090393 0.126465
vt 0.093079 0.120605
vt 0.466064 0.228516
vt 0.472900 0.234863
vt 0.467041 0.237305
vt 0.297607 0.102539
vt 0.313477 0.111328
vt 0.297607 0.108398
vt 0.747070 0.876709
vt 0.746582 0.878113
vt 0.058655 0.675781
vt 0.050110 0.680664
vt 0.048737 0.674072
vt 0.543457 0.621094
vt 0.542480 0.631348
vt 0.851562 0.249512
vt 0.398926 0.232910
vt 0.398438 0.222656
vt 0.409668 0.228027
vt 0.612793 0.334473
vt 0.082397 0.236328
vt 0.086243 0.244629
vt 0.078247 0.237793
vt 0.827637 0.027832
vt 0.830078 0.021973
vt 0.830566 0.025391
vt 0.250977 0.105957
vt 0.257568 0.107422
vt 0.256104 0.110352
vt 0.699219 0.660400
vt 0.708008 0.656738
vt 0.704590 0.671143
vt 0.490967 0.752686
vt 0.502930 0.751709
vt 0.503906 0.765869
vt 0.564453 0.493652
vt 0.552734 0.495605
vt 0.559082 0.488281
vt 0.107544 0.409668
vt 0.122314 0.414551
vt 0.114807 0.418457
vt 0.723633 0.122559
vt 0.715820 0.114258
vt 0.721680 0.116699
vt 0.690430 0.467773
vt 0.684082 0.470215
vt 0.095276 0.529785
vt 0.081970 0.530029
vt 0.950684 0.569824
vt 0.950195 0.573975
vt 0.945801 0.566650
vt 0.596680 0.493164
vt 0.590332 0.503418
vt 0.592285 0.491211
vt 0.602051 0.139648
vt 0.607422 0.142578
vt 0.606934 0.146973
vt 0.213989 0.339355
vt 0.201782 0.330078
vt 0.211304 0.319824
vt 0.547852 0.132324
vt 0.547363 0.125488
vt 0.556152 0.131836
vt 0.794434 0.359863
vt 0.775879 0.353516
vt 0.794434 0.351074
vt 0.931152 0.956848
vt 0.937988 0.949829
vt 0.939453 0.957092
vt 0.722656 0.596680
vt 0.726562 0.592773
vt 0.733398 0.604248
vt 0.564941 0.342773
vt 0.566406 0.331543
vt 0.568359 0.324219
vt 0.289551 0.434570
vt 0.258301 0.458984
vt 0.278809 0.426758
vt 0.103577 0.670654
vt 0.100708 0.683594
vt 0.092773 0.680664
vt 0.826172 0.559570
vt 0.820312 0.566650
vt 0.801758 0.558350
vt 0.884277 0.197266
vt 0.893555 0.189941
vt 0.578125 0.132324
vt 0.586914 0.141113
vt 0.574707 0.144531
vt 0.709961 0.640625
vt 0.714844 0.640625
vt 0.023605 0.858032
vt 0.013611 0.854370
vt 0.024216 0.854248
vt 0.626953 0.556885
vt 0.631836 0.554688
vt 0.637695 0.561279
vt 0.063477 0.646729
vt 0.045135 0.647217
vt 0.054810 0.641113
vt 0.153564 0.333984
vt 0.163818 0.352051
vt 0.146362 0.339355
vt 0.738770 0.234863
vt 0.748535 0.214844
vt 0.754883 0.228516
vt 0.249268 0.463867
vt 0.168213 0.287598
vt 0.163208 0.284668
vt 0.176147 0.279785
vt 0.735840 0.734375
vt 0.739258 0.747803
vt 0.727539 0.743896
vt 0.752441 0.573242
vt 0.749023 0.564697
vt 0.762695 0.571777
vt 0.920898 0.453125
vt 0.937988 0.457031
vt 0.913574 0.017578
vt 0.919434 0.022949
vt 0.911133 0.033691
vt 0.772949 0.020996
vt 0.820801 0.040039
vt 0.815918 0.045410
vt 0.506836 0.256348
vt 0.523438 0.250977
vt 0.515137 0.263184
vt 0.731445 0.095215
vt 0.738770 0.092285
vt 0.514648 0.331543
vt 0.358643 0.098633
vt 0.349854 0.106934
vt 0.347168 0.100098
vt 0.223511 0.868164
vt 0.225342 0.873047
vt 0.217896 0.872314
vt 0.640137 0.442383
vt 0.647461 0.461426
vt 0.645508 0.471680
vt 0.092346 0.180664
vt 0.098328 0.173340
vt 0.101685 0.177734
vt 0.033752 0.235840
vt 0.614746 0.274902
vt 0.613281 0.283691
vt 0.607910 0.276855
vt 0.231079 0.899963
vt 0.221069 0.892334
vt 0.237793 0.895325
vt 0.780762 0.289551
vt 0.773438 0.290039
vt 0.780762 0.281250
vt 0.645996 0.991226
vt 0.644531 0.990784
vt 0.647461 0.983093
vt 0.500000 0.129395
vt 0.499512 0.141113
vt 0.031097 0.304199
vt 0.030884 0.300781
vt 0.039764 0.293945
vt 0.156250 0.631592
vt 0.141479 0.648193
vt 0.140259 0.631104
vt 0.812988 0.592041
vt 0.798340 0.595459
vt 0.142700 0.555664
vt 0.161499 0.578125
vt 0.150024 0.577148
vt 0.388672 0.037598
vt 0.390137 0.038086
vt 0.298584 0.718994
vt 0.300293 0.725342
vt 0.290527 0.722656
vt 0.643555 0.115234
vt 0.640137 0.104492
vt 0.657227 0.106934
vt 0.711426 0.114258
vt 0.711914 0.108887
vt 0.695801 0.527588
vt 0.687988 0.531250
vt 0.687012 0.517334
vt 0.738770 0.324219
vt 0.749512 0.336426
vt 0.734375 0.331543
vt 0.932617 0.768433
vt 0.937012 0.781250
vt 0.923828 0.777222
vt 0.827637 0.906006
vt 0.820801 0.893982
vt 0.826660 0.894897
vt 0.979004 0.668945
vt 0.988770 0.664307
vt 0.747559 0.082031
vt 0.339355 0.806396
vt 0.332275 0.819214
vt 0.326416 0.807373
vt 0.573242 0.960022
vt 0.569824 0.972153
vt 0.560059 0.966919
vt 0.819336 0.291016
vt 0.440674 0.333496
vt 0.444092 0.316406
vt 0.449463 0.331543
vt 0.641602 0.647461
vt 0.652832 0.657715
vt 0.639160 0.665039
vt 0.430176 0.444824
vt 0.435303 0.444336
vt 0.435547 0.455566
vt 0.681641 0.337402
vt 0.497314 0.956940
vt 0.487549 0.961700
vt 0.487549 0.957275
vt 0.646973 0.710938
vt 0.666016 0.714600
vt 0.679199 0.849976
vt 0.678223 0.858521
vt 0.219604 0.943848
vt 0.210938 0.958832
vt 0.198608 0.945038
vt 0.409180 0.561523
vt 0.022446 0.839844
vt 0.031494 0.823486
vt 0.042358 0.829712
vt 0.982910 0.264648
vt 0.981934 0.257324
vt 0.991699 0.260742
vt 0.721680 0.639404
vt 0.720215 0.634521
vt 0.729980 0.635986
vt 0.399658 0.420410
vt 0.403809 0.429688
vt 0.386475 0.422363
vt 0.941406 0.656494
vt 0.954590 0.652588
vt 0.155273 0.863892
vt 0.147827 0.879150
vt 0.140625 0.869141
vt 0.288574 0.059082
vt 0.294189 0.052734
vt 0.291016 0.063965
vt 0.894531 0.097656
vt 0.898926 0.082520
vt 0.908691 0.093262
vt 0.090088 0.481934
vt 0.101074 0.481445
vt 0.094360 0.488770
vt 0.562012 0.058105
vt 0.574707 0.044434
vt 0.228394 0.693115
vt 0.228394 0.689209
vt 0.233154 0.692627
vt 0.100708 0.466797
vt 0.104919 0.461426
vt 0.238037 0.604492
vt 0.238647 0.612549
vt 0.214233 0.613281
vt 0.178589 0.104492
vt 0.191040 0.108398
vt 0.194702 0.130859
vt 0.855957 0.804688
vt 0.854004 0.809448
vt 0.356445 0.021973
vt 0.366211 0.018555
vt 0.857910 0.824829
vt 0.851562 0.824707
vt 0.854980 0.817261
vt 0.472656 0.867920
vt 0.467773 0.893982
vt 0.465576 0.875671
vt 0.573730 0.181641
vt 0.582031 0.180664
vt 0.577148 0.189941
vt 0.029663 0.646729
vt 0.020935 0.640381
vt 0.024689 0.637207
vt 0.068481 0.478027
vt 0.062347 0.483398
vt 0.053650 0.476562
vt 0.253662 0.966980
vt 0.244385 0.963806
vt 0.241577 0.948120
vt 0.205811 0.681885
vt 0.206299 0.676514
vt 0.220459 0.683350
vt 0.653809 0.434570
vt 0.644531 0.442871
vt 0.653809 0.430664
vt 0.265137 0.378418
vt 0.268311 0.393066
vt 0.257812 0.386719
vt 0.969238 0.687012
vt 0.979980 0.680908
vt 0.982910 0.689453
vt 0.405029 0.489746
vt 0.385498 0.490234
vt 0.392090 0.465820
vt 0.513672 0.670410
vt 0.048248 0.029297
vt 0.061066 0.030762
vt 0.798828 0.225098
vt 0.785156 0.228027
vt 0.847168 0.450195
vt 0.840332 0.463379
vt 0.832031 0.458496
vt 0.105408 0.662842
vt 0.108826 0.665283
vt 0.102478 0.663818
vt 0.383301 0.258301
vt 0.376953 0.266602
vt 0.687500 0.797607
vt 0.661133 0.792480
vt 0.683594 0.786865
vt 0.861816 0.532471
vt 0.874023 0.527344
vt 0.868652 0.547363
vt 0.583008 0.627686
vt 0.605469 0.616943
vt 0.608398 0.624756
vt 0.072815 0.697510
vt 0.408691 0.278320
vt 0.401367 0.292969
vt 0.396729 0.283691
vt 0.046478 0.584717
vt 0.052307 0.574951
vt 0.059174 0.581055
vt 0.579102 0.973419
vt 0.588867 0.965729
vt 0.585449 0.980972
vt 0.245483 0.520508
vt 0.245483 0.527832
vt 0.857910 0.912292
vt 0.854004 0.905151
vt 0.920898 0.589844
vt 0.915527 0.591064
vt 0.914551 0.586670
vt 0.072754 0.905029
vt 0.077026 0.897888
vt 0.943359 0.074707
vt 0.963867 0.054688
vt 0.968750 0.071289
vt 0.702637 0.186035
vt 0.724121 0.183105
vt 0.708008 0.197754
vt 0.623535 0.279785
vt 0.625488 0.274414
vt 0.632324 0.292480
vt 0.732422 0.562500
vt 0.742188 0.562012
vt 0.743652 0.570801
vt 0.432861 0.765137
vt 0.437744 0.766846
vt 0.434570 0.777100
vt 0.514160 0.154297
vt 0.164307 0.278809
vt 0.213867 0.140625
vt 0.218872 0.133789
vt 0.230713 0.155273
vt 0.114319 0.772217
vt 0.112671 0.776855
vt 0.104919 0.770386
vt 0.198853 0.078613
vt 0.190552 0.057129
vt 0.597168 0.244141
vt 0.594238 0.244141
vt 0.593262 0.237305
vt 0.897461 0.116211
vt 0.905762 0.102539
vt 0.923828 0.120117
vt 0.515137 0.923218
vt 0.537598 0.930176
vt 0.410156 0.900879
vt 0.415283 0.904358
vt 0.985352 0.551025
vt 0.982910 0.548096
vt 0.988770 0.547607
vt 0.109924 0.659668
vt 0.096680 0.656494
vt 0.107483 0.650635
vt 0.797852 0.915222
vt 0.810547 0.911926
vt 0.805176 0.924011
vt 0.344971 0.195312
vt 0.365479 0.192383
vt 0.357910 0.199707
vt 0.728027 0.208496
vt 0.726074 0.216797
vt 0.716797 0.213379
vt 0.967773 0.311035
vt 0.979980 0.317383
vt 0.967773 0.322754
vt 0.070862 0.584229
vt 0.083008 0.571533
vt 0.081299 0.584961
vt 0.433350 0.731201
vt 0.439941 0.733643
vt 0.434326 0.742188
vt 0.420410 0.096680
vt 0.409180 0.104492
vt 0.413086 0.092773
vt 0.671387 0.319336
vt 0.880859 0.382812
vt 0.863281 0.379883
vt 0.869629 0.373047
vt 0.970215 0.558350
vt 0.971680 0.562012
vt 0.968750 0.565430
vt 0.338867 0.756470
vt 0.330811 0.778809
vt 0.316650 0.774536
vt 0.409668 0.786499
vt 0.432617 0.792114
vt 0.410889 0.807495
vt 0.535645 0.423828
vt 0.538574 0.435059
vt 0.535156 0.430176
vt 0.932129 0.946808
vt 0.932129 0.953888
vt 0.927734 0.951721
vt 0.022186 0.883545
vt 0.005096 0.886475
vt 0.019913 0.874146
vt 0.831543 0.886658
vt 0.828125 0.878296
vt 0.834961 0.879578
vt 0.657227 0.590088
vt 0.649902 0.588623
vt 0.714355 0.303711
vt 0.698242 0.292480
vt 0.701660 0.278809
vt 0.281494 0.901611
vt 0.299072 0.902466
vt 0.286621 0.912842
vt 0.410400 0.203125
vt 0.402588 0.218262
vt 0.397949 0.201660
vt 0.083923 0.218262
vt 0.083984 0.199219
vt 0.088257 0.204590
vt 0.527832 0.380859
vt 0.519043 0.388184
vt 0.514648 0.379395
vt 0.201904 0.848511
vt 0.195435 0.840698
vt 0.212891 0.838989
vt 0.470703 0.115234
vt 0.477295 0.563477
vt 0.136597 0.169922
vt 0.139404 0.161621
vt 0.144653 0.167969
vt 0.618652 0.153809
vt 0.620117 0.152344
vt 0.618652 0.162598
vt 0.664062 0.527100
vt 0.261963 0.899963
vt 0.253174 0.907104
vt 0.249390 0.897400
vt 0.868652 0.838623
vt 0.876953 0.833374
vt 0.877930 0.844360
vt 0.727539 0.515625
vt 0.743164 0.522949
vt 0.724121 0.529297
vt 0.897949 0.397949
vt 0.903809 0.398438
vt 0.901367 0.400391
vt 0.581055 0.082031
vt 0.574707 0.092285
vt 0.567383 0.087402
vt 0.159790 0.842041
vt 0.153320 0.856201
vt 0.148804 0.845093
vt 0.455566 0.945312
vt 0.468750 0.942322
vt 0.466309 0.946930
vt 0.035309 0.693848
vt 0.025375 0.704346
vt 0.025833 0.695801
vt 0.719238 0.560059
vt 0.709473 0.554199
vt 0.897461 0.948364
vt 0.899414 0.962250
vt 0.348145 0.862305
vt 0.352539 0.860718
vt 0.349365 0.872681
vt 0.805176 0.877747
vt 0.800293 0.881042
vt 0.794434 0.871460
vt 0.757812 0.079102
vt 0.755859 0.088867
vt 0.400635 0.030273
vt 0.088135 0.874878
vt 0.100037 0.884521
vt 0.092896 0.886536
vt 0.880859 0.536133
vt 0.877441 0.550293
vt 0.666016 0.421387
vt 0.653809 0.409668
vt 0.660645 0.394043
vt 0.330566 0.044434
vt 0.332764 0.052246
vt 0.654785 0.291504
vt 0.652832 0.285156
vt 0.660156 0.283691
vt 0.249146 0.094727
vt 0.547363 0.527588
vt 0.555664 0.543457
vt 0.547852 0.537598
vt 0.700684 0.133301
vt 0.166382 0.630859
vt 0.164917 0.637207
vt 0.160889 0.630371
vt 0.591797 0.558350
vt 0.596680 0.550537
vt 0.647461 0.284668
vt 0.643066 0.281250
vt 0.646973 0.275879
vt 0.723145 0.673340
vt 0.729980 0.676270
vt 0.721191 0.680908
vt 0.330811 0.137695
vt 0.673828 0.821167
vt 0.664062 0.819458
vt 0.180176 0.815308
vt 0.198730 0.818848
vt 0.183228 0.830200
vt 0.267578 0.937012
vt 0.280273 0.931274
vt 0.820312 0.152832
vt 0.813477 0.167480
vt 0.800293 0.137695
vt 0.429199 0.095703
vt 0.414551 0.114258
vt 0.942383 0.712158
vt 0.930664 0.705322
vt 0.940918 0.708984
vt 0.371094 0.156250
vt 0.362793 0.156250
vt 0.368652 0.150391
vt 0.718750 0.125000
vt 0.731445 0.135254
vt 0.717285 0.149902
vt 0.247559 0.296387
vt 0.259277 0.291016
vt 0.706543 0.106445
vt 0.710938 0.100098
vt 0.926270 0.984238
vt 0.939453 0.988258
vt 0.937012 0.996321
vt 0.627930 0.399902
vt 0.637695 0.417969
vt 0.625000 0.430176
vt 0.287354 0.170410
vt 0.292725 0.164551
vt 0.301270 0.170898
vt 0.183838 0.375977
vt 0.191040 0.381836
vt 0.177612 0.377441
vt 0.154053 0.170410
vt 0.971191 0.361328
vt 0.962402 0.358398
vt 0.967285 0.349609
vt 0.986816 0.405762
vt 0.993164 0.421387
vt 0.871094 0.656006
vt 0.877441 0.667725
vt 0.876465 0.684082
vt 0.106506 0.416504
vt 0.108521 0.422852
vt 0.093689 0.415039
vt 0.627930 0.798096
vt 0.620117 0.804932
vt 0.623535 0.792114
vt 0.591797 0.928711
vt 0.582520 0.941345
vt 0.583496 0.927734
vt 0.804199 0.707764
vt 0.800781 0.708496
vt 0.803223 0.700439
vt 0.433350 0.944641
vt 0.444824 0.948608
vt 0.359375 0.356934
vt 0.382568 0.370605
vt 0.358154 0.369141
vt 0.321533 0.208496
vt 0.344482 0.202148
vt 0.335205 0.208496
vt 0.979004 0.538330
vt 0.968262 0.542236
vt 0.913574 0.740479
vt 0.727539 0.253418
vt 0.734863 0.263184
vt 0.729004 0.272461
vt 0.072998 0.140137
vt 0.081909 0.128418
vt 0.081421 0.142090
vt 0.959961 0.549561
vt 0.736328 0.295410
vt 0.712402 0.289062
vt 0.737305 0.280762
vt 0.840332 0.174316
vt 0.847656 0.191406
vt 0.839844 0.179688
vt 0.279785 0.794189
vt 0.281982 0.799927
vt 0.272461 0.800415
vt 0.142578 0.173828
vt 0.135376 0.179688
vt 0.222656 0.080566
vt 0.216064 0.067871
vt 0.221069 0.060547
vt 0.225952 0.055664
vt 0.676758 0.986031
vt 0.679199 0.982559
vt 0.686035 0.987465
vt 0.167236 0.305176
vt 0.178711 0.308105
vt 0.183105 0.311523
vt 0.859375 0.642334
vt 0.709473 0.953827
vt 0.716309 0.957977
vt 0.706543 0.959656
vt 0.205933 0.239746
vt 0.216553 0.240723
vt 0.208130 0.247559
vt 0.099487 0.714355
vt 0.110596 0.719727
vt 0.095581 0.719482
vt 0.291016 0.796875
vt 0.298096 0.784668
vt 0.299561 0.793945
vt 0.124023 0.271484
vt 0.126953 0.273438
vt 0.114624 0.269043
vt 0.153931 0.308105
vt 0.156128 0.317871
vt 0.146484 0.311523
vt 0.713867 0.119629
vt 0.233521 0.273438
vt 0.236572 0.278809
vt 0.030045 0.900879
vt 0.571289 0.461426
vt 0.576660 0.458008
vt 0.574707 0.463867
vt 0.286133 0.104980
vt 0.284668 0.109863
vt 0.511719 0.468262
vt 0.509277 0.487305
vt 0.497070 0.468750
vt 0.262939 0.597900
vt 0.255615 0.607178
vt 0.147827 0.193359
vt 0.137817 0.198730
vt 0.139038 0.189941
vt 0.304199 0.494141
vt 0.320312 0.487793
vt 0.313477 0.505127
vt 0.423340 0.354492
vt 0.428223 0.343750
vt 0.431885 0.352051
vt 0.460449 0.725586
vt 0.469727 0.723389
vt 0.459961 0.739746
vt 0.349365 0.592529
vt 0.347168 0.575195
vt 0.984375 0.095215
vt 0.986816 0.092285
vt 0.990234 0.098145
vt 0.719727 0.885559
vt 0.770508 0.282227
vt 0.659668 0.583496
vt 0.661621 0.574219
vt 0.668457 0.574951
vt 0.690430 0.197266
vt 0.685547 0.183105
vt 0.378662 0.693604
vt 0.380615 0.707764
vt 0.373535 0.699951
vt 0.136841 0.321289
vt 0.126831 0.333008
vt 0.124817 0.316406
vt 0.607910 0.700928
vt 0.581055 0.692871
vt 0.589355 0.677002
vt 0.205200 0.384277
vt 0.915039 0.535156
vt 0.927734 0.530518
vt 0.933105 0.540283
vt 0.333740 0.795044
vt 0.344971 0.798218
vt 0.333008 0.803833
vt 0.562012 0.598633
vt 0.536133 0.578613
vt 0.558594 0.583252
vt 0.181885 0.740479
vt 0.199707 0.749756
vt 0.179810 0.746094
vt 0.106323 0.842529
vt 0.104187 0.838135
vt 0.118835 0.834595
vt 0.818359 0.670654
vt 0.815918 0.657715
vt 0.824219 0.658203
vt 0.597168 0.567139
vt 0.587402 0.562256
vt 0.159668 0.591797
vt 0.168701 0.594971
vt 0.157593 0.605957
vt 0.911621 0.585449
vt 0.910156 0.578125
vt 0.386719 0.925598
vt 0.392822 0.917969
vt 0.398438 0.928589
vt 0.590332 0.898804
vt 0.573242 0.918335
vt 0.573242 0.903442
vt 0.369873 0.064453
vt 0.368164 0.076660
vt 0.363281 0.066895
vt 0.865234 0.697021
vt 0.859375 0.712402
vt 0.854492 0.703369
vt 0.323486 0.965515
vt 0.314941 0.983978
vt 0.309814 0.980087
vt 0.977051 0.093262
vt 0.633789 0.329590
vt 0.648438 0.321289
vt 0.640137 0.333496
vt 0.536621 0.466797
vt 0.223145 0.014648
vt 0.229004 0.006836
vt 0.763672 0.025879
vt 0.063904 0.716797
vt 0.059723 0.721680
vt 0.666992 0.587402
vt 0.330322 0.455078
vt 0.323730 0.452148
vt 0.326904 0.449219
vt 0.786621 0.734619
vt 0.734863 0.495605
vt 0.745117 0.494629
vt 0.696289 0.727295
vt 0.699707 0.731689
vt 0.911621 0.295410
vt 0.908203 0.333496
vt 0.899902 0.324707
vt 0.498779 0.038086
vt 0.485352 0.036621
vt 0.494629 0.029297
vt 0.467773 0.280762
vt 0.478516 0.287598
vt 0.467529 0.283691
vt 0.794434 0.485840
vt 0.741211 0.887146
vt 0.737793 0.900330
vt 0.736816 0.885559
vt 0.391602 0.215820
vt 0.181763 0.287109
vt 0.178101 0.291992
vt 0.381348 0.331543
vt 0.381104 0.343750
vt 0.363770 0.335449
vt 0.768066 0.803223
vt 0.774902 0.793823
vt 0.772949 0.802734
vt 0.424072 0.380371
vt 0.423096 0.378418
vt 0.426758 0.373047
vt 0.023483 0.243164
vt 0.037537 0.241211
vt 0.031647 0.261719
vt 0.015472 0.629395
vt 0.008469 0.627197
vt 0.008606 0.624512
vt 0.585938 0.190918
vt 0.580566 0.198730
vt 0.624512 0.377930
vt 0.611328 0.387695
vt 0.612793 0.379883
vt 0.303711 0.821655
vt 0.299561 0.827148
vt 0.295166 0.813599
vt 0.348877 0.415527
vt 0.370605 0.421387
vt 0.356201 0.432617
vt 0.815430 0.747070
vt 0.820801 0.753906
vt 0.812500 0.756592
vt 0.809570 0.517090
vt 0.792480 0.503906
vt 0.111450 0.763306
vt 0.120483 0.770508
vt 0.417725 0.272949
vt 0.404785 0.272949
vt 0.409424 0.262695
vt 0.748047 0.872681
vt 0.334473 0.347656
vt 0.415283 0.282715
vt 0.412109 0.293457
vt 0.194092 0.694336
vt 0.208618 0.695557
vt 0.201416 0.702637
vt 0.614258 0.255859
vt 0.612305 0.248047
vt 0.537109 0.182129
vt 0.541504 0.174316
vt 0.544434 0.180176
vt 0.938477 0.136719
vt 0.942383 0.147949
vt 0.931641 0.144531
vt 0.664551 0.445801
vt 0.661133 0.430664
vt 0.666504 0.434082
vt 0.098694 0.777832
vt 0.103149 0.782104
vt 0.089355 0.786011
vt 0.352783 0.662598
vt 0.325195 0.669434
vt 0.342041 0.652832
vt 0.054016 0.663574
vt 0.052795 0.669189
vt 0.621094 0.184570
vt 0.616211 0.173340
vt 0.639160 0.173340
vt 0.780273 0.613525
vt 0.793945 0.617188
vt 0.777344 0.621826
vt 0.055084 0.424805
vt 0.064270 0.423340
vt 0.069519 0.440918
vt 0.162720 0.026367
vt 0.151367 0.034180
vt 0.215942 0.507080
vt 0.192383 0.510498
vt 0.190674 0.498047
vt 0.600098 0.596680
vt 0.604980 0.599121
vt 0.626465 0.673828
vt 0.625000 0.681396
vt 0.612305 0.674561
vt 0.099548 0.876038
vt 0.107300 0.874512
vt 0.107300 0.881226
vt 0.383789 0.456543
vt 0.380371 0.481934
vt 0.062805 0.872681
vt 0.807617 0.130371
vt 0.825684 0.137695
vt 0.118225 0.884338
vt 0.117554 0.876953
vt 0.124939 0.883301
vt 0.294189 0.231934
vt 0.420166 0.138672
vt 0.425537 0.148926
vt 0.398682 0.142578
vt 0.078369 0.147461
vt 0.070862 0.147461
vt 0.499512 0.112305
vt 0.506348 0.107422
vt 0.499756 0.124512
vt 0.173218 0.557129
vt 0.176270 0.571045
vt 0.161865 0.562012
vt 0.991699 0.528320
vt 0.997559 0.505127
vt 0.997559 0.535889
vt 0.147583 0.504150
vt 0.150635 0.495117
vt 0.154785 0.505371
vt 0.088989 0.643311
vt 0.090698 0.629639
vt 0.152344 0.899719
vt 0.884277 0.069336
vt 0.880371 0.050781
vt 0.894043 0.066895
vt 0.504883 0.679199
vt 0.533691 0.692627
vt 0.508789 0.694824
vt 0.623535 0.237305
vt 0.631836 0.242676
vt 0.668457 0.725586
vt 0.655273 0.734131
vt 0.579590 0.346680
vt 0.577148 0.368652
vt 0.570801 0.354492
vt 0.058014 0.342285
vt 0.043854 0.347168
vt 0.048462 0.332520
vt 0.140259 0.447266
vt 0.151611 0.433594
vt 0.156982 0.448242
vt 0.287842 0.274902
vt 0.292725 0.284668
vt 0.282227 0.289062
vt 0.353027 0.057617
vt 0.355713 0.040039
vt 0.360840 0.059082
vt 0.272461 0.482422
vt 0.293701 0.252441
vt 0.860352 0.664795
vt 0.860840 0.677734
vt 0.853027 0.669922
vt 0.175171 0.327637
vt 0.157471 0.326660
vt 0.160156 0.316895
vt 0.909668 0.557861
vt 0.905762 0.547363
vt 0.910156 0.552490
vt 0.993652 0.619629
vt 0.982422 0.626709
vt 0.985840 0.614746
vt 0.590332 0.230469
vt 0.597168 0.230469
vt 0.600098 0.239258
vt 0.022598 0.612061
vt 0.007240 0.604980
vt 0.025528 0.594727
vt 0.417236 0.448242
vt 0.410156 0.448730
vt 0.413574 0.443848
vt 0.678711 0.992088
vt 0.684570 0.990730
vt 0.611816 0.135254
vt 0.621094 0.137695
vt 0.615723 0.143066
vt 0.043091 0.414062
vt 0.049988 0.429688
vt 0.043915 0.436035
vt 0.156494 0.188477
vt 0.160278 0.189453
vt 0.157593 0.198730
vt 0.674805 0.592773
vt 0.693359 0.592529
vt 0.479980 0.250000
vt 0.487549 0.256348
vt 0.469971 0.263672
vt 0.420654 0.033203
vt 0.413330 0.013184
vt 0.420654 0.019043
vt 0.432129 0.029785
vt 0.053772 0.880737
vt 0.695312 0.324219
vt 0.688477 0.324707
vt 0.257080 0.278320
vt 0.625000 0.291504
vt 0.501465 0.373535
vt 0.429443 0.816650
vt 0.435303 0.815308
vt 0.430664 0.825317
vt 0.215454 0.927734
vt 0.209839 0.921753
vt 0.222534 0.918701
vt 0.073669 0.488770
vt 0.077209 0.482910
vt 0.146118 0.791626
vt 0.143799 0.809082
vt 0.137573 0.803345
vt 0.215820 0.871216
vt 0.218628 0.862427
vt 0.539062 0.922485
vt 0.636719 0.276855
vt 0.641602 0.287598
vt 0.762695 0.244141
vt 0.773926 0.229492
vt 0.784180 0.241211
vt 0.971680 0.507568
vt 0.963379 0.540039
vt 0.941406 0.532959
vt 0.838867 0.635254
vt 0.850098 0.647705
vt 0.286865 0.063965
vt 0.305176 0.083984
vt 0.276855 0.068359
vt 0.485352 0.116211
vt 0.486328 0.125000
vt 0.774414 0.117676
vt 0.754883 0.129395
vt 0.744141 0.115723
vt 0.025101 0.180176
vt 0.235352 0.754639
vt 0.233887 0.765503
vt 0.224854 0.759155
vt 0.838379 0.081055
vt 0.826172 0.088379
vt 0.835938 0.071289
vt 0.866699 0.759888
vt 0.858887 0.780640
vt 0.852539 0.777100
vt 0.530762 0.342773
vt 0.539062 0.342285
vt 0.540527 0.350586
vt 0.030838 0.787354
vt 0.014832 0.801636
vt 0.007774 0.788940
vt 0.073242 0.595459
vt 0.081238 0.597168
vt 0.390137 0.791382
vt 0.393311 0.790161
vt 0.813965 0.119141
vt 0.820801 0.120605
vt 0.814941 0.125000
vt 0.233643 0.858765
vt 0.229248 0.843994
vt 0.244385 0.849609
vt 0.469971 0.934937
vt 0.489746 0.938416
vt 0.480469 0.944183
vt 0.049072 0.861328
vt 0.386230 0.239258
vt 0.392090 0.230469
vt 0.555664 0.556152
vt 0.550781 0.551025
vt 0.508301 0.544434
vt 0.498535 0.527100
vt 0.515625 0.524658
vt 0.887207 0.802124
vt 0.899414 0.822876
vt 0.888672 0.831177
vt 0.029877 0.217285
vt 0.027344 0.211914
vt 0.032166 0.214355
vt 0.727051 0.104004
vt 0.725098 0.096191
vt 0.982422 0.585693
vt 0.976562 0.585449
vt 0.974609 0.576660
vt 0.041412 0.862427
vt 0.045349 0.847656
vt 0.945312 0.602783
vt 0.941895 0.591064
vt 0.950195 0.585205
vt 0.810059 0.192871
vt 0.820801 0.187500
vt 0.812500 0.196777
vt 0.295654 0.401855
vt 0.446533 0.023926
vt 0.438232 0.030273
vt 0.430664 0.023438
vt 0.919922 0.100098
vt 0.922852 0.094238
vt 0.925781 0.097656
vt 0.190308 0.283691
vt 0.192749 0.277344
vt 0.854004 0.387207
vt 0.850586 0.373535
vt 0.860352 0.374512
vt 0.072876 0.032715
vt 0.085327 0.046387
vt 0.139160 0.155273
vt 0.151855 0.162109
vt 0.679199 0.441895
vt 0.578613 0.223633
vt 0.587402 0.226074
vt 0.472168 0.315918
vt 0.463379 0.310059
vt 0.469482 0.302734
vt 0.911133 0.374512
vt 0.906738 0.385742
vt 0.045593 0.060059
vt 0.008713 0.055176
vt 0.019867 0.045410
vt 0.949707 0.797485
vt 0.946777 0.802246
vt 0.940918 0.796875
vt 0.686035 0.485840
vt 0.680176 0.486328
vt 0.680176 0.480469
vt 0.319336 0.295898
vt 0.320557 0.282715
vt 0.327148 0.288086
vt 0.165771 0.463379
vt 0.147217 0.464844
vt 0.572754 0.237305
vt 0.555664 0.232910
vt 0.565918 0.218262
vt 0.092102 0.027344
vt 0.094666 0.026855
vt 0.099487 0.030762
vt 0.091492 0.849243
vt 0.096130 0.857910
vt 0.087219 0.861572
vt 0.399170 0.842651
vt 0.395508 0.849243
vt 0.392334 0.846680
vt 0.420410 0.541016
vt 0.987793 0.539062
vt 0.233032 0.143066
vt 0.966797 0.345215
vt 0.983887 0.341309
vt 0.976074 0.352539
vt 0.900391 0.067871
vt 0.896484 0.077148
vt 0.125488 0.958893
vt 0.119629 0.938507
vt 0.138550 0.949738
vt 0.703125 0.524414
vt 0.700195 0.517822
vt 0.713379 0.516357
vt 0.553223 0.256836
vt 0.557129 0.246094
vt 0.564941 0.252930
vt 0.444092 0.195312
vt 0.431152 0.211914
vt 0.420898 0.197754
vt 0.430176 0.077637
vt 0.436035 0.090332
vt 0.420410 0.087891
vt 0.186035 0.329102
vt 0.175903 0.322754
vt 0.851562 0.887695
vt 0.851074 0.883972
vt 0.128296 0.888733
vt 0.132080 0.883240
vt 0.311035 0.746338
vt 0.324463 0.752808
vt 0.303223 0.758301
vt 0.876953 0.763062
vt 0.876465 0.743896
vt 0.895020 0.758423
vt 0.090698 0.544189
vt 0.455322 0.116699
vt 0.463623 0.125977
vt 0.847656 0.778198
vt 0.839355 0.767212
vt 0.848633 0.917908
vt 0.844727 0.907043
vt 0.854980 0.915283
vt 0.041687 0.564209
vt 0.043732 0.572021
vt 0.038116 0.568359
vt 0.835938 0.690430
vt 0.833496 0.710205
vt 0.827637 0.703369
vt 0.267578 0.192383
vt 0.277100 0.210938
vt 0.252686 0.201660
vt 0.683594 0.136230
vt 0.687500 0.114258
vt 0.130371 0.060059
vt 0.122742 0.061035
vt 0.126221 0.053223
vt 0.469727 0.514893
vt 0.470703 0.528564
vt 0.884766 0.246582
vt 0.905273 0.249512
vt 0.898438 0.261719
vt 0.054535 0.442383
vt 0.022903 0.170898
vt 0.007618 0.170898
vt 0.023056 0.159668
vt 0.705078 0.072754
vt 0.712891 0.068848
vt 0.553711 0.163086
vt 0.568359 0.159180
vt 0.562500 0.167969
vt 0.395752 0.872437
vt 0.393311 0.864136
vt 0.397217 0.869629
vt 0.766113 0.070312
vt 0.763184 0.067383
vt 0.770996 0.062988
vt 0.290039 0.685303
vt 0.301758 0.679688
vt 0.295166 0.690918
vt 0.685059 0.818115
vt 0.913086 0.957367
vt 0.905762 0.953217
vt 0.893555 0.177246
vt 0.885254 0.177734
vt 0.891602 0.175293
vt 0.211670 0.822632
vt 0.201416 0.825073
vt 0.771484 0.816895
vt 0.773926 0.825073
vt 0.765625 0.826294
vt 0.278809 0.679932
vt 0.182373 0.997196
vt 0.182373 0.999788
vt 0.174927 0.997450
vt 0.784180 0.681641
vt 0.780273 0.688965
vt 0.772949 0.676270
vt 0.026108 0.874634
vt 0.047516 0.866577
vt 0.030167 0.886902
vt 0.221436 0.675781
vt 0.923340 0.301270
vt 0.091309 0.990334
vt 0.084473 0.986984
vt 0.088318 0.977371
vt 0.098877 0.379395
vt 0.109863 0.383301
vt 0.104614 0.404297
vt 0.048492 0.778442
vt 0.046936 0.768799
vt 0.048615 0.772949
vt 0.954102 0.459961
vt 0.959961 0.455078
vt 0.963867 0.461426
vt 0.211548 0.179199
vt 0.212158 0.187500
vt 0.198242 0.181641
vt 0.152832 0.707764
vt 0.152222 0.725098
vt 0.138916 0.701172
vt 0.820801 0.731934
vt 0.763184 0.522949
vt 0.769531 0.511475
vt 0.545410 0.758667
vt 0.533203 0.758057
vt 0.541504 0.745361
vt 0.796387 0.468262
vt 0.782715 0.479004
vt 0.939941 0.370117
vt 0.939941 0.382812
vt 0.930176 0.375000
vt 0.305176 0.444824
vt 0.278564 0.451660
vt 0.633301 0.481934
vt 0.642090 0.488281
vt 0.620605 0.488770
vt 0.435547 0.698975
vt 0.429932 0.688721
vt 0.440674 0.685059
vt 0.903320 0.612061
vt 0.918945 0.609619
vt 0.912598 0.619873
vt 0.695312 0.333008
vt 0.689941 0.335938
vt 0.820801 0.650391
vt 0.093384 0.220703
vt 0.408447 0.836548
vt 0.403809 0.843628
vt 0.405029 0.836426
vt 0.690918 0.854980
vt 0.893555 0.237305
vt 0.617676 0.542969
vt 0.634766 0.540771
vt 0.765625 0.634277
vt 0.772461 0.625488
vt 0.775391 0.634033
vt 0.953613 0.604736
vt 0.949707 0.613281
vt 0.619629 0.550049
vt 0.689941 0.865356
vt 0.682129 0.865723
vt 0.090820 0.135254
vt 0.099060 0.136230
vt 0.991211 0.925354
vt 0.996094 0.928650
vt 0.991699 0.934021
vt 0.615723 0.961243
vt 0.623047 0.953522
vt 0.618164 0.969284
vt 0.533203 0.408691
vt 0.534668 0.416504
vt 0.531738 0.416992
vt 0.507812 0.197266
vt 0.500000 0.180664
vt 0.518555 0.175781
vt 0.427002 0.440430
vt 0.423828 0.435059
vt 0.573242 0.598389
vt 0.575684 0.578857
vt 0.591797 0.587402
vt 0.228638 0.455078
vt 0.228516 0.439941
vt 0.241089 0.442383
vt 0.349854 0.897278
vt 0.343018 0.888123
vt 0.349854 0.888733
vt 0.656738 0.370605
vt 0.674316 0.387695
vt 0.988770 0.887085
vt 0.988281 0.901978
vt 0.982910 0.898743
vt 0.249878 0.979034
vt 0.267578 0.978973
vt 0.267578 0.995789
vt 0.164673 0.977631
vt 0.176270 0.994946
vt 0.166992 0.992210
vt 0.548340 0.349609
vt 0.736328 0.593506
vt 0.043457 0.652832
vt 0.034912 0.648438
vt 0.180420 0.257324
vt 0.181519 0.250977
vt 0.190186 0.258301
vt 0.130249 0.447266
vt 0.115601 0.451660
vt 0.120483 0.441895
vt 0.974121 0.228027
vt 0.988770 0.211914
vt 0.978516 0.231445
vt 0.372314 0.182129
vt 0.370850 0.180176
vt 0.372070 0.176270
vt 0.982910 0.235840
vt 0.978027 0.235352
vt 0.318604 0.552490
vt 0.553223 0.195312
vt 0.561035 0.195312
vt 0.558594 0.203125
vt 0.145874 0.328125
vt 0.468018 0.292480
vt 0.912598 0.448242
vt 0.908691 0.451660
vt 0.906738 0.442871
vt 0.825195 0.100586
vt 0.829590 0.111816
vt 0.821777 0.115723
vt 0.633301 0.090820
vt 0.639648 0.074707
vt 0.597168 0.122559
vt 0.604004 0.124512
vt 0.605469 0.130371
vt 0.066162 0.145020
vt 0.883789 0.723633
vt 0.898438 0.720459
vt 0.819824 0.986435
vt 0.806152 0.989426
vt 0.809570 0.977310
vt 0.775879 0.097656
vt 0.761230 0.095703
vt 0.770996 0.091309
vt 0.057465 0.888062
vt 0.904785 0.675781
vt 0.913574 0.684326
vt 0.896973 0.683105
vt 0.930176 0.031250
vt 0.937012 0.007324
vt 0.938965 0.024902
vt 0.364746 0.130371
vt 0.374268 0.137695
vt 0.737305 0.106934
vt 0.734863 0.121582
vt 0.179810 0.613037
vt 0.169312 0.616455
vt 0.173584 0.590088
vt 0.826172 0.652100
vt 0.826660 0.643555
vt 0.613281 0.143066
vt 0.615234 0.148438
vt 0.860840 0.508301
vt 0.856934 0.501221
vt 0.863770 0.503174
vt 0.086731 0.547119
vt 0.079407 0.557861
vt 0.079529 0.545166
vt 0.770508 0.006836
vt 0.569824 0.586182
vt 0.563477 0.585693
vt 0.133789 0.100586
vt 0.156006 0.095703
vt 0.146851 0.108398
vt 0.412354 0.690186
vt 0.408447 0.697266
vt 0.402100 0.690918
vt 0.769531 0.285645
vt 0.763672 0.284180
vt 0.763672 0.281250
vt 0.036804 0.028320
vt 0.027039 0.023438
vt 0.026001 0.014160
vt 0.334717 0.068848
vt 0.118408 0.426270
vt 0.126831 0.421875
vt 0.137329 0.430176
vt 0.969238 0.799927
vt 0.977539 0.800903
vt 0.971680 0.806274
vt 0.005074 0.926941
vt 0.014893 0.927612
vt 0.007641 0.931580
vt 0.213379 0.083008
vt 0.210449 0.070801
vt 0.774414 0.666260
vt 0.761230 0.675049
vt 0.641602 0.555176
vt 0.645020 0.540527
vt 0.632324 0.321777
vt 0.624023 0.327637
vt 0.279541 0.790894
vt 0.284668 0.786987
vt 0.217651 0.185059
vt 0.116821 0.234375
vt 0.133301 0.234863
vt 0.124939 0.247070
vt 0.771484 0.785767
vt 0.781738 0.781128
vt 0.779785 0.788330
vt 0.711914 0.680420
vt 0.694336 0.694092
vt 0.691895 0.678467
vt 0.174072 0.185547
vt 0.182251 0.194824
vt 0.171631 0.194824
vt 0.111938 0.533447
vt 0.395020 0.269531
vt 0.345459 0.085449
vt 0.352539 0.093750
vt 0.340820 0.095215
vt 0.653320 0.965485
vt 0.657227 0.963928
vt 0.654785 0.972336
vt 0.670898 0.260742
vt 0.674805 0.250000
vt 0.682129 0.254883
vt 0.228760 0.306641
vt 0.222046 0.308594
vt 0.227173 0.305176
vt 0.095032 0.259766
vt 0.085999 0.271973
vt 0.081787 0.261719
vt 0.822266 0.701172
vt 0.820312 0.716309
vt 0.814941 0.704834
vt 0.103760 0.736816
vt 0.112671 0.735840
vt 0.103577 0.746338
vt 0.823730 0.946075
vt 0.823242 0.953369
vt 0.817871 0.954559
vt 0.642578 0.210449
vt 0.649902 0.207520
vt 0.647461 0.226074
vt 0.569824 0.129883
vt 0.574707 0.125488
vt 0.174683 0.395508
vt 0.186279 0.401367
vt 0.176514 0.401855
vt 0.525879 0.222168
vt 0.539551 0.211426
vt 0.541504 0.224609
vt 0.131714 0.040527
vt 0.141113 0.041016
vt 0.669434 0.703125
vt 0.655273 0.708984
vt 0.624023 0.435059
vt 0.634277 0.429199
vt 0.429932 0.441406
vt 0.435791 0.437012
vt 0.994141 0.226074
vt 0.184937 0.430176
vt 0.191528 0.435547
vt 0.183594 0.441895
vt 0.277344 0.164551
vt 0.278320 0.183105
vt 0.825684 0.880981
vt 0.812988 0.879395
vt 0.812500 0.871582
vt 0.090088 0.362793
vt 0.079956 0.353516
vt 0.087708 0.353516
vt 0.059296 0.129883
vt 0.062317 0.139160
vt 0.051941 0.137207
vt 0.589844 0.572998
vt 0.160889 0.792969
vt 0.146973 0.788574
vt 0.148315 0.782104
vt 0.153076 0.291504
vt 0.655762 0.598877
vt 0.658203 0.596436
vt 0.669922 0.603271
vt 0.094421 0.954834
vt 0.091187 0.948395
vt 0.097656 0.948151
vt 0.399658 0.683105
vt 0.394043 0.683594
vt 0.395508 0.678955
vt 0.650879 0.680908
vt 0.638672 0.681885
vt 0.642090 0.672852
vt 0.744141 0.033691
vt 0.731445 0.023926
vt 0.745605 0.025391
vt 0.171021 0.239258
vt 0.175537 0.229980
vt 0.183838 0.237305
vt 0.652344 0.445801
vt 0.658203 0.443848
vt 0.689453 0.511963
vt 0.685059 0.513916
vt 0.684082 0.509033
vt 0.392578 0.697266
vt 0.383789 0.700195
vt 0.384277 0.689453
vt 0.657227 0.494629
vt 0.652832 0.500488
vt 0.645996 0.499512
vt 0.875488 0.404785
vt 0.881836 0.409668
vt 0.872559 0.413574
vt 0.592285 0.481445
vt 0.598633 0.479980
vt 0.172852 0.312500
vt 0.991699 0.374512
vt 0.974121 0.369629
vt 0.985352 0.363281
vt 0.045044 0.957336
vt 0.037628 0.951630
vt 0.045135 0.945190
vt 0.741211 0.539062
vt 0.499512 0.048828
vt 0.480469 0.062500
vt 0.487061 0.039551
vt 0.603516 0.376953
vt 0.600098 0.383789
vt 0.767090 0.495605
vt 0.749023 0.803101
vt 0.228760 0.575439
vt 0.255859 0.576904
vt 0.243896 0.587402
vt 0.525391 0.431641
vt 0.537598 0.445312
vt 0.600586 0.576172
vt 0.597656 0.584229
vt 0.588867 0.581299
vt 0.125000 0.745605
vt 0.994141 0.892883
vt 0.994141 0.909790
vt 0.598633 0.252441
vt 0.254150 0.181641
vt 0.237183 0.187988
vt 0.624512 0.577393
vt 0.630371 0.572510
vt 0.630371 0.575684
vt 0.754883 0.345215
vt 0.768555 0.323242
vt 0.782227 0.340332
vt 0.477539 0.108398
vt 0.484131 0.104004
vt 0.416748 0.595459
vt 0.430664 0.596680
vt 0.429443 0.617676
vt 0.301025 0.223145
vt 0.703613 0.090332
vt 0.705566 0.080566
vt 0.707031 0.093750
vt 0.921875 0.938751
vt 0.943848 0.734131
vt 0.954590 0.728516
vt 0.952637 0.753052
vt 0.850098 0.720459
vt 0.844727 0.725342
vt 0.844238 0.704346
vt 0.045013 0.449219
vt 0.052704 0.456055
vt 0.047516 0.458984
vt 0.114868 0.159668
vt 0.113586 0.148438
vt 0.118469 0.152344
vt 0.623535 0.018555
vt 0.615234 0.007812
vt 0.620117 0.004883
vt 0.925293 0.284180
vt 0.163086 0.438965
vt 0.172852 0.453613
vt 0.132690 0.648682
vt 0.135498 0.656006
vt 0.116272 0.649902
vt 0.216797 0.288574
vt 0.221069 0.295898
vt 0.217896 0.298340
vt 0.831055 0.549561
vt 0.848145 0.562256
vt 0.827637 0.564697
vt 0.671387 0.511475
vt 0.674805 0.526611
vt 0.955078 0.986328
vt 0.949219 0.995808
vt 0.108276 0.115234
vt 0.096497 0.118164
vt 0.101562 0.106445
vt 0.354248 0.816040
vt 0.777344 0.006348
vt 0.945312 0.167480
vt 0.938965 0.166992
vt 0.937988 0.161133
vt 0.806152 0.121582
vt 0.807129 0.114258
vt 0.273682 0.489258
vt 0.279053 0.496094
vt 0.258545 0.495117
vt 0.509766 0.382812
vt 0.061340 0.401855
vt 0.076965 0.417480
vt 0.069458 0.420898
vt 0.853027 0.049805
vt 0.854004 0.044922
vt 0.865723 0.056152
vt 0.993652 0.434570
vt 0.977539 0.434570
vt 0.980469 0.425293
vt 0.807617 0.258789
vt 0.794922 0.255859
vt 0.808105 0.250488
vt 0.809082 0.597656
vt 0.820801 0.598633
vt 0.811523 0.603271
vt 0.623047 0.594482
vt 0.629883 0.598145
vt 0.613770 0.598633
vt 0.573242 0.615479
vt 0.598633 0.606934
vt 0.106018 0.171387
vt 0.796387 0.852783
vt 0.812988 0.851929
vt 0.805664 0.860962
vt 0.201050 0.256836
vt 0.205688 0.267578
vt 0.196411 0.263672
vt 0.027969 0.458496
vt 0.693359 0.947174
vt 0.699219 0.954865
vt 0.688477 0.957092
vt 0.365479 0.593994
vt 0.350098 0.615967
vt 0.342285 0.606201
vt 0.816895 0.096680
vt 0.827637 0.092773
vt 0.823730 0.098145
vt 0.915527 0.935242
vt 0.917969 0.947174
vt 0.853027 0.585693
vt 0.875488 0.576660
vt 0.865723 0.594482
vt 0.637695 0.263672
vt 0.636230 0.267090
vt 0.621094 0.058594
vt 0.617188 0.041992
vt 0.649414 0.975525
vt 0.651367 0.978027
vt 0.378418 0.148438
vt 0.382568 0.146973
vt 0.895996 0.974258
vt 0.887695 0.965210
vt 0.949707 0.123535
vt 0.953613 0.131836
vt 0.645020 0.976898
vt 0.117981 0.891174
vt 0.965820 0.561279
vt 0.281006 0.078125
vt 0.286133 0.081543
vt 0.274414 0.085449
vt 0.214111 0.058105
vt 0.664062 0.982941
vt 0.665527 0.976425
vt 0.667480 0.981110
vt 0.879883 0.235352
vt 0.878418 0.245117
vt 0.576660 0.711670
vt 0.560547 0.708984
vt 0.695801 0.502441
vt 0.688965 0.494141
vt 0.692383 0.494629
vt 0.479248 0.758545
vt 0.484619 0.764526
vt 0.470215 0.760620
vt 0.034027 0.351562
vt 0.037872 0.359375
vt 0.055908 0.903442
vt 0.806152 0.228516
vt 0.278564 0.278809
vt 0.275879 0.273438
vt 0.482910 0.669434
vt 0.486084 0.673340
vt 0.183105 0.765259
vt 0.518066 0.156250
vt 0.518555 0.148926
vt 0.524414 0.149902
vt 0.072937 0.343750
vt 0.069153 0.319336
vt 0.077576 0.315918
vt 0.584473 0.447754
vt 0.589355 0.454102
vt 0.174072 0.551270
vt 0.164551 0.541992
vt 0.113281 0.728760
vt 0.106018 0.730957
vt 0.542969 0.366699
vt 0.562012 0.361328
vt 0.551758 0.387695
vt 0.171875 0.866821
vt 0.079407 0.341797
vt 0.231323 0.193848
vt 0.082336 0.904297
vt 0.081665 0.911560
vt 0.370850 0.534180
vt 0.379883 0.546143
vt 0.361572 0.558594
vt 0.779785 0.325195
vt 0.795898 0.322754
vt 0.797363 0.333496
vt 0.928223 0.699951
vt 0.928223 0.691406
vt 0.943359 0.694336
vt 0.476807 0.506348
vt 0.483643 0.516602
vt 0.215576 0.039062
vt 0.210571 0.029785
vt 0.221069 0.037109
vt 0.369629 0.100098
vt 0.358643 0.104980
vt 0.063354 0.910889
vt 0.107422 0.511719
vt 0.099121 0.506592
vt 0.056427 0.408691
vt 0.234985 0.429199
vt 0.246338 0.437500
vt 0.808105 0.404297
vt 0.800781 0.391602
vt 0.184082 0.292480
vt 0.220825 0.908447
vt 0.172974 0.171875
vt 0.181641 0.176270
vt 0.114807 0.506836
vt 0.157349 0.483398
vt 0.170166 0.491699
vt 0.244507 0.274414
vt 0.541504 0.249023
vt 0.367432 0.457520
vt 0.362549 0.445801
vt 0.379150 0.451660
vt 0.298828 0.778687
vt 0.292969 0.780273
vt 0.556152 0.529053
vt 0.402100 0.311035
vt 0.407715 0.317871
vt 0.393555 0.328613
vt 0.510742 0.021973
vt 0.518066 0.029297
vt 0.500977 0.033691
vt 0.463623 0.955658
vt 0.451416 0.951630
vt 0.381104 0.581787
vt 0.383057 0.595703
vt 0.574219 0.491699
vt 0.573730 0.484375
vt 0.581543 0.483887
vt 0.361816 0.671631
vt 0.353027 0.676514
vt 0.350342 0.670166
vt 0.356201 0.895813
vt 0.564453 0.610352
vt 0.145752 0.363770
vt 0.139648 0.344238
vt 0.398926 0.034668
vt 0.135986 0.665527
vt 0.128662 0.661621
vt 0.326660 0.415527
vt 0.801758 0.349121
vt 0.145386 0.301758
vt 0.157959 0.298340
vt 0.584473 0.151367
vt 0.592285 0.153809
vt 0.483887 0.232910
vt 0.471924 0.229980
vt 0.736816 0.515869
vt 0.728027 0.506836
vt 0.222168 0.383789
vt 0.215942 0.386719
vt 0.673828 0.993137
vt 0.668457 0.989418
vt 0.674316 0.988876
vt 0.689941 0.857056
vt 0.021347 0.097656
vt 0.015205 0.092285
vt 0.022751 0.092773
vt 0.838867 0.253418
vt 0.351807 0.732422
vt 0.359375 0.740234
vt 0.344971 0.737061
vt 0.243530 0.753784
vt 0.242554 0.738037
vt 0.259277 0.746338
vt 0.515137 0.903748
vt 0.522461 0.900146
vt 0.518066 0.904480
vt 0.562988 0.827148
vt 0.569336 0.845947
vt 0.558105 0.851440
vt 0.311768 0.843140
vt 0.302979 0.829224
vt 0.317383 0.830200
vt 0.372314 0.307617
vt 0.369141 0.322266
vt 0.345703 0.308594
vt 0.166138 0.368652
vt 0.171753 0.370605
vt 0.160034 0.368652
vt 0.805176 0.423828
vt 0.807617 0.419434
vt 0.812012 0.427246
vt 0.983398 0.831421
vt 0.987305 0.840942
vt 0.974121 0.834106
vt 0.384033 0.840698
vt 0.382324 0.855469
vt 0.377197 0.845093
vt 0.263916 0.702637
vt 0.265869 0.697266
vt 0.091125 0.768311
vt 0.091858 0.755493
vt 0.543945 0.692139
vt 0.546387 0.700195
vt 0.715820 0.963593
vt 0.717773 0.771851
vt 0.695312 0.777954
vt 0.702637 0.773071
vt 0.839355 0.801147
vt 0.834961 0.805908
vt 0.831543 0.803955
vt 0.830078 0.122559
vt 0.833008 0.133301
vt 0.549316 0.440430
vt 0.546875 0.434570
vt 0.261475 0.424316
vt 0.255615 0.412598
vt 0.278809 0.416016
vt 0.310303 0.575684
vt 0.303955 0.577393
vt 0.302490 0.563965
vt 0.026031 0.890930
vt 0.902344 0.470703
vt 0.288330 0.148438
vt 0.843262 0.515137
vt 0.833008 0.518311
vt 0.836426 0.511963
vt 0.098206 0.903137
vt 0.101868 0.906189
vt 0.099365 0.914551
vt 0.403809 0.456055
vt 0.381592 0.453613
vt 0.686523 0.050293
vt 0.698730 0.061035
vt 0.657227 0.062988
vt 0.715332 0.673828
vt 0.109436 0.455566
vt 0.104553 0.446289
vt 0.968262 0.661377
vt 0.976562 0.655273
vt 0.979492 0.659180
vt 0.536621 0.524658
vt 0.538574 0.513916
vt 0.543457 0.527344
vt 0.067200 0.045898
vt 0.073669 0.822266
vt 0.065186 0.832886
vt 0.064514 0.823853
vt 0.448486 0.697021
vt 0.455322 0.688721
vt 0.463379 0.692627
vt 0.124268 0.895142
vt 0.124451 0.890625
vt 0.044922 0.209961
vt 0.040222 0.213379
vt 0.033722 0.208496
vt 0.697754 0.962555
vt 0.704102 0.967133
vt 0.347412 0.568115
vt 0.214233 0.913086
vt 0.204346 0.903931
vt 0.076172 0.615479
vt 0.077087 0.602783
vt 0.084229 0.610107
vt 0.197388 0.480469
vt 0.207642 0.463867
vt 0.210815 0.471680
vt 0.338135 0.863892
vt 0.336426 0.877136
vt 0.332275 0.861694
vt 0.618164 0.876099
vt 0.604004 0.874878
vt 0.608398 0.873413
vt 0.913086 0.241699
vt 0.929199 0.236816
vt 0.927246 0.251953
vt 0.714355 0.842407
vt 0.444092 0.725098
vt 0.451172 0.726074
vt 0.444580 0.738037
vt 0.301514 0.126465
vt 0.305420 0.133301
vt 0.596191 0.091309
vt 0.601074 0.078613
vt 0.605469 0.094238
vt 0.767090 0.910461
vt 0.763184 0.916809
vt 0.756836 0.914673
vt 0.038544 0.479492
vt 0.023361 0.470215
vt 0.298096 0.752563
vt 0.302734 0.766113
vt 0.290771 0.757812
vt 0.596191 0.413086
vt 0.349121 0.024902
vt 0.357178 0.028809
vt 0.006161 0.453125
vt 0.010986 0.446777
vt 0.448242 0.689453
vt 0.448975 0.678955
vt 0.396973 0.510010
vt 0.048981 0.794067
vt 0.033356 0.813477
vt 0.702148 0.611328
vt 0.126953 0.846313
vt 0.115784 0.852417
vt 0.126221 0.842285
vt 0.260254 0.587158
vt 0.336426 0.172852
vt 0.331787 0.168457
vt 0.347412 0.165527
vt 0.960938 0.172852
vt 0.971680 0.165527
vt 0.967773 0.181641
vt 0.039185 0.697266
vt 0.657227 0.041504
vt 0.667969 0.040527
vt 0.231079 0.425293
vt 0.310791 0.797485
vt 0.300049 0.813354
vt 0.296631 0.810181
vt 0.303711 0.289551
vt 0.295410 0.297363
vt 0.846680 0.817993
vt 0.289795 0.852417
vt 0.276367 0.860962
vt 0.504883 0.122559
vt 0.514160 0.126465
vt 0.509766 0.137207
vt 0.605957 0.126953
vt 0.533203 0.513916
vt 0.172974 0.480469
vt 0.165649 0.473633
vt 0.178101 0.473633
vt 0.029160 0.421387
vt 0.040985 0.437988
vt 0.715820 0.073730
vt 0.720703 0.058594
vt 0.738770 0.075684
vt 0.403076 0.358887
vt 0.392822 0.344727
vt 0.398193 0.343750
vt 0.679199 0.699219
vt 0.686035 0.683350
vt 0.903809 0.502930
vt 0.908203 0.500244
vt 0.912109 0.502441
vt 0.780762 0.800781
vt 0.521973 0.906494
vt 0.513184 0.905823
vt 0.008919 0.438477
vt 0.004005 0.435547
vt 0.008995 0.436035
vt 0.101929 0.345703
vt 0.098511 0.325684
vt 0.111694 0.334961
vt 0.954590 0.725098
vt 0.938965 0.715820
vt 0.226318 0.662598
vt 0.232544 0.662354
vt 0.231567 0.667236
vt 0.718262 0.239746
vt 0.242188 0.878235
vt 0.253662 0.875732
vt 0.251709 0.888123
vt 0.059082 0.682617
vt 0.050446 0.686523
vt 0.549805 0.873413
vt 0.550781 0.861084
vt 0.946289 0.322754
vt 0.493896 0.706787
vt 0.494873 0.715088
vt 0.038300 0.117188
vt 0.041046 0.133789
vt 0.035583 0.128418
vt 0.607910 0.438477
vt 0.599609 0.434082
vt 0.603027 0.426270
vt 0.527344 0.740479
vt 0.804688 0.934082
vt 0.809570 0.952606
vt 0.800781 0.948975
vt 0.367676 0.268066
vt 0.511719 0.960480
vt 0.500000 0.952728
vt 0.506836 0.947479
vt 0.648438 0.383301
vt 0.210693 0.255859
vt 0.215942 0.256348
vt 0.708496 0.035156
vt 0.720703 0.034668
vt 0.402832 0.714600
vt 0.411621 0.718750
vt 0.402344 0.723145
vt 0.045990 0.290039
vt 0.061157 0.284668
vt 0.567871 0.206055
vt 0.565918 0.214844
vt 0.991211 0.825195
vt 0.982910 0.814331
vt 0.902832 0.570557
vt 0.899414 0.567871
vt 0.902344 0.560059
vt 0.285889 0.548828
vt 0.291260 0.556641
vt 0.274902 0.541992
vt 0.108643 0.967255
vt 0.112671 0.957642
vt 0.030777 0.170898
vt 0.033630 0.182617
vt 0.770996 0.083496
vt 0.765137 0.084961
vt 0.766113 0.080566
vt 0.446045 0.754761
vt 0.439941 0.749512
vt 0.971191 0.964386
vt 0.964844 0.971954
vt 0.958496 0.967560
vt 0.383789 0.935730
vt 0.378662 0.939575
vt 0.903320 0.587891
vt 0.897949 0.594727
vt 0.897461 0.588379
vt 0.870117 0.199707
vt 0.874023 0.203613
vt 0.870605 0.204102
vt 0.913086 0.424316
vt 0.915527 0.433105
vt 0.903809 0.436035
vt 0.231934 0.414551
vt 0.223511 0.413574
vt 0.231812 0.406738
vt 0.687012 0.940857
vt 0.677734 0.940430
vt 0.680664 0.924255
vt 0.961426 0.083496
vt 0.965820 0.077148
vt 0.816895 0.227051
vt 0.067505 0.002441
vt 0.225098 0.469727
vt 0.239502 0.474609
vt 0.257568 0.172363
vt 0.263428 0.156738
vt 0.269287 0.167969
vt 0.139282 0.187500
vt 0.916016 0.776855
vt 0.918945 0.788086
vt 0.482910 0.312012
vt 0.489014 0.301758
vt 0.541992 0.548096
vt 0.542480 0.541504
vt 0.555176 0.608643
vt 0.059784 0.324219
vt 0.046204 0.315918
vt 0.228516 0.069336
vt 0.920410 0.599609
vt 0.387695 0.860229
vt 0.531250 0.165527
vt 0.539551 0.153809
vt 0.549316 0.161133
vt 0.038757 0.365234
vt 0.047821 0.371094
vt 0.043243 0.373535
vt 0.024094 0.209961
vt 0.025772 0.216309
vt 0.427490 0.656250
vt 0.437988 0.652100
vt 0.443604 0.664062
vt 0.766113 0.253418
vt 0.414551 0.221680
vt 0.605957 0.482422
vt 0.616211 0.479980
vt 0.607422 0.500244
vt 0.839355 0.791992
vt 0.834473 0.788086
vt 0.295410 0.872070
vt 0.298096 0.880493
vt 0.286377 0.883362
vt 0.630371 0.589600
vt 0.626953 0.587891
vt 0.905273 0.715576
vt 0.897461 0.709473
vt 0.905762 0.711182
vt 0.365967 0.518311
vt 0.356201 0.537842
vt 0.347168 0.528076
vt 0.151855 0.733887
vt 0.136963 0.718018
vt 0.043152 0.112793
vt 0.059479 0.121582
vt 0.051819 0.125977
vt 0.507324 0.455078
vt 0.496094 0.458496
vt 0.496338 0.449219
vt 0.717773 0.607422
vt 0.476318 0.326660
vt 0.876465 0.302734
vt 0.870117 0.314453
vt 0.872559 0.302734
vt 0.223145 0.246094
vt 0.230835 0.248047
vt 0.654785 0.978256
vt 0.644043 0.584473
vt 0.091858 0.228027
vt 0.101074 0.230469
vt 0.097778 0.236816
vt 0.082214 0.778198
vt 0.081848 0.767944
vt 0.085022 0.775513
vt 0.502441 0.858521
vt 0.495605 0.863037
vt 0.503906 0.851807
vt 0.451904 0.717773
vt 0.365723 0.845093
vt 0.376953 0.832397
vt 0.943359 0.678223
vt 0.697266 0.353516
vt 0.687012 0.364258
vt 0.652344 0.904480
vt 0.659668 0.903687
vt 0.666504 0.920410
vt 0.088562 0.616699
vt 0.101868 0.626953
vt 0.966309 0.623291
vt 0.958496 0.632324
vt 0.961426 0.623535
vt 0.864746 0.932678
vt 0.853516 0.942261
vt 0.852051 0.930664
vt 0.330078 0.083984
vt 0.337158 0.085449
vt 0.330078 0.092285
vt 0.713379 0.501465
vt 0.697754 0.507568
vt 0.697754 0.499512
vt 0.197388 0.893738
vt 0.186035 0.897400
vt 0.845703 0.117676
vt 0.853027 0.105469
vt 0.854492 0.121094
vt 0.479004 0.131348
vt 0.840820 0.913330
vt 0.841797 0.908997
vt 0.025085 0.210449
vt 0.122314 0.167969
vt 0.128052 0.168457
vt 0.128662 0.174316
vt 0.123047 0.177734
vt 0.764160 0.657471
vt 0.761719 0.653076
vt 0.767578 0.654297
vt 0.113403 0.592773
vt 0.115845 0.575439
vt 0.131836 0.579346
vt 0.292725 0.708496
vt 0.299072 0.701172
vt 0.632812 0.467773
vt 0.640625 0.479004
vt 0.224121 0.284180
vt 0.190063 0.846436
vt 0.062805 0.267090
vt 0.731445 0.895508
vt 0.726074 0.903564
vt 0.880859 0.134277
vt 0.879883 0.165527
vt 0.840820 0.133789
vt 0.310059 0.321777
vt 0.309570 0.334961
vt 0.299805 0.313477
vt 0.244995 0.208496
vt 0.264160 0.232910
vt 0.249390 0.250000
vt 0.541504 0.982849
vt 0.548828 0.989304
vt 0.532715 0.998241
vt 0.086975 0.189453
vt 0.094604 0.194336
vt 0.210449 0.155762
vt 0.192627 0.162598
vt 0.187378 0.145020
vt 0.071045 0.380371
vt 0.260254 0.437988
vt 0.262207 0.446777
vt 0.655762 0.923523
vt 0.650391 0.917236
vt 0.219971 0.853882
vt 0.227173 0.859741
vt 0.218018 0.856567
vt 0.050201 0.196289
vt 0.060333 0.205078
vt 0.051178 0.202637
vt 0.670898 0.862427
vt 0.655762 0.859985
vt 0.166382 0.309570
vt 0.826172 0.799561
vt 0.128662 0.869629
vt 0.113770 0.872314
vt 0.119507 0.856812
vt 0.570312 0.784302
vt 0.591309 0.787964
vt 0.583008 0.798340
vt 0.655273 0.469238
vt 0.653809 0.477051
vt 0.197021 0.677002
vt 0.465088 0.646484
vt 0.469727 0.643311
vt 0.470459 0.658691
vt 0.463623 0.848389
vt 0.469482 0.840210
vt 0.471680 0.840454
vt 0.076843 0.363281
vt 0.985840 0.279785
vt 0.263428 0.684082
vt 0.270264 0.672607
vt 0.200317 0.409180
vt 0.214844 0.411133
vt 0.450439 0.477051
vt 0.423828 0.486816
vt 0.424561 0.464355
vt 0.645508 0.424805
vt 0.792480 0.630615
vt 0.784668 0.626221
vt 0.721680 0.395996
vt 0.719727 0.373535
vt 0.722656 0.372559
vt 0.172363 0.355469
vt 0.166504 0.365723
vt 0.665527 0.249023
vt 0.672363 0.229492
vt 0.113403 0.365723
vt 0.918945 0.486816
vt 0.927734 0.493652
vt 0.916992 0.500732
vt 0.485352 0.381836
vt 0.472900 0.376953
vt 0.005146 0.559814
vt 0.012329 0.545410
vt 0.017883 0.561523
vt 0.526855 0.967926
vt 0.103027 0.524658
vt 0.958496 0.187012
vt 0.097839 0.829834
vt 0.080200 0.837036
vt 0.431885 0.749512
vt 0.549316 0.088867
vt 0.526855 0.080566
vt 0.304688 0.597900
vt 0.297363 0.604248
vt 0.295410 0.600342
vt 0.981934 0.051270
vt 0.980957 0.044922
vt 0.228516 0.567871
vt 0.262939 0.833496
vt 0.261963 0.850098
vt 0.250977 0.830688
vt 0.046692 0.399414
vt 0.049591 0.395020
vt 0.331299 0.643311
vt 0.313232 0.644775
vt 0.321777 0.634766
vt 0.815430 0.293457
vt 0.825684 0.314941
vt 0.812012 0.319824
vt 0.735352 0.935181
vt 0.724121 0.948181
vt 0.724121 0.939941
vt 0.535156 0.733398
vt 0.522949 0.721436
vt 0.542480 0.717773
vt 0.249146 0.429199
vt 0.112549 0.755737
vt 0.122131 0.766968
vt 0.478516 0.526855
vt 0.042755 0.723389
vt 0.618652 0.879089
vt 0.621094 0.876404
vt 0.625977 0.881409
vt 0.248779 0.916626
vt 0.238159 0.926025
vt 0.239380 0.917236
vt 0.095276 0.408203
vt 0.809082 0.697266
vt 0.964355 0.471191
vt 0.971680 0.460449
vt 0.977539 0.471191
vt 0.292969 0.491211
vt 0.283936 0.486816
vt 0.897949 0.938660
vt 0.907227 0.945343
vt 0.157349 0.906433
vt 0.178223 0.913391
vt 0.292725 0.473633
vt 0.289551 0.459473
vt 0.302734 0.456543
vt 0.959473 0.697510
vt 0.948730 0.711426
vt 0.477051 0.414062
vt 0.481201 0.411133
vt 0.489502 0.419434
vt 0.257080 0.618652
vt 0.270752 0.640869
vt 0.256104 0.628662
vt 0.625488 0.660645
vt 0.612793 0.668701
vt 0.603027 0.656738
vt 0.451172 0.454590
vt 0.463623 0.492188
vt 0.053406 0.788696
vt 0.119080 0.205078
vt 0.102600 0.210938
vt 0.427002 0.853882
vt 0.420166 0.862915
vt 0.415283 0.851196
vt 0.043701 0.993858
vt 0.034943 0.986504
vt 0.059235 0.980820
vt 0.183350 0.716553
vt 0.788574 0.674561
vt 0.823730 0.272461
vt 0.816406 0.268555
vt 0.820312 0.259766
vt 0.467041 0.369141
vt 0.678223 0.518311
vt 0.673828 0.504639
vt 0.158813 0.620605
vt 0.159424 0.608154
vt 0.459961 0.394043
vt 0.456543 0.385254
vt 0.461182 0.386230
vt 0.217529 0.248047
vt 0.606934 0.903503
vt 0.616211 0.902832
vt 0.607422 0.912476
vt 0.898926 0.154785
vt 0.930176 0.163086
vt 0.917480 0.176758
vt 0.225708 0.199219
vt 0.220581 0.187500
vt 0.335449 0.425293
vt 0.652344 0.566650
vt 0.630859 0.581787
vt 0.634277 0.586182
vt 0.306152 0.957306
vt 0.291748 0.977020
vt 0.701660 0.570557
vt 0.708496 0.572754
vt 0.702637 0.576416
vt 0.970703 0.191406
vt 0.606445 0.233398
vt 0.343506 0.298828
vt 0.340088 0.318848
vt 0.326660 0.305176
vt 0.800781 0.340820
vt 0.638184 0.346191
vt 0.656250 0.353516
vt 0.234619 0.962677
vt 0.234253 0.958771
vt 0.565918 0.142090
vt 0.575195 0.155762
vt 0.559570 0.153809
vt 0.826660 0.489258
vt 0.844727 0.493164
vt 0.943359 0.859619
vt 0.954590 0.873291
vt 0.767090 0.073730
vt 0.761719 0.080078
vt 0.759766 0.076172
vt 0.982422 0.313965
vt 0.990234 0.313477
vt 0.983887 0.322266
vt 0.145142 0.059082
vt 0.650391 0.910522
vt 0.379150 0.681396
vt 0.374268 0.687988
vt 0.492920 0.283691
vt 0.130005 0.184082
vt 0.599121 0.269531
vt 0.596680 0.262695
vt 0.602051 0.265137
vt 0.146729 0.145996
vt 0.086182 0.969696
vt 0.086975 0.962555
vt 0.091553 0.964691
vt 0.130615 0.808350
vt 0.127563 0.795288
vt 0.533691 0.304688
vt 0.196655 0.250000
vt 0.877930 0.628418
vt 0.875977 0.635986
vt 0.872559 0.633301
vt 0.977539 0.218750
vt 0.978027 0.202148
vt 0.988281 0.205078
vt 0.862305 0.321777
vt 0.874023 0.328125
vt 0.099670 0.891418
vt 0.723145 0.646973
vt 0.313965 0.477539
vt 0.313965 0.466309
vt 0.328613 0.478516
vt 0.266602 0.499023
vt 0.185059 0.273438
vt 0.184326 0.029297
vt 0.425049 0.418457
vt 0.416504 0.426270
vt 0.419189 0.412598
vt 0.519531 0.245117
vt 0.508301 0.247070
vt 0.871094 0.719727
vt 0.867676 0.708252
vt 0.881836 0.708740
vt 0.949219 0.187988
vt 0.946777 0.198242
vt 0.936035 0.197754
vt 0.336670 0.487305
vt 0.338135 0.479004
vt 0.928223 0.921448
vt 0.825195 0.166504
vt 0.773926 0.769775
vt 0.782227 0.767212
vt 0.774902 0.778564
vt 0.184692 0.997028
vt 0.194702 0.997028
vt 0.190186 0.999956
vt 0.202759 0.139160
vt 0.589844 0.767578
vt 0.605469 0.765503
vt 0.570312 0.540283
vt 0.662109 0.460938
vt 0.665039 0.460449
vt 0.515137 0.063965
vt 0.523926 0.055176
vt 0.966797 0.619385
vt 0.958008 0.598633
vt 0.965332 0.599121
vt 0.586426 0.716309
vt 0.575195 0.696777
vt 0.554199 0.339844
vt 0.907715 0.394043
vt 0.893066 0.386230
vt 0.577637 0.558838
vt 0.578613 0.566650
vt 0.981445 0.175293
vt 0.246826 0.555420
vt 0.628906 0.754883
vt 0.666016 0.076660
vt 0.650391 0.066406
vt 0.625977 0.583740
vt 0.818359 0.688965
vt 0.540527 0.300781
vt 0.761719 0.961395
vt 0.762207 0.965393
vt 0.024933 0.027832
vt 0.262695 0.914246
vt 0.278809 0.921448
vt 0.268311 0.924377
vt 0.341553 0.422852
vt 0.787598 0.287109
vt 0.796387 0.282715
vt 0.800781 0.291992
vt 0.922363 0.549072
vt 0.619629 0.873779
vt 0.613281 0.871826
vt 0.610352 0.870361
vt 0.119324 0.433594
vt 0.107605 0.437500
vt 0.632812 0.068848
vt 0.233887 0.056152
vt 0.750977 0.541748
vt 0.759277 0.555176
vt 0.750000 0.552490
vt 0.660156 0.692627
vt 0.660156 0.695557
vt 0.652832 0.694824
vt 0.040405 0.374023
vt 0.164307 0.154297
vt 0.166260 0.166016
vt 0.911133 0.596924
vt 0.906738 0.593994
vt 0.394287 0.778687
vt 0.399902 0.242188
vt 0.450684 0.750122
vt 0.675781 0.164062
vt 0.405273 0.678711
vt 0.096436 0.034180
vt 0.101868 0.033691
vt 0.108826 0.055176
vt 0.751465 0.624756
vt 0.051605 0.174316
vt 0.039978 0.179199
vt 0.034088 0.170410
vt 0.088440 0.112305
vt 0.081726 0.120117
vt 0.080566 0.108887
vt 0.022812 0.078125
vt 0.002523 0.072754
vt 0.030136 0.061035
vt 0.904297 0.506348
vt 0.910645 0.506836
vt 0.480225 0.959412
vt 0.324219 0.497070
vt 0.848633 0.681885
vt 0.844727 0.679199
vt 0.317871 0.399414
vt 0.314453 0.408203
vt 0.309814 0.400391
vt 0.825195 0.596924
vt 0.108215 0.068359
vt 0.118469 0.058105
vt 0.390381 0.799561
vt 0.321045 0.202148
vt 0.308594 0.195312
vt 0.571777 0.247559
vt 0.394775 0.949402
vt 0.400391 0.944885
vt 0.405029 0.947357
vt 0.863281 0.566162
vt 0.519043 0.541992
vt 0.528809 0.554688
vt 0.790039 0.602051
vt 0.799805 0.598877
vt 0.985840 0.190430
vt 0.996094 0.175781
vt 0.995605 0.188477
vt 0.800293 0.087402
vt 0.813965 0.078613
vt 0.435547 0.167480
vt 0.779785 0.395996
vt 0.764160 0.396484
vt 0.770020 0.389160
vt 0.032959 0.117188
vt 0.028137 0.134277
vt 0.008781 0.134766
vt 0.779297 0.314941
vt 0.796875 0.306641
vt 0.243530 0.936462
vt 0.210693 0.770508
vt 0.364258 0.026367
vt 0.368164 0.035156
vt 0.996582 0.629639
vt 0.981445 0.645020
vt 0.892578 0.853394
vt 0.069580 0.627686
vt 0.885742 0.190918
vt 0.901855 0.180176
vt 0.618652 0.607666
vt 0.628906 0.616455
vt 0.618164 0.627686
vt 0.490723 0.111816
vt 0.933105 0.675049
vt 0.635254 0.303223
vt 0.644531 0.303711
vt 0.644531 0.314453
vt 0.695801 0.455566
vt 0.687012 0.448730
vt 0.692383 0.444336
vt 0.496094 0.063477
vt 0.508789 0.075684
vt 0.502441 0.080566
vt 0.179199 0.482422
vt 0.187988 0.487793
vt 0.656250 0.317383
vt 0.226074 0.527832
vt 0.208618 0.515625
vt 0.223145 0.515869
vt 0.050354 0.558105
vt 0.257812 0.951935
vt 0.822266 0.228516
vt 0.568359 0.942902
vt 0.338135 0.616455
vt 0.332031 0.617920
vt 0.321533 0.607178
vt 0.269043 0.838623
vt 0.383301 0.304688
vt 0.383545 0.319824
vt 0.270508 0.768799
vt 0.275635 0.760742
vt 0.274170 0.769653
vt 0.572266 0.446777
vt 0.577148 0.451660
vt 0.566895 0.457031
vt 0.000188 0.286133
vt 0.017395 0.280273
vt 0.006344 0.300293
vt 0.037689 0.046387
vt 0.043976 0.041016
vt 0.673828 0.206543
vt 0.694824 0.208984
vt 0.688477 0.222656
vt 0.610352 0.150391
vt 0.611816 0.156738
vt 0.122803 0.163574
vt 0.899414 0.582275
vt 0.894531 0.463379
vt 0.658691 0.465820
vt 0.653809 0.458496
vt 0.635742 0.233398
vt 0.078735 0.645020
vt 0.071167 0.645020
vt 0.540039 0.369141
vt 0.528809 0.367188
vt 0.474609 0.018066
vt 0.566406 0.072266
vt 0.265869 0.818359
vt 0.254639 0.826294
vt 0.311523 0.275391
vt 0.318848 0.279297
vt 0.357422 0.647705
vt 0.193726 0.595947
vt 0.190796 0.612061
vt 0.179932 0.603027
vt 0.871582 0.235840
vt 0.594238 0.886902
vt 0.606445 0.885132
vt 0.602539 0.895386
vt 0.466309 0.249512
vt 0.656738 0.432129
vt 0.919922 0.905640
vt 0.931641 0.907715
vt 0.138794 0.738770
vt 0.370361 0.012695
vt 0.377930 0.014160
vt 0.378662 0.021973
vt 0.274414 0.598145
vt 0.278809 0.604004
vt 0.255127 0.612061
vt 0.947754 0.448242
vt 0.957031 0.440430
vt 0.706055 0.565186
vt 0.066650 0.340332
vt 0.748047 0.663086
vt 0.224976 0.456543
vt 0.211914 0.449219
vt 0.977539 0.719482
vt 0.979980 0.705078
vt 0.991211 0.718750
vt 0.395752 0.081055
vt 0.383057 0.092773
vt 0.384521 0.077637
vt 0.368896 0.953644
vt 0.353516 0.951996
vt 0.360840 0.941956
vt 0.711426 0.649658
vt 0.104736 0.608643
vt 0.104614 0.623291
vt 0.092590 0.610840
vt 0.867188 0.883362
vt 0.465088 0.298340
vt 0.560547 0.411133
vt 0.577148 0.407715
vt 0.276855 0.911987
vt 0.958008 0.808716
vt 0.960938 0.818237
vt 0.953125 0.813232
vt 0.094727 0.287598
vt 0.082336 0.282227
vt 0.248901 0.773438
vt 0.239258 0.776123
vt 0.880859 0.858521
vt 0.879395 0.854126
vt 0.324707 0.284180
vt 0.137207 0.895020
vt 0.141602 0.888977
vt 0.542480 0.376465
vt 0.078674 0.975113
vt 0.069397 0.956848
vt 0.522949 0.778687
vt 0.523438 0.795776
vt 0.512695 0.792358
vt 0.090942 0.416992
vt 0.100342 0.422363
vt 0.092163 0.430176
vt 0.832031 0.448730
vt 0.964844 0.019043
vt 0.985352 0.003906
vt 0.986816 0.017578
vt 0.283447 0.122559
vt 0.290039 0.120117
vt 0.397705 0.709473
vt 0.410889 0.711426
vt 0.242554 0.905396
vt 0.235229 0.914917
vt 0.227661 0.913757
vt 0.848145 0.813843
vt 0.073853 0.840942
vt 0.066040 0.849487
vt 0.819336 0.612305
vt 0.824707 0.621094
vt 0.808594 0.617920
vt 0.009430 0.112305
vt 0.001738 0.105469
vt 0.020309 0.108398
vt 0.545898 0.966064
vt 0.545410 0.977814
vt 0.534668 0.967499
vt 0.253418 0.384766
vt 0.398926 0.767090
vt 0.383545 0.767456
vt 0.957520 0.145020
vt 0.954590 0.149414
vt 0.948730 0.145020
vt 0.163574 0.270508
vt 0.767578 0.896179
vt 0.760254 0.901855
vt 0.321777 0.132812
vt 0.836914 0.900513
vt 0.833008 0.909912
vt 0.027176 0.710693
vt 0.032135 0.737061
vt 0.013748 0.714355
vt 0.787598 0.696533
vt 0.774902 0.704102
vt 0.827637 0.656982
vt 0.115295 0.137207
vt 0.119690 0.124023
vt 0.121765 0.140137
vt 0.892578 0.642090
vt 0.883301 0.639404
vt 0.891602 0.636963
vt 0.143188 0.767578
vt 0.161743 0.781860
vt 0.982422 0.067383
vt 0.993652 0.076660
vt 0.977051 0.078125
vt 0.454834 0.919128
vt 0.460938 0.918152
vt 0.460938 0.928650
vt 0.855469 0.697266
vt 0.848145 0.691162
vt 0.010254 0.852173
vt 0.008057 0.839233
vt 0.013069 0.842041
vt 0.987305 0.692871
vt 0.626465 0.909668
vt 0.622070 0.918396
vt 0.264404 0.775635
vt 0.259521 0.783203
vt 0.036621 0.680664
vt 0.374512 0.723877
vt 0.366211 0.723877
vt 0.373291 0.712891
vt 0.712402 0.400879
vt 0.107666 0.162598
vt 0.755859 0.688965
vt 0.811035 0.716309
vt 0.263184 0.669922
vt 0.271240 0.663574
vt 0.812500 0.943787
vt 0.063416 0.876404
vt 0.065979 0.887817
vt 0.082642 0.461426
vt 0.078125 0.469727
vt 0.072632 0.457520
vt 0.851074 0.182129
vt 0.181396 0.463379
vt 0.797852 0.554443
vt 0.817383 0.554199
vt 0.029678 0.755615
vt 0.021133 0.773315
vt 0.009590 0.760742
vt 0.419434 0.512207
vt 0.458008 0.853760
vt 0.466064 0.861450
vt 0.456787 0.860107
vt 0.767090 0.613037
vt 0.200439 0.310547
vt 0.188843 0.316406
vt 0.187988 0.304688
vt 0.095398 0.578613
vt 0.389404 0.443359
vt 0.378662 0.431152
vt 0.416260 0.664795
vt 0.416016 0.653564
vt 0.843750 0.895386
vt 0.837891 0.888977
vt 0.613770 0.590332
vt 0.721191 0.520996
vt 0.667969 0.945190
vt 0.671875 0.956390
vt 0.781738 0.404785
vt 0.773438 0.411133
vt 0.882324 0.646484
vt 0.388672 0.283203
vt 0.388672 0.292480
vt 0.383301 0.287598
vt 0.499756 0.385254
vt 0.497314 0.374023
vt 0.947266 0.333984
vt 0.941406 0.322266
vt 0.280273 0.460449
vt 0.269043 0.461914
vt 0.269775 0.221191
vt 0.160156 0.512939
vt 0.169312 0.513428
vt 0.438232 0.419434
vt 0.433594 0.419434
vt 0.440918 0.406250
vt 0.965332 0.824097
vt 0.965820 0.835571
vt 0.475830 0.706543
vt 0.464355 0.706787
vt 0.468506 0.690430
vt 0.727539 0.377930
vt 0.887207 0.661621
vt 0.879395 0.653809
vt 0.896973 0.656494
vt 0.829590 0.728516
vt 0.831055 0.719238
vt 0.157959 0.948853
vt 0.167358 0.955811
vt 0.162964 0.958710
vt 0.228394 0.266113
vt 0.272461 0.724365
vt 0.278076 0.727783
vt 0.679199 0.327637
vt 0.124817 0.670898
vt 0.358154 0.711670
vt 0.349609 0.726562
vt 0.345459 0.723145
vt 0.472900 0.102051
vt 0.053101 0.838867
vt 0.651367 0.928467
vt 0.659180 0.942627
vt 0.659668 0.230469
vt 0.669434 0.222168
vt 0.617676 0.581787
vt 0.617188 0.571045
vt 0.623535 0.568115
vt 0.245728 0.457520
vt 0.830078 0.627441
vt 0.827148 0.634033
vt 0.711426 0.133301
vt 0.258301 0.728271
vt 0.264893 0.719971
vt 0.031921 0.104004
vt 0.018768 0.104004
vt 0.766602 0.720947
vt 0.756836 0.716797
vt 0.761719 0.712158
vt 0.950684 0.640625
vt 0.952637 0.626953
vt 0.297607 0.583496
vt 0.374268 0.871338
vt 0.695801 0.308594
vt 0.312500 0.257324
vt 0.309326 0.259277
vt 0.499023 0.723633
vt 0.047424 0.916321
vt 0.204102 0.936218
vt 0.017029 0.477539
vt 0.004585 0.473145
vt 0.014679 0.467773
vt 0.962891 0.951874
vt 0.971680 0.953857
vt 0.018127 0.950531
vt 0.027176 0.939240
vt 0.034607 0.942413
vt 0.394043 0.717773
vt 0.388184 0.726807
vt 0.379883 0.724365
vt 0.024475 0.302734
vt 0.012482 0.308594
vt 0.011230 0.300293
vt 0.213013 0.101074
vt 0.677246 0.426270
vt 0.165283 0.130859
vt 0.445557 0.931091
vt 0.456055 0.937561
vt 0.557617 0.020508
vt 0.562500 0.009277
vt 0.572266 0.009277
vt 0.999023 0.274902
vt 0.896484 0.930176
vt 0.895020 0.908386
vt 0.898926 0.920593
vt 0.452881 0.910583
vt 0.462402 0.909485
vt 0.270020 0.026855
vt 0.283447 0.008301
vt 0.282959 0.027344
vt 0.461670 0.427734
vt 0.453125 0.432129
vt 0.732422 0.217773
vt 0.739258 0.209473
vt 0.741211 0.219238
vt 0.407471 0.907593
vt 0.306152 0.912109
vt 0.314697 0.900146
vt 0.320312 0.908569
vt 0.667969 0.984596
vt 0.671387 0.985275
vt 0.200684 0.745361
vt 0.213135 0.744873
vt 0.987793 0.459961
vt 0.995117 0.467773
vt 0.988770 0.472168
vt 0.112366 0.916321
vt 0.111023 0.903503
vt 0.117126 0.912659
vt 0.997070 0.495117
vt 0.977051 0.501709
vt 0.979492 0.484375
vt 0.814453 0.431152
vt 0.812988 0.435547
vt 0.755859 0.724121
vt 0.047760 0.828613
vt 0.062225 0.815796
vt 0.052917 0.413086
vt 0.478760 0.347168
vt 0.464844 0.360352
vt 0.461914 0.347168
vt 0.037445 0.768066
vt 0.092163 0.914307
vt 0.087158 0.906128
vt 0.740234 0.904907
vt 0.732422 0.921692
vt 0.731934 0.914551
vt 0.357910 0.080566
vt 0.349365 0.080566
vt 0.303223 0.040039
vt 0.290039 0.042969
vt 0.801270 0.745605
vt 0.795898 0.746094
vt 0.958984 0.372559
vt 0.952637 0.367188
vt 0.018066 0.542969
vt 0.003040 0.542969
vt 0.009987 0.532227
vt 0.812988 0.229492
vt 0.804688 0.235352
vt 0.223877 0.883728
vt 0.221436 0.722412
vt 0.213501 0.707764
vt 0.224854 0.713379
vt 0.407227 0.858521
vt 0.411865 0.846313
vt 0.920898 0.085449
vt 0.916016 0.085938
vt 0.817871 0.870117
vt 0.224854 0.622803
vt 0.381348 0.948364
vt 0.385986 0.939209
vt 0.313965 0.291992
vt 0.308105 0.281250
vt 0.821777 0.509277
vt 0.104858 0.125000
vt 0.879395 0.047852
vt 0.885254 0.042969
vt 0.661133 0.866333
vt 0.651855 0.877502
vt 0.647949 0.871582
vt 0.407715 0.644531
vt 0.399414 0.653076
vt 0.394531 0.637695
vt 0.382324 0.828979
vt 0.396973 0.827759
vt 0.792969 0.604736
vt 0.802246 0.608398
vt 0.320557 0.075195
vt 0.338623 0.074707
vt 0.246460 0.090332
vt 0.255127 0.091309
vt 0.247681 0.093262
vt 0.865723 0.439453
vt 0.202026 0.666992
vt 0.220703 0.670410
vt 0.201050 0.671631
vt 0.396729 0.671143
vt 0.381592 0.672607
vt 0.394287 0.666016
vt 0.036743 0.939178
vt 0.025284 0.934509
vt 0.644531 0.027832
vt 0.619629 0.022461
vt 0.641113 0.020020
vt 0.057373 0.779785
vt 0.059143 0.764893
vt 0.064575 0.778564
vt 0.584473 0.557373
vt 0.286865 0.469727
vt 0.279541 0.473633
vt 0.253174 0.719238
vt 0.288086 0.718262
vt 0.687500 0.574219
vt 0.697266 0.574951
vt 0.693848 0.578613
vt 0.674805 0.354492
vt 0.290039 0.921326
vt 0.291260 0.929016
vt 0.279785 0.928528
vt 0.828613 0.924377
vt 0.116638 0.118164
vt 0.119507 0.105957
vt 0.132446 0.104980
vt 0.977539 0.573975
vt 0.996094 0.573975
vt 0.986816 0.585693
vt 0.024475 0.320801
vt 0.039490 0.322754
vt 0.932617 0.432129
vt 0.935547 0.441406
vt 0.923828 0.442871
vt 0.538574 0.900513
vt 0.544434 0.887756
vt 0.551270 0.901794
vt 0.098755 0.667725
vt 0.091858 0.674316
vt 0.085327 0.670654
vt 0.869629 0.823975
vt 0.862793 0.824951
vt 0.858398 0.816528
vt 0.670410 0.046387
vt 0.672852 0.043457
vt 0.456787 0.331055
vt 0.686035 0.537598
vt 0.683105 0.532715
vt 0.414307 0.585449
vt 0.674316 0.828491
vt 0.628906 0.662109
vt 0.824707 0.260254
vt 0.818848 0.251465
vt 0.824707 0.250000
vt 0.785156 0.864136
vt 0.793457 0.863770
vt 0.265137 0.147949
vt 0.278320 0.153320
vt 0.266602 0.154297
vt 0.626953 0.301758
vt 0.631836 0.307129
vt 0.442383 0.145020
vt 0.389404 0.004395
vt 0.385986 0.013184
vt 0.626465 0.114258
vt 0.635742 0.130371
vt 0.610840 0.124023
vt 0.824219 0.182617
vt 0.835449 0.187012
vt 0.837891 0.195801
vt 0.837891 0.632324
vt 0.843262 0.027344
vt 0.856934 0.037598
vt 0.833984 0.033691
vt 0.718262 0.107910
vt 0.721191 0.104980
vt 0.592773 0.224121
vt 0.604004 0.222656
vt 0.820801 0.862427
vt 0.976074 0.886841
vt 0.980957 0.894958
vt 0.965820 0.902344
vt 0.609375 0.134766
vt 0.273193 0.552490
vt 0.002607 0.868896
vt 0.881348 0.075684
vt 0.953613 0.496582
vt 0.976074 0.486328
vt 0.619629 0.291992
vt 0.599609 0.307129
vt 0.610840 0.283691
vt 0.674805 0.964294
vt 0.805664 0.240723
vt 0.816895 0.243164
vt 0.579590 0.387695
vt 0.573730 0.392090
vt 0.664551 0.685547
vt 0.667480 0.691162
vt 0.656738 0.685547
vt 0.933105 0.732422
vt 0.927734 0.725830
vt 0.936035 0.728760
vt 0.677734 0.361328
vt 0.682617 0.373047
vt 0.673340 0.368652
vt 0.515625 0.865112
vt 0.514648 0.882263
vt 0.509766 0.867310
vt 0.214355 0.897522
vt 0.074158 0.067383
vt 0.075623 0.055176
vt 0.244751 0.869385
vt 0.062500 0.938843
vt 0.073669 0.941895
vt 0.067261 0.950836
vt 0.196777 0.688477
vt 0.875000 0.209473
vt 0.870117 0.218750
vt 0.740234 0.833984
vt 0.188965 0.343262
vt 0.183350 0.345215
vt 0.088135 0.740967
vt 0.076538 0.749268
vt 0.208008 0.311035
vt 0.222900 0.304199
vt 0.720215 0.483398
vt 0.598633 0.145508
vt 0.605469 0.155273
vt 0.597656 0.154785
vt 0.071045 0.888672
vt 0.070190 0.884705
vt 0.735840 0.962708
vt 0.728027 0.958679
vt 0.733887 0.958008
vt 0.227783 0.500732
vt 0.216553 0.495117
vt 0.231812 0.490723
vt 0.236206 0.508789
vt 0.233887 0.513428
vt 0.392578 0.303711
vt 0.781738 0.823975
vt 0.778809 0.828979
vt 0.018799 0.404785
vt 0.003731 0.412598
vt 0.000104 0.386719
vt 0.981445 0.163574
vt 0.646484 0.371582
vt 0.568848 0.697754
vt 0.569824 0.686279
vt 0.041809 0.742920
vt 0.036560 0.733887
vt 0.387939 0.555420
vt 0.399170 0.562988
vt 0.396240 0.568848
vt 0.699707 0.563232
vt 0.925293 0.361816
vt 0.918457 0.367676
vt 0.492920 0.106934
vt 0.499023 0.110352
vt 0.365234 0.471680
vt 0.597656 0.941467
vt 0.582031 0.268066
vt 0.583984 0.255859
vt 0.949707 0.977264
vt 0.936035 0.971802
vt 0.247803 0.863037
vt 0.233032 0.861450
vt 0.495850 0.944550
vt 0.501465 0.933655
vt 0.398926 0.859741
vt 0.772949 0.077637
vt 0.780273 0.085449
vt 0.266602 0.115234
vt 0.275879 0.125977
vt 0.269775 0.120605
vt 0.066711 0.024414
vt 0.296875 0.480469
vt 0.355957 0.110352
vt 0.346191 0.114746
vt 0.963379 0.579834
vt 0.964844 0.583008
vt 0.956543 0.583252
vt 0.837402 0.152344
vt 0.088623 0.493164
vt 0.908691 0.134766
vt 0.039337 0.496094
vt 0.986816 0.810913
vt 0.836426 0.093750
vt 0.831055 0.088379
vt 0.493408 0.952240
vt 0.500000 0.270020
vt 0.007610 0.977966
vt 0.010277 0.967285
vt 0.430176 0.056152
vt 0.423340 0.071289
vt 0.416992 0.060059
vt 0.038025 0.404785
vt 0.049835 0.406738
vt 0.985840 0.557617
vt 0.987793 0.562256
vt 0.985352 0.563477
vt 0.760254 0.083984
vt 0.314941 0.564697
vt 0.187988 0.733154
vt 0.198975 0.737549
vt 0.956055 0.473145
vt 0.435303 0.188477
vt 0.877441 0.597168
vt 0.987793 0.387695
vt 0.272461 0.799683
vt 0.685547 0.450684
vt 0.184692 0.162598
vt 0.180298 0.158691
vt 0.411865 0.893433
vt 0.225952 0.031250
vt 0.486816 0.519775
vt 0.616699 0.452637
vt 0.661133 0.837036
vt 0.661621 0.826050
vt 0.448975 0.124023
vt 0.450195 0.133789
vt 0.057007 0.159668
vt 0.052704 0.168945
vt 0.049225 0.162109
vt 0.583496 0.280762
vt 0.590820 0.270996
vt 0.591309 0.278320
vt 0.367920 0.180176
vt 0.199585 0.683105
vt 0.211670 0.687256
vt 0.627930 0.889526
vt 0.635742 0.890320
vt 0.627930 0.892151
vt 0.816406 0.201172
vt 0.807129 0.196777
vt 0.017426 0.831177
vt 0.188477 0.563721
vt 0.202759 0.558350
vt 0.208984 0.575439
vt 0.927734 0.391602
vt 0.919434 0.395996
vt 0.350830 0.454102
vt 0.337158 0.447266
vt 0.337646 0.442383
vt 0.475342 0.428711
vt 0.465820 0.417480
vt 0.073792 0.808716
vt 0.077820 0.800903
vt 0.081177 0.802612
vt 0.643555 0.755005
vt 0.381592 0.023926
vt 0.381348 0.037109
vt 0.834473 0.683350
vt 0.821777 0.679932
vt 0.038391 0.907593
vt 0.387451 0.656982
vt 0.318604 0.738281
vt 0.332520 0.739502
vt 0.629883 0.527588
vt 0.629883 0.521729
vt 0.643066 0.528809
vt 0.909668 0.480957
vt 0.920410 0.475098
vt 0.662109 0.746582
vt 0.390381 0.909180
vt 0.403809 0.927002
vt 0.498535 0.438965
vt 0.515625 0.430664
vt 0.526367 0.446289
vt 0.971680 0.377441
vt 0.103760 0.456055
vt 0.091858 0.458496
vt 0.090820 0.454590
vt 0.436035 0.428223
vt 0.434326 0.431152
vt 0.789551 0.691895
vt 0.805176 0.671387
vt 0.806641 0.686035
vt 0.450439 0.661865
vt 0.452881 0.669189
vt 0.779297 0.735840
vt 0.767578 0.737793
vt 0.782715 0.728271
vt 0.543945 0.611328
vt 0.537598 0.613037
vt 0.070007 0.498535
vt 0.089233 0.503662
vt 0.202148 0.581299
vt 0.182373 0.589111
vt 0.723145 0.930603
vt 0.051575 0.182617
vt 0.066711 0.179688
vt 0.069275 0.185547
vt 0.657227 0.895691
vt 0.646484 0.895508
vt 0.766113 0.308105
vt 0.564453 0.185547
vt 0.567383 0.173340
vt 0.695801 0.803223
vt 0.148193 0.896240
vt 0.139526 0.751465
vt 0.139038 0.758789
vt 0.122620 0.755615
vt 0.460693 0.666748
vt 0.609375 0.117188
vt 0.597168 0.116699
vt 0.393555 0.549072
vt 0.916504 0.513184
vt 0.914062 0.525635
vt 0.901855 0.519531
vt 0.314941 0.520508
vt 0.327148 0.525635
vt 0.281006 0.484375
vt 0.350586 0.438965
vt 0.342285 0.434570
vt 0.123474 0.024902
vt 0.046112 0.352539
vt 0.208130 0.706055
vt 0.220215 0.702148
vt 0.930176 0.266113
vt 0.874023 0.892151
vt 0.890625 0.879211
vt 0.891113 0.904297
vt 0.738770 0.429199
vt 0.730469 0.441406
vt 0.732422 0.432617
vt 0.103638 0.408691
vt 0.806152 0.546387
vt 0.821289 0.546387
vt 0.478760 0.969528
vt 0.475586 0.972153
vt 0.024902 0.442383
vt 0.169922 0.939331
vt 0.174805 0.932251
vt 0.181396 0.943604
vt 0.619629 0.586670
vt 0.619141 0.593750
vt 0.172485 0.754272
vt 0.165894 0.770142
vt 0.149048 0.753296
vt 0.519043 0.230957
vt 0.677246 0.969315
vt 0.123413 0.701904
vt 0.123535 0.697266
vt 0.133911 0.699463
vt 0.885254 0.864258
vt 0.903809 0.866211
vt 0.486084 0.858643
vt 0.485596 0.879395
vt 0.137207 0.249023
vt 0.134521 0.256836
vt 0.736328 0.175781
vt 0.743164 0.187012
vt 0.968262 0.910461
vt 0.951660 0.901550
vt 0.904297 0.175293
vt 0.918457 0.182129
vt 0.707520 0.317383
vt 0.711914 0.322754
vt 0.704102 0.319824
vt 0.862793 0.747314
vt 0.869629 0.735107
vt 0.333984 0.470703
vt 0.224854 0.777588
vt 0.240845 0.418457
vt 0.300293 0.139648
vt 0.308350 0.144043
vt 0.712402 0.923340
vt 0.706055 0.914917
vt 0.923340 0.932434
vt 0.288574 0.501221
vt 0.276611 0.504883
vt 0.447510 0.674316
vt 0.629395 0.514160
vt 0.630371 0.495605
vt 0.254150 0.805176
vt 0.244263 0.797729
vt 0.649414 0.693115
vt 0.651367 0.696045
vt 0.645020 0.693848
vt 0.265137 0.976578
vt 0.253418 0.976410
vt 0.686035 0.966248
vt 0.687988 0.960785
vt 0.541016 0.139648
vt 0.544434 0.145996
vt 0.535645 0.151367
vt 0.637695 0.372070
vt 0.366211 0.910645
vt 0.341553 0.494141
vt 0.316650 0.761353
vt 0.578125 0.023926
vt 0.560547 0.040039
vt 0.566406 0.023926
vt 0.929688 0.565674
vt 0.918945 0.555420
vt 0.930176 0.557129
vt 0.657715 0.984116
vt 0.246094 0.399414
vt 0.249512 0.390137
vt 0.405762 0.097168
vt 0.411621 0.083008
vt 0.090637 0.237793
vt 0.088318 0.243652
vt 0.487061 0.462891
vt 0.545410 0.920959
vt 0.551270 0.941956
vt 0.404297 0.079102
vt 0.397461 0.065918
vt 0.410400 0.062988
vt 0.186890 0.182129
vt 0.191895 0.177246
vt 0.508301 0.895447
vt 0.507812 0.883972
vt 0.544922 0.908630
vt 0.615723 0.992626
vt 0.624512 0.986069
vt 0.626953 0.991844
vt 0.059906 0.750732
vt 0.042542 0.748047
vt 0.284912 0.301270
vt 0.902344 0.546143
vt 0.665527 0.361816
vt 0.354980 0.853882
vt 0.362793 0.838867
vt 0.064880 0.059570
vt 0.054260 0.053711
vt 0.698242 0.096191
vt 0.704590 0.102051
vt 0.697266 0.107910
vt 0.794434 0.269531
vt 0.395508 0.602051
vt 0.415771 0.614990
vt 0.395752 0.611328
vt 0.382080 0.650146
vt 0.373047 0.657959
vt 0.375244 0.632812
vt 0.358643 0.901550
vt 0.355225 0.908142
vt 0.351318 0.903931
vt 0.621094 0.350098
vt 0.594727 0.365723
vt 0.378174 0.730469
vt 0.828613 0.097656
vt 0.145142 0.602539
vt 0.033722 0.924072
vt 0.131714 0.672852
vt 0.146484 0.667480
vt 0.482910 0.499023
vt 0.492676 0.498047
vt 0.488770 0.502686
vt 0.903809 0.820557
vt 0.909180 0.813843
vt 0.907227 0.827393
vt 0.946777 0.394043
vt 0.944824 0.375000
vt 0.950684 0.383301
vt 0.555176 0.140137
vt 0.946289 0.239258
vt 0.945312 0.226074
vt 0.353760 0.879944
vt 0.019470 0.284180
vt 0.648438 0.060547
vt 0.653809 0.053711
vt 0.276855 0.124023
vt 0.927246 0.482422
vt 0.145996 0.044434
vt 0.150757 0.049316
vt 0.301025 0.923889
vt 0.037354 0.199707
vt 0.558594 0.426270
vt 0.558594 0.437988
vt 0.841797 0.130371
vt 0.981934 0.906555
vt 0.547852 0.341797
vt 0.386230 0.564697
vt 0.380615 0.560791
vt 0.503906 0.965546
vt 0.513672 0.965851
vt 0.506348 0.971863
vt 0.283203 0.732666
vt 0.288574 0.733887
vt 0.284180 0.738037
vt 0.937012 0.832520
vt 0.955566 0.847290
vt 0.938477 0.848022
vt 0.615234 0.260254
vt 0.611816 0.262695
vt 0.378418 0.660645
vt 0.300049 0.890564
vt 0.861328 0.867065
vt 0.847656 0.868286
vt 0.852539 0.859131
vt 0.862305 0.856934
vt 0.044586 0.154297
vt 0.035706 0.161621
vt 0.123352 0.459961
vt 0.473389 0.661865
vt 0.098816 0.186523
vt 0.750488 0.878906
vt 0.748535 0.893738
vt 0.533203 0.454590
vt 0.442383 0.002441
vt 0.447021 0.012207
vt 0.428223 0.014648
vt 0.184814 0.541748
vt 0.196289 0.537354
vt 0.017105 0.021973
vt 0.007675 0.033691
vt 0.268066 0.119141
vt 0.827148 0.711426
vt 0.621094 0.088379
vt 0.612305 0.086914
vt 0.849609 0.973221
vt 0.842773 0.993385
vt 0.842773 0.971375
vt 0.747559 0.911804
vt 0.736816 0.925842
vt 0.745605 0.905518
vt 0.209961 0.654297
vt 0.222290 0.655762
vt 0.220459 0.659912
vt 0.639160 0.930542
vt 0.729004 0.318359
vt 0.720703 0.318359
vt 0.139526 0.307129
vt 0.522461 0.160156
vt 0.317871 0.575684
vt 0.592285 0.418457
vt 0.967285 0.479492
vt 0.955078 0.478027
vt 0.396484 0.091797
vt 0.122925 0.092285
vt 0.103210 0.088379
vt 0.132812 0.080566
vt 0.780273 0.793335
vt 0.916504 0.925171
vt 0.972168 0.604736
vt 0.968262 0.588623
vt 0.761719 0.416992
vt 0.774902 0.610840
vt 0.154663 0.814209
vt 0.138916 0.820923
vt 0.369385 0.108887
vt 0.362793 0.108398
vt 0.710938 0.276855
vt 0.341553 0.084473
vt 0.462646 0.438477
vt 0.778809 0.811523
vt 0.092957 0.145508
vt 0.749512 0.280273
vt 0.754395 0.288086
vt 0.990723 0.352051
vt 0.333252 0.463379
vt 0.319824 0.459961
vt 0.862793 0.809570
vt 0.302979 0.985939
vt 0.980957 0.115723
vt 0.998047 0.121094
vt 0.990723 0.128906
vt 0.557129 0.920410
vt 0.195679 0.627686
vt 0.206543 0.633057
vt 0.202148 0.654053
vt 0.623535 0.331543
vt 0.849609 0.401855
vt 0.835938 0.396973
vt 0.620605 0.564941
vt 0.169800 0.092773
vt 0.153931 0.104492
vt 0.510254 0.759155
vt 0.521973 0.765625
vt 0.517090 0.772949
vt 0.223755 0.661865
vt 0.018341 0.440918
vt 0.020065 0.430176
vt 0.031921 0.437500
vt 0.552734 0.153809
vt 0.188110 0.172363
vt 0.176880 0.170410
vt 0.191528 0.169434
vt 0.065247 0.465332
vt 0.306641 0.852661
vt 0.311035 0.864014
vt 0.300781 0.859131
vt 0.301758 0.737061
vt 0.302734 0.747070
vt 0.608398 0.615723
vt 0.540039 0.447754
vt 0.679688 0.229980
vt 0.388672 0.582520
vt 0.383789 0.573242
vt 0.468018 0.050781
vt 0.674316 0.685303
vt 0.259521 0.487793
vt 0.782227 0.774780
vt 0.294434 0.267578
vt 0.308838 0.274902
vt 0.088867 0.955383
vt 0.087463 0.947906
vt 0.200195 0.125977
vt 0.204590 0.117676
vt 0.216309 0.127441
vt 0.681152 0.728271
vt 0.692383 0.710693
vt 0.477539 0.895386
vt 0.496338 0.974854
vt 0.437500 0.317871
vt 0.418213 0.312988
vt 0.432617 0.283203
vt 0.407471 0.058594
vt 0.398193 0.060547
vt 0.451172 0.758789
vt 0.057800 0.656250
vt 0.876465 0.944672
vt 0.881836 0.935974
vt 0.187012 0.557617
vt 0.691895 0.868774
vt 0.713379 0.862793
vt 0.698730 0.880188
vt 0.481934 0.489746
vt 0.488281 0.494141
vt 0.091980 0.035156
vt 0.085022 0.033203
vt 0.625488 0.736084
vt 0.609863 0.749512
vt 0.594238 0.713623
vt 0.092590 0.094238
vt 0.097412 0.079102
vt 0.100037 0.087891
vt 0.646484 0.518555
vt 0.650391 0.513672
vt 0.422852 0.684326
vt 0.915527 0.853027
vt 0.943359 0.547119
vt 0.960449 0.563232
vt 0.089417 0.972733
vt 0.927734 0.002441
vt 0.228271 0.397461
vt 0.239014 0.400879
vt 0.222290 0.404785
vt 0.218506 0.785034
vt 0.114319 0.625732
vt 0.234131 0.121582
vt 0.231689 0.132324
vt 0.747070 0.530518
vt 0.310547 0.812866
vt 0.051086 0.763062
vt 0.344482 0.937561
vt 0.346436 0.925903
vt 0.349854 0.932251
vt 0.732910 0.039062
vt 0.756348 0.045410
vt 0.642090 0.986519
vt 0.110962 0.498535
vt 0.105225 0.497070
vt 0.216309 0.666016
vt 0.225342 0.667480
vt 0.687988 0.043945
vt 0.788086 0.466797
vt 0.487061 0.745850
vt 0.671875 0.287109
vt 0.660645 0.293945
vt 0.672363 0.980118
vt 0.254883 0.362305
vt 0.253418 0.373047
vt 0.802246 0.579834
vt 0.812988 0.583496
vt 0.429443 0.266602
vt 0.418945 0.257812
vt 0.175781 0.629883
vt 0.497559 0.185059
vt 0.634277 0.142090
vt 0.626953 0.146973
vt 0.611816 0.985718
vt 0.617676 0.982376
vt 0.773438 0.720459
vt 0.780762 0.723389
vt 0.770020 0.727051
vt 0.776855 0.569824
vt 0.793945 0.571289
vt 0.781738 0.579590
vt 0.969238 0.426758
vt 0.953613 0.422852
vt 0.958984 0.411621
vt 0.622070 0.779053
vt 0.958984 0.587158
vt 0.113037 0.053711
vt 0.279541 0.408691
vt 0.289795 0.410645
vt 0.617188 0.100586
vt 0.621094 0.092773
vt 0.045227 0.167480
vt 0.362549 0.726562
vt 0.893555 0.684814
vt 0.634766 0.981354
vt 0.626953 0.970505
vt 0.636230 0.969727
vt 0.340820 0.875732
vt 0.352051 0.849365
vt 0.294678 0.537598
vt 0.286865 0.528809
vt 0.295166 0.529053
vt 0.861328 0.956085
vt 0.862793 0.966492
vt 0.811523 0.268555
vt 0.880371 0.507812
vt 0.885254 0.509766
vt 0.880859 0.519287
vt 0.741211 0.761841
vt 0.754395 0.781128
vt 0.742188 0.785278
vt 0.275146 0.238281
vt 0.281250 0.227539
vt 0.316650 0.588379
vt 0.335449 0.598145
vt 0.326416 0.603760
vt 0.210083 0.807495
vt 0.953125 0.575684
vt 0.962402 0.567627
vt 0.958496 0.578857
vt 0.770508 0.812866
vt 0.776855 0.816528
vt 0.203003 0.794678
vt 0.244263 0.291016
vt 0.843750 0.888611
vt 0.087219 0.921997
vt 0.078613 0.924255
vt 0.979980 0.846924
vt 0.327393 0.175781
vt 0.313965 0.175781
vt 0.308594 0.166992
vt 0.541504 0.964050
vt 0.533691 0.964020
vt 0.538086 0.955597
vt 0.970703 0.948181
vt 0.516602 0.085938
vt 0.527344 0.314453
vt 0.175171 0.387207
vt 0.157471 0.373535
vt 0.270264 0.751831
vt 0.261230 0.769165
vt 0.642578 0.856689
vt 0.332520 0.577148
vt 0.330811 0.571777
vt 0.585938 0.326172
vt 0.584961 0.334473
vt 0.916016 0.833618
vt 0.331787 0.399414
vt 0.338623 0.410156
vt 0.332275 0.414062
vt 0.683105 0.496582
vt 0.962402 0.017090
vt 0.958008 0.006348
vt 0.977539 0.001953
vt 0.385986 0.713867
vt 0.378662 0.718506
vt 0.815918 0.186035
vt 0.805176 0.172852
vt 0.816895 0.174316
vt 0.709473 0.721924
vt 0.716797 0.730225
vt 0.583984 0.740234
vt 0.521973 0.587891
vt 0.490967 0.606201
vt 0.487061 0.598389
vt 0.178223 0.444824
vt 0.934082 0.269043
vt 0.916016 0.268066
vt 0.714355 0.567139
vt 0.506836 0.924316
vt 0.828125 0.285156
vt 0.828613 0.277344
vt 0.992676 0.920837
vt 0.707031 0.333984
vt 0.463379 0.330078
vt 0.306641 0.550781
vt 0.307861 0.556885
vt 0.297363 0.556152
vt 0.273438 0.704590
vt 0.310547 0.305176
vt 0.280518 0.984055
vt 0.758789 0.869507
vt 0.757324 0.881592
vt 0.751465 0.872803
vt 0.583008 0.510254
vt 0.583984 0.505127
vt 0.586426 0.509033
vt 0.582520 0.501953
vt 0.585449 0.499023
vt 0.182861 0.657715
vt 0.178345 0.663330
vt 0.170654 0.658203
vt 0.768066 0.700928
vt 0.754883 0.702393
vt 0.770020 0.695312
vt 0.947266 0.946503
vt 0.218018 0.598633
vt 0.619141 0.838989
vt 0.597656 0.844604
vt 0.611816 0.817871
vt 0.834961 0.202637
vt 0.832520 0.211914
vt 0.032501 0.284180
vt 0.260498 0.489746
vt 0.826660 0.695068
vt 0.074951 0.568604
vt 0.222290 0.599365
vt 0.313477 0.855225
vt 0.318848 0.847046
vt 0.340576 0.858887
vt 0.092529 0.323242
vt 0.080261 0.305176
vt 0.101257 0.304199
vt 0.361572 0.931702
vt 0.352051 0.944275
vt 0.009499 0.740479
vt 0.008087 0.756714
vt 0.000550 0.740234
vt 0.103271 0.686035
vt 0.107300 0.697510
vt 0.313477 0.924438
vt 0.325195 0.925476
vt 0.312012 0.932922
vt 0.242798 0.092285
vt 0.947266 0.057617
vt 0.936523 0.064453
vt 0.937012 0.048828
vt 0.824219 0.920898
vt 0.820312 0.899109
vt 0.713379 0.078125
vt 0.722168 0.082520
vt 0.718750 0.094238
vt 0.146240 0.085938
vt 0.784668 0.845215
vt 0.781738 0.830200
vt 0.805664 0.830078
vt 0.014618 0.639160
vt 0.012100 0.633057
vt 0.824707 0.188477
vt 0.822754 0.196289
vt 0.667969 0.592773
vt 0.647949 0.295410
vt 0.922852 0.763550
vt 0.921875 0.375000
vt 0.873047 0.999878
vt 0.891602 0.975159
vt 0.908203 0.998297
vt 0.327393 0.839966
vt 0.780273 0.029297
vt 0.568848 0.134277
vt 0.045898 0.145020
vt 0.036896 0.141113
vt 0.043243 0.918152
vt 0.028305 0.915283
vt 0.950195 0.970108
vt 0.941406 0.966064
vt 0.756836 0.007324
vt 0.752441 0.008789
vt 0.650879 0.572754
vt 0.639648 0.569824
vt 0.383545 0.113281
vt 0.388184 0.120117
vt 0.373047 0.116211
vt 0.768555 0.714111
vt 0.976074 0.781006
vt 0.985840 0.790771
vt 0.960449 0.790771
vt 0.132690 0.290527
vt 0.125366 0.280273
vt 0.148193 0.275391
vt 0.692871 0.506592
vt 0.891602 0.477051
vt 0.361328 0.463867
vt 0.347412 0.465820
vt 0.942871 0.793457
vt 0.938965 0.785645
vt 0.960938 0.770142
vt 0.118042 0.075195
vt 0.121460 0.068848
vt 0.075623 0.249023
vt 0.057434 0.251465
vt 0.074341 0.233887
vt 0.206421 0.660400
vt 0.635742 0.314941
vt 0.627930 0.306152
vt 0.951172 0.157715
vt 0.069641 0.161621
vt 0.064026 0.165527
vt 0.083618 0.251465
vt 0.683105 0.975479
vt 0.676758 0.973923
vt 0.380371 0.166992
vt 0.357178 0.172363
vt 0.787109 0.905762
vt 0.799316 0.906433
vt 0.207886 0.484863
vt 0.100281 0.074219
vt 0.101868 0.080566
vt 0.844238 0.877625
vt 0.842773 0.867065
vt 0.958496 0.858398
vt 0.978027 0.858398
vt 0.963867 0.862671
vt 0.327393 0.629395
vt 0.326904 0.619629
vt 0.155273 0.078613
vt 0.151367 0.069824
vt 0.887695 0.557129
vt 0.736816 0.458984
vt 0.728516 0.446777
vt 0.578125 0.921875
vt 0.560059 0.779785
vt 0.532227 0.778931
vt 0.753418 0.899170
vt 0.752930 0.590820
vt 0.090637 0.792969
vt 0.080200 0.783569
vt 0.652832 0.974823
vt 0.530762 0.235352
vt 0.521484 0.237793
vt 0.166016 0.177734
vt 0.749023 0.417969
vt 0.356445 0.763672
vt 0.364258 0.777954
vt 0.342529 0.781372
vt 0.156128 0.884705
vt 0.917969 0.917114
vt 0.776367 0.069824
vt 0.782715 0.080566
vt 0.609863 0.583984
vt 0.020660 0.641602
vt 0.236572 0.305176
vt 0.503418 0.581299
vt 0.487061 0.582520
vt 0.128296 0.907593
vt 0.131348 0.903931
vt 0.810547 0.032715
vt 0.373291 0.930420
vt 0.946777 0.364746
vt 0.949219 0.350098
vt 0.677734 0.039551
vt 0.630371 0.014648
vt 0.100525 0.360352
vt 0.608887 0.520996
vt 0.601074 0.510254
vt 0.792480 0.923584
vt 0.276611 0.782593
vt 0.282959 0.784668
vt 0.916504 0.724609
vt 0.916016 0.719727
vt 0.393555 0.522217
vt 0.402832 0.517822
vt 0.394531 0.531250
vt 0.076233 0.703125
vt 0.090210 0.704590
vt 0.076294 0.711182
vt 0.959961 0.617188
vt 0.840820 0.676025
vt 0.839844 0.654053
vt 0.845703 0.663818
vt 0.974121 0.430176
vt 0.976562 0.427734
vt 0.557617 0.047852
vt 0.312988 0.783447
vt 0.321777 0.792969
vt 0.309326 0.784912
vt 0.437988 0.763062
vt 0.443359 0.762085
vt 0.930176 0.721436
vt 0.925781 0.849976
vt 0.928711 0.855957
vt 0.563965 0.000488
vt 0.578125 0.001953
vt 0.228149 0.293457
vt 0.870605 0.500244
vt 0.875977 0.504883
vt 0.866699 0.509277
vt 0.738770 0.251953
vt 0.744141 0.238770
vt 0.741699 0.258301
vt 0.166016 0.683838
vt 0.163208 0.690186
vt 0.156738 0.674561
vt 0.749512 0.257812
vt 0.083557 0.800293
vt 0.083557 0.792480
vt 0.136719 0.779175
vt 0.298584 0.848511
vt 0.299316 0.839966
vt 0.423828 0.385254
vt 0.414551 0.392578
vt 0.013191 0.579590
vt 0.007187 0.570068
vt 0.890625 0.835571
vt 0.809082 0.187012
vt 0.797363 0.176758
vt 0.179810 0.422852
vt 0.192139 0.417969
vt 0.779297 0.627197
vt 0.721191 0.582520
vt 0.088013 0.081055
vt 0.092041 0.076660
vt 0.551270 0.035156
vt 0.762207 0.950989
vt 0.738281 0.309082
vt 0.024323 0.527832
vt 0.022461 0.541504
vt 0.008606 0.525146
vt 0.182861 0.506592
vt 0.380371 0.078125
vt 0.376709 0.090820
vt 0.221436 0.473145
vt 0.766602 0.991859
vt 0.749023 0.995392
vt 0.899414 0.474121
vt 0.354736 0.396484
vt 0.351807 0.382324
vt 0.361328 0.384766
vt 0.593262 0.513428
vt 0.331299 0.097656
vt 0.322754 0.103516
vt 0.857910 0.792603
vt 0.448975 0.442871
vt 0.443115 0.432617
vt 0.773926 0.497559
vt 0.917969 0.592529
vt 0.709473 0.085938
vt 0.233887 0.176758
vt 0.078979 0.872803
vt 0.873047 0.973282
vt 0.102539 0.242676
vt 0.558594 0.337402
vt 0.822266 0.818359
vt 0.816895 0.835083
vt 0.663574 0.967438
vt 0.886230 0.457520
vt 0.003185 0.626465
vt 0.065430 0.571533
vt 0.454590 0.361816
vt 0.441650 0.353027
vt 0.594727 0.731201
vt 0.978516 0.561035
vt 0.490234 0.378418
vt 0.317383 0.916260
vt 0.590820 0.065430
vt 0.608398 0.068359
vt 0.232666 0.697021
vt 0.228271 0.696289
vt 0.782715 0.558350
vt 0.796387 0.565186
vt 0.121216 0.379883
vt 0.121277 0.404785
vt 0.150635 0.800415
vt 0.285645 0.750854
vt 0.287842 0.762329
vt 0.395752 0.836670
vt 0.906738 0.917664
vt 0.488037 0.895752
vt 0.492676 0.872070
vt 0.140015 0.594482
vt 0.158203 0.833618
vt 0.432129 0.041016
vt 0.411621 0.048828
vt 0.463379 0.242188
vt 0.477539 0.244629
vt 0.210205 0.801025
vt 0.236450 0.801025
vt 0.935059 0.534424
vt 0.161377 0.666016
vt 0.147095 0.660889
vt 0.255859 0.662109
vt 0.260010 0.656006
vt 0.340332 0.393555
vt 0.328857 0.392578
vt 0.681152 0.881226
vt 0.270020 0.776245
vt 0.536133 0.198242
vt 0.537598 0.190430
vt 0.545410 0.192871
vt 0.159546 0.648926
vt 0.165771 0.655518
vt 0.157593 0.660889
vt 0.575684 0.507812
vt 0.581055 0.497070
vt 0.376709 0.816162
vt 0.368896 0.823853
vt 0.368896 0.813599
vt 0.911621 0.602539
vt 0.298096 0.088379
vt 0.488770 0.815430
vt 0.121826 0.800537
vt 0.597656 0.446777
vt 0.406006 0.673340
vt 0.320801 0.783081
vt 0.431885 0.673096
vt 0.121704 0.554932
vt 0.260986 0.894653
vt 0.980469 0.991577
vt 0.985352 0.991753
vt 0.975098 0.994373
vt 0.824219 0.883423
vt 0.285645 0.895386
vt 0.627441 0.694336
vt 0.621582 0.695068
vt 0.627930 0.688721
vt 0.572754 0.879395
vt 0.871094 0.636230
vt 0.420898 0.903625
vt 0.971191 0.992706
vt 0.982422 0.989235
vt 0.661133 0.176270
vt 0.646484 0.154297
vt 0.661133 0.297363
vt 0.659668 0.302734
vt 0.655762 0.299805
vt 0.523926 0.665039
vt 0.082397 0.952484
vt 0.468506 0.682617
vt 0.932617 0.867432
vt 0.130859 0.970520
vt 0.015274 0.912781
vt 0.026520 0.923523
vt 0.751465 0.750610
vt 0.849121 0.497070
vt 0.861328 0.495117
vt 0.264160 0.505859
vt 0.132202 0.828491
vt 0.135498 0.832153
vt 0.129517 0.833374
vt 0.110840 0.247559
vt 0.784668 0.514160
vt 0.288574 0.319824
vt 0.281738 0.319824
vt 0.225342 0.928955
vt 0.591309 0.087402
vt 0.589355 0.080566
vt 0.052216 0.105957
vt 0.092407 0.666504
vt 0.091980 0.658691
vt 0.393066 0.783203
vt 0.304199 0.934937
vt 0.537598 0.125488
vt 0.540527 0.133789
vt 0.447510 0.341797
vt 0.685547 0.949615
vt 0.915527 0.228516
vt 0.702637 0.227051
vt 0.018890 0.520020
vt 0.292969 0.567871
vt 0.158325 0.467773
vt 0.799805 0.979477
vt 0.052277 0.500244
vt 0.063293 0.492188
vt 0.520508 0.415527
vt 0.435303 0.068359
vt 0.557617 0.724609
vt 0.208374 0.893921
vt 0.086914 0.023438
vt 0.091980 0.024414
vt 0.087463 0.026367
vt 0.557617 0.887024
vt 0.567383 0.891541
vt 0.890137 0.299805
vt 0.886719 0.285645
vt 0.895996 0.291016
vt 0.775879 0.847412
vt 0.893066 0.306152
vt 0.875977 0.314453
vt 0.708008 0.222656
vt 0.625488 0.980438
vt 0.273682 0.177246
vt 0.000045 0.699707
vt 0.011009 0.709961
vt 0.000820 0.708496
vt 0.819336 0.765747
vt 0.816895 0.772705
vt 0.299072 0.392090
vt 0.418945 0.282227
vt 0.126465 0.135254
vt 0.127686 0.127441
vt 0.129883 0.135254
vt 0.896484 0.504883
vt 0.887207 0.511475
vt 0.890625 0.503662
vt 0.882812 0.919434
vt 0.078125 0.847046
vt 0.257812 0.718262
vt 0.264893 0.718018
vt 0.838379 0.648926
vt 0.938477 0.646240
vt 0.920898 0.660889
vt 0.922363 0.637939
vt 0.002813 0.728760
vt 0.006779 0.723145
vt 0.767090 0.273438
vt 0.185059 0.079590
vt 0.839355 0.782593
vt 0.830566 0.768555
vt 0.475342 0.309082
vt 0.477051 0.301758
vt 0.795898 0.047363
vt 0.950684 0.662842
vt 0.958496 0.661621
vt 0.960938 0.666748
vt 0.877930 0.974487
vt 0.854004 0.456055
vt 0.227173 0.383789
vt 0.274414 0.259766
vt 0.274658 0.717285
vt 0.175049 0.346191
vt 0.047272 0.461426
vt 0.249878 0.642090
vt 0.237793 0.630859
vt 0.263916 0.715332
vt 0.865234 0.792603
vt 0.576660 0.114258
vt 0.580566 0.105469
vt 0.245850 0.731201
vt 0.770508 0.876160
vt 0.781738 0.374512
vt 0.931641 0.168457
vt 0.985840 0.804321
vt 0.981934 0.807495
vt 0.869629 0.358887
vt 0.166504 0.663818
vt 0.650879 0.815308
vt 0.638184 0.822510
vt 0.631348 0.815063
vt 0.764648 0.808350
vt 0.758301 0.813232
vt 0.714355 0.489746
vt 0.844727 0.808716
vt 0.843262 0.823120
vt 0.840820 0.813477
vt 0.482178 0.101562
vt 0.991699 0.356445
vt 0.918457 0.713623
vt 0.586914 0.111328
vt 0.720215 0.868530
vt 0.724609 0.868408
vt 0.087463 0.120605
vt 0.090881 0.157715
vt 0.913086 0.348633
vt 0.650391 0.672852
vt 0.121826 0.900818
vt 0.245605 0.060059
vt 0.310059 0.120117
vt 0.644043 0.901489
vt 0.850098 0.806030
vt 0.670898 0.641602
vt 0.655762 0.646729
vt 0.977051 0.819214
vt 0.532227 0.807617
vt 0.729980 0.122070
vt 0.726074 0.109375
vt 0.265625 0.125000
vt 0.261230 0.126465
vt 0.256836 0.013672
vt 0.345947 0.173828
vt 0.065918 0.519775
vt 0.065796 0.511230
vt 0.638184 0.995472
vt 0.066956 0.801758
vt 0.388428 0.104004
vt 0.395996 0.115234
vt 0.342773 0.683350
vt 0.334473 0.678223
vt 0.491211 0.400391
vt 0.480957 0.399414
vt 0.127563 0.350098
vt 0.131714 0.365723
vt 0.811035 0.955994
vt 0.652832 0.305664
vt 0.119324 0.634033
vt 0.133789 0.624756
vt 0.349609 0.877808
vt 0.028610 0.685059
vt 0.013046 0.697510
vt 0.015656 0.666504
vt 0.350830 0.787109
vt 0.333496 0.792480
vt 0.323730 0.336914
vt 0.657715 0.119629
vt 0.649414 0.143555
vt 0.060791 0.083008
vt 0.026657 0.095703
vt 0.031647 0.066406
vt 0.420410 0.772339
vt 0.544922 0.788330
vt 0.055054 0.787354
vt 0.549805 0.220703
vt 0.562012 0.216309
vt 0.488525 0.914368
vt 0.271240 0.309082
vt 0.273438 0.298340
vt 0.277100 0.308594
vt 0.873047 0.686035
vt 0.861328 0.682373
vt 0.508301 0.516113
vt 0.013138 0.993935
vt 0.241333 0.104004
vt 0.244385 0.108398
vt 0.901855 0.514160
vt 0.706055 0.114258
vt 0.411377 0.127930
vt 0.422607 0.648682
vt 0.729004 0.407227
vt 0.530762 0.411621
vt 0.736816 0.052246
vt 0.798828 0.120117
vt 0.796875 0.115723
vt 0.100647 0.072266
vt 0.860840 0.878296
vt 0.852539 0.874146
vt 0.872070 0.067871
vt 0.188843 0.263184
vt 0.114868 0.666260
vt 0.680176 0.523193
vt 0.753906 0.762451
vt 0.764160 0.766724
vt 0.361816 0.854248
vt 0.820312 0.940674
vt 0.055450 0.936218
vt 0.050323 0.946655
vt 0.107422 0.286133
vt 0.103760 0.271484
vt 0.780762 0.062012
vt 0.785156 0.057129
vt 0.790527 0.064941
vt 0.046814 0.888733
vt 0.813477 0.539551
vt 0.796875 0.534424
vt 0.812012 0.525879
vt 0.500000 0.498535
vt 0.498779 0.361328
vt 0.807129 0.334473
vt 0.827637 0.333984
vt 0.448730 0.374512
vt 0.430908 0.369629
vt 0.441162 0.366699
vt 0.455322 0.452148
vt 0.458984 0.446289
vt 0.572754 0.504639
vt 0.573242 0.503662
vt 0.208618 0.658936
vt 0.291260 0.727051
vt 0.297852 0.742188
vt 0.929199 0.805542
vt 0.392090 0.933350
vt 0.916992 0.232910
vt 0.461182 0.097168
vt 0.472656 0.809448
vt 0.318115 0.877258
vt 0.323975 0.890442
vt 0.317871 0.890564
vt 0.731445 0.168457
vt 0.718262 0.175781
vt 0.732422 0.164551
vt 0.290039 0.539307
vt 0.641113 0.242676
vt 0.314453 0.274414
vt 0.217407 0.002441
vt 0.208130 0.014160
vt 0.206421 0.004395
vt 0.671875 0.040039
vt 0.403320 0.853027
vt 0.756836 0.628906
vt 0.754883 0.638916
vt 0.402588 0.959015
vt 0.399170 0.962158
vt 0.396729 0.957733
vt 0.666504 0.679443
vt 0.831055 0.622803
vt 0.825195 0.623779
vt 0.847168 0.323242
vt 0.843750 0.315918
vt 0.858398 0.312988
vt 0.152222 0.586426
vt 0.781738 0.596924
vt 0.068054 0.382324
vt 0.665039 0.612305
vt 0.510742 0.859863
vt 0.690430 0.767456
vt 0.672363 0.779907
vt 0.367920 0.978333
vt 0.367188 0.963348
vt 0.391113 0.964355
vt 0.766602 0.061523
vt 0.760742 0.060059
vt 0.765625 0.051758
vt 0.869629 0.273926
vt 0.861816 0.290527
vt 0.781250 0.816650
vt 0.991699 0.652588
vt 0.998535 0.643066
vt 0.224609 0.207031
vt 0.504883 0.352539
vt 0.521484 0.364746
vt 0.862305 0.049805
vt 0.867676 0.051270
vt 0.197876 0.461426
vt 0.107239 0.233887
vt 0.701660 0.529541
vt 0.710449 0.531494
vt 0.666992 0.030273
vt 0.372803 0.741943
vt 0.367920 0.748535
vt 0.426025 0.382324
vt 0.431396 0.393555
vt 0.441162 0.394531
vt 0.389404 0.263672
vt 0.399902 0.851807
vt 0.585449 0.953522
vt 0.270752 0.176758
vt 0.523438 0.138672
vt 0.529785 0.137207
vt 0.524902 0.143066
vt 0.566895 0.805054
vt 0.736328 0.967834
vt 0.721680 0.966705
vt 0.612305 0.951141
vt 0.780762 0.641113
vt 0.784668 0.645508
vt 0.774902 0.650879
vt 0.980957 0.698975
vt 0.968262 0.694092
vt 0.827637 0.266602
vt 0.169312 0.646973
vt 0.048157 0.609131
vt 0.052795 0.621094
vt 0.039520 0.624512
vt 0.417969 0.078125
vt 0.922363 0.125977
vt 0.110413 0.494141
vt 0.106384 0.476562
vt 0.574707 0.173340
vt 0.581055 0.163574
vt 0.583008 0.168945
vt 0.649902 0.805420
vt 0.072754 0.430664
vt 0.109009 0.229980
vt 0.795898 0.884399
vt 0.787109 0.871460
vt 0.702148 0.580566
vt 0.706543 0.578125
vt 0.327393 0.437500
vt 0.700195 0.117676
vt 0.170166 0.502197
vt 0.236694 0.489258
vt 0.676270 0.759766
vt 0.669434 0.760132
vt 0.678711 0.743408
vt 0.126953 0.873779
vt 0.580078 0.893799
vt 0.097595 0.790161
vt 0.583008 0.354004
vt 0.579590 0.371094
vt 0.421631 0.865479
vt 0.954102 0.168457
vt 0.953613 0.182129
vt 0.709473 0.510010
vt 0.314697 0.309570
vt 0.824707 0.675293
vt 0.061432 0.540039
vt 0.062134 0.531738
vt 0.947266 0.764648
vt 0.942871 0.774902
vt 0.397705 0.257812
vt 0.391357 0.254395
vt 0.995605 0.458984
vt 0.046509 0.238281
vt 0.776367 0.858276
vt 0.745117 0.867065
vt 0.738770 0.868286
vt 0.986328 0.282715
vt 0.971680 0.848755
vt 0.165161 0.579346
vt 0.413086 0.157715
vt 0.401611 0.157227
vt 0.369629 0.459961
vt 0.125732 0.682617
vt 0.115234 0.676270
vt 0.084900 0.901123
vt 0.084900 0.895569
vt 0.933594 0.607422
vt 0.937988 0.620605
vt 0.927734 0.625732
vt 0.312988 0.271973
vt 0.302002 0.266602
vt 0.797363 0.145508
vt 0.786133 0.123047
vt 0.808594 0.435059
vt 0.675781 0.914307
vt 0.967773 0.673340
vt 0.267334 0.042969
vt 0.283203 0.050293
vt 0.866211 0.106445
vt 0.882324 0.117188
vt 0.871582 0.121582
vt 0.813477 0.925537
vt 0.241089 0.810669
vt 0.979004 0.147949
vt 0.997559 0.153809
vt 0.986816 0.164062
vt 0.233521 0.317871
vt 0.229858 0.313477
vt 0.248047 0.154297
vt 0.992676 0.558594
vt 0.868164 0.862549
vt 0.956055 0.684570
vt 0.350830 0.496582
vt 0.348877 0.486328
vt 0.844238 0.347656
vt 0.854492 0.350586
vt 0.070801 0.720947
vt 0.065796 0.723389
vt 0.172729 0.783691
vt 0.484375 0.273438
vt 0.500977 0.283203
vt 0.964355 0.432617
vt 0.938477 0.946381
vt 0.645020 0.522949
vt 0.708984 0.971100
vt 0.711426 0.976746
vt 0.786133 0.750488
vt 0.797852 0.754150
vt 0.789551 0.759277
vt 0.790039 0.992744
vt 0.767090 0.994946
vt 0.167114 0.830566
vt 0.177246 0.842773
vt 0.760254 0.039551
vt 0.762207 0.048340
vt 0.645996 0.960205
vt 0.653809 0.961151
vt 0.637207 0.694092
vt 0.514160 0.045898
vt 0.613281 0.310547
vt 0.614258 0.323242
vt 0.603027 0.323242
vt 0.849609 0.743164
vt 0.860840 0.727783
vt 0.658691 0.046387
vt 0.574707 0.498535
vt 0.946777 0.151367
vt 0.936523 0.151855
vt 0.676758 0.500488
vt 0.714355 0.310547
vt 0.453369 0.650635
vt 0.859863 0.459961
vt 0.841797 0.473145
vt 0.075256 0.716064
vt 0.541992 0.288086
vt 0.803223 0.033691
vt 0.837891 0.608887
vt 0.930664 0.246094
vt 0.935059 0.241211
vt 0.942871 0.246582
vt 0.213745 0.233887
vt 0.539551 0.854858
vt 0.094177 0.058105
vt 0.142944 0.438477
vt 0.137207 0.445312
vt 0.131470 0.433105
vt 0.236572 0.637695
vt 0.106018 0.145996
vt 0.110535 0.135742
vt 0.931152 0.124512
vt 0.862793 0.334961
vt 0.728027 0.090332
vt 0.780273 0.095215
vt 0.804688 0.122559
vt 0.778320 0.056641
vt 0.521484 0.375977
vt 0.820312 0.431152
vt 0.922852 0.431152
vt 0.922852 0.435059
vt 0.833008 0.941315
vt 0.217651 0.690918
vt 0.685547 0.437500
vt 0.865723 0.398438
vt 0.475830 0.684326
vt 0.199829 0.659912
vt 0.221069 0.013672
vt 0.347168 0.067383
vt 0.341553 0.075684
vt 0.343750 0.066895
vt 0.540527 0.847412
vt 0.642090 0.687256
vt 0.750977 0.707275
vt 0.532715 0.956665
vt 0.921875 0.892395
vt 0.453125 0.627930
vt 0.077515 0.257324
vt 0.099915 0.643555
vt 0.261719 0.263184
vt 0.268311 0.256348
vt 0.269043 0.273438
vt 0.901367 0.494141
vt 0.272461 0.116211
vt 0.930176 0.091309
vt 0.921875 0.074219
vt 0.934570 0.082520
vt 0.363525 0.087891
vt 0.914062 0.886292
vt 0.236328 0.884094
vt 0.464111 0.270996
vt 0.283447 0.478516
vt 0.163818 0.329590
vt 0.200317 0.625000
vt 0.208252 0.621582
vt 0.775879 0.062988
vt 0.076538 0.832520
vt 0.940918 0.441895
vt 0.948730 0.437012
vt 0.585938 0.550293
vt 0.577637 0.552490
vt 0.304199 0.775391
vt 0.633789 0.878906
vt 0.787598 0.088379
vt 0.635742 0.920349
vt 0.646973 0.919739
vt 0.596191 0.753662
vt 0.109863 0.260254
vt 0.380615 0.900818
vt 0.371094 0.895630
vt 0.383789 0.886658
vt 0.564941 0.498047
vt 0.658203 0.634521
vt 0.807617 0.640381
vt 0.804688 0.630127
vt 0.812988 0.638428
vt 0.814453 0.646240
vt 0.360596 0.076172
vt 0.358398 0.070312
vt 0.613281 0.466797
vt 0.624512 0.448730
vt 0.427002 0.710449
vt 0.419434 0.701416
vt 0.434814 0.702637
vt 0.219604 0.319824
vt 0.915527 0.699219
vt 0.925293 0.706299
vt 0.135620 0.816406
vt 0.816406 0.812378
vt 0.815918 0.801636
vt 0.400879 0.856689
vt 0.345459 0.407715
vt 0.126099 0.816772
vt 0.118713 0.824341
vt 0.959473 0.884460
vt 0.950195 0.881836
vt 0.967285 0.877686
vt 0.696289 0.202637
vt 0.681641 0.200684
vt 0.008102 0.330078
vt 0.006248 0.323242
vt 0.015640 0.328125
vt 0.937988 0.096191
vt 0.937012 0.087891
vt 0.761719 0.856323
vt 0.291016 0.202637
vt 0.286133 0.219238
vt 0.825195 0.783691
vt 0.254395 0.129395
vt 0.259521 0.132812
vt 0.744141 0.631836
vt 0.520996 0.885193
vt 0.518066 0.892151
vt 0.322510 0.939148
vt 0.322754 0.952667
vt 0.308105 0.948395
vt 0.384277 0.127441
vt 0.449463 0.207031
vt 0.465332 0.900208
vt 0.391357 0.944305
vt 0.395508 0.937988
vt 0.715820 0.424316
vt 0.094788 0.030762
vt 0.377686 0.180664
vt 0.406006 0.344238
vt 0.757812 0.058594
vt 0.758301 0.049805
vt 0.281738 0.760010
vt 0.404053 0.776367
vt 0.411133 0.762207
vt 0.769531 0.103027
vt 0.958008 0.940155
vt 0.961426 0.936218
vt 0.327637 0.061035
vt 0.810547 0.421875
vt 0.810059 0.406738
vt 0.489014 0.984695
vt 0.481445 0.977570
vt 0.097656 0.441895
vt 0.548340 0.199219
vt 0.084534 0.433594
vt 0.445801 0.631104
vt 0.340576 0.457031
vt 0.523926 0.302734
vt 0.215698 0.020508
vt 0.219727 0.025391
vt 0.822266 0.630127
vt 0.826660 0.935364
vt 0.080933 0.418945
vt 0.756836 0.563721
vt 0.177490 0.967834
vt 0.053375 0.759644
vt 0.345703 0.503906
vt 0.526855 0.305664
vt 0.375732 0.096680
vt 0.368408 0.095215
vt 0.722168 0.435059
vt 0.723633 0.423340
vt 0.695801 0.443359
vt 0.444092 0.769897
vt 0.634766 0.156738
vt 0.656738 0.242676
vt 0.120361 0.838013
vt 0.011688 0.274902
vt 0.013321 0.269531
vt 0.026001 0.270020
vt 0.461670 0.238281
vt 0.462158 0.231445
vt 0.009079 0.828979
vt 0.399902 0.781372
vt 0.405762 0.779175
vt 0.795410 0.966248
vt 0.674805 0.653564
vt 0.888672 0.596924
vt 0.274170 0.792847
vt 0.645020 0.737549
vt 0.639160 0.742188
vt 0.361816 0.660156
vt 0.510254 0.052734
vt 0.503418 0.046875
vt 0.183105 0.897705
vt 0.186523 0.915405
vt 0.395020 0.706787
vt 0.144043 0.858643
vt 0.131104 0.839722
vt 0.333252 0.946442
vt 0.127808 0.303223
vt 0.115051 0.309570
vt 0.321533 0.382812
vt 0.314697 0.394043
vt 0.186646 0.658203
vt 0.183960 0.671387
vt 0.034485 0.739990
vt 0.865723 0.870239
vt 0.010796 0.770264
vt 0.082458 0.087402
vt 0.086609 0.065430
vt 0.625000 0.499512
vt 0.411377 0.828247
vt 0.402344 0.831909
vt 0.397461 0.812988
vt 0.208984 0.420898
vt 0.201416 0.322754
vt 0.467285 0.617188
vt 0.485107 0.618164
vt 0.349121 0.350586
vt 0.336670 0.370117
vt 0.452881 0.897705
vt 0.147217 0.827393
vt 0.228882 0.787842
vt 0.897461 0.517334
vt 0.895020 0.532471
vt 0.895508 0.714355
vt 0.903320 0.718262
vt 0.662109 0.672363
vt 0.256104 0.120605
vt 0.112183 0.847290
vt 0.497070 0.551758
vt 0.296387 0.830200
vt 0.293457 0.815063
vt 0.867676 0.847168
vt 0.429199 0.256348
vt 0.267090 0.101074
vt 0.129883 0.191895
vt 0.114319 0.191406
vt 0.196167 0.380371
vt 0.286377 0.699219
vt 0.059875 0.226562
vt 0.606445 0.019531
vt 0.423340 0.278809
vt 0.398682 0.132812
vt 0.195557 0.241211
vt 0.192261 0.228516
vt 0.762207 0.584961
vt 0.438721 0.055176
vt 0.439697 0.037598
vt 0.584473 0.890930
vt 0.505371 0.147461
vt 0.933594 0.795288
vt 0.211182 0.976837
vt 0.599609 0.132324
vt 0.070435 0.914429
vt 0.138550 0.117188
vt 0.758301 0.861816
vt 0.058502 0.170898
vt 0.340332 0.688965
vt 0.318848 0.686768
vt 0.887695 0.447266
vt 0.880859 0.460938
vt 0.875977 0.453613
vt 0.363525 0.652344
vt 0.977539 0.030273
vt 0.987305 0.044434
vt 0.916016 0.212891
vt 0.649414 0.698730
vt 0.699219 0.171875
vt 0.707031 0.171875
vt 0.181152 0.041016
vt 0.169189 0.044922
vt 0.667480 0.027832
vt 0.395264 0.008301
vt 0.928223 0.421875
vt 0.889160 0.048828
vt 0.832031 0.097656
vt 0.604492 0.574707
vt 0.143433 0.958893
vt 0.829102 0.042969
vt 0.829102 0.033203
vt 0.715332 0.747803
vt 0.664062 0.558594
vt 0.644531 0.744629
vt 0.303711 0.541992
vt 0.550293 0.878784
vt 0.454834 0.927612
vt 0.612305 0.228027
vt 0.808594 0.841675
vt 0.708496 0.929260
vt 0.766602 0.926086
vt 0.267334 0.143066
vt 0.592285 0.028809
vt 0.816406 0.466797
vt 0.631348 0.097168
vt 0.094482 0.732910
vt 0.092224 0.723877
vt 0.892090 0.913940
vt 0.893066 0.931274
vt 0.526855 0.907410
vt 0.790527 0.727295
vt 0.625000 0.260742
vt 0.631836 0.268066
vt 0.542969 0.423828
vt 0.585449 0.124512
vt 0.268066 0.856567
vt 0.119080 0.905640
vt 0.510742 0.395996
vt 0.666016 0.474609
vt 0.477295 0.850830
vt 0.767578 0.794556
vt 0.973633 0.865601
vt 0.979004 0.879761
vt 0.976562 0.058105
vt 0.026749 0.109375
vt 0.958008 0.052734
vt 0.953613 0.041016
vt 0.443604 0.398926
vt 0.790527 0.345215
vt 0.461182 0.067871
vt 0.889160 0.324707
vt 0.507812 0.421875
vt 0.903809 0.530273
vt 0.167358 0.996040
vt 0.172729 0.999939
vt 0.165527 0.999891
vt 0.852051 0.509766
vt 0.366943 0.862671
vt 0.129883 0.158691
vt 0.890625 0.399902
vt 0.888672 0.417969
vt 0.359375 0.402344
vt 0.362793 0.410156
vt 0.993164 0.049316
vt 0.378906 0.188477
vt 0.096863 0.925598
vt 0.090149 0.921204
vt 0.804688 0.651123
vt 0.603027 0.750977
vt 0.288574 0.261230
vt 0.783203 0.657471
vt 0.832031 0.160645
vt 0.205566 0.352051
vt 0.223877 0.366699
vt 0.210205 0.375000
vt 0.381836 0.416992
vt 0.952148 0.822388
vt 0.949219 0.831665
vt 0.937500 0.819702
vt 0.372314 0.782104
vt 0.069885 0.617188
vt 0.072083 0.686279
vt 0.100708 0.293457
vt 0.627441 0.002930
vt 0.139404 0.141113
vt 0.135864 0.154785
vt 0.194946 0.347168
vt 0.191406 0.327637
vt 0.977539 0.588623
vt 0.977051 0.612061
vt 0.945312 0.669678
vt 0.065002 0.307129
vt 0.772949 0.484863
vt 0.090149 0.694824
vt 0.271240 0.777832
vt 0.500488 0.990768
vt 0.502930 0.983566
vt 0.798340 0.933716
vt 0.008774 0.015137
vt 0.208862 0.274902
vt 0.498535 0.101562
vt 0.401611 0.394043
vt 0.421143 0.395508
vt 0.689941 0.375000
vt 0.309570 0.887817
vt 0.001940 0.092773
vt 0.495850 0.244629
vt 0.851562 0.950134
vt 0.844238 0.946198
vt 0.670898 0.802490
vt 0.533691 0.292969
vt 0.105103 0.636963
vt 0.857910 0.928467
vt 0.341064 0.728516
vt 0.732422 0.771729
vt 0.906250 0.562744
vt 0.930664 0.470215
vt 0.946777 0.471680
vt 0.154785 0.509521
vt 0.156616 0.516846
vt 0.145020 0.510498
vt 0.730957 0.227539
vt 0.352295 0.131348
vt 0.362305 0.868896
vt 0.616211 0.507812
vt 0.461182 0.087891
vt 0.448975 0.084473
vt 0.320557 0.068359
vt 0.911133 0.901245
vt 0.434082 0.254883
vt 0.445557 0.261719
vt 0.598145 0.587891
vt 0.632324 0.869507
vt 0.850586 0.204102
vt 0.576660 0.878540
vt 0.278320 0.584717
vt 0.254883 0.668945
vt 0.904297 0.074707
vt 0.342773 0.098633
vt 0.131592 0.176758
vt 0.926758 0.256348
vt 0.077209 0.952332
vt 0.934082 0.157715
vt 0.626465 0.028320
vt 0.499756 0.234375
vt 0.085205 0.762817
vt 0.669434 0.040039
vt 0.666504 0.036621
vt 0.833984 0.333496
vt 0.847168 0.337402
vt 0.362305 0.916931
vt 0.358398 0.924011
vt 0.863281 0.721924
vt 0.061401 0.296875
vt 0.070740 0.294922
vt 0.125854 0.148926
vt 0.908203 0.793823
vt 0.866211 0.230469
vt 0.119629 0.173828
vt 0.223633 0.044434
vt 0.191895 0.051270
vt 0.195801 0.042480
vt 0.142822 0.296387
vt 0.161377 0.983643
vt 0.019455 0.230469
vt 0.008408 0.239258
vt 0.015854 0.215820
vt 0.398438 0.306641
vt 0.856934 0.829590
vt 0.544434 0.014160
vt 0.844727 0.333008
vt 0.513672 0.622314
vt 0.633301 0.930725
vt 0.622559 0.935547
vt 0.458740 0.198242
vt 0.963379 0.657227
vt 0.833496 0.180664
vt 0.840332 0.186035
vt 0.991699 0.253418
vt 0.988770 0.248535
vt 0.973145 0.083496
vt 0.995117 0.083008
vt 0.057343 0.310059
vt 0.682129 0.961945
vt 0.969727 0.146973
vt 0.966797 0.133301
vt 0.208740 0.832153
vt 0.874023 0.424316
vt 0.880371 0.422852
vt 0.956543 0.830200
vt 0.001752 0.311523
vt 0.011818 0.311523
vt 0.006382 0.316895
vt 0.107422 0.676025
vt 0.529297 0.529297
vt 0.316650 0.055176
vt 0.122742 0.914062
vt 0.617188 0.633057
vt 0.583984 0.635986
vt 0.479492 0.987289
vt 0.823242 0.393066
vt 0.837402 0.391602
vt 0.618652 0.710205
vt 0.734375 0.128418
vt 0.385742 0.749512
vt 0.278564 0.770142
vt 0.759277 0.208008
vt 0.770508 0.218750
vt 0.875000 0.784912
vt 0.891113 0.784180
vt 0.685547 0.736328
vt 0.520996 0.203613
vt 0.756348 0.805054
vt 0.762207 0.805664
vt 0.389160 0.389648
vt 0.390625 0.383301
vt 0.400879 0.381836
vt 0.530273 0.184570
vt 0.520508 0.187500
vt 0.525391 0.176758
vt 0.326172 0.981400
vt 0.711914 0.226074
vt 0.368164 0.886169
vt 0.360840 0.897278
vt 0.362061 0.880920
vt 0.427490 0.245117
vt 0.409668 0.251953
vt 0.962402 0.872681
vt 0.117249 0.973282
vt 0.790039 0.083008
vt 0.029312 0.631104
vt 0.018280 0.627441
vt 0.941895 0.387207
vt 0.523438 0.846802
vt 0.715820 0.022949
vt 0.686523 0.023926
vt 0.691895 0.003906
vt 0.163452 0.820190
vt 0.164429 0.827271
vt 0.157104 0.822876
vt 0.995605 0.801636
vt 0.986816 0.796021
vt 0.993652 0.796509
vt 0.079651 0.277832
vt 0.991211 0.325195
vt 0.979492 0.324707
vt 0.786621 0.202637
vt 0.085083 0.443359
vt 0.144531 0.241699
vt 0.325195 0.991852
vt 0.715332 0.369141
vt 0.174927 0.850586
vt 0.303223 0.689209
vt 0.310059 0.697021
vt 0.192871 0.917664
vt 0.191162 0.930908
vt 0.342285 0.899170
vt 0.333984 0.893738
vt 0.222656 0.120605
vt 0.403320 0.703125
vt 0.668457 0.812500
vt 0.762695 0.284180
vt 0.757812 0.278809
vt 0.761719 0.279297
vt 0.516602 0.076172
vt 0.600098 0.104004
vt 0.354004 0.300781
vt 0.074524 0.168945
vt 0.711426 0.625000
vt 0.728027 0.630371
vt 0.358887 0.686035
vt 0.789062 0.713379
vt 0.518066 0.277832
vt 0.431396 0.033203
vt 0.758789 0.788940
vt 0.635742 0.809448
vt 0.764160 0.584717
vt 0.203491 0.287109
vt 0.363525 0.738037
vt 0.518066 0.018066
vt 0.748047 0.302734
vt 0.940918 0.546631
vt 0.640137 0.587402
vt 0.657715 0.799561
vt 0.840332 0.217285
vt 0.841797 0.222656
vt 0.829590 0.224609
vt 0.190796 0.667725
vt 0.192993 0.653809
vt 0.198486 0.666504
vt 0.221680 0.758179
vt 0.494873 0.521484
vt 0.895508 0.329590
vt 0.892090 0.344238
vt 0.881348 0.341797
vt 0.355713 0.975647
vt 0.355469 0.992733
vt 0.697754 0.513428
vt 0.841797 0.682373
vt 0.374268 0.940521
vt 0.007504 0.363281
vt 0.003229 0.369141
vt 0.003433 0.357422
vt 0.922852 0.953369
vt 0.904297 0.987221
vt 0.900879 0.972015
vt 0.788086 0.179199
vt 0.761230 0.185059
vt 0.937988 0.131348
vt 0.301758 0.919128
vt 0.944336 0.395996
vt 0.940918 0.413574
vt 0.923828 0.408691
vt 0.876953 0.481934
vt 0.199097 0.132324
vt 0.472656 0.390137
vt 0.977051 0.948547
vt 0.313232 0.532715
vt 0.967285 0.043945
vt 0.941895 0.906311
vt 0.951172 0.921265
vt 0.402344 0.666504
vt 0.743652 0.658691
vt 0.323730 0.729736
vt 0.393311 0.585693
vt 0.231812 0.729004
vt 0.245850 0.714844
vt 0.057007 0.607910
vt 0.161621 0.209961
vt 0.813965 0.115234
vt 0.196777 0.360840
vt 0.176025 0.366699
vt 0.301514 0.645752
vt 0.263916 0.091309
vt 0.274170 0.095215
vt 0.604492 0.920654
vt 0.643555 0.006348
vt 0.636719 0.012207
vt 0.994629 0.059570
vt 0.437988 0.758057
vt 0.007919 0.510742
vt 0.015991 0.521973
vt 0.002600 0.521240
vt 0.408691 0.171387
vt 0.072266 0.012695
vt 0.383789 0.155273
vt 0.388428 0.141113
vt 0.390381 0.163086
vt 0.242554 0.011719
vt 0.237793 0.010742
vt 0.955566 0.803345
vt 0.124634 0.335938
vt 0.188477 0.878845
vt 0.161133 0.232910
vt 0.141846 0.229492
vt 0.425293 0.898926
vt 0.864258 0.691406
vt 0.964844 0.335449
vt 0.946777 0.340332
vt 0.153564 0.975998
vt 0.139893 0.972458
vt 0.617188 0.866943
vt 0.187134 0.950653
vt 0.709473 0.000488
vt 0.722168 0.013672
vt 0.886230 0.597900
vt 0.829102 0.343750
vt 0.479492 0.828003
vt 0.487061 0.823364
vt 0.485596 0.833252
vt 0.703613 0.853638
vt 0.725098 0.850220
vt 0.419189 0.157715
vt 0.334473 0.714844
vt 0.319824 0.718262
vt 0.992188 0.429199
vt 0.984863 0.423828
vt 0.993164 0.423828
vt 0.735840 0.403809
vt 0.934570 0.044434
vt 0.933105 0.066406
vt 0.458984 0.838501
vt 0.269043 0.730713
vt 0.274170 0.737061
vt 0.411865 0.781738
vt 0.563965 0.262695
vt 0.574707 0.251953
vt 0.967773 0.885498
vt 0.601562 0.114258
vt 0.349121 0.846313
vt 0.409912 0.736084
vt 0.406006 0.741943
vt 0.401855 0.729980
vt 0.972656 0.764771
vt 0.984863 0.743408
vt 0.039246 0.188477
vt 0.360596 0.635010
vt 0.548340 0.211426
vt 0.594238 0.906250
vt 0.894531 0.564453
vt 0.896484 0.573975
vt 0.891113 0.572021
vt 0.176758 0.048340
vt 0.727051 0.917969
vt 0.727539 0.924561
vt 0.991699 0.699463
vt 0.983398 0.699463
vt 0.988281 0.695068
vt 0.242188 0.006836
vt 0.736816 0.385254
vt 0.745117 0.375000
vt 0.742676 0.392090
vt 0.290527 0.479492
vt 0.915039 0.690430
vt 0.964355 0.585205
vt 0.731445 0.469727
vt 0.759277 0.468262
vt 0.814453 0.018555
vt 0.822266 0.018555
vt 0.742676 0.268066
vt 0.911133 0.727783
vt 0.922852 0.731934
vt 0.283203 0.744873
vt 0.273926 0.754639
vt 0.273926 0.747559
vt 0.794922 0.120605
vt 0.485107 0.339844
vt 0.888184 0.542725
vt 0.819336 0.271484
vt 0.627441 0.158691
vt 0.622070 0.928101
vt 0.922852 0.520752
vt 0.008987 0.320312
vt 0.037354 0.850342
vt 0.393311 0.734863
vt 0.452881 0.639893
vt 0.517578 0.943024
vt 0.642578 0.967804
vt 0.109436 0.178711
vt 0.114258 0.172363
vt 0.083984 0.686035
vt 0.276611 0.383301
vt 0.288574 0.391113
vt 0.279541 0.392578
vt 0.662109 0.487305
vt 0.669434 0.485352
vt 0.564941 0.190430
vt 0.106079 0.568848
vt 0.671387 0.188965
vt 0.676758 0.177246
vt 0.952148 0.473145
vt 0.928223 0.498535
vt 0.689453 0.306152
vt 0.701172 0.298828
vt 0.299561 0.472168
vt 0.691895 0.928833
vt 0.854004 0.982758
vt 0.197388 0.170410
vt 0.086426 0.345703
vt 0.272217 0.529297
vt 0.155640 0.211426
vt 0.145752 0.223633
vt 0.904297 0.000000
vt 0.602539 0.798584
vt 0.017868 0.155762
vt 0.979492 0.774658
vt 0.991699 0.763306
vt 0.170166 0.435547
vt 0.570801 0.116211
vt 0.578613 0.116211
vt 0.576172 0.118652
vt 0.344727 0.956238
vt 0.961914 0.711914
vt 0.072632 0.736084
vt 0.966797 0.232422
vt 0.384766 0.018066
vt 0.206421 0.530029
vt 0.189087 0.525146
vt 0.670410 0.160156
vt 0.217163 0.642578
vt 0.456543 0.265137
vt 0.442871 0.289551
vt 0.478760 0.605957
vt 0.257324 0.081543
vt 0.715332 0.699219
vt 0.187256 0.789429
vt 0.189453 0.906921
vt 0.333496 0.564941
vt 0.321777 0.557861
vt 0.249390 0.689453
vt 0.260742 0.688721
vt 0.286621 0.673828
vt 0.298584 0.675781
vt 0.260010 0.019531
vt 0.185669 0.692627
vt 0.941895 0.959381
vt 0.937012 0.960999
vt 0.361084 0.907593
vt 0.118225 0.260254
vt 0.623535 0.949127
vt 0.009361 0.765991
vt 0.856934 0.126953
vt 0.557129 0.955627
vt 0.271240 0.426758
vt 0.384766 0.798340
vt 0.941895 0.942291
vt 0.014687 0.313477
vt 0.031921 0.112793
vt 0.708008 0.910156
vt 0.711914 0.885742
vt 0.266846 0.434082
vt 0.998535 0.007324
vt 0.989258 0.014160
vt 0.987793 0.001953
vt 0.939453 0.890076
vt 0.693848 0.971069
vt 0.494629 0.096191
vt 0.490967 0.104980
vt 0.484619 0.702393
vt 0.981934 0.188965
vt 0.623535 0.372070
vt 0.651367 0.077148
vt 0.651367 0.987244
vt 0.321289 0.439453
vt 0.192383 0.092773
vt 0.491455 0.120605
vt 0.491943 0.127441
vt 0.636719 0.149902
vt 0.994141 0.601074
vt 0.996094 0.608154
vt 0.985352 0.611328
vt 0.003794 0.650146
vt 0.000612 0.640381
vt 0.011948 0.640625
vt 0.708496 0.270020
vt 0.204102 0.713135
vt 0.201782 0.721680
vt 0.197144 0.713867
vt 0.997070 0.260254
vt 0.949219 0.890381
vt 0.729980 0.751587
vt 0.721191 0.749756
vt 0.918945 0.697998
vt 0.001096 0.127441
vt 0.013008 0.126465
vt 0.005211 0.133301
vt 0.927734 0.137695
vt 0.750000 0.314941
vt 0.748047 0.319824
vt 0.528320 0.355469
vt 0.002569 0.156250
vt 0.322998 0.802979
vt 0.323242 0.811157
vt 0.093506 0.941223
vt 0.103271 0.939819
vt 0.180298 0.924866
vt 0.428711 0.340332
vt 0.447021 0.335449
vt 0.043701 0.293945
vt 0.112671 0.859253
vt 0.196655 0.999693
vt 0.205811 0.998090
vt 0.211792 0.999900
vt 0.443848 0.410645
vt 0.455811 0.395508
vt 0.306396 0.389160
vt 0.202759 0.345703
vt 0.211304 0.348633
vt 0.881836 0.873291
vt 0.233154 0.876404
vt 0.120544 0.733154
vt 0.612305 0.864746
vt 0.596680 0.875183
vt 0.008514 0.423340
vt 0.024506 0.562012
vt 0.026566 0.569824
vt 0.935059 0.277832
vt 0.024948 0.657715
vt 0.004196 0.657715
vt 0.014702 0.642822
vt 0.738281 0.416016
vt 0.660645 0.215332
vt 0.104736 0.178711
vt 0.636230 0.990143
vt 0.536133 0.888977
vt 0.316162 0.211426
vt 0.070129 0.649902
vt 0.736816 0.712402
vt 0.748047 0.092285
vt 0.027008 0.426758
vt 0.731445 0.582764
vt 0.739746 0.592529
vt 0.381348 0.179199
vt 0.748047 0.191406
vt 0.736816 0.199707
vt 0.165283 0.051758
vt 0.100464 0.990395
vt 0.098999 0.346191
vt 0.984863 0.270996
vt 0.981445 0.269043
vt 0.879883 0.126465
vt 0.684570 0.237305
vt 0.191406 0.407227
vt 0.097595 0.743164
vt 0.439453 0.104980
vt 0.451904 0.093750
vt 0.508789 0.417969
vt 0.892090 0.373535
vt 0.938965 0.036133
vt 0.865723 0.514160
vt 0.873047 0.517090
vt 0.861328 0.520508
vt 0.812500 0.498047
vt 0.332275 0.286621
vt 0.033081 0.714844
vt 0.372070 0.442871
vt 0.403809 0.968445
vt 0.267578 0.013672
vt 0.465576 0.397461
vt 0.699219 0.341309
vt 0.701660 0.346680
vt 0.319336 0.052246
vt 0.606445 0.026855
vt 0.929688 0.334473
vt 0.919922 0.340332
vt 0.914062 0.336426
vt 0.573242 0.371582
vt 0.120422 0.469238
vt 0.770996 0.836670
vt 0.467529 0.776489
vt 0.470703 0.775146
vt 0.673828 0.870972
vt 0.799316 0.408691
vt 0.187378 0.358887
vt 0.183838 0.361816
vt 0.558105 0.118164
vt 0.778320 0.634277
vt 0.072144 0.129883
vt 0.869629 0.386230
vt 0.938965 0.752686
vt 0.773926 0.294922
vt 0.205078 0.613525
vt 0.729492 0.235352
vt 0.669434 0.020996
vt 0.491455 0.296875
vt 0.500488 0.348633
vt 0.499268 0.339844
vt 0.517090 0.350098
vt 0.315674 0.583008
vt 0.311523 0.595703
vt 0.863281 0.920593
vt 0.326660 0.410156
vt 0.716309 0.764404
vt 0.056091 0.381348
vt 0.265137 0.542969
vt 0.922852 0.038574
vt 0.935547 0.040039
vt 0.690918 0.673340
vt 0.764160 0.104980
vt 0.433594 0.707764
vt 0.441162 0.716553
vt 0.303467 0.164551
vt 0.193481 0.956604
vt 0.815918 0.575195
vt 0.825195 0.572998
vt 0.139893 0.601318
vt 0.793945 0.074219
vt 0.227661 0.053223
vt 0.232300 0.048828
vt 0.497559 0.587158
vt 0.103149 0.071777
vt 0.515137 0.927856
vt 0.231323 0.283203
vt 0.243164 0.286133
vt 0.590332 0.875610
vt 0.003246 0.425781
vt 0.010582 0.431152
vt 0.507324 0.210449
vt 0.517090 0.198730
vt 0.140137 0.615967
vt 0.057892 0.948883
vt 0.053894 0.958649
vt 0.141357 0.652588
vt 0.548828 0.172363
vt 0.699219 0.077637
vt 0.701172 0.072266
vt 0.018448 0.341797
vt 0.012817 0.346680
vt 0.006672 0.341797
vt 0.578125 0.509033
vt 0.723633 0.078613
vt 0.206177 0.853271
vt 0.467529 0.410645
vt 0.319092 0.165527
vt 0.944336 0.023438
vt 0.766113 0.535156
vt 0.764648 0.545898
vt 0.395264 0.721924
vt 0.818359 0.233398
vt 0.549316 0.187988
vt 0.654297 0.602783
vt 0.989746 0.172363
vt 0.602051 0.954651
vt 0.594727 0.969254
vt 0.498779 0.838013
vt 0.494873 0.842041
vt 0.491943 0.837280
vt 0.698730 0.464844
vt 0.150269 0.203125
vt 0.706055 0.413574
vt 0.875977 0.599365
vt 0.852051 0.601562
vt 0.496094 0.774536
vt 0.689941 0.660156
vt 0.160889 0.057617
vt 0.163696 0.063965
vt 0.272461 0.186523
vt 0.276123 0.824219
vt 0.878906 0.197754
vt 0.042114 0.451660
vt 0.028442 0.448730
vt 0.586914 0.492188
vt 0.609863 0.896301
vt 0.467773 0.378418
vt 0.650391 0.259277
vt 0.661133 0.265625
vt 0.845703 0.301270
vt 0.795898 0.055176
vt 0.798340 0.064941
vt 0.414062 0.372070
vt 0.030640 0.708496
vt 0.175171 0.677002
vt 0.948242 0.807617
vt 0.478516 0.679199
vt 0.888672 0.587402
vt 0.287354 0.839478
vt 0.275879 0.128418
vt 0.059235 0.539307
vt 0.049316 0.546875
vt 0.035522 0.534180
vt 0.367676 0.635498
vt 0.976074 0.441895
vt 0.133789 0.382324
vt 0.886230 0.904663
vt 0.485352 0.792847
vt 0.494629 0.790527
vt 0.844238 0.963501
vt 0.651367 0.774658
vt 0.648926 0.788818
vt 0.849121 0.415527
vt 0.807129 0.066895
vt 0.822754 0.064453
vt 0.428467 0.741699
vt 0.784180 0.070312
vt 0.366455 0.403320
vt 0.153809 0.047852
vt 0.332275 0.282227
vt 0.664062 0.469238
vt 0.342529 0.814331
vt 0.803223 0.021973
vt 0.534668 0.238281
vt 0.298584 0.731689
vt 0.393066 0.170410
vt 0.998047 0.974106
vt 0.984863 0.983704
vt 0.973633 0.961517
vt 0.909180 0.259277
vt 0.055664 0.245605
vt 0.434082 0.897644
vt 0.346436 0.476562
vt 0.355225 0.481934
vt 0.067444 0.601562
vt 0.632324 0.314453
vt 0.197998 0.101074
vt 0.061615 0.564209
vt 0.636230 0.364258
vt 0.019943 0.344727
vt 0.450195 0.969788
vt 0.429932 0.983658
vt 0.414795 0.957977
vt 0.476807 0.094727
vt 0.485596 0.092285
vt 0.985840 0.311035
vt 0.958984 0.982590
vt 0.084229 0.729004
vt 0.080383 0.721924
vt 0.726074 0.201172
vt 0.700195 0.213379
vt 0.286865 0.513672
vt 0.580566 0.021484
vt 0.633301 0.028320
vt 0.476074 0.836670
vt 0.803711 0.357910
vt 0.473877 0.491211
vt 0.875977 0.779175
vt 0.896484 0.767090
vt 0.744141 0.895935
vt 0.735352 0.975922
vt 0.240723 0.975449
vt 0.442139 0.349121
vt 0.462158 0.342773
vt 0.843262 0.753540
vt 0.864258 0.754150
vt 0.626465 0.475098
vt 0.618164 0.467773
vt 0.698730 0.572510
vt 0.803223 0.866699
vt 0.543945 0.118652
vt 0.225220 0.746094
vt 0.187500 0.097656
vt 0.804199 0.062988
vt 0.647949 0.965607
vt 0.659668 0.509766
vt 0.047333 0.516113
vt 0.048492 0.502930
vt 0.751465 0.696045
vt 0.129272 0.187500
vt 0.497803 0.965363
vt 0.598145 0.911011
vt 0.200806 0.306152
vt 0.894043 0.355469
vt 0.999023 0.263184
vt 0.997070 0.268066
vt 0.345947 0.440918
vt 0.590332 0.381348
vt 0.054749 0.482422
vt 0.170654 0.732178
vt 0.114990 0.816772
vt 0.282471 0.095703
vt 0.085571 0.937683
vt 0.054871 0.891174
vt 0.287354 0.424805
vt 0.174316 0.248047
vt 0.747559 0.975189
vt 0.740234 0.965576
vt 0.374268 0.055176
vt 0.791504 0.297852
vt 0.837891 0.949982
vt 0.103699 0.098633
vt 0.840332 0.922363
vt 0.898438 0.554932
vt 0.863281 0.413086
vt 0.620605 0.888672
vt 0.081604 0.229492
vt 0.664062 0.626221
vt 0.486816 0.991447
vt 0.943359 0.882812
vt 0.933105 0.878113
vt 0.499023 0.843018
vt 0.034241 0.671387
vt 0.030853 0.669678
vt 0.006393 0.083496
vt 0.010887 0.089844
vt 0.000670 0.089355
vt 0.350830 0.915894
vt 0.548340 0.820557
vt 0.429932 0.395508
vt 0.230713 0.668945
vt 0.661621 0.993191
vt 0.177734 0.898499
vt 0.182495 0.892761
vt 0.675293 0.410156
vt 0.694824 0.427246
vt 0.684082 0.429199
vt 0.715332 0.866333
vt 0.648926 0.951721
vt 0.346924 0.072266
vt 0.344971 0.078613
vt 0.989746 0.536133
vt 0.990723 0.538574
vt 0.812012 0.739014
vt 0.368164 0.872070
vt 0.365723 0.872314
vt 0.429199 0.890076
vt 0.440674 0.892639
vt 0.101929 0.158203
vt 0.264648 0.332031
vt 0.244873 0.327148
vt 0.397949 0.975586
vt 0.091064 0.030273
vt 0.880371 0.444824
vt 0.957031 0.349609
vt 0.923340 0.991348
vt 0.082520 0.408691
vt 0.494873 0.633789
vt 0.961914 0.204102
vt 0.935547 0.210449
vt 0.941406 0.427734
vt 0.834961 0.671387
vt 0.361328 0.442871
vt 0.995605 0.806030
vt 0.991211 0.808716
vt 0.163696 0.971832
vt 0.469238 0.129883
vt 0.160889 0.979416
vt 0.156494 0.977844
vt 0.882812 0.099121
vt 0.669922 0.292969
vt 0.084717 0.822632
vt 0.105042 0.540771
vt 0.152588 0.694824
vt 0.143555 0.687500
vt 0.152100 0.678467
vt 0.394531 0.004395
vt 0.112854 0.129883
vt 0.210205 0.539551
vt 0.067932 0.561768
vt 0.061310 0.555664
vt 0.067017 0.549805
vt 0.914551 0.568604
vt 0.806641 0.111816
vt 0.032135 0.385254
vt 0.392822 0.870605
vt 0.012192 0.894287
vt 0.434570 0.225098
vt 0.030777 0.657471
vt 0.022751 0.648682
vt 0.960449 0.151855
vt 0.162720 0.387695
vt 0.473389 0.332031
vt 0.300781 0.430176
vt 0.337402 0.983017
vt 0.722168 0.027344
vt 0.723633 0.019043
vt 0.640137 0.592041
vt 0.834473 0.991615
vt 0.818848 0.996281
vt 0.760254 0.274902
vt 0.780273 0.715088
vt 0.192017 0.039062
vt 0.109802 0.926636
vt 0.936523 0.483398
vt 0.648438 0.934265
vt 0.710449 0.313965
vt 0.268311 0.867188
vt 0.286133 0.864502
vt 0.215698 0.114746
vt 0.254639 0.703125
vt 0.320557 0.180664
vt 0.306152 0.177734
vt 0.447021 0.648438
vt 0.232544 0.112793
vt 0.220093 0.113281
vt 0.752930 0.800659
vt 0.603027 0.815552
vt 0.809570 0.451660
vt 0.776367 0.432617
vt 0.785645 0.416016
vt 0.788574 0.431152
vt 0.941406 0.632568
vt 0.671875 0.933472
vt 0.381592 0.200195
vt 0.375000 0.192871
vt 0.152100 0.054199
vt 0.543457 0.481934
vt 0.533691 0.480957
vt 0.583496 0.644043
vt 0.453125 0.227051
vt 0.457275 0.241699
vt 0.807617 0.809204
vt 0.873047 0.055664
vt 0.870117 0.042480
vt 0.507812 0.854980
vt 0.343018 0.129395
vt 0.181641 0.219727
vt 0.704102 0.539551
vt 0.706543 0.538818
vt 0.235229 0.504883
vt 0.205811 0.868164
vt 0.302002 0.178223
vt 0.147217 0.171387
vt 0.326416 0.036133
vt 0.318848 0.038086
vt 0.315674 0.025879
vt 0.765625 0.595947
vt 0.767090 0.590332
vt 0.334229 0.709229
vt 0.316162 0.709229
vt 0.890137 0.552490
vt 0.604980 0.065430
vt 0.357422 0.162109
vt 0.838379 0.019531
vt 0.096130 0.451172
vt 0.757812 0.407227
vt 0.757812 0.400879
vt 0.577148 0.766113
vt 0.765137 0.730469
vt 0.213379 0.108398
vt 0.061584 0.101074
vt 0.800293 0.962128
vt 0.944824 0.003418
vt 0.941406 0.006836
vt 0.937012 0.000488
vt 0.598145 0.975021
vt 0.905762 0.767334
vt 0.912598 0.782593
vt 0.553223 0.966217
vt 0.987793 0.930420
vt 0.986328 0.933044
vt 0.122559 0.516357
vt 0.329590 0.923584
vt 0.327637 0.930542
vt 0.201904 0.023438
vt 0.206421 0.039062
vt 0.372070 0.104004
vt 0.711426 0.947266
vt 0.327393 0.107422
vt 0.025314 0.674316
vt 0.023987 0.663330
vt 0.378906 0.525879
vt 0.866699 0.462402
vt 0.916992 0.503662
vt 0.094055 0.072266
vt 0.052307 0.291504
vt 0.770020 0.746094
vt 0.845215 0.764038
vt 0.848145 0.758911
vt 0.262451 0.240234
vt 0.332520 0.363281
vt 0.845215 0.547852
vt 0.672852 0.114746
vt 0.742676 0.945648
vt 0.744629 0.928711
vt 0.851562 0.666504
vt 0.248169 0.124512
vt 0.246704 0.117188
vt 0.052094 0.808960
vt 0.833496 0.213379
vt 0.257080 0.997976
vt 0.959473 0.804443
vt 0.788086 0.937622
vt 0.047455 0.970200
vt 0.030960 0.957306
vt 0.903320 0.828369
vt 0.919434 0.676270
vt 0.901367 0.641113
vt 0.414062 0.064941
vt 0.420898 0.955353
vt 0.721680 0.222656
vt 0.471191 0.097656
vt 0.860352 0.088867
vt 0.856934 0.094727
vt 0.845215 0.086914
vt 0.553711 0.849609
vt 0.510254 0.614990
vt 0.980469 0.655518
vt 0.993164 0.655518
vt 0.992188 0.661621
vt 0.029083 0.594727
vt 0.844727 0.162598
vt 0.178589 0.493164
vt 0.966797 0.242676
vt 0.896484 0.701416
vt 0.906250 0.704590
vt 0.053986 0.066895
vt 0.353760 0.473633
vt 0.993164 0.802979
vt 0.945801 0.102051
vt 0.926758 0.108398
vt 0.507324 0.779785
vt 0.939941 0.564941
vt 0.083496 0.406250
vt 0.967285 0.811768
vt 0.594238 0.329102
vt 0.280029 0.041992
vt 0.912109 0.892029
vt 0.237549 0.301758
vt 0.636230 0.909424
vt 0.645020 0.906738
vt 0.642090 0.915100
vt 0.975098 0.972351
vt 0.978027 0.985954
vt 0.968750 0.990135
vt 0.658203 0.824463
vt 0.432617 0.279297
vt 0.392334 0.155762
vt 0.815918 0.438965
vt 0.833008 0.364258
vt 0.833984 0.352539
vt 0.844238 0.366699
vt 0.480713 0.949036
vt 0.027191 0.600586
vt 0.054749 0.597656
vt 0.462646 0.402832
vt 0.414307 0.362793
vt 0.592773 0.442871
vt 0.071106 0.395996
vt 0.076477 0.407227
vt 0.965820 0.165527
vt 0.512695 0.997816
vt 0.860352 0.034180
vt 0.109009 0.923584
vt 0.785156 0.549316
vt 0.938965 0.673584
vt 0.895020 0.693359
vt 0.726562 0.237305
vt 0.470459 0.080078
vt 0.322998 0.877075
vt 0.325684 0.887451
vt 0.029465 0.864014
vt 0.692871 0.384766
vt 0.953125 0.387207
vt 0.688477 0.646973
vt 0.591309 0.163086
vt 0.027985 0.283203
vt 0.901367 0.411133
vt 0.895996 0.421387
vt 0.829590 0.117676
vt 0.976562 0.149902
vt 0.946289 0.680420
vt 0.329834 0.912842
vt 0.327881 0.918213
vt 0.271240 0.165039
vt 0.212280 0.720215
vt 0.968750 0.079102
vt 0.726562 0.706787
vt 0.477051 0.985451
vt 0.256348 0.401367
vt 0.251221 0.407715
vt 0.340820 0.610596
vt 0.409668 0.702881
vt 0.669922 0.615723
vt 0.201416 0.233887
vt 0.938965 0.739502
vt 0.354004 0.337402
vt 0.337646 0.348633
vt 0.786133 0.253418
vt 0.668457 0.472168
vt 0.902344 0.904907
vt 0.911621 0.910217
vt 0.041046 0.752319
vt 0.608398 0.047363
vt 0.213135 0.997175
vt 0.229980 0.997175
vt 0.219482 0.999307
vt 0.897461 0.402832
vt 0.640137 0.869141
vt 0.271973 0.036133
vt 0.410156 0.866089
vt 0.401855 0.872803
vt 0.807129 0.742188
vt 0.191650 0.207520
vt 0.751465 0.066406
vt 0.952637 0.138184
vt 0.095032 0.584473
vt 0.178833 0.260254
vt 0.156006 0.264160
vt 0.727051 0.739746
vt 0.324219 0.210938
vt 0.228149 0.298340
vt 0.237061 0.415039
vt 0.259033 0.008789
vt 0.279297 0.667480
vt 0.824707 0.815308
vt 0.804688 0.619873
vt 0.061584 0.592773
vt 0.673340 0.193359
vt 0.279053 0.754883
vt 0.885254 0.138184
vt 0.773926 0.486816
vt 0.781250 0.486816
vt 0.079163 0.791504
vt 0.772461 0.914551
vt 0.769043 0.916443
vt 0.147339 0.285156
vt 0.173706 0.293945
vt 0.091797 0.108398
vt 0.787109 0.632324
vt 0.054291 0.362793
vt 0.955078 0.715088
vt 0.325439 0.819458
vt 0.410645 0.118652
vt 0.078369 0.178711
vt 0.004463 0.916199
vt 0.002123 0.926575
vt 0.581055 0.176270
vt 0.150024 0.065918
vt 0.038727 0.677490
vt 0.873535 0.872559
vt 0.872559 0.861572
vt 0.310547 0.182617
vt 0.864258 0.944458
vt 0.163452 0.007812
vt 0.440674 0.423828
vt 0.770508 0.778076
vt 0.414551 0.988884
vt 0.949707 0.726074
vt 0.707520 0.545410
vt 0.783691 0.651611
vt 0.546387 0.599365
vt 0.699219 0.545654
vt 0.934570 0.429199
vt 0.087219 0.028809
vt 0.070557 0.024414
vt 0.264404 0.968842
vt 0.468506 0.963318
vt 0.459961 0.970505
vt 0.232422 0.392578
vt 0.661621 0.955475
vt 0.022385 0.232422
vt 0.019806 0.211914
vt 0.456787 0.828003
vt 0.060913 0.113770
vt 0.070679 0.121094
vt 0.963379 0.230469
vt 0.939941 0.994720
vt 0.932129 0.524902
vt 0.306641 0.875732
vt 0.836426 0.586670
vt 0.824707 0.590576
vt 0.676270 0.887512
vt 0.071472 0.022461
vt 0.403809 0.956177
vt 0.406982 0.569336
vt 0.783203 0.051270
vt 0.045807 0.379883
vt 0.038116 0.553467
vt 0.019516 0.553223
vt 0.027191 0.404297
vt 0.539062 0.705811
vt 0.468750 0.741943
vt 0.920410 0.314941
vt 0.919922 0.328613
vt 0.974121 0.211426
vt 0.450684 0.451172
vt 0.387695 0.916626
vt 0.931152 0.216797
vt 0.271729 0.927795
vt 0.261963 0.933411
vt 0.716797 0.783813
vt 0.799316 0.006836
vt 0.818848 0.401855
vt 0.533691 0.952728
vt 0.513184 0.979950
vt 0.058197 0.526123
vt 0.328613 0.553223
vt 0.666504 0.895203
vt 0.677246 0.897278
vt 0.327393 0.897644
vt 0.379883 0.871460
vt 0.672852 0.298340
vt 0.679688 0.289551
vt 0.686035 0.298828
vt 0.483643 0.304688
vt 0.118591 0.626953
vt 0.908203 0.941132
vt 0.180908 0.061035
vt 0.088074 0.596436
vt 0.377197 0.456543
vt 0.432861 0.718506
vt 0.943359 0.457520
vt 0.042419 0.219727
vt 0.147827 0.266602
vt 0.310547 0.713379
vt 0.026291 0.154785
vt 0.812012 0.629150
vt 0.980469 0.243652
vt 0.803223 0.657471
vt 0.016266 0.350586
vt 0.132812 0.463867
vt 0.702148 0.973785
vt 0.991699 0.033203
vt 0.684570 0.965088
vt 0.008636 0.019531
vt 0.882812 0.606201
vt 0.593750 0.810425
vt 0.850098 0.332520
vt 0.215576 0.588867
vt 0.004517 0.440918
vt 0.830078 0.296387
vt 0.459229 0.991791
vt 0.669922 0.564453
vt 0.461426 0.980286
vt 0.814941 0.626221
vt 0.419678 0.746826
vt 0.509766 0.339844
vt 0.458740 0.598877
vt 0.459473 0.608643
vt 0.761230 0.895386
vt 0.998535 0.703613
vt 0.991699 0.712891
vt 0.982422 0.702148
vt 0.666992 0.966431
vt 0.220215 0.635010
vt 0.958008 0.893005
vt 0.974121 0.641113
vt 0.667969 0.737305
vt 0.830566 0.757568
vt 0.772949 0.423340
vt 0.455078 0.186035
vt 0.498779 0.829590
vt 0.813477 0.784668
vt 0.044464 0.553467
vt 0.894043 0.442383
vt 0.991211 0.023438
vt 0.965332 0.652100
vt 0.969727 0.635742
vt 0.867676 0.354004
vt 0.451416 0.261230
vt 0.222046 0.738281
vt 0.287598 0.395020
vt 0.542480 0.232422
vt 0.098999 0.850098
vt 0.106445 0.862305
vt 0.946289 0.000000
vt 0.952637 0.015137
vt 0.930664 0.398438
vt 0.918457 0.402344
vt 0.901855 0.796997
vt 0.017044 0.740234
vt 0.208862 0.103027
vt 0.113708 0.065918
vt 0.081604 0.659424
vt 0.006092 0.903687
vt 0.022049 0.903687
vt 0.011581 0.908875
vt 0.971191 0.078125
vt 0.044189 0.011719
vt 0.016129 0.011719
vt 0.040070 0.002441
vt 0.843262 0.065918
vt 0.829590 0.580078
vt 0.842285 0.692871
vt 0.242188 0.281250
vt 0.193604 0.269043
vt 0.385010 0.169922
vt 0.994141 0.196289
vt 0.313721 0.669922
vt 0.284912 0.811035
vt 0.971680 0.236816
vt 0.993164 0.882141
vt 0.984375 0.885498
vt 0.727051 0.663330
vt 0.799316 0.822388
vt 0.808594 0.817383
vt 0.160522 0.520508
vt 0.333496 0.925049
vt 0.329346 0.932617
vt 0.089905 0.067383
vt 0.342773 0.644775
vt 0.881348 0.359375
vt 0.741699 0.844727
vt 0.750488 0.863525
vt 0.984863 0.793213
vt 0.984863 0.799194
vt 0.965332 0.795898
vt 0.719727 0.927612
vt 0.323486 0.691650
vt 0.583496 0.120117
vt 0.678223 0.977341
vt 0.708008 0.076172
vt 0.409180 0.194824
vt 0.980469 0.937073
vt 0.976562 0.458496
vt 0.000580 0.778931
vt 0.564453 0.546875
vt 0.825684 0.362305
vt 0.477539 0.955048
vt 0.473389 0.948090
vt 0.212769 0.205078
vt 0.340088 0.973160
vt 0.349365 0.957733
vt 0.361572 0.964050
vt 0.979004 0.262695
vt 0.775391 0.929382
vt 0.913574 0.762451
vt 0.180176 0.456543
vt 0.122498 0.046875
vt 0.801758 0.028809
vt 0.798828 0.036621
vt 0.427246 0.388184
vt 0.729004 0.021973
vt 0.746094 0.162598
vt 0.693359 0.565430
vt 0.113708 0.317383
vt 0.375000 0.875000
vt 0.945312 0.419922
vt 0.594238 0.922668
vt 0.758301 0.514648
vt 0.787598 0.942749
vt 0.155762 0.528564
vt 0.583008 0.076172
vt 0.146484 0.518066
vt 0.536133 0.063965
vt 0.559570 0.060059
vt 0.565430 0.930603
vt 0.310547 0.774902
vt 0.031174 0.318848
vt 0.261230 0.805786
vt 0.112427 0.656250
vt 0.902832 0.725586
vt 0.615723 0.890503
vt 0.631836 0.900452
vt 0.023575 0.906250
vt 0.616211 0.935730
vt 0.575195 0.444824
vt 0.588379 0.512451
vt 0.680664 0.107910
vt 0.683594 0.100098
vt 0.692383 0.101562
vt 0.224854 0.824585
vt 0.232788 0.870117
vt 0.520996 0.965759
vt 0.510254 0.841553
vt 0.487061 0.133301
vt 0.424316 0.944397
vt 0.788574 0.049805
vt 0.340088 0.388184
vt 0.954590 0.693604
vt 0.222046 0.334961
vt 0.441650 0.865845
vt 0.438232 0.876892
vt 0.100647 0.403809
vt 0.490723 0.364746
vt 0.486084 0.354004
vt 0.492188 0.352051
vt 0.006256 0.121582
vt 0.560059 0.913574
vt 0.570312 0.914917
vt 0.931641 0.884094
vt 0.825195 0.847290
vt 0.066406 0.112305
vt 0.040039 0.309082
vt 0.039917 0.298828
vt 0.426758 0.448730
vt 0.768555 0.377930
vt 0.763672 0.372559
vt 0.071350 0.173340
vt 0.871094 0.476074
vt 0.856445 0.481934
vt 0.742188 0.441406
vt 0.076050 0.294434
vt 0.491455 0.229980
vt 0.541016 0.355957
vt 0.843262 0.211914
vt 0.530762 0.896423
vt 0.021194 0.742432
vt 0.749512 0.729736
vt 0.765137 0.740479
vt 0.698730 0.367676
vt 0.820312 0.786011
vt 0.334473 0.973083
vt 0.187744 0.463379
vt 0.179932 0.475586
vt 0.604492 0.263184
vt 0.808105 0.903809
vt 0.779785 0.508057
vt 0.136353 0.134277
vt 0.134277 0.145996
vt 0.685059 0.395020
vt 0.007767 0.335449
vt 0.894043 0.061035
vt 0.330811 0.878113
vt 0.460693 0.296387
vt 0.422363 0.845337
vt 0.627930 0.856445
vt 0.989258 0.240234
vt 0.802734 0.426758
vt 0.556641 0.270508
vt 0.568359 0.270020
vt 0.994629 0.145508
vt 0.315918 0.330078
vt 0.321533 0.329102
vt 0.318848 0.443359
vt 0.882812 0.392578
vt 0.516602 0.745850
vt 0.004177 0.465332
vt 0.365479 0.867188
vt 0.779297 0.361816
vt 0.993652 0.595703
vt 0.979980 0.612061
vt 0.992188 0.588379
vt 0.943848 0.361816
vt 0.928711 0.664307
vt 0.671387 0.214355
vt 0.399658 0.834473
vt 0.991211 0.041992
vt 0.273682 0.893555
vt 0.834473 0.865723
vt 0.740723 0.862305
vt 0.615723 0.325684
vt 0.080444 0.730225
vt 0.074158 0.726562
vt 0.012741 0.939514
vt 0.056763 0.486816
vt 0.567383 0.389648
vt 0.114319 0.985237
vt 0.099121 0.097656
vt 0.050720 0.187500
vt 0.784180 0.466797
vt 0.771484 0.645508
vt 0.710938 0.342773
vt 0.845215 0.477051
vt 0.848145 0.492676
vt 0.425293 0.693115
vt 0.008118 0.811157
vt 0.022858 0.811768
vt 0.015747 0.823975
vt 0.944336 0.077637
vt 0.666504 0.696289
vt 0.431152 0.377930
vt 0.466309 0.454590
vt 0.317627 0.332520
vt 0.151367 0.426270
vt 0.141235 0.420410
vt 0.152222 0.417969
vt 0.186646 0.931152
vt 0.013374 0.699463
vt 0.394287 0.517822
vt 0.401611 0.515381
vt 0.861816 0.041016
vt 0.624023 0.647217
vt 0.086853 0.399902
vt 0.277100 0.967194
vt 0.271729 0.983719
vt 0.270264 0.965332
vt 0.793945 0.236816
vt 0.614258 0.434082
vt 0.750488 0.179199
vt 0.604492 0.603516
vt 0.368652 0.115723
vt 0.989746 0.478516
vt 0.726074 0.587891
vt 0.417236 0.477051
vt 0.409424 0.509277
vt 0.986816 0.865479
vt 0.649902 0.200195
vt 0.666504 0.212402
vt 0.252441 0.861938
vt 0.926270 0.594482
vt 0.463379 0.013184
vt 0.833008 0.816772
vt 0.982910 0.143066
vt 0.400391 0.408203
vt 0.011841 0.618896
vt 0.003740 0.616211
vt 0.008667 0.612305
vt 0.604492 0.675049
vt 0.566406 0.078613
vt 0.712402 0.443359
vt 0.196167 0.967712
vt 0.961426 0.793579
vt 0.035614 0.818237
vt 0.724121 0.718750
vt 0.785645 0.263672
vt 0.786621 0.257324
vt 0.318604 0.089844
vt 0.098328 0.473633
vt 0.323975 0.311523
vt 0.094299 0.474609
vt 0.576172 0.984375
vt 0.231323 0.700928
vt 0.695801 0.819580
vt 0.080078 0.625244
vt 0.278320 0.886230
vt 0.840820 0.476074
vt 0.320068 0.049805
vt 0.399170 0.554688
vt 0.406250 0.546387
vt 0.290039 0.613037
vt 0.420654 0.907898
vt 0.163208 0.334961
vt 0.932129 0.636719
vt 0.078308 0.813721
vt 0.010658 0.699707
vt 0.475098 0.604248
vt 0.866699 0.101074
vt 0.194336 0.885254
vt 0.012383 0.899414
vt 0.009529 0.901306
vt 0.949707 0.248047
vt 0.974121 0.146484
vt 0.823730 0.568115
vt 0.519531 0.145020
vt 0.316650 0.586426
vt 0.321045 0.583984
vt 0.282227 0.596924
vt 0.529785 0.873779
vt 0.969727 0.528564
vt 0.037018 0.750000
vt 0.167236 0.744141
vt 0.088318 0.717529
vt 0.763672 0.276367
vt 0.266113 0.904480
vt 0.260742 0.906555
vt 0.259521 0.933533
vt 0.861328 0.065918
vt 0.805664 0.313477
vt 0.797852 0.895264
vt 0.801758 0.900513
vt 0.854980 0.400879
vt 0.354492 0.631104
vt 0.028564 0.617432
vt 0.015854 0.618896
vt 0.011627 0.611328
vt 0.965820 0.385254
vt 0.517090 0.133789
vt 0.715332 0.801147
vt 0.542480 0.414551
vt 0.494873 0.934387
vt 0.841309 0.093262
vt 0.339844 0.213867
vt 0.905762 0.628906
vt 0.636719 0.583496
vt 0.531250 0.704102
vt 0.657715 0.271973
vt 0.132935 0.125977
vt 0.191650 0.776978
vt 0.202393 0.780396
vt 0.977539 0.722168
vt 0.700684 0.559082
vt 0.231201 0.835449
vt 0.719727 0.248535
vt 0.345703 0.390137
vt 0.003210 0.061523
vt 0.054443 0.631104
vt 0.194702 0.673340
vt 0.547852 0.985313
vt 0.851074 0.386230
vt 0.489990 0.901428
vt 0.483887 0.932556
vt 0.200073 0.014160
vt 0.391357 0.018066
vt 0.977051 0.269531
vt 0.226929 0.298828
vt 0.046570 0.069336
vt 0.381836 0.185547
vt 0.484863 0.685303
vt 0.558594 0.321777
vt 0.580078 0.865479
vt 0.031891 0.278809
vt 0.011642 0.277832
vt 0.039093 0.269531
vt 0.817383 0.607910
vt 0.247803 0.082520
vt 0.255859 0.061523
vt 0.734863 0.642334
vt 0.695801 0.859985
vt 0.621582 0.476562
vt 0.203979 0.910645
vt 0.562500 0.689941
vt 0.946289 0.017578
vt 0.477051 0.923218
vt 0.562012 0.119629
vt 0.402588 0.108887
vt 0.531738 0.386719
vt 0.458984 0.371094
vt 0.459229 0.378906
vt 0.455322 0.376953
vt 0.041534 0.318848
vt 0.034058 0.397461
vt 0.956543 0.860962
vt 0.446289 0.400391
vt 0.164062 0.892578
vt 0.040009 0.152832
vt 0.026672 0.164062
vt 0.770996 0.054688
vt 0.791016 0.952179
vt 0.625000 0.218750
vt 0.637695 0.226074
vt 0.166382 0.054688
vt 0.392578 0.952057
vt 0.376953 0.951508
vt 0.030319 0.679932
vt 0.311035 0.445312
vt 0.806152 0.364258
vt 0.811523 0.291016
vt 0.673828 0.031738
vt 0.046356 0.463379
vt 0.353271 0.511719
vt 0.072571 0.954010
vt 0.798340 0.703857
vt 0.994141 0.566895
vt 0.135498 0.028809
vt 0.306396 0.528564
vt 0.188477 0.678711
vt 0.314697 0.050293
vt 0.803711 0.066895
vt 0.301758 0.527100
vt 0.091797 0.933960
vt 0.643066 0.047852
vt 0.980469 0.588135
vt 0.658203 0.485840
vt 0.320068 0.866943
vt 0.300293 0.869263
vt 0.632812 0.865601
vt 0.643066 0.864258
vt 0.360840 0.119141
vt 0.946289 0.409668
vt 0.855957 0.516846
vt 0.894531 0.471680
vt 0.021896 0.360840
vt 0.016373 0.362793
vt 0.014313 0.356934
vt 0.839844 0.955353
vt 0.191162 0.351074
vt 0.252930 0.275879
vt 0.947266 0.898743
vt 0.975586 0.139160
vt 0.026489 0.378418
vt 0.466797 0.094727
vt 0.080688 0.430176
vt 0.530762 0.115723
vt 0.526367 0.116699
vt 0.864746 0.292480
vt 0.824707 0.584473
vt 0.326660 0.906921
vt 0.247070 0.355469
vt 0.978516 0.098145
vt 0.999023 0.104492
vt 0.975098 0.111328
vt 0.690430 0.081055
vt 0.471191 0.957977
vt 0.540039 0.676758
vt 0.550781 0.414551
vt 0.858887 0.020996
vt 0.864746 0.010254
vt 0.872070 0.017578
vt 0.090454 0.396973
vt 0.731445 0.927124
vt 0.755859 0.523193
vt 0.157349 0.549072
vt 0.002048 0.173828
vt 0.711426 0.317871
vt 0.615723 0.883057
vt 0.345459 0.122070
vt 0.884277 0.687256
vt 0.480469 0.584961
vt 0.478271 0.015137
vt 0.040283 0.845703
vt 0.093262 0.825562
vt 0.788086 0.951141
vt 0.798340 0.157715
vt 0.157715 0.940735
vt 0.689941 0.389648
vt 0.823730 0.603516
vt 0.388428 0.890808
vt 0.547363 0.273438
vt 0.232788 0.682373
vt 0.237671 0.674805
vt 0.933105 0.601074
vt 0.483154 0.300781
vt 0.106628 0.166504
vt 0.274414 0.658936
vt 0.990723 0.838867
vt 0.996094 0.846680
vt 0.990234 0.842773
vt 0.981445 0.722412
vt 0.998047 0.734131
vt 0.989258 0.745605
vt 0.006737 0.149902
vt 0.020782 0.864258
vt 0.474854 0.543701
vt 0.479492 0.529297
vt 0.839355 0.323242
vt 0.830078 0.312012
vt 0.930176 0.193359
vt 0.505859 0.330078
vt 0.750488 0.400391
vt 0.749512 0.323242
vt 0.105591 0.822876
vt 0.914551 0.400879
vt 0.269775 0.081543
vt 0.134033 0.195801
vt 0.524414 0.043457
vt 0.525391 0.049805
vt 0.506836 0.061523
vt 0.393066 0.582031
vt 0.801270 0.719482
vt 0.104187 0.492188
vt 0.055359 0.149902
vt 0.376221 0.994232
vt 0.756348 0.281250
vt 0.197266 0.977982
vt 0.980469 0.311523
vt 0.621094 0.940033
vt 0.408203 0.364258
vt 0.778320 0.052734
vt 0.473877 0.448242
vt 0.337891 0.106934
vt 0.465088 0.434570
vt 0.427246 0.451660
vt 0.136841 0.065430
vt 0.830566 0.533203
vt 0.593262 0.117188
vt 0.595215 0.128418
vt 0.833008 0.174316
vt 0.525391 0.171387
vt 0.285156 0.419434
vt 0.400635 0.463379
vt 0.670898 0.764771
vt 0.634277 0.515137
vt 0.786133 0.891235
vt 0.949707 0.578857
vt 0.674316 0.672607
vt 0.411621 0.780762
vt 0.587891 0.087402
vt 0.675293 0.708740
vt 0.295410 0.615967
vt 0.634766 0.317871
vt 0.854980 0.467773
vt 0.378418 0.131836
vt 0.454346 0.260742
vt 0.058136 0.373047
vt 0.692383 0.077148
vt 0.909180 0.692139
vt 0.379150 0.052734
vt 0.382324 0.075195
vt 0.970703 0.450684
vt 0.376221 0.947662
vt 0.911133 0.494629
vt 0.232910 0.706055
vt 0.940918 0.805664
vt 0.517090 0.723633
vt 0.513184 0.709961
vt 0.425293 0.738037
vt 0.636230 0.000000
vt 0.269531 0.796631
vt 0.800781 0.048340
vt 0.635254 0.197266
vt 0.653809 0.187012
vt 0.341309 0.906006
vt 0.959961 0.543213
vt 0.205688 0.023926
vt 0.202515 0.017090
vt 0.001524 0.621094
vt 0.109375 0.012695
vt 0.503906 0.507568
vt 0.376953 0.034668
vt 0.721191 0.685303
vt 0.970703 0.628662
vt 0.756836 0.783447
vt 0.128052 0.982147
vt 0.510254 0.548828
vt 0.970215 0.707520
vt 0.013000 0.349121
vt 0.622559 0.213379
vt 0.110840 0.313477
vt 0.374023 0.677490
vt 0.064758 0.076172
vt 0.202393 0.875488
vt 0.509766 0.093262
vt 0.040649 0.327637
vt 0.791992 0.397949
vt 0.945312 0.112793
vt 0.979004 0.649170
vt 0.990234 0.988640
vt 0.216797 0.414062
vt 0.645020 0.804077
vt 0.324219 0.302246
vt 0.715820 0.463867
vt 0.831055 0.232422
vt 0.826172 0.227539
vt 0.994629 0.862671
vt 0.976562 0.862671
vt 0.987305 0.856934
vt 0.836426 0.229980
vt 0.817871 0.915649
vt 0.814453 0.903625
vt 0.502441 0.905518
vt 0.368652 0.001465
vt 0.361084 0.009277
vt 0.520020 0.396484
vt 0.342529 0.704834
vt 0.938965 0.571045
vt 0.784180 0.611572
vt 0.598145 0.061523
vt 0.171631 0.416504
vt 0.859375 0.072754
vt 0.071533 0.200684
vt 0.332275 0.299316
vt 0.077637 0.377930
vt 0.749512 0.204102
vt 0.056519 0.223145
vt 0.471680 0.790527
vt 0.121765 0.477539
vt 0.081116 0.680664
vt 0.378418 0.391602
vt 0.172485 0.679199
vt 0.723633 0.457031
vt 0.353760 0.789917
vt 0.798828 0.418457
vt 0.798340 0.425781
vt 0.874512 0.293457
vt 0.167847 0.812256
vt 0.184570 0.231445
vt 0.632812 0.258301
vt 0.403320 0.188965
vt 0.747070 0.414551
vt 0.889160 0.373047
vt 0.423096 0.002930
vt 0.421143 0.008789
vt 0.532715 0.173828
vt 0.632324 0.917664
vt 0.112732 0.603271
vt 0.662598 0.097656
vt 0.773926 0.262695
vt 0.927246 0.588623
vt 0.268311 0.959167
vt 0.113037 0.037109
vt 0.634277 0.581299
vt 0.196533 0.021484
vt 0.386963 0.210449
vt 0.679688 0.306152
vt 0.229614 0.713135
vt 0.793457 0.886475
vt 0.871582 0.704346
vt 0.095215 0.149902
vt 0.455566 0.902344
vt 0.196533 0.277832
vt 0.037323 0.840210
vt 0.805176 0.293945
vt 0.754395 0.452148
vt 0.739258 0.456543
vt 0.076538 0.798462
vt 0.867188 0.911987
vt 0.162720 0.073242
vt 0.544434 0.485352
vt 0.079346 0.264160
vt 0.843262 0.858276
vt 0.267822 0.408691
vt 0.849609 0.044434
vt 0.848633 0.053223
vt 0.503418 0.640869
vt 0.296387 0.868286
vt 0.103638 0.593994
vt 0.848145 0.092285
vt 0.348145 0.072266
vt 0.043732 0.226562
vt 0.681641 0.631348
vt 0.678223 0.620850
vt 0.692871 0.541260
vt 0.052887 0.239258
vt 0.550293 0.100586
vt 0.557129 0.086914
vt 0.655762 0.864380
vt 0.047729 0.816284
vt 0.135742 0.873901
vt 0.076721 0.778931
vt 0.000880 0.680420
vt 0.964844 0.202637
vt 0.838867 0.123047
vt 0.009872 0.003906
vt 0.015541 0.008301
vt 0.003054 0.008789
vt 0.199951 0.658447
vt 0.001019 0.721436
vt 0.986816 0.242188
vt 0.960449 0.718018
vt 0.175659 0.007324
vt 0.179199 0.020020
vt 0.960449 0.316406
vt 0.309326 0.070312
vt 0.448975 0.603027
vt 0.788574 0.686035
vt 0.782227 0.233398
vt 0.445557 0.036621
vt 0.686035 0.091797
vt 0.700195 0.312012
vt 0.069458 0.875549
vt 0.891113 0.518799
vt 0.427490 0.113281
vt 0.098816 0.975739
vt 0.523438 0.904236
vt 0.819824 0.407715
vt 0.928711 0.513916
vt 0.051910 0.964142
vt 0.895508 0.027832
vt 0.992188 0.991730
vt 0.692383 0.809814
vt 0.968750 0.534668
vt 0.956543 0.121582
vt 0.626465 0.821167
vt 0.437256 0.957153
vt 0.633301 0.206055
vt 0.559570 0.689941
vt 0.643555 0.994743
vt 0.673340 0.924316
vt 0.890137 0.524170
vt 0.011093 0.000000
vt 0.035126 0.000000
vt 0.019608 0.006836
vt 0.694824 0.920349
vt 0.450684 0.828613
vt 0.648926 0.314941
vt 0.972168 0.153320
vt 0.780273 0.759766
vt 0.260498 0.650879
vt 0.259521 0.643311
vt 0.267578 0.649170
vt 0.908203 0.487305
vt 0.111572 0.522949
vt 0.059662 0.638916
vt 0.067261 0.643066
vt 0.818848 0.922058
vt 0.877441 0.184082
vt 0.990723 0.994007
vt 0.994629 0.999460
vt 0.986328 0.999393
vt 0.074036 0.186035
vt 0.205811 0.545166
vt 0.139526 0.339844
vt 0.782227 0.882202
vt 0.234863 0.171387
vt 0.234497 0.379883
vt 0.893066 0.652344
vt 0.974121 0.999436
vt 0.951660 0.999436
vt 0.965332 0.992523
vt 0.336426 0.112305
vt 0.001579 0.581299
vt 0.021210 0.935913
vt 0.258545 0.814087
vt 0.130005 0.878662
vt 0.449951 0.898560
vt 0.362061 0.127930
vt 0.538086 0.404785
vt 0.454346 0.843750
vt 0.002249 0.897339
vt 0.638184 0.611328
vt 0.427979 0.454102
vt 0.512207 0.504639
vt 0.063538 0.562744
vt 0.833984 0.828125
vt 0.711426 0.239746
vt 0.079041 0.985863
vt 0.967773 0.220703
vt 0.084595 0.884644
vt 0.508789 0.103027
vt 0.657227 0.096191
vt 0.762207 0.609863
vt 0.884277 0.533447
vt 0.416016 0.316406
vt 0.175659 0.164551
vt 0.003164 0.220703
vt 0.555664 0.080566
vt 0.158203 0.377930
vt 0.007656 0.587891
vt 0.976074 0.624512
vt 0.019257 0.475586
vt 0.627930 0.049805
vt 0.032135 0.720215
vt 0.641113 0.142090
vt 0.001396 0.664795
vt 0.916992 0.739502
vt 0.075562 0.028809
vt 0.833496 0.949982
vt 0.833496 0.955780
vt 0.708984 0.755859
vt 0.611328 0.763062
vt 0.390625 0.056152
vt 0.659668 0.307617
vt 0.286133 0.589111
vt 0.736328 0.604004
vt 0.929688 0.201172
vt 0.420898 0.345703
vt 0.608398 0.981323
vt 0.396484 0.340332
vt 0.710938 0.580322
vt 0.406494 0.511963
vt 0.554688 0.180664
vt 0.673340 0.698975
vt 0.898926 0.350586
vt 0.735840 0.950043
vt 0.565918 0.117676
vt 0.967773 0.250000
vt 0.651855 0.123047
vt 0.888184 0.700195
vt 0.799805 0.813110
vt 0.044495 0.250488
vt 0.304688 0.679688
vt 0.253174 0.313965
vt 0.248657 0.301758
vt 0.036072 0.897461
vt 0.131958 0.535889
vt 0.135742 0.745361
vt 0.254639 0.817383
vt 0.153687 0.546387
vt 0.411621 0.698242
vt 0.291504 0.825928
vt 0.013878 0.952148
vt 0.770508 0.110840
vt 0.547852 0.043945
vt 0.555664 0.176270
vt 0.086060 0.661377
vt 0.079895 0.665771
vt 0.387451 0.362305
vt 0.628418 0.958984
vt 0.620605 0.977097
vt 0.411621 0.334473
vt 0.256104 0.502441
vt 0.088440 0.870117
vt 0.933105 0.109375
vt 0.000060 0.124023
vt 0.854004 0.996408
vt 0.375000 0.781494
vt 0.904785 0.689941
vt 0.497070 0.500000
vt 0.543457 0.039551
vt 0.521973 0.015625
vt 0.646973 0.065918
vt 0.258301 0.024902
vt 0.533691 0.875916
vt 0.822754 0.176758
vt 0.932617 0.421875
vt 0.937988 0.416016
vt 0.941895 0.181152
vt 0.403076 0.536621
vt 0.958984 0.992382
vt 0.122681 0.186523
vt 0.500488 0.849976
vt 0.377930 0.744141
vt 0.868652 0.926025
vt 0.441650 0.862183
vt 0.445068 0.717773
vt 0.325928 0.541504
vt 0.245239 0.158691
vt 0.762207 0.757812
vt 0.861328 0.406250
vt 0.316162 0.215332
vt 0.378662 0.043945
vt 0.420654 0.455078
vt 0.983398 0.999301
vt 0.245972 0.039551
vt 0.098145 0.068359
vt 0.968750 0.458496
vt 0.447021 0.092285
vt 0.204224 0.727783
vt 0.483887 0.006836
vt 0.842285 0.007812
vt 0.833496 0.245605
vt 0.814453 0.236816
vt 0.299561 0.122070
vt 0.758301 0.819824
vt 0.343018 0.901855
vt 0.031891 0.338379
vt 0.835938 0.645752
vt 0.929199 0.347168
vt 0.105957 0.813599
vt 0.727051 0.347168
vt 0.031769 0.636475
vt 0.892578 0.575928
vt 0.136841 0.483398
vt 0.245728 0.149414
vt 0.294189 0.226562
vt 0.035400 0.465820
vt 0.693359 0.766602
vt 0.658691 0.003418
vt 0.671387 0.011719
vt 0.545410 0.050293
vt 0.554199 0.480469
vt 0.174927 0.786133
vt 0.246704 0.840942
vt 0.054016 0.793091
vt 0.634766 0.869263
vt 0.596680 0.180176
vt 0.839844 0.307129
vt 0.871582 0.672363
vt 0.304688 0.050781
vt 0.846680 0.501953
vt 0.172607 0.807495
vt 0.184814 0.631592
vt 0.802246 0.338867
vt 0.875977 0.098145
vt 0.489990 0.679443
vt 0.387939 0.178711
vt 0.930176 0.229492
vt 0.667969 0.717041
vt 0.754395 0.356445
vt 0.353516 0.064453
vt 0.085144 0.942719
vt 0.979004 0.959869
vt 0.992188 0.959869
vt 0.987793 0.965240
vt 0.494385 0.742676
vt 0.649414 0.994629
vt 0.597656 0.169434
vt 0.624023 0.687500
vt 0.230835 0.999834
vt 0.242310 0.997320
vt 0.247803 0.999883
vt 0.973145 0.456055
vt 0.981445 0.437012
vt 0.998535 0.437012
vt 0.476562 0.554443
vt 0.884277 0.625977
vt 0.879395 0.614990
vt 0.882812 0.611572
vt 0.445801 0.080078
vt 0.720703 0.255371
vt 0.927734 0.115234
vt 0.953125 0.915344
vt 0.723633 0.163574
vt 0.663086 0.475098
vt 0.030685 0.563232
vt 0.873047 0.443359
vt 0.430664 0.047852
vt 0.810547 0.793701
vt 0.172485 0.156738
vt 0.332764 0.214844
vt 0.320068 0.229492
vt 0.969727 0.384277
vt 0.976074 0.377930
vt 0.989746 0.383789
vt 0.013435 0.369141
vt 0.028564 0.375977
vt 0.007122 0.376465
vt 0.468750 0.957947
vt 0.986328 0.925964
vt 0.737793 0.369141
vt 0.998047 0.455566
vt 0.981934 0.856201
vt 0.150269 0.043457
vt 0.409180 0.296875
vt 0.135986 0.790161
vt 0.805176 0.331055
vt 0.975586 0.504639
vt 0.660156 0.951263
vt 0.120605 0.182617
vt 0.775391 0.388184
vt 0.485596 0.229004
vt 0.615234 0.918152
vt 0.806641 0.413574
vt 0.001129 0.267578
vt 0.009064 0.256836
vt 0.014954 0.266602
vt 0.886230 0.079590
vt 0.634766 0.638916
vt 0.221069 0.352051
vt 0.518066 0.162109
vt 0.624512 0.854126
vt 0.684082 0.304199
vt 0.871582 0.270996
vt 0.240356 0.413574
vt 0.608398 0.361328
vt 0.309082 0.101074
vt 0.975586 0.311035
vt 0.498535 0.016113
vt 0.606445 0.881042
vt 0.885742 0.007324
vt 0.887695 0.019531
vt 0.100952 0.048340
vt 0.042114 0.477051
vt 0.296143 0.991493
vt 0.761719 0.601074
vt 0.983887 0.481934
vt 0.692871 0.434570
vt 0.704102 0.544189
vt 0.794434 0.956757
vt 0.370605 0.163086
vt 0.204102 0.755005
vt 0.930176 0.869385
vt 0.379150 0.874268
vt 0.441895 0.776611
vt 0.615723 0.471191
vt 0.340576 0.822388
vt 0.547852 0.953827
vt 0.089478 0.941406
vt 0.259033 0.740967
vt 0.139526 0.472168
vt 0.766602 0.386230
vt 0.925781 0.508789
vt 0.335693 0.921692
vt 0.538574 0.113770
vt 0.705566 0.304688
vt 0.343018 0.819946
vt 0.475830 0.801514
vt 0.007271 0.807983
vt 0.007408 0.800171
vt 0.018356 0.808838
vt 0.465088 0.495117
vt 0.457764 0.012695
vt 0.512207 0.446777
vt 0.337891 0.122070
vt 0.542969 0.401367
vt 0.874512 0.829346
vt 0.399170 0.757568
vt 0.765137 0.447754
vt 0.933105 0.573730
vt 0.374756 0.285645
vt 0.993652 0.780396
vt 0.993652 0.793945
vt 0.981445 0.780396
vt 0.596680 0.921692
vt 0.391113 0.545898
vt 0.668945 0.283203
vt 0.956055 0.248047
vt 0.527344 0.505859
vt 0.088257 0.301758
vt 0.540527 0.252441
vt 0.107971 0.124512
vt 0.034668 0.622070
vt 0.339844 0.537109
vt 0.557617 0.446777
vt 0.732910 0.860840
vt 0.253662 0.997103
vt 0.738770 0.655029
vt 0.489014 0.851318
vt 0.375244 0.606689
vt 0.954590 0.790283
vt 0.117859 0.924316
vt 0.912598 0.071777
vt 0.341553 0.522217
vt 0.837402 0.232910
vt 0.977539 0.935364
vt 0.014778 0.088867
vt 0.050293 0.516846
vt 0.019241 0.267090
vt 0.572266 0.500244
vt 0.476807 0.011230
vt 0.321289 0.821533
vt 0.983398 0.249512
vt 0.550781 0.998253
vt 0.001130 0.822754
vt 0.006207 0.815674
vt 0.012939 0.826050
vt 0.254395 0.712158
vt 0.095520 0.065918
vt 0.988281 0.800415
vt 0.983398 0.850586
vt 0.325439 0.014648
vt 0.847168 0.015625
vt 0.116394 0.032227
vt 0.469727 0.461914
vt 0.268555 0.904175
vt 0.772949 0.369141
vt 0.091553 0.810791
vt 0.544434 0.448730
vt 0.554688 0.022949
vt 0.553223 0.121582
vt 0.000040 0.690674
vt 0.479004 0.452148
vt 0.747070 0.104004
vt 0.449219 0.856445
vt 0.670410 0.622803
vt 0.785645 0.400879
vt 0.994629 0.777954
vt 0.233643 0.251953
vt 0.042999 0.335449
vt 0.314453 0.614502
vt 0.947754 0.815796
vt 0.092957 0.687744
vt 0.545898 0.336426
vt 0.100403 0.978409
vt 0.252930 0.259766
vt 0.415527 0.057129
s 1
usemtl Material_0
f 1/1/1 7/2/2 2/3/3
f 3/4/4 4/5/5 5/6/6
f 1/1/1 5/7/6 7/2/2
f 3/4/4 6/8/7 4/5/5
f 4/5/5 7/9/2 5/6/6
f 8/10/8 1/1/1 9/11/9
f 3364/12/10 7/9/2 6/8/7
f 6/8/7 7/9/2 4/5/5
f 10/13/11 11/14/12 12/15/13
f 13/16/14 14/17/15 10/13/11
f 15/18/16 12/15/13 11/14/12
f 10/19/11 16/20/17 15/18/16
f 68/21/18 17/22/19 18/23/20
f 19/24/21 20/25/22 21/26/23
f 22/27/24 23/28/25 2329/29/26
f 24/30/27 25/31/28 26/32/29
f 22/27/24 27/33/30 28/34/31
f 29/35/32 18/23/20 25/31/28
f 30/36/33 31/37/34 32/38/35
f 33/39/36 34/40/37 35/41/38
f 24/30/27 77/42/39 25/31/28
f 22/27/24 2329/29/26 36/43/40
f 37/44/41 38/45/42 51/46/43
f 26/32/29 25/31/28 39/47/44
f 24/30/27 28/34/31 77/42/39
f 30/36/33 755/48/45 3489/49/46
f 56/50/47 40/51/48 41/52/49
f 42/53/50 85/54/51 40/51/48
f 13/55/14 10/19/11 15/18/16
f 3489/49/46 43/56/52 30/36/33
f 44/57/53 56/50/47 45/58/54
f 46/59/55 31/37/34 30/36/33
f 68/21/18 47/60/56 17/22/19
f 48/61/57 49/62/58 37/44/41
f 50/63/59 51/64/43 28/34/31
f 22/27/24 24/30/27 26/32/29
f 26/32/29 44/65/53 23/28/25
f 11/66/12 52/67/60 53/68/61
f 54/69/62 35/41/38 102/70/63
f 39/47/44 25/31/28 18/23/20
f 85/54/51 55/71/64 40/51/48
f 31/72/34 49/62/58 11/66/12
f 77/42/39 29/35/32 25/31/28
f 30/36/33 32/38/35 755/48/45
f 56/73/47 44/65/53 26/32/29
f 57/74/65 42/53/50 103/75/66
f 58/76/67 59/77/68 60/78/69
f 61/79/70 62/80/71 63/81/72
f 64/82/73 65/83/74 66/84/75
f 22/27/24 28/34/31 24/30/27
f 48/61/57 37/44/41 67/85/76
f 38/45/42 29/86/32 51/46/43
f 41/52/49 55/71/64 45/58/54
f 31/37/34 14/17/15 33/39/36
f 38/45/42 31/72/34 46/87/55
f 46/87/55 30/88/33 68/89/18
f 49/62/58 31/72/34 38/45/42
f 69/90/77 63/81/72 62/80/71
f 60/91/69 19/24/21 21/26/23
f 68/89/18 18/92/20 46/87/55
f 26/32/29 23/28/25 22/27/24
f 13/55/14 15/18/16 11/14/12
f 70/93/78 71/94/79 73/95/80
f 36/43/40 27/33/30 22/27/24
f 29/86/32 38/45/42 46/87/55
f 11/14/12 14/17/15 31/37/34
f 26/32/29 39/47/44 59/96/68
f 42/53/50 57/74/65 85/54/51
f 54/69/62 93/97/81 70/98/78
f 61/79/70 31/37/34 33/39/36
f 54/69/62 70/98/78 72/99/82
f 72/99/82 70/98/78 73/100/80
f 72/99/82 73/100/80 74/101/83
f 12/15/13 75/102/84 76/103/85
f 19/24/21 39/47/44 20/25/22
f 29/86/32 77/104/39 51/46/43
f 78/105/86 79/106/87 72/99/82
f 78/105/86 72/99/82 74/101/83
f 33/39/36 54/69/62 62/80/71
f 80/107/88 63/81/72 69/90/77
f 80/107/88 4743/108/89 81/109/90
f 35/41/38 3699/110/91 102/70/63
f 18/23/20 20/25/22 39/47/44
f 57/111/65 82/112/92 83/113/93
f 83/114/93 84/115/94 85/116/51
f 57/117/65 83/114/93 85/116/51
f 28/34/31 27/33/30 50/63/59
f 14/17/15 34/40/37 33/39/36
f 74/118/83 73/95/80 71/94/79
f 83/113/93 86/119/95 84/120/94
f 42/53/50 87/121/96 103/75/66
f 77/42/39 28/34/31 51/64/43
f 59/96/68 39/47/44 19/24/21
f 88/122/97 40/51/48 59/77/68
f 43/123/52 68/89/18 30/88/33
f 33/39/36 62/80/71 61/79/70
f 63/81/72 80/107/88 61/79/70
f 16/20/17 10/19/11 75/102/84
f 71/94/79 89/124/98 90/125/99
f 54/69/62 72/99/82 79/106/87
f 91/126/100 92/127/101 90/125/99
f 70/93/78 93/128/81 89/124/98
f 33/39/36 35/41/38 54/69/62
f 90/125/99 89/124/98 94/129/102
f 93/128/81 94/129/102 89/124/98
f 95/130/103 65/83/74 90/125/99
f 90/125/99 92/127/101 95/130/103
f 71/94/79 90/125/99 64/82/73
f 99/131/104 100/132/105 96/133/106
f 97/134/107 98/135/108 99/136/104
f 100/137/105 101/138/109 102/139/63
f 99/136/104 98/135/108 100/137/105
f 13/140/14 11/66/12 53/68/61
f 11/66/12 49/62/58 52/67/60
f 12/15/13 15/18/16 75/102/84
f 10/13/11 14/17/15 11/14/12
f 37/44/41 49/62/58 38/45/42
f 54/69/62 102/70/63 93/97/81
f 71/94/79 70/93/78 89/124/98
f 81/109/90 32/38/35 61/79/70
f 41/52/49 40/51/48 55/71/64
f 59/77/68 58/76/67 88/122/97
f 75/102/84 15/18/16 16/20/17
f 61/79/70 80/107/88 81/109/90
f 46/87/55 18/92/20 29/86/32
f 64/82/73 90/125/99 65/83/74
f 67/85/76 37/44/41 50/141/59
f 26/142/29 59/77/68 56/50/47
f 59/96/68 19/24/21 60/91/69
f 82/112/92 57/111/65 103/143/66
f 50/63/59 27/33/30 67/144/76
f 104/145/110 48/61/57 105/146/111
f 31/37/34 61/79/70 32/38/35
f 45/58/54 56/50/47 41/52/49
f 59/77/68 40/51/48 56/50/47
f 100/137/105 98/135/108 101/138/109
f 62/80/71 54/69/62 79/106/87
f 80/107/88 69/90/77 4743/108/89
f 4743/108/89 69/90/77 106/147/112
f 90/125/99 94/129/102 91/126/100
f 88/122/97 42/53/50 40/51/48
f 51/46/43 50/141/59 37/44/41
f 17/22/19 20/25/22 18/23/20
f 107/148/113 108/149/114 109/150/115
f 110/151/116 111/152/117 112/153/118
f 113/154/119 114/155/120 115/156/121
f 116/157/122 117/158/123 118/159/124
f 117/158/123 119/160/125 118/159/124
f 120/161/126 119/160/125 117/158/123
f 115/156/121 114/155/120 119/160/125
f 118/159/124 121/162/127 116/157/122
f 115/156/121 119/160/125 120/161/126
f 114/155/120 118/159/124 119/160/125
f 122/163/128 123/164/129 124/165/130
f 125/166/131 126/167/132 122/163/128
f 126/167/132 127/168/133 128/169/134
f 129/170/135 126/167/132 128/169/134
f 125/166/131 127/168/133 126/167/132
f 126/167/132 123/164/129 122/163/128
f 4222/171/136 130/172/137 131/173/138
f 133/174/139 4483/175/140 4282/176/141
f 1293/177/142 132/178/143 133/179/139
f 137/180/144 133/179/139 132/178/143
f 4483/175/140 133/174/139 137/181/144
f 134/182/145 135/183/146 136/184/147
f 136/184/147 135/183/146 2873/185/148
f 134/182/145 137/186/144 135/183/146
f 138/187/149 139/188/150 140/189/151
f 141/190/152 140/191/151 142/192/153
f 140/191/151 141/190/152 138/193/149
f 143/194/154 2425/195/155 144/196/156
f 145/197/157 146/198/158 147/199/159
f 148/200/160 159/201/161 149/202/162
f 150/203/163 151/204/164 152/205/165
f 146/198/158 153/206/166 147/199/159
f 154/207/167 148/200/160 155/208/168
f 156/209/169 158/210/170 157/211/171
f 3156/212/172 158/213/170 145/197/157
f 148/200/160 149/202/162 155/208/168
f 172/214/173 171/215/174 153/206/166
f 159/216/161 152/205/165 149/217/162
f 172/214/173 153/206/166 146/198/158
f 163/218/175 160/219/176 161/220/177
f 154/207/167 161/221/177 162/222/178
f 155/208/168 163/223/175 154/207/167
f 164/224/179 165/225/180 160/219/176
f 145/197/157 163/223/175 155/208/168
f 166/226/181 167/227/182 168/228/183
f 151/204/164 149/217/162 152/205/165
f 145/197/157 147/199/159 3156/212/172
f 163/223/175 145/197/157 158/213/170
f 169/229/184 170/230/185 150/203/163
f 166/226/181 168/228/183 165/225/180
f 165/225/180 164/224/179 156/209/169
f 163/218/175 164/224/179 160/219/176
f 171/231/174 172/232/173 173/233/186
f 174/234/187 156/209/169 157/211/171
f 175/235/188 176/236/189 179/237/190
f 168/228/183 177/238/191 160/219/176
f 172/214/173 155/208/168 149/202/162
f 158/210/170 156/209/169 164/224/179
f 160/219/176 177/238/191 175/235/188
f 167/227/182 177/238/191 168/228/183
f 171/231/174 173/233/186 178/239/192
f 158/210/170 164/224/179 163/218/175
f 173/233/186 172/232/173 151/204/164
f 161/221/177 179/240/190 162/222/178
f 161/220/177 160/219/176 175/235/188
f 160/219/176 165/225/180 168/228/183
f 179/237/190 176/236/189 4317/241/193
f 175/235/188 177/238/191 176/236/189
f 170/230/185 173/233/186 150/203/163
f 146/198/158 155/208/168 172/214/173
f 179/237/190 161/220/177 175/235/188
f 150/203/163 173/233/186 151/204/164
f 172/232/173 149/217/162 151/204/164
f 145/197/157 155/208/168 146/198/158
f 161/221/177 154/207/167 163/223/175
f 154/207/167 162/222/178 148/200/160
f 180/242/194 181/243/195 182/244/196
f 183/245/197 180/246/194 4545/247/198
f 184/248/199 183/249/197 187/250/200
f 4545/247/198 180/246/194 185/251/201
f 185/251/201 3278/252/202 1650/253/203
f 183/249/197 4545/254/198 187/250/200
f 4545/247/198 185/251/201 1650/253/203
f 4545/255/198 186/256/204 187/257/200
f 180/242/194 183/249/197 181/243/195
f 185/251/201 180/246/194 182/258/196
f 105/146/111 188/259/205 189/260/206
f 4678/261/207 190/262/208 4526/263/209
f 371/264/210 191/265/211 192/266/212
f 191/265/211 371/264/210 4787/267/213
f 193/268/214 3120/269/215 4734/270/216
f 194/271/217 195/272/218 196/273/219
f 198/274/220 207/275/221 197/276/222
f 254/277/223 198/278/220 199/279/224
f 200/280/225 201/281/226 202/282/227
f 197/276/222 203/283/228 220/284/229
f 204/285/230 4217/286/231 205/287/232
f 206/288/233 259/289/234 207/290/221
f 251/291/235 234/292/236 208/293/237
f 206/288/233 209/294/238 259/289/234
f 210/295/239 204/285/230 205/287/232
f 201/281/226 220/296/229 203/297/228
f 206/288/233 207/290/221 198/278/220
f 205/287/232 203/283/228 197/276/222
f 279/298/240 211/299/241 253/300/242
f 212/301/243 247/302/244 209/294/238
f 253/300/242 213/303/245 255/304/246
f 214/305/247 215/306/248 211/299/241
f 216/307/249 217/308/250 229/309/251
f 199/310/224 218/311/252 219/312/253
f 198/278/220 220/313/229 199/279/224
f 213/303/245 215/306/248 218/311/252
f 221/314/254 244/315/255 222/316/256
f 197/276/222 210/295/239 205/287/232
f 223/317/257 224/318/258 225/319/259
f 206/288/233 198/278/220 254/277/223
f 208/293/237 226/320/260 197/276/222
f 227/321/261 228/322/262 254/277/223
f 227/321/261 229/323/251 230/324/263
f 231/325/264 200/280/225 232/326/265
f 275/327/266 233/328/267 273/329/268
f 234/330/236 235/331/269 236/332/270
f 218/311/252 255/304/246 213/303/245
f 237/333/271 238/334/272 222/316/256
f 239/335/273 229/309/251 217/308/250
f 228/322/262 240/336/274 206/288/233
f 239/335/273 217/308/250 241/337/275
f 242/338/276 236/332/270 243/339/277
f 255/304/246 220/340/229 244/341/255
f 221/314/254 222/316/256 238/334/272
f 269/342/278 275/343/266 245/344/279
f 228/322/262 246/345/280 240/336/274
f 235/331/269 247/346/244 248/347/281
f 249/348/282 208/293/237 234/292/236
f 226/320/260 250/349/283 210/295/239
f 235/331/269 234/330/236 251/350/235
f 221/314/254 252/351/284 253/352/242
f 222/316/256 220/296/229 201/281/226
f 198/274/220 197/276/222 220/284/229
f 267/353/285 252/351/284 221/314/254
f 267/353/285 221/314/254 238/334/272
f 200/280/225 1843/354/286 232/326/265
f 4540/355/287 212/301/243 246/345/280
f 210/295/239 197/276/222 226/320/260
f 216/307/249 219/356/253 217/308/250
f 216/307/249 254/357/223 219/356/253
f 201/281/226 233/328/267 222/316/256
f 216/358/249 227/321/261 254/277/223
f 222/316/256 244/315/255 220/296/229
f 208/293/237 249/348/282 226/320/260
f 245/344/279 270/359/288 269/342/278
f 255/360/246 244/315/255 221/314/254
f 227/321/261 246/345/280 228/322/262
f 256/361/289 229/323/251 257/362/290
f 4540/355/287 246/345/280 258/363/291
f 207/275/221 259/364/234 197/276/222
f 209/294/238 247/302/244 259/289/234
f 249/348/282 260/365/292 226/320/260
f 261/366/293 232/326/265 1843/354/286
f 248/347/281 243/339/277 235/331/269
f 201/281/226 200/280/225 233/328/267
f 262/367/294 231/325/264 232/326/265
f 253/300/242 211/299/241 213/303/245
f 210/295/239 250/349/283 263/368/295
f 230/324/263 256/361/289 264/369/296
f 257/362/290 239/370/273 265/371/297
f 239/370/273 257/362/290 229/323/251
f 266/372/298 271/373/299 261/366/293
f 233/328/267 231/325/264 273/329/268
f 255/304/246 218/311/252 199/310/224
f 239/335/273 241/337/275 274/374/300
f 240/336/274 209/294/238 206/288/233
f 212/301/243 209/294/238 240/336/274
f 246/345/280 227/321/261 230/324/263
f 206/288/233 254/277/223 228/322/262
f 223/317/257 225/319/259 238/375/272
f 238/375/272 225/319/259 267/376/285
f 279/298/240 214/305/247 211/299/241
f 251/350/235 259/377/234 235/331/269
f 261/366/293 262/367/294 232/326/265
f 262/367/294 261/366/293 273/329/268
f 231/325/264 262/367/294 273/329/268
f 223/317/257 238/375/272 237/378/271
f 205/287/232 4217/286/231 203/283/228
f 210/295/239 263/368/295 204/285/230
f 202/282/227 201/281/226 203/297/228
f 200/280/225 202/282/227 1843/354/286
f 254/357/223 199/379/224 219/356/253
f 208/293/237 197/276/222 251/291/235
f 255/304/246 199/310/224 220/340/229
f 234/292/236 268/380/301 249/348/282
f 243/339/277 236/332/270 235/331/269
f 246/345/280 212/301/243 240/336/274
f 258/363/291 230/324/263 264/369/296
f 227/321/261 216/358/249 229/323/251
f 224/318/258 269/381/278 270/382/288
f 275/327/266 273/329/268 272/383/302
f 269/381/278 224/318/258 223/317/257
f 231/325/264 233/328/267 200/280/225
f 269/381/278 223/317/257 237/378/271
f 271/384/299 272/385/302 273/386/268
f 213/303/245 211/299/241 215/306/248
f 259/364/234 251/291/235 197/276/222
f 202/387/227 203/283/228 4217/286/231
f 250/349/283 226/320/260 260/365/292
f 242/338/276 243/339/277 248/347/281
f 275/343/266 272/385/302 245/344/279
f 256/361/289 230/324/263 229/323/251
f 253/352/242 255/360/246 221/314/254
f 274/388/300 265/371/297 239/370/273
f 275/389/266 269/381/278 237/378/271
f 233/328/267 275/327/266 237/333/271
f 276/390/303 272/385/302 271/384/299
f 246/345/280 230/324/263 258/363/291
f 277/391/304 245/344/279 272/385/302
f 235/331/269 259/377/234 247/346/244
f 4883/392/305 267/376/285 225/319/259
f 252/393/284 267/376/285 4883/392/305
f 271/373/299 273/329/268 261/366/293
f 272/385/302 276/390/303 278/394/306
f 233/328/267 237/333/271 222/316/256
f 253/352/242 252/351/284 279/395/240
f 280/396/307 281/397/308 282/398/309
f 288/399/310 283/400/311 282/398/309
f 282/401/309 283/402/311 310/403/312
f 284/404/313 280/396/307 285/405/314
f 286/406/315 310/407/312 287/408/316
f 320/409/317 287/408/316 289/410/318
f 288/411/310 293/412/319 283/413/311
f 297/414/320 305/415/321 299/416/322
f 289/417/318 310/403/312 283/402/311
f 288/399/310 282/398/309 281/397/308
f 288/399/310 281/397/308 290/418/323
f 288/411/310 291/419/324 293/412/319
f 287/408/316 310/407/312 289/410/318
f 293/420/319 292/421/325 283/402/311
f 293/422/319 296/423/326 297/414/320
f 312/424/327 311/425/328 292/421/325
f 294/426/329 4258/427/330 290/418/323
f 312/424/327 295/428/331 313/429/332
f 293/412/319 291/419/324 296/430/326
f 297/431/320 292/421/325 293/420/319
f 287/408/316 320/409/317 319/432/333
f 290/418/323 284/404/313 294/426/329
f 298/433/334 284/404/313 285/405/314
f 290/418/323 315/434/335 288/399/310
f 292/421/325 299/435/322 312/424/327
f 305/415/321 300/436/336 317/437/337
f 301/438/338 302/439/339 303/440/340
f 2172/441/341 295/428/331 304/442/342
f 311/425/328 283/402/311 292/421/325
f 327/443/343 299/435/322 305/444/321
f 297/431/320 299/435/322 292/421/325
f 298/433/334 285/405/314 306/445/344
f 295/428/331 312/424/327 299/435/322
f 282/398/309 286/446/315 307/447/345
f 291/419/324 308/448/346 309/449/347
f 282/398/309 307/447/345 285/405/314
f 286/446/315 282/398/309 310/450/312
f 283/402/311 311/425/328 289/417/318
f 281/397/308 280/396/307 290/418/323
f 320/451/317 311/452/328 321/453/348
f 295/428/331 299/435/322 327/443/343
f 321/453/348 312/454/327 313/455/332
f 296/430/326 291/419/324 314/456/349
f 302/457/339 304/442/342 327/443/343
f 288/411/310 315/458/335 308/448/346
f 317/437/337 303/440/340 302/439/339
f 321/453/348 313/455/332 316/459/350
f 327/443/343 317/460/337 302/457/339
f 306/445/344 285/405/314 307/447/345
f 282/398/309 285/405/314 280/396/307
f 320/461/317 318/462/351 319/463/333
f 320/464/317 289/417/318 311/425/328
f 312/424/327 321/465/348 311/425/328
f 295/428/331 327/443/343 304/442/342
f 2172/441/341 304/442/342 4833/466/352
f 300/436/336 322/467/353 317/437/337
f 313/429/332 295/428/331 2172/441/341
f 300/436/336 323/468/354 322/467/353
f 324/469/355 301/438/338 325/470/356
f 325/470/356 301/438/338 303/440/340
f 291/419/324 288/411/310 308/448/346
f 4258/427/330 315/434/335 290/418/323
f 326/471/357 321/453/348 316/459/350
f 303/440/340 317/437/337 322/467/353
f 290/418/323 280/396/307 284/404/313
f 291/419/324 309/449/347 314/456/349
f 327/472/343 305/415/321 317/437/337
f 296/473/326 328/474/358 329/475/359
f 328/474/358 296/473/326 314/476/349
f 309/449/347 308/448/346 330/477/360
f 324/469/355 325/470/356 331/478/361
f 1288/479/362 332/480/363 333/481/364
f 334/482/365 335/483/366 1247/484/367
f 1247/484/367 336/485/368 334/482/365
f 337/486/369 338/487/370 339/488/371
f 340/489/372 341/490/373 342/491/374
f 1200/492/375 343/493/376 344/494/377
f 345/495/378 4963/496/379 346/497/380
f 347/498/381 348/499/382 349/500/383
f 349/500/383 350/501/384 347/498/381
f 351/502/385 352/503/386 353/504/387
f 347/498/381 354/505/388 4638/506/389
f 355/507/390 356/508/391 357/509/392
f 356/508/391 2633/510/393 357/509/392
f 356/508/391 358/511/394 2633/510/393
f 359/512/395 360/513/396 361/514/397
f 362/515/398 363/516/399 4497/517/400
f 364/518/401 365/519/402 366/520/403
f 367/521/404 368/522/405 369/523/406
f 370/524/407 2108/525/408 4856/526/409
f 4734/527/216 371/528/210 372/529/410
f 373/530/411 374/531/412 3962/532/413
f 1388/533/414 375/534/415 376/535/416
f 377/536/417 378/537/418 4671/538/419
f 379/539/420 380/540/421 381/541/422
f 382/542/423 383/543/424 384/544/425
f 385/545/426 4400/546/427 386/547/428
f 387/548/429 388/549/430 4889/550/431
f 639/551/432 389/552/433 390/553/434
f 391/554/435 392/555/436 393/556/437
f 394/557/438 395/558/439 396/559/440
f 397/560/441 398/561/442 399/562/443
f 400/563/444 401/564/445 2502/565/446
f 402/566/447 403/567/448 404/568/449
f 405/569/450 406/570/451 407/571/452
f 4100/572/453 1826/573/454 529/574/455
f 3962/532/413 408/575/456 409/576/457
f 4896/577/458 410/578/459 411/579/460
f 1704/580/461 412/581/462 1902/582/463
f 4012/583/464 413/584/465 3829/585/466
f 414/586/467 415/587/468 3957/588/469
f 416/589/470 4938/590/471 417/591/472
f 418/592/473 419/593/474 420/594/475
f 2576/595/476 1476/596/477 421/597/478
f 422/598/479 3441/599/480 423/600/481
f 424/601/482 3398/602/483 998/603/484
f 425/604/485 426/605/486 427/606/487
f 428/607/488 429/608/489 430/609/490
f 431/610/491 432/611/492 433/612/493
f 434/613/494 435/614/495 436/615/496
f 437/616/497 438/617/498 439/618/499
f 4193/619/500 2083/620/501 4646/621/502
f 3952/622/503 1710/623/504 440/624/505
f 441/625/506 3653/626/507 904/627/508
f 442/628/509 443/629/510 4502/630/511
f 444/631/512 445/632/513 446/633/514
f 2307/634/515 447/635/516 448/636/517
f 449/637/518 450/638/519 451/639/520
f 452/640/521 453/641/522 2045/642/523
f 2741/643/524 690/644/525 454/645/526
f 2474/646/527 455/647/528 456/648/529
f 457/649/530 458/650/531 459/651/532
f 460/652/533 461/653/534 462/654/535
f 463/655/536 464/656/537 4460/657/538
f 3147/658/539 4939/659/540 465/660/541
f 466/661/542 467/662/543 468/663/544
f 3068/664/545 4667/665/546 469/666/547
f 470/667/548 471/668/549 472/669/550
f 473/670/551 4489/671/552 474/672/553
f 3319/673/554 475/674/555 1864/675/556
f 476/676/557 477/677/558 4488/678/559
f 478/679/560 4930/680/561 479/681/562
f 480/682/563 481/683/564 482/684/565
f 483/685/566 484/686/567 485/687/568
f 4932/688/569 1366/689/570 486/690/571
f 487/691/572 488/692/573 4395/693/574
f 4114/694/575 4022/695/576 489/696/577
f 355/507/390 490/697/578 356/508/391
f 1196/698/579 2466/699/580 491/700/581
f 492/701/582 493/702/583 494/703/584
f 495/704/585 496/705/586 497/706/587
f 399/707/443 3858/708/588 498/709/589
f 2674/710/590 2236/711/591 499/712/592
f 500/713/593 501/714/594 4013/715/595
f 1802/716/596 502/717/597 1803/718/598
f 503/719/599 504/720/600 2925/721/601
f 505/722/602 3065/723/603 506/724/604
f 507/725/605 1782/726/606 508/727/607
f 509/728/608 471/668/549 3910/729/609
f 510/730/610 511/731/611 4393/732/612
f 3317/733/613 3524/734/614 512/735/615
f 513/736/616 3200/737/617 514/738/618
f 515/739/619 4850/740/620 516/741/621
f 517/742/622 518/743/623 519/744/624
f 520/745/625 341/490/373 521/746/626
f 522/747/627 523/748/628 524/749/629
f 4976/750/630 4225/751/631 3010/752/632
f 525/753/633 526/754/634 527/755/635
f 528/756/636 4116/757/637 529/758/455
f 530/759/638 531/760/639 532/761/640
f 533/762/641 604/763/642 2702/764/643
f 534/765/644 535/766/645 536/767/646
f 537/768/647 4279/769/648 538/770/649
f 539/771/650 4201/772/651 540/773/652
f 541/774/653 3262/775/654 542/776/655
f 543/777/656 4872/778/657 4379/779/658
f 544/780/659 545/781/660 546/782/661
f 547/783/662 1216/784/663 548/785/664
f 2500/786/665 1817/787/666 549/788/667
f 4744/789/668 4955/790/669 550/791/670
f 551/792/671 1364/793/672 552/794/673
f 553/795/674 554/796/675 555/797/676
f 4415/798/677 2638/799/678 556/800/679
f 296/423/326 329/801/359 297/414/320
f 557/802/680 558/803/681 559/804/682
f 560/805/683 561/806/684 562/807/685
f 1200/492/375 563/808/686 564/809/687
f 565/810/688 4658/811/689 566/812/690
f 4912/813/691 567/814/692 568/815/693
f 569/816/694 570/817/695 571/818/696
f 560/805/683 572/819/697 561/806/684
f 573/820/698 510/730/610 574/821/699
f 4753/822/700 78/105/86 74/101/83
f 530/759/638 532/761/640 575/823/701
f 1190/824/702 576/825/703 577/826/704
f 450/638/519 578/827/705 451/639/520
f 579/828/706 2652/829/707 580/830/708
f 581/831/709 582/832/710 583/833/711
f 584/834/712 585/835/713 922/836/714
f 586/837/715 587/838/716 588/839/717
f 500/713/593 4013/715/595 589/840/718
f 590/841/719 3460/842/720 591/843/721
f 592/844/722 593/845/723 2131/846/724
f 305/415/321 329/801/359 300/436/336
f 594/847/725 1013/848/726 505/722/602
f 4864/849/727 3963/850/728 595/851/729
f 123/164/129 129/170/135 596/852/730
f 597/853/731 598/854/732 599/855/733
f 600/856/734 601/857/735 602/858/736
f 3957/588/469 415/587/468 603/859/737
f 604/860/642 533/861/641 605/862/738
f 606/863/739 4842/864/740 4785/865/741
f 4189/866/742 4894/867/743 607/868/744
f 608/869/745 609/870/746 610/871/747
f 611/872/748 612/873/749 2802/874/750
f 613/875/751 88/122/97 58/76/67
f 614/876/752 615/877/753 610/871/747
f 4811/878/754 616/879/755 4546/880/756
f 215/306/248 617/881/757 218/311/252
f 618/882/758 619/883/759 620/884/760
f 621/885/761 2633/886/393 4722/887/762
f 1183/888/763 622/889/764 623/890/765
f 4590/891/766 2809/892/767 624/893/768
f 625/894/769 860/895/770 626/896/771
f 627/897/772 628/898/773 629/899/774
f 630/900/775 568/815/693 631/901/776
f 632/902/777 633/903/778 634/904/779
f 635/905/780 3529/906/781 636/907/782
f 3349/908/783 637/909/784 638/910/785
f 639/551/432 390/553/434 640/911/786
f 2405/912/787 639/913/432 640/914/786
f 641/915/788 642/916/789 643/917/790
f 644/918/791 645/919/792 646/920/793
f 647/921/794 1368/922/795 648/923/796
f 649/924/797 650/925/798 651/926/799
f 652/927/800 653/928/801 654/929/802
f 655/930/803 136/184/147 656/931/804
f 2750/932/805 4945/933/806 657/934/807
f 658/935/808 659/936/809 2788/937/810
f 598/854/732 660/938/811 599/855/733
f 1513/939/812 4550/940/813 4620/941/814
f 661/942/815 662/943/816 663/944/817
f 664/945/818 665/946/819 666/947/820
f 667/948/821 668/949/822 669/950/823
f 4941/951/824 670/952/825 4717/953/826
f 4906/954/827 671/955/828 672/956/829
f 673/957/830 674/958/831 675/959/832
f 4516/960/833 335/961/366 634/904/779
f 676/962/834 677/963/835 678/964/836
f 679/965/837 680/966/838 1026/967/839
f 503/719/599 2925/721/601 2927/968/840
f 681/969/841 588/970/717 4290/971/842
f 1187/972/843 682/973/844 683/974/845
f 684/975/846 685/976/847 2004/977/848
f 686/978/849 644/918/791 687/979/850
f 688/980/851 689/981/852 726/982/853
f 690/983/525 691/984/854 4399/985/855
f 692/986/856 693/987/857 694/988/858
f 1130/989/859 695/990/860 696/991/861
f 697/992/862 941/993/863 698/994/864
f 699/995/865 700/996/866 701/997/867
f 702/998/868 4721/999/869 1360/1000/870
f 2992/1001/871 703/1002/872 704/1003/873
f 705/1004/874 4565/1005/875 4905/1006/876
f 3721/1007/877 706/1008/878 707/1009/879
f 708/1010/880 4972/1011/881 354/1012/388
f 709/1013/882 4324/1014/883 710/1015/884
f 2702/764/643 711/1016/885 712/1017/886
f 713/1018/887 714/1019/888 4241/1020/889
f 1822/1021/890 4498/1022/891 715/1023/892
f 716/1024/893 717/1025/894 113/154/119
f 718/1026/895 719/1027/896 720/1028/897
f 721/1029/898 722/1030/899 723/1031/900
f 4845/1032/901 1339/1033/902 724/1034/903
f 645/919/792 725/1035/904 726/1036/853
f 727/1037/905 3724/1038/906 728/1039/907
f 729/1040/908 730/1041/909 1395/1042/910
f 572/819/697 731/1043/911 561/806/684
f 3529/906/781 732/1044/912 733/1045/913
f 734/1046/914 735/1047/915 484/686/567
f 736/1048/916 737/1049/917 4736/1050/918
f 738/1051/919 739/1052/920 740/1053/921
f 4700/1054/922 741/1055/923 742/1056/924
f 4845/1057/901 743/1058/925 2810/1059/926
f 744/1060/927 745/1061/928 746/1062/929
f 4853/1063/930 747/1064/931 4953/1065/932
f 4940/1066/933 748/1067/934 2024/1068/935
f 749/1069/936 750/1070/937 751/1071/938
f 752/1072/939 753/1073/940 754/1074/941
f 3216/1075/942 755/1076/45 81/1077/90
f 756/1078/943 757/1079/944 758/1080/945
f 759/1081/946 760/1082/947 761/1083/948
f 738/1051/919 740/1053/921 762/1084/949
f 763/1085/950 764/1086/951 765/1087/952
f 597/853/731 599/855/733 939/1088/953
f 3199/1089/954 766/1090/955 3405/1091/956
f 767/1092/957 768/1093/958 769/1094/959
f 770/1095/960 771/1096/961 772/1097/962
f 773/1098/963 774/1099/964 752/1072/939
f 775/1100/965 776/1101/966 777/1102/967
f 778/1103/968 779/1104/969 3149/1105/970
f 780/1106/971 781/1107/972 782/1108/973
f 783/1109/974 784/1110/975 785/1111/976
f 4048/1112/977 786/1113/978 4093/1114/979
f 787/1115/980 4696/1116/981 788/1117/982
f 774/1099/964 789/1118/983 790/1119/984
f 791/1120/985 792/1121/986 3157/1122/987
f 793/1123/988 794/1124/989 795/1125/990
f 796/1126/991 597/1127/731 797/1128/992
f 798/1129/993 1204/1130/994 799/1131/995
f 800/1132/996 801/1133/997 802/1134/998
f 236/332/270 3086/1135/999 3912/1136/1000
f 803/1137/1001 804/1138/1002 805/1139/1003
f 426/1140/486 4738/1141/1004 2487/1142/1005
f 806/1143/1006 807/1144/1007 3620/1145/1008
f 808/1146/1009 1665/1147/1010 809/1148/1011
f 810/1149/1012 750/1070/937 811/1150/1013
f 1040/1151/1014 812/1152/1015 813/1153/1016
f 814/1154/1017 815/1155/1018 4852/1156/1019
f 816/1157/1020 3370/1158/1021 817/1159/1022
f 818/1160/1023 819/1161/1024 374/531/412
f 4770/1162/1025 820/1163/1026 4415/1164/677
f 52/67/60 821/1165/1027 822/1166/1028
f 386/547/428 823/1167/1029 385/545/426
f 824/1168/1030 825/1169/1031 826/1170/1032
f 4654/1171/1033 706/1008/878 3721/1007/877
f 4685/1172/1034 4249/1173/1035 4248/1174/1036
f 3484/1175/1037 827/1176/1038 3476/1177/1039
f 828/1178/1040 829/1179/1041 830/1180/1042
f 831/1181/1043 832/1182/1044 833/1183/1045
f 4571/1184/1046 1474/1185/1047 834/1186/1048
f 4859/1187/1049 4224/1188/1050 4318/1189/1051
f 835/1190/1052 836/1191/1053 837/1192/1054
f 4848/1193/1055 838/1194/1056 839/1195/1057
f 840/1196/1058 699/995/865 841/1197/1059
f 842/1198/1060 843/1199/1061 379/539/420
f 4647/1200/1062 844/1201/1063 4560/1202/1064
f 845/1203/1065 846/1204/1066 847/1205/1067
f 3238/1206/1068 848/1207/1069 849/1208/1070
f 850/1209/1071 851/1210/1072 852/1211/1073
f 853/1212/1074 854/1213/1075 1617/1214/1076
f 855/1215/1077 856/1216/1078 857/1217/1079
f 858/1218/1080 1482/1219/1081 4474/1220/1082
f 775/1221/965 777/1222/967 4223/1223/1083
f 2702/764/643 859/1224/1084 860/1225/770
f 861/1226/1085 2702/764/643 860/1225/770
f 862/1227/1086 2357/1228/1087 1615/1229/1088
f 863/1230/1089 864/1231/1090 865/1232/1091
f 866/1233/1092 110/1234/116 867/1235/1093
f 4942/1236/1094 3152/1237/1095 333/481/364
f 868/1238/1096 869/1239/1097 870/1240/1098
f 583/833/711 871/1241/1099 872/1242/1100
f 4598/1243/1101 873/1244/1102 4946/1245/1103
f 4062/1246/1104 874/1247/1105 875/1248/1106
f 876/1249/1107 3451/1250/1108 4073/1251/1109
f 877/1252/1110 878/1253/1111 1151/1254/1112
f 879/1255/1113 4679/1256/1114 880/1257/1115
f 2357/1228/1087 4905/1006/876 2913/1258/1116
f 881/1259/1117 882/1260/1118 883/1261/1119
f 1209/1262/1120 884/1263/1121 885/1264/1122
f 886/1265/1123 887/1266/1124 446/1267/514
f 888/1268/1125 889/1269/1126 428/607/488
f 4923/1270/1127 890/1271/1128 891/1272/1129
f 4282/176/141 507/725/605 892/1273/1130
f 893/1274/1131 169/229/184 4419/1275/1132
f 894/1276/1133 2722/1277/1134 4476/1278/1135
f 895/1279/1136 797/1128/992 896/1280/1137
f 2102/1281/1138 595/851/729 452/640/521
f 897/1282/1139 898/1283/1140 899/1284/1141
f 4465/1285/1142 900/1286/1143 901/1287/1144
f 4637/1288/1145 902/1289/1146 3799/1290/1147
f 903/1291/1148 904/1292/508 905/1293/1149
f 906/1294/1150 405/569/450 407/571/452
f 1338/1295/1151 907/1296/1152 818/1297/1023
f 908/1298/1153 909/1299/1154 910/1300/1155
f 911/1301/1156 3659/1302/1157 912/1303/1158
f 4418/1304/1159 4782/1305/1160 913/1306/1161
f 914/1307/1162 2998/1308/1163 4093/1114/979
f 4746/1309/1164 915/1310/1165 4618/1311/1166
f 916/1312/1167 917/1313/1168 3896/1314/1169
f 427/606/487 918/1315/1170 919/1316/1171
f 920/1317/1172 4792/1318/1173 921/1319/1174
f 922/1320/714 923/1321/1175 4114/694/575
f 924/1322/1176 925/1323/1177 926/1324/1178
f 927/1325/1179 928/1326/1180 929/1327/1181
f 930/1328/1182 931/1329/1183 838/1194/1056
f 932/1330/1184 933/1331/1185 934/1332/1186
f 4794/1333/1187 4561/1334/1188 4562/1335/1189
f 4836/1336/1190 935/1337/1191 4788/1338/1192
f 704/1339/873 3207/1340/1193 936/1341/1194
f 779/1104/969 937/1342/1195 938/1343/1196
f 896/1280/1137 797/1128/992 939/1344/953
f 2372/1345/1197 940/1346/1198 941/1347/863
f 942/1348/1199 943/1349/1200 944/1350/1201
f 4532/1351/1202 560/805/683 562/807/685
f 4527/1352/1203 4252/1353/1204 945/1354/1205
f 3230/1355/1206 946/1356/1207 947/1357/1208
f 948/1358/1209 949/1359/1210 950/1360/1211
f 951/1361/1212 757/1079/944 756/1078/943
f 952/1362/1213 953/1363/1214 954/1364/1215
f 377/536/417 955/1365/1216 3669/1366/1217
f 956/1367/1218 957/1368/1219 734/1046/914
f 958/1369/1220 4613/1370/1221 4614/1371/1222
f 27/33/30 190/1372/208 67/144/76
f 959/1373/1223 4870/1374/1224 960/1375/1225
f 961/1376/1226 1180/1377/1227 962/1378/1228
f 963/1379/1229 964/1380/1230 965/1381/1231
f 966/1382/1232 967/1383/1233 968/1384/1234
f 648/923/796 969/1385/1235 3276/1386/1236
f 3709/1387/1237 2965/1388/1238 970/1389/1239
f 4876/1390/1240 971/1391/1241 972/1392/1242
f 2266/1393/1243 973/1394/1244 974/1395/1245
f 975/1396/1246 1108/1397/1247 3477/1398/1248
f 6/8/7 976/1399/1249 977/1400/1250
f 4841/1401/1251 4676/1402/1252 1590/1403/1253
f 131/173/138 978/1404/1254 979/1405/1255
f 980/1406/1256 981/1407/1257 1946/1408/1258
f 982/1409/1259 983/1410/1260 984/1411/1261
f 985/1412/1262 986/1413/1263 618/882/758
f 52/67/60 822/1166/1028 53/68/61
f 987/1414/1264 4312/1415/1265 193/268/214
f 988/1416/1266 989/1417/1267 990/1418/1268
f 991/1419/1269 992/1420/1270 993/1421/1271
f 994/1422/1272 3635/1423/1273 995/1424/1274
f 996/1425/1275 4612/1426/1276 4978/1427/1277
f 997/1428/1278 424/1429/482 998/1430/484
f 999/1431/1279 1000/1432/1280 1001/1433/1281
f 1002/1434/1282 1003/1435/1283 1004/1436/1284
f 1005/1437/1285 1006/1438/1286 1007/1439/1287
f 1008/1440/1288 4824/1441/1289 1009/1442/1290
f 1010/1443/1291 1011/1444/1292 1012/1445/1293
f 3750/1446/1294 1013/1447/726 1014/1448/1295
f 47/1449/56 68/89/18 43/123/52
f 1015/1450/1296 1016/1451/1297 512/735/615
f 939/1088/953 1017/1452/1298 1018/1453/1299
f 1019/1454/1300 3960/1455/1301 4107/1456/1302
f 1020/1457/1303 3487/1458/1304 1021/1459/1305
f 3142/1460/1306 1022/1461/1307 1360/1000/870
f 1023/1462/1308 1024/1463/1309 1025/1464/1310
f 1026/1465/839 1027/1466/1311 1028/1467/1312
f 1029/1468/1313 1030/1469/1314 4709/1470/1315
f 4749/1471/1316 127/168/133 125/166/131
f 1031/1472/1317 1032/1473/1318 1033/1474/1319
f 2216/1475/1320 1034/1476/1321 1035/1477/1322
f 1036/1478/1323 1037/1479/1324 4823/1480/1325
f 462/654/535 3545/1481/1326 3334/1482/1327
f 1038/1483/1328 1039/1484/1329 806/1143/1006
f 1040/1485/1014 1041/1486/1330 1042/1487/1331
f 1043/1488/1332 633/903/778 1044/1489/1333
f 4163/1490/1334 1045/1491/1335 4962/1492/1336
f 4702/1493/1337 1046/1494/1338 1047/1495/1339
f 1048/1496/1340 1049/1497/1341 1050/1498/1342
f 1051/1499/1343 1052/1500/1344 1053/1501/1345
f 1054/1502/1346 1055/1503/1347 1056/1504/1348
f 3523/1505/1349 4743/108/89 106/147/112
f 882/1260/1118 1057/1506/1350 883/1261/1119
f 4184/1507/1351 2489/1508/1352 3860/1509/1353
f 1058/1510/1354 1502/1511/1355 1059/1512/1356
f 1060/1513/1357 1061/1514/1358 659/936/809
f 1062/1515/1359 1063/1516/1360 1064/1517/1361
f 4458/1518/1362 1065/1519/1363 1509/1520/1364
f 1066/1521/1365 412/581/462 1067/1522/1366
f 1068/1523/1367 97/134/107 1069/1524/1368
f 1070/1525/1369 1071/1526/1370 1072/1527/1371
f 1073/1528/1372 1074/1529/1373 1075/1530/1374
f 3899/1531/1375 1076/1532/1376 1077/1533/1377
f 1078/1534/1378 3419/1535/1379 3414/1536/1380
f 1079/1537/1381 1080/1538/1382 1081/1539/1383
f 1513/1540/812 2533/1541/1384 1082/1542/1385
f 1083/1543/1386 3578/1544/1387 1084/1545/1388
f 1085/1546/1389 1086/1547/1390 1087/1548/1391
f 1088/1549/1392 1089/1550/1393 1090/1551/1394
f 748/1067/934 1091/1552/1395 2024/1068/935
f 1092/1553/1396 1093/1554/1397 4057/1555/1398
f 1094/1556/1399 1095/1557/1400 1096/1558/1401
f 1097/1559/1402 1098/1560/1403 2791/1561/1404
f 1099/1562/1405 1100/1563/1406 1101/1564/1407
f 1102/1565/1408 1103/1566/1409 1104/1567/1410
f 1105/1568/1411 4838/1569/1412 1995/1570/1413
f 1106/1571/1414 2429/1572/1415 1107/1573/1416
f 1108/1574/1247 975/1575/1246 1109/1576/1417
f 714/1019/888 1110/1577/1418 4308/1578/1419
f 950/1579/1211 949/1580/1210 1111/1581/1420
f 1112/1582/1421 1113/1583/1422 1114/1584/1423
f 1115/1585/1424 1116/1586/1425 4300/1587/1426
f 502/1588/597 3749/1589/1427 1117/1590/1428
f 4917/1591/1429 1118/1592/1430 1119/1593/1431
f 1120/1594/1432 1121/1595/1433 1122/1596/1434
f 526/754/634 525/753/633 1123/1597/1435
f 1393/1598/1436 21/26/23 47/60/56
f 1124/1599/1437 1125/1600/1438 1126/1601/1439
f 1127/1602/1440 4648/1603/1441 4755/1604/1442
f 511/731/611 1128/1605/1443 4393/732/612
f 1129/1606/1444 1130/1607/859 1131/1608/1445
f 1132/1609/1446 4964/1610/1447 1133/1611/1448
f 1755/1612/1449 1134/1613/1450 1135/1614/1451
f 814/1615/1017 1136/1616/1452 3519/1617/1453
f 4551/1618/1454 1137/1619/1455 1138/1620/1456
f 1139/1621/1457 1140/1622/1458 1141/1623/1459
f 1142/1624/1460 1143/1625/1461 1144/1626/1462
f 1145/1627/1463 2821/1628/1464 2547/1629/1465
f 1146/1630/1466 1147/1631/1467 335/483/366
f 1148/1632/1468 1149/1633/1469 653/928/801
f 4345/1634/1470 4804/1635/1471 1150/1636/1472
f 877/1637/1110 1151/1638/1112 1152/1639/1473
f 939/1344/953 1018/1640/1299 3250/1641/1474
f 585/1642/713 923/1321/1175 922/1320/714
f 4553/1643/1475 1153/1644/1476 1154/1645/1477
f 2018/1646/1478 4570/1647/1479 1028/1467/1312
f 577/1648/704 576/1649/703 4805/1650/1480
f 1851/1651/1481 552/794/673 1155/1652/1482
f 1156/1653/1483 1157/1654/1484 3965/1655/1485
f 1158/1656/1486 829/1179/1041 828/1178/1040
f 4022/695/576 4114/694/575 923/1321/1175
f 1159/1657/1487 1487/1658/1488 1160/1659/1489
f 1161/1660/1490 488/692/573 487/691/572
f 943/1349/1200 942/1348/1199 1036/1478/1323
f 1162/1661/1491 1163/1662/1492 1164/1663/1493
f 798/1129/993 1165/1664/1494 2285/1665/1495
f 1166/1666/1496 1167/1667/1497 1168/1668/1498
f 3752/1669/1499 1169/1670/1500 1673/1671/1501
f 300/436/336 1170/1672/1502 323/468/354
f 3441/599/480 1171/1673/1503 1172/1674/1504
f 423/600/481 3441/599/480 1172/1674/1504
f 1173/1675/1505 1174/1676/1506 1175/1677/1507
f 3361/1678/1508 4113/1679/1509 417/591/472
f 4884/1680/1510 1176/1681/1511 4839/1682/1512
f 1605/1683/1513 1607/1684/1514 1088/1549/1392
f 1177/1685/1515 1178/1686/1516 1179/1687/1517
f 1180/1688/1227 1181/1689/1518 1182/1690/1519
f 998/1691/484 1183/1692/763 1184/1693/1520
f 3214/1694/1521 4255/1695/1522 4738/1141/1004
f 1185/1696/1523 1186/1697/1524 931/1329/1183
f 1187/1698/843 1188/1699/1525 3738/1700/1526
f 1189/1701/1527 1190/1702/702 2317/1703/1528
f 1191/1704/1529 1192/1705/1530 460/1706/533
f 1193/1707/1531 1194/1708/1532 1195/1709/1533
f 1125/1600/1438 1196/1710/579 1126/1601/1439
f 4321/1711/1534 1197/1712/1535 4059/1713/1536
f 1339/1033/902 1198/1714/1537 4589/1715/1538
f 53/68/61 2502/565/446 13/140/14
f 4815/1716/1539 1199/1717/1540 1200/1718/375
f 1201/1719/1541 1202/1720/1542 1203/1721/1543
f 3066/1722/1544 1204/1723/994 1205/1724/1545
f 4776/1725/1546 1206/1726/1547 1207/1727/1548
f 1208/1728/1549 1209/1729/1120 885/1730/1122
f 1210/1731/1550 1211/1732/1551 465/660/541
f 3253/1733/1552 1212/1734/1553 1213/1735/1554
f 2542/1736/1555 3191/1737/1556 1214/1738/1557
f 2928/1739/1558 1071/1526/1370 1215/1740/1559
f 663/944/817 662/943/816 2916/1741/1560
f 1216/1742/663 2210/1743/1561 1217/1744/1562
f 1218/1745/1563 1219/1746/1564 1220/1747/1565
f 4402/1748/1566 1215/1740/1559 1071/1526/1370
f 1221/1749/1567 2972/1750/1568 4881/1751/1569
f 4236/1752/1570 1222/1753/1571 1223/1754/1572
f 1224/1755/1573 2124/1756/1574 1225/1757/1575
f 4356/1758/1576 497/706/587 1226/1759/1577
f 1227/1760/1578 1228/1761/1579 1229/1762/1580
f 1227/1760/1578 1229/1762/1580 3311/1763/1581
f 1230/1764/1582 480/1765/563 482/1766/565
f 518/743/623 2503/1767/1583 1231/1768/1584
f 1232/1769/1585 518/743/623 1231/1768/1584
f 1233/1770/1586 346/497/380 4963/496/379
f 1234/1771/1587 1235/1772/1588 1236/1773/1589
f 1237/1774/1590 1562/1775/1591 1238/1776/1592
f 3354/1777/1593 1239/1778/1594 4117/1779/1595
f 1240/1780/1596 1241/1781/1597 1242/1782/1598
f 1243/1783/1599 1503/1784/1600 4692/1785/1601
f 1244/1786/1602 3676/1787/1603 1245/1788/1604
f 930/1328/1182 838/1194/1056 4847/1789/1605
f 764/1086/951 1246/1790/1606 2921/1791/1607
f 669/950/823 1247/1792/367 4516/960/833
f 4437/1793/1608 1248/1794/1609 1421/1795/1610
f 1249/1796/1611 817/1159/1022 1250/1797/1612
f 1251/1798/1613 4807/1799/1614 1256/1800/1615
f 1252/1801/1616 1253/1802/1617 980/1406/1256
f 1027/1466/1311 2018/1646/1478 1028/1467/1312
f 3218/1803/1618 3054/1804/1619 1964/1805/1620
f 1737/1806/1621 1254/1807/1622 4118/1808/1623
f 4519/1809/1624 4128/1810/1625 1255/1811/1626
f 3045/1812/1627 1256/1813/1615 1257/1814/1628
f 804/1138/1002 1713/1815/1629 1258/1816/1630
f 2919/1817/1631 1259/1818/1632 1260/1819/1633
f 600/856/734 1261/1820/1634 408/575/456
f 130/172/137 978/1404/1254 131/173/138
f 1262/1821/1635 727/1037/905 912/1303/1158
f 1263/1822/1636 4240/1823/1637 4735/1824/1638
f 4702/1493/1337 2565/1825/1639 1264/1826/1640
f 1265/1827/1641 1266/1828/1642 4386/1829/1643
f 1267/1830/1644 864/1831/1090 4537/1832/1645
f 4580/1833/1646 1268/1834/1647 1459/1835/1648
f 1194/1708/1532 1269/1836/1649 739/1052/920
f 1270/1837/1650 1271/1838/1651 1424/1839/1652
f 1272/1840/1653 3568/1841/1654 4362/1842/1655
f 4121/1843/1656 1273/1844/1657 389/1845/433
f 1274/1846/1658 657/1847/807 1275/1848/1659
f 1276/1849/1660 3795/1850/1661 1277/1851/1662
f 978/1852/1254 1278/1853/1663 2954/1854/1664
f 1279/1855/1665 1280/1856/1666 1165/1664/1494
f 1281/1857/1667 1959/1858/1668 1282/1859/1669
f 1042/1487/1331 1283/1860/1670 3148/1861/1671
f 1284/1862/1672 4690/1863/1673 4200/1864/1674
f 1285/1865/1675 4177/1866/1676 4176/1867/1677
f 3414/1868/1380 1286/1869/1678 3415/1870/1679
f 3716/1871/1680 3718/1872/1681 1287/1873/1682
f 4051/1874/1683 1288/1875/362 1289/1876/1684
f 4833/466/352 4913/1877/1685 2172/441/341
f 1290/1878/1686 3225/1879/1687 4078/1880/1688
f 1291/1881/1689 184/248/199 187/250/200
f 4802/1882/1690 1292/1883/1691 330/477/360
f 1293/1884/142 655/930/803 656/931/804
f 128/169/134 1294/1885/1692 1295/1886/1693
f 1263/1822/1636 4735/1824/1638 1296/1887/1694
f 1297/1888/1695 1298/1889/1696 4349/1890/1697
f 1299/1891/1698 686/978/849 687/979/850
f 3480/1892/1699 544/780/659 1300/1893/1700
f 445/632/513 1301/1894/1701 1302/1895/1702
f 3325/1896/1703 4942/1897/1094 3549/1898/1704
f 307/1899/345 1303/1900/1705 672/1901/829
f 3600/1902/1706 1304/1903/1707 2350/1904/1708
f 4696/1116/981 787/1115/980 1305/1905/1709
f 1306/1906/1710 1307/1907/1711 1308/1908/1712
f 1309/1909/1713 4300/1587/1426 825/1169/1031
f 1334/1910/1714 1310/1911/1715 881/1259/1117
f 883/1261/1119 1334/1910/1714 881/1259/1117
f 4976/750/630 403/567/448 402/566/447
f 1311/1912/1716 4226/1913/1717 1312/1914/1718
f 1313/1915/1719 1314/1916/1720 1315/1917/1721
f 1316/1918/1722 1317/1919/1723 1318/1920/1724
f 1319/1921/1725 987/1922/1264 193/1923/214
f 4850/1924/620 1320/1925/1726 1321/1926/1727
f 995/1424/1274 4661/1927/1728 1322/1928/1729
f 1323/1929/1730 1324/1930/1731 1325/1931/1732
f 4509/1932/1733 1326/1933/1734 2581/1934/1735
f 1327/1935/1736 1623/1936/1737 1328/1937/1738
f 1329/1938/1739 1330/1939/1740 1331/1940/1741
f 787/1115/980 1332/1941/1742 4263/1942/1743
f 1333/1943/1744 1334/1944/1714 1058/1510/1354
f 1335/1945/1745 1336/1946/1746 1337/1947/1747
f 1338/1948/1151 818/1160/1023 373/530/411
f 148/200/160 162/222/178 1339/1949/902
f 1031/1472/1317 1340/1950/1748 4922/1951/1749
f 1341/1952/1750 1342/1953/1751 3509/1954/1752
f 1343/1955/1753 621/885/761 1344/1956/1754
f 1345/1957/1755 3149/1958/970 1346/1959/1756
f 1347/1960/1757 1348/1961/1758 1349/1962/1759
f 1350/1963/1760 1351/1964/1761 1352/1965/1762
f 1353/1966/1763 3248/1967/1764 1354/1968/1765
f 1355/1969/1766 1356/1970/1767 1357/1971/1768
f 3433/1972/1769 1320/1973/1726 515/739/619
f 1358/1974/1770 2129/1975/1771 1359/1976/1772
f 1360/1977/870 4721/1978/869 1361/1979/1773
f 1362/1980/1774 1363/1981/1775 1364/1982/672
f 276/390/303 1365/1983/1776 1366/1984/570
f 1367/1985/1777 4710/1986/1778 3585/1987/1779
f 647/1988/794 464/656/537 1368/1989/795
f 1369/1990/1780 1986/1991/1781 4600/1992/1782
f 1370/1993/1783 1371/1994/1784 1372/1995/1785
f 1373/1996/1786 1014/1448/1295 1374/1997/1787
f 608/869/745 4773/1998/1788 609/870/746
f 4884/1680/1510 3841/1999/1789 1375/2000/1790
f 1376/2001/1791 1578/2002/1792 1377/2003/1793
f 204/285/230 263/368/295 1378/2004/1794
f 1379/2005/1795 2866/2006/1796 1380/2007/1797
f 1218/1745/1563 1381/2008/1798 1382/2009/1799
f 1383/2010/1800 1384/2011/1801 1385/2012/1802
f 4897/2013/1803 1386/2014/1804 1863/2015/1805
f 1387/2016/1806 1388/2017/414 3410/2018/1807
f 1089/2019/1393 1607/2020/1514 3870/2021/1808
f 1389/2022/1809 474/672/553 1390/2023/1810
f 214/305/247 279/298/240 4966/2024/1811
f 1391/2025/1812 2368/2026/1813 1392/2027/1814
f 1393/2028/1436 1394/2029/1815 1395/2030/910
f 1344/1956/1754 1396/2031/1816 4870/2032/1224
f 3979/2033/1817 1397/2034/1818 377/536/417
f 1398/2035/1819 1399/2036/1820 1400/2037/1821
f 1401/2038/1822 1402/2039/1823 4806/2040/1824
f 1977/2041/1825 3735/2042/1826 1403/2043/1827
f 1404/2044/1828 1405/2045/1829 1406/2046/1830
f 2069/2047/1831 1407/2048/1832 1408/2049/1833
f 705/1004/874 1409/2050/1834 4565/1005/875
f 4907/2051/1835 1378/2004/1794 263/368/295
f 1410/2052/1836 1411/2053/1837 1412/2054/1838
f 1413/2055/1839 4393/2056/612 1414/2057/1840
f 4385/2058/1841 1415/2059/1842 1416/2060/1843
f 3416/2061/1844 2177/2062/1845 2178/2063/1846
f 1064/1517/1361 1417/2064/1847 1418/2065/1848
f 1419/2066/1849 1064/1517/1361 1418/2065/1848
f 4645/2067/1850 1420/2068/1851 1421/2069/1610
f 1422/2070/1852 4656/2071/1853 1423/2072/1854
f 1424/2073/1652 1230/1764/1582 1688/2074/1855
f 1425/2075/1856 1426/2076/1857 1427/2077/1858
f 1428/2078/1859 1429/2079/1860 1430/2080/1861
f 1431/2081/1862 1432/2082/1863 1433/2083/1864
f 342/491/374 1434/2084/1865 1435/2085/1866
f 1436/2086/1867 1437/2087/1868 2798/2088/1869
f 3379/2089/1870 4977/2090/1871 1438/2091/1872
f 516/2092/621 3379/2089/1870 1438/2091/1872
f 4772/2093/1873 609/870/746 4773/1998/1788
f 748/1067/934 4237/2094/1874 1439/2095/1875
f 110/151/116 1440/2096/1876 111/152/117
f 1338/1295/1151 1441/2097/1877 907/1296/1152
f 382/542/423 1442/2098/1878 383/543/424
f 1443/2099/1879 1444/2100/1880 4750/2101/1881
f 1445/2102/1882 1446/2103/1883 1447/2104/1884
f 1448/2105/1885 1449/2106/1886 975/1396/1246
f 1450/2107/1887 1451/2108/1888 1452/2109/1889
f 4465/1285/1142 1453/2110/1890 3196/2111/1891
f 412/581/462 1454/2112/1892 1067/1522/1366
f 1049/1497/1341 1455/2113/1893 1456/2114/1894
f 1457/2115/1895 1458/2116/1896 1459/2117/1648
f 4243/2118/1897 1460/2119/1898 1461/2120/1899
f 4682/2121/1900 346/497/380 1100/2122/1406
f 1462/2123/1901 4144/2124/1902 4310/2125/1903
f 527/755/635 1463/2126/1904 1464/2127/1905
f 1465/2128/1906 1466/2129/1907 1467/2130/1908
f 298/433/334 306/445/344 1468/2131/1909
f 1469/2132/1910 1470/2133/1911 1471/2134/1912
f 1472/2135/1913 1473/2136/1914 1474/2137/1047
f 2576/2138/476 1475/2139/1915 1476/2140/477
f 1477/2141/1916 1069/2142/1368 1478/2143/1917
f 1479/2144/1918 531/2145/639 530/2146/638
f 1480/2147/1919 1084/1545/1388 3747/2148/1920
f 4682/2149/1900 1099/2150/1405 367/521/404
f 2987/2151/1921 4816/2152/1922 1481/2153/1923
f 1482/2154/1081 1483/2155/1924 4474/2156/1082
f 1484/2157/1925 1485/2158/1926 989/2159/1267
f 609/870/746 1486/2160/1927 493/702/583
f 1487/2161/1488 4757/2162/1928 824/1168/1030
f 1487/1658/1488 824/2163/1030 2470/2164/1929
f 4564/2165/1930 1488/2166/1931 1489/2167/1932
f 3482/2168/1933 4324/2169/883 709/2170/882
f 1490/2171/1934 1491/2172/1935 3386/2173/1936
f 1492/2174/1937 1493/2175/1938 895/1279/1136
f 2593/2176/1939 268/2177/301 3086/2178/999
f 1486/2160/1927 3881/2179/1940 3254/2180/1941
f 1494/2181/1942 1495/2182/1943 4599/2183/1944
f 3315/2184/1945 1496/2185/1946 1497/2186/1947
f 793/1123/988 1498/2187/1948 794/1124/989
f 4299/2188/1949 4603/2189/1950 2435/2190/1951
f 1499/2191/1952 1500/2192/1953 1501/2193/1954
f 1058/2194/1354 883/1261/1119 1502/2195/1355
f 1503/2196/1600 542/2197/655 1504/2198/1955
f 467/662/543 3133/2199/1956 3341/2200/1957
f 1125/1600/1438 1505/2201/1958 1506/2202/1959
f 733/1045/913 1507/2203/1960 636/907/782
f 359/512/395 3583/2204/1961 2111/2205/1962
f 1508/2206/1963 1509/2207/1364 1510/2208/1964
f 1511/2209/1965 720/1028/897 1512/2210/1966
f 408/575/456 374/531/412 1308/1908/1712
f 1513/2211/812 4620/2212/814 1514/2213/1967
f 4061/2214/1968 1646/2215/1969 4062/2216/1104
f 1515/2217/1970 1516/2218/1971 1517/2219/1972
f 1518/2220/1973 1519/2221/1974 4855/2222/1975
f 1977/2041/1825 1520/2223/1976 1521/2224/1977
f 1522/2225/1978 1523/2226/1979 1524/2227/1980
f 1525/2228/1981 1526/2229/1982 1527/2230/1983
f 1848/2231/1984 1528/2232/1985 1529/2233/1986
f 1530/2234/1987 1531/2235/1988 1532/2236/1989
f 613/875/751 58/76/67 3375/2237/1990
f 1071/1526/1370 2928/1739/1558 1533/2238/1991
f 392/555/436 391/554/435 1534/2239/1992
f 3267/2240/1993 3597/2241/1994 1535/2242/1995
f 1392/2027/1814 4397/2243/1996 2688/2244/1997
f 1536/2245/1998 1537/2246/1999 1538/2247/2000
f 3532/2248/2001 1539/2249/2002 3533/2250/2003
f 1540/2251/2004 1541/2252/2005 1542/2253/2006
f 1903/2254/2007 1543/2255/2008 1544/2256/2009
f 1545/2257/2010 1546/2258/2011 1547/2259/2012
f 1548/2260/2013 1413/2055/1839 1549/2261/2014
f 807/1144/1007 1550/2262/2015 1551/2263/2016
f 1552/2264/2017 1377/2003/1793 1553/2265/2018
f 1554/2266/2019 1555/2267/2020 2930/2268/2021
f 3240/2269/2022 1556/2270/2023 1557/2271/2024
f 2061/2272/2025 843/1199/1061 842/1198/1060
f 1558/2273/2026 1123/1597/1435 4649/2274/2027
f 1559/2275/2028 620/884/760 4947/2276/2029
f 4453/2277/2030 1560/2278/2031 1561/2279/2032
f 901/1287/1144 606/863/739 4785/865/741
f 1562/2280/1591 1563/2281/2033 1564/2282/2034
f 1565/2283/2035 1566/2284/2036 1567/2285/2037
f 4737/2286/2038 1568/2287/2039 1569/2288/2040
f 1570/2289/2041 1571/2290/2042 1161/1660/1490
f 2407/2291/2043 1572/2292/2044 1573/2293/2045
f 1574/2294/2046 23/2295/25 55/71/64
f 1575/2296/2047 1576/2297/2048 3632/2298/2049
f 1429/2079/1860 1362/1980/1774 551/2299/671
f 1577/2300/2050 2848/2301/2051 1578/2302/1792
f 1579/2303/2052 403/567/448 1580/2304/2053
f 1581/2305/2054 1582/2306/2055 2714/2307/2056
f 1527/2308/1983 1583/2309/2057 3859/2310/2058
f 1584/2311/2059 1585/2312/2060 1586/2313/2061
f 1587/2314/2062 1588/2315/2063 1589/2316/2064
f 3441/599/480 1590/2317/1253 1171/1673/1503
f 1591/2318/2065 1149/1633/1469 1592/2319/2066
f 1593/2320/2067 4397/2321/1996 1392/2322/1814
f 1174/1676/1506 4135/2323/2068 1594/2324/2069
f 1595/2325/2070 1596/2326/2071 1597/2327/2072
f 744/1060/927 1598/2328/2073 745/1061/928
f 3100/2329/2074 1599/2330/2075 1701/2331/2076
f 3873/2332/2077 4687/2333/2078 1600/2334/2079
f 1012/1445/1293 779/1104/969 778/1103/968
f 1260/2335/1633 2609/2336/2080 4892/2337/2081
f 1003/1435/1283 1601/2338/2082 1004/1436/1284
f 1602/2339/2083 4942/1897/1094 3325/1896/1703
f 1570/2289/2041 487/691/572 410/578/459
f 1603/2340/2084 1604/2341/2085 4456/2342/2086
f 1605/2343/1513 1606/2344/2087 1607/2345/1514
f 1608/2346/2088 1609/2347/2089 1610/2348/2090
f 917/2349/1168 1611/2350/2091 1612/2351/2092
f 1613/2352/2093 4205/2353/2094 1614/2354/2095
f 1615/2355/1088 1616/2356/2096 1617/2357/1076
f 645/919/792 726/1036/853 1618/2358/2097
f 1619/2359/2098 4910/2360/2099 801/1133/997
f 1620/2361/2100 1621/2362/2101 1622/2363/2102
f 4305/2364/2103 1305/1905/1709 1623/2365/1737
f 1624/2366/2104 2244/2367/2105 1625/2368/2106
f 1626/2369/2107 1627/2370/2108 862/1227/1086
f 1676/2371/2109 1420/2372/1851 1628/2373/2110
f 1629/2374/2111 1630/2375/2112 1631/2376/2113
f 4791/2377/2114 4576/2378/2115 1632/2379/2116
f 4491/2380/2117 1633/2381/2118 1439/2095/1875
f 2954/1854/1664 1278/1853/1663 1634/2382/2119
f 741/1055/923 694/988/858 742/1056/924
f 1117/1590/1428 1635/2383/2120 502/1588/597
f 1007/2384/1287 1636/2385/2121 1637/2386/2122
f 956/1367/1218 484/686/567 1638/2387/2123
f 1575/2296/2047 1639/2388/2124 1576/2297/2048
f 4295/2389/2125 421/597/478 1640/2390/2126
f 1641/2391/2127 1642/2392/2128 1643/2393/2129
f 1494/2181/1942 1644/2394/2130 1645/2395/2131
f 4062/1246/1104 1646/2396/1969 874/1247/1105
f 1647/2397/2132 1648/2398/2133 957/1368/1219
f 1649/2399/2134 1040/1151/1014 1042/2400/1331
f 1650/2401/203 4522/2402/2135 4826/2403/2136
f 1651/2404/2137 4423/2405/2138 3555/2406/2139
f 4199/2407/2140 1652/2408/2141 1653/2409/2142
f 1654/2410/2143 3629/2411/2144 4586/2412/2145
f 1655/2413/2146 1422/2070/1852 1656/2414/2147
f 1657/2415/2148 640/2416/786 664/2417/818
f 1658/2418/2149 3201/2419/2150 1659/2420/2151
f 3618/2421/2152 1660/2422/2153 1661/2423/2154
f 4805/1650/1480 1662/2424/2155 3658/2425/2156
f 1665/2426/1010 1663/2427/2157 1664/2428/2158
f 1665/2429/1010 1664/2430/2158 1029/2431/1313
f 4596/2432/2159 1666/2433/2160 3410/2434/1807
f 1069/2142/1368 1667/2435/2161 1478/2143/1917
f 777/1222/967 1668/2436/2162 4223/1223/1083
f 3451/1250/1108 1669/2437/2163 1670/2438/2164
f 4376/2439/2165 1671/2440/2166 1672/2441/2167
f 1673/2442/1501 1674/2443/2168 1675/2444/2169
f 3278/2445/202 1676/2446/2109 1677/2447/2170
f 1678/2448/2171 1679/2449/2172 1680/2450/2173
f 4584/2451/2174 1650/2452/203 1677/2447/2170
f 1681/2453/2175 539/771/650 540/773/652
f 1682/2454/2176 1683/2455/2177 1684/2456/2178
f 3676/1787/1603 2869/2457/2179 1245/1788/1604
f 2350/1904/1708 1304/1903/1707 4740/2458/2180
f 1685/2459/2181 1686/2460/2182 1687/2461/2183
f 1688/2462/1855 1689/2463/2184 1690/2464/2185
f 448/636/517 4858/2465/2186 1691/2466/2187
f 1692/2467/2188 1693/2468/2189 1694/2469/2190
f 1218/1745/1563 1382/2009/1799 1695/2470/2191
f 661/942/815 1696/2471/2192 1697/2472/2193
f 4908/2473/2194 3794/2474/2195 4149/2475/2196
f 4924/2476/2197 1698/2477/2198 1699/2478/2199
f 632/902/777 634/904/779 1700/2479/2200
f 1701/2480/2076 1702/2481/2201 3228/2482/2202
f 4862/2483/2203 1255/2484/1626 4128/2485/1625
f 331/478/361 1703/2486/2204 1704/2487/461
f 1492/2174/1937 1705/2488/2205 1706/2489/2206
f 2864/2490/2207 2592/2491/2208 1707/2492/2209
f 4731/2493/2210 1634/2382/2119 4732/2494/2211
f 1708/2495/2212 1427/2077/1858 1709/2496/2213
f 1710/2497/504 1711/2498/2214 1712/2499/2215
f 1258/2500/1630 1713/2501/1629 1714/2502/2216
f 4483/175/140 4445/2503/2217 4282/176/141
f 1715/2504/2218 4121/1843/1656 639/2505/432
f 1716/2506/2219 1717/2507/2220 2951/2508/2221
f 4338/2509/2222 1718/2510/2223 1719/2511/2224
f 1793/2512/2225 3322/2513/2226 1720/2514/2227
f 3595/2515/2228 1721/2516/2229 3596/2517/2230
f 1155/1652/1482 552/794/673 3776/2518/2231
f 1722/2519/2232 1723/2520/2233 1724/2521/2234
f 4178/2522/2235 4492/2523/2236 1725/2524/2237
f 1726/2525/2238 1727/2526/2239 4612/2527/1276
f 1728/2528/2240 1060/1513/1357 1729/2529/2241
f 1730/2530/2242 1600/2334/2079 1731/2531/2243
f 1732/2532/2244 1733/2533/2245 573/820/698
f 3834/2534/2246 1290/1878/1686 1734/2535/2247
f 1735/2536/2248 1736/2537/2249 1224/1755/1573
f 4205/2353/2094 1613/2352/2093 4206/2538/2250
f 2411/2539/2251 1737/2540/1621 1738/2541/2252
f 1739/2542/2253 3673/2543/2254 4684/2544/2255
f 4877/2545/2256 1740/2546/2257 1741/2547/2258
f 1742/2548/2259 1743/2549/2260 1744/2550/2261
f 1745/2551/2262 2061/2272/2025 842/1198/1060
f 1336/1946/1746 1746/2552/2263 1337/1947/1747
f 1747/2553/2264 1748/2554/2265 1749/2555/2266
f 1456/2114/1894 1050/1498/1342 1049/1497/1341
f 1750/2556/2267 1751/2557/2268 1752/2558/2269
f 1753/2559/2270 1754/2560/2271 1755/2561/1449
f 1756/2562/2272 1757/2563/2273 4348/2564/2274
f 1758/2565/2275 4809/2566/2276 1759/2567/2277
f 1760/2568/2278 4373/2569/2279 1761/2570/2280
f 1762/2571/2281 3733/2572/2282 1763/2573/2283
f 1764/2574/2284 1765/2575/2285 3606/2576/2286
f 712/1017/886 438/617/498 437/616/497
f 1766/2577/2287 1767/2578/2288 1768/2579/2289
f 2206/2580/2290 4885/2581/2291 868/1238/1096
f 2981/2582/2292 1769/2583/2293 1402/2584/1823
f 1770/2585/2294 1771/2586/2295 4525/2587/2296
f 1772/2588/2297 1773/2589/2298 348/499/382
f 1774/2590/2299 3669/1366/1217 1775/2591/2300
f 1776/2592/2301 2353/2593/2302 4637/1288/1145
f 948/1358/1209 1777/2594/2303 1778/2595/2304
f 1677/2447/2170 1779/2596/2305 4584/2451/2174
f 1780/2597/2306 4436/2598/2307 522/2599/627
f 1781/2600/2308 1191/1704/1529 1782/2601/606
f 2960/2602/2309 1783/2603/2310 1784/2604/2311
f 1971/2605/2312 1785/2606/2313 1786/2607/2314
f 1787/2608/2315 1788/2609/2316 1789/2610/2317
f 1280/1856/1666 1279/1855/1665 4617/2611/2318
f 4068/2612/2319 2382/2613/2320 1790/2614/2321
f 882/1260/1118 881/1259/1117 1791/2615/2322
f 3639/2616/2323 1792/2617/2324 1793/2618/2225
f 1794/2619/2325 4900/2620/2326 1795/2621/2327
f 1796/2622/2328 1797/2623/2329 1798/2624/2330
f 1799/2625/2331 1800/2626/2332 1801/2627/2333
f 4147/2628/2334 1802/2629/596 1803/2630/598
f 4775/2631/2335 1804/2632/2336 1805/2633/2337
f 1806/2634/2338 1807/2635/2339 732/1044/912
f 1808/2636/2340 1809/2637/2341 1810/2638/2342
f 1811/2639/2343 1812/2640/2344 1813/2641/2345
f 3927/2642/2346 3076/2643/2347 1814/2644/2348
f 1815/2645/2349 1816/2646/2350 2508/2647/2351
f 1415/2059/1842 1270/1837/1650 1416/2060/1843
f 847/1205/1067 3642/2648/2352 1817/2649/666
f 1414/2057/1840 4975/2650/2353 1549/2261/2014
f 4469/2651/2354 4337/2652/2355 1818/2653/2356
f 1282/2654/1669 1819/2655/2357 1820/2656/2358
f 1135/1614/1451 1821/2657/2359 336/485/368
f 4572/2658/2360 1895/2659/2361 1467/2660/1908
f 4779/2661/2362 1325/1931/1732 4143/2662/2363
f 55/71/64 23/2295/25 44/57/53
f 45/58/54 55/71/64 44/57/53
f 365/519/402 364/518/401 1822/2663/890
f 418/592/473 1823/2664/2364 419/593/474
f 4665/2665/2365 2603/2666/2366 1824/2667/2367
f 1825/2668/2368 1104/1567/1410 1826/2669/454
f 1827/2670/2369 1828/2671/2370 1829/2672/2371
f 3733/2572/2282 1830/2673/2372 1763/2573/2283
f 1831/2674/2373 1832/2675/2374 1663/2427/2157
f 4722/887/762 1833/2676/2375 621/885/761
f 4814/2677/2376 1569/2288/2040 4054/2678/2377
f 1834/2679/2378 351/2680/385 1835/2681/2379
f 1836/2682/2380 1837/2683/2381 1838/2684/2382
f 1839/2685/2383 1840/2686/2384 1463/2126/1904
f 1841/2687/2385 1842/2688/2386 2707/2689/2387
f 1843/2690/286 204/285/230 1378/2004/1794
f 1844/2691/2388 4895/2692/2389 1845/2693/2390
f 1846/2694/2391 1105/1568/1411 1995/1570/1413
f 1847/2695/2392 2354/2696/2393 2843/2697/2394
f 4566/2698/2395 1848/2699/1984 1849/2700/2396
f 1850/2701/2397 1851/2702/1481 1852/2703/2398
f 1853/2704/2399 1854/2705/2400 1855/2706/2401
f 1856/2707/2402 1612/2708/2092 1857/2709/2403
f 1602/2339/2083 3325/1896/1703 3169/2710/2404
f 534/2711/644 536/2712/646 1403/2043/1827
f 4475/2713/2405 1858/2714/2406 4045/2715/2407
f 1859/2716/2408 4886/2717/2409 3514/2718/2410
f 1691/2719/2187 1860/2720/2411 4894/2721/743
f 1128/1605/1443 1861/2722/2412 1862/2723/2413
f 730/1041/909 1393/1598/1436 1395/1042/910
f 1188/1699/1525 4747/2724/2414 1863/2725/1805
f 2185/2726/2415 4668/2727/2416 1864/2728/556
f 580/830/708 2652/829/707 4630/2729/2417
f 3528/2730/2418 1782/726/606 4282/176/141
f 1865/2731/2419 411/2732/460 1591/2733/2065
f 1866/2734/2420 2988/2735/2421 2987/2151/1921
f 1867/2736/2422 1868/2737/2423 2685/2738/2424
f 1869/2739/2425 1119/1593/1431 1118/1592/1430
f 1870/2740/2426 1871/2741/2427 1872/2742/2428
f 1873/2743/2429 3459/2744/2430 1874/2745/2431
f 1880/2746/2432 4780/2747/2433 3361/2748/1508
f 1875/2749/2434 2970/2750/2435 4524/2751/2436
f 1876/2752/2437 1877/2753/2438 1878/2754/2439
f 1879/2755/2440 1880/2756/2432 1881/2757/2441
f 1831/2758/2373 666/2759/820 1029/1468/1313
f 905/1293/1149 904/1292/508 1882/2760/2442
f 1883/2761/2443 4973/2762/2444 1884/2763/2445
f 1885/2764/2446 1886/2765/2447 1887/2766/2448
f 3836/2767/2449 759/1081/946 761/1083/948
f 1888/2768/2450 1889/2769/2451 1890/2770/2452
f 1891/2771/2453 4775/2772/2335 4344/2773/2454
f 4230/2774/2455 1892/2775/2456 4481/2776/2457
f 1893/2777/2458 1846/2694/2391 1894/2778/2459
f 1895/2779/2361 4593/2780/2460 1896/2781/2461
f 4624/2782/2462 1168/1668/1498 4625/2783/2463
f 1897/2784/2464 639/913/432 1898/2785/2465
f 1897/2784/2464 1898/2785/2465 389/552/433
f 913/1306/1161 1899/2786/2466 1900/2787/2467
f 1901/2788/2468 1704/2487/461 1902/2789/463
f 1149/1633/1469 1903/2790/2007 2915/2791/2469
f 1904/2792/2470 1905/2793/2471 554/796/675
f 1899/2786/2466 913/1306/1161 1906/2794/2472
f 1907/2795/2473 1376/2001/1791 1377/2003/1793
f 1908/2796/2474 1094/1556/1399 1096/1558/1401
f 152/205/165 159/216/161 4419/1275/1132
f 4902/2797/2475 1909/2798/2476 1910/2799/2477
f 1911/2800/2478 1229/1762/1580 1228/1761/1579
f 1912/2801/2479 1913/2802/2480 1914/2803/2481
f 2659/2804/2482 1575/2296/2047 968/2805/1234
f 1915/2806/2483 569/816/694 1916/2807/2484
f 1917/2808/2485 1918/2809/2486 1919/2810/2487
f 1920/2811/2488 1921/2812/2489 1922/2813/2490
f 743/1058/925 1923/2814/2491 1924/2815/2492
f 1925/2816/2493 669/950/823 4516/960/833
f 1926/2817/2494 1017/1452/1298 599/855/733
f 1927/2818/2495 4738/1141/1004 4727/2819/2496
f 682/973/844 3737/2820/2497 1928/2821/2498
f 4635/2822/2499 1275/1848/1659 657/1847/807
f 2113/2823/2500 1929/2824/2501 1930/2825/2502
f 1931/2826/2503 1932/2827/2504 1933/2828/2505
f 2132/2829/2506 4645/2830/1850 1248/1794/1609
f 4448/2831/2507 4897/2013/1803 4320/2832/2508
f 4547/2833/2509 3733/2572/2282 1934/2834/2510
f 1935/2835/2511 1936/2836/2512 1937/2837/2513
f 32/38/35 81/109/90 755/48/45
f 1863/2838/1805 3709/1387/1237 1140/1622/1458
f 128/169/134 1295/1886/1693 129/170/135
f 1931/2826/2503 1933/2828/2505 1938/2839/2514
f 1939/2840/2515 4054/2678/2377 1569/2288/2040
f 1043/1488/1332 3366/2841/2516 3696/2842/2517
f 2135/2843/2518 1940/2844/2519 1941/2845/2520
f 1942/2846/2521 4111/2847/2522 1943/2848/2523
f 1944/2849/2524 1945/2850/2525 1946/2851/1258
f 1947/2852/2526 1948/2853/2527 1574/2294/2046
f 1949/2854/2528 1950/2855/2529 3113/2856/2530
f 897/1282/1139 1951/2857/2531 1952/2858/2532
f 811/1150/1013 749/1069/936 1953/2859/2533
f 1954/2860/2534 381/541/422 1955/2861/2535
f 1870/2740/2426 1872/2742/2428 1956/2862/2536
f 1659/2420/2151 1957/2863/2537 1958/2864/2538
f 711/1016/885 1398/2035/1819 1400/2037/1821
f 1959/2865/1668 1960/2866/2539 343/493/376
f 1334/1910/1714 1961/2867/2540 1310/1911/1715
f 908/1298/1153 1962/2868/2541 909/1299/1154
f 1963/2869/2542 4661/2870/1728 1742/2548/2259
f 1954/2860/2534 1955/2861/2535 4493/2871/2543
f 3444/2872/2544 4616/2873/2545 1607/2020/1514
f 738/1051/919 1769/2583/2293 2981/2582/2292
f 600/856/734 602/858/736 1261/1820/1634
f 1246/1790/1606 3682/2874/2546 2921/1791/1607
f 1541/2252/2005 1964/2875/1620 1523/2226/1979
f 4713/2876/2547 1965/2877/2548 4712/2878/2549
f 1966/2879/2550 1967/2880/2551 627/897/772
f 217/308/250 1968/2881/2552 241/337/275
f 1969/2882/2553 1970/2883/2554 1971/2884/2312
f 3500/2885/2555 1972/2886/2556 3440/2887/2557
f 4664/2888/2558 2875/2889/2559 1144/1626/1462
f 1973/2890/2560 2304/2891/2561 1891/2771/2453
f 1974/2892/2562 1975/2893/2563 1976/2894/2564
f 4354/2895/2565 3704/2896/2566 4355/2897/2567
f 1661/2423/2154 4607/2898/2568 3618/2421/2152
f 4121/1843/1656 1657/2415/2148 1665/2899/1010
f 4976/750/630 1580/2304/2053 403/567/448
f 613/875/751 87/121/96 88/122/97
f 1151/1254/1112 1977/2900/1825 1978/2901/2569
f 182/258/196 1421/2069/1610 3278/252/202
f 4683/2902/2570 4022/695/576 923/1321/1175
f 1979/2903/2571 1980/2904/2572 1858/2714/2406
f 1981/2905/2573 941/993/863 697/992/862
f 855/1215/1077 857/1217/1079 4548/2906/2574
f 1244/1786/1602 1982/2907/2575 1983/2908/2576
f 1984/2909/2577 869/1239/1097 1529/2910/1986
f 1985/2911/2578 815/1155/1018 3519/2912/1453
f 365/519/402 1986/2913/1781 3481/2914/2579
f 1269/1836/1649 1987/2915/2580 1988/2916/2581
f 1271/2917/1651 4523/2918/2582 3455/2919/2583
f 1647/2397/2132 957/1368/1219 2122/2920/2584
f 1989/2921/2585 4802/2922/1690 330/2923/360
f 1990/2924/2586 823/1167/1029 386/547/428
f 1991/2925/2587 1702/2926/2201 1992/2927/2588
f 1993/2928/2589 1994/2929/2590 2295/2930/2591
f 3645/2931/2592 1995/2932/1413 1996/2933/2593
f 2294/2934/2594 1997/2935/2595 1998/2936/2596
f 1999/2937/2597 2000/2938/2598 4508/2939/2599
f 4361/2940/2600 2001/2941/2601 2002/2942/2602
f 2003/2943/2603 2004/2944/848 2754/2945/2604
f 3613/2946/2605 2005/2947/2606 2006/2948/2607
f 4974/2949/2608 2007/2950/2609 2008/2951/2610
f 2009/2952/2611 2010/2953/2612 2011/2954/2613
f 270/359/288 277/391/304 1366/1984/570
f 2012/2955/2614 2478/2956/2615 746/1062/929
f 2013/2957/2616 2014/2958/2617 1333/1943/1744
f 1394/2029/1815 2015/2959/2618 3522/2960/2619
f 2016/2961/2620 1236/1773/1589 1235/1772/1588
f 2017/2962/2621 4570/2963/1479 2018/2964/1478
f 2019/2965/2622 2020/2966/2623 2021/2967/2624
f 491/2968/581 4871/2969/2625 1481/2153/1923
f 1175/2970/1507 1103/1566/1409 2022/2971/2626
f 2023/2972/2627 2024/2973/935 2025/2974/2628
f 2026/2975/2629 2027/2976/2630 2028/2977/2631
f 1106/1571/1414 4892/2337/2081 3748/2978/2632
f 430/609/490 429/608/489 2029/2979/2633
f 3952/622/503 440/624/505 2030/2980/2634
f 3454/2981/2635 2031/2982/2636 2032/2983/2637
f 2033/2984/2638 2034/2985/2639 2035/2986/2640
f 2036/2987/2641 2860/2988/2642 4656/2071/1853
f 4795/2989/2643 2037/2990/2644 2038/2991/2645
f 833/1183/1045 832/1182/1044 3995/2992/2646
f 2039/2993/2647 2040/2994/2648 1674/2443/2168
f 2041/2995/2649 2042/2996/2650 2043/2997/2651
f 2044/2998/2652 2045/2999/523 2046/3000/2653
f 2047/3001/2654 1016/1451/1297 3133/2199/1956
f 309/449/347 330/477/360 1292/1883/1691
f 2048/3002/2655 2049/3003/2656 2050/3004/2657
f 2051/3005/2658 2052/3006/2659 2053/3007/2660
f 2054/3008/2661 2055/3009/2662 1552/2264/2017
f 2056/3010/2663 2057/3011/2664 2058/3012/2665
f 2059/3013/2666 1236/1773/1589 2060/3014/2667
f 805/1139/1003 1258/1816/1630 2061/3015/2025
f 2062/3016/2668 2063/3017/2669 1962/2868/2541
f 3982/3018/2670 2064/3019/2671 2446/3020/2672
f 2065/3021/2673 2066/3022/2674 2067/3023/2675
f 1408/3024/1833 2068/3025/2676 2069/3026/1831
f 1707/3027/2209 2617/3028/2677 4663/3029/2678
f 2070/3030/2679 2071/3031/2680 2321/3032/2681
f 700/996/866 699/995/865 840/1196/1058
f 666/947/820 665/946/819 2072/3033/2682
f 2151/3034/2683 2073/3035/2684 2074/3036/2685
f 497/706/587 1431/2081/1862 3218/1803/1618
f 440/624/505 4730/3037/2686 4953/3038/932
f 1169/1670/1500 4546/880/756 1673/1671/1501
f 2075/3039/2687 2076/3040/2688 2077/3041/2689
f 2078/3042/2690 4478/3043/2691 2079/3044/2692
f 3599/3045/2693 1056/3046/1348 3836/2767/2449
f 2080/3047/2694 4153/3048/2695 2081/3049/2696
f 4143/2662/2363 1324/1930/1731 2082/3050/2697
f 3688/3051/2698 4347/3052/2699 1407/2048/1832
f 2083/3053/501 2255/3054/2700 760/1082/947
f 2084/3055/2701 1631/2376/2113 2085/3056/2702
f 1202/1720/1542 1201/1719/1541 837/1192/1054
f 3750/1446/1294 2086/3057/2703 1013/1447/726
f 4740/3058/2180 2087/3059/2704 531/2145/639
f 341/490/373 340/489/372 2088/3060/2705
f 2089/3061/2706 2231/3062/2707 2090/3063/2708
f 1824/2667/2367 2603/2666/2366 2091/3064/2709
f 2092/3065/2710 3926/3066/2711 4159/3067/2712
f 4271/3068/2713 4270/3069/2714 2093/3070/2715
f 2094/3071/2716 2821/1628/1464 1145/1627/1463
f 268/3072/301 3912/1136/1000 2095/3073/2717
f 1957/2863/2537 3201/2419/2150 1534/3074/1992
f 439/618/499 438/617/498 1667/2435/2161
f 2096/3075/2718 1129/3076/1444 3474/3077/2719
f 2097/3078/2720 2098/3079/2721 1405/2045/1829
f 990/1418/1268 989/1417/1267 1485/3080/1926
f 721/1029/898 2099/3081/2722 2100/3082/2723
f 4470/3083/2724 4173/3084/2725 4307/3085/2726
f 1694/2469/2190 1693/2468/2189 2101/3086/2727
f 2102/3087/1138 2045/2999/523 2044/2998/2652
f 3423/3088/2728 2103/3089/2729 2104/3090/2730
f 3822/3091/2731 1430/2080/1861 2105/3092/2732
f 2106/3093/2733 2107/3094/2734 2108/3095/408
f 2109/3096/2735 3470/3097/2736 2110/3098/2737
f 1740/2546/2257 4507/3099/2738 4608/3100/2739
f 2111/3101/1962 3583/3102/1961 2112/3103/2740
f 1315/1917/1721 1314/1916/1720 2113/3104/2500
f 858/3105/1080 2114/3106/2741 1996/2933/2593
f 1247/484/367 1135/1614/1451 336/485/368
f 2115/3107/2742 965/3108/1231 2116/3109/2743
f 360/513/396 2111/2205/1962 1417/2064/1847
f 2117/3110/2744 3286/3111/2745 2118/3112/2746
f 2119/3113/2747 2120/3114/2748 1177/1685/1515
f 2121/3115/2749 1647/3116/2132 2122/3117/2584
f 591/843/721 3460/842/720 1603/3118/2084
f 2123/3119/2750 2124/3120/1574 2125/3121/2751
f 4857/3122/2752 2126/3123/2753 820/1163/1026
f 4770/1162/1025 4857/3122/2752 820/1163/1026
f 1998/2936/2596 4592/3124/2754 2086/3125/2703
f 225/319/259 2517/3126/2755 4883/392/305
f 2839/3127/2756 4574/3128/2757 537/768/647
f 2127/3129/2758 2128/3130/2759 2129/3131/1771
f 4882/3132/2760 2130/3133/2761 2131/3134/724
f 1622/2363/2102 1621/2362/2101 2132/3135/2506
f 2133/3136/2762 4424/3137/2763 2134/3138/2764
f 1022/1461/1307 2135/3139/2518 702/998/868
f 2136/3140/2765 2137/3141/2766 2138/3142/2767
f 2139/3143/2768 4805/1650/1480 576/1649/703
f 2140/3144/2769 2141/3145/2770 765/1087/952
f 2142/3146/2771 2143/3147/2772 4976/750/630
f 4155/3148/2773 3485/3149/2774 2144/3150/2775
f 835/3151/1052 143/194/154 836/3152/1053
f 1684/2456/2178 2145/3153/2776 2146/3154/2777
f 1705/3155/2205 4974/2949/2608 2147/3156/2778
f 3570/3157/2779 2148/3158/2780 398/3159/442
f 2149/3160/2781 2150/3161/2782 2151/3162/2683
f 4808/3163/2783 1795/2621/2327 2152/3164/2784
f 1468/2131/1909 672/3165/829 2153/3166/2785
f 1106/1571/1414 1260/2335/1633 4892/2337/2081
f 2154/3167/2786 2155/3168/2787 2156/3169/2788
f 2074/3036/2685 2157/3170/2789 2158/3171/2790
f 2159/3172/2791 2160/3173/2792 2161/3174/2793
f 695/990/860 2162/3175/2794 2163/3176/2795
f 2164/3177/2796 2165/3178/2797 2166/3179/2798
f 4875/3180/2799 1664/3181/2158 3090/3182/2800
f 1434/3183/1865 2167/3184/2801 1435/3185/1866
f 2168/3186/2802 3726/3187/2803 4157/3188/2804
f 2169/3189/2805 2170/3190/2806 3356/3191/2807
f 4833/466/352 301/3192/338 4406/3193/2808
f 660/938/811 2171/3194/2809 599/855/733
f 326/471/357 313/455/332 2172/3195/341
f 2173/3196/2810 1658/2418/2149 4253/3197/2811
f 4950/3198/2812 2174/3199/2813 2175/3200/2814
f 1146/1630/1466 334/482/365 1051/1499/1343
f 2176/3201/2815 3218/1803/1618 1964/1805/1620
f 2177/3202/1845 4788/1338/1192 2178/3203/1846
f 2179/3204/2816 2434/3205/2817 4932/688/569
f 2180/3206/2818 2181/3207/2819 2470/2164/1929
f 4019/3208/2820 401/564/445 400/563/444
f 2182/3209/2821 4806/2040/1824 2183/3210/2822
f 2184/3211/2823 1227/1760/1578 3311/1763/1581
f 824/1168/1030 1309/1909/1713 825/1169/1031
f 475/674/555 4576/2378/2115 2185/3212/2415
f 2472/3213/2824 1531/2235/1988 1583/2309/2057
f 642/3214/789 2186/3215/2825 2187/3216/2826
f 1613/2352/2093 3860/1509/1353 4206/2538/2250
f 2188/3217/2827 1924/2815/2492 2189/3218/2828
f 2188/3217/2827 2189/3218/2828 2190/3219/2829
f 3075/3220/2830 2191/3221/2831 406/570/451
f 4181/3222/2832 3332/3223/2833 2192/3224/2834
f 1459/2117/1648 2193/3225/2835 1457/2115/1895
f 1543/2255/2008 2194/3226/2836 1544/2256/2009
f 2195/3227/2837 4480/3228/2838 2196/3229/2839
f 2197/3230/2840 2021/2967/2624 2198/3231/2841
f 4049/3232/2842 2199/3233/2843 4050/3234/2844
f 1370/1993/1783 1372/1995/1785 1153/1644/1476
f 2200/3235/2845 1879/2755/2440 2201/3236/2846
f 2202/3237/2847 2203/3238/2848 2204/3239/2849
f 702/3240/868 1745/3241/2262 4849/3242/2850
f 1925/2816/2493 4516/960/833 634/904/779
f 1239/1778/1594 1934/2834/2510 4117/1779/1595
f 1616/2356/2096 2205/3243/2851 2206/3244/2290
f 1461/3245/1899 2207/3246/2852 2208/3247/2853
f 2209/3248/2854 1251/1798/1613 1217/3249/1562
f 2210/3250/1561 2209/3248/2854 1217/3249/1562
f 2211/3251/2855 775/1221/965 4223/1223/1083
f 2212/3252/2856 2179/3204/2816 432/611/492
f 2213/3253/2857 2214/3254/2858 2215/3255/2859
f 1563/3256/2033 2216/3257/1320 763/1085/950
f 1912/2801/2479 2217/3258/2860 1913/2802/2480
f 4308/1578/1419 925/3259/1177 714/1019/888
f 1298/3260/1696 3151/3261/2861 2218/3262/2862
f 2219/3263/2863 2220/3264/2864 2221/3265/2865
f 2222/3266/2866 2223/3267/2867 2224/3268/2868
f 2225/3269/2869 3045/1812/1627 2073/3035/2684
f 2011/2954/2613 2226/3270/2870 2227/3271/2871
f 1945/2850/2525 2228/3272/2872 1946/2851/1258
f 4217/286/231 204/285/230 1843/2690/286
f 758/1080/945 2229/3273/2873 2230/3274/2874
f 2231/3275/2707 2232/3276/2875 4444/3277/2876
f 1390/2023/1810 4622/3278/2877 2233/3279/2878
f 4861/3280/2879 4367/3281/2880 2234/3282/2881
f 2405/912/787 1898/2785/2465 639/913/432
f 2312/3283/2882 2235/3284/2883 2236/3285/591
f 2237/3286/2884 2238/3287/2885 2239/3288/2886
f 3966/3289/2887 2240/3290/2888 2241/3291/2889
f 2242/3292/2890 2063/3017/2669 2887/3293/2891
f 2243/3294/2892 2730/3295/2893 4851/3296/2894
f 4791/2377/2114 674/958/831 673/957/830
f 2244/3297/2105 527/755/635 4048/1112/977
f 1560/2278/2031 4742/3298/2895 2245/3299/2896
f 111/152/117 1440/2096/1876 4255/1695/1522
f 2191/3221/2831 3074/3300/2897 1491/2172/1935
f 2246/3301/2898 2247/3302/2899 2337/3303/2900
f 413/3304/465 2246/3301/2898 2337/3303/2900
f 2248/3305/2901 2249/3306/2902 2250/3307/2903
f 4542/3308/2904 2251/3309/2905 2252/3310/2906
f 2253/3311/2907 2254/3312/2908 924/1322/1176
f 2255/3313/2700 3799/1290/1147 2256/3314/2909
f 1859/2716/2408 765/1087/952 2257/3315/2910
f 3170/3316/2911 1121/1595/1433 1120/1594/1432
f 143/194/154 144/196/156 2258/3317/2912
f 600/856/734 2259/3318/2913 2260/3319/2914
f 4867/3320/2915 2261/3321/2916 441/3322/506
f 3998/3323/2917 2603/3324/2366 2602/3325/2918
f 2262/3326/2919 2263/3327/2920 419/3328/474
f 2264/3329/2921 2265/3330/2922 2266/3331/1243
f 3749/1589/1427 2267/3332/2923 2268/3333/2924
f 284/404/313 298/433/334 1468/2131/1909
f 1087/1548/1391 2074/3036/2685 2158/3171/2790
f 101/138/109 92/127/101 91/126/100
f 2269/3334/2925 2270/3335/2926 2271/3336/2927
f 2272/3337/2928 4872/778/657 543/777/656
f 2911/3338/2929 2155/3339/2787 1958/2864/2538
f 2273/3340/2930 1276/3341/1660 605/862/738
f 2273/3340/2930 605/862/738 533/861/641
f 2274/3342/2931 2275/3343/2932 2276/3344/2933
f 2277/3345/2934 2278/3346/2935 2279/3347/2936
f 734/1046/914 4404/3348/2937 2280/3349/2938
f 1414/2057/1840 2666/3350/2939 4975/2650/2353
f 2021/2967/2624 2281/3351/2940 2198/3231/2841
f 2282/3352/2941 3787/3353/2942 2283/3354/2943
f 4771/3355/2944 2284/3356/2945 2285/3357/1495
f 3799/1290/1147 2286/3358/2946 3800/3359/2947
f 3036/3360/2948 1003/1435/1283 1002/1434/1282
f 2287/3361/2949 2942/3362/2950 4077/3363/2951
f 2606/3364/2952 2288/3365/2953 2289/3366/2954
f 1971/2605/2312 4890/3367/2955 1785/2606/2313
f 174/234/187 157/211/171 2290/3368/2956
f 3363/3369/2957 2291/3370/2958 1598/2328/2073
f 2292/3371/2959 762/1084/949 833/3372/1045
f 2293/3373/2960 2294/3374/2594 2295/3375/2591
f 1006/1438/1286 2296/3376/2961 1007/1439/1287
f 4800/3377/2962 2297/3378/2963 4721/1978/869
f 374/531/412 819/1161/1024 1306/1906/1710
f 1083/1543/1386 1084/1545/1388 1480/2147/1919
f 619/883/759 2019/2965/2622 2197/3230/2840
f 2298/3379/2964 3175/3380/2965 2299/3381/2966
f 2300/3382/2967 3735/3383/1826 878/1253/1111
f 2301/3384/2968 2302/3385/2969 1754/2560/2271
f 1605/2343/1513 2303/3386/2970 1606/2344/2087
f 2304/3387/2561 4961/3388/2971 1891/3389/2453
f 504/720/600 2305/3390/2972 2306/3391/2973
f 2307/3392/515 4760/3393/2974 4759/3394/2975
f 984/3395/1261 2264/3329/2921 2266/3331/1243
f 1745/2551/2262 842/1198/1060 2308/3396/2976
f 1107/1573/1416 1260/2335/1633 1106/1571/1414
f 4271/3068/2713 2093/3070/2715 2309/3397/2977
f 1566/3398/2036 614/876/752 2310/3399/2978
f 1087/1548/1391 2158/3171/2790 2311/3400/2979
f 2312/3401/2882 2236/711/591 2313/3402/2980
f 2314/3403/2981 1759/3404/2277 2315/3405/2982
f 4933/3406/2983 1045/1491/1335 2316/3407/2984
f 3747/2148/1920 2446/3020/2672 2064/3019/2671
f 2317/3408/1528 2603/2666/2366 4665/2665/2365
f 2318/3409/2985 3997/3410/2986 2319/3411/2987
f 3527/3412/2988 4043/3413/2989 1956/2862/2536
f 2320/3414/2990 3516/3415/2991 1579/3416/2052
f 2321/3417/2681 4868/3418/2992 4311/3419/2993
f 2322/3420/2994 4152/3421/2995 2323/3422/2996
f 2324/3423/2997 2325/3424/2998 2326/3425/2999
f 1958/2864/2538 1957/2863/2537 2327/3426/3000
f 2328/3427/3001 1961/3428/2540 1333/1943/1744
f 1574/2294/2046 1948/2853/2527 2329/3429/26
f 23/2295/25 1574/2294/2046 2329/3429/26
f 4553/1643/1475 1370/1993/1783 1153/1644/1476
f 1295/1886/1693 2330/3430/3002 129/170/135
f 2331/3431/3003 2332/3432/3004 2333/3433/3005
f 4076/3434/3006 2334/3435/3007 4609/3436/3008
f 1201/1719/1541 1203/1721/1543 2335/3437/3009
f 1559/2275/2028 618/882/758 620/884/760
f 1546/2258/2011 1605/1683/1513 1547/2259/2012
f 1760/2568/2278 1761/2570/2280 3742/3438/3010
f 1016/3439/1297 1015/3440/1296 2336/3441/3011
f 413/584/465 2337/3442/2900 2338/3443/3012
f 1349/3444/1759 2339/3445/3013 1148/1632/1468
f 2195/3227/2837 845/1203/1065 1817/2649/666
f 2340/3446/3014 2341/3447/3015 617/881/757
f 2342/3448/3016 2343/3449/3017 2344/3450/3018
f 1946/2851/1258 2777/3451/3019 2345/3452/3020
f 2346/3453/3021 2347/3454/3022 2665/3455/3023
f 2348/3456/3024 3550/3457/3025 2789/3458/3026
f 1873/3459/2429 3085/3460/3027 4726/3461/3028
f 3556/3462/3029 2349/3463/3030 2293/3373/2960
f 2350/3464/1708 4740/3058/2180 1608/2346/2088
f 2268/3333/2924 2351/3465/3031 2352/3466/3032
f 1776/3467/2301 4231/3468/3033 2353/3469/2302
f 2354/3470/2393 2355/3471/3034 2356/3472/3035
f 1615/2355/1088 2357/3473/1087 1616/2356/2096
f 1730/2530/2242 2358/3474/3036 1600/2334/2079
f 2359/3475/3037 2360/3476/3038 2361/3477/3039
f 2925/721/601 2306/3391/2973 3352/3478/3040
f 1810/2638/2342 2249/3479/2902 4102/3480/3041
f 2592/2491/2208 2362/3481/3042 3538/3482/3043
f 2363/3483/3044 3345/3484/3045 2364/3485/3046
f 2140/3144/2769 1564/3486/2034 2141/3145/2770
f 2365/3487/3047 2366/3488/3048 2367/3489/3049
f 2368/3490/1813 2369/3491/3050 2370/3492/3051
f 1939/2840/2515 2371/3493/3052 4724/3494/3053
f 1059/1512/1356 1353/1966/1763 2013/2957/2616
f 941/993/863 1981/2905/2573 2372/3495/1197
f 1732/2532/2244 573/820/698 2373/3496/3054
f 4390/3497/3055 2374/3498/3056 2201/3236/2846
f 2375/3499/3057 1289/1876/1684 2376/3500/3058
f 586/837/715 1990/2924/2586 587/838/716
f 2377/3501/3059 2378/3502/3060 2379/3503/3061
f 2093/3070/2715 2380/3504/3062 2309/3397/2977
f 1419/2066/1849 1418/2065/1848 2381/3505/3063
f 2382/3506/2320 4772/3507/1873 3936/3508/3064
f 857/1217/1079 4650/3509/3065 4548/2906/2574
f 53/68/61 822/1166/1028 2502/565/446
f 4392/3510/3066 113/154/119 4074/3511/3067
f 2383/3512/3068 498/709/589 2384/3513/3069
f 2385/3514/3070 2386/3515/3071 2387/3516/3072
f 2388/3517/3073 2389/3518/3074 2032/2983/2637
f 2390/3519/3075 558/803/681 2391/3520/3076
f 2392/3521/3077 4186/3522/3078 2393/3523/3079
f 2392/3521/3077 2393/3523/3079 1584/2311/2059
f 2654/3524/3080 3875/3525/3081 87/3526/96
f 2407/2291/2043 1573/2293/2045 2394/3527/3082
f 3889/3528/3083 4444/3277/2876 1276/3341/1660
f 265/371/297 274/388/300 2045/642/523
f 1279/1855/1665 798/1129/993 799/1131/995
f 2395/3529/3084 1265/1827/1641 3167/3530/3085
f 2252/3310/2906 920/1317/1172 921/1319/1174
f 2119/3531/2747 1304/1903/1707 3600/1902/1706
f 4640/3532/3086 1226/1759/1577 2176/3201/2815
f 1072/3533/1371 2396/3534/3087 2397/3535/3088
f 1505/2201/1958 2398/3536/3089 1506/2202/1959
f 1965/3537/2548 2399/3538/3090 2400/3539/3091
f 2401/3540/3092 2402/3541/3093 1452/2109/1889
f 481/683/564 480/682/563 2730/3295/2893
f 264/369/296 256/361/289 2403/3542/3094
f 1671/2440/2166 2404/3543/3095 1672/2441/2167
f 2405/3544/787 3392/3545/3096 418/3546/473
f 4507/3547/2738 2406/3548/3097 2407/3549/2043
f 2408/3550/3098 2214/3254/2858 2409/3551/3099
f 1154/1645/1477 1153/1644/1476 2410/3552/3100
f 963/1379/1229 965/1381/1231 4450/3553/3101
f 1782/726/606 507/725/605 4282/176/141
f 2411/3554/2251 3666/3555/3102 2412/3556/3103
f 481/683/564 2730/3295/2893 2243/3294/2892
f 2685/2738/2424 1868/2737/2423 4931/3557/3104
f 1307/1907/1711 2259/3318/2913 1308/1908/1712
f 883/1261/1119 4343/3558/3105 1502/2195/1355
f 542/776/655 2413/3559/3106 541/774/653
f 2414/3560/3107 2415/3561/3108 2416/3562/3109
f 2417/3563/3110 894/1276/1133 2418/3564/3111
f 2419/3565/3112 3105/3566/3113 2420/3567/3114
f 2848/3568/2051 2421/3569/3115 2106/3570/2733
f 2422/3571/3116 2412/3556/3103 2423/3572/3117
f 2424/3573/3118 528/756/636 1105/1568/1411
f 2425/3574/155 1176/1681/1511 4884/1680/1510
f 3834/2534/2246 3225/1879/1687 1290/1878/1686
f 2856/3575/3119 458/3576/531 2426/3577/3120
f 2427/3578/3121 2428/3579/3122 4238/3580/3123
f 2269/3334/2925 2271/3336/2927 2429/3581/1415
f 1248/1794/1609 4645/2830/1850 1421/1795/1610
f 4606/3582/3124 2430/3583/3125 2284/3356/2945
f 1487/1658/1488 1968/2881/2552 2431/3584/3126
f 21/26/23 17/22/19 47/60/56
f 2432/3585/3127 732/1044/912 2433/3586/3128
f 2434/3587/2817 2435/3588/1951 2313/3402/2980
f 2436/3589/3129 2437/3590/3130 2438/3591/3131
f 2439/3592/3132 1915/2806/2483 2440/3593/3133
f 2404/3543/3095 1238/1776/1592 1885/2764/2446
f 1385/2012/1802 4470/3083/2724 914/1307/1162
f 859/1224/1084 437/616/497 2441/3594/3134
f 1512/2210/1966 2442/3595/3135 4484/3596/3136
f 4789/3597/3137 1280/1856/1666 3678/3598/3138
f 2443/3599/3139 2380/3504/3062 2093/3070/2715
f 1190/824/702 2787/3600/3140 2317/3408/1528
f 594/847/725 4941/951/824 2444/3601/3141
f 2038/2991/2645 4767/3602/3142 2368/3603/1813
f 4390/3497/3055 2201/3236/2846 2445/3604/3143
f 1972/3605/2556 1760/2568/2278 3742/3438/3010
f 258/363/291 264/369/296 2446/3606/2672
f 2447/3607/3144 710/1015/884 2448/3608/3145
f 2449/3609/3146 1721/2516/2229 3595/2515/2228
f 3508/3610/3147 2450/3611/3148 2071/3612/2680
f 1327/1935/1736 1328/1937/1738 2451/3613/3149
f 2452/3614/3150 2453/3615/3151 2807/3616/3152
f 1416/2060/1843 1270/1837/1650 2454/3617/3153
f 1273/3618/1657 1897/3619/2464 389/3620/433
f 2455/3621/3154 2456/3622/3155 1202/1720/1542
f 679/965/837 2457/3623/3156 1691/2466/2187
f 2458/3624/3157 2184/3211/2823 3311/1763/1581
f 2459/3625/3158 3693/3626/3159 2460/3627/3160
f 2461/3628/3161 2462/3629/3162 2463/3630/3163
f 2810/1059/926 2188/3217/2827 2464/3631/3164
f 1506/2202/1959 2465/3632/3165 2466/3633/580
f 2467/3634/3166 673/957/830 2468/3635/3167
f 367/521/404 2469/3636/3168 368/522/405
f 826/1170/1032 2470/3637/1929 824/1168/1030
f 2074/3036/2685 2073/3035/2684 2471/3638/3169
f 3830/3639/3170 487/691/572 4395/693/574
f 2849/3640/3171 1796/2622/2328 1798/2624/2330
f 1526/3641/1982 4536/3642/3172 2472/3643/2824
f 522/747/627 524/749/629 4594/3644/3173
f 2473/3645/3174 2474/3646/527 456/3647/529
f 442/3648/509 2475/3649/3175 2476/3650/3176
f 85/54/51 1947/2852/2526 1574/2294/2046
f 4388/3651/3177 2477/3652/3178 2478/3653/2615
f 2479/3654/3179 2112/3103/2740 2480/3655/3180
f 953/1363/1214 4346/3656/3181 954/1364/1215
f 142/192/153 2481/3657/3182 2422/3571/3116
f 1412/2054/1838 2482/3658/3183 2483/3659/3184
f 2484/3660/3185 2485/3661/3186 2486/3662/3187
f 426/605/486 2487/3663/1005 918/1315/1170
f 2488/3664/3188 3561/3665/3189 1572/2292/2044
f 2489/3666/1352 367/521/404 369/523/406
f 790/1119/984 2490/3667/3190 196/3668/219
f 361/514/397 2491/3669/3191 1522/2225/1978
f 3601/3670/3192 4951/3671/3193 2980/3672/3194
f 1860/2720/2411 1028/1467/1312 2492/3673/3195
f 4564/2165/1930 2493/3674/3196 2494/3675/3197
f 2495/3676/3198 919/1316/1171 2496/3677/3199
f 2497/3678/3200 2498/3679/3201 2499/3680/3202
f 4230/2774/2455 2500/3681/665 2501/3682/3203
f 34/40/37 2502/3683/446 3699/110/91
f 2503/3684/1583 2504/3685/3204 2505/3686/3205
f 3068/3687/545 469/3688/547 3069/3689/3206
f 4111/2847/2522 2506/3690/3207 2507/3691/3208
f 1001/1433/1281 958/1369/1220 4899/3692/3209
f 1471/2134/1912 1470/2133/1911 513/3693/616
f 4347/3052/2699 2508/3694/2351 4026/3695/3210
f 4350/3696/3211 2509/3697/3212 2177/2062/1845
f 2510/3698/3213 611/872/748 2802/874/750
f 4489/671/552 4929/3699/3214 474/672/553
f 2783/3700/3215 1593/2320/2067 1222/3701/1571
f 2511/3702/3216 2512/3703/3217 1602/3704/2083
f 1840/2686/2384 2513/3705/3218 1463/2126/1904
f 1982/2907/2575 1244/1786/1602 1245/1788/1604
f 1945/2850/2525 2082/3706/2697 2228/3272/2872
f 2514/3707/3219 2515/3708/3220 1075/3709/1374
f 2335/3710/3009 4442/3711/3221 4746/3712/1164
f 4932/3713/569 2516/3714/3222 2517/3715/2755
f 1311/1912/1716 1971/2884/2312 4226/1913/1717
f 4158/3716/3223 2065/3021/2673 2518/3717/3224
f 2024/1068/935 1091/1552/1395 2519/3718/3225
f 2520/3719/3226 2521/3720/3227 2522/3721/3228
f 1562/2280/1591 4601/3722/3229 1034/1476/1321
f 999/1431/1279 1001/1433/1281 2523/3723/3230
f 316/459/350 313/455/332 326/471/357
f 660/938/811 2524/3724/3231 2171/3194/2809
f 2525/3725/3232 1206/1726/1547 942/1348/1199
f 2526/3726/3233 2527/3727/3234 4381/3728/3235
f 722/1030/899 2318/3409/2985 2528/3729/3236
f 2529/3730/3237 1969/2882/2553 2530/3731/3238
f 3991/3732/3239 2745/3733/3240 2531/3734/3241
f 2326/3735/2999 2325/3736/2998 2532/3737/3242
f 411/3738/460 410/3739/459 1149/3740/1469
f 2533/3741/1384 2449/3609/3146 4056/3742/3243
f 4126/3743/3244 1341/3744/1750 2534/3745/3245
f 2535/3746/3246 1127/1602/1440 2536/3747/3247
f 1087/1548/1391 1086/1547/1390 2074/3036/2685
f 1853/2704/2399 1855/2706/2401 2537/3748/3248
f 3148/1861/1671 2538/3749/3249 3570/3157/2779
f 776/1101/966 1686/2460/2182 4957/3750/3250
f 2539/3751/3251 902/1289/1146 2540/3752/3252
f 4870/2032/1224 1396/2031/1816 3884/3753/3253
f 2541/3754/3254 2542/3755/1555 473/670/551
f 1951/3756/2531 4917/1591/1429 3144/3757/3255
f 1736/2537/2249 1967/2880/2551 1240/1780/1596
f 3976/3758/3256 287/408/316 319/432/333
f 2543/3759/3257 6/8/7 3/4/4
f 2477/3760/3178 2318/3409/2985 3695/3761/3258
f 1519/2221/1974 2544/3762/3259 2545/3763/3260
f 1355/1969/1766 1357/1971/1768 3243/3764/3261
f 462/654/535 461/653/534 2520/3719/3226
f 2546/3765/3262 3694/3766/3263 970/3767/1239
f 385/545/426 2638/799/678 2547/3768/1465
f 2548/3769/3264 4076/3770/3006 2549/3771/3265
f 2798/2088/1869 2717/3772/3266 1436/2086/1867
f 1005/1437/1285 1637/3773/2122 1807/2635/2339
f 2550/3774/3267 2551/3775/3268 2424/3573/3118
f 3733/2572/2282 2552/3776/3269 1830/2673/2372
f 2553/3777/3270 2554/3778/3271 3119/3779/3272
f 4642/3780/3273 2555/3781/3274 2556/3782/3275
f 2557/3783/3276 2558/3784/3277 1611/2350/2091
f 2378/3502/3060 2377/3501/3059 2559/3785/3278
f 2560/3786/3279 2182/3209/2821 1932/2827/2504
f 2248/3305/2901 2561/3787/3280 2249/3306/2902
f 2140/3144/2769 1238/1776/1592 1564/3486/2034
f 2562/3788/3281 2066/3022/2674 2563/3789/3282
f 3822/3790/2731 2564/3791/3283 2565/3792/1639
f 2221/3265/2865 1354/1968/1765 2219/3263/2863
f 2566/3793/3284 2567/3794/3285 4153/3795/2695
f 2145/3796/2776 1322/3797/1729 2568/3798/3286
f 832/1182/1044 583/833/711 3996/3799/3287
f 2569/3800/3288 2570/3801/3289 3772/3802/3290
f 963/1379/1229 872/1242/1100 964/1380/1230
f 3620/1145/1008 807/1144/1007 2571/3803/3291
f 1509/2207/1364 4440/3804/3292 1510/2208/1964
f 631/901/776 2572/3805/3293 3905/3806/3294
f 2573/3807/3295 1112/1582/1421 1114/1584/1423
f 2574/3808/3296 2575/3809/3297 2576/3810/476
f 4809/2566/2276 1092/3811/1396 2577/3812/3298
f 1470/2133/1911 2578/3813/3299 2579/3814/3300
f 621/885/761 1833/2676/2375 1419/2066/1849
f 2580/3815/3301 2581/3816/1735 2510/3698/3213
f 2582/3817/3302 2545/3763/3260 766/1090/955
f 2583/3818/3303 1553/2265/2018 2584/3819/3304
f 4917/1591/1429 1951/3756/2531 4706/3820/3305
f 2891/3821/3306 2585/3822/3307 4456/2342/2086
f 1467/3823/1908 2586/3824/3308 2587/3825/3309
f 2588/3826/3310 2589/3827/3311 2590/3828/3312
f 575/823/701 532/761/640 2591/3829/3313
f 2702/764/643 712/1017/886 859/1224/1084
f 1707/3830/2209 2592/3831/2208 3538/3832/3043
f 2593/3833/1939 1250/1797/1612 2594/3834/3314
f 4155/3148/2773 2595/3835/3315 2596/3836/3316
f 2597/3837/3317 3034/3838/3318 4182/3839/3319
f 990/1418/1268 1485/3080/1926 2598/3840/3320
f 2599/3841/3321 2600/3842/3322 492/701/582
f 1443/2099/1879 1100/1563/1406 1444/2100/1880
f 2601/3843/3323 2602/3844/2918 2603/3845/2366
f 2490/3667/3190 3191/1737/1556 2542/1736/1555
f 2604/3846/3324 3820/3847/3325 2605/3848/3326
f 4799/3849/3327 2606/3850/2952 2607/3851/3328
f 1008/1440/1288 1009/1442/1290 2608/3852/3329
f 3748/3853/2632 2469/3636/3168 2609/3854/2080
f 2610/3855/3330 2611/3856/3331 2612/3857/3332
f 1057/1506/1350 2613/3858/3333 883/1261/1119
f 2000/2938/2598 1326/1933/1734 4509/1932/1733
f 3743/3859/3334 2078/3042/2690 2614/3860/3335
f 329/801/359 2811/3861/3336 1170/1672/1502
f 2615/3862/3337 2616/3863/3338 1108/1574/1247
f 2617/3864/2677 2624/3865/3339 2618/3866/3340
f 3056/3867/3341 2619/3868/3342 4687/2333/2078
f 1634/2382/2119 4731/2493/2210 2955/3869/3343
f 2620/3870/3344 3667/3871/3345 2621/3872/3346
f 2622/3873/3347 2623/3874/3348 2624/3875/3339
f 2625/3876/3349 2626/3877/3350 1790/2614/2321
f 1885/2764/2446 2140/3144/2769 1886/2765/2447
f 2627/3878/3351 2507/3879/3208 4822/3880/3352
f 2628/3881/3353 2629/3882/3354 2630/3883/3355
f 1514/2213/1967 2533/3741/1384 1513/2211/812
f 2482/3658/3183 2631/3884/3356 2632/3885/3357
f 357/3886/392 2633/3887/393 2634/3888/3358
f 873/1244/1102 357/3886/392 2634/3888/3358
f 1012/1445/1293 778/1103/968 2635/3889/3359
f 771/1096/961 1376/2001/1791 1907/2795/2473
f 2366/3488/3048 2636/3890/3360 2637/3891/3361
f 2578/3813/3299 1014/3892/1295 1373/3893/1786
f 2638/3894/678 1145/1627/1463 2547/1629/1465
f 2639/3895/3362 4260/3896/3363 2640/3897/3364
f 3175/3380/2965 2298/3379/2964 2641/3898/3365
f 1854/2705/2400 1853/2704/2399 2642/3899/3366
f 1600/2334/2079 4687/2333/2078 2643/3900/3367
f 1208/1728/1549 1761/2570/2280 2644/3901/3368
f 2291/3370/2958 4958/3902/3369 2645/3903/3370
f 2646/3904/3371 1764/2574/2284 4424/3137/2763
f 632/902/777 2647/3905/3372 2648/3906/3373
f 2142/3146/2771 4976/750/630 3010/752/632
f 2033/2984/2638 784/1110/975 783/1109/974
f 3360/3907/3374 4651/3908/3375 1571/3909/2042
f 2649/3910/3376 1222/1753/1571 4236/1752/1570
f 536/2712/646 2650/3911/3377 1520/2223/1976
f 2651/3912/3378 2655/3913/3379 867/1235/1093
f 2652/3914/707 2653/3915/3380 3154/3916/3381
f 2654/3917/3080 87/121/96 613/875/751
f 870/1240/1098 869/1239/1097 1984/2909/2577
f 955/1365/1216 1775/2591/2300 3669/1366/1217
f 2655/3918/3379 2656/3919/3382 866/3920/1092
f 4564/2165/1930 1489/2167/1932 2493/3674/3196
f 2657/3921/3383 1642/2392/2128 524/749/629
f 4915/3922/3384 2658/3923/3385 107/3924/113
f 4004/3925/3386 1084/1545/1388 3578/1544/1387
f 4011/3926/3387 2659/3927/2482 968/1384/1234
f 4181/3222/2832 2660/3928/3388 2661/3929/3389
f 2662/3930/3390 2615/3862/3337 2663/3931/3391
f 1835/2681/2379 2445/3604/3143 1834/2679/2378
f 1368/1989/795 2664/3932/3392 1881/2757/2441
f 1753/3933/2270 1755/1612/1449 1135/1614/1451
f 2665/3934/3023 2170/3190/2806 2940/3935/3393
f 2666/3936/2939 2667/3937/3394 2504/3685/3204
f 2622/3873/3347 4783/3938/3395 2623/3874/3348
f 2668/3939/3396 2669/3940/3397 2670/3941/3398
f 1869/2739/2425 2671/3942/3399 2672/3943/3400
f 1685/2459/2181 430/609/490 1686/2460/2182
f 2517/3126/2755 2673/3944/3401 2674/3945/590
f 1273/3618/1657 2332/3432/3004 1707/3027/2209
f 1627/2370/2108 2675/3946/3402 2676/3947/3403
f 4822/3880/3352 4962/1492/1336 2627/3878/3351
f 2262/3326/2919 1569/2288/2040 4514/3948/3404
f 1361/1979/1773 4721/1978/869 2297/3378/2963
f 4208/3949/3405 3870/2021/1808 2677/3950/3406
f 2678/3951/3407 2679/3952/3408 2680/3953/3409
f 2681/3954/3410 2008/2951/2610 3554/3955/3411
f 2682/3956/3412 2683/3957/3413 2684/3958/3414
f 2299/3381/2966 2685/3959/2424 2298/3379/2964
f 2686/3960/3415 3933/3961/3416 3100/3962/2074
f 2687/3963/3417 726/1036/853 4330/3964/3418
f 2688/3965/1997 2689/3966/3419 2690/3967/3420
f 764/1086/951 2691/3968/3421 1246/1790/1606
f 2692/3969/3422 926/1324/1178 2693/3970/3423
f 2694/3971/3424 121/162/127 717/1025/894
f 1979/2903/2571 2695/3972/3425 1980/2904/2572
f 2696/3973/3426 2697/3974/3427 2698/3975/3428
f 549/788/667 2699/3976/3429 1123/1597/1435
f 494/703/584 3254/2180/1941 2700/3977/3430
f 2701/3978/3431 533/861/641 2702/3979/643
f 1880/2756/2432 2512/3703/3217 2511/3702/3216
f 2302/3385/2969 2703/3980/3432 2704/3981/3433
f 1834/2679/2378 2705/3982/3434 2706/3983/3435
f 2707/3984/2387 1834/2679/2378 2706/3983/3435
f 4253/3197/2811 1658/2418/2149 1698/3985/2198
f 4892/3986/2081 346/497/380 2708/3987/3436
f 1707/3027/2209 4663/3029/2678 1897/3619/2464
f 2709/3988/3437 1184/1693/1520 488/692/573
f 3195/3989/3438 2710/3990/3439 2692/3969/3422
f 294/3991/329 2711/3992/3440 1989/2921/2585
f 2712/3993/3441 3684/3994/3442 2713/3995/3443
f 4367/3281/2880 2714/3996/2056 2715/3997/3444
f 2314/3403/2981 2315/3405/2982 2716/3998/3445
f 2472/3213/2824 2717/3999/3266 2010/2953/2612
f 1033/1474/1319 2668/3939/3396 1746/2552/2263
f 2718/4000/3446 748/1067/934 4940/1066/933
f 2719/4001/3447 268/380/301 2720/4002/3448
f 816/1157/1020 817/1159/1022 1249/1796/1611
f 4279/769/648 4574/3128/2757 3914/4003/3449
f 67/85/76 105/146/111 48/61/57
f 4958/3902/3369 2291/3370/2958 3363/3369/2957
f 749/1069/936 2721/4004/3450 1953/2859/2533
f 1445/2102/1882 3063/4005/3451 1446/2103/1883
f 4877/4006/2256 2722/4007/1134 4307/4008/2726
f 2723/4009/3452 4786/4010/3453 2159/3172/2791
f 4339/4011/3454 2724/4012/3455 2725/4013/3456
f 1536/2245/1998 2152/3164/2784 1537/2246/1999
f 2726/4014/3457 2727/4015/3458 2728/4016/3459
f 2729/4017/3460 4893/4018/3461 2730/4019/2893
f 2731/4020/3462 362/515/398 4497/517/400
f 1352/1965/1762 2732/4021/3463 1507/2203/1960
f 982/1409/1259 984/1411/1261 4496/4022/3464
f 1142/1624/1460 2733/4023/3465 2734/4024/3466
f 2735/4025/3467 2736/4026/3468 2737/4027/3469
f 176/236/189 791/4028/985 4317/241/193
f 2738/4029/3470 2079/4030/2692 2739/4031/3471
f 2629/3882/3354 4873/4032/3472 2740/4033/3473
f 3333/4034/3474 2718/4035/3446 4950/4036/2812
f 2741/4037/524 2742/4038/3475 690/983/525
f 2743/4039/3476 2744/4040/3477 2745/4041/3240
f 66/84/75 65/83/74 1068/1523/1367
f 66/84/75 1068/1523/1367 1477/4042/1916
f 4564/2165/1930 622/889/764 1488/2166/1931
f 2746/4043/3478 3784/4044/3479 4948/4045/3480
f 2747/4046/3481 1914/2803/2481 2748/4047/3482
f 2749/4048/3483 2750/4049/805 657/1847/807
f 4070/4050/3484 4354/4051/2565 4698/4052/3485
f 4309/4053/3486 2751/4054/3487 2752/4055/3488
f 3217/4056/3489 4290/4057/842 4368/4058/3490
f 2006/2948/2607 2753/4059/3491 2754/4060/2604
f 3684/3994/3442 2712/3993/3441 4827/4061/3492
f 2066/3022/2674 2562/3788/3281 2067/3023/2675
f 2050/3004/2657 2755/4062/3493 2756/4063/3494
f 623/890/765 622/889/764 4564/2165/1930
f 1428/2078/1859 2757/4064/3495 1362/1980/1774
f 4535/4065/3496 2758/4066/3497 4971/4067/3498
f 1609/2347/2089 1608/2346/2088 2759/4068/3499
f 603/4069/737 4452/4070/3500 2035/2986/2640
f 3529/906/781 733/1045/913 636/907/782
f 2760/4071/3501 4398/4072/3502 2761/4073/3503
f 2762/4074/3504 1747/2553/2264 2763/4075/3505
f 318/462/351 2897/4076/3506 4829/4077/3507
f 646/920/793 2764/4078/3508 2765/4079/3509
f 2766/4080/3510 2767/4081/3511 1197/1712/1535
f 2768/4082/3512 1450/4083/1887 2769/4084/3513
f 1926/2817/2494 2770/4085/3514 1597/4086/2072
f 909/1299/1154 606/863/739 2771/4087/3515
f 3202/4088/3516 2772/4089/3517 2773/4090/3518
f 2353/3469/2302 2774/4091/3519 2296/4092/2961
f 2775/4093/3520 1500/2192/1953 2776/4094/3521
f 1784/2604/2311 1884/2763/2445 2961/4095/3522
f 1739/2542/2253 2426/3577/3120 3673/2543/2254
f 2777/4096/3019 1946/1408/1258 981/1407/1257
f 2778/4097/3523 2163/3176/2795 2779/4098/3524
f 2780/4099/3525 2781/4100/3526 2544/3762/3259
f 2782/4101/3527 2032/2983/2637 2031/2982/2636
f 3429/4102/3528 1040/1151/1014 813/1153/1016
f 2783/4103/3215 2038/4104/2645 2368/2026/1813
f 4867/4105/2915 2784/4106/3529 2261/4107/2916
f 2785/4108/3530 2786/4109/3531 3838/4110/3532
f 2732/4111/3463 1352/4112/1762 2009/2952/2611
f 577/4113/704 1878/2754/2439 2787/4114/3140
f 927/4115/1179 929/4116/1181 2237/3286/2884
f 659/4117/809 1061/4118/1358 2788/4119/810
f 532/761/640 531/760/639 2789/4120/3026
f 3471/4121/3533 2790/4122/3534 2791/4123/1404
f 2850/4124/3535 2792/4125/3536 2793/4126/3537
f 2794/4127/3538 3856/4128/3539 751/1071/938
f 4429/4129/3540 2795/4130/3541 2796/4131/3542
f 2797/4132/3543 4777/4133/3544 2798/4134/1869
f 2799/4135/3545 1165/1664/1494 1280/1856/1666
f 2800/4136/3546 2801/4137/3547 2675/3946/3402
f 2802/4138/750 2710/3990/3439 3195/3989/3438
f 2803/4139/3548 2253/3311/2907 924/1322/1176
f 2648/4140/3373 2804/4141/3549 4836/4142/1190
f 115/156/121 120/161/126 2805/4143/3550
f 2806/4144/3551 2807/4145/3152 4718/4146/3552
f 641/915/788 643/917/790 2733/4023/3465
f 192/266/212 4908/2473/2194 4149/2475/2196
f 2992/4147/871 704/1339/873 2616/3863/3338
f 474/4148/553 4929/4149/3214 2808/4150/3553
f 1519/2221/1974 2545/3763/3260 2582/3817/3302
f 3689/4151/3554 2809/4152/767 2810/4153/926
f 328/474/358 729/4154/908 2811/4155/3336
f 2812/4156/3555 960/4157/1225 2813/4158/3556
f 2814/4159/3557 2815/4160/3558 2816/4161/3559
f 2817/4162/3560 2322/4163/2994 2818/4164/3561
f 1018/4165/1299 4587/4166/3562 2819/4167/3563
f 4696/1116/981 1305/1905/1709 4305/2364/2103
f 4795/2989/2643 4568/4168/3564 3307/4169/3565
f 945/1354/1205 4252/1353/1204 2820/4170/3566
f 2821/4171/1464 3677/4172/3567 933/1331/1185
f 2329/29/26 1948/4173/2527 36/43/40
f 1590/2317/1253 483/685/566 2822/4174/3568
f 3739/4175/3569 1801/2627/2333 1369/1990/1780
f 456/648/529 2330/3430/3002 1295/1886/1693
f 1371/4176/1784 1577/4177/2050 1578/4178/1792
f 3419/1535/1379 773/1098/963 754/1074/941
f 1152/1639/1473 2823/4179/3570 2824/4180/3571
f 2825/4181/3572 2826/4182/3573 2827/4183/3574
f 1167/1667/1497 1166/1666/1496 1456/2114/1894
f 2828/4184/3575 2514/3707/3219 2829/4185/3576
f 2867/4186/3577 4853/1063/930 4953/1065/932
f 3819/4187/3578 2768/4188/3512 2554/3778/3271
f 2325/3736/2998 1248/1794/1609 4437/1793/1608
f 2830/4189/3579 4970/4190/3580 2831/4191/3581
f 2832/4192/3582 2833/4193/3583 2834/4194/3584
f 217/308/250 219/356/253 1968/2881/2552
f 346/497/380 4681/4195/3585 2708/3987/3436
f 2835/4196/3586 4472/4197/3587 2836/4198/3588
f 2837/4199/3589 1186/1697/1524 2838/4200/3590
f 2381/3505/3063 2479/4201/3179 3607/4202/3591
f 1884/2763/2445 4409/4203/3592 2961/4095/3522
f 2839/4204/2756 2840/4205/3593 2841/4206/3594
f 2101/3086/2727 1425/2075/1856 2842/4207/3595
f 1694/2469/2190 2101/3086/2727 2842/4207/3595
f 548/785/664 1216/784/663 2225/4208/2869
f 1107/1573/1416 2429/1572/1415 2271/4209/2927
f 1392/2027/1814 2688/2244/1997 2690/4210/3420
f 4243/2118/1897 1847/4211/2392 2843/4212/2394
f 2844/4213/3596 2845/4214/3597 3109/4215/3598
f 2846/4216/3599 139/188/150 138/187/149
f 4524/2751/2436 2847/4217/3600 2848/4218/2051
f 1399/2036/1820 2849/4219/3171 2850/4220/3535
f 2851/4221/3601 3951/4222/3602 2852/4223/3603
f 2853/4224/3604 2854/4225/3605 4072/4226/3606
f 2855/4227/3607 2856/4228/3119 4513/4229/3608
f 2739/4230/3471 4539/4231/3609 2738/4232/3470
f 2592/2491/2208 1164/1663/1493 2362/3481/3042
f 909/1299/1154 2857/4233/3610 606/863/739
f 674/4234/831 2858/4235/3611 466/661/542
f 1502/1511/1355 3248/1967/1764 1353/1966/1763
f 1225/4236/1575 2124/3120/1574 2123/3119/2750
f 2859/4237/3612 4538/4238/3613 477/4239/558
f 3168/4240/3614 677/963/835 1342/1953/1751
f 3549/4241/1704 337/486/369 2860/4242/2642
f 582/832/710 521/746/626 871/1241/1099
f 420/594/475 419/593/474 2861/4243/3615
f 2862/4244/3616 2863/4245/3617 1548/2260/2013
f 2952/4246/3618 2014/2958/2617 4463/4247/3619
f 1757/2563/2273 2864/4248/2207 2865/4249/3620
f 4671/4250/419 544/780/659 3480/1892/1699
f 4233/4251/3621 2866/4252/1796 2867/4253/3577
f 2509/4254/3212 2648/3906/3373 2868/4255/3622
f 2869/4256/2179 2870/4257/3623 4854/4258/3624
f 1064/1517/1361 360/513/396 1417/2064/1847
f 2871/4259/3625 2872/4260/3626 2229/4261/2873
f 2873/4262/148 2874/4263/3627 2871/4259/3625
f 1032/1473/1318 2881/4264/3628 2669/3940/3397
f 1211/4265/1551 2875/4266/2559 1596/2326/2071
f 193/268/214 3119/3779/3272 3120/269/215
f 1935/4267/2511 2876/4268/3629 4123/4269/3630
f 4270/3069/2714 3660/4270/3631 2443/3599/3139
f 1662/2424/2155 4805/1650/1480 4728/4271/3632
f 2877/4272/3633 2878/4273/3634 2440/3593/3133
f 2879/4274/3635 2358/4275/3036 455/647/528
f 2241/3291/2889 1919/2810/2487 701/997/867
f 2880/4276/3636 2881/4277/3628 2882/4278/3637
f 2377/3501/3059 1700/4279/2200 2559/3785/3278
f 2883/4280/3638 1625/2368/2106 2884/4281/3639
f 2513/3705/3218 2885/4282/3640 2886/4283/3641
f 2262/3326/2919 4514/3948/3404 2263/3327/2920
f 263/368/295 2719/4001/3447 2720/4002/3448
f 333/481/364 338/487/370 337/486/369
f 1373/1996/1786 1374/1997/1787 2444/4284/3141
f 1206/1726/1547 4776/1725/1546 4218/4285/3642
f 2887/4286/2891 2888/4287/3643 2396/3534/3087
f 2889/4288/3644 1188/1699/1525 2890/4289/3645
f 297/414/320 329/801/359 305/415/321
f 2891/4290/3306 1225/4236/1575 2585/4291/3307
f 2138/3142/2767 3984/4292/3646 4425/4293/3647
f 1583/2309/2057 1531/2235/1988 2892/4294/3648
f 749/1069/936 811/1150/1013 750/1070/937
f 2893/4295/3649 2894/4296/3650 2154/3167/2786
f 2895/4297/3651 4005/4298/3652 2896/4299/3653
f 320/451/317 321/453/348 2897/4300/3506
f 3829/585/466 413/584/465 3338/4301/3654
f 898/1283/1140 4812/4302/3655 3964/4303/3656
f 4004/4304/3386 3649/4305/3657 4754/4306/3658
f 2898/4307/3659 4884/1680/1510 1375/2000/1790
f 3477/1398/1248 2899/4308/3660 1448/2105/1885
f 1708/2495/2212 2535/3746/3246 848/1207/1069
f 4252/4309/1204 4458/1518/1362 1509/1520/1364
f 4667/665/546 3068/664/545 2900/4310/3661
f 2344/3450/3018 2343/3449/3017 1626/2369/2107
f 1706/4311/2206 1705/3155/2205 2147/3156/2778
f 2901/4312/3662 1892/2775/2456 2902/4313/3663
f 2903/4314/3664 952/1362/1213 954/1364/1215
f 1437/2087/1868 2904/4315/3665 2798/2088/1869
f 995/1424/1274 3635/1423/1273 4661/1927/1728
f 4883/392/305 2517/3126/2755 2674/3945/590
f 2355/3471/3034 4333/4316/3666 2905/4317/3667
f 1579/4318/2052 2906/4319/3668 403/4320/448
f 4323/4321/3669 2907/4322/3670 2757/4064/3495
f 2908/4323/3671 2909/4324/3672 2910/4325/3673
f 2911/4326/2929 4186/3522/3078 2156/3169/2788
f 526/754/634 1463/2126/1904 527/755/635
f 2028/2977/2631 2912/4327/3674 2026/2975/2629
f 1274/1846/1658 2913/4328/1116 2914/4329/3675
f 3896/4330/1169 917/2349/1168 1612/2351/2092
f 738/1051/919 762/1084/949 1769/2583/2293
f 2915/4331/2469 1903/2254/2007 1544/2256/2009
f 4593/2780/2460 2916/4332/1560 1896/2781/2461
f 1198/1714/1537 4845/1032/901 2809/4333/767
f 2891/4334/3306 1224/1755/1573 1225/1757/1575
f 1507/2203/1960 2917/4335/3676 636/907/782
f 2271/3336/2927 2918/4336/3677 2919/4337/1631
f 95/130/103 2920/4338/3678 1068/1523/1367
f 1989/4339/2585 308/448/346 315/458/335
f 2456/3622/3155 2589/3827/3311 1202/1720/1542
f 2921/4340/1607 1488/2166/1931 622/889/764
f 3545/1481/1326 462/654/535 2874/4263/3627
f 2922/4341/3679 4882/3132/2760 1776/2592/2301
f 485/687/568 2923/4342/3680 2924/4343/3681
f 1675/2444/2169 2040/2994/2648 2456/3622/3155
f 4302/4344/3682 4649/2274/2027 3159/4345/3683
f 2925/4346/601 2926/4347/3684 2927/4348/840
f 2242/4349/2890 1533/4350/1991 2928/4351/1558
f 2929/4352/3685 1680/2450/2173 1679/2449/2172
f 2455/3621/3154 1673/2442/1501 1675/2444/2169
f 85/54/51 1574/2294/2046 55/71/64
f 677/963/835 2930/4353/2021 2931/4354/3686
f 4446/4355/3687 2932/4356/3688 2933/4357/3689
f 1497/2186/1947 2934/4358/3690 796/4359/991
f 1343/4360/1753 4870/1374/1224 959/1373/1223
f 1364/793/672 1407/2048/1832 2069/2047/1831
f 2935/4361/3691 2356/4362/3035 4427/4363/3692
f 2936/4364/3693 2937/4365/3694 720/1028/897
f 719/1027/896 2936/4364/3693 720/1028/897
f 1881/2757/2441 1880/2756/2432 2511/3702/3216
f 2938/4366/3695 2939/4367/3696 3260/4368/3697
f 913/1306/1161 1900/2787/2467 2217/3258/2860
f 2665/3455/3023 2940/4369/3393 3851/4370/3698
f 2941/4371/3699 1209/4372/1120 1208/4373/1549
f 2481/3657/3182 1254/1807/1622 2412/3556/3103
f 2444/3601/3141 1374/4374/1787 594/847/725
f 1205/1724/1545 506/724/604 3066/1722/1544
f 630/900/775 631/901/776 3905/3806/3294
f 584/4375/712 922/1320/714 2942/4376/2950
f 1308/1908/1712 2259/3318/2913 408/575/456
f 2943/4377/3700 1565/2283/2035 3499/4378/3701
f 668/949/822 2944/4379/3702 669/950/823
f 2793/4126/3537 2792/4125/3536 1937/4380/2513
f 2945/4381/3703 2946/4382/3704 1554/2266/2019
f 2947/4383/3705 2948/4384/3706 2949/4385/3707
f 3172/4386/3708 2950/4387/3709 2304/3387/2561
f 3978/4388/3710 1397/2034/1818 3979/2033/1817
f 728/1039/907 912/1303/1158 727/1037/905
f 3523/4389/1349 1477/4042/1916 4621/4390/3711
f 2/3/3 7/2/2 1620/2361/2100
f 2951/4391/2221 1717/4392/2220 4100/4393/453
f 2952/4394/3618 2766/4080/3510 4321/1711/1534
f 2953/4395/3712 2954/4396/1664 2955/4397/3343
f 1598/2328/2073 1587/2314/2062 745/1061/928
f 2956/4398/3713 1778/2595/2304 2957/4399/3714
f 1323/1929/1730 1189/1701/1527 1324/1930/1731
f 4956/4400/3715 2958/4401/3716 3685/4402/3717
f 2192/3224/2834 2890/4403/3645 2959/4404/3718
f 2960/4405/2309 2961/4406/3522 855/4407/1077
f 371/528/210 3593/4408/3719 2962/4409/3720
f 743/1058/925 2188/3217/2827 2810/1059/926
f 381/541/422 2963/4410/3721 2964/4411/3722
f 3451/1250/1108 1670/2438/2164 4978/1427/1277
f 4840/4412/3723 2546/3765/3262 2965/4413/1238
f 3243/3764/3261 693/987/857 692/986/856
f 2322/3420/2994 2323/3422/2996 2966/4414/3724
f 2967/4415/3725 2968/4416/3726 2969/4417/3727
f 1798/2624/2330 1797/2623/2329 2395/3529/3084
f 2970/4418/2435 4673/4419/3728 2784/4106/3529
f 2506/3690/3207 443/629/510 2476/4420/3176
f 736/1048/916 992/1420/1270 737/1049/917
f 2971/4421/3729 2972/4422/1568 994/1422/1272
f 2973/4423/3730 3441/599/480 422/598/479
f 2584/3819/3304 370/524/407 816/4424/1020
f 3676/4425/1603 1244/4426/1602 2974/4427/3731
f 2287/3361/2949 4077/3363/2951 2374/4428/3056
f 2975/4429/3732 2831/4191/3581 3611/4430/3733
f 2669/4431/3397 2881/4277/3628 2880/4276/3636
f 4921/4432/3734 2976/4433/3735 2977/4434/3736
f 2975/4429/3732 2830/4189/3579 2831/4191/3581
f 1481/2153/1923 4871/2969/2625 1375/2000/1790
f 2978/4435/3737 2481/3657/3182 2999/4436/3738
f 2338/3443/3012 1867/2736/2422 2979/4437/3739
f 1328/1937/1738 2980/4438/3194 4306/4439/3740
f 4638/506/389 3259/4440/3741 1772/2588/2297
f 2981/4441/2292 1402/2039/1823 1401/2038/1822
f 2982/4442/3742 1342/1953/1751 2983/4443/3743
f 1843/354/286 1378/4444/1794 261/366/293
f 2984/4445/3744 2985/4446/3745 2986/4447/3746
f 2987/4448/1921 2988/4449/2421 2989/4450/3747
f 2335/3437/3009 4204/4451/3748 1201/1719/1541
f 4942/1236/1094 333/481/364 337/486/369
f 2990/4452/3749 2656/4453/3382 2655/3913/3379
f 2991/4454/3750 2992/4455/871 4346/3656/3181
f 4858/2465/2186 679/965/837 1691/2466/2187
f 761/1083/948 760/1082/947 2256/4456/2909
f 2431/4457/3126 2993/4458/3751 1487/4459/1488
f 894/1276/1133 4476/1278/1135 2904/4315/3665
f 874/1247/1105 1640/2390/2126 1732/2532/2244
f 2994/4460/3752 2995/4461/3753 2664/3932/3392
f 2996/4462/3754 2997/4463/3755 4165/4464/3756
f 2998/4465/1163 2417/3563/3110 2418/3564/3111
f 139/188/150 2999/4466/3738 140/189/151
f 3000/4467/3757 3001/4468/3758 3002/4469/3759
f 3003/4470/3760 3004/4471/3761 2985/4446/3745
f 3005/4472/3762 3006/4473/3763 991/1419/1269
f 1738/2541/2252 3007/4474/3764 3008/4475/3765
f 3009/4476/3766 3010/4477/632 1046/1494/1338
f 2841/4206/3594 3011/4478/3767 4569/4479/3768
f 1222/3701/1571 3012/4480/3769 1223/4481/1572
f 3013/4482/3770 4901/4483/3771 4623/4484/3772
f 1556/2270/2023 3014/4485/3773 3015/4486/3774
f 2412/3556/3103 3016/4487/3775 2423/3572/3117
f 1722/2519/2232 1202/1720/1542 837/1192/1054
f 513/3693/616 1470/2133/1911 3017/4488/3776
f 1957/2863/2537 4819/4489/3777 2327/3426/3000
f 2030/2980/2634 4952/4490/3778 747/4491/931
f 739/1052/920 1988/2916/2581 740/1053/921
f 878/1253/1111 3735/3383/1826 1151/1254/1112
f 4404/3348/2937 957/1368/1219 1648/2398/2133
f 602/858/736 3005/4492/3762 3940/4493/3779
f 2424/3573/3118 1105/1568/1411 3018/4494/3780
f 1124/4495/1437 3019/4496/3781 1868/2737/2423
f 2161/3174/2793 2723/4009/3452 2159/3172/2791
f 3020/4497/3782 2959/4404/3718 2085/3056/2702
f 1814/2644/2348 3640/4498/3783 3021/4499/3784
f 4013/715/595 3022/4500/3785 3023/4501/3786
f 3024/4502/3787 3025/4503/3788 3026/4504/3789
f 3027/4505/3790 3328/4506/3791 999/1431/1279
f 2059/3013/2666 3028/4507/3792 3029/4508/3793
f 2462/3629/3162 1774/2590/2299 3025/4503/3788
f 3030/4509/3794 3031/4510/3795 3032/4511/3796
f 4728/4271/3632 2139/3143/2768 3033/4512/3797
f 1919/2810/2487 1918/2809/2486 1515/2217/1970
f 1130/989/859 696/991/861 3034/4513/3318
f 141/190/152 142/192/153 3035/4514/3798
f 2930/2268/2021 1555/2267/2020 3036/4515/2948
f 3076/4516/2347 3037/4517/3799 3077/4518/3800
f 3038/4519/3801 3039/4520/3802 3040/4521/3803
f 3041/4522/3804 1912/2801/2479 4523/2918/2582
f 1009/1442/1290 4391/4523/3805 3042/4524/3806
f 1090/1551/1394 3990/4525/3807 3043/4526/3808
f 4643/4527/3809 3044/4528/3810 4685/1172/1034
f 2293/3373/2960 2349/3463/3030 2294/3374/2594
f 1217/3249/1562 1256/1800/1615 3045/4529/1627
f 3046/4530/3811 3047/4531/3812 1067/1522/1366
f 901/1287/1144 4785/865/741 1453/2110/1890
f 3048/4532/3813 2080/4533/2694 3049/4534/3814
f 3807/4535/3815 3050/4536/3816 1614/2354/2095
f 2468/3635/3167 2165/3178/2797 2164/3177/2796
f 4539/4231/3609 3051/4537/3817 3052/4538/3818
f 361/514/397 1522/2225/1978 359/512/395
f 2814/4159/3557 3053/4539/3819 1454/2112/1892
f 1964/4540/1620 3054/4541/1619 1523/4542/1979
f 2879/4274/3635 3055/4543/3820 3056/4544/3341
f 3057/4545/3821 1405/2045/1829 2098/3079/2721
f 3058/4546/3822 1415/2059/1842 4385/2058/1841
f 1974/2892/2562 4859/1187/1049 1975/2893/2563
f 1662/2424/2155 4404/4547/2937 3658/2425/2156
f 1609/4548/2089 3059/4549/3823 2226/3270/2870
f 2047/3001/2654 3060/4550/3824 3318/4551/3825
f 4698/4052/3485 2336/3441/3011 4070/4050/3484
f 3061/4552/3826 3062/4553/3827 3063/4554/3451
f 731/1043/911 728/1039/907 3064/4555/3828
f 3065/4556/603 4075/4557/3829 3066/4558/1544
f 2876/4559/3629 3304/4560/3830 4123/4561/3630
f 1962/4562/2541 3067/4563/3831 2062/4564/2668
f 98/135/108 97/134/107 2920/4338/3678
f 3068/4565/545 3069/4566/3206 706/1008/878
f 2728/4016/3459 3070/4567/3832 2639/3895/3362
f 4832/4568/3833 4481/2776/2457 1892/2775/2456
f 1281/1857/1667 1282/1859/1669 4266/4569/3834
f 751/1071/938 3856/4128/3539 4289/4570/3835
f 2897/4300/3506 326/471/357 2172/3195/341
f 3071/4571/3836 1979/2903/2571 3072/4572/3837
f 3073/4573/3838 3074/4574/2897 3075/4575/2830
f 3076/4576/2347 3077/4577/3800 1814/4578/2348
f 1722/2519/2232 2455/3621/3154 1202/1720/1542
f 3078/4579/3839 3079/4580/3840 3080/4581/3841
f 3081/4582/3842 1617/1214/1076 2385/3514/3070
f 3048/4532/3813 2566/3793/3284 2080/4533/2694
f 441/625/506 3082/4583/3843 3083/4584/3844
f 1150/1636/1472 4804/1635/1471 3084/4585/3845
f 2729/4017/3460 2730/4019/2893 480/4586/563
f 2038/2991/2645 2783/4587/3215 3085/4588/3027
f 2895/4297/3651 3086/4589/999 4005/4298/3652
f 3087/4590/3846 4961/3388/2971 2304/3387/2561
f 349/500/383 4438/4591/3847 2203/4592/2848
f 2338/3443/3012 1868/2737/2423 1867/2736/2422
f 4523/2918/2582 2748/4047/3482 3455/2919/2583
f 3088/4593/3848 2807/4145/3152 2806/4144/3551
f 2056/3010/2663 2058/3012/2665 4071/4594/3849
f 1846/2694/2391 1995/1570/1413 1894/2778/2459
f 3089/4595/3850 1173/4596/1505 2022/2971/2626
f 491/2968/581 2466/4597/580 4871/2969/2625
f 1663/2427/2157 1832/2675/2374 3090/4598/2800
f 2441/3594/3134 439/618/499 3483/4599/3851
f 241/337/275 2045/2999/523 274/374/300
f 322/467/353 323/468/354 325/470/356
f 2880/4276/3636 2882/4278/3637 3091/4600/3852
f 2880/4276/3636 3091/4600/3852 3092/4601/3853
f 3093/4602/3854 3094/4603/3855 3095/4604/3856
f 3096/4605/3857 4578/4606/3858 3097/4607/3859
f 3098/4608/3860 2219/4609/2863 3099/4610/3861
f 3100/4611/2074 1049/1497/1341 1599/4612/2075
f 1937/4380/2513 3101/4613/3862 2876/4559/3629
f 3102/4614/3863 3784/4044/3479 1113/1583/1422
f 3103/4615/3864 3104/4616/3865 4420/4617/3866
f 3103/4615/3864 4420/4617/3866 3105/4618/3113
f 3106/4619/3867 2927/4348/840 4653/4620/3868
f 979/1405/1255 2039/2993/2647 3107/4621/3869
f 3738/4622/1526 3737/2820/2497 682/973/844
f 3108/4623/3870 905/1293/1149 1882/2760/2442
f 3109/4624/3598 3110/4625/3871 819/1161/1024
f 2209/3248/2854 3111/4626/3872 1251/1798/1613
f 4434/4627/3873 3112/4628/3874 3544/4629/3875
f 1949/4630/2528 3113/4631/2530 2356/4362/3035
f 3114/4632/3876 2449/3609/3146 4906/4633/827
f 830/1180/1042 2895/4297/3651 3115/4634/3877
f 2139/3143/2768 576/1649/703 1190/1702/702
f 1069/2142/1368 3483/4599/3851 1667/2435/2161
f 3033/4512/3797 2139/3143/2768 1323/1929/1730
f 1567/2285/2037 3116/4635/3878 1760/2568/2278
f 3117/4636/3879 3118/4637/3880 680/966/838
f 3119/4638/3272 2402/4639/3093 3120/4640/215
f 3121/4641/3881 3122/4642/3882 3123/4643/3883
f 3124/4644/3884 3125/4645/3885 3126/4646/3886
f 625/894/769 3127/4647/3887 860/895/770
f 782/1108/973 3128/4648/3888 3129/4649/3889
f 1245/1788/1604 3130/4650/3890 1982/2907/2575
f 1930/2825/2502 3131/4651/3891 2113/2823/2500
f 1110/1577/1418 1792/2617/2324 4308/1578/1419
f 3132/4652/3892 2026/2975/2629 2912/4327/3674
f 568/815/693 630/900/775 3133/4653/1956
f 1016/3439/1297 568/4654/693 3133/4655/1956
f 2566/3793/3284 3134/4656/3893 2567/3794/3285
f 3135/4657/3894 3136/4658/3895 3137/4659/3896
f 1314/1916/1720 4684/2544/2255 1929/4660/2501
f 3138/4661/3897 3018/4494/3780 1846/2694/2391
f 3139/4662/3898 2438/3591/3131 3140/4663/3899
f 434/613/494 436/615/496 3141/4664/3900
f 2658/3923/3385 518/743/623 1232/1769/1585
f 1362/1980/1774 1364/1982/672 551/2299/671
f 3142/4665/1306 1360/1977/870 1361/1979/1773
f 1451/2108/1888 4927/4666/3901 3143/4667/3902
f 1951/2857/2531 3144/4668/3255 3145/4669/3903
f 4402/1748/1566 1071/1526/1370 1094/1556/1399
f 2972/1750/1568 1111/1581/1420 994/4670/1272
f 3146/4671/3904 1747/2553/2264 1749/2555/2266
f 1743/4672/2260 2742/4038/3475 2741/4037/524
f 4155/3148/2773 2726/4014/3457 2595/3835/3315
f 1315/1917/1721 2113/3104/2500 3147/4673/539
f 1220/1747/1565 3148/4674/1671 1381/2008/1798
f 1346/4675/1756 3149/4676/970 1221/1749/1567
f 1535/2242/1995 3597/2241/1994 4876/4677/1240
f 3150/4678/3905 3151/4679/2861 1298/1889/1696
f 3708/4680/3906 2819/4167/3563 985/1412/1262
f 373/530/411 818/1160/1023 374/531/412
f 3099/4610/3861 2219/4609/2863 557/802/680
f 3152/4681/1095 1289/1876/1684 1288/1875/362
f 4760/4682/2974 375/4683/415 1388/4684/414
f 3046/4530/3811 3153/4685/3907 3047/4531/3812
f 3012/4480/3769 2368/3490/1813 2370/3492/3051
f 4459/4686/3908 3442/4687/3909 4362/4688/1655
f 4339/4689/3454 3068/4565/545 4654/1171/1033
f 3154/4690/3381 649/924/797 3155/4691/3910
f 2707/3984/2387 2706/3983/3435 4075/4692/3829
f 3156/4693/172 982/1409/1259 3157/4694/987
f 1560/2278/2031 2615/3862/3337 2662/3930/3390
f 2155/3168/2787 1699/2478/2199 1698/2477/2198
f 3158/4695/3911 4302/4696/3682 3159/4697/3683
f 4121/1843/1656 1715/2504/2218 1657/2415/2148
f 3160/4698/3912 3126/4646/3886 2121/3115/2749
f 1733/2533/2245 2949/4385/3707 510/730/610
f 3161/4699/3913 3162/4700/3914 1668/4701/2162
f 2387/3516/3072 3163/4702/3915 2385/3514/3070
f 3806/4703/3916 3164/4704/3917 3165/4705/3918
f 3692/4706/3919 4651/3908/3375 997/1428/1278
f 3166/4707/3920 2395/4708/3084 3167/4709/3085
f 661/942/815 1556/2270/2023 3015/4486/3774
f 1341/4710/1750 1554/2266/2019 3168/4711/3614
f 3169/4712/2404 2511/3702/3216 1602/3704/2083
f 1826/2669/454 1103/1566/1409 3170/4713/2911
f 2534/3745/3245 3171/4714/3921 4126/3743/3244
f 2882/4278/3637 3172/4715/3708 3173/4716/3922
f 2629/3882/3354 2628/3881/3353 4873/4032/3472
f 1895/2659/2361 3174/4717/3923 1467/2660/1908
f 2851/4221/3601 4715/4718/3924 3951/4222/3602
f 2979/4437/3739 1867/2736/2422 3175/4719/2965
f 2426/3577/3120 458/3576/531 457/4720/530
f 2781/4100/3526 3644/4721/3925 3000/4722/3757
f 3176/4723/3926 3177/4724/3927 4900/2620/2326
f 4798/4725/3928 3178/4726/3929 4799/4727/3327
f 1301/1894/1701 4830/4728/3930 3179/4729/3931
f 2564/4730/3283 992/1420/1270 991/1419/1269
f 3180/4731/3932 2991/4454/3750 953/1363/1214
f 3181/4732/3933 1460/4733/1898 4243/4734/1897
f 404/4735/449 2080/4533/2694 4719/4736/3934
f 2471/3638/3169 3182/4737/3935 2157/3170/2789
f 3451/1250/1108 3183/4738/3936 1669/2437/2163
f 3184/4739/3937 3185/4740/3938 652/927/800
f 3186/4741/3939 2935/4361/3691 4897/2013/1803
f 2102/1281/1138 452/640/521 2045/642/523
f 4031/4742/3940 2688/4743/1997 3187/4744/3941
f 3073/4573/3838 4880/4745/3942 3188/4746/3943
f 3340/4747/3944 3341/2200/1957 3906/4748/3945
f 3189/4749/3946 4006/4750/3947 3190/4751/3948
f 3191/4752/1556 3192/4753/3949 3193/4754/3950
f 3194/4755/3951 944/4756/1201 1128/1605/1443
f 4486/4757/3952 3020/4497/3782 1630/2375/2112
f 2510/3698/3213 2802/874/750 3195/4758/3438
f 3196/4759/1891 4402/1748/1566 3197/4760/3953
f 4505/4761/3954 1965/3537/2548 2400/3539/3091
f 3107/4621/3869 2039/2993/2647 1674/2443/2168
f 3198/4762/3955 1255/2484/1626 890/1271/1128
f 1194/1708/1532 739/1052/920 738/1051/919
f 358/511/394 2910/4325/3673 2909/4324/3672
f 3199/4763/954 3405/4764/956 4180/4765/3956
f 513/3693/616 3017/4488/3776 3200/4766/617
f 3743/4767/3334 2570/3801/3289 2569/3800/3288
f 1658/4768/2149 392/555/436 3201/4769/2150
f 1134/1613/1450 3202/4770/3516 1821/2657/2359
f 838/1194/1056 2837/4199/3589 839/1195/1057
f 2509/4254/3212 633/903/778 2648/3906/3373
f 2352/3466/3032 624/893/768 1635/2383/2120
f 2096/3075/2718 4690/4771/1673 1129/3076/1444
f 4777/4133/3544 2797/4132/3543 3203/4772/3957
f 3368/4773/3958 495/4774/585 3204/4775/3959
f 1211/1732/1551 641/915/788 1142/1624/1460
f 2023/2972/2627 4819/4489/3777 2024/2973/935
f 3205/4776/3960 4147/2628/2334 4246/4777/3961
f 3206/4778/3962 1906/2794/2472 913/1306/1161
f 3314/4779/3963 1955/2861/2535 3207/4780/1193
f 3208/4781/3964 3160/4698/3912 3209/4782/3965
f 4795/2989/2643 3307/4169/3565 4298/4783/3966
f 4305/2364/2103 1623/2365/1737 3956/4784/3967
f 2580/3815/3301 2510/3698/3213 3003/4470/3760
f 1256/1813/1615 3210/4785/3968 1920/2811/2488
f 3869/4786/3969 3211/4787/3970 1156/1653/1483
f 1914/2803/2481 4464/4788/3971 2748/4047/3482
f 2308/3396/2976 842/1198/1060 379/539/420
f 3212/4789/3972 147/199/159 4316/4790/3973
f 3213/4791/3974 3214/4792/1521 425/604/485
f 4575/4793/3975 1335/1945/1745 523/4794/628
f 3215/4795/3976 1162/1661/1491 2592/2491/2208
f 3216/4796/942 81/109/90 4743/108/89
f 1426/2076/1857 681/4797/841 3217/4798/3489
f 2813/4158/3556 888/1268/1125 1685/2459/2181
f 3218/4799/1618 3219/4800/3977 3054/4541/1619
f 3220/4801/3978 2057/4802/2664 4541/4803/3979
f 3221/4804/3980 3222/4805/3981 3754/4806/3982
f 1823/4807/2364 3223/4808/3983 2262/4809/2919
f 3224/4810/3984 1205/1724/1545 670/952/825
f 3140/4663/3899 2438/3591/3131 3813/4811/3985
f 3561/3665/3189 3560/4812/3986 1573/2293/2045
f 2025/2974/2628 3225/4813/1687 3226/4814/3987
f 4828/4815/3988 2077/3041/2689 3227/4816/3989
f 2053/3007/2660 2052/3006/2659 683/974/845
f 2997/4463/3755 2626/3877/3350 2625/3876/3349
f 2927/4348/840 4167/4817/3990 4653/4620/3868
f 4742/3298/2895 2616/3863/3338 2245/3299/2896
f 3228/4818/2202 1991/2925/2587 2697/3974/3427
f 2686/3960/3415 2696/4819/3426 1199/1717/1540
f 3229/4820/3991 3574/4821/3992 3230/4822/1206
f 2874/4263/3627 2522/3721/3228 2871/4259/3625
f 2273/3340/2930 533/861/641 2701/3978/3431
f 2068/3025/2676 3231/4823/3993 1660/2422/2153
f 1831/2674/2373 1663/2427/2157 1665/2426/1010
f 4026/4824/3210 4804/1635/1471 4345/1634/1470
f 3232/4825/3994 1085/4826/1389 4384/4827/3995
f 1944/2849/2524 1946/2851/1258 1179/1687/1517
f 2964/4411/3722 2963/4410/3721 2899/4308/3660
f 3233/4828/3996 654/929/802 3234/4829/3997
f 2360/3476/3038 3235/4830/3998 2361/3477/3039
f 3236/4831/3999 3237/4832/4000 3238/4833/1068
f 2074/3036/2685 2471/3638/3169 2157/3170/2789
f 3239/4834/4001 4327/4835/4002 3240/4836/2022
f 2033/2984/2638 783/1109/974 2034/2985/2639
f 4907/2051/1835 3241/4837/4003 4920/4838/4004
f 2114/4839/2741 858/4840/1080 3242/4841/4005
f 1174/1676/1506 3243/4842/3261 4135/2323/2068
f 1287/1873/1682 4566/2698/2395 1849/2700/2396
f 3244/4843/4006 873/4844/1102 4598/4845/1101
f 3245/4846/4007 3147/4673/539 3246/4847/4008
f 3243/4842/3261 1174/1676/1506 3864/4848/4009
f 4254/4849/4010 112/153/118 4255/1695/1522
f 1550/2262/2015 3247/4850/4011 1551/2263/2016
f 3248/4851/1764 3249/4852/4012 3696/2842/2517
f 2008/2951/2610 3250/4853/1474 3554/3955/3411
f 3251/4854/4013 3252/4855/4014 2818/4856/3561
f 3253/4857/1552 1213/4858/1554 3254/4859/1941
f 2723/4009/3452 4704/4860/4015 4786/4010/3453
f 2673/4861/3401 2313/3402/2980 2236/711/591
f 256/361/289 257/362/290 3255/4862/4016
f 2754/2945/2604 3256/4863/4017 3720/4864/4018
f 3257/4865/4019 3258/4866/4020 1993/2928/2589
f 4972/1011/881 735/1047/915 3259/4867/3741
f 365/519/402 3481/2914/2579 366/520/403
f 3260/4868/3697 3132/4652/3892 3261/4869/4021
f 604/763/642 605/4870/738 4844/4871/4022
f 537/768/647 538/770/649 2682/3956/3412
f 3098/4608/3860 3099/4610/3861 3262/4872/654
f 3263/4873/4023 3264/4874/4024 3265/4875/4025
f 1820/2656/2358 1819/2655/2357 2794/4127/3538
f 3266/4876/4026 1516/2218/1971 1918/2809/2486
f 3267/4877/1993 4018/4878/4027 3268/4879/4028
f 1266/1828/1642 3269/4880/4029 3270/4881/4030
f 915/4882/1165 3271/4883/4031 3301/4884/4032
f 1302/1895/1702 3272/4885/4033 4869/4886/4034
f 773/1098/963 3419/1535/1379 1078/1534/1378
f 3273/4887/4035 569/816/694 2439/3592/3132
f 2788/4119/810 1061/4118/1358 1158/1656/1486
f 2248/3305/2901 1731/2531/2243 2561/3787/3280
f 3267/4888/1993 3268/4889/4028 3274/4890/4036
f 1780/2597/2306 522/2599/627 3275/4891/4037
f 969/4892/1235 3169/2710/2404 3276/4893/1236
f 2559/3785/3278 1147/1631/1467 3277/4894/4038
f 2842/4207/3595 1708/2495/2212 848/1207/1069
f 4113/4895/1509 1902/582/463 1066/1521/1365
f 2321/4896/2681 562/807/685 4553/4897/1475
f 4522/2402/2135 1650/2401/203 3278/4898/202
f 4794/1333/1187 1422/4899/1852 4901/4483/3771
f 3279/4900/4039 1508/2206/1963 2212/3252/2856
f 1220/1747/1565 1042/2400/1331 3148/4674/1671
f 3280/4901/4040 3281/4902/4041 3282/4903/4042
f 3283/4904/4043 2253/3311/2907 2803/4139/3548
f 2780/4099/3525 3284/4905/4044 2097/3078/2720
f 2345/3452/3020 1179/1687/1517 1946/2851/1258
f 2790/4122/3534 3208/4781/3964 3209/4782/3965
f 1687/2461/2183 2813/4158/3556 1685/2459/2181
f 4938/590/471 2376/3500/3058 1602/4906/2083
f 3285/4907/4045 3286/4908/2745 4070/4909/3484
f 3287/4910/4046 3288/4911/4047 3289/4912/4048
f 3288/4911/4047 3290/4913/4049 3291/4914/4050
f 3292/4915/4051 3293/4916/4052 3294/4917/4053
f 166/226/181 156/209/169 174/234/187
f 3295/4918/4054 3296/4919/4055 3297/4920/4056
f 2723/4009/3452 2161/3174/2793 2785/4921/3530
f 2546/3765/3262 4840/4412/3723 3298/4922/4057
f 2786/4923/3531 3299/4924/4058 3838/4925/3532
f 2992/4147/871 2616/3863/3338 4742/3298/2895
f 2934/4358/3690 3663/4926/4059 3300/4927/4060
f 4618/1311/1166 3301/4928/4032 143/194/154
f 1867/2736/2422 2299/4929/2966 3175/4719/2965
f 1565/2283/2035 1567/2285/2037 3302/4930/4061
f 2328/3427/3001 1333/1943/1744 2014/2958/2617
f 3579/4931/4062 3578/1544/1387 1083/1543/1386
f 980/1406/1256 2228/4932/2872 1824/2667/2367
f 4790/4933/4063 3303/4934/4064 3304/4935/3830
f 1212/4936/1553 4534/4937/4065 3305/4938/4066
f 2324/3423/2997 2132/3135/2506 2325/3424/2998
f 3204/4775/3959 3306/4939/4067 1963/4940/2542
f 1941/2845/2520 1940/2844/2519 3092/4601/3853
f 3307/4941/3565 1873/4942/2429 4528/4943/4068
f 4063/4944/4069 3001/4468/3758 3308/4945/4070
f 4840/4412/3723 2935/4361/3691 4427/4363/3692
f 3309/4946/4071 3310/4947/4072 911/4948/1156
f 2788/4119/810 1158/1656/1486 3311/4949/1581
f 2819/4167/3563 988/1416/1266 990/1418/1268
f 3312/4950/4073 3767/4951/4074 3313/4952/4075
f 703/4953/872 3314/4954/3963 704/1339/873
f 1496/4955/1946 3315/4956/1945 3316/4957/4076
f 1716/2506/2219 3948/4958/4077 1717/2507/2220
f 3317/4959/613 3318/4960/3825 3319/4961/554
f 1425/2075/1856 1427/2077/1858 2842/4207/3595
f 2301/3384/2968 1754/2560/2271 1753/2559/2270
f 935/4962/1191 876/4963/1107 4850/1924/620
f 3320/4964/4078 3321/4965/4079 1496/2185/1946
f 1792/2617/2324 3322/4966/2226 1793/2618/2225
f 2643/3900/3367 1731/2531/2243 1600/2334/2079
f 3323/4967/4080 1050/1498/1342 1456/2114/1894
f 4788/1338/1192 2868/4968/3622 4836/1336/1190
f 2266/1393/1243 974/1395/1245 1065/1519/1363
f 897/1282/1139 1952/2858/2532 898/1283/1140
f 2884/4281/3639 3324/4969/4081 592/844/722
f 1254/1807/1622 1737/1806/1621 2411/3554/2251
f 3325/4970/1703 2860/4971/2642 2036/4972/2641
f 3304/4935/3830 3303/4934/4064 2984/4973/3744
f 508/727/607 3326/4974/4082 507/725/605
f 1023/1462/1308 2973/4423/3730 422/598/479
f 2385/3514/3070 3327/4975/4083 870/1240/1098
f 2128/3130/2759 3328/4976/3791 3027/4977/3790
f 3329/4978/4084 3330/4979/4085 668/949/822
f 3331/4980/4086 2889/4288/3644 3332/4981/2833
f 337/486/369 339/488/371 2659/2804/2482
f 3333/4982/3474 137/181/144 3334/4983/1327
f 1190/824/702 577/826/704 2787/3600/3140
f 4833/466/352 302/457/339 301/3192/338
f 3335/4984/4087 4543/4985/4088 2373/3496/3054
f 3336/4986/4089 3337/4987/4090 3338/4988/3654
f 1629/2374/2111 1631/2376/2113 2084/3055/2701
f 3339/4989/4091 3220/4801/3978 2712/3993/3441
f 1449/2106/1886 1448/2105/1885 997/1428/1278
f 3340/4990/3944 2173/4991/2810 3341/4992/1957
f 3342/4993/4092 3343/4994/4093 4825/4995/4094
f 3344/4996/4095 3266/4876/4026 1918/2809/2486
f 2572/4997/3293 4744/789/668 550/791/670
f 3345/4998/3045 3346/4999/4096 2938/4366/3695
f 4822/5000/3352 4171/5001/4097 4170/5002/4098
f 3091/4600/3852 805/1139/1003 3092/4601/3853
f 3347/5003/4099 928/5004/1180 3137/4659/3896
f 4277/5005/4100 2898/5006/3659 2465/5007/3165
f 3471/4121/3533 3348/5008/4101 3208/4781/3964
f 3349/5009/783 3350/5010/4102 2829/4185/3576
f 3351/5011/4103 1865/2731/2419 1591/2733/2065
f 3352/5012/3040 3353/5013/4104 2925/4346/601
f 637/909/784 1075/1530/1374 195/272/218
f 3044/4528/3810 1758/2565/2275 2314/5014/2981
f 3028/4507/3792 3354/5015/1593 2978/5016/3737
f 1921/2812/2489 4571/1184/1046 834/1186/1048
f 3355/5017/4105 1680/2450/2173 3356/5018/2807
f 1520/2223/1976 2650/3911/3377 2104/3090/2730
f 1805/5019/2337 1804/5020/2336 3899/1531/1375
f 993/1421/1271 992/1420/1270 736/1048/916
f 3357/5021/4106 2872/4260/3626 3585/1987/1779
f 3193/4754/3950 4918/5022/4107 3358/5023/4108
f 2675/3946/3402 2801/4137/3547 2676/3947/3403
f 3359/5024/4109 3360/5025/3374 3104/4616/3865
f 4780/5026/2433 4113/5027/1509 3361/5028/1508
f 694/988/858 1580/5029/2053 2143/5030/2772
f 2781/4100/3526 2780/4099/3525 2097/3078/2720
f 3515/5031/4110 3137/4659/3896 2975/5032/3732
f 4570/1647/1479 4533/5033/4111 2492/3673/3195
f 2988/4449/2421 3613/5034/2605 3362/5035/4112
f 2389/3518/3074 3454/2981/2635 2032/2983/2637
f 1942/2846/2521 2506/3690/3207 4111/2847/2522
f 1285/1865/1675 3363/5036/2957 4177/1866/1676
f 1620/2361/2100 3364/5037/10 3927/5038/2346
f 2079/3044/2692 3121/4641/3881 2845/5039/3597
f 1053/1501/1345 886/1265/1123 3365/5040/4113
f 2219/3263/2863 3366/5041/2516 4714/5042/4114
f 1307/1907/1711 2760/4071/3501 2761/4073/3503
f 1900/2787/2467 3367/5043/4115 2217/3258/2860
f 1623/5044/1737 1305/5045/1709 1770/2585/2294
f 852/1211/1073 2864/4248/2207 1757/2563/2273
f 3368/5046/3958 496/705/586 495/704/585
f 4204/4451/3748 835/1190/1052 1201/1719/1541
f 436/615/496 3947/5047/4116 3141/4664/3900
f 3184/4739/3937 652/927/800 654/929/802
f 568/815/693 567/814/692 631/901/776
f 4959/5048/4117 409/5049/457 3369/5050/4118
f 370/524/407 4856/526/409 3370/5051/1021
f 2410/3552/3100 1153/1644/1476 770/1095/960
f 2974/4427/3731 1961/3428/2540 2328/3427/3001
f 3138/4661/3897 3371/5052/4119 3018/4494/3780
f 2893/4295/3649 3372/5053/4120 3373/5054/4121
f 104/145/110 189/260/206 372/529/410
f 1533/4350/1991 2396/3534/3087 1072/3533/1371
f 2706/3983/3435 2705/3982/3434 3374/5055/4122
f 3287/5056/4046 4612/1426/1276 996/1425/1275
f 1756/2562/2272 4348/2564/2274 2933/5057/3689
f 4185/5058/4123 3375/5059/1990 730/1041/909
f 4902/5060/2475 2054/3008/2661 1909/5061/2476
f 3086/2178/999 268/2177/301 3649/4305/3657
f 893/1274/1131 3376/5062/4124 3484/1175/1037
f 3306/4939/4067 696/991/861 3377/5063/4125
f 4383/5064/4126 3008/5065/3765 2767/4081/3511
f 490/697/578 2910/4325/3673 356/508/391
f 3307/4169/3565 4528/5066/4068 4298/4783/3966
f 1890/2770/2452 2059/3013/2666 3029/4508/3793
f 888/1268/1125 960/4157/1225 889/1269/1126
f 1856/2707/2402 3378/5067/4127 2796/4131/3542
f 4904/5068/4128 2303/3386/2970 1605/2343/1513
f 3379/5069/1870 3452/5070/4129 2196/3229/2839
f 3899/1531/1375 1077/1533/1377 3380/5071/4130
f 3381/5072/4131 3382/5073/4132 1735/2536/2248
f 3383/5074/4133 2202/3237/2847 3384/5075/4134
f 1491/5076/1935 3385/5077/4135 3386/5078/1936
f 3387/5079/4136 3664/5080/4137 3388/5081/4138
f 2715/3997/3444 1645/2395/2131 3389/5082/4139
f 3368/5046/3958 1432/2082/1863 496/705/586
f 3390/5083/4140 387/5084/429 3391/5085/4141
f 3392/5086/3096 1823/4807/2364 418/5087/473
f 977/1400/1250 4351/5088/4142 3037/4517/3799
f 793/5089/988 795/5090/990 3393/5091/4143
f 2279/3347/2936 2056/3010/2663 4071/4594/3849
f 3394/5092/4144 3395/5093/4145 1055/1503/1347
f 1837/2683/2381 4502/630/511 443/629/510
f 2050/3004/2657 2756/4063/3494 2941/4371/3699
f 485/687/568 735/1047/915 2923/4342/3680
f 4072/4226/3606 3396/5094/4146 2120/3114/2748
f 665/946/819 418/592/473 420/594/475
f 4878/5095/4147 559/804/682 2543/5096/3257
f 2737/4027/3469 3397/5097/4148 4943/5098/4149
f 4886/2717/2409 2257/3315/2910 3398/5099/483
f 3399/5100/4150 3400/5101/4151 3401/5102/4152
f 3402/5103/4153 3403/5104/4154 3404/5105/4155
f 4281/5106/4156 3405/5107/956 3406/5108/4157
f 3403/5104/4154 4954/5109/4158 3404/5105/4155
f 3366/5041/2516 1043/5110/1332 1044/5111/1333
f 2625/3876/3349 1790/2614/2321 4583/5112/4159
f 3407/5113/4160 2099/3081/2722 3408/5114/4161
f 3409/5115/4162 3410/5116/1807 1317/1919/1723
f 4759/3394/2975 1138/5117/1456 447/5118/516
f 1133/1611/1448 4964/1610/1447 4968/5119/4163
f 3271/4883/4031 3411/5120/4164 4630/5121/2417
f 3412/5122/4165 4435/5123/4166 1780/2597/2306
f 1642/2392/2128 1361/1979/1773 3413/5124/4167
f 2378/3502/3060 3277/4894/4038 4416/5125/4168
f 3414/5126/1380 3415/5127/1679 3191/4752/1556
f 3037/4517/3799 3416/5128/1844 3077/4518/3800
f 1696/2471/2192 3015/4486/3774 2419/3565/3112
f 115/156/121 2805/4143/3550 2855/4227/3607
f 709/1013/882 2447/3607/3144 3417/5129/4169
f 781/1107/972 780/1106/971 3418/5130/4170
f 900/1286/1143 2771/4087/3515 606/863/739
f 1254/1807/1622 2411/3554/2251 2412/3556/3103
f 3435/5131/4171 4691/5132/4172 3634/5133/4173
f 4710/1986/1778 3586/5134/4174 3585/1987/1779
f 3092/4601/3853 805/1139/1003 1941/2845/2520
f 2047/3001/2654 2858/4235/3611 3060/4550/3824
f 3419/5135/1379 3420/5136/4175 1286/1869/1678
f 2872/4260/3626 3357/5021/4106 4632/5137/4176
f 1344/1956/1754 621/885/761 2381/3505/3063
f 1659/2420/2151 3201/2419/2150 1957/2863/2537
f 564/809/687 343/493/376 1200/492/375
f 3421/5138/4177 4834/5139/4178 2448/3608/3145
f 1589/2316/2064 745/1061/928 1587/2314/2062
f 2029/2979/2633 3172/4386/3708 2882/5140/3637
f 3422/5141/4179 3423/5142/2728 4694/5143/4180
f 845/1203/1065 4978/5144/1277 846/1204/1066
f 2239/3288/2886 3424/5145/4181 3425/5146/4182
f 3426/5147/4183 985/1412/1262 618/882/758
f 2088/3060/2705 775/1221/965 2211/3251/2855
f 4700/1054/922 742/1056/924 2526/3726/3233
f 2742/4038/3475 3427/5148/4184 3428/5149/4185
f 1305/1905/1709 4263/1942/1743 1770/5150/2294
f 1041/1486/1330 3429/5151/3528 2467/3634/3166
f 4460/657/538 1828/2671/2370 1827/2670/2369
f 3413/5124/4167 1361/1979/1773 2297/3378/2963
f 1186/1697/1524 3430/5152/4186 3316/4957/4076
f 2831/4191/3581 2101/3086/2727 1693/2468/2189
f 4969/5153/4187 4814/2677/2376 4054/2678/2377
f 869/5154/1097 4773/1998/1788 608/869/745
f 2915/2791/2469 1544/5155/2009 654/929/802
f 3151/3261/2861 3431/5156/4188 2218/3262/2862
f 3432/5157/4189 860/1225/770 859/1224/1084
f 3319/4961/554 1864/5158/556 1836/5159/2380
f 2217/3258/2860 800/5160/996 1913/2802/2480
f 777/1102/967 4957/3750/3250 1668/5161/2162
f 1320/1925/1726 3433/5162/1769 1321/1926/1727
f 96/133/106 3432/5157/4189 99/131/104
f 3434/5163/4190 1083/1543/1386 1035/1477/1322
f 4971/4067/3498 3435/5164/4171 3198/5165/3955
f 3273/4887/4035 2439/3592/3132 3436/5166/4191
f 1095/1557/1400 3437/5167/4192 355/507/390
f 1656/2414/2147 1422/2070/1852 1423/2072/1854
f 1328/1937/1738 4306/4439/3740 2451/3613/3149
f 2361/3477/3039 4524/2751/2436 1577/4177/2050
f 812/1152/1015 1649/2399/2134 1219/1746/1564
f 2671/3942/3399 2305/3390/2972 3438/5168/4193
f 3439/5169/4194 3310/4947/4072 3309/4946/4071
f 3440/5170/2557 1027/5171/1311 2076/3040/2688
f 3166/4707/3920 2000/2938/2598 1999/2937/2597
f 1356/1970/1767 3516/3415/2991 1357/1971/1768
f 4841/1401/1251 3441/5172/480 2973/5173/3730
f 3221/4804/3980 3442/5174/3909 3443/5175/4195
f 1606/2344/2087 4949/5176/4196 3444/5177/2544
f 1450/2107/1887 4569/5178/3768 1451/2108/1888
f 4719/5179/3934 2081/3049/2696 3445/5180/4197
f 3446/5181/4198 2009/2952/2611 1352/4112/1762
f 1241/1781/1597 2096/3075/2718 1242/1782/1598
f 3138/4661/3897 1893/2777/2458 3447/5182/4199
f 3312/4950/4073 1045/1491/1335 4163/1490/1334
f 472/669/550 1264/5183/1640 3448/5184/4200
f 2252/3310/2906 3449/5185/4201 476/676/557
f 4542/3308/2904 2252/3310/2906 476/676/557
f 3450/5186/4202 1139/1621/1457 1141/1623/1459
f 1514/2213/1967 2449/3609/3146 2533/3741/1384
f 3379/2089/1870 3451/5187/1108 3452/5188/4129
f 4536/5189/3172 3453/5190/4203 1436/2086/1867
f 2389/5191/3074 3200/4766/617 3454/5192/2635
f 1271/1838/1651 3455/5193/2583 1424/1839/1652
f 582/5194/710 3072/4572/3837 3456/5195/4204
f 4958/3902/3369 2367/5196/3049 4936/5197/4205
f 3457/5198/4206 3263/4873/4023 3458/5199/4207
f 3459/5200/2430 4031/4742/3940 3187/4744/3941
f 2531/3734/3241 3460/5201/720 3991/3732/3239
f 3461/5202/4208 3462/5203/4209 3463/5204/4210
f 3448/5184/4200 3006/4473/3763 3005/4472/3762
f 3464/5205/4211 3465/5206/4212 2557/5207/3276
f 3290/4913/4049 1726/5208/2238 3466/5209/4213
f 3467/5210/4214 3468/5211/4215 3411/5212/4164
f 3052/4538/3818 3910/729/609 471/668/549
f 3110/4625/3871 2845/5039/3597 3123/4643/3883
f 4791/2377/2114 673/957/830 3469/5213/4216
f 1249/1796/1611 2583/5214/3303 816/1157/1020
f 3962/532/413 374/531/412 408/575/456
f 449/637/518 451/639/520 3470/5215/2736
f 4382/5216/4217 2402/3541/3093 2401/3540/3092
f 2922/4341/3679 4280/5217/4218 4882/3132/2760
f 496/705/586 1431/2081/1862 497/706/587
f 4588/5218/4219 2660/3928/3388 4486/4757/3952
f 1098/1560/1403 3471/5219/3533 2791/1561/1404
f 566/812/690 4658/811/689 578/827/705
f 3472/5220/4220 3020/4497/3782 4486/4757/3952
f 2252/3310/2906 3473/5221/4221 920/1317/1172
f 1129/1606/1444 1131/1608/1445 3474/5222/2719
f 827/5223/1038 3475/5224/4222 3476/5225/1039
f 936/1341/1194 3207/1340/1193 3477/5226/1248
f 3478/5227/4223 2199/3233/2843 3102/4614/3863
f 3479/5228/4224 3480/5229/1699 3481/5230/2579
f 3482/5231/1933 4592/3124/2754 1998/2936/2596
f 3934/5232/4225 3933/3961/3416 4815/1716/1539
f 2097/3078/2720 1405/2045/1829 2781/4100/3526
f 97/134/107 3483/5233/3851 1069/1524/1368
f 494/703/584 2700/3977/3430 492/701/582
f 794/1124/989 697/992/862 795/1125/990
f 827/5223/1038 3484/5234/1037 2037/5235/2644
f 3485/5236/2774 1359/1976/1772 4132/5237/4226
f 3486/5238/4227 3487/5239/1304 3488/5240/4228
f 43/123/52 3489/5241/46 755/1076/45
f 4759/3394/2975 447/5118/516 2307/3392/515
f 4174/5242/4229 3176/4723/3926 2399/3538/3090
f 2684/3958/3414 2053/3007/2660 3490/5243/4230
f 2543/5096/3257 2390/3519/3075 976/5244/1249
f 3491/5245/4231 2152/3164/2784 1536/2245/1998
f 1727/2526/2239 4417/5246/4232 4224/5247/1050
f 1209/1262/1120 3492/5248/4233 884/1263/1121
f 393/5249/437 3493/5250/4234 1711/2498/2214
f 1196/698/579 4140/5251/4235 3019/4496/3781
f 3494/5252/4236 3495/5253/4237 3496/5254/4238
f 3497/5255/4239 2411/2539/2251 1738/2541/2252
f 4263/1942/1743 1332/1941/1742 1654/5256/2143
f 2601/5257/3323 4707/5258/4240 3057/4545/3821
f 1269/1836/1649 1988/2916/2581 739/1052/920
f 958/1369/1220 1445/2102/1882 3498/5259/4241
f 2075/3039/2687 3499/5260/3701 3500/5261/2555
f 1461/3245/1899 1460/5262/1898 2207/3246/2852
f 1074/1529/1373 3501/5263/4242 3502/5264/4243
f 367/521/404 1099/2150/1405 3503/5265/4244
f 3088/4593/3848 2452/5266/3150 2807/4145/3152
f 3321/4965/4079 3663/4926/4059 2934/4358/3690
f 3504/5267/4245 3505/5268/4246 459/651/532
f 3506/5269/4247 2820/4170/3566 3279/4900/4039
f 3507/5270/4248 1890/2770/2452 2940/3935/3393
f 3508/5271/3147 2070/3030/2679 1576/2297/2048
f 2534/3745/3245 1341/3744/1750 3509/5272/1752
f 2758/4066/3497 3435/5164/4171 4971/4067/3498
f 2900/4310/3661 3510/5273/4249 4667/665/546
f 547/783/662 548/785/664 3511/5274/4250
f 556/800/679 823/1167/1029 1990/2924/2586
f 1521/2224/1977 3512/5275/4251 2103/3089/2729
f 3794/2474/2195 3513/5276/4252 4149/2475/2196
f 2963/4410/3721 1859/5277/2408 3514/5278/2410
f 1104/1567/1410 3515/5279/4110 1653/2409/2142
f 3516/5280/2991 1545/2257/2010 2906/4319/3668
f 1250/1797/1612 817/1159/1022 2594/3834/3314
f 3517/5281/4253 571/818/696 2326/3425/2999
f 1907/2795/2473 2055/3009/2662 2054/3008/2661
f 1164/1663/1493 1163/1662/1492 916/1312/1167
f 3227/4816/3989 3118/4637/3880 3117/4636/3879
f 2857/4233/3610 2063/3017/2669 3518/5282/4254
f 166/226/181 165/225/180 156/209/169
f 3519/5283/1453 3520/5284/4255 3521/5285/4256
f 2816/4161/3559 3522/5286/2619 3523/5287/1349
f 4408/5288/4257 4969/5289/4187 2504/5290/3204
f 2824/4180/3571 2823/4179/3570 3524/5291/614
f 3822/3091/2731 1428/2078/1859 1430/2080/1861
f 3525/5292/4258 3526/5293/4259 4408/5288/4257
f 1081/1539/1383 1080/1538/1382 3527/5294/2988
f 2002/2942/2602 2001/2941/2601 4772/3507/1873
f 3054/4541/1619 3798/5295/4260 3229/4820/3991
f 4361/2940/2600 2530/3731/3238 2001/2941/2601
f 786/1113/978 1464/2127/1905 4093/1114/979
f 1781/2600/2308 1782/2601/606 3528/5296/2418
f 4167/4817/3990 2926/4347/3684 2473/3645/3174
f 4058/5297/4261 3529/5298/781 635/5299/780
f 4289/4570/3835 3330/4979/4085 3329/4978/4084
f 4677/5300/4262 3530/5301/4263 535/766/645
f 1498/2187/1948 4577/5302/4264 2486/3662/3187
f 2115/5303/2742 4922/1951/1749 1340/1950/1748
f 3531/5304/4265 3532/5305/2001 3533/5306/2003
f 1692/5307/2188 3901/5308/4266 3534/5309/4267
f 4835/5310/4268 3185/4740/3938 2312/3283/2882
f 3535/5311/4269 2310/3399/2978 614/876/752
f 612/5312/749 3536/5313/4270 2710/3990/3439
f 2955/3869/3343 4731/2493/2210 4058/5314/4261
f 2362/5315/3042 3537/5316/4271 3538/5317/3043
f 2624/3865/3339 2405/5318/787 640/5319/786
f 1394/2029/1815 3216/1075/942 2015/2959/2618
f 727/1037/905 3539/5320/4272 3724/1038/906
f 493/702/583 492/701/582 2600/3842/3322
f 391/554/435 2825/4181/3572 2174/3199/2813
f 1060/1513/1357 3540/5321/4273 1061/1514/1358
f 4947/2276/2029 3541/5322/4274 3542/5323/4275
f 2717/3772/3266 4536/5189/3172 1436/2086/1867
f 1993/2928/2589 2578/3813/3299 1470/2133/1911
f 1469/2132/1910 1993/2928/2589 1470/2133/1911
f 3543/5324/4276 1510/2208/1964 3544/5325/3875
f 1963/2869/2542 1742/2548/2259 3368/5046/3958
f 135/183/146 3545/5326/1326 2873/185/148
f 3546/5327/4277 3547/5328/4278 3548/5329/4279
f 3325/4970/1703 3549/5330/1704 2860/4971/2642
f 1019/1454/1300 3550/5331/3025 3960/1455/1301
f 3998/3323/2917 2602/3325/2918 3284/4905/4044
f 181/243/195 183/249/197 182/244/196
f 1988/2916/2581 1987/2915/2580 3551/5332/4280
f 702/3240/868 2135/2843/2518 1745/3241/2262
f 887/1266/1124 886/1265/1123 1053/1501/1345
f 3241/4837/4003 4907/2051/1835 817/5333/1022
f 3536/5313/4270 3552/5334/4281 2692/3969/3422
f 1042/1487/1331 1041/1486/1330 1283/1860/1670
f 1548/2260/2013 3919/5335/4282 1413/2055/1839
f 4493/2871/2543 1955/2861/2535 3314/4779/3963
f 1850/2701/2397 1852/2703/2398 3553/5336/4283
f 610/871/747 609/870/746 493/702/583
f 1457/2115/1895 880/1257/1115 1458/2116/1896
f 531/5337/639 2087/5338/2704 2789/3458/3026
f 2012/2955/2614 3283/4904/4043 4428/5339/4284
f 3554/5340/3411 3426/5147/4183 1475/2139/1915
f 3555/5341/2139 4889/550/431 4563/5342/4285
f 2295/2930/2591 1994/2929/2590 3556/5343/3029
f 3285/4907/4045 2823/4179/3570 4597/5344/4286
f 344/494/377 4815/5345/1539 1200/492/375
f 411/2732/460 1149/5346/1469 1591/2733/2065
f 4492/2523/2236 4756/5347/4287 3557/5348/4288
f 947/1357/1208 1801/2627/2333 3739/4175/3569
f 2623/3874/3348 4783/3938/3395 3392/3545/3096
f 1504/2198/1955 3558/5349/4289 4057/1555/1398
f 2557/5207/3276 3465/5206/4212 3790/5350/4290
f 2866/4252/1796 4233/4251/3621 849/1208/1070
f 1333/1943/1744 1059/1512/1356 2013/2957/2616
f 3559/5351/4291 3560/5352/3986 3561/5353/3189
f 3562/5354/4292 3245/4846/4007 3563/5355/4293
f 3966/3289/2887 2241/3291/2889 2398/5356/3089
f 3229/4820/3991 1906/2794/2472 3206/4778/3962
f 3564/5357/4294 4703/5358/4295 3565/5359/4296
f 3566/5360/4297 1840/2686/2384 1839/2685/2383
f 673/957/830 2165/3178/2797 2468/3635/3167
f 3754/4806/3982 3222/4805/3981 3213/4791/3974
f 1818/2653/2356 4876/4677/1240 972/5361/1242
f 92/127/101 98/135/108 2920/4338/3678
f 3567/5362/4298 3384/5075/4134 2204/3239/2849
f 4299/2188/1949 3544/4629/3875 3112/4628/3874
f 4336/5363/4299 3555/5341/2139 4563/5342/4285
f 3568/5364/1654 4813/5365/4300 1261/1820/1634
f 2475/3649/3175 3569/5366/4301 1219/1746/1564
f 1381/2008/1798 3570/5367/2779 398/561/442
f 2883/4280/3638 2131/846/724 2130/5368/2761
f 3571/5369/4302 1799/2625/2331 1801/2627/2333
f 4902/5060/2475 3572/5370/4303 2054/3008/2661
f 4763/5371/4304 715/1023/892 2458/3624/3157
f 2837/4199/3589 2838/4200/3590 839/1195/1057
f 4730/3037/2686 2867/5372/3577 4953/3038/932
f 900/1286/1143 606/863/739 901/1287/1144
f 4672/5373/4305 2932/4356/3688 4673/4419/3728
f 986/1413/1263 990/1418/1268 3573/5374/4306
f 4106/5375/4307 946/1356/1207 3574/5376/3992
f 2147/3156/2778 4974/2949/2608 3575/5377/4308
f 2586/3824/3308 3576/5378/4309 450/638/519
f 257/362/290 265/371/297 3255/4862/4016
f 4370/5379/4310 3577/5380/4311 1706/2489/2206
f 539/771/650 3280/4901/4040 4201/772/651
f 3115/4634/3877 3578/5381/1387 3579/5382/4062
f 132/178/143 1293/177/142 3580/5383/4312
f 3356/5018/2807 3581/5384/4313 4159/3067/2712
f 381/541/422 4820/5385/4314 3582/5386/4315
f 2651/3912/3378 867/1235/1093 3442/5174/3909
f 3583/5387/1961 3206/4778/3962 4782/1305/1160
f 2941/4371/3699 3584/5388/4316 1209/4372/1120
f 3585/5389/1779 3586/5390/4174 3336/4986/4089
f 3587/5391/4317 3588/5392/4318 3704/2896/2566
f 3589/5393/4319 3590/5394/4320 2671/3942/3399
f 2303/3386/2970 3591/5395/4321 3592/5396/4322
f 421/597/478 1476/596/477 2947/4383/3705
f 192/266/212 4149/2475/2196 3593/5397/3719
f 2515/3708/3220 1073/5398/1372 1075/3709/1374
f 3797/5399/4323 1434/5400/1865 4475/2713/2405
f 1660/2422/2153 3594/5401/4324 1661/2423/2154
f 346/497/380 4682/2121/1900 4681/4195/3585
f 3595/5402/2228 3596/5403/2230 3597/5404/1994
f 3369/5050/4118 3598/5405/4325 3766/5406/4326
f 1520/2223/1976 2104/3090/2730 3512/5275/4251
f 1339/1949/902 179/240/190 724/5407/903
f 3105/5408/3113 4896/577/458 1865/5409/2419
f 1039/1484/1329 1560/2278/2031 1550/2262/2015
f 3349/908/783 1075/1530/1374 637/909/784
f 4686/5410/4327 3656/5411/4328 4760/5412/2974
f 3599/5413/2693 1054/1502/1346 1056/1504/1348
f 3174/5414/3923 3576/5378/4309 2586/3824/3308
f 2797/4132/3543 3600/5415/1706 1610/2348/2090
f 3601/5416/3192 1684/2456/2178 2778/5417/3523
f 3970/5418/4329 2629/3882/3354 2740/4033/3473
f 1877/5419/2438 3602/5420/4330 3603/5421/4331
f 1495/5422/1943 3604/5423/4332 1411/2053/1837
f 1488/2166/1931 3605/5424/4333 1489/2167/1932
f 2355/3471/3034 4156/5425/4334 4333/4316/3666
f 621/885/761 1419/2066/1849 2381/3505/3063
f 1432/2082/1863 3368/5046/3958 1742/2548/2259
f 1765/5426/2285 828/1178/1040 3606/5427/2286
f 937/1342/1195 1011/1444/1292 2041/2995/2649
f 3605/5424/4333 2102/3087/1138 1489/2167/1932
f 3607/5428/3591 2479/3654/3179 2480/3655/3180
f 3256/4863/4017 738/1051/919 2981/2582/2292
f 3517/5281/4253 2326/3425/2999 1916/2807/2484
f 3063/4554/3451 1185/1696/1523 1446/5429/1883
f 97/134/107 1068/1523/1367 2920/4338/3678
f 3586/5390/4174 3608/5430/4335 3337/4987/4090
f 2785/4108/3530 3609/5431/4336 2661/3929/3389
f 2051/3005/2658 2053/3007/2660 2683/3957/3413
f 142/192/153 2422/3571/3116 3035/4514/3798
f 2685/3959/2424 3610/5432/4337 2298/3379/2964
f 3366/5041/2516 2219/3263/2863 1354/1968/1765
f 2945/4381/3703 1554/2266/2019 1341/4710/1750
f 4199/2407/2140 1653/2409/2142 3611/5433/3733
f 2108/3095/408 2107/3094/2734 3612/5434/4338
f 1866/2734/2420 2005/5435/2606 3613/5436/2605
f 3358/5023/4108 4918/5022/4107 3614/5437/4339
f 3615/5438/4340 3616/5439/4341 3103/4615/3864
f 1638/2387/2123 2122/2920/2584 956/1367/1218
f 1391/2025/1812 2690/4210/3420 3617/5440/4342
f 1577/4177/2050 4524/2751/2436 2848/4218/2051
f 3701/5441/4343 1672/2441/2167 1887/2766/2448
f 2695/3972/3425 3618/5442/2152 1980/2904/2572
f 2250/5443/2903 2249/3479/2902 1809/2637/2341
f 4327/4835/4002 3619/5444/4344 3620/5445/1008
f 650/925/798 575/823/701 684/975/846
f 3203/5446/3957 2226/3270/2870 2011/2954/2613
f 3384/5075/4134 3396/5094/4146 2854/4225/3605
f 2396/3534/3087 1833/2676/2375 4722/887/762
f 2619/3868/3342 3295/4918/4054 3297/4920/4056
f 3621/5447/4345 1764/2574/2284 2646/3904/3371
f 3622/5448/4346 3623/5449/4347 1820/2656/2358
f 133/174/139 4282/176/141 892/1273/1130
f 3438/5168/4193 504/720/600 503/719/599
f 4692/1785/1601 1093/5450/1397 3624/5451/4348
f 4295/2389/2125 2576/595/476 421/597/478
f 3625/5452/4349 3626/5453/4350 3627/5454/4351
f 1147/5455/1467 634/904/779 335/961/366
f 3628/5456/4352 3629/5457/2144 3630/5458/4353
f 1256/1800/1615 4807/1799/1614 3210/5459/3968
f 1121/1595/1433 3170/3316/2911 1175/1677/1507
f 384/544/425 383/543/424 3631/5460/4354
f 3632/5461/2049 4311/3419/2993 3715/5462/4355
f 4691/5463/4172 3633/5464/4356 3634/5465/4173
f 3635/5466/1273 3427/5148/4184 3636/5467/4357
f 1953/2859/2533 2721/4004/3450 667/948/821
f 1726/5208/2238 4612/5468/1276 3287/5469/4046
f 3593/4408/3719 400/563/444 821/1165/1027
f 3124/4644/3884 3637/5470/4358 4362/4688/1655
f 4578/4606/3858 3638/5471/4359 3639/5472/2323
f 3077/4577/3800 3640/5473/3783 1814/4578/2348
f 4504/5474/4360 2779/4098/3524 2162/3175/2794
f 2070/3030/2679 3508/5271/3147 3641/5475/4361
f 3642/5476/2352 549/788/667 1817/787/666
f 2034/2985/2639 4309/4053/3486 2035/2986/2640
f 2398/3536/3089 2465/3632/3165 1506/2202/1959
f 1100/1563/1406 4120/5477/4362 1444/2100/1880
f 3958/5478/4363 3643/5479/4364 3644/5480/3925
f 2114/5481/2741 4801/5482/4365 3645/5483/2592
f 3282/4903/4042 2149/3160/2781 3646/5484/4366
f 978/1404/1254 2954/4396/1664 979/1405/1255
f 3260/4368/3697 1965/2877/2548 2938/4366/3695
f 2794/5485/3538 1768/2579/2289 2703/3980/3432
f 2545/3763/3260 3002/5486/3759 766/1090/955
f 1246/1790/1606 2691/3968/3421 3682/2874/2546
f 3381/5072/4131 629/899/774 3382/5073/4132
f 3313/5487/4075 3647/5488/4367 3648/5489/4368
f 1947/2852/2526 3073/4573/3838 3075/4575/2830
f 1947/2852/2526 3075/4575/2830 1948/2853/2527
f 3912/1136/1000 3086/1135/999 3649/5490/3657
f 1636/2385/2121 2296/4092/2961 3650/5491/4369
f 3651/5492/4370 1641/2391/2127 3652/5493/4371
f 3653/5494/507 4774/5495/4372 1882/5496/2442
f 2851/4221/3601 2852/4223/3603 3654/5497/4373
f 3655/5498/4374 4892/3986/2081 4681/5499/3585
f 4216/5500/4375 3656/5501/4328 4403/5502/4376
f 1281/1857/1667 4266/4569/3834 3657/5503/4377
f 2929/4352/3685 1679/2449/2172 1678/2448/2171
f 3359/5024/4109 2663/3931/3391 1109/1576/1417
f 1098/1560/1403 3369/5050/4118 3471/5219/3533
f 3658/5504/2156 427/606/487 919/1316/1171
f 4639/5505/4378 4872/778/657 2272/3337/2928
f 438/617/498 1936/2836/2512 1935/2835/2511
f 3659/5506/1157 3639/2616/2323 1793/2618/2225
f 2738/4232/3470 470/667/548 3122/5507/3882
f 2773/5508/3518 1025/1464/1310 3660/5509/3631
f 1946/1408/1258 2228/4932/2872 980/1406/1256
f 3661/5510/4379 3892/5511/4380 2369/5512/3050
f 795/5090/990 2096/3075/2718 3393/5091/4143
f 3662/5513/4381 3226/5514/3987 3663/5515/4059
f 587/838/716 3756/5516/4382 3755/5517/4383
f 2886/4283/3641 1384/2011/1801 1383/2010/1800
f 919/1316/1171 918/1315/1170 1876/2752/2437
f 3147/4673/539 465/5518/541 3246/4847/4008
f 3442/5174/3909 867/1235/1093 3443/5175/4195
f 4499/5519/4384 2509/3697/3212 2391/5520/3076
f 3223/5521/3983 2371/3493/3052 2262/3326/2919
f 384/544/425 3664/5522/4137 4666/5523/4385
f 1874/2745/2431 3187/5524/3941 3665/5525/4386
f 2563/3789/3282 2066/3022/2674 2344/5526/3018
f 3348/5008/4101 3126/4646/3886 3160/4698/3912
f 3666/5527/3102 3431/5156/4188 3151/3261/2861
f 3667/5528/3345 3532/2248/2001 3531/5529/4265
f 3086/1135/999 236/332/270 4005/5530/3652
f 1702/2926/2201 1701/5531/2076 4652/5532/4387
f 3668/5533/4388 3409/5115/4162 1316/1918/1722
f 2680/3953/3409 3669/5534/1217 1774/5535/2299
f 3577/5380/4311 1492/2174/1937 1706/2489/2206
f 780/1106/971 1221/1749/1567 3418/5130/4170
f 3670/5536/4389 1022/1461/1307 3142/1460/1306
f 1531/2235/1988 1636/2385/2121 3671/5537/4390
f 3672/5538/4391 1036/1478/1323 942/1348/1199
f 2175/3200/2814 4445/5539/2217 4950/3198/2812
f 3673/5540/2254 3674/5541/4392 3675/5542/4393
f 1091/1552/1395 1439/2095/1875 2694/3971/3424
f 3382/5073/4132 629/899/774 628/898/773
f 4771/3355/2944 2285/3357/1495 3628/5543/4352
f 2869/4256/2179 3676/5544/1603 2552/5545/3269
f 1651/2404/2137 1410/5546/1836 4423/2405/2138
f 3231/4823/3993 3594/5401/4324 1660/2422/2153
f 2821/5547/1464 4293/5548/4394 3677/5549/3567
f 1012/1445/1293 4586/5550/2145 3678/5551/3138
f 284/404/313 1468/2131/1909 2153/3166/2785
f 2359/3475/3037 2361/3477/3039 1370/5552/1783
f 4724/3494/3053 4054/2678/2377 1939/2840/2515
f 3679/5553/4395 3294/4917/4053 3465/5206/4212
f 1173/4596/1505 1175/2970/1507 2022/2971/2626
f 3680/5554/4396 3681/5555/4397 3682/5556/2546
f 2192/3224/2834 2959/4404/3718 3020/4497/3782
f 1547/2259/2012 3043/4526/3808 3683/5557/4398
f 3661/5558/4379 2369/3491/3050 2368/3490/1813
f 3684/5559/3442 3685/5560/3717 130/172/137
f 3686/5561/4399 3687/5562/4400 4009/5563/4401
f 2488/5564/3188 3559/5351/4291 3561/5353/3189
f 3678/5551/3138 1010/1443/1291 1012/1445/1293
f 1872/2742/2428 3688/5565/2698 1363/1981/1775
f 624/893/768 3689/5566/3554 1635/2383/2120
f 2441/3594/3134 437/616/497 439/618/499
f 1978/5567/2569 3690/5568/4402 1152/1639/1473
f 4436/2598/2307 1780/2597/2306 4435/5123/4166
f 3183/5569/3936 2379/3503/3061 3433/5570/1769
f 4349/1890/1697 3691/5571/4403 3260/4368/3697
f 1161/1660/1490 3692/5572/3919 2709/3988/3437
f 1607/2020/1514 4616/2873/2545 3458/5573/4207
f 981/1407/1257 2556/3782/3275 2348/3456/3024
f 981/1407/1257 2348/3456/3024 2777/4096/3019
f 468/5574/544 2173/3196/2810 4253/3197/2811
f 3693/5575/3159 4271/5576/2713 2309/5577/2977
f 970/1389/1239 3694/5578/3263 2282/3352/2941
f 3695/5579/3258 1285/1865/1675 4176/1867/1677
f 1354/1968/1765 3696/5580/2517 3366/5041/2516
f 3697/5581/4404 3698/5582/4405 1399/2036/1820
f 3699/5583/91 100/137/105 102/139/63
f 2420/5584/3114 3105/5585/3113 1865/2731/2419
f 1454/2112/1892 3053/4539/3819 3046/4530/3811
f 3373/5054/4121 2894/4296/3650 2893/4295/3649
f 2240/3290/2888 3966/3289/2887 4633/5586/4406
f 3700/5587/4407 2780/4099/3525 1518/2220/1973
f 2943/4377/3700 3499/4378/3701 2075/5588/2687
f 3701/5589/4343 3702/5590/4408 380/540/421
f 4836/1336/1190 3183/5591/3936 876/5592/1107
f 3703/5593/4409 3670/5536/4389 2657/5594/3383
f 4070/4050/3484 3704/5595/2566 4354/4051/2565
f 3579/4931/4062 1083/1543/1386 3434/5163/4190
f 987/1922/1264 906/1294/1150 1292/5596/1691
f 2838/4200/3590 1493/2175/1938 1492/2174/1937
f 1263/1822/1636 713/1018/887 4240/1823/1637
f 1419/2066/1849 1833/2676/2375 1062/1515/1359
f 3285/4907/4045 3705/5597/4410 2823/4179/3570
f 1599/5598/2075 1338/1948/1151 3706/5599/4411
f 3273/4887/4035 8/10/8 9/11/9
f 791/4028/985 3707/5600/4412 2290/3368/2956
f 2277/3345/2934 2279/3347/2936 4071/4594/3849
f 1442/2098/1878 1869/2739/2425 2672/3943/3400
f 1431/2081/1862 1433/2083/1864 3218/1803/1618
f 3603/5421/4331 1406/2046/1830 3057/4545/3821
f 3250/4853/1474 3708/5601/3906 3554/3955/3411
f 1646/2396/1969 4295/2389/2125 1640/2390/2126
f 1863/2015/1805 1386/2014/1804 3709/5602/1237
f 2536/5603/3247 3710/5604/4413 1380/2007/1797
f 4376/2439/2165 1672/2441/2167 3701/5441/4343
f 3711/5605/4414 3345/4998/3045 4713/2876/2547
f 4957/3750/3250 430/609/490 2029/2979/2633
f 3712/5606/4415 4063/4944/4069 3713/5607/4416
f 1293/1884/142 892/1273/1130 655/930/803
f 3158/4695/3911 3159/4697/3683 834/1186/1048
f 773/1098/963 1078/1534/1378 789/1118/983
f 3364/12/10 6/8/7 977/1400/1250
f 4906/4633/827 1514/2213/1967 4620/2212/814
f 1052/1500/1344 2460/3627/3160 887/1266/1124
f 3714/5608/4417 3715/5609/4355 2033/2984/2638
f 3716/5610/1680 3717/5611/4418 3718/5612/1681
f 3488/5240/4228 3211/4787/3970 3486/5238/4227
f 2593/5613/1939 2594/5614/3314 268/380/301
f 3719/5615/4419 376/535/416 4888/5616/4420
f 2006/2948/2607 2754/4060/2604 3720/5617/4018
f 4444/3277/2876 2232/3276/2875 3721/5618/877
f 2041/2995/2649 3722/5619/4421 3548/5329/4279
f 4310/2125/1903 4761/5620/4422 3540/5621/4273
f 4893/5622/3461 4763/5623/4304 3849/5624/4423
f 1076/1532/1376 3723/5625/4424 1077/1533/1377
f 3023/4501/3786 2031/5626/2636 3454/5192/2635
f 2848/5627/2051 2106/5628/2733 4860/5629/4425
f 592/844/722 720/1028/897 1511/2209/1965
f 3724/5630/906 3725/5631/4426 2933/5057/3689
f 3312/4950/4073 4163/1490/1334 3767/4951/4074
f 391/554/435 2174/3199/2813 3726/5632/2803
f 2908/4323/3671 2397/5633/3088 2909/4324/3672
f 2339/3445/3013 1592/2319/2066 1148/1632/1468
f 2419/5634/3112 3103/4615/3864 3105/4618/3113
f 2039/2993/2647 2953/4395/3712 2040/2994/2648
f 1010/1443/1291 1829/5635/2371 3722/5619/4421
f 556/800/679 2638/799/678 823/1167/1029
f 3727/5636/4427 3035/4514/3798 3728/5637/4428
f 542/2197/655 3262/5638/654 3189/5639/3946
f 1435/3185/1866 1687/2461/2183 775/1100/965
f 2608/3852/3329 1009/1442/1290 3042/4524/3806
f 3308/4945/4070 3001/4468/3758 3000/4467/3757
f 1541/2252/2005 1523/2226/1979 1522/2225/1978
f 4582/5640/4429 3729/5641/4430 1294/1885/1692
f 4360/5642/4431 4068/2612/2319 2626/3877/3350
f 2398/5356/3089 701/997/867 700/996/866
f 2119/3531/2747 3730/5643/4432 4515/5644/4433
f 1823/4807/2364 3731/5645/4434 3223/4808/3983
f 528/756/636 2275/5646/2932 1105/1568/1411
f 2948/4384/3706 3732/5647/4435 2949/4385/3707
f 4213/5648/4436 2552/5545/3269 3733/5649/2282
f 2300/5650/2967 3734/5651/4437 3735/5652/1826
f 2829/4185/3576 1075/3709/1374 3349/5009/783
f 2489/5653/1352 3736/5654/4438 3421/5138/4177
f 1139/1621/1457 3450/5186/4202 3737/5655/2497
f 3738/5656/1526 1139/1621/1457 3737/5655/2497
f 3580/5657/4312 656/931/804 4491/5658/2117
f 3739/5659/3569 3740/5660/4439 1750/2556/2267
f 2244/2367/2105 2936/4364/3693 719/1027/896
f 3479/5228/4224 3741/5661/4440 4671/538/419
f 902/1289/1146 1006/1438/1286 2540/3752/3252
f 79/106/87 78/105/86 4753/822/700
f 3367/5043/4115 1752/2558/2269 2217/3258/2860
f 1972/2886/2556 3742/5662/3010 3440/2887/2557
f 4556/5663/4441 3743/5664/3334 2614/5665/3335
f 3015/4486/3774 2571/5666/3291 3874/5667/4442
f 2777/4096/3019 2348/3456/3024 2087/5338/2704
f 1873/5668/2429 4568/4168/3564 3085/4588/3027
f 1726/5208/2238 3287/5469/4046 3289/5669/4048
f 760/1082/947 2255/3054/2700 2256/4456/2909
f 1348/1961/1758 3744/5670/4443 2339/5671/3013
f 1810/2638/2342 4960/5672/4444 3266/4876/4026
f 780/1106/971 782/1108/973 3745/5673/4445
f 2287/3361/2949 2374/4428/3056 4817/5674/4446
f 2555/5675/3274 4675/5676/4447 3550/5331/3025
f 127/168/133 3746/5677/4448 1294/1885/1692
f 2446/3606/2672 3747/5678/1920 258/363/291
f 4589/5679/1538 3376/5062/4124 4419/1275/1132
f 781/1107/972 3128/4648/3888 782/1108/973
f 346/497/380 3655/5498/4374 3748/5680/2632
f 345/495/378 346/497/380 3748/5680/2632
f 502/5681/597 1802/5682/596 3749/5683/1427
f 1237/1774/1590 4426/5684/4449 1562/1775/1591
f 1998/2936/2596 2086/3125/2703 3750/5685/1294
f 466/661/542 468/663/544 3837/5686/4450
f 3751/5687/4451 3752/5688/1499 3753/5689/4452
f 3125/4645/3885 3754/5690/3982 1647/3116/2132
f 4428/5339/4284 3552/5334/4281 3536/5313/4270
f 3755/5691/4383 3756/5692/4382 1854/2705/2400
f 554/796/675 3757/5693/4453 555/797/676
f 3255/4862/4016 265/371/297 453/641/522
f 2409/3551/3099 3758/5694/4454 2408/3550/3098
f 3759/5695/4455 797/1128/992 895/1279/1136
f 4925/5696/4456 1699/2478/2199 2154/3167/2786
f 4937/5697/4457 1481/2153/1923 3841/1999/1789
f 3626/5453/4350 3625/5452/4349 3760/5698/4458
f 4917/1591/1429 3761/5699/4459 3144/3757/3255
f 650/925/798 684/975/846 3762/5700/4460
f 3763/5701/4461 3764/5702/4462 2167/3184/2801
f 1473/2136/1914 2902/4313/3663 1892/2775/2456
f 4763/5703/4304 1764/2574/2284 3621/5447/4345
f 677/963/835 3765/5704/4463 678/964/836
f 4746/3712/1164 4442/3711/3221 3467/5705/4214
f 1871/5706/2427 1815/2645/2349 2508/2647/2351
f 3011/5707/3767 2684/3958/3414 3490/5243/4230
f 3766/5708/4326 3637/5470/4358 3348/5008/4101
f 3313/5487/4075 3767/5709/4074 3647/5488/4367
f 3641/5475/4361 2071/3031/2680 2070/3030/2679
f 1238/1776/1592 2140/3144/2769 1885/2764/2446
f 1196/1710/579 1506/2202/1959 2466/3633/580
f 3614/5710/4339 3768/5711/4464 4259/5712/4465
f 566/812/690 3825/5713/4466 565/810/688
f 3678/3598/3138 1280/1856/1666 4617/2611/2318
f 3769/5714/4467 3481/5230/2579 1800/2626/2332
f 3296/4919/4055 2713/3995/3443 3770/5715/4468
f 1938/2839/2514 1933/2828/2505 1212/4936/1553
f 3254/4859/1941 1213/4858/1554 3771/5716/4469
f 3198/4762/3955 890/1271/1128 4923/1270/1127
f 3772/5717/3290 2551/3775/3268 2550/3774/3267
f 2942/3362/2950 3773/5718/4470 353/504/387
f 840/5719/1058 2898/5006/3659 4277/5005/4100
f 637/909/784 194/271/217 3774/5720/4471
f 2055/3009/2662 1907/2795/2473 1377/2003/1793
f 3775/5721/4472 3776/5722/2231 3777/5723/4473
f 3573/5374/4306 990/1418/1268 2598/3840/3320
f 4955/790/669 3778/5724/4474 3534/5309/4267
f 3779/5725/4475 2593/3833/1939 3086/4589/999
f 3780/5726/4476 3781/5727/4477 3782/5728/4478
f 2239/3288/2886 2238/3287/2885 3424/5145/4181
f 2578/3813/3299 1373/3893/1786 500/713/593
f 1284/1862/1672 4200/1864/1674 4504/5474/4360
f 1286/1869/1678 3420/5136/4175 3783/5729/4479
f 1792/2617/2324 3639/2616/2323 4308/1578/1419
f 2985/4446/3745 3784/5730/3479 2986/4447/3746
f 3785/5731/4480 910/1300/1155 2771/4087/3515
f 3375/2237/1990 58/76/67 60/78/69
f 1582/2306/2055 2386/3515/3071 3687/5562/4400
f 3600/1902/1706 2797/5732/3543 2119/3531/2747
f 3786/5733/4481 2801/4137/3547 2800/4136/3546
f 1413/2055/1839 574/5734/699 4393/2056/612
f 1379/2005/1795 4853/1063/930 2867/4186/3577
f 3787/5735/2942 3694/3766/3263 2724/5736/3455
f 1586/2313/2061 3788/5737/4482 1584/2311/2059
f 2591/3829/3313 4107/1456/1302 685/976/847
f 3789/5738/4483 2049/3003/2656 2048/3002/2655
f 3311/4949/1581 828/1178/1040 1765/5426/2285
f 3790/5739/4290 3791/5740/4484 2558/3784/3277
f 2557/3783/3276 3790/5739/4290 2558/3784/3277
f 3403/5104/4154 880/1257/1115 1457/2115/1895
f 2016/2961/2620 2552/5545/3269 4213/5648/4436
f 3628/5741/4352 2799/4135/3545 3629/5742/2144
f 3792/5743/4485 3393/5091/4143 1241/1781/1597
f 2932/4356/3688 3793/5744/4486 2261/4107/2916
f 675/5745/832 4925/5696/4456 2894/4296/3650
f 3794/5746/2195 3795/5747/1661 3127/4647/3887
f 2386/3515/3071 870/1240/1098 1984/2909/2577
f 3273/4887/4035 3436/5166/4191 4602/5748/4487
f 3796/5749/4488 1758/2565/2275 3431/5156/4188
f 1434/5750/1865 3797/5751/4323 3913/5752/4489
f 1268/1834/1647 2440/3593/3133 2878/4273/3634
f 1750/2556/2267 3740/5660/4439 1751/2557/2268
f 3499/4378/3701 3302/4930/4061 1972/3605/2556
f 2860/4242/2642 337/486/369 2659/2804/2482
f 1585/2312/2060 3662/5513/4381 1586/2313/2061
f 1974/2892/2562 1727/5753/2239 4859/1187/1049
f 4106/5375/4307 3574/5376/3992 3798/5754/4260
f 2256/5755/2909 3799/5756/1147 3800/5757/2947
f 2256/5755/2909 3800/5757/2947 3801/5758/4490
f 3651/5492/4370 1642/2392/2128 1641/2391/2127
f 250/349/283 2719/4001/3447 263/368/295
f 917/1313/1168 916/1312/1167 3464/5205/4211
f 3415/1870/1679 3802/5759/4491 3803/5760/4492
f 3708/4680/3906 1018/4165/1299 2819/4167/3563
f 3804/5761/4493 2922/4341/3679 3805/5762/4494
f 3806/5763/3916 3807/5764/3815 3808/5765/4495
f 1573/2293/2045 350/501/384 2394/3527/3082
f 3809/5766/4496 852/1211/1073 1757/2563/2273
f 1423/2072/1854 2415/3561/3108 1656/2414/2147
f 3204/4775/3959 1963/4940/2542 3368/4773/3958
f 3810/5767/4497 3811/5768/4498 3567/5362/4298
f 1452/2109/1889 1451/2108/1888 3812/5769/4499
f 3759/5695/4455 796/1126/991 797/1128/992
f 2281/3351/2940 3813/5770/3985 1207/5771/1548
f 785/1111/976 2751/4054/3487 783/1109/974
f 2051/3005/2658 3808/5765/4495 1629/2374/2111
f 732/1044/912 3529/906/781 2433/3586/3128
f 3467/5210/4214 2732/4111/3463 2227/3271/2871
f 3650/5491/4369 3814/5772/4500 3671/5537/4390
f 3457/5198/4206 3815/5773/4501 3263/4873/4023
f 2845/4214/3597 2844/4213/3596 4556/5663/4441
f 3816/5774/4502 3494/5252/4236 3817/5775/4503
f 3060/4550/3824 2858/4235/3611 674/4234/831
f 342/491/374 1435/2085/1866 340/489/372
f 3818/5776/4504 3819/5777/3578 3820/5778/3325
f 2565/1825/1639 3821/5779/4505 3822/5780/2731
f 3823/5781/4506 1490/5782/1934 3824/5783/4507
f 3825/5784/4466 3780/5726/4476 565/5785/688
f 1125/1600/1438 1124/1599/1437 2247/3302/2899
f 3524/5291/614 3705/5597/4410 1015/5786/1296
f 1568/2287/2039 3826/5787/4508 3827/5788/4509
f 2525/5789/3232 2281/3351/2940 1207/5771/1548
f 4716/5790/4510 3579/5382/4062 3434/5791/4190
f 1608/2346/2088 1479/2144/1918 2759/4068/3499
f 4023/5792/4511 4594/3644/3173 3651/5492/4370
f 1893/5793/2458 1894/5794/2459 4539/4231/3609
f 3047/5795/3812 4122/5796/4512 3828/5797/4513
f 3754/4806/3982 3213/4791/3974 425/604/485
f 823/1167/1029 2638/799/678 385/545/426
f 3337/4987/4090 3829/5798/466 3338/4988/3654
f 1903/2254/2007 3830/5799/3170 1543/2255/2008
f 3122/4642/3882 4398/4072/3502 2760/4071/3501
f 2034/2985/2639 783/1109/974 2751/4054/3487
f 1364/1982/672 1363/1981/1775 3688/5565/2698
f 404/4735/449 403/4320/448 3049/4534/3814
f 2114/5481/2741 1046/1494/1338 4801/5482/4365
f 2564/4730/3283 2105/5800/2732 992/1420/1270
f 850/1209/1071 852/1211/1073 3809/5766/4496
f 4951/3671/3193 3831/5801/4514 940/5802/1198
f 2450/3611/3148 4718/4146/3552 2071/3612/2680
f 2298/3379/2964 3832/5803/4515 2641/3898/3365
f 1526/3641/1982 3520/5804/4255 4536/3642/3172
f 1680/2450/2173 3355/5017/4105 3833/5805/4516
f 2109/3096/2735 2110/3098/2737 4124/5806/4517
f 3663/5515/4059 3834/5807/2246 3300/5808/4060
f 1300/1893/1700 364/518/401 366/520/403
f 2745/3733/3240 3835/5809/4518 2531/3734/3241
f 3062/4553/3827 1845/2693/2390 1185/1696/1523
f 3231/4823/3993 1150/1636/1472 3594/5401/4324
f 3836/5810/2449 1538/5811/2000 3599/5413/2693
f 3139/4662/3898 2436/3589/3129 2438/3591/3131
f 892/1273/1130 3326/4974/4082 655/930/803
f 3837/5812/4450 1698/2477/2198 4924/2476/2197
f 1687/2461/2183 1686/2460/2182 776/1101/966
f 4704/4860/4015 3838/5813/3532 2349/5814/3030
f 3839/5815/4519 1155/1652/1482 3776/2518/2231
f 3840/5816/4520 3841/5817/1789 651/926/799
f 2124/3120/1574 3474/5222/2719 2125/3121/2751
f 3180/4731/3932 3842/5818/4521 3843/5819/4522
f 2590/3828/3312 2456/3622/3155 3844/5820/4523
f 3845/5821/4524 1682/2454/2176 1684/2456/2178
f 2590/3828/3312 3844/5820/4523 635/5822/780
f 3773/5718/4470 1835/5823/2379 351/502/385
f 467/662/543 2047/3001/2654 3133/2199/1956
f 3150/4678/3905 1297/1888/1695 3846/5824/4525
f 3963/850/728 3847/5825/4526 595/851/729
f 4158/3716/3223 2066/3022/2674 2065/3021/2673
f 3848/5826/4527 3767/5709/4074 4164/5827/4528
f 3800/5757/2947 4088/5828/4529 4732/2494/2211
f 3849/5829/4423 3621/5447/4345 3723/5625/4424
f 2137/3141/2766 2903/4314/3664 3984/4292/3646
f 2588/3826/3310 2590/3828/3312 636/5830/782
f 3148/4674/1671 3570/5367/2779 1381/2008/1798
f 510/730/610 2949/4385/3707 511/731/611
f 887/1266/1124 2460/3627/3160 444/5831/512
f 478/679/560 3850/5832/4530 2689/3966/3419
f 3056/4544/3341 3055/4543/3820 4071/5833/3849
f 1283/1860/1670 2468/3635/3167 2164/3177/2796
f 141/190/152 3035/4514/3798 3851/5834/3698
f 3852/5835/4531 3255/4862/4016 453/641/522
f 4706/5836/3305 3853/5837/4532 3420/5136/4175
f 2988/4449/2421 3362/5035/4112 3854/5838/4533
f 3855/5839/4534 2988/4449/2421 3854/5838/4533
f 915/5840/1165 4746/3712/1164 3467/5705/4214
f 2521/3720/3227 1367/1985/1777 2522/3721/3228
f 2944/4379/3702 1247/1792/367 669/950/823
f 1071/1526/1370 1533/2238/1991 1072/1527/1371
f 1055/1503/1347 3395/5093/4145 4874/5841/4535
f 1359/1976/1772 3027/5842/3790 4132/5237/4226
f 1312/1914/1718 4226/1913/1717 3253/1733/1552
f 561/806/684 731/1043/911 3235/4830/3998
f 1581/2305/2054 2387/3516/3072 1582/2306/2055
f 2703/3980/3432 2302/3385/2969 3856/5843/3539
f 1462/2123/1901 4310/2125/1903 3540/5621/4273
f 463/655/536 2705/3982/3434 2994/4460/3752
f 1473/2136/1914 1472/2135/1913 2902/4313/3663
f 3496/5254/4238 3857/5844/4536 1277/1851/1662
f 3858/5845/588 398/5846/442 2148/5847/2780
f 3678/5551/3138 1829/5635/2371 1010/1443/1291
f 4852/1156/1019 1527/5848/1983 3859/5849/2058
f 2634/3888/3358 621/5850/761 1343/4360/1753
f 2708/5851/3436 4681/5852/3585 1099/1562/1405
f 3860/5853/1353 2489/5653/1352 710/1015/884
f 4106/5375/4307 454/5854/526 946/1356/1207
f 3173/4716/3922 1973/2890/2560 803/1137/1001
f 2165/3178/2797 675/959/832 3861/5855/4537
f 2230/3274/2874 2856/4228/3119 2855/4227/3607
f 3381/5072/4131 1735/2536/2248 4866/5856/4538
f 1428/2078/1859 1362/1980/1774 1429/2079/1860
f 1717/4392/2220 1825/2668/2368 4100/4393/453
f 350/501/384 349/500/383 2203/4592/2848
f 3435/5164/4171 3634/5465/4173 3198/5165/3955
f 261/366/293 1378/4444/1794 266/372/298
f 347/498/381 1772/2588/2297 348/499/382
f 3862/5857/4539 3863/5858/4540 415/587/468
f 3864/5859/4009 4355/2897/2567 1355/1969/1766
f 3366/5041/2516 1044/5111/1333 4714/5042/4114
f 3742/5662/3010 885/5860/1122 4197/5861/4541
f 2341/3447/3015 2428/5862/3122 4818/5863/4542
f 1812/2640/2344 3865/5864/4543 1266/1828/1642
f 3866/5865/4544 2089/3061/2706 3867/5866/4545
f 3047/5795/3812 4123/5867/3630 4122/5796/4512
f 3868/5868/4546 3130/4650/3890 3869/5869/3969
f 3870/5870/1808 3458/5199/4207 2677/5871/3406
f 3871/5872/4547 3872/5873/4548 3293/4916/4052
f 921/1319/1174 3657/5503/4377 3449/5185/4201
f 1366/689/570 433/612/493 486/690/571
f 2358/4275/3036 2879/4274/3635 3873/5874/2077
f 3874/5875/4442 3615/5438/4340 3103/4615/3864
f 3875/5876/3081 82/112/92 103/143/66
f 3827/5877/4509 4686/5410/4327 3876/5878/4549
f 3640/4498/3783 3877/5879/4550 3021/4499/3784
f 1101/1564/1407 4554/5880/4551 4834/5881/4178
f 3736/5882/4438 1101/1564/1407 4834/5881/4178
f 3793/5744/4486 4446/4355/3687 2333/3433/3005
f 194/271/217 196/273/219 2541/3754/3254
f 194/271/217 2541/3754/3254 1389/2022/1809
f 69/90/77 62/80/71 79/106/87
f 2292/3371/2959 3995/5883/2646 4435/5123/4166
f 2454/3617/3153 3040/4521/3803 3039/4520/3802
f 606/863/739 3518/5282/4254 4842/864/740
f 1393/2028/1436 3216/1075/942 1394/2029/1815
f 3878/5884/4552 519/744/624 2658/3923/3385
f 3879/5885/4553 3880/5886/4554 353/504/387
f 3881/5887/1940 3253/1733/1552 3254/5888/1941
f 2584/3819/3304 2108/525/408 370/524/407
f 2694/3971/3424 951/1361/1212 116/157/122
f 992/1420/1270 4285/5889/4555 737/1049/917
f 3867/5866/4545 3495/5253/4237 3882/5890/4556
f 3017/4488/3776 2579/3814/3300 3883/5891/4557
f 3924/5892/4558 2977/4434/3736 3884/5893/3253
f 3885/5894/4559 2203/3238/2848 3886/5895/4560
f 3654/5497/4373 1799/2625/2331 3887/5896/4561
f 813/1153/1016 442/3648/509 4668/2727/2416
f 1145/1627/1463 820/1163/1026 2126/3123/2753
f 3828/5797/4513 2375/3499/3057 4938/590/471
f 3888/5897/4562 830/1180/1042 3115/4634/3877
f 1276/1849/1660 3857/5844/4536 3889/5898/3083
f 1184/5899/1520 623/890/765 4564/2165/1930
f 2634/3888/3358 1343/4360/1753 959/1373/1223
f 1326/1933/1734 3890/5900/4563 1133/5901/1448
f 1326/5902/1734 1133/1611/1448 2581/3816/1735
f 4436/5903/2307 4575/4793/3975 523/4794/628
f 3891/5904/4564 2895/4297/3651 829/1179/1041
f 3892/5905/4380 2351/3465/3031 3893/5906/4565
f 3894/5907/4566 1269/1836/1649 1194/1708/1532
f 745/1061/928 3895/5908/4567 746/1062/929
f 3091/4600/3852 3173/4716/3922 803/1137/1001
f 2465/5007/3165 2898/5006/3659 4871/5909/2625
f 3896/5910/1169 1612/2708/2092 2795/4130/3541
f 4575/4793/3975 4552/5911/4568 1335/1945/1745
f 3608/5430/4335 1379/2005/1795 3897/5912/4569
f 912/1303/1158 3659/1302/1157 1262/1821/1635
f 2059/3013/2666 1890/2770/2452 1889/2769/2451
f 1236/1773/1589 2059/3013/2666 1889/2769/2451
f 3898/5913/4570 1805/2633/2337 3899/5914/1375
f 1838/2684/2382 1837/2683/2381 1942/2846/2521
f 886/1265/1123 3918/5915/4571 3365/5040/4113
f 3174/4717/3923 1904/5916/2470 4793/5917/4572
f 2319/5918/2987 2549/3771/3265 1285/1865/1675
f 4470/3083/2724 2417/5919/3110 2998/1308/1163
f 4788/1338/1192 935/1337/1191 3900/5920/4573
f 399/707/443 398/5921/442 3858/708/588
f 3128/4648/3888 4901/4483/3771 3129/4649/3889
f 3901/5922/4266 1694/2469/2190 3238/1206/1068
f 3841/1999/1789 4884/1680/1510 4839/1682/1512
f 2798/2088/1869 2904/4315/3665 3730/5643/4432
f 3902/5923/4574 1953/2859/2533 1043/1488/1332
f 474/4148/553 2808/4150/3553 3903/5924/4575
f 3466/5209/4213 1726/5208/2238 3289/5669/4048
f 3663/4926/4059 3321/4965/4079 3320/4964/4078
f 4070/4909/3484 4585/5925/4576 3285/4907/4045
f 2926/4347/3684 3353/5013/4104 3904/5926/4577
f 2817/4162/3560 3501/5263/4242 1021/1459/1305
f 3845/5821/4524 3463/5204/4210 1682/2454/2176
f 3286/5927/2745 2117/5928/2744 3588/5392/4318
f 1547/2259/2012 1605/1683/1513 1088/1549/1392
f 630/5929/775 3905/5930/3294 3906/5931/3945
f 4123/4561/3630 3304/4560/3830 3907/5932/4578
f 3532/2248/2001 932/1330/1184 1539/2249/2002
f 3742/3438/3010 1208/1728/1549 885/1730/1122
f 2316/3407/2984 4765/5933/4579 4916/5934/4580
f 1198/1714/1537 1339/1033/902 4845/1032/901
f 2686/3960/3415 3100/3962/2074 1701/2480/2076
f 338/487/370 333/481/364 3908/5935/4581
f 2765/4079/3509 2764/4078/3508 3734/5651/4437
f 1775/2591/2300 3909/5936/4582 1774/2590/2299
f 509/5937/608 3910/5938/609 4702/1493/1337
f 3091/4600/3852 803/1137/1001 805/1139/1003
f 127/168/133 1294/1885/1692 128/169/134
f 541/774/653 3079/5939/3840 3911/5940/4583
f 772/1097/962 1907/2795/2473 3572/5370/4303
f 4005/5530/3652 242/338/276 3912/5941/1000
f 1450/5942/1887 2768/4188/3512 3819/4187/3578
f 1434/3183/1865 3913/5943/4489 2167/3184/2801
f 1892/2775/2456 4230/2774/2455 1473/2136/1914
f 4550/940/813 3914/5944/3449 4620/941/814
f 4412/5945/4584 4832/4568/3833 1892/2775/2456
f 1827/2670/2369 3915/5946/4585 3374/5055/4122
f 4956/5947/3715 1536/2245/1998 1538/2247/2000
f 3916/5948/4586 893/1274/1131 3917/5949/4587
f 376/535/416 607/868/744 4888/5616/4420
f 4869/4886/4034 3918/5950/4571 446/633/514
f 573/820/698 574/821/699 3919/5951/4282
f 1397/2034/1818 3920/5952/4588 3862/5857/4539
f 3003/4470/3760 2510/3698/3213 3004/4471/3761
f 4201/772/651 3280/4901/4040 3921/5953/4589
f 3454/5192/2635 589/840/718 3023/4501/3786
f 3922/5954/4590 3522/5286/2619 2815/4160/3558
f 3995/2992/2646 832/1182/1044 3996/3799/3287
f 3923/5955/4591 2628/3881/3353 2630/3883/3355
f 1344/1956/1754 2381/3505/3063 3924/5956/4558
f 2907/4322/3670 3527/3412/2988 1956/2862/2536
f 1883/2761/2443 3925/5957/4592 4973/2762/2444
f 3926/5958/2711 2966/4414/3724 2323/3422/2996
f 2125/3121/2751 3785/5731/4480 2123/3119/2750
f 2738/5959/3470 3121/4641/3881 2079/3044/2692
f 3455/2919/2583 1230/1764/1582 1424/2073/1652
f 2826/4182/3573 4914/5960/4593 3952/622/503
f 3364/12/10 977/1400/1250 3927/5961/2346
f 2027/2976/2630 3511/5274/4250 2028/2977/2631
f 3135/4657/3894 1716/2506/2219 4929/4149/3214
f 2439/3592/3132 569/816/694 1915/2806/2483
f 4695/5962/4594 788/1117/982 4696/1116/981
f 3928/5963/4595 3117/4636/3879 4858/2465/2186
f 3929/5964/4596 3930/5965/4597 4117/1779/1595
f 3757/5966/4453 3931/5967/4598 4835/5310/4268
f 371/264/210 192/266/212 3593/5397/3719
f 972/5361/1242 4469/2651/2354 1818/2653/2356
f 1704/580/461 1703/5968/2204 412/581/462
f 686/978/849 3932/5969/4599 725/1035/904
f 3533/2250/2003 1539/2249/2002 4633/5586/4406
f 1049/1497/1341 3933/5970/3416 3934/5971/4225
f 3089/4595/3850 2022/2971/2626 3935/5972/4600
f 2591/3829/3313 1019/1454/1300 4107/1456/1302
f 868/1238/1096 4885/2581/2291 3936/5973/3064
f 3937/5974/4601 722/1030/899 721/1029/898
f 2751/4054/3487 772/1097/962 3938/5975/4602
f 3939/5976/4603 3589/5393/4319 2671/3942/3399
f 3466/5209/4213 1974/2892/2562 1976/2894/2564
f 1517/2219/1972 1516/2218/1971 1724/5977/2234
f 3940/5978/3779 991/1419/1269 2656/3919/3382
f 1901/2788/2468 1180/1688/1227 1182/1690/1519
f 3941/5979/4604 1739/2542/2253 1314/1916/1720
f 3115/4634/3877 2896/4299/3653 3578/5381/1387
f 2604/5980/3324 3942/5981/4605 3820/5778/3325
f 2711/3992/3440 4802/2922/1690 1989/2921/2585
f 3550/5331/3025 4675/5676/4447 3960/1455/1301
f 705/1004/874 3786/5733/4481 1409/2050/1834
f 949/1359/1210 1778/2595/2304 3428/5149/4185
f 4962/1492/1336 3943/5982/4606 2627/3878/3351
f 2153/5983/2785 672/956/829 671/955/828
f 3944/5984/4607 3312/4950/4073 3945/5985/4608
f 2963/4410/3721 3582/5386/4315 1859/5277/2408
f 740/1053/921 3199/4763/954 4180/4765/3956
f 3950/5986/4609 2680/3953/3409 1774/5535/2299
f 856/1216/1078 3946/5987/4610 857/1217/1079
f 4450/3553/3101 3996/3799/3287 963/1379/1229
f 2196/3229/2839 3452/5070/4129 845/1203/1065
f 1895/2659/2361 4843/5988/4611 3174/4717/3923
f 2/3/3 571/818/696 570/817/695
f 3526/5293/4259 3947/5989/4116 2409/3551/3099
f 3832/5803/4515 3855/5839/4534 3854/5838/4533
f 1717/4392/2220 3948/5990/4077 1825/2668/2368
f 3624/5451/4348 1092/3811/1396 4809/2566/2276
f 678/964/836 3765/5704/4463 4676/1402/1252
f 2977/4434/3736 3949/5991/4612 3884/5893/3253
f 3950/5992/4609 3951/5993/3602 4715/5994/3924
f 2401/3540/3092 3812/5769/4499 3816/5774/4502
f 1710/2497/504 3952/5995/503 1711/2498/2214
f 2010/2953/2612 4777/5996/3544 2011/2954/2613
f 2774/4091/3519 2892/4294/3648 3814/5772/4500
f 2537/3748/3248 3953/5997/4613 2247/3302/2899
f 4602/5748/4487 5/7/6 8/10/8
f 1816/2646/2350 2585/5998/3307 3954/5999/4614
f 409/576/457 408/575/456 4813/5365/4300
f 3955/6000/4615 3956/6001/3967 1327/1935/1736
f 4916/5934/4580 1943/6002/2523 4933/3406/2983
f 3833/5805/4516 3420/6003/4175 3419/1535/1379
f 3746/5677/4448 127/168/133 3388/5081/4138
f 603/4069/737 378/6004/418 3957/6005/469
f 1278/1853/1663 761/6006/948 3801/5758/4490
f 1839/2685/2383 1463/2126/1904 526/754/634
f 4006/4750/3947 4017/6007/4616 3436/5166/4191
f 1216/784/663 547/783/662 2716/3998/3445
f 1927/2818/2495 3958/6008/4363 1404/2044/1828
f 3959/6009/4617 2358/3474/3036 1730/2530/2242
f 144/6010/156 2425/3574/155 4884/1680/1510
f 3960/6011/1301 4796/6012/4618 3961/6013/4619
f 968/1384/1234 1575/6014/2047 966/1382/1232
f 4647/1200/1062 873/4844/1102 3244/4843/4006
f 140/191/151 2999/4436/3738 2481/3657/3182
f 2/3/3 1620/2361/2100 1622/2363/2102
f 4003/6015/4620 2220/6016/2864 3078/6017/3839
f 409/5049/457 4959/5048/4117 3962/6018/413
f 1507/2203/1960 3467/5705/4214 4442/3711/3221
f 2500/786/665 1558/2273/2026 4302/4344/3682
f 2064/3019/2671 3982/3018/2670 3963/6019/728
f 3964/6020/3656 4749/1471/1316 125/166/131
f 2997/4463/3755 4360/5642/4431 2626/3877/3350
f 3869/5869/3969 3965/6021/1485 3868/5868/4546
f 3378/5067/4127 1857/2709/2403 4781/6022/4621
f 3916/5948/4586 3917/5949/4587 2836/4198/3588
f 3966/6023/2887 1505/2201/1958 3967/6024/4622
f 3968/6025/4623 3969/6026/4624 851/1210/1072
f 3970/6027/4329 2740/6028/3473 3139/4662/3898
f 3286/4908/2745 3285/4907/4045 4597/5344/4286
f 3766/5708/4326 3348/5008/4101 3471/4121/3533
f 1008/1440/1288 2608/3852/3329 4316/4790/3973
f 572/819/697 2453/3615/3151 731/1043/911
f 2486/3662/3187 794/1124/989 1498/2187/1948
f 1829/5635/2371 3971/6029/4625 3548/5329/4279
f 1933/2828/2505 3972/6030/4626 4534/4937/4065
f 395/558/439 394/557/438 2731/6031/3462
f 731/1043/911 3064/4555/3828 2970/2750/2435
f 236/332/270 3912/1136/1000 268/3072/301
f 4729/6032/4627 3664/5080/4137 3387/5079/4136
f 1562/2280/1591 1034/1476/1321 1563/2281/2033
f 3973/6033/4628 3381/5072/4131 4866/5856/4538
f 3652/6034/4371 3842/5818/4521 3974/6035/4629
f 4861/3280/2879 2234/3282/2881 2436/3589/3129
f 3380/5071/4130 1077/1533/1377 3975/6036/4630
f 215/306/248 2340/3446/3014 617/881/757
f 3114/4632/3876 3976/6037/3256 3596/2517/2230
f 1886/2765/2447 765/1087/952 4965/6038/4631
f 3126/4646/3886 3125/4645/3885 1647/3116/2132
f 3708/4680/3906 985/1412/1262 3426/5147/4183
f 3977/6039/4632 2886/4283/3641 2885/4282/3640
f 2416/3562/3109 3978/6040/3710 3979/6041/1817
f 2562/6042/3281 2856/4228/3119 2230/3274/2874
f 3102/4614/3863 2986/6043/3746 3784/4044/3479
f 2711/3992/3440 3820/3847/3325 3819/6044/3578
f 3980/6045/4633 2418/3564/3111 894/1276/1133
f 571/818/696 3517/5281/4253 569/816/694
f 519/744/624 518/743/623 2658/3923/3385
f 2235/3284/2883 4394/6046/4634 2427/6047/3121
f 1764/2574/2284 3606/2576/2286 4424/3137/2763
f 4113/1679/1509 416/589/470 417/591/472
f 1043/1488/1332 1925/2816/2493 633/903/778
f 580/830/708 4630/2729/2417 3411/5212/4164
f 423/600/481 3981/6048/4635 422/598/479
f 3082/4583/3843 3749/5683/1427 1802/5682/596
f 2403/3542/3094 3852/5835/4531 3982/6049/2670
f 2081/3049/2696 4153/3048/2695 627/897/772
f 3983/6050/4636 3774/5720/4471 1389/2022/1809
f 4453/2277/2030 1561/2279/2032 3984/6051/3646
f 2697/3974/3427 1991/2925/2587 3985/6052/4637
f 3239/4834/4001 3240/4836/2022 3986/6053/4638
f 3058/4546/3822 4385/2058/1841 3087/6054/3846
f 3987/6055/4639 3058/6056/3822 3087/4590/3846
f 3988/6057/4640 3989/6058/4641 3990/6059/3807
f 2743/4039/3476 2745/4041/3240 3991/6060/3239
f 3281/4902/4041 539/771/650 1681/2453/2175
f 2227/3271/2871 3059/4549/3823 3468/5211/4215
f 331/478/361 3992/6061/4642 1703/2486/2204
f 4804/1635/1471 844/6062/1063 3084/4585/3845
f 3877/5879/4550 3640/4498/3783 4977/6063/1871
f 1116/1586/1425 826/1170/1032 825/1169/1031
f 3993/6064/4643 1905/6065/2471 4843/5988/4611
f 3775/6066/4472 3839/5815/4519 3776/2518/2231
f 1206/1726/1547 4218/4285/3642 3672/5538/4391
f 3994/6067/4644 2550/3774/3267 3371/5052/4119
f 328/474/358 2811/4155/3336 329/475/359
f 1119/1593/1431 382/542/423 384/544/425
f 3044/4528/3810 4249/1173/1035 4685/1172/1034
f 3995/6068/2646 3996/6069/3287 4575/4793/3975
f 1828/2671/2370 4460/657/538 3971/6070/4625
f 809/1148/1011 1665/1147/1010 1832/6071/2374
f 4875/3180/2799 2783/6072/3215 1222/1753/1571
f 3997/6073/2986 2548/3769/3264 2319/5918/2987
f 1252/1801/1616 3998/6074/2917 4642/3780/3273
f 3999/6075/4645 4958/3902/3369 3363/3369/2957
f 2614/3860/3335 2079/3044/2692 2845/5039/3597
f 4692/1785/1601 3796/5749/4488 1243/1783/1599
f 191/265/211 4908/2473/2194 192/266/212
f 2776/4094/3521 973/1394/1244 4000/6076/4646
f 1748/2554/2265 4001/6077/4647 1749/2555/2266
f 4002/6078/4648 1226/1759/1577 4640/3532/3086
f 4920/6079/4004 266/372/298 1378/4444/1794
f 1965/3537/2548 3261/6080/4021 2399/3538/3090
f 709/1013/882 710/1015/884 2447/3607/3144
f 458/650/531 3504/5267/4245 459/651/532
f 108/149/114 3292/4915/4051 3294/4917/4053
f 1591/2733/2065 1592/6081/2066 2339/5671/3013
f 1898/2785/2465 665/6082/819 390/553/434
f 2141/3145/2770 1563/3256/2033 763/1085/950
f 4094/6083/4649 2418/3564/3111 3980/6045/4633
f 1276/3341/1660 2701/3978/3431 3795/5747/1661
f 1954/2860/2534 2308/3396/2976 379/539/420
f 408/575/456 1261/1820/1634 4813/5365/4300
f 3309/4946/4071 911/4948/1156 3088/4593/3848
f 1630/2375/2112 3020/4497/3782 1631/2376/2113
f 3853/5837/4532 1951/2857/2531 897/1282/1139
f 2013/2957/2616 4003/6084/4620 2014/2958/2617
f 3458/5199/4207 3263/4873/4023 2484/3660/3185
f 3912/1136/1000 3649/5490/3657 4004/6085/3386
f 4005/6086/3652 3912/1136/1000 4004/6085/3386
f 1814/2644/2348 3021/4499/3784 1420/2372/1851
f 1548/2260/2013 517/742/622 519/744/624
f 3262/5638/654 4878/6087/4147 4006/6088/3947
f 3866/5865/4544 2282/3352/2941 2283/3354/2943
f 4007/6089/4650 3306/4939/4067 4008/6090/4651
f 4009/6091/4401 4566/2698/2395 3718/1872/1681
f 3972/6030/4626 3652/6092/4371 3974/6093/4629
f 2537/3748/3248 4010/6094/4652 3953/5997/4613
f 3416/6095/1844 2178/3203/1846 3640/5473/3783
f 4011/6096/3387 2860/4242/2642 2659/2804/2482
f 4012/6097/464 2246/3301/2898 413/3304/465
f 2696/4819/3426 2686/3960/3415 3228/2482/2202
f 4013/6098/595 4014/6099/4653 4606/6100/3124
f 3663/5515/4059 3226/5514/3987 3834/5807/2246
f 3868/5868/4546 3342/4993/4092 4015/6101/4654
f 4596/2432/2159 3410/2434/1807 3409/6102/4162
f 499/6103/592 2236/6104/591 2427/6105/3121
f 4957/6106/3250 2881/4264/3628 1032/1473/1318
f 2170/3190/2806 2169/3189/2805 3507/5270/4248
f 2598/3840/3320 1485/3080/1926 3564/5357/4294
f 988/1416/1266 4016/6107/4655 989/1417/1267
f 1728/2528/2240 362/515/398 1060/1513/1357
f 899/1284/1141 1748/2554/2265 897/1282/1139
f 4206/6108/2250 2736/4026/3468 2735/4025/3467
f 1364/793/672 2069/2047/1831 552/794/673
f 4006/6088/3947 4878/6087/4147 4017/6109/4616
f 528/756/636 2551/3775/3268 4116/757/637
f 3268/4889/4028 4018/6110/4027 3880/5886/4554
f 263/368/295 2720/4002/3448 4907/2051/1835
f 3172/4715/3708 1973/2890/2560 3173/4716/3922
f 3232/4825/3994 3282/4903/4042 3646/5484/4366
f 720/1028/897 2937/4365/3694 2442/3595/3135
f 3438/5168/4193 2305/3390/2972 504/720/600
f 484/686/567 956/1367/1218 734/1046/914
f 3513/6111/4252 625/894/769 4019/6112/2820
f 1174/1676/1506 1594/2324/2069 1175/1677/1507
f 1903/2254/2007 410/6113/459 3830/5799/3170
f 2041/2995/2649 3547/5328/4278 4020/6114/4656
f 4021/6115/4657 3760/6116/4458 2833/4193/3583
f 4022/6117/576 1180/1377/1227 489/6118/577
f 1327/1935/1736 3956/6001/3967 1623/1936/1737
f 1986/1991/1781 1800/2626/2332 3481/5230/2579
f 1259/1818/1632 2683/6119/3413 538/6120/649
f 3207/4780/1193 2899/4308/3660 3477/1398/1248
f 1932/2827/2504 4023/6121/4511 3972/6030/4626
f 2950/4387/3709 3987/6055/4639 3087/4590/3846
f 797/1128/992 597/1127/731 939/1344/953
f 1699/2478/2199 4925/5696/4456 4924/2476/2197
f 1890/2770/2452 4024/6122/4658 2940/3935/3393
f 662/6123/816 2610/3855/3330 3993/6124/4643
f 856/1216/1078 1836/2682/2380 1838/2684/2382
f 4025/6125/4659 1594/2324/2069 4135/2323/2068
f 4026/6126/3210 2508/2647/2351 4027/6127/4660
f 2681/3954/3410 1475/6128/1915 2575/3809/3297
f 4028/6129/4661 3626/6130/4350 4021/6131/4657
f 3437/5167/4192 2910/4325/3673 490/697/578
f 720/1028/897 2442/3595/3135 1512/2210/1966
f 4029/6132/4662 864/1231/1090 863/1230/1089
f 4030/6133/4663 2044/2998/2652 2180/3206/2818
f 1518/2220/1973 2780/4099/3525 1519/2221/1974
f 1929/4660/2501 2113/3104/2500 1314/1916/1720
f 4720/6134/4664 3839/5815/4519 3775/6066/4472
f 2752/4055/3488 3938/5975/4602 4708/6135/4665
f 2150/3161/2782 3511/5274/4250 548/785/664
f 3618/5442/2152 2695/3972/3425 3713/5607/4416
f 4031/6136/3940 4726/3461/3028 3090/6137/2800
f 4031/6136/3940 3090/6137/2800 4709/1470/1315
f 3167/4709/3085 3407/5113/4160 3166/4707/3920
f 1245/1788/1604 1267/1830/1644 3130/4650/3890
f 485/687/568 484/686/567 735/1047/915
f 3842/5818/4521 1643/6138/2129 3843/5819/4522
f 1767/6139/2288 564/809/687 4032/6140/4666
f 3189/4749/3946 3190/4751/3948 3558/6141/4289
f 1466/2129/1907 4894/867/743 4572/6142/2360
f 3706/6143/4411 4959/5048/4117 4652/5532/4387
f 3456/5195/4204 1979/2903/2571 1858/2714/2406
f 2182/3209/2821 1401/2038/1822 4806/2040/1824
f 818/1297/1023 907/1296/1152 3109/4215/3598
f 4033/6144/4667 629/899/774 3381/5072/4131
f 1425/2075/1856 2831/4191/3581 1426/2076/1857
f 2577/6145/3298 4034/6146/4668 880/1257/1115
f 4679/1256/1114 2577/6145/3298 880/1257/1115
f 570/817/695 1/1/1 2/3/3
f 3917/5949/4587 3484/1175/1037 3476/1177/1039
f 3917/5949/4587 3476/1177/1039 2836/4198/3588
f 1831/2758/2373 1657/2415/2148 664/2417/818
f 1831/2758/2373 664/2417/818 666/2759/820
f 2234/3282/2881 4367/3281/2880 2715/3997/3444
f 4078/1880/1688 716/1024/893 113/154/119
f 4035/6147/4669 4215/6148/4670 3482/2168/1933
f 2309/5577/2977 4036/6149/4671 445/632/513
f 1771/2586/2295 4037/6150/4672 3461/5202/4208
f 4038/6151/4673 4039/6152/4674 3562/5354/4292
f 1388/6153/414 376/6154/416 3719/6155/4419
f 472/669/550 3448/5184/4200 470/667/548
f 4040/6156/4675 4041/6157/4676 2635/6158/3359
f 4051/1874/1683 4042/6159/4677 1288/1875/362
f 3527/5294/2988 1080/1538/1382 4043/6160/2989
f 4044/6161/4678 4045/6162/2407 4046/6163/4679
f 3523/4389/1349 66/84/75 1477/4042/1916
f 2494/6164/3197 2180/6165/2818 826/1170/1032
f 4499/6166/4384 2391/3520/3076 558/803/681
f 2278/6167/2935 4808/3163/2783 2152/3164/2784
f 853/1212/1074 1617/1214/1076 3081/4582/3842
f 1333/1943/1744 1961/3428/2540 1334/1944/1714
f 3427/5148/4184 1743/4672/2260 3636/5467/4357
f 3861/6168/4537 675/5745/832 3373/5054/4121
f 3900/6169/4573 935/4962/1191 4047/6170/4680
f 3744/5670/4443 1348/1961/1758 2612/3857/3332
f 2936/4364/3693 2244/2367/2105 4048/6171/977
f 3121/6172/3881 2738/4232/3470 3122/5507/3882
f 446/633/514 1302/1895/1702 4869/4886/4034
f 3991/6060/3239 3460/842/720 590/841/719
f 2445/3604/3143 2994/4460/3752 2705/3982/3434
f 785/1111/976 770/1095/960 772/1097/962
f 2041/2995/2649 4020/6114/4656 2042/2996/2650
f 4049/6173/2842 4050/6174/2844 4051/6175/1683
f 2899/4308/3660 2963/4410/3721 3514/5278/2410
f 3210/4785/3968 4571/1184/1046 1921/2812/2489
f 3509/1954/1752 1342/1953/1751 2982/4442/3742
f 1928/6176/2498 4052/6177/4681 4053/6178/4682
f 4934/6179/4683 4054/6180/2377 4724/6181/3053
f 4673/4419/3728 2932/4356/3688 2261/4107/2916
f 1966/2879/2550 1241/1781/1597 1967/2880/2551
f 4055/6182/4684 836/3152/1053 2258/3317/2912
f 2080/4533/2694 2566/3793/3284 4153/3795/2695
f 3595/6183/2228 3597/2241/1994 4056/6184/3243
f 4034/6146/4668 4057/6185/1398 1458/2116/1896
f 1320/1973/1726 4850/740/620 515/739/619
f 3844/5820/4523 4058/6186/4261 635/5822/780
f 2791/4123/1404 2790/4122/3534 1601/2338/2082
f 4059/6187/1536 3007/4474/3764 1737/2540/1621
f 1288/1875/362 4042/6159/4677 332/6188/363
f 4565/6189/875 3175/3380/2965 2750/932/805
f 373/530/411 3962/532/413 3706/5599/4411
f 1863/2838/1805 1140/1622/1458 4060/6190/4685
f 2743/4039/3476 1080/1538/1382 1079/1537/1381
f 4061/6191/1968 4062/6192/1104 2254/3312/2908
f 2831/4191/3581 4970/4190/3580 1426/2076/1857
f 4818/5863/4542 1309/6193/1713 4757/6194/1928
f 1660/2422/2153 3713/6195/4416 4063/6196/4069
f 3178/4726/3929 891/6197/1129 4799/4727/3327
f 2408/3550/3098 4216/5500/4375 4403/5502/4376
f 4064/6198/4686 2596/3836/3316 2595/3835/3315
f 1187/1698/843 2890/4289/3645 1188/1699/1525
f 2488/5564/3188 4065/6199/4687 3559/5351/4291
f 3227/4816/3989 2077/3041/2689 3118/4637/3880
f 1296/6200/1694 3968/6201/4623 4210/6202/4688
f 2774/4091/3519 3814/5772/4500 3650/5491/4369
f 1675/2444/2169 1674/2443/2168 2040/2994/2648
f 2516/3714/3222 2434/3587/2817 4066/6203/4689
f 3764/5702/4462 2813/4158/3556 1687/2461/2183
f 1949/4630/2528 2356/4362/3035 3186/4741/3939
f 2989/4450/3747 3855/5839/4534 3610/5432/4337
f 4067/6204/4690 2075/3039/2687 2077/3041/2689
f 3858/708/588 4613/1370/1221 498/709/589
f 4068/6205/2319 2002/2942/2602 2382/3506/2320
f 4712/6206/2549 3353/5013/4104 3352/5012/3040
f 4069/6207/4691 2211/3251/2855 4261/6208/4692
f 4070/6209/3484 3587/5391/4317 3704/2896/2566
f 2917/4335/3676 1507/2203/1960 4442/3711/3221
f 1264/5183/1640 3006/4473/3763 3448/5184/4200
f 1020/1457/1303 1074/1529/1373 1073/1528/1372
f 3182/4737/3935 1922/2813/2490 4193/619/500
f 2619/3868/3342 3056/3867/3341 4071/6210/3849
f 4072/6211/3606 4515/5644/4433 2904/4315/3665
f 4073/6212/1109 3451/5187/1108 3379/2089/1870
f 14/17/15 13/16/14 34/40/37
f 3941/5979/4604 4074/6213/3067 1739/2542/2253
f 1204/1723/994 3066/1722/1544 4075/6214/3829
f 1393/2028/1436 47/1449/56 3216/1075/942
f 491/2968/581 1481/2153/1923 4816/2152/1922
f 136/184/147 2873/185/148 656/931/804
f 2959/4404/3718 683/974/845 2085/3056/2702
f 1647/6215/2132 3754/4806/3982 425/604/485
f 3582/6216/4315 4965/6038/4631 1859/2716/2408
f 380/540/421 4820/5385/4314 381/541/422
f 3070/4567/3832 4076/6217/3006 2639/3895/3362
f 1972/2886/2556 3500/2885/2555 3499/6218/3701
f 3149/4676/970 938/6219/1196 1221/1749/1567
f 1424/1839/1652 1688/6220/1855 3040/4521/3803
f 2374/3498/3056 4077/6221/2951 2200/3235/2845
f 338/487/370 3908/5935/4581 3508/5271/3147
f 3981/6048/4635 2488/5564/3188 2498/6222/3201
f 1290/6223/1686 4078/6224/1688 4079/6225/4693
f 4080/6226/4694 1231/6227/1584 2503/6228/1583
f 2687/6229/3417 1471/2134/1912 513/3693/616
f 1341/1952/1750 3168/4240/3614 1342/1953/1751
f 4909/6230/4695 3605/5424/4333 1488/2166/1931
f 436/6231/496 4081/6232/4696 4082/6233/4697
f 1573/2293/2045 347/498/381 350/501/384
f 4765/5933/4579 688/980/851 726/982/853
f 4083/6234/4698 3661/5510/4379 4778/6235/4699
f 1791/2615/2322 881/1259/1117 1983/2908/2576
f 1808/2636/2340 2240/3290/2888 4084/6236/4700
f 4392/3510/3066 4078/1880/1688 113/154/119
f 2482/3658/3183 2632/3885/3357 4085/6237/4701
f 3686/5561/4399 1582/2306/2055 3687/5562/4400
f 2163/3176/2795 4086/6238/4702 3377/5063/4125
f 124/165/130 123/164/129 596/852/730
f 3753/5689/4452 1673/2442/1501 2455/3621/3154
f 4087/6239/4703 4088/6240/4529 4089/6241/4704
f 1358/6242/1770 4156/6243/4334 4090/6244/4705
f 4760/6245/2974 2307/6246/515 375/534/415
f 2619/3868/3342 3339/4989/4091 2713/3995/3443
f 1347/1960/1757 4091/6247/4706 554/796/675
f 2746/4043/3478 3309/4946/4071 4092/6248/4707
f 4093/6249/979 2998/6250/1163 4094/6251/4649
f 3399/5100/4150 3493/5250/4234 4095/6252/4708
f 4532/1351/1202 562/807/685 2321/4896/2681
f 4798/4725/3928 2607/6253/3328 984/1411/1261
f 3783/5729/4479 3853/5837/4532 897/1282/1139
f 4096/6254/4709 2363/3483/3044 2364/3485/3046
f 3647/6255/4367 4786/4010/3453 4704/4860/4015
f 4201/772/651 3921/5953/4589 4097/6256/4710
f 714/1019/888 925/3259/1177 3335/4984/4087
f 4576/2378/2115 475/674/555 3319/673/554
f 1977/2900/1825 3592/5396/4322 1978/2901/2569
f 1609/4548/2089 579/828/706 3059/4549/3823
f 1045/1491/1335 4098/6257/4711 2316/3407/2984
f 3292/4915/4051 3871/5872/4547 3293/4916/4052
f 4099/6258/4712 4100/6259/453 4116/757/637
f 2437/3590/3130 3813/4811/3985 2438/3591/3131
f 3814/5772/4500 2892/4294/3648 3671/5537/4390
f 571/818/696 1622/2363/2102 2324/3423/2997
f 4101/6260/4713 2661/3929/3389 2660/3928/3388
f 2575/3809/3297 1475/6128/1915 2576/3810/476
f 964/1380/1230 4261/6208/4692 965/1381/1231
f 2249/3306/2902 2561/3787/3280 4102/6261/3041
f 2698/3975/3428 3985/6052/4637 4103/6262/4714
f 4421/6263/4715 1841/2687/2385 3065/4556/603
f 4104/6264/4716 3648/6265/4368 3556/5343/3029
f 3680/5554/4396 4105/6266/4717 3681/5555/4397
f 2485/3661/3186 1981/2905/2573 697/992/862
f 1433/2083/1864 1744/2550/2261 4106/6267/4307
f 3557/5348/4288 1706/4311/2206 2147/3156/2778
f 2671/3942/3399 3590/5394/4320 2305/3390/2972
f 2325/3736/2998 4437/1793/1608 2532/3737/3242
f 1688/2462/1855 1690/2464/2185 4441/6268/4718
f 3005/4472/3762 991/1419/1269 3940/5978/3779
f 4107/6269/1302 1193/1707/1531 685/6270/847
f 1356/1970/1767 1545/6271/2010 3516/3415/2991
f 4108/6272/4719 4109/6273/4720 3891/5904/4564
f 2434/3587/2817 2313/3402/2980 4066/6203/4689
f 3503/5265/4244 2469/3636/3168 367/521/404
f 4776/1725/1546 1495/6274/1943 4218/4285/3642
f 4385/2058/1841 1416/2060/1843 3039/4520/3802
f 2942/4376/2950 922/1320/714 4114/694/575
f 2622/6275/3347 2796/4131/3542 4110/6276/4721
f 3943/5982/4606 4111/6277/2522 2627/3878/3351
f 3193/4754/3950 3192/4753/3949 4918/5022/4107
f 2158/3171/2790 4112/6278/4722 2311/3400/2979
f 3370/6279/1021 4246/6280/3961 3241/6281/4003
f 2536/5603/3247 1127/6282/1440 3710/5604/4413
f 2897/4300/3506 2172/3195/341 4913/6283/1685
f 2368/3490/1813 3012/4480/3769 1392/2322/1814
f 3783/5729/4479 1748/2554/2265 2762/4074/3504
f 2358/3474/3036 3873/2332/2077 1600/2334/2079
f 489/6284/577 1902/2789/463 4113/6285/1509
f 4114/6286/575 489/6284/577 4113/6285/1509
f 1570/2289/2041 1161/1660/1490 487/691/572
f 3823/6287/4506 309/449/347 407/6288/452
f 4061/2214/1968 1588/6289/2063 1646/2215/1969
f 2118/3112/2746 4115/6290/4723 3591/5395/4321
f 2956/4398/3713 2679/3952/3408 2678/3951/3407
f 957/1368/1219 4404/3348/2937 734/1046/914
f 4901/4483/3771 3128/4648/3888 4794/1333/1187
f 1140/1622/1458 3866/5865/4544 1141/1623/1459
f 4116/6291/637 4100/572/453 529/574/455
f 4117/6292/1595 4059/6187/1536 4118/6293/1623
f 751/1071/938 4289/4570/3835 749/1069/936
f 99/136/104 2441/6294/3134 97/134/107
f 717/1025/894 716/1024/893 2519/3718/3225
f 3401/5102/4152 1710/2497/504 1712/2499/2215
f 4243/2118/1897 1461/2120/1899 1847/4211/2392
f 3679/5553/4395 3465/5206/4212 3464/5205/4211
f 3604/5423/4332 4119/6295/4724 2631/3884/3356
f 2543/3759/3257 976/1399/1249 6/8/7
f 4120/6296/4362 3267/2240/1993 4846/6297/4725
f 2495/3676/3198 2496/3677/3199 577/4113/704
f 4827/6298/3492 4810/6299/4726 4956/5947/3715
f 1273/3618/1657 4121/6300/1656 808/1146/1009
f 520/745/625 521/746/626 582/832/710
f 799/1131/995 3915/5946/4585 1279/1855/1665
f 643/917/790 2628/3881/3353 3923/5955/4591
f 4581/6301/4727 478/679/560 2689/3966/3419
f 4122/6302/4512 4123/6303/3630 4049/6173/2842
f 4470/3083/2724 4307/3085/2726 2417/5919/3110
f 569/816/694 9/11/9 570/817/695
f 663/6304/817 2916/4332/1560 4593/2780/2460
f 1429/2079/1860 551/2299/671 1430/2080/1861
f 1255/1811/1626 3634/5465/4173 4519/1809/1624
f 1333/1943/1744 1058/1510/1354 1059/1512/1356
f 3714/6305/4417 3632/5461/2049 3715/5462/4355
f 4124/6306/4517 2110/6307/2737 4967/6308/4728
f 2217/3258/2860 1912/2801/2479 3041/4522/3804
f 1030/6309/1314 4125/6310/4729 2688/4743/1997
f 95/130/103 92/127/101 2920/4338/3678
f 401/6311/445 3699/110/91 2502/3683/446
f 563/6312/686 2698/3975/3428 4126/6313/3244
f 1020/1457/1303 1021/1459/1305 1074/1529/1373
f 1861/6314/2412 4823/6315/1325 435/6316/495
f 2685/3959/2424 4127/6317/4730 3610/5432/4337
f 1513/939/812 1082/6318/1385 1233/6319/1586
f 2606/3364/2952 4128/6320/1625 2288/3365/2953
f 4467/6321/4731 2693/3970/3423 4129/6322/4732
f 4682/6323/1900 1100/1563/1406 1099/1562/1405
f 4040/6156/4675 1345/1957/1755 3462/5203/4209
f 4898/6324/4733 1542/2253/2006 4130/6325/4734
f 4458/1518/1362 2266/1393/1243 1065/1519/1363
f 4131/6326/4735 2839/4204/2756 2841/4206/3594
f 3214/4792/1521 426/605/486 425/604/485
f 4402/1748/1566 1908/2796/2474 3197/4760/3953
f 356/508/391 2910/4325/3673 358/511/394
f 2698/3975/3428 2697/3974/3427 3985/6052/4637
f 4336/5363/4299 4563/5342/4285 4082/6327/4697
f 3704/2896/2566 3588/5392/4318 4355/2897/2567
f 3959/6009/4617 1730/2530/2242 2250/3307/2903
f 508/727/607 134/182/145 3326/4974/4082
f 3304/4935/3830 2984/4973/3744 3907/6328/4578
f 2300/5650/2967 2765/4079/3509 3734/5651/4437
f 4132/6329/4226 999/6330/1279 4133/6331/4736
f 4134/6332/4737 2843/2697/2394 3113/6333/2530
f 3055/6334/3820 2277/3345/2934 4071/4594/3849
f 2568/3798/3286 1322/3797/1729 1963/4940/2542
f 86/119/95 83/113/93 82/112/92
f 3875/5876/3081 86/119/95 82/112/92
f 3243/3764/3261 692/986/856 4135/6335/2068
f 3602/5420/4330 1927/2818/2495 1406/2046/1830
f 4136/6336/4738 3845/5821/4524 1684/2456/2178
f 2258/3317/2912 144/196/156 2898/5006/3659
f 1753/3933/2270 1135/1614/1451 1247/484/367
f 1285/1865/1675 4137/6337/4739 3363/5036/2957
f 1235/1772/1588 2870/4257/3623 2016/2961/2620
f 768/6338/958 4138/6339/4740 4331/6340/4741
f 3944/5984/4607 1045/1491/1335 3312/4950/4073
f 4014/6099/4653 2430/6341/3125 4606/6100/3124
f 2218/3262/2862 4643/4527/3809 1298/3260/1696
f 2224/6342/2868 2761/4073/3503 2222/6343/2866
f 3262/4872/654 3099/4610/3861 4878/5095/4147
f 4089/6344/4704 4088/6345/4529 4139/6346/4742
f 1490/6347/1934 3823/6287/4506 407/6288/452
f 4749/1471/1316 3387/5079/4136 127/168/133
f 4891/6348/4743 4140/6349/4235 4141/6350/4744
f 3786/5733/4481 4142/6351/4745 1409/2050/1834
f 1023/1462/1308 3981/6048/4635 1024/1463/1309
f 2030/2980/2634 2826/4182/3573 3952/622/503
f 4143/6352/2363 2082/3706/2697 1945/2850/2525
f 268/2177/301 2095/6353/2717 3649/4305/3657
f 1625/2368/2106 719/1027/896 718/1026/895
f 378/6354/418 4144/6355/1902 394/557/438
f 1564/3486/2034 1563/3256/2033 2141/3145/2770
f 3484/1175/1037 4778/6356/4699 2037/6357/2644
f 1445/2102/1882 1447/2104/1884 3498/5259/4241
f 3404/5105/4155 2209/6358/2854 2210/1743/1561
f 1741/6359/2258 3383/5074/4133 4145/6360/4746
f 1012/1445/1293 1011/1444/1292 779/1104/969
f 3715/5609/4355 1154/1645/1477 784/1110/975
f 4702/1493/1337 1047/1495/1339 3821/5779/4505
f 4225/6361/631 2744/6362/3477 4146/6363/4747
f 3841/1999/1789 3840/6364/4520 4937/5697/4457
f 4147/6365/2334 1803/718/598 431/610/491
f 889/6366/1126 3884/5893/3253 3058/4546/3822
f 1855/2706/2401 2621/3872/3346 4010/6094/4652
f 562/807/685 561/806/684 4148/6367/4748
f 3217/4798/3489 4368/6368/3490 4648/1603/1441
f 3351/5011/4103 1591/2733/2065 3744/5670/4443
f 3799/1290/1147 902/1289/1146 2286/3358/2946
f 4149/6369/2196 3513/6111/4252 4019/6112/2820
f 2976/4433/3735 4358/6370/4749 1270/1837/1650
f 1482/1219/1081 4838/1569/1412 2275/5646/2932
f 3824/5783/4507 1490/5782/1934 3386/6371/1936
f 3937/5974/4601 721/1029/898 2100/3082/2723
f 4787/267/213 3120/4640/215 191/265/211
f 3913/6372/4489 4946/1245/1103 959/1373/1223
f 3809/5766/4496 1757/2563/2273 1756/2562/2272
f 811/1150/1013 1953/2859/2533 3902/5923/4574
f 1829/2672/2371 4617/2611/2318 1827/2670/2369
f 4133/6331/4736 2523/6373/3230 2727/4015/3458
f 2287/3361/2949 4150/6374/4750 2942/3362/2950
f 1026/967/839 2457/3623/3156 679/965/837
f 2136/3140/2765 2138/3142/2767 2755/6375/3493
f 1906/2794/2472 3230/4822/1206 4151/6376/4751
f 1380/6377/1797 4451/6378/4752 4012/6097/464
f 4152/6379/2995 2322/4163/2994 865/1232/1091
f 2599/3841/3321 2049/3003/2656 3789/5738/4483
f 4153/6380/2695 2567/6381/3285 3792/6382/4485
f 4960/5672/4444 3752/6383/1499 3751/6384/4451
f 2145/3153/2776 4154/6385/4753 1322/1928/1729
f 3523/1505/1349 106/147/112 4753/822/700
f 4560/1202/1064 3196/4759/1891 3197/4760/3953
f 3473/5221/4221 2251/3309/2905 3343/6386/4093
f 2596/6387/3316 3485/5236/2774 4155/6388/2773
f 4955/790/669 3534/5309/4267 3237/4832/4000
f 2354/6389/2393 1847/4211/2392 4156/6390/4334
f 4814/2677/2376 4737/2286/2038 1569/2288/2040
f 4157/6391/2804 3726/6392/2803 2718/4000/3446
f 4158/6393/3223 2342/3448/3016 2344/3450/3018
f 3926/5958/2711 1888/2768/2450 4159/6394/2712
f 863/1230/1089 2322/4163/2994 2817/4162/3560
f 3889/3528/3083 2231/3275/2707 4444/3277/2876
f 1551/2263/2016 3359/5024/4109 3616/5439/4341
f 2914/4329/3675 2750/4049/805 2749/4048/3483
f 2402/4639/3093 3119/4638/3272 4168/6395/4754
f 3291/4914/4050 847/1205/1067 846/1204/1066
f 1754/2560/2271 2302/3385/2969 3171/4714/3921
f 1613/2352/2093 1614/2354/2095 4160/6396/4755
f 516/2092/621 4073/6212/1109 3379/2089/1870
f 4161/6397/4756 1785/2606/2313 1938/2839/2514
f 2149/3160/2781 2151/3162/2683 1086/6398/1390
f 3084/4585/3845 4046/6163/4679 4607/2898/2568
f 4589/6399/1538 1198/6400/1537 4590/891/766
f 4971/6401/3498 3198/4762/3955 4923/1270/1127
f 2430/3583/3125 4162/6402/4757 2284/3356/2945
f 1034/1476/1321 3434/5163/4190 1035/1477/1322
f 2214/3254/2858 4403/5502/4376 2215/3255/2859
f 469/3688/547 1718/6403/2223 3069/3689/3206
f 4163/6404/1334 4134/6332/4737 4164/6405/4528
f 3619/5444/4344 4327/4835/4002 3239/4834/4001
f 1780/2597/2306 3275/4891/4037 2183/6406/2822
f 4165/6407/3756 2625/6408/3349 4166/6409/4758
f 1322/3797/1729 4661/6410/1728 1963/4940/2542
f 2828/4184/3575 3350/5010/4102 4556/5663/4441
f 2345/3452/3020 2777/3451/3019 4739/6411/4759
f 3729/5641/4430 4167/6412/3990 456/648/529
f 355/507/390 3437/5167/4192 490/697/578
f 3278/2445/202 1677/2447/2170 2901/6413/3662
f 3119/3779/3272 2554/3778/3271 4168/6414/4754
f 4060/6190/4685 1139/1621/1457 3738/5656/1526
f 2520/3719/3226 4837/6415/4760 2521/3720/3227
f 3700/5587/4407 3284/4905/4044 2780/4099/3525
f 2521/3720/3227 4837/6415/4760 4169/6416/4761
f 3485/5236/2774 4132/5237/4226 2144/6417/2775
f 3830/3639/3170 410/578/459 487/691/572
f 2634/3888/3358 2633/3887/393 621/5850/761
f 2278/3346/2935 2056/3010/2663 2279/3347/2936
f 3800/5757/2947 4732/2494/2211 1634/2382/2119
f 2994/4460/3752 2664/3932/3392 463/655/536
f 3338/4301/3654 4142/6351/4745 2342/3448/3016
f 3125/4645/3885 3221/6418/3980 3754/5690/3982
f 489/6284/577 1901/2788/2468 1902/2789/463
f 1908/2796/2474 1096/1558/1401 357/509/392
f 3197/4760/3953 1908/2796/2474 357/509/392
f 712/1017/886 1400/2037/1821 1936/2836/2512
f 4170/6419/4098 4171/6420/4097 4243/4734/1897
f 4172/6421/4762 3268/4889/4028 3879/5885/4553
f 2787/3600/3140 2603/2666/2366 2317/3408/1528
f 3540/6422/4273 4108/6272/4719 1061/4118/1358
f 3272/4885/4033 3179/4729/3931 4173/6423/2725
f 1173/1675/1505 4611/6424/4763 3864/4848/4009
f 2063/3017/2669 4641/6425/4764 2887/3293/2891
f 4174/6426/4229 2912/4327/3674 4175/6427/4765
f 2535/3746/3246 1708/2495/2212 1709/2496/2213
f 4176/6428/1677 4177/6429/1676 2478/2956/2615
f 2424/3573/3118 2551/3775/3268 528/756/636
f 4178/6430/2235 4179/6431/4766 1587/2314/2062
f 137/180/144 132/178/143 3545/6432/1326
f 3629/5742/2144 2799/4135/3545 4789/3597/3137
f 4180/6433/3956 3405/5107/956 4281/5106/4156
f 785/1111/976 784/1110/975 2410/3552/3100
f 3609/6434/4336 3332/4981/2833 4181/6435/2832
f 4182/6436/3319 4007/6089/4650 3067/4563/3831
f 1994/2929/2590 1993/2928/2589 1469/2132/1910
f 3497/5255/4239 3796/5749/4488 3431/5156/4188
f 4183/6437/4767 1738/2541/2252 3008/4475/3765
f 472/669/550 509/728/608 1264/5183/1640
f 3616/5439/4341 3359/5024/4109 3104/4616/3865
f 2573/3807/3295 2450/3611/3148 3508/3610/3147
f 4423/2405/2138 1410/5546/1836 1412/6438/1838
f 84/120/94 3875/5876/3081 4319/6439/4768
f 4851/3296/2894 3849/5624/4423 3723/6440/4424
f 2525/3725/3232 942/1348/1199 944/1350/1201
f 3542/6441/4275 2525/3725/3232 944/1350/1201
f 2117/3110/2744 2118/3112/2746 2303/3386/2970
f 2025/2974/2628 2393/6442/3079 2023/2972/2627
f 4184/6443/1351 4682/2149/1900 367/521/404
f 528/756/636 2276/6444/2933 2275/5646/2932
f 3824/5783/4507 3386/6371/1936 4185/6445/4123
f 1461/3245/1899 2127/3129/2758 4090/6446/4705
f 1261/1820/1634 2990/6447/3749 4459/6448/3908
f 4186/6449/3078 2023/2972/2627 2393/6442/3079
f 3596/6450/2230 319/6451/333 318/6452/351
f 450/638/519 566/812/690 578/827/705
f 2551/3775/3268 3903/6453/4575 4099/6258/4712
f 1282/2654/1669 1820/2656/2358 3623/5449/4347
f 515/739/619 1670/2438/2164 1669/2437/2163
f 2059/3013/2666 1239/6454/1594 3028/4507/3792
f 4911/6455/4769 3977/6039/4632 4187/6456/4770
f 2839/3127/2756 537/768/647 2840/6457/3593
f 3646/5484/4366 2149/3160/2781 1086/6398/1390
f 3549/4241/1704 4942/1236/1094 337/486/369
f 3439/5169/4194 3309/4946/4071 2746/4043/3478
f 4222/171/136 131/173/138 979/1405/1255
f 949/1359/1210 948/1358/1209 1778/2595/2304
f 4188/6458/4771 2497/3678/3200 2406/3548/3097
f 1286/1869/1678 3802/5759/4491 3415/1870/1679
f 1915/2806/2483 2877/4272/3633 2440/3593/3133
f 4723/6459/4772 1323/1929/1730 1325/1931/1732
f 448/636/517 4189/6460/742 2307/634/515
f 913/1306/1161 2217/3258/2860 4190/6461/4773
f 4349/1890/1697 4685/6462/1034 3691/5571/4403
f 362/515/398 1462/6463/1901 1060/1513/1357
f 914/1307/1162 4470/3083/2724 2998/1308/1163
f 2738/4232/3470 3052/4538/3818 470/667/548
f 4191/6464/4774 4192/6465/4775 1464/2127/1905
f 1686/2460/2182 430/609/490 4957/3750/3250
f 681/4797/841 4290/6466/842 3217/4798/3489
f 3939/6467/4603 3355/6468/4105 4944/6469/4776
f 1541/2252/2005 1522/2225/1978 2491/3669/3191
f 309/449/347 1292/1883/1691 407/6288/452
f 4193/6470/500 4328/6471/4777 2083/6472/501
f 3236/4831/3999 4955/790/669 3237/4832/4000
f 4648/1603/1441 1127/1602/1440 1709/2496/2213
f 2223/3267/2867 470/667/548 3448/5184/4200
f 2225/6473/2869 1216/1742/663 1217/1744/1562
f 537/768/647 2682/3956/3412 2840/6457/3593
f 3987/6055/4639 2950/4387/3709 429/608/489
f 875/1248/1106 1732/2532/2244 2373/3496/3054
f 3228/4818/2202 1702/2926/2201 1991/2925/2587
f 4568/4168/3564 2038/2991/2645 3085/4588/3027
f 4194/6474/4778 1755/6475/1449 4227/6476/4779
f 4683/6477/2570 962/1378/1228 4022/6117/576
f 1372/1995/1785 1371/1994/1784 1578/2002/1792
f 4609/3436/3008 2334/3435/3007 1447/2104/1884
f 3819/5777/3578 3818/5776/4504 4195/6478/4780
f 761/6006/948 2256/5755/2909 3801/5758/4490
f 4039/6152/4674 1313/1915/1719 3562/5354/4292
f 885/1264/1122 4196/6479/4781 4197/6480/4541
f 3225/1879/1687 716/1024/893 4078/1880/1688
f 1796/2622/2328 1719/2511/2224 1797/2623/2329
f 4175/6427/4765 2912/4327/3674 3281/4902/4041
f 4198/6481/4782 1944/2849/2524 1178/1686/1516
f 4199/6482/2140 1693/6483/2189 1692/6484/2188
f 3062/4553/3827 1185/1696/1523 3063/4554/3451
f 3931/6485/4598 1347/1960/1757 1349/1962/1759
f 2043/6486/2651 2042/6487/2650 781/1107/972
f 4621/6488/3711 1477/2141/1916 1478/2143/1917
f 60/91/69 21/26/23 1393/1598/1436
f 2848/2301/2051 4860/6489/4425 1578/2302/1792
f 2240/3290/2888 3344/4996/4095 1917/2808/2485
f 2442/3595/3135 1136/1616/1452 814/1615/1017
f 1446/5429/1883 931/1329/1183 930/1328/1182
f 698/6490/864 4200/6491/1674 4690/4771/1673
f 1795/2621/2327 4201/6492/651 4097/6493/4710
f 2099/3081/2722 721/1029/898 723/1031/900
f 3265/4875/4025 3264/4874/4024 2372/3495/1197
f 4202/6494/4783 2341/3447/3015 4818/5863/4542
f 638/910/785 3983/6050/4636 2570/3801/3289
f 3264/4874/4024 2451/3613/3149 2372/3495/1197
f 2464/6495/3164 4527/1352/1203 4203/6496/4784
f 3272/4885/4033 1302/1895/1702 1301/1894/1701
f 1252/1801/1616 4642/3780/3273 1253/1802/1617
f 2595/3835/3315 2726/4014/3457 3269/4880/4029
f 2274/3342/2931 1122/1596/1434 1483/2155/1924
f 4618/1311/1166 835/3151/1052 4204/6497/3748
f 443/629/510 1942/2846/2521 1837/2683/2381
f 2283/3354/2943 3787/3353/2942 2232/6498/2875
f 188/259/205 372/529/410 189/260/206
f 1695/2470/2191 1382/2009/1799 397/560/441
f 1890/2770/2452 3029/4508/3793 4024/6122/4658
f 4214/6499/4785 4205/6500/2094 4206/6501/2250
f 4323/4321/3669 3527/3412/2988 2907/4322/3670
f 4399/985/855 4207/6502/4786 3654/6503/4373
f 4208/6504/3405 2677/5871/3406 2486/3662/3187
f 27/33/30 36/43/40 190/1372/208
f 2813/4158/3556 960/4157/1225 888/1268/1125
f 2523/3723/3230 1001/1433/1281 4899/3692/3209
f 1813/2641/2345 1812/2640/2344 1265/1827/1641
f 2584/3819/3304 1553/2265/2018 2108/525/408
f 4209/6505/4787 851/1210/1072 4210/6506/4688
f 3350/5010/4102 3743/5664/3334 4556/5663/4441
f 1337/1947/1747 1746/2552/2263 3703/5593/4409
f 2580/3815/3301 3003/4470/3760 4211/6507/4788
f 1225/4236/1575 2123/3119/2750 4212/6508/4789
f 4213/6509/4436 3733/2572/2282 4547/2833/2509
f 3299/4924/4058 4214/6510/4785 4215/6511/4670
f 1935/4267/2511 1937/6512/2513 2876/4268/3629
f 4216/6513/4375 4551/6514/1454 4759/3394/2975
f 202/282/227 4217/6515/231 1843/354/286
f 2912/4327/3674 2028/2977/2631 3281/4902/4041
f 839/1195/1057 2838/4200/3590 3577/5380/4311
f 4021/6115/4657 2833/4193/3583 2832/4192/3582
f 3492/5248/4233 3619/5444/4344 3239/4834/4001
f 4033/6144/4667 3835/5809/4518 3445/5180/4197
f 4914/5960/4593 2826/4182/3573 2825/4181/3572
f 65/83/74 95/130/103 1068/1523/1367
f 4218/6516/3642 1495/6517/1943 1411/6518/1837
f 1204/1130/994 4075/4692/3829 799/1131/995
f 4219/6519/4790 2989/4450/3747 3610/5432/4337
f 2381/3505/3063 3607/4202/3591 3924/5956/4558
f 1767/2578/2288 4032/6520/4666 1768/2579/2289
f 3315/4956/1945 1493/2175/1938 3316/4957/4076
f 884/1263/1121 4196/6479/4781 885/1264/1122
f 3893/5906/4565 3108/4623/3870 4220/6521/4791
f 1523/4542/1979 3229/4820/3991 1524/6522/1980
f 3650/5491/4369 3671/5537/4390 1636/2385/2121
f 2814/4159/3557 4221/6523/4792 2815/4160/3558
f 2490/3667/3190 2542/1736/1555 2541/6524/3254
f 196/273/219 2490/6525/3190 2541/3754/3254
f 3770/5715/4468 4222/6526/136 4811/878/754
f 1368/922/795 969/1385/1235 648/923/796
f 939/1344/953 3250/1641/1474 2007/6527/2609
f 1668/4701/2162 3162/4700/3914 4223/6528/1083
f 2508/2647/2351 1816/2646/2350 4027/6127/4660
f 835/3151/1052 4618/1311/1166 143/194/154
f 1279/1855/1665 3915/5946/4585 1827/2670/2369
f 2672/3943/3400 2671/3942/3399 3438/5168/4193
f 1052/1500/1344 336/485/368 2460/3627/3160
f 2194/3226/2836 1116/1586/1425 1115/1585/1424
f 3000/4722/3757 3002/5486/3759 2544/3762/3259
f 1934/2834/2510 3929/5964/4596 4117/1779/1595
f 4207/6502/4786 2678/3951/3407 2680/3953/3409
f 4610/6529/4793 1053/1501/1345 4224/6530/1050
f 3420/6003/4175 3833/5805/4516 4711/6531/4794
f 3898/5913/4570 1237/1774/1590 1238/1776/1592
f 3010/4477/632 4225/6532/631 4146/6533/4747
f 173/233/186 3916/5948/4586 178/239/192
f 3911/5940/4583 3079/5939/3840 3078/6534/3839
f 323/468/354 3992/6061/4642 331/478/361
f 788/1117/982 4695/5962/4594 2388/3517/3073
f 591/6535/721 1603/2340/2084 4456/2342/2086
f 1389/2022/1809 473/670/551 474/672/553
f 1786/2607/2314 4161/6397/4756 4226/6536/1717
f 4469/6537/2354 4406/6538/2808 961/1376/1226
f 4362/4688/1655 3442/4687/3909 3124/4644/3884
f 3849/5624/4423 4763/5623/4304 3621/6539/4345
f 2408/3550/3098 4403/5502/4376 2214/3254/2858
f 1524/6522/1980 3229/4820/3991 3206/4778/3962
f 3509/5272/1752 4227/6540/4779 2534/3745/3245
f 2699/3976/3429 1839/2685/2383 526/754/634
f 1402/2584/1823 1769/2583/2293 4228/6541/4795
f 4229/6542/4796 2014/2958/2617 2952/4246/3618
f 3863/5858/4540 603/859/737 415/587/468
f 4230/6543/2455 2195/6544/2837 2500/786/665
f 450/638/519 3576/5378/4309 566/812/690
f 3939/5976/4603 4944/6545/4776 3589/5393/4319
f 4231/6546/3033 1512/2210/1966 4484/3596/3136
f 2709/3988/3437 998/1691/484 1184/1693/1520
f 4104/6547/4716 3945/5985/4608 3313/4952/4075
f 2094/3071/2716 124/165/130 596/852/730
f 2885/4282/3640 2513/3705/3218 1840/2686/2384
f 4232/6548/4797 4233/6549/3621 2867/6550/3577
f 788/1117/982 4234/6551/4798 787/1115/980
f 4855/2222/1975 2582/3817/3302 3551/6552/4280
f 4235/6553/4799 129/170/135 2330/3430/3002
f 4712/2878/2549 1965/2877/2548 4505/6554/3954
f 752/1072/939 3581/5384/4313 3356/5018/2807
f 888/1268/1125 430/609/490 1685/2459/2181
f 4236/6555/1570 4774/5495/4372 3653/5494/507
f 2820/4170/3566 1509/2207/1364 1508/2206/1963
f 4647/1200/1062 3197/4760/3953 873/4844/1102
f 4237/6556/1874 2718/4035/3446 3333/4034/3474
f 2363/3483/3044 4096/6254/4709 4314/6557/4800
f 1902/582/463 412/581/462 1066/1521/1365
f 656/6558/804 2871/6559/3625 757/1079/944
f 4720/6134/4664 3553/6560/4283 3839/5815/4519
f 3281/4902/4041 2028/2977/2631 3282/4903/4042
f 2795/4130/3541 3537/6561/4271 3896/5910/1169
f 4719/5179/3934 3445/5180/4197 3835/5809/4518
f 444/5831/512 2460/3627/3160 3693/3626/3159
f 499/6562/592 2427/6563/3121 4238/6564/3123
f 2246/3301/2898 2537/3748/3248 2247/3302/2899
f 3142/4665/1306 1361/1979/1773 1642/2392/2128
f 3019/4496/3781 4931/3557/3104 1868/2737/2423
f 1400/2037/1821 4239/6565/4801 1936/2836/2512
f 4222/171/136 979/1405/1255 616/6566/755
f 4161/6397/4756 1938/2839/2514 1212/4936/1553
f 2481/3657/3182 2412/3556/3103 2422/3571/3116
f 4664/6567/2558 1597/2327/2072 2875/4266/2559
f 4328/6568/4777 4193/619/500 3804/6569/4493
f 2784/4106/3529 4867/4105/2915 2847/6570/3600
f 2027/2976/2630 547/783/662 3511/5274/4250
f 2487/1142/1005 3602/5420/4330 1877/5419/2438
f 908/1298/1153 4182/3839/3319 1962/2868/2541
f 3400/5101/4151 3236/4831/3999 3401/5102/4152
f 1281/6571/1667 1960/2866/2539 1959/2865/1668
f 3574/5376/3992 946/1356/1207 3230/1355/1206
f 4240/6572/1637 4241/6573/889 2863/4245/3617
f 3985/6052/4637 1992/2927/2588 2946/4382/3704
f 2341/3447/3015 4202/6494/4783 617/881/757
f 3017/4488/3776 3883/5891/4557 3200/4766/617
f 2114/5481/2741 3009/4476/3766 1046/1494/1338
f 3449/5185/4201 3657/5503/4377 4266/4569/3834
f 1927/2818/2495 1404/2044/1828 1406/2046/1830
f 3391/6574/4141 387/548/429 4889/550/431
f 1930/2825/2502 3675/5542/4393 3032/4511/3796
f 3413/5124/4167 4471/6575/4802 1643/2393/2129
f 4242/6576/4803 1788/2609/2316 1787/2608/2315
f 1593/2320/2067 3012/4480/3769 1222/3701/1571
f 1871/5706/2427 4457/6577/4804 1815/2645/2349
f 219/356/253 2431/3584/3126 1968/2881/2552
f 4196/6479/4781 3986/6053/4638 2017/2962/2621
f 4170/5002/4098 4243/6578/1897 2843/2697/2394
f 4302/4344/3682 1558/2273/2026 4649/2274/2027
f 1080/1538/1382 2743/4039/3476 590/841/719
f 3401/5102/4152 3236/4831/3999 4232/6548/4797
f 4879/6579/4805 2506/3690/3207 2476/4420/3176
f 3913/5943/4489 3763/5701/4461 2167/3184/2801
f 3694/3766/3263 2546/3765/3262 2725/6580/3456
f 1733/2533/2245 2947/4383/3705 2949/4385/3707
f 2038/2991/2645 2037/2990/2644 4767/3602/3142
f 2227/3271/2871 2226/3270/2870 3059/4549/3823
f 4244/6581/4806 879/1255/1113 3402/5103/4153
f 242/338/276 248/347/281 2095/6582/2717
f 2119/3531/2747 4245/6583/4807 1304/1903/1707
f 4246/6584/3961 4247/6585/4808 3241/6586/4003
f 4248/6587/1036 4249/6588/1035 2716/3998/3445
f 4697/6589/4809 1561/2279/2032 1038/1483/1328
f 2484/3660/3185 4250/6590/4810 2485/3661/3186
f 4197/6480/4541 4196/6479/4781 4251/6591/4811
f 2190/3219/2829 2189/3218/2828 4252/6592/1204
f 2151/3162/2683 2225/4208/2869 2073/6593/2684
f 2123/3119/2750 3785/5731/4480 4212/6508/4789
f 4799/6594/3327 4862/2483/2203 2606/6595/2952
f 1118/1592/1430 3939/5976/4603 2671/3942/3399
f 3947/5989/4116 4082/6233/4697 2409/3551/3099
f 4180/6596/3956 831/1181/1043 833/1183/1045
f 3552/5334/4281 3283/4904/4043 2803/4139/3548
f 3837/5812/4450 4253/6597/2811 1698/2477/2198
f 883/1261/1119 2613/3858/3333 4343/3558/3105
f 107/3924/113 2658/3923/3385 1232/1769/1585
f 926/1324/1178 3638/5471/4359 2693/3970/3423
f 3164/6598/3917 2683/3957/3413 2918/6599/3677
f 461/6600/534 1192/1705/1530 2030/2980/2634
f 478/679/560 4517/6601/4812 4930/680/561
f 4254/6602/4010 4255/6603/1522 3214/4792/1521
f 3449/5185/4201 4266/4569/3834 4256/6604/4813
f 3861/6168/4537 3373/5054/4121 4257/6605/4814
f 294/6606/329 1989/4339/2585 4258/6607/330
f 3267/4888/1993 3274/4890/4036 4846/6608/4725
f 3358/5023/4108 4259/6609/4465 3347/5003/4099
f 2492/3673/3195 4533/5033/4111 4593/2780/2460
f 1066/1521/1365 1067/1522/1366 416/6610/470
f 4758/6611/4815 2921/1791/1607 622/6612/764
f 1090/1551/1394 1089/1550/1393 3990/4525/3807
f 942/1348/1199 1206/1726/1547 3672/5538/4391
f 1883/2761/2443 3319/4961/554 3925/5957/4592
f 1342/1953/1751 676/962/834 2983/4443/3743
f 489/6284/577 1180/1688/1227 1901/2788/2468
f 2660/3928/3388 3472/5220/4220 4486/4757/3952
f 4260/6613/3363 4076/3770/3006 2548/3769/3264
f 3291/4914/4050 3290/4913/4049 3466/5209/4213
f 3867/5866/4545 3496/5254/4238 3495/5253/4237
f 633/903/778 632/902/777 2648/3906/3373
f 4261/6614/4692 4262/6615/4816 2116/3109/2743
f 4130/6325/4734 1542/2253/2006 2491/3669/3191
f 462/654/535 2520/3719/3226 2874/4263/3627
f 1770/2585/2294 4263/6616/1743 4264/6617/4817
f 4265/6618/4818 4256/6604/4813 4266/4569/3834
f 3623/5449/4347 4265/6619/4818 4266/6620/3834
f 3456/5195/4204 1858/2714/2406 4267/6621/4819
f 4268/6622/4820 2187/3216/2826 1581/2305/2054
f 4158/6393/3223 3338/4301/3654 2342/3448/3016
f 3292/4915/4051 108/149/114 3871/5872/4547
f 4028/6623/4661 4021/6624/4657 1844/2691/2388
f 768/6625/958 767/6626/957 4613/6627/1221
f 328/474/358 3824/5783/4507 729/4154/908
f 4378/6628/4821 1726/5208/2238 3290/4913/4049
f 3431/5156/4188 3044/4528/3810 4643/4527/3809
f 3315/4956/1945 1497/6629/1947 796/1126/991
f 1211/1732/1551 1210/1731/1550 641/915/788
f 3970/6027/4329 3139/4662/3898 3140/4663/3899
f 639/2505/432 4121/1843/1656 389/1845/433
f 4269/6630/4822 1826/573/454 1120/1594/1432
f 3433/1972/1769 515/739/619 1669/2437/2163
f 3136/4658/3895 3347/5003/4099 3137/4659/3896
f 3714/5608/4417 2033/2984/2638 4452/4070/3500
f 241/337/275 1968/2881/2552 1159/1657/1487
f 3590/5394/4320 3727/6631/4427 4314/6557/4800
f 2818/4856/3561 2966/6632/3724 3251/4854/4013
f 4229/6542/4796 1762/2571/2281 1763/2573/2283
f 3322/2513/2226 1296/6200/1694 1720/2514/2227
f 3746/5677/4448 4582/5640/4429 1294/1885/1692
f 1930/2825/2502 3032/4511/3796 3131/4651/3891
f 4610/6529/4793 1051/1499/1343 1053/1501/1345
f 4113/4895/1509 1066/1521/1365 416/6610/470
f 1719/2511/2224 1796/2622/2328 4338/2509/2222
f 4330/6633/3418 689/981/852 4104/6547/4716
f 2459/3625/3158 4270/6634/2714 4271/6635/2713
f 2144/3150/2775 2727/4015/3458 4272/6636/4823
f 3833/5805/4516 3419/1535/1379 1678/2448/2171
f 2524/3724/3231 3563/6637/4293 2171/3194/2809
f 2594/5614/3314 4907/2051/1835 2720/4002/3448
f 1682/2454/2176 3463/5204/4210 4273/6638/4824
f 4413/6639/4825 3639/2616/2323 3659/5506/1157
f 4656/2071/1853 2860/2988/2642 4011/3926/3387
f 2347/3454/3022 3590/5394/4320 3589/5393/4319
f 1024/6640/1309 2498/3679/3201 2497/3678/3200
f 749/1069/936 4289/4570/3835 3329/4978/4084
f 3518/5282/4254 2063/3017/2669 2242/3292/2890
f 3357/5021/4106 2065/3021/2673 2067/3023/2675
f 3693/5575/3159 2309/5577/2977 444/631/512
f 4132/6329/4226 4133/6331/4736 2144/3150/2775
f 4274/6641/4826 1651/2404/2137 4275/6642/4827
f 4276/6643/4828 4000/6644/4646 973/6645/1244
f 4045/2715/2407 1858/2714/2406 1980/2904/2572
f 169/229/184 150/203/163 152/205/165
f 700/996/866 840/1196/1058 4277/6646/4100
f 2924/4343/3681 2923/4342/3680 708/1010/880
f 4925/5696/4456 2154/3167/2786 2894/4296/3650
f 1433/2083/1864 4106/6267/4307 3219/6647/3977
f 4866/5856/4538 1224/1755/1573 2891/4334/3306
f 1437/2087/1868 3980/6045/4633 894/1276/1133
f 4278/6648/4829 2641/3898/3365 3832/5803/4515
f 4279/6649/648 4963/496/379 538/6650/649
f 1921/2812/2489 834/1186/1048 4280/6651/4218
f 2570/3801/3289 2233/3279/2878 3772/3802/3290
f 4180/6596/3956 4281/6652/4156 831/1181/1043
f 2879/4274/3635 2474/646/527 3055/4543/3820
f 3886/6653/4560 4608/6654/2739 2394/3527/3082
f 4321/1711/1534 2766/4080/3510 1197/1712/1535
f 3185/4740/3938 4835/5310/4268 3931/5967/4598
f 813/1153/1016 4668/2727/2416 3429/4102/3528
f 4445/5539/2217 3528/5296/2418 4282/6655/141
f 4936/5197/4205 2645/3903/3370 4958/3902/3369
f 518/743/623 4975/2650/2353 2503/1767/1583
f 2318/3409/2985 2477/3760/3178 4283/6656/4830
f 4284/6657/4831 4875/3180/2799 2649/3910/3376
f 4285/6658/4555 992/6659/1270 2105/3092/2732
f 4286/6660/4832 3466/5209/4213 1976/2894/2564
f 3574/4821/3992 3229/4820/3991 3798/5295/4260
f 2876/4559/3629 3101/4613/3862 3304/4560/3830
f 1746/2552/2263 3670/5536/4389 3703/5593/4409
f 733/1045/913 1350/1963/1760 1352/1965/1762
f 427/606/487 426/605/486 918/1315/1170
f 1568/2287/2039 4514/3948/3404 1569/2288/2040
f 2549/3771/3265 4287/6661/4833 2365/3487/3047
f 2306/3391/2973 4288/6662/4834 3352/3478/3040
f 2597/3837/3317 4182/3839/3319 908/1298/1153
f 4289/6663/3835 2301/3384/2968 3330/6664/4085
f 2260/3319/2914 2224/6342/2868 601/857/735
f 588/839/717 587/838/716 4290/6665/842
f 3627/5454/4351 4741/6666/4835 4291/6667/4836
f 2796/4131/3542 3378/5067/4127 4110/6276/4721
f 4292/6668/4837 1317/1919/1723 3410/5116/1807
f 1331/1940/1741 3734/5651/4437 2764/4078/3508
f 3502/5264/4243 195/272/218 1074/1529/1373
f 635/5822/780 636/5830/782 2590/3828/3312
f 4235/6553/4799 4293/6669/4394 596/852/730
f 3912/5941/1000 242/338/276 2095/6582/2717
f 3790/5350/4290 3293/4916/4052 4294/6670/4838
f 3718/1872/1681 4566/2698/2395 1287/1873/1682
f 1588/6289/2063 4295/6671/2125 1646/2215/1969
f 3675/5542/4393 3674/5541/4392 3030/4509/3794
f 3011/5707/3767 3490/5243/4230 4296/6672/4839
f 2166/3179/2798 2165/3178/2797 4257/6673/4814
f 104/145/110 372/529/410 2962/4409/3720
f 3136/4658/3895 3358/5023/4108 3347/5003/4099
f 723/1031/900 4297/6674/4840 3408/5114/4161
f 3578/5381/1387 2896/4299/3653 4004/6675/3386
f 3475/6676/4222 4298/6677/3966 2758/6678/3497
f 785/1111/976 2410/3552/3100 770/1095/960
f 4049/6679/2842 4123/4561/3630 3907/5932/4578
f 2558/3784/3277 3731/5645/4434 4783/6680/3395
f 4574/3128/2757 4279/769/648 537/768/647
f 1521/6681/1977 3592/5396/4322 1977/2900/1825
f 2318/3409/2985 2319/3411/2987 3695/3761/3258
f 3419/5135/1379 1286/1869/1678 3414/1868/1380
f 993/1421/1271 736/1048/916 866/3920/1092
f 1313/1915/1719 1315/1917/1721 3245/4846/4007
f 3594/5401/4324 1150/1636/1472 3084/4585/3845
f 3757/5966/4453 4835/5310/4268 4299/6682/1949
f 2049/3003/2656 2700/3977/3430 2050/3004/2657
f 2787/4114/3140 2601/3843/3323 2603/3845/2366
f 2528/3729/3236 2318/3409/2985 4283/6656/4830
f 4888/6683/4420 1465/6684/1906 449/637/518
f 4394/6046/4634 3233/4828/3996 4300/6685/1426
f 2728/4016/3459 2639/3895/3362 3270/4881/4030
f 1604/2341/2085 2891/3821/3306 4456/2342/2086
f 1335/1945/1745 1031/1472/1317 1336/1946/1746
f 4497/517/400 1227/1760/1578 4498/1022/891
f 4422/6686/4841 4421/6687/4715 505/722/602
f 3672/5538/4391 4218/4285/3642 4274/6641/4826
f 4143/6352/2363 1945/2850/2525 1944/2849/2524
f 4301/6688/4842 575/823/701 650/925/798
f 2501/3682/3203 4302/6689/3682 3158/6690/3911
f 1095/1557/1400 355/507/390 1096/1558/1401
f 3277/4894/4038 1051/1499/1343 4610/6529/4793
f 4303/6691/4843 1087/1548/1391 2311/3400/2979
f 4790/4933/4063 2395/4708/3084 3166/4707/3920
f 4304/6692/4844 3373/5054/4121 3372/5053/4120
f 4694/5143/4180 4305/6693/2103 3955/6000/4615
f 2775/4093/3520 3780/5726/4476 1500/2192/1953
f 731/1043/911 2970/2750/2435 1875/2749/2434
f 3095/4604/3856 3974/6035/4629 3180/4731/3932
f 541/774/653 3911/5940/4583 3098/6694/3860
f 3332/3223/2833 2890/4403/3645 2192/3224/2834
f 2283/3354/2943 2232/6498/2875 2231/3062/2707
f 3734/5651/4437 534/765/644 3735/5652/1826
f 3450/5186/4202 4052/6177/4681 3737/5655/2497
f 4587/4166/3562 4016/6107/4655 988/1416/1266
f 4518/6695/4845 2582/3817/3302 766/1090/955
f 2539/3751/3251 4139/6696/4742 2286/3358/2946
f 650/925/798 3762/5700/4460 651/926/799
f 2372/1345/1197 4306/6697/3740 940/1346/1198
f 508/727/607 460/6698/533 134/182/145
f 4307/6699/2726 2722/1277/1134 2417/3563/3110
f 3933/3961/3416 2686/3960/3415 1199/1717/1540
f 4677/5300/4262 1331/1940/1741 1330/1939/1740
f 3203/4772/3957 1610/2348/2090 1609/2347/2089
f 3203/5446/3957 1609/4548/2089 2226/3270/2870
f 3871/5872/4547 4080/6226/4694 3872/5873/4548
f 4717/953/826 4162/6402/4757 2430/3583/3125
f 1048/1496/1340 1441/2097/1877 1338/1295/1151
f 3638/5471/4359 4308/6700/1419 3639/5472/2323
f 4755/6701/1442 3710/5604/4413 1127/6282/1440
f 4144/6702/1902 4309/6703/3486 4310/6704/1903
f 2070/3030/2679 4311/6705/2993 1576/2297/2048
f 565/5785/688 3780/5726/4476 3782/5728/4478
f 3026/4504/3789 3025/4503/3788 3909/5936/4582
f 3785/5731/4480 1131/1608/1445 910/1300/1155
f 3443/5175/4195 4254/6602/4010 3222/4805/3981
f 987/1922/1264 1292/5596/1691 4312/6706/1265
f 4873/4032/3472 643/917/790 4268/6707/4820
f 1284/1862/1672 4504/5474/4360 695/990/860
f 1301/1894/1701 4036/6149/4671 4830/4728/3930
f 3728/5637/4428 4313/6708/4846 4314/6709/4800
f 4315/6710/4847 2064/3019/2671 3963/6019/728
f 3349/5009/783 638/6711/785 3350/5010/4102
f 4316/6712/3973 3178/4726/3929 983/1410/1260
f 2676/3947/3403 4905/1006/876 2357/1228/1087
f 1034/1476/1321 4601/3722/3229 4752/6713/4848
f 3259/6714/3741 3033/4512/3797 4723/6459/4772
f 4317/6715/193 791/1120/985 1923/2814/2491
f 604/763/642 1398/2035/1819 711/1016/885
f 2354/3470/2393 4156/5425/4334 2355/3471/3034
f 3019/4496/3781 4140/5251/4235 4931/3557/3104
f 762/1084/949 2292/3371/2959 4228/6541/4795
f 4768/6716/4849 2263/6717/2920 1666/6718/2160
f 1390/2023/1810 474/672/553 4622/3278/2877
f 1975/6719/2563 4318/6720/1051 3566/5360/4297
f 2654/3524/3080 4319/6721/4768 3875/3525/3081
f 1419/2066/1849 1062/1515/1359 1064/1517/1361
f 763/1085/950 2216/3257/1320 2691/3968/3421
f 1729/2529/2241 658/935/808 1228/1761/1579
f 414/586/467 3862/5857/4539 415/587/468
f 2405/3544/787 2623/3874/3348 3392/3545/3096
f 2311/3400/2979 1054/1502/1346 3599/5413/2693
f 3543/5324/4276 2179/3204/2816 1508/2206/1963
f 1074/1529/1373 195/272/218 1075/1530/1374
f 4320/6722/2508 4747/2724/2414 2889/4288/3644
f 4321/6723/1534 4059/6724/1536 3930/5965/4597
f 1555/2267/2020 1992/2927/2588 1097/1559/1402
f 1332/1941/1742 2782/4101/3527 3630/5458/4353
f 361/514/397 1064/1517/1361 1063/1516/1360
f 4322/6725/4850 4323/6726/3669 1047/1495/1339
f 4384/4827/3995 1085/4826/1389 1087/6727/1391
f 2737/4027/3469 4324/6728/883 2735/4025/3467
f 664/6729/818 390/553/434 665/6082/819
f 829/1179/1041 2895/4297/3651 830/1180/1042
f 1313/1915/1719 3941/5979/4604 1314/1916/1720
f 1119/1593/1431 1442/2098/1878 382/542/423
f 2265/6730/2922 4124/6306/4517 4967/6308/4728
f 3895/5908/4567 1589/2316/2064 2254/3312/2908
f 4465/1285/1142 901/1287/1144 1453/2110/1890
f 4548/2906/2574 3932/6731/4599 855/1215/1077
f 4325/6732/4851 4880/4745/3942 3073/4573/3838
f 3986/6733/4638 3240/2269/2022 4533/6734/4111
f 1307/1907/1711 4326/6735/4852 2760/4071/3501
f 3661/5510/4379 4083/6234/4698 3892/5511/4380
f 1357/1971/1768 3516/3415/2991 2320/3414/2990
f 2552/5545/3269 3676/5544/1603 1830/6736/2372
f 2484/3660/3185 3263/4873/4023 4250/6590/4810
f 1975/6719/2563 3566/5360/4297 2699/3976/3429
f 3328/4506/3791 4766/6737/4853 1000/1432/1280
f 3561/3665/3189 1573/2293/2045 1572/2292/2044
f 2875/2889/2559 1142/1624/1460 1144/1626/1462
f 483/685/566 485/687/568 2822/4174/3568
f 3689/6738/3554 3506/5269/4247 1635/6739/2120
f 3620/6740/1008 3014/4485/3773 4327/6741/4002
f 3051/4537/3817 3910/729/609 3052/4538/3818
f 2255/3313/2700 4637/1288/1145 3799/1290/1147
f 2482/3658/3183 4085/6237/4701 2483/3659/3184
f 2083/6742/501 4328/6743/4777 2255/3313/2700
f 2648/4140/3373 2647/6744/3372 2804/4141/3549
f 4228/6541/4795 4435/5123/4166 3412/5122/4165
f 1783/2603/2310 877/1637/1110 4329/6745/4854
f 2091/3064/2709 1252/1801/1616 980/1406/1256
f 3261/6080/4021 4174/5242/4229 2399/3538/3090
f 2412/3556/3103 3666/3555/3102 3016/4487/3775
f 3865/5864/4543 2595/3835/3315 3269/4880/4029
f 3949/5991/4612 1415/2059/1842 3058/4546/3822
f 2904/4315/3665 4515/5644/4433 3730/5643/4432
f 938/6219/1196 2043/6486/2651 3418/5130/4170
f 647/921/794 648/923/796 3546/5327/4277
f 3504/5267/4245 862/6746/1086 854/1213/1075
f 3465/5206/4212 3294/4917/4053 3790/5350/4290
f 1141/1623/1459 3867/5866/4545 3882/5890/4556
f 3498/5259/4241 1447/2104/1884 2334/3435/3007
f 4330/6747/3418 4104/6264/4716 1994/2929/2590
f 3212/6748/3972 4316/6712/3973 983/1410/1260
f 4291/6667/4836 4741/6666/4835 4331/6749/4741
f 4151/6376/4751 3739/5659/3569 4332/6750/4855
f 2415/3561/3108 966/1382/1232 2416/3562/3109
f 944/4756/1201 943/6751/1200 1128/1605/1443
f 519/744/624 3969/6026/4624 1548/2260/2013
f 1665/2899/1010 1657/2415/2148 1831/2758/2373
f 512/735/615 1016/1451/1297 2047/3001/2654
f 3491/5245/4231 1536/2245/1998 4956/5947/3715
f 4652/5532/4387 4959/5048/4117 1097/1559/1402
f 1702/2926/2201 4652/5532/4387 1097/1559/1402
f 338/487/370 3508/5271/3147 1639/2388/2124
f 3138/4661/3897 1846/2694/2391 1893/2777/2458
f 1646/2396/1969 1640/2390/2126 874/1247/1105
f 4033/6144/4667 3445/5180/4197 629/899/774
f 4333/6752/3666 3510/5273/4249 2905/6753/3667
f 3236/4831/3999 3238/4833/1068 4233/6549/3621
f 3770/5715/4468 4334/6754/4856 3296/4919/4055
f 390/553/434 664/6729/818 640/911/786
f 2176/3201/2815 1540/6755/2004 4640/3532/3086
f 4335/6756/4857 953/1363/1214 952/1362/1213
f 4137/6337/4739 2365/3487/3047 3999/6757/4645
f 4107/6269/1302 3961/6013/4619 3894/5907/4566
f 4151/6376/4751 4332/6750/4855 1906/2794/2472
f 4915/3922/3384 3215/6758/3976 2864/4248/2207
f 4081/6232/4696 4336/6759/4299 4082/6233/4697
f 4669/6760/4858 4337/6761/2355 962/1378/1228
f 2681/3954/3410 3554/3955/3411 1475/6128/1915
f 4306/4439/3740 2980/4438/3194 4951/6762/3193
f 3698/5582/4405 4338/6763/2222 2849/4219/3171
f 1418/2065/1848 2479/4201/3179 2381/3505/3063
f 1125/1600/1438 1506/2202/1959 1196/1710/579
f 4339/6764/3454 2900/4310/3661 3068/664/545
f 2179/3204/2816 3543/5324/4276 3544/5325/3875
f 4340/6765/4859 2205/3243/2851 1616/2356/2096
f 1405/2045/1829 1404/2044/1828 3644/4721/3925
f 4237/2094/1874 4491/2380/2117 1439/2095/1875
f 3816/5774/4502 3817/5775/4503 4341/6766/4860
f 2583/5214/3303 4342/6767/4861 1909/2798/2476
f 4343/6768/3105 810/1149/1012 3249/4852/4012
f 4676/1402/1252 3765/5704/4463 2931/4354/3686
f 4676/1402/1252 2931/4354/3686 1004/1436/1284
f 399/707/443 498/709/589 2383/3512/3068
f 634/904/779 1147/5455/1467 4699/6769/4862
f 854/6770/1075 862/1227/1086 1615/1229/1088
f 4344/6771/2454 1805/2633/2337 1671/2440/2166
f 2447/3607/3144 1842/6772/2386 1841/6773/2385
f 2560/3786/3279 1401/2038/1822 2182/3209/2821
f 492/701/582 2700/3977/3430 2049/3003/2656
f 1503/2196/1600 1504/2198/1955 1093/1554/1397
f 1408/2049/1833 1407/2048/1832 4345/6774/1470
f 2801/4137/3547 3786/5733/4481 705/1004/874
f 2507/3691/3208 2506/3690/3207 3181/6775/3933
f 2428/6776/3122 2427/6047/3121 4394/6046/4634
f 4728/4271/3632 4805/1650/1480 2139/3143/2768
f 4929/4149/3214 4928/6777/4863 3135/4657/3894
f 4346/6778/3181 4742/3298/2895 4453/2277/2030
f 2148/3158/2780 768/6338/958 3858/6779/588
f 688/980/851 3945/5985/4608 689/981/852
f 2419/3565/3112 2420/3567/3114 1696/2471/2192
f 3062/4553/3827 3061/4552/3826 1844/2691/2388
f 4347/6780/2699 1871/5706/2427 2508/2647/2351
f 4446/4355/3687 4348/6781/2274 2333/3433/3005
f 1440/2096/1876 3775/5721/4472 3777/5723/4473
f 2923/4342/3680 4972/1011/881 708/1010/880
f 3061/4552/3826 4028/6623/4661 1844/2691/2388
f 3317/4959/613 3319/4961/554 1883/2761/2443
f 4349/6782/1697 4643/4527/3809 4685/1172/1034
f 2907/4322/3670 1956/2862/2536 2757/4064/3495
f 3219/6783/3977 4106/5375/4307 3798/5754/4260
f 3842/5818/4521 1641/6784/2127 1643/6138/2129
f 976/5244/1249 4350/6785/3211 4351/6786/4142
f 4000/6644/4646 4276/6643/4828 4352/6787/4864
f 3289/5669/4048 1727/5753/2239 1974/2892/2562
f 3419/1535/1379 754/1074/941 1678/2448/2171
f 4047/6788/4680 4353/6789/4865 516/741/621
f 4354/6790/2565 4355/6791/2567 3864/6792/4009
f 4007/6089/4650 4356/6793/1576 3067/4563/3831
f 3094/4603/3855 3093/4602/3854 2136/3140/2765
f 3174/5414/3923 4793/6794/4572 3576/5378/4309
f 351/502/385 353/504/387 3773/5718/4470
f 2680/3953/3409 4357/6795/4866 3669/5534/1217
f 2660/3928/3388 4181/3222/2832 3472/5220/4220
f 2790/4122/3534 1638/6796/2123 1601/2338/2082
f 4190/6461/4773 3041/4522/3804 4358/6797/4749
f 4359/6798/4867 4238/6799/3123 2428/5862/3122
f 4360/6800/4431 2529/6801/3237 4361/6802/2600
f 3568/5364/1654 4459/6448/3908 4362/6803/1655
f 3089/4595/3850 631/901/776 567/814/692
f 3739/5659/3569 1369/6804/1780 3740/5660/4439
f 4363/6805/4868 4364/6806/4869 3768/5711/4464
f 3876/6807/4549 3410/2018/1807 1666/6808/2160
f 3015/4486/3774 3874/5667/4442 2419/3565/3112
f 2116/3109/2743 4262/6615/4816 3162/4700/3914
f 4299/2188/1949 2435/2190/1951 3544/4629/3875
f 642/3214/789 3032/4511/3796 2186/3215/2825
f 2110/6307/2737 3470/5215/2736 451/639/520
f 642/3214/789 3131/4651/3891 3032/4511/3796
f 645/919/792 1618/2358/2097 4365/6809/4870
f 645/919/792 4365/6809/4870 646/920/793
f 981/1407/1257 980/1406/1256 1253/1802/1617
f 844/6062/1063 3244/6810/4006 4366/6811/4871
f 1581/6812/2054 4367/6813/2880 4268/6707/4820
f 2866/2006/1796 2536/5603/3247 1380/2007/1797
f 3166/4707/3920 3407/5113/4160 3408/5114/4161
f 4368/6814/3490 1854/2705/2400 2642/3899/3366
f 1210/1731/1550 642/916/789 641/915/788
f 2404/3543/3095 3898/5913/4570 1238/1776/1592
f 3031/4510/3795 2186/3215/2825 3032/4511/3796
f 157/6815/171 3156/212/172 792/6816/986
f 4092/6248/4707 3088/4593/3848 2806/4144/3551
f 4774/5495/4372 2370/6817/3051 2369/5512/3050
f 1703/5968/2204 2814/4159/3557 1454/2112/1892
f 1703/5968/2204 1454/2112/1892 412/581/462
f 3327/4975/4083 868/1238/1096 870/1240/1098
f 3519/6818/1453 1525/2228/1981 3520/5804/4255
f 4043/3413/2989 1870/2740/2426 1956/2862/2536
f 4027/6127/4660 4804/6819/1471 4026/6126/3210
f 2742/4038/3475 3428/5149/4185 690/983/525
f 2767/4081/3511 3007/6820/3764 1197/1712/1535
f 4156/6243/4334 1358/6242/1770 4333/6821/3666
f 2588/3826/3310 636/5830/782 2917/6822/3676
f 2942/3362/2950 3880/5886/4554 4369/6823/4872
f 3391/5085/4141 2483/3659/3184 3390/5083/4140
f 2187/3216/2826 2186/3215/2825 3163/4702/3915
f 3269/4880/4029 2726/4014/3457 2728/4016/3459
f 3167/4709/3085 2099/3081/2722 3407/5113/4160
f 364/518/401 546/782/661 396/559/440
f 4066/6203/4689 2313/3402/2980 2673/4861/3401
f 2201/3236/2846 2995/4461/3753 2994/4460/3752
f 2445/3604/3143 2201/3236/2846 2994/4460/3752
f 1866/2734/2420 3613/5436/2605 2988/2735/2421
f 2421/3569/3115 2847/6824/3600 2107/6825/2734
f 1047/1495/1339 1046/1494/1338 4322/6725/4850
f 2129/3131/1771 2128/3130/2759 3027/4977/3790
f 3095/4604/3856 4335/6756/4857 3093/4602/3854
f 3790/5739/4290 4294/6826/4838 3791/5740/4484
f 3390/5083/4140 2943/4377/3700 4067/6827/4690
f 3446/5181/4198 1530/2234/1987 1532/2236/1989
f 1328/1937/1738 4525/6828/2296 2980/4438/3194
f 691/984/854 4207/6502/4786 4399/985/855
f 4848/6829/1055 4370/6830/4310 4756/5347/4287
f 4371/6831/4873 3850/5832/4530 4596/2432/2159
f 2244/3297/2105 1624/6832/2104 525/753/633
f 3235/4830/3998 731/1043/911 1875/2749/2434
f 4371/6831/4873 3668/6833/4388 4660/6834/4874
f 1728/2528/2240 1228/1761/1579 1227/1760/1578
f 4893/5622/3461 4762/6835/4875 4763/5623/4304
f 1141/1623/1459 3866/5865/4544 3867/5866/4545
f 2960/4405/2309 1299/1891/1698 687/979/850
f 3211/4787/3970 3869/4786/3969 4372/6836/4876
f 4373/6837/2279 3789/5738/4483 2048/3002/2655
f 1721/2516/2229 3114/4632/3876 3596/2517/2230
f 3965/6838/1485 3473/5221/4221 3343/6386/4093
f 766/6839/955 4374/6840/4877 4375/6841/4878
f 3284/4905/4044 2602/3325/2918 2097/3078/2720
f 3819/4187/3578 4195/6842/4780 1450/5942/1887
f 1715/2504/2218 640/2416/786 1657/2415/2148
f 3955/6000/4615 4305/6693/2103 3956/6001/3967
f 2492/3673/3195 4593/2780/2460 1895/2779/2361
f 2734/4024/3466 3923/5955/4591 2630/3883/3355
f 955/1365/1216 4671/538/419 3909/5936/4582
f 4401/6843/4879 3667/3871/3345 2620/3870/3344
f 747/6844/931 4837/6415/4760 2520/3719/3226
f 4344/6845/2454 1671/6846/2166 4376/6847/2165
f 336/485/368 1052/1500/1344 1051/1499/1343
f 4385/2058/1841 3039/4520/3802 4961/6848/2971
f 4480/6849/2838 4230/2774/2455 4481/2776/2457
f 3689/6850/3554 2810/1059/926 2464/3631/3164
f 910/1300/1155 909/1299/1154 2771/4087/3515
f 1583/2309/2057 1526/6851/1982 2472/3213/2824
f 2849/3640/3171 1798/2624/2330 2850/4124/3535
f 1106/1571/1414 3748/2978/2632 3655/6852/4374
f 4377/6853/4880 2194/3226/2836 1543/2255/2008
f 996/1425/1275 4506/6854/4881 4378/6855/4821
f 1697/6856/2193 2611/3856/3331 2610/3855/3330
f 3256/4863/4017 2981/2582/2292 4379/6857/658
f 4021/6624/4657 4895/2692/2389 1844/2691/2388
f 3794/5746/2195 3127/4647/3887 3513/6111/4252
f 3674/5541/4392 459/651/532 3505/5268/4246
f 431/610/491 4380/6858/4882 2212/3252/2856
f 431/610/491 2212/3252/2856 432/611/492
f 3504/6859/4245 1626/2369/2107 862/1227/1086
f 4778/6235/4699 3376/6860/4124 4083/6234/4698
f 4381/6861/3235 2142/3146/2771 3009/6862/3766
f 4085/6237/4701 2943/4377/3700 3390/5083/4140
f 4091/6247/4706 1347/1960/1757 3931/6485/4598
f 2200/3235/2845 4780/6863/2433 1880/2756/2432
f 845/1203/1065 847/1205/1067 1817/2649/666
f 1910/2799/2477 4109/6273/4720 4108/6272/4719
f 1510/2208/1964 3543/5324/4276 1508/2206/1963
f 539/771/650 3281/4902/4041 3280/4901/4040
f 3116/4635/3878 4373/2569/2279 1760/2568/2278
f 1962/2868/2541 2063/3017/2669 2857/4233/3610
f 4382/6864/4217 4341/6865/4860 4908/2473/2194
f 3805/5762/4494 4637/1288/1145 2255/3313/2700
f 4209/6866/4787 4210/6202/4688 3968/6201/4623
f 340/489/372 1435/2085/1866 2088/3060/2705
f 4071/6210/3849 2058/6867/2665 2619/3868/3342
f 2413/3559/3106 4383/6868/4126 3079/5939/3840
f 4097/6493/4710 4384/6869/3995 1537/2246/1999
f 579/828/706 3468/5211/4215 3059/4549/3823
f 1547/2259/2012 1090/1551/1394 3043/4526/3808
f 4970/4190/3580 681/4797/841 1426/2076/1857
f 3087/4590/3846 4385/6870/1841 4961/3388/2971
f 3795/5747/1661 2701/3978/3431 861/6871/1085
f 782/1108/973 4863/6872/4883 3745/5673/4445
f 2455/3621/3154 1675/2444/2169 2456/3622/3155
f 1952/2858/2532 3145/4669/3903 4812/4302/3655
f 2620/3870/3344 1855/2706/2401 1854/2705/2400
f 2640/6873/3364 2100/3082/2723 4386/6874/1643
f 4387/6875/4884 891/6197/1129 3178/4726/3929
f 4343/6768/3105 4538/4238/3613 810/1149/1012
f 805/1139/1003 804/1138/1002 1258/1816/1630
f 4565/1005/875 1409/2050/1834 3175/4719/2965
f 1128/1605/1443 943/6751/1200 1861/2722/2412
f 1789/2610/2317 3328/4976/3791 2128/3130/2759
f 3778/5724/4474 1692/5307/2188 3534/5309/4267
f 2478/2956/2615 2012/2955/2614 4388/6876/3177
f 3186/4741/3939 4448/2831/2507 1949/4630/2528
f 3252/4855/4014 4389/6877/4885 4887/6878/4886
f 1835/5823/2379 4817/5674/4446 4390/6879/3055
f 532/761/640 2789/4120/3026 1019/1454/1300
f 589/840/718 3454/5192/2635 3883/5891/4557
f 2274/3342/2931 1482/2154/1081 2275/3343/2932
f 3399/5100/4150 1712/2499/2215 3493/5250/4234
f 4473/6880/4887 891/6197/1129 4391/6881/3805
f 4392/6882/3066 3941/5979/4604 4039/6152/4674
f 2349/6883/3030 1997/2935/2595 2294/2934/2594
f 4696/1116/981 4305/2364/2103 4694/6884/4180
f 3591/5395/4321 4115/6290/4723 1978/2901/2569
f 4224/6530/1050 1053/1501/1345 3365/5040/4113
f 1862/6885/2413 1414/6886/1840 4393/6887/612
f 3612/5434/4338 3205/4776/3960 4246/4777/3961
f 4024/6122/4658 2846/4216/3599 2940/3935/3393
f 2715/3997/3444 2714/3996/2056 3686/6888/4399
f 4944/6889/4776 2170/3190/2806 2665/3934/3023
f 4300/1587/1426 2428/6890/3122 4394/6891/4634
f 2394/3527/3082 350/501/384 3885/6892/4559
f 1771/2586/2295 3463/5204/4210 3845/5821/4524
f 1291/1881/1689 186/6893/204 4432/6894/4888
f 3840/5816/4520 2753/4059/3491 2005/2947/2606
f 4726/3461/3028 4875/6895/2799 3090/6137/2800
f 4395/6896/574 488/6897/573 4377/6853/4880
f 1207/5771/1548 3813/5770/3985 4599/6898/1944
f 2926/4347/3684 3904/5926/4577 2473/3645/3174
f 4917/1591/1429 1119/1593/1431 3761/5699/4459
f 2158/3171/2790 2157/3170/2789 4112/6278/4722
f 2783/4103/3215 4396/6899/4889 4397/6900/1996
f 4398/6901/3502 470/667/548 2222/3266/2866
f 1170/1672/1502 4221/6902/4792 323/468/354
f 1625/2368/2106 3324/4969/4081 2884/4281/3639
f 2750/932/805 2641/3898/3365 4945/933/806
f 3730/5643/4432 2119/3531/2747 2797/5732/3543
f 3622/5448/4346 751/1071/938 750/1070/937
f 810/1149/1012 3622/5448/4346 750/1070/937
f 690/644/525 4399/6903/855 454/645/526
f 1793/2512/2225 1720/2514/2227 1262/1821/1635
f 4400/6904/427 3667/5528/3345 4401/6905/4879
f 3777/5723/4473 3776/5722/2231 4727/2819/2496
f 656/6906/804 2873/4262/148 2871/4259/3625
f 1453/2110/1890 4785/865/741 4402/6907/1566
f 3881/5887/1940 1312/1914/1718 3253/1733/1552
f 3918/5915/4571 886/1265/1123 446/1267/514
f 1707/3027/2209 1897/3619/2464 1273/3618/1657
f 4737/2286/2038 4403/6908/4376 3826/5787/4508
f 2342/3448/3016 2800/4136/3546 2343/3449/3017
f 4704/4860/4015 2723/4009/3452 3838/5813/3532
f 1124/1599/1437 1126/1601/1439 3019/6909/3781
f 3261/4869/4021 2912/4327/3674 4174/6426/4229
f 4674/6910/4890 586/6911/715 588/6912/717
f 88/122/97 87/121/96 42/53/50
f 427/606/487 4404/6913/2937 1648/6914/2133
f 564/6915/687 4126/6313/3244 4405/6916/4891
f 2889/4288/3644 4747/2724/2414 1188/1699/1525
f 2705/3982/3434 463/655/536 3374/5055/4122
f 889/6366/1126 3058/4546/3822 3987/6917/4639
f 1654/2410/2143 4041/6157/4676 4264/6617/4817
f 1221/1749/1567 780/1106/971 950/1579/1211
f 4663/6918/2678 639/913/432 1897/2784/2464
f 3526/5293/4259 2214/3254/2858 2213/3253/2857
f 3326/4974/4082 136/184/147 655/930/803
f 2471/3638/3169 3045/1812/1627 1257/1814/1628
f 2044/2998/2652 2046/3000/2653 2181/3207/2819
f 680/966/838 3118/4637/3880 2076/3040/2688
f 4406/6919/2808 324/469/355 1181/1689/1518
f 3572/5370/4303 1907/2795/2473 2054/3008/2661
f 2836/4198/3588 4535/6920/3496 2835/4196/3586
f 2953/4395/3712 2955/4397/3343 4407/6921/4892
f 2504/3685/3204 3525/6922/4258 4408/6923/4257
f 4729/6032/4627 3387/5079/4136 4749/1471/1316
f 4120/6296/4362 3597/2241/1994 3267/2240/1993
f 3022/6924/3785 4606/3582/3124 2284/3356/2945
f 2961/4406/3522 4409/6925/3592 855/4407/1077
f 3219/4800/3977 3798/5295/4260 3054/4541/1619
f 3235/4830/3998 1875/2749/2434 2361/3477/3039
f 3222/4805/3981 4254/6602/4010 3213/4791/3974
f 812/1152/1015 1040/1151/1014 1649/2399/2134
f 1496/2185/1946 2934/4358/3690 1497/2186/1947
f 3768/5711/4464 3146/4671/3904 2238/3287/2885
f 3252/4855/4014 3251/4854/4013 4389/6877/4885
f 4085/6237/4701 1565/2283/2035 2943/4377/3700
f 2913/4328/1116 1274/1846/1658 4340/6765/4859
f 4391/6881/3805 4387/6875/4884 3042/6926/3806
f 3656/5411/4328 4686/5410/4327 3826/6927/4508
f 3593/5397/3719 4149/2475/2196 4019/6928/2820
f 4410/6929/4893 4337/6930/2355 4669/6931/4858
f 3555/2406/2139 4411/6932/4894 4275/6642/4827
f 1797/2623/2329 1811/2639/2343 1813/2641/2345
f 336/485/368 1821/2657/2359 2460/3627/3160
f 2527/3727/3234 742/1056/924 694/988/858
f 4214/6933/4785 4206/6934/2250 4215/6148/4670
f 3194/6935/3951 3542/6441/4275 944/1350/1201
f 4098/6257/4711 1045/1491/1335 3944/5984/4607
f 4412/6936/4584 4826/2403/2136 4832/6937/3833
f 1821/2657/2359 2459/3625/3158 2460/3627/3160
f 3170/4713/2911 1103/1566/1409 1175/2970/1507
f 4721/6938/869 1954/2860/2534 4493/2871/2543
f 3310/4947/4072 3097/6939/3859 4413/6940/4825
f 4383/6868/4126 1243/6941/1599 3008/6942/3765
f 3494/5252/4236 1277/1851/1662 3817/5775/4503
f 3336/4986/4089 3338/4988/3654 4158/6943/3223
f 1894/5794/2459 1995/2932/1413 3645/2931/2592
f 1683/2455/2177 4273/6638/4824 2971/4421/3729
f 3034/3838/3318 2597/3837/3317 1130/1607/859
f 4315/6710/4847 1480/2147/1919 2064/3019/2671
f 3815/5773/4501 3422/5141/4179 3955/6000/4615
f 2323/3422/2996 4414/6944/4895 3926/5958/2711
f 1714/2502/2216 380/540/421 843/1199/1061
f 2144/3150/2775 4133/6331/4736 2727/4015/3458
f 3424/5145/4181 4415/6945/677 3425/5146/4182
f 4506/6854/4881 4416/6946/4168 4417/6947/4232
f 3876/6807/4549 1387/2016/1806 3410/2018/1807
f 1925/2816/2493 667/948/821 669/950/823
f 1934/2834/2510 1762/2571/2281 3929/5964/4596
f 1022/6948/1307 1940/2844/2519 2135/2843/2518
f 3906/5931/3945 3905/5930/3294 3340/6949/3944
f 2480/3655/3180 4418/6950/1159 4921/4432/3734
f 3803/6951/4492 4918/5022/4107 3192/4753/3949
f 4023/6121/4511 3651/6952/4370 3652/6092/4371
f 3372/5053/4120 3625/5452/4349 4304/6692/4844
f 3210/4785/3968 1921/2812/2489 1920/2811/2488
f 2960/4405/2309 687/979/850 1783/6953/2310
f 1476/2140/477 2948/6954/3706 2947/6955/3705
f 3370/6956/1021 3241/4837/4003 817/5333/1022
f 752/1072/939 3356/5018/2807 753/1073/940
f 2310/3399/2978 2599/3841/3321 3789/5738/4483
f 1522/2225/1978 1524/2227/1980 359/512/395
f 4258/6607/330 1989/4339/2585 315/458/335
f 4419/6957/1132 159/201/161 1339/1949/902
f 3804/6569/4493 1921/2812/2489 4280/6651/4218
f 3283/4904/4043 3895/5908/4567 2253/3311/2907
f 701/997/867 1515/2217/1970 699/995/865
f 2457/6958/3156 1028/1467/1312 1860/2720/2411
f 566/812/690 4793/6794/4572 3825/5713/4466
f 926/1324/1178 2803/4139/3548 924/1322/1176
f 2194/3226/2836 1115/1585/1424 1544/2256/2009
f 4420/6959/3866 1571/2290/2042 1570/2289/2041
f 3417/5129/4169 4421/6960/4715 4422/6961/4841
f 2384/3513/3069 958/1369/1220 1001/1433/1281
f 4382/5216/4217 3816/5774/4502 4341/6766/4860
f 4423/6962/2138 1412/2054/1838 3391/5085/4141
f 2134/6963/2764 4424/6964/2763 3888/5897/4562
f 1146/1630/1466 335/483/366 334/482/365
f 2756/4063/3494 2755/4062/3493 4425/6965/3647
f 1470/2133/1911 2579/3814/3300 3017/4488/3776
f 3505/5268/4246 853/1212/1074 3030/4509/3794
f 1884/2763/2445 2824/4180/3571 1883/2761/2443
f 463/655/536 2664/3932/3392 464/656/537
f 1941/2845/2520 1745/3241/2262 2135/2843/2518
f 1734/6966/2247 4079/6225/4693 660/938/811
f 3090/6967/2800 1665/2429/1010 1029/2431/1313
f 4801/5482/4365 4702/1493/1337 3910/5938/609
f 516/741/621 4353/6789/4865 4506/6854/4881
f 4178/2522/2235 1725/2524/2237 4179/6968/4766
f 2167/3184/2801 1687/2461/2183 1435/3185/1866
f 2165/3178/2797 673/957/830 675/959/832
f 3071/4571/3836 3712/5606/4415 3713/5607/4416
f 3380/5071/4130 3975/6036/4630 4426/6969/4449
f 2772/4089/3517 2983/4443/3743 2773/4090/3518
f 3573/5374/4306 3564/5357/4294 619/883/759
f 4418/1304/1159 913/1306/1161 4190/6461/4773
f 4427/6970/3692 2905/4317/3667 3298/6971/4057
f 2946/4382/3704 1555/2267/2020 1554/2266/2019
f 1838/2684/2382 1942/2846/2521 1943/2848/2523
f 740/1053/921 4180/4765/3956 762/1084/949
f 541/774/653 2413/3559/3106 3079/5939/3840
f 241/337/275 1159/1657/1487 2045/2999/523
f 4056/6184/3243 4120/6296/4362 1082/1542/1385
f 611/872/748 4968/5119/4163 4428/6972/4284
f 2048/3002/2655 2050/3004/2657 2941/4371/3699
f 3537/5316/4271 2795/6973/3541 4429/6974/3540
f 403/4320/448 4430/6975/4896 3049/4534/3814
f 2978/5016/3737 2999/4466/3738 3028/4507/3792
f 3147/658/539 2113/6976/2500 4939/659/540
f 590/841/719 4431/6977/4897 1080/1538/1382
f 1976/6978/2564 2699/3976/3429 549/788/667
f 979/1405/1255 2953/4395/3712 2039/2993/2647
f 574/821/699 510/730/610 4393/732/612
f 953/1363/1214 2991/4454/3750 4346/3656/3181
f 4432/6979/4888 186/6980/204 4433/6981/4898
f 1182/1690/1519 331/478/361 1704/2487/461
f 1024/6640/1309 2497/3678/3200 4188/6458/4771
f 3862/5857/4539 3920/5952/4588 3863/5858/4540
f 3610/5432/4337 3855/5839/4534 2298/3379/2964
f 3130/4650/3890 4537/1832/1645 3869/5869/3969
f 2449/3609/3146 3114/4632/3876 1721/2516/2229
f 4793/6794/4572 4434/6982/3873 3825/5713/4466
f 188/259/205 105/146/111 4678/6983/207
f 4435/6984/4166 3995/6985/2646 4436/6986/2307
f 4437/6987/1608 1421/2069/1610 182/258/196
f 2261/3321/2916 3653/6988/507 441/3322/506
f 758/1080/945 2230/3274/2874 2855/4227/3607
f 3336/6989/4089 4158/3716/3223 2518/3717/3224
f 3653/626/507 1882/6990/2442 904/627/508
f 1153/1644/1476 1372/1995/1785 770/1095/960
f 3611/4430/3733 2831/4191/3581 1693/2468/2189
f 1678/2448/2171 754/1074/941 753/1073/940
f 1149/1633/1469 2915/2791/2469 653/928/801
f 4438/6991/3847 4439/6992/4899 2204/3239/2849
f 2866/4252/1796 849/1208/1070 2536/3747/3247
f 1632/6993/2116 3318/4551/3825 3060/4550/3824
f 4313/6708/4846 2363/6994/3044 4314/6709/4800
f 4934/6179/4683 2505/6995/3205 4054/6180/2377
f 3825/5784/4466 4434/6996/3873 4440/6997/3292
f 3841/1999/1789 1481/2153/1923 1375/2000/1790
f 1633/2381/2118 4491/2380/2117 656/6558/804
f 2496/3677/3199 1876/2752/2437 1878/2754/2439
f 834/1186/1048 2130/6998/2761 4280/6651/4218
f 3040/4521/3803 4441/6999/4718 3038/4519/3801
f 2335/3437/3009 1203/1721/1543 4442/7000/3221
f 2734/4024/3466 2733/4023/3465 3923/5955/4591
f 3575/5377/4308 4443/7001/4900 1725/2524/2237
f 707/1009/879 4844/4871/4022 4444/7002/2876
f 4445/7003/2217 3333/4034/3474 4950/4036/2812
f 2569/7004/3288 3772/5717/3290 2550/3774/3267
f 2933/5057/3689 4348/2564/2274 4446/7005/3687
f 1672/2441/2167 2404/3543/3095 1885/2764/2446
f 423/600/481 4065/6199/4687 3981/6048/4635
f 3028/4507/3792 1239/6454/1594 3354/5015/1593
f 3174/4717/3923 4843/5988/4611 1904/5916/2470
f 4447/7006/4901 1446/7007/1883 930/7008/1182
f 1143/1625/1461 1484/2157/1925 989/2159/1267
f 1958/2864/2538 2327/3426/3000 2911/3338/2929
f 2005/2947/2606 2753/4059/3491 2006/2948/2607
f 2160/3173/2792 2159/3172/2791 1950/7009/2529
f 1949/7010/2528 4448/7011/2507 2160/3173/2792
f 544/780/659 546/782/661 1300/1893/1700
f 2137/3141/2766 952/1362/1213 2903/4314/3664
f 3895/5908/4567 2254/3312/2908 2253/3311/2907
f 3705/5597/4410 3524/5291/614 2823/4179/3570
f 2520/3719/3226 2522/3721/3228 2874/4263/3627
f 3559/5351/4291 1172/1674/1504 4449/7012/4902
f 1628/2373/2110 2196/3229/2839 4480/3228/2838
f 1634/2382/2119 1278/1853/1663 3801/5758/4490
f 2274/3342/2931 2276/3344/2933 4269/6630/4822
f 1332/1941/1742 3630/5458/4353 3629/5457/2144
f 2127/3129/2758 1461/3245/1899 2208/3247/2853
f 4008/6090/4651 3204/4775/3959 495/4774/585
f 4575/4793/3975 4450/7013/3101 4552/5911/4568
f 678/964/836 4841/1401/1251 2973/5173/3730
f 3193/4754/3950 3358/5023/4108 3136/4658/3895
f 1380/2007/1797 3710/5604/4413 4451/7014/4752
f 2003/7015/2603 684/975/846 2004/977/848
f 129/170/135 123/164/129 126/167/132
f 2548/3769/3264 3997/6073/2986 4260/6613/3363
f 4823/1480/1325 4275/6642/4827 4411/6932/4894
f 1196/1710/579 3019/6909/3781 1126/1601/1439
f 2288/3365/2953 2265/6730/2922 2289/3366/2954
f 3863/7016/4540 4452/7017/3500 603/7018/737
f 2903/4314/3664 954/1364/1215 4453/7019/2030
f 3680/5554/4396 2691/7020/3421 4454/7021/4903
f 3263/4873/4023 3815/5773/4501 3264/4874/4024
f 3727/6631/4427 3728/7022/4428 4314/6557/4800
f 1114/1584/1423 4092/6248/4707 2806/4144/3551
f 2571/5666/3291 3015/4486/3774 3014/4485/3773
f 3633/5464/4356 4455/7023/4904 4519/1809/1624
f 1931/2826/2503 2560/3786/3279 1932/2827/2504
f 4094/6083/4649 2998/4465/1163 2418/3564/3111
f 2336/7024/3011 4912/813/691 568/815/693
f 1886/2765/2447 2140/3144/2769 765/1087/952
f 513/736/616 514/738/618 4365/6809/4870
f 1486/2160/1927 3254/2180/1941 494/703/584
f 2012/2955/2614 746/1062/929 3283/4904/4043
f 1222/1753/1571 2649/3910/3376 4875/3180/2799
f 1441/2097/1877 2828/4184/3575 2844/4213/3596
f 796/4359/991 598/854/732 597/853/731
f 2453/3615/3151 728/1039/907 731/1043/911
f 3816/5774/4502 3143/4667/3902 3494/5252/4236
f 2540/3752/3252 1806/2634/2338 732/1044/912
f 1870/2740/2426 4456/7025/2086 4457/7026/4804
f 2420/5584/3114 3351/5011/4103 1696/7027/2192
f 2847/6824/3600 3083/4584/3844 2107/6825/2734
f 4458/7028/1362 984/3395/1261 2266/3331/1243
f 4473/7029/4887 4472/4197/3587 2835/4196/3586
f 2155/3168/2787 2911/4326/2929 2156/3169/2788
f 4650/3509/3065 857/1217/1079 3946/5987/4610
f 3118/4637/3880 2077/3041/2689 2076/3040/2688
f 2035/2986/2640 4309/4053/3486 4144/7030/1902
f 2997/4463/3755 4635/2822/2499 4360/5642/4431
f 1024/1463/1309 3981/6048/4635 2498/6222/3201
f 3240/2269/2022 4327/6741/4002 1556/2270/2023
f 3057/4545/3821 2098/3079/2721 2601/5257/3323
f 4459/7031/3908 2990/4452/3749 2651/3912/3378
f 3971/6029/4625 4460/7032/538 647/921/794
f 2343/3449/3017 2675/3946/3402 1627/2370/2108
f 1773/7033/2298 4439/6992/4899 4438/6991/3847
f 3460/842/720 3973/7034/4628 1603/3118/2084
f 3382/5073/4132 1736/2537/2249 1735/2536/2248
f 1896/7035/2461 3993/6064/4643 4843/5988/4611
f 3958/5478/4363 4461/7036/4905 4462/7037/4906
f 1350/1963/1760 733/1045/913 732/1044/912
f 3729/5641/4430 456/648/529 1295/1886/1693
f 4248/6587/1036 2026/2975/2629 3132/4652/3892
f 334/482/365 336/485/368 1051/1499/1343
f 1260/2335/1633 1259/7038/1632 2609/2336/2080
f 2562/6042/3281 2563/7039/3282 2856/4228/3119
f 3078/4579/3839 3080/4581/3841 4463/7040/3619
f 2278/6167/2935 2152/3164/2784 3491/5245/4231
f 3406/7041/4157 581/831/709 831/1181/1043
f 1481/2153/1923 4937/5697/4457 1866/2734/2420
f 1071/1526/1370 1070/1525/1369 1094/1556/1399
f 3432/5157/4189 859/1224/1084 2441/3594/3134
f 4009/5563/4401 3687/5562/4400 1528/7042/1985
f 2729/4017/3460 480/4586/563 4464/7043/3971
f 4498/1022/891 2184/3211/2823 715/1023/892
f 536/767/646 535/766/645 3530/5301/4263
f 2570/3801/3289 3983/6050/4636 2233/3279/2878
f 611/872/748 4428/6972/4284 612/873/749
f 1403/2043/1827 536/2712/646 1520/2223/1976
f 3338/4301/3654 2979/4437/3739 4142/6351/4745
f 4465/7044/1142 3196/7045/1891 3954/5999/4614
f 1932/2827/2504 3972/6030/4626 1933/2828/2505
f 2956/4398/3713 2957/4399/3714 2679/3952/3408
f 1689/2463/2184 481/683/564 2243/3294/2892
f 1689/2463/2184 2243/3294/2892 4466/7046/4907
f 3660/4270/3631 4270/3069/2714 2773/7047/3518
f 1828/7048/2370 3971/6029/4625 1829/5635/2371
f 3559/5351/4291 4449/7012/4902 3560/5352/3986
f 880/1257/1115 4034/6146/4668 1458/2116/1896
f 3439/5169/4194 4467/7049/4731 4129/7050/4732
f 3847/5825/4526 3852/5835/4531 453/641/522
f 1476/2140/477 618/882/758 1559/2275/2028
f 2827/4183/3574 4468/7051/4908 2175/3200/2814
f 2255/3313/2700 4328/6743/4777 3805/5762/4494
f 1134/7052/1450 2772/4089/3517 3202/4088/3516
f 3712/5606/4415 3071/4571/3836 4374/6840/4877
f 4103/6262/4714 2945/4381/3703 1341/4710/1750
f 568/4654/693 1016/3439/1297 2336/3441/3011
f 4833/466/352 4406/3193/2808 4469/7053/2354
f 4470/7054/2724 3272/4885/4033 4173/6423/2725
f 3843/5819/4522 1643/6138/2129 4471/7055/4802
f 3497/5255/4239 3666/5527/3102 2411/2539/2251
f 3546/5327/4277 648/923/796 4020/6114/4656
f 4472/7056/3587 4473/7057/4887 4391/4523/3805
f 3242/4841/4005 4474/7058/1082 2526/3726/3233
f 1718/2510/2223 4544/7059/4909 4064/6198/4686
f 1434/2084/1865 342/491/374 4475/7060/2405
f 3380/7061/4130 1237/1774/1590 3898/5913/4570
f 2088/3060/2705 1435/2085/1866 775/1221/965
f 4586/2412/2145 2635/6158/3359 4041/6157/4676
f 4145/6360/4746 2853/4224/3604 4476/7062/1135
f 4772/3507/1873 4477/7063/4910 1486/7064/1927
f 2193/3225/2835 1459/2117/1648 2878/7065/3634
f 3756/5692/4382 2620/3870/3344 1854/2705/2400
f 374/531/412 1306/1906/1710 1308/1908/1712
f 4139/6696/4742 2433/3586/3128 4089/7066/4704
f 4478/7067/2691 4479/7068/4911 3447/5182/4199
f 2652/3914/707 579/7069/706 2759/4068/3499
f 4663/6918/2678 1715/7070/2218 639/913/432
f 4480/7071/2838 4481/7072/2457 1779/7073/2305
f 3519/1617/1453 815/7074/1018 814/1615/1017
f 4038/6151/4673 3562/5354/4292 3563/5355/4293
f 809/1148/1011 4482/7075/4912 2261/4107/2916
f 4445/7003/2217 4483/7076/140 3333/4034/3474
f 3660/5509/3631 1025/1464/1310 1024/1463/1309
f 2774/4091/3519 4484/7077/3136 814/7078/1017
f 646/920/793 4485/7079/4913 2764/4078/3508
f 2693/3970/3423 3638/5471/4359 3096/4605/3857
f 2406/3548/3097 2497/3678/3200 2407/3549/2043
f 3777/5723/4473 4727/2819/2496 4738/1141/1004
f 3481/5230/2579 3741/5661/4440 3479/5228/4224
f 1809/2637/2341 1808/2636/2340 934/1332/1186
f 4205/2353/2094 4486/7080/3952 1614/2354/2095
f 2194/3226/2836 2494/6164/3197 826/1170/1032
f 3612/5434/4338 4246/4777/3961 4856/7081/409
f 2526/3726/3233 742/1056/924 2527/3727/3234
f 530/759/638 575/823/701 4301/6688/4842
f 3993/6124/4643 2610/3855/3330 4487/7082/4914
f 3093/4602/3854 952/1362/1213 2136/3140/2765
f 35/41/38 34/40/37 3699/110/91
f 1097/1559/1402 4959/5048/4117 1098/1560/1403
f 2155/3339/2787 1659/2420/2151 1958/2864/2538
f 1811/2639/2343 3865/5864/4543 1812/2640/2344
f 4004/3925/3386 4754/7083/3658 1084/1545/1388
f 937/1342/1195 2043/2997/2651 938/1343/1196
f 4380/6858/4882 3279/4900/4039 2212/3252/2856
f 3516/5280/2991 2906/4319/3668 1579/4318/2052
f 4538/7084/3613 2613/3858/3333 4488/7085/559
f 4186/6449/3078 2911/3338/2929 2023/2972/2627
f 3095/4604/3856 3180/4731/3932 4335/6756/4857
f 4013/715/595 3023/4501/3786 589/840/718
f 3918/5950/4571 4869/4886/4034 3977/7086/4632
f 2542/1736/1555 1214/1738/1557 4489/7087/552
f 2865/4249/3620 2331/7088/3003 4348/2564/2274
f 2865/4249/3620 4348/2564/2274 1757/2563/2273
f 722/1030/899 3937/5974/4601 3997/3410/2986
f 4490/7089/4915 2168/3186/2802 4157/3188/2804
f 2982/4442/3742 2983/4443/3743 2772/4089/3517
f 4017/6007/4616 4602/5748/4487 3436/5166/4191
f 4154/6385/4753 995/1424/1274 1322/1928/1729
f 3749/1589/1427 2268/3333/2924 1117/1590/1428
f 373/530/411 3706/5599/4411 1338/1948/1151
f 4237/6556/1874 3580/5383/4312 4491/7090/2117
f 4938/590/471 416/589/470 3828/5797/4513
f 2649/3910/3376 4236/1752/1570 3653/6988/507
f 4141/6350/4744 4127/6317/4730 4891/6348/4743
f 4396/6899/4889 2368/2026/1813 1391/2025/1812
f 710/1015/884 2489/5653/1352 3421/5138/4177
f 2645/3903/3370 4492/7091/2236 2291/3370/2958
f 4439/6992/4899 3567/5362/4298 2204/3239/2849
f 3302/4930/4061 1567/2285/2037 1760/2568/2278
f 3140/7092/3899 3813/5770/3985 2021/2967/2624
f 4800/3377/2962 4721/1978/869 4493/7093/2543
f 2183/3210/2822 4023/6121/4511 2182/3209/2821
f 69/90/77 79/106/87 4753/822/700
f 1035/1477/1322 4494/7094/4916 2216/1475/1320
f 1264/1826/1640 2565/1825/1639 2564/7095/3283
f 2744/6362/3477 4495/7096/4917 2745/3733/3240
f 4496/7097/3464 4458/1518/1362 4252/4309/1204
f 4179/6968/4766 1725/2524/2237 4443/7001/4900
f 1822/2663/890 4497/7098/400 4498/7099/891
f 3761/5699/4459 1119/1593/1431 384/544/425
f 2443/3599/3139 1024/6640/1309 4188/6458/4771
f 1044/5111/1333 4499/7100/4384 4714/5042/4114
f 4454/7021/4903 4494/7094/4916 4315/6710/4847
f 1978/2901/2569 3592/5396/4322 3591/5395/4321
f 2078/3042/2690 2569/7101/3288 3994/7102/4644
f 2142/3146/2771 4381/6861/3235 2143/3147/2772
f 478/679/560 479/681/562 3850/5832/4530
f 714/1019/888 713/1018/887 1110/1577/1418
f 4095/6252/4708 3905/5930/3294 2572/4997/3293
f 4500/7103/4918 3342/4993/4092 4825/4995/4094
f 1244/1786/1602 1983/2908/2576 4501/7104/4919
f 4502/7105/511 1864/2728/556 4668/2727/2416
f 3622/5448/4346 2794/4127/3538 751/1071/938
f 4471/6575/4802 4503/7106/4920 703/1002/872
f 2794/5485/3538 2703/3980/3432 3856/5843/3539
f 4496/7107/3464 4252/6592/1204 2189/3218/2828
f 2119/3113/2747 1177/1685/1515 4245/7108/4807
f 4250/6590/4810 1981/2905/2573 2485/3661/3186
f 2752/4055/3488 4708/6135/4665 4309/4053/3486
f 442/3648/509 4502/7105/511 4668/2727/2416
f 1744/2550/2261 454/645/526 4106/6267/4307
f 2911/3338/2929 2327/3426/3000 2023/2972/2627
f 941/1347/863 940/1346/1198 4504/7109/4360
f 219/312/253 617/881/757 2993/4458/3751
f 1509/1520/1364 1499/2191/1952 4440/6997/3292
f 4169/7110/4761 3608/5430/4335 3586/5390/4174
f 2968/4416/3726 4505/7111/3954 2969/4417/3727
f 2578/3813/3299 500/713/593 2579/3814/3300
f 2679/3952/3408 2414/3560/3107 4357/6795/4866
f 4506/7112/4881 1726/2525/2238 4378/7113/4821
f 994/1422/1272 1111/7114/1420 3635/1423/1273
f 2462/3629/3162 3025/4503/3788 2463/3630/3163
f 4507/7115/2738 2407/2291/2043 2394/3527/3082
f 516/741/621 1438/7116/1872 4047/6788/4680
f 4508/7117/2599 4509/7118/1733 2580/3815/3301
f 4510/7119/4921 790/1119/984 196/3668/219
f 2397/3535/3088 2396/3534/3087 4722/887/762
f 3897/5912/4569 3337/4987/4090 3608/5430/4335
f 2235/3284/2883 4511/7120/4922 4394/6046/4634
f 276/390/303 266/7121/298 1365/1983/1776
f 3476/1177/1039 4535/6920/3496 2836/4198/3588
f 2665/3455/3023 2347/3454/3022 3589/5393/4319
f 2479/3654/3179 2111/3101/1962 2112/3103/2740
f 690/983/525 3428/5149/4185 4512/7122/4923
f 607/868/744 1465/2128/1906 4888/5616/4420
f 4513/7123/3608 2426/3577/3120 1739/2542/2253
f 598/854/732 3300/4927/4060 660/938/811
f 3676/4425/1603 2974/4427/3731 1830/2673/2372
f 1982/2907/2575 4015/6101/4654 1791/2615/2322
f 1982/2907/2575 1791/2615/2322 1983/2908/2576
f 4590/891/766 624/893/768 2351/3465/3031
f 2263/6717/2920 4514/7124/3404 1666/6718/2160
f 2960/4405/2309 855/4407/1077 1299/1891/1698
f 2332/3432/3004 2331/3431/3003 1707/3027/2209
f 2120/3114/2748 2119/3113/2747 4515/7125/4433
f 3389/5082/4139 1645/2395/2131 1644/2394/2130
f 887/1266/1124 444/5831/512 446/1267/514
f 1104/1567/1410 1103/1566/1409 1826/2669/454
f 3929/5964/4596 4321/6723/1534 3930/5965/4597
f 3065/4556/603 1841/2687/2385 4075/4557/3829
f 1162/1661/1491 3215/4795/3976 1163/1662/1492
f 4506/7112/4881 4417/5246/4232 1727/2526/2239
f 4506/7112/4881 1727/2526/2239 1726/2525/2238
f 4220/6521/4791 3108/4623/3870 1882/2760/2442
f 1799/2625/2331 3769/5714/4467 1800/2626/2332
f 4516/7126/833 1247/484/367 335/483/366
f 4293/5548/4394 4235/7127/4799 3677/5549/3567
f 808/7128/1009 4121/1843/1656 1665/2899/1010
f 385/7129/426 932/1330/1184 4400/6904/427
f 4821/7130/4924 960/4157/1225 2812/4156/3555
f 3399/5100/4150 3401/5102/4152 1712/2499/2215
f 4898/6324/4733 1540/2251/2004 1542/2253/2006
f 3110/4625/3871 3123/4643/3883 4326/6735/4852
f 3317/4959/613 2824/4180/3571 3524/5291/614
f 3570/3157/2779 2538/3749/3249 4138/6339/4740
f 4280/5217/4218 2922/4341/3679 3804/5761/4493
f 2501/3682/3203 2500/3681/665 4302/6689/3682
f 3521/5285/4256 1136/7131/1452 4935/7132/4925
f 3027/4505/3790 999/1431/1279 4132/7133/4226
f 604/763/642 711/1016/885 2702/764/643
f 4950/3198/2812 3726/5632/2803 2174/3199/2813
f 4794/1333/1187 4562/1335/1189 1422/4899/1852
f 4517/7134/4812 4581/7135/4727 4768/6716/4849
f 4451/7014/4752 3710/5604/4413 4755/6701/1442
f 3446/5181/4198 1532/2236/1989 2009/2952/2611
f 740/1053/921 1988/2916/2581 4518/7136/4845
f 2632/3885/3357 2631/3884/3356 1849/2700/2396
f 43/123/52 755/1076/45 47/1449/56
f 2269/3334/2925 2429/3581/1415 4184/1507/1351
f 4327/6741/4002 3014/4485/3773 1556/2270/2023
f 3740/5660/4439 1619/7137/2098 1751/2557/2268
f 1446/5429/1883 1185/1696/1523 931/1329/1183
f 2043/6486/2651 781/1107/972 3418/5130/4170
f 3587/5391/4317 3286/5927/2745 3588/5392/4318
f 4764/7138/4926 1948/7139/2527 406/570/451
f 1994/2929/2590 1469/2132/1910 4330/6747/3418
f 4519/7140/1624 4124/6306/4517 2288/3365/2953
f 625/894/769 3513/6111/4252 3127/4647/3887
f 4520/7141/4927 4521/7142/4928 2207/3246/2852
f 4364/6806/4869 3146/4671/3904 3768/5711/4464
f 104/145/110 2962/4409/3720 821/1165/1027
f 52/67/60 104/145/110 821/1165/1027
f 3278/2445/202 2901/6413/3662 4522/7143/2135
f 1188/1699/1525 4060/7144/4685 3738/1700/1526
f 361/514/397 360/513/396 1064/1517/1361
f 1271/1838/1651 4358/6370/4749 4523/7145/2582
f 4801/5482/4365 1046/1494/1338 4702/1493/1337
f 2199/3233/2843 3907/7146/4578 2986/6043/3746
f 1259/7147/1632 3748/5680/2632 2609/7148/2080
f 4524/7149/2436 2784/4106/3529 2847/6570/3600
f 4935/7132/4925 1985/7150/2578 3521/5285/4256
f 4545/255/198 4832/6937/3833 186/256/204
f 2980/3672/3194 4525/7151/2296 3601/3670/3192
f 3546/5327/4277 3548/5329/4279 3971/6029/4625
f 647/921/794 3546/5327/4277 3971/6029/4625
f 2120/3114/2748 3396/5094/4146 3567/5362/4298
f 3811/5768/4498 2120/3114/2748 3567/5362/4298
f 4526/7152/209 190/1372/208 36/43/40
f 1531/2235/1988 2472/3213/2824 1532/2236/1989
f 651/926/799 3762/5700/4460 3840/5816/4520
f 3218/1803/1618 1433/2083/1864 3219/6647/3977
f 4021/7153/4657 3626/5453/4350 3760/5698/4458
f 1133/1611/1448 611/872/748 2581/3816/1735
f 1777/2594/2303 1655/2413/2146 2957/4399/3714
f 3997/3410/2986 2318/3409/2985 722/1030/899
f 1327/1935/1736 2451/3613/3149 3264/4874/4024
f 772/1097/962 3572/5370/4303 3938/5975/4602
f 2029/2979/2633 429/608/489 3172/4386/3708
f 4178/6430/2235 1587/2314/2062 1598/2328/2073
f 2371/3493/3052 1939/2840/2515 2262/3326/2919
f 535/766/645 1331/1940/1741 4677/5300/4262
f 2750/932/805 3175/3380/2965 2641/3898/3365
f 3412/5122/4165 1780/2597/2306 2183/6406/2822
f 2661/3929/3389 3609/5431/4336 4181/3222/2832
f 1915/2806/2483 1916/2807/2484 2877/4272/3633
f 277/391/304 278/394/306 276/390/303
f 4527/7154/1203 2190/3219/2829 4252/6592/1204
f 2525/3725/3232 1207/1727/1548 1206/1726/1547
f 770/1095/960 1372/1995/1785 771/1096/961
f 4528/7155/4068 1874/7156/2431 4691/5132/4172
f 1822/2663/890 364/518/401 396/559/440
f 3821/7157/4505 4323/4321/3669 1428/2078/1859
f 2326/3425/2999 2532/7158/3242 1916/2807/2484
f 1256/1813/1615 1920/2811/2488 4529/7159/4929
f 4966/7160/1811 2674/3945/590 4831/7161/4930
f 2380/3504/3062 2406/3548/3097 4530/7162/4931
f 1111/7163/1420 949/1359/1210 3427/5148/4184
f 1130/989/859 4531/7164/4932 695/990/860
f 3908/5935/4581 2573/7165/3295 3508/5271/3147
f 2071/3612/2680 4532/7166/1202 2321/7167/2681
f 3986/6053/4638 4533/7168/4111 2017/2962/2621
f 1049/1497/1341 3100/4611/2074 3933/5970/3416
f 1529/2233/1986 615/877/753 614/876/752
f 1191/7169/1529 460/6698/533 508/727/607
f 4184/6443/1351 367/521/404 2489/3666/1352
f 4533/6734/4111 3240/2269/2022 1557/2271/2024
f 1095/1557/1400 1094/1556/1399 3437/5167/4192
f 2659/2804/2482 1639/2388/2124 1575/2296/2047
f 343/493/376 1767/6139/2288 1766/7170/2287
f 2867/4186/3577 2866/2006/1796 1379/2005/1795
f 610/871/747 493/702/583 2600/3842/3322
f 2731/4020/3462 1462/6463/1901 362/515/398
f 3843/5819/4522 4471/7055/4802 2992/4455/871
f 1804/5020/2336 1076/1532/1376 3899/1531/1375
f 4455/7023/4904 2109/3096/2735 4124/5806/4517
f 2695/3972/3425 1979/2903/2571 3071/4571/3836
f 1067/1522/1366 3047/4531/3812 3828/7171/4513
f 3095/4604/3856 4534/7172/4065 3974/6035/4629
f 2972/1750/1568 1221/1749/1567 950/1579/1211
f 523/4794/628 1335/1945/1745 1337/1947/1747
f 4494/7094/4916 1035/1477/1322 1083/1543/1386
f 3475/6676/4222 2758/6678/3497 4535/7173/3496
f 2800/4136/3546 2342/3448/3016 3786/5733/4481
f 3073/4573/3838 3188/4746/3943 3074/4574/2897
f 1420/2372/1851 3927/2642/2346 1814/2644/2348
f 1681/2453/2175 3177/7174/3927 4175/6427/4765
f 2160/3173/2792 1950/7009/2529 1949/7010/2528
f 4329/6745/4854 1884/2763/2445 1784/2604/2311
f 3787/7175/2942 2724/7176/3455 3721/5618/877
f 4462/7037/4906 3308/7177/4070 3643/5479/4364
f 4536/7178/3172 2717/3999/3266 2472/3213/2824
f 4345/1634/1470 1150/1636/1472 3231/4823/3993
f 4029/7179/4662 4537/7180/1645 864/7181/1090
f 1673/2442/1501 3753/5689/4452 3752/5688/1499
f 2530/3731/3238 1971/2884/2312 1311/1912/1716
f 1445/2102/1882 958/1369/1220 3063/4005/3451
f 2751/4054/3487 3938/5975/4602 2752/4055/3488
f 2452/3614/3150 911/1301/1156 912/1303/1158
f 1778/2595/2304 4512/7122/4923 3428/5149/4185
f 2435/7182/1951 2434/3205/2817 2179/3204/2816
f 2014/2958/2617 4003/6084/4620 4463/4247/3619
f 4538/7183/3613 4488/678/559 477/677/558
f 4978/1427/1277 1670/2438/2164 996/1425/1275
f 4539/7184/3609 3447/5182/4199 1893/2777/2458
f 4014/6099/4653 4745/7185/4933 2430/6341/3125
f 684/975/846 2591/3829/3313 685/976/847
f 1084/1545/1388 4754/7083/3658 4540/7186/287
f 2301/3384/2968 1753/2559/2270 3330/6664/4085
f 643/917/790 3923/5955/4591 2733/4023/3465
f 3201/4769/2150 392/555/436 1534/2239/1992
f 4192/6465/4775 1385/2012/1802 914/1307/1162
f 1373/1996/1786 2444/4284/3141 501/7187/594
f 3002/4469/3759 3001/4468/3758 3712/5606/4415
f 3002/4469/3759 3712/5606/4415 4374/6840/4877
f 3165/7188/3918 3164/6598/3917 2918/6599/3677
f 4523/2918/2582 2747/4046/3481 2748/4047/3482
f 4356/6793/1576 4008/6090/4651 495/4774/585
f 3464/7189/4211 2557/3783/3276 917/2349/1168
f 2057/3011/2664 2056/3010/2663 4541/7190/3979
f 4542/7191/2904 4488/7085/559 2613/3858/3333
f 2254/3312/2908 4062/6192/1104 4543/7192/4088
f 2825/4181/3572 2827/4183/3574 2174/3199/2813
f 469/3688/547 4544/7193/4909 1718/6403/2223
f 3800/5757/2947 2286/7194/2946 4088/5828/4529
f 4790/4933/4063 1999/2937/2597 3303/4934/4064
f 4545/7195/198 1650/2452/203 4584/2451/2174
f 2535/3746/3246 1709/2496/2213 1127/1602/1440
f 4757/2162/1928 1309/1909/1713 824/1168/1030
f 2958/4401/3716 4956/4400/3715 3836/7196/2449
f 724/7197/903 4317/6715/193 743/1058/925
f 3107/4621/3869 1673/2442/1501 4546/7198/756
f 1239/6454/1594 2060/3014/2667 4547/7199/2509
f 4548/7200/2574 4916/5934/4580 4765/5933/4579
f 4347/3052/2699 4026/3695/3210 1407/2048/1832
f 3028/4507/3792 4549/7201/4934 3029/4508/3793
f 4927/4666/3901 1928/6176/2498 4053/6178/4682
f 4906/4633/827 4751/7202/4935 3114/4632/3876
f 4550/7203/813 4963/496/379 4279/6649/648
f 4162/6402/4757 798/7204/993 2284/3356/2945
f 3880/5886/4554 3879/5885/4553 3268/4889/4028
f 3758/5694/4454 4551/7205/1454 2408/3550/3098
f 4687/2333/2078 2619/3868/3342 3297/4920/4056
f 2082/7206/2697 4665/2665/2365 1824/2667/2367
f 1543/2255/2008 3830/5799/3170 4377/6853/4880
f 4504/5474/4360 2162/3175/2794 695/990/860
f 1842/6772/2386 2448/3608/3145 4834/5139/4178
f 3190/4751/3948 2439/3592/3132 1268/1834/1647
f 1345/1957/1755 1346/1959/1756 4273/6638/4824
f 965/3108/1231 2115/3107/2742 4552/7207/4568
f 2321/3417/2681 4553/7208/1475 4868/3418/2992
f 1596/2326/2071 3246/4847/4008 1211/4265/1551
f 419/7209/474 2263/6717/2920 4768/6716/4849
f 2774/4091/3519 3650/5491/4369 2296/4092/2961
f 1806/2634/2338 1006/1438/1286 1005/1437/1285
f 3919/5951/4282 2863/7210/3617 3335/4984/4087
f 2373/3496/3054 3919/5951/4282 3335/4984/4087
f 4329/6745/4854 877/1637/1110 1152/1639/1473
f 2245/3299/2896 2616/3863/3338 2615/3862/3337
f 3170/3316/2911 1120/1594/1432 1826/573/454
f 2861/7211/3615 419/7209/474 4768/6716/4849
f 4716/5790/4510 2134/6963/2764 3888/5897/4562
f 4892/3986/2081 3503/7212/4244 4681/5499/3585
f 1230/1764/1582 482/1766/565 1688/2074/1855
f 1559/2275/2028 4947/2276/2029 2948/6954/3706
f 1537/7213/1999 3599/5413/2693 1538/5811/2000
f 2753/4059/3491 3840/5816/4520 3762/5700/4460
f 4247/6585/4808 4919/7214/4936 3241/6586/4003
f 4554/7215/4551 4555/7216/4937 352/503/386
f 774/1099/964 4389/6877/4885 3251/4854/4013
f 1884/2763/2445 4973/2762/2444 4409/4203/3592
f 2442/3595/3135 814/1615/1017 4484/3596/3136
f 2845/5039/3597 4556/7217/4441 2614/3860/3335
f 1880/7218/2432 3361/7219/1508 417/7220/472
f 1474/2137/1047 2501/3682/3203 3158/6690/3911
f 4492/2523/2236 3557/5348/4288 1725/2524/2237
f 4192/6465/4775 914/1307/1162 4093/1114/979
f 800/5160/996 802/7221/998 1913/2802/2480
f 4694/5143/4180 3955/6000/4615 3422/5141/4179
f 3560/5352/3986 4449/7012/4902 708/1010/880
f 798/7204/993 2285/3357/1495 2284/3356/2945
f 1840/2686/2384 4187/6456/4770 2885/4282/3640
f 2757/4064/3495 1956/2862/2536 1363/1981/1775
f 4739/7222/4759 2777/4096/3019 2087/5338/2704
f 4557/7223/4938 4195/6478/4780 3818/5776/4504
f 1472/2135/1913 2901/4312/3662 2902/4313/3663
f 4707/5258/4240 3603/5421/4331 3057/4545/3821
f 452/640/521 3847/5825/4526 453/641/522
f 3373/5054/4121 4304/6692/4844 4257/6605/4814
f 2953/4395/3712 4407/6921/4892 3844/5820/4523
f 2801/4137/3547 705/1004/874 2676/3947/3403
f 2509/3697/3212 2868/7224/3622 2177/2062/1845
f 1427/2077/1858 4648/1603/1441 1709/2496/2213
f 2309/5577/2977 2380/7225/3062 4830/4728/3930
f 4783/6680/3395 3731/5645/4434 3392/5086/3096
f 4847/1789/1605 838/1194/1056 4848/1193/1055
f 665/946/819 420/594/475 2072/3033/2682
f 4677/5300/4262 1330/1939/1740 2389/7226/3074
f 1276/3341/1660 4444/3277/2876 605/862/738
f 4558/7227/4939 434/613/494 3141/4664/3900
f 410/6113/459 1903/2254/2007 1149/7228/1469
f 3431/5156/4188 4643/4527/3809 2218/3262/2862
f 2357/3473/1087 2913/4328/1116 4340/6765/4859
f 578/827/705 4559/7229/4940 451/639/520
f 536/767/646 3530/5301/4263 2650/7230/3377
f 3277/4894/4038 1146/1630/1466 1051/1499/1343
f 1661/2423/2154 3084/4585/3845 4607/2898/2568
f 4426/7231/4449 4601/3722/3229 1562/2280/1591
f 2690/3967/3420 2689/3966/3419 4371/6831/4873
f 3054/4541/1619 3229/4820/3991 1523/4542/1979
f 2054/3008/2661 1552/2264/2017 2583/3818/3303
f 4586/2412/2145 4041/6157/4676 1654/2410/2143
f 3954/5999/4614 4560/7232/1064 4804/6819/1471
f 4027/6127/4660 3954/5999/4614 4804/6819/1471
f 2612/3857/3332 1347/1960/1757 4487/7082/4914
f 1037/1479/1324 4274/6641/4826 4275/6642/4827
f 2515/3708/3220 2514/3707/3219 1050/1498/1342
f 873/1244/1102 2634/3888/3358 959/1373/1223
f 2276/3344/2933 529/574/455 4269/6630/4822
f 4548/7200/2574 4765/5933/4579 3932/7233/4599
f 4561/7234/1188 3276/1386/1236 4562/7235/1189
f 4563/7236/4285 3758/5694/4454 2409/3551/3099
f 4564/7237/1930 2494/6164/3197 488/6897/573
f 4261/6614/4692 4223/6528/1083 3162/4700/3914
f 4565/7238/875 2750/4049/805 2914/4329/3675
f 3874/5875/4442 3103/4615/3864 2419/5634/3112
f 2611/3856/3331 3351/5011/4103 3744/5670/4443
f 2828/4184/3575 2829/4185/3576 3350/5010/4102
f 2567/6381/3285 4577/5302/4264 4605/7239/4941
f 1343/1955/1753 1344/1956/1754 4870/2032/1224
f 1328/7240/1738 1623/5044/1737 4525/2587/2296
f 1528/2232/1985 4566/7241/2395 4009/7242/4401
f 3050/4536/3816 3806/4703/3916 3165/4705/3918
f 584/7243/712 1535/7244/1995 4410/6929/4893
f 3909/5936/4582 4671/538/419 3741/5661/4440
f 3297/4920/4056 3296/4919/4055 4334/6754/4856
f 2937/4365/3694 4567/7245/4942 4629/7246/4943
f 2332/3432/3004 1273/3618/1657 808/1146/1009
f 3482/2168/1933 2735/7247/3467 4324/2169/883
f 763/1085/950 2691/3968/3421 764/1086/951
f 3307/4941/3565 4568/7248/3564 1873/4942/2429
f 2608/7249/3329 3042/6926/3806 3178/4726/3929
f 2499/7250/3202 2488/3664/3188 1572/2292/2044
f 4921/4432/3734 4358/6370/4749 2976/4433/3735
f 3502/5264/4243 4510/7251/4921 195/272/218
f 4765/5933/4579 2316/3407/2984 688/980/851
f 1229/1762/1580 1911/2800/2478 2788/937/810
f 4195/7252/4780 4569/7253/3768 1450/7254/1887
f 507/725/605 3326/4974/4082 892/1273/1130
f 2301/3384/2968 4289/6663/3835 3856/5843/3539
f 4485/7079/4913 4365/6809/4870 1329/1938/1739
f 277/391/304 276/390/303 1366/1984/570
f 3655/5498/4374 346/497/380 4892/3986/2081
f 972/7255/1242 4833/466/352 4469/7053/2354
f 3247/4850/4011 3359/5024/4109 1551/2263/2016
f 4570/7256/1479 2017/7257/2621 4533/7258/4111
f 2307/6246/515 4189/866/742 375/534/415
f 2744/6362/3477 4225/6361/631 4495/7096/4917
f 1834/2679/2378 2445/3604/3143 2705/3982/3434
f 3628/5741/4352 2285/1665/1495 2799/4135/3545
f 1719/2511/2224 1811/2639/2343 1797/2623/2329
f 698/6490/864 4690/4771/1673 2096/3075/2718
f 4468/7051/4908 1781/2600/2308 3528/5296/2418
f 3812/5769/4499 2401/3540/3092 1452/2109/1889
f 4825/4995/4094 2613/3858/3333 1057/1506/1350
f 4500/7103/4918 4825/4995/4094 1057/1506/1350
f 1472/2135/1913 1474/2137/1047 4571/7259/1046
f 4572/7260/2360 1860/2720/2411 2492/3673/3195
f 3838/5813/3532 2723/4009/3452 2785/4921/3530
f 1849/2700/2396 1565/2283/2035 4573/7261/4944
f 3682/2874/2546 4909/7262/4695 2921/1791/1607
f 3702/7263/4408 1887/2766/2448 1886/2765/2447
f 4506/6854/4881 996/1425/1275 1670/2438/2164
f 4459/7031/3908 2651/3912/3378 3442/5174/3909
f 395/558/439 2731/6031/3462 4497/7098/400
f 1147/1631/1467 1146/1630/1466 3277/4894/4038
f 1167/1667/1497 1456/2114/1894 1455/2113/1893
f 1788/2609/2316 4242/6576/4803 1218/1745/1563
f 3375/5059/1990 60/91/69 1393/1598/1436
f 722/1030/899 2528/3729/3236 723/1031/900
f 771/1096/961 1907/2795/2473 772/1097/962
f 3355/5017/4105 1118/7264/1430 4711/6531/4794
f 1698/3985/2198 1659/2420/2151 2155/3339/2787
f 2497/3678/3200 2499/3680/3202 1572/7265/2044
f 3588/5392/4318 4926/7266/4945 1356/1970/1767
f 4283/6656/4830 2477/3760/3178 4964/7267/1447
f 2053/3007/2660 683/974/845 3490/5243/4230
f 822/1166/1028 821/1165/1027 400/563/444
f 406/570/451 1490/2171/1934 407/571/452
f 4560/1202/1064 3197/4760/3953 4647/1200/1062
f 3603/5421/4331 3602/5420/4330 1406/2046/1830
f 4520/7141/4927 2207/3246/2852 1460/5262/1898
f 3953/5997/4613 3967/6024/4622 1125/1600/1438
f 3505/5268/4246 3504/5267/4245 854/1213/1075
f 1677/2447/2170 1650/2452/203 4412/7268/4584
f 2324/3423/2997 1622/2363/2102 2132/3135/2506
f 4959/5048/4117 3369/5050/4118 1098/1560/1403
f 2167/3184/2801 3764/5702/4462 1687/2461/2183
f 1534/3074/1992 4490/7089/4915 4819/4489/3777
f 3914/7269/3449 4574/7270/2757 3942/5981/4605
f 1490/2171/1934 2191/3221/2831 1491/2172/1935
f 3996/3799/3287 4450/3553/3101 4575/7271/3975
f 3042/6926/3806 4387/6875/4884 3178/4726/3929
f 3319/4961/554 4705/7272/4946 4576/7273/2115
f 4208/3949/3405 4577/7274/4264 3989/6058/4641
f 2514/3707/3219 2828/4184/3575 1441/2097/1877
f 1589/2316/2064 4061/6191/1968 2254/3312/2908
f 4413/6940/4825 4578/7275/3858 3639/7276/2323
f 3827/5877/4509 3876/5878/4549 1666/7277/2160
f 3243/3764/3261 1357/1971/1768 4579/7278/4947
f 2946/4382/3704 1992/2927/2588 1555/2267/2020
f 4057/1555/1398 3558/5349/4289 4580/7279/1646
f 4125/6310/4729 4581/7280/4727 2689/7281/3419
f 3117/4636/3879 680/966/838 4858/2465/2186
f 3709/5602/1237 1386/2014/1804 2965/4413/1238
f 4689/7282/4948 3106/7283/3867 4582/7284/4429
f 601/857/735 2224/6342/2868 2223/7285/2867
f 1747/2553/2264 2762/4074/3504 1748/2554/2265
f 3901/5308/4266 3237/4832/4000 3534/5309/4267
f 4032/7286/4666 564/6915/687 4405/6916/4891
f 346/497/380 1233/1770/1586 1100/2122/1406
f 4885/2581/2291 4583/7287/4159 3936/5973/3064
f 2781/4100/3526 3000/4722/3757 2544/3762/3259
f 1288/479/362 333/481/364 3152/1237/1095
f 3323/4967/4080 1073/5398/1372 2515/3708/3220
f 1913/2802/2480 2729/7288/3460 4464/4788/3971
f 3430/5152/4186 2832/7289/3582 1496/4955/1946
f 3234/7290/3997 1115/1585/1424 4300/1587/1426
f 4545/255/198 4584/7291/2174 4832/6937/3833
f 1000/1432/1280 2384/3513/3069 1001/1433/1281
f 4070/4050/3484 2336/3441/3011 4585/7292/4576
f 2206/2580/2290 868/1238/1096 3327/4975/4083
f 3875/5876/3081 103/143/66 87/7293/96
f 4332/6750/4855 3739/5659/3569 1750/2556/2267
f 740/1053/921 4518/7136/4845 3199/4763/954
f 2599/3841/3321 492/701/582 2049/3003/2656
f 931/1329/1183 1186/1697/1524 2837/4199/3589
f 4586/7294/2145 3629/5742/2144 4789/3597/3137
f 1219/1746/1564 1649/2399/2134 1220/1747/1565
f 1713/1815/1629 1891/2771/2453 4344/2773/2454
f 2339/5671/3013 3744/5670/4443 1591/2733/2065
f 3632/5461/2049 3714/6305/4417 3920/7295/4588
f 644/918/791 725/1035/904 645/919/792
f 4587/7296/3562 4664/2888/2558 4016/7297/4655
f 4205/2353/2094 4588/7298/4219 4486/7080/3952
f 177/238/191 167/227/182 3707/5600/4412
f 3344/4996/4095 1810/2638/2342 3266/4876/4026
f 1286/1869/1678 3783/5729/4479 3802/5759/4491
f 4589/7299/1538 4590/7300/766 4591/7301/4949
f 961/1376/1226 4406/6538/2808 1181/7302/1518
f 4592/7303/2754 709/1013/882 3417/5129/4169
f 1557/2271/2024 4593/7304/2460 4533/6734/4111
f 3275/4891/4037 522/2599/627 4594/7305/3173
f 2948/6954/3706 1476/2140/477 1559/2275/2028
f 2364/3485/3046 4288/6662/4834 4096/6254/4709
f 4595/7306/4950 354/505/388 347/498/381
f 2585/5998/3307 4465/7044/1142 3954/5999/4614
f 134/182/145 462/7307/535 3334/7308/1327
f 4596/7309/2159 3409/5115/4162 3668/5533/4388
f 2216/1475/1320 4494/7094/4916 4454/7021/4903
f 3242/7310/4005 4381/6861/3235 3009/6862/3766
f 2114/5481/2741 3242/7311/4005 3009/4476/3766
f 632/7312/777 2377/3501/3059 2647/6744/3372
f 3286/3111/2745 4597/7313/4286 2118/3112/2746
f 2727/4015/3458 3070/4567/3832 2728/4016/3459
f 3244/6810/4006 4598/7314/1101 4044/6161/4678
f 1563/2281/2033 1034/1476/1321 2216/1475/1320
f 2094/3071/2716 122/163/128 124/165/130
f 4294/6826/4838 2371/7315/3052 3223/4808/3983
f 4766/6737/4853 399/707/443 2383/3512/3068
f 1121/1595/1433 1594/2324/2069 4025/6125/4659
f 1207/1727/1548 4599/7316/1944 4776/1725/1546
f 779/1104/969 1011/1444/1292 937/1342/1195
f 2132/2829/2506 1248/1794/1609 2325/3736/2998
f 2004/2944/848 1195/1709/1533 2754/2945/2604
f 4600/7317/1782 1986/2913/1781 365/519/402
f 2930/4353/2021 1002/1434/1282 2931/4354/3686
f 1223/4481/1572 3012/4480/3769 2370/3492/3051
f 2619/3868/3342 2058/6867/2665 3339/4989/4091
f 3975/6036/4630 4601/7318/3229 4426/6969/4449
f 4927/4666/3901 4053/6178/4682 3882/5890/4556
f 2423/3572/3117 4313/6708/4846 3728/5637/4428
f 2567/7319/3285 3989/6058/4641 4577/7274/4264
f 107/148/113 1231/6227/1584 108/149/114
f 4825/4995/4094 4542/7191/2904 2613/3858/3333
f 1688/2462/1855 482/684/565 1689/2463/2184
f 3143/4667/3902 3495/5253/4237 3494/5252/4236
f 4687/2333/2078 3297/4920/4056 2643/3900/3367
f 3442/4687/3909 3221/6418/3980 3124/4644/3884
f 1576/2297/2048 4311/6705/2993 3632/2298/2049
f 456/648/529 455/647/528 2330/3430/3002
f 4377/6853/4880 2494/6164/3197 2194/3226/2836
f 3579/5382/4062 3888/5897/4562 3115/4634/3877
f 1799/2625/2331 2852/4223/3603 3769/5714/4467
f 4594/3644/3173 524/749/629 3651/5492/4370
f 4602/7320/4487 2543/3759/3257 3/4/4
f 4424/6964/2763 830/1180/1042 3888/5897/4562
f 844/6062/1063 4366/6811/4871 4046/6163/4679
f 3134/7321/3893 3989/6058/4641 2567/7319/3285
f 4603/7322/1950 4835/7323/4268 2312/3401/2882
f 2395/3529/3084 1797/2623/2329 1813/2641/2345
f 3047/4531/3812 3153/4685/3907 4604/7324/4951
f 4895/2692/2389 2832/7289/3582 3430/5152/4186
f 4605/7325/4941 793/5089/988 3393/5091/4143
f 4112/6278/4722 3395/5093/4145 3394/5092/4144
f 3464/5205/4211 1163/1662/1492 3679/5553/4395
f 802/7326/998 4893/4018/3461 2729/4017/3460
f 1728/2528/2240 1729/2529/2241 1228/1761/1579
f 1952/2858/2532 4812/4302/3655 898/1283/1140
f 3484/1175/1037 3376/5062/4124 4778/6356/4699
f 3318/4551/3825 512/735/615 2047/3001/2654
f 3946/5987/4610 856/1216/1078 1838/2684/2382
f 2714/2307/2056 1582/2306/2055 3686/5561/4399
f 789/1118/983 1078/1534/1378 3191/1737/1556
f 3022/4500/3785 4013/715/595 4606/7327/3124
f 1980/2904/2572 4607/7328/2568 4045/2715/2407
f 2200/3235/2845 1880/2756/2432 1879/2755/2440
f 4608/7329/2739 3886/5895/4560 3383/5074/4133
f 4609/7330/3008 1447/7331/1884 2366/3488/3048
f 333/481/364 332/480/363 3908/5935/4581
f 278/394/306 277/391/304 272/385/302
f 4610/7332/4793 4224/5247/1050 4417/5246/4232
f 4274/6641/4826 1411/7333/1837 1410/5546/1836
f 567/814/692 4611/7334/4763 1173/4596/1505
f 4978/5144/1277 4612/7335/1276 846/1204/1066
f 1684/2456/2178 2146/3154/2777 2778/5417/3523
f 2153/5983/2785 671/955/828 2605/3848/3326
f 472/669/550 471/668/549 509/728/608
f 3284/4905/4044 3700/5587/4407 3998/3323/2917
f 3493/5250/4234 1712/2499/2215 1711/2498/2214
f 910/1300/1155 1131/1608/1445 2597/3837/3317
f 3666/3555/3102 3151/4679/2861 3016/4487/3775
f 368/522/405 1101/1564/1407 369/523/406
f 4613/7336/1221 767/7337/957 4614/7338/1222
f 4944/6889/4776 3356/3191/2807 2170/3190/2806
f 4898/6324/4733 4130/6325/4734 2888/4287/3643
f 1644/2394/2130 1494/2181/1942 4599/2183/1944
f 1122/1596/1434 4025/6125/4659 4693/7339/4952
f 2585/4291/3307 1225/4236/1575 4615/7340/4953
f 1534/3074/1992 2168/3186/2802 4490/7089/4915
f 4015/6101/4654 3342/4993/4092 4500/7103/4918
f 2303/3386/2970 3592/5396/4322 4949/5176/4196
f 3305/7341/4066 3094/4603/3855 2136/3140/2765
f 2715/3997/3444 3717/5611/4418 1645/2395/2131
f 1511/2209/1965 593/845/723 592/844/722
f 2247/3302/2899 1124/1599/1437 2337/3303/2900
f 4352/6787/4864 4276/6643/4828 3782/7342/4478
f 4782/1305/1160 3206/4778/3962 913/1306/1161
f 4462/7037/4906 4063/6196/4069 3308/7177/4070
f 74/118/83 71/94/79 64/82/73
f 4753/822/700 74/101/83 64/7343/73
f 2647/6744/3372 2377/3501/3059 2379/3503/3061
f 1733/2533/2245 510/730/610 573/820/698
f 4939/659/540 3131/7344/3891 1210/1731/1550
f 2757/4064/3495 1363/1981/1775 1362/1980/1774
f 447/635/516 4858/2465/2186 448/636/517
f 3626/5453/4350 4028/7345/4661 4741/6666/4835
f 3601/5416/3192 4136/6336/4738 1684/2456/2178
f 4118/1808/1623 2481/3657/3182 2978/4435/3737
f 852/1211/1073 851/1210/1072 3878/5884/4552
f 4616/7346/2545 3457/5198/4206 3458/5199/4207
f 467/662/543 2858/4235/3611 2047/3001/2654
f 939/1088/953 599/855/733 1017/1452/1298
f 4617/7347/2318 1829/5635/2371 3678/5551/3138
f 1683/2455/2177 4154/6385/4753 2145/3153/2776
f 1811/2639/2343 1719/2511/2224 4064/6198/4686
f 4183/6437/4767 3796/5749/4488 3497/5255/4239
f 4408/5288/4257 2213/3253/2857 4969/5289/4187
f 1527/5848/1983 4852/1156/1019 4536/5189/3172
f 3266/4876/4026 3751/6384/4451 1516/2218/1971
f 3392/5086/3096 3731/5645/4434 1823/4807/2364
f 3539/7348/4272 850/1209/1071 3809/5766/4496
f 4383/5064/4126 2767/4081/3511 3079/4580/3840
f 1096/1558/1401 355/507/390 357/509/392
f 1237/1774/1590 3380/7061/4130 4426/5684/4449
f 4392/6882/3066 4074/6213/3067 3941/5979/4604
f 1909/5061/2476 2054/3008/2661 2583/3818/3303
f 2316/3407/2984 4098/6257/4711 688/980/851
f 2930/4353/2021 3036/3360/2948 1002/1434/1282
f 2607/3851/3328 2606/3850/2952 2264/3329/2921
f 3699/5583/91 401/7349/445 626/7350/771
f 3699/5583/91 626/7350/771 100/137/105
f 906/1294/1150 407/571/452 1292/5596/1691
f 1908/2796/2474 4402/1748/1566 1094/1556/1399
f 3521/5285/4256 3520/5284/4255 1526/2229/1982
f 2252/3310/2906 921/1319/1174 3449/5185/4201
f 2335/3437/3009 4618/7351/1166 4204/4451/3748
f 1849/2700/2396 1566/2284/2036 1565/2283/2035
f 3948/4958/4077 3135/4657/3894 3137/4659/3896
f 4619/7352/4954 503/719/599 3106/7353/3867
f 4689/7354/4948 4619/7352/4954 3106/7353/3867
f 2795/4130/3541 1612/2708/2092 1856/2707/2402
f 2415/3561/3108 1423/2072/1854 967/1383/1233
f 4906/954/827 4620/7355/814 671/955/828
f 3332/4981/2833 2889/4288/3644 2890/4289/3645
f 4621/7356/3711 1478/7357/1917 3153/4685/3907
f 3521/5285/4256 1985/7150/2578 3519/5283/1453
f 4622/7358/2877 3903/6453/4575 2551/3775/3268
f 1049/1497/1341 1048/1496/1340 1338/1295/1151
f 889/1269/1126 3987/6055/4639 428/607/488
f 3371/5052/4119 2550/3774/3267 2424/3573/3118
f 4973/2762/2444 1836/5159/2380 856/7359/1078
f 3359/5024/4109 3247/4850/4011 2663/3931/3391
f 3697/5581/4404 3069/4566/3206 3698/5582/4405
f 2161/3174/2793 3609/6434/4336 2785/4921/3530
f 4879/7360/4805 4521/7142/4928 4520/7141/4927
f 1368/1989/795 464/656/537 2664/3932/3392
f 3275/7361/4037 4594/7362/3173 4023/6121/4511
f 1777/2594/2303 948/1358/1209 4623/7363/3772
f 3471/5219/3533 3369/5050/4118 3766/5406/4326
f 4173/6423/2725 3179/4729/3931 1740/2546/2257
f 122/163/128 4857/3122/2752 125/166/131
f 3232/4825/3994 3646/5484/4366 1085/4826/1389
f 4624/7364/2462 4625/7365/2463 4815/5345/1539
f 3166/4707/3920 3408/5114/4161 2000/2938/2598
f 4853/1063/930 1379/2005/1795 3608/5430/4335
f 4712/6206/2549 4626/7366/4955 3353/5013/4104
f 4627/7367/4956 3493/5250/4234 4628/7368/4957
f 435/614/495 4081/7369/4696 436/615/496
f 1092/3811/1396 4034/7370/4668 2577/3812/3298
f 4029/7179/4662 3487/5239/1304 3486/5238/4227
f 1496/4955/1946 3316/4957/4076 3430/5152/4186
f 3406/5108/4157 3072/4572/3837 582/5194/710
f 4629/7371/4943 3980/6045/4633 1985/2911/2578
f 1084/1545/1388 4540/7186/287 3747/2148/1920
f 3580/5383/4312 4237/6556/1874 3545/6432/1326
f 4857/3122/2752 3964/6020/3656 125/166/131
f 2096/3075/2718 3474/3077/2719 1242/1782/1598
f 3383/5074/4133 3384/5075/4134 2854/4225/3605
f 4145/6360/4746 3383/5074/4133 2854/4225/3605
f 4257/6605/4814 4304/6692/4844 3627/5454/4351
f 2956/4398/3713 2678/3951/3407 4512/7122/4923
f 4604/7372/4951 1667/2435/2161 438/617/498
f 804/1138/1002 1891/2771/2453 1713/1815/1629
f 1382/2009/1799 1381/2008/1798 397/560/441
f 3300/4927/4060 3834/7373/2246 1734/6966/2247
f 2495/3676/3198 3658/5504/2156 919/1316/1171
f 3992/7374/4642 2814/4159/3557 1703/5968/2204
f 1243/1783/1599 3796/5749/4488 4183/6437/4767
f 1881/2757/2441 2511/3702/3216 3169/4712/2404
f 1754/2560/2271 4227/6540/4779 1755/2561/1449
f 4084/6236/4700 2240/3290/2888 4633/5586/4406
f 2652/3914/707 3154/3916/3381 4630/7375/2417
f 3347/5003/4099 4259/6609/4465 928/5004/1180
f 3681/5555/4397 4105/6266/4717 3963/6019/728
f 1493/2175/1938 3759/5695/4455 895/1279/1136
f 3584/7376/4316 4631/7377/4958 3492/5248/4233
f 2741/643/524 454/645/526 1744/2550/2261
f 1966/2879/2550 3792/5743/4485 1241/1781/1597
f 2230/3274/2874 2229/3273/2873 4632/7378/4176
f 766/6839/955 3002/4469/3759 4374/6840/4877
f 3530/5301/4263 4695/7379/4594 2650/7230/3377
f 4051/1874/1683 4050/7380/2844 4042/6159/4677
f 2107/3094/2734 3205/4776/3960 3612/5434/4338
f 1673/2442/1501 3107/4621/3869 1674/2443/2168
f 2475/3649/3175 1219/1746/1564 4521/7142/4928
f 3044/4528/3810 2314/5014/2981 4249/1173/1035
f 2060/3014/2667 2016/2961/2620 4213/5648/4436
f 4695/7381/4594 4694/7382/4180 2104/3090/2730
f 358/7383/394 2397/3535/3088 4722/887/762
f 3719/6155/4419 4292/6668/4837 3410/5116/1807
f 4126/6313/3244 564/6915/687 563/6312/686
f 3196/2111/1891 1453/2110/1890 4402/6907/1566
f 4466/7384/4907 1076/1532/1376 1804/5020/2336
f 4910/2360/2099 1822/2663/890 715/7385/892
f 3673/5540/2254 457/649/530 3674/5541/4392
f 93/128/81 102/139/63 101/138/109
f 3533/5306/2003 4633/7386/4406 4634/7387/4959
f 505/722/602 4421/6687/4715 3065/723/603
f 811/1150/1013 3249/4852/4012 810/1149/1012
f 2079/4030/2692 4478/7067/2691 2739/4031/3471
f 3675/5542/4393 3030/4509/3794 3032/4511/3796
f 1812/2640/2344 1266/1828/1642 1265/1827/1641
f 3303/4934/4064 1999/2937/2597 4508/2939/2599
f 1342/1953/1751 677/963/835 676/962/834
f 1637/2386/2122 1636/2385/2121 1530/2234/1987
f 4355/2897/2567 1356/1970/1767 1355/1969/1766
f 4635/7388/2499 4278/6648/4829 4360/6800/4431
f 3795/1850/1661 3817/5775/4503 1277/1851/1662
f 4521/7142/4928 1219/1746/1564 4242/6576/4803
f 1494/2181/1942 1645/2395/2131 3716/5610/1680
f 309/7389/347 3823/5781/4506 314/476/349
f 3914/5944/3449 4550/940/813 4279/7390/648
f 2365/3487/3047 2367/3489/3049 3999/6757/4645
f 4636/7391/4960 4462/7037/4906 4461/7036/4905
f 2019/2965/2622 3565/5359/4296 2020/2966/2623
f 444/631/512 2309/5577/2977 445/632/513
f 3242/4841/4005 2526/3726/3233 4381/3728/3235
f 4075/4692/3829 2706/3983/3435 799/1131/995
f 2953/4395/3712 3844/5820/4523 2040/2994/2648
f 2567/6381/3285 4605/7239/4941 3792/6382/4485
f 4822/7392/3352 3181/4732/3933 4171/6420/4097
f 3616/5439/4341 3104/4616/3865 3103/4615/3864
f 671/955/828 4620/7355/814 2604/3846/3324
f 2353/3469/2302 2296/4092/2961 4637/7393/1145
f 167/227/182 166/226/181 174/234/187
f 4183/6437/4767 3008/4475/3765 1243/1783/1599
f 479/681/562 1666/2433/2160 4596/2432/2159
f 4972/1011/881 3259/4867/3741 4638/7394/389
f 2375/3499/3057 3828/5797/4513 4122/5796/4512
f 4584/2451/2174 1779/2596/2305 4481/7395/2457
f 3613/2946/2605 3720/5617/4018 4639/7396/4378
f 1047/1495/1339 4323/6726/3669 3821/5779/4505
f 4640/7397/3086 4898/6324/4733 4641/7398/4764
f 3443/5175/4195 110/1234/116 4254/6602/4010
f 584/834/712 4410/7399/4893 585/835/713
f 4642/7400/3273 3700/5587/4407 2555/7401/3274
f 1298/1889/1696 4643/7402/3809 4349/1890/1697
f 2691/7020/3421 3680/5554/4396 3682/5556/2546
f 4644/7403/4961 1816/2646/2350 1815/2645/2349
f 1464/2127/1905 4192/6465/4775 4093/1114/979
f 774/1099/964 2092/3065/2710 3581/5384/4313
f 2164/3177/2796 2538/3749/3249 3148/1861/1671
f 4534/7172/4065 3095/4604/3856 3094/4603/3855
f 2320/3414/2990 4579/7278/4947 1357/1971/1768
f 2132/3135/2506 1621/2362/2101 4645/7404/1850
f 759/1081/946 4646/7405/502 760/1082/947
f 3949/5991/4612 2976/4433/3735 1270/1837/1650
f 3244/6810/4006 844/6062/1063 4647/7406/1062
f 3208/4781/3964 3348/5008/4101 3160/4698/3912
f 4501/7104/4919 1961/2867/2540 1244/1786/1602
f 2680/3953/3409 2679/3952/3408 4357/6795/4866
f 855/1215/1077 4409/7407/3592 856/1216/1078
f 896/1280/1137 2007/6527/2609 1705/2488/2205
f 2620/3870/3344 2621/3872/3346 1855/2706/2401
f 1467/3823/1908 2587/3825/3309 1465/6684/1906
f 1192/1705/1530 461/6600/534 460/1706/533
f 4755/7408/1442 4648/7409/1441 2642/7410/3366
f 2639/3895/3362 4076/6217/3006 4260/3896/3363
f 2766/4080/3510 3080/4581/3841 2767/4081/3511
f 1624/2366/2104 2883/4280/3638 4649/7411/2027
f 4023/6121/4511 3652/6092/4371 3972/6030/4626
f 2905/6753/3667 3510/5273/4249 2900/4310/3661
f 4365/6809/4870 514/738/618 1329/1938/1739
f 615/877/753 608/869/745 610/871/747
f 3144/3757/3255 3761/5699/4459 384/544/425
f 515/739/619 4506/6854/4881 1670/2438/2164
f 3537/5316/4271 2362/5315/3042 3896/7412/1169
f 4405/7413/4891 3171/4714/3921 2302/3385/2969
f 2704/3981/3433 4405/7413/4891 2302/3385/2969
f 2112/3103/2740 4418/6950/1159 2480/3655/3180
f 3934/5971/4225 1455/2113/1893 1049/1497/1341
f 3715/5609/4355 784/1110/975 2033/2984/2638
f 1351/7414/1761 3446/5181/4198 1352/4112/1762
f 4650/7415/3065 4916/5934/4580 4548/7200/2574
f 3478/5227/4223 1112/1582/1421 332/7416/363
f 1227/1760/1578 363/516/399 1728/2528/2240
f 1156/1653/1483 3323/4967/4080 1166/1666/1496
f 2071/3612/2680 4718/4146/3552 4532/7166/1202
f 1253/1802/1617 4642/3780/3273 2556/3782/3275
f 1279/1855/1665 1827/2670/2369 4617/2611/2318
f 339/488/371 338/487/370 1639/2388/2124
f 3359/5024/4109 4651/7417/3375 3360/5025/3374
f 4049/3232/2842 3907/7146/4578 2199/3233/2843
f 3804/5761/4493 3805/5762/4494 4328/6743/4777
f 4558/7227/4939 1862/6885/2413 434/613/494
f 1599/5598/2075 3706/5599/4411 4652/7418/4387
f 1173/4596/1505 3089/4595/3850 567/814/692
f 3721/1007/877 2724/7419/3455 4654/1171/1033
f 1466/2129/1907 4572/6142/2360 1467/2130/1908
f 902/1289/1146 2539/3751/3251 2286/3358/2946
f 477/677/558 4256/6604/4813 4265/6618/4818
f 1671/2440/2166 3898/5913/4570 2404/3543/3095
f 1103/1566/1409 1102/1565/1408 3935/5972/4600
f 2594/5614/3314 2720/4002/3448 268/380/301
f 4582/5640/4429 3106/7420/3867 4653/7421/3868
f 2780/4099/3525 2544/3762/3259 1519/2221/1974
f 1143/1625/1461 2734/4024/3466 1484/2157/1925
f 2724/4012/3455 4339/4011/3454 4654/7422/1033
f 424/1429/482 3514/5278/2410 4886/7423/2409
f 618/882/758 1476/2140/477 1475/2139/1915
f 1936/2836/2512 4239/6565/4801 2793/7424/3537
f 2779/4098/3524 2163/3176/2795 2162/3175/2794
f 4808/3163/2783 2278/6167/2935 2277/7425/2934
f 2529/3730/3237 2530/3731/3238 4361/2940/2600
f 3136/4658/3895 1214/7426/1557 3193/4754/3950
f 2967/4415/3725 2969/4417/3727 4655/7427/4962
f 2292/3371/2959 4435/5123/4166 4228/6541/4795
f 4129/6322/4732 3096/4605/3857 3097/4607/3859
f 394/557/438 1462/7428/1901 2731/6031/3462
f 521/746/626 341/490/373 2088/3060/2705
f 3498/5259/4241 2334/3435/3007 4899/3692/3209
f 3677/5549/3567 2250/3307/2903 933/7429/1185
f 3696/2842/2517 3249/4852/4012 3902/5923/4574
f 4562/1335/1189 4656/7430/1853 1422/4899/1852
f 314/476/349 3824/5783/4507 328/474/358
f 2437/3590/3130 4599/2183/1944 3813/4811/3985
f 1267/1830/1644 1245/1788/1604 2869/2457/2179
f 987/1922/1264 1319/1921/1725 4764/7138/4926
f 715/1023/892 2184/3211/2823 2458/3624/3157
f 3884/5893/3253 3949/5991/4612 3058/4546/3822
f 1371/4176/1784 2361/3477/3039 1577/4177/2050
f 1658/7431/2149 4628/7368/4957 392/7432/436
f 4655/7427/4962 2277/3345/2934 3055/6334/3820
f 109/150/115 108/149/114 3679/5553/4395
f 3807/5764/3815 4657/7433/4963 3808/5765/4495
f 352/503/386 4555/7216/4937 353/504/387
f 4964/7434/1447 4388/7435/3177 4968/7436/4163
f 565/5785/688 3782/5728/4478 4658/7437/689
f 4659/7438/4964 2461/3628/3161 3951/4222/3602
f 3668/5533/4388 1316/1918/1722 1318/1920/1724
f 4660/7439/4874 3668/5533/4388 1318/1920/1724
f 4661/7440/1728 3635/5466/1273 3636/5467/4357
f 179/240/190 4317/7441/193 724/5407/903
f 1517/7442/1972 4055/7443/4684 841/7444/1059
f 4757/6194/1928 4662/7445/4965 4818/5863/4542
f 2861/4243/3615 4125/6310/4729 420/594/475
f 4663/7446/2678 2617/3864/2677 2618/3866/3340
f 3740/5660/4439 1369/6804/1780 1619/7137/2098
f 3074/7447/2897 3188/7448/3943 1491/5076/1935
f 3665/5525/4386 2688/7449/1997 4397/6900/1996
f 3105/5408/3113 4420/6959/3866 4896/577/458
f 1705/2488/2205 895/1279/1136 896/1280/1137
f 3459/7450/2430 1873/3459/2429 4726/3461/3028
f 4945/933/806 2641/3898/3365 4635/7388/2499
f 4408/5288/4257 3526/5293/4259 2213/3253/2857
f 4457/7026/4804 4456/7025/2086 4644/7451/4961
f 1832/7452/2374 1831/7453/2373 1664/2430/2158
f 1832/7452/2374 1664/2430/2158 4284/7454/4831
f 4664/7455/2558 1018/1453/1299 1017/1452/1298
f 2317/1703/1528 4665/7456/2365 1324/1930/1731
f 1161/1660/1490 2709/3988/3437 488/692/573
f 1944/2849/2524 1179/1687/1517 1178/1686/1516
f 4420/6959/3866 1570/2289/2041 4896/577/458
f 4117/1779/1595 3930/5965/4597 4059/6724/1536
f 4218/4285/3642 1411/7333/1837 4274/6641/4826
f 2681/3954/3410 3575/5377/4308 2008/2951/2610
f 2026/2975/2629 4248/6587/1036 2027/2976/2630
f 3009/4476/3766 2142/7457/2771 3010/4477/632
f 1881/2757/2441 969/7458/1235 1368/1989/795
f 1762/2571/2281 4229/6542/4796 3929/5964/4596
f 3585/1987/1779 2872/4260/3626 1367/1985/1777
f 3145/4669/3903 3144/4668/3255 4666/7459/4385
f 3270/4881/4030 2639/3895/3362 2640/3897/3364
f 1375/2000/1790 4871/2969/2625 2898/4307/3659
f 2473/3645/3174 2968/4416/3726 2967/4415/3725
f 3541/5322/4274 2525/5789/3232 3542/5323/4275
f 4259/5712/4465 3768/5711/4464 929/4116/1181
f 2336/3441/3011 4698/4052/3485 4912/7460/691
f 4967/6308/4728 4559/7229/4940 973/6645/1244
f 646/920/793 4365/6809/4870 4485/7079/4913
f 1519/2221/1974 2582/3817/3302 4855/2222/1975
f 4416/5125/4168 4610/6529/4793 4417/7461/4232
f 2187/3216/2826 3163/4702/3915 2387/3516/3072
f 4487/7082/4914 2610/3855/3330 2612/3857/3332
f 3257/7462/4019 1998/7463/2596 3750/1446/1294
f 1065/1519/1363 1499/2191/1952 1509/1520/1364
f 1846/2694/2391 3018/4494/3780 1105/1568/1411
f 3123/4643/3883 3122/4642/3882 2760/4071/3501
f 1156/1653/1483 1166/1666/1496 1157/1654/1484
f 1468/2131/1909 307/447/345 672/3165/829
f 3914/7269/3449 3942/5981/4605 4620/7464/814
f 3567/5362/4298 4439/6992/4899 3810/5767/4497
f 851/1210/1072 3969/6026/4624 3878/5884/4552
f 3335/4984/4087 4241/1020/889 714/1019/888
f 1529/2233/1986 608/869/745 615/877/753
f 4667/7465/546 2596/6387/3316 469/7466/547
f 3937/5974/4601 2640/6873/3364 4260/7467/3363
f 2185/3212/2415 3429/5151/3528 4668/7468/2416
f 2952/4246/3618 4321/6723/1534 3929/5964/4596
f 4076/3770/3006 4609/7330/3008 4287/6661/4833
f 3596/7469/2230 3976/3758/3256 319/432/333
f 4384/4827/3995 3921/5953/4589 3232/4825/3994
f 3283/4904/4043 3552/5334/4281 4428/5339/4284
f 2020/2966/2623 3970/7470/4329 3140/7092/3899
f 3462/5203/4209 4273/6638/4824 3463/5204/4210
f 4774/5495/4372 2369/5512/3050 1882/5496/2442
f 3143/4667/3902 4927/4666/3901 3882/5890/4556
f 2739/4031/3471 3447/5182/4199 4539/7184/3609
f 4410/7399/4893 4669/7471/4858 585/835/713
f 966/1382/1232 1575/6014/2047 4670/7472/4966
f 2157/3170/2789 3395/5093/4145 4112/6278/4722
f 4752/6713/4848 3434/5163/4190 1034/1476/1321
f 2068/3025/2676 4636/7391/4960 2069/3026/1831
f 3897/5912/4569 3829/5798/466 3337/4987/4090
f 349/500/383 348/499/382 4438/4591/3847
f 4136/6336/4738 1771/2586/2295 3845/5821/4524
f 93/128/81 91/126/100 94/129/102
f 4671/7473/419 378/7474/418 545/7475/660
f 1458/7476/1896 4580/1833/1646 1459/1835/1648
f 2890/4403/3645 1187/972/843 2959/4404/3718
f 3230/4822/1206 3739/5659/3569 4151/6376/4751
f 2245/3299/2896 2615/3862/3337 1560/2278/2031
f 4615/7340/4953 900/1286/1143 4465/1285/1142
f 4878/7477/4147 2543/3759/3257 4602/7320/4487
f 3854/5838/4533 1969/7478/2553 3832/5803/4515
f 1535/7244/1995 4018/4878/4027 3267/4877/1993
f 638/910/785 637/909/784 3774/5720/4471
f 768/7479/958 4613/1370/1221 3858/708/588
f 4179/6968/4766 1588/6289/2063 1587/7480/2062
f 4388/7435/3177 2012/7481/2614 4968/7436/4163
f 1384/7482/1801 3272/4885/4033 4470/7054/2724
f 2774/4091/3519 814/7078/1017 2892/4294/3648
f 4052/6177/4681 3450/5186/4202 3882/5890/4556
f 433/612/493 432/611/492 486/690/571
f 685/6270/847 1193/1707/1531 2004/2944/848
f 4632/5137/4176 3357/5021/4106 2067/3023/2675
f 1580/5029/2053 2320/3414/2990 1579/3416/2052
f 3064/4555/3828 4672/7483/4305 4673/7484/3728
f 787/1115/980 4263/1942/1743 1305/1905/1709
f 3928/5963/4595 3227/4816/3989 3117/4636/3879
f 2238/3287/2885 3146/4671/3904 3424/5145/4181
f 4829/4077/3507 971/1391/1241 4876/1390/1240
f 2239/3288/2886 4674/7485/4890 2237/3286/2884
f 2927/968/840 3106/7353/3867 503/719/599
f 3685/5560/3717 2958/7486/3716 978/1404/1254
f 2755/6375/3493 3305/7341/4066 2136/3140/2765
f 3752/1669/1499 2561/3787/3280 1169/1670/1500
f 2023/2972/2627 2327/3426/3000 4819/4489/3777
f 4622/7358/2877 2551/3775/3268 3772/5717/3290
f 2555/7401/3274 3700/5587/4407 4675/7487/4447
f 975/1396/1246 4651/3908/3375 1109/7488/1417
f 2424/3573/3118 3018/4494/3780 3371/5052/4119
f 1861/7489/2412 1036/1478/1323 4823/1480/1325
f 1082/1542/1385 2533/1541/1384 4056/6184/3243
f 1439/2095/1875 1633/2381/2118 2694/3971/3424
f 2983/4443/3743 676/962/834 2973/5173/3730
f 2983/4443/3743 2973/5173/3730 1023/7490/1308
f 2144/3150/2775 4272/6636/4823 4155/3148/2773
f 1195/1709/1533 738/1051/919 3256/4863/4017
f 4676/7491/1252 483/685/566 1590/2317/1253
f 4262/6615/4816 4261/6614/4692 3162/4700/3914
f 4900/2620/2326 4201/6492/651 1795/2621/2327
f 3982/3018/2670 3847/7492/4526 3963/6019/728
f 1550/2262/2015 2662/3930/3390 3247/4850/4011
f 728/1039/907 4672/7483/4305 3064/4555/3828
f 4042/7493/4677 4050/3234/2844 3478/5227/4223
f 2389/3518/3074 2388/3517/3073 4677/7494/4262
f 1852/7495/2398 1155/1652/1482 3839/5815/4519
f 4678/7496/207 105/7497/111 190/1372/208
f 1270/1837/1650 1424/1839/1652 2454/3617/3153
f 3031/4510/3795 3163/4702/3915 2186/3215/2825
f 1759/3404/2277 4679/7498/1114 2315/3405/2982
f 643/917/790 2187/7499/2826 4268/6707/4820
f 1783/7500/2310 878/1253/1111 877/1252/1110
f 2133/3136/2762 3975/6036/4630 1077/1533/1377
f 1585/2312/2060 3226/5514/3987 3662/5513/4381
f 3717/5611/4418 3686/6888/4399 4009/7501/4401
f 3717/5611/4418 4009/7501/4401 3718/5612/1681
f 2048/3002/2655 2941/4371/3699 2644/7502/3368
f 3931/5967/4598 1349/3444/1759 652/927/800
f 4058/5297/4261 4089/7503/4704 3529/5298/781
f 970/1389/1239 2282/3352/2941 3866/5865/4544
f 324/469/355 331/478/361 1182/1690/1519
f 4172/6421/4762 3879/5885/4553 4680/7504/4967
f 377/536/417 3957/588/469 378/537/418
f 1324/1930/1731 4665/7456/2365 2082/3050/2697
f 1414/6886/1840 4558/7227/4939 2667/3937/3394
f 3184/4739/3937 654/929/802 3233/4828/3996
f 3617/5440/4342 2690/4210/3420 3633/7505/4356
f 1297/1888/1695 4349/1890/1697 2939/4367/3696
f 3277/4894/4038 4610/6529/4793 4416/5125/4168
f 3518/5282/4254 2928/7506/1558 4842/864/740
f 4181/3222/2832 2192/3224/2834 3472/5220/4220
f 2538/3749/3249 2166/3179/2798 4257/6673/4814
f 3554/5340/3411 3708/4680/3906 3426/5147/4183
f 4681/7507/3585 4682/7508/1900 3655/6852/4374
f 4045/2715/2407 3797/5399/4323 4475/2713/2405
f 3082/4583/3843 2267/7509/2923 3749/5683/1427
f 585/835/713 4669/7471/4858 4683/7510/2570
f 585/1642/713 4683/2902/2570 923/1321/1175
f 4324/6728/883 2737/4027/3469 4943/5098/4149
f 110/1234/116 112/7511/118 4254/6602/4010
f 2188/3217/2827 743/1058/925 1924/2815/2492
f 4684/7512/2255 3673/5540/2254 3675/5542/4393
f 4685/7513/1034 4248/6587/1036 3691/7514/4403
f 2315/3405/2982 4679/7498/1114 879/7515/1113
f 3949/5991/4612 1270/1837/1650 1415/2059/1842
f 2464/6495/3164 4203/6496/4784 3506/5269/4247
f 915/4882/1165 3411/5120/4164 3271/4883/4031
f 3581/5384/4313 752/1072/939 774/1099/964
f 2086/3125/2703 4592/3124/2754 4422/7516/4841
f 3876/6807/4549 4686/7517/4327 1387/2016/1806
f 2879/4274/3635 3056/4544/3341 4687/7518/2078
f 2996/4462/3754 4165/4464/3756 4688/7519/4968
f 3289/4912/4048 846/1204/1066 4612/7335/1276
f 3864/4848/4009 1174/1676/1506 1173/1675/1505
f 1477/4042/1916 1068/1523/1367 1069/1524/1368
f 928/1326/1180 927/1325/1179 2830/4189/3579
f 3388/5081/4138 4689/7520/4948 3746/5677/4448
f 3469/5213/4216 2467/3634/3166 2185/3212/2415
f 1186/1697/1524 1845/2693/2390 3430/5152/4186
f 2687/3963/3417 1618/2358/2097 726/1036/853
f 2199/3233/2843 3478/5227/4223 4050/3234/2844
f 1720/2514/2227 850/7521/1071 1262/1821/1635
f 2725/4013/3456 3298/6971/4057 4339/4011/3454
f 4690/7522/1673 4531/7523/4932 1129/1606/1444
f 2303/3386/2970 4949/5176/4196 1606/2344/2087
f 2568/3798/3286 4086/6238/4702 2145/3796/2776
f 2631/3884/3356 1287/1873/1682 1849/2700/2396
f 2178/3203/1846 4788/1338/1192 3900/5920/4573
f 1969/2882/2553 1971/2884/2312 2530/3731/3238
f 2010/2953/2612 2717/3999/3266 4777/5996/3544
f 1621/2362/2101 3927/5038/2346 4645/7404/1850
f 693/987/857 3243/3764/3261 4579/7278/4947
f 2334/3435/3007 3070/7524/3832 4899/3692/3209
f 4479/7068/4911 3138/4661/3897 3447/5182/4199
f 4741/6666/4835 3627/5454/4351 3626/5453/4350
f 4056/3742/3243 2449/3609/3146 3595/2515/2228
f 3633/5464/4356 4660/7439/4874 1318/1920/1724
f 4691/7525/4172 3617/5440/4342 3633/7505/4356
f 1680/2450/2173 753/1073/940 3356/5018/2807
f 1244/4426/1602 1961/3428/2540 2974/4427/3731
f 1252/1801/1616 2091/3064/2709 3998/6074/2917
f 3115/4634/3877 2895/4297/3651 2896/4299/3653
f 4111/2847/2522 2507/3691/3208 2627/7526/3351
f 4007/6089/4650 4008/6090/4651 4356/6793/1576
f 185/251/201 182/258/196 3278/252/202
f 4441/7527/4718 1690/7528/2185 1804/5020/2336
f 977/1400/1250 3037/4517/3799 3076/4516/2347
f 4692/7529/1601 1503/2196/1600 1093/1554/1397
f 894/1276/1133 2904/4315/3665 1437/2087/1868
f 3016/4487/3775 2363/6994/3044 4313/6708/4846
f 1918/2809/2486 1516/2218/1971 1515/2217/1970
f 4135/6335/2068 692/986/856 4693/7530/4952
f 3979/2033/1817 377/536/417 3669/1366/1217
f 3408/5114/4161 4297/6674/4840 3890/5900/4563
f 2301/3384/2968 3856/5843/3539 2302/3385/2969
f 1334/1910/1714 883/1261/1119 1058/2194/1354
f 813/1153/1016 812/1152/1015 3569/5366/4301
f 4140/5251/4235 1196/698/579 491/700/581
f 2871/4259/3625 1367/1985/1777 2872/4260/3626
f 4694/7531/4180 4695/7532/4594 4696/7533/981
f 680/966/838 679/965/837 4858/2465/2186
f 2863/4245/3617 3919/5335/4282 1548/2260/2013
f 2221/3265/2865 1353/1966/1763 1354/1968/1765
f 1637/3773/2122 1351/1964/1761 1807/2635/2339
f 4845/1032/901 724/1034/903 743/7534/925
f 4389/6877/4885 4510/7119/4921 4887/6878/4886
f 2426/7535/3120 457/649/530 3673/5540/2254
f 2892/4294/3648 3859/2310/2058 1583/2309/2057
f 2548/3769/3264 2549/3771/3265 2319/5918/2987
f 1568/2287/2039 3827/5788/4509 4514/3948/3404
f 2405/7536/787 418/592/473 665/946/819
f 3935/5972/4600 1652/2408/2141 3778/7537/4474
f 2174/3199/2813 2827/4183/3574 2175/3200/2814
f 1110/1577/1418 713/1018/887 1263/1822/1636
f 3248/1967/1764 3696/5580/2517 1354/1968/1765
f 4635/7388/2499 2641/3898/3365 4278/6648/4829
f 2486/3662/3187 2485/3661/3186 794/1124/989
f 2804/4141/3549 2647/6744/3372 2379/3503/3061
f 2804/4141/3549 2379/3503/3061 3183/5569/3936
f 3984/4292/3646 4697/7538/4809 4425/4293/3647
f 4055/7443/4684 1723/2520/2233 836/1191/1053
f 1038/1483/1328 1561/2279/2032 1039/1484/1329
f 4433/6981/4898 4522/7539/2135 1472/2135/1913
f 3262/775/654 541/774/653 3098/6694/3860
f 3945/5985/4608 3312/4950/4073 3313/4952/4075
f 2830/4189/3579 927/1325/1179 4970/4190/3580
f 1617/1214/1076 2206/2580/2290 3327/4975/4083
f 4226/6536/1717 4161/6397/4756 1212/4936/1553
f 4226/1913/1717 1212/1734/1553 3253/1733/1552
f 1214/1738/1557 3191/1737/1556 3193/7540/3950
f 4712/6206/2549 4505/7111/3954 4626/7366/4955
f 4530/7162/4931 2406/3548/3097 4507/3547/2738
f 3263/4873/4023 3265/4875/4025 4250/6590/4810
f 2617/7541/2677 3538/5317/3043 4429/6974/3540
f 4916/5934/4580 4933/3406/2983 2316/3407/2984
f 3053/4539/3819 3153/4685/3907 3046/4530/3811
f 924/7542/1176 4543/4985/4088 3335/4984/4087
f 256/361/289 3255/4862/4016 2403/3542/3094
f 3922/7543/4590 1394/2029/1815 3522/2960/2619
f 3473/7544/4221 3965/1655/1485 1157/1654/1484
f 583/833/711 872/1242/1100 3996/3799/3287
f 1791/2615/2322 1057/1506/1350 882/1260/1118
f 946/1356/1207 3571/5369/4302 947/1357/1208
f 3338/4301/3654 413/584/465 2979/4437/3739
f 1168/1668/1498 1157/1654/1484 1166/1666/1496
f 474/4148/553 3903/5924/4575 4622/7545/2877
f 684/975/846 575/823/701 2591/3829/3313
f 4225/6361/631 4719/5179/3934 4495/7096/4917
f 3120/4640/215 4382/6864/4217 191/265/211
f 4698/7546/3485 4354/7547/2565 4611/6424/4763
f 4211/6507/4788 3003/4470/3760 2985/4446/3745
f 3113/6333/2530 2354/2696/2393 2356/7548/3035
f 138/193/149 141/190/152 3851/5834/3698
f 3994/6067/4644 3371/5052/4119 4479/7068/4911
f 4699/7549/4862 1147/1631/1467 2559/3785/3278
f 638/910/785 2570/3801/3289 3743/4767/3334
f 912/1303/1158 728/1039/907 2452/3614/3150
f 3395/5093/4145 4646/621/502 4874/5841/4535
f 1479/2144/1918 530/2146/638 2653/3915/3380
f 579/7069/706 1609/2347/2089 2759/4068/3499
f 1483/2155/1924 1122/1596/1434 4700/7550/922
f 3973/7034/4628 1604/7551/2085 1603/3118/2084
f 1041/1486/1330 2468/3635/3167 1283/1860/1670
f 3423/5142/2728 4701/7552/4969 4616/7346/2545
f 2477/3652/3178 4176/7553/1677 2478/3653/2615
f 3963/6019/728 4864/7554/727 3681/5555/4397
f 1749/2555/2266 3424/5145/4181 3146/4671/3904
f 1777/2594/2303 4623/7363/3772 1655/2413/2146
f 1618/2358/2097 513/736/616 4365/6809/4870
f 2510/3698/3213 2581/3816/1735 611/872/748
f 2758/6678/3497 4691/5132/4172 3435/5131/4171
f 2384/3513/3069 4613/1370/1221 958/1369/1220
f 4080/6226/4694 2503/6228/1583 4934/7555/4683
f 3785/5731/4480 2771/4087/3515 4212/6508/4789
f 4555/7216/4937 3879/5885/4553 353/504/387
f 2124/1756/1574 1240/1780/1596 3474/3077/2719
f 2396/3534/3087 2888/4287/3643 1833/2676/2375
f 2606/3850/2952 2289/7556/2954 2264/3329/2921
f 2754/2945/2604 1195/1709/1533 3256/4863/4017
f 3213/4791/3974 4254/6602/4010 3214/4792/1521
f 3154/4690/3381 3155/4691/3910 4630/7557/2417
f 509/728/608 4702/7558/1337 1264/5183/1640
f 3894/5907/4566 3961/6013/4619 1269/1836/1649
f 4527/7154/1203 2464/3631/3164 2190/3219/2829
f 3791/5740/4484 4294/6826/4838 3223/4808/3983
f 1484/2157/1925 4703/7559/4295 1485/2158/1926
f 3902/5923/4574 1043/1488/1332 3696/2842/2517
f 4038/6151/4673 4392/6882/3066 4039/6152/4674
f 3648/5489/4368 3647/5488/4367 4704/7560/4015
f 4168/6414/4754 2768/4188/3512 2769/7561/3513
f 938/6219/1196 3418/5130/4170 1221/1749/1567
f 157/211/171 792/7562/986 2290/3368/2956
f 2864/4248/2207 1707/7563/2209 2865/4249/3620
f 3318/4551/3825 1632/6993/2116 4705/7564/4946
f 2391/5520/3076 2509/3697/3212 4350/3696/3211
f 1749/2555/2266 4415/6945/677 3424/5145/4181
f 4164/5827/4528 3113/2856/2530 1950/2855/2529
f 3802/5759/4491 3783/5729/4479 2762/4074/3504
f 284/404/313 2153/3166/2785 294/426/329
f 3490/5243/4230 682/973/844 4296/6672/4839
f 2058/6867/2665 3220/4801/3978 3339/4989/4091
f 4131/6326/4735 4557/7223/4938 3818/5776/4504
f 4719/5179/3934 3835/5809/4518 4495/7096/4917
f 1678/2448/2171 753/1073/940 2929/4352/3685
f 3420/6003/4175 4711/6531/4794 4706/7565/3305
f 397/560/441 1381/2008/1798 398/561/442
f 2840/6457/3593 2684/3958/3414 3011/5707/3767
f 2841/7566/3594 2840/6457/3593 3011/5707/3767
f 561/806/684 3235/4830/3998 4148/6367/4748
f 1856/2707/2402 1857/2709/2403 3378/5067/4127
f 1189/1701/1527 2139/3143/2768 1190/1702/702
f 3099/4610/3861 557/802/680 559/804/682
f 96/133/106 626/7567/771 860/1225/770
f 1997/2935/2595 4035/7568/4669 1998/2936/2596
f 1701/7569/2076 1599/7570/2075 4652/7571/4387
f 1955/2861/2535 381/541/422 2964/4411/3722
f 2787/4114/3140 4707/7572/4240 2601/3843/3323
f 423/600/481 1172/1674/1504 4065/6199/4687
f 4807/1799/1614 1251/1798/1613 4432/6894/4888
f 3782/7342/4478 4559/7229/4940 4658/811/689
f 4309/7573/3486 4708/7574/4665 4310/2125/1903
f 4450/3553/3101 965/1381/1231 4552/7575/4568
f 4709/7576/1315 1030/6309/1314 2688/4743/1997
f 3261/4869/4021 3132/4652/3892 2912/4327/3674
f 1806/2634/2338 1005/1437/1285 1807/2635/2339
f 4298/6677/3966 4528/7155/4068 2758/6678/3497
f 4650/3509/3065 1838/2684/2382 1943/2848/2523
f 1628/2373/2110 4480/3228/2838 1779/7577/2305
f 248/347/281 247/346/244 2095/6582/2717
f 2063/3017/2669 4002/7578/4648 4641/6425/4764
f 2736/4026/3468 3397/5097/4148 2737/4027/3469
f 1763/2573/2283 2328/3427/3001 2014/2958/2617
f 2878/4273/3634 2877/4272/3633 184/7579/199
f 3096/4605/3857 3638/5471/4359 4578/4606/3858
f 3467/5705/4214 1507/2203/1960 2732/4021/3463
f 1094/1556/1399 1070/1525/1369 3437/5167/4192
f 1808/2636/2340 1810/2638/2342 3344/4996/4095
f 2000/2938/2598 3408/5114/4161 3890/5900/4563
f 1535/7244/1995 1818/7580/2356 4410/6929/4893
f 4865/7581/4970 2629/3882/3354 3970/5418/4329
f 3209/4782/3965 2121/3115/2749 2122/3117/2584
f 4511/7120/4922 3184/4739/3937 3233/4828/3996
f 1655/2413/2146 1656/2414/2147 2957/4399/3714
f 436/6231/496 4082/6233/4697 3947/5989/4116
f 2050/3004/2657 2700/3977/3430 2755/4062/3493
f 2136/3140/2765 952/1362/1213 2137/3141/2766
f 4587/4166/3562 988/1416/1266 2819/4167/3563
f 3635/5466/1273 1111/7163/1420 3427/5148/4184
f 2617/7541/2677 4429/6974/3540 2624/3875/3339
f 465/660/541 4939/659/540 1210/1731/1550
f 4821/7130/4924 2812/4156/3555 3763/5701/4461
f 3913/5943/4489 4821/7130/4924 3763/5701/4461
f 404/4735/449 3049/4534/3814 2080/4533/2694
f 1617/1214/1076 1616/7582/2096 2206/2580/2290
f 3474/5222/2719 1131/1608/1445 2125/3121/2751
f 4092/6248/4707 3309/4946/4071 3088/4593/3848
f 463/655/536 4460/657/538 3374/5055/4122
f 2292/3371/2959 833/3372/1045 3995/5883/2646
f 3788/5737/4482 1586/2313/2061 3760/5698/4458
f 2853/4224/3604 4072/4226/3606 4476/7062/1135
f 983/1410/1260 4798/4725/3928 984/1411/1261
f 4169/7110/4761 3586/5390/4174 4710/7583/1778
f 4543/4985/4088 875/1248/1106 2373/3496/3054
f 706/1008/878 3069/4566/3206 3697/5581/4404
f 1158/1656/1486 3891/5904/4564 829/1179/1041
f 1535/2242/1995 4876/4677/1240 1818/2653/2356
f 4160/6396/4755 3050/4536/3816 3165/4705/3918
f 4160/6396/4755 3165/4705/3918 2270/3335/2926
f 470/667/548 3052/4538/3818 471/668/549
f 4711/7584/4794 1118/1592/1430 4917/1591/1429
f 549/788/667 1123/1597/1435 1558/2273/2026
f 4712/7585/2549 3711/7586/4414 4713/7587/2547
f 2832/4192/3582 3320/4964/4078 1496/2185/1946
f 871/1241/1099 521/746/626 964/1380/1230
f 2382/3506/2320 2002/2942/2602 4772/3507/1873
f 4737/2286/2038 3826/5787/4508 1568/2287/2039
f 2476/3650/3176 4521/7142/4928 4879/7360/4805
f 4359/6798/4867 2428/5862/3122 2341/3447/3015
f 1913/7588/2480 802/7326/998 2729/4017/3460
f 1556/2270/2023 661/942/815 1557/2271/2024
f 2130/6998/2761 834/1186/1048 3159/4697/3683
f 1496/2185/1946 3321/4965/4079 2934/4358/3690
f 3868/5868/4546 3965/6021/1485 3342/4993/4092
f 4512/7122/4923 691/984/854 690/983/525
f 1681/2453/2175 4175/6427/4765 3281/4902/4041
f 4604/7589/4951 1935/4267/2511 4123/4269/3630
f 4714/7590/4114 4499/6166/4384 558/803/681
f 2532/3737/3242 4437/1793/1608 182/244/196
f 1050/1498/1342 2514/3707/3219 1441/2097/1877
f 2677/5871/3406 2484/3660/3185 2486/3662/3187
f 4207/6502/4786 4715/7591/3924 3654/6503/4373
f 3273/4887/4035 4602/5748/4487 8/10/8
f 343/493/376 564/809/687 1767/6139/2288
f 4538/4238/3613 2859/4237/3612 810/1149/1012
f 2340/3446/3014 4831/7592/4930 4359/6798/4867
f 2260/3319/2914 601/857/735 600/856/734
f 4646/621/502 2157/3170/2789 3182/4737/3935
f 4695/7379/4594 3530/5301/4263 4677/5300/4262
f 3200/4766/617 3883/5891/4557 3454/5192/2635
f 4775/2631/2335 1805/2633/2337 4344/6771/2454
f 2554/3778/3271 2768/4188/3512 4168/6414/4754
f 1926/2817/2494 4664/7455/2558 1017/1452/1298
f 4544/7193/4909 2596/7593/3316 4064/7594/4686
f 4817/5674/4446 1835/5823/2379 4150/6374/4750
f 925/3259/1177 924/7542/1176 3335/4984/4087
f 514/738/618 1330/1939/1740 1329/1938/1739
f 2182/3209/2821 4023/6121/4511 1932/2827/2504
f 1102/1565/1408 1652/2408/2141 3935/5972/4600
f 143/194/154 2258/3317/2912 836/3152/1053
f 3870/2021/1808 4208/3949/3405 3988/6057/4640
f 3393/5091/4143 2096/3075/2718 1241/1781/1597
f 441/625/506 904/627/508 3082/4583/3843
f 2476/3650/3176 2475/3649/3175 4521/7142/4928
f 8/10/8 5/7/6 1/1/1
f 4796/6012/4618 1987/2915/2580 3961/6013/4619
f 4264/6617/4817 4037/6150/4672 1770/2585/2294
f 4614/1371/1222 3063/4005/3451 958/1369/1220
f 2834/7595/3584 3662/5513/4381 3663/5515/4059
f 147/199/159 3212/4789/3972 3156/212/172
f 3196/7045/1891 4560/7232/1064 3954/5999/4614
f 4766/6737/4853 2383/3512/3068 1000/1432/1280
f 4673/4419/3728 2261/4107/2916 2784/4106/3529
f 448/636/517 1691/2466/2187 4189/6460/742
f 2356/3472/3035 2355/3471/3034 4427/6970/3692
f 1924/2815/2492 4496/7107/3464 2189/3218/2828
f 3975/6036/4630 4716/7596/4510 4601/7318/3229
f 4966/2024/1811 4831/7592/4930 2340/3446/3014
f 3590/5394/4320 4096/6254/4709 2305/3390/2972
f 1282/7597/1669 1766/2577/2287 1819/7598/2357
f 4005/4298/3652 4004/6675/3386 2896/4299/3653
f 460/6698/533 462/7307/535 134/182/145
f 4039/6152/4674 3941/5979/4604 1313/1915/1719
f 782/1108/973 3129/4649/3889 4863/6872/4883
f 3571/5369/4302 3887/5896/4561 1799/2625/2331
f 4745/7185/4933 4717/7599/826 2430/6341/3125
f 4220/7600/4791 2369/5512/3050 3893/7601/4565
f 3399/5100/4150 550/791/670 3400/5101/4151
f 3031/4510/3795 3030/4509/3794 853/1212/1074
f 3302/4930/4061 1760/2568/2278 1972/3605/2556
f 1321/7602/1727 4353/6789/4865 4047/6788/4680
f 4850/1924/620 1321/1926/1727 4047/6170/4680
f 1537/7213/1999 2311/3400/2979 3599/5413/2693
f 2816/4161/3559 4621/7356/3711 3053/4539/3819
f 3027/5842/3790 1359/1976/1772 2129/1975/1771
f 2563/7603/3282 2344/3450/3018 1626/2369/2107
f 907/1296/1152 2844/4213/3596 3109/4215/3598
f 4701/7552/4969 3422/5141/4179 3815/5773/4501
f 4451/6378/4752 1853/2704/2399 2537/3748/3248
f 3295/4918/4054 2713/3995/3443 3296/4919/4055
f 324/469/355 1182/1690/1519 1181/1689/1518
f 4060/7144/4685 1188/1699/1525 1863/2725/1805
f 378/6004/418 2035/2986/2640 4144/7030/1902
f 4194/6474/4778 2982/4442/3742 2772/4089/3517
f 3667/5528/3345 932/1330/1184 3532/2248/2001
f 359/512/395 2111/2205/1962 360/513/396
f 2715/3997/3444 3686/6888/4399 3717/5611/4418
f 1731/2531/2243 4546/880/756 2561/3787/3280
f 4072/4226/3606 2120/3114/2748 4515/7125/4433
f 1635/6739/2120 3506/5269/4247 3279/4900/4039
f 3978/7604/3710 3632/5461/2049 3920/7295/4588
f 4532/1351/1202 4718/7605/3552 560/805/683
f 3716/1871/1680 1287/1873/1682 2631/3884/3356
f 1266/1828/1642 3270/4881/4030 2640/3897/3364
f 2241/3291/2889 2240/3290/2888 1917/2808/2485
f 2241/3291/2889 1917/2808/2485 1919/2810/2487
f 404/568/449 4719/7606/3934 4225/751/631
f 594/847/725 505/722/602 4941/951/824
f 4285/6658/4555 3553/5336/4283 4720/7607/4664
f 1231/6227/1584 3871/5872/4547 108/149/114
f 3948/4958/4077 3137/4659/3896 3515/5031/4110
f 3202/4770/3516 4270/6634/2714 2459/3625/3158
f 2862/4244/3616 1548/2260/2013 3969/6026/4624
f 1230/1764/1582 4464/4788/3971 480/1765/563
f 702/3240/868 4849/3242/2850 4721/7608/869
f 1644/2394/2130 4599/2183/1944 2437/3590/3130
f 1965/3537/2548 3260/7609/3697 3261/6080/4021
f 746/1062/929 3895/5908/4567 3283/4904/4043
f 4285/6658/4555 1850/2701/2397 3553/5336/4283
f 3469/5213/4216 4576/2378/2115 4791/2377/2114
f 323/468/354 4221/6902/4792 3992/6061/4642
f 395/558/439 4497/7098/400 1822/2663/890
f 2667/3937/3394 3141/4664/3900 3525/6922/4258
f 4531/7164/4932 4690/1863/1673 1284/1862/1672
f 4827/7610/3492 4956/4400/3715 3685/4402/3717
f 4975/2650/2353 518/743/623 517/742/622
f 2633/510/393 358/511/394 4722/7611/762
f 2698/3975/3428 4103/6262/4714 4126/6313/3244
f 2467/3634/3166 3429/5151/3528 2185/3212/2415
f 2706/3983/3435 3915/5946/4585 799/1131/995
f 2175/3200/2814 3528/5296/2418 4445/5539/2217
f 4425/6965/3647 3584/5388/4316 2756/4063/3494
f 3259/4440/3741 4723/7612/4772 1772/2588/2297
f 4162/6402/4757 1204/1723/994 798/7204/993
f 2978/4435/3737 3354/7613/1593 4118/1808/1623
f 4082/6233/4697 4563/7236/4285 2409/3551/3099
f 4438/6991/3847 2204/3239/2849 2203/3238/2848
f 3053/4539/3819 2814/4159/3557 2816/4161/3559
f 3345/4998/3045 2938/4366/3695 4713/2876/2547
f 4934/7555/4683 4724/7614/3053 4080/6226/4694
f 559/804/682 2390/3519/3075 2543/5096/3257
f 2212/3252/2856 1508/2206/1963 2179/3204/2816
f 2892/4294/3648 814/7078/1017 3859/2310/2058
f 4270/3069/2714 2443/3599/3139 2093/3070/2715
f 2133/3136/2762 2646/3904/3371 4424/3137/2763
f 545/781/660 394/557/438 546/782/661
f 648/923/796 3276/1386/1236 4561/7234/1188
f 4509/7118/1733 2581/3816/1735 2580/3815/3301
f 3948/4958/4077 1716/2506/2219 3135/4657/3894
f 4674/6910/4890 1990/7615/2586 586/6911/715
f 2369/5512/3050 4220/7600/4791 1882/5496/2442
f 4725/7616/4971 4291/6667/4836 4331/6749/4741
f 4117/7617/1595 4118/1808/1623 3354/7613/1593
f 1502/7618/1355 4343/6768/3105 3248/4851/1764
f 4525/2587/2296 4136/6336/4738 3601/5416/3192
f 4101/6260/4713 2786/4109/3531 2785/4108/3530
f 4101/6260/4713 2785/4108/3530 2661/3929/3389
f 4726/7619/3028 3085/4588/3027 2783/4587/3215
f 4648/7409/1441 4368/7620/3490 2642/7410/3366
f 1472/2135/1913 4522/7539/2135 2901/4312/3662
f 2832/4192/3582 2834/4194/3584 3320/4964/4078
f 1225/4236/1575 4212/6508/4789 4615/7340/4953
f 3642/5476/2352 1976/6978/2564 549/788/667
f 4645/7621/1850 3927/2642/2346 1420/2372/1851
f 3996/3799/3287 872/1242/1100 963/1379/1229
f 570/817/695 9/11/9 1/1/1
f 2744/4040/3477 2743/4039/3476 1079/1537/1381
f 2300/3382/2967 878/1253/1111 1783/7500/2310
f 3776/7622/2231 3958/5478/4363 4727/7623/2496
f 943/1349/1200 1036/1478/1323 1861/7489/2412
f 2450/3611/3148 2806/4144/3551 4718/4146/3552
f 1961/2867/2540 4501/7104/4919 1310/1911/1715
f 3033/7624/3797 3259/4867/3741 4728/7625/3632
f 765/1087/952 764/1086/951 2257/3315/2910
f 2221/3265/2865 4003/6084/4620 2013/2957/2616
f 393/556/437 4914/5960/4593 2825/4181/3572
f 3674/5541/4392 457/649/530 459/651/532
f 1539/2249/2002 4084/6236/4700 4633/5586/4406
f 4634/7387/4959 3966/6023/2887 3967/6024/4622
f 3701/5441/4343 1887/2766/2448 3702/7263/4408
f 4947/2276/2029 620/884/760 3541/5322/4274
f 616/6566/755 979/1405/1255 3107/4621/3869
f 3623/5449/4347 3622/5448/4346 4265/6619/4818
f 3664/5522/4137 384/544/425 3631/5460/4354
f 4666/7459/4385 4729/7626/4627 4812/4302/3655
f 683/974/845 682/973/844 3490/5243/4230
f 4977/6063/1871 2196/3229/2839 1628/2373/2110
f 4003/7627/4620 3078/4579/3839 4463/7040/3619
f 1318/1920/1724 4292/6668/4837 4455/7023/4904
f 1204/1723/994 670/952/825 1205/1724/1545
f 3157/1122/987 4496/7107/3464 1924/2815/2492
f 4911/6455/4769 4187/6456/4770 1840/2686/2384
f 2115/3107/2742 2116/3109/2743 3161/4699/3913
f 1077/1533/1377 3723/5625/4424 2133/3136/2762
f 4692/1785/1601 3624/5451/4348 3796/5749/4488
f 4045/6162/2407 4044/6161/4678 3797/5751/4323
f 4075/4557/3829 1841/2687/2385 2707/2689/2387
f 1710/2497/504 4232/6548/4797 4730/7628/2686
f 2376/3500/3058 1289/1876/1684 3152/4681/1095
f 2881/7629/3628 2029/2979/2633 2882/5140/3637
f 1874/2745/2431 3459/2744/2430 3187/5524/3941
f 3487/1458/1304 2817/4162/3560 1021/1459/1305
f 2091/3064/2709 2603/2666/2366 3998/6074/2917
f 4731/7630/2210 4732/7631/2211 4733/7632/4972
f 3453/5190/4203 4536/5189/3172 4852/1156/1019
f 4734/7633/216 4787/267/213 371/264/210
f 3846/5824/4525 1297/1888/1695 2939/4367/3696
f 3968/6025/4623 4735/7634/1638 2862/4244/3616
f 4637/1288/1145 2296/3376/2961 1006/1438/1286
f 4736/7635/918 1440/2096/1876 110/151/116
f 1505/2201/1958 1125/1600/1438 3967/6024/4622
f 3903/6453/4575 2951/7636/2221 4099/6258/4712
f 2181/3207/2819 1160/1659/1489 2470/2164/1929
f 2615/3862/3337 1108/1574/1247 2663/3931/3391
f 2388/3517/3073 2782/4101/3527 4234/6551/4798
f 525/753/633 527/755/635 2244/3297/2105
f 4558/7227/4939 3141/4664/3900 2667/3937/3394
f 2753/4059/3491 2003/7015/2603 2754/4060/2604
f 2916/7637/1560 662/6123/816 3993/6124/4643
f 4649/2274/2027 525/753/633 1624/6832/2104
f 4604/7589/4951 4123/4269/3630 3047/7638/3812
f 932/1330/1184 934/1332/1186 1539/2249/2002
f 3234/4829/3997 654/929/802 1544/5155/2009
f 3705/5597/4410 4585/5925/4576 1015/5786/1296
f 2916/7639/1560 3993/6064/4643 1896/7035/2461
f 2589/3827/3311 1203/1721/1543 1202/1720/1542
f 4443/7001/4900 2681/3954/3410 2575/3809/3297
f 2958/4401/3716 3836/7196/2449 1278/1853/1663
f 1872/2742/2428 1871/2741/2427 4347/7640/2699
f 4037/6150/4672 3462/5203/4209 3461/5202/4208
f 4659/7438/4964 2462/3629/3162 2461/3628/3161
f 1626/7641/2107 458/650/531 2563/7642/3282
f 2215/3255/2859 4403/5502/4376 4737/7643/2038
f 4242/6576/4803 1219/1746/1564 1218/1745/1563
f 3214/4792/1521 4738/7644/1004 426/605/486
f 4122/5796/4512 4051/1874/1683 2375/3499/3057
f 3643/5479/4364 3308/7177/4070 3000/7645/3757
f 2340/3446/3014 4359/6798/4867 2341/3447/3015
f 3156/212/172 3212/4789/3972 982/7646/1259
f 4472/7056/3587 4391/4523/3805 1009/1442/1290
f 4739/7647/4759 2087/7648/2704 4740/7649/2180
f 800/1132/996 1619/2359/2098 801/1133/997
f 4741/7650/4835 4028/6623/4661 3061/4552/3826
f 4346/3656/3181 2992/4455/871 4742/7651/2895
f 4378/6628/4821 3290/4913/4049 3288/4911/4047
f 4030/6133/4663 2102/3087/1138 2044/2998/2652
f 1991/2925/2587 1992/2927/2588 3985/6052/4637
f 3216/1075/942 4743/7652/89 2015/2959/2618
f 2838/4200/3590 1492/2174/1937 3577/5380/4311
f 3935/5972/4600 4744/7653/668 3089/4595/3850
f 2677/5871/3406 3458/5199/4207 2484/3660/3185
f 1262/1821/1635 850/7521/1071 3539/5320/4272
f 4014/7654/4653 2444/7655/3141 4745/7656/4933
f 2105/3092/2732 1850/2701/2397 4285/6658/4555
f 294/3991/329 2153/5983/2785 2711/3992/3440
f 3043/4526/3808 3134/4656/3893 3048/4532/3813
f 2335/3437/3009 4746/7657/1164 4618/7351/1166
f 2818/7658/3561 2322/3420/2994 2966/4414/3724
f 2773/7659/3518 4270/6634/2714 3202/4770/3516
f 2616/3863/3338 704/1339/873 936/1341/1194
f 2500/786/665 549/788/667 1558/2273/2026
f 4646/7405/502 2083/3053/501 760/1082/947
f 3245/4846/4007 1315/1917/1721 3147/4673/539
f 1649/2399/2134 1042/2400/1331 1220/1747/1565
f 3891/5904/4564 1250/1797/1612 3779/5725/4475
f 3525/5292/4258 3947/5989/4116 3526/5293/4259
f 4747/7660/2414 4897/2013/1803 1863/2015/1805
f 2108/3095/408 3612/5434/4338 4856/7081/409
f 4503/7106/4920 2297/3378/2963 4800/3377/2962
f 1303/7661/1705 307/447/345 286/446/315
f 4748/7662/4973 3129/4649/3889 4901/4483/3771
f 2865/7663/3620 1707/3027/2209 2331/3431/3003
f 4749/7664/1316 4812/4302/3655 4729/7626/4627
f 4803/7665/4974 1199/1717/1540 2696/4819/3426
f 4554/7215/4551 4750/7666/1881 4555/7216/4937
f 4863/6872/4883 3129/4649/3889 4748/7662/4973
f 1303/1900/1705 4751/7667/4935 672/1901/829
f 1022/1461/1307 702/998/868 1360/1000/870
f 3976/3758/3256 4751/7667/4935 1303/1900/1705
f 2700/3977/3430 3771/7668/4469 2755/4062/3493
f 2310/3399/2978 3789/5738/4483 3116/7669/3878
f 4890/3367/2955 543/777/656 1785/2606/2313
f 4396/6899/4889 1391/2025/1812 3617/5440/4342
f 2346/3453/3021 3851/4370/3698 3727/6631/4427
f 2611/3856/3331 1697/6856/2193 3351/5011/4103
f 4601/7318/3229 4716/7596/4510 4752/7670/4848
f 2819/4167/3563 990/1418/1268 986/1413/1263
f 3687/5562/4400 1984/2909/2577 1528/7042/1985
f 4152/3421/2995 4414/6944/4895 2323/3422/2996
f 3155/7671/3910 1176/1681/1511 3271/4883/4031
f 1809/2637/2341 2249/3479/2902 1810/2638/2342
f 2436/3589/3129 2234/3282/2881 3389/5082/4139
f 1143/1625/1461 1142/1624/1460 2734/4024/3466
f 112/153/118 111/152/117 4255/1695/1522
f 271/384/299 266/7121/298 276/390/303
f 2343/3449/3017 2800/4136/3546 2675/3946/3402
f 1046/1494/1338 3010/4477/632 4322/6725/4850
f 4125/7672/4729 2689/3966/3419 2688/3965/1997
f 966/1382/1232 4670/7472/4966 2416/3562/3109
f 4805/1650/1480 3658/2425/2156 2495/7673/3198
f 916/1312/1167 1163/1662/1492 3464/5205/4211
f 1874/2745/2431 3617/5440/4342 4691/7525/4172
f 2586/3824/3308 450/638/519 2587/3825/3309
f 1878/2754/2439 3603/7674/4331 4707/7572/4240
f 4354/7547/2565 3864/4848/4009 4611/6424/4763
f 1514/2213/1967 4906/4633/827 2449/3609/3146
f 4753/7675/700 64/82/73 66/84/75
f 4177/6429/1676 744/1060/927 2478/2956/2615
f 4754/7676/3658 212/301/243 4540/355/287
f 483/7677/566 1601/2338/2082 484/7678/567
f 3269/4880/4029 2728/4016/3459 3270/4881/4030
f 3716/5610/1680 4119/7679/4724 1494/2181/1942
f 3602/5420/4330 4738/1141/1004 1927/2818/2495
f 4334/6754/4856 3770/5715/4468 4811/878/754
f 3857/5844/4536 2090/3063/2708 3889/5898/3083
f 559/804/682 558/803/681 2390/3519/3075
f 1656/2414/2147 2415/3561/3108 2414/3560/3107
f 2435/3588/1951 4603/7322/1950 2313/3402/2980
f 3508/5271/3147 2071/3031/2680 3641/5475/4361
f 4060/6190/4685 1140/1622/1458 1139/1621/1457
f 3469/5213/4216 673/957/830 2467/3634/3166
f 4245/6583/4807 4739/7680/4759 1304/1903/1707
f 3620/6740/1008 2571/5666/3291 3014/4485/3773
f 2642/3899/3366 1853/2704/2399 4755/7681/1442
f 929/4116/1181 3768/5711/4464 2238/3287/2885
f 3422/5141/4179 4701/7552/4969 3423/5142/2728
f 1067/1522/1366 1454/2112/1892 3046/4530/3811
f 512/735/615 3318/4551/3825 3317/733/613
f 2834/7595/3584 1586/2313/2061 3662/5513/4381
f 2122/2920/2584 957/1368/1219 956/1367/1218
f 4539/4231/3609 1894/5794/2459 3051/4537/3817
f 4007/6089/4650 4182/6436/3319 3034/4513/3318
f 191/265/211 4382/6864/4217 4908/2473/2194
f 3305/7341/4066 4534/7172/4065 3094/4603/3855
f 2645/3903/3370 4936/5197/4205 4756/7682/4287
f 4757/7683/1928 1487/7684/1488 4662/7685/4965
f 1532/2236/1989 2472/3213/2824 2010/2953/2612
f 3123/4643/3883 2760/4071/3501 4326/6735/4852
f 1602/7686/2083 2376/7687/3058 4942/7688/1094
f 4335/6756/4857 3180/4731/3932 953/1363/1214
f 3069/3689/3206 1718/6403/2223 4338/7689/2222
f 1107/1573/1416 2271/4209/2927 2919/7690/1631
f 4265/6619/4818 3622/5448/4346 2859/4237/3612
f 2880/4276/3636 3092/4601/3853 1940/2844/2519
f 3398/7691/483 4758/7692/4815 1183/888/763
f 1746/2552/2263 1336/1946/1746 1033/1474/1319
f 831/1181/1043 581/831/709 832/1182/1044
f 648/923/796 4561/7234/1188 4020/6114/4656
f 3371/5052/4119 3138/4661/3897 4479/7068/4911
f 4759/7693/2975 4760/7694/2974 3656/5501/4328
f 2306/3391/2973 2925/721/601 504/720/600
f 4774/7695/4372 1223/4481/1572 2370/3492/3051
f 1366/689/570 1365/7696/1776 433/612/493
f 4140/6349/4235 491/7697/581 4141/6350/4744
f 1836/2682/2380 1864/7698/556 1837/2683/2381
f 4341/6766/4860 3817/5775/4503 3794/7699/2195
f 2442/3595/3135 4935/7700/4925 1136/1616/1452
f 1989/4339/2585 330/477/360 308/448/346
f 3654/5497/4373 4715/4718/3924 2851/4221/3601
f 4761/7701/4422 1910/2799/2477 4108/6272/4719
f 3506/5269/4247 3689/6738/3554 2464/6495/3164
f 4581/7135/4727 2861/7211/3615 4768/6716/4849
f 2506/3690/3207 4879/6579/4805 3181/6775/3933
f 2314/5014/2981 1758/2565/2275 1759/2567/2277
f 3645/2931/2592 1996/2933/2593 2114/3106/2741
f 1955/2861/2535 2899/4308/3660 3207/4780/1193
f 1088/1549/1392 1090/1551/1394 1547/2259/2012
f 152/205/165 4419/1275/1132 169/229/184
f 4348/6781/2274 2331/3431/3003 2333/3433/3005
f 2893/4295/3649 2156/3169/2788 2392/3521/3077
f 1304/1903/1707 4739/7680/4759 4740/2458/2180
f 2668/3939/3396 1022/1461/1307 3670/5536/4389
f 698/6490/864 2096/3075/2718 795/5090/990
f 101/138/109 91/126/100 93/128/81
f 4591/7702/4949 2351/3465/3031 3892/5905/4380
f 4248/6587/1036 2716/3998/3445 2027/2976/2630
f 4762/7703/4875 715/7704/892 4763/7705/4304
f 1948/4173/2527 4764/7706/4926 4526/7152/209
f 4765/7707/4579 726/1036/853 725/1035/904
f 4629/7371/4943 4094/6083/4649 3980/6045/4633
f 3520/5804/4255 1527/2230/1983 4536/3642/3172
f 1751/2557/2268 1619/7137/2098 800/5160/996
f 1257/1814/1628 1256/1813/1615 4529/7159/4929
f 1251/1798/1613 1291/1881/1689 4432/6894/4888
f 3684/5559/3442 4827/7708/3492 3685/5560/3717
f 2250/5443/2903 1809/2637/2341 934/1332/1186
f 4555/7216/4937 4680/7504/4967 3879/5885/4553
f 1379/2005/1795 1380/2007/1797 3897/5912/4569
f 1044/1489/1333 633/903/778 2509/4254/3212
f 2971/4421/3729 4154/6385/4753 1683/2455/2177
f 3615/5438/4340 807/1144/1007 1551/2263/2016
f 3427/5148/4184 2742/4038/3475 1743/4672/2260
f 1677/2447/2170 1676/2446/2109 1779/2596/2305
f 3978/4388/3710 3920/5952/4588 1397/2034/1818
f 1240/1780/1596 1242/1782/1598 3474/3077/2719
f 2076/3040/2688 1027/5171/1311 1026/967/839
f 140/191/151 2481/3657/3182 142/192/153
f 1259/7147/1632 538/6650/649 3748/5680/2632
f 631/901/776 3089/4595/3850 2572/3805/3293
f 3781/5727/4477 2776/4094/3521 4000/6076/4646
f 4766/7709/4853 397/560/441 399/562/443
f 3423/3088/2728 2104/3090/2730 4694/7382/4180
f 4767/7710/3142 4778/6235/4699 3661/5510/4379
f 3492/5248/4233 3239/4834/4001 884/1263/1121
f 2937/4365/3694 2936/4364/3693 4567/7245/4942
f 2305/3390/2972 4096/6254/4709 2306/3391/2973
f 4155/3148/2773 4272/6636/4823 2726/4014/3457
f 1296/6200/1694 4735/7711/1638 3968/6201/4623
f 4930/680/561 4768/7712/4849 479/681/562
f 2840/6457/3593 2682/3956/3412 2684/3958/3414
f 1167/1667/1497 1455/2113/1893 4625/2783/2463
f 4325/7713/4851 4319/6721/4768 2654/3524/3080
f 1172/1674/1504 3559/5351/4291 4065/6199/4687
f 602/858/736 3940/4493/3779 2990/6447/3749
f 401/7714/445 4019/6112/2820 625/894/769
f 4929/4149/3214 1716/2506/2219 2808/4150/3553
f 2120/3114/2748 1178/1686/1516 1177/1685/1515
f 697/992/862 698/994/864 795/1125/990
f 1824/2667/2367 2091/3064/2709 980/1406/1256
f 2202/3237/2847 2204/3239/2849 3384/5075/4134
f 1923/2814/2491 3157/1122/987 1924/2815/2492
f 3802/5759/4491 2762/4074/3504 3803/5760/4492
f 2701/3978/3431 2702/3979/643 861/6871/1085
f 3601/3670/3192 3831/5801/4514 4951/3671/3193
f 4292/6668/4837 4769/7715/4975 4455/7023/4904
f 2833/7716/3583 1586/2313/2061 2834/7595/3584
f 1013/1447/726 1374/1997/1787 1014/1448/1295
f 550/791/670 4955/790/669 3400/5101/4151
f 4661/7440/1728 3636/5467/4357 1742/7717/2259
f 3185/4740/3938 3184/4739/3937 2312/3283/2882
f 3444/2872/2544 1521/2224/1977 2103/3089/2729
f 1821/2657/2359 3202/4770/3516 2459/3625/3158
f 4001/6077/4647 899/1284/1141 4770/7718/1025
f 4011/3926/3387 967/1383/1233 4656/2071/1853
f 2846/7719/3599 3851/4370/3698 2940/4369/3393
f 3015/4486/3774 1696/2471/2192 661/942/815
f 3013/7720/3770 4623/7363/3772 948/1358/1209
f 3137/4659/3896 2830/7721/3579 2975/5032/3732
f 1531/2235/1988 3671/5537/4390 2892/4294/3648
f 3974/6035/4629 3842/5818/4521 3180/4731/3932
f 9/11/9 569/816/694 3273/4887/4035
f 3630/5458/4353 4771/7722/2944 3628/5456/4352
f 766/6839/955 4375/6841/4878 3405/5107/956
f 3936/5973/3064 4772/7723/1873 4773/7724/1788
f 2359/3475/3037 4148/6367/4748 2360/3476/3038
f 2776/4094/3521 1500/2192/1953 1499/2191/1952
f 2776/4094/3521 1499/2191/1952 974/1395/1245
f 2905/6753/3667 2900/4310/3661 4339/6764/3454
f 3026/4504/3789 3909/5936/4582 3741/5661/4440
f 2943/4377/3700 2075/5588/2687 4067/6827/4690
f 3731/5645/4434 3791/5740/4484 3223/4808/3983
f 3609/6434/4336 3331/4980/4086 3332/4981/2833
f 3805/5762/4494 2922/4341/3679 1776/2592/2301
f 2267/3332/2923 3108/4623/3870 2268/3333/2924
f 1217/3249/1562 1251/1798/1613 1256/1800/1615
f 3810/5767/4497 4198/6481/4782 3811/5768/4498
f 4016/7297/4655 1143/1625/1461 989/2159/1267
f 368/522/405 1099/1562/1405 1101/1564/1407
f 4095/6252/4708 550/791/670 3399/5100/4150
f 486/690/571 432/611/492 2179/3204/2816
f 1889/2769/2451 1888/2768/2450 4414/6944/4895
f 4236/1752/1570 1223/1754/1572 4774/7725/4372
f 3346/4999/4096 3150/4678/3905 3846/5824/4525
f 4708/6135/4665 3938/5975/4602 4902/5060/2475
f 3276/4893/1236 3169/2710/2404 3325/1896/1703
f 3091/4600/3852 2882/4278/3637 3173/4716/3922
f 464/656/537 647/1988/794 4460/657/538
f 3725/5631/4426 3809/5766/4496 1756/2562/2272
f 4932/3713/569 2434/3587/2817 2516/3714/3222
f 2623/3874/3348 2405/3544/787 2624/3875/3339
f 1689/2463/2184 4466/7046/4907 1690/2464/2185
f 3751/5687/4451 3753/5689/4452 1724/2521/2234
f 3084/4585/3845 844/6062/1063 4046/6163/4679
f 1012/7726/1293 2635/6158/3359 4586/2412/2145
f 2028/2977/2631 2150/3161/2782 3282/4903/4042
f 1743/2549/2260 2741/643/524 1744/2550/2261
f 1122/1596/1434 4693/7339/4952 4700/7550/922
f 2207/3246/2852 4242/6576/4803 1787/2608/2315
f 2783/3700/3215 4397/2321/1996 1593/2320/2067
f 3226/4814/3987 1585/7727/2060 2025/2974/2628
f 1774/2590/2299 2462/3629/3162 4659/7438/4964
f 3258/7728/4020 3257/7462/4019 3750/1446/1294
f 4219/6519/4790 2987/4448/1921 2989/4450/3747
f 1013/848/726 2086/7729/2703 4422/6686/4841
f 2571/3803/3291 3615/5438/4340 3874/5875/4442
f 2948/4384/3706 4947/7730/2029 3732/5647/4435
f 2259/3318/2913 600/856/734 408/575/456
f 4775/7731/2335 4441/7527/4718 1804/5020/2336
f 3878/5884/4552 4915/3922/3384 2864/4248/2207
f 4776/7732/1546 4599/2183/1944 1495/2182/1943
f 4772/3507/1873 2001/2941/2601 4477/7063/4910
f 4399/7733/855 3654/5497/4373 3887/5896/4561
f 1216/1742/663 4244/6581/4806 2210/1743/1561
f 1118/1592/1430 2671/3942/3399 1869/2739/2425
f 1598/2328/2073 4492/7091/2236 4178/6430/2235
f 4150/6374/4750 3773/5718/4470 2942/3362/2950
f 4681/5852/3585 3503/7734/4244 1099/1562/1405
f 1137/1619/1455 3758/7735/4454 4563/5342/4285
f 1900/2787/2467 1899/2786/2466 3367/5043/4115
f 2680/3953/3409 3950/5986/4609 4715/7591/3924
f 4830/4728/3930 4530/7736/4931 3179/4729/3931
f 3310/4947/4072 4413/6940/4825 911/4948/1156
f 479/681/562 4596/2432/2159 3850/5832/4530
f 2749/4048/3483 657/1847/807 1274/1846/1658
f 4888/6683/4420 449/637/518 3470/5215/2736
f 1759/3404/2277 4809/7737/2276 4679/7498/1114
f 1941/2845/2520 2061/3015/2025 1745/3241/2262
f 1478/2143/1917 1667/2435/2161 4604/7372/4951
f 1369/1990/1780 1800/2626/2332 1986/1991/1781
f 859/1224/1084 712/1017/886 437/616/497
f 3226/7738/3987 3225/1879/1687 3834/2534/2246
f 2173/7739/2810 4627/7367/4956 4628/7368/4957
f 3829/5798/466 1380/2007/1797 4012/7740/464
f 2717/3772/3266 2798/2088/1869 4777/7741/3544
f 363/516/399 362/515/398 1728/2528/2240
f 3857/5844/4536 3496/5254/4238 2090/3063/2708
f 4639/5505/4378 3720/7742/4018 4872/778/657
f 4011/3926/3387 968/1384/1234 967/1383/1233
f 1979/2903/2571 3456/5195/4204 3072/4572/3837
f 2416/3562/3109 3979/6041/1817 2414/3560/3107
f 3445/5180/4197 627/897/772 629/899/774
f 4674/7485/4890 2239/3288/2886 3425/5146/4182
f 4778/7743/4699 4767/3602/3142 2037/2990/2644
f 974/1395/1245 973/1394/1244 2776/4094/3521
f 4779/7744/2362 4143/6352/2363 4198/6481/4782
f 1545/2257/2010 1547/2259/2012 3683/5557/4398
f 1545/2257/2010 3683/5557/4398 2906/4319/3668
f 612/5312/749 4428/5339/4284 3536/5313/4270
f 4233/4251/3621 3238/1206/1068 849/1208/1070
f 3181/4732/3933 4243/4734/1897 4171/6420/4097
f 3089/4595/3850 4744/7653/668 2572/3805/3293
f 3818/5776/4504 3820/5778/3325 4131/6326/4735
f 3929/5964/4596 4229/6542/4796 2952/4246/3618
f 4780/7745/2433 4114/694/575 4113/7746/1509
f 4781/7747/4621 1611/2350/2091 2558/3784/3277
f 4781/7747/4621 2558/3784/3277 4783/6680/3395
f 954/1364/1215 4346/3656/3181 4453/7019/2030
f 4083/6234/4698 4589/7299/1538 4591/7301/4949
f 3961/6013/4619 1987/2915/2580 1269/1836/1649
f 4086/6238/4702 2163/3176/2795 2146/7748/2777
f 3593/4408/3719 4019/3208/2820 400/563/444
f 2805/4143/3550 758/1080/945 2855/4227/3607
f 2112/3103/2740 3583/3102/1961 4782/7749/1160
f 3677/5549/3567 3959/6009/4617 2250/3307/2903
f 3646/5484/4366 1086/6398/1390 1085/4826/1389
f 4628/7368/4957 1658/7431/2149 2173/7739/2810
f 933/1331/1185 2250/5443/2903 934/1332/1186
f 4526/263/209 4764/7138/4926 1319/1921/1725
f 1113/1583/1422 3784/4044/3479 2746/4043/3478
f 607/868/744 1466/2129/1907 1465/2128/1906
f 3020/4497/3782 2085/3056/2702 1631/2376/2113
f 3130/4650/3890 3868/5868/4546 1982/2907/2575
f 2854/4225/3605 2853/4224/3604 4145/6360/4746
f 3771/5716/4469 1213/4858/1554 3305/7341/4066
f 2983/4443/3743 1023/7490/1308 1025/7750/1310
f 3900/5920/4573 1438/7751/1872 3640/5473/3783
f 3423/3088/2728 4616/2873/2545 3444/2872/2544
f 4003/6084/4620 2221/3265/2865 2220/3264/2864
f 1170/7752/1502 2811/7753/3336 3922/7543/4590
f 1418/2065/1848 2111/2205/1962 2479/4201/3179
f 3346/4999/4096 3846/5824/4525 2938/4366/3695
f 4384/7754/3995 1087/1548/1391 4303/6691/4843
f 4508/7117/2599 2580/3815/3301 4211/6507/4788
f 4512/7122/4923 1778/2595/2304 2956/4398/3713
f 4110/6276/4721 4781/6022/4621 4783/7755/3395
f 2105/3092/2732 1430/2080/1861 1850/2701/2397
f 3936/5973/3064 4773/7724/1788 869/1239/1097
f 2592/2491/2208 1162/1661/1491 1164/1663/1493
f 906/1294/1150 4764/7138/4926 405/569/450
f 501/714/594 4014/7756/4653 4013/715/595
f 4046/6163/4679 4366/6811/4871 3244/6810/4006
f 2803/4139/3548 926/1324/1178 2692/3969/3422
f 3552/5334/4281 2803/4139/3548 2692/3969/3422
f 3071/4571/3836 3072/4572/3837 4375/6841/4878
f 4389/6877/4885 774/1099/964 790/1119/984
f 1294/1885/1692 3729/5641/4430 1295/1886/1693
f 1597/2327/2072 1596/2326/2071 2875/4266/2559
f 2970/2750/2435 3064/4555/3828 4673/7484/3728
f 1557/2271/2024 663/944/817 4593/7304/2460
f 4419/1275/1132 1339/7757/902 4589/5679/1538
f 1324/1930/1731 4143/2662/2363 1325/1931/1732
f 3781/5727/4477 2775/4093/3520 2776/4094/3521
f 4127/6317/4730 4141/6350/4744 491/7697/581
f 4378/6628/4821 3288/4911/4047 3287/4910/4046
f 4421/6960/4715 2447/3607/3144 1841/6773/2385
f 2616/3863/3338 936/1341/1194 1108/1574/1247
f 2455/3621/3154 1722/2519/2232 3753/5689/4452
f 4667/7465/546 3510/7758/4249 4784/7759/4976
f 4280/5217/4218 2130/3133/2761 4882/3132/2760
f 3792/5743/4485 4605/7325/4941 3393/5091/4143
f 3265/4875/4025 1981/2905/2573 4250/6590/4810
f 1462/6463/1901 3540/5321/4273 1060/1513/1357
f 4231/6546/3033 1511/2209/1965 1512/2210/1966
f 2062/4564/2668 4356/6793/1576 1226/7760/1577
f 1682/2454/2176 4273/6638/4824 1683/2455/2177
f 4785/7761/741 1215/1740/1559 4402/1748/1566
f 1447/7331/1884 1446/7007/1883 4447/7006/4901
f 743/1058/925 4317/6715/193 1923/2814/2491
f 2000/2938/2598 4509/1932/1733 4508/2939/2599
f 952/1362/1213 3093/4602/3854 4335/6756/4857
f 2098/3079/2721 2097/3078/2720 2602/3325/2918
f 3467/5210/4214 2227/3271/2871 3468/5211/4215
f 3501/5263/4242 2817/4162/3560 2818/4164/3561
f 843/1199/1061 380/540/421 379/539/420
f 4231/6546/3033 593/845/723 1511/2209/1965
f 976/1399/1249 4351/5088/4142 977/1400/1250
f 3406/7041/4157 582/832/710 581/831/709
f 3880/5886/4554 2942/3362/2950 353/504/387
f 4740/3058/2180 1479/2144/1918 1608/2346/2088
f 3624/5451/4348 4809/2566/2276 1758/2565/2275
f 4761/7701/4422 4902/2797/2475 1910/2799/2477
f 3833/5805/4516 3355/5017/4105 4711/6531/4794
f 1408/3024/1833 4345/1634/1470 3231/4823/3993
f 4126/6313/3244 4103/6262/4714 1341/4710/1750
f 3848/5826/4527 2159/7762/2791 4786/7763/3453
f 117/158/123 756/1078/943 2805/4143/3550
f 4967/6308/4728 2110/6307/2737 4559/7229/4940
f 170/230/185 893/1274/1131 3916/5948/4586
f 3541/5322/4274 2198/3231/2841 2525/5789/3232
f 3893/5906/4565 2268/3333/2924 3108/4623/3870
f 4772/2093/1873 1486/2160/1927 609/870/746
f 985/1412/1262 2819/4167/3563 986/1413/1263
f 2281/3351/2940 2021/2967/2624 3813/5770/3985
f 3433/5162/1769 2378/7764/3060 1321/1926/1727
f 3165/4705/3918 2918/4336/3677 2270/3335/2926
f 4632/7378/4176 2562/6042/3281 2230/3274/2874
f 4764/7138/4926 906/1294/1150 987/1922/1264
f 1224/1755/1573 1240/1780/1596 2124/1756/1574
f 2338/3443/3012 2337/3442/2900 1868/2737/2423
f 4730/7628/2686 4232/6548/4797 2867/6550/3577
f 2602/3325/2918 2601/5257/3323 2098/3079/2721
f 4471/6575/4802 3413/5124/4167 4503/7106/4920
f 3048/4532/3813 3134/4656/3893 2566/3793/3284
f 1526/2229/1982 1583/7765/2057 1527/2230/1983
f 1948/2853/2527 3075/4575/2830 406/7766/451
f 4734/270/216 3120/269/215 4787/7767/213
f 4056/6184/3243 3597/2241/1994 4120/6296/4362
f 1137/1619/1455 4551/1618/1454 3758/7735/4454
f 3298/4922/4057 2725/6580/3456 2546/3765/3262
f 2638/3894/678 820/1163/1026 1145/1627/1463
f 4307/7768/2726 4173/6423/2725 4877/2545/2256
f 2868/7224/3622 4788/7769/1192 2177/2062/1845
f 521/746/626 2088/3060/2705 4069/6207/4691
f 4074/6213/3067 115/7770/121 4513/7123/3608
f 2056/7771/2663 3491/5245/4231 4810/6299/4726
f 3258/7728/4020 3750/1446/1294 1014/1448/1295
f 1751/2557/2268 800/5160/996 1752/2558/2269
f 3695/5579/3258 2319/5918/2987 1285/1865/1675
f 3713/6195/4416 1660/2422/2153 3618/2421/2152
f 4015/6101/4654 4500/7103/4918 1791/2615/2322
f 2038/2991/2645 4568/4168/3564 4795/2989/2643
f 4083/6234/4698 4591/7301/4949 3892/5511/4380
f 771/1096/961 1578/2002/1792 1376/2001/1791
f 4928/6777/4863 3136/4658/3895 3135/4657/3894
f 3566/5360/4297 4911/6455/4769 1840/2686/2384
f 4512/7122/4923 4207/6502/4786 691/984/854
f 2653/3915/3380 2759/4068/3499 1479/2144/1918
f 2932/4356/3688 4446/4355/3687 3793/5744/4486
f 3151/4679/2861 3150/4678/3905 3016/4487/3775
f 2909/4324/3672 2397/5633/3088 358/511/394
f 4397/6900/1996 4396/6899/4889 3665/5525/4386
f 2811/7772/3336 729/1040/908 1395/1042/910
f 3594/5401/4324 3084/4585/3845 1661/2423/2154
f 837/1192/1054 1201/1719/1541 835/1190/1052
f 1888/2768/2450 1890/2770/2452 3507/5270/4248
f 977/1400/1250 3076/4516/2347 3927/5961/2346
f 2624/3875/3339 4429/6974/3540 2622/3873/3347
f 2884/4281/3639 592/844/722 2131/846/724
f 4586/5550/2145 4789/7773/3137 3678/5551/3138
f 4244/6581/4806 3402/5103/4153 2210/1743/1561
f 365/519/402 1822/2663/890 4600/7317/1782
f 2312/3283/2882 3184/4739/3937 4511/7120/4922
f 668/949/822 3330/4979/4085 2944/4379/3702
f 1968/2881/2552 1487/1658/1488 1159/1657/1487
f 1274/1846/1658 1275/1848/1659 4340/6765/4859
f 3767/5709/4074 3848/5826/4527 3647/5488/4367
f 2435/7182/1951 2179/3204/2816 3544/5325/3875
f 2689/3966/3419 3850/5832/4530 4371/6831/4873
f 1896/7035/2461 4843/5988/4611 1895/2659/2361
f 1226/1759/1577 497/706/587 2176/3201/2815
f 4058/7774/4261 4733/7632/4972 4089/6241/4704
f 4278/6648/4829 2529/6801/3237 4360/6800/4431
f 4333/7775/3666 1358/1974/1770 3510/7758/4249
f 1213/7776/1554 1212/4936/1553 3305/4938/4066
f 2395/3529/3084 4790/7777/4063 2792/4125/3536
f 2413/3559/3106 1243/6941/1599 4383/6868/4126
f 1083/1543/1386 1480/2147/1919 4494/7094/4916
f 3060/4550/3824 4791/7778/2114 1632/6993/2116
f 4842/864/740 1215/7779/1559 4785/865/741
f 4911/6455/4769 3918/7780/4571 3977/6039/4632
f 3178/4726/3929 4316/6712/3973 2608/7249/3329
f 692/986/856 694/988/858 741/1055/923
f 2061/2272/2025 1258/2500/1630 843/1199/1061
f 4125/6310/4729 2861/4243/3615 4581/7280/4727
f 3412/7781/4165 2183/3210/2822 4806/2040/1824
f 348/499/382 1773/2589/2298 4438/4591/3847
f 867/1235/1093 110/1234/116 3443/5175/4195
f 4318/6720/1051 4911/6455/4769 3566/5360/4297
f 4624/7364/2462 344/494/377 4792/7782/1173
f 2474/3646/527 2473/3645/3174 2967/4415/3725
f 3006/4473/3763 1264/5183/1640 2564/4730/3283
f 4187/6456/4770 3977/6039/4632 2885/4282/3640
f 553/795/674 555/797/676 4793/7783/4572
f 1403/2043/1827 1520/2223/1976 1977/2041/1825
f 3692/5572/3919 1161/1660/1490 1571/2290/2042
f 2095/6353/2717 4754/4306/3658 3649/4305/3657
f 3788/5737/4482 3372/5053/4120 2392/3521/3077
f 2625/6408/3349 4583/7287/4159 4166/6409/4758
f 2987/2151/1921 1481/2153/1923 1866/2734/2420
f 2042/2996/2650 4561/7234/1188 4794/7784/1187
f 1105/1568/1411 2275/5646/2932 4838/1569/1412
f 1983/2908/2576 881/1259/1117 4501/7104/4919
f 2699/3976/3429 3566/5360/4297 1839/2685/2383
f 4654/1171/1033 3068/4565/545 706/1008/878
f 3808/5765/4495 2051/3005/2658 3164/6598/3917
f 3475/5224/4222 2037/5235/2644 4795/7785/2643
f 2614/3860/3335 2078/3042/2690 2079/3044/2692
f 1534/3074/1992 391/7786/435 3726/3187/2803
f 2893/4295/3649 2154/3167/2786 2156/3169/2788
f 438/617/498 1935/2835/2511 4604/7372/4951
f 2883/4280/3638 1624/2366/2104 1625/2368/2106
f 3832/5803/4515 2298/3379/2964 3855/5839/4534
f 2668/3939/3396 2670/3941/3398 1022/1461/1307
f 595/851/729 3847/5825/4526 452/640/521
f 4129/6322/4732 2693/3970/3423 3096/4605/3857
f 2999/4466/3738 139/188/150 4549/7201/4934
f 3981/6048/4635 4065/6199/4687 2488/5564/3188
f 1275/1848/1659 2996/4462/3754 4688/7519/4968
f 4948/4045/3480 4467/7049/4731 3439/5169/4194
f 1159/1657/1487 1160/1659/1489 2046/3000/2653
f 3525/6922/4258 3141/4664/3900 3947/5047/4116
f 3133/2199/1956 3906/4748/3945 3341/2200/1957
f 2498/6222/3201 2488/5564/3188 2499/7787/3202
f 4855/2222/1975 4796/7788/4618 1518/2220/1973
f 4277/6646/4100 2465/7789/3165 700/996/866
f 4288/6662/4834 2364/3485/3046 3711/7586/4414
f 4079/6225/4693 4038/7790/4673 4797/7791/4977
f 4798/7792/3928 4799/7793/3327 2607/7794/3328
f 4288/6662/4834 3711/7586/4414 3352/3478/3040
f 1097/1559/1402 3036/4515/2948 1555/2267/2020
f 3111/4626/3872 1291/1881/1689 1251/1798/1613
f 3762/5700/4460 684/975/846 2003/7015/2603
f 4038/7790/4673 4079/6225/4693 4392/7795/3066
f 1560/2278/2031 2662/3930/3390 1550/2262/2015
f 4976/750/630 402/566/447 4225/751/631
f 4800/7796/2962 4493/7797/2543 3314/4954/3963
f 951/1361/1212 756/1078/943 117/158/123
f 116/157/122 951/1361/1212 117/158/123
f 2850/4124/3535 1798/2624/2330 2792/4125/3536
f 1448/2105/1885 3514/5278/2410 424/1429/482
f 396/559/440 395/558/439 1822/2663/890
f 1570/2289/2041 410/578/459 4896/577/458
f 1773/7033/2298 3810/5767/4497 4439/6992/4899
f 442/3648/509 3569/5366/4301 2475/3649/3175
f 100/132/105 626/7567/771 96/133/106
f 2464/3631/3164 2188/3217/2827 2190/3219/2829
f 3910/729/609 3051/4537/3817 4801/7798/4365
f 2811/7753/3336 1395/2030/910 3922/7543/4590
f 1934/2834/2510 3733/2572/2282 1762/2571/2281
f 1782/726/606 1191/7169/1529 508/727/607
f 3905/5930/3294 4095/6252/4708 4627/7367/4956
f 3098/6694/3860 3911/5940/4583 3078/6534/3839
f 4802/7799/1690 2553/3777/3270 1292/7800/1691
f 1925/2816/2493 634/904/779 633/903/778
f 2984/4445/3744 4211/6507/4788 2985/4446/3745
f 3167/4709/3085 4386/6874/1643 2099/3081/2722
f 4079/6225/4693 4797/7791/4977 660/938/811
f 3355/7801/4105 3939/5976/4603 1118/1592/1430
f 511/731/611 3194/4755/3951 1128/1605/1443
f 4919/7214/4936 4247/6585/4808 1365/7696/1776
f 4803/7802/4974 2698/3975/3428 563/6312/686
f 4804/7803/1471 4560/1202/1064 844/1201/1063
f 2516/3714/3222 2673/4861/3401 2517/3715/2755
f 3934/5971/4225 4625/2783/2463 1455/2113/1893
f 4805/7804/1480 2495/3676/3198 577/4113/704
f 4663/6918/2678 2618/7805/3340 1715/7070/2218
f 548/785/664 2225/4208/2869 2150/3161/2782
f 4100/4393/453 1825/2668/2368 1826/2669/454
f 1402/2584/1823 4228/6541/4795 4806/7806/1824
f 3323/4967/4080 2515/3708/3220 1050/1498/1342
f 3665/5525/4386 3187/5524/3941 2688/7449/1997
f 4433/6981/4898 1472/2135/1913 4807/7807/1614
f 129/170/135 4235/6553/4799 596/852/730
f 4700/1054/922 4693/7530/4952 741/1055/923
f 1351/1964/1761 1350/1963/1760 1807/2635/2339
f 3980/6045/4633 815/1155/1018 1985/2911/2578
f 776/1101/966 4957/3750/3250 777/1102/967
f 3763/5701/4461 2812/4156/3555 3764/5702/4462
f 1107/1573/1416 2919/7690/1631 1260/2335/1633
f 2883/4280/3638 2884/4281/3639 2131/846/724
f 2386/3515/3071 2385/3514/3070 870/1240/1098
f 676/962/834 678/964/836 2973/5173/3730
f 214/305/247 2340/3446/3014 215/306/248
f 350/501/384 2203/4592/2848 3885/6892/4559
f 4808/7808/2783 2277/3345/2934 2969/4417/3727
f 1848/2231/1984 614/876/752 1566/3398/2036
f 427/606/487 3658/5504/2156 4404/6913/2937
f 376/535/416 375/534/415 607/868/744
f 2893/4295/3649 2392/3521/3077 3372/5053/4120
f 1212/4936/1553 1933/2828/2505 4534/4937/4065
f 1914/2803/2481 1913/2802/2480 4464/4788/3971
f 2924/4343/3681 708/1010/880 4449/7012/4902
f 4583/7809/4159 2382/3506/2320 3936/3508/3064
f 3976/3758/3256 1303/1900/1705 286/406/315
f 2531/3734/3241 3381/5072/4131 3973/6033/4628
f 970/3767/1239 2965/4413/1238 2546/3765/3262
f 4529/7159/4929 1920/2811/2488 1922/2813/2490
f 1970/7810/2554 543/777/656 4890/3367/2955
f 3585/1987/1779 2518/3717/3224 3357/5021/4106
f 2971/4421/3729 994/1422/1272 4154/6385/4753
f 1677/2447/2170 4412/7268/4584 2901/6413/3662
f 105/146/111 189/260/206 104/145/110
f 3282/4903/4042 2150/3161/2782 2149/3160/2781
f 2871/6559/3625 2229/3273/2873 757/1079/944
f 4809/7811/2276 2577/6145/3298 4679/1256/1114
f 3631/5460/4354 1442/2098/1878 4619/7352/4954
f 4541/7190/3979 2056/3010/2663 4810/7812/4726
f 1324/1930/1731 1189/1701/1527 2317/1703/1528
f 4118/1808/1623 1254/1807/1622 2481/3657/3182
f 1082/7813/1385 4120/5477/4362 1100/1563/1406
f 3410/5116/1807 1388/6153/414 3719/6155/4419
f 4811/7814/754 4222/171/136 616/6566/755
f 3636/5467/4357 1743/4672/2260 1742/7717/2259
f 4355/2897/2567 3588/5392/4318 1356/1970/1767
f 1411/2053/1837 3604/5423/4332 2482/3658/3183
f 4955/790/669 3236/4831/3999 3400/5101/4151
f 4312/1415/1265 1292/7800/1691 2553/3777/3270
f 1474/1185/1047 3158/4695/3911 834/1186/1048
f 2270/3335/2926 2918/4336/3677 2271/3336/2927
f 3020/4497/3782 3472/5220/4220 2192/3224/2834
f 4812/7815/3655 4749/1471/1316 3964/6020/3656
f 4035/7568/4669 3482/5231/1933 1998/2936/2596
f 851/1210/1072 850/1209/1071 4210/6506/4688
f 1575/6014/2047 3632/7816/2049 4670/7472/4966
f 2439/3592/3132 2440/3593/3133 1268/1834/1647
f 4576/2378/2115 3469/5213/4216 2185/3212/2415
f 2640/3897/3364 4386/1829/1643 1266/1828/1642
f 2350/3464/1708 1608/2346/2088 1610/2348/2090
f 2350/3464/1708 1610/2348/2090 3600/5415/1706
f 2711/3992/3440 2153/5983/2785 2605/3848/3326
f 475/674/555 2185/3212/2415 1864/675/556
f 1633/2381/2118 656/6558/804 757/1079/944
f 451/639/520 4559/7229/4940 2110/6307/2737
f 2208/3247/2853 2128/3130/2759 2127/3129/2758
f 4802/2922/1690 2711/3992/3440 3819/6044/3578
f 4281/5106/4156 3406/5108/4157 831/7817/1043
f 2644/7502/3368 4373/6837/2279 2048/3002/2655
f 4031/4742/3940 4709/7576/1315 2688/4743/1997
f 4024/6122/4658 4549/7201/4934 2846/4216/3599
f 2337/3442/2900 1124/4495/1437 1868/2737/2423
f 3854/5838/4533 2272/7818/2928 1969/7478/2553
f 1291/1881/1689 187/250/200 186/6893/204
f 3953/5997/4613 1125/1600/1438 2247/3302/2899
f 935/4962/1191 4850/1924/620 4047/6170/4680
f 1464/2127/1905 1463/2126/1904 4191/6464/4774
f 2241/3291/2889 701/997/867 2398/5356/3089
f 3598/5405/4325 4813/7819/4300 1272/1840/1653
f 1136/7131/1452 1525/2228/1981 3519/6818/1453
f 1121/1595/1433 1175/1677/1507 1594/2324/2069
f 1392/2322/1814 3012/4480/3769 1593/2320/2067
f 3510/7758/4249 1359/1976/1772 4784/7759/4976
f 2914/4329/3675 2749/4048/3483 1274/1846/1658
f 2632/3885/3357 1849/2700/2396 4573/7261/4944
f 2363/6994/3044 3346/4999/4096 3345/4998/3045
f 4228/6541/4795 3412/5122/4165 4806/7806/1824
f 3362/7820/4112 4639/7396/4378 2272/7821/2928
f 4969/5289/4187 2213/3253/2857 4814/7822/2376
f 236/332/270 242/338/276 4005/5530/3652
f 4927/4666/3901 4296/7823/4839 1928/6176/2498
f 1475/2139/1915 3426/5147/4183 618/882/758
f 2069/3026/1831 4636/7391/4960 4461/7036/4905
f 2409/3551/3099 2214/3254/2858 3526/5293/4259
f 454/645/526 4399/6903/855 3887/7824/4561
f 4625/2783/2463 3934/5971/4225 4815/7825/1539
f 909/1299/1154 1962/2868/2541 2857/4233/3610
f 4954/5109/4158 2209/6358/2854 3404/5105/4155
f 1239/1778/1594 4547/2833/2509 1934/2834/2510
f 3234/7290/3997 4300/1587/1426 3233/7826/3996
f 2787/4114/3140 1878/2754/2439 4707/7572/4240
f 4219/6519/4790 4816/7827/1922 2987/4448/1921
f 2665/3455/3023 3851/4370/3698 2346/3453/3021
f 545/781/660 378/6354/418 394/557/438
f 1364/793/672 3688/3051/2698 1407/2048/1832
f 1953/2859/2533 667/948/821 1925/2816/2493
f 2655/3913/3379 866/1233/1092 867/1235/1093
f 617/881/757 4202/6494/4783 2993/4458/3751
f 862/1227/1086 2676/3947/3403 2357/1228/1087
f 4753/7675/700 66/84/75 3523/4389/1349
f 1870/2740/2426 4457/7026/4804 1871/2741/2427
f 1959/2865/1668 343/493/376 1766/7170/2287
f 3051/4537/3817 1894/5794/2459 3645/2931/2592
f 3634/5465/4173 3633/5464/4356 4519/1809/1624
f 378/6004/418 603/4069/737 2035/2986/2640
f 2990/4452/3749 2655/3913/3379 2651/3912/3378
f 3293/4916/4052 3872/5873/4548 4294/6670/4838
f 711/1016/885 1400/2037/1821 712/1017/886
f 4456/7828/2086 2585/5998/3307 4644/7403/4961
f 3580/5657/4312 1293/1884/142 656/931/804
f 1480/2147/1919 4315/6710/4847 4494/7094/4916
f 2237/3286/2884 929/4116/1181 2238/3287/2885
f 4440/7829/3292 3544/4629/3875 1510/7830/1964
f 3698/5582/4405 3069/4566/3206 4338/6763/2222
f 1731/2531/2243 2643/3900/3367 4546/880/756
f 2844/4213/3596 2828/4184/3575 4556/5663/4441
f 4358/6797/4749 3041/4522/3804 4523/2918/2582
f 2734/4024/3466 2630/3883/3355 1484/2157/1925
f 2100/3082/2723 2099/3081/2722 4386/6874/1643
f 1867/2736/2422 2685/2738/2424 2299/4929/2966
f 461/6600/534 2030/2980/2634 747/4491/931
f 3518/5282/4254 2242/3292/2890 2928/7506/1558
f 2084/3055/2701 2051/3005/2658 1629/2374/2111
f 778/7831/968 1345/1957/1755 4040/6156/4675
f 2635/6158/3359 778/7831/968 4040/6156/4675
f 4452/4070/3500 2033/2984/2638 2035/2986/2640
f 2636/3890/3360 4847/7832/1605 2637/3891/3361
f 1039/1484/1329 807/1144/1007 806/1143/1006
f 4779/7744/2362 4198/6481/4782 3810/5767/4497
f 3743/4767/3334 2569/3800/3288 2078/7833/2690
f 1524/6522/1980 3206/4778/3962 3583/5387/1961
f 2368/3603/1813 4767/3602/3142 3661/7834/4379
f 4550/940/813 1513/939/812 1233/6319/1586
f 628/898/773 1736/2537/2249 3382/5073/4132
f 4954/5109/4158 2193/3225/2835 3111/7835/3872
f 3271/4883/4031 4630/5121/2417 3155/7671/3910
f 1495/2182/1943 4119/7679/4724 3604/7836/4332
f 2512/7837/3217 417/591/472 4938/590/471
f 4646/621/502 3182/4737/3935 4193/619/500
f 1491/5076/1935 3188/7448/3943 3385/5077/4135
f 4636/7391/4960 4063/6196/4069 4462/7037/4906
f 2483/3659/3184 4085/6237/4701 3390/5083/4140
f 2552/5545/3269 2870/4257/3623 2869/4256/2179
f 708/7838/880 354/505/388 4595/7306/4950
f 3877/5879/4550 4977/6063/1871 1628/2373/2110
f 2710/3990/3439 3536/5313/4270 2692/3969/3422
f 4390/3497/3055 4817/7839/4446 2374/3498/3056
f 4227/6540/4779 1754/2560/2271 3171/4714/3921
f 696/991/861 4007/6089/4650 3034/4513/3318
f 1408/3024/1833 3231/4823/3993 2068/3025/2676
f 4619/7352/4954 3438/5168/4193 503/719/599
f 2415/3561/3108 967/1383/1233 966/1382/1232
f 2089/3061/2706 2283/3354/2943 2231/3062/2707
f 2730/3295/2893 4893/5622/3461 4851/3296/2894
f 2031/2982/2636 3630/5458/4353 2782/4101/3527
f 4713/2876/2547 2938/4366/3695 1965/2877/2548
f 1503/7840/1600 1243/6941/1599 2413/3559/3106
f 4686/5410/4327 3827/5877/4509 3826/6927/4508
f 3453/5190/4203 1437/2087/1868 1436/2086/1867
f 3917/5949/4587 893/1274/1131 3484/1175/1037
f 4410/6929/4893 1818/7580/2356 4337/6930/2355
f 4603/7322/1950 2312/3401/2882 2313/3402/2980
f 4818/7841/4542 2428/6890/3122 4300/1587/1426
f 815/1155/1018 3980/6045/4633 3453/5190/4203
f 2561/3787/3280 4546/880/756 1169/1670/1500
f 2429/1572/1415 3655/6852/4374 4682/7508/1900
f 4198/6481/4782 4143/6352/2363 1944/2849/2524
f 4819/7842/3777 4940/1066/933 2024/1068/935
f 3919/5335/4282 574/5734/699 1413/2055/1839
f 1041/1486/1330 2467/3634/3166 2468/3635/3167
f 3313/7843/4075 3648/6265/4368 4104/6264/4716
f 4448/2831/2507 3186/4741/3939 4897/2013/1803
f 3038/7844/3801 4441/7527/4718 4775/7731/2335
f 3040/4521/3803 1688/6220/1855 4441/6999/4718
f 2881/7629/3628 4957/3750/3250 2029/2979/2633
f 4803/7665/4974 563/7845/686 1200/1718/375
f 2387/3516/3072 2386/3515/3071 1582/2306/2055
f 4290/7846/842 3755/5691/4383 4368/6814/3490
f 1120/1594/1432 1122/1596/1434 2274/3342/2931
f 3573/5374/4306 2598/3840/3320 3564/5357/4294
f 4044/6161/4678 4046/6163/4679 3244/6810/4006
f 2740/4033/3473 4873/4032/3472 2436/7847/3129
f 3097/6939/3859 4578/7275/3858 4413/6940/4825
f 578/827/705 4658/811/689 4559/7229/4940
f 4820/7848/4314 3702/7263/4408 1886/2765/2447
f 4821/7849/4924 959/1373/1223 960/1375/1225
f 2507/3691/3208 3181/6775/3933 4822/7850/3352
f 4572/7260/2360 2492/3673/3195 1895/2779/2361
f 3298/6971/4057 2905/4317/3667 4339/4011/3454
f 3945/5985/4608 4098/6257/4711 3944/5984/4607
f 454/5854/526 3887/5896/4561 946/1356/1207
f 1039/1484/1329 1561/2279/2032 1560/2278/2031
f 644/918/791 2765/4079/3509 687/979/850
f 2272/3337/2928 543/777/656 1970/7810/2554
f 101/138/109 98/135/108 92/127/101
f 4390/3497/3055 2445/3604/3143 1835/2681/2379
f 2662/3930/3390 2663/3931/3391 3247/4850/4011
f 3262/5638/654 4006/6088/3947 3189/5639/3946
f 4702/1493/1337 3821/5779/4505 2565/1825/1639
f 3943/5982/4606 4962/1492/1336 1045/1491/1335
f 4823/7851/1325 4411/7852/4894 4081/7369/4696
f 1044/5111/1333 2509/7853/3212 4499/7100/4384
f 4841/1401/1251 678/964/836 4676/1402/1252
f 1845/2693/2390 4895/2692/2389 3430/5152/4186
f 1492/2174/1937 895/1279/1136 1705/2488/2205
f 4552/5911/4568 2115/5303/2742 1340/1950/1748
f 1430/2080/1861 551/2299/671 1850/2701/2397
f 1038/1483/1328 806/1143/1006 4631/7854/4958
f 3515/5031/4110 2975/5032/3732 3611/7855/3733
f 3515/5279/4110 3611/5433/3733 1653/2409/2142
f 1135/1614/1451 1134/1613/1450 1821/2657/2359
f 1208/1728/1549 3742/3438/3010 1761/2570/2280
f 4734/527/216 188/259/205 4678/6983/207
f 3711/7586/4414 2364/3485/3046 3345/3484/3045
f 4318/1189/1051 4224/1188/1050 3365/7856/4113
f 840/5719/1058 841/7857/1059 2258/3317/2912
f 368/522/405 2469/3636/3168 2708/5851/3436
f 888/1268/1125 428/607/488 430/609/490
f 1467/3823/1908 3174/5414/3923 2586/3824/3308
f 3176/4723/3926 1794/2619/2325 2400/3539/3091
f 2399/3538/3090 3176/4723/3926 2400/3539/3091
f 3104/4616/3865 3360/5025/3374 1571/7858/2042
f 2995/4461/3753 2201/3236/2846 1879/2755/2440
f 4167/4817/3990 2473/3645/3174 456/3647/529
f 4231/3468/3033 4484/7077/3136 2353/3469/2302
f 4227/6476/4779 3509/1954/1752 4194/6474/4778
f 1837/2683/2381 1864/7698/556 4502/630/511
f 728/1039/907 3724/1038/906 4672/7483/4305
f 4215/6148/4670 2735/7247/3467 3482/2168/1933
f 304/442/342 302/457/339 4833/466/352
f 4159/6394/2712 1888/2768/2450 2169/3189/2805
f 2822/4174/3568 2924/4343/3681 1171/1673/1503
f 2334/3435/3007 4076/3434/3006 3070/7524/3832
f 2519/7859/3225 2025/2974/2628 2024/2973/935
f 4948/4045/3480 3439/5169/4194 2746/4043/3478
f 1306/1906/1710 4326/6735/4852 1307/1907/1711
f 1457/2115/1895 4954/5109/4158 3403/5104/4154
f 171/231/174 4824/7860/1289 153/7861/166
f 3727/5636/4427 3851/5834/3698 3035/4514/3798
f 2006/2948/2607 3720/5617/4018 3613/2946/2605
f 1775/2591/2300 955/1365/1216 3909/5936/4582
f 409/5049/457 3598/5405/4325 3369/5050/4118
f 3546/5327/4277 4020/6114/4656 3547/5328/4278
f 4451/6378/4752 2537/3748/3248 2246/3301/2898
f 1700/4279/2200 4699/7549/4862 2559/3785/3278
f 3402/5103/4153 3404/5105/4155 2210/1743/1561
f 4286/6660/4832 1976/2894/2564 3642/2648/2352
f 1036/1478/1323 3672/5538/4391 1037/1479/1324
f 4010/6094/4652 3533/5306/2003 4634/7387/4959
f 4018/6110/4027 584/7862/712 4369/6823/4872
f 2831/4191/3581 1425/2075/1856 2101/3086/2727
f 1566/3398/2036 2310/3399/2978 3116/7669/3878
f 4963/496/379 345/495/378 538/6650/649
f 3807/4535/3815 3806/4703/3916 3050/4536/3816
f 3444/2872/2544 2103/3089/2729 3423/3088/2728
f 602/858/736 2990/6447/3749 1261/1820/1634
f 3220/4801/3978 4541/4803/3979 2712/3993/3441
f 4386/6874/1643 3167/4709/3085 1265/7863/1641
f 3643/5479/4364 3000/7645/3757 3644/5480/3925
f 4825/7864/4094 2251/3309/2905 4542/3308/2904
f 1515/2217/1970 1517/2219/1972 699/995/865
f 3711/7586/4414 4712/7585/2549 3352/3478/3040
f 2386/3515/3071 1984/2909/2577 3687/5562/4400
f 186/6980/204 4826/7865/2136 4433/6981/4898
f 4903/7866/4978 2763/4075/3505 4364/6806/4869
f 380/540/421 3702/5590/4408 4820/5385/4314
f 3033/4512/3797 1323/1929/1730 4723/6459/4772
f 2531/3734/3241 3973/6033/4628 3460/5201/720
f 1714/2502/2216 4376/6847/2165 3701/5589/4343
f 2259/3318/2913 2224/6342/2868 2260/3319/2914
f 1848/2231/1984 1529/2233/1986 614/876/752
f 2549/3771/3265 4137/6337/4739 1285/1865/1675
f 104/145/110 52/67/60 48/61/57
f 3272/4885/4033 1301/1894/1701 3179/4729/3931
f 1112/1582/1421 3478/5227/4223 1113/1583/1422
f 3779/5725/4475 3086/4589/999 2895/4297/3651
f 4139/6696/4742 2432/3585/3127 2433/3586/3128
f 4541/7190/3979 4810/7812/4726 2712/7867/3441
f 765/1087/952 2141/3145/2770 763/1085/950
f 3456/7868/4204 4267/7869/4819 520/745/625
f 1789/2610/2317 4766/7709/4853 3328/4976/3791
f 3913/6372/4489 959/1373/1223 4821/7849/4924
f 1432/2082/1863 1744/2550/2261 1433/2083/1864
f 4518/6695/4845 766/1090/955 3199/1089/954
f 2547/7870/1465 2821/4171/1464 933/1331/1185
f 4322/6725/4850 1081/1539/1383 4323/6726/3669
f 3192/4753/3949 3415/5127/1679 3803/6951/4492
f 2712/7867/3441 4810/7812/4726 4827/7871/3492
f 819/1161/1024 3110/4625/3871 4326/6735/4852
f 3631/5460/4354 4619/7352/4954 4689/7354/4948
f 4649/2274/2027 1123/1597/1435 525/753/633
f 3608/5430/4335 4169/7110/4761 4853/1063/930
f 2934/4358/3690 3300/4927/4060 598/854/732
f 4167/4817/3990 2927/4348/840 2926/4347/3684
f 388/549/430 4828/7872/3988 3928/7873/4595
f 3920/7295/4588 3714/6305/4417 4452/7017/3500
f 3341/2200/1957 468/663/544 467/662/543
f 1473/2136/1914 4230/2774/2455 2501/3682/3203
f 3924/5892/4558 3607/5428/3591 2977/4434/3736
f 2121/3115/2749 3126/4646/3886 1647/3116/2132
f 4177/6429/1676 3363/3369/2957 744/1060/927
f 3299/4924/4058 2786/4923/3531 4214/6510/4785
f 47/1449/56 755/1076/45 3216/1075/942
f 2556/3782/3275 2555/3781/3274 2348/3456/3024
f 1414/6886/1840 2667/3937/3394 2666/3936/2939
f 4404/3348/2937 1662/7874/2155 2280/3349/2938
f 4129/7050/4732 3310/4947/4072 3439/5169/4194
f 4245/7108/4807 2345/3452/3020 4739/6411/4759
f 960/1375/1225 4870/1374/1224 889/7875/1126
f 560/805/683 4718/7605/3552 572/819/697
f 4667/7465/546 4784/7759/4976 2596/6387/3316
f 1424/1839/1652 3040/4521/3803 2454/3617/3153
f 2416/3562/3109 4670/7472/4966 3978/6040/3710
f 1553/2265/2018 2106/7876/2733 2108/525/408
f 3183/4738/3936 3433/1972/1769 1669/2437/2163
f 2219/3263/2863 4714/5042/4114 557/7877/680
f 3597/5404/1994 3596/5403/2230 4829/7878/3507
f 4790/4933/4063 3166/4707/3920 1999/2937/2597
f 2841/4206/3594 4569/4479/3768 4557/7223/4938
f 3988/6057/4640 4208/3949/3405 3989/6058/4641
f 3031/4510/3795 3081/4582/3842 3163/4702/3915
f 1855/2706/2401 4010/6094/4652 2537/3748/3248
f 3746/5677/4448 4689/7520/4948 4582/5640/4429
f 644/918/791 646/920/793 2765/4079/3509
f 4830/7879/3930 2380/3504/3062 4530/7162/4931
f 2792/4125/3536 4790/7777/4063 3101/4613/3862
f 194/271/217 1389/2022/1809 3774/5720/4471
f 3299/4924/4058 2349/6883/3030 3838/4925/3532
f 4507/7115/2738 2394/3527/3082 4608/6654/2739
f 981/1407/1257 1253/1802/1617 2556/3782/3275
f 601/857/735 3005/4492/3762 602/858/736
f 3101/4613/3862 4790/7777/4063 3304/4560/3830
f 4524/7149/2436 2970/4418/2435 2784/4106/3529
f 394/557/438 4144/6355/1902 1462/7428/1901
f 4629/7246/4943 4567/7245/4942 4094/6251/4649
f 3205/4776/3960 1802/2629/596 4147/2628/2334
f 1091/1552/1395 2694/3971/3424 717/1025/894
f 3395/5093/4145 2157/3170/2789 4646/621/502
f 2240/3290/2888 1808/2636/2340 3344/4996/4095
f 3867/5866/4545 2089/3061/2706 2090/3063/2708
f 3168/4240/3614 2930/4353/2021 677/963/835
f 2243/3294/2892 4851/3296/2894 1076/7880/1376
f 1054/1502/1346 3394/5092/4144 1055/1503/1347
f 832/1182/1044 581/831/709 583/833/711
f 4183/6437/4767 3497/5255/4239 1738/2541/2252
f 429/608/489 428/607/488 3987/6055/4639
f 3709/1387/1237 3866/5865/4544 1140/1622/1458
f 4202/6494/4783 4818/5863/4542 4662/7445/4965
f 1723/2520/2233 4055/7443/4684 1724/2521/2234
f 3280/4901/4040 3282/4903/4042 3232/4825/3994
f 3921/5953/4589 3280/4901/4040 3232/4825/3994
f 4238/7881/3123 4359/7882/4867 4831/7883/4930
f 4627/7367/4956 4095/6252/4708 3493/5250/4234
f 1789/2610/2317 1788/2609/2316 4766/7709/4853
f 1272/7884/1653 4362/4688/1655 3637/5470/4358
f 735/1047/915 2280/3349/2938 3259/4867/3741
f 2248/3305/2901 1730/2530/2242 1731/2531/2243
f 3548/5329/4279 3547/5328/4278 2041/2995/2649
f 2618/3866/3340 640/5319/786 1715/7885/2218
f 4584/2451/2174 4481/7395/2457 4832/7886/3833
f 186/256/204 4832/6937/3833 4826/2403/2136
f 249/348/282 268/380/301 2719/4001/3447
f 3409/5115/4162 1317/1919/1723 1316/1918/1722
f 3560/4812/3986 4595/7306/4950 1573/2293/2045
f 3445/5180/4197 2081/3049/2696 627/897/772
f 3724/5630/906 3539/7348/4272 3809/5766/4496
f 3822/3790/2731 2105/7887/2732 2564/3791/3283
f 3630/5458/4353 2031/2982/2636 4771/7722/2944
f 4148/6367/4748 3235/4830/3998 2360/3476/3038
f 4920/7888/4004 4919/7889/4936 1365/1983/1776
f 4920/7888/4004 1365/1983/1776 266/7121/298
f 2935/4361/3691 4840/4412/3723 1386/2014/1804
f 4472/4197/3587 4824/7860/1289 2836/4198/3588
f 270/382/288 4932/7890/569 224/318/258
f 4212/6508/4789 900/1286/1143 4615/7340/4953
f 3362/5035/4112 2272/7818/2928 3854/5838/4533
f 4889/550/431 388/549/430 1137/1619/1455
f 971/1391/1241 4833/7891/352 972/1392/1242
f 1306/1906/1710 819/1161/1024 4326/6735/4852
f 873/1244/1102 959/1373/1223 4946/1245/1103
f 2816/4161/3559 3523/5287/1349 4621/7356/3711
f 3995/6068/2646 4575/4793/3975 4436/5903/2307
f 2516/3714/3222 4066/6203/4689 2673/4861/3401
f 3306/4939/4067 4086/6238/4702 2568/3798/3286
f 2808/4150/3553 2951/2508/2221 3903/5924/4575
f 2848/3568/2051 2847/6824/3600 2421/3569/3115
f 4834/7892/4178 4554/7215/4551 352/503/386
f 2879/7893/3635 4687/2333/2078 3873/2332/2077
f 4331/6749/4741 769/1094/959 768/1093/958
f 3016/4487/3775 4313/6708/4846 2423/3572/3117
f 1015/3440/1296 4585/7292/4576 2336/3441/3011
f 2152/3164/2784 1795/2621/2327 4097/6493/4710
f 4813/7819/4300 3568/1841/1654 1272/1840/1653
f 1250/1797/1612 2593/3833/1939 3779/5725/4475
f 3110/4625/3871 3109/4624/3598 2845/5039/3597
f 686/978/849 725/1035/904 644/918/791
f 113/154/119 717/1025/894 114/155/120
f 2291/3370/2958 4492/7091/2236 1598/2328/2073
f 1018/1453/1299 4664/7455/2558 4587/7894/3562
f 2521/3720/3227 4169/6416/4761 4710/1986/1778
f 1771/2586/2295 1770/2585/2294 4037/6150/4672
f 4036/6149/4671 2309/5577/2977 4830/4728/3930
f 2791/4123/1404 1003/1435/1283 3036/3360/2948
f 4299/2188/1949 4835/7895/4268 4603/2189/1950
f 769/7896/959 4741/7650/4835 3061/4552/3826
f 3512/5275/4251 2104/3090/2730 2103/3089/2729
f 675/5745/832 2894/4296/3650 3373/5054/4121
f 4863/6872/4883 948/7897/1209 3745/5673/4445
f 2959/4404/3718 1187/972/843 683/974/845
f 4761/7701/4422 4108/6272/4719 3540/6422/4273
f 4340/6765/4859 1275/1848/1659 4688/7519/4968
f 4042/7493/4677 3478/5227/4223 332/7416/363
f 413/584/465 2338/3443/3012 2979/4437/3739
f 2437/3590/3130 2436/3589/3129 3389/5082/4139
f 2605/3848/3326 3820/3847/3325 2711/3992/3440
f 2648/3906/3373 4836/7898/1190 2868/4255/3622
f 3039/4520/3802 3038/4519/3801 4961/6848/2971
f 662/6123/816 1697/6856/2193 2610/3855/3330
f 1692/5307/2188 1694/7899/2190 3901/5308/4266
f 4837/7900/4760 4853/1063/930 4169/7110/4761
f 2687/3963/3417 513/736/616 1618/2358/2097
f 3748/3853/2632 2708/5851/3436 2469/3636/3168
f 4505/4761/3954 2400/3539/3091 2969/7901/3727
f 773/1098/963 752/1072/939 754/1074/941
f 969/7458/1235 1881/2757/2441 3169/4712/2404
f 1549/2261/2014 1413/2055/1839 1414/2057/1840
f 1130/1607/859 1129/1606/1444 4531/7523/4932
f 3358/5023/4108 3614/5437/4339 4259/6609/4465
f 3965/1655/1485 3869/4786/3969 1156/1653/1483
f 4750/7666/1881 3274/4890/4036 4680/7504/4967
f 4750/7666/1881 4680/7504/4967 4555/7216/4937
f 2090/3063/2708 2231/3062/2707 3889/5898/3083
f 4838/7902/1412 1996/2933/2593 1995/2932/1413
f 4091/6247/4706 3931/6485/4598 3757/5693/4453
f 4534/4937/4065 3972/6030/4626 3974/6093/4629
f 3155/4691/3910 649/924/797 4839/7903/1512
f 551/792/671 552/794/673 1851/1651/1481
f 137/181/144 3333/4982/3474 4483/175/140
f 2217/3258/2860 1752/2558/2269 800/5160/996
f 1847/4211/2392 1461/2120/1899 4090/7904/4705
f 871/1241/1099 583/833/711 582/832/710
f 4342/6767/4861 3891/5904/4564 4109/6273/4720
f 3892/5511/4380 3893/7601/4565 2369/5512/3050
f 4531/7164/4932 1284/1862/1672 695/990/860
f 3104/4616/3865 1571/7858/2042 4420/4617/3866
f 2588/3826/3310 1203/1721/1543 2589/3827/3311
f 171/231/174 2836/4198/3588 4824/7860/1289
f 1410/5546/1836 1651/2404/2137 4274/6641/4826
f 3185/4740/3938 3931/5967/4598 652/927/800
f 4737/7643/2038 4814/7822/2376 2215/3255/2859
f 670/952/825 1204/1723/994 4162/6402/4757
f 866/3920/1092 736/1048/916 4736/1050/918
f 3936/5973/3064 869/1239/1097 868/1238/1096
f 4840/7905/3723 4427/6970/3692 3298/6971/4057
f 712/1017/886 1936/2836/2512 438/617/498
f 1906/2794/2472 4332/6750/4855 1899/2786/2466
f 4473/7906/4887 4923/1270/1127 891/1272/1129
f 1323/1929/1730 2139/3143/2768 1189/1701/1527
f 1783/6953/2310 687/979/850 2300/5650/2967
f 4795/7785/2643 4298/7907/3966 3475/5224/4222
f 949/1359/1210 3428/5149/4185 3427/5148/4184
f 4841/7908/1251 1590/2317/1253 3441/599/480
f 896/1280/1137 939/1344/953 2007/6527/2609
f 4842/7909/740 2928/1739/1558 1215/1740/1559
f 3920/7295/4588 4452/7017/3500 3863/7016/4540
f 3808/5765/4495 4657/7433/4963 1629/2374/2111
f 789/1118/983 3191/1737/1556 2490/3667/3190
f 3606/5427/2286 828/1178/1040 830/1180/1042
f 4843/7910/4611 1905/2793/2471 1904/2792/2470
f 1549/2261/2014 4975/2650/2353 517/742/622
f 3560/5352/3986 708/1010/880 4595/7911/4950
f 1211/1732/1551 3246/7912/4008 465/660/541
f 1849/2700/2396 1848/2699/1984 1566/2284/2036
f 3053/4539/3819 4621/7356/3711 3153/4685/3907
f 4748/7662/4973 4901/4483/3771 3013/4482/3770
f 2008/2951/2610 2007/2950/2609 3250/4853/1474
f 2351/3465/3031 2268/3333/2924 3893/5906/4565
f 4573/7261/4944 1565/2283/2035 4085/6237/4701
f 4227/6540/4779 3171/4714/3921 2534/3745/3245
f 2133/3136/2762 2134/3138/2764 3975/6036/4630
f 1282/7597/1669 1959/7913/1668 1766/2577/2287
f 4267/6621/4819 1858/2714/2406 4475/2713/2405
f 4020/6114/4656 4561/7234/1188 2042/2996/2650
f 2015/2959/2618 3523/7914/1349 3522/2960/2619
f 3615/5438/4340 1551/2263/2016 3616/5439/4341
f 4332/6750/4855 1750/2556/2267 3367/5043/4115
f 4443/7001/4900 2575/3809/3297 2574/3808/3296
f 2808/4150/3553 1716/2506/2219 2951/2508/2221
f 1530/2234/1987 1351/7414/1761 1637/2386/2122
f 3926/5958/2711 4414/6944/4895 1888/2768/2450
f 2112/7915/2740 4782/1305/1160 4418/1304/1159
f 1199/1717/1540 4803/7665/4974 1200/1718/375
f 4297/6674/4840 723/1031/900 2528/3729/3236
f 1093/5450/1397 1092/3811/1396 3624/5451/4348
f 4525/2587/2296 1623/5044/1737 1770/2585/2294
f 4444/3277/2876 4844/7916/4022 605/862/738
f 4119/6295/4724 3716/1871/1680 2631/3884/3356
f 4631/7854/4958 4697/6589/4809 1038/1483/1328
f 3026/4504/3789 3741/5661/4440 3769/5714/4467
f 3680/5554/4396 4454/7021/4903 4105/6266/4717
f 1396/7917/1816 3924/5892/4558 3884/5893/3253
f 4845/7918/901 2810/7919/926 2809/7920/767
f 3940/4493/3779 2656/7921/3382 2990/6447/3749
f 4120/5477/4362 4846/7922/4725 1444/2100/1880
f 3326/4974/4082 134/182/145 136/184/147
f 2025/7923/2628 2519/3718/3225 3225/1879/1687
f 1941/2845/2520 805/1139/1003 2061/3015/2025
f 3157/4694/987 982/1409/1259 4496/4022/3464
f 3353/5013/4104 4626/7366/4955 3904/5926/4577
f 661/7924/815 1697/6856/2193 662/6123/816
f 4400/6904/427 932/1330/1184 3667/5528/3345
f 4460/657/538 1827/2670/2369 3374/5055/4122
f 4848/1193/1055 839/1195/1057 4370/5379/4310
f 2856/3575/3119 2563/7925/3282 458/3576/531
f 2092/3065/2710 4159/3067/2712 3581/5384/4313
f 2637/7926/3361 4847/7927/1605 4848/7928/1055
f 4134/6332/4737 4170/5002/4098 2843/2697/2394
f 3172/4386/3708 2304/3387/2561 1973/7929/2560
f 325/470/356 323/468/354 331/478/361
f 2308/3396/2976 1954/2860/2534 4849/7930/2850
f 991/1419/1269 3006/4473/3763 2564/4730/3283
f 4154/6385/4753 994/1422/1272 995/1424/1274
f 2171/3194/2809 2770/4085/3514 599/855/733
f 1613/2352/2093 4160/6396/4755 2269/3334/2925
f 3891/5904/4564 3779/5725/4475 2895/4297/3651
f 1590/2317/1253 2822/4174/3568 1171/1673/1503
f 1672/2441/2167 1885/2764/2446 1887/2766/2448
f 3942/5981/4605 4574/7270/2757 2839/4204/2756
f 2683/3957/3413 2053/3007/2660 2684/3958/3414
f 3625/5452/4349 3788/5737/4482 3760/5698/4458
f 876/1249/1107 4073/1251/1109 516/7931/621
f 876/1249/1107 516/7931/621 4850/7932/620
f 3440/2887/2557 3742/5662/3010 4197/5861/4541
f 4466/7046/4907 2243/3294/2892 1076/7880/1376
f 4257/6605/4814 4291/6667/4836 4725/7616/4971
f 3340/6949/3944 3905/5930/3294 4627/7367/4956
f 4851/7933/2894 3723/5625/4424 1076/1532/1376
f 4482/7934/4912 4284/6657/4831 2649/3910/3376
f 3859/7935/2058 814/7936/1017 4852/7937/1019
f 3707/5600/4412 167/227/182 174/234/187
f 4684/7512/2255 1930/2825/2502 1929/2824/2501
f 2269/3334/2925 4184/1507/1351 3860/1509/1353
f 2138/3142/2767 2137/3141/2766 3984/4292/3646
f 839/1195/1057 3577/5380/4311 4370/5379/4310
f 1029/1468/1313 666/2759/820 1030/1469/1314
f 482/684/565 481/683/564 1689/2463/2184
f 3447/5182/4199 2739/4031/3471 4478/7067/2691
f 2121/3115/2749 3209/4782/3965 3160/4698/3912
f 903/1291/1148 2267/3332/2923 3082/7938/3843
f 3420/5136/4175 3853/5837/4532 3783/5729/4479
f 4837/6415/4760 747/6844/931 4853/7939/930
f 4338/2509/2222 1796/2622/2328 2849/3640/3171
f 3690/5568/4402 2823/4179/3570 1152/1639/1473
f 3459/7450/2430 4726/3461/3028 4031/6136/3940
f 344/494/377 343/493/376 1960/2866/2539
f 3867/5866/4545 2090/3063/2708 3496/5254/4238
f 1517/7442/1972 1724/2521/2234 4055/7443/4684
f 445/632/513 4036/6149/4671 1301/1894/1701
f 2869/2457/2179 4854/7940/3624 864/1831/1090
f 4486/4757/3952 1630/2375/2112 4657/7433/4963
f 2613/3858/3333 4538/7084/3613 4343/3558/3105
f 3690/5568/4402 1978/5567/2569 4115/7941/4723
f 3087/4590/3846 2304/3387/2561 2950/4387/3709
f 4080/6226/4694 4724/7614/3053 3872/5873/4548
f 4430/6975/4896 3048/4532/3813 3049/4534/3814
f 4206/2538/2250 3860/1509/1353 3397/7942/4148
f 2937/4365/3694 4935/7700/4925 2442/3595/3135
f 1078/1534/1378 3414/1536/1380 3191/1737/1556
f 1987/2915/2580 4796/6012/4618 4855/7943/1975
f 4792/1318/1173 3657/5503/4377 921/1319/1174
f 3735/3383/1826 1977/2900/1825 1151/1254/1112
f 4829/4077/3507 2897/4076/3506 971/1391/1241
f 3090/6137/2800 1029/1468/1313 4709/1470/1315
f 607/868/744 4894/867/743 1466/2129/1907
f 2494/3675/3197 2493/3674/3196 2180/3206/2818
f 2778/4097/3523 2146/7748/2777 2163/3176/2795
f 4429/6974/3540 2796/7944/3542 2622/3873/3347
f 2094/3071/2716 4293/6669/4394 2821/1628/1464
f 4718/7605/3552 2807/3616/3152 572/819/697
f 461/653/534 747/6844/931 2520/3719/3226
f 4856/7945/409 4246/7946/3961 3370/7947/1021
f 4539/4231/3609 3052/4538/3818 2738/4232/3470
f 440/624/505 4953/3038/932 4952/4490/3778
f 2150/3161/2782 2225/4208/2869 2151/3162/2683
f 1471/2134/1912 2687/6229/3417 4330/6747/3418
f 3417/5129/4169 4422/6961/4841 4592/7303/2754
f 3331/4980/4086 4320/6722/2508 2889/4288/3644
f 2452/5266/3150 3088/4593/3848 911/4948/1156
f 4329/6745/4854 2824/4180/3571 1884/2763/2445
f 4196/6479/4781 884/1263/1121 3239/4834/4001
f 2532/3737/3242 182/244/196 183/249/197
f 1746/2552/2263 2668/3939/3396 3670/5536/4389
f 2312/3283/2882 4511/7120/4922 2235/3284/2883
f 1314/1916/1720 1739/2542/2253 4684/2544/2255
f 3964/4303/3656 4857/7948/2752 898/1283/1140
f 1876/2752/2437 918/1315/1170 1877/2753/2438
f 4858/7949/2186 447/5118/516 1138/5117/1456
f 3238/4833/1068 3237/4832/4000 3901/5308/4266
f 551/2299/671 1851/2702/1481 1850/2701/2397
f 4466/7384/4907 1804/5020/2336 1690/7528/2185
f 2194/3226/2836 826/1170/1032 1116/1586/1425
f 2605/3848/3326 671/955/828 2604/3846/3324
f 1540/2251/2004 1964/2875/1620 1541/2252/2005
f 1504/2198/1955 4057/1555/1398 1093/1554/1397
f 3992/7374/4642 4221/6523/4792 2814/4159/3557
f 3145/4669/3903 4666/7459/4385 4812/4302/3655
f 620/884/760 619/883/759 2197/3230/2840
f 3481/2914/2579 3480/1892/1699 366/520/403
f 1473/2136/1914 2501/3682/3203 1474/2137/1047
f 4232/6548/4797 3236/4831/3999 4233/6549/3621
f 1045/1491/1335 4933/3406/2983 3943/5982/4606
f 2463/3630/3163 3025/4503/3788 3024/4502/3787
f 4859/7950/1049 1727/2526/2239 4224/5247/1050
f 3652/6034/4371 1641/6784/2127 3842/5818/4521
f 4609/7330/3008 2366/3488/3048 4287/6661/4833
f 2400/3539/3091 1794/2619/2325 4808/3163/2783
f 1108/1574/1247 1109/1576/1417 2663/3931/3391
f 1010/1443/1291 3722/5619/4421 1011/1444/1292
f 1656/2414/2147 2414/3560/3107 2679/3952/3408
f 2767/4081/3511 3080/4581/3841 3079/4580/3840
f 7/2/2 3364/5037/10 1620/2361/2100
f 2540/3752/3252 2432/3585/3127 2539/3751/3251
f 1182/1690/1519 1704/2487/461 1901/2788/2468
f 3695/3761/3258 4176/7951/1677 2477/3760/3178
f 4597/5344/4286 2823/4179/3570 3690/5568/4402
f 4860/7952/4425 2106/7876/2733 1553/2265/2018
f 4268/6707/4820 4367/6813/2880 4861/7953/2879
f 964/1380/1230 4069/6207/4691 4261/6208/4692
f 4750/7666/1881 4846/6608/4725 3274/4890/4036
f 1192/1705/1530 1191/1704/1529 2826/4182/3573
f 1787/2608/2315 1789/2610/2317 2208/3247/2853
f 2931/4354/3686 3765/5704/4463 677/963/835
f 469/3688/547 2596/7593/3316 4544/7193/4909
f 2380/3504/3062 4188/6458/4771 2406/3548/3097
f 3274/4890/4036 4172/6421/4762 4680/7504/4967
f 4729/7626/4627 4666/7459/4385 3664/7954/4137
f 3230/1355/1206 947/1357/1208 3739/4175/3569
f 4891/6348/4743 4127/6317/4730 2685/3959/2424
f 2421/3569/3115 2107/6825/2734 2106/3570/2733
f 2936/4364/3693 4048/6171/977 4567/7245/4942
f 1652/2408/2141 4199/2407/2140 1692/7955/2188
f 4523/2918/2582 1912/2801/2479 2747/4046/3481
f 858/4840/1080 4474/7058/1082 3242/4841/4005
f 4862/7956/2203 4128/6320/1625 2606/3364/2952
f 4513/7123/3608 2856/3575/3119 2426/3577/3120
f 3378/5067/4127 4781/6022/4621 4110/6276/4721
f 4682/7508/1900 4184/7957/1351 2429/1572/1415
f 1880/2756/2432 417/7958/472 2512/3703/3217
f 219/312/253 218/311/252 617/881/757
f 1810/2638/2342 4102/3480/3041 4960/5672/4444
f 3535/5311/4269 2600/3842/3322 2599/3841/3321
f 2030/2980/2634 440/624/505 4952/4490/3778
f 4108/6272/4719 3891/5904/4564 1061/4118/1358
f 2968/4416/3726 2473/3645/3174 3904/5926/4577
f 4626/7366/4955 2968/4416/3726 3904/5926/4577
f 4240/6572/1637 2863/4245/3617 2862/4244/3616
f 108/149/114 3294/4917/4053 3679/5553/4395
f 1037/1479/1324 4275/6642/4827 4823/1480/1325
f 4863/7959/4883 3013/7720/3770 948/1358/1209
f 4909/6230/4695 4864/7960/727 3605/5424/4333
f 3683/5557/4398 4430/6975/4896 2906/4319/3668
f 4752/6713/4848 4716/7961/4510 3434/5163/4190
f 1037/1479/1324 3672/5538/4391 4274/6641/4826
f 2659/2804/2482 339/488/371 1639/2388/2124
f 4865/7962/4970 3565/5359/4296 4703/5358/4295
f 2941/4371/3699 2756/4063/3494 3584/5388/4316
f 1720/2514/2227 1296/6200/1694 4210/6202/4688
f 1720/2514/2227 4210/6202/4688 850/7521/1071
f 219/312/253 2993/4458/3751 2431/4457/3126
f 591/843/721 1870/7963/2426 4043/6160/2989
f 4818/7841/4542 4300/1587/1426 1309/1909/1713
f 1604/2341/2085 4866/7964/4538 2891/3821/3306
f 847/1205/1067 4286/6660/4832 3642/2648/2352
f 4867/7965/2915 441/625/506 3083/4584/3844
f 4973/2762/2444 3925/5957/4592 1836/5159/2380
f 917/2349/1168 2557/3783/3276 1611/2350/2091
f 4239/6565/4801 2850/4220/3535 2793/7424/3537
f 3131/7344/3891 642/916/789 1210/1731/1550
f 1040/1485/1014 3429/5151/3528 1041/1486/1330
f 774/1099/964 773/1098/963 789/1118/983
f 2713/3995/3443 3684/3994/3442 3770/5715/4468
f 4750/2101/1881 1444/2100/1880 4846/7922/4725
f 1816/2646/2350 3954/5999/4614 4027/6127/4660
f 733/1045/913 1352/1965/1762 1507/2203/1960
f 4868/7966/2992 4553/1643/1475 1154/1645/1477
f 4869/7967/4034 1384/2011/1801 2886/4283/3641
f 4378/6855/4821 3287/5056/4046 996/1425/1275
f 4259/7968/4465 929/1327/1181 928/1326/1180
f 1479/2144/1918 4740/3058/2180 531/2145/639
f 1318/1920/1724 4455/7023/4904 3633/5464/4356
f 3664/5522/4137 3631/5460/4354 4689/7354/4948
f 3831/5801/4514 3601/3670/3192 2778/4097/3523
f 3776/7622/2231 2069/3026/1831 4461/7036/4905
f 3703/7969/4409 2657/3921/3383 524/749/629
f 1788/2609/2316 1218/1745/1563 1695/2470/2191
f 1023/1462/1308 422/598/479 3981/6048/4635
f 1663/2427/2157 3090/4598/2800 1664/2428/2158
f 2820/4170/3566 1508/2206/1963 3279/4900/4039
f 375/534/415 4189/866/742 607/868/744
f 4866/5856/4538 1735/2536/2248 1224/1755/1573
f 573/820/698 3919/5951/4282 2373/3496/3054
f 4510/7251/4921 196/273/219 195/272/218
f 2514/3707/3219 1075/3709/1374 2829/4185/3576
f 1993/2928/2589 3258/4866/4020 2578/3813/3299
f 4870/7970/1224 3884/5893/3253 889/6366/1126
f 1117/1590/1428 2268/3333/2924 2352/3466/3032
f 1969/2882/2553 2272/7971/2928 1970/2883/2554
f 2216/1475/1320 4454/7021/4903 2691/7020/3421
f 2118/3112/2746 4597/7313/4286 4115/6290/4723
f 1736/2537/2249 628/898/773 1967/2880/2551
f 2465/3632/3165 4871/7972/2625 2466/3633/580
f 2368/2026/1813 4396/6899/4889 2783/4103/3215
f 1004/1436/1284 483/7677/566 4676/1402/1252
f 258/363/291 3747/5678/1920 4540/355/287
f 3977/6039/4632 4869/7967/4034 2886/4283/3641
f 4037/6150/4672 4041/6157/4676 3462/5203/4209
f 4566/7241/2395 1528/2232/1985 1848/2231/1984
f 907/1296/1152 1441/2097/1877 2844/4213/3596
f 1235/1772/1588 1234/1771/1587 4152/3421/2995
f 4487/7082/4914 1347/1960/1757 554/796/675
f 2235/7973/2883 2427/6105/3121 2236/6104/591
f 1478/7357/1917 4604/7324/4951 3153/4685/3907
f 2761/4073/3503 2224/6342/2868 2259/3318/2913
f 2992/1001/871 4471/6575/4802 703/1002/872
f 4858/7974/2186 1138/1620/1456 3928/7873/4595
f 3558/6141/4289 3190/4751/3948 4580/1833/1646
f 4819/4489/3777 1957/2863/2537 1534/3074/1992
f 1440/2096/1876 3777/5723/4473 4255/1695/1522
f 4872/7975/657 3256/4863/4017 4379/6857/658
f 2838/4200/3590 3316/4957/4076 1493/2175/1938
f 1874/2745/2431 4396/6899/4889 3617/5440/4342
f 4340/6765/4859 4688/7519/4968 2205/3243/2851
f 1421/2069/1610 1420/2068/1851 1676/7976/2109
f 2001/2941/2601 2530/3731/3238 1311/1912/1716
f 2262/3326/2919 1939/2840/2515 1569/2288/2040
f 127/168/133 3387/5079/4136 3388/5081/4138
f 4546/7198/756 616/6566/755 3107/4621/3869
f 1134/7052/1450 4194/6474/4778 2772/4089/3517
f 4379/779/658 1401/2038/1822 2560/3786/3279
f 2173/7739/2810 3340/6949/3944 4627/7367/4956
f 3257/7462/4019 2294/3374/2594 1998/7463/2596
f 2257/3315/2910 4758/6611/4815 3398/5099/483
f 2834/4194/3584 3663/4926/4059 3320/4964/4078
f 2436/3589/3129 4873/7977/3472 4861/3280/2879
f 3844/5820/4523 2456/3622/3155 2040/2994/2648
f 2924/4343/3681 2822/4174/3568 485/687/568
f 1056/3046/1348 4874/7978/4535 759/1081/946
f 3590/5394/4320 4314/6557/4800 4096/6254/4709
f 2783/4587/3215 4875/7979/2799 4726/7619/3028
f 3457/5198/4206 4701/7552/4969 3815/5773/4501
f 2446/3606/2672 264/369/296 2403/3542/3094
f 3179/4729/3931 4530/7736/4931 4507/3099/2738
f 4588/5218/4219 4101/6260/4713 2660/3928/3388
f 3510/7758/4249 1358/1974/1770 1359/1976/1772
f 2330/3430/3002 2358/4275/3036 3959/7980/4617
f 4970/4190/3580 588/7981/717 681/4797/841
f 3597/5404/1994 4829/7878/3507 4876/7982/1240
f 1639/2388/2124 3508/5271/3147 1576/2297/2048
f 580/830/708 3411/5212/4164 3468/5211/4215
f 1525/2228/1981 1527/2230/1983 3520/5804/4255
f 2015/2959/2618 4743/7652/89 3523/7914/1349
f 4068/6205/2319 4361/2940/2600 2002/2942/2602
f 4823/7851/1325 4081/7369/4696 435/614/495
f 1595/2325/2070 3245/4846/4007 3246/4847/4008
f 2629/3882/3354 4865/7581/4970 2630/3883/3355
f 4877/7983/2256 4145/6360/4746 4476/7062/1135
f 4064/6198/4686 2595/3835/3315 3865/5864/4543
f 3133/2199/1956 630/7984/775 3906/4748/3945
f 2347/3454/3022 2346/3453/3021 3727/6631/4427
f 409/5049/457 4813/7819/4300 3598/5405/4325
f 1033/1474/1319 2669/3940/3397 2668/3939/3396
f 3140/7092/3899 2021/2967/2624 2020/2966/2623
f 2547/7870/1465 933/1331/1185 932/1330/1184
f 4554/5880/4551 1443/2099/1879 4750/2101/1881
f 3797/5751/4323 4598/7314/1101 3913/5752/4489
f 1765/2575/2285 2458/7985/3157 3311/7986/1581
f 3440/7987/2557 4197/6480/4541 4251/6591/4811
f 1209/1262/1120 3584/7376/4316 3492/5248/4233
f 4017/6007/4616 4878/7988/4147 4602/5748/4487
f 4290/6665/842 587/838/716 3755/5517/4383
f 505/722/602 506/724/604 3224/4810/3984
f 4292/6668/4837 3719/6155/4419 4769/7715/4975
f 1534/3074/1992 3726/3187/2803 2168/3186/2802
f 975/1396/1246 1449/2106/1886 4651/3908/3375
f 2875/2889/2559 1211/1732/1551 1142/1624/1460
f 798/1129/993 1279/1855/1665 1165/1664/1494
f 4284/6657/4831 1664/3181/2158 4875/3180/2799
f 3993/6124/4643 4487/7082/4914 1905/2793/2471
f 4110/6276/4721 4783/7755/3395 2622/6275/3347
f 1489/2167/1932 2102/3087/1138 4030/6133/4663
f 4748/7662/4973 3013/4482/3770 4863/6872/4883
f 130/172/137 3685/5560/3717 978/1404/1254
f 2454/3617/3153 3039/4520/3802 1416/2060/1843
f 628/898/773 627/897/772 1967/2880/2551
f 4719/4736/3934 2080/4533/2694 2081/7989/2696
f 3501/5263/4242 1074/1529/1373 1021/1459/1305
f 2094/3071/2716 596/852/730 4293/6669/4394
f 306/445/344 307/447/345 1468/2131/1909
f 4526/263/209 1319/1921/1725 4678/261/207
f 2799/4135/3545 1280/1856/1666 4789/3597/3137
f 2721/4004/3450 749/1069/936 3329/4978/4084
f 3258/4866/4020 1014/3892/1295 2578/3813/3299
f 4045/6162/2407 4607/2898/2568 4046/6163/4679
f 96/133/106 860/1225/770 3432/5157/4189
f 4894/2721/743 1860/2720/2411 4572/7260/2360
f 1061/4118/1358 3891/5904/4564 1158/1656/1486
f 1073/5398/1372 3488/5240/4228 1020/7990/1303
f 2812/4156/3555 2813/4158/3556 3764/5702/4462
f 730/1041/909 3375/5059/1990 1393/1598/1436
f 4244/7991/4806 2315/3405/2982 879/7515/1113
f 1952/2858/2532 1951/2857/2531 3145/4669/3903
f 2767/4081/3511 3008/5065/3765 3007/6820/3764
f 1678/2448/2171 1680/2450/2173 3833/5805/4516
f 4482/7934/4912 2649/3910/3376 3653/6988/507
f 2686/3960/3415 1701/2480/2076 3228/2482/2202
f 3060/4550/3824 674/4234/831 4791/7778/2114
f 1862/6885/2413 435/614/495 434/613/494
f 1142/1624/1460 641/915/788 2733/4023/3465
f 3266/4876/4026 4960/5672/4444 3751/6384/4451
f 4436/7992/2307 523/748/628 522/747/627
f 2181/3207/2819 2046/3000/2653 1160/1659/1489
f 332/480/363 1112/7993/1421 3908/5935/4581
f 3181/4732/3933 4879/7994/4805 1460/4733/1898
f 1638/6796/2123 3209/4782/3965 2122/3117/2584
f 3021/4499/3784 1628/2373/2110 1420/2372/1851
f 936/1341/1194 3477/5226/1248 1108/1574/1247
f 4915/3922/3384 3878/5884/4552 2658/3923/3385
f 4444/7002/2876 3721/1007/877 707/1009/879
f 3830/5799/3170 4395/6896/574 4377/6853/4880
f 4286/6660/4832 3291/4914/4050 3466/5209/4213
f 1504/2198/1955 3189/5639/3946 3558/5349/4289
f 1015/1450/1296 512/735/615 3524/734/614
f 1171/1673/1503 2924/4343/3681 4449/7012/4902
f 4216/5500/4375 4759/7693/2975 3656/5501/4328
f 4411/6932/4894 3555/2406/2139 4336/7995/4299
f 2551/3775/3268 4099/6258/4712 4116/757/637
f 2657/5594/3383 3670/5536/4389 3142/1460/1306
f 3401/5102/4152 4232/6548/4797 1710/2497/504
f 4241/1020/889 3335/4984/4087 2863/7210/3617
f 3803/5760/4492 2763/4075/3505 4903/7866/4978
f 1180/1377/1227 4022/6117/576 962/1378/1228
f 4237/2094/1874 748/1067/934 2718/4000/3446
f 3895/5908/4567 745/1061/928 1589/2316/2064
f 1971/2884/2312 1786/7996/2314 4226/1913/1717
f 4192/6465/4775 1383/2010/1800 1385/2012/1802
f 4455/7023/4904 4769/7715/4975 2109/3096/2735
f 1321/7997/1727 2378/3502/3060 4416/5125/4168
f 1321/7602/1727 4416/6946/4168 4353/6789/4865
f 4880/7998/3942 2654/3917/3080 3385/5077/4135
f 4903/7866/4978 4364/6806/4869 4363/6805/4868
f 3113/6333/2530 2843/2697/2394 2354/2696/2393
f 4881/7999/1569 2972/4422/1568 2971/4421/3729
f 4247/6585/4808 433/612/493 1365/7696/1776
f 2939/4367/3696 4349/1890/1697 3260/4368/3697
f 658/935/808 1729/2529/2241 659/936/809
f 4267/7869/4819 4475/7060/2405 342/491/374
f 341/490/373 4267/7869/4819 342/491/374
f 4266/6620/3834 1282/2654/1669 3623/5449/4347
f 1844/2691/2388 1845/2693/2390 3062/4553/3827
f 1916/2807/2484 184/7579/199 2877/4272/3633
f 2654/3917/3080 613/875/751 3385/5077/4135
f 1263/1822/1636 1296/1887/1694 1110/1577/1418
f 4488/678/559 4542/3308/2904 476/676/557
f 1346/1959/1756 4881/7999/1569 4273/6638/4824
f 4433/6981/4898 4826/7865/2136 4522/7539/2135
f 3317/4959/613 1883/2761/2443 2824/4180/3571
f 1638/6796/2123 2790/4122/3534 3209/4782/3965
f 392/7432/436 3493/5250/4234 393/5249/437
f 3950/8000/4609 1774/2590/2299 4659/7438/4964
f 2886/4283/3641 1383/2010/1800 2513/3705/3218
f 3660/4270/3631 1024/6640/1309 2443/3599/3139
f 4191/6464/4774 1383/2010/1800 4192/6465/4775
f 2034/2985/2639 2751/4054/3487 4309/4053/3486
f 476/676/557 4256/6604/4813 477/677/558
f 1145/1627/1463 2126/3123/2753 2094/3071/2716
f 1584/2311/2059 2393/3523/3079 1585/2312/2060
f 3029/4508/3793 4549/7201/4934 4024/6122/4658
f 4828/4815/3988 3227/4816/3989 3928/5963/4595
f 1714/2502/2216 3701/5589/4343 380/540/421
f 4563/5342/4285 4889/550/431 1137/1619/1455
f 1831/7453/2373 1029/2431/1313 1664/2430/2158
f 1741/6359/2258 4608/7329/2739 3383/5074/4133
f 593/845/723 4882/8001/2760 2131/846/724
f 4407/6921/4892 2955/4397/3343 4058/6186/4261
f 3723/5625/4424 3621/5447/4345 2646/3904/3371
f 3109/4624/3598 819/1161/1024 818/1160/1023
f 4854/4258/3624 2870/4257/3623 865/8002/1091
f 2205/8003/2851 4885/2581/2291 2206/2580/2290
f 4655/7427/4962 2969/4417/3727 2277/3345/2934
f 2261/4107/2916 3793/5744/4486 809/1148/1011
f 4304/6692/4844 3625/5452/4349 3627/5454/4351
f 3541/5322/4274 2197/3230/2840 2198/3231/2841
f 590/841/719 591/843/721 4043/6160/2989
f 4431/6977/4897 590/841/719 4043/6160/2989
f 69/90/77 4753/822/700 106/147/112
f 252/351/284 4883/8004/305 279/395/240
f 4007/6089/4650 696/991/861 3306/4939/4067
f 779/1104/969 938/1343/1196 3149/1105/970
f 4839/7903/1512 649/924/797 651/926/799
f 3462/5203/4209 1345/1957/1755 4273/6638/4824
f 3538/5317/3043 3537/5316/4271 4429/6974/3540
f 1400/2037/1821 1399/2036/1820 4239/6565/4801
f 3116/4635/3878 1567/2285/2037 1566/2284/2036
f 2078/3042/2690 3994/7102/4644 4478/3043/2691
f 4097/6256/4710 3921/5953/4589 4384/4827/3995
f 4325/6732/4851 3073/4573/3838 1947/2852/2526
f 874/1247/1105 1732/2532/2244 875/1248/1106
f 1537/7213/1999 4303/6691/4843 2311/3400/2979
f 4614/7338/1222 3061/4552/3826 3063/4554/3451
f 4970/4190/3580 927/1325/1179 4674/8005/4890
f 4803/7665/4974 2696/4819/3426 2698/8006/3428
f 4705/7272/4946 1632/8007/2116 4576/7273/2115
f 2400/3539/3091 4808/3163/2783 2969/7901/3727
f 3983/6050/4636 1389/2022/1809 1390/2023/1810
f 2146/7748/2777 2145/3796/2776 4086/6238/4702
f 666/947/820 2072/3033/2682 1030/6309/1314
f 2898/5006/3659 144/196/156 4884/8008/1510
f 1516/2218/1971 3751/6384/4451 1724/5977/2234
f 2222/3266/2866 470/667/548 2223/3267/2867
f 3588/5392/4318 4904/8009/4128 4926/7266/4945
f 2487/1142/1005 4738/1141/1004 3602/5420/4330
f 1578/2002/1792 4860/7952/4425 1377/2003/1793
f 4393/732/612 1128/1605/1443 1862/2723/2413
f 2977/4434/3736 2976/4433/3735 3949/5991/4612
f 4672/8010/4305 3724/5630/906 2932/8011/3688
f 2413/3559/3106 542/776/655 1503/7840/1600
f 1976/6978/2564 1975/6719/2563 2699/3976/3429
f 4142/6351/4745 2979/4437/3739 1409/2050/1834
f 3983/6050/4636 1390/2023/1810 2233/3279/2878
f 2392/3521/3077 2156/3169/2788 4186/3522/3078
f 1626/2369/2107 2343/3449/3017 1627/2370/2108
f 3748/2978/2632 4892/2337/2081 2708/8012/3436
f 2805/4143/3550 756/1078/943 758/1080/945
f 3722/5619/4421 1829/5635/2371 3548/5329/4279
f 2349/6883/3030 3299/4924/4058 1997/2935/2595
f 3289/4912/4048 3288/4911/4047 846/1204/1066
f 3288/4911/4047 3291/4914/4050 846/1204/1066
f 4016/7297/4655 1144/1626/1462 1143/1625/1461
f 920/1317/1172 3473/5221/4221 1168/8013/1498
f 2672/3943/3400 3438/5168/4193 4619/7352/4954
f 3821/7157/4505 1428/2078/1859 3822/3091/2731
f 3891/5904/4564 1249/1796/1611 1250/1797/1612
f 3609/6434/4336 2161/3174/2793 3331/4980/4086
f 4077/6221/2951 4780/6863/2433 2200/3235/2845
f 3938/5975/4602 3572/5370/4303 4902/5060/2475
f 2250/3307/2903 1730/2530/2242 2248/3305/2901
f 3274/4890/4036 3268/4889/4028 4172/6421/4762
f 1197/1712/1535 3007/6820/3764 4059/1713/1536
f 1106/1571/1414 3655/6852/4374 2429/1572/1415
f 976/5244/1249 2390/3519/3075 2391/3520/3076
f 2205/3243/2851 4165/4464/3756 4885/8014/2291
f 982/1409/1259 3212/6748/3972 983/1410/1260
f 3022/4500/3785 4771/8015/2944 2031/5626/2636
f 2170/3190/2806 3507/5270/4248 2940/3935/3393
f 3871/5872/4547 1231/6227/1584 4080/6226/4694
f 2721/4004/3450 3329/4978/4084 668/949/822
f 2721/4004/3450 668/949/822 667/948/821
f 4792/1318/1173 920/1317/1172 4624/8016/2462
f 852/1211/1073 3878/5884/4552 2864/4248/2207
f 113/154/119 115/156/121 4074/3511/3067
f 2422/3571/3116 2423/3572/3117 3728/5637/4428
f 1276/3341/1660 2273/3340/2930 2701/3978/3431
f 1910/2799/2477 1909/2798/2476 4109/6273/4720
f 2846/4216/3599 4549/7201/4934 139/188/150
f 2690/3967/3420 4371/6831/4873 4660/6834/4874
f 4633/7386/4406 3966/6023/2887 4634/7387/4959
f 4422/6686/4841 505/722/602 1013/848/726
f 4097/6493/4710 1537/2246/1999 2152/3164/2784
f 1369/1990/1780 1801/2627/2333 1800/2626/2332
f 2195/6544/2837 1817/787/666 2500/786/665
f 4147/6365/2334 431/610/491 4247/6585/4808
f 2906/4319/3668 4430/6975/4896 403/4320/448
f 1607/1684/1514 1089/1550/1393 1088/1549/1392
f 4486/4757/3952 3807/5764/3815 1614/8017/2095
f 4297/6674/4840 2528/3729/3236 1132/8018/1446
f 4904/8009/4128 3588/5392/4318 2117/5928/2744
f 1086/1547/1390 2151/3034/2683 2074/3036/2685
f 1784/2604/2311 1783/2603/2310 4329/6745/4854
f 424/601/482 4886/8019/2409 3398/602/483
f 3565/5359/4296 3970/7470/4329 2020/2966/2623
f 468/8020/544 4253/6597/2811 3837/5812/4450
f 1956/2862/2536 1872/2742/2428 1363/1981/1775
f 2637/7926/3361 4848/7928/1055 4936/5197/4205
f 178/239/192 3916/5948/4586 2836/4198/3588
f 4032/6520/4666 2704/3981/3433 2703/3980/3432
f 4044/6161/4678 4598/7314/1101 3797/5751/4323
f 4350/8021/3211 3416/5128/1844 3037/4517/3799
f 3724/5630/906 2933/5057/3689 2932/8011/3688
f 2986/6043/3746 3102/4614/3863 2199/3233/2843
f 599/855/733 2770/4085/3514 1926/2817/2494
f 1486/7064/1927 4477/7063/4910 3881/5887/1940
f 2264/3329/2921 2289/7556/2954 2265/3330/2922
f 1258/2500/1630 1714/2502/2216 843/1199/1061
f 1573/2293/2045 4595/7306/4950 347/498/381
f 3384/5075/4134 3567/5362/4298 3396/5094/4146
f 825/1169/1031 4300/1587/1426 1116/1586/1425
f 2656/3919/3382 993/1421/1271 866/3920/1092
f 1581/2305/2054 2714/2307/2056 4367/8022/2880
f 2699/3976/3429 526/754/634 1123/1597/1435
f 3776/7622/2231 4461/7036/4905 3958/5478/4363
f 3735/2042/1826 534/2711/644 1403/2043/1827
f 3501/5263/4242 4887/8023/4886 3502/5264/4243
f 1833/2676/2375 2888/4287/3643 1063/1516/1360
f 3421/5138/4177 3736/5654/4438 4834/5139/4178
f 1349/1962/1759 1348/1961/1758 2339/5671/3013
f 2363/6994/3044 3016/4487/3775 3346/4999/4096
f 1554/2266/2019 2930/2268/2021 3168/4711/3614
f 4234/6551/4798 1332/1941/1742 787/1115/980
f 4163/6404/1334 4170/5002/4098 4134/6332/4737
f 2223/3267/2867 3448/5184/4200 3005/4472/3762
f 2921/4340/1607 4909/6230/4695 1488/2166/1931
f 3501/5263/4242 3252/8024/4014 4887/8023/4886
f 3480/5229/1699 3479/5228/4224 4671/538/419
f 4331/6749/4741 4741/6666/4835 769/1094/959
f 1875/2749/2434 4524/2751/2436 2361/3477/3039
f 3869/4786/3969 4537/7180/1645 4372/6836/4876
f 3719/6155/4419 4888/8025/4420 2109/3096/2735
f 4769/7715/4975 3719/6155/4419 2109/3096/2735
f 2205/3243/2851 4688/7519/4968 4165/4464/3756
f 387/548/429 4828/7872/3988 388/549/430
f 2707/3984/2387 351/2680/385 1834/2679/2378
f 2919/1817/1631 2683/6119/3413 1259/1818/1632
f 521/746/626 4069/6207/4691 964/1380/1230
f 4125/6310/4729 1030/6309/1314 2072/3033/2682
f 420/594/475 4125/6310/4729 2072/3033/2682
f 3385/5077/4135 3188/7448/3943 4880/7998/3942
f 1580/5029/2053 693/987/857 2320/3414/2990
f 3555/2406/2139 3391/8026/4141 4889/8027/431
f 2118/3112/2746 3591/5395/4321 2303/3386/2970
f 3122/5507/3882 470/667/548 4398/6901/3502
f 1971/2884/2312 1970/2883/2554 4890/8028/2955
f 1803/718/598 502/717/597 4380/6858/4882
f 4140/5251/4235 4891/8029/4743 4931/3557/3104
f 1926/2817/2494 1597/4086/2072 4664/7455/2558
f 1517/2219/1972 841/1197/1059 699/995/865
f 1528/2232/1985 1984/8030/2577 1529/2233/1986
f 555/797/676 4434/8031/3873 4793/7783/4572
f 329/801/359 1170/1672/1502 300/436/336
f 389/552/433 1898/2785/2465 390/553/434
f 4440/7829/3292 4434/4627/3873 3544/4629/3875
f 1693/6483/2189 4199/6482/2140 3611/8032/3733
f 2528/3729/3236 4283/6656/4830 1132/8018/1446
f 2402/4639/3093 4168/6395/4754 2769/8033/3513
f 2609/3854/2080 2469/3636/3168 3503/5265/4244
f 4892/8034/2081 2609/3854/2080 3503/5265/4244
f 2782/4101/3527 2388/3517/3073 2032/2983/2637
f 2696/4819/3426 3228/2482/2202 2697/8035/3427
f 4103/6262/4714 3985/6052/4637 2946/4382/3704
f 3697/5581/4404 1399/2036/1820 1398/2035/1819
f 2148/3158/2780 4138/6339/4740 768/6338/958
f 2191/8036/2831 3075/4575/2830 3074/4574/2897
f 3161/4699/3913 2116/3109/2743 3162/4700/3914
f 1168/8013/1498 4624/8016/2462 920/1317/1172
f 3796/5749/4488 3624/5451/4348 1758/2565/2275
f 827/5223/1038 2037/5235/2644 3475/5224/4222
f 2665/3455/3023 3589/5393/4319 4944/6545/4776
f 801/8037/997 4762/7703/4875 4893/8038/3461
f 2743/4039/3476 3991/6060/3239 590/841/719
f 735/1047/915 734/1046/914 2280/3349/2938
f 2820/4170/3566 3506/5269/4247 4203/6496/4784
f 4189/6460/742 1691/2466/2187 4894/8039/743
f 4322/6725/4850 4146/6533/4747 1079/1537/1381
f 2572/4997/3293 550/791/670 4095/6252/4708
f 4237/6556/1874 3333/4034/3474 3334/8040/1327
f 67/144/76 190/1372/208 105/7497/111
f 587/838/716 386/547/428 3756/5516/4382
f 1937/4380/2513 2792/4125/3536 3101/4613/3862
f 2420/5584/3114 1865/2731/2419 3351/5011/4103
f 3176/4723/3926 4900/2620/2326 1794/2619/2325
f 3353/5013/4104 2926/4347/3684 2925/4346/601
f 1170/8041/1502 3922/5954/4590 2815/4160/3558
f 3535/5311/4269 610/871/747 2600/3842/3322
f 4133/6331/4736 999/6330/1279 2523/6373/3230
f 997/1428/1278 998/1430/484 3692/4706/3919
f 2934/4358/3690 598/854/732 796/4359/991
f 4179/6968/4766 2574/3808/3296 1588/6289/2063
f 1008/1440/1288 4316/4790/3973 147/199/159
f 4010/6094/4652 4634/7387/4959 3953/5997/4613
f 4895/8042/2389 4021/6115/4657 2832/4192/3582
f 2187/3216/2826 2387/3516/3072 1581/2305/2054
f 1185/1696/1523 1845/2693/2390 1186/1697/1524
f 4246/6584/3961 4147/6365/2334 4247/6585/4808
f 2872/4260/3626 4632/5137/4176 2229/4261/2873
f 1521/2224/1977 1520/2223/1976 3512/5275/4251
f 2059/3013/2666 2060/3014/2667 1239/6454/1594
f 3872/8043/4548 4724/8044/3053 2371/7315/3052
f 4294/6826/4838 3872/8043/4548 2371/7315/3052
f 4764/7138/4926 406/570/451 405/569/450
f 4756/5347/4287 1706/4311/2206 3557/5348/4288
f 2827/4183/3574 1781/2600/2308 4468/7051/4908
f 3150/4678/3905 1298/1889/1696 1297/1888/1695
f 1865/2731/2419 4896/8045/458 411/2732/460
f 3386/5078/1936 3385/5077/4135 4185/8046/4123
f 4320/6722/2508 4897/8047/1803 4747/2724/2414
f 3251/4854/4013 2092/3065/2710 774/1099/964
f 4640/3532/3086 1540/6755/2004 4898/8048/4733
f 325/470/356 303/440/340 322/467/353
f 3265/4875/4025 2372/3495/1197 1981/2905/2573
f 234/330/236 236/332/270 268/3072/301
f 3781/8049/4477 4352/6787/4864 3782/7342/4478
f 4152/3421/2995 2870/4257/3623 1235/1772/1588
f 660/938/811 4797/7791/4977 2524/3724/3231
f 4190/6461/4773 2217/3258/2860 3041/4522/3804
f 2523/6373/3230 4899/8050/3209 3070/4567/3832
f 2523/6373/3230 3070/4567/3832 2727/4015/3458
f 3295/4918/4054 2619/3868/3342 2713/3995/3443
f 1951/2857/2531 3853/5837/4532 4706/5836/3305
f 707/1009/879 706/1008/878 4844/4871/4022
f 1299/1891/1698 3932/5969/4599 686/978/849
f 3958/5478/4363 4462/7037/4906 3643/5479/4364
f 4375/6841/4878 3072/4572/3837 3406/5108/4157
f 1457/2115/1895 2193/3225/2835 4954/5109/4158
f 1525/2228/1981 3521/5285/4256 1526/2229/1982
f 2489/3666/1352 369/523/406 3736/5882/4438
f 849/1208/1070 2535/3746/3246 2536/3747/3247
f 4425/8051/3647 4697/6589/4809 4631/7854/4958
f 1236/1773/1589 1889/2769/2451 1234/1771/1587
f 3732/5647/4435 3194/4755/3951 511/731/611
f 277/391/304 270/359/288 245/344/279
f 3137/4659/3896 928/5004/1180 2830/7721/3579
f 4844/4871/4022 3697/5581/4404 1398/2035/1819
f 4582/5640/4429 4653/7421/3868 3729/5641/4430
f 1218/1745/1563 1220/1747/1565 1381/2008/1798
f 759/1081/946 3836/2767/2449 1056/3046/1348
f 2708/5851/3436 1099/1562/1405 368/522/405
f 488/6897/573 2494/6164/3197 4377/6853/4880
f 2667/3937/3394 3525/6922/4258 2504/3685/3204
f 3098/4608/3860 3078/6017/3839 2220/6016/2864
f 2070/3030/2679 2321/3032/2681 4311/6705/2993
f 2196/3229/2839 845/1203/1065 2195/3227/2837
f 4691/5132/4172 2758/6678/3497 4528/7155/4068
f 4208/6504/3405 2486/3662/3187 4577/5302/4264
f 4251/6591/4811 2017/2962/2621 2018/2964/1478
f 4882/8001/2760 593/845/723 4231/6546/3033
f 4882/8052/2760 4231/3468/3033 1776/3467/2301
f 951/1361/1212 1633/2381/2118 757/1079/944
f 3805/5762/4494 1776/2592/2301 4637/1288/1145
f 3792/5743/4485 1966/2879/2550 4153/3048/2695
f 902/1289/1146 4637/1288/1145 1006/1438/1286
f 2372/3495/1197 2451/3613/3149 4306/4439/3740
f 1447/7331/1884 2636/3890/3360 2366/3488/3048
f 3692/5572/3919 998/1691/484 2709/3988/3437
f 1180/1377/1227 961/1376/1226 1181/7302/1518
f 2870/4257/3623 4152/3421/2995 865/8002/1091
f 4557/7223/4938 4569/4479/3768 4195/6478/4780
f 705/1004/874 4905/1006/876 2676/3947/3403
f 538/6650/649 345/495/378 3748/5680/2632
f 2918/6599/3677 2683/3957/3413 2919/8053/1631
f 4635/2822/2499 2997/4463/3755 2996/4462/3754
f 1617/1214/1076 3327/4975/4083 2385/3514/3070
f 4900/8054/2326 540/773/652 4201/772/651
f 3397/7942/4148 3860/1509/1353 4943/8055/4149
f 528/756/636 529/758/455 2276/6444/2933
f 3732/5647/4435 4947/7730/2029 3194/4755/3951
f 2374/3498/3056 2200/3235/2845 2201/3236/2846
f 3809/5766/4496 3725/5631/4426 3724/5630/906
f 287/408/316 3976/3758/3256 286/406/315
f 2694/3971/3424 1633/2381/2118 951/1361/1212
f 4631/7377/4958 806/8056/1006 3492/5248/4233
f 3688/5565/2698 1872/2742/2428 4347/7640/2699
f 1533/4350/1991 2242/4349/2890 2887/4286/2891
f 3154/4690/3381 2653/8057/3380 4301/6688/4842
f 529/574/455 1826/573/454 4269/6630/4822
f 840/5719/1058 2258/3317/2912 2898/5006/3659
f 546/782/661 394/557/438 396/559/440
f 1101/1564/1407 1443/2099/1879 4554/5880/4551
f 1191/1704/1529 1781/2600/2308 2826/4182/3573
f 3556/3462/3029 2293/3373/2960 2295/3375/2591
f 170/230/185 3916/5948/4586 173/233/186
f 3793/5744/4486 2333/3433/3005 809/1148/1011
f 2789/4120/3026 3550/5331/3025 1019/1454/1300
f 3607/5428/3591 4921/4432/3734 2977/4434/3736
f 916/1312/1167 3896/1314/1169 2362/3481/3042
f 1164/1663/1493 916/1312/1167 2362/3481/3042
f 806/8056/1006 3620/5445/1008 3619/5444/4344
f 4207/6502/4786 2680/3953/3409 4715/7591/3924
f 3712/5606/4415 3001/4468/3758 4063/4944/4069
f 965/3108/1231 4261/6614/4692 2116/3109/2743
f 3177/4724/3927 3176/4723/3926 4174/5242/4229
f 2178/3203/1846 3900/5920/4573 3640/5473/3783
f 4185/8046/4123 613/875/751 3375/2237/1990
f 4139/6696/4742 2539/3751/3251 2432/3585/3127
f 1120/1594/1432 2274/3342/2931 4269/6630/4822
f 3955/6000/4615 1327/1935/1736 3815/5773/4501
f 2527/3727/3234 694/988/858 2143/5030/2772
f 572/819/697 2807/3616/3152 2453/3615/3151
f 1102/1565/1408 1104/1567/1410 1653/2409/2142
f 3815/5773/4501 1327/1935/1736 3264/4874/4024
f 3604/5423/4332 2631/3884/3356 2482/3658/3183
f 2712/3993/3441 2713/3995/3443 3339/4989/4091
f 4089/6241/4704 4733/7632/4972 4087/6239/4703
f 4656/2071/1853 967/1383/1233 1423/2072/1854
f 4596/2432/2159 3668/6833/4388 4371/6831/4873
f 2542/1736/1555 4489/7087/552 473/8058/551
f 3625/5452/4349 3372/5053/4120 3788/5737/4482
f 860/895/770 3127/4647/3887 861/6871/1085
f 3116/7669/3878 3789/5738/4483 4373/6837/2279
f 2380/3504/3062 2443/3599/3139 4188/6458/4771
f 4182/6436/3319 3067/4563/3831 1962/4562/2541
f 1778/2595/2304 1777/2594/2303 2957/4399/3714
f 3251/4854/4013 3926/3066/2711 2092/3065/2710
f 4768/7712/4849 1666/2433/2160 479/681/562
f 4237/6556/1874 3334/8040/1327 3545/6432/1326
f 543/777/656 4379/779/658 2560/3786/3279
f 543/777/656 2560/3786/3279 1931/2826/2503
f 1700/2479/2200 634/904/779 4699/6769/4862
f 4114/694/575 4780/7745/2433 4077/8059/2951
f 640/5319/786 2618/3866/3340 2624/3865/3339
f 4974/2949/2608 2008/2951/2610 3575/5377/4308
f 1589/2316/2064 1588/2315/2063 4061/6191/1968
f 2066/3022/2674 4158/3716/3223 2344/5526/3018
f 3225/1879/1687 2519/3718/3225 716/1024/893
f 4623/7363/3772 4901/8060/3771 1422/2070/1852
f 4623/7363/3772 1422/2070/1852 1655/2413/2146
f 3154/4690/3381 4301/6688/4842 649/924/797
f 1300/1893/1700 546/782/661 364/518/401
f 3476/5225/1039 3475/5224/4222 4535/8061/3496
f 2802/4138/750 612/5312/749 2710/3990/3439
f 4708/7574/4665 4902/8062/2475 4761/5620/4422
f 2789/3458/3026 2087/5338/2704 2348/3456/3024
f 821/1165/1027 2962/4409/3720 3593/4408/3719
f 2899/4308/3660 1955/2861/2535 2964/4411/3722
f 1647/6215/2132 425/604/485 1648/6914/2133
f 2004/2944/848 1193/1707/1531 1195/1709/1533
f 3666/5527/3102 3497/5255/4239 3431/5156/4188
f 4670/7472/4966 3632/7816/2049 3978/6040/3710
f 4903/7866/4978 4363/6805/4868 3614/5710/4339
f 4918/5022/4107 4903/8063/4978 3614/5437/4339
f 1748/2554/2265 3783/5729/4479 897/1282/1139
f 582/832/710 3456/7868/4204 520/745/625
f 4107/6269/1302 3894/5907/4566 1193/1707/1531
f 4010/6094/4652 3531/5304/4265 3533/5306/2003
f 4590/891/766 1198/6400/1537 2809/892/767
f 4215/6148/4670 4206/6934/2250 2735/7247/3467
f 3318/4960/3825 4705/7272/4946 3319/4961/554
f 3278/252/202 1421/2069/1610 1676/7976/2109
f 477/4239/558 4265/6619/4818 2859/4237/3612
f 515/739/619 516/741/621 4506/6854/4881
f 3028/4507/3792 2999/4466/3738 4549/7201/4934
f 1166/1666/1496 3323/4967/4080 1456/2114/1894
f 2797/5732/3543 2798/2088/1869 3730/5643/4432
f 1614/2354/2095 3050/4536/3816 4160/6396/4755
f 1290/6223/1686 4079/6225/4693 1734/6966/2247
f 4296/6672/4839 682/973/844 1928/2821/2498
f 1407/2048/1832 4026/3695/3210 4345/6774/1470
f 4831/7161/4930 499/6562/592 4238/6564/3123
f 414/586/467 3957/588/469 377/536/417
f 2518/3717/3224 3585/1987/1779 3336/6989/4089
f 2075/3039/2687 3500/5261/2555 2076/3040/2688
f 3021/4499/3784 3877/5879/4550 1628/2373/2110
f 1612/2351/2092 1611/2350/2091 1857/8064/2403
f 4904/8065/4128 1605/1683/1513 1546/2258/2011
f 4322/6725/4850 1079/1537/1381 1081/1539/1383
f 2208/3247/2853 1789/2610/2317 2128/3130/2759
f 1919/2810/2487 1515/2217/1970 701/997/867
f 1997/2935/2595 3299/4924/4058 4035/7568/4669
f 1372/1995/1785 1578/2002/1792 771/1096/961
f 826/1170/1032 2180/6165/2818 2470/3637/1929
f 2908/4323/3671 1070/1525/1369 2397/5633/3088
f 3690/5568/4402 4115/7941/4723 4597/5344/4286
f 2322/4163/2994 863/1230/1089 865/1232/1091
f 1054/1502/1346 2311/3400/2979 4112/6278/4722
f 377/536/417 1397/2034/1818 414/586/467
f 4310/2125/1903 4708/7574/4665 4761/5620/4422
f 4074/6213/3067 4513/7123/3608 1739/2542/2253
f 1912/2801/2479 1914/2803/2481 2747/4046/3481
f 2378/3502/3060 2559/3785/3278 3277/4894/4038
f 388/549/430 1138/1620/1456 1137/1619/1455
f 1942/2846/2521 443/629/510 2506/3690/3207
f 1899/2786/2466 4332/6750/4855 3367/5043/4115
f 3357/5021/4106 2518/3717/3224 2065/3021/2673
f 3535/5311/4269 2599/3841/3321 2310/3399/2978
f 2296/4092/2961 1636/2385/2121 1007/2384/1287
f 4905/8066/876 2914/4329/3675 2913/4328/1116
f 4751/7667/4935 4906/8067/827 672/1901/829
f 3144/3757/3255 384/544/425 4666/5523/4385
f 498/709/589 4613/1370/1221 2384/3513/3069
f 501/8068/594 2444/7655/3141 4014/7654/4653
f 4179/6968/4766 4443/7001/4900 2574/3808/3296
f 4352/6787/4864 3781/8049/4477 4000/6644/4646
f 4301/6688/4842 2653/8057/3380 530/759/638
f 143/194/154 3301/4928/4032 2425/195/155
f 3425/8069/4182 1990/2924/2586 4674/8070/4890
f 4130/6325/4734 2491/3669/3191 361/514/397
f 2553/3777/3270 4802/7799/1690 2554/3778/3271
f 3191/4752/1556 3415/5127/1679 3192/4753/3949
f 2594/3834/3314 817/1159/1022 4907/8071/1835
f 3563/5355/4293 3245/4846/4007 2770/8072/3514
f 2062/4564/2668 1226/7760/1577 4002/8073/4648
f 1967/2880/2551 1241/1781/1597 1240/1780/1596
f 1000/1432/1280 2383/3512/3068 2384/3513/3069
f 3575/5377/4308 2681/3954/3410 4443/7001/4900
f 1625/2368/2106 718/1026/895 3324/4969/4081
f 700/996/866 2465/7789/3165 2398/5356/3089
f 2290/8074/2956 792/1121/986 791/1120/985
f 3725/5631/4426 1756/2562/2272 2933/5057/3689
f 4839/7903/1512 651/926/799 3841/5817/1789
f 4731/2493/2210 4733/8075/4972 4058/5314/4261
f 3473/7544/4221 1157/1654/1484 1168/1668/1498
f 121/162/127 2694/3971/3424 116/157/122
f 1103/1566/1409 3935/5972/4600 2022/2971/2626
f 3773/5718/4470 4150/6374/4750 1835/5823/2379
f 4675/7487/4447 3700/5587/4407 4796/7788/4618
f 1927/2818/2495 4727/2819/2496 3958/6008/4363
f 903/1291/1148 905/1293/1149 3108/4623/3870
f 2267/3332/2923 903/1291/1148 3108/4623/3870
f 133/174/139 892/1273/1130 1293/1884/142
f 2437/3590/3130 3389/5082/4139 1644/2394/2130
f 3861/5855/4537 4257/6673/4814 2165/3178/2797
f 4799/6594/3327 891/1272/1129 4862/2483/2203
f 1193/1707/1531 3894/5907/4566 1194/1708/1532
f 1936/2836/2512 2793/7424/3537 1937/2837/2513
f 4251/6591/4811 4196/6479/4781 2017/2962/2621
f 3958/6008/4363 3644/4721/3925 1404/2044/1828
f 3487/5239/1304 1020/7990/1303 3488/5240/4228
f 689/981/852 3945/5985/4608 4104/6547/4716
f 1114/1584/1423 2746/4043/3478 4092/6248/4707
f 4649/7411/2027 2883/4280/3638 3159/8076/3683
f 4341/6766/4860 3794/7699/2195 4908/8077/2194
f 4898/6324/4733 2888/4287/3643 4641/7398/4764
f 2664/3932/3392 2995/4461/3753 1881/2757/2441
f 2983/4443/3743 1025/7750/1310 2773/4090/3518
f 1426/2076/1857 3217/4798/3489 1427/2077/1858
f 3846/5824/4525 2939/4367/3696 2938/4366/3695
f 1330/1939/1740 3200/737/617 2389/7226/3074
f 4642/7400/3273 3998/3323/2917 3700/5587/4407
f 3637/5470/4358 3126/4646/3886 3348/5008/4101
f 727/1037/905 1262/1821/1635 3539/5320/4272
f 1121/1595/1433 4025/6125/4659 1122/1596/1434
f 1851/1651/1481 1155/1652/1482 1852/7495/2398
f 2493/3674/3196 1489/2167/1932 4030/6133/4663
f 4146/6533/4747 2744/4040/3477 1079/1537/1381
f 1186/1697/1524 3316/4957/4076 2838/4200/3590
f 4476/1278/1135 4072/6211/3606 2904/4315/3665
f 4191/6464/4774 2513/3705/3218 1383/2010/1800
f 4064/6198/4686 3865/5864/4543 1811/2639/2343
f 3363/3369/2957 1598/2328/2073 744/1060/927
f 614/876/752 610/871/747 3535/5311/4269
f 1742/2548/2259 1744/2550/2261 1432/2082/1863
f 4165/4464/3756 2997/4463/3755 2625/3876/3349
f 764/1086/951 2921/1791/1607 4758/6611/4815
f 1344/1956/1754 3924/5956/4558 1396/2031/1816
f 3564/5357/4294 3565/5359/4296 2019/2965/2622
f 2544/3762/3259 3002/5486/3759 2545/3763/3260
f 4068/2612/2319 1790/2614/2321 2626/3877/3350
f 2036/8078/2641 4656/7430/1853 4562/1335/1189
f 115/156/121 2855/4227/3607 4513/4229/3608
f 3682/5556/2546 4864/7554/727 4909/8079/4695
f 4664/2888/2558 1144/1626/1462 4016/7297/4655
f 1634/2382/2119 3801/5758/4490 3800/5757/2947
f 4138/6339/4740 4725/8080/4971 4331/6340/4741
f 3760/5698/4458 1586/2313/2061 2833/7716/3583
f 3195/3989/3438 2692/3969/3422 4467/6321/4731
f 3598/5405/4325 1272/1840/1653 3766/5406/4326
f 3119/3779/3272 4312/1415/1265 2553/3777/3270
f 1606/8081/2087 3444/2872/2544 1607/2020/1514
f 2794/4127/3538 3622/5448/4346 1820/2656/2358
f 1833/2676/2375 1063/1516/1360 1062/1515/1359
f 4848/7928/1055 4756/7682/4287 4936/5197/4205
f 3314/4954/3963 3207/1340/1193 704/1339/873
f 3860/1509/1353 710/8082/884 4943/8055/4149
f 3870/2021/1808 3988/6057/4640 1089/2019/1393
f 2524/3724/3231 4797/7791/4977 3563/6637/4293
f 4297/6674/4840 1132/8018/1446 3890/5900/4563
f 693/987/857 4579/7278/4947 2320/3414/2990
f 4583/5112/4159 1790/2614/2321 2382/2613/2320
f 2355/3471/3034 2905/4317/3667 4427/6970/3692
f 4514/3948/3404 3827/5788/4509 1666/8083/2160
f 1312/1914/1718 3881/5887/1940 4477/7063/4910
f 4511/7120/4922 3233/4828/3996 4394/6046/4634
f 2538/3749/3249 4725/8080/4971 4138/6339/4740
f 4285/6658/4555 4720/7607/4664 737/8084/917
f 2958/4401/3716 1278/1853/1663 978/1852/1254
f 3752/1669/1499 4102/6261/3041 2561/3787/3280
f 4432/6979/4888 4433/6981/4898 4807/7807/1614
f 2917/6822/3676 4442/7000/3221 1203/1721/1543
f 4212/6508/4789 2771/4087/3515 900/1286/1143
f 1905/2793/2471 4487/7082/4914 554/796/675
f 4732/7631/2211 4087/6239/4703 4733/7632/4972
f 2995/4461/3753 1879/2755/2440 1881/2757/2441
f 2621/3872/3346 3667/3871/3345 3531/5304/4265
f 3890/5900/4563 1132/8018/1446 1133/5901/1448
f 3306/4939/4067 3204/4775/3959 4008/6090/4651
f 502/717/597 1635/6739/2120 4380/6858/4882
f 3301/4884/4032 3271/4883/4031 1176/1681/1511
f 2942/4376/2950 4114/694/575 4077/8059/2951
f 1465/6684/1906 2587/3825/3309 449/637/518
f 1027/8085/1311 3440/7987/2557 4251/6591/4811
f 1027/8085/1311 4251/6591/4811 2018/2964/1478
f 4703/5358/4295 3564/5357/4294 1485/3080/1926
f 247/346/244 212/8086/243 4754/8087/3658
f 3025/4503/3788 1774/2590/2299 3909/5936/4582
f 2353/3469/2302 4484/7077/3136 2774/4091/3519
f 3969/6026/4624 519/744/624 3878/5884/4552
f 1131/1608/1445 3785/5731/4480 2125/3121/2751
f 2176/3201/2815 1964/1805/1620 1540/6755/2004
f 4096/6254/4709 4288/6662/4834 2306/3391/2973
f 4650/3509/3065 3946/5987/4610 1838/2684/2382
f 4910/8088/2099 715/7704/892 4762/7703/4875
f 3215/4795/3976 107/148/113 109/150/115
f 527/755/635 1464/2127/1905 786/1113/978
f 527/755/635 786/1113/978 4048/1112/977
f 1996/2933/2593 4838/7902/1412 858/3105/1080
f 4162/6402/4757 4717/953/826 670/952/825
f 195/272/218 194/271/217 637/909/784
f 3365/7856/4113 4911/8089/4769 4318/1189/1051
f 3825/5784/4466 4440/6997/3292 1501/2193/1954
f 4440/6997/3292 1499/2191/1952 1501/2193/1954
f 3155/7671/3910 4839/1682/1512 1176/1681/1511
f 4611/6424/4763 4912/8090/691 4698/7546/3485
f 4477/7063/4910 2001/2941/2601 1312/1914/1718
f 4474/2156/1082 1483/2155/1924 2526/8091/3233
f 3491/5245/4231 4956/5947/3715 4810/6299/4726
f 1601/2338/2082 1638/6796/2123 484/7678/567
f 3980/6045/4633 1437/2087/1868 3453/5190/4203
f 3301/4884/4032 1176/1681/1511 2425/3574/155
f 3584/5388/4316 4425/6965/3647 4631/8092/4958
f 2531/3734/3241 3835/5809/4518 4033/6144/4667
f 4503/7106/4920 4800/3377/2962 703/1002/872
f 4389/6877/4885 790/1119/984 4510/7119/4921
f 2716/3998/3445 4244/7991/4806 1216/784/663
f 2858/4235/3611 467/662/543 466/661/542
f 4248/6587/1036 3132/4652/3892 3691/7514/4403
f 1832/6071/2374 4284/8093/4831 809/1148/1011
f 1171/1673/1503 4449/7012/4902 1172/1674/1504
f 3350/5010/4102 638/6711/785 3743/5664/3334
f 3693/3626/3159 2459/3625/3158 4271/6635/2713
f 4933/3406/2983 4111/6277/2522 3943/5982/4606
f 1319/1921/1725 193/1923/214 4678/261/207
f 3553/6560/4283 1852/7495/2398 3839/5815/4519
f 496/705/586 1432/2082/1863 1431/2081/1862
f 1718/2510/2223 4064/6198/4686 1719/2511/2224
f 2129/1975/1771 1358/1974/1770 4090/8094/4705
f 4403/5502/4376 3656/5501/4328 3826/8095/4508
f 2672/3943/3400 4619/7352/4954 1442/2098/1878
f 4869/4886/4034 3272/4885/4033 1384/7482/1801
f 2261/3321/2916 4482/7934/4912 3653/6988/507
f 2295/2930/2591 3257/4865/4019 1993/2928/2589
f 4600/7317/1782 4910/2360/2099 1619/2359/2098
f 1346/4675/1756 1221/1749/1567 4881/1751/1569
f 2842/4207/3595 1427/2077/1858 1708/2495/2212
f 1373/3893/1786 501/714/594 500/713/593
f 3657/5503/4377 4792/1318/1173 1281/1857/1667
f 3634/5465/4173 1255/1811/1626 3198/5165/3955
f 4756/5347/4287 4370/6830/4310 1706/4311/2206
f 3864/5859/4009 1355/1969/1766 3243/3764/3261
f 1233/1770/1586 1082/8096/1385 1100/2122/1406
f 3811/5768/4498 4198/6481/4782 1178/1686/1516
f 2150/3161/2782 2028/2977/2631 3511/5274/4250
f 2587/3825/3309 450/638/519 449/637/518
f 1043/1488/1332 1953/2859/2533 1925/2816/2493
f 524/749/629 1642/2392/2128 3651/5492/4370
f 4913/8097/1685 4833/7891/352 971/1391/1241
f 2375/3499/3057 4051/1874/1683 1289/1876/1684
f 3224/4810/3984 506/724/604 1205/1724/1545
f 157/6815/171 158/213/170 3156/212/172
f 3239/4834/4001 3986/6053/4638 4196/6479/4781
f 2683/3957/3413 2682/3956/3412 538/770/649
f 1109/1576/1417 4651/7417/3375 3359/5024/4109
f 1255/2484/1626 4862/2483/2203 890/1271/1128
f 1711/2498/2214 4914/8098/4593 393/5249/437
f 3487/1458/1304 863/1230/1089 2817/4162/3560
f 3159/8076/3683 2883/4280/3638 2130/5368/2761
f 2611/3856/3331 3744/5670/4443 2612/3857/3332
f 3592/5396/4322 1521/6681/1977 4949/5176/4196
f 3570/3157/2779 4138/6339/4740 2148/3158/2780
f 1714/2502/2216 1713/2501/1629 4376/6847/2165
f 2640/6873/3364 3937/5974/4601 2100/3082/2723
f 879/1255/1113 880/1257/1115 3403/5104/4154
f 1654/5256/2143 1332/1941/1742 3629/5457/2144
f 658/935/808 2788/937/810 1911/2800/2478
f 4068/2612/2319 4360/5642/4431 4361/8099/2600
f 2755/6375/3493 2138/3142/2767 4425/4293/3647
f 2133/3136/2762 3723/5625/4424 2646/3904/3371
f 2993/4458/3751 4202/6494/4783 4662/7445/4965
f 3215/4795/3976 4915/8100/3384 107/148/113
f 506/724/604 3065/723/603 3066/1722/1544
f 13/16/14 2502/3683/446 34/40/37
f 4916/8101/4580 4650/3509/3065 1943/2848/2523
f 899/1284/1141 898/1283/1140 4770/7718/1025
f 680/966/838 2076/3040/2688 1026/967/839
f 1351/7414/1761 1530/2234/1987 3446/5181/4198
f 3771/7668/4469 2700/3977/3430 3254/2180/1941
f 571/818/696 2/3/3 1622/2363/2102
f 3968/6025/4623 2862/4244/3616 3969/6026/4624
f 3722/5619/4421 2041/2995/2649 1011/1444/1292
f 769/7896/959 4614/7338/1222 767/7337/957
f 652/927/800 1148/1632/1468 653/928/801
f 2690/4210/3420 4660/8102/4874 3633/7505/4356
f 3011/5707/3767 4296/6672/4839 4927/8103/3901
f 1031/1472/1317 1033/1474/1319 1336/1946/1746
f 4706/7565/3305 4711/6531/4794 4917/8104/1429
f 2937/4365/3694 4629/7246/4943 4935/7700/4925
f 4048/6171/977 4093/6249/979 4567/7245/4942
f 3279/4900/4039 4380/6858/4882 1635/6739/2120
f 1803/718/598 4380/6858/4882 431/610/491
f 1773/7033/2298 4779/7744/2362 3810/5767/4497
f 1732/2532/2244 1640/2390/2126 1733/2533/2245
f 2496/3677/3199 919/1316/1171 1876/2752/2437
f 4451/6378/4752 2246/3301/2898 4012/6097/464
f 3083/4584/3844 3082/4583/3843 3205/8105/3960
f 2493/3674/3196 4030/6133/4663 2180/3206/2818
f 2193/3225/2835 2878/7065/3634 3111/7835/3872
f 3055/6334/3820 2967/4415/3725 4655/7427/4962
f 4357/8106/4866 3979/2033/1817 3669/1366/1217
f 1625/2368/2106 2244/2367/2105 719/1027/896
f 4369/6823/4872 3880/5886/4554 4018/6110/4027
f 1397/2034/1818 3862/5857/4539 414/586/467
f 1370/5552/1783 2361/3477/3039 1371/4176/1784
f 2931/4354/3686 1002/1434/1282 1004/1436/1284
f 4638/506/389 1772/2588/2297 347/498/381
f 3832/5803/4515 2529/6801/3237 4278/6648/4829
f 3659/1302/1157 1793/2512/2225 1262/1821/1635
f 3083/4584/3844 3205/8105/3960 2107/6825/2734
f 3819/4187/3578 2554/3778/3271 4802/7799/1690
f 1499/2191/1952 1065/1519/1363 974/1395/1245
f 1691/2719/2187 2457/6958/3156 1860/2720/2411
f 4836/1336/1190 876/5592/1107 935/1337/1191
f 4926/7266/4945 1545/6271/2010 1356/1970/1767
f 3694/5578/3263 3787/3353/2942 2282/3352/2941
f 3303/4934/4064 4508/2939/2599 2984/4973/3744
f 592/844/722 718/1026/895 720/1028/897
f 429/608/489 2950/4387/3709 3172/4386/3708
f 1909/2798/2476 4342/6767/4861 4109/6273/4720
f 1119/1593/1431 1869/2739/2425 1442/2098/1878
f 520/745/625 4267/7869/4819 341/490/373
f 713/1018/887 4241/1020/889 4240/1823/1637
f 4562/1335/1189 3276/8107/1236 2036/8078/2641
f 3803/5760/4492 4903/7866/4978 4918/8108/4107
f 3452/5070/4129 4978/5144/1277 845/1203/1065
f 3848/5826/4527 4164/5827/4528 1950/2855/2529
f 1380/2007/1797 3829/5798/466 3897/5912/4569
f 4029/7179/4662 3486/5238/4227 4372/6836/4876
f 193/268/214 4312/1415/1265 3119/3779/3272
f 1640/2390/2126 421/597/478 2947/4383/3705
f 1230/1764/1582 2748/4047/3482 4464/4788/3971
f 2612/3857/3332 1348/1961/1758 1347/1960/1757
f 4424/6964/2763 3606/5427/2286 830/1180/1042
f 4519/1809/1624 4455/7023/4904 4124/5806/4517
f 4256/6604/4813 476/676/557 3449/5185/4201
f 862/1227/1086 1627/2370/2108 2676/3947/3403
f 3177/4724/3927 4174/5242/4229 4175/8109/4765
f 1005/1437/1285 1007/1439/1287 1637/3773/2122
f 3260/4868/3697 3691/7514/4403 3132/4652/3892
f 4505/7111/3954 2968/4416/3726 4626/7366/4955
f 3241/8110/4003 4919/8111/4936 4920/8112/4004
f 1501/2193/1954 1500/2192/1953 3780/5726/4476
f 4364/6806/4869 1747/2553/2264 3146/4671/3904
f 999/1431/1279 3328/4506/3791 1000/1432/1280
f 3417/5129/4169 2447/3607/3144 4421/6960/4715
f 3507/5270/4248 2169/3189/2805 1888/2768/2450
f 1601/2338/2082 483/7677/566 1004/1436/1284
f 3683/5557/4398 3043/4526/3808 3048/4532/3813
f 3683/5557/4398 3048/4532/3813 4430/6975/4896
f 446/633/514 445/632/513 1302/1895/1702
f 4311/3419/2993 4868/3418/2992 3715/5462/4355
f 4651/3908/3375 3692/4706/3919 1571/3909/2042
f 4807/8113/1614 4571/1184/1046 3210/4785/3968
f 3477/1398/1248 1448/2105/1885 975/1396/1246
f 1859/2716/2408 2257/3315/2910 4886/2717/2409
f 4893/5622/3461 3849/5624/4423 4851/3296/2894
f 3324/4969/4081 718/1026/895 592/844/722
f 4418/1304/1159 4190/6461/4773 4921/8114/3734
f 3811/5768/4498 1178/1686/1516 2120/3114/2748
f 2589/3827/3311 2456/3622/3155 2590/3828/3312
f 4090/8094/4705 2127/8115/2758 2129/1975/1771
f 778/7831/968 3149/1958/970 1345/1957/1755
f 1080/1538/1382 4431/6977/4897 4043/6160/2989
f 453/641/522 265/371/297 2045/642/523
f 1412/2054/1838 2483/3659/3184 3391/5085/4141
f 4057/8116/1398 4580/1833/1646 1458/7476/1896
f 114/155/120 121/162/127 118/159/124
f 1825/2668/2368 3948/5990/4077 3515/5279/4110
f 1026/1465/839 1028/1467/1312 2457/6958/3156
f 4368/6814/3490 3755/5691/4383 1854/2705/2400
f 3221/4804/3980 3443/5175/4195 3222/4805/3981
f 3865/5864/4543 3269/4880/4029 1266/1828/1642
f 3044/4528/3810 3431/5156/4188 1758/2565/2275
f 1214/7426/1557 3136/4658/3895 4928/6777/4863
f 2485/3661/3186 697/992/862 794/1124/989
f 352/503/386 351/502/385 2707/2689/2387
f 4912/813/691 4611/7334/4763 567/814/692
f 443/629/510 442/628/509 2476/4420/3176
f 2115/8117/2742 3161/8118/3913 4922/8119/1749
f 3562/5354/4292 1313/1915/1719 3245/4846/4007
f 2835/8120/3586 4971/8121/3498 4923/8122/1127
f 998/8123/484 3398/7691/483 1183/888/763
f 466/8124/542 4924/8125/2197 4925/8126/4456
f 1039/1484/1329 1550/2262/2015 807/1144/1007
f 2645/3903/3370 4756/7682/4287 4492/7091/2236
f 3952/5995/503 4914/8098/4593 1711/2498/2214
f 1546/2258/2011 4926/8127/4945 4904/8065/4128
f 4628/7368/4957 3493/5250/4234 392/7432/436
f 4018/4878/4027 1535/7244/1995 584/7243/712
f 1113/1583/1422 2746/4043/3478 1114/1584/1423
f 1055/1503/1347 4874/5841/4535 1056/1504/1348
f 3769/5714/4467 3741/5661/4440 3481/5230/2579
f 4543/4985/4088 4062/1246/1104 875/1248/1106
f 1710/623/504 4730/3037/2686 440/624/505
f 2621/3872/3346 3531/5304/4265 4010/6094/4652
f 2878/4273/3634 1459/1835/1648 1268/1834/1647
f 3180/4731/3932 3843/5819/4522 2991/4454/3750
f 4551/6514/1454 1138/5117/1456 4759/3394/2975
f 4486/4757/3952 4657/7433/4963 3807/5764/3815
f 2342/3448/3016 4142/6351/4745 3786/5733/4481
f 3130/4650/3890 1267/1830/1644 4537/1832/1645
f 3868/5868/4546 4015/6101/4654 1982/2907/2575
f 3450/5186/4202 1141/1623/1459 3882/5890/4556
f 49/62/58 48/61/57 52/67/60
f 4457/6577/4804 4644/7403/4961 1815/2645/2349
f 1786/2607/2314 1785/2606/2313 4161/6397/4756
f 809/1148/1011 4284/8093/4831 4482/7075/4912
f 4454/7021/4903 4315/6710/4847 4105/6266/4717
f 2761/4073/3503 4398/4072/3502 2222/6343/2866
f 3973/7034/4628 4866/8128/4538 1604/7551/2085
f 2365/3487/3047 4287/6661/4833 2366/3488/3048
f 791/4028/985 176/236/189 3707/5600/4412
f 3654/5497/4373 2852/4223/3603 1799/2625/2331
f 555/797/676 3757/5693/4453 3112/8129/3874
f 4632/5137/4176 2067/3023/2675 2562/3788/3281
f 1847/4211/2392 4090/7904/4705 4156/6390/4334
f 4261/6208/4692 2211/3251/2855 4223/1223/1083
f 3011/4478/3767 4927/8130/3901 4569/4479/3768
f 3575/5377/4308 1725/2524/2237 3557/5348/4288
f 1184/1693/1520 4564/8131/1930 488/692/573
f 4088/8132/4529 2286/3358/2946 4139/6696/4742
f 4792/7782/1173 1960/2866/2539 1281/6571/1667
f 893/1274/1131 4419/1275/1132 3376/5062/4124
f 4173/6423/2725 1740/2546/2257 4877/2545/2256
f 3099/4610/3861 559/804/682 4878/5095/4147
f 784/1110/975 1154/1645/1477 2410/3552/3100
f 20/25/22 17/22/19 21/26/23
f 1228/1761/1579 658/935/808 1911/2800/2478
f 927/4115/1179 2237/3286/2884 4674/7485/4890
f 497/706/587 3218/1803/1618 2176/3201/2815
f 4118/6293/1623 4059/6187/1536 1737/2540/1621
f 1873/8133/2429 1874/7156/2431 4528/7155/4068
f 188/259/205 4734/527/216 372/529/410
f 2555/5675/3274 3550/5331/3025 2348/8134/3024
f 4119/7679/4724 1495/2182/1943 1494/2181/1942
f 1399/2036/1820 3698/5582/4405 2849/4219/3171
f 688/980/851 4098/6257/4711 3945/5985/4608
f 1032/1473/1318 2669/3940/3397 1033/1474/1319
f 1904/5916/2470 553/8135/674 4793/5917/4572
f 2650/7230/3377 4695/7379/4594 2104/8136/2730
f 4904/5068/4128 2117/3110/2744 2303/3386/2970
f 4353/6789/4865 4416/6946/4168 4506/6854/4881
f 4496/4022/3464 984/1411/1261 4458/8137/1362
f 2045/2999/523 1159/1657/1487 2046/3000/2653
f 4152/3421/2995 1234/1771/1587 4414/6944/4895
f 4765/7707/4579 725/1035/904 3932/5969/4599
f 1724/2521/2234 3753/5689/4452 1722/2519/2232
f 1680/2450/2173 2929/4352/3685 753/1073/940
f 3249/4852/4012 811/1150/1013 3902/5923/4574
f 822/1166/1028 400/563/444 2502/565/446
f 1267/1830/1644 2869/2457/2179 864/1831/1090
f 2452/3614/3150 728/1039/907 2453/3615/3151
f 4489/7087/552 4928/8138/4863 4929/8139/3214
f 4868/7966/2992 1154/1645/1477 3715/5609/4355
f 803/1137/1001 1973/2890/2560 804/1138/1002
f 4128/6320/1625 4519/7140/1624 2288/3365/2953
f 2989/4450/3747 2988/4449/2421 3855/5839/4534
f 4101/8140/4713 4588/8141/4219 4205/8142/2094
f 4214/8143/4785 4101/8144/4713 4205/8145/2094
f 3425/8069/4182 4415/798/677 556/800/679
f 184/248/199 2532/3737/3242 183/249/197
f 4641/7398/4764 2888/4287/3643 2887/4286/2891
f 4235/7127/4799 3959/6009/4617 3677/5549/3567
f 4836/4142/1190 2804/4141/3549 3183/5569/3936
f 2068/3025/2676 4063/6196/4069 4636/7391/4960
f 4517/7134/4812 4768/6716/4849 4930/8146/561
f 674/958/831 4925/8126/4456 675/959/832
f 1648/6914/2133 425/604/485 427/606/487
f 2474/3646/527 2967/4415/3725 3055/6334/3820
f 3933/3961/3416 1199/1717/1540 4815/1716/1539
f 1307/1907/1711 2761/4073/3503 2259/3318/2913
f 757/1079/944 2229/3273/2873 758/1080/945
f 2583/5214/3303 1249/1796/1611 4342/6767/4861
f 4469/6537/2354 961/1376/1226 962/1378/1228
f 1694/2469/2190 848/1207/1069 3238/1206/1068
f 2579/3814/3300 500/713/593 589/840/718
f 2579/3814/3300 589/840/718 3883/5891/4557
f 1698/3985/2198 1658/2418/2149 1659/2420/2151
f 3205/8105/3960 3082/4583/3843 1802/5682/596
f 4671/4250/419 545/781/660 544/780/659
f 1592/2319/2066 1149/1633/1469 1148/1632/1468
f 2574/3808/3296 2576/3810/476 4295/6671/2125
f 1588/6289/2063 2574/3808/3296 4295/6671/2125
f 3766/5708/4326 1272/7884/1653 3637/5470/4358
f 1832/2675/2374 1665/8147/1010 3090/4598/2800
f 4931/8148/3104 4891/6348/4743 2685/3959/2424
f 1994/2929/2590 4104/6264/4716 3556/5343/3029
f 2835/8120/3586 4923/8122/1127 4473/8149/4887
f 3486/5238/4227 3211/4787/3970 4372/6836/4876
f 1922/2813/2490 1921/2812/2489 3804/6569/4493
f 3250/4853/1474 1018/8150/1299 3708/5601/3906
f 3545/1481/1326 2874/4263/3627 2873/4262/148
f 3886/6653/4560 2394/3527/3082 3885/6892/4559
f 4824/1441/1289 4472/7056/3587 1009/1442/1290
f 270/359/288 1366/1984/570 4932/8151/569
f 3289/5669/4048 1974/2892/2562 3466/5209/4213
f 861/6871/1085 3127/4647/3887 3795/5747/1661
f 4185/6445/4123 729/4154/908 3824/5783/4507
f 4379/779/658 2981/4441/2292 1401/2038/1822
f 1923/2814/2491 791/1120/985 3157/1122/987
f 3480/1892/1699 1300/1893/1700 366/520/403
f 1737/2540/1621 3007/4474/3764 1738/2541/2252
f 3505/5268/4246 854/1213/1075 853/1212/1074
f 2588/3826/3310 2917/6822/3676 1203/1721/1543
f 86/119/95 3875/5876/3081 84/120/94
f 1377/2003/1793 1552/2264/2017 2055/3009/2662
f 3471/4121/3533 3208/4781/3964 2790/4122/3534
f 1668/8152/2162 1032/1473/1318 4922/1951/1749
f 3966/6023/2887 2398/3536/3089 1505/2201/1958
f 2169/3189/2805 3356/3191/2807 4159/6394/2712
f 1377/2003/1793 4860/7952/4425 1553/2265/2018
f 2402/3541/3093 2769/8153/3513 1452/2109/1889
f 3607/5428/3591 2480/3655/3180 4921/4432/3734
f 1749/2555/2266 4001/6077/4647 4770/7718/1025
f 1943/2848/2523 4111/2847/2522 4933/8154/2983
f 2573/3807/3295 1114/1584/1423 2450/3611/3148
f 979/1405/1255 2954/4396/1664 2953/4395/3712
f 3787/7175/2942 3721/5618/877 2232/3276/2875
f 4686/7517/4327 4760/8155/2974 1387/2016/1806
f 3010/4477/632 4146/6533/4747 4322/6725/4850
f 2478/2956/2615 744/1060/927 746/1062/929
f 1619/7137/2098 1369/6804/1780 4600/8156/1782
f 2820/4170/3566 4252/1353/1204 1509/2207/1364
f 2852/4223/3603 3024/4502/3787 3769/5714/4467
f 1650/2401/203 4826/2403/2136 4412/6936/4584
f 1070/1525/1369 1072/1527/1371 2397/5633/3088
f 3416/6095/1844 3640/5473/3783 3077/4577/3800
f 3831/5801/4514 2778/4097/3523 2779/4098/3524
f 4185/8046/4123 3385/5077/4135 613/875/751
f 1472/2135/1913 4571/7259/1046 4807/7807/1614
f 1791/2615/2322 4500/7103/4918 1057/1506/1350
f 4797/7791/4977 4038/7790/4673 3563/6637/4293
f 4641/8157/4764 4002/6078/4648 4640/3532/3086
f 1386/2014/1804 4840/4412/3723 2965/4413/1238
f 3182/4737/3935 1257/1814/1628 1922/2813/2490
f 4160/6396/4755 2270/3335/2926 2269/3334/2925
f 1990/2924/2586 3425/8069/4182 556/800/679
f 1808/2636/2340 4084/6236/4700 1539/2249/2002
f 934/1332/1186 1808/2636/2340 1539/2249/2002
f 624/893/768 2809/892/767 3689/5566/3554
f 3343/6386/4093 2251/3309/2905 4825/7864/4094
f 4966/2024/1811 2340/3446/3014 214/305/247
f 2604/5980/3324 4620/7464/814 3942/5981/4605
f 383/543/424 1442/2098/1878 3631/5460/4354
f 3229/4820/3991 3230/4822/1206 1906/2794/2472
f 1163/1662/1492 109/150/115 3679/5553/4395
f 1857/8064/2403 1611/2350/2091 4781/7747/4621
f 4498/1022/891 1227/1760/1578 2184/3211/2823
f 1886/2765/2447 4965/6038/4631 4820/7848/4314
f 402/566/447 404/568/449 4225/751/631
f 4736/7635/918 3775/5721/4472 1440/2096/1876
f 4553/4897/1475 2359/3475/3037 1370/5552/1783
f 4569/5178/3768 4927/4666/3901 1451/2108/1888
f 2052/3006/2659 2085/3056/2702 683/974/845
f 4934/8158/4683 2503/3684/1583 2505/3686/3205
f 1985/2911/2578 4935/8159/4925 4629/7371/4943
f 406/570/451 2191/3221/2831 1490/2171/1934
f 2367/3489/3049 2366/3488/3048 4936/8160/4205
f 4937/8161/4457 3840/5816/4520 2005/2947/2606
f 3586/5390/4174 3337/4987/4090 3336/4986/4089
f 594/847/725 1374/4374/1787 1013/848/726
f 554/796/675 4091/6247/4706 3757/5693/4453
f 3541/5322/4274 620/884/760 2197/3230/2840
f 2257/3315/2910 764/1086/951 4758/6611/4815
f 2954/1854/1664 1634/2382/2119 2955/3869/3343
f 1110/1577/1418 1296/1887/1694 3322/4966/2226
f 1792/2617/2324 1110/1577/1418 3322/4966/2226
f 2126/3123/2753 122/163/128 2094/3071/2716
f 2160/3173/2792 4448/7011/2507 4320/6722/2508
f 1070/1525/1369 2908/4323/3671 3437/5167/4192
f 946/1356/1207 3887/5896/4561 3571/5369/4302
f 4107/6269/1302 3960/6011/1301 3961/6013/4619
f 2011/2954/2613 2732/4111/3463 2009/2952/2611
f 3143/4667/3902 3882/5890/4556 3495/5253/4237
f 4193/619/500 1922/2813/2490 3804/6569/4493
f 2315/3405/2982 4244/7991/4806 2716/3998/3445
f 3647/5488/4367 3848/5826/4527 4786/7763/3453
f 4081/8162/4696 4411/8163/4894 4336/8164/4299
f 2266/1393/1243 4967/8165/4728 973/1394/1244
f 3488/5240/4228 1073/5398/1372 3323/4967/4080
f 1156/1653/1483 3488/5240/4228 3323/4967/4080
f 891/1272/1129 890/1271/1128 4862/2483/2203
f 4883/392/305 2674/3945/590 4966/7160/1811
f 2512/3703/3217 4938/8166/471 1602/3704/2083
f 1059/1512/1356 1502/1511/1355 1353/1966/1763
f 3960/6011/1301 4675/8167/4447 4796/6012/4618
f 3836/7196/2449 761/6006/948 1278/1853/1663
f 4375/6841/4878 3406/5108/4157 3405/5107/956
f 1640/2390/2126 2947/4383/3705 1733/2533/2245
f 1048/1496/1340 1050/1498/1342 1441/2097/1877
f 2775/4093/3520 3781/5727/4477 3780/5726/4476
f 4468/7051/4908 3528/5296/2418 2175/3200/2814
f 2985/4446/3745 3004/4471/3761 3784/5730/3479
f 4137/6337/4739 3999/6757/4645 3363/5036/2957
f 4112/6278/4722 3394/5092/4144 1054/1502/1346
f 940/5802/1198 3831/5801/4514 2779/4098/3524
f 940/5802/1198 2779/4098/3524 4504/5474/4360
f 3081/4582/3842 3031/4510/3795 853/1212/1074
f 4905/8066/876 4565/7238/875 2914/4329/3675
f 2113/2823/2500 3131/4651/3891 4939/8168/540
f 4414/6944/4895 1234/1771/1587 1889/2769/2451
f 4214/6510/4785 2786/4923/3531 4101/8169/4713
f 710/1015/884 3421/5138/4177 2448/3608/3145
f 4940/1066/933 4490/8170/4915 4157/6391/2804
f 1898/2785/2465 2405/912/787 665/6082/819
f 780/1106/971 3745/5673/4445 950/1579/1211
f 4618/1311/1166 915/1310/1165 3301/4928/4032
f 2011/2954/2613 2227/3271/2871 2732/4111/3463
f 2471/3638/3169 1257/1814/1628 3182/4737/3935
f 2330/3430/3002 455/647/528 2358/4275/3036
f 532/761/640 1019/1454/1300 2591/3829/3313
f 3197/4760/3953 357/509/392 873/4844/1102
f 3713/5607/4416 2695/3972/3425 3071/4571/3836
f 4521/7142/4928 4242/6576/4803 2207/3246/2852
f 4684/7512/2255 3675/5542/4393 1930/2825/2502
f 4363/6805/4868 3768/5711/4464 3614/5710/4339
f 535/766/645 3734/5651/4437 1331/1940/1741
f 1866/2734/2420 4937/5697/4457 2005/5435/2606
f 3276/4893/1236 3325/1896/1703 2036/8171/2641
f 908/1298/1153 910/1300/1155 2597/3837/3317
f 2001/2941/2601 1311/1912/1716 1312/1914/1718
f 1552/2264/2017 1553/2265/2018 2583/3818/3303
f 941/1347/863 4200/6491/1674 698/6490/864
f 162/222/178 179/240/190 1339/1949/902
f 2062/3016/2668 4002/7578/4648 2063/3017/2669
f 2330/3430/3002 3959/7980/4617 4235/6553/4799
f 2414/3560/3107 3979/6041/1817 4357/6795/4866
f 652/927/800 1349/3444/1759 1148/1632/1468
f 748/1067/934 1439/2095/1875 1091/1552/1395
f 4819/4489/3777 4490/7089/4915 4940/8172/933
f 717/1025/894 121/162/127 114/155/120
f 955/1365/1216 377/536/417 4671/538/419
f 170/230/185 169/229/184 893/1274/1131
f 2228/4932/2872 2082/7206/2697 1824/2667/2367
f 2597/3837/3317 1131/1608/1445 1130/1607/859
f 2197/3230/2840 2019/2965/2622 2021/2967/2624
f 2159/7762/2791 3848/5826/4527 1950/2855/2529
f 3035/4514/3798 2422/3571/3116 3728/5637/4428
f 1773/8173/2298 4723/6459/4772 4779/2661/2362
f 4453/2277/2030 4742/3298/2895 1560/2278/2031
f 983/1410/1260 3178/4726/3929 4798/4725/3928
f 3485/5236/2774 2596/6387/3316 4784/7759/4976
f 1607/2020/1514 3458/5573/4207 3870/2021/1808
f 117/158/123 2805/4143/3550 120/161/126
f 769/7896/959 3061/4552/3826 4614/7338/1222
f 1684/2456/2178 1683/2455/2177 2145/3153/2776
f 2794/5485/3538 1819/7598/2357 1768/2579/2289
f 4407/6921/4892 4058/6186/4261 3844/5820/4523
f 4932/688/569 486/690/571 2179/3204/2816
f 4926/8127/4945 1546/2258/2011 1545/2257/2010
f 1652/2408/2141 1102/1565/1408 1653/2409/2142
f 3700/5587/4407 1518/2220/1973 4796/7788/4618
f 816/1157/1020 370/8174/407 3370/1158/1021
f 4880/8175/3942 4325/7713/4851 2654/3524/3080
f 2258/3317/2912 841/7857/1059 4055/6182/4684
f 2957/4399/3714 1656/2414/2147 2679/3952/3408
f 2076/8176/2688 3500/2885/2555 3440/2887/2557
f 4203/6496/4784 4527/1352/1203 945/1354/1205
f 3925/5957/4592 3319/4961/554 1836/5159/2380
f 2815/4160/3558 3522/5286/2619 2816/4161/3559
f 3179/4729/3931 4507/3099/2738 1740/2546/2257
f 2433/3586/3128 3529/906/781 4089/7066/4704
f 1448/2105/1885 424/1429/482 997/1428/1278
f 4512/7122/4923 2678/3951/3407 4207/6502/4786
f 3483/4599/3851 439/618/499 1667/2435/2161
f 3183/4738/3936 3451/1250/1108 876/1249/1107
f 3538/8177/3043 2617/3028/2677 1707/3027/2209
f 4745/7656/4933 4941/8178/824 4717/8179/826
f 3684/5559/3442 130/172/137 4222/171/136
f 3770/5715/4468 3684/3994/3442 4222/6526/136
f 931/1329/1183 2837/4199/3589 838/1194/1056
f 416/6610/470 1067/1522/1366 3828/7171/4513
f 2388/3517/3073 4234/6551/4798 788/1117/982
f 3771/5716/4469 3305/7341/4066 2755/6375/3493
f 4881/7999/1569 2971/4421/3729 4273/6638/4824
f 1784/2604/2311 2961/4095/3522 2960/2602/2309
f 3341/2200/1957 2173/8180/2810 468/663/544
f 1447/7331/1884 4447/7006/4901 2636/3890/3360
f 2295/3375/2591 2294/3374/2594 3257/7462/4019
f 4758/7692/4815 622/889/764 1183/888/763
f 2461/3628/3161 3024/4502/3787 2852/4223/3603
f 2770/8072/3514 3245/4846/4007 1595/2325/2070
f 3071/4571/3836 4375/6841/4878 4374/6840/4877
f 137/186/144 3545/5326/1326 135/183/146
f 3057/4545/3821 1406/2046/1830 1405/2045/1829
f 3437/5167/4192 2908/4323/3671 2910/4325/3673
f 4209/6505/4787 3968/6025/4623 851/1210/1072
f 2077/3041/2689 4828/4815/3988 4067/6204/4690
f 2652/3914/707 2759/4068/3499 2653/3915/3380
f 737/8084/917 4720/7607/4664 3775/8181/4472
f 2376/3500/3058 3152/4681/1095 4942/8182/1094
f 4315/6710/4847 3963/6019/728 4105/6266/4717
f 3365/5040/4113 3918/5915/4571 4911/8183/4769
f 1214/1738/1557 4928/8138/4863 4489/7087/552
f 84/115/94 4319/8184/4768 85/116/51
f 2585/5998/3307 1816/2646/2350 4644/7403/4961
f 4834/7892/4178 352/503/386 1842/2688/2386
f 3467/5705/4214 3411/8185/4164 915/5840/1165
f 4035/7568/4669 3299/4924/4058 4215/6511/4670
f 1428/2078/1859 4323/4321/3669 2757/4064/3495
f 386/8186/428 4400/6904/427 4401/6905/4879
f 4272/6636/4823 2727/4015/3458 2726/4014/3457
f 1449/2106/1886 997/1428/1278 4651/3908/3375
f 1785/2606/2313 543/777/656 1931/2826/2503
f 4943/8187/4149 710/1015/884 4324/1014/883
f 781/1107/972 2042/6487/2650 4794/1333/1187
f 781/1107/972 4794/1333/1187 3128/4648/3888
f 159/201/161 148/200/160 1339/1949/902
f 4831/7161/4930 2674/3945/590 499/6562/592
f 1671/2440/2166 1805/2633/2337 3898/5913/4570
f 3356/5018/2807 4944/8188/4776 3355/5017/4105
f 3390/5083/4140 4067/6827/4690 387/5084/429
f 657/1847/807 4945/8189/806 4635/2822/2499
f 535/766/645 534/765/644 3734/5651/4437
f 3762/5700/4460 2003/7015/2603 2753/4059/3491
f 514/738/618 3200/737/617 1330/1939/1740
f 3004/4471/3761 3195/4758/3438 4948/8190/3480
f 674/958/831 466/8124/542 4925/8126/4456
f 2666/3936/2939 2504/3685/3204 2503/3684/1583
f 1003/1435/1283 2791/4123/1404 1601/2338/2082
f 618/882/758 3573/5374/4306 619/883/759
f 2171/3194/2809 3563/6637/4293 2770/4085/3514
f 4350/3696/3211 2177/2062/1845 3416/2061/1844
f 4899/3692/3209 958/1369/1220 3498/5259/4241
f 2558/3784/3277 3791/5740/4484 3731/5645/4434
f 3362/7820/4112 3613/2946/2605 4639/7396/4378
f 937/1342/1195 2041/2995/2649 2043/2997/2651
f 2519/3718/3225 1091/1552/1395 717/1025/894
f 4938/590/471 2375/3499/3057 2376/3500/3058
f 493/702/583 1486/2160/1927 494/703/584
f 2280/3349/2938 4728/7625/3632 3259/4867/3741
f 619/883/759 3564/5357/4294 2019/2965/2622
f 4755/7681/1442 1853/2704/2399 4451/6378/4752
f 3637/5470/4358 3124/4644/3884 3126/4646/3886
f 4946/8191/1103 3913/5752/4489 4598/7314/1101
f 2388/3517/3073 4695/5962/4594 4677/7494/4262
f 759/8192/946 4874/5841/4535 4646/621/502
f 569/816/694 3517/5281/4253 1916/2807/2484
f 4480/3228/2838 2195/3227/2837 4230/8193/2455
f 2252/3310/2906 2251/3309/2905 3473/5221/4221
f 1167/1667/1497 4625/2783/2463 1168/1668/1498
f 3215/4795/3976 2592/2491/2208 2864/2490/2207
f 4131/6326/4735 2841/4206/3594 4557/7223/4938
f 2056/7771/2663 2278/6167/2935 3491/5245/4231
f 4343/6768/3105 3249/4852/4012 3248/4851/1764
f 3907/6328/4578 2984/4973/3744 2986/8194/3746
f 3043/4526/3808 3990/4525/3807 3134/4656/3893
f 4323/6726/3669 1081/1539/1383 3527/5294/2988
f 2571/3803/3291 807/1144/1007 3615/5438/4340
f 4947/8195/2029 3542/6441/4275 3194/6935/3951
f 1729/2529/2241 1060/1513/1357 659/936/809
f 1842/2688/2386 352/503/386 2707/2689/2387
f 2025/2974/2628 1585/7727/2060 2393/6442/3079
f 540/8196/652 4900/2620/2326 3177/4724/3927
f 1681/2453/2175 540/773/652 3177/7174/3927
f 2219/4609/2863 3098/4608/3860 2220/6016/2864
f 2766/4080/3510 4463/7040/3619 3080/4581/3841
f 4485/7079/4913 1329/1938/1739 2764/4078/3508
f 393/556/437 2825/4181/3572 391/554/435
f 2951/7636/2221 4100/6259/453 4099/6258/4712
f 4844/4871/4022 1398/2035/1819 604/763/642
f 3195/3989/3438 4467/6321/4731 4948/8197/3480
f 2461/3628/3161 2463/3630/3163 3024/4502/3787
f 3444/2872/2544 4949/8198/4196 1521/2224/1977
f 4276/6643/4828 973/6645/1244 4559/7229/4940
f 3915/5946/4585 2706/3983/3435 3374/5055/4122
f 2504/3685/3204 4969/8199/4187 2505/3686/3205
f 1386/2014/1804 4897/2013/1803 2935/4361/3691
f 3120/4640/215 2402/4639/3093 4382/6864/4217
f 4921/4432/3734 4190/8200/4773 4358/6370/4749
f 371/528/210 2962/4409/3720 372/529/410
f 869/5154/1097 608/869/745 1529/2233/1986
f 4406/6919/2808 301/438/338 324/469/355
f 1483/2155/1924 4700/7550/922 2526/8091/3233
f 3367/5043/4115 1750/2556/2267 1752/2558/2269
f 3286/5927/2745 3587/5391/4317 4070/6209/3484
f 495/4774/585 497/8201/587 4356/6793/1576
f 387/548/429 4067/8202/4690 4828/7872/3988
f 4553/4897/1475 562/807/685 2359/3475/3037
f 555/797/676 3112/8129/3874 4434/8031/3873
f 2897/4076/3506 4913/8097/1685 971/1391/1241
f 3726/6392/2803 4950/8203/2812 2718/4000/3446
f 2903/4314/3664 4453/7019/2030 3984/4292/3646
f 4085/6237/4701 2632/3885/3357 4573/7261/4944
f 523/748/628 3703/7969/4409 524/749/629
f 3994/6067/4644 4479/7068/4911 4478/7067/2691
f 2510/3698/3213 3195/4758/3438 3004/4471/3761
f 1599/4612/2075 1049/1497/1341 1338/1295/1151
f 3190/4751/3948 3436/5166/4191 2439/3592/3132
f 4129/7050/4732 3097/6939/3859 3310/4947/4072
f 1917/2808/2485 3344/4996/4095 1918/2809/2486
f 4306/6697/3740 4951/8204/3193 940/1346/1198
f 4723/6459/4772 1325/1931/1732 4779/2661/2362
f 898/1283/1140 4857/7948/2752 4770/7718/1025
f 4301/6688/4842 650/925/798 649/924/797
f 2109/8205/2735 4888/6683/4420 3470/5215/2736
f 924/1322/1176 2254/3312/2908 4543/7192/4088
f 4551/7205/1454 4216/5500/4375 2408/3550/3098
f 4952/8206/3778 4953/8207/932 747/8208/931
f 2357/3473/1087 4340/6765/4859 1616/2356/2096
f 2766/4080/3510 2952/4394/3618 4463/7040/3619
f 632/7312/777 1700/4279/2200 2377/3501/3059
f 4127/6317/4730 4816/7827/1922 4219/6519/4790
f 4319/8209/4768 4325/6732/4851 1947/2852/2526
f 3521/5285/4256 1525/2228/1981 1136/7131/1452
f 3112/4628/3874 3757/8210/4453 4299/2188/1949
f 4954/8211/4158 3111/4626/3872 2209/3248/2854
f 1170/1672/1502 2815/8212/3558 4221/6902/4792
f 1798/2624/2330 2395/3529/3084 2792/4125/3536
f 178/239/192 2836/4198/3588 171/231/174
f 4257/6673/4814 4725/8080/4971 2538/3749/3249
f 1904/2792/2470 554/796/675 553/795/674
f 4879/7360/4805 4520/7141/4927 1460/5262/1898
f 4134/6332/4737 3113/6333/2530 4164/6405/4528
f 1524/2227/1980 3583/2204/1961 359/512/395
f 3825/5784/4466 1501/2193/1954 3780/5726/4476
f 3315/4956/1945 796/1126/991 3759/5695/4455
f 1493/2175/1938 3315/4956/1945 3759/5695/4455
f 1676/2371/2109 1628/2373/2110 1779/7577/2305
f 4932/7890/569 2517/3126/2755 224/318/258
f 4025/6125/4659 4135/2323/2068 4693/7339/4952
f 1948/4173/2527 4526/7152/209 36/43/40
f 562/807/685 4148/6367/4748 2359/3475/3037
f 3857/5844/4536 1276/1849/1660 1277/1851/1662
f 1151/1638/1112 1978/5567/2569 1152/1639/1473
f 3494/5252/4236 3496/5254/4238 1277/1851/1662
f 4501/7104/4919 881/1259/1117 1310/1911/1715
f 1089/2019/1393 3988/6057/4640 3990/6059/3807
f 815/1155/1018 3453/5190/4203 4852/1156/1019
f 1973/2890/2560 1891/2771/2453 804/1138/1002
f 4744/7653/668 3778/7537/4474 4955/8213/669
f 3982/6049/2670 2446/3606/2672 2403/3542/3094
f 4814/7822/2376 2213/3253/2857 2215/3255/2859
f 4581/6301/4727 4517/6601/4812 478/679/560
f 1318/1920/1724 1317/1919/1723 4292/6668/4837
f 4592/8214/2754 3482/2168/1933 709/2170/882
f 3707/5600/4412 174/234/187 2290/3368/2956
f 1484/2157/1925 4865/7581/4970 4703/7559/4295
f 4358/6370/4749 1271/1838/1651 1270/1837/1650
f 2095/6582/2717 247/346/244 4754/8087/3658
f 1772/2588/2297 4723/7612/4772 1773/2589/2298
f 1275/1848/1659 4635/2822/2499 2996/4462/3754
f 4167/6412/3990 3729/5641/4430 4653/7421/3868
f 2011/2954/2613 4777/5996/3544 3203/5446/3957
f 1769/2583/2293 762/1084/949 4228/6541/4795
f 4369/6823/4872 584/7862/712 2942/3362/2950
f 3377/5063/4125 695/990/860 2163/3176/2795
f 2901/4312/3662 4412/5945/4584 1892/2775/2456
f 2644/7502/3368 2941/4371/3699 1208/4373/1549
f 3788/5737/4482 2392/3521/3077 1584/2311/2059
f 812/1152/1015 1219/1746/1564 3569/5366/4301
f 401/7714/445 625/894/769 626/896/771
f 1736/2537/2249 1240/1780/1596 1224/1755/1573
f 2345/3452/3020 4245/7108/4807 1177/1685/1515
f 1179/1687/1517 2345/3452/3020 1177/1685/1515
f 4029/7179/4662 4372/6836/4876 4537/7180/1645
f 1562/1775/1591 1564/3486/2034 1238/1776/1592
f 1340/1950/1748 1031/1472/1317 1335/1945/1745
f 3255/4862/4016 3852/5835/4531 2403/3542/3094
f 1694/2469/2190 2842/4207/3595 848/1207/1069
f 2854/4225/3605 3396/5094/4146 4072/4226/3606
f 552/794/673 2069/2047/1831 3776/2518/2231
f 3377/5063/4125 4086/6238/4702 3306/4939/4067
f 1158/1656/1486 828/1178/1040 3311/4949/1581
f 153/206/166 4824/1441/1289 1008/1440/1288
f 2474/646/527 2879/4274/3635 455/647/528
f 1538/5811/2000 3836/5810/2449 4956/8215/3715
f 3975/6036/4630 2134/3138/2764 4716/7596/4510
f 3545/6432/1326 132/178/143 3580/5383/4312
f 1771/2586/2295 4136/6336/4738 4525/2587/2296
f 3342/4993/4092 3965/6021/1485 3343/4994/4093
f 1861/8216/2412 435/614/495 1862/6885/2413
f 1825/2668/2368 3515/5279/4110 1104/1567/1410
f 3638/5471/4359 926/1324/1178 925/1323/1177
f 2628/3881/3353 643/917/790 4873/4032/3472
f 801/8037/997 4910/8088/2099 4762/7703/4875
f 1450/2107/1887 1452/2109/1889 2769/8153/3513
f 1975/2893/2563 4859/1187/1049 4318/1189/1051
f 2636/3890/3360 4447/7006/4901 4847/7832/1605
f 863/1230/1089 3487/1458/1304 4029/6132/4662
f 4657/7433/4963 1630/2375/2112 1629/2374/2111
f 806/8056/1006 3619/5444/4344 3492/5248/4233
f 363/516/399 1227/1760/1578 4497/517/400
f 4961/6848/2971 3038/4519/3801 4775/8217/2335
f 4844/4871/4022 706/1008/878 3697/5581/4404
f 3294/4917/4053 3293/4916/4052 3790/5350/4290
f 696/991/861 695/990/860 3377/5063/4125
f 1722/2519/2232 837/1192/1054 1723/2520/2233
f 2888/4287/3643 4130/6325/4734 361/514/397
f 3468/5211/4215 579/828/706 580/830/708
f 3618/5442/2152 4607/7328/2568 1980/2904/2572
f 225/319/259 224/318/258 2517/3126/2755
f 2888/4287/3643 361/514/397 1063/1516/1360
f 1022/1461/1307 2670/3941/3398 1940/8218/2519
f 1101/1564/1407 3736/5882/4438 369/523/406
f 2845/5039/3597 3121/4641/3881 3123/4643/3883
f 4033/6144/4667 3381/5072/4131 2531/3734/3241
f 2540/3752/3252 732/1044/912 2432/3585/3127
f 1807/2635/2339 1350/1963/1760 732/1044/912
f 3812/5769/4499 3143/4667/3902 3816/5774/4502
f 3832/5803/4515 1969/7478/2553 2529/6801/3237
f 3984/6051/3646 1561/2279/2032 4697/6589/4809
f 1668/8219/2162 4957/8220/3250 1032/8221/1318
f 381/541/422 3582/5386/4315 2963/4410/3721
f 4364/6806/4869 2763/4075/3505 1747/2553/2264
f 3551/6552/4280 2582/3817/3302 4518/6695/4845
f 1192/1705/1530 2826/4182/3573 2030/2980/2634
f 2458/7985/3157 1765/2575/2285 1764/2574/2284
f 1695/2470/2191 397/560/441 4766/7709/4853
f 1414/6886/1840 1862/6885/2413 4558/7227/4939
f 1340/1950/1748 1335/1945/1745 4552/5911/4568
f 687/979/850 2765/4079/3509 2300/5650/2967
f 3999/6757/4645 2367/3489/3049 4958/8222/3369
f 2630/3883/3355 4865/7581/4970 1484/2157/1925
f 984/3395/1261 2607/3851/3328 2264/3329/2921
f 2824/4180/3571 4329/6745/4854 1152/1639/1473
f 1877/2753/2438 3603/7674/4331 1878/2754/2439
f 2522/3721/3228 1367/1985/1777 2871/4259/3625
f 385/7129/426 2547/7870/1465 932/1330/1184
f 991/1419/1269 993/1421/1271 2656/3919/3382
f 2670/8223/3398 2669/4431/3397 2880/4276/3636
f 1412/2054/1838 1411/2053/1837 2482/3658/3183
f 3330/6664/4085 1753/2559/2270 1247/8224/367
f 1236/1773/1589 2016/2961/2620 2060/3014/2667
f 2991/4454/3750 3843/5819/4522 2992/4455/871
f 2347/3454/3022 3727/6631/4427 3590/5394/4320
f 4122/6302/4512 4049/6173/2842 4051/6175/1683
f 904/627/508 903/8225/1148 3082/4583/3843
f 3812/5769/4499 1451/2108/1888 3143/4667/3902
f 1859/2716/2408 4965/6038/4631 765/1087/952
f 1830/2673/2372 2328/3427/3001 1763/2573/2283
f 2284/3356/2945 4771/3355/2944 3022/6924/3785
f 4784/7759/4976 1359/1976/1772 3485/5236/2774
f 4760/8155/2974 1388/2017/414 1387/2016/1806
f 2799/4135/3545 2285/1665/1495 1165/1664/1494
f 3252/8024/4014 3501/5263/4242 2818/4164/3561
f 2068/3025/2676 1660/2422/2153 4063/6196/4069
f 4165/6407/3756 4166/6409/4758 4885/2581/2291
f 2234/3282/2881 2715/3997/3444 3389/5082/4139
f 4864/7960/727 595/8226/729 3605/5424/4333
f 1580/5029/2053 694/988/858 693/987/857
f 1830/2673/2372 2974/4427/3731 2328/3427/3001
f 1504/2198/1955 542/2197/655 3189/5639/3946
f 4391/6881/3805 891/6197/1129 4387/6875/4884
f 2395/3529/3084 1813/2641/2345 1265/1827/1641
f 4885/2581/2291 4166/6409/4758 4583/7287/4159
f 762/1084/949 4180/4765/3956 833/3372/1045
f 3330/4979/4085 1247/1792/367 2944/4379/3702
f 1785/2606/2313 1931/2826/2503 1938/2839/2514
f 1195/1709/1533 1194/1708/1532 738/1051/919
f 3022/4500/3785 2031/5626/2636 3023/4501/3786
f 2164/3177/2796 2166/3179/2798 2538/3749/3249
f 3251/4854/4013 2966/6632/3724 3926/3066/2711
f 1092/3811/1396 4057/8227/1398 4034/7370/4668
f 4877/8228/2256 4476/1278/1135 2722/1277/1134
f 2923/4342/3680 735/1047/915 4972/1011/881
f 2391/3520/3076 4350/6785/3211 976/5244/1249
f 785/1111/976 772/1097/962 2751/4054/3487
f 3756/5692/4382 386/8229/428 4401/6843/4879
f 3756/5692/4382 4401/6843/4879 2620/3870/3344
f 1331/1940/1741 2764/4078/3508 1329/1938/1739
f 3164/6598/3917 2051/3005/2658 2683/3957/3413
f 1763/2573/2283 2014/2958/2617 4229/6542/4796
f 3346/4999/4096 3016/4487/3775 3150/4678/3905
f 318/462/351 320/461/317 2897/4076/3506
f 1960/2866/2539 4792/7782/1173 344/494/377
f 2847/6824/3600 4867/7965/2915 3083/4584/3844
f 4264/6617/4817 4041/6157/4676 4037/6150/4672
f 1532/2236/1989 2010/2953/2612 2009/2952/2611
f 2089/3061/2706 3866/5865/4544 2283/3354/2943
f 1548/2260/2013 1549/2261/2014 517/742/622
f 3794/7699/2195 3817/5775/4503 3795/1850/1661
f 1391/2025/1812 1392/2027/1814 2690/4210/3420
f 4351/5088/4142 4350/8021/3211 3037/4517/3799
f 638/910/785 3774/5720/4471 3983/6050/4636
f 4047/6170/4680 1438/8230/1872 3900/6169/4573
f 2088/3060/2705 2211/3251/2855 4069/6207/4691
f 4546/880/756 4334/6754/4856 4811/878/754
f 849/1208/1070 848/1207/1069 2535/3746/3246
f 2839/4204/2756 4131/6326/4735 3942/5981/4605
f 3769/5714/4467 3024/4502/3787 3026/4504/3789
f 3820/5778/3325 3942/5981/4605 4131/6326/4735
f 85/54/51 4319/8209/4768 1947/2852/2526
f 4616/7346/2545 4701/7552/4969 3457/5198/4206
f 2470/2164/1929 1160/1659/1489 1487/1658/1488
f 4849/3242/2850 1745/3241/2262 2308/8231/2976
f 1916/8232/2484 2532/3737/3242 184/248/199
f 3706/5599/4411 3962/532/413 4959/8233/4117
f 3432/5157/4189 2441/3594/3134 99/131/104
f 2972/1750/1568 950/1579/1211 1111/1581/1420
f 4467/6321/4731 2692/3969/3422 2693/3970/3423
f 1697/6856/2193 1696/7027/2192 3351/5011/4103
f 4873/4032/3472 4268/6707/4820 4861/7953/2879
f 1595/2325/2070 3246/4847/4008 1596/2326/2071
f 1988/2916/2581 3551/5332/4280 4518/7136/4845
f 1261/1820/1634 4459/6448/3908 3568/5364/1654
f 606/863/739 2857/4233/3610 3518/5282/4254
f 1101/1564/1407 1100/1563/1406 1443/2099/1879
f 4127/6317/4730 491/7697/581 4816/7827/1922
f 4006/4750/3947 3436/5166/4191 3190/4751/3948
f 379/539/420 381/541/422 1954/2860/2534
f 4941/951/824 3224/4810/3984 670/952/825
f 2704/3981/3433 4032/6520/4666 4405/7413/4891
f 3413/5124/4167 1643/2393/2129 1642/2392/2128
f 3950/8000/4609 4659/7438/4964 3951/4222/3602
f 1283/1860/1670 2164/3177/2796 3148/1861/1671
f 3664/5080/4137 4689/7520/4948 3388/5081/4138
f 2332/3432/3004 809/1148/1011 2333/3433/3005
f 3990/6059/3807 3989/6058/4641 3134/7321/3893
f 3161/8118/3913 1668/8234/2162 4922/8119/1749
f 4102/6261/3041 3752/1669/1499 4960/8235/4444
f 3005/4472/3762 601/8236/735 2223/3267/2867
f 4961/8237/2971 4775/2772/2335 1891/2771/2453
f 2073/3035/2684 3045/1812/1627 2471/3638/3169
f 1741/6359/2258 4145/6360/4746 4877/7983/2256
f 2540/3752/3252 1006/1438/1286 1806/2634/2338
f 4052/6177/4681 3882/5890/4556 4053/6178/4682
f 2552/5545/3269 2016/2961/2620 2870/4257/3623
f 2233/3279/2878 4622/3278/2877 3772/3802/3290
f 4962/8238/1336 4822/5000/3352 4170/5002/4098
f 3808/5765/4495 3164/6598/3917 3806/5763/3916
f 741/1055/923 4693/7530/4952 692/986/856
f 3557/5348/4288 2147/3156/2778 3575/5377/4308
f 107/3924/113 1232/1769/1585 1231/1768/1584
f 4342/6767/4861 1249/1796/1611 3891/5904/4564
f 4384/6869/3995 4303/8239/4843 1537/2246/1999
f 3004/4471/3761 4948/8190/3480 3784/5730/3479
f 4907/2051/1835 4920/4838/4004 1378/2004/1794
f 2949/4385/3707 3732/5647/4435 511/731/611
f 1133/1611/1448 4968/5119/4163 611/872/748
f 2583/3818/3303 2584/3819/3304 816/4424/1020
f 2417/3563/3110 2722/1277/1134 894/1276/1133
f 587/838/716 1990/2924/2586 386/547/428
f 153/206/166 1008/1440/1288 147/199/159
f 2736/4026/3468 4206/6108/2250 3397/5097/4148
f 3408/5114/4161 2099/3081/2722 723/1031/900
f 4963/8240/379 4550/940/813 1233/6319/1586
f 1621/2362/2101 1620/2361/2100 3927/5038/2346
f 3102/4614/3863 1113/1583/1422 3478/5227/4223
f 138/193/149 3851/5834/3698 2846/8241/3599
f 4194/6474/4778 1134/7052/1450 1755/6475/1449
f 1687/2461/2183 776/1101/966 775/1100/965
f 820/8242/1026 2638/799/678 4415/798/677
f 2208/3247/2853 2207/3246/2852 1787/2608/2315
f 3565/5359/4296 4865/7962/4970 3970/7470/4329
f 2859/4237/3612 3622/5448/4346 810/1149/1012
f 3051/4537/3817 3645/2931/2592 4801/7798/4365
f 2490/3667/3190 790/1119/984 789/1118/983
f 2161/3174/2793 2160/3173/2792 4320/6722/2508
f 3331/4980/4086 2161/3174/2793 4320/6722/2508
f 2349/5814/3030 3648/8243/4368 4704/4860/4015
f 2703/3980/3432 1768/2579/2289 4032/6520/4666
f 986/1413/1263 3573/5374/4306 618/882/758
f 3036/4515/2948 1097/1559/1402 2791/1561/1404
f 4964/8244/1447 2477/3652/3178 4388/3651/3177
f 3582/5386/4315 4820/5385/4314 4965/8245/4631
f 193/1923/214 4734/8246/216 4678/261/207
f 3289/5669/4048 4612/8247/1276 1727/5753/2239
f 4093/6249/979 4094/6251/4649 4567/7245/4942
f 3291/4914/4050 4286/6660/4832 847/1205/1067
f 3413/5124/4167 2297/3378/2963 4503/7106/4920
f 3886/5895/4560 2203/3238/2848 2202/3237/2847
f 3638/5471/4359 925/1323/1177 4308/6700/1419
f 1482/1219/1081 858/1218/1080 4838/1569/1412
f 1597/2327/2072 2770/8072/3514 1595/2325/2070
f 2027/2976/2630 2716/3998/3445 547/783/662
f 4337/6761/2355 4469/6537/2354 962/1378/1228
f 3114/8248/3876 4751/7667/4935 3976/3758/3256
f 2060/3014/2667 4213/5648/4436 4547/7199/2509
f 1427/2077/1858 3217/4798/3489 4648/1603/1441
f 2274/3342/2931 1483/2155/1924 1482/2154/1081
f 2984/4973/3744 4508/2939/2599 4211/8249/4788
f 1877/2753/2438 918/1315/1170 2487/3663/1005
f 279/395/240 4883/8004/305 4966/8250/1811
f 4910/2360/2099 4600/7317/1782 1822/2663/890
f 4721/6938/869 4849/7930/2850 1954/2860/2534
f 2266/3331/1243 2265/3330/2922 4967/8251/4728
f 2797/4132/3543 1610/2348/2090 3203/4772/3957
f 4447/7006/4901 930/7008/1182 4847/7832/1605
f 4381/3728/3235 2527/3727/3234 2143/5030/2772
f 4763/8252/4304 2458/8253/3157 1764/8254/2284
f 2513/3705/3218 4191/6464/4774 1463/2126/1904
f 1740/2546/2257 4608/3100/2739 1741/2547/2258
f 4968/8255/4163 2012/2955/2614 4428/5339/4284
f 4194/6474/4778 3509/1954/1752 2982/4442/3742
f 2549/3771/3265 2365/3487/3047 4137/6337/4739
f 4103/6262/4714 2946/4382/3704 2945/4381/3703
f 2378/3502/3060 3433/5570/1769 2379/3503/3061
f 4887/8023/4886 4510/7251/4921 3502/5264/4243
f 1389/2022/1809 2541/3754/3254 473/670/551
f 726/982/853 689/981/852 4330/6633/3418
f 1542/2253/2006 1541/2252/2005 2491/3669/3191
f 4240/6572/1637 2862/4244/3616 4735/7634/1638
f 466/661/542 3837/5686/4450 4924/8256/2197
f 3285/4907/4045 4585/5925/4576 3705/5597/4410
f 3067/4563/3831 4356/6793/1576 2062/4564/2668
f 2497/3678/3200 1572/7265/2044 2407/3549/2043
f 1557/2271/2024 661/942/815 663/944/817
f 1565/2283/2035 3302/4930/4061 3499/4378/3701
f 4969/8257/4187 4054/6180/2377 2505/6995/3205
f 260/365/292 249/348/282 2719/4001/3447
f 260/365/292 2719/4001/3447 250/349/283
f 4580/1833/1646 3190/4751/3948 1268/1834/1647
f 1229/1762/1580 2788/937/810 3311/1763/1581
f 2670/8223/3398 2880/4276/3636 1940/2844/2519
f 2993/8258/3751 4662/7685/4965 1487/7684/1488
f 3982/6049/2670 3852/5835/4531 3847/5825/4526
f 2496/3677/3199 1878/2754/2439 577/4113/704
f 3576/5378/4309 4793/6794/4572 566/812/690
f 3571/5369/4302 1801/2627/2333 947/1357/1208
f 4334/6754/4856 4546/880/756 2643/3900/3367
f 3186/4741/3939 2356/4362/3035 2935/4361/3691
f 4970/8259/3580 4674/6910/4890 588/6912/717
f 2820/4170/3566 4203/6496/4784 945/1354/1205
f 1874/2745/2431 3665/5525/4386 4396/6899/4889
f 4423/2405/2138 3391/8026/4141 3555/2406/2139
f 654/929/802 653/928/801 2915/2791/2469
f 4940/1066/933 4157/6391/2804 2718/4000/3446
f 4127/6317/4730 4219/6519/4790 3610/5432/4337
f 2198/3231/2841 2281/3351/2940 2525/5789/3232
f 2196/3229/2839 4977/6063/1871 3379/5069/1870
f 3709/1387/1237 970/1389/1239 3866/5865/4544
f 2657/3921/3383 3142/4665/1306 1642/2392/2128
f 1766/2577/2287 1768/2579/2289 1819/7598/2357
f 4922/1951/1749 1032/1473/1318 1031/1472/1317
f 4941/951/824 505/722/602 3224/4810/3984
f 1651/2404/2137 3555/2406/2139 4275/6642/4827
f 557/802/680 4714/7590/4114 558/803/681
f 941/1347/863 4504/7109/4360 4200/6491/1674
f 1856/2707/2402 2796/4131/3542 2795/4130/3541
f 4078/6224/1688 4392/7795/3066 4079/6225/4693
f 1132/8018/1446 4283/6656/4830 4964/7267/1447
f 1409/2050/1834 2979/4437/3739 3175/4719/2965
f 1788/2609/2316 1695/2470/2191 4766/7709/4853
f 1713/2501/1629 4344/6845/2454 4376/6847/2165
f 4535/6920/3496 4971/8260/3498 2835/4196/3586
f 1117/1590/1428 2352/3466/3032 1635/2383/2120
f 4683/6477/2570 4669/6760/4858 962/1378/1228
f 354/505/388 4972/8261/881 4638/506/389
f 2782/4101/3527 1332/1941/1742 4234/6551/4798
f 3556/3462/3029 3648/8262/4368 2349/3463/3030
f 3605/5424/4333 595/8226/729 2102/3087/1138
f 836/1191/1053 1723/2520/2233 837/1192/1054
f 2740/6028/3473 2436/3589/3129 3139/4662/3898
f 4255/1695/1522 3777/5723/4473 4738/1141/1004
f 3745/5673/4445 948/7897/1209 950/1579/1211
f 1112/1582/1421 2573/3807/3295 3908/8263/4581
f 4409/7407/3592 4973/8264/2444 856/1216/1078
f 4855/7943/1975 3551/5332/4280 1987/2915/2580
f 4744/7653/668 3935/5972/4600 3778/7537/4474
f 1399/2036/1820 2850/4220/3535 4239/6565/4801
f 2569/7004/3288 2550/3774/3267 3994/6067/4644
f 2897/4300/3506 321/453/348 326/471/357
f 4247/6585/4808 431/610/491 433/612/493
f 4373/6837/2279 2644/7502/3368 1761/8265/2280
f 2111/2205/1962 1418/2065/1848 1417/2064/1847
f 2366/3488/3048 2637/3891/3361 4936/8160/4205
f 2878/8266/3634 184/248/199 3111/4626/3872
f 802/8267/998 801/8037/997 4893/8038/3461
f 3886/5895/4560 2202/3237/2847 3383/5074/4133
f 3461/5202/4208 3463/5204/4210 1771/2586/2295
f 1384/2011/1801 4470/3083/2724 1385/2012/1802
f 3275/7361/4037 4023/6121/4511 2183/3210/2822
f 314/476/349 3823/5781/4506 3824/5783/4507
f 184/248/199 1291/1881/1689 3111/4626/3872
f 2280/3349/2938 1662/7874/2155 4728/7625/3632
f 3888/5897/4562 3579/5382/4062 4716/5790/4510
f 4495/7096/4917 3835/5809/4518 2745/3733/3240
f 1337/1947/1747 3703/5593/4409 523/4794/628
f 1652/2408/2141 1692/7955/2188 3778/7537/4474
f 854/1213/1075 1615/8268/1088 1617/1214/1076
f 2887/4286/2891 2396/3534/3087 1533/4350/1991
f 4829/7878/3507 3596/5403/2230 318/8269/351
f 1405/2045/1829 3644/4721/3925 2781/4100/3526
f 2225/8270/2869 1217/3249/1562 3045/4529/1627
f 3782/7342/4478 4276/6643/4828 4559/7229/4940
f 1028/1467/1312 4570/1647/1479 2492/3673/3195
f 3300/4927/4060 1734/6966/2247 660/938/811
f 2007/6527/2609 4974/8271/2608 1705/2488/2205
f 879/1255/1113 3403/5104/4154 3402/5103/4153
f 866/3920/1092 4736/1050/918 110/8272/116
f 911/8273/1156 4413/6639/4825 3659/5506/1157
f 4864/7554/727 3682/5556/2546 3681/5555/4397
f 1138/1620/1456 388/549/430 3928/7873/4595
f 1052/1500/1344 887/1266/1124 1053/1501/1345
f 2351/3465/3031 4591/7702/4949 4590/891/766
f 729/1040/908 4185/5058/4123 730/1041/909
f 1183/888/763 623/890/765 1184/5899/1520
f 703/4953/872 4800/7796/2962 3314/4954/3963
f 808/1146/1009 809/1148/1011 2332/3432/3004
f 3488/5240/4228 1156/1653/1483 3211/4787/3970
f 1794/2619/2325 1795/2621/2327 4808/3163/2783
f 1299/1891/1698 855/4407/1077 3932/5969/4599
f 4150/6374/4750 2287/3361/2949 4817/5674/4446
f 3898/5913/4570 3899/5914/1375 3380/7061/4130
f 2806/4144/3551 2450/3611/3148 1114/1584/1423
f 4975/8274/2353 2666/3936/2939 2503/3684/1583
f 176/236/189 177/238/191 3707/5600/4412
f 2058/6867/2665 2057/4802/2664 3220/4801/3978
f 1749/2555/2266 4770/7718/1025 4415/6945/677
f 4263/6616/1743 1654/2410/2143 4264/6617/4817
f 3767/8275/4074 4163/6404/1334 4164/6405/4528
f 3890/5900/4563 1326/1933/1734 2000/2938/2598
f 1531/2235/1988 1530/2234/1987 1636/2385/2121
f 4291/6667/4836 4257/6605/4814 3627/5454/4351
f 2288/3365/2953 4124/6306/4517 2265/6730/2922
f 2568/3798/3286 1963/4940/2542 3306/4939/4067
f 1702/2926/2201 1097/1559/1402 1992/2927/2588
f 5/6/6 4602/7320/4487 3/4/4
f 2674/710/590 2673/4861/3401 2236/711/591
f 2585/4291/3307 4615/7340/4953 4465/1285/1142
f 2351/3465/3031 624/893/768 2352/3466/3032
f 571/818/696 2324/3423/2997 2326/3425/2999
f 2444/7655/3141 4941/8178/824 4745/7656/4933
f 1781/2600/2308 2827/4183/3574 2826/4182/3573
f 4083/6234/4698 3376/6860/4124 4589/7299/1538
f 1748/2554/2265 899/1284/1141 4001/6077/4647
f 2126/3123/2753 4857/3122/2752 122/163/128
f 3234/7290/3997 1544/2256/2009 1115/1585/1424
f 4260/7467/3363 3997/3410/2986 3937/5974/4601
f 419/3328/474 1823/8276/2364 2262/3326/2919
f 792/1121/986 3156/8277/172 3157/1122/987
f 2314/3403/2981 2716/3998/3445 4249/6588/1035
f 3674/5541/4392 3505/5268/4246 3030/4509/3794
f 2084/3055/2701 2052/3006/2659 2051/3005/2658
f 3455/2919/2583 2748/4047/3482 1230/1764/1582
f 2143/5030/2772 1580/5029/2053 4976/8278/630
f 3951/4222/3602 2461/3628/3161 2852/4223/3603
f 3922/7543/4590 1395/2030/910 1394/2029/1815
f 3124/4644/3884 3221/6418/3980 3125/4645/3885
f 1257/1814/1628 4529/7159/4929 1922/2813/2490
f 4076/3770/3006 4287/6661/4833 2549/3771/3265
f 3737/5655/2497 4052/6177/4681 1928/6176/2498
f 3803/5760/4492 2762/4074/3504 2763/4075/3505
f 4382/5216/4217 2401/3540/3092 3816/5774/4502
f 3640/5473/3783 1438/7751/1872 4977/8279/1871
f 2899/4308/3660 3514/5278/2410 1448/2105/1885
f 4624/7364/2462 4815/5345/1539 344/494/377
f 864/1231/1090 4854/8280/3624 865/1232/1091
f 1480/2147/1919 3747/2148/1920 2064/3019/2671
f 2521/3720/3227 4710/1986/1778 1367/1985/1777
f 4041/6157/4676 4040/6156/4675 3462/5203/4209
f 4732/7631/2211 4088/6240/4529 4087/6239/4703
f 3694/3766/3263 2725/6580/3456 2724/5736/3455
f 4872/7975/657 3720/4864/4018 3256/4863/4017
f 4577/5302/4264 1498/2187/1948 4605/7239/4941
f 1498/2187/1948 793/1123/988 4605/7239/4941
f 2447/3607/3144 2448/3608/3145 1842/6772/2386
f 2385/3514/3070 3163/4702/3915 3081/4582/3842
f 2180/3206/2818 2044/2998/2652 2181/3207/2819
f 2084/3055/2701 2085/3056/2702 2052/3006/2659
f 1613/2352/2093 2269/3334/2925 3860/1509/1353
f 3171/4714/3921 4405/7413/4891 4126/3743/3244
f 4634/7387/4959 3967/6024/4622 3953/5997/4613
f 642/916/789 2187/7499/2826 643/917/790
f 871/1241/1099 964/1380/1230 872/1242/1100
f 4163/6404/1334 4962/8238/1336 4170/5002/4098
f 97/8281/107 2441/3594/3134 3483/4599/3851
f 1353/1966/1763 2221/3265/2865 2013/2957/2616
f 813/1153/1016 3569/5366/4301 442/3648/509
f 591/6535/721 4456/2342/2086 1870/8282/2426
f 2643/3900/3367 3297/4920/4056 4334/6754/4856
f 1469/2132/1910 1471/2134/1912 4330/6747/3418
f 737/8283/917 3775/5721/4472 4736/7635/918
f 3334/7308/1327 137/186/144 134/182/145
f 458/650/531 1626/7641/2107 3504/5267/4245
f 627/897/772 4153/3048/2695 1966/2879/2550
f 1699/2478/2199 2155/3168/2787 2154/3167/2786
f 3452/5188/4129 3451/5187/1108 4978/8284/1277
f 3215/4795/3976 109/150/115 1163/1662/1492
f 3717/5611/4418 3716/5610/1680 1645/2395/2131
f 1187/972/843 3738/4622/1526 682/973/844
