# Blender 4.3.0
# www.blender.org
mtllib temp.mtl
o Mesh_0
v -0.238174 0.374805 0.466865
v -0.234228 0.366965 0.469432
v -0.205577 0.406925 0.466404
v -0.118016 0.114967 0.536720
v -0.064845 0.150223 0.530500
v -0.248053 0.510637 -0.808295
v -0.254398 0.461688 -0.817322
v -0.533008 0.500340 -0.687445
v -0.604677 0.450729 -0.574222
v -0.617892 0.434215 -0.555835
v -0.689622 0.313887 -0.481849
v -0.688910 0.325399 -0.491015
v 0.448870 0.353898 -0.320889
v 0.428841 0.344632 -0.326118
v 0.431550 0.341697 -0.307097
v 0.440731 0.339073 -0.301731
v -0.668702 0.317958 -0.082631
v -0.680306 0.318182 -0.071428
v -0.675744 0.313245 -0.090873
v 0.334068 -0.281233 -0.046897
v 0.357428 -0.289665 -0.052224
v 0.337237 -0.283947 -0.059475
v 0.480894 0.243735 -0.044729
v 0.475540 0.215134 -0.049543
v -0.686257 0.249231 -0.031760
v 0.125608 0.874089 0.179564
v 0.103649 0.888375 0.171329
v -0.636025 0.202943 0.166878
v -0.612728 0.217857 0.196458
v -0.621355 0.176407 0.189356
v 0.148113 0.852917 0.174613
v 0.145655 0.844677 0.190822
v -0.315062 0.831944 0.236121
v -0.327898 0.819156 0.241923
v -0.240100 -0.414510 0.230027
v -0.539233 -0.169302 0.275297
v -0.557441 -0.180828 0.247066
v -0.579484 -0.156596 0.229602
v -0.505186 0.405200 0.303605
v -0.478641 0.435201 0.321879
v 0.023834 -0.474557 0.386371
v 0.030321 -0.502091 0.370061
v -0.350642 -0.384776 0.390969
v -0.329760 -0.434638 0.381921
v -0.361198 0.019248 0.439657
v -0.397359 0.046528 0.416802
v -0.371134 0.075923 0.433642
v 0.097029 0.128893 0.461309
v 0.069283 0.154447 0.474649
v 0.091788 0.157715 0.461847
v 0.250384 -0.179682 0.481655
v 0.241640 -0.238881 0.481830
v -0.216765 0.010801 0.502756
v -0.207832 0.013865 0.528771
v -0.222215 0.027106 0.518228
v -0.213768 0.046453 0.527856
v -0.225287 0.013264 0.513281
v -0.211972 0.067701 0.522944
v -0.060330 -0.854828 0.676970
v -0.059351 -0.883871 0.683862
v -0.064379 -0.891918 0.709691
v -0.049798 -0.860800 0.719992
v -0.049486 -0.838966 0.707626
v -0.003797 -0.796870 0.734518
v 0.001935 -0.781699 0.711785
v 0.010102 -0.781005 0.732385
v 0.001896 -0.822761 0.702419
v -0.006393 -0.810919 0.754450
v -0.004062 -0.835791 0.717907
v 0.023038 -0.785648 0.752005
v 0.030714 -0.777900 0.741263
v 0.035969 -0.777472 0.725974
v 0.001985 -0.784415 0.756027
v 0.005950 -0.790754 0.700935
v -0.000826 -0.805340 0.691641
v -0.006292 -0.844538 0.732102
v 0.041170 -0.791297 0.709742
v 0.010796 -0.813558 0.693590
v 0.092414 -0.750179 0.807168
v 0.070810 -0.753292 0.808812
v 0.071211 -0.769991 0.794063
v 0.091984 -0.766942 0.793596
v -0.000889 -0.745564 0.813823
v 0.040399 -0.732426 0.824102
v 0.043761 -0.748944 0.812294
v -0.162208 -0.693535 0.843137
v -0.181372 -0.694208 0.841089
v -0.151391 -0.708237 0.838650
v -0.120997 -0.684687 0.853314
v -0.108554 -0.686812 0.845358
v 0.183318 -0.241195 0.483518
v 0.549404 -0.307112 0.232667
v 0.552930 -0.322423 0.211918
v 0.559863 -0.319798 0.231757
v 0.459336 0.271693 -0.113300
v 0.456710 -0.301636 0.125420
v 0.468245 -0.303771 0.130657
v 0.463618 -0.306514 0.105165
v -0.288499 0.822356 0.239136
v 0.488705 -0.241604 0.122702
v 0.498466 -0.254034 0.103242
v 0.502630 -0.281991 0.244577
v 0.518535 -0.298324 0.239456
v 0.470003 -0.308332 0.151538
v 0.167783 0.839265 0.163321
v 0.202859 -0.360166 0.270463
v 0.211325 -0.375538 0.265077
v 0.232229 -0.333640 0.268740
v 0.097894 0.966822 0.039264
v 0.095486 0.974482 0.007736
v 0.317832 -0.097671 -0.582244
v 0.294251 -0.078244 -0.589133
v 0.315545 -0.077048 -0.571564
v -0.182402 0.009539 0.515884
v -0.383778 0.962394 -0.036645
v -0.349659 0.953609 -0.054203
v -0.359083 0.968863 -0.035387
v 0.659104 -0.232739 0.189498
v 0.683180 -0.245510 0.195545
v -0.691178 0.277798 -0.501709
v -0.685793 0.264324 -0.477340
v 0.231921 0.199449 0.370434
v 0.232941 0.141649 0.375574
v 0.184127 -0.216970 0.418938
v 0.171830 -0.198129 0.439053
v 0.211960 -0.185663 0.424376
v -0.525327 -0.258198 -0.322216
v -0.513520 -0.290487 -0.283620
v 0.077587 -0.156899 0.588482
v 0.079223 -0.156101 0.561846
v 0.165991 -0.699778 0.778728
v 0.183686 -0.686331 0.778898
v 0.161336 -0.654771 0.806714
v -0.430497 0.724848 0.309721
v -0.379757 0.739364 0.337803
v 0.283039 0.706958 0.280999
v 0.275879 0.744553 0.346827
v 0.323103 0.715328 0.301824
v 0.260316 -0.199330 -0.551320
v 0.253721 -0.178546 -0.553654
v 0.193664 -0.201691 0.336889
v 0.194203 -0.222674 0.266267
v 0.279639 0.728751 0.040933
v 0.277093 0.731593 0.094839
v 0.313572 0.697803 0.017744
v -0.463863 0.678202 0.395321
v -0.406048 0.681848 0.410675
v -0.392880 0.700999 0.428019
v 0.134466 -0.861050 0.669473
v 0.148033 -0.840472 0.691735
v 0.139118 -0.893064 0.669308
v -0.417290 0.580556 0.353604
v -0.592076 -0.135929 0.349612
v -0.120393 -0.025642 0.578430
v -0.077364 -0.070945 0.574107
v -0.093614 -0.014281 0.576902
v 0.243067 0.746056 0.383327
v 0.271647 0.673509 0.387609
v -0.392265 0.762997 0.398339
v -0.346798 0.708969 0.442760
v 0.285228 -0.168918 0.434767
v 0.304540 -0.161489 0.410074
v 0.121392 0.859557 0.189705
v -0.330198 -0.319899 0.127533
v -0.311534 -0.337806 0.118905
v 0.026160 0.275547 0.484259
v 0.323691 -0.213476 0.297281
v 0.307746 -0.234029 0.277639
v -0.000777 0.692028 -0.754128
v -0.291913 0.374388 -0.798316
v 0.060074 0.482793 -0.805484
v 0.146298 0.486420 -0.784976
v 0.075173 0.432739 -0.807089
v 0.467810 -0.030747 0.147046
v 0.054737 -0.212632 0.601656
v 0.450913 0.389848 -0.493279
v 0.438050 0.390992 -0.520053
v 0.457291 0.323051 -0.499498
v 0.420369 0.447974 0.188430
v 0.407760 0.483729 0.203119
v 0.400507 0.420634 0.218168
v 0.444070 0.384716 -0.539225
v 0.097909 -0.205165 0.402539
v 0.137729 -0.154769 0.422190
v -0.050072 -0.431002 0.412753
v -0.073581 -0.432112 0.364002
v -0.019588 -0.426742 0.388834
v -0.572853 0.471420 -0.608123
v -0.600759 0.416543 -0.586462
v -0.311552 -0.324937 0.542729
v -0.683323 0.280296 -0.137586
v -0.673731 0.257933 -0.141282
v -0.714077 0.141666 0.158609
v -0.713744 0.093267 0.154086
v -0.713926 0.083094 0.160376
v -0.210722 -0.630284 0.865621
v -0.192018 -0.630629 0.881176
v -0.106794 0.135780 0.430199
v 0.066445 0.127149 0.351365
v 0.059126 0.150879 0.332655
v 0.100619 0.115950 0.312332
v -0.280196 -0.140309 0.579725
v -0.296895 -0.159932 0.580218
v 0.278993 -0.266636 -0.378616
v 0.293406 -0.263334 -0.398283
v -0.558166 -0.135369 0.371872
v -0.576186 -0.132181 0.362342
v -0.539889 -0.155779 0.401570
v -0.525341 -0.080311 -0.556645
v -0.512017 -0.079495 -0.533424
v -0.217765 0.717605 -0.752923
v -0.217472 0.686447 -0.753657
v -0.584187 -0.300353 -0.024200
v -0.571315 -0.295721 -0.024079
v -0.565371 -0.289014 -0.046981
v 0.079003 0.407399 -0.795639
v 0.025367 0.367919 -0.818872
v 0.098228 0.379582 -0.796609
v 0.428888 0.476069 0.125072
v 0.129153 0.962717 -0.276745
v 0.126336 0.957687 -0.198978
v 0.142296 0.951341 -0.271757
v -0.357424 0.870877 0.161155
v -0.316960 0.871911 0.170876
v 0.443217 0.325683 -0.057382
v 0.166469 -0.175352 0.478599
v -0.242733 0.001957 0.496944
v -0.611807 -0.063791 0.255376
v -0.627566 -0.045173 0.273526
v -0.023322 -0.248408 0.588548
v 0.018384 -0.260731 0.585245
v -0.005521 -0.216422 0.575594
v -0.183128 0.376864 -0.819588
v -0.111058 0.382110 -0.820605
v -0.394639 0.872460 0.087807
v -0.389488 0.867925 0.083935
v -0.382667 0.855481 0.100003
v -0.333354 -0.422950 0.225408
v 0.170918 -0.007135 0.309485
v 0.184512 -0.107511 0.351055
v 0.328972 -0.141300 0.324636
v 0.314368 -0.080477 0.333668
v -0.658602 -0.124341 0.235900
v -0.632143 -0.126816 0.277665
v -0.208463 -0.214519 0.576359
v -0.149538 -0.233205 0.588693
v 0.419741 -0.334673 0.068583
v 0.415626 -0.322373 0.095078
v 0.429182 -0.326376 0.091713
v 0.157134 -0.773564 0.606030
v 0.154436 -0.833182 0.652065
v 0.150487 -0.759338 0.579934
v 0.320920 -0.261737 -0.159265
v 0.319222 -0.280519 -0.137465
v 0.327770 -0.289338 -0.162788
v -0.403336 0.614725 0.379127
v -0.431922 0.535647 0.369158
v -0.380504 0.537574 0.401892
v -0.339041 0.762222 0.274687
v -0.291103 0.757928 0.305196
v -0.317988 0.733833 0.330744
v 0.486501 0.316493 -0.046414
v -0.345071 0.290913 0.428223
v -0.352026 0.205353 0.432402
v 0.422122 -0.285935 0.114552
v 0.167115 -0.193021 0.386624
v -0.534407 0.338386 0.277370
v -0.509530 0.335539 0.305013
v 0.173771 -0.384745 0.303619
v 0.216516 -0.335887 0.285004
v -0.169591 -0.675897 0.556155
v -0.473622 0.728004 0.052074
v -0.529036 0.666747 0.093132
v -0.495819 0.705769 0.033644
v -0.672274 0.245548 -0.076181
v -0.677658 0.206398 -0.090775
v 0.495166 0.278062 -0.448933
v 0.490861 0.254752 -0.438847
v 0.490594 0.292333 -0.432025
v -0.243321 0.172609 0.348872
v -0.189059 0.194487 0.362429
v -0.218355 0.164158 0.374463
v 0.282034 0.695779 0.269084
v -0.508203 -0.291099 -0.332313
v -0.200577 -0.019476 0.589622
v 0.450596 -0.271947 0.092230
v -0.490672 0.443986 -0.768285
v -0.485575 0.371313 -0.778430
v 0.463300 0.350927 -0.295044
v 0.465537 0.333750 -0.303273
v -0.080618 0.312685 -0.849644
v -0.052446 0.278585 -0.862623
v -0.029532 0.298968 -0.846506
v -0.260709 -0.890650 0.693267
v -0.240057 -0.885171 0.668645
v -0.235247 -0.914275 0.665223
v 0.472063 0.413176 -0.512635
v 0.468431 0.399707 -0.452393
v 0.467826 0.401328 -0.511064
v 0.206692 0.782618 0.097225
v 0.200940 0.776068 0.184248
v 0.215073 0.765154 0.187257
v -0.695057 0.341500 0.175813
v 0.023137 -0.779083 0.712294
v 0.434785 0.395566 0.175820
v 0.448086 0.369615 0.202368
v 0.029791 -0.429882 0.092363
v -0.653490 0.411268 0.108333
v -0.686034 0.209736 -0.469986
v -0.683790 0.223349 -0.432357
v -0.672651 0.319998 0.205919
v -0.640407 0.318593 -0.061494
v -0.524957 0.677135 0.243724
v -0.456930 0.725713 0.251493
v 0.417005 -0.330510 0.025612
v 0.423229 -0.304422 0.010679
v 0.081778 0.912246 0.082116
v 0.089566 0.912037 0.094548
v -0.571792 -0.384332 -0.114286
v -0.555903 -0.301378 -0.114219
v -0.535350 -0.318956 -0.126234
v 0.018646 0.014233 0.515895
v 0.047418 -0.008193 0.496286
v -0.365481 0.937757 -0.141373
v -0.350043 0.937079 -0.095749
v -0.319610 0.950365 -0.077434
v 0.397330 0.238292 0.208904
v 0.330207 -0.112561 -0.510232
v 0.220361 0.656331 0.340351
v 0.127816 -0.379343 0.423583
v 0.147277 -0.366281 0.430576
v 0.139322 -0.344687 0.438102
v -0.147896 -0.444408 0.606401
v -0.500069 -0.256770 -0.043173
v 0.169264 -0.172574 0.535539
v 0.143289 -0.168668 0.528909
v 0.080028 -0.162764 0.531329
v 0.145191 0.946136 -0.215246
v 0.143008 0.932931 -0.197827
v 0.136135 0.944811 -0.282941
v 0.010398 0.050417 0.477940
v 0.034647 -0.005856 0.495688
v 0.053727 0.012290 0.469509
v 0.356345 0.654954 0.009824
v 0.378290 0.625594 0.029727
v 0.358889 0.650212 -0.008202
v -0.389124 -0.250509 0.464621
v -0.362898 -0.278965 0.497750
v -0.614964 0.481722 0.203556
v -0.627316 0.447352 0.193586
v 0.337971 -0.105701 -0.554824
v -0.101806 0.564339 0.434422
v -0.041933 0.555107 0.436198
v -0.261421 -0.422505 0.228137
v 0.159911 -0.827722 0.708149
v 0.168518 -0.844578 0.701193
v -0.707302 0.240486 -0.396438
v -0.701378 0.241340 -0.406499
v -0.700288 0.236425 -0.373439
v 0.478734 0.243262 -0.393711
v 0.481252 0.247944 -0.408704
v -0.242178 -0.397537 0.194176
v -0.210805 -0.407744 0.172302
v -0.016489 0.597599 0.424732
v -0.080523 0.612270 0.421137
v -0.610604 -0.100637 0.320631
v 0.081847 -0.379405 0.237946
v 0.464978 0.496781 0.193734
v 0.496718 0.438910 0.145222
v 0.159481 -0.381572 0.392253
v 0.161532 -0.395964 0.362412
v 0.171216 -0.395763 0.329670
v 0.157943 -0.384643 0.344838
v 0.080120 0.900209 0.080065
v 0.096893 0.882401 0.098678
v 0.313036 -0.127577 -0.469120
v 0.310761 -0.109588 -0.541749
v 0.307692 -0.141134 -0.523844
v -0.521766 -0.326037 -0.216402
v -0.542785 -0.281675 -0.210249
v 0.309870 -0.173415 -0.527210
v 0.328700 -0.140143 -0.515801
v 0.302443 -0.171686 -0.515127
v -0.620257 0.537041 0.028660
v -0.614871 0.549844 -0.039192
v -0.628730 0.499595 -0.044210
v -0.336218 -0.174664 0.561125
v -0.572415 0.202674 0.245188
v -0.553066 0.099702 0.274987
v 0.191764 -0.173539 0.520372
v -0.235475 0.648531 0.407887
v -0.170054 0.621440 0.419424
v 0.075134 -0.621211 0.560103
v 0.469949 0.249526 -0.053492
v -0.635946 0.467751 -0.046758
v -0.641049 0.432339 -0.050287
v -0.642387 0.429784 0.005304
v -0.141288 0.263676 0.543884
v -0.098867 0.262073 0.544074
v -0.127575 0.265368 0.549203
v -0.644811 0.358163 0.114802
v -0.637791 0.319369 0.129860
v -0.405265 -0.394025 -0.028155
v -0.565124 0.560579 0.225418
v -0.534748 0.606537 0.254111
v -0.558322 0.527529 0.238413
v -0.681499 0.444357 0.171896
v -0.667667 0.423781 0.195084
v 0.175343 0.711678 0.336007
v 0.445572 0.245177 -0.392586
v 0.450354 0.254527 -0.428842
v 0.456716 0.250088 -0.419012
v -0.371902 0.952416 -0.314775
v -0.348119 0.968023 -0.303298
v -0.338154 0.971837 -0.342872
v -0.673383 0.379607 -0.457416
v -0.668056 0.373993 -0.445425
v 0.230466 0.318864 0.387006
v 0.174541 0.217066 0.432604
v 0.224929 0.219079 0.398958
v -0.291372 -0.702172 0.753613
v -0.296275 -0.734473 0.727651
v -0.305160 -0.756800 0.726292
v 0.061477 0.763810 0.304970
v 0.031175 0.762206 0.328721
v 0.052086 0.304997 0.489360
v -0.006372 0.218567 0.527275
v 0.053709 0.277848 0.491925
v -0.381769 0.815435 0.209574
v -0.362977 0.831410 0.221551
v 0.318497 -0.091806 -0.525045
v 0.335787 -0.108927 -0.533318
v -0.051723 0.450871 -0.835036
v -0.143851 0.367041 0.480950
v -0.155178 0.430270 0.466981
v -0.125003 0.454740 0.462508
v -0.215318 0.366470 -0.834366
v 0.446559 0.321024 0.168457
v 0.426708 0.321215 0.194520
v 0.448420 0.272048 0.170525
v -0.084333 -0.493240 0.800712
v -0.020727 -0.482489 0.788987
v 0.015384 -0.014861 0.480759
v 0.156437 -0.403329 0.322272
v 0.167656 -0.416372 0.277953
v 0.187591 -0.392777 0.298836
v -0.092296 -0.987337 0.624489
v -0.098069 -0.984813 0.614641
v -0.061834 -0.989463 0.615883
v -0.671278 0.313543 -0.165765
v -0.675040 0.258033 -0.165083
v 0.398156 -0.307717 -0.023637
v 0.411712 -0.306242 -0.017640
v 0.386923 -0.354624 -0.012470
v 0.302756 -0.322487 0.131207
v 0.305497 -0.320933 0.091956
v 0.341519 -0.275571 0.139909
v 0.323996 0.631495 0.342507
v 0.343072 0.609600 0.319697
v 0.340843 0.635957 0.338198
v 0.465686 0.317859 -0.573930
v -0.206824 0.553763 -0.803248
v -0.380703 0.862740 0.082910
v -0.377969 0.857754 0.070431
v 0.038168 0.692439 0.453476
v 0.114417 0.693223 0.440410
v 0.088993 0.697483 0.454060
v 0.088034 -0.644665 0.878438
v 0.083065 -0.619935 0.866769
v -0.044879 0.049291 0.538431
v -0.003152 0.095679 0.520110
v -0.008737 0.047401 0.529315
v 0.122119 0.787246 0.234686
v -0.406112 -0.123354 0.307013
v -0.273336 0.748835 0.321515
v 0.311354 -0.246040 -0.345955
v 0.431439 0.321135 -0.068451
v 0.428979 0.270907 -0.055809
v 0.425832 0.247726 -0.072970
v 0.454262 0.417504 -0.490715
v 0.144825 0.811849 0.188563
v 0.165711 0.830838 0.178120
v 0.173404 0.801613 0.204700
v 0.081469 -0.554813 0.572817
v 0.082476 -0.614985 0.641417
v 0.081299 -0.603890 0.595192
v -0.509849 0.034319 0.329376
v -0.492670 0.055825 0.342526
v -0.470068 0.001820 0.368218
v 0.020688 -0.405930 0.209956
v 0.061521 -0.405103 0.215391
v -0.656234 0.116929 -0.048882
v -0.650001 0.146034 -0.050555
v -0.284154 -0.730238 0.612271
v -0.270725 -0.770653 0.622505
v -0.291532 -0.727193 0.658369
v -0.003161 -0.339703 0.584326
v 0.007351 -0.277173 0.581660
v 0.211088 0.757205 0.386146
v -0.056567 0.448462 -0.827873
v 0.312030 -0.180077 -0.397578
v -0.472652 0.379200 -0.808404
v -0.454228 0.378288 -0.828415
v -0.468742 0.358213 -0.794097
v 0.451189 0.207938 -0.106072
v 0.430053 0.201075 -0.104363
v -0.419660 -0.039298 -0.629728
v -0.431631 -0.070591 -0.615037
v -0.397601 -0.086837 -0.639821
v 0.054862 0.433706 0.465298
v 0.108776 0.497461 0.436218
v -0.686641 0.342728 -0.513273
v -0.477802 0.142842 0.346983
v -0.458707 0.208742 0.357956
v -0.039519 -0.714432 0.822923
v -0.045956 -0.723069 0.803867
v -0.049626 -0.729576 0.826462
v -0.273053 0.577395 -0.787074
v -0.248809 0.601224 -0.784402
v -0.209725 0.581545 -0.798255
v 0.420643 -0.046478 0.274778
v 0.430474 -0.051965 0.278055
v 0.442972 0.002888 0.251525
v -0.284032 -0.707834 0.802431
v -0.270163 -0.708865 0.792153
v -0.278929 -0.731861 0.772427
v -0.108860 -0.685052 0.823839
v -0.103288 -0.704912 0.839480
v -0.106025 -0.715276 0.814087
v 0.300631 -0.303837 0.005427
v 0.006614 0.728254 0.381840
v 0.139505 -0.392403 0.377760
v 0.155969 -0.386905 0.388786
v -0.431108 -0.369081 0.259202
v -0.430470 -0.362238 0.245450
v -0.684034 0.316849 -0.147675
v -0.679780 0.271954 -0.158183
v 0.536802 -0.311463 0.243287
v 0.541096 -0.343222 0.219644
v -0.707886 0.297812 -0.383933
v 0.336821 -0.350695 0.016226
v 0.403032 -0.071679 0.286017
v 0.397964 -0.091948 0.313712
v 0.106986 0.943571 -0.081035
v 0.421539 0.537842 0.083212
v 0.426388 0.530329 0.141879
v 0.437436 0.486737 0.096947
v 0.315137 -0.264442 -0.009650
v 0.315079 -0.281677 0.004910
v -0.641918 0.241149 -0.082850
v -0.647463 0.199295 -0.109255
v 0.451923 0.404701 -0.504591
v 0.454513 0.401077 -0.513821
v 0.466084 0.263014 -0.499293
v 0.494155 0.282497 -0.388620
v 0.012013 -0.983179 0.614383
v 0.031928 -0.964261 0.599687
v 0.067656 -0.961212 0.633625
v 0.188396 -0.260301 0.340198
v -0.324027 0.965972 -0.070551
v -0.682255 0.331767 -0.278239
v -0.673759 0.301588 -0.285260
v 0.086376 -0.365934 0.338871
v 0.067840 -0.374760 0.311235
v -0.545831 -0.381314 -0.126869
v -0.524136 -0.361190 -0.161359
v 0.099192 0.922967 -0.041543
v -0.180524 0.716675 -0.725910
v 0.429174 -0.008192 0.250094
v 0.444741 0.057662 0.230274
v 0.158640 -0.310938 0.307229
v 0.137278 -0.347203 0.289352
v 0.139984 -0.332802 0.302777
v 0.417893 -0.310543 0.058031
v 0.429286 -0.331989 0.039136
v 0.029299 -0.431297 0.414827
v 0.013071 -0.421908 0.423737
v 0.044846 -0.407658 0.432416
v 0.118105 0.104643 0.308742
v -0.161375 0.023523 0.511920
v -0.157768 0.034374 0.506229
v -0.001302 0.005948 0.525142
v -0.297276 -0.153833 0.566864
v 0.117295 0.506073 0.412396
v 0.192134 0.508397 0.370886
v 0.167590 0.431212 0.392150
v -0.700802 0.377604 -0.432049
v -0.549711 -0.218033 0.371601
v -0.528233 -0.226804 0.396395
v 0.074245 0.925403 0.024015
v 0.100860 0.888860 0.075526
v -0.125764 -0.434564 0.412845
v -0.031949 -0.437675 0.413097
v -0.547392 -0.193046 -0.388633
v -0.531732 -0.225563 -0.301530
v -0.528934 -0.187987 -0.382222
v -0.373820 0.809608 0.132077
v -0.582813 0.559962 0.176865
v -0.684993 0.277545 -0.436077
v -0.683662 0.253775 -0.440625
v 0.318384 -0.234997 -0.273521
v 0.332960 -0.257959 -0.218626
v 0.470726 0.414797 -0.442593
v -0.689524 0.403189 -0.429884
v -0.633269 -0.098342 0.090314
v -0.633272 -0.103579 0.128365
v -0.387154 -0.356377 0.415059
v -0.373475 -0.375856 0.419665
v -0.377473 -0.356559 0.428329
v -0.322107 0.972024 -0.418195
v -0.278289 0.992227 -0.407872
v -0.279750 0.980405 -0.480486
v -0.323699 0.393274 0.430361
v -0.292275 0.387059 0.445584
v -0.077070 0.761077 -0.719375
v -0.038892 0.722737 -0.721211
v -0.011407 0.755719 -0.705431
v -0.075150 0.287878 0.500562
v -0.025490 0.239581 0.507088
v -0.676856 0.361014 -0.431143
v -0.667087 0.340831 -0.377965
v 0.114438 0.917836 -0.530472
v 0.040993 0.953205 -0.540270
v 0.110361 0.903767 -0.564085
v 0.478582 -0.262912 0.092018
v 0.491610 -0.256148 0.099608
v 0.504589 -0.305415 0.252892
v 0.525953 -0.328775 0.243423
v 0.430632 0.040761 0.210003
v 0.431979 0.031837 0.212081
v 0.022057 0.693276 0.414553
v 0.078278 0.692180 0.418089
v -0.359578 -0.006952 0.372277
v -0.379108 -0.056291 0.370821
v -0.014154 -0.910701 0.669187
v -0.034637 -0.922401 0.671051
v -0.015102 -0.923071 0.671534
v -0.411959 -0.249851 0.427866
v -0.360536 -0.296500 0.476701
v 0.435113 0.315091 -0.155648
v 0.444510 0.317349 -0.099904
v 0.445515 0.317672 -0.157181
v -0.165806 -0.437730 0.412099
v -0.151370 -0.463875 0.395602
v 0.505989 0.254598 -0.453082
v -0.263981 0.121273 0.372859
v -0.257076 0.080930 0.406538
v 0.349258 -0.301154 0.055651
v -0.132859 0.003597 0.491285
v -0.600189 0.586956 0.169096
v 0.070361 -0.342738 0.348593
v -0.665612 0.334206 0.208214
v -0.663520 0.259145 0.202379
v -0.660523 0.316500 0.206000
v -0.295402 0.957820 -0.479261
v -0.271337 0.977922 -0.428060
v -0.339179 0.951118 -0.402535
v 0.477262 0.395466 -0.482293
v 0.480161 0.304402 -0.470492
v -0.455598 -0.108663 -0.585938
v -0.005417 0.457387 -0.825200
v 0.019962 0.369838 -0.835711
v -0.633355 -0.160380 0.267787
v 0.445373 -0.310234 0.120911
v 0.460426 -0.307202 0.155709
v 0.349673 0.660014 0.084781
v 0.320829 0.690534 0.104158
v 0.515129 -0.255821 0.095448
v 0.511188 -0.266845 0.095298
v -0.114474 -0.746736 0.581439
v -0.115355 -0.739978 0.562282
v 0.479205 0.324980 -0.103917
v -0.615846 0.374868 0.206123
v -0.611023 0.278702 0.220880
v 0.338009 -0.145455 0.335476
v 0.440404 -0.144385 0.259633
v 0.398148 -0.186733 0.314698
v 0.480463 -0.230424 0.150175
v 0.449264 0.526298 0.150562
v 0.465891 0.528760 0.169624
v 0.490854 0.464477 0.148291
v -0.059730 -0.751711 0.809567
v 0.287009 -0.244911 -0.040229
v 0.308367 -0.274344 -0.111020
v 0.330878 -0.291406 -0.096919
v 0.330412 -0.288598 -0.112134
v 0.160598 0.868558 0.030224
v -0.030293 0.801587 -0.693309
v 0.122500 0.962405 -0.393782
v 0.135052 0.956449 -0.337989
v -0.212829 -0.385536 0.126701
v -0.146695 -0.403698 0.173652
v -0.626917 -0.007520 0.186834
v 0.163547 -0.177833 0.445064
v 0.150495 -0.159727 0.456935
v 0.457548 0.283974 -0.048651
v 0.466770 0.283635 -0.045689
v 0.108397 0.946365 -0.510649
v 0.124509 0.938908 -0.501182
v 0.451672 -0.279666 0.193819
v 0.468939 -0.275768 0.234453
v -0.353566 0.941458 -0.491968
v -0.350532 0.954606 -0.437792
v -0.487503 -0.320463 -0.019180
v -0.338922 0.892285 -0.590599
v -0.263983 0.949066 -0.566532
v -0.261311 0.935380 -0.585697
v -0.337336 0.995309 -0.001137
v -0.669852 0.231019 -0.259670
v -0.667175 0.222908 -0.195081
v -0.360742 -0.321109 0.318628
v -0.193744 -0.580158 0.622594
v -0.181173 -0.606245 0.688241
v 0.469547 0.368473 -0.551736
v 0.467659 0.362378 -0.563533
v -0.091918 0.272354 -0.872971
v 0.451478 -0.325497 0.078092
v 0.459056 -0.324705 0.052732
v -0.468576 -0.306294 0.261482
v -0.083097 -0.440376 0.008901
v 0.163554 0.903195 0.067698
v 0.455582 0.398257 -0.496430
v -0.464156 -0.224148 0.345302
v -0.325772 0.115648 0.319644
v -0.288256 0.151257 0.333974
v -0.304801 0.125548 0.317705
v 0.010226 -0.871421 0.548013
v 0.028374 -0.918650 0.596049
v -0.212970 0.735782 -0.744142
v -0.182412 0.736294 -0.750163
v 0.000058 -0.926930 0.682840
v -0.279959 -0.599044 0.696159
v -0.264736 -0.606426 0.748978
v -0.141857 0.371050 -0.867075
v -0.116883 0.406192 -0.867524
v 0.472741 0.215249 -0.446069
v 0.270060 -0.273961 0.239440
v 0.275194 -0.307664 0.184001
v -0.157615 -0.722858 0.579886
v -0.183048 -0.506743 0.592013
v -0.186263 -0.466637 0.558634
v -0.461606 -0.350410 -0.042524
v 0.321401 -0.014816 0.343240
v 0.328069 -0.119124 0.345983
v 0.376124 -0.008268 0.282918
v 0.052199 0.468986 -0.795146
v -0.693182 0.207854 -0.153405
v -0.675809 0.217152 -0.168566
v -0.674876 0.205693 -0.154213
v -0.370023 -0.130514 0.438841
v -0.376986 -0.144179 0.433759
v 0.355178 -0.288315 -0.093668
v 0.359972 -0.295212 -0.107567
v 0.043386 0.369430 -0.826620
v 0.011724 0.574010 0.425740
v 0.080528 0.581826 0.408313
v -0.688705 0.312412 -0.069962
v -0.685199 0.317395 -0.051271
v -0.139250 0.451506 -0.837488
v -0.129520 0.446902 -0.836860
v -0.416083 -0.363681 0.276135
v -0.395687 -0.381907 0.292975
v 0.496760 0.339148 -0.459559
v 0.479732 0.259206 -0.472911
v 0.103703 0.454477 -0.784125
v 0.149649 0.379883 -0.785569
v 0.174771 0.438973 -0.770716
v -0.331620 -0.398209 0.253620
v -0.329758 -0.416076 0.256880
v -0.185598 0.569059 0.432441
v -0.283133 -0.707348 0.617124
v -0.590398 0.543749 0.274214
v 0.456533 0.229395 -0.068487
v 0.454998 0.260291 -0.054357
v -0.272352 -0.400269 0.397456
v -0.237704 -0.414381 0.424722
v -0.076921 -0.426519 0.242278
v -0.261565 0.937602 -0.562159
v 0.445224 -0.287247 0.155301
v -0.237026 -0.426401 0.044630
v -0.172750 -0.415012 0.135004
v -0.140673 -0.429609 0.029497
v 0.206998 -0.175906 0.448244
v 0.243798 -0.177797 0.421050
v 0.557106 -0.245588 0.146097
v -0.138167 -0.982500 0.610945
v -0.092600 -0.997075 0.604781
v -0.530289 -0.219040 -0.038220
v -0.521579 -0.247433 -0.018832
v 0.429383 0.337639 -0.305036
v 0.076806 -0.513522 0.506706
v 0.083582 -0.505201 0.532801
v 0.081695 -0.523261 0.498937
v -0.559270 -0.363325 -0.046960
v -0.534402 -0.358572 -0.059432
v -0.534981 -0.354665 -0.043264
v -0.044202 0.716071 -0.743305
v -0.023260 0.738656 -0.743443
v -0.656741 0.219859 -0.159098
v -0.648698 0.313654 -0.134641
v -0.650469 0.259444 -0.116250
v 0.431668 0.019184 0.233995
v 0.166352 0.588025 0.397098
v -0.171211 -0.370316 0.588904
v -0.203239 -0.410021 0.580437
v -0.114326 -0.394671 0.583484
v -0.047874 0.763461 0.367512
v -0.300276 0.971405 -0.375497
v -0.269990 0.982186 -0.425526
v -0.273796 0.986992 -0.337568
v -0.545436 -0.282809 -0.057364
v -0.536682 -0.284437 -0.031677
v 0.282128 -0.315386 -0.047704
v 0.310305 -0.350264 -0.051419
v 0.108292 0.830714 0.249619
v 0.146021 0.805456 0.243290
v 0.170335 0.818394 0.234162
v 0.031904 -0.388671 0.235318
v -0.491529 -0.337736 -0.226952
v -0.500260 -0.321158 -0.268165
v -0.694568 0.408067 0.140014
v -0.690674 0.333074 0.123966
v -0.216161 0.763424 0.391025
v -0.157234 0.761280 0.384723
v -0.199200 -0.656726 0.653771
v -0.194663 -0.630442 0.673324
v -0.683483 0.216897 -0.152565
v 0.392082 -0.296091 -0.030535
v 0.243894 -0.375333 0.071328
v 0.209121 -0.394840 0.000851
v 0.251379 -0.361738 0.027368
v 0.460851 0.320803 -0.460582
v -0.632484 0.403279 0.180958
v -0.637308 0.380539 0.178713
v -0.693572 0.330411 -0.447213
v -0.700760 0.252582 -0.459609
v 0.294894 -0.283845 -0.080111
v 0.294168 -0.266550 -0.069788
v 0.311437 -0.277454 -0.086292
v -0.463609 -0.226579 0.303559
v -0.438308 -0.221406 0.336397
v 0.184740 -0.779298 0.751548
v 0.176191 -0.819589 0.747255
v 0.177750 -0.815879 0.719500
v -0.443245 0.131299 0.376479
v -0.463982 0.041937 0.366785
v 0.238262 0.662574 0.324007
v 0.280774 0.651898 0.287862
v 0.276516 0.606081 0.303255
v -0.042805 -0.209270 0.588787
v -0.060964 -0.226953 0.585667
v 0.422867 0.489610 0.047785
v 0.408174 -0.052408 0.265033
v 0.388755 -0.089556 0.276325
v -0.584731 0.552457 0.225673
v 0.445435 0.170082 0.174000
v 0.069590 -0.844402 0.745667
v 0.101370 -0.869729 0.726385
v 0.122899 -0.820535 0.761465
v -0.696027 0.273506 -0.441734
v -0.690921 0.255581 -0.446152
v -0.162017 0.472523 0.475065
v -0.674121 0.343100 -0.251757
v -0.339182 0.956352 -0.346293
v 0.375374 0.486523 0.242326
v 0.365972 0.380314 0.260433
v -0.188337 -0.623382 0.853758
v -0.152199 -0.610916 0.868456
v -0.158540 -0.593791 0.859501
v 0.368866 -0.120273 0.303441
v 0.386722 -0.096742 0.305698
v 0.244261 0.519759 -0.774695
v 0.253726 0.516443 -0.784398
v -0.497255 -0.237034 0.343393
v -0.686828 0.392149 -0.379953
v -0.679470 0.376695 -0.376969
v -0.675835 0.368564 -0.349157
v -0.209355 -0.931232 0.680363
v 0.142181 -0.079729 0.383724
v -0.367252 0.384099 0.405134
v -0.398063 0.285527 0.394858
v -0.395968 0.910788 -0.074945
v -0.382581 0.912690 -0.072431
v -0.274965 -0.861480 0.722468
v -0.274060 -0.828882 0.756208
v -0.534408 0.619960 0.276516
v -0.558000 0.590467 0.258301
v -0.492889 -0.289085 -0.051291
v -0.469921 -0.308369 -0.049159
v -0.344866 0.051531 0.353729
v -0.469653 0.358130 0.335674
v -0.397703 0.453568 0.380073
v -0.404661 0.374528 0.382520
v -0.424465 -0.142298 0.290038
v -0.425078 -0.176646 0.243075
v -0.003026 -0.834262 0.751480
v 0.095746 0.949431 -0.141302
v -0.364723 -0.399865 0.350597
v -0.372827 -0.401917 0.360468
v -0.665237 0.518905 0.158883
v -0.684347 0.462460 0.147382
v 0.378156 0.518508 0.214837
v 0.374904 0.483892 0.221242
v -0.422612 0.937897 0.028267
v -0.385596 0.931429 0.056970
v -0.380404 0.961499 0.020981
v -0.297179 -0.458984 0.379235
v -0.239365 -0.516385 0.401778
v -0.371410 -0.169272 0.414227
v -0.341851 -0.109502 0.440386
v 0.063148 -0.922397 0.594498
v 0.077672 -0.926101 0.611211
v 0.033458 -0.947580 0.592323
v -0.684908 0.391095 -0.481304
v -0.669016 0.397308 -0.512968
v -0.683421 0.368657 -0.494914
v 0.467303 0.310682 -0.081722
v -0.052967 -0.407273 0.149840
v -0.026486 -0.395287 0.136077
v -0.023213 -0.407777 0.158191
v 0.267433 -0.180559 -0.548585
v -0.114920 -0.421271 0.609762
v -0.091267 -0.452455 0.644983
v -0.626509 0.470329 -0.045199
v -0.624193 0.473514 0.009743
v -0.631599 0.427643 -0.015887
v -0.699021 0.281138 0.182268
v -0.717629 0.241690 0.154181
v -0.703429 0.205037 0.175710
v -0.558561 -0.247938 0.109479
v -0.511672 -0.306117 0.084085
v 0.140078 0.797453 0.184790
v 0.141207 0.805887 0.148219
v 0.156465 0.794614 0.129666
v -0.421549 -0.066834 0.231152
v -0.409129 -0.017934 0.249584
v -0.402286 -0.039302 0.270046
v 0.407060 0.516712 0.248832
v 0.429872 0.459364 0.220302
v 0.426416 0.481269 0.234576
v 0.007792 -0.179649 0.607806
v 0.002688 -0.101363 0.600135
v -0.106667 -0.880114 0.715328
v -0.678596 0.053477 0.116972
v -0.669491 0.038771 0.109632
v 0.406862 -0.310743 0.031635
v -0.499524 0.512935 -0.746188
v -0.480183 0.492197 -0.780290
v -0.492617 -0.116733 -0.532290
v 0.218729 0.101206 0.389370
v -0.680512 0.319306 -0.024656
v -0.676314 0.319726 -0.047132
v -0.419454 -0.104028 0.253157
v -0.354336 0.938052 -0.431638
v -0.347414 0.923661 -0.509072
v -0.287874 -0.792423 0.731287
v 0.391665 0.519538 0.215273
v 0.042382 -0.856153 0.707999
v 0.056307 -0.862933 0.709656
v 0.051233 -0.834236 0.697403
v -0.474467 0.377403 -0.796812
v -0.478073 0.479250 -0.793972
v -0.308650 0.885868 -0.593958
v -0.332952 0.869669 -0.602384
v -0.325129 0.850070 -0.622986
v 0.072796 0.818380 0.246924
v -0.050963 0.145641 0.435748
v -0.055514 0.200452 0.385918
v -0.715118 0.375594 -0.425577
v -0.714579 0.282460 -0.426163
v -0.527405 -0.321110 -0.205583
v -0.444626 -0.287464 0.340075
v -0.147865 0.764161 0.363769
v 0.452468 0.266206 -0.258040
v -0.097718 0.374034 -0.873694
v -0.099243 0.349861 -0.864244
v 0.447697 0.222531 -0.172325
v -0.258636 -0.698595 0.840731
v -0.206651 -0.760655 0.776327
v -0.215898 -0.782889 0.769104
v -0.441675 -0.276477 0.279271
v -0.413846 -0.247015 0.333739
v -0.387787 -0.264359 0.344058
v -0.259978 -0.371209 0.157955
v -0.611169 0.325711 -0.622810
v -0.566412 0.333753 -0.651700
v -0.538656 0.678063 0.079184
v -0.576606 0.625103 0.112177
v -0.633636 -0.008786 0.214343
v -0.621147 -0.044592 0.243209
v -0.621829 0.509055 0.247979
v 0.074153 -0.467283 0.393212
v 0.339516 -0.292363 -0.034615
v -0.156658 0.440730 -0.835891
v -0.158082 0.407349 -0.822942
v 0.245214 -0.300237 0.287743
v 0.240805 -0.331797 0.249959
v -0.305323 0.078999 0.358238
v 0.410298 0.401165 -0.594276
v 0.419397 0.382494 -0.588563
v 0.410074 0.329051 -0.611799
v -0.241827 -0.908996 0.693459
v 0.088325 0.913901 0.088083
v 0.097091 0.948735 0.070937
v 0.260466 0.371922 -0.787887
v 0.194952 0.682097 0.412749
v 0.190849 0.683458 0.374495
v 0.230247 0.675550 0.401930
v -0.330482 -0.077141 0.456487
v -0.311264 -0.046637 0.462768
v 0.068805 -0.451934 0.553195
v 0.076534 -0.469442 0.546423
v 0.092360 -0.428005 0.530977
v -0.675148 0.285362 -0.135512
v -0.662937 0.313356 -0.137175
v 0.451234 0.097326 0.014297
v 0.456746 0.095595 0.080040
v 0.436777 -0.007773 0.004924
v 0.471905 0.236271 -0.356322
v 0.488132 0.238487 -0.396985
v 0.477622 0.235846 -0.353866
v 0.209771 -0.178015 -0.582355
v 0.240109 -0.194408 -0.570898
v 0.233685 -0.192691 -0.555591
v 0.294137 0.447385 -0.710454
v 0.294630 0.390475 -0.719678
v 0.309754 0.376277 -0.697166
v 0.042490 -0.361160 0.114480
v -0.140742 0.346578 -0.864291
v -0.106406 0.367669 -0.866845
v 0.082385 0.734236 0.342290
v 0.135552 0.732095 0.317998
v 0.052299 -0.366484 0.113880
v -0.040810 -0.712321 0.836507
v 0.021167 -0.700544 0.842562
v 0.165574 -0.123364 -0.643488
v 0.168762 -0.058713 -0.641637
v 0.185520 -0.051252 -0.653218
v -0.068607 0.022856 0.494832
v -0.024653 0.014907 0.490684
v 0.649191 -0.309698 0.215406
v 0.644435 -0.314499 0.150144
v -0.296493 -0.369521 0.327574
v -0.271061 -0.381086 0.329448
v 0.423453 -0.012687 0.244664
v -0.203096 0.806768 -0.687558
v -0.250408 0.786779 -0.682161
v -0.370658 0.940522 -0.058113
v -0.347786 0.946733 -0.088527
v -0.001513 0.151136 0.513904
v 0.442754 0.299085 -0.281828
v 0.447154 0.312202 -0.252675
v 0.451272 0.293135 -0.281587
v -0.286601 0.759977 0.345136
v -0.240449 0.762792 0.353924
v -0.269286 0.767582 0.328161
v 0.019433 -0.836334 0.709977
v 0.101368 -0.427739 0.493016
v 0.081389 -0.492367 0.526989
v 0.434033 -0.284312 0.049890
v 0.437849 -0.272564 0.071074
v 0.453337 -0.283609 0.067252
v 0.396065 -0.297135 -0.076173
v -0.358691 -0.316997 0.458850
v -0.357587 -0.334585 0.425996
v -0.515576 0.307229 0.328024
v -0.531205 0.463503 -0.704596
v -0.246583 -0.390518 0.235652
v -0.212619 -0.402178 0.228008
v -0.054184 -0.108452 0.579507
v -0.049115 -0.140151 0.578549
v -0.558793 -0.216891 0.216403
v -0.564171 -0.197242 0.262864
v 0.120974 0.973379 -0.041358
v 0.321149 0.599309 0.263581
v 0.324588 0.623876 0.251686
v 0.162023 0.761025 0.244989
v 0.027559 -0.561829 0.419142
v -0.004578 -0.629882 0.459736
v 0.280762 -0.236508 -0.423284
v 0.304147 -0.209774 -0.455535
v 0.175608 -0.333080 0.433375
v -0.308485 -0.373745 0.271837
v -0.315771 0.720712 0.366860
v -0.254855 0.744318 0.334151
v -0.229129 0.730699 0.371801
v -0.693070 0.346993 -0.276345
v -0.690527 0.273855 -0.296816
v 0.049039 0.133981 0.386518
v -0.349837 -0.342212 0.318372
v -0.466086 0.036278 0.392679
v -0.507456 -0.097877 0.369130
v -0.700418 0.228772 0.130967
v -0.705500 0.327865 0.137280
v -0.677202 0.245719 0.105068
v -0.510330 -0.280050 -0.058099
v -0.501289 -0.302453 -0.048517
v 0.472112 0.310387 -0.579823
v -0.254287 -0.375759 0.119843
v -0.160004 0.540670 -0.798177
v 0.210478 0.443665 -0.774172
v 0.090785 0.767884 0.425320
v 0.111525 0.764207 0.423266
v 0.159362 0.764888 0.403218
v 0.039548 0.938755 -0.588134
v 0.048001 0.952109 -0.563804
v 0.113996 0.915357 -0.570123
v -0.139433 0.424752 0.488668
v -0.140135 0.415814 0.504186
v -0.099818 0.419886 0.506915
v -0.193260 -0.589320 0.853220
v -0.157106 -0.572614 0.865328
v -0.148636 -0.565614 0.853510
v 0.114950 0.399300 0.427628
v 0.057719 0.383399 0.455367
v 0.098809 0.437930 0.429545
v 0.009524 0.391689 0.467776
v -0.049290 0.634875 0.432136
v -0.020643 0.570592 0.448716
v -0.008536 0.669632 0.422664
v -0.283657 0.613420 0.404518
v -0.223251 -0.071585 0.591643
v -0.248347 -0.120356 0.591311
v 0.309099 -0.270059 -0.156055
v 0.313655 -0.250562 -0.219059
v -0.146942 -0.107760 0.578295
v -0.167413 -0.112660 0.603534
v -0.255844 -0.113566 0.582320
v 0.195161 0.679878 0.348018
v -0.482076 0.705348 0.277364
v -0.540479 0.715416 0.291078
v -0.459759 0.726142 0.305163
v -0.509877 -0.263989 -0.397103
v -0.520289 -0.226879 -0.434862
v -0.654658 0.289934 -0.089543
v 0.441839 0.415440 0.110209
v 0.442857 0.369156 0.062762
v -0.177037 0.565802 0.450611
v -0.211414 0.625925 0.432529
v 0.084791 0.858699 0.170964
v 0.087287 0.871812 0.175159
v 0.087717 0.865061 0.168741
v 0.468574 0.321867 -0.147852
v 0.475217 0.315453 -0.109397
v 0.483106 0.316241 -0.112489
v 0.482666 0.317610 -0.153451
v -0.083646 -0.842093 0.683741
v -0.101796 -0.978109 0.585851
v -0.536707 -0.248970 -0.185329
v 0.064910 0.984597 -0.134003
v -0.312508 0.826261 -0.662108
v -0.227125 0.847867 -0.667633
v -0.297144 0.790717 -0.685991
v -0.653857 0.217909 -0.073453
v -0.659394 0.196480 -0.073925
v -0.644931 0.200352 -0.067861
v -0.292690 0.985965 -0.171185
v -0.283419 0.992710 -0.219778
v -0.298329 0.987438 -0.205268
v -0.033740 -0.897213 0.683130
v -0.013231 -0.892539 0.681238
v -0.364414 0.970676 -0.011762
v -0.075590 -0.027182 0.600717
v -0.070902 -0.019691 0.602664
v -0.049001 -0.420128 0.093318
v 0.069232 -0.416260 0.085374
v -0.090402 -0.264473 0.590658
v -0.112182 -0.367375 0.590495
v -0.071556 -0.333040 0.589152
v 0.477876 0.211716 -0.095492
v 0.298839 -0.306822 -0.241094
v 0.333483 -0.267076 -0.242618
v 0.300217 -0.344150 -0.209345
v -0.050839 0.742416 0.347462
v -0.111994 0.743922 0.344497
v -0.055190 0.755753 0.340934
v -0.069436 -0.899823 0.660792
v -0.063904 -0.877640 0.677622
v 0.332559 -0.266796 0.075230
v -0.251141 -0.874127 0.635953
v -0.234199 -0.865309 0.630362
v -0.194905 -0.892156 0.612888
v 0.400880 0.071138 0.217411
v 0.070029 -0.472867 0.567371
v 0.078888 -0.561516 0.606973
v 0.081726 -0.517360 0.554684
v 0.245743 -0.252824 0.393548
v -0.535629 -0.280620 -0.120692
v -0.540979 -0.305873 -0.121287
v -0.552595 -0.307730 -0.102496
v 0.427171 0.312803 -0.087581
v -0.036688 -0.465668 0.394080
v -0.501586 -0.348092 -0.191864
v -0.097456 0.451081 -0.830890
v -0.322272 -0.348366 0.329576
v -0.200990 0.634710 -0.787399
v -0.161293 0.551975 -0.805861
v 0.357756 -0.202382 0.206778
v 0.386719 -0.201371 0.137263
v -0.674936 0.341769 -0.271940
v -0.376698 0.011440 0.327464
v 0.043242 0.965609 -0.505136
v -0.283722 -0.622430 0.708941
v -0.287407 -0.656430 0.734318
v -0.563323 -0.039957 0.307723
v -0.060657 -0.896512 0.682727
v -0.140033 -0.938011 0.578722
v -0.125749 -0.920699 0.595452
v -0.087136 -0.944679 0.572434
v 0.292127 0.509594 -0.709817
v 0.328801 0.491213 -0.650154
v 0.342269 0.492822 -0.658561
v -0.224118 0.190041 0.362126
v -0.252759 0.177493 0.349473
v 0.146688 0.809664 0.165218
v -0.036275 -0.717351 0.527597
v -0.033247 -0.639942 0.457610
v -0.004679 -0.689521 0.513274
v -0.689257 0.282457 -0.123791
v -0.695278 0.224472 -0.155288
v -0.688137 0.226837 -0.121533
v -0.543489 -0.273924 -0.084758
v -0.643553 0.095138 -0.049862
v 0.125988 -0.414900 0.139392
v 0.132994 -0.427056 0.033602
v -0.158493 0.748762 -0.719315
v -0.136604 0.716808 -0.732316
v -0.106055 0.721897 -0.731166
v -0.573806 0.625801 0.161121
v 0.481750 0.310503 -0.035256
v 0.472104 0.273904 -0.015047
v 0.008191 -0.690152 0.848263
v 0.287444 -0.177175 0.446303
v 0.325772 -0.226181 0.391031
v -0.060215 -0.993192 0.609137
v 0.110572 -0.344201 0.348565
v 0.077188 -0.626878 0.670358
v 0.083252 -0.651448 0.628308
v 0.318828 -0.145553 -0.535227
v 0.323562 -0.148038 -0.537412
v -0.321487 -0.059450 0.495914
v -0.577549 -0.194254 0.270353
v 0.292066 -0.314441 -0.218994
v 0.310113 -0.262498 -0.247269
v -0.048146 -0.385448 0.107091
v -0.008884 -0.389598 0.155712
v -0.003461 -0.379096 0.109877
v 0.434457 0.229421 0.169024
v 0.438462 0.221288 0.151941
v 0.434105 0.122807 0.175465
v 0.086907 -0.427586 0.093328
v 0.088479 -0.441193 -0.014324
v 0.122474 -0.789464 0.761834
v 0.179875 -0.093243 0.434971
v 0.215476 -0.024285 0.405547
v 0.217725 -0.110717 0.410027
v -0.076401 -0.550249 0.872784
v 0.006294 -0.553704 0.852946
v -0.022449 0.738512 -0.752237
v 0.000277 0.737904 -0.749281
v -0.149507 0.702759 0.467755
v 0.089753 -0.420749 0.433421
v 0.094590 -0.432186 0.425254
v -0.177853 -0.513482 0.754298
v -0.008142 -0.429424 0.008058
v 0.098120 -0.419795 0.045563
v 0.317560 -0.225731 -0.041668
v 0.314552 -0.252721 -0.010848
v 0.302623 -0.251273 -0.031701
v -0.504573 0.711808 0.114360
v -0.511076 0.691801 0.200242
v -0.452144 0.753991 0.137405
v 0.090172 -0.404640 0.536820
v 0.106883 -0.386941 0.532539
v 0.088571 0.975399 -0.047043
v 0.105300 0.973437 -0.062093
v -0.146773 -0.684702 0.532960
v -0.098133 -0.898322 0.659423
v 0.469792 0.361526 0.100983
v 0.461937 0.425230 0.112999
v 0.310490 0.248677 0.300447
v 0.346657 0.202870 0.265659
v 0.315560 0.168369 0.302221
v 0.509176 -0.245225 0.228472
v 0.501634 -0.226297 0.232347
v 0.531123 -0.227572 0.214924
v 0.062656 0.968692 -0.093452
v 0.457378 0.152741 -0.056775
v 0.186667 -0.041979 -0.623542
v 0.177043 -0.109665 -0.625961
v -0.276607 -0.725201 0.819050
v -0.053659 -0.751724 0.576419
v 0.019857 -0.764377 0.573909
v -0.254884 0.339300 0.468841
v 0.240751 0.374252 -0.818475
v -0.378552 0.000021 0.298913
v -0.378610 0.042191 0.267546
v 0.011855 0.756845 0.377615
v -0.004825 0.762696 0.392666
v -0.438841 -0.044866 -0.611405
v -0.430503 -0.039724 -0.641182
v -0.480131 -0.061695 -0.595227
v 0.119647 0.932056 -0.487915
v -0.368049 -0.287275 0.344093
v 0.436268 -0.307995 0.140973
v 0.454415 -0.315041 0.169488
v 0.461160 0.326979 -0.106599
v -0.282398 0.139117 0.359946
v -0.555979 -0.275792 0.093055
v -0.106114 -0.244345 0.590973
v -0.073192 0.732309 -0.744016
v -0.308742 -0.390352 0.248618
v 0.149837 0.927955 -0.130875
v 0.090317 0.815071 0.244927
v 0.081278 0.786002 0.263980
v -0.172589 0.773618 -0.718513
v -0.435611 -0.265983 0.387710
v -0.398322 -0.324496 0.422907
v -0.645829 -0.001080 -0.015523
v -0.632839 -0.059029 -0.033691
v 0.466266 0.105050 0.218637
v 0.500681 0.063059 0.181742
v -0.450280 -0.378936 0.092966
v -0.403286 -0.411044 0.012318
v -0.191790 -0.633877 0.579073
v -0.189730 -0.593733 0.530223
v -0.183930 -0.649167 0.565030
v -0.556419 -0.269715 -0.098427
v -0.538630 -0.258824 -0.121180
v -0.152243 -0.514040 0.794622
v -0.131656 -0.487969 0.779346
v 0.080252 -0.381170 0.554824
v 0.046079 -0.384856 0.573907
v -0.474423 0.267559 0.339579
v -0.512330 0.244950 0.309000
v -0.556350 0.621534 0.198561
v -0.270429 -0.477305 0.540475
v -0.204013 -0.482460 0.540872
v -0.071243 0.203049 0.369024
v -0.136292 0.204470 0.368577
v -0.062978 0.207469 0.370233
v -0.548420 -0.167718 0.392608
v 0.458289 0.364647 -0.413006
v 0.456814 0.305271 -0.397405
v 0.287477 -0.315225 0.131731
v 0.127121 0.947046 -0.378844
v 0.128257 0.949844 -0.453980
v -0.182940 -0.562440 0.466818
v -0.189877 -0.542304 0.436601
v -0.141187 0.704903 -0.750144
v -0.409573 0.937325 -0.053898
v -0.415933 0.929368 -0.082250
v -0.527366 -0.098494 0.350706
v -0.571767 -0.118285 0.302347
v -0.563164 -0.126801 0.313889
v 0.437942 0.312844 -0.096728
v 0.441241 0.318657 -0.084095
v -0.587721 0.591008 -0.028606
v -0.595232 0.571350 -0.013307
v -0.601638 0.559760 -0.036418
v -0.038209 0.290253 -0.867669
v -0.088323 0.273762 -0.885626
v -0.677518 0.249620 -0.276756
v 0.013349 -0.556290 0.856501
v 0.003582 -0.561634 0.873695
v -0.698570 0.276215 -0.442771
v -0.703897 0.241915 -0.448573
v -0.273282 0.809580 -0.664500
v -0.222853 0.836483 -0.663691
v -0.018613 -0.638164 0.889241
v 0.036856 -0.648408 0.880773
v 0.326838 -0.322444 -0.133217
v 0.344137 -0.314691 -0.128830
v 0.338554 -0.354782 -0.129322
v -0.027797 -0.412396 0.148796
v 0.449797 0.381146 -0.404202
v 0.455557 0.385938 -0.445887
v 0.444564 0.361451 -0.407501
v -0.129195 -0.416471 0.278365
v 0.427779 -0.312710 0.119554
v 0.032937 -0.820691 0.697995
v -0.036068 -0.422255 0.284815
v -0.026912 -0.422472 0.225152
v 0.328706 -0.297849 -0.124481
v 0.484967 0.253998 -0.452293
v -0.674140 0.248234 -0.164614
v -0.674103 0.276213 -0.152455
v -0.550830 -0.285789 -0.018697
v -0.526949 -0.294987 0.009338
v -0.455776 0.615030 0.345595
v -0.133911 0.454097 -0.832746
v -0.138064 0.448829 -0.846733
v -0.558960 0.663052 0.227105
v -0.525609 0.690542 0.253222
v 0.533986 -0.307509 0.202851
v 0.560806 -0.324304 0.184023
v 0.546706 -0.325624 0.198137
v -0.344005 -0.320275 0.511647
v -0.339702 -0.357950 0.479834
v -0.323772 -0.370830 0.523310
v 0.246531 0.496769 -0.761198
v 0.202506 -0.078127 0.220776
v 0.196101 -0.116461 0.267866
v 0.189821 -0.025758 0.239192
v 0.003882 -0.410392 0.166835
v -0.642745 -0.120497 0.119309
v -0.616244 -0.147153 0.173498
v -0.395127 -0.393450 0.197321
v -0.350049 -0.412448 0.149257
v 0.175152 -0.345696 0.425866
v -0.662449 0.310388 -0.524809
v -0.097704 0.400259 -0.874653
v -0.097024 0.430232 -0.871769
v -0.174702 0.501280 0.449702
v -0.306530 0.971672 -0.279455
v -0.368020 0.942043 -0.257171
v -0.143909 0.292997 0.532434
v -0.095045 -0.686180 0.501578
v 0.147913 0.677706 0.373143
v -0.636034 0.334461 -0.051745
v -0.639937 0.259072 -0.049163
v 0.186875 0.786131 0.102355
v 0.184434 0.780083 0.104083
v 0.300411 -0.319711 -0.087391
v -0.021136 0.202093 0.533826
v 0.216808 -0.326967 0.216333
v 0.259298 -0.298229 0.213132
v 0.314766 -0.196096 0.295614
v 0.291828 -0.207681 0.319518
v 0.296331 -0.193436 0.319630
v 0.124694 -0.024931 0.377702
v 0.158965 -0.058248 0.331983
v 0.466028 0.302670 0.090454
v 0.457452 0.331978 0.084139
v -0.036778 0.143924 0.529057
v 0.317226 -0.280823 0.138212
v -0.565271 -0.185411 0.212302
v -0.630355 -0.045327 0.164599
v -0.608784 -0.061586 0.203110
v -0.603684 -0.103594 0.195457
v -0.565335 -0.250720 0.030843
v -0.519430 -0.305807 0.029546
v -0.527283 -0.307711 0.077660
v 0.445707 0.443148 -0.008388
v 0.444071 0.452378 -0.051083
v -0.654489 0.049618 0.230320
v -0.664014 0.026353 0.235240
v -0.642594 -0.001585 0.244469
v -0.689490 0.308595 -0.502743
v -0.690123 0.290056 -0.518407
v -0.224944 -0.562041 0.778586
v -0.670378 0.344637 -0.262827
v 0.457899 0.302121 -0.071016
v 0.450808 0.238315 -0.369252
v -0.668004 0.346305 -0.355352
v -0.662525 0.338844 -0.349828
v -0.144861 -0.245110 0.586051
v -0.653962 0.154117 0.115542
v -0.641769 0.089800 0.151681
v -0.669220 0.322090 -0.239579
v -0.306801 -0.414772 0.232046
v -0.532984 -0.081333 -0.513395
v -0.555192 -0.103355 -0.506407
v -0.128715 -0.405741 0.136557
v -0.194270 -0.388055 0.100669
v 0.448804 0.020807 0.078402
v 0.457896 0.031605 0.112063
v 0.454437 -0.014606 0.115487
v 0.310385 0.358145 -0.727976
v 0.317899 0.415435 -0.707793
v 0.033257 -0.697265 0.841633
v 0.032847 -0.708385 0.823943
v 0.023001 -0.709019 0.838351
v -0.688274 0.416505 -0.436216
v -0.231269 -0.327142 0.577367
v -0.199384 -0.351226 0.587991
v -0.054987 0.425643 -0.832338
v -0.531137 -0.110163 -0.488032
v -0.516062 -0.173291 -0.481969
v 0.387242 -0.318249 -0.035421
v 0.375098 -0.330118 -0.066846
v 0.381035 -0.304527 -0.068528
v 0.107629 -0.801180 0.751908
v 0.087072 0.409303 0.459083
v 0.026632 0.372679 0.486142
v 0.316957 0.674053 0.112536
v 0.342696 0.637224 0.167737
v -0.207588 -0.150407 0.605411
v -0.222956 -0.192693 0.603570
v -0.200692 -0.170506 0.599738
v -0.379295 0.945710 -0.051965
v -0.309706 0.086958 0.375136
v -0.690586 0.260855 -0.053073
v -0.690078 0.277179 -0.073804
v -0.694263 0.197550 -0.072867
v -0.664632 0.274892 -0.074600
v 0.188164 -0.401483 0.113671
v -0.466133 0.375279 -0.791213
v -0.451842 0.382165 -0.801880
v -0.469404 0.401995 -0.790361
v -0.599843 -0.165249 0.222024
v 0.485609 0.217892 -0.111257
v 0.486359 0.209251 -0.093410
v 0.481714 0.212154 -0.110860
v 0.373363 -0.151715 -0.049773
v 0.383287 -0.149339 -0.033787
v 0.356796 -0.211909 -0.005589
v 0.373898 -0.173166 0.241928
v 0.385666 -0.176215 0.246357
v 0.369598 -0.192745 0.273202
v -0.298192 0.560483 -0.773656
v -0.297450 0.523425 -0.779622
v -0.246634 0.551924 -0.787547
v 0.065435 -0.019112 0.483871
v 0.091855 0.038708 0.470468
v 0.085150 -0.017829 0.474070
v 0.127008 0.855078 0.144148
v -0.652739 0.195529 0.173186
v 0.248373 0.484014 -0.784204
v 0.230556 0.506301 -0.790098
v 0.200710 -0.141557 0.223463
v 0.185648 -0.181191 0.312412
v -0.712371 0.315774 0.154348
v 0.456037 0.193556 0.190188
v 0.453965 0.139306 0.202190
v 0.401064 -0.065576 0.237173
v 0.402125 -0.058170 0.208794
v 0.390821 -0.080324 0.228685
v 0.134405 0.549328 0.398059
v 0.203640 0.597571 0.353861
v -0.204029 -0.938338 0.641915
v -0.193172 -0.928123 0.624159
v -0.161897 -0.948809 0.611501
v 0.317885 -0.199613 -0.414329
v -0.308866 -0.401446 0.528252
v -0.297770 -0.469540 0.504500
v 0.000997 -0.393192 0.190682
v -0.362221 0.512445 -0.766627
v -0.293472 0.410934 -0.792440
v -0.194755 -0.518736 0.766281
v 0.081519 0.886099 0.121674
v 0.084363 0.870362 0.134114
v -0.350358 -0.166727 0.506385
v -0.308659 -0.162221 0.516304
v 0.149891 0.965152 -0.047072
v -0.635365 0.446608 0.219816
v 0.472545 0.270742 -0.046268
v -0.676354 0.098336 0.101389
v -0.210806 0.104600 0.544181
v -0.209768 0.045689 0.551810
v -0.097590 0.458091 -0.843480
v -0.095945 0.445557 -0.855629
v -0.037000 -0.584737 0.878213
v -0.046070 -0.587313 0.904863
v 0.000316 -0.589688 0.889615
v 0.113433 -0.794982 0.551008
v 0.488137 0.316714 -0.440248
v 0.164181 0.879543 0.022390
v 0.529015 -0.322554 0.211108
v -0.085711 0.018587 0.520902
v -0.053221 0.013644 0.523264
v -0.036309 0.023106 0.507862
v 0.363686 -0.362561 -0.010613
v 0.184085 -0.255906 0.245754
v 0.069293 0.972314 -0.085936
v -0.273281 0.752263 -0.694683
v -0.308881 0.814581 -0.655437
v 0.278199 0.313781 0.350374
v -0.464324 0.727821 0.216117
v 0.160417 0.855236 0.073972
v 0.145872 0.847319 0.104498
v 0.212418 -0.080101 0.217875
v -0.322962 0.678534 0.381248
v 0.229852 0.719079 0.305456
v 0.117272 -0.636552 0.825342
v 0.133121 -0.667226 0.828960
v 0.456701 -0.255791 0.183204
v 0.172189 -0.788993 0.669042
v 0.173646 -0.819676 0.675218
v 0.033142 -0.410133 0.569775
v 0.112100 -0.435958 0.307877
v 0.120666 -0.431010 0.349636
v 0.185509 -0.785842 0.702489
v 0.190912 -0.755722 0.733920
v -0.245599 -0.376293 0.107337
v -0.220614 -0.395721 0.157286
v 0.449901 0.438144 0.101363
v 0.612653 -0.289801 0.217332
v 0.151399 -0.283998 0.132642
v 0.163435 -0.285259 0.215523
v 0.260072 0.424966 -0.785327
v 0.378156 0.598650 0.300375
v -0.160299 0.401130 -0.830877
v -0.034656 0.181332 0.519651
v -0.008371 0.223187 0.506301
v 0.255234 0.484207 -0.785664
v 0.255271 0.510225 -0.798645
v 0.299069 -0.213544 0.282857
v 0.268925 -0.219157 0.315142
v 0.076182 0.928807 0.042864
v 0.163216 0.603182 0.377026
v 0.070714 -0.505258 0.766504
v 0.104442 -0.547576 0.778398
v 0.110557 -0.530441 0.757170
v 0.464842 -0.325558 0.113567
v -0.057041 0.347243 -0.842710
v -0.025346 0.335430 -0.839373
v -0.586268 -0.184219 0.205300
v -0.668021 0.230562 -0.269964
v -0.109655 -0.591601 0.900128
v -0.599154 0.588299 -0.030501
v -0.576017 0.629196 0.042251
v -0.404103 -0.251977 0.240262
v -0.406502 -0.236586 0.181761
v -0.387999 -0.265245 0.175497
v 0.453343 0.410430 -0.523264
v -0.500704 -0.246851 0.302761
v -0.520990 -0.258485 0.241136
v -0.487803 -0.291669 0.263810
v 0.048134 0.991714 -0.442704
v 0.067953 0.991783 -0.358359
v 0.077412 0.983576 -0.406027
v -0.676792 0.255868 0.207057
v 0.474596 0.389752 -0.552050
v 0.474389 0.383871 -0.494787
v 0.477895 0.331234 -0.490720
v 0.144146 -0.686645 0.815455
v 0.164660 -0.698565 0.813128
v 0.153861 -0.702488 0.799904
v -0.157285 0.522889 -0.816276
v -0.125770 0.499330 -0.830323
v 0.257059 -0.334447 -0.041527
v 0.267358 -0.307555 -0.025340
v 0.151432 0.755932 0.416401
v 0.153070 0.700426 0.441973
v 0.404550 -0.337267 0.015352
v -0.297875 -0.424821 0.038014
v -0.364697 -0.414320 0.036530
v 0.140475 0.871304 0.056456
v 0.129936 0.890177 0.009315
v 0.155869 0.885506 -0.036666
v -0.695502 0.204985 -0.047010
v -0.685423 0.197302 -0.058667
v -0.681428 0.217029 -0.047583
v 0.103387 0.876126 -0.602940
v 0.091779 0.839707 -0.639061
v -0.568309 0.610887 0.119634
v 0.436447 -0.254704 0.091049
v 0.486822 0.302917 0.112658
v -0.173241 -0.062873 0.603466
v 0.226555 0.370197 -0.765808
v 0.256170 0.368378 -0.765644
v 0.471856 0.387998 -0.463062
v 0.478029 0.364206 -0.453952
v -0.219290 0.673199 -0.770923
v -0.098504 -0.657854 0.815597
v -0.099933 -0.660040 0.839932
v 0.452811 0.314289 -0.037168
v -0.582755 -0.203850 0.332860
v -0.591598 -0.317699 -0.067943
v -0.573394 -0.378449 -0.073775
v 0.003328 -0.961493 0.655809
v -0.550249 -0.191100 -0.042516
v -0.648851 -0.006015 0.250554
v 0.298024 -0.328218 -0.016136
v 0.319274 0.346958 -0.688771
v 0.346810 0.369037 -0.645951
v 0.228231 0.378568 -0.817158
v 0.224987 0.504080 -0.817275
v 0.231625 0.499504 -0.803278
v -0.195778 0.303489 -0.854249
v -0.142348 0.318965 -0.860794
v 0.086246 -0.907591 0.607811
v -0.623903 0.430249 0.187271
v 0.137230 0.870093 0.109740
v 0.133162 0.898534 0.090288
v -0.357875 -0.435205 0.317067
v 0.531406 -0.215825 0.190760
v 0.512992 -0.213578 0.238887
v 0.541707 -0.236217 0.217196
v 0.175751 0.956694 -0.061466
v 0.184797 0.964404 -0.052034
v -0.383469 0.124544 0.444994
v -0.428850 0.126928 0.415168
v -0.380010 0.011133 0.457131
v 0.231662 -0.243864 0.409571
v 0.222544 -0.245427 0.423835
v 0.210702 -0.285640 0.423193
v -0.641572 0.519802 0.219785
v -0.095410 -0.840000 0.707149
v -0.085683 -0.868746 0.722296
v -0.585679 -0.130690 -0.049216
v -0.661764 0.412507 -0.501616
v 0.399690 0.531590 0.156527
v 0.408176 0.483350 0.152856
v 0.423764 0.291488 0.176549
v -0.698714 -0.020218 0.174751
v -0.667873 -0.038207 0.145486
v -0.657002 -0.068858 0.154043
v -0.211258 -0.665326 0.867365
v -0.215759 -0.696778 0.842613
v 0.476361 -0.272016 0.250161
v 0.455861 -0.291208 0.224070
v 0.474388 -0.292748 0.256068
v 0.290482 -0.304171 -0.073215
v 0.271610 -0.331291 -0.056772
v -0.604094 0.295185 0.199034
v -0.109598 -0.578236 0.868181
v 0.323363 -0.336291 0.020383
v -0.206375 -0.236231 0.574429
v -0.696746 0.039019 0.176161
v -0.675870 0.033899 0.216703
v -0.615182 -0.145083 0.206076
v -0.638208 -0.103614 0.175874
v -0.603266 -0.093272 0.311514
v 0.396972 0.569582 0.280535
v -0.519556 -0.234331 -0.041855
v 0.253475 0.434648 -0.786752
v 0.251488 0.456338 -0.764651
v -0.098342 0.420662 0.491704
v -0.466847 -0.170820 -0.560878
v -0.205737 -0.633575 0.843975
v -0.219721 -0.647464 0.836551
v -0.322223 0.636452 0.406413
v -0.289581 0.582468 0.427152
v -0.644575 0.417583 -0.522403
v -0.667979 0.395325 -0.490949
v -0.632370 0.367206 -0.556861
v -0.056671 -0.658952 0.837709
v -0.042518 -0.692102 0.833048
v 0.174012 -0.754142 0.642978
v -0.417666 -0.170493 0.444457
v -0.386123 -0.168566 0.465659
v 0.131509 -0.298694 0.171716
v 0.490081 -0.242187 0.248708
v 0.498760 -0.235612 0.250872
v -0.040298 0.312143 0.493944
v -0.008989 0.272916 0.496797
v -0.400795 -0.146027 -0.629799
v 0.300966 -0.231744 -0.413132
v 0.046411 0.462054 0.442698
v 0.433730 0.463856 -0.050470
v 0.434584 0.502475 -0.047549
v -0.698887 0.267736 -0.393774
v 0.447921 -0.295677 0.183286
v 0.454447 -0.298797 0.161408
v -0.573669 -0.123142 0.345829
v 0.369793 -0.123506 0.345532
v 0.361539 -0.147696 0.371215
v -0.288292 -0.685411 0.779903
v -0.278917 -0.712673 0.772440
v 0.213996 0.375236 -0.780246
v 0.468047 -0.303887 0.237447
v -0.390699 -0.165331 0.433055
v -0.383043 -0.168081 0.423567
v -0.385388 -0.193429 0.422640
v -0.476450 0.699808 0.211010
v 0.473628 0.342041 -0.289106
v 0.486070 0.359936 -0.332048
v 0.248426 -0.266774 0.249950
v 0.457162 0.283321 0.106103
v 0.446721 0.278743 0.124180
v 0.465534 0.211612 0.089181
v 0.472040 0.231612 0.090364
v 0.472063 0.129595 0.088993
v 0.056529 0.575306 -0.785889
v 0.089868 0.555948 -0.770746
v 0.126939 0.544659 -0.777241
v 0.476873 0.229617 0.100514
v 0.075639 -0.351919 0.115128
v -0.678955 0.378451 -0.443032
v -0.669630 0.363211 -0.385508
v -0.368052 0.904865 -0.018685
v -0.355148 0.923866 -0.054434
v 0.449120 0.228460 -0.083118
v 0.449346 0.200689 -0.093420
v -0.645520 0.373848 -0.564893
v -0.621804 0.402278 -0.589057
v -0.639195 0.379670 -0.578941
v 0.044006 -0.622345 0.895698
v 0.198759 -0.310388 0.412901
v 0.410468 0.464219 0.170624
v -0.376917 -0.425372 0.294927
v 0.186669 0.407342 0.405490
v 0.133837 0.367811 0.441692
v -0.100230 0.296185 0.539740
v 0.021915 0.434610 -0.826998
v 0.056152 -0.869931 0.571138
v 0.062906 -0.906062 0.604073
v 0.287590 -0.090102 -0.597570
v 0.255262 -0.075421 -0.582381
v 0.128332 0.038095 0.331761
v 0.319354 -0.297564 -0.075151
v -0.376195 -0.205547 0.400732
v -0.323430 -0.172147 0.414232
v 0.373668 0.676621 0.270182
v -0.289094 0.968265 -0.138348
v -0.307653 -0.416559 0.415881
v -0.289803 -0.401553 0.428667
v -0.321410 0.944857 -0.050370
v -0.304794 0.949567 -0.005302
v 0.307337 0.688624 0.044580
v 0.304173 0.689403 0.017306
v 0.339073 0.653951 0.043149
v -0.036346 -0.417985 0.124212
v -0.348124 0.229427 0.456234
v -0.419635 0.193239 0.415182
v -0.694295 0.292750 -0.154953
v 0.199837 0.759934 0.176322
v 0.059683 -0.499125 0.396190
v 0.428004 0.319098 -0.578779
v -0.247730 0.726929 0.452404
v 0.198445 -0.061693 0.272271
v -0.490529 -0.267036 0.249609
v -0.478503 -0.240286 0.304034
v 0.170816 0.802527 0.121302
v 0.094222 -0.430209 -0.021786
v -0.512985 -0.196691 -0.532712
v -0.499732 -0.194255 -0.527861
v 0.263289 0.094758 0.382713
v 0.284978 -0.005992 0.373779
v 0.347480 -0.173739 -0.045037
v 0.323729 -0.205513 -0.041719
v 0.322641 -0.252045 0.021747
v 0.306019 -0.284368 -0.143785
v 0.301077 -0.299499 -0.114602
v 0.437481 0.318697 -0.592280
v 0.107139 0.085198 0.359056
v -0.393566 0.462714 -0.766291
v -0.110424 0.760108 -0.735078
v -0.087162 0.727068 -0.741018
v 0.122081 -0.887927 0.631161
v -0.455922 0.405682 -0.821418
v -0.458827 0.385655 -0.811055
v -0.137834 -0.021626 0.481402
v 0.388754 -0.160041 0.221336
v 0.427207 -0.124381 0.196695
v -0.457285 -0.324287 0.276177
v -0.449665 -0.338910 0.247576
v -0.437204 -0.359046 0.267657
v -0.510896 0.658117 0.364060
v -0.645030 0.247853 0.135021
v 0.153781 0.826810 0.145277
v 0.161713 0.849646 0.094391
v -0.227555 0.196835 0.504832
v -0.268072 0.246772 0.476972
v -0.227521 0.235346 0.499481
v -0.244026 -0.638448 0.667039
v 0.097742 -0.770684 0.794876
v 0.119181 -0.786555 0.785236
v 0.129086 -0.738729 0.817919
v -0.218778 -0.527852 0.750287
v 0.542988 -0.222940 0.153252
v -0.280501 -0.294299 0.564244
v 0.282926 -0.126502 0.385427
v -0.377142 0.533847 -0.759217
v -0.416571 0.525602 -0.763499
v -0.496045 -0.260974 -0.381082
v -0.494815 -0.275266 -0.351104
v -0.652034 0.206567 -0.093947
v -0.668371 0.243003 -0.121204
v -0.399088 0.016494 0.272948
v -0.415186 -0.035227 0.266778
v -0.191304 0.037335 0.477847
v -0.162860 0.124268 0.431424
v 0.086017 -0.542114 0.736386
v 0.093617 -0.594198 0.695909
v -0.077064 0.739643 -0.746262
v -0.079730 0.737021 -0.755416
v 0.129723 0.719100 0.356614
v 0.110469 0.679909 0.383246
v -0.281658 -0.508994 0.482203
v -0.309199 -0.456068 0.427236
v -0.211750 0.818543 -0.689287
v -0.714904 0.147847 0.153369
v -0.252748 0.369755 -0.826099
v -0.295956 0.426421 -0.803784
v 0.359021 -0.210460 0.356377
v 0.282288 0.389908 -0.719842
v -0.611516 -0.151011 0.075908
v -0.592780 -0.188182 0.121684
v 0.476820 -0.246000 0.099739
v -0.242800 0.615957 0.430322
v -0.684084 0.242996 -0.042760
v 0.301453 0.510720 -0.718267
v 0.285504 0.468469 -0.745539
v -0.367190 -0.430794 0.268861
v -0.333386 -0.432707 0.286207
v 0.150372 -0.594849 0.702157
v 0.380917 -0.294534 -0.014182
v 0.366749 -0.270696 -0.011530
v 0.397019 -0.295795 -0.006449
v -0.052830 0.778305 -0.718705
v -0.003122 0.793932 -0.701554
v -0.442676 0.672237 0.393802
v 0.294689 -0.278986 -0.037015
v 0.395094 0.321849 0.232011
v -0.601422 0.487394 0.184735
v -0.622159 0.453437 0.129269
v -0.241209 0.436294 0.454502
v 0.496769 0.383729 -0.401511
v -0.564967 0.364405 0.268609
v 0.155983 -0.377267 0.409005
v 0.379075 0.328415 -0.622894
v -0.020490 0.199002 0.368828
v 0.508006 0.076107 0.165249
v 0.001389 0.516598 -0.801211
v 0.076923 0.516501 -0.781599
v 0.054874 0.572619 -0.775410
v 0.421339 -0.072868 -0.016918
v 0.505605 0.379202 0.139690
v 0.515459 -0.221594 0.191733
v 0.048685 -0.809587 0.739308
v -0.479379 -0.267384 0.309948
v -0.671666 0.262946 -0.387265
v -0.677280 0.318851 -0.424533
v 0.114416 -0.113433 0.440336
v -0.516926 -0.306383 0.181996
v 0.343196 -0.281838 -0.020267
v 0.371653 -0.296460 -0.037220
v 0.058626 -0.299303 0.566304
v 0.441416 0.059354 0.200414
v 0.444879 0.076044 0.212739
v -0.313790 -0.414130 0.501169
v 0.233705 0.699252 0.299405
v 0.278956 0.676200 0.272252
v -0.185168 -0.557441 0.817836
v -0.234114 0.757740 0.334433
v 0.235074 0.416801 0.373866
v -0.095042 0.701789 -0.745024
v 0.243192 -0.173429 0.473743
v 0.133865 0.933771 -0.102490
v 0.120178 0.961203 -0.088393
v 0.156228 0.957341 -0.100633
v -0.654659 0.304438 -0.090189
v 0.010271 -0.213427 0.572906
v 0.029324 -0.251173 0.569492
v 0.055443 -0.230158 0.557114
v 0.506295 -0.215344 0.189063
v -0.231348 0.630525 -0.779276
v -0.686062 0.306180 -0.044939
v -0.683937 0.317619 -0.046196
v 0.078763 -0.940544 0.620329
v -0.293704 0.847224 0.209074
v -0.391717 0.961663 -0.099516
v -0.371878 0.969888 -0.072288
v 0.248283 0.287869 0.351578
v 0.342218 -0.100385 -0.543343
v 0.312527 -0.081128 -0.543646
v -0.472903 0.557305 0.316247
v -0.428225 0.513746 0.352814
v -0.502170 0.454678 0.302628
v -0.587543 -0.201094 0.082666
v -0.191216 -0.618753 0.866302
v -0.104981 -0.126385 0.581400
v -0.418327 0.953555 -0.026274
v -0.515043 -0.310857 -0.098020
v -0.520566 -0.329504 -0.088353
v 0.234051 0.443978 -0.822389
v 0.238333 0.421871 -0.812220
v 0.233940 0.406132 -0.821740
v 0.475256 -0.257183 0.230861
v 0.472918 -0.282525 0.234622
v 0.462454 -0.263916 0.197894
v -0.304905 0.061732 0.469354
v -0.247830 0.121380 0.499651
v -0.382904 0.820475 0.178524
v -0.363700 0.806402 0.198802
v -0.366916 0.822960 0.193271
v -0.465061 0.400177 -0.803262
v -0.015985 0.497257 0.467079
v 0.437822 -0.280570 0.159387
v -0.392348 -0.215250 0.394064
v -0.395125 0.728116 0.293712
v 0.344262 0.650635 -0.006219
v 0.274530 -0.091831 0.367203
v 0.350777 -0.240803 0.099239
v 0.352295 -0.230980 0.051563
v -0.012631 0.533648 0.439499
v 0.033661 0.501448 0.436757
v 0.065692 0.813747 -0.660869
v 0.025204 0.804025 -0.675521
v 0.047281 0.762010 -0.690559
v -0.299250 -0.796434 0.715134
v -0.287157 -0.787893 0.724016
v -0.056341 -0.985775 0.589149
v -0.008672 -0.979231 0.595949
v -0.021315 -0.990344 0.609634
v 0.172736 0.871269 0.081001
v -0.686166 0.263353 -0.348613
v -0.684732 0.231090 -0.356185
v -0.245377 0.884750 -0.638890
v -0.248113 0.889689 -0.619024
v 0.440126 0.332073 -0.263933
v -0.423025 -0.190768 0.176537
v -0.259926 -0.754844 0.585135
v -0.153567 -0.733189 0.597422
v 0.152541 0.951616 0.034682
v 0.110987 0.974876 0.025825
v 0.160670 0.959733 0.000141
v 0.456228 0.332960 -0.523763
v 0.463146 0.320408 -0.511464
v 0.474184 0.249243 -0.096462
v -0.145139 -0.516647 0.663341
v -0.151839 -0.575083 0.706824
v -0.676682 0.221290 -0.167221
v -0.398260 -0.123874 -0.662381
v -0.387757 -0.120729 -0.652645
v -0.404472 -0.136378 -0.656068
v -0.364259 0.889803 -0.013994
v -0.310269 0.920564 0.012763
v -0.665930 0.239351 -0.393129
v 0.106177 0.884351 -0.609628
v 0.472453 0.247470 -0.467747
v 0.473199 0.255798 -0.452323
v 0.479737 0.254439 -0.439804
v -0.684250 0.196778 -0.110530
v 0.197114 -0.299919 0.276852
v -0.364838 0.955036 -0.367794
v -0.363323 0.943663 -0.364495
v 0.488538 -0.317172 0.164055
v -0.077141 0.052707 0.479775
v -0.280958 0.531005 -0.795200
v 0.439176 0.278303 -0.147210
v 0.444936 0.239185 -0.222321
v 0.463742 0.260997 -0.480257
v 0.474524 0.252081 -0.467855
v 0.147037 0.179122 0.427392
v -0.001035 0.164576 0.398394
v -0.531883 0.669368 0.005133
v -0.541462 0.675896 0.013238
v 0.492085 0.246781 -0.058022
v 0.491645 0.199873 -0.053484
v 0.487738 0.207062 -0.078707
v -0.515292 -0.292532 -0.235500
v 0.443007 0.086203 -0.053598
v 0.278327 -0.275283 -0.356675
v 0.290032 -0.287490 -0.343430
v 0.280418 -0.309999 -0.283582
v 0.156751 0.689818 0.426506
v 0.131953 -0.109337 0.446396
v 0.144998 -0.131341 0.446091
v -0.654586 0.071588 0.013175
v -0.266235 -0.391754 0.224133
v -0.421549 -0.063416 -0.645833
v -0.460762 -0.096487 -0.609634
v -0.658434 0.365955 0.104621
v 0.099551 0.749099 0.356338
v 0.051294 0.758038 0.379093
v 0.111954 0.753294 0.362653
v 0.025962 -0.004072 0.508533
v -0.697572 0.337321 -0.437748
v -0.263302 0.074463 0.493818
v 0.066561 -0.774733 0.793114
v 0.492270 -0.217493 0.226082
v 0.516248 -0.215335 0.209095
v 0.404440 -0.102959 0.008678
v 0.379493 -0.122952 -0.050074
v 0.040122 -0.731836 0.594840
v 0.072529 -0.694810 0.626758
v 0.105041 -0.710362 0.617002
v 0.030848 -0.972904 0.645359
v 0.086509 -0.938992 0.673360
v 0.485617 0.289276 -0.113453
v 0.484189 0.241435 -0.114700
v 0.479310 0.199933 -0.085440
v 0.422118 -0.310861 0.040263
v 0.479517 0.203815 -0.065867
v -0.575081 -0.297194 -0.005951
v 0.200875 0.932883 0.031608
v 0.194579 0.962675 -0.019719
v 0.257754 -0.240540 0.397030
v 0.463368 0.390781 -0.440925
v -0.532331 -0.167059 -0.492429
v -0.124296 0.019759 0.527240
v 0.471989 0.313965 -0.559106
v -0.181614 0.692441 0.416883
v -0.123519 0.599218 0.442036
v 0.499909 -0.314180 0.209007
v -0.301302 -0.001933 0.472107
v -0.308880 -0.031157 0.470602
v -0.343083 0.301559 0.451440
v -0.118554 0.687559 0.404833
v 0.009825 0.629630 -0.771664
v 0.024271 0.606081 -0.783963
v -0.660164 0.346681 -0.317746
v -0.659865 0.340591 -0.285918
v -0.646755 0.346291 -0.304265
v 0.120744 0.235151 0.438440
v 0.049550 -0.117674 0.542672
v -0.332990 -0.387575 0.252990
v 0.443072 0.294697 -0.071407
v 0.448655 0.267139 -0.073098
v -0.214416 -0.721908 0.608221
v -0.173778 -0.716368 0.610008
v -0.630472 -0.006813 -0.057902
v -0.636152 -0.005614 0.015879
v -0.617815 -0.084819 0.004818
v -0.162881 0.174610 0.393192
v -0.198347 0.116057 0.424868
v 0.168388 -0.788855 0.715920
v 0.171812 -0.780374 0.743778
v 0.164540 -0.809107 0.713506
v -0.559085 0.480155 -0.626631
v -0.702628 0.006722 0.169340
v -0.156611 0.410888 -0.838623
v -0.144536 0.365517 -0.837581
v 0.450517 -0.304911 0.072034
v -0.644309 0.088814 0.026350
v -0.645516 0.026375 0.069419
v -0.643355 0.301775 -0.567450
v -0.587474 0.395362 -0.632610
v -0.630675 0.451191 -0.049331
v -0.613607 0.411504 0.178167
v -0.623276 0.373959 0.169117
v -0.668122 0.202868 0.104507
v 0.457706 0.365344 -0.370533
v -0.127502 -0.890002 0.688883
v 0.223613 0.443252 0.355177
v 0.221465 0.362136 0.364757
v 0.501875 0.378617 -0.440818
v 0.424511 -0.128654 0.081098
v 0.429536 -0.067615 0.028693
v 0.448584 -0.052499 0.121916
v 0.153288 -0.128695 0.450201
v 0.175693 -0.172247 0.444242
v -0.684153 0.270340 -0.519518
v -0.689730 0.266241 -0.493778
v 0.471550 0.286091 -0.306002
v 0.458606 0.323722 -0.253554
v -0.463705 0.515068 -0.798103
v -0.447156 0.494438 -0.806202
v -0.447440 0.508191 -0.818699
v 0.246864 -0.114837 0.412253
v 0.024901 0.123534 0.500875
v 0.063581 0.052386 0.486433
v -0.457804 -0.245713 0.370556
v -0.655299 0.224629 -0.215446
v 0.418924 -0.018913 0.236194
v 0.044439 0.858779 -0.638779
v -0.180343 -0.425819 0.311898
v -0.226110 -0.416219 0.252143
v -0.703579 0.267910 -0.494171
v -0.699051 0.312869 -0.470055
v 0.014533 0.002267 0.515494
v 0.057127 0.979446 -0.151338
v 0.446184 0.298509 -0.330700
v -0.130747 -0.415884 0.311071
v -0.060520 -0.413676 0.263886
v -0.388839 -0.169796 0.519316
v -0.390780 -0.171337 0.477222
v -0.509117 0.097230 0.323835
v 0.578416 -0.238332 0.135871
v 0.606934 -0.240870 0.145121
v 0.331485 0.426418 -0.657634
v -0.619166 -0.155321 0.048314
v -0.598565 -0.195597 0.042820
v 0.490111 0.214039 -0.040946
v 0.386652 -0.202579 0.055021
v -0.687678 0.287890 -0.515737
v -0.691577 0.277889 -0.492558
v 0.487845 0.379356 -0.379739
v -0.070147 -0.926808 0.683581
v -0.071697 -0.924150 0.660772
v -0.644131 0.203822 -0.051404
v -0.697203 0.303270 -0.391550
v -0.697578 0.341413 -0.373793
v -0.684173 0.316626 -0.343508
v -0.429374 -0.172133 0.495471
v -0.464872 -0.178637 0.474635
v -0.420649 -0.181695 0.506617
v 0.000615 0.838733 -0.665280
v -0.035484 -0.486998 0.675805
v -0.003419 -0.494008 0.669170
v 0.001269 -0.426641 0.611710
v 0.411260 0.034173 0.233367
v -0.681730 0.182157 0.204447
v -0.672783 0.157002 0.208896
v 0.466474 -0.001589 0.120188
v 0.496579 -0.021514 0.180897
v -0.531876 -0.146116 -0.444007
v -0.510111 -0.198823 -0.455967
v 0.145600 0.688484 0.401137
v -0.346642 -0.371063 0.412047
v -0.329044 -0.399862 0.429801
v -0.395519 0.912080 -0.062755
v 0.080803 -0.481349 0.488233
v 0.077839 -0.525675 0.487350
v 0.406799 0.540677 0.145175
v -0.353847 0.902033 0.085838
v -0.360513 0.868295 0.105258
v -0.147982 0.732504 0.376202
v -0.157952 -0.641868 0.884665
v -0.170655 -0.683796 0.851960
v -0.388454 0.828428 0.219847
v -0.132739 -0.435434 -0.021006
v -0.053020 -0.435258 -0.021382
v -0.367117 -0.340572 0.289151
v 0.456824 0.392705 -0.465827
v -0.200279 0.482719 0.468447
v -0.189879 -0.424363 0.209784
v 0.096674 -0.406601 0.143771
v 0.091743 -0.399178 0.216307
v 0.156493 0.012465 0.329725
v -0.208792 -0.795558 0.552900
v 0.094651 0.763222 0.324463
v 0.140785 -0.407582 0.071162
v -0.177115 -0.426287 0.142541
v -0.142559 -0.426149 0.194181
v -0.483308 0.501623 -0.756677
v -0.484686 0.497224 -0.739114
v -0.102064 -0.587150 0.874933
v -0.027985 -0.573518 0.873092
v -0.451806 -0.182287 -0.591113
v -0.428456 -0.172535 -0.598507
v -0.120992 -0.900623 0.667802
v -0.117736 -0.873695 0.679143
v -0.086528 -0.211441 0.592820
v -0.037828 -0.175927 0.587336
v 0.341462 -0.201628 -0.042884
v -0.372396 -0.281638 0.140008
v -0.556118 -0.298130 0.007893
v -0.524876 -0.319680 0.024124
v 0.385776 -0.344418 -0.066985
v 0.407619 -0.054094 0.251305
v 0.311816 -0.298307 -0.034463
v 0.310607 -0.293851 -0.058811
v -0.707081 0.052997 0.152379
v -0.671876 -0.000185 0.127682
v -0.657793 -0.015980 0.248893
v -0.683401 0.347544 -0.277706
v 0.125860 -0.388496 0.250069
v 0.078003 -0.432429 -0.019247
v 0.192225 -0.377752 0.142636
v 0.203247 -0.172900 0.488193
v -0.313291 -0.394024 0.395120
v -0.316466 -0.438041 0.392521
v -0.089117 -0.630700 0.448229
v -0.062770 -0.654136 0.466721
v -0.065522 -0.689170 0.499102
v 0.329819 -0.198853 -0.382591
v -0.517864 -0.260840 -0.110078
v -0.503331 -0.302683 -0.082533
v -0.370346 -0.273563 0.177962
v -0.358027 -0.298643 0.252593
v 0.250319 0.369621 -0.799482
v -0.179981 0.058799 0.491058
v -0.499623 -0.029521 0.350460
v -0.346078 0.929512 0.067459
v -0.348598 0.958380 0.046391
v -0.327273 0.944319 0.072054
v 0.065103 0.078151 0.415639
v 0.200438 -0.225319 0.372179
v 0.450294 -0.290988 0.121166
v -0.070830 0.473245 0.455971
v -0.668440 0.255234 -0.305672
v -0.671912 0.245217 -0.288612
v 0.308816 0.634065 0.328106
v 0.137968 0.969404 -0.028209
v 0.189847 0.959223 -0.031742
v -0.373240 0.937693 -0.237883
v -0.374764 0.919712 -0.152242
v 0.465679 0.256054 -0.446413
v 0.421937 -0.086128 0.167107
v 0.390480 -0.154392 0.156936
v 0.392438 -0.129425 0.200050
v -0.380986 -0.357560 0.408805
v -0.369514 -0.374957 0.397213
v -0.281277 -0.409827 0.213613
v -0.282670 -0.401900 0.224889
v -0.268165 -0.402363 0.228969
v -0.249528 -0.409902 0.219146
v 0.469571 0.429969 0.200750
v 0.491907 0.321994 0.183788
v 0.497984 0.403729 0.159264
v -0.536866 0.667337 0.182349
v 0.077762 -0.682281 0.609119
v -0.231097 -0.414442 0.158185
v -0.199013 -0.414406 0.145621
v -0.462707 -0.055682 0.377084
v 0.376262 -0.192861 0.054474
v -0.713681 0.240896 -0.430214
v -0.341979 0.869378 0.188893
v -0.300742 0.880938 0.201906
v -0.119670 0.757352 -0.723780
v -0.638748 0.272124 0.009680
v -0.407187 -0.117542 0.347946
v -0.483435 -0.101854 -0.561168
v -0.477398 -0.112669 -0.567589
v -0.691745 0.313814 -0.041354
v -0.692949 0.269413 -0.040419
v -0.126942 -0.559964 0.868517
v -0.098776 -0.561402 0.875009
v -0.381565 0.919854 -0.110543
v 0.423642 -0.115898 0.184349
v 0.447361 -0.085480 0.170371
v 0.356920 0.585758 0.255285
v 0.393252 0.541175 0.265834
v -0.106758 0.708760 -0.767932
v -0.038832 0.708988 -0.766341
v -0.690742 0.270463 -0.492526
v -0.364645 -0.219841 0.542002
v -0.357820 -0.174260 0.547694
v 0.346048 -0.383553 -0.058817
v 0.370819 -0.379399 -0.071460
v 0.369111 -0.373770 -0.041528
v -0.297727 -0.741786 0.781384
v -0.301412 -0.761229 0.767638
v 0.126209 0.800857 0.241909
v 0.141175 0.790710 0.241998
v 0.152212 0.795831 0.237477
v 0.455772 0.213567 0.122279
v -0.424397 -0.377562 -0.032037
v -0.323563 0.801370 0.216042
v -0.350615 0.800192 0.182267
v -0.111904 0.412506 -0.836458
v -0.009477 -0.385246 0.109393
v -0.000063 -0.393596 0.150229
v -0.026109 0.712544 -0.744866
v -0.335528 0.528004 0.425049
v -0.014381 -0.187551 0.577635
v -0.454608 0.664046 0.338670
v -0.415834 0.678624 0.361225
v 0.092275 0.991678 -0.046981
v -0.104863 -0.426584 0.045269
v -0.580374 -0.241638 0.076258
v -0.606413 -0.199442 0.108914
v -0.672664 0.255958 -0.461301
v -0.675721 0.235950 -0.433072
v 0.417108 0.622406 0.211385
v 0.506596 -0.227332 0.150435
v 0.517792 -0.223023 0.164201
v 0.450620 0.291494 0.172734
v 0.227069 0.457086 -0.824194
v -0.656129 0.273417 -0.052374
v -0.135568 -0.063294 0.597500
v 0.480597 -0.270182 0.073540
v -0.645967 0.323931 -0.352415
v -0.371930 0.095853 0.429536
v 0.463051 0.245987 -0.165116
v 0.470514 0.240761 -0.168109
v 0.466186 0.221581 -0.187111
v 0.156206 -0.855582 0.656874
v -0.117301 0.737292 -0.744426
v 0.115796 -0.352790 0.256829
v -0.345348 -0.002764 0.450835
v 0.429349 0.519776 0.241487
v 0.120998 -0.330968 0.351900
v -0.539229 -0.216733 -0.367645
v -0.552118 -0.242067 -0.283675
v 0.541891 -0.249580 0.099881
v 0.413776 -0.029342 0.225236
v -0.317706 -0.346723 0.263366
v 0.189960 0.973152 -0.043908
v 0.010451 0.087305 0.538127
v 0.180544 0.939033 -0.056367
v 0.125696 0.943370 -0.055189
v 0.262498 -0.177853 0.403385
v 0.521298 -0.347950 0.232904
v 0.448098 0.015954 0.128405
v 0.440204 0.000178 0.108335
v 0.440227 -0.033478 0.142947
v -0.325979 0.464669 0.439652
v -0.315657 0.691075 0.397298
v -0.278863 0.693186 0.404347
v -0.271582 -0.397335 0.309043
v -0.270415 -0.396335 0.239116
v -0.616033 -0.070971 0.292532
v -0.646866 0.408815 0.212567
v -0.096573 0.611240 -0.794811
v -0.097089 0.542825 -0.811171
v 0.507654 0.354041 0.154395
v -0.481858 0.705298 0.160872
v -0.481950 0.714935 0.107772
v 0.189670 0.008609 0.418079
v 0.243475 0.020513 0.378877
v -0.283866 0.460977 0.434620
v -0.143348 -0.545175 0.838942
v -0.101594 -0.535745 0.843940
v -0.475301 -0.319628 -0.015471
v -0.342751 0.879678 0.167918
v 0.280760 0.690069 0.204984
v -0.676753 0.282979 -0.508303
v -0.682618 0.261712 -0.482994
v -0.492383 0.649429 0.311778
v -0.512755 0.640938 0.345667
v 0.310078 -0.220074 -0.042631
v -0.033082 0.764395 0.343820
v -0.243152 -0.623157 0.823099
v -0.199070 -0.610821 0.843845
v -0.390992 0.384911 -0.791224
v -0.320765 0.381045 -0.804129
v -0.698334 0.288971 -0.518538
v 0.397052 -0.093769 0.197971
v -0.668255 0.219056 -0.165464
v -0.659079 0.215608 -0.158122
v -0.655259 0.203871 -0.122341
v 0.318075 -0.355310 -0.085755
v 0.313743 -0.365443 -0.088922
v 0.334938 -0.370060 -0.061845
v 0.103250 -0.424708 0.456485
v 0.256694 0.732966 0.051435
v 0.278501 0.714144 0.036173
v -0.072338 0.225322 0.512274
v -0.146543 0.300519 0.498548
v -0.278691 -0.002156 0.488012
v -0.252375 0.020904 0.499293
v -0.622882 0.161082 0.216568
v -0.599501 0.115083 0.251549
v 0.483952 0.355179 -0.350113
v -0.332492 -0.388828 0.301561
v -0.132474 -0.606386 0.903947
v 0.473414 0.228147 -0.080373
v -0.329311 -0.164280 0.553990
v 0.299851 0.444356 0.297671
v 0.361463 0.399063 0.238447
v 0.485185 0.319915 -0.067134
v 0.090094 0.843522 -0.651966
v 0.056944 0.899753 -0.618803
v 0.287030 -0.256204 -0.045217
v 0.455346 0.247157 -0.088552
v -0.651191 0.362956 -0.381608
v -0.219487 0.200759 0.527320
v -0.146636 0.182016 0.540743
v 0.167709 -0.293565 0.438164
v -0.294572 -0.651964 0.670499
v -0.295946 -0.695032 0.640215
v -0.125436 -0.206711 0.591073
v -0.370584 -0.378135 0.226706
v -0.275279 -0.661854 0.795228
v -0.234640 -0.643030 0.819560
v -0.223961 0.640975 -0.765896
v 0.188226 0.932148 0.032579
v 0.195045 0.945131 0.000832
v 0.489908 0.265058 -0.037155
v 0.052253 -0.797221 0.720732
v 0.070032 -0.810006 0.711983
v 0.077866 -0.827232 0.736721
v 0.154723 -0.601283 0.752065
v 0.178539 -0.227809 0.385554
v 0.181317 -0.241388 0.370116
v 0.444454 0.257897 -0.105072
v 0.507692 -0.250922 0.107262
v -0.621459 -0.166721 0.085273
v 0.666361 -0.305141 0.208757
v -0.691994 0.360947 -0.325252
v -0.103494 0.178656 0.415432
v 0.276891 0.520625 0.310689
v 0.425575 -0.285401 0.060878
v 0.422947 0.511810 -0.045657
v 0.459067 0.361834 0.209513
v 0.452715 0.420154 0.213460
v -0.482669 0.472326 -0.745203
v -0.483103 0.441679 -0.748084
v -0.415302 -0.213460 0.258672
v -0.412664 -0.226145 0.208810
v -0.573814 -0.337951 -0.022357
v -0.390864 -0.070278 0.315568
v -0.032226 -0.412542 0.612187
v -0.357338 0.782163 0.219697
v -0.330361 0.791874 0.235972
v -0.684731 0.304020 -0.156787
v 0.144688 -0.146909 0.421064
v 0.177434 -0.230051 0.209186
v 0.173783 -0.249213 0.309489
v -0.265226 0.081754 0.426375
v -0.283025 0.039431 0.441350
v -0.220886 0.082049 0.458723
v -0.291463 -0.060261 0.461525
v -0.327466 0.967941 -0.081842
v 0.403846 0.424492 0.191430
v 0.390949 0.328474 0.209528
v -0.488245 0.245639 0.356363
v -0.645399 0.396783 -0.024888
v -0.648695 0.313491 -0.042239
v -0.127934 -0.392760 0.115979
v -0.667467 0.270882 -0.078543
v -0.092529 0.492546 -0.828132
v 0.465091 0.285793 -0.332635
v 0.392828 0.571547 0.094584
v 0.409020 0.533415 0.045291
v 0.194539 0.752341 0.220841
v -0.262657 -0.696337 0.804307
v -0.257457 -0.673759 0.800289
v 0.448891 -0.302838 0.096286
v 0.091640 -0.798025 0.776920
v 0.093131 -0.790442 0.761565
v -0.478083 -0.173959 -0.577801
v -0.483229 -0.200074 -0.563302
v 0.167141 -0.041400 0.440022
v 0.300204 -0.165621 0.371231
v -0.169467 -0.437754 0.571499
v 0.461717 0.223270 -0.467844
v 0.459533 0.256963 -0.464423
v -0.687501 0.228160 -0.325948
v -0.693332 0.256847 -0.337260
v -0.693327 0.231186 -0.353815
v -0.236937 0.696924 0.456843
v -0.159865 0.695998 0.458273
v 0.452963 0.196342 -0.074997
v 0.450880 0.202007 -0.057424
v -0.222995 -0.440271 0.006651
v -0.200869 -0.440919 -0.020164
v -0.155068 -0.440994 -0.019328
v -0.128651 -0.978687 0.594910
v 0.138951 0.046317 0.443711
v -0.702840 0.306949 -0.426414
v 0.467414 0.327478 -0.448471
v -0.443394 -0.216063 0.370903
v -0.403608 -0.215211 0.397976
v -0.044695 0.554001 -0.795723
v -0.047008 0.546566 -0.806276
v 0.430712 0.400127 -0.565590
v 0.428604 0.376995 -0.571811
v -0.303948 -0.440494 0.540921
v 0.244501 0.469027 -0.801383
v -0.637410 -0.112540 0.061925
v -0.625677 -0.094264 -0.010305
v -0.554269 0.346556 -0.690593
v -0.537946 0.345909 -0.688965
v -0.479781 0.512883 0.337421
v 0.379416 -0.334766 -0.083551
v -0.200703 0.119831 0.444426
v -0.645231 0.179988 -0.001873
v -0.641698 0.212810 0.059143
v -0.646257 0.125472 0.063286
v -0.330589 0.977625 -0.062993
v 0.573425 -0.311605 0.260911
v 0.176285 -0.402943 0.024522
v 0.234178 -0.364560 0.072789
v 0.234883 -0.359834 0.035212
v -0.658674 0.314151 -0.581617
v -0.668180 0.317412 -0.568968
v -0.093686 -0.679587 0.857840
v -0.055298 -0.680360 0.856828
v -0.022001 -0.978109 0.578528
v -0.131238 0.737901 -0.754853
v 0.267886 -0.317905 -0.255972
v 0.038656 -0.459967 0.610847
v -0.654229 0.315242 -0.526386
v -0.531833 0.359743 -0.722700
v -0.525630 0.418014 -0.724742
v 0.070054 -0.566450 0.502433
v -0.220671 0.739151 0.348632
v -0.329124 0.446083 0.420947
v 0.073269 0.764286 0.403714
v -0.517249 -0.280503 -0.109631
v -0.345907 0.082546 0.293641
v 0.457116 0.291707 -0.171189
v -0.303874 0.825415 0.251196
v -0.680345 0.406823 -0.407805
v 0.219288 0.518098 -0.747263
v 0.233078 0.519783 -0.756686
v 0.174455 0.530991 -0.770302
v -0.622453 0.475599 0.235038
v -0.507848 0.578583 0.308282
v -0.136197 -0.431199 0.298785
v 0.343103 -0.317713 0.020625
v -0.437495 -0.028811 0.395331
v -0.427274 -0.093789 0.406675
v -0.206859 0.564453 -0.792229
v -0.211554 0.504656 -0.803923
v 0.367394 -0.154739 0.236667
v -0.658090 0.350905 -0.579840
v -0.688466 0.389155 -0.552447
v -0.649733 0.390907 -0.579292
v 0.232959 0.472922 -0.799800
v -0.009547 0.028543 0.499692
v 0.250632 -0.265941 0.364711
v 0.265243 -0.262876 0.312089
v 0.272672 -0.239941 0.342346
v 0.274569 -0.132397 -0.590296
v -0.194420 0.730398 -0.739607
v -0.148255 0.724570 -0.741802
v -0.634640 -0.039081 0.049405
v 0.175401 -0.676184 0.769480
v -0.116451 -0.775671 0.567289
v -0.215237 0.712020 0.389368
v 0.473828 -0.093244 0.213466
v -0.039555 -0.545850 0.369903
v 0.334035 -0.161160 -0.447558
v 0.331834 -0.149538 -0.453268
v 0.450646 0.301393 0.097711
v -0.575731 0.603255 0.308887
v -0.558377 0.698444 0.289703
v -0.591374 0.668044 0.256796
v -0.283988 -0.754038 0.754944
v -0.299460 0.293628 0.454167
v -0.324436 0.219879 0.447831
v -0.180295 0.775101 -0.705868
v -0.648740 0.450659 0.214801
v 0.148393 0.908126 -0.100927
v 0.161210 0.906031 -0.075151
v 0.168256 -0.243446 0.144144
v 0.196501 -0.180839 0.166469
v 0.161103 0.772028 0.217395
v -0.375567 -0.256963 0.378950
v -0.342619 -0.301037 0.363328
v -0.122159 -0.394665 0.107668
v 0.069974 0.939943 -0.011489
v 0.419334 -0.147694 0.122374
v 0.384528 -0.175614 0.190076
v -0.403169 -0.407070 0.239115
v -0.406909 -0.381609 0.267862
v 0.456490 0.252577 0.050442
v 0.454737 0.214187 0.008133
v -0.112899 0.358124 0.525063
v 0.189377 -0.393928 0.158454
v -0.267078 -0.367004 0.582257
v -0.223928 -0.370385 0.589407
v -0.250407 -0.323004 0.581613
v 0.092533 -0.043495 0.470008
v 0.104396 -0.066329 0.461586
v -0.085174 0.016860 0.534152
v -0.691185 0.282335 -0.513581
v 0.154087 -0.240180 0.485022
v -0.126894 -0.497440 0.762893
v -0.061399 -0.542786 0.725748
v -0.116824 -0.557035 0.718652
v 0.384948 0.463906 -0.595787
v 0.433468 0.391046 -0.569796
v 0.441035 0.387034 -0.579736
v -0.284604 -0.233964 0.546799
v 0.186356 -0.409250 0.235571
v 0.145475 -0.426242 0.256871
v 0.272445 -0.292085 -0.297632
v 0.503220 0.360702 -0.403792
v 0.166130 -0.401170 0.331262
v -0.662489 0.260004 -0.402549
v -0.671242 0.348395 -0.312118
v -0.364482 0.815314 0.149734
v 0.487692 -0.265365 0.253979
v -0.566872 -0.143351 0.245389
v 0.573741 -0.252196 0.155356
v 0.356016 -0.188129 0.187220
v -0.408794 -0.229964 0.510342
v -0.375168 0.906271 -0.094861
v -0.662480 0.419075 -0.520158
v 0.176728 -0.037414 -0.643339
v 0.196511 -0.042899 -0.642979
v 0.026149 0.766592 0.334117
v -0.293523 -0.679971 0.688296
v -0.207087 -0.914867 0.643026
v -0.014683 -0.026608 0.478278
v -0.610432 0.380433 -0.584625
v -0.598602 0.335498 -0.612707
v 0.486518 0.355242 -0.413231
v 0.183849 -0.221039 0.367316
v -0.474501 -0.221782 0.458997
v 0.387929 0.594162 -0.029521
v 0.386874 0.612742 -0.024492
v 0.408366 0.578973 -0.036715
v -0.062472 -0.742974 0.549559
v -0.038523 -0.741188 0.550465
v 0.479253 0.324584 -0.046160
v -0.156998 0.064684 0.470210
v -0.121340 0.114500 0.443525
v -0.305055 0.878303 0.176604
v -0.320102 0.864444 0.163423
v 0.462705 0.254857 -0.446728
v 0.094269 0.094434 0.342531
v 0.403204 -0.096657 -0.053856
v -0.405653 -0.248911 0.264484
v -0.103607 -0.861482 0.707564
v -0.379538 0.506594 -0.777663
v 0.476757 -0.314431 0.247954
v 0.487805 -0.300233 0.242028
v 0.165561 0.869246 0.057399
v -0.333687 0.837197 0.229690
v -0.349343 0.803684 0.239979
v -0.145707 -0.977470 0.642847
v -0.086401 -0.987863 0.631619
v -0.405450 -0.235576 0.314267
v -0.057230 0.525551 -0.800444
v 0.392717 -0.127512 0.340574
v -0.419411 0.706434 0.315795
v 0.273729 0.405999 0.321717
v 0.313546 0.351213 0.288860
v -0.447638 0.515391 -0.757690
v 0.102003 0.893158 0.091494
v -0.679711 0.420388 -0.468997
v 0.508643 0.307713 0.139669
v 0.513568 0.270544 0.155018
v -0.213471 0.470104 -0.821915
v -0.212476 0.423878 -0.814790
v 0.366478 -0.320981 -0.006305
v 0.349775 -0.319368 0.012220
v 0.305082 -0.357786 -0.170024
v 0.278137 -0.340847 -0.219390
v -0.285232 -0.492951 0.426997
v -0.369769 0.423223 0.422101
v -0.323618 0.387801 0.452664
v 0.457232 0.139687 0.102637
v -0.028655 -0.118004 0.605520
v -0.034497 -0.132819 0.582209
v -0.614679 0.519702 -0.042851
v 0.220938 0.679682 0.356102
v 0.200126 0.670913 0.368448
v -0.591227 0.460085 0.202958
v -0.647960 0.412676 0.071881
v -0.086932 -0.532648 0.851840
v -0.467699 0.480568 -0.797196
v 0.497662 0.042546 0.186381
v 0.501107 0.011314 0.173800
v -0.445318 -0.302114 0.304677
v -0.421958 -0.296068 0.368210
v -0.381018 -0.289940 0.326250
v -0.478563 -0.066544 -0.570507
v -0.140805 -0.936845 0.677035
v -0.528844 -0.380836 -0.074091
v -0.167653 -0.806032 0.770262
v 0.311363 -0.178826 -0.484103
v -0.565566 -0.223956 -0.000999
v -0.520517 -0.249551 -0.043564
v -0.535370 -0.265466 -0.002527
v -0.063653 0.442065 0.464969
v -0.182262 -0.961566 0.623375
v -0.163815 -0.970209 0.612105
v 0.022303 0.761121 0.357755
v 0.274736 -0.200091 -0.570258
v -0.651684 0.131171 0.178594
v -0.398256 0.378622 -0.777322
v -0.081493 -0.403667 0.174317
v -0.510164 -0.333383 -0.005414
v -0.518656 -0.339002 -0.052699
v -0.610972 0.524861 0.024830
v 0.038085 0.937039 -0.569842
v -0.502360 0.715428 0.034543
v -0.452073 0.757508 0.071319
v -0.697683 0.111737 0.182918
v -0.140197 0.424767 -0.873042
v 0.469304 0.238098 -0.071015
v 0.456128 0.332977 -0.270912
v -0.289047 -0.379795 0.241399
v -0.327591 -0.350382 0.234185
v -0.600429 -0.304515 -0.095231
v -0.575652 -0.306449 -0.082863
v -0.550633 -0.253206 -0.234955
v -0.472511 -0.349221 0.059390
v -0.072962 -0.652645 0.819505
v -0.145038 0.190110 0.402259
v 0.615136 -0.312638 0.224669
v 0.483783 0.327899 -0.376578
v 0.481784 0.259322 -0.405193
v -0.677608 0.244684 -0.123891
v -0.405100 -0.169700 0.320429
v -0.178176 0.029382 0.590063
v 0.095371 -0.386109 0.240655
v 0.083138 -0.418055 0.233974
v 0.404870 0.578684 0.079441
v -0.138476 0.109742 0.580370
v -0.122895 0.114109 0.557969
v -0.101991 -0.914062 0.659677
v -0.177377 -0.429939 0.412724
v -0.453369 -0.364110 0.116881
v -0.451566 -0.345369 -0.042183
v -0.570639 0.483097 -0.634647
v -0.566668 0.427507 -0.653210
v -0.584877 0.475139 -0.613899
v 0.403652 -0.069917 -0.054101
v 0.059754 0.969279 -0.125710
v 0.069774 0.947569 -0.053603
v 0.055534 -0.391476 0.227042
v 0.024438 -0.396749 0.193318
v 0.080916 -0.365751 0.186867
v 0.251754 -0.220784 0.345865
v -0.535617 -0.350666 -0.085465
v -0.017644 -0.427975 0.420179
v -0.405031 0.973033 -0.057460
v -0.367322 0.984464 -0.036181
v -0.343603 0.992767 -0.046882
v -0.151850 0.764914 0.396434
v -0.260996 0.769609 0.425299
v -0.145193 0.770039 0.438796
v -0.345518 -0.087280 0.448598
v 0.493417 -0.248747 0.101512
v -0.072691 -0.841788 0.725081
v 0.475450 0.317565 -0.019592
v 0.471218 0.316054 -0.030031
v -0.437212 0.665469 0.331464
v -0.412093 0.662151 0.348835
v 0.441522 0.484991 0.123880
v -0.511842 -0.296198 0.167950
v -0.473531 -0.324246 0.199385
v -0.382013 -0.063831 0.436859
v 0.048199 0.971933 -0.516900
v 0.206532 -0.127906 0.194132
v -0.404898 -0.091809 0.449566
v -0.376454 -0.103819 0.468750
v -0.401776 -0.225140 0.361955
v -0.630992 0.055908 0.188696
v -0.629072 -0.000491 0.202826
v -0.610777 0.519252 0.136940
v -0.613419 0.521231 0.079710
v -0.413232 -0.383501 0.283205
v 0.022513 -0.712401 0.553117
v 0.048890 -0.715384 0.581497
v 0.001025 -0.733952 0.558077
v -0.242187 0.441521 0.471049
v 0.131830 0.796831 0.204456
v -0.550784 -0.261563 -0.117707
v -0.535942 -0.255637 -0.109113
v 0.186500 -0.748435 0.714940
v -0.511543 0.546935 0.285592
v -0.507110 0.625562 0.279934
v -0.470761 0.644043 0.311452
v 0.092845 0.936965 0.068359
v -0.617799 -0.113084 0.314023
v 0.266698 0.661054 0.376258
v 0.273731 0.657727 0.322628
v 0.301768 0.644032 0.357250
v 0.054121 -0.409213 0.178691
v -0.633856 -0.029149 -0.058353
v 0.251522 0.513309 -0.733882
v -0.051312 -0.411621 0.317444
v -0.654847 0.200378 -0.108326
v 0.332787 0.610650 0.274776
v 0.283428 0.606766 0.320772
v 0.300461 0.526586 0.315281
v -0.345419 -0.232237 0.549059
v -0.318612 -0.220031 0.568869
v -0.278852 0.985138 -0.250684
v -0.283936 0.980170 -0.208669
v -0.072903 0.387646 0.477551
v -0.101253 0.333006 0.489421
v 0.149104 0.807401 0.132464
v 0.081778 -0.478541 0.498701
v -0.643686 0.329846 -0.568990
v -0.290123 -0.451059 0.547190
v -0.246340 -0.470013 0.552218
v -0.258644 -0.403054 0.580163
v -0.649077 0.330728 -0.053323
v -0.691083 0.316355 -0.090959
v -0.692473 0.314168 -0.132495
v -0.240972 0.728247 -0.710369
v 0.438322 0.416992 -0.520851
v 0.419638 0.412083 -0.551120
v -0.013140 -0.506768 0.807345
v 0.140130 0.007179 0.447437
v -0.345429 0.034474 0.332601
v -0.488748 -0.346867 0.127343
v -0.452964 -0.373093 0.139988
v 0.122569 0.989837 -0.052624
v -0.617452 -0.087561 -0.054552
v -0.577059 -0.169775 -0.048502
v 0.072139 -0.277052 0.561009
v 0.106024 -0.235291 0.524067
v -0.547745 -0.263318 -0.206005
v -0.359136 0.688591 0.397919
v -0.345707 0.690925 0.387977
v -0.053799 0.548613 -0.807220
v 0.452318 -0.305119 0.132725
v 0.460042 -0.324790 0.131134
v 0.175167 -0.089945 0.315350
v 0.159339 0.003427 0.294081
v -0.351300 0.789397 0.248567
v 0.297000 -0.319150 0.031708
v -0.690295 0.246774 -0.093422
v -0.677810 0.357640 -0.298368
v -0.547842 -0.269899 -0.193849
v -0.095020 0.107152 0.582711
v -0.190074 -0.531198 0.403948
v -0.184271 -0.506723 0.365863
v 0.271769 0.515545 -0.721434
v 0.270699 0.442120 -0.726316
v 0.150107 0.861899 0.165770
v 0.289303 -0.309384 0.038644
v 0.287367 -0.298584 -0.275837
v -0.672532 0.293486 -0.253896
v 0.427707 0.355347 -0.549500
v -0.448942 0.713569 0.242190
v 0.415058 -0.124427 0.028634
v 0.405523 -0.181028 0.094663
v -0.619349 -0.104325 0.180642
v -0.097857 0.345460 0.525563
v -0.091755 0.262245 0.527615
v -0.658894 0.249525 -0.096211
v -0.583642 -0.092371 0.265442
v -0.641172 0.312101 -0.095608
v -0.646067 0.309023 -0.085865
v 0.183618 -0.144193 0.321270
v -0.332184 0.548705 -0.780541
v -0.687377 0.196349 -0.095490
v -0.203735 -0.505523 0.527990
v -0.195460 -0.522531 0.517860
v -0.188255 -0.504647 0.533987
v 0.068158 -0.867047 0.727949
v 0.048776 -0.879999 0.718173
v 0.409499 0.570913 0.159409
v 0.436117 0.583863 0.183411
v -0.037432 -0.543387 0.724448
v -0.031626 -0.483657 0.773190
v 0.021631 -0.495628 0.769032
v 0.443716 -0.286110 0.081657
v -0.120776 -0.008468 0.600339
v 0.460546 0.225468 0.077499
v 0.463552 0.242617 0.084780
v -0.188317 -0.394465 0.124907
v 0.082271 0.864619 0.221508
v 0.091632 0.854403 0.234406
v 0.140281 0.847589 0.220448
v -0.666870 0.364949 -0.343189
v 0.185736 -0.392155 0.078385
v 0.346488 0.530555 0.244580
v -0.461201 0.505871 -0.803460
v -0.465290 0.440551 -0.802938
v -0.484092 0.472962 -0.759823
v -0.480945 0.414425 -0.760207
v -0.480262 0.413552 -0.771976
v 0.127754 0.874221 0.112888
v 0.133254 0.882702 0.095982
v -0.349610 -0.328436 0.244108
v -0.321778 -0.356997 0.253953
v 0.227237 0.493250 -0.815175
v -0.447854 0.445701 -0.809076
v -0.014876 -0.587675 0.873591
v 0.024502 -0.586323 0.860749
v -0.242557 -0.098476 0.551117
v -0.258621 -0.005903 0.529082
v -0.276056 -0.114033 0.533261
v -0.072035 -0.658606 0.872474
v 0.462486 -0.240181 0.118361
v -0.031953 -0.892239 0.707636
v 0.456416 0.144918 0.045153
v -0.609370 -0.083457 -0.053342
v -0.591978 -0.140269 -0.019992
v 0.159398 -0.299445 0.259880
v -0.083845 -0.526004 0.840387
v -0.293272 -0.395781 0.413443
v 0.311445 0.656455 0.237757
v -0.005399 0.709389 -0.741508
v -0.669642 0.297148 -0.089826
v -0.175117 -0.767796 0.772315
v -0.380490 0.921192 -0.067997
v 0.169649 -0.215808 0.410210
v -0.171617 0.011961 0.532865
v 0.152465 0.111938 0.432462
v 0.187285 0.175053 0.403599
v 0.192233 -0.184118 0.218057
v -0.295455 0.992824 -0.299214
v -0.280417 0.999107 -0.330626
v -0.136738 0.550650 0.438142
v 0.300445 -0.269848 -0.321601
v 0.459695 0.269908 0.197274
v 0.458136 0.274821 0.083071
v 0.459870 0.250899 0.082072
v 0.160750 -0.863862 0.695060
v 0.159681 -0.854216 0.733950
v 0.132865 -0.895156 0.705791
v -0.143894 -0.047585 0.605299
v -0.015552 -0.428636 0.129969
v 0.073570 -0.362238 0.221902
v -0.533054 -0.149978 0.396559
v -0.512806 -0.162188 0.365819
v 0.245355 -0.333379 -0.036049
v -0.635275 0.381981 0.023292
v -0.632333 0.428723 0.058131
v 0.367318 0.614632 0.055886
v 0.050601 -0.832177 0.753647
v -0.477284 0.510949 -0.770024
v -0.490327 0.652825 0.363129
v -0.674463 0.211609 -0.061775
v 0.370765 -0.296286 -0.060123
v 0.376489 -0.289002 -0.083221
v 0.463705 0.269167 -0.016764
v 0.465312 0.257459 -0.020643
v 0.413530 0.525379 0.255164
v -0.658636 0.136957 0.030917
v 0.176640 0.823839 0.181602
v -0.331630 -0.411028 0.226878
v 0.198697 -0.020391 0.244656
v 0.183643 0.010383 0.265976
v -0.181587 0.042914 0.536283
v -0.051316 0.485802 -0.814933
v 0.241963 -0.100156 -0.568159
v 0.270568 -0.077371 -0.555564
v 0.245828 -0.058674 -0.578480
v 0.253788 0.403075 -0.765179
v 0.254074 0.373552 -0.779786
v 0.063759 -0.358713 0.162146
v 0.243686 0.510032 -0.792605
v -0.404640 -0.208683 0.272698
v -0.589688 0.672274 0.251964
v -0.648114 0.337571 -0.578673
v 0.262601 -0.247619 0.281502
v 0.294597 -0.249019 0.229820
v -0.086433 0.578105 0.448009
v 0.460538 0.082014 0.097931
v -0.454141 0.355209 -0.806257
v -0.666021 0.193596 0.205585
v -0.157000 0.464181 -0.840163
v 0.441291 0.425236 -0.542518
v -0.391405 0.925271 -0.086114
v -0.365312 0.935778 -0.095700
v -0.084299 -0.667786 0.800223
v -0.106763 -0.688033 0.800455
v -0.192943 -0.687957 0.633529
v 0.080180 -0.774511 0.793284
v -0.293325 -0.392853 0.563650
v -0.342272 0.855790 0.112055
v 0.087282 0.949559 -0.048570
v 0.123962 0.932751 -0.059273
v -0.257282 -0.213898 0.591412
v -0.291415 -0.230588 0.562114
v -0.239080 -0.223414 0.574075
v 0.172108 0.852795 0.183058
v 0.314286 -0.305505 0.153804
v -0.269954 0.972981 -0.473466
v -0.269354 0.962844 -0.504398
v -0.538198 -0.178217 -0.453721
v -0.517022 -0.181293 -0.480671
v 0.160257 0.897637 -0.041272
v 0.382320 0.383618 -0.625758
v 0.359581 0.412586 -0.643567
v 0.008009 -0.903934 0.699861
v -0.125851 0.456051 -0.847924
v 0.163919 -0.145507 0.475636
v -0.161148 0.518492 -0.809042
v -0.019407 0.009606 0.529080
v -0.549273 0.032555 0.286534
v -0.465008 -0.287872 0.232726
v -0.367734 0.843527 0.187508
v -0.101444 0.106268 0.470077
v -0.078870 0.071556 0.491424
v -0.125790 -0.427600 0.142029
v 0.486103 0.245435 -0.411223
v 0.083092 -0.482323 0.423701
v -0.024769 -0.805624 0.542673
v 0.041971 -0.829891 0.526476
v -0.555775 -0.325098 0.026659
v -0.620571 -0.049578 -0.053833
v 0.328443 -0.307081 -0.025189
v 0.323092 -0.296017 -0.007101
v 0.333673 -0.290686 -0.012706
v -0.677515 0.390394 -0.375654
v -0.672407 0.372207 -0.383779
v -0.412360 0.014851 0.436376
v -0.129459 0.356847 -0.872881
v -0.474061 0.412900 -0.760278
v 0.465438 0.313120 0.206473
v 0.482954 0.251120 0.197442
v -0.377789 0.946320 -0.235838
v -0.372890 0.943831 -0.282849
v -0.002320 -0.210175 0.398970
v 0.107170 -0.290804 0.369636
v 0.479324 0.242427 -0.410516
v 0.161889 -0.729813 0.819364
v -0.032601 0.703987 0.467603
v 0.011774 0.698704 0.463911
v -0.008110 -0.434228 -0.019253
v 0.413452 0.525290 0.141062
v 0.492766 0.246194 -0.421782
v -0.293915 -0.031322 0.471429
v 0.033472 -0.276708 0.572849
v 0.307677 -0.201000 -0.396337
v 0.475323 0.262800 -0.504104
v 0.479848 0.288455 -0.533855
v -0.477377 -0.131599 -0.558216
v -0.195001 -0.789404 0.740892
v -0.176561 -0.802707 0.751763
v -0.177157 -0.771562 0.746427
v 0.124646 -0.341038 0.524767
v 0.114158 -0.297656 0.532614
v 0.104525 -0.345017 0.532407
v 0.145843 -0.274621 0.503496
v 0.344495 -0.306630 -0.050696
v -0.084532 -0.383864 0.586416
v -0.056407 -0.380378 0.586572
v -0.657702 0.111119 0.211005
v -0.645915 0.081037 0.193975
v -0.686816 0.217761 -0.060776
v -0.546120 -0.032847 0.304772
v -0.673214 -0.029785 0.215527
v -0.668937 0.282641 -0.105908
v -0.674146 0.319621 -0.098663
v -0.651303 0.313010 -0.096924
v 0.288001 0.358440 -0.724470
v 0.499172 0.331807 -0.382393
v -0.386407 0.897265 -0.050126
v -0.635943 0.382184 -0.052202
v 0.179547 -0.251627 0.344709
v 0.364215 0.680776 0.258239
v -0.287140 -0.737766 0.753140
v 0.155627 0.055864 0.288090
v 0.182269 0.008609 0.254736
v 0.462985 0.379096 -0.504961
v 0.461479 0.335319 -0.510241
v 0.440415 0.171345 0.186853
v 0.374655 0.100591 0.272938
v 0.431392 0.077426 0.204045
v -0.456089 0.473166 -0.759951
v 0.014793 -0.437221 0.030446
v 0.319077 -0.105500 -0.564513
v -0.096225 0.409426 -0.869968
v 0.261883 0.387693 -0.805787
v -0.005855 -0.551058 0.387074
v 0.051233 -0.562862 0.842858
v 0.103923 -0.597260 0.829625
v -0.098935 0.428132 -0.865703
v 0.265641 -0.069252 -0.574050
v -0.351487 -0.377343 0.257739
v 0.228225 -0.153978 -0.573041
v 0.244196 -0.157229 -0.556077
v -0.157923 0.736995 -0.737157
v -0.008553 0.542723 -0.808648
v -0.011733 0.527667 -0.800297
v 0.333167 0.706914 0.313626
v 0.298459 0.731270 0.342074
v -0.075817 -0.604016 0.908577
v -0.026022 -0.606824 0.906640
v -0.365784 -0.395527 0.399714
v 0.127630 0.877453 0.096706
v -0.564923 -0.357732 -0.013771
v -0.535661 -0.353604 -0.009640
v 0.319239 -0.308564 -0.056745
v -0.436691 -0.332851 0.205712
v 0.280611 -0.093443 -0.552320
v 0.368065 0.565809 0.241543
v 0.390525 -0.181458 0.105686
v -0.532477 -0.254435 -0.135284
v 0.248082 -0.351184 0.115218
v 0.292998 0.483218 -0.709972
v 0.283765 0.427576 -0.713663
v -0.680649 0.202159 0.103925
v 0.431003 -0.070920 0.125554
v 0.406250 -0.134025 0.067744
v 0.258412 0.360714 -0.746074
v -0.472661 0.513074 -0.729319
v 0.308365 -0.162580 -0.458551
v 0.299115 -0.182457 -0.475186
v -0.340254 0.939050 -0.147163
v -0.291036 0.960664 -0.107356
v 0.288366 -0.239765 -0.379555
v -0.641806 0.277626 0.068180
v -0.640270 0.355123 0.080038
v -0.193951 -0.953942 0.654215
v 0.018587 -0.595997 0.873048
v 0.073478 -0.613622 0.849645
v -0.416347 0.908424 0.061672
v -0.370090 0.916247 0.074661
v -0.112316 -0.931365 0.680145
v 0.155896 0.974481 -0.016869
v -0.000696 0.049847 0.462898
v -0.006189 0.015373 0.485328
v -0.356636 -0.428302 0.012504
v -0.302889 -0.437269 0.005068
v -0.165473 -0.853279 0.732624
v -0.069872 -0.847654 0.743350
v 0.008653 0.724805 -0.717652
v 0.302560 -0.255926 -0.356668
v -0.674632 0.404156 -0.495456
v 0.032622 0.365662 0.466808
v -0.115898 -0.867576 0.543333
v 0.169144 -0.741655 0.761711
v -0.451511 -0.277005 0.327285
v -0.460150 -0.286877 0.297398
v -0.258807 -0.530410 0.447010
v -0.266517 -0.535568 0.474686
v 0.447693 0.370638 -0.378596
v 0.437620 0.354774 -0.380116
v -0.127203 -0.983478 0.631451
v 0.328924 -0.351844 -0.012699
v 0.341453 -0.369817 -0.043871
v -0.254494 -0.179588 0.596916
v 0.148745 0.918701 -0.075724
v 0.178357 0.916442 -0.069966
v -0.367612 0.809239 0.179415
v -0.075757 0.714476 0.390554
v -0.070893 0.683945 0.405627
v 0.191103 0.755528 0.376462
v -0.396551 0.018355 0.257116
v 0.029283 -0.598338 0.886652
v 0.060217 -0.609843 0.880471
v -0.239218 -0.517253 0.512393
v -0.192880 -0.537245 0.492743
v 0.185535 0.898039 0.065826
v 0.131144 -0.388391 0.254113
v 0.111228 -0.380632 0.330681
v -0.293830 -0.768321 0.695966
v -0.339620 -0.346124 0.322781
v -0.328008 -0.363694 0.329351
v 0.267864 0.199077 0.341758
v 0.285314 0.132557 0.334859
v -0.248289 0.517271 0.452522
v 0.437701 0.281742 -0.277198
v 0.441878 0.223870 -0.086647
v -0.378852 -0.280809 0.326046
v 0.462672 0.298859 -0.106355
v 0.234109 0.507701 -0.815313
v -0.388493 -0.415142 -0.027243
v -0.317262 -0.436980 -0.020806
v -0.514384 -0.363673 -0.144702
v -0.129761 -0.961475 0.594668
v 0.248595 0.466858 -0.758823
v -0.201638 -0.425621 0.417196
v -0.186134 -0.929789 0.599084
v -0.156583 -0.934843 0.583341
v 0.194679 -0.268368 0.433041
v -0.534690 -0.272430 -0.068761
v 0.179110 -0.233686 0.529189
v 0.238236 0.067322 0.404814
v 0.237030 0.763130 0.075075
v 0.247233 0.085800 0.370822
v 0.078086 -0.816090 0.537991
v -0.082656 -0.960712 0.571012
v -0.081734 -0.546931 0.367776
v 0.038984 -0.846336 0.535023
v 0.118740 -0.828444 0.593159
v 0.255930 0.216892 0.376603
v -0.601966 0.581286 0.136071
v -0.131549 -0.007128 0.604884
v -0.105563 0.009145 0.606766
v 0.103886 0.175800 0.477113
v 0.048679 -0.013024 0.467546
v 0.053315 0.081081 0.398583
v -0.108735 0.370252 -0.838002
v 0.317790 0.261664 0.319730
v -0.386751 0.164147 0.413856
v -0.242525 -0.885429 0.716721
v 0.457574 0.324809 0.203861
v 0.465198 0.251163 0.205896
v -0.307797 0.888898 0.174480
v -0.636670 0.476050 0.044324
v 0.232174 -0.180043 0.405494
v 0.452567 0.147787 0.128211
v 0.419144 0.297985 -0.055707
v -0.173813 -0.407346 0.148974
v -0.131371 -0.416470 0.137665
v 0.123765 -0.087894 0.446979
v -0.066768 -0.137143 0.584118
v -0.182806 0.703806 -0.766859
v 0.366469 -0.128313 0.244818
v -0.406286 -0.404520 0.082748
v -0.216416 -0.381280 0.329367
v -0.173907 -0.396782 0.323459
v 0.296811 -0.151314 -0.543596
v 0.296967 -0.173206 -0.545203
v -0.292142 0.002153 0.457025
v -0.299870 0.967014 -0.077107
v 0.454294 0.313332 -0.197138
v -0.249057 -0.870372 0.667703
v -0.230024 -0.894111 0.653899
v -0.312112 -0.381965 0.543109
v -0.386047 -0.149141 0.410813
v 0.390544 -0.300654 0.012188
v 0.403127 -0.297989 0.021858
v 0.450708 0.322398 -0.088414
v -0.117961 -0.477489 0.652549
v 0.016185 -0.488949 0.777956
v -0.658293 0.157453 -0.048988
v -0.320617 0.912494 0.084203
v -0.307578 0.923307 0.087387
v 0.440635 0.414713 0.210514
v 0.448163 0.468752 0.222523
v 0.123793 0.939960 -0.454698
v 0.058038 0.976986 -0.410905
v -0.006589 0.448138 -0.815219
v 0.542186 -0.271094 0.226592
v -0.296908 0.940490 -0.000578
v -0.294292 0.953054 -0.073440
v -0.205788 -0.816184 0.764127
v -0.206734 -0.806172 0.746701
v 0.090442 0.055184 0.375900
v -0.255836 0.492667 0.437328
v 0.457882 0.298005 -0.089165
v 0.198010 -0.244808 0.453136
v -0.447467 0.395435 -0.815187
v 0.007453 0.851196 -0.668479
v 0.060166 0.782711 -0.691727
v -0.443324 0.375768 -0.777123
v -0.020520 -0.649788 0.875667
v 0.039260 -0.668448 0.864002
v 0.119042 -0.392601 0.223697
v -0.329044 0.974426 -0.051171
v -0.333529 0.984179 -0.006991
v 0.320143 0.352227 -0.713435
v 0.140918 -0.064905 0.415509
v 0.033485 -0.684146 0.836854
v 0.312366 -0.169735 0.419996
v 0.332256 -0.147728 0.385477
v 0.344025 -0.306570 -0.024023
v -0.051728 0.394187 -0.817814
v -0.122767 0.023520 0.496392
v 0.364153 -0.056601 0.278052
v -0.333474 0.852825 0.173340
v 0.624882 -0.319922 0.155508
v 0.098687 -0.374348 0.317290
v 0.219891 -0.291101 0.406020
v -0.298809 0.025653 0.403484
v -0.303713 -0.010885 0.427986
v -0.354546 -0.043998 0.370767
v 0.481160 -0.259811 0.085523
v 0.460597 0.277375 -0.444953
v -0.650591 -0.095291 0.128115
v -0.502858 0.736853 0.328730
v -0.411478 0.781914 0.157829
v -0.667526 0.309481 -0.260939
v -0.470584 0.498289 -0.783167
v -0.275651 0.996441 -0.362858
v -0.230245 0.705872 0.462249
v -0.146017 0.722891 0.461306
v -0.687355 0.269241 -0.469379
v 0.166087 0.916815 0.063832
v 0.002166 0.727227 -0.734777
v -0.427541 -0.129103 0.204499
v -0.417983 -0.156783 0.259447
v -0.417869 -0.182122 0.188646
v 0.539880 -0.228185 0.177836
v 0.092533 0.911291 0.058915
v 0.124771 -0.066801 0.458636
v 0.279467 -0.334964 -0.249721
v -0.057112 0.185390 0.541242
v -0.067263 0.256789 0.527363
v 0.458937 -0.028322 0.133070
v -0.286127 -0.833189 0.683262
v -0.279601 -0.809890 0.715287
v -0.018009 -0.387349 0.583756
v -0.299150 -0.719789 0.758916
v -0.171325 -0.141543 0.580726
v 0.440879 0.100673 0.007188
v 0.447965 0.139765 0.075418
v -0.391242 -0.149398 0.365561
v 0.167622 0.054193 0.428633
v 0.364979 -0.179552 0.003491
v -0.344425 -0.323705 0.168228
v -0.412085 -0.401049 -0.029461
v -0.674438 0.076810 0.220107
v 0.012107 -0.692747 0.833444
v -0.370636 -0.301308 0.299570
v -0.062973 0.764927 0.399590
v -0.355096 0.961389 -0.234709
v -0.504900 -0.185265 0.318807
v -0.518086 -0.155308 0.340453
v -0.483403 -0.193380 0.343109
v -0.329609 -0.328806 0.126205
v -0.225164 -0.433938 -0.022809
v 0.093322 -0.820521 0.762427
v -0.225097 0.037440 0.484573
v 0.055496 -0.396592 0.302109
v 0.204466 0.571115 0.377667
v -0.510788 0.436171 -0.705055
v -0.474808 0.689463 0.279592
v -0.561617 -0.237876 0.054207
v -0.533180 -0.266889 0.034066
v 0.208930 -0.169367 0.203341
v 0.393473 0.449209 -0.573043
v -0.221905 0.664322 -0.764300
v -0.265850 -0.645925 0.789352
v -0.281026 -0.675484 0.770607
v -0.639249 0.583984 0.184608
v 0.091568 0.524800 -0.791181
v 0.470326 0.286500 -0.507021
v 0.104937 -0.433142 0.401373
v 0.129994 -0.417948 0.367012
v 0.196846 0.652870 0.355105
v -0.319861 -0.426392 0.418645
v 0.430724 0.025168 -0.023427
v 0.236366 -0.280699 0.365961
v 0.500801 0.252169 -0.424890
v 0.024123 0.173849 0.348814
v 0.009054 0.124026 0.403952
v -0.169958 0.763937 0.444555
v -0.118475 0.760998 0.447968
v 0.352535 0.474970 -0.616998
v -0.664997 0.348441 -0.447301
v 0.457905 0.160794 0.057986
v -0.164779 -0.907169 0.601698
v -0.275918 -0.433447 0.402135
v -0.197972 -0.777903 0.790347
v -0.185974 -0.715559 0.832432
v 0.184793 -0.212509 0.245300
v -0.672585 0.360749 -0.294496
v -0.412566 -0.327587 0.343724
v -0.390327 -0.332906 0.394682
v 0.068305 0.151583 0.339749
v -0.129315 0.691784 0.431882
v 0.444765 0.261176 0.054869
v -0.595799 -0.277109 -0.067997
v -0.575603 -0.275401 -0.077453
v -0.596898 -0.300209 -0.079259
v -0.271215 0.754610 -0.709440
v -0.192189 0.729589 -0.733084
v -0.556538 -0.279738 -0.057412
v -0.145267 0.159854 0.526428
v -0.052857 0.001785 0.598007
v -0.018691 -0.008265 0.590549
v 0.314327 -0.212402 -0.332817
v 0.303125 -0.252390 -0.302350
v 0.031416 0.666888 0.402019
v 0.459848 0.318150 -0.162527
v 0.470571 0.267975 -0.162504
v 0.109446 0.941218 -0.061773
v -0.701804 0.305215 -0.550519
v -0.156532 -0.967842 0.652388
v 0.285518 -0.319929 0.201726
v 0.259310 -0.342320 0.215295
v -0.063397 0.713621 -0.743193
v 0.425538 0.328591 -0.594858
v 0.426021 0.316431 -0.595693
v 0.252186 -0.239154 0.388345
v 0.284495 -0.228861 0.344055
v -0.667266 0.310329 -0.330206
v -0.665679 0.305696 -0.287893
v 0.479694 0.158238 0.103032
v -0.386920 -0.135058 0.406294
v 0.279590 0.497823 -0.705821
v -0.566592 0.643358 -0.011310
v 0.542242 -0.225583 0.160880
v -0.687781 0.349732 -0.547578
v -0.679976 0.311992 -0.558588
v -0.190255 -0.544278 0.476557
v 0.031132 -0.517136 0.802503
v 0.032002 -0.494633 0.782755
v -0.425438 0.963120 -0.029491
v -0.284854 -0.515860 0.499739
v -0.466898 -0.276160 0.299492
v -0.555589 -0.347056 0.002061
v -0.527930 -0.334700 0.015875
v -0.479601 -0.177473 -0.529077
v -0.484376 -0.204136 -0.522022
v -0.465152 -0.193498 -0.558612
v 0.302109 -0.298333 -0.191077
v -0.508661 -0.157440 -0.511819
v -0.512802 -0.113185 -0.531641
v -0.644763 0.313872 -0.585761
v 0.177289 -0.223835 0.338427
v 0.158513 -0.250859 0.385584
v -0.552397 -0.377286 -0.062715
v 0.438852 0.413340 -0.053935
v 0.320553 0.080753 0.334065
v 0.174246 -0.639199 0.734915
v 0.121801 0.052384 0.362232
v -0.134723 0.021052 0.516903
v -0.127075 0.030877 0.516564
v -0.185215 0.703592 -0.750425
v -0.165486 -0.743830 0.815730
v -0.095688 -0.724877 0.827541
v -0.085633 -0.730708 0.803525
v -0.199030 -0.550381 0.727473
v 0.312113 0.382209 0.316188
v -0.695867 0.373867 -0.365601
v 0.116838 0.726657 0.438540
v 0.123230 0.702964 0.448697
v 0.121175 0.584703 0.397216
v -0.599296 0.652412 0.227047
v 0.095542 -0.626636 0.841559
v 0.068596 -0.584144 0.857228
v 0.452822 0.316104 -0.248363
v 0.440370 0.320594 -0.209617
v -0.005516 0.583333 -0.788599
v 0.083838 0.611520 0.401898
v -0.558849 -0.199579 -0.044619
v -0.154284 0.274144 -0.868946
v -0.622513 0.535022 0.143663
v -0.082127 -0.403083 0.136966
v -0.261271 -0.833294 0.643455
v 0.029869 0.920029 -0.611699
v -0.014020 0.656751 -0.767908
v 0.383610 -0.294667 -0.070162
v -0.259920 -0.770490 0.584836
v -0.220421 -0.804592 0.557425
v -0.136307 -0.224950 0.587777
v -0.562593 0.632336 -0.013928
v -0.562845 0.276409 0.250132
v -0.567182 0.354501 0.238410
v -0.086651 -0.886613 0.551630
v 0.334982 -0.391086 -0.105405
v 0.359980 -0.381200 -0.107871
v 0.074460 0.955274 -0.023484
v 0.183814 -0.400211 -0.024846
v -0.299095 0.862008 0.178237
v -0.688555 0.129748 0.115489
v 0.193808 0.914635 0.042184
v 0.127016 -0.408710 0.236333
v 0.083145 -0.424533 0.132454
v 0.562796 -0.240673 0.166980
v -0.007227 -0.408113 0.170655
v -0.307689 -0.078097 0.454599
v -0.500577 -0.209832 -0.537673
v -0.350479 0.079510 0.317229
v 0.377234 -0.372079 -0.061195
v 0.098910 0.674328 0.403011
v 0.107502 0.692053 0.398091
v -0.643040 0.252923 -0.097808
v 0.339078 -0.272325 -0.015260
v -0.700814 0.395901 0.153496
v -0.320868 0.846505 -0.646836
v -0.479519 -0.320165 0.238372
v 0.070377 -0.526278 0.446720
v 0.069134 -0.545990 0.470106
v 0.425985 0.336019 -0.585692
v 0.429414 0.316993 -0.591646
v 0.430314 0.308718 -0.577767
v 0.118240 -0.920527 0.667941
v -0.214965 -0.789079 0.785693
v -0.638860 0.048544 -0.052980
v 0.223459 -0.287678 0.346414
v 0.297711 -0.188022 -0.526570
v 0.287432 -0.200408 -0.539761
v 0.255341 0.429462 -0.805712
v -0.251266 0.110113 0.522718
v -0.260721 -0.383615 0.169680
v 0.464397 0.391511 -0.423528
v -0.405463 0.952249 -0.098332
v 0.178095 -0.610554 0.699152
v 0.187012 -0.644322 0.677010
v -0.153790 0.487782 -0.833963
v 0.186392 0.259355 0.396819
v -0.389314 -0.308882 0.430058
v -0.665367 0.309303 -0.350948
v 0.338225 0.025409 0.292179
v -0.685912 0.337424 -0.500511
v -0.678889 0.335101 -0.502792
v -0.336159 0.917429 0.020243
v 0.423055 -0.005525 -0.053287
v 0.448077 0.066447 -0.051982
v 0.437064 0.009820 -0.051822
v -0.450649 0.414155 -0.822693
v -0.455881 0.466050 -0.822835
v -0.446447 0.460633 -0.820290
v -0.625958 0.441557 -0.566264
v -0.518155 0.634802 0.288351
v 0.456330 0.222318 -0.175229
v 0.497291 0.373438 -0.374723
v 0.085006 -0.920445 0.633852
v -0.703301 0.010216 0.163495
v 0.126146 -0.861852 0.628996
v -0.468442 -0.247881 0.396220
v 0.447482 0.319392 -0.424003
v -0.632340 0.504360 0.105287
v 0.044878 0.985471 -0.386108
v 0.433894 -0.112552 0.278823
v 0.310643 -0.137503 -0.574482
v -0.637998 0.295953 -0.560359
v -0.667396 0.285484 -0.515750
v 0.171426 -0.729936 0.604293
v 0.186431 -0.691411 0.640521
v -0.686326 0.376808 -0.432163
v 0.444366 0.230819 -0.287982
v -0.615077 -0.042686 0.234729
v -0.238914 0.692507 0.411418
v 0.352027 0.150719 0.263518
v -0.243879 -0.550636 0.734105
v -0.137152 0.739044 0.355874
v 0.148480 -0.384304 0.224193
v -0.522395 -0.233002 0.234104
v -0.540228 -0.256580 0.156081
v 0.409090 0.154023 0.201174
v -0.553947 -0.139629 -0.468754
v -0.007263 -0.749915 0.579194
v -0.683476 0.256827 -0.163949
v 0.117036 -0.644806 0.859066
v 0.136249 -0.663833 0.835656
v -0.672896 0.411061 -0.474839
v -0.526639 -0.248430 -0.179469
v -0.531730 -0.245544 -0.225599
v 0.058579 -0.522746 0.793319
v -0.687002 0.341913 -0.263616
v 0.491443 0.078110 0.131800
v 0.469074 0.047314 0.102242
v 0.079882 -0.300972 0.555424
v -0.371168 0.630227 0.390471
v -0.080507 -0.838670 0.516258
v -0.023176 -0.853186 0.514628
v 0.539315 -0.247960 0.118368
v 0.540256 -0.241779 0.104858
v 0.281157 -0.293190 0.243936
v -0.664728 0.233924 -0.285811
v -0.248771 0.369626 0.484546
v -0.210824 0.383916 0.489061
v 0.511524 0.178195 0.158659
v -0.533924 0.413407 -0.678129
v -0.514495 0.354817 -0.716679
v -0.241612 0.552629 0.427736
v -0.583168 -0.320118 -0.070157
v 0.444358 0.574972 0.191886
v 0.008335 0.099076 0.446592
v 0.095900 -0.454147 0.445129
v 0.116878 -0.164961 0.569269
v -0.481282 0.428737 0.345174
v -0.601715 0.002626 0.259019
v -0.684820 0.386778 -0.543959
v -0.481873 0.367421 -0.774823
v -0.300149 0.527615 0.417128
v 0.010145 -0.608938 0.904830
v -0.575591 0.335970 -0.661316
v -0.672326 0.248123 -0.207773
v -0.464291 -0.239558 0.292513
v 0.529258 -0.276766 0.225803
v -0.374644 0.675513 0.363946
v -0.389842 -0.412650 0.212786
v -0.195969 0.301771 -0.844735
v -0.187475 0.344587 -0.826296
v 0.022968 -0.626104 0.475603
v -0.567409 0.620237 0.010469
v 0.109037 -0.438112 -0.018253
v -0.325344 0.868137 -0.624108
v 0.041731 0.709583 0.385411
v 0.163215 0.357776 0.402690
v -0.310558 0.866421 0.192051
v 0.091734 -0.448066 0.481229
v -0.663085 0.310181 -0.431952
v -0.616865 0.485738 0.235729
v 0.467165 -0.310713 0.182391
v 0.096539 -0.744610 0.816902
v -0.134391 -0.973343 0.621865
v -0.675051 0.281415 -0.480775
v -0.065238 -0.425784 0.625604
v -0.253785 -0.020523 0.474608
v -0.599881 -0.049879 0.264606
v -0.601446 -0.085095 0.267332
v -0.380462 -0.288500 0.253309
v 0.058188 -0.374135 0.154320
v -0.494545 0.117561 0.362518
v -0.111625 -0.798416 0.776325
v 0.149250 -0.161167 0.446887
v 0.156870 -0.152696 0.429902
v -0.303037 0.811898 0.245587
v -0.299842 0.791054 0.275557
v -0.298075 0.796660 0.249927
v 0.286838 -0.285590 -0.049070
v 0.288309 -0.278939 -0.015811
v -0.194890 0.786927 -0.708990
v 0.008198 0.591772 -0.795066
v 0.457030 0.286268 -0.308149
v 0.452518 0.282209 -0.288557
v -0.660665 0.332824 -0.259172
v -0.432441 -0.137337 0.239832
v -0.430303 -0.148773 0.192481
v 0.210307 -0.120074 0.258163
v 0.200546 -0.132753 0.312399
v 0.198778 -0.193281 0.294583
v 0.126639 0.834482 0.165385
v 0.583284 -0.234466 0.211253
v 0.306885 0.392102 -0.730145
v -0.404682 -0.391464 0.296748
v -0.007029 -0.885999 0.710597
v 0.109210 0.246806 0.466714
v 0.167073 -0.255672 0.353535
v -0.536264 0.646936 0.160822
v 0.177058 0.950698 -0.095335
v 0.427300 0.363195 -0.574884
v 0.436196 0.493118 -0.006413
v 0.435644 0.492322 0.050059
v -0.089537 -0.523278 0.704062
v -0.263781 0.722732 0.382002
v -0.075872 -0.829441 0.705347
v -0.275966 -0.320092 0.575576
v -0.297434 -0.335916 0.552569
v 0.108245 -0.431133 0.405255
v -0.089785 0.762458 0.386751
v -0.101802 0.762042 0.382892
v 0.061775 0.774275 0.312072
v 0.425979 0.005879 0.172584
v 0.407895 -0.057515 0.186993
v 0.415882 -0.009137 0.214998
v 0.433572 0.298726 -0.339185
v 0.481007 -0.305760 0.164884
v -0.154562 0.703273 -0.740096
v -0.599866 -0.151468 0.164168
v 0.244348 0.355869 -0.791954
v 0.154636 0.966691 -0.062261
v -0.453051 0.369649 -0.758615
v 0.418771 0.318955 -0.054193
v 0.671637 -0.309773 0.144608
v 0.662970 -0.244938 0.133634
v 0.681418 -0.240425 0.160368
v 0.444789 0.214641 -0.016043
v 0.162703 -0.188987 0.423852
v 0.440923 0.228465 -0.327844
v -0.580396 -0.321983 -0.004954
v -0.568330 -0.308910 -0.002291
v 0.200704 -0.043129 -0.612886
v 0.236925 -0.051981 -0.599326
v 0.317703 -0.280496 0.188263
v -0.700834 0.332110 -0.548816
v 0.016421 -0.814087 0.756946
v -0.254366 0.491276 -0.797838
v 0.465414 0.292194 -0.454805
v 0.473819 0.260296 -0.468178
v 0.449731 0.403414 -0.039174
v 0.444202 0.149511 0.014361
v -0.165898 -0.431499 0.084896
v 0.112365 0.965242 0.045738
v 0.042418 0.768641 0.429961
v 0.136079 -0.690391 0.850670
v 0.458312 0.376638 -0.385131
v -0.388481 0.038830 0.268767
v 0.341860 -0.275288 0.002110
v 0.076767 0.863907 0.186316
v -0.502941 -0.166629 0.433722
v -0.462940 -0.171398 0.457923
v -0.464292 -0.297207 0.285400
v 0.024066 0.749204 0.331169
v 0.046641 0.725821 0.378195
v -0.241025 0.332752 0.474965
v -0.307930 0.768727 0.418193
v -0.063967 0.697097 0.468818
v 0.441737 0.056524 0.146239
v 0.320263 0.674718 0.205457
v 0.375690 0.573522 0.182368
v 0.384388 0.579974 0.165812
v 0.088049 -0.484630 0.481643
v 0.086146 0.883750 0.129600
v 0.140175 0.912570 -0.034094
v -0.185718 0.378539 -0.826866
v 0.068511 -0.541092 0.627494
v -0.136716 0.431662 -0.864110
v -0.103020 0.490393 0.471571
v 0.481180 0.376769 -0.461846
v -0.637820 -0.064644 0.022613
v -0.366913 -0.113676 0.398034
v -0.432110 -0.343066 0.270789
v -0.653128 0.317311 -0.094797
v -0.284023 0.693142 0.414446
v -0.236561 -0.752699 0.808053
v -0.521968 -0.201983 0.294796
v 0.180113 -0.760948 0.785661
v 0.336484 -0.251434 0.139840
v -0.284515 -0.498483 0.526537
v -0.373678 -0.384200 0.361926
v -0.378887 -0.387729 0.338280
v 0.147074 -0.389836 0.167338
v -0.242006 -0.284227 0.566422
v -0.002548 0.752222 -0.718287
v -0.378816 0.778907 0.186939
v -0.401920 0.771746 0.152178
v -0.366901 0.792945 0.178534
v 0.366513 -0.293352 -0.007134
v -0.434904 -0.360847 0.190115
v -0.387777 0.906967 -0.084865
v -0.444766 -0.366054 0.230178
v -0.434175 -0.383909 0.221056
v 0.243867 -0.359266 0.195462
v 0.253872 -0.366369 0.121545
v 0.448010 0.214078 0.073875
v -0.530243 0.626714 0.336126
v 0.658797 -0.282953 0.200942
v 0.682211 -0.301285 0.209657
v -0.635459 0.290368 -0.067534
v -0.083698 -0.690569 0.793032
v -0.661457 0.532261 0.178313
v -0.681914 0.472521 0.163648
v -0.677661 0.235740 -0.098681
v -0.682912 0.213891 -0.139532
v 0.114247 -0.917862 0.646327
v -0.353026 0.834246 0.205369
v -0.535651 -0.216226 0.304723
v 0.363689 -0.250085 0.102233
v -0.116213 -0.622529 0.450453
v 0.376638 -0.309654 -0.111480
v -0.230634 0.097678 0.416332
v -0.237319 0.006728 0.471045
v -0.262907 0.004641 0.452852
v -0.236094 0.101453 0.506533
v -0.555365 -0.100493 -0.538954
v -0.510109 -0.148916 -0.554451
v 0.045962 -0.354809 0.576502
v 0.050385 -0.581614 0.702324
v -0.005579 -0.551910 0.719748
v -0.081124 0.054291 0.500153
v -0.045889 0.058309 0.493550
v -0.299088 0.782821 0.270481
v 0.091028 0.773159 0.279584
v -0.186316 0.076585 0.531427
v 0.370620 -0.292827 -0.013772
v -0.309911 0.146599 0.486424
v -0.142943 -0.598229 0.879847
v -0.539008 -0.263907 -0.186510
v -0.141959 0.337911 0.526821
v 0.019282 0.735960 -0.723468
v 0.027055 -0.548821 0.698398
v -0.656347 -0.053806 0.095561
v -0.077620 0.674254 -0.762714
v -0.196382 -0.058472 0.464609
v -0.215012 0.317578 0.484639
v -0.494772 -0.115815 -0.578885
v 0.020405 -0.704449 0.817066
v -0.418524 -0.036588 0.244176
v -0.153101 -0.434938 -0.020992
v -0.100047 -0.441696 -0.020828
v -0.398459 -0.242077 0.345182
v -0.012195 -0.013316 0.561647
v 0.504796 -0.252754 0.236686
v -0.255279 -0.261803 0.571251
v -0.352053 0.928235 -0.524730
v -0.347163 0.910580 -0.558674
v 0.177729 0.979734 -0.059762
v 0.062248 0.979087 -0.294242
v 0.069458 0.972428 -0.224638
v -0.256732 0.919288 -0.587893
v -0.415703 0.956288 -0.043427
v 0.177757 0.938078 -0.068433
v -0.094137 -0.857041 0.681648
v -0.005454 -0.594250 0.902739
v -0.653891 0.282755 -0.060755
v -0.009840 0.297737 0.511757
v -0.498159 -0.313426 0.028386
v 0.261733 0.450580 -0.796860
v -0.406549 -0.231226 0.161439
v -0.461429 -0.363459 0.202600
v 0.265397 0.367458 -0.773008
v 0.286810 0.367078 -0.755563
v -0.512144 0.728837 0.332914
v -0.214290 -0.007704 0.484031
v -0.274286 -0.145147 0.539248
v -0.546284 -0.272156 -0.192673
v -0.538120 -0.282769 -0.162568
v 0.046533 0.996229 -0.408886
v 0.049389 0.998050 -0.276984
v 0.055172 0.998258 -0.327820
v -0.379869 -0.289057 0.442040
v 0.433438 0.306242 0.155648
v -0.484757 -0.311049 -0.052088
v -0.380011 0.687651 0.376292
v 0.468079 0.379164 -0.519374
v -0.388605 0.837883 0.183596
v -0.379907 0.833960 0.166436
v -0.669748 0.292480 -0.049047
v 0.111853 -0.008150 0.462651
v -0.559854 0.247018 0.285888
v -0.637473 0.129005 0.166180
v -0.389664 0.818502 0.216883
v -0.390801 0.790730 0.226234
v -0.508309 -0.347266 -0.216576
v -0.668977 0.292009 -0.118753
v 0.266559 -0.316439 -0.056425
v 0.283679 -0.272420 -0.061021
v 0.331041 -0.299739 0.003108
v 0.289879 0.704284 0.193544
v -0.152148 -0.968065 0.630936
v 0.335336 -0.253773 0.015388
v -0.099298 0.436855 -0.826760
v 0.059244 0.995566 -0.222863
v -0.143780 -0.846268 0.527086
v -0.386639 -0.400854 0.338849
v -0.586564 0.630405 0.199578
v -0.329493 0.988443 -0.023183
v 0.304825 0.637017 0.299692
v 0.430345 0.320954 -0.045619
v 0.081178 -0.554398 0.534631
v 0.076827 -0.564770 0.534286
v -0.093740 0.348612 0.511522
v 0.519462 -0.263269 0.234301
v 0.362060 0.628826 -0.017054
v -0.484600 -0.335266 0.141006
v -0.687567 0.402279 -0.377530
v -0.679897 0.394570 -0.385623
v -0.258284 0.285193 0.477187
v -0.357242 0.882985 0.085039
v -0.340167 0.897935 0.072638
v 0.063844 -0.583507 0.493636
v 0.168108 -0.138093 0.408859
v 0.176219 -0.197421 0.402615
v 0.186662 -0.162636 0.373349
v -0.030614 0.769036 0.442696
v 0.452445 0.092548 0.217744
v -0.682055 0.384856 -0.518935
v -0.634615 0.295895 0.158295
v -0.531348 0.646625 0.229707
v 0.448134 0.425723 0.066711
v -0.208822 0.719491 -0.737592
v -0.658104 0.372806 0.208603
v 0.424367 0.579132 0.232536
v -0.322766 -0.065143 0.435678
v -0.403835 -0.102385 0.425975
v -0.096866 0.450475 -0.834782
v 0.074943 0.841741 0.202391
v -0.287129 0.857613 0.233127
v 0.124033 -0.227692 0.564768
v 0.075558 -0.658340 0.651823
v 0.486380 0.181899 0.195081
v -0.599883 -0.154391 -0.019860
v 0.334864 -0.317532 -0.050949
v 0.324241 -0.314988 -0.036718
v -0.141554 -0.434503 0.394147
v -0.457943 0.258751 0.379448
v 0.223755 -0.347718 0.193799
v 0.001470 -0.049403 0.592270
v -0.611026 -0.164929 0.161426
v -0.653295 0.359012 0.203544
v -0.648890 0.281823 0.168674
v -0.643334 0.321859 0.170593
v 0.074238 -0.841000 0.712670
v 0.241617 0.552447 0.333615
v 0.055061 -0.033582 0.471645
v -0.000618 -0.368306 0.335257
v 0.183831 -0.704923 0.746172
v 0.136768 0.538485 -0.765378
v -0.023705 0.007562 0.515476
v 0.003377 0.011918 0.504895
v -0.648160 0.360124 -0.354319
v -0.203728 -0.196704 0.577534
v -0.018143 0.046023 0.554864
v 0.406638 0.575202 0.130083
v 0.444426 0.045876 -0.014427
v 0.015516 -0.066157 0.555470
v -0.370703 0.819258 0.169879
v -0.493904 -0.157449 -0.526054
v -0.707617 0.246495 -0.429688
v -0.073421 -0.977794 0.574920
v -0.665854 0.363282 -0.358639
v -0.559275 0.352752 -0.652518
v -0.337309 -0.062557 0.460120
v -0.350748 -0.079690 0.451383
v 0.369879 -0.352258 -0.003305
v 0.057014 0.990505 -0.187881
v 0.050113 0.983846 -0.251143
v -0.312519 -0.381197 0.373183
v -0.314884 -0.375711 0.336321
v -0.597325 -0.193145 0.312366
v -0.239659 -0.719045 0.610861
v -0.692625 0.386480 -0.489864
v -0.699934 0.345330 -0.481366
v 0.087432 -0.004897 0.419695
v 0.289128 -0.258998 0.283590
v -0.297164 -0.804441 0.743852
v -0.656942 0.020962 0.063769
v -0.648501 -0.011249 0.041662
v 0.443413 0.300904 0.045198
v -0.222231 -0.494340 0.369407
v -0.070255 -0.415113 0.139464
v 0.438262 0.371131 -0.574939
v 0.330263 -0.220640 0.238733
v 0.352138 -0.194362 0.270482
v 0.433867 -0.275015 0.129248
v 0.127279 0.874378 0.073057
v 0.419973 -0.024123 -0.018195
v 0.059894 -0.642684 0.534615
v 0.455186 0.140584 -0.000988
v -0.396626 0.953942 -0.051089
v 0.341254 -0.164942 0.268561
v 0.063382 0.227618 0.469808
v -0.533449 -0.345501 -0.066730
v -0.084795 -0.777059 0.793793
v -0.143701 -0.626597 0.472940
v 0.342803 -0.207866 0.296073
v -0.122691 -0.519308 0.363605
v -0.016119 -0.521082 0.363226
v 0.320140 -0.278846 -0.013912
v 0.003201 -0.443254 -0.014343
v -0.087580 0.106453 0.559131
v -0.054233 0.705987 -0.737979
v 0.409249 -0.136233 0.114643
v 0.426329 0.294930 -0.075649
v 0.440362 -0.310267 0.037114
v -0.323350 -0.439648 0.356772
v -0.381648 0.845477 0.175069
v -0.312348 0.815014 0.226910
v 0.473625 0.214459 -0.156399
v -0.497239 -0.167336 0.380266
v -0.030652 0.352266 -0.822169
v -0.380168 0.748532 0.355011
v -0.283775 0.757597 0.375631
v -0.328680 0.747736 0.350995
v 0.083893 0.377335 -0.811898
v -0.382404 0.598973 0.373480
v -0.006195 0.828266 -0.683297
v 0.471320 0.271419 -0.035515
v -0.700824 0.310063 -0.356635
v -0.067238 0.177182 0.393419
v -0.022298 0.168638 0.385644
v -0.327363 -0.331912 0.217759
v -0.287648 -0.369251 0.243960
v -0.280969 -0.363471 0.186248
v 0.086663 0.984048 -0.302741
v -0.512740 -0.124456 -0.559218
v 0.381382 0.613334 0.143631
v -0.650344 0.271531 -0.058367
v -0.053089 -0.678317 0.804760
v -0.018432 0.680197 0.405377
v -0.352213 0.087597 0.297328
v -0.517179 -0.009592 0.354277
v 0.440073 0.401953 -0.021167
v 0.146008 0.742443 0.347350
v -0.458866 -0.262990 0.352061
v -0.104704 0.137847 0.552743
v -0.060888 0.105704 0.556173
v 0.104977 0.721194 0.366260
v 0.143735 -0.662915 0.805644
v -0.555775 -0.374136 -0.083094
v -0.547857 -0.382352 -0.109575
v -0.062953 0.065270 0.587104
v -0.050706 0.051799 0.562459
v 0.129618 0.864828 0.169703
v -0.068101 0.375482 -0.820019
v -0.679311 0.207311 -0.459702
v -0.695208 0.320167 -0.546646
v -0.651667 0.253935 -0.088637
v -0.149065 0.107838 0.557082
v -0.644445 0.304394 -0.091141
v -0.247258 -0.837743 0.751613
v -0.090508 -0.930587 0.591830
v 0.459072 -0.306820 0.053930
v -0.428894 -0.165453 -0.620598
v -0.246080 -0.794793 0.585382
v -0.532694 0.647965 0.347734
v 0.327472 -0.217756 0.202278
v -0.226915 -0.907458 0.630252
v 0.384319 -0.293703 -0.033436
v 0.451690 0.321000 -0.057186
v 0.207965 -0.090339 -0.624759
v -0.265646 -0.838904 0.693362
v -0.258086 -0.867995 0.684956
v 0.497625 0.253645 -0.449606
v 0.406018 0.234965 0.225312
v 0.005533 0.363291 -0.834692
v 0.094407 0.860513 0.204042
v 0.116781 0.853967 0.203962
v 0.095292 0.853520 0.202576
v -0.542221 -0.270361 -0.248288
v 0.481279 0.306186 -0.452734
v 0.046513 0.988560 -0.324108
v -0.565572 -0.343023 -0.076400
v -0.331011 -0.321758 0.175328
v 0.098360 -0.419729 0.372098
v 0.107380 -0.421144 0.317359
v 0.102141 -0.435589 0.356571
v -0.632733 0.600614 0.208152
v -0.417340 0.914732 0.042887
v -0.388473 -0.022092 0.432124
v 0.401794 0.635139 0.246276
v -0.685865 0.207646 -0.077507
v 0.561133 -0.230668 0.134022
v -0.522941 -0.260610 -0.259087
v 0.502865 0.180239 0.136383
v 0.378220 -0.345751 -0.033214
v 0.364627 -0.367918 -0.063014
v 0.089230 -0.401850 0.433841
v 0.093912 -0.406810 0.421087
v 0.337131 -0.129900 -0.494253
v 0.098696 -0.912869 0.620830
v -0.501775 -0.299130 0.011017
v -0.595043 0.144571 0.225138
v 0.296816 0.029669 0.334426
v 0.314872 0.091654 0.311409
v 0.176186 -0.149254 -0.648642
v -0.527652 -0.183506 -0.517173
v 0.450684 0.295472 -0.110090
v -0.456957 -0.300037 0.308058
v -0.672663 0.218400 -0.048089
v -0.263650 -0.676353 0.827709
v -0.228830 -0.652461 0.862608
v -0.236159 -0.650526 0.846331
v -0.432013 0.265870 0.373056
v -0.389632 0.197829 0.408388
v 0.463183 0.077794 0.223156
v -0.707840 0.374512 -0.377878
v -0.608762 0.200864 0.232189
v 0.302526 -0.204918 -0.552744
v 0.306770 -0.201385 -0.537664
v 0.050381 -0.526550 0.649749
v 0.077314 0.830486 0.222714
v 0.445666 -0.294506 0.196707
v -0.054497 -0.476729 0.783643
v -0.657586 0.192697 -0.050212
v -0.355004 0.693874 0.430938
v -0.184276 0.028460 0.561897
v 0.175253 0.836483 0.207618
v -0.056354 0.530443 -0.809186
v -0.375603 -0.385719 0.400067
v -0.014818 -0.948754 0.573615
v -0.681438 0.143129 0.206986
v -0.052593 0.478004 -0.830070
v -0.078110 0.469747 -0.838341
v -0.049417 -0.991664 0.627657
v 0.345585 0.340672 -0.676447
v 0.382455 0.327701 -0.640007
v -0.663927 0.321376 -0.069474
v -0.656596 0.310508 -0.064693
v 0.266814 -0.319675 0.232802
v -0.106409 0.072765 0.593711
v 0.452387 0.319802 -0.448997
v -0.015217 0.556790 -0.799096
v -0.605397 0.517689 0.255847
v -0.242534 -0.674069 0.818581
v 0.140672 -0.675902 0.642224
v -0.276199 -0.777950 0.791718
v -0.240381 -0.713056 0.836281
v -0.398438 -0.244063 0.500661
v -0.345875 0.921266 -0.087311
v 0.319451 -0.375119 -0.132851
v 0.009507 0.868401 -0.657007
v -0.658092 0.311636 -0.086930
v -0.015134 0.434547 0.464055
v 0.024773 -0.412488 0.356952
v -0.522507 0.501958 -0.717867
v 0.124677 0.845559 0.185993
v -0.689430 0.368021 -0.434118
v -0.283375 -0.424505 0.184877
v 0.045112 0.756117 -0.704798
v -0.137131 -0.655407 0.872914
v -0.664878 0.232786 -0.346786
v -0.670237 0.350659 -0.469826
v 0.476389 -0.286796 0.075258
v -0.147711 -0.262233 0.589160
v 0.109144 0.957224 -0.357021
v -0.132613 -0.441148 0.002030
v -0.187391 0.168434 0.410079
v 0.458948 0.284004 -0.511436
v 0.429965 0.303680 -0.562687
v -0.146357 -0.412892 0.319913
v 0.465472 0.261112 -0.523264
v -0.040937 -0.408267 0.227897
v 0.121288 0.949221 0.067104
v 0.215253 -0.124548 0.196567
v 0.260369 0.368877 -0.767804
v -0.371357 0.790131 0.237784
v -0.366656 0.822590 0.230168
v 0.312006 -0.322028 0.012195
v 0.409123 0.359891 -0.585260
v -0.226039 -0.599152 0.820120
v -0.184368 -0.580020 0.838295
v -0.417021 -0.174796 0.425340
v -0.642223 0.472725 0.122179
v -0.078934 0.692713 0.458143
v -0.207953 0.007917 0.515985
v -0.208778 0.615126 -0.778246
v 0.036973 -0.932700 0.585837
v -0.264528 -0.361525 0.110409
v -0.175742 -0.829388 0.533120
v -0.292077 -0.813301 0.686493
v -0.219835 -0.419130 0.353267
v 0.341472 -0.180094 0.268328
v -0.030864 0.054500 0.470661
v -0.666354 0.285930 -0.359506
v -0.499138 -0.222577 0.304772
v -0.339036 0.505373 0.407701
v -0.370884 0.536228 0.387264
v -0.146055 0.389369 0.497666
v 0.175972 -0.646176 0.667329
v 0.106404 -0.371056 0.345896
v 0.122351 -0.354563 0.319847
v -0.127058 0.304651 -0.854180
v -0.153118 0.355747 -0.827185
v 0.507108 0.342329 -0.442030
v -0.213140 0.511338 -0.813279
v 0.460503 -0.299604 0.146595
v 0.414072 -0.105736 0.000111
v -0.080857 0.691684 0.417704
v -0.373137 0.763580 0.404226
v 0.533464 -0.260726 0.104263
v -0.213990 0.362739 -0.824349
v -0.278035 -0.860067 0.707741
v -0.139193 0.065992 0.494345
v 0.502477 0.268428 0.173420
v 0.381316 0.543742 0.226669
v 0.496379 -0.295062 0.238042
v -0.357069 0.873300 0.059547
v -0.694489 0.387360 -0.542039
v -0.689057 0.336684 -0.436063
v -0.134154 -0.420567 0.099356
v -0.657413 0.238884 0.072388
v -0.661117 0.136647 0.073360
v -0.332962 0.949130 0.077447
v 0.494430 0.269931 -0.105536
v -0.422017 -0.194630 0.406677
v -0.177274 0.205798 0.373394
v 0.100586 -0.394490 0.362972
v -0.153538 0.527674 -0.802398
v -0.093499 0.571093 -0.793440
v 0.322151 0.668248 0.239370
v 0.383212 0.646493 0.220025
v 0.301978 0.500240 0.291330
v -0.234134 0.730120 -0.727021
v -0.202884 0.703225 -0.734159
v -0.059461 0.609040 -0.780394
v -0.289593 -0.426211 0.109287
v -0.233351 -0.430542 0.092960
v 0.512248 -0.254514 0.085031
v -0.293297 -0.407038 0.236241
v 0.308354 -0.303282 -0.000054
v -0.675147 0.405951 -0.455271
v -0.176603 0.756255 0.340533
v 0.206733 -0.300176 0.370989
v 0.176385 -0.332437 0.390879
v 0.472539 0.267866 -0.115066
v 0.247245 0.399402 -0.766710
v -0.188240 -0.930403 0.682019
v -0.360692 0.822245 0.203443
v 0.073906 0.796870 -0.670889
v -0.402541 -0.400864 0.030507
v -0.374747 -0.410396 -0.026576
v 0.487808 0.321076 -0.099609
v 0.310015 -0.151433 -0.557627
v 0.077990 0.844810 0.242766
v 0.080568 0.972420 -0.131403
v 0.370686 0.198200 0.269060
v -0.665328 0.231293 -0.317142
v 0.234530 -0.372659 0.213087
v 0.031934 -0.402071 0.223679
v 0.210117 0.696096 0.421795
v -0.136332 0.049378 0.502277
v 0.428481 0.278369 -0.095007
v -0.292088 -0.824357 0.734659
v -0.659266 0.229147 -0.310202
v -0.260105 -0.567067 0.720700
v 0.025405 -0.491537 0.648834
v -0.522427 -0.100673 0.335398
v 0.553597 -0.246836 0.162513
v -0.231450 -0.234118 0.579125
v -0.224962 -0.245093 0.567277
v -0.691246 0.385370 -0.519103
v 0.226453 0.735262 0.261793
v 0.172631 0.745839 0.309200
v -0.094654 -0.639204 0.889097
v -0.452050 0.383204 0.372203
v 0.465463 0.234010 -0.304578
v -0.372661 -0.304029 0.320621
v 0.244153 -0.134365 -0.583748
v 0.192617 -0.169403 -0.620554
v -0.060332 0.381281 -0.829700
v 0.507194 -0.235572 0.119757
v 0.498767 -0.232617 0.138476
v 0.522824 -0.227267 0.140448
v 0.447875 -0.260031 0.118925
v 0.297843 0.661936 0.370468
v 0.155002 0.689998 0.385175
v 0.196959 0.756417 0.398083
v 0.471185 0.232002 -0.153199
v 0.178937 0.793095 0.233105
v -0.157402 0.045364 0.538552
v -0.042227 0.026967 0.536774
v 0.279069 -0.172385 0.369733
v -0.194903 -0.554801 0.546721
v -0.286678 0.697325 0.448742
v 0.117059 0.302950 0.436601
v -0.648582 -0.097558 0.260625
v -0.387865 -0.233629 0.355551
v -0.676773 0.185115 0.099257
v -0.164732 0.220566 0.511362
v -0.426345 -0.380508 0.195114
v -0.625323 0.473430 0.119323
v -0.633015 0.444605 0.115370
v -0.637455 0.246648 -0.066919
v -0.100476 0.485153 -0.817901
v -0.296977 0.760396 0.428805
v -0.226927 -0.427579 0.140852
v 0.276094 -0.034597 0.361549
v -0.298279 0.872199 0.185600
v -0.014453 0.574210 -0.798177
v -0.424877 0.953983 -0.001563
v -0.348926 -0.407054 0.213184
v 0.180994 0.034642 0.448001
v -0.366541 -0.278257 0.140983
v -0.129306 0.611105 -0.780894
v -0.490193 -0.141185 0.366524
v 0.454292 0.295906 -0.253244
v -0.520616 0.113281 0.340027
v -0.223698 -0.215904 0.395739
v -0.144653 -0.352218 0.340825
v -0.168025 -0.854578 0.555829
v 0.085157 0.793428 0.274473
v -0.418322 0.942100 0.006878
v -0.630912 0.386953 0.134204
v -0.407602 0.433636 0.398419
v 0.316633 0.557058 0.271284
v 0.038534 -0.787699 0.558645
v -0.385698 -0.136059 0.436353
v -0.139812 -0.431242 0.319612
v -0.050936 -0.090060 0.601250
v -0.190279 -0.514032 0.570368
v 0.689686 -0.301905 0.181778
v -0.274022 0.301874 0.487441
v -0.646804 -0.049462 0.150804
v 0.072722 -0.610364 0.684051
v -0.452537 -0.246769 0.464347
v 0.024669 -0.393908 0.323633
v 0.297881 0.682419 0.361666
v 0.293992 -0.286992 -0.046938
v 0.083247 -0.335316 0.118017
v 0.123717 -0.312022 0.125060
v -0.024908 -0.424600 0.191430
v 0.232326 0.729349 0.198253
v -0.324259 -0.379760 0.336164
v -0.390653 0.782988 0.198570
v -0.267013 -0.013806 0.486127
v 0.047166 0.016536 0.525973
v -0.653598 0.232964 -0.270977
v 0.462533 0.144254 0.085301
v -0.187978 0.668888 -0.763760
v 0.280277 -0.310307 -0.029790
v 0.273662 -0.147197 -0.545352
v 0.502626 -0.231071 0.236931
v 0.144832 0.381257 -0.798125
v 0.172636 -0.281835 0.306127
v 0.168365 -0.290607 0.317529
v -0.304785 0.037824 0.499223
v 0.380795 -0.290377 -0.054170
v -0.465998 -0.124647 -0.596646
v -0.688290 0.270162 0.196816
v 0.098781 -0.323704 0.128634
v 0.124590 -0.299931 0.125935
v 0.487733 -0.302653 0.190731
v -0.591491 -0.299795 -0.064340
v 0.333052 -0.222114 -0.336801
v 0.337637 -0.244765 -0.285315
v -0.297056 0.218765 0.485911
v -0.412561 0.096064 0.402780
v -0.350111 0.590799 0.389105
v -0.123295 -0.547703 0.380398
v -0.510256 -0.326556 -0.159729
v -0.711818 0.335051 -0.435208
v -0.678427 0.301009 -0.305216
v 0.488784 0.280423 -0.065653
v -0.215920 -0.902601 0.611994
v 0.480891 -0.320908 0.169443
v 0.059644 0.539395 0.423045
v -0.603808 0.516298 0.152290
v 0.232368 -0.226318 0.334652
v 0.348788 -0.299723 -0.005633
v 0.028734 0.703312 0.462474
v -0.246788 -0.393541 0.283180
v -0.221457 -0.404481 0.318801
v -0.529355 -0.083758 -0.536912
v -0.350990 0.840727 0.236115
v -0.384168 -0.260027 0.336143
v 0.165727 -0.721151 0.780672
v -0.330952 0.973141 0.039179
v 0.449757 0.240565 -0.291535
v 0.157008 0.797211 0.209168
v 0.154557 0.796144 0.193622
v 0.129988 -0.328060 0.206024
v 0.472642 0.300618 -0.069058
v 0.123011 -0.324338 0.159595
v 0.109287 -0.896719 0.651800
v 0.479699 0.230385 -0.157995
v 0.088393 -0.313148 0.550286
v 0.141696 -0.083743 0.452809
v 0.425423 -0.001460 0.222258
v 0.003020 -0.856172 0.732945
v -0.591603 -0.032194 0.252868
v -0.528551 0.495523 -0.673808
v -0.559341 0.413268 -0.637381
v -0.389667 0.838412 0.204736
v 0.397704 0.571247 0.001759
v -0.092546 -0.956705 0.660793
v -0.035705 -0.931249 0.679617
v -0.244294 0.197654 0.515869
v -0.303860 0.133306 0.466529
v 0.484759 -0.310945 0.197130
v -0.304072 0.925140 0.072455
v -0.300584 0.905473 0.088339
v -0.103481 0.531510 -0.811069
v -0.394160 -0.323002 0.274666
v -0.320768 -0.422376 0.338219
v -0.327529 -0.408478 0.267230
v 0.468837 0.292110 -0.039043
v 0.456529 0.306567 -0.090509
v -0.430284 -0.100387 0.216289
v 0.456980 0.235790 -0.105940
v 0.133536 0.076286 0.292068
v -0.508835 -0.265839 -0.303842
v 0.563163 -0.230864 0.146300
v 0.499409 -0.219920 0.207736
v -0.034801 0.759102 0.448410
v 0.168465 -0.781696 0.784477
v 0.172526 -0.043987 0.460163
v 0.232425 -0.016744 0.415011
v -0.245445 0.766527 0.434815
v -0.182019 -0.695375 0.600206
v -0.653799 0.266667 0.046283
v -0.340931 0.814417 0.215251
v -0.319178 0.815622 0.233980
v 0.149005 0.857451 0.108225
v 0.455087 0.205945 -0.054416
v 0.104745 -0.031061 0.443282
v -0.176726 -0.783036 0.786601
v -0.102216 -0.770186 0.795799
v -0.667606 0.252071 -0.096372
v 0.026474 0.901127 -0.614698
v 0.434686 0.285049 -0.081842
v 0.081252 -0.025507 0.470557
v 0.066411 0.037035 0.443662
v 0.071422 0.538131 0.438920
v 0.162275 -0.156610 -0.636986
v 0.424165 0.235206 -0.082249
v 0.426225 0.199501 -0.085763
v -0.644376 0.012956 -0.056605
v 0.428503 0.013238 0.022751
v -0.491124 -0.343842 0.064757
v -0.456136 -0.366376 0.006480
v 0.229530 0.433052 -0.811745
v 0.236599 0.383838 -0.810581
v 0.113929 0.956594 -0.297523
v 0.109354 0.953021 -0.208711
v -0.178678 0.015040 0.492999
v -0.601010 0.517320 0.213169
v -0.574164 0.462760 0.250510
v -0.180846 0.765097 0.343942
v 0.351410 -0.122959 0.300957
v 0.375469 -0.098257 0.272702
v -0.668638 0.291108 -0.302287
v 0.454684 0.195711 -0.081900
v 0.447623 0.335611 -0.353706
v -0.014506 0.657182 -0.780556
v -0.373578 0.864695 0.166750
v -0.226144 -0.929634 0.662663
v -0.671803 0.196644 -0.074366
v 0.477283 0.306374 -0.099638
v 0.474926 0.023308 0.216530
v 0.004920 0.666481 -0.772910
v -0.016607 0.189225 0.359303
v -0.430385 0.739504 0.190530
v 0.427281 0.529611 -0.045645
v -0.140993 0.440324 -0.867761
v 0.519828 -0.245272 0.241710
v 0.530145 -0.253601 0.224684
v -0.082161 -0.852117 0.515616
v -0.518826 -0.220065 -0.372234
v -0.501687 -0.241548 -0.411530
v -0.072655 0.736273 0.368403
v -0.038432 0.731224 0.377951
v 0.095292 -0.905284 0.697925
v -0.684037 0.305765 -0.111122
v -0.674136 0.290420 -0.488575
v -0.381398 0.887632 -0.046727
v 0.466611 -0.252985 0.104063
v 0.120599 -0.082559 0.427583
v -0.429258 -0.297127 0.373335
v -0.392395 -0.322489 0.404501
v 0.431294 0.325292 -0.243448
v -0.557182 0.447805 0.243238
v -0.234418 0.758359 0.376683
v -0.569699 -0.199480 0.168317
v -0.445113 0.026674 0.383136
v -0.647760 0.339933 -0.282196
v -0.649868 0.302525 -0.218028
v 0.204975 0.717175 0.288436
v -0.433504 -0.383529 -0.033112
v 0.352609 0.694364 0.292385
v 0.449614 -0.258697 0.150492
v 0.471562 0.300257 -0.348361
v -0.603769 -0.149722 0.038457
v -0.323868 -0.406916 0.144787
v 0.440858 -0.329941 0.094399
v -0.539314 -0.140046 -0.533706
v -0.174142 -0.409404 0.218886
v -0.127651 -0.412514 0.222708
v -0.191479 -0.566340 0.520409
v -0.015144 -0.929580 0.591512
v -0.664026 0.150523 0.207795
v 0.271672 0.718088 0.098876
v 0.478070 0.300410 -0.546831
v 0.469339 0.303618 -0.567292
v 0.443401 0.302223 -0.303976
v -0.672850 0.239027 -0.261923
v -0.664316 0.273373 -0.090966
v -0.361354 -0.097952 0.444884
v 0.227397 -0.264973 0.280046
v -0.142440 0.381759 -0.874683
v -0.048912 -0.839325 0.683689
v -0.651242 0.259516 -0.047970
v -0.474240 -0.161689 -0.577710
v -0.443619 0.753619 0.372966
v -0.521948 -0.291570 -0.018104
v -0.413004 0.195512 0.393810
v 0.064306 -0.400026 0.231247
v -0.255176 -0.880147 0.648448
v -0.305144 0.894963 0.128854
v -0.184059 -0.411858 0.284642
v 0.227631 0.502537 0.370098
v -0.675660 0.244047 -0.476181
v -0.140690 -0.175384 0.584437
v -0.101774 -0.136215 0.585117
v 0.269301 0.518700 -0.753476
v 0.342543 -0.289899 -0.074799
v 0.107032 0.979954 0.037879
v -0.656125 0.345782 0.089717
v 0.231615 0.751126 0.071548
v 0.238173 0.367039 -0.796586
v 0.148989 -0.423764 0.303488
v -0.653845 0.205844 -0.053329
v -0.446506 0.300899 0.359294
v -0.543760 -0.286387 -0.168246
v -0.456734 -0.167138 0.412965
v 0.171788 -0.726311 0.755486
v -0.038717 0.381483 -0.824292
v -0.571315 0.083280 0.287431
v -0.524790 0.200523 0.328847
v 0.305612 -0.171917 -0.564616
v -0.054189 -0.732064 0.802683
v -0.495279 0.723714 0.075249
v 0.113950 0.945612 0.064431
v 0.125007 -0.618667 0.831385
v 0.493115 -0.260776 0.095715
v -0.010187 0.448077 0.478358
v -0.279052 -0.836043 0.663822
v 0.178023 -0.349540 0.233558
v -0.619284 -0.019376 0.238080
v 0.151206 -0.567604 0.729229
v -0.646627 0.237115 -0.062403
v -0.274208 0.967056 -0.523465
v -0.171599 -0.614257 0.499213
v 0.551605 -0.233435 0.134609
v -0.606249 0.572843 0.269466
v 0.464314 0.180429 0.206954
v -0.249911 0.140800 0.392845
v 0.423432 0.375044 0.167499
v 0.056280 0.293925 0.468837
v 0.394387 -0.030657 0.244781
v 0.195533 -0.207411 0.156970
v 0.443440 0.338183 -0.036571
v 0.454291 0.235319 -0.236157
v 0.069384 -0.693205 0.849937
v -0.126279 -0.913887 0.689681
v 0.246515 0.412536 -0.799053
v -0.064280 0.709310 -0.749054
v 0.389860 0.601618 0.178153
v -0.506443 -0.159565 -0.529700
v 0.414817 0.316219 -0.593742
v -0.319482 -0.395713 0.337942
v 0.113226 -0.335004 0.256966
v -0.318272 -0.427168 -0.022622
v 0.178329 0.135472 0.438865
v 0.539668 -0.274223 0.182631
v -0.064746 -0.486649 0.769134
v 0.176009 -0.363848 0.334486
v -0.483656 0.515478 -0.743667
v -0.534441 -0.222049 0.325263
v -0.453692 0.403517 -0.799018
v -0.349544 -0.164330 0.488271
v 0.484221 -0.260750 0.240543
v 0.552256 -0.256107 0.128237
v -0.679592 -0.085206 0.202803
v 0.155285 -0.639785 0.790621
v -0.042380 0.407314 0.490359
v 0.158233 0.836237 0.160475
v -0.517933 0.379001 0.319173
v 0.470090 0.255547 -0.419516
v 0.467538 0.233378 -0.421816
v -0.070787 -0.396631 0.324588
v -0.302322 0.914999 0.054712
v 0.067763 0.954060 -0.050187
v -0.683390 0.293461 -0.042413
v -0.640025 0.039662 0.205198
v -0.646365 0.135808 -0.045485
v -0.378887 0.852882 0.110557
v -0.590529 0.576645 0.072979
v -0.001566 0.368437 -0.824601
v -0.190314 -0.255329 0.583953
v -0.385066 0.883020 0.008562
v -0.381082 0.875629 0.003364
v -0.561081 -0.292942 -0.020332
v -0.091109 -0.644587 0.877104
v 0.117084 -0.430191 0.251663
v 0.023886 -0.424517 0.221920
v -0.384624 0.946108 0.026770
v 0.091270 -0.890246 0.615588
v -0.701626 0.364428 -0.350980
v 0.519886 -0.231931 0.143336
v 0.516118 -0.238692 0.122940
v 0.350575 -0.338401 0.021628
v 0.355300 -0.335898 0.015282
v -0.568428 0.633389 0.201922
v 0.209920 -0.159208 0.179016
v -0.159091 -0.824049 0.529015
v -0.059565 -0.715817 0.793593
v 0.153695 0.924425 -0.087405
v -0.646579 0.156387 -0.047919
v 0.203304 -0.147164 0.190829
v -0.531005 -0.368563 -0.101254
v 0.535530 -0.253478 0.212644
v 0.161365 0.781804 0.240321
v -0.438606 -0.175424 0.408677
v -0.350018 -0.061583 0.426730
v -0.339195 0.976475 0.050496
v 0.218891 -0.369512 -0.031053
v 0.177727 -0.001888 0.258597
v -0.210898 0.473424 0.451695
v -0.103938 0.174342 0.400058
v -0.472958 0.363311 -0.746965
v 0.187363 -0.409887 0.047088
v 0.091908 0.966958 -0.471636
v 0.157708 0.310741 0.433791
v -0.649750 0.318936 -0.214322
v 0.468867 0.327320 -0.524652
v 0.471012 0.294714 -0.538389
v 0.466957 -0.052315 0.221924
v -0.695667 0.353327 -0.502707
v -0.480152 -0.245760 0.433402
v 0.010449 0.738395 0.356096
v 0.434482 0.392706 0.128299
v 0.450453 0.359660 0.108685
v -0.651865 0.251618 0.115881
v -0.295199 -0.487963 0.514808
v -0.037020 0.724271 -0.735420
v -0.240498 0.388276 0.464601
v -0.444532 0.445427 -0.752516
v 0.190834 0.732957 0.328130
v -0.522938 -0.237713 -0.400226
v 0.027339 -0.823278 0.759204
v -0.659483 0.071862 0.065405
v 0.014748 0.178834 0.524349
v 0.442848 -0.076452 0.154138
v 0.227735 0.410404 -0.759181
v 0.241637 -0.094927 -0.591782
v -0.511838 -0.180089 0.430296
v -0.389178 -0.401544 0.300662
v 0.500360 0.124429 0.138047
v -0.405252 -0.323648 0.404920
v -0.310635 0.965804 -0.214234
v -0.358471 -0.237355 0.388782
v -0.279215 -0.289102 0.366731
v -0.413856 -0.192292 0.320273
v -0.628946 0.311743 -0.587796
v 0.045498 -0.943793 0.609709
v -0.155330 0.277726 -0.880200
v -0.100668 0.316367 -0.863336
v 0.460872 0.299768 -0.052262
v 0.444518 0.094955 0.077514
v -0.015801 0.498552 0.448144
v 0.226256 -0.221041 0.370692
v 0.454887 0.358789 0.077902
v -0.173786 -0.613242 0.884144
v 0.446512 0.272021 -0.057885
v 0.343098 -0.298828 0.035026
v 0.193974 0.917037 0.048297
v -0.399522 -0.233293 0.204539
v -0.561040 -0.217380 0.017357
v 0.040768 -0.602129 0.472279
v -0.284450 0.856475 -0.631891
v 0.152749 -0.372065 0.392785
v -0.228432 -0.069497 0.579220
v -0.193548 0.129714 0.525558
v 0.061087 0.993402 -0.188313
v -0.344696 -0.353641 0.312614
v -0.205512 -0.025474 0.560885
v -0.301306 0.710317 0.453719
v -0.471039 -0.174846 0.382518
v -0.607704 0.049175 0.219151
v 0.455044 0.246375 -0.008027
v 0.024306 0.179479 0.354834
v 0.013012 -0.411598 0.268227
v -0.297853 0.975700 -0.123932
v 0.135435 -0.420403 -0.023167
v -0.390938 -0.252072 0.256734
v -0.353258 -0.305947 0.293137
v -0.153376 0.117883 0.459502
v -0.159601 -0.554139 0.410226
v 0.434086 0.437141 0.043395
v -0.630145 0.083210 0.215878
v 0.448748 0.362832 -0.359048
v -0.173176 -0.554318 0.656300
v 0.059838 0.057103 0.514732
v -0.028893 0.690978 0.434292
v 0.489004 -0.272753 0.092115
v 0.488706 -0.226975 0.148066
v 0.116276 -0.397269 0.281824
v 0.331377 0.488888 0.288819
v -0.022860 -0.427154 0.032618
v -0.685776 0.291374 -0.498356
v 0.350042 -0.357146 -0.009678
v 0.005476 0.516858 0.458128
v -0.319298 0.762399 0.318939
v 0.181382 -0.413349 -0.022817
v -0.561966 -0.126715 0.292270
v 0.352893 -0.292203 -0.013179
v -0.187876 0.746141 0.340282
v 0.318964 0.159470 0.328146
v -0.658494 0.082419 0.222319
v -0.663811 0.153679 0.088533
v -0.712311 0.257727 -0.442109
v -0.398673 -0.377885 0.192764
v 0.368464 -0.373742 -0.031660
v 0.364002 0.632412 0.203663
v 0.419124 -0.052021 -0.056838
v -0.544428 -0.254100 -0.214140
v -0.327059 -0.272673 0.526171
v -0.313912 -0.401380 0.209812
v 0.159719 0.954548 0.033508
v -0.359877 -0.102186 0.436494
v -0.387636 0.832868 0.229325
v 0.419193 0.449742 0.146035
v 0.461983 -0.298617 0.191141
v -0.195455 -0.409964 0.316081
v -0.004944 -0.084663 0.453543
v -0.130937 -0.212123 0.397006
v -0.411718 -0.208328 0.169044
v -0.390850 -0.244808 0.156684
v -0.691463 0.265229 -0.482751
v -0.147142 0.260502 0.525704
v -0.514841 -0.198838 -0.511113
v 0.391229 0.015951 0.236333
v 0.184927 -0.740455 0.771739
v 0.501124 0.301436 -0.424493
v -0.466209 -0.345210 0.013425
v -0.434974 -0.377018 0.017695
v 0.217665 -0.384994 -0.028551
v 0.441600 0.250838 0.179840
v -0.409417 -0.387160 0.123529
v -0.655245 -0.001500 0.126627
v -0.324780 -0.009502 0.427268
v -0.677701 0.245542 -0.426729
v 0.165908 -0.377067 0.212331
v -0.383480 0.749655 0.261228
v 0.085702 -0.072622 0.457856
v 0.079387 -0.892523 0.710177
v 0.460211 0.401744 -0.436881
v -0.392084 0.845222 0.189427
v -0.390241 0.812157 0.193200
v 0.369644 0.424558 -0.607188
v 0.478683 -0.297408 0.239699
v -0.602904 0.582789 0.052794
v -0.332077 -0.440302 0.330923
v -0.591025 0.567903 0.160031
v 0.139019 -0.144704 0.455416
v 0.071879 -0.394781 0.409534
v 0.452982 0.234832 -0.270734
v 0.464334 -0.314207 0.201815
v -0.097704 -0.330846 0.350091
v -0.174725 0.691543 0.402025
v -0.270140 -0.693694 0.786757
v 0.264941 -0.110852 -0.556642
v -0.686034 0.275824 -0.022387
v -0.501591 0.364539 -0.756566
v 0.475441 0.361129 -0.330390
v -0.612696 0.463996 0.199859
v 0.178042 -0.264970 0.333638
v 0.178531 -0.292261 0.310588
v 0.204534 -0.378322 0.203365
v -0.363657 0.713817 0.348213
v -0.155012 0.089891 0.583275
v -0.470813 -0.258915 0.271036
v -0.165385 0.069113 0.559868
v -0.289701 0.772918 0.305375
v -0.660833 0.302741 -0.072147
v 0.356755 0.564360 0.236502
v -0.512885 0.149916 0.316104
v -0.490082 -0.294528 -0.296853
v -0.205659 -0.763398 0.749457
v 0.465047 0.362376 -0.450135
v 0.043119 0.978712 -0.454402
v 0.158372 -0.145335 0.396757
v -0.651868 0.284141 -0.297056
v -0.217283 -0.870848 0.724811
v 0.262251 0.747967 0.368503
v 0.476872 0.258234 -0.036155
v 0.167397 -0.249845 0.195049
v 0.164394 -0.265387 0.259014
v -0.277491 0.995629 -0.299508
v -0.003332 0.324953 0.484981
v -0.640235 -0.016173 0.148737
v 0.302764 -0.314634 -0.141940
v -0.403514 0.903795 0.060432
v 0.456378 -0.289572 0.203579
v 0.046882 0.694427 0.409286
v 0.423695 -0.026166 0.035061
v 0.076744 0.940664 0.014692
v 0.462165 0.234467 -0.315740
v -0.664601 0.274627 0.103009
v 0.285982 0.343236 0.315839
v -0.656002 0.217561 -0.053317
v 0.438126 -0.292959 0.136008
v -0.639082 -0.058440 0.282241
v -0.355965 0.810704 0.182160
v 0.184616 -0.724419 0.672318
v -0.211318 0.709141 -0.724462
v 0.399349 0.650369 0.241515
v 0.324300 -0.149800 -0.549410
v -0.460986 -0.370356 0.057558
v -0.147773 -0.392454 0.106443
v 0.435412 -0.320174 0.120758
v 0.448239 -0.314972 0.148047
v 0.168532 0.861189 0.100285
v -0.149413 0.321270 0.513214
v 0.090484 0.808561 0.226686
v 0.117763 0.814817 0.210986
v -0.132198 -0.079995 0.455470
v -0.558343 0.594046 0.307445
v -0.115830 0.663678 -0.780806
v 0.438777 -0.281853 0.127725
v 0.097293 0.936552 -0.096007
v 0.217873 0.756084 0.110146
v 0.172243 -0.765179 0.735112
v 0.455701 0.215579 -0.125060
v 0.366160 -0.275817 0.000911
v -0.051522 0.126021 0.430381
v -0.655277 0.035723 0.120127
v -0.083953 -0.548289 0.859053
v 0.365085 0.077137 0.257194
v 0.275179 -0.272115 0.275407
v 0.273185 -0.282252 0.274631
v 0.000871 0.720967 -0.756449
v 0.338947 -0.278629 0.057730
v 0.038289 -0.106979 0.591265
v -0.134978 0.270682 -0.884933
v 0.305794 -0.355973 -0.100547
v -0.280140 0.932505 -0.552903
v 0.119585 0.095884 0.327607
v -0.692337 0.379839 -0.450793
v 0.179486 -0.244365 0.144908
v 0.009011 0.608480 0.435478
v 0.127797 -0.427222 0.243226
v -0.015928 0.077340 0.473121
v -0.365443 -0.291672 0.486345
v 0.001623 -0.402019 0.277872
v 0.158194 0.759746 0.288347
v -0.305658 -0.347097 0.344156
v -0.428728 -0.081274 0.247541
v 0.234237 0.459387 -0.815080
v 0.063072 -0.755109 0.581598
v 0.445523 0.303745 -0.030482
v 0.151043 0.506929 -0.767883
v 0.223762 0.494611 -0.750671
v 0.476598 0.329053 -0.574017
v 0.464315 0.391339 -0.557096
v -0.058214 -0.874163 0.540329
v -0.526732 -0.285873 0.129386
v 0.454875 0.305553 0.036382
v -0.554057 -0.271458 0.143978
v 0.476707 0.236109 -0.112901
v -0.669236 0.336430 -0.492964
v 0.455669 0.344119 -0.383621
v 0.238457 -0.284295 0.319526
v -0.300066 0.883065 0.127481
v 0.020261 0.205880 0.496018
v -0.511697 0.508955 0.313354
v -0.281346 -0.414966 0.127643
v -0.656129 0.200214 0.042371
v 0.241363 0.673345 0.342225
v 0.557408 -0.238912 0.235743
v 0.422864 0.616972 0.217466
v 0.450421 0.231344 -0.301425
v 0.457105 0.105235 0.107906
v -0.665305 0.072277 0.091869
v 0.314000 -0.213012 0.245826
v -0.469968 0.442048 -0.790527
v 0.100363 -0.380335 0.395488
v 0.487752 0.391744 -0.444510
v -0.381216 0.756008 0.286586
v -0.361294 -0.388704 0.220145
v -0.370979 -0.396035 0.137564
v 0.478681 0.225903 -0.038472
v -0.065541 0.104345 0.447776
v -0.670044 0.108362 0.102858
v -0.222843 -0.817189 0.585409
v -0.510383 0.502724 -0.697973
v 0.148221 -0.426978 0.003329
v 0.152857 -0.032671 0.370066
v 0.185062 -0.249864 0.300364
v 0.434509 -0.347254 0.060827
v -0.120509 -0.315500 0.591977
v 0.496482 -0.224751 0.173749
v 0.450974 -0.008588 0.246605
v -0.009962 0.374100 0.495045
v -0.586882 0.531390 0.187062
v 0.132415 0.465052 0.430163
v -0.437774 0.517962 -0.745337
v 0.444281 0.104300 0.185273
v -0.159083 0.461019 -0.830477
v -0.316059 0.856499 0.222024
v 0.445161 0.369118 0.096032
v 0.287343 -0.318252 0.085742
v -0.591808 0.509663 0.202072
v 0.351154 0.620137 0.203486
v 0.153197 -0.178170 0.413536
v 0.438947 0.231638 -0.345188
v 0.280861 -0.341528 0.087123
v -0.077038 -0.432550 0.074665
v 0.427772 0.055189 0.188490
v -0.650177 0.356423 0.045522
v 0.363063 -0.332599 0.049649
v -0.375377 0.834435 0.127082
v -0.245132 0.693873 0.430625
v -0.130872 0.207519 0.536538
v -0.350889 0.091746 0.440918
v 0.271382 0.420134 0.346349
v -0.328114 0.837517 0.181027
v -0.003954 -0.813264 0.766108
v 0.295783 -0.253846 -0.332361
v -0.339838 0.894304 -0.566562
v -0.018123 0.135366 0.544264
v -0.455787 0.468904 -0.797454
v -0.227950 0.259976 0.513955
v -0.479424 0.370255 -0.764900
v -0.658027 0.256619 -0.066487
v 0.348857 -0.298205 0.030822
v -0.070278 -0.428976 0.308400
v -0.692491 0.305092 -0.536819
v 0.447714 0.142165 -0.058503
v -0.496038 -0.337623 0.151657
v -0.465661 -0.352329 0.198139
v -0.654465 0.236251 -0.357614
v -0.030308 0.357820 0.482954
v -0.240622 0.607549 -0.771533
v -0.138417 0.020183 0.534356
v 0.523185 -0.307439 0.232193
v -0.289459 -0.664188 0.648078
v -0.412411 0.786317 0.102405
v -0.367163 0.798363 0.125481
v -0.421658 0.766886 0.087561
v 0.272889 -0.194857 0.349917
v -0.571650 0.674451 0.240296
v 0.138465 -0.301753 0.241313
v -0.348901 -0.244806 0.506194
v 0.478853 0.308673 -0.088184
v -0.347956 0.379807 -0.787131
v -0.649493 0.288047 -0.011667
v -0.030431 -0.555514 0.877088
v 0.162446 -0.398114 0.213155
v -0.306527 -0.351174 0.151597
v 0.347297 0.569619 0.263519
v -0.425466 -0.345428 0.289887
v 0.130570 0.615274 0.407652
v -0.053075 0.456298 -0.823630
v -0.685189 0.412414 -0.472378
v 0.148505 -0.289712 0.290514
v 0.497118 -0.310172 0.244515
v -0.052998 -0.940493 0.591658
v 0.084970 -0.127309 0.436450
v -0.707920 0.366806 -0.423321
v 0.473134 0.194186 0.207355
v 0.159790 -0.287519 0.486372
v -0.115613 0.213250 0.373536
v -0.509784 0.667539 0.248007
v -0.668999 0.277298 0.208367
v 0.013511 0.511268 -0.812772
v 0.418606 -0.291152 0.083817
v 0.453697 0.272826 -0.135818
v -0.391760 -0.192523 0.362245
v -0.556671 0.519585 0.265394
v -0.059760 -0.769410 0.572160
v 0.139237 -0.327821 0.490468
v 0.298980 -0.359763 -0.139824
v 0.030452 0.758957 0.439510
v -0.413106 0.289793 0.409114
v -0.247657 0.368709 -0.813046
v -0.405162 -0.164069 0.371586
v 0.021808 -0.768514 0.800097
v 0.369301 0.574942 0.288257
v -0.170059 -0.905647 0.699450
v 0.172992 -0.162289 -0.616010
v -0.496830 0.739279 0.344102
v 0.471932 0.276643 -0.142281
vn 0.1615 -0.1967 -0.9671
vn 0.2889 -0.1899 -0.9384
vn 0.3637 -0.1622 -0.9173
vn 0.1882 -0.1969 -0.9622
vn 0.2380 -0.1732 -0.9557
vn 0.1345 -0.2041 -0.9697
vn 0.0352 -0.1152 -0.9927
vn 0.0855 -0.2029 -0.9755
vn -0.0464 -0.1803 -0.9825
vn -0.1895 0.2123 -0.9587
vn 0.5555 0.1284 -0.8215
vn -0.2672 0.1406 -0.9533
vn -0.5684 0.8182 -0.0865
vn 0.5576 0.5873 0.5867
vn 0.4195 0.6994 0.5787
vn 0.3950 0.5534 0.7333
vn -0.6397 0.7687 -0.0002
vn 0.5845 0.3948 0.7089
vn -0.9365 0.2138 -0.2781
vn -0.1439 -0.8939 -0.4245
vn 0.0735 -0.5849 -0.8078
vn 0.3566 -0.3003 -0.8847
vn 0.5898 0.6936 0.4136
vn -0.8806 0.4719 0.0430
vn -0.5225 0.7881 0.3254
vn 0.7413 0.6037 0.2931
vn -0.3687 0.3894 0.8441
vn 0.2934 0.9548 0.0476
vn 0.5966 -0.3212 0.7355
vn -0.4949 0.8686 -0.0248
vn 0.2976 -0.1219 0.9469
vn -0.9476 -0.0193 0.3189
vn -0.1911 0.9751 0.1128
vn -0.6783 0.6490 -0.3446
vn 0.2934 0.9484 -0.1200
vn -0.7806 0.6125 -0.1246
vn -0.6161 -0.1175 0.7788
vn -0.9668 -0.0631 0.2477
vn -0.8410 -0.4068 0.3566
vn 0.8475 -0.0180 0.5305
vn 0.2011 -0.1210 0.9721
vn 0.8010 0.0141 0.5985
vn 0.1099 -0.1436 0.9835
vn -0.9957 0.0178 0.0913
vn -0.1721 -0.1731 -0.9697
vn 0.4612 0.8871 0.0214
vn 0.0630 0.5198 -0.8520
vn -0.0650 0.8651 -0.4974
vn 0.8872 -0.0404 -0.4596
vn 0.7807 -0.0652 -0.6215
vn 0.8070 -0.0463 -0.5887
vn -0.7040 -0.5272 -0.4759
vn 0.7689 0.3437 -0.5391
vn -0.4894 0.2521 -0.8348
vn -0.1765 -0.9779 -0.1124
vn -0.5628 -0.8153 0.1361
vn 0.0366 -0.9675 0.2504
vn -0.2906 -0.9563 0.0309
vn -0.6310 -0.7703 -0.0919
vn -0.1410 -0.8278 0.5430
vn 0.8459 0.2617 -0.4646
vn 0.8159 0.3205 -0.4812
vn 0.8079 0.4027 -0.4302
vn 0.8338 0.2849 -0.4729
vn 0.8237 0.4382 -0.3598
vn 0.0402 0.5955 -0.8024
vn 0.8985 0.4271 0.1015
vn 0.6790 -0.0596 -0.7317
vn 0.6680 -0.0596 -0.7418
vn 0.6007 -0.0660 -0.7968
vn 0.1500 -0.0440 -0.9877
vn -0.0063 0.5212 -0.8534
vn 0.3219 -0.0386 -0.9460
vn -0.2045 -0.8666 0.4553
vn -0.3951 -0.8840 0.2501
vn -0.6072 -0.7480 0.2679
vn 0.4764 -0.0867 -0.8750
vn 0.5621 -0.0662 -0.8244
vn 0.5053 -0.0848 -0.8588
vn -0.4884 -0.0749 -0.8694
vn -0.4775 -0.0828 -0.8747
vn -0.4911 -0.0803 -0.8674
vn 0.5796 0.4344 0.6894
vn 0.3786 -0.6552 0.6537
vn 0.4795 -0.6932 0.5381
vn -0.2394 0.4652 0.8522
vn -0.1860 0.8507 0.4917
vn -0.1971 0.4719 0.8594
vn 0.3472 0.5149 -0.7838
vn 0.6092 0.0621 -0.7906
vn 0.6138 -0.1064 -0.7822
vn 0.3903 0.6394 -0.6624
vn 0.4735 -0.1192 -0.8727
vn -0.2744 -0.0106 -0.9615
vn -0.4417 -0.0839 -0.8933
vn -0.4988 -0.6283 -0.5970
vn -0.4036 -0.0087 0.9149
vn -0.7747 0.1506 -0.6141
vn -0.7095 -0.4194 0.5662
vn -0.9439 0.1271 0.3049
vn -0.7805 -0.3253 0.5339
vn -0.7575 -0.5826 -0.2946
vn 0.9483 -0.3131 0.0529
vn 0.6424 -0.7059 0.2983
vn 0.3880 -0.9160 -0.1024
vn 0.6689 0.3938 0.6305
vn 0.7542 0.4482 0.4798
vn 0.7745 -0.0193 -0.6323
vn -0.2658 -0.5840 -0.7670
vn -0.3117 -0.8399 -0.4443
vn -0.1034 -0.8553 0.5076
vn -0.4509 -0.8910 0.0530
vn 0.4342 -0.6476 -0.6262
vn 0.3684 -0.4572 0.8095
vn 0.6987 -0.2146 0.6825
vn 0.8809 0.4514 0.1427
vn -0.4340 -0.5770 0.6919
vn -0.0631 0.1751 0.9825
vn -0.2163 -0.7355 0.6421
vn 0.0555 -0.6426 0.7642
vn 0.2080 -0.4551 0.8658
vn -0.1814 -0.3370 0.9239
vn -0.0194 -0.5690 0.8221
vn -0.0149 -0.5735 0.8190
vn -0.0098 -0.5558 0.8313
vn 0.0354 -0.5763 0.8164
vn -0.0787 -0.5265 0.8465
vn 0.0127 -0.5702 0.8214
vn -0.0258 -0.4782 0.8779
vn -0.0421 -0.4645 0.8846
vn 0.0711 -0.6755 0.7339
vn 0.7165 -0.6026 0.3514
vn 0.0038 -0.9902 0.1395
vn -0.0738 -0.3314 0.9406
vn 0.4658 -0.8706 0.1583
vn -0.3166 -0.8975 0.3069
vn 0.5719 0.1567 -0.8052
vn -0.7808 -0.0413 -0.6234
vn 0.9287 -0.3704 -0.0165
vn -0.1064 0.9046 0.4127
vn 0.4527 0.8840 -0.1170
vn 0.7481 0.5411 -0.3840
vn 0.6942 0.5305 0.4865
vn 0.7839 -0.5799 0.2219
vn 0.8459 -0.3614 -0.3922
vn 0.1085 -0.8885 0.4458
vn -0.0764 -0.9910 0.1101
vn 0.5295 -0.7929 -0.3014
vn 0.9920 0.1262 -0.0025
vn 0.2783 -0.3316 0.9014
vn -0.2584 0.9648 0.0480
vn 0.9160 -0.2832 0.2841
vn -0.4516 -0.8274 0.3338
vn -0.4618 0.4759 0.7485
vn 0.6379 -0.1242 -0.7600
vn 0.7660 0.6426 -0.0182
vn 0.6821 -0.4782 -0.5532
vn 0.6661 -0.2845 0.6895
vn 0.7583 -0.4235 0.4955
vn 0.7297 -0.5119 0.4534
vn -0.0723 -0.9666 -0.2458
vn -0.9027 -0.3184 -0.2894
vn -0.8595 -0.4763 0.1856
vn 0.8097 0.0256 -0.5863
vn 0.2585 0.7011 -0.6646
vn 0.5859 0.7590 -0.2841
vn -0.6272 0.7558 0.1880
vn 0.0011 0.8609 0.5087
vn 0.6642 0.7321 -0.1512
vn -0.2588 0.8948 0.3638
vn 0.1590 -0.9103 0.3823
vn 0.4439 -0.7448 0.4983
vn 0.2990 -0.8637 0.4057
vn 0.1712 0.8746 0.4535
vn 0.6165 0.4938 0.6133
vn 0.7118 0.6335 -0.3032
vn -0.6100 -0.7739 -0.1704
vn -0.5463 0.6576 -0.5188
vn -0.9615 -0.2450 -0.1246
vn -0.5427 -0.0813 -0.8360
vn -0.5933 -0.0714 -0.8018
vn -0.5915 -0.0835 -0.8020
vn -0.1273 0.8167 -0.5629
vn 0.2665 0.5487 -0.7924
vn -0.5935 0.2586 -0.7621
vn -0.8652 -0.4650 -0.1876
vn -0.8324 -0.5142 -0.2068
vn -0.8335 -0.5081 -0.2170
vn 0.6463 0.4317 0.6292
vn 0.5371 0.4485 0.7144
vn 0.5626 0.8252 -0.0510
vn 0.5200 0.7848 -0.3372
vn 0.2175 0.9749 0.0484
vn 0.6875 -0.2704 0.6739
vn 0.9058 0.0013 0.4238
vn 0.6986 0.0441 0.7141
vn -0.1804 0.9630 -0.2000
vn -0.1623 0.9794 -0.1200
vn -0.3899 0.8607 0.3273
vn -0.0154 0.8018 -0.5974
vn 0.2760 0.9472 -0.1634
vn 0.3685 0.8910 -0.2652
vn -0.5436 -0.5317 0.6495
vn -0.3185 -0.7285 0.6065
vn -0.2495 0.0099 0.9683
vn 0.9847 -0.1497 0.0898
vn 0.9774 -0.1370 0.1612
vn 0.9667 -0.2542 0.0279
vn 0.2180 0.7556 -0.6177
vn 0.6391 0.7669 0.0593
vn 0.3016 0.7142 -0.6316
vn -0.4226 -0.2026 0.8834
vn 0.0165 -0.8883 0.4589
vn -0.3428 -0.0930 0.9348
vn 0.8471 -0.5127 -0.1397
vn 0.8834 -0.3222 -0.3403
vn 0.8324 -0.2941 -0.4696
vn 0.5707 -0.0782 -0.8174
vn 0.5496 -0.0798 -0.8316
vn 0.4842 -0.1058 -0.8685
vn -0.8370 -0.0721 0.5424
vn -0.7451 -0.6479 0.1579
vn -0.7652 -0.0098 0.6437
vn 0.5677 -0.3528 0.7438
vn -0.4006 -0.1378 0.9058
vn -0.2619 -0.5182 0.8142
vn -0.0084 -0.5746 0.8184
vn -0.0062 -0.5372 0.8435
vn -0.0070 -0.5261 0.8504
vn 0.4747 0.7649 0.4354
vn 0.4422 0.5470 0.7108
vn 0.4616 -0.2318 0.8563
vn -0.2458 0.9009 0.3578
vn -0.2631 -0.0331 0.9642
vn -0.1694 0.9130 0.3712
vn 0.2956 0.8086 0.5087
vn 0.0526 0.9649 0.2572
vn -0.1306 0.9567 0.2602
vn 0.1745 0.9205 -0.3498
vn -0.4489 -0.7144 -0.5368
vn -0.5943 -0.4418 -0.6721
vn 0.3270 0.6416 -0.6939
vn -0.3438 -0.2367 -0.9087
vn -0.3789 -0.1427 -0.9144
vn -0.4125 -0.1082 -0.9045
vn -0.4704 -0.0857 -0.8783
vn 0.7397 -0.6169 0.2690
vn 0.4871 -0.8729 0.0278
vn 0.7399 -0.6172 0.2676
vn 0.7901 0.1702 -0.5888
vn 0.6078 -0.2555 0.7519
vn 0.7835 0.2990 -0.5447
vn 0.0686 -0.8261 0.5593
vn -0.2404 -0.5344 -0.8103
vn 0.0492 -0.7894 0.6118
vn 0.2598 0.1501 -0.9539
vn 0.2338 0.1413 -0.9620
vn 0.2786 0.1186 -0.9530
vn 0.9177 -0.3970 0.0126
vn 0.6310 -0.5815 -0.5136
vn 0.7205 -0.4620 -0.5172
vn 0.0739 -0.5235 0.8488
vn 0.3347 -0.6371 0.6943
vn 0.4599 0.6651 0.5883
vn -0.9290 0.2140 0.3018
vn -0.8663 -0.0176 0.4992
vn -0.9608 -0.1133 0.2532
vn 0.4184 0.8542 0.3086
vn 0.3454 0.2134 0.9139
vn -0.6297 0.5425 0.5560
vn -0.0662 -0.2964 0.9528
vn -0.0459 -0.3816 0.9232
vn 0.7745 0.0562 0.6300
vn 0.9157 -0.2119 0.3414
vn 0.8911 0.0430 -0.4517
vn 0.8989 0.0633 -0.4336
vn 0.0054 0.3734 -0.9277
vn -0.0205 0.3845 -0.9229
vn -0.1798 0.2767 -0.9440
vn 0.0825 -0.7074 -0.7020
vn 0.0713 -0.9967 -0.0393
vn 0.1777 -0.9820 -0.0639
vn 0.5308 0.4949 0.6880
vn 0.7863 -0.1569 0.5976
vn 0.8053 -0.1303 0.5784
vn -0.8360 -0.2153 0.5047
vn -0.8870 -0.2302 0.4002
vn -0.6445 -0.0061 0.7646
vn 0.8620 0.2915 -0.4147
vn -0.8373 0.5122 -0.1914
vn -0.9585 -0.2111 -0.1915
vn -0.9363 -0.0121 0.3511
vn -0.9400 -0.0598 -0.3360
vn -0.9727 -0.0939 0.2120
vn -0.6306 0.7229 0.2826
vn -0.4298 0.1033 0.8970
vn -0.4832 0.6910 0.5376
vn -0.0001 -0.5837 -0.8120
vn -0.2239 -0.5727 -0.7886
vn -0.1309 -0.5322 -0.8364
vn -0.6491 -0.5172 -0.5578
vn -0.2717 0.2033 -0.9407
vn -0.1036 0.4860 -0.8678
vn -0.6858 0.6498 0.3279
vn -0.5329 0.3584 0.7665
vn -0.4044 0.2296 0.8853
vn 0.3473 -0.8804 -0.3230
vn -0.9030 -0.3731 -0.2131
vn 0.3354 -0.8030 -0.4926
vn 0.1593 0.9055 0.3933
vn -0.4045 0.5653 0.7189
vn -0.5418 0.4170 0.7297
vn 0.3192 -0.9215 -0.2213
vn -0.5844 -0.7552 -0.2967
vn -0.4187 -0.4686 -0.7779
vn 0.3214 0.7140 0.6221
vn -0.6212 0.6385 -0.4544
vn 0.3198 0.7604 0.5652
vn -0.8799 0.3365 -0.3355
vn -0.9743 0.1632 0.1550
vn -0.5112 -0.2262 0.8292
vn -0.8703 0.4585 0.1797
vn -0.3183 0.9416 0.1098
vn -0.4994 0.8424 0.2026
vn -0.2425 -0.1601 0.9569
vn -0.0873 -0.7339 0.6737
vn -0.1091 -0.7291 0.6757
vn -0.8967 -0.2520 -0.3640
vn -0.9520 -0.1878 -0.2419
vn -0.9011 -0.1158 -0.4179
vn 0.5548 0.8317 0.0206
vn 0.5376 0.8359 0.1105
vn 0.9905 0.1300 -0.0448
vn -0.2119 0.3258 -0.9214
vn 0.0063 0.3978 -0.9174
vn -0.3956 0.5865 -0.7068
vn -0.9991 -0.0412 -0.0032
vn -0.8547 0.2982 -0.4250
vn -0.9965 -0.0673 -0.0486
vn 0.5528 0.1082 0.8263
vn 0.3803 0.7858 0.4878
vn 0.4016 0.7604 0.5103
vn -0.1787 0.9653 -0.1904
vn 0.1419 0.5554 0.8194
vn 0.5110 0.6078 0.6078
vn 0.4923 0.6978 0.5203
vn 0.0710 0.6268 0.7760
vn 0.1024 0.1374 0.9852
vn 0.4091 0.0535 0.9109
vn 0.2279 0.0976 0.9688
vn -0.5402 0.1520 0.8277
vn 0.0808 -0.3394 0.9372
vn 0.0108 -0.1158 0.9932
vn -0.8383 -0.1772 0.5156
vn -0.5004 -0.5599 -0.6604
vn -0.9529 -0.0324 0.3016
vn -0.0690 -0.8998 -0.4308
vn 0.4740 -0.8706 -0.1322
vn 0.5821 -0.6350 -0.5079
vn 0.8975 0.2572 0.3582
vn 0.8533 0.3061 0.4222
vn 0.9164 0.2185 0.3355
vn -0.7624 0.2426 -0.6000
vn -0.6785 -0.0796 -0.7303
vn -0.8094 0.2061 -0.5499
vn -0.8804 -0.0958 0.4644
vn -0.8788 -0.4734 0.0602
vn -0.8547 -0.1883 0.4838
vn 0.0941 -0.2317 0.9682
vn -0.1306 -0.0506 0.9901
vn 0.3763 -0.2296 0.8976
vn -0.8276 -0.5582 0.0591
vn 0.0033 -0.9966 -0.0821
vn -0.2371 -0.8778 0.4162
vn -0.8357 -0.4965 0.2348
vn 0.8814 -0.3162 -0.3510
vn 0.8065 -0.2051 -0.5544
vn 0.5793 0.1435 -0.8024
vn 0.3391 0.8345 0.4343
vn 0.4837 0.8654 0.1309
vn 0.9997 -0.0241 0.0039
vn 0.9540 -0.2945 0.0561
vn -0.4696 0.1328 0.8729
vn -0.5575 0.0888 0.8254
vn -0.4781 0.1240 0.8695
vn 0.8152 0.5489 0.1846
vn 0.1501 0.8439 -0.5151
vn 0.0201 0.8440 -0.5360
vn 0.3403 -0.8059 -0.4845
vn 0.5239 -0.5436 -0.6558
vn 0.2027 -0.8709 -0.4478
vn 0.3055 0.9407 -0.1473
vn -0.0114 0.9991 0.0407
vn 0.8860 0.3890 0.2524
vn 0.5182 -0.0851 -0.8510
vn 0.5290 -0.0763 -0.8452
vn 0.5427 -0.0884 -0.8352
vn -0.9310 0.2172 0.2934
vn -0.9484 0.3075 -0.0778
vn -0.9243 0.0427 -0.3793
vn -0.9723 0.1557 -0.1744
vn -0.5879 0.3835 -0.7122
vn 0.7447 -0.0540 -0.6652
vn 0.6888 -0.0579 -0.7227
vn 0.8435 0.1320 0.5206
vn 0.7024 -0.5812 0.4109
vn 0.7888 -0.5392 0.2950
vn -0.9047 -0.2926 -0.3097
vn -0.8051 -0.4339 -0.4045
vn -0.7944 -0.4110 -0.4472
vn 0.7232 -0.2862 -0.6286
vn 0.7627 -0.6427 -0.0723
vn 0.7441 -0.2390 -0.6239
vn 0.9782 -0.1924 -0.0785
vn 0.8989 -0.3986 -0.1820
vn 0.9620 -0.2422 -0.1261
vn -0.8842 -0.0492 0.4645
vn -0.8710 -0.3517 -0.3430
vn -0.9778 -0.0428 -0.2054
vn 0.3930 -0.0235 -0.9193
vn 0.1615 0.0889 -0.9829
vn 0.4370 -0.5898 -0.6791
vn 0.6353 0.7585 0.1455
vn 0.3122 0.8991 -0.3069
vn 0.6731 0.7300 0.1189
vn 0.4711 0.7997 -0.3722
vn 0.6106 0.6958 -0.3782
vn 0.8162 0.5773 0.0225
vn -0.1595 -0.8412 -0.5167
vn -0.3046 -0.8904 -0.3383
vn -0.7864 0.3224 0.5270
vn -0.8629 0.4732 0.1775
vn -0.7073 0.3426 0.6184
vn 0.0591 0.2299 0.9714
vn 0.7670 -0.5534 0.3247
vn 0.3016 -0.8412 0.4487
vn -0.8491 0.0360 -0.5271
vn -0.7756 -0.3692 -0.5120
vn -0.5025 -0.6555 -0.5638
vn -0.6628 0.7237 0.1921
vn -0.5597 0.7987 0.2209
vn -0.9497 0.1145 -0.2915
vn -0.0874 -0.4444 0.8916
vn 0.2567 -0.9237 0.2845
vn 0.7125 -0.5203 0.4707
vn -0.7740 -0.6217 -0.1200
vn 0.4291 -0.0775 -0.8999
vn 0.5764 -0.7844 -0.2292
vn -0.8426 -0.5300 -0.0952
vn -0.8295 -0.2953 -0.4740
vn -0.8142 -0.3423 -0.4690
vn 0.7584 0.4469 -0.4744
vn 0.5633 -0.8262 0.0028
vn 0.5155 -0.7855 -0.3425
vn 0.3045 0.8889 -0.3423
vn 0.5243 0.8323 0.1798
vn 0.5902 0.7891 0.1706
vn -0.7940 0.1211 0.5958
vn -0.7726 0.0776 0.6302
vn -0.8336 0.1216 0.5389
vn -0.6255 -0.2442 0.7410
vn -0.1645 -0.1823 0.9694
vn -0.8252 -0.2004 0.5280
vn 0.2043 0.8282 -0.5219
vn 0.0028 -0.9955 0.0950
vn 0.0155 -0.9923 0.1227
vn 0.0294 -0.9963 0.0809
vn -0.8153 0.1894 -0.5471
vn -0.8597 0.1788 -0.4786
vn -0.8389 0.0992 -0.5352
vn -0.9633 -0.1309 0.2345
vn -0.3747 -0.6897 -0.6196
vn -0.3146 -0.5713 0.7581
vn -0.8147 0.0690 0.5758
vn -0.5739 0.1042 0.8123
vn -0.5209 0.0364 0.8529
vn -0.2375 -0.1069 0.9655
vn 0.5029 0.6071 0.6152
vn -0.2861 0.8324 -0.4746
vn -0.2749 0.9186 -0.2838
vn -0.5248 0.8285 0.1952
vn 0.1642 -0.9767 0.1383
vn 0.8440 0.4712 -0.2560
vn -0.1434 -0.8170 -0.5585
vn 0.9602 -0.2428 -0.1377
vn 0.2959 0.8336 0.4664
vn 0.9457 -0.2080 -0.2499
vn -0.6530 0.7514 -0.0952
vn -0.6873 0.7045 0.1771
vn -0.9136 0.3018 0.2723
vn -0.3529 0.6725 0.6505
vn -0.5593 -0.6954 -0.4512
vn -0.0574 0.8785 -0.4742
vn -0.8368 -0.0920 -0.5397
vn -0.4877 0.0442 -0.8719
vn -0.5014 -0.0506 -0.8637
vn -0.2506 0.5433 -0.8013
vn -0.5473 0.8207 0.1642
vn -0.5026 0.8459 0.1786
vn -0.5565 0.8179 0.1463
vn -0.7325 -0.0446 -0.6794
vn -0.7321 -0.0519 -0.6792
vn -0.6928 -0.0560 -0.7189
vn -0.4426 0.7605 0.4751
vn 0.7061 0.5538 0.4413
vn 0.6807 0.6315 0.3712
vn -0.5605 -0.1984 -0.8040
vn -0.6417 -0.1141 -0.7584
vn -0.5694 -0.0661 -0.8194
vn 0.7132 -0.5851 0.3860
vn 0.2562 -0.5439 0.7991
vn 0.6722 -0.4023 0.6216
vn -0.6118 0.5246 0.5920
vn -0.6187 0.4936 0.6111
vn -0.4211 0.5652 0.7094
vn 0.7499 0.5314 0.3939
vn 0.7682 0.5394 0.3447
vn 0.7373 0.5829 -0.3415
vn -0.8657 -0.4998 -0.0271
vn -0.8174 -0.5752 -0.0308
vn -0.7618 -0.6443 -0.0668
vn 0.4523 0.6423 0.6188
vn 0.1085 0.9933 -0.0393
vn 0.5823 0.7265 0.3649
vn 0.9435 0.3307 -0.0217
vn 0.3679 -0.9089 -0.1963
vn 0.2625 -0.9587 -0.1091
vn 0.4479 0.4793 0.7547
vn 0.4354 0.8156 0.3811
vn 0.5519 0.4626 0.6938
vn 0.7543 0.6558 -0.0324
vn 0.8238 0.5666 0.0181
vn 0.4377 0.6531 -0.6180
vn -0.5138 -0.7733 0.3716
vn -0.7709 -0.0644 0.6336
vn -0.4431 -0.5903 0.6747
vn 0.5228 -0.4271 0.7377
vn 0.5841 -0.3702 0.7224
vn -0.5219 -0.1059 0.8464
vn 0.9477 0.2895 0.1340
vn 0.8500 -0.3176 -0.4203
vn 0.8054 -0.0738 -0.5882
vn -0.1185 -0.2298 -0.9660
vn -0.0103 -0.2483 -0.9686
vn -0.0364 -0.2345 -0.9714
vn -0.1188 -0.9907 0.0657
vn -0.0025 -0.7370 0.6759
vn 0.8198 0.0296 -0.5719
vn 0.8442 0.0036 -0.5360
vn -0.7233 -0.6850 0.0865
vn 0.7125 -0.6567 -0.2472
vn -0.7300 -0.6791 0.0774
vn -0.4466 0.8205 0.3568
vn -0.8883 -0.4480 -0.1007
vn -0.0467 0.8055 -0.5908
vn -0.5836 0.4645 -0.6661
vn -0.5088 -0.7852 -0.3528
vn -0.6928 0.1604 -0.7030
vn -0.0793 -0.2227 -0.9717
vn -0.0061 -0.2385 -0.9711
vn -0.0665 -0.3189 -0.9454
vn -0.4415 0.4865 0.7539
vn -0.5661 0.3080 0.7646
vn -0.9746 -0.1161 -0.1914
vn -0.0637 -0.8774 0.4755
vn 0.4230 -0.9047 -0.0508
vn 0.5512 -0.8228 -0.1388
vn 0.5567 -0.8286 -0.0585
vn 0.8692 0.1773 0.4616
vn 0.8998 0.1336 0.4153
vn 0.9417 0.2299 -0.2455
vn 0.8620 0.1816 0.4732
vn 0.9808 -0.0322 0.1923
vn 0.4950 -0.8226 0.2797
vn 0.9384 -0.0388 0.3434
vn 0.9706 0.1737 0.1667
vn 0.8876 -0.3044 -0.3458
vn 0.7784 -0.6275 0.0177
vn 0.7617 0.3294 0.5580
vn -0.8070 -0.5582 -0.1928
vn -0.8964 -0.4240 -0.1292
vn -0.4576 -0.8080 -0.3711
vn -0.7523 0.1646 0.6380
vn -0.9658 0.1872 0.1795
vn -0.8303 -0.4835 -0.2770
vn -0.9393 -0.3284 -0.0998
vn 0.7701 -0.4177 0.4822
vn 0.8758 -0.4339 -0.2117
vn -0.5875 -0.7346 0.3394
vn -0.9496 0.3129 -0.0166
vn -0.6146 0.3315 -0.7159
vn -0.6845 0.2284 -0.6923
vn -0.4887 0.3240 0.8101
vn -0.5220 0.8445 0.1196
vn 0.7573 -0.0606 -0.6502
vn 0.7509 -0.0588 -0.6578
vn 0.7415 -0.0607 -0.6681
vn 0.4180 0.7035 0.5748
vn 0.0806 -0.2347 -0.9687
vn 0.1553 -0.2484 -0.9561
vn 0.0342 -0.2440 -0.9692
vn 0.9576 -0.2471 -0.1482
vn 0.9583 -0.1630 -0.2345
vn 0.8749 -0.3194 -0.3642
vn -0.6698 -0.3518 0.6539
vn -0.6610 0.2152 -0.7188
vn -0.6907 0.1174 -0.7136
vn -0.9921 0.1221 -0.0277
vn -0.5612 -0.4899 0.6672
vn 0.4897 -0.5887 0.6432
vn -0.1248 -0.3773 0.9177
vn 0.9758 -0.0737 -0.2060
vn 0.9203 -0.1197 -0.3723
vn 0.9207 -0.0866 -0.3806
vn 0.6390 0.7640 0.0894
vn 0.4730 0.6076 -0.6380
vn 0.6253 0.4595 -0.6307
vn 0.8436 -0.2029 -0.4972
vn 0.7880 -0.2299 -0.5711
vn 0.7391 -0.0601 -0.6709
vn -0.8449 0.0979 0.5259
vn -0.4043 -0.7331 -0.5470
vn -0.4332 -0.8345 -0.3405
vn -0.5500 -0.7285 -0.4084
vn -0.7255 -0.6373 -0.2599
vn -0.7861 -0.5662 -0.2479
vn 0.6061 -0.7881 -0.1077
vn -0.9335 0.3497 -0.0786
vn -0.4900 0.8717 0.0008
vn -0.4589 0.8868 -0.0545
vn 0.6820 0.7105 0.1736
vn 0.8103 0.5740 -0.1182
vn 0.9728 0.0529 -0.2257
vn 0.7617 -0.0512 -0.6459
vn 0.7483 -0.0420 -0.6620
vn 0.5719 0.0775 0.8167
vn 0.5208 0.0838 0.8496
vn 0.5693 0.0752 0.8187
vn -0.9634 0.2665 -0.0299
vn -0.9591 0.2171 -0.1816
vn -0.9882 -0.0466 0.1461
vn -0.3839 0.9233 -0.0134
vn -0.5917 -0.3752 -0.7135
vn -0.4750 0.2871 -0.8318
vn 0.3955 0.1349 0.9085
vn 0.2995 0.1577 0.9410
vn 0.4432 0.1100 0.8897
vn 0.8242 0.0820 -0.5603
vn -0.7301 0.5971 0.3323
vn 0.2397 -0.7177 -0.6538
vn -0.2024 0.8161 0.5412
vn 0.9296 0.0640 0.3629
vn 0.2236 -0.6260 -0.7471
vn 0.3529 0.2495 -0.9018
vn 0.6883 -0.4994 -0.5262
vn 0.0524 -0.2224 -0.9735
vn 0.0660 -0.2115 -0.9751
vn 0.0068 -0.2338 -0.9722
vn 0.6001 0.1249 -0.7901
vn 0.4503 -0.4515 -0.7703
vn 0.7682 0.0386 0.6390
vn 0.7465 0.0539 0.6632
vn 0.8612 0.0371 0.5068
vn -0.1794 -0.0705 0.9812
vn 0.7804 0.0522 0.6231
vn -0.1356 0.0617 0.9888
vn -0.0171 0.9959 0.0892
vn -0.1153 0.7670 0.6312
vn 0.1542 0.8795 0.4502
vn -0.4091 -0.0620 -0.9104
vn -0.1969 0.1088 -0.9744
vn -0.5402 -0.3540 -0.7635
vn 0.5504 -0.8017 0.2330
vn 0.5385 -0.8286 0.1532
vn 0.7934 -0.2363 0.5610
vn -0.1162 -0.9897 -0.0842
vn -0.1147 -0.9373 0.3291
vn -0.0721 -0.9820 0.1746
vn -0.7390 0.6717 0.0525
vn -0.7775 0.1252 -0.6163
vn -0.9993 0.0346 -0.0164
vn 0.5747 -0.2424 -0.7816
vn 0.7905 0.1907 -0.5820
vn 0.6750 -0.7377 0.0131
vn 0.7014 -0.7070 0.0902
vn 0.7072 -0.7060 -0.0380
vn 0.7998 -0.5703 0.1874
vn -0.0221 -0.7506 0.6604
vn -0.1928 -0.7889 0.5835
vn 0.6208 -0.1091 0.7763
vn -0.4668 -0.8571 0.2179
vn -0.0733 -0.9971 0.0182
vn -0.6475 0.0331 0.7613
vn 0.4473 -0.1861 -0.8748
vn -0.1823 0.7982 -0.5742
vn -0.3519 -0.8731 -0.3374
vn 0.0374 -0.9415 0.3349
vn 0.0583 -0.9465 0.3175
vn 0.1391 -0.4995 0.8551
vn 0.3503 -0.0624 0.9346
vn 0.6928 0.4803 0.5379
vn 0.5751 0.7274 0.3742
vn -0.1357 -0.0155 -0.9906
vn -0.4242 -0.0889 -0.9012
vn -0.3673 -0.0572 -0.9283
vn -0.4152 -0.7905 -0.4503
vn -0.4955 -0.8239 -0.2751
vn -0.4255 -0.8168 -0.3897
vn 0.9023 -0.1730 -0.3948
vn 0.9511 -0.1190 -0.2849
vn 0.9697 -0.0714 -0.2338
vn 0.9484 0.0541 0.3124
vn 0.6444 0.7645 -0.0177
vn 0.2378 0.9158 -0.3236
vn 0.3879 -0.4814 -0.7860
vn 0.7885 -0.5570 -0.2607
vn 0.8110 -0.5599 -0.1697
vn 0.8755 -0.4529 -0.1683
vn 0.4577 0.8890 -0.0101
vn 0.2600 -0.4565 0.8509
vn -0.3433 -0.2026 0.9171
vn -0.5747 0.8080 0.1295
vn -0.7089 -0.3483 0.6133
vn -0.8394 0.5129 0.1798
vn -0.2395 -0.4300 -0.8705
vn 0.1732 -0.8233 -0.5405
vn 0.6856 -0.6274 -0.3692
vn 0.9998 -0.0157 0.0082
vn 0.9683 0.1706 0.1824
vn 0.9893 0.0798 0.1224
vn 0.9958 -0.0385 -0.0832
vn 0.6937 -0.1006 -0.7132
vn 0.6474 -0.0785 -0.7581
vn 0.5884 -0.0922 -0.8033
vn 0.7480 0.3262 -0.5780
vn -0.0839 0.9760 -0.2011
vn -0.0609 0.9940 -0.0913
vn -0.7469 -0.0574 -0.6624
vn -0.7874 -0.0225 -0.6161
vn 0.3055 -0.0308 -0.9517
vn -0.8785 -0.0792 -0.4711
vn -0.9095 -0.3075 -0.2797
vn -0.9820 -0.1490 -0.1159
vn 0.1210 -0.0231 0.9924
vn 0.2060 -0.0969 0.9737
vn 0.1540 0.9686 0.1951
vn 0.1992 0.9740 0.1079
vn 0.0250 0.9391 -0.3426
vn 0.4412 -0.7672 0.4656
vn -0.4400 0.7666 0.4676
vn -0.2986 0.8731 0.3855
vn 0.9756 0.2076 0.0720
vn -0.8525 0.0491 -0.5205
vn 0.1566 -0.2003 -0.9671
vn -0.1637 -0.9542 0.2505
vn 0.4901 -0.5628 -0.6656
vn -0.0893 -0.9933 -0.0734
vn -0.4849 -0.5849 -0.6502
vn 0.6324 0.7622 0.1384
vn 0.6600 0.1096 0.7432
vn 0.9240 0.3754 0.0728
vn 0.2348 0.2043 0.9503
vn 0.2739 0.1897 0.9428
vn 0.3450 0.1593 0.9250
vn 0.9181 0.0447 0.3938
vn 0.9111 -0.1407 0.3873
vn 0.9849 -0.1376 -0.1047
vn 0.6443 -0.0572 -0.7626
vn 0.6267 -0.0673 -0.7763
vn 0.6191 -0.0636 -0.7827
vn -0.9816 0.1701 0.0869
vn -0.8169 0.2958 0.4952
vn -0.4557 0.0463 0.8889
vn -0.4473 0.5212 -0.7269
vn -0.5442 0.6068 -0.5794
vn -0.1144 0.2208 -0.9686
vn -0.3634 0.5962 0.7159
vn 0.5278 0.3226 0.7857
vn 0.1935 0.3286 0.9244
vn -0.8416 0.5351 -0.0733
vn -0.8270 0.5491 -0.1208
vn -0.9261 0.3609 -0.1095
vn 0.9945 -0.1037 0.0146
vn 0.7483 -0.1396 0.6485
vn 0.8712 0.4478 0.2012
vn 0.6488 -0.6793 0.3429
vn 0.7887 -0.5866 -0.1839
vn 0.7059 -0.6799 -0.1985
vn -0.0018 -0.5269 -0.8499
vn -0.0709 -0.7143 -0.6963
vn 0.5142 -0.7807 0.3550
vn 0.3993 -0.8430 0.3605
vn -0.6274 -0.7585 -0.1762
vn -0.7329 -0.6424 0.2241
vn -0.6859 -0.7257 0.0541
vn 0.2508 0.8149 -0.5225
vn 0.9180 0.1861 -0.3503
vn 0.4808 0.0145 0.8767
vn 0.4519 -0.8892 -0.0711
vn -0.6965 0.6862 0.2097
vn -0.9761 -0.0344 0.2145
vn -0.9795 -0.0429 0.1970
vn -0.7319 -0.0780 0.6770
vn -0.1014 -0.7696 0.6304
vn 0.0354 -0.8258 0.5629
vn -0.7430 0.6016 0.2933
vn -0.2065 0.7275 0.6543
vn 0.5529 0.8192 0.1525
vn -0.1278 0.9539 -0.2714
vn 0.3724 0.8034 -0.4647
vn 0.9409 0.3388 -0.0055
vn 0.7425 0.4733 -0.4739
vn 0.9626 0.2625 -0.0676
vn 0.8693 0.0081 -0.4942
vn 0.9465 -0.3226 -0.0115
vn 0.9175 0.3068 -0.2532
vn 0.9601 -0.1050 -0.2594
vn 0.9757 -0.0806 -0.2039
vn 0.6250 -0.7097 -0.3251
vn -0.0623 0.9944 0.0849
vn 0.8466 -0.4063 -0.3437
vn -0.5852 -0.7323 -0.3483
vn -0.6092 -0.7755 -0.1659
vn -0.7307 -0.5683 -0.3784
vn 0.9491 -0.1191 0.2915
vn 0.6197 -0.7749 0.1246
vn 0.9663 -0.1194 0.2282
vn 0.3042 -0.9362 -0.1760
vn 0.5158 -0.5685 -0.6409
vn 0.5356 -0.8356 -0.1218
vn -0.4938 0.6466 -0.5814
vn 0.8145 0.2716 -0.5127
vn -0.2097 0.7279 -0.6528
vn 0.9744 -0.2232 0.0287
vn 0.9189 -0.3073 0.2474
vn 0.9434 0.1020 -0.3157
vn 0.3993 0.7351 -0.5479
vn 0.9805 0.1027 -0.1676
vn -0.2123 0.8304 -0.5151
vn -0.3773 0.7764 -0.5048
vn -0.4848 0.8733 0.0483
vn -0.1109 -0.7872 -0.6067
vn -0.4925 -0.7689 -0.4077
vn 0.7784 -0.6276 -0.0098
vn -0.5609 -0.8057 -0.1904
vn -0.5296 -0.8256 -0.1948
vn 0.3444 -0.8664 -0.3617
vn -0.3387 -0.8315 0.4404
vn -0.2776 -0.8273 0.4884
vn 0.1453 -0.4816 0.8643
vn -0.6528 0.4569 0.6043
vn -0.5728 0.3888 0.7216
vn -0.9148 0.3013 0.2688
vn 0.3570 0.1932 -0.9139
vn -0.7668 0.5026 -0.3992
vn 0.1589 -0.1851 -0.9698
vn -0.9864 0.0318 -0.1611
vn -0.8363 0.5349 0.1203
vn 0.0156 0.5898 -0.8074
vn 0.2602 -0.3125 -0.9136
vn 0.3910 -0.4173 -0.8203
vn -0.2896 0.2368 -0.9274
vn 0.5780 0.7679 -0.2762
vn -0.1914 0.6725 0.7149
vn -0.1408 0.5451 0.8265
vn -0.1575 0.6508 -0.7427
vn -0.3815 -0.1412 -0.9135
vn -0.5227 -0.0828 -0.8485
vn -0.5139 -0.0898 -0.8531
vn -0.7437 0.5890 -0.3162
vn 0.5526 0.5839 -0.5947
vn -0.6575 0.0649 -0.7507
vn -0.7038 -0.0104 0.7104
vn -0.6563 -0.6769 0.3334
vn -0.6528 -0.6639 0.3650
vn -0.9314 -0.3564 -0.0741
vn -0.5335 -0.8173 -0.2178
vn -0.5055 -0.8132 -0.2885
vn 0.0045 -0.6418 -0.7669
vn 0.0556 0.4859 -0.8723
vn -0.9620 0.2169 0.1657
vn 0.3374 0.8734 0.3512
vn 0.4067 0.7999 0.4414
vn -0.1999 0.8503 -0.4869
vn -0.0221 0.9204 -0.3903
vn 0.7751 -0.0993 -0.6240
vn 0.8865 -0.2147 -0.4098
vn 0.9134 -0.2920 -0.2835
vn -0.6574 -0.0657 0.7507
vn -0.9055 -0.1458 0.3984
vn 0.9959 0.0861 -0.0261
vn -0.2493 0.9185 0.3070
vn 0.8960 0.4099 0.1710
vn 0.7438 0.4748 -0.4704
vn 0.1568 -0.5742 -0.8035
vn 0.8547 0.4482 -0.2621
vn 0.4619 0.7297 0.5042
vn -0.6579 -0.7521 -0.0375
vn -0.8809 -0.2313 -0.4129
vn 0.7631 -0.6393 -0.0948
vn 0.9559 0.2651 0.1266
vn 0.9131 0.0620 -0.4030
vn 0.9330 0.3483 -0.0907
vn -0.8612 -0.5027 -0.0750
vn -0.3588 -0.5835 0.7286
vn -0.2361 -0.3265 0.9152
vn -0.4264 0.8961 -0.1232
vn 0.1531 0.9793 -0.1327
vn 0.1204 0.9667 -0.2260
vn 0.3726 0.8781 -0.3002
vn 0.2226 0.9511 -0.2142
vn 0.1999 0.9734 -0.1117
vn 0.4722 -0.1086 -0.8748
vn 0.4656 -0.1049 -0.8788
vn 0.3783 -0.1470 -0.9140
vn -0.3061 0.1639 0.9378
vn -0.0716 -0.5370 0.8405
vn -0.1836 -0.3735 0.9093
vn -0.0251 -0.2091 -0.9776
vn -0.0864 -0.2136 -0.9731
vn -0.1396 -0.1906 -0.9717
vn -0.9736 -0.2281 0.0025
vn -0.7543 0.0406 0.6552
vn -0.9919 -0.0455 0.1190
vn 0.3311 -0.9034 0.2723
vn -0.9825 -0.1438 0.1188
vn 0.4617 -0.7937 0.3960
vn 0.0153 -0.6189 0.7853
vn 0.3186 0.7183 -0.6184
vn -0.8713 -0.0850 -0.4834
vn -0.3174 -0.5477 0.7741
vn 0.5686 0.1745 0.8039
vn -0.2081 0.5141 0.8321
vn -0.5027 0.3835 0.7747
vn 0.1350 -0.6993 0.7020
vn 0.1514 -0.7188 0.6785
vn -0.0256 -0.9994 -0.0221
vn -0.7694 0.3402 0.5406
vn -0.8098 0.3411 0.4774
vn -0.8620 0.2898 0.4159
vn -0.8986 0.4215 0.1217
vn -0.7436 0.6671 -0.0441
vn -0.9989 0.0271 0.0392
vn -0.2738 -0.2329 0.9332
vn 0.6237 0.1752 0.7618
vn -0.2467 0.5122 0.8227
vn -0.4840 -0.8098 0.3317
vn -0.7462 -0.4212 0.5155
vn -0.8649 -0.4761 0.1588
vn -0.1193 -0.6008 -0.7904
vn -0.4650 -0.3044 -0.8313
vn 0.0243 0.4509 -0.8922
vn 0.7593 -0.1580 0.6313
vn 0.5821 -0.3720 0.7230
vn -0.8291 0.5576 0.0406
vn -0.3751 0.8476 -0.3752
vn 0.4872 0.8668 0.1062
vn 0.0219 0.3450 -0.9383
vn 0.0374 0.5342 -0.8445
vn 0.9787 0.0514 -0.1990
vn 0.9825 -0.0539 0.1783
vn 0.7679 -0.5418 -0.3417
vn 0.6110 -0.4924 -0.6199
vn 0.5941 -0.4540 -0.6641
vn 0.7121 -0.4266 -0.5576
vn 0.7969 0.5798 0.1694
vn 0.0111 0.4019 0.9156
vn 0.8813 -0.3021 0.3634
vn 0.0114 0.3796 -0.9251
vn 0.1983 0.0727 -0.9774
vn 0.0075 0.3040 -0.9526
vn -0.7035 0.5481 -0.4525
vn -0.1718 0.6345 -0.7536
vn -0.6581 0.6113 -0.4396
vn 0.0068 0.3900 -0.9208
vn 0.0128 0.3836 -0.9234
vn 0.0242 0.3824 -0.9237
vn -0.2566 0.0515 0.9651
vn 0.8426 -0.0190 0.5382
vn 0.6118 -0.1025 0.7843
vn 0.4401 -0.8636 0.2461
vn 0.7397 -0.6496 0.1757
vn 0.4376 -0.8900 0.1278
vn 0.8907 0.0921 -0.4451
vn 0.8316 0.0292 -0.5547
vn 0.8104 0.2179 0.5439
vn 0.8463 -0.4808 0.2295
vn 0.6725 0.1574 0.7231
vn -0.3707 -0.7424 -0.5581
vn -0.6155 0.0941 -0.7825
vn 0.1875 -0.2491 -0.9502
vn -0.6844 -0.7187 -0.1229
vn -0.8132 -0.5668 0.1319
vn -0.3901 0.5412 -0.7449
vn 0.0817 -0.9966 -0.0123
vn 0.2382 -0.8279 0.5078
vn 0.7658 0.6420 0.0383
vn 0.7020 0.7096 0.0607
vn -0.4598 0.5709 0.6802
vn 0.4903 -0.7507 0.4428
vn 0.0659 -0.9969 0.0434
vn -0.2927 -0.3211 -0.9007
vn -0.3265 -0.8057 -0.4942
vn -0.0172 -0.4666 -0.8843
vn -0.8076 0.0702 -0.5855
vn -0.7538 0.4735 -0.4556
vn -0.7607 0.5593 -0.3295
vn -0.2004 0.7826 -0.5893
vn 0.2044 0.9495 0.2380
vn 0.1242 0.9777 -0.1693
vn -0.7865 0.0553 0.6151
vn -0.7935 0.0599 0.6056
vn -0.7548 0.0571 0.6535
vn -0.1982 0.8501 0.4879
vn -0.0572 0.7106 0.7012
vn 0.1214 0.7627 0.6352
vn 0.8263 -0.5549 0.0965
vn 0.8439 -0.0451 0.5346
vn 0.7419 -0.6290 0.2322
vn -0.8214 0.0449 0.5686
vn -0.5531 -0.6779 0.4844
vn -0.2875 0.9539 -0.0860
vn 0.5162 0.4670 -0.7180
vn 0.8939 0.4243 -0.1442
vn 0.9136 0.3170 -0.2547
vn -0.0071 -0.5738 0.8190
vn -0.8737 0.4537 -0.1752
vn -0.6242 0.7320 0.2730
vn -0.8773 0.4117 0.2467
vn -0.2541 0.1399 -0.9570
vn -0.2779 0.9568 -0.0852
vn 0.1757 0.9670 0.1846
vn 0.4697 0.8643 -0.1796
vn -0.4730 -0.8405 -0.2641
vn 0.3784 -0.8940 -0.2399
vn 0.3008 -0.8917 -0.3382
vn -0.7106 0.2188 0.6687
vn 0.9411 0.3191 -0.1114
vn 0.5694 0.8180 -0.0814
vn 0.9490 0.3049 -0.0808
vn 0.2845 0.9474 0.1467
vn 0.0594 0.9820 0.1792
vn -0.0074 0.2328 -0.9725
vn 0.8053 0.0188 -0.5926
vn 0.9718 0.1493 -0.1825
vn 0.9184 0.2861 -0.2732
vn 0.5067 0.5120 -0.6936
vn 0.2471 0.3845 -0.8894
vn -0.3997 0.0943 -0.9118
vn 0.5880 0.0280 0.8083
vn -0.7234 -0.1021 0.6828
vn 0.1418 0.8699 0.4723
vn 0.4764 0.8209 -0.3150
vn 0.9605 0.2277 -0.1598
vn -0.6609 -0.7116 -0.2387
vn -0.8560 0.4310 0.2855
vn 0.0788 0.9736 -0.2141
vn -0.8967 0.4000 -0.1895
vn -0.7605 0.6352 -0.1348
vn -0.7326 -0.5369 -0.4184
vn -0.7864 -0.5588 -0.2632
vn -0.7412 -0.6291 -0.2343
vn -0.8139 0.3422 -0.4695
vn 0.4531 0.8021 -0.3891
vn 0.4469 0.7468 -0.4924
vn -0.4427 0.8059 0.3931
vn 0.3068 0.9306 0.1998
vn -0.3589 0.9265 0.1131
vn 0.7288 -0.6843 -0.0251
vn -0.5542 -0.8324 0.0068
vn 0.4356 -0.8928 -0.1150
vn -0.1464 -0.1666 -0.9751
vn -0.8232 0.3748 0.4266
vn -0.9653 0.1908 0.1781
vn -0.6349 0.6812 -0.3645
vn -0.9894 -0.1160 0.0875
vn -0.7755 -0.1690 0.6083
vn -0.9885 0.0050 0.1511
vn 0.1706 -0.4644 -0.8690
vn 0.0427 -0.8999 0.4340
vn 0.9022 -0.4253 0.0721
vn 0.8896 -0.3516 -0.2915
vn -0.6725 -0.5806 0.4591
vn -0.9072 -0.2880 0.3066
vn -0.5025 -0.7477 0.4341
vn -0.0900 -0.1824 0.9791
vn 0.6248 -0.0814 0.7765
vn -0.0044 -0.9981 0.0607
vn -0.0046 -0.7375 -0.6753
vn -0.0023 -0.9960 0.0889
vn -0.1636 -0.6310 -0.7584
vn -0.4332 -0.7477 -0.5032
vn -0.3455 -0.5383 -0.7687
vn 0.6662 0.5468 -0.5071
vn 0.3159 0.8259 -0.4670
vn 0.0560 0.8522 -0.5203
vn -0.6853 0.7248 -0.0704
vn -0.4900 0.8150 -0.3093
vn 0.2708 0.1703 -0.9475
vn -0.9819 0.1896 0.0030
vn -0.9717 0.2266 0.0663
vn -0.9857 0.1507 0.0756
vn 0.2510 -0.6813 -0.6876
vn 0.1840 -0.0122 -0.9829
vn 0.0038 0.0283 -0.9996
vn -0.6165 0.7807 0.1021
vn -0.0907 0.8469 -0.5239
vn 0.2517 -0.3577 0.8993
vn -0.2765 -0.3921 0.8774
vn -0.7685 0.6105 0.1916
vn 0.3853 0.9053 -0.1787
vn -0.6523 0.7086 -0.2691
vn -0.6811 0.6222 -0.3859
vn -0.8549 0.3740 0.3596
vn -0.7133 0.0342 0.7000
vn -0.0382 0.0903 0.9952
vn -0.0216 -0.0358 0.9991
vn 0.6419 -0.7412 -0.1963
vn -0.6760 -0.5270 0.5151
vn 0.2368 -0.9714 0.0177
vn -0.4475 0.7076 -0.5469
vn -0.7712 0.5998 -0.2131
vn -0.6657 0.6462 -0.3733
vn -0.8800 -0.3688 -0.2993
vn -0.6458 -0.6311 -0.4296
vn -0.9188 0.2444 0.3100
vn -0.6262 -0.1921 0.7556
vn -0.9812 0.1446 0.1279
vn -0.4487 -0.5244 -0.7237
vn -0.7299 -0.6682 -0.1441
vn 0.6931 0.0687 0.7176
vn 0.6923 0.0319 0.7209
vn 0.7473 0.0761 0.6602
vn -0.2695 -0.1377 0.9531
vn -0.2235 -0.1651 0.9606
vn -0.7294 -0.5839 -0.3565
vn -0.9254 -0.0977 -0.3662
vn 0.2707 0.1037 -0.9571
vn -0.6991 0.4440 -0.5605
vn -0.7676 0.3908 -0.5080
vn 0.0886 0.9906 -0.1042
vn 0.3427 0.7593 -0.5532
vn 0.3620 -0.6806 -0.6369
vn 0.3224 -0.6217 -0.7138
vn -0.1715 -0.2118 -0.9622
vn -0.2462 -0.1820 -0.9520
vn -0.2447 -0.1938 -0.9500
vn -0.7527 0.6562 0.0535
vn -0.5315 -0.0126 -0.8470
vn -0.8203 -0.5646 -0.0910
vn 0.1618 0.2306 -0.9595
vn -0.6540 -0.1852 0.7334
vn -0.8294 0.0747 0.5536
vn -0.8077 -0.5231 0.2720
vn 0.6581 0.1075 -0.7452
vn 0.5743 -0.5245 -0.6286
vn -0.2036 -0.1297 0.9704
vn -0.1819 -0.7791 0.5999
vn -0.2437 -0.1281 0.9614
vn 0.9342 -0.1221 0.3353
vn 0.9881 0.1158 -0.1009
vn 0.9869 -0.1384 -0.0824
vn 0.1996 -0.2098 -0.9571
vn 0.0769 -0.2323 -0.9696
vn -0.9552 0.0785 -0.2853
vn -0.4546 0.4203 -0.7853
vn -0.7894 0.0027 0.6138
vn 0.2088 -0.6861 0.6969
vn -0.6093 -0.1423 0.7801
vn 0.9736 -0.2206 0.0588
vn 0.6551 -0.3393 0.6751
vn 0.9907 -0.1052 -0.0858
vn -0.3450 -0.9318 -0.1123
vn -0.2830 -0.9588 -0.0258
vn -0.2717 -0.3064 -0.9123
vn 0.0560 -0.9982 -0.0216
vn -0.0031 -0.9987 0.0501
vn 0.1187 -0.9883 0.0953
vn 0.9594 -0.2275 0.1668
vn 0.9002 -0.3101 0.3058
vn -0.0153 -0.2222 0.9749
vn 0.9811 0.0319 0.1911
vn 0.4580 -0.8811 0.1179
vn 0.0242 0.9930 -0.1157
vn -0.0125 0.9594 -0.2817
vn -0.0050 0.9927 -0.1206
vn -0.0195 0.9995 -0.0229
vn 0.3655 0.8039 0.4691
vn -0.7697 -0.6203 0.1510
vn -0.1442 -0.9617 0.2332
vn -0.2022 -0.6657 -0.7183
vn -0.4301 -0.9009 0.0580
vn -0.1067 -0.9927 0.0564
vn 0.8005 0.5642 0.2021
vn 0.7003 0.5105 -0.4991
vn -0.9667 0.2242 0.1237
vn -0.8373 0.5289 0.1385
vn 0.5234 0.8440 0.1171
vn 0.9429 0.2682 -0.1976
vn 0.9958 0.0864 -0.0294
vn 0.9369 0.2005 -0.2863
vn 0.7060 -0.6580 0.2620
vn -0.4435 -0.8754 0.1923
vn 0.8867 -0.3380 0.3153
vn 0.5470 -0.8343 0.0688
vn 0.0355 0.2060 0.9779
vn -0.0031 -0.2877 0.9577
vn -0.0614 0.7474 0.6615
vn 0.4866 0.1007 0.8678
vn 0.7671 0.3675 0.5258
vn 0.7631 0.4079 0.5013
vn 0.9351 -0.3231 -0.1458
vn 0.7166 0.6975 0.0070
vn -0.8597 0.4113 0.3030
vn 0.4358 0.1268 0.8911
vn 0.3135 0.1756 0.9332
vn -0.0129 -0.1138 0.9934
vn -0.0270 -0.2982 0.9541
vn -0.2260 0.2010 0.9532
vn -0.0092 0.9997 0.0220
vn -0.0043 0.9939 -0.1098
vn 0.0399 0.9913 0.1251
vn 0.4223 -0.9021 0.0890
vn 0.9836 0.1649 0.0729
vn 0.9132 -0.4048 0.0459
vn -0.1195 0.9657 0.2307
vn -0.2290 0.9423 0.2443
vn 0.0589 0.9703 0.2345
vn 0.0192 -0.9984 0.0525
vn -0.8277 -0.2163 -0.5178
vn -0.7221 -0.6908 0.0374
vn 0.0828 0.2587 0.9624
vn 0.1648 -0.1727 0.9711
vn 0.5831 0.3783 0.7189
vn -0.2897 0.9441 0.1572
vn -0.3991 0.9111 0.1034
vn -0.5302 0.8333 0.1564
vn 0.9938 -0.0680 -0.0878
vn 0.9313 -0.3640 -0.0159
vn -0.1042 -0.8549 -0.5082
vn -0.6252 0.0870 -0.7756
vn -0.8418 0.0930 -0.5317
vn -0.0455 0.9967 -0.0671
vn -0.0084 0.9657 -0.2595
vn -0.0123 0.9957 -0.0913
vn -0.6745 0.3963 -0.6229
vn -0.6422 0.5591 -0.5244
vn 0.9038 0.2921 0.3127
vn 0.6813 0.6733 -0.2872
vn 0.4008 0.9148 -0.0500
vn -0.8285 0.1338 -0.5438
vn -0.6091 0.7822 -0.1308
vn 0.5977 -0.8015 -0.0158
vn 0.5962 -0.8010 -0.0549
vn 0.6903 -0.7084 -0.1473
vn -0.9651 -0.0153 -0.2615
vn 0.1029 -0.1378 0.9851
vn 0.1380 -0.1546 0.9783
vn -0.9920 0.0789 -0.0990
vn -0.9854 0.0411 0.1651
vn -0.4883 -0.7859 -0.3793
vn -0.8150 0.3370 -0.4715
vn -0.0572 0.9915 -0.1164
vn 0.3687 0.9155 0.1609
vn -0.0500 0.8549 -0.5164
vn 0.2466 0.8893 -0.3852
vn 0.0996 0.6995 -0.7076
vn 0.9348 0.1462 -0.3238
vn 0.8422 -0.4111 0.3488
vn 0.8742 0.0731 -0.4800
vn 0.6126 -0.0899 -0.7853
vn -0.6220 -0.3403 -0.7052
vn -0.6836 -0.3221 -0.6550
vn 0.2154 -0.1604 0.9633
vn 0.0862 -0.0329 0.9957
vn -0.9663 -0.2569 -0.0146
vn -0.6655 -0.0611 -0.7439
vn -0.9862 -0.1655 0.0057
vn -0.8198 0.5211 0.2373
vn -0.0632 0.6385 0.7671
vn 0.1102 -0.5473 0.8297
vn 0.1164 -0.5949 0.7953
vn -0.9060 0.1406 0.3993
vn 0.0367 0.1581 0.9867
vn -0.1979 0.2303 0.9528
vn -0.7100 -0.5927 0.3803
vn 0.0257 -0.5999 0.7997
vn -0.1094 -0.4022 0.9090
vn 0.3380 -0.2111 0.9171
vn 0.8712 -0.4824 0.0913
vn 0.9058 -0.3379 0.2558
vn -0.0045 0.2586 0.9660
vn -0.0624 0.2502 0.9662
vn 0.0067 0.2578 0.9662
vn -0.7630 0.5886 0.2674
vn 0.0359 0.6291 0.7765
vn -0.9601 -0.0453 0.2759
vn 0.4320 -0.9011 0.0370
vn 0.7538 0.0727 0.6531
vn 0.7346 0.0483 0.6767
vn -0.5120 0.7989 0.3158
vn -0.4089 0.9051 0.1165
vn -0.2771 0.0223 0.9606
vn -0.7062 0.6775 0.2054
vn -0.5442 -0.0688 -0.8362
vn -0.5578 0.8102 -0.1799
vn 0.5146 0.8119 -0.2757
vn 0.5323 0.7525 -0.3877
vn -0.3838 -0.9192 0.0884
vn -0.4743 -0.8780 -0.0648
vn -0.6833 -0.6579 0.3166
vn -0.9011 -0.4061 0.1519
vn -0.8299 -0.3391 -0.4431
vn -0.8555 0.3794 0.3523
vn 0.8481 0.5004 0.1739
vn -0.2202 -0.7552 0.6174
vn 0.0223 -0.5679 0.8228
vn 0.0635 -0.5799 0.8122
vn -0.6239 -0.6226 0.4724
vn -0.8731 -0.2691 -0.4066
vn -0.8895 -0.1885 -0.4163
vn -0.8543 -0.3016 -0.4234
vn -0.0735 0.9807 0.1809
vn 0.0083 0.9931 0.1173
vn -0.1618 0.9793 0.1212
vn 0.5201 -0.0845 -0.8499
vn 0.5522 -0.0752 -0.8303
vn -0.3464 -0.8308 -0.4356
vn -0.2205 0.9724 0.0766
vn -0.8967 -0.2566 -0.3606
vn -0.9645 -0.2640 0.0032
vn -0.6430 -0.6120 0.4604
vn -0.4164 -0.5809 0.6995
vn 0.0751 -0.6069 0.7912
vn 0.3737 -0.7289 0.5737
vn -0.3572 -0.1071 -0.9279
vn 0.7636 0.3419 -0.5477
vn -0.7009 0.4637 0.5420
vn -0.7770 0.4018 0.4846
vn -0.6075 0.4445 0.6583
vn 0.6131 -0.0710 -0.7868
vn 0.5452 -0.0839 -0.8341
vn 0.5631 -0.0774 -0.8228
vn -0.9821 -0.0191 0.1874
vn -0.9781 -0.1989 0.0616
vn -0.9777 -0.1434 0.1532
vn 0.7756 -0.4473 0.4455
vn -0.5232 -0.8349 -0.1708
vn -0.7836 -0.5409 0.3057
vn -0.4135 -0.8843 0.2168
vn -0.6684 -0.0461 -0.7424
vn -0.6708 -0.0695 -0.7383
vn -0.7559 -0.0520 -0.6526
vn -0.7701 0.4246 -0.4761
vn -0.8294 0.3185 -0.4589
vn -0.8412 0.3031 -0.4477
vn -0.7387 0.0844 0.6687
vn -0.6859 -0.0270 -0.7272
vn -0.8307 -0.1331 -0.5405
vn -0.9167 0.3023 0.2613
vn -0.3890 0.6213 0.6801
vn -0.7364 -0.6269 -0.2543
vn -0.4581 -0.0903 -0.8843
vn -0.3816 -0.7737 -0.5058
vn 0.5945 0.1397 -0.7919
vn 0.5232 0.0141 -0.8521
vn 0.0074 0.3790 -0.9254
vn 0.3961 -0.0295 -0.9177
vn 0.5981 -0.7282 -0.3348
vn 0.5253 -0.4584 -0.7169
vn -0.3391 0.9268 0.1612
vn -0.8936 0.1172 -0.4334
vn 0.3189 0.1034 -0.9421
vn -0.0581 0.9983 -0.0054
vn -0.4197 0.9051 0.0684
vn -0.7628 0.6465 0.0151
vn 0.2211 -0.1163 -0.9683
vn 0.1612 -0.9089 -0.3846
vn 0.5205 -0.0768 -0.8504
vn -0.2840 0.0184 0.9587
vn -0.3745 0.6220 0.6876
vn -0.2177 0.6245 0.7500
vn -0.0838 0.2226 0.9713
vn 0.7471 -0.0852 -0.6593
vn 0.9795 -0.2013 -0.0039
vn 0.9937 -0.1109 -0.0165
vn -0.9997 0.0048 -0.0258
vn -0.8208 -0.0053 0.5712
vn 0.8209 0.5659 -0.0767
vn 0.7890 0.6051 -0.1065
vn 0.7700 0.6366 0.0434
vn -0.9327 -0.2705 -0.2384
vn -0.9481 0.2228 -0.2267
vn -0.6994 -0.5707 -0.4304
vn 0.6130 0.1846 -0.7682
vn -0.1139 0.4006 -0.9092
vn 0.1497 -0.6702 -0.7270
vn 0.0570 -0.4984 -0.8651
vn -0.5366 -0.5670 0.6249
vn -0.4749 -0.4500 0.7562
vn -0.0225 -0.4422 0.8966
vn -0.2810 -0.2849 0.9165
vn 0.1956 0.1218 0.9731
vn 0.5855 -0.3160 0.7465
vn 0.5287 -0.8202 0.2185
vn -0.7779 -0.1787 -0.6024
vn -0.8960 -0.1256 -0.4260
vn -0.8746 -0.2018 -0.4408
vn -0.6300 0.0120 0.7765
vn -0.5910 0.7431 -0.3139
vn -0.8642 0.2332 -0.4458
vn 0.5625 0.2437 0.7901
vn 0.0479 0.0771 0.9959
vn 0.7287 0.1274 0.6729
vn -0.5649 -0.0775 -0.8215
vn -0.5087 -0.0815 -0.8571
vn 0.3044 0.6458 0.7002
vn 0.5067 0.7332 0.4535
vn 0.5096 0.3001 -0.8064
vn -0.1169 -0.9930 0.0140
vn -0.5828 -0.8100 0.0642
vn -0.3734 -0.8763 0.3042
vn -0.9315 0.0663 -0.3575
vn -0.9191 -0.3894 0.0604
vn -0.0049 -0.3831 0.9237
vn 0.2834 0.4155 0.8644
vn -0.3407 0.4713 0.8135
vn -0.1692 0.0822 0.9822
vn 0.9726 -0.1635 -0.1651
vn 0.9006 0.3937 0.1844
vn -0.9075 -0.0899 -0.4104
vn -0.7253 0.1241 -0.6772
vn -0.7581 0.0108 -0.6520
vn -0.0105 0.4558 -0.8900
vn 0.0313 0.5137 -0.8574
vn 0.0051 0.5866 -0.8099
vn 0.3131 -0.7009 0.6408
vn -0.6621 -0.6804 0.3140
vn -0.5666 -0.6909 0.4490
vn -0.4511 0.3280 0.8300
vn -0.7460 -0.3627 0.5584
vn 0.1076 0.6958 0.7102
vn 0.0284 0.6841 0.7288
vn 0.2011 0.6114 0.7653
vn 0.1871 0.8138 0.5502
vn -1.0000 -0.0066 -0.0002
vn -0.8985 -0.3837 -0.2132
vn -0.7997 -0.5228 0.2951
vn -0.6747 -0.5564 0.4850
vn -0.7567 -0.6066 0.2439
vn -0.0074 0.9962 0.0869
vn 0.9887 -0.0505 0.1412
vn 0.9844 0.1480 0.0948
vn 0.6416 -0.7670 -0.0071
vn 0.7074 -0.1422 -0.6923
vn 0.8694 -0.0493 0.4916
vn 0.6253 -0.7386 0.2520
vn -0.9911 -0.1310 0.0244
vn -0.6754 -0.7306 -0.1004
vn -0.8566 -0.0378 -0.5146
vn -0.7871 0.6169 0.0028
vn -0.5636 -0.1845 0.8052
vn -0.6358 0.2073 0.7435
vn 0.4397 -0.7023 0.5598
vn 0.4375 -0.8105 -0.3894
vn 0.9921 -0.1252 0.0009
vn 0.5652 0.6331 -0.5289
vn 0.5329 0.5426 -0.6493
vn -0.4322 0.0895 -0.8973
vn 0.4546 0.8785 0.1466
vn 0.5494 0.8244 0.1362
vn -0.5499 -0.4834 -0.6811
vn -0.5067 -0.6078 -0.6114
vn 0.5404 -0.8121 0.2201
vn -0.7620 0.6466 0.0364
vn -0.8357 0.5491 0.0109
vn -0.8258 0.5626 0.0392
vn 0.1225 0.3965 0.9098
vn 0.1835 0.5898 0.7864
vn -0.7925 0.1005 0.6016
vn -0.5228 -0.2278 0.8215
vn 0.3924 -0.5483 0.7385
vn 0.5922 0.1347 -0.7944
vn 0.8337 0.5415 -0.1080
vn 0.9904 0.1372 0.0136
vn -0.3729 0.7379 0.5625
vn -0.9900 0.0046 0.1410
vn -0.7992 0.5793 -0.1604
vn -0.5442 0.3055 0.7813
vn -0.0573 -0.2261 0.9724
vn 0.6560 -0.6066 0.4492
vn 0.7272 -0.5427 0.4203
vn 0.8061 -0.4390 0.3969
vn 0.6931 -0.4251 -0.5821
vn 0.7421 0.2193 -0.6334
vn 0.6230 0.2641 -0.7363
vn 0.7168 0.0956 -0.6907
vn -0.5258 -0.7490 0.4032
vn -0.7247 -0.6690 -0.1649
vn -0.5040 0.5997 0.6216
vn 0.2199 -0.9539 -0.2042
vn 0.7945 -0.4054 -0.4521
vn 0.6807 -0.3012 -0.6678
vn -0.9346 0.1962 -0.2966
vn -0.3075 -0.6775 -0.6681
vn -0.0226 -0.9093 0.4155
vn 0.0678 -0.8213 0.5664
vn 0.0051 -0.8719 0.4896
vn -0.7280 0.3799 0.5706
vn -0.5956 0.7229 -0.3501
vn -0.7258 0.6601 -0.1935
vn 0.7566 0.1507 0.6363
vn 0.9120 0.0555 0.4063
vn 0.8562 -0.1862 0.4819
vn -0.5374 0.8268 0.1659
vn 0.9938 -0.1059 -0.0339
vn 0.9781 -0.0891 -0.1882
vn 0.9828 -0.1668 -0.0788
vn -0.6949 -0.6913 -0.1981
vn 0.4401 -0.8968 0.0451
vn -0.7368 -0.4566 0.4987
vn -0.1163 -0.8417 -0.5273
vn -0.5734 -0.0526 0.8176
vn -0.5011 -0.0967 0.8600
vn -0.8091 -0.0593 0.5847
vn -0.3788 0.6606 -0.6481
vn -0.3024 0.7348 -0.6071
vn -0.5980 -0.7582 0.2597
vn -0.1813 -0.8809 -0.4372
vn -0.2814 -0.8126 -0.5103
vn -0.3034 -0.8588 -0.4128
vn -0.1499 0.7275 -0.6695
vn 0.2921 -0.5422 -0.7879
vn -0.6733 -0.4059 0.6180
vn 0.1335 -0.0855 0.9874
vn 0.6561 -0.5758 0.4879
vn -0.9431 0.0694 -0.3252
vn -0.9797 0.1681 -0.1089
vn 0.0925 0.1909 -0.9772
vn -0.0776 -0.1194 -0.9898
vn -0.1504 -0.1099 -0.9825
vn -0.0235 0.3358 -0.9417
vn 0.3623 -0.5053 0.7832
vn -0.0528 -0.8113 -0.5823
vn 0.0258 -0.7742 -0.6324
vn 0.5045 0.8046 -0.3132
vn 0.2432 0.5381 -0.8071
vn 0.2634 0.7777 -0.5708
vn 0.7352 0.1388 0.6635
vn 0.2240 -0.4295 0.8749
vn 0.5388 0.0328 0.8418
vn 0.4602 -0.6253 0.6303
vn 0.6271 -0.5355 -0.5657
vn -0.4881 -0.0810 -0.8690
vn -0.4224 -0.1125 -0.8994
vn -0.4457 -0.1088 -0.8885
vn 0.1721 0.9755 -0.1371
vn -0.2608 0.8330 -0.4880
vn -0.1719 0.9237 0.3423
vn -0.0558 0.9773 0.2042
vn 0.3156 0.5364 0.7827
vn 0.9589 -0.2769 0.0622
vn 0.9992 -0.0395 -0.0035
vn -0.0933 0.7073 -0.7007
vn -0.2997 0.7534 -0.5854
vn 0.9036 0.1556 -0.3990
vn 0.7832 0.5725 0.2428
vn 0.8994 -0.1418 0.4136
vn 0.9005 0.4004 0.1696
vn -0.8869 -0.3897 0.2479
vn -0.5123 -0.3858 0.7673
vn -0.8995 -0.3823 0.2116
vn -0.6806 0.0671 0.7296
vn -0.6911 0.0664 0.7198
vn -0.7511 0.0641 0.6570
vn -0.8930 0.1114 -0.4360
vn 0.4067 0.9073 0.1064
vn 0.2799 0.9537 0.1098
vn -0.4199 -0.2419 0.8748
vn 0.0770 0.1181 0.9900
vn -0.5366 -0.3166 0.7822
vn -0.7849 -0.6015 0.1489
vn -0.7828 -0.5618 0.2678
vn -0.5665 -0.8235 -0.0311
vn -0.1447 -0.8691 0.4730
vn -0.2279 -0.9735 -0.0216
vn -0.6877 -0.1538 -0.7095
vn -0.7658 -0.3551 -0.5362
vn -0.7950 -0.1613 -0.5848
vn 0.3582 -0.5893 -0.7242
vn 0.5417 -0.5667 -0.6208
vn 0.3704 -0.6254 -0.6868
vn -0.8843 -0.2208 -0.4115
vn -0.9224 -0.2156 -0.3205
vn 0.3516 -0.7047 -0.6163
vn 0.4933 -0.2763 0.8248
vn -0.6155 -0.7775 -0.1290
vn -0.2277 -0.9325 -0.2803
vn 0.2826 -0.6888 -0.6676
vn 0.2132 -0.7599 -0.6141
vn 0.0307 -0.8472 -0.5303
vn -0.7361 0.5761 0.3553
vn -0.9528 -0.1447 0.2668
vn 0.4149 0.6497 0.6370
vn 0.5932 0.5692 0.5693
vn 0.4232 0.9008 -0.0971
vn 0.6274 0.4234 -0.6535
vn -0.2191 -0.3302 -0.9181
vn -0.9798 0.0625 -0.1902
vn -0.9951 0.0588 -0.0789
vn -0.9958 0.0363 -0.0835
vn -0.6252 0.0588 0.7782
vn -0.6498 0.0403 0.7590
vn -0.4467 0.6808 0.5805
vn -0.3515 -0.1961 0.9154
vn -0.7908 0.0078 -0.6121
vn -0.4615 0.0257 -0.8867
vn 0.6536 0.7242 0.2199
vn 0.9887 0.0772 0.1288
vn 0.9676 -0.1080 -0.2284
vn 0.6502 -0.4622 -0.6030
vn 0.3086 0.6408 -0.7030
vn 0.8470 0.0658 -0.5275
vn -0.4537 -0.8706 -0.1904
vn -0.4673 -0.8427 -0.2674
vn -0.3603 -0.8847 -0.2959
vn -0.4697 -0.4462 0.7617
vn -0.2003 0.0098 -0.9797
vn -0.8751 -0.2830 0.3927
vn 0.2779 0.1165 -0.9535
vn 0.1715 -0.6079 -0.7752
vn 0.0992 0.8739 0.4759
vn 0.2070 0.6373 0.7423
vn 0.9744 -0.1454 -0.1717
vn -0.0674 -0.8061 -0.5880
vn 0.7175 -0.3315 -0.6127
vn -0.3345 0.8235 -0.4581
vn -0.0894 0.9097 -0.4056
vn 0.8695 0.3470 -0.3515
vn -0.1825 0.4635 0.8671
vn -0.6094 0.5124 0.6051
vn 0.5269 0.6357 0.5641
vn -0.4986 0.3430 0.7961
vn -0.3938 0.4303 0.8122
vn -0.4167 0.7891 0.4514
vn -0.4630 -0.1152 -0.8789
vn -0.3491 -0.1543 -0.9243
vn -0.3967 -0.1450 -0.9064
vn -0.2961 -0.1713 -0.9397
vn -0.2353 -0.2019 -0.9507
vn 0.0098 0.2545 0.9670
vn 0.0751 0.2456 0.9665
vn 0.0618 0.2563 0.9646
vn 0.2458 -0.2022 -0.9480
vn -0.5619 0.3003 0.7708
vn -0.7394 0.5396 0.4028
vn -0.7463 0.5872 0.3135
vn -0.4707 0.8657 0.1703
vn 0.4170 -0.1849 0.8899
vn 0.4481 -0.2673 0.8531
vn 0.4294 -0.2609 0.8646
vn -0.4848 -0.4237 -0.7652
vn 0.0022 0.3873 -0.9220
vn 0.0068 0.3972 -0.9177
vn -0.4169 0.8898 -0.1855
vn 0.0545 0.8343 -0.5487
vn -0.4022 -0.6871 -0.6051
vn 0.9438 -0.1710 -0.2827
vn 0.0524 -0.0603 0.9968
vn -0.9800 0.0065 0.1990
vn -0.8882 0.1849 0.4206
vn -0.9742 -0.1299 -0.1848
vn -0.9972 -0.0636 0.0402
vn -0.2103 0.2155 0.9536
vn -0.0624 0.2437 0.9678
vn -0.1052 0.2448 0.9639
vn -0.8555 -0.3084 -0.4159
vn -0.4841 0.3307 -0.8101
vn -0.3138 0.9466 0.0742
vn -0.5010 0.8543 0.1385
vn -0.4689 0.5067 -0.7234
vn 0.6724 0.6693 -0.3161
vn 0.7080 0.5381 -0.4574
vn 0.3460 -0.6009 0.7205
vn -0.2844 -0.5378 -0.7937
vn 0.0519 -0.8973 -0.4383
vn -0.0953 0.9885 0.1178
vn -0.4469 0.8906 0.0840
vn -0.6155 -0.6916 -0.3779
vn -0.8073 0.5788 0.1154
vn -0.9916 -0.1159 0.0572
vn -0.1280 0.9698 0.2077
vn -0.7667 0.1296 -0.6288
vn 0.5219 0.6568 -0.5443
vn -0.7969 -0.0477 -0.6023
vn -0.9386 -0.0092 0.3449
vn -0.7097 -0.6040 0.3627
vn 0.4645 -0.5388 0.7028
vn 0.2810 0.9376 0.2047
vn 0.5548 0.8179 0.1522
vn -0.3671 0.9266 0.0821
vn 0.7065 0.2452 -0.6638
vn 0.7160 -0.5792 0.3896
vn -0.2272 -0.7856 0.5755
vn 0.4128 -0.7695 -0.4872
vn 0.3822 -0.9192 -0.0946
vn 0.4838 -0.6720 -0.5606
vn -0.6279 -0.0642 0.7756
vn -0.5910 -0.2948 0.7509
vn -0.1927 -0.0396 0.9805
vn -0.0214 0.9955 -0.0924
vn -0.0855 0.9893 -0.1183
vn -0.0342 0.9913 -0.1272
vn 0.0168 -0.0006 0.9999
vn 0.0090 -0.1263 0.9920
vn 0.0541 -0.0232 0.9983
vn -0.9746 -0.2149 -0.0627
vn -0.9695 -0.1350 0.2046
vn -0.9627 -0.2407 -0.1240
vn 0.6989 -0.5250 -0.4858
vn 0.9215 -0.3798 -0.0811
vn 0.5590 -0.7524 -0.3485
vn -0.0415 -0.7822 -0.6217
vn 0.0201 -0.7244 -0.6891
vn -0.0349 -0.0455 -0.9984
vn 0.4118 -0.5641 0.7157
vn -0.5490 -0.1574 0.8209
vn -0.5541 -0.1477 0.8193
vn -0.7908 0.6027 0.1068
vn -0.8260 0.5628 -0.0317
vn -0.6688 -0.0911 -0.7378
vn -0.5703 -0.1468 -0.8082
vn -0.7448 -0.0827 -0.6621
vn -0.7382 -0.0472 -0.6730
vn -0.8834 0.0025 -0.4685
vn 0.8805 0.2877 0.3769
vn 0.9802 0.1119 0.1632
vn 0.7383 -0.6034 0.3012
vn 0.8073 -0.2679 0.5258
vn 0.6281 -0.2985 0.7186
vn -0.9490 0.0218 -0.3144
vn -0.8442 0.1884 -0.5018
vn -0.3889 0.8631 -0.3222
vn -0.0135 0.5276 -0.8494
vn 0.9045 0.3837 0.1861
vn 0.9904 0.1026 0.0926
vn 0.8922 -0.4503 0.0342
vn -0.0867 0.8475 0.5236
vn 0.6608 0.7037 -0.2610
vn -0.1456 0.2562 -0.9556
vn 0.7700 -0.5788 0.2683
vn 0.8407 -0.4925 0.2249
vn 0.8019 -0.5528 0.2266
vn 0.6629 -0.6311 -0.4030
vn 0.7810 0.6242 0.0204
vn -0.8545 0.3251 0.4052
vn -0.9542 -0.2967 0.0385
vn -0.3255 0.9284 -0.1794
vn -0.9570 -0.2681 0.1109
vn -0.9486 0.2436 0.2021
vn -0.9587 0.2141 0.1873
vn -0.6834 0.0604 0.7276
vn -0.7449 0.0528 0.6651
vn -0.7088 0.0328 0.7047
vn -0.9846 0.1404 0.1045
vn -0.7672 0.5419 -0.3431
vn -0.7998 0.5354 -0.2716
vn -0.1255 0.4394 -0.8895
vn -0.1279 0.2464 -0.9607
vn 0.0457 0.2438 -0.9688
vn -0.2030 0.0243 -0.9789
vn -0.1480 0.0507 -0.9877
vn 0.0405 0.4857 -0.8732
vn -0.1502 0.7663 0.6247
vn -0.5293 0.6094 0.5903
vn 0.6481 0.7454 -0.1559
vn -0.0083 -0.6000 0.7999
vn 0.0478 -0.6150 0.7871
vn -0.5393 0.5689 0.6209
vn -0.3734 0.9246 -0.0752
vn -0.3663 0.8769 -0.3112
vn -0.1782 0.9769 0.1181
vn -0.9704 -0.0235 -0.2402
vn 0.1650 -0.6785 -0.7158
vn 0.1889 -0.6621 -0.7252
vn 0.3606 -0.6302 -0.6876
vn -0.9976 -0.0278 0.0641
vn -0.9202 -0.0805 -0.3830
vn -0.9954 -0.0519 0.0810
vn -0.2094 0.9281 0.3078
vn -0.3390 0.8793 0.3346
vn 0.7221 0.0999 -0.6845
vn 0.2389 -0.9663 0.0953
vn 0.2207 -0.9675 0.1238
vn 0.3676 -0.9218 0.1233
vn 0.1586 -0.3015 0.9402
vn 0.0673 -0.4631 0.8837
vn -0.0135 -0.4049 0.9143
vn -0.7346 0.6768 0.0491
vn -0.7985 0.6019 0.0098
vn -0.4423 0.7634 -0.4707
vn 0.8931 0.1641 0.4189
vn 0.5729 -0.2013 0.7946
vn -0.6693 -0.6474 0.3647
vn 0.5889 0.3770 0.7149
vn 0.6367 0.3550 0.6845
vn 0.5937 -0.7309 0.3365
vn 0.0526 -0.9906 0.1264
vn -0.4960 0.6642 -0.5594
vn -0.7042 0.7052 0.0823
vn 0.7664 0.4410 -0.4670
vn 0.9908 -0.1210 0.0600
vn 0.8492 -0.2843 0.4450
vn 0.8000 -0.2288 0.5547
vn -0.4988 0.0708 0.8638
vn -0.5183 0.0707 0.8523
vn -0.5173 0.0816 0.8519
vn -0.4094 -0.8784 -0.2465
vn -0.6923 -0.6808 0.2393
vn 0.8202 0.5557 -0.1355
vn -0.8696 0.3905 0.3020
vn -0.9032 0.4131 0.1165
vn 0.8291 -0.4723 0.2992
vn 0.3638 -0.9301 0.0509
vn -0.0694 0.5760 -0.8145
vn -0.2404 0.9538 0.1802
vn 0.2067 0.1687 0.9638
vn 0.2789 0.1368 0.9505
vn 0.4115 0.1237 0.9030
vn -0.1397 -0.8708 0.4715
vn 0.8633 0.1474 -0.4827
vn -0.8894 -0.0421 -0.4552
vn -0.9361 -0.0431 -0.3492
vn -0.8630 -0.0183 -0.5049
vn 0.1094 -0.9880 0.1092
vn 0.0383 -0.9164 -0.3983
vn -0.0730 -0.7243 0.6857
vn -0.6715 -0.6101 0.4207
vn -0.5068 -0.0556 -0.8603
vn -0.5740 -0.0921 -0.8136
vn -0.5791 -0.0704 -0.8122
vn -0.0881 0.8394 0.5364
vn -0.0481 0.7832 0.6199
vn 0.1163 0.8507 0.5127
vn 0.0570 0.8265 -0.5600
vn 0.6004 0.7651 -0.2327
vn -0.0835 -0.8097 0.5809
vn -0.0280 -0.9260 0.3764
vn -0.0486 -0.2779 0.9594
vn -0.4328 0.2452 -0.8675
vn 0.3661 -0.5021 -0.7835
vn 0.5531 0.0992 -0.8272
vn -0.0797 0.6063 -0.7913
vn -0.2322 0.8153 -0.5304
vn -0.5255 0.8199 -0.2271
vn -0.0350 0.9886 -0.1461
vn -0.1348 0.9789 -0.1535
vn 0.4188 -0.3807 -0.8244
vn 0.7707 -0.3267 -0.5470
vn 0.6875 -0.4821 -0.5430
vn -0.6943 0.7148 0.0834
vn -0.6691 0.7387 0.0815
vn -0.6209 0.7772 0.1022
vn 0.6228 -0.1417 0.7695
vn 0.7098 -0.1899 0.6784
vn -0.9446 -0.3049 -0.1216
vn -0.4839 0.5209 -0.7032
vn -0.5749 -0.5602 -0.5963
vn 0.4138 -0.9083 0.0610
vn 0.3364 -0.7071 -0.6219
vn 0.1271 -0.2457 0.9610
vn 0.7579 0.1235 -0.6406
vn 0.9224 0.1438 -0.3585
vn -0.7066 -0.0710 -0.7041
vn -0.5922 -0.2568 -0.7638
vn -0.5821 -0.6802 -0.4455
vn -0.6407 -0.6166 -0.4575
vn -0.9317 0.3077 0.1929
vn 0.7018 -0.6918 0.1700
vn 0.7862 -0.0182 -0.6177
vn 0.7629 -0.1207 -0.6351
vn -0.4382 0.7159 0.5436
vn -0.7633 0.1000 0.6383
vn -0.2837 0.7912 0.5417
vn -0.6524 -0.2077 0.7289
vn -0.0277 -0.5387 0.8420
vn 0.3408 -0.1442 0.9290
vn 0.8419 -0.2874 -0.4568
vn 0.3721 0.2347 -0.8980
vn 0.7882 -0.3597 -0.4994
vn 0.0427 0.9961 -0.0769
vn 0.0145 0.9655 -0.2601
vn -0.0032 0.9452 -0.3264
vn 0.2468 0.7728 0.5846
vn -0.1544 0.6853 -0.7117
vn -0.6600 0.6345 -0.4023
vn 0.2836 -0.9345 0.2152
vn 0.7951 0.5765 -0.1882
vn 0.3500 0.5452 -0.7617
vn -0.8267 0.0239 0.5621
vn -0.1791 -0.9826 0.0496
vn -0.9298 -0.0854 -0.3581
vn -0.8230 -0.3780 0.4241
vn -0.1396 0.1868 -0.9724
vn -0.6537 0.5595 0.5096
vn -0.8021 -0.5661 0.1902
vn -0.7855 -0.6188 -0.0092
vn -0.6895 -0.7122 0.1322
vn -0.1369 -0.0169 0.9904
vn -0.0040 0.0861 0.9963
vn 0.2670 0.9622 -0.0546
vn 0.9730 0.1258 -0.1936
vn 0.4957 0.5640 0.6605
vn -0.0620 -0.8754 0.4795
vn 0.9391 0.3436 0.0049
vn -0.6090 -0.5689 -0.5527
vn -0.8587 -0.2996 -0.4158
vn 0.1556 0.8086 -0.5674
vn -0.8871 -0.2031 0.4145
vn -0.4780 -0.7385 -0.4756
vn 0.0352 -0.6623 -0.7484
vn 0.4920 -0.7501 0.4420
vn 0.9923 -0.0296 0.1201
vn -0.7779 -0.3388 0.5292
vn -0.7250 -0.2286 0.6497
vn -0.4736 -0.1599 0.8661
vn 0.0582 -0.9979 0.0292
vn -0.9868 -0.1406 -0.0806
vn -0.6693 -0.0413 -0.7419
vn -0.9475 -0.2559 -0.1919
vn 0.7604 0.0192 0.6492
vn 0.3129 0.1050 0.9440
vn 0.8538 -0.0043 0.5205
vn -0.5643 -0.8247 0.0388
vn -0.4743 -0.8803 -0.0137
vn -0.3911 -0.9153 0.0965
vn -0.9677 -0.1678 -0.1883
vn -0.9580 -0.2009 -0.2045
vn -0.7266 0.6447 -0.2376
vn -0.3876 0.6991 0.6008
vn -0.2820 0.9512 0.1251
vn 0.6451 -0.0921 0.7586
vn 0.3115 -0.1335 0.9408
vn 0.6339 -0.0637 -0.7708
vn 0.6984 -0.0555 -0.7136
vn 0.7515 -0.6562 -0.0687
vn 0.8462 -0.4850 -0.2207
vn 0.8316 -0.5528 -0.0528
vn -0.8496 0.4610 0.2563
vn -0.1845 -0.4896 0.8522
vn -0.4866 -0.5846 0.6492
vn -0.1822 -0.5491 0.8157
vn -0.1588 -0.5879 0.7932
vn -0.0901 -0.2208 -0.9711
vn 0.0644 -0.1174 -0.9910
vn 0.0780 0.9156 -0.3945
vn -0.7455 -0.1250 0.6547
vn 0.9922 -0.0708 0.1025
vn 0.9855 -0.0278 0.1675
vn 0.7712 0.1038 0.6281
vn -0.7069 0.7070 0.0223
vn -0.6891 0.7088 -0.1508
vn 0.2508 -0.9671 0.0424
vn -0.8777 -0.4083 -0.2508
vn -0.4487 -0.8590 -0.2465
vn -0.5018 -0.6783 -0.5368
vn -0.0100 -0.8824 0.4704
vn -0.0091 -0.3231 0.9463
vn 0.2336 -0.8206 0.5216
vn -0.7129 -0.0074 0.7012
vn -0.8947 -0.2929 -0.3373
vn -0.3941 -0.6000 0.6962
vn -0.0968 0.7224 0.6847
vn -0.0991 0.7636 0.6380
vn 0.6579 -0.1125 -0.7447
vn 0.9118 -0.4065 -0.0583
vn 0.6698 -0.0891 -0.7372
vn -0.9921 0.0712 -0.1034
vn 0.6860 -0.2598 -0.6797
vn -0.9471 -0.1154 0.2994
vn 0.2242 0.8438 0.4876
vn 0.0847 0.5277 0.8452
vn 0.2585 0.4262 0.8669
vn -0.7569 0.1334 -0.6398
vn -0.0744 -0.8663 -0.4939
vn 0.1957 -0.4832 0.8534
vn 0.7775 -0.0708 0.6249
vn 0.0028 -0.6230 0.7822
vn -0.0071 -0.6544 0.7561
vn 0.0299 -0.5885 0.8079
vn 0.7117 -0.0613 -0.6998
vn 0.3287 0.2248 -0.9173
vn 0.4081 -0.1389 -0.9023
vn 0.1713 0.7471 -0.6422
vn 0.1146 0.9217 -0.3707
vn -0.7173 0.6770 0.1647
vn -0.9184 0.3769 -0.1205
vn -0.9728 0.1667 -0.1610
vn 0.1343 0.9835 0.1216
vn 0.1492 0.9886 0.0223
vn 0.0223 0.9995 0.0211
vn -0.8036 -0.3142 0.5054
vn 0.0234 -0.9617 0.2732
vn -0.0591 0.0433 0.9973
vn 0.1731 -0.9845 -0.0265
vn 0.2980 -0.9540 -0.0335
vn 0.7649 0.4252 -0.4840
vn -0.4408 -0.5804 0.6847
vn 0.1271 0.1138 0.9853
vn 0.6763 -0.6629 -0.3212
vn 0.4412 0.7100 0.5490
vn 0.5863 0.7425 0.3241
vn -0.1405 -0.6849 0.7150
vn -0.1879 -0.6834 0.7055
vn -0.5768 0.1037 0.8102
vn -0.7348 -0.6343 -0.2402
vn 0.0047 0.6702 -0.7422
vn 0.0683 0.7186 -0.6921
vn -0.8373 -0.1020 -0.5371
vn -0.2973 -0.8107 -0.5043
vn -0.2259 -0.7820 -0.5809
vn -0.9652 -0.0221 -0.2606
vn -0.9907 0.0115 -0.1358
vn -0.9880 -0.0255 -0.1525
vn -0.0040 0.9844 -0.1761
vn -0.9220 -0.3427 0.1805
vn 0.5491 0.1750 0.8172
vn -0.0657 0.9125 -0.4038
vn -0.8410 -0.1604 -0.5168
vn 0.8980 -0.1611 -0.4095
vn 0.3382 -0.9239 0.1791
vn -0.7141 0.1631 -0.6807
vn -0.9740 -0.0562 -0.2194
vn -0.4796 0.2058 -0.8530
vn 0.0404 0.9881 -0.1485
vn -0.9471 -0.3200 0.0255
vn -0.9351 -0.3501 0.0542
vn -0.8711 -0.4619 0.1668
vn 0.7195 0.2201 0.6587
vn -0.2724 -0.8989 -0.3433
vn -0.2367 -0.9668 0.0965
vn 0.9992 -0.0383 -0.0075
vn 0.7570 -0.5480 0.3559
vn -0.6754 -0.0208 -0.7372
vn -0.8563 0.0086 -0.5164
vn 0.5858 0.0141 -0.8103
vn -0.8795 -0.1360 -0.4560
vn 0.7229 0.2932 -0.6257
vn 0.1516 -0.2193 -0.9638
vn 0.7827 -0.5107 0.3556
vn 0.4351 -0.9002 -0.0167
vn 0.3627 -0.9284 -0.0805
vn -0.8136 0.0953 0.5735
vn -0.6105 0.1757 0.7723
vn -0.3542 -0.0457 0.9341
vn -0.2674 -0.6665 -0.6959
vn -0.2996 -0.1487 -0.9424
vn -0.2282 -0.1827 -0.9563
vn -0.3525 -0.3201 -0.8793
vn -0.6817 0.0251 -0.7312
vn 0.7519 -0.0331 -0.6584
vn 0.8800 -0.0797 -0.4683
vn -0.1524 -0.9872 -0.0470
vn -0.3963 -0.8106 0.4312
vn -0.3800 0.4106 -0.8289
vn -0.7002 -0.4558 -0.5495
vn -0.9865 0.0950 -0.1333
vn -0.9951 0.0970 0.0183
vn -0.9504 -0.3037 -0.0671
vn -0.5495 0.7265 -0.4126
vn -0.5447 0.5842 -0.6017
vn -0.4605 0.6749 -0.5766
vn 0.9929 0.1123 -0.0380
vn 0.8705 -0.4841 -0.0884
vn 0.6761 -0.7259 -0.1262
vn -0.7550 0.4696 -0.4577
vn -0.6419 0.6248 -0.4444
vn -0.7601 0.3664 -0.5366
vn -0.8168 -0.3269 -0.4754
vn -0.8537 -0.2585 -0.4521
vn 0.6928 0.0397 -0.7201
vn 0.9120 0.0463 -0.4077
vn -0.1872 -0.1979 -0.9622
vn -0.2243 -0.1471 -0.9633
vn 0.7970 0.5519 -0.2455
vn 0.7880 0.0192 -0.6153
vn -0.7913 -0.5429 -0.2811
vn -0.7411 -0.6683 -0.0635
vn 0.9745 0.2240 0.0148
vn 0.9890 0.1479 -0.0009
vn 0.7093 0.1514 -0.6885
vn -0.9992 0.0254 -0.0320
vn 0.4749 0.2910 0.8306
vn -0.5150 0.1705 0.8401
vn 0.6835 0.4741 0.5551
vn 0.1750 -0.9711 -0.1621
vn -0.0003 -0.9457 0.3251
vn 0.9088 -0.3729 -0.1872
vn 0.9990 -0.0401 -0.0203
vn 0.6527 -0.3257 -0.6840
vn -0.7047 0.5193 0.4834
vn 0.7972 0.4030 0.4495
vn 0.5377 0.8168 0.2092
vn -0.6491 -0.7441 -0.1579
vn 0.6959 -0.7064 -0.1291
vn -0.8218 -0.2888 0.4912
vn -0.9568 0.2066 0.2045
vn -0.1618 -0.0618 0.9849
vn -0.2135 0.1899 0.9583
vn 0.9969 -0.0205 -0.0759
vn 0.9208 -0.0266 -0.3890
vn 0.9469 0.0018 -0.3217
vn 0.7149 0.6898 0.1145
vn 0.2086 -0.9736 -0.0923
vn 0.6713 0.3482 0.6543
vn 0.9986 0.0170 -0.0511
vn 0.9619 -0.0738 0.2631
vn -0.0169 0.9093 0.4159
vn -0.8970 0.3451 0.2763
vn 0.3985 0.6354 0.6614
vn -0.0647 -0.6217 -0.7806
vn -0.0143 0.0625 -0.9979
vn 0.9775 -0.1038 -0.1835
vn 0.4683 -0.2784 -0.8386
vn 0.8798 -0.2281 -0.4169
vn 0.5508 -0.5842 -0.5961
vn 0.8119 0.0666 -0.5800
vn 0.8452 0.0819 -0.5282
vn -0.6657 0.0845 -0.7414
vn -0.6649 0.5823 0.4678
vn -0.5488 0.8280 0.1153
vn -0.0079 0.2198 0.9755
vn -0.0911 0.0845 0.9922
vn 0.2582 0.2420 -0.9353
vn 0.0679 0.0088 -0.9977
vn 0.6990 0.0584 -0.7127
vn 0.3877 0.7558 0.5277
vn 0.9806 0.1166 0.1574
vn 0.8914 -0.2460 -0.3807
vn 0.7868 -0.1535 0.5978
vn 0.0021 0.4044 -0.9146
vn -0.0027 0.3841 -0.9233
vn 0.4517 -0.8652 -0.2177
vn 0.0168 -0.1008 0.9948
vn 0.3734 0.1422 0.9167
vn 0.2786 0.1911 0.9412
vn -0.6409 -0.7525 -0.1520
vn -0.7188 -0.6893 -0.0903
vn -0.7575 -0.6449 -0.1015
vn -0.1997 0.8882 0.4137
vn -0.0096 -0.0289 0.9995
vn 0.1932 -0.3634 0.9114
vn 0.5624 -0.3690 0.7400
vn 0.1150 -0.5167 0.8484
vn -0.7277 -0.5391 0.4241
vn -0.5709 0.4949 0.6551
vn -0.7910 -0.5782 -0.2002
vn -0.7631 -0.1599 0.6262
vn 0.6730 -0.0770 0.7356
vn 0.8746 -0.1096 0.4723
vn 0.6895 -0.0094 0.7243
vn -0.7392 -0.6506 -0.1740
vn 0.6853 -0.2703 -0.6763
vn 0.8842 -0.4331 -0.1748
vn 0.4660 -0.8377 -0.2848
vn 0.3657 -0.2972 -0.8820
vn 0.8187 -0.4572 -0.3473
vn 0.7411 -0.5425 -0.3954
vn 0.4576 -0.8609 -0.2226
vn 0.2961 -0.8550 -0.4257
vn 0.3144 -0.8905 -0.3290
vn -0.1145 0.4458 0.8878
vn 0.2424 -0.1396 0.9601
vn 0.2121 -0.2273 0.9504
vn 0.1340 0.8999 -0.4149
vn -0.4849 -0.0360 -0.8738
vn -0.3446 0.1493 -0.9268
vn 0.0266 0.8605 0.5088
vn 0.4228 0.8438 0.3304
vn 0.1479 0.0026 0.9890
vn 0.6677 0.0290 0.7439
vn 0.1394 0.0696 0.9878
vn -0.9227 -0.2907 -0.2531
vn -0.8812 -0.1881 0.4338
vn -0.8652 0.4435 0.2338
vn 0.7011 -0.2161 -0.6795
vn 0.6845 -0.7271 0.0535
vn -0.9853 0.1188 -0.1225
vn -0.9838 0.0824 -0.1593
vn -0.9796 0.1608 0.1208
vn -0.9878 0.1053 0.1145
vn -0.3396 0.7042 0.6235
vn 0.9263 0.3412 0.1599
vn 0.6300 0.1010 0.7700
vn -0.8785 0.0563 0.4743
vn -0.9055 0.3017 -0.2983
vn -0.9460 0.3005 -0.1217
vn -0.8897 0.4312 -0.1504
vn -0.3929 -0.1338 -0.9098
vn -0.5129 -0.0628 -0.8562
vn -0.7382 -0.4039 -0.5402
vn -0.6845 -0.6275 -0.3711
vn -0.5678 -0.4200 -0.7080
vn 0.8269 -0.5126 -0.2313
vn 0.9842 0.1769 0.0013
vn -0.9540 -0.2556 0.1567
vn -0.9281 -0.3082 0.2088
vn -0.9666 -0.2563 0.0013
vn 0.2288 -0.1439 0.9628
vn 0.2520 -0.1210 0.9601
vn -0.4910 0.8185 0.2984
vn -0.1213 0.9916 0.0447
vn -0.4987 0.7239 0.4768
vn -0.4514 0.6450 0.6166
vn -0.0063 -0.7388 0.6739
vn 0.3710 -0.3850 0.8451
vn -0.7790 -0.3553 0.5166
vn -0.2990 -0.1087 -0.9480
vn -0.4352 -0.0238 -0.9000
vn -0.3346 0.1270 0.9337
vn -0.3782 0.1087 0.9193
vn -0.7012 0.3225 0.6359
vn 0.9405 -0.0543 -0.3356
vn 0.0575 0.8079 0.5865
vn 0.0439 0.7368 0.6746
vn 0.1665 0.6529 0.7389
vn 0.2075 0.9596 0.1900
vn 0.6738 -0.5004 -0.5436
vn 0.4697 0.0171 -0.8827
vn -0.9565 -0.0914 0.2771
vn -0.3961 -0.1915 0.8980
vn 0.9615 0.2692 0.0552
vn 0.9679 0.2316 0.0972
vn -0.8361 -0.1619 -0.5241
vn 0.1170 0.8278 0.5487
vn 0.0979 0.9949 -0.0263
vn 0.2075 0.5276 0.8237
vn 0.0956 -0.5718 0.8148
vn -0.0274 -0.7751 0.6312
vn 0.9135 -0.4047 -0.0424
vn 0.9032 -0.4292 -0.0074
vn -0.0489 0.9549 0.2928
vn -0.4971 -0.7365 0.4588
vn -0.5762 -0.6349 0.5147
vn 0.6187 0.0713 0.7824
vn 0.6338 0.0627 0.7710
vn -0.5966 0.7863 0.1607
vn -0.3486 -0.8615 -0.3692
vn 0.7014 0.3963 -0.5925
vn 0.3499 -0.1591 -0.9232
vn 0.2829 -0.2734 -0.9194
vn 0.5146 0.8177 0.2578
vn 0.2457 0.9563 -0.1587
vn 0.6731 0.1020 0.7325
vn 0.8729 0.4869 0.0311
vn 0.8205 0.5450 -0.1726
vn 0.0724 0.9913 0.1099
vn -0.9208 -0.1804 0.3459
vn 0.9116 -0.0573 -0.4070
vn 0.9443 0.0736 -0.3208
vn 0.9969 0.0226 -0.0754
vn 0.9366 -0.1369 -0.3227
vn 0.9237 -0.3460 -0.1646
vn 0.4117 0.1391 0.9006
vn -0.4572 -0.8839 -0.0987
vn 0.5386 -0.8263 0.1648
vn 0.4458 -0.8850 0.1341
vn 0.8291 -0.3578 0.4297
vn 0.9600 -0.2613 0.1008
vn 0.8576 -0.3065 0.4129
vn -0.3154 -0.5686 -0.7597
vn -0.2363 0.7771 -0.5833
vn 0.9611 0.0735 -0.2662
vn 0.9173 0.2543 -0.3063
vn 0.2254 0.8864 0.4043
vn 0.4151 0.3220 0.8509
vn 0.6955 -0.6952 -0.1815
vn 0.6141 -0.2702 -0.7415
vn 0.8263 -0.5526 -0.1092
vn -0.2151 0.4407 0.8715
vn 0.6168 -0.0427 0.7860
vn 0.1988 0.7934 0.5753
vn 0.9751 0.0770 -0.2080
vn 0.9696 0.0398 -0.2415
vn 0.6297 -0.1386 0.7644
vn -0.8027 0.2031 -0.5607
vn -0.3054 -0.1532 -0.9398
vn 0.9794 0.1085 -0.1704
vn 0.4793 0.5185 -0.7081
vn -0.6235 0.7177 -0.3099
vn -0.4449 0.8322 -0.3309
vn -0.2939 0.8797 0.3738
vn -0.4794 0.7799 0.4024
vn -0.4432 -0.0978 -0.8911
vn 0.4215 0.9028 -0.0855
vn 0.6333 0.5316 0.5624
vn 0.6047 0.7965 -0.0037
vn -0.0700 -0.9297 0.3617
vn 0.6597 -0.7218 -0.2094
vn 0.1706 0.4115 -0.8953
vn 0.9257 0.1914 -0.3263
vn -0.8452 0.4771 -0.2408
vn -0.8787 0.4743 -0.0536
vn 0.6641 -0.7441 0.0731
vn -0.5695 -0.8168 -0.0922
vn -0.1808 0.8275 0.5315
vn -0.1906 0.7933 0.5782
vn -0.4509 0.6066 -0.6548
vn -0.5648 0.4508 -0.6912
vn -0.8864 -0.4612 -0.0391
vn -0.8956 -0.4334 -0.1004
vn -0.8290 -0.5486 -0.1087
vn 0.8545 0.2230 -0.4692
vn -0.7793 -0.5150 0.3570
vn -0.6316 -0.6238 0.4604
vn 0.5398 0.8418 -0.0043
vn 0.7223 0.6741 -0.1549
vn 0.3991 0.9156 -0.0502
vn 0.4131 0.9053 -0.0986
vn -0.7258 0.0431 0.6866
vn -0.3819 0.0009 0.9242
vn 0.6594 0.7222 -0.2090
vn 0.8120 0.4178 -0.4075
vn 0.9984 0.0227 -0.0527
vn 0.8354 -0.4698 -0.2852
vn 0.7939 0.5860 -0.1623
vn 0.8442 0.5347 0.0381
vn 0.8103 0.5851 -0.0331
vn -0.5190 0.3065 -0.7979
vn -0.5360 0.2900 -0.7929
vn 0.0524 0.3242 -0.9445
vn -0.8273 0.1788 -0.5326
vn 0.1157 -0.4057 -0.9067
vn -0.7928 0.6095 0.0042
vn 0.2754 0.5588 0.7822
vn 0.2649 -0.2370 0.9347
vn 0.3390 -0.1234 0.9327
vn 0.2205 -0.8386 0.4982
vn 0.1012 0.9893 -0.1054
vn 0.2602 0.9624 -0.0781
vn 0.0840 0.9919 -0.0953
vn 0.2815 -0.9191 -0.2755
vn -0.5558 -0.5118 0.6551
vn 0.2613 -0.8449 0.4667
vn 0.2693 -0.5238 0.8082
vn 0.5050 -0.7109 0.4894
vn -0.2484 -0.5463 0.7999
vn 0.6242 -0.6303 0.4616
vn 0.9062 -0.3279 -0.2669
vn -0.5546 0.7895 -0.2631
vn 0.7530 0.0264 -0.6574
vn -0.9965 -0.0555 0.0621
vn -0.1558 0.0729 0.9851
vn -0.3489 -0.8410 0.4136
vn -0.2116 -0.6295 -0.7476
vn -0.4246 -0.8305 0.3606
vn -0.3481 0.1486 0.9256
vn -0.6613 0.3034 -0.6861
vn 0.5723 -0.7594 0.3094
vn 0.5494 -0.7345 -0.3984
vn 0.9946 0.0973 0.0370
vn 1.0000 0.0009 -0.0030
vn -0.5735 -0.2722 0.7727
vn -0.3072 -0.6317 0.7117
vn -0.9988 -0.0430 0.0254
vn 0.0042 -0.6486 0.7611
vn 0.0263 -0.6119 0.7905
vn 0.7523 0.4521 -0.4793
vn 0.8047 0.5027 0.3157
vn -0.0592 0.4758 0.8775
vn -0.7454 -0.5788 0.3305
vn -0.5499 0.0633 0.8328
vn -0.6215 -0.7349 0.2713
vn -0.7667 -0.1663 0.6201
vn -0.7061 0.5302 -0.4693
vn 0.7761 0.3768 -0.5056
vn -0.8160 -0.1137 -0.5667
vn 0.5096 0.0332 -0.8597
vn -0.7619 0.0535 0.6454
vn -0.3492 -0.1394 0.9266
vn 0.5497 0.6644 0.5063
vn -0.4623 -0.3183 0.8276
vn 0.3279 0.5308 0.7815
vn -0.4810 -0.8641 0.1486
vn -0.9841 0.0341 -0.1743
vn -0.9979 0.0460 -0.0449
vn 0.3801 0.9247 0.0224
vn 0.3612 0.7245 0.5871
vn 0.7692 -0.3003 0.5640
vn 0.7412 0.3053 -0.5978
vn 0.8173 -0.4685 -0.3355
vn -0.5262 0.0774 0.8469
vn -0.5885 0.0716 0.8053
vn -0.4001 -0.1290 0.9074
vn -0.6999 -0.0901 0.7086
vn -0.3871 -0.1411 0.9112
vn 0.5700 -0.7201 0.3958
vn 0.5021 -0.7728 0.3881
vn 0.8153 0.5136 -0.2674
vn 0.7742 -0.4773 -0.4157
vn 0.7519 -0.6200 -0.2241
vn 0.2152 0.1181 -0.9694
vn 0.7470 0.2534 -0.6146
vn 0.7759 0.3763 -0.5063
vn -0.5200 -0.2298 -0.8227
vn -0.9207 0.3098 0.2373
vn 0.7410 0.4104 0.5315
vn -0.8527 -0.1496 -0.5006
vn -0.8605 -0.1914 -0.4722
vn -0.8102 -0.0669 -0.5824
vn 0.8680 0.4730 -0.1515
vn -0.9699 -0.2416 -0.0299
vn -0.8758 -0.3223 -0.3593
vn -0.8771 -0.4432 -0.1851
vn -0.1787 -0.3998 0.8990
vn 0.1049 -0.5828 0.8058
vn -0.7016 0.3777 0.6043
vn -0.9569 0.0834 0.2783
vn -0.4414 -0.0407 0.8964
vn 0.1089 -0.8806 -0.4611
vn 0.7800 -0.0551 -0.6233
vn 0.7556 -0.0534 -0.6528
vn -0.1599 0.0399 0.9863
vn -0.4857 -0.8363 0.2543
vn -0.4596 -0.2815 0.8423
vn -0.8303 -0.0044 0.5573
vn -0.8095 -0.0298 0.5864
vn -0.8707 -0.0250 0.4912
vn -0.7969 -0.5789 -0.1729
vn 0.4296 0.7849 0.4466
vn -0.3642 -0.7271 0.5820
vn 0.5796 -0.1673 0.7976
vn -0.9465 -0.0799 0.3128
vn -0.9576 -0.0205 -0.2873
vn 0.2858 0.5152 0.8081
vn 0.6382 0.1888 0.7463
vn 0.0843 0.2483 0.9650
vn 0.8061 0.1496 0.5725
vn 0.0224 0.1946 0.9806
vn 0.1227 0.1445 0.9819
vn -0.1928 0.0730 0.9785
vn -0.6734 0.7373 -0.0541
vn -0.7029 0.6457 0.2982
vn -0.7419 0.6656 0.0809
vn -0.6783 0.3435 -0.6495
vn -0.2801 0.1980 0.9393
vn -0.2508 0.2083 0.9454
vn -0.1453 -0.6381 0.7561
vn 0.6228 0.4384 0.6480
vn 0.8485 -0.1562 0.5057
vn -0.3452 -0.8517 0.3943
vn -0.5546 -0.7807 -0.2880
vn -0.9631 -0.2530 -0.0916
vn 0.9491 -0.2290 -0.2163
vn 0.9882 -0.1160 -0.0996
vn -0.3983 0.7225 0.5652
vn -0.4549 0.6427 0.6164
vn -0.5186 0.0567 0.8531
vn -0.8688 0.4932 0.0446
vn -0.8670 0.4943 0.0630
vn -0.7679 0.6314 0.1079
vn -0.7959 0.5212 0.3081
vn -0.8798 -0.2278 -0.4172
vn -0.2426 -0.1848 -0.9524
vn -0.2470 -0.1930 -0.9496
vn 0.9189 -0.3663 -0.1466
vn -0.2647 -0.2056 -0.9422
vn 0.6598 0.2197 -0.7186
vn 0.9691 -0.0013 -0.2468
vn 0.6782 -0.6753 -0.2899
vn -0.6905 0.6987 -0.1870
vn 0.2598 0.9549 -0.1438
vn 0.4069 0.8650 0.2937
vn 0.6151 0.2454 0.7493
vn 0.6342 0.2053 0.7454
vn 0.2587 -0.2224 -0.9400
vn 0.7055 -0.1079 -0.7004
vn 0.3995 -0.0133 -0.9166
vn -0.8917 0.0981 0.4419
vn -0.9015 -0.1017 0.4208
vn -0.7213 -0.2063 0.6611
vn 0.1657 -0.5509 -0.8180
vn 0.2605 0.0609 -0.9636
vn -0.4581 -0.8571 0.2357
vn 0.0089 -0.9808 0.1950
vn 0.5421 -0.2635 -0.7979
vn -0.1531 0.2229 -0.9627
vn -0.9762 0.1745 -0.1288
vn -0.6330 0.5102 -0.5823
vn 0.6219 -0.7702 -0.1419
vn 0.5336 -0.8204 -0.2054
vn 0.6325 -0.6493 -0.4223
vn 0.7574 0.4051 0.5121
vn 0.7238 0.5634 0.3983
vn -0.3266 0.7756 -0.5402
vn -0.9884 -0.0957 -0.1181
vn -0.9959 -0.0888 -0.0192
vn -0.8921 -0.0741 -0.4458
vn 0.5996 -0.0068 -0.8003
vn 0.7252 0.0006 -0.6885
vn 0.5592 -0.1101 -0.8217
vn 0.5258 0.7035 -0.4782
vn 0.0809 0.4402 0.8942
vn 0.3451 0.8024 -0.4869
vn 0.8540 0.0195 -0.5200
vn 0.4007 -0.4275 -0.8104
vn -0.2917 0.7935 -0.5342
vn 0.1717 0.9573 0.2328
vn -0.2047 -0.8321 0.5155
vn -0.0784 -0.3088 0.9479
vn -0.9833 0.1188 0.1379
vn -0.6073 0.7665 0.2089
vn -0.5467 0.8064 0.2256
vn -0.7933 -0.1789 0.5819
vn 0.0006 -0.2342 0.9722
vn -0.8965 0.1039 -0.4307
vn -0.7821 0.2501 -0.5708
vn -0.8517 0.3403 -0.3984
vn 0.2764 -0.0124 0.9610
vn 0.7334 -0.6621 -0.1544
vn 0.6934 -0.7110 -0.1171
vn 0.7710 -0.6178 0.1547
vn 0.7067 -0.6994 0.1069
vn -0.9211 -0.1782 -0.3461
vn -0.7035 -0.6905 0.1682
vn -0.6828 -0.7065 0.1863
vn 0.5082 0.0846 0.8570
vn 0.5186 0.0932 0.8499
vn 0.4735 0.1023 0.8748
vn 0.9990 -0.0451 0.0033
vn 0.5597 0.1742 0.8102
vn 0.0170 0.2674 0.9634
vn 0.1708 0.1993 -0.9649
vn 0.2028 0.1457 -0.9683
vn 0.4854 -0.5668 -0.6656
vn 0.5553 -0.1934 -0.8088
vn 0.3421 -0.0180 -0.9395
vn 0.1520 0.1822 -0.9714
vn 0.3501 0.2980 -0.8880
vn -0.7222 -0.3940 -0.5685
vn -0.8161 -0.3324 -0.4727
vn -0.7198 -0.3787 -0.5818
vn 0.3859 0.8042 0.4521
vn 0.5889 0.2609 -0.7649
vn 0.0341 0.3775 -0.9254
vn 0.7722 0.6353 0.0101
vn 0.7720 0.6031 0.2005
vn 0.8362 0.2514 0.4874
vn 0.1774 0.9561 0.2333
vn 0.9769 -0.2092 0.0441
vn 0.6006 0.2104 -0.7713
vn 0.1677 -0.3689 -0.9142
vn 0.1055 0.6286 -0.7705
vn -0.5775 0.7997 0.1642
vn 0.0456 0.9709 0.2352
vn 0.2079 0.9511 0.2285
vn -0.7043 -0.7098 0.0071
vn -0.7034 -0.2711 -0.6571
vn -0.7658 -0.6421 -0.0351
vn -0.0186 0.9913 -0.1305
vn -0.5080 0.0893 0.8567
vn -0.5649 0.0852 0.8208
vn -0.8423 0.5344 -0.0704
vn -0.8477 0.1707 -0.5022
vn -0.5579 -0.8135 -0.1642
vn -0.5853 -0.8031 -0.1115
vn 0.7041 -0.4412 -0.5564
vn 0.6467 -0.3203 0.6922
vn 0.9457 0.1173 -0.3032
vn 0.7394 -0.6719 -0.0428
vn -0.1824 0.5609 0.8075
vn -0.1923 -0.0285 0.9809
vn -0.1008 0.3909 0.9149
vn 0.9445 0.1882 0.2693
vn 0.5373 0.6930 -0.4807
vn 0.3173 0.7804 -0.5388
vn 0.1595 0.9145 -0.3719
vn -0.2054 0.3886 -0.8982
vn -0.1736 0.4771 -0.8615
vn -0.5959 -0.7340 -0.3257
vn 0.0231 -0.4784 0.8778
vn -0.1279 -0.9523 0.2771
vn 0.1408 0.2266 0.9638
vn 0.6969 0.0711 0.7137
vn 0.6332 0.0730 0.7705
vn 0.6333 0.0665 0.7710
vn -0.4541 -0.5660 0.6881
vn 0.6352 -0.0931 -0.7667
vn -0.7420 0.4084 -0.5316
vn -0.6644 0.5831 -0.4675
vn -0.7557 0.5468 0.3605
vn -0.8838 0.4564 0.1027
vn -0.0349 -0.3059 -0.9514
vn 0.7296 0.4585 0.5074
vn 0.7814 0.3794 0.4955
vn 0.7701 0.5453 0.3311
vn 0.2557 -0.1321 0.9577
vn 0.0032 0.7956 -0.6058
vn -0.1998 0.6877 -0.6979
vn 0.7496 -0.5010 -0.4324
vn 0.8078 -0.2738 -0.5220
vn -0.4183 -0.1096 -0.9017
vn -0.7203 0.3497 -0.5991
vn 0.6807 -0.7227 -0.1197
vn 0.4768 -0.7282 -0.4923
vn -0.7157 -0.5705 0.4029
vn -0.7332 -0.5700 0.3709
vn -0.7294 -0.4172 0.5422
vn -0.5325 0.7457 0.4005
vn -0.4725 -0.2348 0.8495
vn 0.9442 -0.0580 -0.3242
vn 0.9109 -0.0804 -0.4048
vn 0.3179 -0.8947 -0.3138
vn 0.5557 -0.7057 -0.4395
vn -0.8860 0.4464 -0.1255
vn -0.4652 -0.8836 -0.0533
vn 0.3462 -0.1211 -0.9303
vn 0.4767 -0.0979 -0.8736
vn 0.2960 -0.1524 -0.9429
vn -0.5170 0.5062 -0.6903
vn -0.0009 0.5819 -0.8132
vn -0.1180 -0.5022 0.8567
vn 0.0721 -0.5645 0.8223
vn -0.5399 0.8330 -0.1207
vn 0.6161 0.5110 -0.5994
vn 0.0269 0.7573 -0.6525
vn -0.5022 -0.8510 -0.1537
vn -0.5920 0.1764 0.7864
vn -0.6622 0.0471 0.7479
vn -0.5195 0.1291 0.8446
vn 0.6045 0.0655 0.7939
vn 0.6326 0.0407 0.7735
vn 0.0157 0.5709 0.8209
vn -0.3024 0.7908 -0.5322
vn 0.1829 0.5428 0.8197
vn 0.9551 -0.2610 -0.1404
vn -0.9838 0.1776 0.0228
vn -0.7477 -0.6443 0.1606
vn -0.0676 -0.9044 -0.4214
vn -0.9221 0.3526 0.1595
vn -0.9384 0.2689 0.2169
vn 0.3227 -0.4616 -0.8263
vn 0.3783 -0.5344 -0.7559
vn 0.1914 -0.5635 -0.8036
vn 0.5604 0.7851 -0.2638
vn 0.1434 0.6594 -0.7380
vn 0.0684 0.5997 -0.7973
vn 0.7436 -0.5108 -0.4314
vn 0.0150 0.8872 0.4611
vn 0.0201 0.7472 -0.6643
vn -0.3152 -0.7252 -0.6122
vn -0.2433 -0.2941 -0.9243
vn -0.6065 -0.7902 -0.0881
vn -0.0174 -0.9814 -0.1912
vn 0.7545 -0.6380 -0.1538
vn -0.9019 -0.4033 -0.1545
vn -0.9015 -0.4327 -0.0106
vn 0.3881 0.6949 -0.6054
vn -0.9809 -0.0079 -0.1943
vn -0.9209 0.0320 -0.3884
vn -0.7642 0.6436 0.0426
vn -0.2981 -0.6245 -0.7219
vn -0.2784 0.1177 -0.9532
vn 0.2941 -0.9258 -0.2375
vn 0.6641 -0.6865 0.2961
vn 0.9094 0.4011 0.1096
vn -0.1775 0.2283 0.9573
vn 0.6285 0.7289 -0.2714
vn 0.7898 0.1052 -0.6042
vn -0.2645 -0.9583 -0.1082
vn 0.5522 -0.8196 -0.1528
vn 0.1959 0.6404 -0.7426
vn 0.3088 0.5785 -0.7550
vn 0.2693 0.8389 -0.4730
vn 0.3156 0.8491 -0.4235
vn 0.0550 0.4912 -0.8693
vn 0.1891 0.4273 -0.8841
vn 0.0700 -0.8994 0.4316
vn 0.7147 0.3113 -0.6263
vn 0.5263 0.8503 0.0050
vn 0.7513 0.0473 0.6583
vn 0.9201 -0.1405 -0.3656
vn 0.8743 -0.0970 -0.4756
vn 0.8958 -0.1405 -0.4218
vn 0.2449 -0.2002 -0.9487
vn -0.1209 0.9917 -0.0447
vn 0.5924 0.7874 0.1705
vn 0.8567 0.4259 -0.2910
vn -0.7598 -0.1593 0.6304
vn -0.6072 -0.6785 0.4135
vn 0.3176 0.9474 -0.0397
vn 0.8321 -0.5545 0.0144
vn 0.1784 -0.2120 -0.9609
vn 0.9944 -0.0188 0.1042
vn 0.9964 -0.0792 -0.0299
vn -0.1784 -0.1846 0.9665
vn 0.1779 0.3752 0.9097
vn 0.7243 -0.1464 -0.6738
vn 0.9453 -0.2740 -0.1767
vn -0.9507 -0.0540 -0.3053
vn -0.5550 -0.4948 -0.6687
vn -0.5724 -0.7213 0.3899
vn -0.9853 -0.0766 0.1527
vn -0.8933 0.0127 0.4492
vn -0.4012 0.0493 -0.9147
vn -0.7605 -0.2721 -0.5896
vn -0.3908 0.1156 -0.9132
vn -0.7537 -0.5997 0.2687
vn -0.7552 -0.6545 0.0372
vn -0.6667 -0.5941 0.4501
vn 0.0602 0.9942 0.0895
vn 0.3397 -0.0168 0.9404
vn 0.4215 0.1251 0.8982
vn -0.4782 0.3976 0.7831
vn -0.9456 0.2290 0.2311
vn -0.8978 -0.4036 0.1764
vn -0.6581 -0.6301 -0.4120
vn -0.5331 0.6036 0.5928
vn 0.1647 -0.0562 -0.9847
vn 0.0538 -0.4807 -0.8752
vn 0.5672 0.0840 0.8193
vn 0.0248 -0.9997 0.0004
vn 0.1471 0.9741 0.1719
vn 0.1676 0.5953 -0.7858
vn 0.6513 0.1842 0.7361
vn -0.5989 0.5027 0.6234
vn -0.0725 -0.3927 0.9168
vn 0.4677 0.2166 0.8569
vn 0.2350 -0.4963 0.8357
vn -0.1065 0.9935 -0.0404
vn -0.3791 0.1332 0.9157
vn -0.5579 0.4190 0.7164
vn 0.2533 -0.8999 0.3550
vn 0.5630 -0.1061 -0.8196
vn 0.8002 0.1227 -0.5871
vn 0.9563 -0.2456 -0.1589
vn -0.2505 0.6466 -0.7205
vn -0.2231 0.8797 -0.4199
vn -0.6119 -0.0627 -0.7884
vn -0.6574 -0.0610 -0.7511
vn -0.4368 -0.8990 -0.0308
vn 0.0234 0.7966 0.6040
vn 0.6048 -0.0671 -0.7935
vn 0.8744 0.4783 0.0812
vn 0.8920 0.3925 0.2242
vn -0.3929 0.9134 -0.1061
vn -0.0404 0.1848 0.9820
vn -0.0873 0.2388 0.9671
vn 0.1996 0.6146 0.7632
vn 0.0357 -0.9147 -0.4025
vn -0.3152 -0.9205 -0.2309
vn 0.9669 -0.1815 -0.1795
vn 0.8917 -0.4505 0.0443
vn 0.7068 0.0391 -0.7064
vn 0.8653 0.0334 0.5001
vn 0.7860 -0.0458 -0.6165
vn 0.9093 -0.1767 -0.3767
vn 0.5045 -0.0417 -0.8624
vn 0.5041 -0.0579 -0.8617
vn 0.4715 -0.0563 -0.8801
vn -0.8733 -0.4858 0.0364
vn -0.7569 0.3959 0.5199
vn -0.7379 0.1493 0.6581
vn -0.7388 0.0463 -0.6723
vn 0.1850 0.2379 0.9535
vn 0.1029 0.2398 0.9653
vn -0.7580 0.6455 -0.0941
vn -0.6876 0.6984 -0.1985
vn 0.1279 0.8383 -0.5301
vn 0.4192 -0.8274 -0.3736
vn 0.3651 -0.6645 -0.6520
vn -0.6559 -0.1563 -0.7385
vn -0.6105 -0.0619 -0.7896
vn -0.6568 0.2540 -0.7100
vn -0.8028 0.5484 0.2342
vn -0.1299 -0.2329 -0.9638
vn -0.2261 -0.2072 -0.9518
vn -0.1533 -0.5107 0.8460
vn -0.2327 -0.4328 0.8709
vn 0.3370 -0.6892 0.6414
vn -0.8294 -0.2804 0.4831
vn -0.2753 0.1753 0.9453
vn 0.2788 -0.8728 -0.4006
vn 0.8883 -0.4430 0.1212
vn 0.8930 0.0766 0.4434
vn 0.3462 -0.6828 -0.6434
vn -0.8649 0.1481 -0.4796
vn 0.9723 0.0464 -0.2291
vn 0.4442 0.7140 -0.5413
vn 0.8173 -0.2383 0.5245
vn -0.7592 0.0381 -0.6497
vn -0.9459 -0.3230 -0.0308
vn -0.9692 -0.2397 0.0558
vn -0.2501 0.3747 -0.8928
vn -0.4207 0.3097 -0.8527
vn -0.4479 -0.0808 -0.8904
vn -0.0046 -0.8062 -0.5916
vn -0.0010 -0.9307 -0.3658
vn -0.0394 -0.9192 -0.3918
vn -0.3443 -0.9071 -0.2420
vn -0.3183 -0.9369 -0.1448
vn 0.4649 -0.8800 -0.0976
vn -0.0455 -0.0650 0.9968
vn 0.0996 -0.9940 -0.0457
vn -0.4195 0.8321 -0.3627
vn 0.0604 -0.0696 -0.9957
vn 0.5355 -0.4842 -0.6919
vn -0.4936 -0.8697 0.0004
vn 0.4523 0.1146 0.8845
vn 0.5195 0.0956 0.8491
vn 0.0856 0.5556 -0.8270
vn 0.1454 -0.1498 -0.9780
vn 0.9676 -0.0398 -0.2492
vn -0.0379 -0.5775 -0.8155
vn 0.6473 0.0734 0.7587
vn 0.6107 0.0710 0.7887
vn 0.6778 0.0574 0.7330
vn 0.2254 -0.7409 0.6327
vn 0.5221 -0.7990 -0.2985
vn 0.5269 -0.8218 -0.2169
vn 0.6523 -0.7298 -0.2048
vn 0.8602 0.2547 -0.4418
vn 0.8354 -0.2643 -0.4820
vn 0.5703 0.8213 -0.0170
vn 0.8178 0.5701 -0.0786
vn 0.9827 0.1800 0.0427
vn -0.0283 -0.9734 -0.2274
vn -0.5795 0.6357 -0.5100
vn -0.6142 0.6331 -0.4710
vn -0.0425 0.9875 -0.1520
vn 0.7948 -0.6012 -0.0826
vn 0.9277 -0.2820 -0.2447
vn 0.0495 -0.5364 -0.8425
vn -0.0725 -0.4910 -0.8681
vn -0.2405 0.1786 -0.9541
vn -0.8742 -0.4815 -0.0630
vn -0.5080 -0.0847 -0.8572
vn 0.4383 0.5375 0.7204
vn 0.5958 0.0195 -0.8029
vn -0.5647 0.7273 -0.3900
vn -0.2409 0.7432 -0.6241
vn 0.9966 0.0274 -0.0783
vn 0.4568 -0.8405 0.2913
vn 0.8704 -0.4812 -0.1042
vn -0.8389 0.5049 0.2034
vn 0.8985 0.4021 0.1762
vn 0.3625 0.9245 0.1181
vn -0.6770 0.0353 -0.7352
vn -0.5730 -0.0217 -0.8193
vn -0.9540 -0.2683 -0.1335
vn 0.1742 -0.8679 -0.4652
vn 0.0191 -0.9270 0.3746
vn 0.8738 0.3531 -0.3344
vn 0.9203 0.1361 -0.3669
vn 0.8696 0.2111 0.4463
vn -0.9950 -0.0732 -0.0682
vn -0.6856 -0.6125 -0.3936
vn -0.0318 0.2300 -0.9727
vn -0.6512 -0.1200 -0.7493
vn -0.8752 -0.4539 0.1675
vn -0.7574 0.0817 -0.6478
vn 0.0791 0.9951 -0.0598
vn 0.0042 0.9045 -0.4265
vn 0.0969 0.8540 -0.5111
vn -0.6732 0.7245 -0.1480
vn 0.9587 -0.0302 0.2827
vn -0.3311 0.0823 0.9400
vn 0.4763 -0.0352 -0.8786
vn 0.0657 -0.5436 0.8368
vn -0.9517 0.3041 -0.0421
vn -0.9275 0.3211 0.1913
vn -0.7589 0.3450 -0.5523
vn -0.8194 0.4799 0.3135
vn 0.4688 -0.0256 -0.8829
vn 0.6881 0.2031 -0.6966
vn 0.0341 0.5928 -0.8046
vn 0.1854 -0.8653 0.4657
vn 0.2770 -0.7800 0.5611
vn -0.7478 0.0581 0.6614
vn -0.2843 -0.9499 -0.1296
vn -0.1746 0.8633 0.4735
vn -0.6218 -0.7829 0.0186
vn -0.2845 0.6848 0.6709
vn -0.4397 0.8639 0.2458
vn 0.4189 0.7569 0.5017
vn 0.9974 -0.0630 0.0363
vn 0.8974 0.4372 0.0601
vn -0.0038 0.3734 -0.9277
vn 0.9468 0.1989 -0.2530
vn 0.1359 -0.9882 -0.0702
vn 0.9211 0.2256 -0.3172
vn -0.8311 -0.3611 -0.4230
vn -0.8538 -0.5125 -0.0910
vn -0.0032 0.9431 0.3324
vn -0.0000 -0.6204 0.7843
vn -0.0501 -0.6108 0.7902
vn 0.3771 0.8909 0.2530
vn 0.5463 0.3357 -0.7674
vn 0.2156 -0.9500 -0.2258
vn 0.4528 -0.0687 -0.8890
vn 0.5132 -0.0487 -0.8569
vn 0.2535 0.1948 -0.9475
vn -0.4955 0.0949 0.8634
vn -0.4701 0.0989 0.8771
vn 0.0435 -0.3834 -0.9225
vn 0.0127 -0.3683 -0.9296
vn 0.3296 -0.0836 0.9404
vn 0.5989 0.4939 -0.6304
vn -0.8778 -0.0304 0.4781
vn -0.7327 0.6656 0.1415
vn -0.6544 0.7322 0.1889
vn 0.6718 0.7144 0.1958
vn -0.4954 -0.0664 -0.8661
vn 0.4586 0.8152 0.3537
vn -0.9269 -0.1417 0.3476
vn -0.0275 0.6008 -0.7989
vn -0.6028 0.0857 -0.7933
vn 0.6905 0.1530 -0.7070
vn 0.9851 0.1466 0.0903
vn 0.9472 0.2741 0.1664
vn 0.2144 -0.6476 -0.7312
vn 0.8552 -0.3272 0.4019
vn 0.7945 0.3345 -0.5069
vn 0.9728 -0.0794 -0.2174
vn 0.5493 0.5737 0.6076
vn -0.6091 -0.2156 0.7633
vn -0.9485 -0.0675 0.3095
vn -0.9539 0.0033 -0.3001
vn -0.6421 -0.0698 -0.7634
vn -0.7373 -0.6201 -0.2678
vn -0.9889 -0.0274 0.1463
vn 0.9543 0.0837 0.2868
vn 0.9980 0.0521 0.0348
vn 0.9858 0.0634 0.1555
vn -0.6539 -0.5924 -0.4707
vn 0.5089 -0.8592 -0.0532
vn 0.5502 -0.8341 -0.0388
vn 0.1985 0.8383 -0.5077
vn 0.1211 0.8526 -0.5084
vn -0.7701 0.1599 -0.6176
vn 0.6156 -0.0149 -0.7879
vn 0.8919 -0.0924 -0.4426
vn -0.5151 0.0867 -0.8527
vn 0.8982 0.2889 0.3314
vn 0.9871 -0.0860 0.1348
vn 0.5799 -0.0638 -0.8122
vn 0.9713 -0.1995 -0.1297
vn -0.5649 -0.0722 -0.8220
vn -0.5726 -0.0750 -0.8164
vn 0.9432 -0.3078 -0.1253
vn 0.9662 -0.2018 -0.1606
vn 0.9548 -0.2617 -0.1413
vn -0.1079 -0.1123 -0.9878
vn -0.6066 -0.5058 -0.6134
vn 0.0766 -0.5551 -0.8283
vn -0.4781 -0.7860 -0.3920
vn 0.3326 0.5399 0.7732
vn 0.9778 -0.0738 0.1961
vn 0.8223 -0.0827 0.5631
vn -0.0716 0.9774 -0.1989
vn 0.9110 0.1284 0.3919
vn 0.3705 0.7153 -0.5926
vn 0.5946 0.0627 0.8016
vn 0.9921 0.0107 -0.1249
vn 0.9780 0.0082 -0.2083
vn -0.7851 0.0617 0.6163
vn 0.2250 -0.3795 -0.8974
vn 0.3726 -0.8849 -0.2797
vn -0.4937 -0.8373 0.2348
vn 0.6584 -0.7494 -0.0702
vn -0.5720 -0.8132 0.1076
vn -0.9907 -0.0506 0.1263
vn -0.6930 0.6232 0.3625
vn 0.7703 0.0913 0.6311
vn -0.1483 0.5310 0.8343
vn 0.4548 -0.8887 -0.0582
vn -0.1551 -0.9876 -0.0250
vn -0.0522 -0.9977 0.0435
vn -0.9961 0.0876 0.0120
vn -0.6501 -0.6088 -0.4547
vn -0.0740 0.8517 -0.5188
vn -0.4682 -0.8827 -0.0414
vn 0.9813 -0.1147 0.1548
vn 0.9958 0.0472 0.0787
vn 0.1398 -0.8183 -0.5576
vn 0.2281 -0.2361 -0.9446
vn 0.0089 0.9856 -0.1689
vn -0.1030 0.9940 0.0382
vn -0.3022 0.8924 0.3352
vn -0.1096 0.9919 0.0648
vn 0.6947 -0.0660 -0.7162
vn 0.6157 0.1899 -0.7647
vn -0.1014 0.5969 -0.7959
vn -0.8179 -0.0963 0.5672
vn -0.5241 0.5105 0.6817
vn -0.9026 -0.3742 -0.2130
vn -0.8467 -0.4220 -0.3240
vn -0.8610 -0.4523 -0.2326
vn 0.7297 0.0214 0.6834
vn 0.4637 -0.4342 0.7723
vn 0.8482 -0.4800 -0.2239
vn 0.6646 0.1910 -0.7224
vn 0.9660 -0.2203 -0.1352
vn -0.5217 0.8175 0.2441
vn 0.2519 -0.1261 0.9595
vn -0.4861 -0.1464 0.8615
vn -0.4769 0.5769 0.6632
vn -0.4529 0.4033 -0.7952
vn 0.7520 -0.0608 -0.6563
vn 0.9772 0.0299 -0.2104
vn 0.9756 0.0929 -0.1989
vn 0.9743 0.1135 -0.1947
vn -0.3228 0.8288 0.4570
vn -0.5775 0.4256 0.6967
vn -0.5521 0.1899 0.8119
vn -0.8064 -0.0093 0.5913
vn 0.1569 0.2282 0.9609
vn 0.6103 0.4742 -0.6346
vn 0.1716 0.6382 0.7505
vn 0.3580 0.6034 0.7126
vn 0.4025 0.6139 0.6791
vn -0.9996 -0.0015 -0.0292
vn -0.9996 0.0273 0.0120
vn -0.6408 0.0032 0.7677
vn -0.5597 0.0676 0.8259
vn -0.0645 0.0063 0.9979
vn 0.6669 -0.2732 -0.6932
vn 0.9662 -0.2579 -0.0031
vn 0.6902 0.5773 -0.4364
vn -0.0855 -0.9955 -0.0407
vn 0.9143 -0.1555 0.3741
vn 0.9755 -0.1797 -0.1269
vn -0.2230 0.0696 0.9723
vn -0.5360 0.0434 0.8431
vn -0.2859 0.0571 0.9566
vn -0.8988 -0.3041 -0.3157
vn 0.3238 0.9440 -0.0641
vn -0.2786 0.4167 0.8653
vn -0.4923 0.6571 0.5708
vn 0.0236 -0.9470 -0.3203
vn 0.0244 -0.7986 -0.6014
vn -0.0876 -0.4887 0.8680
vn -0.0021 -0.6540 0.7565
vn -0.0018 -0.6215 0.7834
vn -0.9785 0.0440 0.2014
vn -0.4372 -0.7542 0.4900
vn -0.6659 -0.7402 -0.0933
vn -0.0157 0.5896 -0.8075
vn 0.0267 0.4663 -0.8842
vn -0.3179 0.2591 -0.9120
vn -0.1331 0.2318 0.9636
vn -0.0156 -0.9999 0.0004
vn -0.1902 0.9749 -0.1160
vn -0.2017 0.9477 -0.2474
vn -0.2969 0.9466 -0.1257
vn 0.8562 0.3272 0.3998
vn -0.4931 -0.2679 -0.8277
vn -0.1426 0.3052 -0.9416
vn 0.2049 0.8921 0.4027
vn 0.3544 0.8491 0.3917
vn -0.3218 0.8885 0.3270
vn -0.2418 0.9598 -0.1428
vn -0.0055 -0.9986 0.0532
vn -0.0068 -0.9985 0.0538
vn -0.6065 -0.2315 0.7606
vn 0.6031 0.4795 -0.6374
vn 0.9072 -0.2635 -0.3279
vn 0.9647 -0.0904 0.2473
vn -0.0056 0.9901 -0.1401
vn 0.4324 -0.0841 -0.8978
vn 0.1687 -0.1024 -0.9803
vn 0.0485 0.0250 0.9985
vn 0.7731 -0.5893 0.2345
vn -0.1656 -0.7685 -0.6180
vn 0.7500 -0.5909 0.2972
vn 0.7189 -0.0146 0.6950
vn 0.6709 -0.6042 0.4299
vn 0.7914 0.3715 -0.4855
vn 0.0198 -0.1431 0.9895
vn 0.3048 0.1764 0.9359
vn 0.3938 -0.3910 -0.8319
vn -0.6697 -0.1004 -0.7358
vn -0.6169 -0.1810 -0.7660
vn -0.4482 0.6856 0.5737
vn 0.5085 0.0723 0.8580
vn 0.8947 -0.1501 0.4208
vn -0.2246 0.5554 0.8007
vn 0.7359 0.5994 -0.3150
vn 0.7364 0.6137 0.2846
vn -0.8721 -0.1599 -0.4625
vn -0.9235 -0.2214 -0.3133
vn -0.7588 0.1265 0.6389
vn 0.2488 0.9673 -0.0486
vn 0.2833 -0.9562 0.0731
vn -0.5778 -0.8126 -0.0762
vn -0.5371 0.8291 0.1551
vn -0.5594 -0.8027 -0.2066
vn -0.6484 -0.6680 -0.3652
vn -0.0782 0.4141 -0.9069
vn -0.5024 0.8068 -0.3109
vn -0.4212 0.8917 -0.1656
vn 0.8028 -0.4683 -0.3689
vn -0.2195 -0.8082 -0.5464
vn -0.1771 -0.6749 -0.7164
vn 0.0061 -0.6764 -0.7365
vn -0.0369 -0.6832 -0.7293
vn 0.7493 0.6601 0.0539
vn 0.9706 0.0532 -0.2348
vn 0.8000 0.5992 0.0315
vn 0.8987 0.4384 -0.0098
vn 0.7926 0.6082 0.0432
vn 0.0327 0.8653 -0.5002
vn -0.0674 -0.2100 -0.9754
vn -0.9715 -0.1270 -0.2002
vn 0.5572 -0.1641 -0.8140
vn -0.0986 0.4857 0.8685
vn 0.6392 -0.0312 -0.7684
vn 0.7061 -0.0378 -0.7071
vn 0.4133 -0.4425 -0.7959
vn 0.8896 0.1852 -0.4176
vn 0.6344 0.4629 0.6190
vn 0.6318 0.4395 0.6385
vn -0.3481 0.8613 -0.3702
vn -0.3926 0.8313 -0.3935
vn 0.8612 0.4098 0.3006
vn -0.7169 0.1191 0.6869
vn -0.4018 0.0233 0.9154
vn 0.7113 0.2088 -0.6711
vn -0.8520 0.4436 0.2781
vn -0.0298 -0.2570 -0.9659
vn -0.0380 -0.2532 -0.9667
vn -0.9887 -0.0836 -0.1243
vn 0.3290 -0.5101 -0.7947
vn -0.1411 -0.8290 0.5411
vn 0.0434 -0.6990 0.7138
vn -0.5340 -0.8329 0.1453
vn 0.4809 -0.8033 -0.3513
vn -0.9603 0.2791 0.0007
vn -0.2414 -0.9450 -0.2207
vn 0.1568 0.8500 0.5029
vn 0.1651 0.2606 -0.9512
vn 0.8371 -0.5387 -0.0959
vn -0.9012 0.2209 -0.3729
vn -0.8765 0.2993 -0.3771
vn -0.8814 0.2974 -0.3671
vn 0.6653 0.1965 0.7203
vn -0.8414 -0.4082 -0.3542
vn -0.8830 -0.4185 0.2123
vn -0.9624 0.0022 -0.2715
vn 0.1602 0.9389 -0.3047
vn 0.2021 0.9692 -0.1407
vn -0.9304 0.2571 0.2613
vn 0.7575 0.0479 0.6511
vn 0.7910 0.0579 0.6090
vn 0.2689 -0.1207 -0.9556
vn 0.9309 -0.3307 -0.1550
vn -0.0577 0.9938 -0.0956
vn -0.0954 0.9698 -0.2246
vn -0.3965 -0.0718 0.9152
vn 0.5810 -0.0662 -0.8112
vn -0.8561 0.4699 0.2152
vn 0.4420 0.2437 0.8633
vn -0.5227 -0.8460 -0.1052
vn -0.3576 0.8087 0.4671
vn -0.2797 0.8056 0.5223
vn 0.3549 0.8757 0.3275
vn 0.1659 0.4344 0.8853
vn 0.9989 -0.0431 0.0173
vn -0.9308 0.1774 0.3196
vn -0.9452 0.0087 0.3263
vn 0.7790 0.1687 0.6039
vn 0.7211 0.1705 0.6715
vn -0.8892 0.3784 -0.2570
vn -0.2899 0.7525 0.5913
vn -0.1152 0.0824 0.9899
vn -0.9766 0.2146 -0.0153
vn 0.7349 -0.6322 -0.2454
vn -0.1151 -0.6552 0.7466
vn -0.4024 -0.6495 0.6451
vn -0.0041 0.2704 -0.9627
vn -0.0044 0.3364 -0.9417
vn 0.0692 0.3377 -0.9387
vn -0.5240 -0.1708 0.8344
vn -0.5054 0.3998 0.7647
vn -0.2991 -0.9037 0.3065
vn 0.6576 -0.7497 -0.0744
vn -0.9734 0.2289 0.0096
vn -0.9943 0.1028 -0.0287
vn -0.4267 -0.4856 0.7630
vn 0.2310 0.2154 0.9488
vn 0.4144 0.6157 0.6702
vn 0.2337 -0.7933 0.5621
vn -0.9506 -0.0256 -0.3092
vn -0.3700 -0.5856 -0.7213
vn 0.7515 0.0739 -0.6556
vn 0.6904 -0.4835 -0.5381
vn 0.8248 -0.3463 -0.4470
vn -0.5446 0.1721 -0.8208
vn -0.4393 0.0636 -0.8961
vn 0.8263 0.0090 -0.5632
vn 0.1678 -0.6064 -0.7773
vn 0.3371 -0.8823 -0.3285
vn -0.3517 0.1685 0.9208
vn -0.1389 -0.2244 0.9645
vn 0.9082 -0.0169 -0.4183
vn 0.1080 -0.9025 0.4170
vn -0.5819 0.7539 -0.3051
vn 0.0064 0.9929 -0.1191
vn -0.0173 0.9920 -0.1251
vn -0.9075 -0.4073 -0.1027
vn -0.8356 -0.5445 -0.0729
vn -0.8716 -0.4836 0.0804
vn 0.9818 -0.1315 -0.1371
vn 0.5797 0.6854 -0.4407
vn 0.6135 0.5971 -0.5168
vn -0.8281 0.1898 0.5274
vn -0.8685 -0.0260 0.4950
vn -0.9184 -0.0393 0.3936
vn -0.5945 0.0576 -0.8021
vn -0.5620 0.0514 0.8255
vn -0.9996 0.0168 -0.0208
vn -0.9909 0.0670 0.1167
vn 0.7751 -0.2828 0.5650
vn 0.2400 0.3399 -0.9093
vn 0.9963 -0.0360 -0.0774
vn 0.9979 -0.0648 0.0081
vn 0.4723 -0.0664 -0.8789
vn 0.5170 -0.0941 -0.8508
vn -0.9428 0.0896 -0.3212
vn 0.5388 0.3890 -0.7472
vn -0.2033 -0.3822 -0.9014
vn 0.3412 0.7019 -0.6252
vn 0.8179 -0.5556 -0.1493
vn -0.0351 0.7503 0.6602
vn 0.8585 0.1935 0.4750
vn 0.7353 -0.0125 0.6777
vn -0.6067 0.5896 -0.5333
vn -0.8296 0.5583 -0.0006
vn -0.8415 -0.4900 -0.2275
vn -0.9854 0.1694 -0.0151
vn 0.6096 -0.0506 -0.7911
vn 0.1163 0.9599 -0.2553
vn -0.9557 0.0745 -0.2847
vn -0.9222 0.0191 -0.3863
vn 0.6952 0.7153 0.0707
vn 0.4960 0.6659 -0.5573
vn 0.8418 0.5269 -0.1172
vn 0.4316 0.1091 0.8955
vn 0.3358 0.3443 0.8767
vn -0.1177 -0.3900 0.9133
vn -0.5543 -0.7753 0.3028
vn -0.9910 0.1054 -0.0829
vn -0.9689 0.1571 0.1910
vn -0.9680 0.1418 -0.2070
vn -0.3781 0.1548 0.9127
vn -0.8713 0.0077 -0.4907
vn -0.1441 -0.6482 0.7477
vn -0.6801 -0.7184 -0.1462
vn 0.4090 -0.2081 0.8885
vn 0.0146 0.2399 -0.9707
vn 0.0075 0.1068 -0.9942
vn 0.9621 0.0828 0.2597
vn 0.5904 -0.7919 -0.1561
vn 0.6673 -0.7328 -0.1332
vn 0.6802 -0.7257 -0.1037
vn -0.5434 -0.0996 -0.8335
vn -0.5994 -0.0912 -0.7953
vn 0.3215 -0.1766 -0.9303
vn 0.2569 -0.2032 -0.9448
vn -0.3466 0.6657 0.6609
vn -0.3010 0.6722 0.6764
vn 0.4075 -0.8774 0.2531
vn 0.8031 0.5185 0.2934
vn -0.1583 0.9138 -0.3740
vn 0.3295 0.8280 -0.4536
vn -0.6026 -0.7797 -0.1702
vn 0.7955 -0.5367 -0.2814
vn -0.1726 -0.7116 0.6810
vn 0.3547 -0.8582 0.3709
vn -0.5866 0.5811 -0.5641
vn -0.0589 0.9226 -0.3813
vn -0.8987 -0.4360 -0.0478
vn -0.6569 -0.1565 -0.7376
vn -0.6996 -0.1437 -0.6999
vn -0.7162 0.1937 0.6705
vn -0.4345 -0.0697 0.8980
vn -0.1739 -0.4532 -0.8743
vn -0.6711 -0.5144 -0.5338
vn -0.8962 0.1500 -0.4175
vn 0.4188 -0.8530 -0.3115
vn -0.8750 -0.2679 0.4033
vn -0.8296 -0.3620 0.4251
vn -0.6997 -0.6706 0.2463
vn 0.9272 -0.3673 0.0733
vn 0.6364 -0.7507 0.1772
vn -0.6969 -0.2278 -0.6801
vn -0.7139 -0.3019 -0.6319
vn -0.0213 -0.2040 -0.9787
vn 0.0636 -0.2180 -0.9739
vn 0.3648 0.1612 -0.9170
vn 0.4221 0.1139 -0.8994
vn -0.8039 0.0531 0.5924
vn -0.8009 0.0584 0.5960
vn -0.7727 0.0601 0.6319
vn -0.6693 0.7429 -0.0154
vn -0.9679 -0.0102 -0.2512
vn 0.9716 0.1116 -0.2087
vn -0.2968 0.2341 0.9258
vn -0.9323 -0.3378 -0.1293
vn 0.5814 -0.8025 -0.1341
vn -0.3344 0.8913 0.3063
vn -0.7199 -0.0263 -0.6936
vn 0.7385 0.2134 -0.6396
vn 0.2976 0.6342 -0.7136
vn -0.5560 -0.4595 -0.6926
vn 0.9785 -0.0574 -0.1980
vn 0.8251 0.5635 -0.0413
vn -0.2883 0.1620 0.9437
vn -0.0926 0.2052 0.9743
vn 0.0032 -0.0005 1.0000
vn 0.6341 -0.3720 0.6778
vn -0.9628 0.2401 -0.1243
vn -0.1628 0.0036 0.9867
vn 0.5601 0.7035 -0.4373
vn 0.4740 0.8093 -0.3469
vn -0.8298 0.1614 0.5343
vn -0.5615 -0.0700 0.8245
vn -0.0208 -0.1922 0.9811
vn 0.1413 -0.2826 0.9488
vn -0.2498 -0.7292 -0.6371
vn 0.3841 -0.8046 -0.4528
vn -0.7370 -0.5260 0.4245
vn -0.8787 -0.2605 -0.3999
vn 0.8279 0.4819 0.2872
vn 0.8310 0.3862 0.4004
vn 0.6208 0.7779 -0.0980
vn 0.5031 0.6628 -0.5546
vn 0.7936 -0.5187 -0.3180
vn -0.0071 -0.9988 0.0489
vn 0.2552 -0.5587 0.7891
vn 0.8470 -0.5312 -0.0212
vn 0.4920 0.8649 0.0995
vn -0.1132 0.7260 0.6783
vn -0.1347 0.5772 0.8054
vn -0.6180 -0.0703 -0.7831
vn -0.7676 0.5815 -0.2695
vn -0.0109 -0.0701 0.9975
vn 0.2444 -0.0991 0.9646
vn 0.3740 -0.1481 0.9155
vn 0.9788 -0.0107 0.2044
vn 0.4591 0.1679 -0.8724
vn 0.4878 0.2183 -0.8452
vn -0.9143 -0.4018 0.0502
vn -0.8102 -0.1415 0.5688
vn -0.9200 -0.3919 -0.0017
vn -0.4780 0.7455 -0.4645
vn -0.6106 0.0780 0.7881
vn -0.6431 0.0673 0.7628
vn 0.8887 -0.2410 -0.3901
vn 0.9263 -0.1124 -0.3597
vn -0.0303 0.6513 0.7582
vn 0.1702 0.6503 0.7404
vn 0.4193 -0.7836 0.4584
vn -0.3637 -0.8145 0.4520
vn 0.4921 -0.8035 -0.3351
vn 0.4078 -0.8253 -0.3905
vn 0.5773 0.0877 0.8118
vn 0.1876 0.5141 -0.8370
vn -0.6667 -0.0495 -0.7436
vn -0.9660 0.2583 -0.0110
vn -0.9266 0.3746 0.0328
vn -0.9246 0.3786 -0.0425
vn -0.4371 -0.8994 -0.0092
vn -0.4447 0.4941 0.7471
vn 0.3548 0.0485 -0.9337
vn 0.7068 -0.3498 -0.6148
vn 0.3699 0.0053 -0.9291
vn 0.6755 0.2943 -0.6761
vn -0.8305 -0.0767 -0.5518
vn -0.7379 -0.0443 -0.6734
vn -0.9657 -0.1771 -0.1899
vn -0.6346 0.0696 0.7697
vn -0.6990 0.0630 0.7124
vn -0.9652 0.2324 0.1200
vn -0.9264 0.3724 -0.0560
vn -0.9964 0.0795 -0.0305
vn -0.9985 0.0505 -0.0220
vn -0.0570 0.9812 0.1846
vn 0.8555 0.1130 0.5053
vn 0.1003 0.4217 -0.9012
vn 0.0221 0.2444 -0.9694
vn 0.9019 -0.3493 0.2540
vn 0.8092 -0.2682 0.5228
vn -0.9516 0.0668 -0.3000
vn -0.6132 -0.7338 -0.2925
vn -0.9518 0.0926 -0.2923
vn -0.8831 -0.4684 -0.0270
vn -0.9427 -0.3319 -0.0333
vn -0.6785 0.6888 0.2555
vn -0.5186 -0.8144 -0.2604
vn -0.7433 0.6430 -0.1844
vn -0.6445 -0.0170 0.7644
vn 0.8907 0.3712 -0.2624
vn 0.4030 -0.6933 0.5975
vn 0.6642 -0.6377 0.3902
vn -0.6414 -0.2576 -0.7227
vn -0.5267 -0.1551 -0.8358
vn -0.2322 -0.7998 -0.5535
vn -0.4815 -0.0727 -0.8734
vn 0.1690 0.7864 0.5941
vn -0.4414 0.0401 0.8964
vn -0.7453 0.0593 0.6641
vn -0.3499 -0.7013 -0.6211
vn -0.9802 -0.0999 -0.1712
vn -0.5201 -0.8482 0.1002
vn -0.9532 0.2874 0.0933
vn -0.2274 -0.5096 -0.8298
vn -0.9775 -0.1137 0.1779
vn -0.6332 -0.7728 0.0415
vn -0.0178 -0.9951 0.0971
vn 0.1211 -0.9606 0.2502
vn -0.0239 -0.9981 0.0561
vn 0.0036 -0.8114 -0.5845
vn -0.0025 -0.7991 -0.6012
vn -0.3894 -0.5017 -0.7724
vn -0.4550 -0.1002 -0.8848
vn -0.4632 -0.0711 -0.8834
vn -0.5102 -0.0732 -0.8569
vn 0.7400 -0.0012 0.6726
vn 0.3578 0.8192 -0.4482
vn 0.1659 -0.4762 0.8635
vn 0.6438 -0.3380 -0.6865
vn -0.9343 -0.3454 0.0881
vn 0.3204 0.6952 0.6434
vn 0.8877 -0.1625 0.4307
vn 0.5763 0.6274 0.5237
vn -0.8469 -0.1080 0.5206
vn -0.8688 -0.2595 0.4217
vn -0.0774 0.0670 -0.9947
vn -0.9458 -0.2691 -0.1817
vn -0.9321 -0.3009 -0.2014
vn -0.5617 -0.5757 -0.5942
vn 0.5754 -0.8053 0.1430
vn -0.5946 0.0832 0.7997
vn -0.6135 0.0777 0.7859
vn 0.8817 -0.2702 -0.3869
vn -0.3586 0.5601 0.7467
vn -0.3182 0.6467 0.6932
vn 0.9986 -0.0508 -0.0138
vn 0.9955 -0.0386 0.0861
vn 0.9965 -0.0085 0.0832
vn 0.5494 0.7627 -0.3413
vn 0.0152 -0.3778 0.9257
vn -0.4278 0.9014 -0.0669
vn -0.5893 0.8079 -0.0092
vn -0.6669 0.7386 0.0987
vn 0.6310 -0.5412 0.5558
vn -0.3094 -0.7527 -0.5812
vn 0.6490 -0.2375 0.7228
vn 0.1950 -0.9566 0.2164
vn 0.2168 -0.6726 -0.7075
vn -0.0399 0.8531 -0.5202
vn -0.9979 -0.0627 -0.0138
vn 0.6652 0.4947 0.5592
vn 0.3381 -0.8342 -0.4356
vn 0.8614 -0.1341 0.4899
vn -0.5947 -0.0424 -0.8028
vn 0.1138 0.9458 -0.3040
vn -0.6104 -0.5076 -0.6080
vn -0.8247 0.0739 -0.5607
vn 0.9452 -0.2609 -0.1964
vn -0.7786 0.5097 0.3661
vn 0.4252 -0.1293 -0.8958
vn 0.0557 0.9383 0.3414
vn -0.0018 0.9796 -0.2011
vn 0.1250 0.2848 -0.9504
vn 0.4748 0.1385 -0.8691
vn -0.2896 0.5178 0.8050
vn 0.0887 -0.3028 0.9489
vn 0.9379 0.3452 0.0354
vn 0.0335 0.9981 -0.0517
vn -0.1500 0.5267 0.8367
vn 0.3248 0.7168 -0.6169
vn 0.3865 -0.5498 0.7405
vn -0.6569 0.0973 0.7476
vn -0.6667 0.0744 0.7416
vn -0.0561 -0.9980 -0.0296
vn -0.0422 -0.9987 -0.0277
vn 0.2914 -0.1813 -0.9393
vn 0.6171 -0.0693 -0.7838
vn 0.6032 -0.0769 -0.7938
vn 0.1423 -0.3395 0.9298
vn 0.8166 -0.1316 0.5619
vn -0.8141 0.2391 -0.5292
vn -0.8428 0.3526 -0.4066
vn -0.7910 0.3815 -0.4784
vn -0.3856 0.0902 -0.9182
vn -0.4842 0.7782 -0.3999
vn 0.6062 0.6692 -0.4299
vn 0.1300 0.0088 -0.9915
vn 0.1785 0.4842 0.8565
vn 0.2557 0.4616 0.8494
vn 0.2895 0.5299 0.7971
vn 0.7954 -0.5546 0.2444
vn 0.6626 -0.6709 0.3330
vn 0.7237 -0.6240 0.2947
vn 0.0771 -0.2448 -0.9665
vn -0.7010 -0.0473 -0.7116
vn -0.1475 0.8844 0.4429
vn -0.0862 0.9953 0.0430
vn -0.3194 -0.9358 -0.1495
vn 0.9731 0.1565 0.1692
vn 0.9199 0.3922 0.0022
vn 0.7602 -0.5885 0.2752
vn -0.0199 0.5603 -0.8280
vn -0.0635 -0.4680 -0.8814
vn 0.1469 -0.5166 -0.8435
vn 0.9914 -0.0524 0.1199
vn -0.9972 -0.0104 0.0736
vn -0.9811 -0.0157 0.1929
vn -0.9435 -0.0719 0.3235
vn 0.8963 -0.0534 0.4401
vn -0.0620 -0.1229 0.9905
vn 0.9107 -0.0744 0.4062
vn -0.7708 0.5283 0.3561
vn -0.8642 0.3913 0.3163
vn -0.9607 0.2164 -0.1739
vn 0.5026 -0.0784 -0.8610
vn -0.6081 -0.0575 0.7917
vn 0.9277 -0.3611 -0.0944
vn -0.5207 0.5288 -0.6703
vn -0.4574 0.4870 -0.7441
vn 0.6982 0.0047 -0.7159
vn -0.0203 0.4917 0.8705
vn 0.6263 0.4228 -0.6550
vn 0.0211 -0.6827 -0.7304
vn -0.9807 -0.1944 0.0209
vn 0.9110 -0.4031 0.0866
vn -0.6533 -0.7452 0.1340
vn -0.6590 -0.7458 0.0973
vn 0.9975 0.0211 -0.0667
vn 0.9998 -0.0016 -0.0215
vn 0.2666 -0.9262 -0.2666
vn 0.3853 -0.9133 0.1317
vn 0.4036 -0.8898 -0.2131
vn -0.3644 -0.0215 0.9310
vn -0.0607 -0.0219 0.9979
vn 0.7527 0.3584 0.5523
vn 0.5955 0.5048 -0.6250
vn 0.6656 0.6333 -0.3949
vn -0.0640 0.7363 -0.6736
vn 0.0577 0.0311 -0.9978
vn 0.0501 0.8001 -0.5978
vn 0.4686 -0.6026 0.6460
vn 0.4159 -0.8297 0.3722
vn -0.0917 0.7376 -0.6689
vn -0.0839 0.9944 -0.0638
vn -0.3563 0.9270 -0.1173
vn 0.7881 0.1304 -0.6016
vn -0.3060 0.9153 -0.2619
vn -0.3539 -0.5537 0.7537
vn 0.4633 -0.8585 -0.2197
vn 0.2562 -0.9636 -0.0765
vn -0.9970 0.0765 -0.0080
vn -0.8558 0.4810 0.1901
vn -0.5932 0.5924 -0.5451
vn 0.9891 0.0959 0.1117
vn 0.4221 -0.8920 0.1620
vn -0.7024 -0.4632 0.5404
vn 0.9683 -0.1553 -0.1954
vn -0.7764 0.0507 0.6282
vn -0.0119 0.3716 -0.9283
vn -0.0698 0.9877 0.1400
vn -0.9177 -0.3284 0.2235
vn 0.2703 0.9460 -0.1791
vn 0.0197 0.0798 0.9966
vn -0.4597 0.0273 -0.8877
vn 0.8709 0.1912 -0.4527
vn -0.8177 -0.1306 -0.5607
vn -0.6982 -0.4838 -0.5277
vn -0.7728 0.5644 -0.2903
vn -0.5207 -0.4063 0.7509
vn 0.0177 -0.9322 -0.3614
vn 0.5222 -0.8278 -0.2051
vn -0.6003 0.7912 -0.1167
vn -0.5051 0.8262 -0.2497
vn 0.5630 0.6218 -0.5444
vn -0.1650 0.9527 -0.2552
vn -0.9971 0.0444 0.0610
vn 0.0124 -0.6958 0.7182
vn -0.7647 -0.5458 -0.3427
vn -0.8600 -0.1173 -0.4967
vn -0.9246 0.0358 0.3793
vn 0.7833 -0.1985 0.5891
vn 0.7354 -0.2380 0.6345
vn -0.9990 0.0279 -0.0352
vn 0.8142 -0.5785 0.0488
vn 0.9702 -0.1232 0.2086
vn -0.6675 -0.2899 0.6859
vn 0.4948 0.5689 -0.6569
vn 0.5215 0.4179 -0.7439
vn -0.0501 -0.8445 -0.5332
vn 0.1429 -0.5024 -0.8528
vn 0.0215 -0.1397 -0.9900
vn 0.8410 0.2779 -0.4642
vn -0.6529 0.7516 0.0936
vn -0.7382 -0.4235 -0.5251
vn 0.5112 -0.2639 -0.8180
vn 0.6058 -0.0706 -0.7925
vn 0.8407 0.2482 -0.4812
vn -0.3167 0.3007 -0.8996
vn -0.2336 0.1616 -0.9588
vn -0.1628 -0.7780 -0.6068
vn -0.3424 -0.9356 0.0859
vn -0.4371 -0.2125 -0.8739
vn 0.5476 0.7966 0.2561
vn 0.6134 -0.6156 0.4948
vn -0.3716 -0.9021 0.2196
vn -0.0521 -0.9144 0.4015
vn 0.0107 -0.6437 0.7652
vn -0.9369 -0.3330 0.1064
vn 0.5607 -0.2787 0.7797
vn 0.6620 0.0046 -0.7495
vn 0.6716 -0.3013 -0.6769
vn 0.4838 -0.6846 -0.5453
vn -0.6249 -0.0522 -0.7790
vn -0.3969 0.1098 -0.9113
vn 0.5903 0.5846 -0.5567
vn 0.9111 0.0323 -0.4109
vn 0.9959 0.0084 0.0897
vn 0.0382 0.2116 0.9766
vn 0.3852 -0.8612 -0.3318
vn -0.8394 -0.5297 0.1215
vn -0.4947 0.1044 0.8628
vn -0.4304 0.1257 0.8938
vn 0.8539 -0.0566 -0.5174
vn -0.9959 0.0145 0.0896
vn -0.3717 -0.2224 0.9013
vn -0.6264 -0.2385 -0.7421
vn 0.6442 -0.1032 -0.7579
vn 0.1736 -0.7996 0.5750
vn 0.4732 0.0328 0.8804
vn 0.1266 -0.7334 0.6679
vn 0.8864 -0.1726 -0.4295
vn 0.7873 -0.0359 -0.6155
vn -0.9880 0.1051 -0.1136
vn -0.0472 0.7593 0.6490
vn 0.1403 0.6422 0.7536
vn -0.5488 0.0559 -0.8341
vn 0.8564 -0.0139 0.5161
vn 0.9874 -0.1415 -0.0709
vn -0.4138 -0.7665 0.4912
vn -0.5216 -0.8523 -0.0387
vn 0.0768 0.4716 -0.8785
vn -0.9384 -0.2191 -0.2672
vn 0.0211 -0.5785 0.8154
vn -0.3523 -0.8349 0.4228
vn 0.6959 -0.6714 0.2550
vn -0.4551 -0.8116 0.3663
vn -0.4122 -0.3913 0.8228
vn -0.0309 -0.5710 0.8204
vn 0.5346 -0.7559 -0.3779
vn -0.7749 -0.4987 -0.3884
vn -0.4746 -0.2451 -0.8454
vn -0.0142 -0.2168 -0.9761
vn -0.6438 -0.5808 -0.4982
vn -0.5632 -0.6833 -0.4647
vn 0.0772 0.9621 0.2616
vn 0.7563 -0.2648 -0.5982
vn 0.0691 -0.7408 -0.6681
vn 0.1503 0.2109 0.9659
vn 0.2367 -0.8654 0.4416
vn 0.8963 -0.3510 0.2711
vn 0.7563 -0.6398 -0.1366
vn 0.9592 -0.2828 0.0018
vn -0.9000 -0.2766 0.3368
vn -0.7735 -0.2818 0.5677
vn -0.1709 0.7810 -0.6007
vn -0.7444 -0.0176 -0.6675
vn -0.6179 -0.7328 0.2849
vn -0.6158 -0.7519 -0.2354
vn -0.6531 -0.7510 -0.0976
vn -0.8019 0.4810 -0.3544
vn -0.2490 0.7618 -0.5981
vn -0.9452 0.3073 0.1103
vn 0.6917 0.7197 0.0600
vn 0.6908 0.7099 -0.1373
vn -0.1976 -0.9516 0.2353
vn 0.4228 -0.5803 0.6961
vn -0.9858 0.1082 -0.1282
vn -0.9589 0.0337 -0.2816
vn 0.7064 -0.5958 -0.3821
vn 0.9737 0.0645 -0.2185
vn 0.9814 0.1228 -0.1473
vn -0.6915 0.3020 0.6562
vn -0.6507 0.3225 0.6874
vn -0.2452 0.7822 0.5727
vn -0.3071 0.7347 0.6049
vn -0.0011 -0.7241 0.6897
vn 0.8912 0.4532 0.0174
vn -0.4197 0.4912 0.7633
vn -0.2942 0.7524 0.5894
vn -0.0293 0.7006 0.7130
vn 0.2838 0.3187 0.9044
vn -0.2168 -0.7598 -0.6129
vn -0.1655 -0.4062 -0.8987
vn 0.5725 0.8149 -0.0908
vn 0.7008 0.3043 -0.6452
vn 0.0644 0.9569 -0.2833
vn -0.5560 0.0853 0.8268
vn -0.5732 0.8182 -0.0444
vn -0.7652 0.2160 -0.6065
vn -0.8705 -0.4858 -0.0785
vn -0.8085 -0.5812 -0.0929
vn 0.4423 -0.8814 -0.1657
vn 0.4650 -0.8424 -0.2724
vn 0.5676 -0.7984 -0.2009
vn -0.3925 0.8475 -0.3572
vn 0.9396 -0.2256 0.2575
vn 0.1623 -0.3797 -0.9108
vn 0.9474 0.2537 -0.1952
vn -0.5974 0.4604 -0.6566
vn 0.0014 0.9781 -0.2081
vn -0.0449 0.9927 0.1121
vn -0.0038 0.9438 0.3305
vn -0.5992 0.7381 -0.3101
vn -0.8985 0.4178 0.1349
vn -0.0862 0.3833 -0.9196
vn 0.3598 0.5324 -0.7662
vn -0.3296 0.8594 -0.3909
vn 0.0401 -0.4572 -0.8885
vn 0.0709 0.6147 0.7856
vn -0.8484 0.5050 0.1585
vn -0.7901 -0.1350 0.5980
vn -0.8034 -0.0257 -0.5949
vn 0.5604 -0.3197 -0.7640
vn 0.4972 -0.2683 -0.8251
vn 0.7707 0.5799 -0.2640
vn 0.5380 0.6651 -0.5180
vn 0.5389 -0.0519 -0.8408
vn 0.5123 -0.0755 -0.8555
vn 0.4390 -0.0195 -0.8983
vn -0.3076 0.9044 -0.2958
vn -0.5885 0.3805 -0.7134
vn 0.7855 0.2447 -0.5685
vn -0.5805 0.0535 0.8125
vn 0.6689 -0.7416 -0.0507
vn 0.5753 -0.8135 0.0853
vn 0.7601 -0.0941 -0.6430
vn 0.9599 0.0457 -0.2767
vn -0.9819 0.1875 -0.0280
vn -0.9671 0.2481 -0.0556
vn 0.9403 -0.2376 -0.2438
vn 0.9500 -0.3118 -0.0156
vn -0.7342 -0.5192 0.4375
vn -0.0195 -0.3304 -0.9436
vn 0.5221 -0.5972 -0.6089
vn 0.7130 -0.5682 -0.4108
vn 0.3804 -0.7253 -0.5738
vn -0.0700 0.3119 -0.9475
vn -0.2753 0.1912 0.9422
vn -0.2245 0.2102 0.9515
vn -0.6417 -0.5374 -0.5472
vn -0.8288 -0.0598 -0.5564
vn -0.0923 0.9677 0.2348
vn 0.9893 0.0210 -0.1447
vn 0.6848 -0.0690 -0.7254
vn 0.7255 -0.2355 -0.6467
vn 0.6458 -0.2247 -0.7297
vn -0.6413 -0.5752 -0.5079
vn -0.7624 -0.3389 -0.5513
vn -0.1395 -0.9108 0.3887
vn -0.4767 -0.1739 -0.8617
vn -0.3594 -0.1412 0.9225
vn -0.3812 0.5739 0.7248
vn -0.0923 0.8395 -0.5355
vn -0.8266 -0.5543 -0.0976
vn -0.9838 0.1541 0.0911
vn 0.0076 -0.6361 0.7716
vn 0.6129 0.0798 0.7861
vn -0.2971 -0.7088 0.6398
vn -0.0421 -0.9012 0.4313
vn -0.3323 -0.4145 0.8472
vn 0.9174 -0.3964 0.0355
vn 0.8999 -0.4317 0.0615
vn -0.1033 -0.2144 -0.9713
vn -0.0070 -0.2367 -0.9716
vn 0.9066 0.3854 -0.1722
vn -0.1256 0.9466 0.2969
vn 0.7513 0.4390 0.4928
vn 0.8906 0.3011 0.3408
vn 0.9572 -0.2762 -0.0870
vn -0.9997 0.0232 0.0114
vn -0.4847 -0.3898 0.7830
vn -0.1303 -0.5855 0.8002
vn -0.2539 -0.2627 0.9309
vn 0.2562 -0.5930 0.7634
vn -0.7265 0.4430 0.5253
vn -0.8217 -0.1767 0.5419
vn 0.1618 0.6841 0.7112
vn -0.0042 -0.7544 0.6564
vn 0.1327 -0.9887 0.0694
vn -0.6684 -0.7422 0.0500
vn -0.5373 -0.8359 0.1122
vn 0.9416 -0.1048 -0.3199
vn 0.0407 0.9546 -0.2951
vn -0.3683 -0.2938 -0.8821
vn -0.6524 0.5188 -0.5525
vn 0.3571 0.0178 0.9339
vn 0.4414 -0.5718 0.6915
vn 0.6886 -0.6241 0.3691
vn 0.7089 -0.5505 0.4409
vn -0.9679 0.1953 0.1584
vn -0.7080 0.6854 0.1703
vn 0.1069 -0.9942 0.0138
vn -0.2033 -0.7095 0.6747
vn 0.1031 0.1533 -0.9828
vn -0.0257 0.1952 -0.9804
vn -0.9144 -0.2107 -0.3457
vn -0.4259 0.7906 0.4399
vn -0.2460 0.3408 0.9074
vn -0.6391 0.3342 0.6927
vn 0.5431 -0.1730 -0.8216
vn -0.9662 0.2579 0.0071
vn -0.5266 0.4788 0.7024
vn -0.9627 0.0685 0.2617
vn 0.3328 0.7311 0.5956
vn -0.1662 -0.2582 -0.9517
vn -0.3374 -0.8249 -0.4535
vn -0.1400 -0.1611 -0.9770
vn -0.2765 -0.6175 -0.7364
vn -0.3451 0.7538 0.5592
vn -0.7351 0.6449 0.2092
vn -0.5579 -0.8097 -0.1819
vn 0.7990 -0.5478 -0.2481
vn -0.9707 -0.1718 0.1678
vn -0.8865 -0.1314 0.4437
vn 0.4593 -0.8159 -0.3512
vn 0.9144 -0.3338 -0.2291
vn 0.8917 -0.4513 -0.0339
vn 0.8483 0.1890 -0.4947
vn 0.3030 -0.0500 0.9517
vn -0.5859 -0.5185 0.6228
vn 0.7120 -0.1232 -0.6913
vn 0.7312 -0.0944 -0.6756
vn 0.5095 0.8109 -0.2878
vn 0.4706 0.7158 -0.5159
vn -0.9571 -0.0862 -0.2767
vn -0.3434 0.7046 -0.6210
vn -0.3284 0.9292 -0.1697
vn -0.3956 -0.9182 -0.0218
vn -0.1625 -0.1166 -0.9798
vn -0.7817 -0.4463 0.4356
vn -0.8550 -0.1478 0.4972
vn -0.5073 -0.2164 0.8342
vn -0.0424 -0.2402 0.9698
vn 0.6948 0.5863 -0.4164
vn 0.1528 0.9871 -0.0473
vn 0.0905 0.8120 -0.5766
vn 0.1742 0.7869 -0.5920
vn 0.9776 -0.1741 0.1183
vn 0.4668 -0.4838 0.7403
vn 0.9631 0.0142 -0.2687
vn 0.6926 0.0675 -0.7181
vn -0.1721 -0.9446 -0.2796
vn 0.9929 -0.0322 0.1149
vn 0.9940 -0.0560 -0.0938
vn -0.4941 0.7695 0.4047
vn 0.3366 0.7528 0.5657
vn -0.5159 -0.4708 -0.7156
vn -0.4004 0.9064 -0.1350
vn 0.3675 -0.9204 0.1338
vn -0.6455 -0.5290 -0.5509
vn -0.6693 -0.0606 -0.7405
vn -0.7311 0.6287 -0.2650
vn -0.7990 0.1344 -0.5861
vn 0.7709 0.2233 -0.5966
vn 0.9582 0.0055 0.2861
vn -0.1979 -0.5847 -0.7868
vn -0.1262 -0.2621 0.9568
vn -0.6701 -0.7343 -0.1082
vn 0.6864 -0.0471 0.7257
vn 0.9408 -0.0059 0.3388
vn 0.2159 0.6986 0.6821
vn 0.2817 0.0887 0.9554
vn -0.8012 0.4089 0.4368
vn -0.4978 0.0894 0.8627
vn -0.5405 0.1158 0.8334
vn -0.8908 0.4542 -0.0087
vn 0.0048 -0.4565 0.8897
vn -0.4571 0.8881 -0.0484
vn 0.9925 -0.0192 -0.1205
vn 0.9975 -0.0383 -0.0595
vn 0.8578 0.4334 0.2762
vn -0.0419 0.3417 -0.9389
vn 0.2508 0.0593 -0.9662
vn 0.1108 -0.3267 -0.9386
vn -0.6808 0.2155 -0.7001
vn 0.8795 0.4757 -0.0087
vn 0.1233 -0.8931 -0.4326
vn -0.7294 -0.6265 -0.2746
vn -0.8237 -0.4974 -0.2723
vn 0.4969 -0.7044 0.5068
vn -0.6782 -0.6989 -0.2272
vn 0.6713 -0.7201 0.1754
vn 0.8414 0.5371 -0.0595
vn -0.1203 0.7984 -0.5899
vn -0.2545 0.7041 0.6630
vn -0.8046 0.5889 0.0767
vn -0.3723 0.9278 0.0235
vn 0.1119 0.9937 -0.0094
vn 0.0037 -0.2460 -0.9693
vn 0.5494 -0.7080 -0.4438
vn -0.5868 -0.0123 0.8096
vn 0.8761 0.0447 -0.4801
vn 0.8967 0.0808 -0.4352
vn 0.8805 -0.2927 -0.3729
vn 0.5458 -0.6312 0.5510
vn 0.4526 -0.7207 0.5251
vn 0.2073 -0.0785 0.9751
vn 0.8115 0.5520 -0.1918
vn 0.0027 -0.9985 0.0553
vn -0.5731 0.8111 0.1170
vn 0.1535 0.9335 0.3241
vn -0.1692 0.7972 0.5795
vn 0.0092 0.9871 -0.1597
vn -0.6815 0.5129 -0.5220
vn 0.0832 0.8303 0.5510
vn 0.9986 -0.0304 -0.0438
vn 0.9978 -0.0608 0.0249
vn 0.9922 -0.1173 0.0429
vn 0.9934 -0.0538 0.1014
vn -0.8222 -0.5670 -0.0488
vn -0.8738 -0.3930 -0.2863
vn -0.3563 -0.9339 -0.0292
vn -0.3768 -0.9238 0.0677
vn 0.1811 -0.3693 0.9115
vn 0.3458 0.9284 -0.1363
vn 0.8500 -0.4654 0.2470
vn -0.1326 0.9735 -0.1862
vn 0.2442 0.9605 -0.1333
vn -0.1892 -0.9766 0.1023
vn 0.2978 -0.3976 0.8679
vn -0.9995 -0.0080 -0.0317
vn 0.8343 0.4591 0.3053
vn -0.9706 0.2182 0.1020
vn -0.5910 0.7734 0.2294
vn 0.1536 0.0019 -0.9881
vn -0.0646 -0.3563 0.9321
vn -0.5562 0.1477 0.8178
vn -0.2510 0.5242 0.8137
vn -0.0603 0.7897 0.6105
vn 0.6950 0.4886 -0.5275
vn 0.6587 0.3180 -0.6819
vn -0.6227 -0.0163 -0.7823
vn -0.9320 0.0711 0.3554
vn -0.2475 0.6978 -0.6721
vn 0.9645 0.2519 -0.0790
vn -0.7018 0.6978 -0.1431
vn -0.2806 0.0381 0.9591
vn -0.7373 0.5631 -0.3732
vn 0.0058 0.2613 0.9652
vn 0.2877 -0.2652 -0.9202
vn 0.4181 -0.9048 -0.0808
vn -0.7576 -0.5374 0.3704
vn -0.7192 -0.1494 -0.6786
vn -0.4774 -0.7903 0.3841
vn 0.5973 0.2334 -0.7673
vn 0.0436 -0.6680 -0.7429
vn 0.3740 -0.5285 -0.7621
vn -0.4518 -0.8920 -0.0124
vn 0.0467 -0.5511 0.8331
vn 0.7588 -0.0889 0.6453
vn -0.6258 0.2896 -0.7243
vn 0.0151 -0.3515 0.9360
vn -0.6299 -0.1094 0.7690
vn -0.6715 0.1660 0.7221
vn 0.5020 -0.7858 -0.3613
vn 0.5697 0.8006 0.1856
vn 0.5759 0.7838 0.2326
vn -0.1137 -0.5582 0.8218
vn -0.1483 -0.4069 0.9013
vn 0.0092 0.5828 -0.8125
vn 0.7439 -0.6334 0.2132
vn 0.2276 0.9245 -0.3057
vn 0.9964 -0.0809 0.0265
vn -0.8136 -0.4910 -0.3114
vn 0.9683 0.2397 0.0700
vn 0.7083 0.1556 -0.6885
vn -0.3116 -0.5792 0.7533
vn -0.0453 0.5977 -0.8005
vn -0.0122 0.6646 -0.7471
vn 0.7379 -0.1099 -0.6659
vn -0.8396 -0.4517 -0.3016
vn 0.0253 0.5688 0.8221
vn 0.0860 0.5057 0.8584
vn -0.5261 -0.5478 -0.6505
vn 0.8669 -0.3989 -0.2988
vn 0.8909 -0.3323 -0.3096
vn 0.0144 0.6196 -0.7848
vn 0.4315 0.6007 -0.6731
vn 0.6082 0.6275 -0.4860
vn -0.5353 0.3017 0.7889
vn -0.4627 -0.1329 0.8765
vn 0.8353 0.1893 -0.5161
vn 0.0003 0.8720 -0.4896
vn -0.5765 0.6140 -0.5392
vn 0.7202 0.0568 0.6915
vn 0.7085 0.6359 0.3061
vn -0.5748 0.0646 0.8157
vn -0.0861 -0.3833 -0.9196
vn 0.4863 0.4535 -0.7468
vn -0.2157 0.1782 -0.9601
vn 0.1110 -0.0000 0.9938
vn 0.3360 0.0314 0.9414
vn 0.6789 0.0302 0.7336
vn -0.7067 -0.7037 -0.0737
vn 0.6874 -0.4076 -0.6012
vn 0.5064 -0.1820 0.8429
vn 0.5945 -0.2952 0.7479
vn 0.0605 0.1214 0.9908
vn 0.0178 -0.5057 0.8625
vn 0.0641 -0.4719 0.8793
vn 0.0208 0.4608 -0.8873
vn 0.0342 -0.9626 -0.2687
vn -0.5655 0.8052 -0.1786
vn -0.4873 -0.7905 0.3710
vn 0.4151 0.0804 0.9062
vn 0.0118 -0.9976 0.0688
vn 0.3473 0.6952 -0.6293
vn -0.9168 0.3634 0.1656
vn 0.6824 -0.7248 -0.0948
vn -0.4047 -0.7520 -0.5203
vn 0.8000 -0.3458 -0.4904
vn 0.0390 0.0655 0.9971
vn -0.5741 0.5157 0.6360
vn -0.5963 -0.4863 0.6387
vn 0.5528 -0.0185 0.8331
vn 0.7217 -0.1059 0.6840
vn 0.6503 -0.0155 0.7595
vn -0.9069 0.4051 0.1161
vn 0.0505 0.3045 0.9512
vn 0.8969 0.1760 0.4057
vn 0.1067 0.2642 0.9586
vn 0.5958 -0.6631 0.4531
vn -0.9281 0.2419 -0.2831
vn 0.8324 0.2699 -0.4840
vn -0.1637 0.8722 -0.4609
vn 0.0285 0.8643 -0.5022
vn 0.8899 0.3800 -0.2525
vn 0.8537 0.4620 -0.2402
vn 0.9780 -0.0696 0.1965
vn -0.2420 -0.9378 -0.2487
vn 0.6773 -0.0072 -0.7357
vn 0.3965 0.8609 -0.3188
vn 0.3457 0.8345 -0.4290
vn 0.2521 0.7518 -0.6093
vn -0.7197 -0.3426 0.6039
vn 0.9723 0.0530 -0.2275
vn 0.7959 0.5993 -0.0862
vn 0.0786 0.0875 -0.9931
vn 0.7572 0.0602 0.6504
vn 0.7176 0.1091 0.6879
vn -0.1717 -0.5429 -0.8220
vn 0.9645 -0.2074 0.1636
vn 0.7877 -0.1723 -0.5915
vn -0.5060 0.8585 0.0837
vn 0.4375 0.6963 0.5690
vn 0.6419 0.6088 0.4663
vn 0.6071 -0.2676 0.7482
vn 0.6256 0.6958 -0.3528
vn 0.2966 0.9447 -0.1396
vn 0.6673 0.7033 -0.2453
vn -0.5010 0.1169 0.8575
vn 0.3344 0.8628 0.3792
vn -0.0802 0.0977 0.9920
vn -0.1031 0.3803 -0.9191
vn -0.4522 0.1219 -0.8835
vn -0.8338 -0.1526 0.5306
vn 0.7263 0.5727 0.3801
vn 0.6699 0.6369 0.3816
vn 0.6611 0.2845 0.6942
vn 0.9478 0.0796 -0.3087
vn 0.0417 -0.1659 0.9853
vn 0.0101 -0.9114 0.4114
vn 0.8793 0.4281 -0.2086
vn 0.3375 0.8456 0.4135
vn -0.4851 -0.8235 0.2942
vn 0.3369 -0.9013 0.2722
vn 0.4846 0.7879 0.3801
vn -0.3292 0.8720 0.3622
vn -0.9359 -0.3207 0.1459
vn -0.0267 -0.5293 0.8480
vn -0.3381 -0.2941 -0.8940
vn -0.4126 -0.4967 -0.7636
vn 0.0092 0.3691 -0.9293
vn -0.5834 0.8025 -0.1249
vn -0.4774 0.0838 -0.8747
vn -0.9671 0.2519 0.0365
vn -0.9281 0.3380 0.1562
vn 0.2941 0.6481 0.7024
vn 0.5001 -0.8492 -0.1697
vn 0.9740 -0.2263 -0.0117
vn -0.8863 0.4193 0.1967
vn -0.1279 0.0816 0.9884
vn -0.4899 -0.8383 0.2395
vn -0.0474 -0.6370 0.7694
vn 0.3205 0.9006 0.2935
vn 0.4594 0.4862 0.7433
vn -0.3470 -0.6579 -0.6685
vn -0.3398 0.4444 0.8289
vn 0.2894 0.9231 0.2532
vn -0.2547 -0.9663 0.0367
vn -0.0868 -0.9937 0.0714
vn -0.1031 -0.9912 0.0833
vn 0.0136 -0.5866 0.8098
vn 0.3393 -0.7728 0.5364
vn -0.4027 -0.8592 -0.3156
vn -0.2581 -0.7006 -0.6653
vn -0.6242 -0.0886 -0.7762
vn 0.9147 0.2685 -0.3019
vn -0.8364 -0.2984 0.4599
vn -0.4336 -0.8428 -0.3187
vn -0.4812 -0.8744 0.0616
vn -0.4099 0.8736 0.2624
vn -0.6390 0.7321 0.2358
vn -0.9527 0.2970 -0.0650
vn -0.2851 -0.9545 0.0878
vn -0.9758 0.1770 0.1283
vn -0.2890 -0.0054 0.9573
vn 0.4282 0.0560 0.9020
vn 0.7293 -0.6778 0.0939
vn -0.9296 0.2682 -0.2528
vn 0.1981 0.9715 -0.1301
vn -0.1742 0.2127 -0.9615
vn 0.3911 0.8446 0.3657
vn 0.4652 0.7441 0.4794
vn -0.1322 -0.7809 0.6106
vn -0.7310 -0.6418 0.2316
vn -0.5629 0.8182 -0.1167
vn -0.9505 -0.0097 -0.3106
vn -0.6555 -0.0768 -0.7513
vn -0.9905 -0.1352 0.0254
vn 0.8158 0.0523 0.5759
vn 0.5835 0.7946 -0.1679
vn -0.2363 -0.6748 -0.6991
vn -0.1016 -0.7943 -0.5989
vn -0.4278 -0.3533 -0.8320
vn -0.6128 -0.4301 -0.6630
vn -0.3896 -0.1532 -0.9082
vn 0.5375 -0.3620 0.7616
vn 0.5929 0.0708 0.8021
vn -0.6093 -0.0724 -0.7896
vn 0.3686 -0.0567 -0.9279
vn -0.1416 -0.1657 -0.9760
vn 0.3999 -0.5889 -0.7023
vn -0.8911 0.4537 -0.0067
vn 0.0296 -0.0098 0.9995
vn 0.0299 -0.1341 0.9905
vn 0.4809 0.0956 0.8716
vn -0.6107 -0.4598 -0.6447
vn -0.4102 -0.0380 -0.9112
vn 0.6918 0.0581 0.7198
vn 0.5437 -0.0778 -0.8356
vn -0.2048 -0.6518 0.7302
vn -0.7476 -0.1231 0.6526
vn 0.4014 0.5283 0.7481
vn -0.4985 -0.1153 -0.8592
vn -0.9775 0.2062 -0.0452
vn -0.0865 0.9753 0.2033
vn -0.4908 0.0861 0.8670
vn -0.7776 0.0325 -0.6279
vn -0.9965 0.0790 0.0290
vn -0.9269 -0.1120 0.3581
vn -0.2803 -0.0543 -0.9584
vn -0.0721 0.6877 -0.7224
vn 0.8838 -0.0575 -0.4643
vn 0.8323 0.5153 -0.2044
vn -0.1121 0.3715 -0.9216
vn 0.0008 0.3942 -0.9190
vn 0.0363 0.3646 -0.9304
vn -0.6469 0.1447 0.7487
vn -0.6286 0.4008 0.6665
vn 0.9637 -0.2671 -0.0000
vn 0.8439 0.5364 0.0113
vn -0.7461 -0.6544 0.1229
vn -0.7843 -0.6101 -0.1120
vn -0.9186 0.0778 0.3875
vn -0.4742 0.4732 0.7424
vn 0.4709 0.0899 0.8776
vn 0.8094 -0.3779 -0.4494
vn 0.2597 0.9539 -0.1504
vn -0.2550 0.4924 -0.8322
vn 0.3335 0.8712 0.3603
vn 0.5427 -0.1198 0.8313
vn -0.4213 -0.9018 0.0965
vn -0.1139 -0.6836 -0.7209
vn 0.0360 -0.7223 -0.6906
vn -0.8414 -0.1282 0.5250
vn -0.8145 0.3982 0.4219
vn -0.4998 0.2823 0.8188
vn 0.9936 0.0925 0.0644
vn 0.3177 -0.1966 0.9276
vn 0.5035 0.5169 0.6923
vn 0.2024 0.6553 -0.7277
vn -0.4485 0.5970 0.6651
vn 0.5626 0.8236 -0.0720
vn 0.7359 -0.0237 0.6767
vn 0.9832 -0.0545 -0.1741
vn -0.3255 0.7072 -0.6277
vn -0.3552 0.5598 -0.7486
vn 0.6497 0.0767 -0.7563
vn 0.3879 -0.8237 0.4137
vn -0.6070 -0.6348 -0.4781
vn -0.1551 0.9752 -0.1581
vn -0.4808 0.8401 -0.2509
vn 0.9010 -0.4216 0.1020
vn 0.5175 -0.6490 -0.5577
vn 0.7994 0.2959 0.5229
vn -0.4691 -0.8697 -0.1534
vn -0.9591 0.2593 0.1133
vn -0.1081 0.9229 0.3695
vn -0.5636 0.8245 0.0508
vn -0.7219 -0.0942 -0.6856
vn -0.8629 0.1881 -0.4690
vn 0.5669 -0.0209 0.8236
vn -0.4199 -0.8228 -0.3830
vn 0.6268 -0.7758 0.0728
vn 0.8174 -0.3320 -0.4708
vn 0.9542 0.0011 0.2992
vn -0.0065 0.9231 -0.3844
vn -0.5774 0.8017 0.1544
vn -0.0622 0.7778 -0.6254
vn 0.7557 -0.1832 0.6288
vn 0.5868 0.8087 -0.0411
vn -0.3481 0.8833 0.3140
vn -0.0938 -0.0548 0.9941
vn -0.0311 0.3292 0.9438
vn 0.4037 0.9142 0.0365
vn 0.8383 0.1572 0.5221
vn -0.0179 0.0231 -0.9996
vn 0.0887 -0.9907 0.1030
vn 0.9342 0.3168 -0.1641
vn -0.2246 0.2042 -0.9528
vn -0.0195 -0.8685 -0.4953
vn -0.0287 0.1939 0.9806
vn 0.0671 0.1948 0.9786
vn 0.0738 0.1909 0.9788
vn 0.8057 -0.3895 -0.4462
vn 0.8720 -0.4285 -0.2366
vn -0.8252 -0.5430 0.1555
vn 0.2194 0.3108 0.9248
vn -0.9941 0.1082 0.0004
vn -0.9794 0.0398 0.1978
vn -0.7225 -0.6786 -0.1324
vn -0.3354 -0.5791 -0.7430
vn -0.5895 0.1058 0.8008
vn 0.9048 -0.4240 -0.0394
vn 0.3423 0.2256 0.9121
vn 0.7386 0.4397 -0.5111
vn 0.7484 0.3120 -0.5853
vn 0.8429 -0.5342 -0.0650
vn 0.6649 -0.1952 0.7210
vn 0.0227 0.5085 -0.8608
vn -0.4289 0.4751 0.7683
vn 0.7427 -0.5985 -0.3003
vn 0.7253 -0.0966 0.6816
vn 0.8218 0.5381 0.1876
vn 0.7776 0.5725 0.2600
vn 0.9790 -0.2039 0.0073
vn 0.2907 0.9473 0.1346
vn 0.4684 -0.8622 -0.1929
vn -0.4477 0.4731 0.7588
vn -0.8585 0.4587 0.2291
vn -0.9215 0.3796 0.0822
vn -0.6162 0.5741 -0.5392
vn -0.7546 0.4710 -0.4568
vn 0.8898 0.1046 -0.4442
vn 0.2286 0.2078 -0.9511
vn -0.5492 -0.2697 -0.7910
vn -0.4750 -0.1475 -0.8675
vn 0.8901 -0.4338 0.1398
vn -0.3377 -0.6467 -0.6839
vn -0.4649 -0.5391 -0.7023
vn -0.0579 0.5872 0.8074
vn -0.0144 0.5156 0.8567
vn 0.5534 0.8267 0.1019
vn 0.1653 -0.9512 0.2606
vn -0.0254 -0.5622 0.8266
vn 0.7075 0.7036 0.0661
vn -0.8097 -0.4857 0.3293
vn 0.6071 0.7944 -0.0166
vn -0.0195 -0.9987 0.0469
vn -0.0166 -0.9697 0.2436
vn -0.5365 0.7717 0.3415
vn -0.5056 0.8502 -0.1469
vn -0.9066 0.3485 -0.2379
vn -0.6383 -0.1879 -0.7465
vn -0.3017 0.8069 -0.5078
vn -0.5156 -0.1784 -0.8380
vn 0.0989 -0.1872 -0.9773
vn 0.2089 0.1552 0.9655
vn 0.6750 0.3909 0.6257
vn 0.6106 0.4576 0.6463
vn -0.3118 -0.9233 -0.2242
vn 0.6829 0.6549 0.3236
vn 0.5876 0.7464 0.3126
vn 0.2153 -0.8115 -0.5433
vn -0.7607 -0.4784 0.4388
vn -0.6585 0.5142 -0.5495
vn 0.3748 0.0541 -0.9255
vn -0.0891 0.5380 0.8383
vn -0.6592 -0.6111 -0.4382
vn -0.2183 -0.8483 0.4825
vn 0.7243 -0.6192 0.3034
vn 0.6943 -0.6485 0.3121
vn 0.6115 -0.7909 0.0230
vn 0.5555 -0.8125 0.1766
vn 0.4449 -0.8915 0.0857
vn -0.9957 0.0884 -0.0265
vn -0.8736 0.4627 -0.1507
vn 0.8580 -0.0152 -0.5134
vn 0.8674 -0.1246 -0.4818
vn -0.8905 0.1824 0.4169
vn -0.3914 0.1174 0.9127
vn -0.7115 -0.7027 0.0002
vn -0.9864 -0.1185 -0.1136
vn 0.2975 0.6735 0.6766
vn 0.3259 0.8860 0.3298
vn -0.9489 0.3065 -0.0753
vn -0.7164 -0.6766 0.1702
vn -0.3185 -0.6725 0.6681
vn 0.3743 -0.6569 0.6545
vn 0.2981 -0.5718 0.7643
vn 0.9512 0.1751 0.2541
vn 0.5548 0.1283 0.8220
vn 0.5443 0.1779 0.8198
vn -0.9053 0.3788 -0.1919
vn 0.0209 -0.6168 0.7868
vn -0.6535 -0.0199 -0.7567
vn 0.9343 0.2440 0.2599
vn 0.6884 0.7123 -0.1368
vn -0.0139 -0.8072 0.5902
vn 0.0717 -0.3152 0.9463
vn 0.5457 0.0914 0.8330
vn 0.3372 0.8027 0.4919
vn -0.6163 0.7679 -0.1747
vn -0.1289 0.4478 -0.8848
vn 0.5850 0.7932 0.1691
vn 0.1945 0.4140 0.8893
vn 0.2061 0.1002 0.9734
vn -0.5876 0.6912 -0.4207
vn 0.6114 0.4517 0.6497
vn 0.4195 0.3115 0.8526
vn 0.2729 0.9594 0.0712
vn -0.3737 -0.3148 -0.8725
vn -0.2649 -0.8962 0.3558
vn 0.1262 -0.6210 -0.7736
vn -0.7436 -0.4887 -0.4563
vn -0.7836 -0.2718 -0.5587
vn -0.5468 0.6858 -0.4803
vn -0.7724 -0.2359 -0.5898
vn -0.6229 -0.3162 -0.7155
vn -0.0769 0.0706 0.9945
vn 0.6482 -0.1638 -0.7436
vn -0.1041 -0.3782 -0.9199
vn -0.2075 -0.9698 -0.1285
vn 0.6348 -0.6113 -0.4726
vn -0.1450 0.9302 0.3371
vn -0.3939 0.4960 -0.7739
vn 0.4447 -0.7107 -0.5452
vn 0.6597 0.2137 -0.7205
vn -0.4305 -0.9023 -0.0248
vn -0.8057 0.4625 0.3701
vn 0.8928 -0.2141 0.3963
vn 0.7018 -0.6889 -0.1810
vn 0.1944 0.1891 0.9625
vn 0.1159 -0.6958 0.7089
vn -0.0340 0.6637 -0.7472
vn -0.5263 0.6372 -0.5630
vn -0.7709 0.2205 -0.5976
vn 0.5379 0.0784 0.8393
vn 0.9038 -0.3384 -0.2619
vn 0.6981 -0.4906 -0.5215
vn -0.0796 -0.9862 0.1452
vn 0.4401 -0.6346 0.6352
vn 0.7427 0.1320 -0.6565
vn -0.9513 0.3074 -0.0236
vn 0.6675 -0.6821 0.2985
vn 0.6217 -0.7649 0.1688
vn -0.4037 -0.2523 0.8794
vn -0.3622 -0.6031 0.7107
vn -0.4728 0.0942 0.8761
vn 0.7862 0.6027 -0.1366
vn 0.8322 0.3934 0.3908
vn -0.6635 0.2906 -0.6894
vn 0.8017 0.5388 -0.2589
vn 0.8847 0.3518 -0.3057
vn 0.1481 0.2962 -0.9436
vn -0.6607 0.7380 0.1371
vn -0.4861 -0.0775 -0.8704
vn 0.5563 0.0834 0.8268
vn -0.9993 0.0358 0.0082
vn -0.7225 -0.0911 -0.6854
vn -0.7417 -0.0779 -0.6662
vn -0.7268 -0.1336 -0.6737
vn 0.6367 -0.2178 -0.7397
vn 0.4072 -0.0837 -0.9095
vn 0.8866 0.4436 0.1308
vn -0.0551 -0.6720 0.7385
vn 0.7967 0.5167 0.3136
vn 0.7066 -0.2948 -0.6433
vn -0.9944 -0.0787 -0.0702
vn -0.6831 -0.2546 -0.6845
vn -0.8940 -0.4454 0.0484
vn -0.6664 0.3034 -0.6810
vn 0.8255 0.0043 0.5643
vn 0.6848 0.2161 -0.6960
vn 0.8607 0.2298 -0.4544
vn -0.1815 0.6101 0.7712
vn -0.9184 -0.3956 -0.0098
vn -0.5479 -0.8297 0.1070
vn -0.1126 -0.5931 0.7972
vn -0.7390 -0.0605 -0.6710
vn 0.6067 -0.7454 0.2762
vn 0.8160 0.5041 -0.2829
vn 0.7726 0.5500 -0.3172
vn -0.9625 0.1913 0.1925
vn -0.3360 0.1001 -0.9365
vn 0.7872 -0.4912 0.3729
vn -0.4502 0.8522 -0.2666
vn 0.5728 0.8180 0.0521
vn 0.4499 0.6378 0.6252
vn -0.7775 0.2382 0.5820
vn 0.4759 -0.0118 0.8794
vn -0.3685 0.1725 0.9135
vn -0.8269 0.1029 0.5528
vn -0.0413 0.9287 -0.3685
vn 0.7484 -0.5358 0.3909
vn 0.7167 -0.6955 -0.0513
vn -0.1674 0.2144 0.9623
vn 0.8182 0.0279 0.5743
vn 0.8204 -0.1104 0.5610
vn 0.4377 -0.8595 0.2641
vn -0.2282 -0.6140 -0.7556
vn -0.4723 -0.3965 0.7872
vn 0.9139 0.3977 0.0809
vn 0.9692 -0.2237 -0.1028
vn -0.5976 0.0791 0.7979
vn 0.6891 0.6619 0.2952
vn 0.3898 0.9106 -0.1375
vn 0.3310 -0.9398 -0.0846
vn -0.1436 -0.5821 0.8003
vn 0.2303 0.0359 0.9724
vn -0.5869 0.1262 0.7997
vn 0.3932 -0.3191 -0.8623
vn -0.2495 -0.8375 -0.4861
vn -0.6949 -0.4897 0.5267
vn -0.5583 -0.2011 0.8049
vn 0.5502 -0.5683 -0.6119
vn -0.8666 -0.2351 -0.4401
vn -0.7178 0.6064 0.3423
vn -0.1028 -0.9763 -0.1903
vn 0.1393 -0.8417 -0.5217
vn 0.9521 -0.3018 0.0495
vn -0.6670 0.4656 -0.5816
vn -0.1547 -0.3562 -0.9215
vn -0.5296 -0.0846 -0.8440
vn 0.6336 0.2695 -0.7252
vn 0.1899 -0.4213 0.8868
vn 0.7584 -0.4467 0.4746
vn 0.9223 -0.3215 -0.2145
vn -0.8738 -0.3789 -0.3049
vn 0.0060 -0.6334 0.7738
vn -0.6417 -0.7360 0.2156
vn 0.6275 -0.2152 -0.7483
vn 0.5722 -0.4404 -0.6918
vn 0.3999 -0.1578 -0.9029
vn 0.6586 0.3704 0.6550
vn -0.0380 -0.5532 0.8322
vn 0.8342 0.5001 0.2325
vn 0.5573 0.8295 0.0375
vn 0.5254 0.7686 0.3650
vn 0.9054 -0.2619 -0.3341
vn -0.1946 0.1919 -0.9619
vn -0.5854 0.7973 0.1470
vn -0.4433 0.2742 -0.8534
vn 0.9894 0.0148 0.1443
vn 0.9742 0.0613 0.2173
vn -0.4736 -0.7934 -0.3825
vn -0.1162 0.6389 0.7605
vn -0.9315 -0.2247 0.2859
vn -0.0697 -0.7448 0.6636
vn -0.6668 0.7451 0.0087
vn -0.4406 -0.8446 0.3043
vn 0.7686 0.1397 -0.6243
vn 0.7761 0.1882 -0.6019
vn 0.7765 -0.1833 -0.6029
vn -0.1445 -0.2541 0.9563
vn 0.9709 0.2396 0.0048
vn -0.2502 0.5999 0.7599
vn 0.1186 -0.9895 -0.0827
vn -0.9348 0.1080 -0.3382
vn -0.3495 -0.9359 -0.0444
vn 0.0634 -0.9210 0.3843
vn -0.3246 -0.9434 -0.0676
vn 0.5798 0.1262 -0.8049
vn -0.8192 0.5125 0.2572
vn -0.9763 -0.0216 -0.2154
vn 0.4418 -0.6338 -0.6349
vn 0.2741 0.4734 -0.8371
vn 0.9686 0.2187 0.1181
vn -0.6035 0.7941 0.0718
vn -0.9325 0.0877 -0.3504
vn -0.0443 -0.3750 -0.9260
vn 0.0909 -0.7606 0.6429
vn 0.2526 -0.1385 0.9576
vn -0.0403 -0.6132 0.7889
vn -0.2287 -0.1528 0.9614
vn 0.9928 0.0730 -0.0944
vn -0.0240 -0.9954 0.0925
vn -0.0050 -0.9952 0.0982
vn -0.1166 -0.7995 -0.5893
vn 0.5981 0.7209 0.3501
vn -0.5673 0.7328 -0.3757
vn -0.7112 0.6280 -0.3158
vn -0.7295 0.5144 0.4508
vn -0.9271 0.3268 -0.1835
vn -0.3022 0.8025 0.5145
vn -0.1873 -0.6008 -0.7771
vn -0.1599 -0.6847 -0.7110
vn 0.4242 -0.1496 -0.8931
vn -0.0983 0.7127 0.6946
vn -0.1170 0.9546 0.2740
vn -0.9355 0.0469 -0.3502
vn 0.8993 -0.1467 0.4119
vn -0.8382 0.4411 -0.3207
vn -0.7807 0.3774 -0.4981
vn -0.5375 -0.4598 0.7069
vn -0.9699 -0.1794 -0.1647
vn 0.8581 -0.2617 -0.4418
vn -0.4797 -0.4226 0.7689
vn -0.4006 0.1334 0.9065
vn 0.0227 -0.5565 0.8305
vn 0.7694 0.3614 -0.5267
vn 0.8527 -0.2072 0.4796
vn 0.4098 -0.5204 0.7492
vn 0.0873 0.2807 0.9558
vn 0.1285 0.4851 0.8649
vn -0.9584 -0.1906 0.2127
vn -0.9566 0.0353 0.2892
vn 0.1564 0.4422 -0.8832
vn 0.6000 -0.7490 -0.2812
vn 0.5290 -0.8206 -0.2162
vn 0.1773 0.5132 0.8398
vn -0.2537 -0.2238 0.9410
vn 0.4496 0.7260 -0.5204
vn -0.6148 -0.5907 0.5227
vn 0.2388 -0.7881 0.5673
vn 0.0864 0.2820 0.9555
vn 0.5015 -0.4018 0.7662
vn 0.0801 -0.0809 0.9935
vn -0.9363 0.2980 0.1857
vn -0.9444 0.2390 0.2256
vn 0.5055 -0.4891 -0.7108
vn 0.4429 -0.3953 -0.8048
vn 0.4607 -0.0523 -0.8860
vn 0.4318 0.8771 -0.2102
vn -0.8936 0.2376 -0.3807
vn 0.0779 0.4648 0.8820
vn 0.8107 -0.4284 -0.3990
vn 0.2217 -0.1032 -0.9696
vn 0.0303 0.6838 -0.7290
vn -0.4444 0.1157 0.8883
vn -0.3509 0.9306 -0.1040
vn -0.9774 0.0285 0.2097
vn -0.6360 -0.7662 -0.0918
vn -0.6133 0.2178 0.7592
vn -0.9021 0.4315 0.0045
vn 0.6860 -0.1270 -0.7164
vn 0.7433 -0.3629 -0.5619
vn 0.5242 0.5204 0.6741
vn 0.0167 0.3856 -0.9225
vn -0.3907 0.5677 -0.7246
vn -0.6301 -0.1711 -0.7575
vn -0.6730 0.3311 -0.6614
vn -0.7904 0.4282 -0.4380
vn 0.0176 0.5653 -0.8247
vn -0.6951 0.1483 -0.7035
vn 0.7439 0.3426 0.5738
vn -0.6266 0.1716 -0.7602
vn -0.4070 0.4243 -0.8089
vn -0.3782 -0.2285 -0.8971
vn 0.7069 0.0350 0.7064
vn 0.7104 0.0640 0.7009
vn -0.9366 0.2711 -0.2220
vn -0.8866 -0.4612 0.0358
vn -0.4410 -0.8973 -0.0195
vn 0.8736 -0.2548 0.4147
vn -0.5205 -0.7012 -0.4872
vn 0.9454 -0.0485 -0.3223
vn 0.1865 0.2055 0.9607
vn 0.7663 0.6060 0.2134
vn -0.1383 -0.2298 -0.9633
vn -0.1509 -0.7458 -0.6488
vn -0.7165 -0.6475 -0.2595
vn -0.4823 -0.8659 -0.1327
vn -0.7111 0.5642 0.4196
vn -0.9118 0.3506 0.2140
vn -0.4637 0.8829 -0.0744
vn -0.6378 0.7681 0.0561
vn 0.1529 0.9882 -0.0134
vn -0.9217 -0.0706 -0.3815
vn -0.4951 -0.2791 -0.8228
vn -0.1581 -0.6996 0.6968
vn -0.9074 0.4135 -0.0757
vn -0.9699 -0.0539 -0.2374
vn -0.8932 0.1309 -0.4303
vn -0.5617 -0.8046 0.1928
vn -0.2465 -0.9039 -0.3495
vn -0.6627 0.7354 0.1416
vn -0.3494 -0.9366 -0.0262
vn -0.0344 0.2014 0.9789
vn 0.0538 0.9954 0.0787
vn -0.2956 -0.4788 -0.8267
vn 0.9200 0.3909 0.0274
vn -0.0028 -0.7039 0.7103
vn 0.3429 0.5337 0.7731
vn 0.9684 -0.2363 -0.0802
vn 0.5106 -0.8199 -0.2589
vn -0.6368 -0.1452 -0.7573
vn -0.3340 0.6311 0.7001
vn 0.9333 -0.2326 -0.2737
vn -0.9805 -0.0308 0.1942
vn -0.3738 0.3594 -0.8550
vn -0.6111 0.7759 0.1564
vn 0.9085 -0.0554 0.4142
vn 0.0467 0.8705 0.4899
vn -0.5570 0.2429 0.7942
vn 0.7800 0.6252 -0.0275
vn 0.9896 0.1380 -0.0412
vn -0.9800 0.0449 -0.1939
vn -0.1307 -0.0500 0.9902
vn -0.8882 -0.3916 -0.2402
vn 0.8068 0.2775 -0.5215
vn -0.4479 -0.8505 0.2757
vn 0.9989 0.0223 -0.0404
vn 0.5458 -0.7382 0.3965
vn 0.3117 0.8931 -0.3245
vn -0.0672 -0.9977 -0.0075
vn -0.8548 -0.4554 0.2489
vn 0.7738 -0.1319 0.6195
vn 0.0661 -0.0955 0.9932
vn -0.8425 0.1642 0.5130
vn 0.9891 0.1475 -0.0011
vn 0.2233 0.9061 0.3593
vn 0.3233 0.6424 0.6948
vn -0.5640 0.7728 0.2909
vn 0.6677 -0.2098 -0.7142
vn 0.2922 0.1357 0.9467
vn 0.6435 0.4066 0.6485
vn -0.2736 0.9616 0.0211
vn 0.9099 -0.1852 -0.3711
vn 0.9905 -0.1366 0.0178
vn -0.1523 -0.7717 -0.6175
vn 0.3003 -0.9535 0.0272
vn -0.0924 -0.6192 -0.7798
vn 0.7918 -0.1991 0.5774
vn 0.3010 0.1179 -0.9463
vn 0.3053 0.1878 -0.9335
vn 0.4869 -0.8392 -0.2423
vn -0.7811 0.6210 -0.0654
vn -0.9931 0.0950 -0.0688
vn -0.7866 0.6174 0.0128
vn -0.9835 -0.1811 -0.0048
vn -0.9761 -0.0879 -0.1989
vn -0.9797 -0.1229 -0.1584
vn -0.9986 -0.0498 0.0187
vn -0.9986 -0.0308 0.0423
vn 0.4587 -0.8721 -0.1702
vn -0.5171 -0.8032 -0.2959
vn 0.9991 -0.0417 0.0032
vn 0.3959 -0.8995 -0.1846
vn -0.0411 0.9916 0.1226
vn 0.8504 -0.5110 -0.1250
vn -0.0442 -0.5349 0.8438
vn -0.5556 -0.5999 -0.5757
vn 0.5898 -0.0723 -0.8043
vn -0.0758 0.0076 -0.9971
vn 0.0181 -0.8903 -0.4550
vn 0.3541 0.5634 0.7464
vn -0.8595 -0.2785 0.4286
vn 0.2274 -0.0732 -0.9710
vn 0.5090 0.2395 -0.8268
vn 0.4630 -0.8843 -0.0599
vn 0.5438 -0.8328 -0.1040
vn -0.9490 -0.3012 0.0930
vn -0.2378 0.7920 0.5623
vn -0.0107 0.9526 -0.3041
vn -0.1299 0.9915 -0.0050
vn 0.4614 -0.1177 -0.8793
vn -0.1731 -0.6593 -0.7317
vn 0.7041 0.7030 0.1005
vn 0.4364 0.8998 -0.0058
vn -0.6048 -0.1845 -0.7748
vn -0.6640 -0.4184 0.6197
vn -0.9962 -0.0870 -0.0022
vn 0.1561 0.9801 -0.1230
vn -0.7521 -0.5371 0.3819
vn 0.0120 0.2166 0.9762
vn 0.1383 0.1565 0.9779
vn -0.2517 -0.7038 -0.6643
vn 0.5965 -0.1411 0.7901
vn -0.1057 -0.8890 0.4456
vn 0.2811 -0.9586 0.0455
vn -0.8976 0.1721 -0.4058
vn -0.9022 -0.3066 0.3034
vn -0.7258 0.6350 0.2647
vn 0.2564 0.9572 -0.1345
vn 0.2250 0.5680 -0.7917
vn 0.0527 0.1497 -0.9873
vn -0.6164 -0.0740 0.7839
vn -0.6637 -0.7345 -0.1413
vn 0.1128 0.9934 0.0187
vn -0.8872 -0.4602 -0.0316
vn -0.8139 -0.1463 -0.5623
vn -0.3012 -0.9535 -0.0067
vn 0.7971 0.0200 0.6035
vn 0.4923 -0.4299 -0.7568
vn -0.4708 0.0642 -0.8799
vn 0.5528 0.6638 -0.5037
vn 0.7311 0.6526 0.1992
vn -0.9728 -0.0440 0.2273
vn 0.1956 0.3605 -0.9120
vn -0.9339 -0.3555 0.0371
vn -0.5146 -0.4834 0.7082
vn -0.9928 -0.0731 -0.0952
vn -0.9845 -0.0236 -0.1740
vn -0.9005 -0.1089 -0.4210
vn -0.9036 0.4037 0.1433
vn -0.8942 0.1343 -0.4271
vn 0.2728 0.9588 0.0790
vn -0.6968 0.0606 0.7147
vn 0.5723 0.2990 -0.7636
vn 0.8796 -0.0298 -0.4748
vn -0.9693 -0.0321 -0.2436
vn 0.9855 0.1197 0.1200
vn 0.7292 -0.5708 -0.3775
vn -0.6732 -0.0887 -0.7341
vn -0.7045 -0.0688 -0.7063
vn 0.1001 -0.3743 -0.9219
vn -0.8693 -0.4856 -0.0920
vn 0.7495 0.3563 -0.5579
vn 0.5671 -0.0831 -0.8194
vn 0.3525 0.1896 0.9164
vn 0.4731 -0.8255 -0.3078
vn 0.4843 0.4638 -0.7419
vn 0.5439 0.5353 0.6463
vn -0.0353 0.7453 -0.6659
vn 0.6731 0.2340 0.7016
vn -0.0604 -0.8348 0.5472
vn 0.6929 0.0676 0.7179
vn 0.1092 0.2442 -0.9636
vn -0.2151 -0.8891 0.4040
vn 0.6997 0.2556 -0.6671
vn 0.4692 -0.6511 -0.5965
vn 0.3753 -0.6939 -0.6145
vn 0.6663 -0.5899 0.4561
vn 0.0251 0.2322 0.9723
vn 0.0520 0.5788 -0.8138
vn -0.0930 -0.8398 -0.5348
vn -0.5924 0.6267 -0.5062
vn 0.4541 0.8262 0.3335
vn 0.3256 -0.9434 -0.0622
vn -0.7350 0.6147 -0.2863
vn -0.7441 0.0338 0.6672
vn 0.4292 0.5830 -0.6898
vn -0.7626 -0.6467 -0.0136
vn 0.8938 -0.4474 -0.0323
vn 0.0975 -0.9793 -0.1772
vn 0.7717 -0.0422 -0.6346
vn -0.4363 -0.8986 0.0463
vn -0.6649 -0.7432 0.0754
vn 0.0294 0.6947 -0.7187
vn -0.7768 -0.4340 -0.4563
vn 0.2863 0.6128 0.7366
vn 0.0085 -0.8595 0.5111
vn -0.7927 -0.1873 0.5802
vn -0.6980 0.5621 0.4438
vn -0.5094 0.7267 0.4609
vn 0.4272 0.2524 -0.8682
vn 0.1236 0.9866 -0.1068
vn 0.2384 0.0836 -0.9676
vn -0.9907 0.0161 0.1347
vn 0.4035 -0.1321 -0.9054
vn -0.6186 0.2150 0.7557
vn 0.0552 -0.4728 0.8794
vn 0.9154 -0.3336 -0.2254
vn 0.1176 0.1277 0.9848
vn -0.9183 -0.2704 -0.2891
vn -0.0824 0.4764 0.8754
vn -0.0089 -0.5129 0.8584
vn 0.9737 -0.2114 -0.0848
vn -0.7517 0.6544 -0.0812
vn -0.9619 0.0255 -0.2722
vn 0.1246 0.6377 0.7602
vn -0.2371 0.9714 0.0103
vn -0.9830 0.1088 -0.1476
vn -0.1146 -0.3793 0.9181
vn -0.0076 -0.2489 0.9685
vn -0.0078 -0.2735 0.9618
vn 0.2958 -0.1794 0.9383
vn 0.4283 -0.5861 -0.6878
vn 0.0355 0.1892 -0.9813
vn 0.0276 0.5761 -0.8169
vn -0.6971 0.1364 0.7039
vn -0.2253 0.8977 0.3787
vn 0.7716 -0.5610 0.2998
vn 0.4612 0.8872 -0.0129
vn 0.3081 0.6136 -0.7271
vn 0.8164 -0.2063 -0.5394
vn 0.0242 0.5895 -0.8074
vn 0.1742 -0.9846 0.0136
vn 0.6331 -0.7713 -0.0651
vn 0.7008 -0.0566 -0.7111
vn 0.5541 -0.7403 0.3808
vn -0.0546 -0.1423 0.9883
vn -0.0249 -0.3034 0.9525
vn 0.3539 0.8874 0.2953
vn 0.7775 -0.6157 0.1282
vn 0.4905 -0.1462 0.8591
vn 0.1736 -0.7262 0.6652
vn -0.5946 0.1114 0.7963
vn 0.6606 -0.6527 0.3709
vn 0.0065 0.3667 -0.9303
vn -0.9998 -0.0096 -0.0201
vn -0.0905 -0.8233 0.5604
vn 0.9518 0.1966 -0.2355
vn -0.1841 0.0323 -0.9824
vn 0.9985 0.0446 -0.0304
vn 0.9491 -0.1962 -0.2463
vn 0.9521 -0.1720 -0.2528
vn 0.0010 0.3996 -0.9167
vn -0.9496 0.2777 0.1453
vn 0.5276 0.0877 0.8450
vn 0.5375 0.0779 0.8397
vn 0.4679 0.6206 -0.6292
vn 0.0096 -0.2714 0.9624
vn -0.2942 -0.8656 -0.4051
vn -0.5438 0.0940 0.8339
vn -0.4107 0.1386 0.9012
vn 0.6171 0.6557 -0.4350
vn 0.9124 0.3960 -0.1038
vn 0.5281 -0.3947 -0.7519
vn 0.8601 -0.1472 -0.4884
vn 0.4830 0.0943 0.8705
vn 0.5595 0.1761 -0.8099
vn 0.3151 0.9490 -0.0017
vn -0.8525 0.1485 0.5012
vn -0.9726 0.1175 0.2006
vn 0.6005 -0.0825 -0.7954
vn -0.3162 0.8301 0.4592
vn 0.3506 -0.9330 -0.0813
vn 0.4694 -0.8156 0.3384
vn 0.6790 -0.1543 -0.7177
vn -0.4306 0.9025 -0.0058
vn 0.8004 0.5990 0.0236
vn -0.8670 -0.3963 0.3020
vn 0.8709 0.4623 -0.1668
vn 0.7712 -0.6359 -0.0278
vn 0.7086 -0.0257 0.7052
vn -0.0052 -0.6577 -0.7533
vn -0.1466 0.0974 -0.9844
vn 0.2398 -0.0037 0.9708
vn 0.4118 0.8883 0.2033
vn 0.8359 0.5203 0.1748
vn 0.0576 0.4058 0.9121
vn -0.9786 -0.0967 0.1818
vn 0.6873 0.7096 -0.1548
vn -0.8477 -0.4809 -0.2240
vn -0.5371 -0.6420 0.5472
vn -0.6969 -0.7127 -0.0804
vn -0.4426 -0.8908 -0.1026
vn -0.9840 0.0975 -0.1491
vn 0.5830 -0.8028 -0.1247
vn 0.7745 0.0162 0.6324
vn -0.1775 0.0330 -0.9836
vn 0.5857 -0.7837 -0.2069
vn 0.9306 -0.1508 -0.3335
vn -0.6392 -0.7671 -0.0537
vn 0.8391 0.4277 -0.3363
vn 0.9845 -0.1567 0.0790
vn 0.8940 -0.4366 -0.1006
vn 0.8885 0.4588 -0.0011
vn -0.6254 -0.7799 0.0247
vn 0.7159 0.6640 0.2158
vn -0.6503 -0.7056 -0.2816
vn 0.7474 0.6218 0.2338
vn -0.9538 0.1301 -0.2708
vn -0.5689 0.6980 -0.4349
vn -0.3430 -0.0827 -0.9357
vn -0.7725 -0.6348 0.0119
vn -0.9168 0.1797 -0.3567
vn -0.9803 0.1164 0.1593
vn 0.6480 -0.3638 0.6691
vn 0.7818 -0.2646 -0.5645
vn -0.2390 0.1378 0.9612
vn -0.6456 0.4157 0.6407
vn -0.8518 -0.1196 -0.5100
vn -0.8816 -0.0820 -0.4649
vn 0.1749 0.2184 0.9601
vn -0.7163 -0.0809 -0.6931
vn -0.8755 -0.4818 0.0369
vn 0.7554 0.0811 0.6502
vn -0.7092 -0.0917 0.6990
vn 0.1216 0.5847 -0.8021
vn -0.9896 0.1014 0.1022
vn -0.8024 -0.4977 0.3294
vn 0.0197 -0.6962 0.7175
vn 0.5207 -0.4196 0.7435
vn 0.8867 -0.0165 -0.4621
vn 0.8760 -0.4737 0.0907
vn -0.5333 0.3908 -0.7502
vn 0.3834 -0.1126 0.9167
vn -0.8814 -0.4362 -0.1814
vn -0.4171 -0.1242 0.9003
vn 0.8821 -0.0705 -0.4657
vn 0.5886 -0.3791 -0.7140
vn 0.0075 -1.0000 -0.0045
vn -0.1471 0.9521 -0.2680
vn -0.9204 0.3310 -0.2083
vn 0.4972 -0.1488 -0.8548
vn 0.6382 0.7200 -0.2724
vn 0.5801 0.6152 -0.5338
vn 0.7924 0.6062 0.0686
vt 0.095093 0.734863
vt 0.090027 0.728027
vt 0.091919 0.728271
vt 0.095093 0.733398
vt 0.101562 0.733154
vt 0.103333 0.740479
vt 0.155029 0.062012
vt 0.147461 0.054199
vt 0.164673 0.051270
vt 0.850586 0.399414
vt 0.846191 0.393555
vt 0.859375 0.392578
vt 0.642578 0.565918
vt 0.639160 0.562500
vt 0.648926 0.560791
vt 0.181396 0.570801
vt 0.178833 0.564453
vt 0.182983 0.562988
vt 0.025955 0.643066
vt 0.022888 0.659180
vt 0.014168 0.642822
vt 0.539062 0.996117
vt 0.536621 0.990555
vt 0.550781 0.992695
vt 0.394287 0.906738
vt 0.389404 0.900085
vt 0.398438 0.896545
vt 0.402832 0.897034
vt 0.904785 0.725098
vt 0.914551 0.728760
vt 0.908203 0.734375
vt 0.331543 0.052734
vt 0.331055 0.036621
vt 0.341309 0.040039
vt 0.404785 0.444336
vt 0.408691 0.435547
vt 0.413818 0.439941
vt 0.865234 0.591797
vt 0.857910 0.580078
vt 0.868164 0.588623
vt 0.585938 0.336426
vt 0.593750 0.339355
vt 0.583984 0.342285
vt 0.405029 0.047852
vt 0.402588 0.026367
vt 0.409912 0.024414
vt 0.396484 0.038086
vt 0.393066 0.028809
vt 0.660645 0.892273
vt 0.659180 0.901978
vt 0.653809 0.895081
vt 0.667969 0.902039
vt 0.648438 0.372559
vt 0.654785 0.378418
vt 0.647461 0.379883
vt 0.410400 0.397461
vt 0.413574 0.381348
vt 0.414551 0.401367
vt 0.023224 0.938843
vt 0.024368 0.942871
vt 0.018890 0.940338
vt 0.634277 0.054199
vt 0.623047 0.059082
vt 0.629395 0.050781
vt 0.807617 0.163574
vt 0.805664 0.153320
vt 0.813477 0.157227
vt 0.813477 0.166016
vt 0.657227 0.851929
vt 0.654297 0.844849
vt 0.655273 0.843384
vt 0.084106 0.179688
vt 0.081299 0.186523
vt 0.078735 0.182617
vt 0.282959 0.609375
vt 0.293945 0.602539
vt 0.293213 0.608887
vt 0.614258 0.255859
vt 0.616699 0.250488
vt 0.622559 0.259766
vt 0.252197 0.078613
vt 0.262207 0.080078
vt 0.260986 0.084961
vt 0.926758 0.043457
vt 0.933105 0.045410
vt 0.928711 0.046875
vt 0.553711 0.433105
vt 0.550293 0.455078
vt 0.541504 0.440430
vt 0.357422 0.399902
vt 0.351074 0.410156
vt 0.350098 0.396484
vt 0.345459 0.407715
vt 0.344971 0.412109
vt 0.339844 0.410156
vt 0.348633 0.412598
vt 0.336182 0.411133
vt 0.516602 0.395020
vt 0.508301 0.389648
vt 0.525391 0.382324
vt 0.194092 0.891907
vt 0.182739 0.876831
vt 0.200806 0.886169
vt 0.178589 0.893250
vt 0.164307 0.885437
vt 0.995117 0.021484
vt 0.998535 0.027344
vt 0.995117 0.033203
vt 0.916504 0.918518
vt 0.915527 0.927429
vt 0.911621 0.921570
vt 0.870605 0.521484
vt 0.858887 0.517578
vt 0.877441 0.519043
vt 0.916992 0.910156
vt 0.926758 0.916016
vt 0.907227 0.914856
vt 0.905762 0.919312
vt 0.907715 0.927612
vt 0.903809 0.922424
vt 0.912109 0.914673
vt 0.861816 0.521729
vt 0.866211 0.523438
vt 0.925293 0.909363
vt 0.899414 0.925049
vt 0.867188 0.526123
vt 0.425049 0.295898
vt 0.418945 0.297852
vt 0.416260 0.291504
vt 0.422363 0.289551
vt 0.051025 0.262695
vt 0.058014 0.259766
vt 0.064270 0.267090
vt 0.412109 0.302734
vt 0.413086 0.308594
vt 0.403076 0.299316
vt 0.578125 0.275391
vt 0.580566 0.270508
vt 0.586914 0.273926
vt 0.582031 0.279297
vt 0.355957 0.295898
vt 0.366211 0.291992
vt 0.356201 0.300781
vt 0.539551 0.453613
vt 0.115234 0.081055
vt 0.127197 0.090820
vt 0.118225 0.088867
vt 0.010643 0.324219
vt 0.011772 0.317871
vt 0.027405 0.323242
vt 0.686523 0.477539
vt 0.681641 0.477539
vt 0.682617 0.466309
vt 0.019165 0.958679
vt 0.024902 0.951447
vt 0.029205 0.960236
vt 0.347900 0.919189
vt 0.355225 0.924011
vt 0.352783 0.925415
vt 0.006748 0.632324
vt 0.015854 0.632812
vt 0.011414 0.637939
vt 0.729004 0.022461
vt 0.734863 0.010254
vt 0.733398 0.024902
vt 0.406738 0.381348
vt 0.395996 0.382324
vt 0.393799 0.372559
vt 0.923828 0.490234
vt 0.925781 0.494141
vt 0.914551 0.491699
vt 0.977051 0.692139
vt 0.982422 0.694824
vt 0.976562 0.698486
vt 0.158569 0.828247
vt 0.146851 0.825684
vt 0.155762 0.820068
vt 0.600098 0.149414
vt 0.597656 0.145020
vt 0.602539 0.144531
vt 0.346924 0.402832
vt 0.300537 0.849243
vt 0.290771 0.837891
vt 0.300781 0.838989
vt 0.490723 0.704346
vt 0.499756 0.711670
vt 0.490967 0.721436
vt 0.992188 0.770508
vt 0.988770 0.769287
vt 0.986328 0.763062
vt 0.998047 0.765259
vt 0.940430 0.085938
vt 0.945312 0.078613
vt 0.949219 0.085938
vt 0.468506 0.928894
vt 0.470703 0.922119
vt 0.479736 0.928223
vt 0.830078 0.679199
vt 0.834961 0.662598
vt 0.839844 0.673584
vt 0.106079 0.227051
vt 0.120483 0.231934
vt 0.119507 0.236816
vt 0.717285 0.034180
vt 0.725586 0.027832
vt 0.725098 0.033691
vt 0.411865 0.355957
vt 0.413574 0.350586
vt 0.424805 0.353516
vt 0.599121 0.583008
vt 0.604980 0.594482
vt 0.587891 0.598633
vt 0.684082 0.807861
vt 0.671387 0.793091
vt 0.689453 0.796753
vt 0.804199 0.606201
vt 0.808594 0.614014
vt 0.801758 0.614502
vt 0.994629 0.746826
vt 0.999023 0.755249
vt 0.985840 0.745850
vt 0.416504 0.854248
vt 0.425537 0.852783
vt 0.413086 0.862427
vt 0.157471 0.719971
vt 0.166626 0.715332
vt 0.171265 0.718262
vt 0.725098 0.584717
vt 0.732422 0.585938
vt 0.720215 0.589844
vt 0.061829 0.388672
vt 0.050476 0.385742
vt 0.059326 0.376465
vt 0.552734 0.125977
vt 0.570312 0.119629
vt 0.562012 0.132324
vt 0.099060 0.648438
vt 0.090637 0.639648
vt 0.100830 0.643799
vt 0.708984 0.221191
vt 0.707031 0.232422
vt 0.698242 0.222656
vt 0.755371 0.695557
vt 0.750977 0.695068
vt 0.755371 0.681641
vt 0.173462 0.730713
vt 0.180054 0.717529
vt 0.176636 0.730225
vt 0.555176 0.413574
vt 0.548340 0.418945
vt 0.544922 0.412109
vt 0.420898 0.407227
vt 0.411377 0.413086
vt 0.160034 0.986305
vt 0.158569 0.987732
vt 0.158936 0.981659
vt 0.676270 0.965332
vt 0.683594 0.968323
vt 0.674316 0.977600
vt 0.298584 0.713379
vt 0.308105 0.704834
vt 0.308594 0.711670
vt 0.696289 0.486816
vt 0.703125 0.488281
vt 0.709473 0.493164
vt 0.254150 0.012695
vt 0.248413 0.017090
vt 0.241577 0.016113
vt 0.914062 0.214355
vt 0.912598 0.233398
vt 0.902832 0.215820
vt 0.064270 0.293457
vt 0.069092 0.280762
vt 0.083191 0.283203
vt 0.136597 0.228027
vt 0.143433 0.238770
vt 0.128662 0.237305
vt 0.606934 0.153320
vt 0.615234 0.156250
vt 0.598633 0.170410
vt 0.097229 0.794556
vt 0.087341 0.795166
vt 0.096497 0.788208
vt 0.261963 0.522217
vt 0.252930 0.524902
vt 0.260498 0.512451
vt 0.872559 0.589600
vt 0.881348 0.583496
vt 0.886230 0.599854
vt 0.974609 0.192383
vt 0.960449 0.185547
vt 0.971680 0.180664
vt 0.284668 0.586670
vt 0.280273 0.577148
vt 0.290283 0.582031
vt 0.180542 0.585693
vt 0.191528 0.570068
vt 0.200684 0.586914
vt 0.123474 0.322754
vt 0.127930 0.330078
vt 0.118347 0.329102
vt 0.254150 0.102539
vt 0.254395 0.104492
vt 0.243164 0.103027
vt 0.580566 0.961151
vt 0.580566 0.949677
vt 0.583008 0.947784
vt 0.564941 0.246582
vt 0.560547 0.252441
vt 0.552734 0.250488
vt 0.855957 0.237305
vt 0.869141 0.238281
vt 0.862305 0.244629
vt 0.144287 0.212891
vt 0.139771 0.214844
vt 0.139282 0.205078
vt 0.051178 0.108887
vt 0.047943 0.104980
vt 0.058289 0.112305
vt 0.267578 0.637451
vt 0.267822 0.652588
vt 0.260986 0.657715
vt 0.565430 0.141113
vt 0.562988 0.136719
vt 0.573730 0.144531
vt 0.309326 0.585449
vt 0.315674 0.585449
vt 0.312012 0.591064
vt 0.262207 0.305176
vt 0.279053 0.311523
vt 0.272217 0.318359
vt 0.187256 0.848633
vt 0.189453 0.862183
vt 0.184692 0.858276
vt 0.439697 0.967072
vt 0.435303 0.970245
vt 0.427979 0.965210
vt 0.924805 0.295898
vt 0.914551 0.305664
vt 0.918457 0.291992
vt 0.915527 0.663086
vt 0.903320 0.659668
vt 0.902344 0.650635
vt 0.958008 0.536133
vt 0.945312 0.529053
vt 0.958496 0.531982
vt 0.786621 0.164551
vt 0.799805 0.175781
vt 0.787598 0.179688
vt 0.156738 0.028809
vt 0.167847 0.018555
vt 0.171265 0.039551
vt 0.117920 0.267090
vt 0.124512 0.265625
vt 0.125244 0.276367
vt 0.353271 0.417480
vt 0.022385 0.700684
vt 0.013588 0.698486
vt 0.018982 0.689941
vt 0.027405 0.694580
vt 0.845215 0.073730
vt 0.844727 0.080078
vt 0.838867 0.074707
vt 0.928223 0.791138
vt 0.923828 0.808105
vt 0.911621 0.799194
vt 0.833008 0.903137
vt 0.830566 0.904785
vt 0.825684 0.896790
vt 0.060028 0.817139
vt 0.055939 0.813354
vt 0.057251 0.811035
vt 0.231934 0.369141
vt 0.243286 0.366699
vt 0.244019 0.383789
vt 0.391602 0.085449
vt 0.379883 0.082520
vt 0.391846 0.078613
vt 0.445557 0.414551
vt 0.456055 0.422852
vt 0.440918 0.430176
vt 0.090698 0.336426
vt 0.086121 0.344238
vt 0.087402 0.336914
vt 0.223022 0.013672
vt 0.227661 0.018066
vt 0.219116 0.020996
vt 0.211914 0.736328
vt 0.221802 0.741455
vt 0.214966 0.744141
vt 0.736816 0.560303
vt 0.730469 0.575439
vt 0.731445 0.552979
vt 0.195068 0.254883
vt 0.189209 0.252930
vt 0.194458 0.249023
vt 0.985840 0.755493
vt 0.161133 0.695557
vt 0.152832 0.682861
vt 0.161621 0.682129
vt 0.341309 0.932922
vt 0.347412 0.927490
vt 0.351562 0.933594
vt 0.590820 0.635254
vt 0.601562 0.625244
vt 0.606445 0.636230
vt 0.775879 0.342285
vt 0.786621 0.345215
vt 0.783691 0.349609
vt 0.217285 0.996981
vt 0.230591 0.989891
vt 0.235718 0.995972
vt 0.202026 0.723877
vt 0.219238 0.721680
vt 0.974609 0.416016
vt 0.969238 0.404297
vt 0.981934 0.405273
vt 0.093384 0.173340
vt 0.088074 0.171387
vt 0.930664 0.481934
vt 0.916992 0.486816
vt 0.928223 0.471680
vt 0.765625 0.871948
vt 0.766113 0.883911
vt 0.760742 0.871216
vt 0.543457 0.811768
vt 0.525391 0.794922
vt 0.544922 0.802124
vt 0.193481 0.976562
vt 0.182129 0.983215
vt 0.185303 0.974152
vt 0.200928 0.195312
vt 0.210449 0.195312
vt 0.201050 0.202148
vt 0.227417 0.046387
vt 0.218140 0.051270
vt 0.221069 0.043945
vt 0.689453 0.829834
vt 0.685547 0.811646
vt 0.698242 0.822754
vt 0.446289 0.873535
vt 0.442383 0.880798
vt 0.436279 0.878906
vt 0.843262 0.647217
vt 0.843750 0.663086
vt 0.105835 0.672363
vt 0.096497 0.674072
vt 0.104065 0.666748
vt 0.712402 0.478516
vt 0.705078 0.465332
vt 0.717773 0.472168
vt 0.062500 0.471191
vt 0.064819 0.453125
vt 0.072083 0.454102
vt 0.458984 0.556396
vt 0.458252 0.545654
vt 0.464844 0.546143
vt 0.464355 0.510010
vt 0.474121 0.514160
vt 0.469482 0.522217
vt 0.990234 0.004395
vt 0.979980 0.000977
vt 0.992188 0.000000
vt 0.237671 0.598877
vt 0.231201 0.604980
vt 0.225952 0.598633
vt 0.891602 0.572021
vt 0.901367 0.561523
vt 0.892578 0.575195
vt 0.419189 0.606445
vt 0.407959 0.587158
vt 0.411865 0.582275
vt 0.720215 0.385742
vt 0.710449 0.372070
vt 0.717773 0.368652
vt 0.854980 0.525879
vt 0.352783 0.788208
vt 0.355713 0.780029
vt 0.361816 0.785767
vt 0.432861 0.605713
vt 0.634766 0.183105
vt 0.633789 0.208496
vt 0.619141 0.205078
vt 0.838867 0.849121
vt 0.846680 0.851074
vt 0.844727 0.857788
vt 0.365234 0.398926
vt 0.384521 0.391113
vt 0.385254 0.404297
vt 0.722168 0.395020
vt 0.713867 0.390137
vt 0.698730 0.010254
vt 0.688477 0.019531
vt 0.695312 0.001953
vt 0.665527 0.657471
vt 0.679688 0.653076
vt 0.683594 0.662354
vt 0.540039 0.959381
vt 0.539551 0.970016
vt 0.533203 0.958679
vt 0.957031 0.403809
vt 0.956543 0.407715
vt 0.943848 0.409668
vt 0.748535 0.253418
vt 0.750977 0.250000
vt 0.757324 0.268066
vt 0.749023 0.255859
vt 0.487305 0.635986
vt 0.520508 0.648682
vt 0.510742 0.658447
vt 0.007736 0.114258
vt 0.000637 0.105469
vt 0.012627 0.108398
vt 0.065247 0.866333
vt 0.059814 0.876831
vt 0.050964 0.879944
vt 0.902832 0.251953
vt 0.919922 0.252930
vt 0.924316 0.266113
vt 0.220337 0.096680
vt 0.208496 0.098145
vt 0.219360 0.082031
vt 0.960449 0.470215
vt 0.975586 0.471680
vt 0.974121 0.484375
vt 0.367188 0.135254
vt 0.361816 0.134766
vt 0.359863 0.129395
vt 0.884277 0.908142
vt 0.885254 0.895325
vt 0.889160 0.899597
vt 0.274902 0.294922
vt 0.262207 0.274414
vt 0.285400 0.287109
vt 0.269287 0.962616
vt 0.256348 0.975677
vt 0.244873 0.960022
vt 0.133545 0.254883
vt 0.128296 0.251953
vt 0.118164 0.243164
vt 0.949707 0.525879
vt 0.948242 0.521729
vt 0.961426 0.531250
vt 0.022278 0.118164
vt 0.013374 0.110840
vt 0.019638 0.108887
vt 0.412842 0.872803
vt 0.416748 0.878784
vt 0.407959 0.873291
vt 0.487793 0.124512
vt 0.485840 0.134766
vt 0.476318 0.130859
vt 0.447998 0.454590
vt 0.445068 0.464844
vt 0.444580 0.458496
vt 0.223145 0.070801
vt 0.208008 0.063477
vt 0.223389 0.066406
vt 0.087402 0.538818
vt 0.099915 0.525146
vt 0.098145 0.535400
vt 0.774414 0.974991
vt 0.755859 0.963104
vt 0.774414 0.964752
vt 0.737793 0.586914
vt 0.734863 0.590332
vt 0.163574 0.483887
vt 0.160400 0.482422
vt 0.170532 0.479004
vt 0.217773 0.207031
vt 0.212402 0.207520
vt 0.216919 0.204590
vt 0.613770 0.055664
vt 0.604004 0.058594
vt 0.591309 0.056641
vt 0.105408 0.540283
vt 0.108276 0.529297
vt 0.119263 0.540771
vt 0.551270 0.129395
vt 0.538086 0.124023
vt 0.234131 0.114258
vt 0.226562 0.109863
vt 0.945801 0.454102
vt 0.946289 0.437012
vt 0.960938 0.452637
vt 0.263672 0.546143
vt 0.286865 0.539062
vt 0.282471 0.548340
vt 0.256104 0.379395
vt 0.938477 0.464844
vt 0.939941 0.471191
vt 0.936035 0.478027
vt 0.934570 0.473145
vt 0.562500 0.862061
vt 0.558594 0.881531
vt 0.548340 0.881653
vt 0.763184 0.272949
vt 0.755859 0.249512
vt 0.767090 0.253418
vt 0.801270 0.663086
vt 0.790527 0.648682
vt 0.798340 0.643555
vt 0.456543 0.560059
vt 0.476807 0.576172
vt 0.458984 0.574463
vt 0.196899 0.070312
vt 0.207886 0.077637
vt 0.192627 0.075684
vt 0.866699 0.837769
vt 0.876953 0.839966
vt 0.874023 0.847656
vt 0.452637 0.124023
vt 0.443604 0.130371
vt 0.442871 0.126953
vt 0.644043 0.391602
vt 0.657715 0.396484
vt 0.651855 0.404785
vt 0.135132 0.261719
vt 0.946289 0.326660
vt 0.939941 0.346191
vt 0.935547 0.332031
vt 0.519043 0.263672
vt 0.508301 0.257324
vt 0.524902 0.255859
vt 0.595703 0.346680
vt 0.872559 0.852539
vt 0.870605 0.857788
vt 0.862793 0.854736
vt 0.726562 0.344727
vt 0.734863 0.349121
vt 0.728027 0.347168
vt 0.829102 0.252930
vt 0.823242 0.250977
vt 0.836914 0.250488
vt 0.238159 0.490234
vt 0.232910 0.479492
vt 0.238770 0.479004
vt 0.625977 0.032227
vt 0.633301 0.019531
vt 0.630859 0.039551
vt 0.471680 0.453613
vt 0.467285 0.481445
vt 0.457764 0.479492
vt 0.949219 0.463867
vt 0.955566 0.455566
vt 0.960938 0.459473
vt 0.911133 0.544678
vt 0.923340 0.547852
vt 0.918945 0.549805
vt 0.844238 0.702148
vt 0.848145 0.699219
vt 0.851562 0.705322
vt 0.895020 0.668457
vt 0.889648 0.665771
vt 0.896973 0.656006
vt 0.824707 0.226074
vt 0.806152 0.228516
vt 0.819336 0.219238
vt 0.654785 0.938995
vt 0.645020 0.953918
vt 0.642090 0.945892
vt 0.684082 0.189941
vt 0.675293 0.194336
vt 0.671875 0.190430
vt 0.029510 0.025391
vt 0.031830 0.025391
vt 0.029144 0.033691
vt 0.149536 0.949280
vt 0.131714 0.960602
vt 0.144409 0.948639
vt 0.348877 0.023438
vt 0.345703 0.026367
vt 0.342529 0.017578
vt 0.227783 0.077637
vt 0.219116 0.074219
vt 0.336670 0.361328
vt 0.337158 0.366211
vt 0.321533 0.362793
vt 0.095154 0.757324
vt 0.107117 0.751343
vt 0.110657 0.758667
vt 0.852539 0.387207
vt 0.860840 0.373535
vt 0.387207 0.762207
vt 0.387207 0.748779
vt 0.399902 0.749756
vt 0.372070 0.779053
vt 0.370117 0.773315
vt 0.382080 0.777100
vt 0.253906 0.476562
vt 0.244873 0.476562
vt 0.256836 0.471191
vt 0.699219 0.941833
vt 0.699219 0.954163
vt 0.694824 0.948364
vt 0.940918 0.480957
vt 0.940430 0.490234
vt 0.933105 0.485352
vt 0.799805 0.720459
vt 0.799316 0.717529
vt 0.808105 0.718994
vt 0.270752 0.404297
vt 0.253662 0.396973
vt 0.260742 0.395996
vt 0.569336 0.845215
vt 0.573730 0.841553
vt 0.574707 0.870483
vt 0.386230 0.935364
vt 0.392822 0.928894
vt 0.395752 0.946198
vt 0.699707 0.772705
vt 0.708008 0.772217
vt 0.703125 0.777466
vt 0.032898 0.250977
vt 0.021530 0.238281
vt 0.025879 0.237305
vt 0.837402 0.397949
vt 0.828125 0.907288
vt 0.824219 0.906677
vt 0.579590 0.522461
vt 0.577637 0.542480
vt 0.575195 0.535645
vt 0.698730 0.208984
vt 0.688965 0.206055
vt 0.698730 0.203125
vt 0.454102 0.032715
vt 0.444336 0.020020
vt 0.455322 0.023438
vt 0.462891 0.153320
vt 0.475586 0.159180
vt 0.470459 0.166992
vt 0.710938 0.144043
vt 0.688477 0.141113
vt 0.703613 0.131836
vt 0.690430 0.860596
vt 0.704590 0.859009
vt 0.697754 0.868164
vt 0.919922 0.597900
vt 0.915039 0.591064
vt 0.920410 0.589111
vt 0.922852 0.596191
vt 0.250977 0.639648
vt 0.259766 0.630371
vt 0.255859 0.643311
vt 0.323975 0.048340
vt 0.309814 0.027832
vt 0.264404 0.914917
vt 0.264404 0.926208
vt 0.254395 0.928406
vt 0.890625 0.563721
vt 0.886719 0.561523
vt 0.899902 0.550049
vt 0.395508 0.363770
vt 0.400391 0.374023
vt 0.381836 0.362793
vt 0.513672 0.270020
vt 0.506836 0.273438
vt 0.494385 0.268555
vt 0.504395 0.264648
vt 0.780273 0.062012
vt 0.785645 0.065430
vt 0.777832 0.074219
vt 0.114563 0.922729
vt 0.126953 0.914368
vt 0.121155 0.924255
vt 0.794434 0.969574
vt 0.784668 0.976395
vt 0.787109 0.972137
vt 0.762207 0.840332
vt 0.759277 0.836182
vt 0.766113 0.833984
vt 0.857910 0.082031
vt 0.847656 0.080078
vt 0.906738 0.436035
vt 0.898438 0.449707
vt 0.896973 0.443359
vt 0.320068 0.357910
vt 0.287354 0.679932
vt 0.296143 0.653076
vt 0.296631 0.674561
vt 0.056458 0.450684
vt 0.051849 0.447754
vt 0.060638 0.447754
vt 0.032379 0.846313
vt 0.026154 0.848999
vt 0.019730 0.842407
vt 0.154907 0.447266
vt 0.166870 0.449219
vt 0.153564 0.458008
vt 0.334717 0.229004
vt 0.346924 0.235352
vt 0.334717 0.235352
vt 0.822266 0.782715
vt 0.811035 0.782104
vt 0.808594 0.767456
vt 0.291260 0.078125
vt 0.293701 0.089844
vt 0.283203 0.077637
vt 0.041412 0.274414
vt 0.037231 0.272461
vt 0.040985 0.269531
vt 0.842285 0.413086
vt 0.834473 0.412109
vt 0.833496 0.402832
vt 0.481201 0.357910
vt 0.478760 0.357910
vt 0.482910 0.347168
vt 0.689941 0.167969
vt 0.690430 0.172852
vt 0.681152 0.174805
vt 0.356445 0.307617
vt 0.362549 0.303711
vt 0.364258 0.311035
vt 0.407227 0.264648
vt 0.417236 0.273926
vt 0.401123 0.270996
vt 0.997559 0.882507
vt 0.983398 0.882507
vt 0.989258 0.874634
vt 0.944336 0.456055
vt 0.944336 0.466797
vt 0.939941 0.465332
vt 0.084412 0.612061
vt 0.089844 0.609863
vt 0.083618 0.622803
vt 0.997559 0.374512
vt 0.994141 0.384277
vt 0.986816 0.381348
vt 0.120667 0.073730
vt 0.126831 0.083008
vt 0.189575 0.525635
vt 0.176147 0.502441
vt 0.188477 0.501221
vt 0.610352 0.898254
vt 0.592773 0.899963
vt 0.600098 0.890564
vt 0.481445 0.364258
vt 0.477783 0.370117
vt 0.344727 0.091309
vt 0.341064 0.075684
vt 0.348145 0.075684
vt 0.637695 0.764893
vt 0.637695 0.779419
vt 0.625000 0.770142
vt 0.388184 0.228516
vt 0.389893 0.234375
vt 0.385498 0.231445
vt 0.979004 0.291016
vt 0.965332 0.275879
vt 0.983398 0.276855
vt 0.894531 0.577881
vt 0.895020 0.580566
vt 0.889648 0.578857
vt 0.282471 0.031738
vt 0.278076 0.022461
vt 0.282471 0.015625
vt 0.434326 0.554199
vt 0.410645 0.549805
vt 0.417480 0.529785
vt 0.415771 0.479980
vt 0.421875 0.486816
vt 0.411377 0.495605
vt 0.011223 0.693115
vt 0.003986 0.137695
vt 0.010849 0.129883
vt 0.014153 0.131348
vt 0.092529 0.966705
vt 0.091370 0.977264
vt 0.086365 0.977264
vt 0.306152 0.500000
vt 0.319336 0.495117
vt 0.319580 0.502686
vt 0.135986 0.588135
vt 0.118713 0.586426
vt 0.125732 0.581543
vt 0.483643 0.646484
vt 0.484375 0.663086
vt 0.474854 0.659180
vt 0.313477 0.085449
vt 0.321045 0.097168
vt 0.309082 0.102051
vt 0.541016 0.155273
vt 0.533691 0.163086
vt 0.524414 0.162598
vt 0.418945 0.675781
vt 0.401367 0.681641
vt 0.409668 0.674316
vt 0.584961 0.100098
vt 0.592285 0.108887
vt 0.585449 0.106934
vt 0.225586 0.006348
vt 0.232178 0.005859
vt 0.233154 0.012207
vt 0.298584 0.593018
vt 0.296875 0.588867
vt 0.303711 0.589844
vt 0.143311 0.197266
vt 0.138672 0.202148
vt 0.404053 0.009766
vt 0.402832 0.014648
vt 0.401367 0.009766
vt 0.464844 0.021973
vt 0.464111 0.016602
vt 0.046295 0.107422
vt 0.658691 0.091797
vt 0.665527 0.084473
vt 0.668945 0.093262
vt 0.062439 0.662842
vt 0.055145 0.661621
vt 0.065063 0.643555
vt 0.583008 0.149414
vt 0.583008 0.131836
vt 0.588379 0.137207
vt 0.752441 0.229980
vt 0.781250 0.222656
vt 0.766113 0.245605
vt 0.184570 0.762817
vt 0.197754 0.768188
vt 0.199951 0.771362
vt 0.825684 0.643311
vt 0.821289 0.664307
vt 0.821289 0.644043
vt 0.923828 0.351562
vt 0.910156 0.345215
vt 0.911133 0.339355
vt 0.613770 0.034180
vt 0.616211 0.041016
vt 0.142578 0.749756
vt 0.137695 0.739258
vt 0.143188 0.727295
vt 0.223511 0.256348
vt 0.220581 0.261719
vt 0.208130 0.255859
vt 0.466553 0.186035
vt 0.457764 0.191895
vt 0.451904 0.181641
vt 0.901367 0.555176
vt 0.817383 0.206543
vt 0.830078 0.190430
vt 0.830566 0.201172
vt 0.812988 0.109863
vt 0.818848 0.122559
vt 0.811523 0.119141
vt 0.514160 0.013672
vt 0.514160 0.017578
vt 0.512207 0.014648
vt 0.856445 0.716797
vt 0.863770 0.713379
vt 0.865723 0.725342
vt 0.898438 0.802490
vt 0.885254 0.809570
vt 0.872559 0.801025
vt 0.390381 0.167480
vt 0.375977 0.162109
vt 0.379639 0.158691
vt 0.505859 0.298828
vt 0.514648 0.284180
vt 0.524414 0.294434
vt 0.087830 0.370117
vt 0.086487 0.358887
vt 0.105225 0.364746
vt 0.433350 0.220703
vt 0.451904 0.220703
vt 0.428223 0.229980
vt 0.209351 0.414062
vt 0.187256 0.414062
vt 0.208862 0.404297
vt 0.718750 0.462402
vt 0.723633 0.463379
vt 0.724609 0.467773
vt 0.129028 0.064453
vt 0.138550 0.070312
vt 0.132202 0.073242
vt 0.400391 0.672119
vt 0.412598 0.670654
vt 0.402832 0.672607
vt 0.594238 0.519287
vt 0.594727 0.526855
vt 0.588867 0.534180
vt 0.486084 0.808960
vt 0.468994 0.812012
vt 0.471924 0.802490
vt 0.035095 0.737305
vt 0.042450 0.730225
vt 0.048157 0.749756
vt 0.380615 0.479980
vt 0.381836 0.476074
vt 0.383545 0.478516
vt 0.636719 0.976822
vt 0.634277 0.966553
vt 0.639160 0.960022
vt 0.985840 0.804810
vt 0.988770 0.798950
vt 0.997070 0.811279
vt 0.320801 0.374023
vt 0.317871 0.363281
vt 0.882812 0.159668
vt 0.895996 0.173340
vt 0.880859 0.162109
vt 0.177490 0.760010
vt 0.177002 0.766968
vt 0.729492 0.479492
vt 0.662598 0.339355
vt 0.660645 0.319824
vt 0.683105 0.309570
vt 0.227783 0.035156
vt 0.223633 0.026367
vt 0.235718 0.027344
vt 0.273438 0.990005
vt 0.270264 0.992004
vt 0.271484 0.984039
vt 0.040283 0.103027
vt 0.032532 0.089844
vt 0.045044 0.100586
vt 0.703613 0.703369
vt 0.720703 0.714111
vt 0.706543 0.714355
vt 0.137451 0.597412
vt 0.114807 0.633545
vt 0.118652 0.593750
vt 0.711914 0.387207
vt 0.711426 0.400879
vt 0.710449 0.390625
vt 0.872559 0.724609
vt 0.866699 0.716553
vt 0.877930 0.710449
vt 0.675293 0.371582
vt 0.671875 0.359863
vt 0.689941 0.338867
vt 0.249390 0.320801
vt 0.218872 0.296875
vt 0.245239 0.308594
vt 0.890137 0.199707
vt 0.910156 0.198242
vt 0.891602 0.202637
vt 0.467285 0.441895
vt 0.448730 0.438477
vt 0.959961 0.718262
vt 0.953613 0.720703
vt 0.957031 0.713623
vt 0.079834 0.578857
vt 0.096680 0.581787
vt 0.086792 0.583252
vt 0.090393 0.222168
vt 0.094604 0.228027
vt 0.084839 0.225098
vt 0.425293 0.870239
vt 0.427979 0.862915
vt 0.364990 0.926636
vt 0.359619 0.925354
vt 0.367920 0.923340
vt 0.746094 0.864990
vt 0.748047 0.868286
vt 0.737793 0.869873
vt 0.254395 0.948914
vt 0.269531 0.953644
vt 0.265625 0.959106
vt 0.898926 0.179688
vt 0.900879 0.177246
vt 0.902344 0.183594
vt 0.693848 0.381836
vt 0.689453 0.398438
vt 0.679199 0.380859
vt 0.004753 0.934265
vt 0.010185 0.930298
vt 0.009544 0.938416
vt 0.069092 0.172363
vt 0.074707 0.174805
vt 0.064575 0.184570
vt 0.095337 0.707031
vt 0.086243 0.713867
vt 0.076416 0.713379
vt 0.265137 0.562500
vt 0.262207 0.556641
vt 0.276367 0.552490
vt 0.038971 0.262695
vt 0.379395 0.216309
vt 0.372803 0.224609
vt 0.367432 0.216309
vt 0.139893 0.222168
vt 0.381348 0.456543
vt 0.394775 0.449707
vt 0.394287 0.456543
vt 0.984863 0.888123
vt 0.978027 0.896057
vt 0.977539 0.881836
vt 0.520996 0.311523
vt 0.311035 0.168945
vt 0.311035 0.182129
vt 0.305176 0.194824
vt 0.301514 0.798218
vt 0.287354 0.807007
vt 0.288574 0.789673
vt 0.922363 0.077148
vt 0.910156 0.085449
vt 0.913086 0.067871
vt 0.012489 0.709229
vt 0.008324 0.705566
vt 0.014877 0.707520
vt 0.776855 0.571777
vt 0.777344 0.566650
vt 0.784668 0.571289
vt 0.217285 0.421387
vt 0.212280 0.436523
vt 0.212402 0.423828
vt 0.560547 0.918701
vt 0.578613 0.913513
vt 0.581055 0.923462
vt 0.878906 0.115234
vt 0.893066 0.107910
vt 0.895508 0.132324
vt 0.306396 0.299316
vt 0.309082 0.270508
vt 0.323975 0.288086
vt 0.674316 0.500000
vt 0.691406 0.516846
vt 0.686523 0.519531
vt 0.323975 0.802002
vt 0.311523 0.820557
vt 0.300293 0.806152
vt 0.320068 0.407227
vt 0.318604 0.434570
vt 0.313721 0.417969
vt 0.486328 0.175781
vt 0.491455 0.184082
vt 0.476562 0.182617
vt 0.265625 0.157227
vt 0.272949 0.163086
vt 0.259277 0.170410
vt 0.904297 0.597900
vt 0.907227 0.600098
vt 0.902344 0.613037
vt 0.975586 0.810913
vt 0.974609 0.808960
vt 0.683105 0.449219
vt 0.675781 0.436035
vt 0.687988 0.437988
vt 0.098877 0.186523
vt 0.097778 0.182617
vt 0.099365 0.178711
vt 0.448242 0.517822
vt 0.455078 0.527344
vt 0.658691 0.186035
vt 0.658203 0.194824
vt 0.649902 0.193359
vt 0.618652 0.212402
vt 0.632324 0.217773
vt 0.623047 0.233398
vt 0.608398 0.150879
vt 0.264160 0.909058
vt 0.279297 0.905823
vt 0.270264 0.915649
vt 0.244019 0.038574
vt 0.236084 0.042969
vt 0.239990 0.038574
vt 0.739258 0.008789
vt 0.747070 0.008301
vt 0.742188 0.015625
vt 0.768066 0.128906
vt 0.756836 0.110352
vt 0.767090 0.107422
vt 0.185913 0.842773
vt 0.192993 0.838135
vt 0.383789 0.473633
vt 0.386963 0.480957
vt 0.996094 0.705322
vt 0.986816 0.705322
vt 0.993652 0.699219
vt 0.212524 0.908997
vt 0.217773 0.897949
vt 0.225708 0.910767
vt 0.799805 0.422363
vt 0.809570 0.419922
vt 0.812012 0.433594
vt 0.979980 0.440430
vt 0.974609 0.443848
vt 0.969727 0.436035
vt 0.113708 0.416016
vt 0.089417 0.424316
vt 0.098938 0.412109
vt 0.761230 0.862915
vt 0.754883 0.864380
vt 0.874023 0.903625
vt 0.874023 0.910889
vt 0.871582 0.904907
vt 0.609863 0.382324
vt 0.630859 0.375000
vt 0.621582 0.401367
vt 0.511230 0.369629
vt 0.494141 0.386230
vt 0.499023 0.359375
vt 0.937012 0.302734
vt 0.948242 0.297363
vt 0.216309 0.106934
vt 0.222656 0.112793
vt 0.217041 0.110352
vt 0.010872 0.299805
vt 0.006851 0.299805
vt 0.009422 0.296875
vt 0.406982 0.453125
vt 0.408691 0.459473
vt 0.889648 0.208008
vt 0.890137 0.215820
vt 0.644043 0.094238
vt 0.649414 0.087891
vt 0.650879 0.093750
vt 0.791992 0.294922
vt 0.785645 0.303711
vt 0.786133 0.293457
vt 0.287109 0.022949
vt 0.300293 0.032715
vt 0.297607 0.036621
vt 0.074951 0.613770
vt 0.069824 0.623535
vt 0.068848 0.606689
vt 0.672852 0.343262
vt 0.694824 0.322266
vt 0.935059 0.291016
vt 0.919434 0.281250
vt 0.932617 0.274414
vt 0.898438 0.819336
vt 0.901367 0.823486
vt 0.898926 0.824707
vt 0.099365 0.500244
vt 0.101318 0.510254
vt 0.091248 0.510254
vt 0.767578 0.838867
vt 0.764160 0.841919
vt 0.717773 0.679199
vt 0.717773 0.670654
vt 0.727051 0.673828
vt 0.595703 0.361816
vt 0.602051 0.349121
vt 0.603027 0.366699
vt 0.642578 0.269531
vt 0.658203 0.277344
vt 0.641113 0.277832
vt 0.952637 0.136719
vt 0.948730 0.152832
vt 0.945801 0.146484
vt 0.704590 0.514160
vt 0.692383 0.520020
vt 0.999023 0.039551
vt 0.995117 0.040527
vt 0.999023 0.033203
vt 0.295898 0.749512
vt 0.293213 0.774414
vt 0.276611 0.755859
vt 0.565918 0.422852
vt 0.564453 0.430664
vt 0.558594 0.418945
vt 0.442383 0.698730
vt 0.442139 0.693848
vt 0.449463 0.700195
vt 0.790527 0.711670
vt 0.801758 0.713867
vt 0.731445 0.435059
vt 0.732422 0.446289
vt 0.727051 0.439453
vt 0.993652 0.893311
vt 0.986816 0.897095
vt 0.988770 0.893616
vt 0.760254 0.293457
vt 0.755371 0.295410
vt 0.761719 0.291504
vt 0.363037 0.140625
vt 0.844727 0.370117
vt 0.846191 0.383789
vt 0.839355 0.381348
vt 0.130127 0.499023
vt 0.120972 0.492676
vt 0.124084 0.486328
vt 0.560059 0.029785
vt 0.564453 0.013672
vt 0.575195 0.010742
vt 0.309570 0.405762
vt 0.279541 0.394531
vt 0.298340 0.389648
vt 0.487061 0.350586
vt 0.485352 0.349609
vt 0.484619 0.345215
vt 0.322021 0.227051
vt 0.323242 0.222656
vt 0.885254 0.922852
vt 0.877930 0.919312
vt 0.890137 0.915161
vt 0.454346 0.948181
vt 0.457031 0.949463
vt 0.461914 0.958618
vt 0.870117 0.707275
vt 0.866211 0.716309
vt 0.863770 0.701172
vt 0.417480 0.967407
vt 0.429199 0.978104
vt 0.421143 0.977890
vt 0.352539 0.440430
vt 0.360352 0.450195
vt 0.338867 0.444336
vt 0.808594 0.283203
vt 0.805664 0.270020
vt 0.815430 0.267578
vt 0.021744 0.790894
vt 0.034576 0.790894
vt 0.025299 0.808716
vt 0.269287 0.010742
vt 0.261719 0.002930
vt 0.266846 0.005859
vt 0.728027 0.376465
vt 0.734375 0.387207
vt 0.731445 0.389160
vt 0.329102 0.116699
vt 0.325195 0.118652
vt 0.315918 0.110840
vt 0.267822 0.181641
vt 0.262939 0.175781
vt 0.980469 0.398926
vt 0.209595 0.991302
vt 0.206055 0.990128
vt 0.208130 0.987717
vt 0.624512 0.587646
vt 0.621094 0.568848
vt 0.376221 0.274902
vt 0.371582 0.253906
vt 0.384277 0.264648
vt 0.248413 0.135742
vt 0.232910 0.130859
vt 0.249146 0.109375
vt 0.699707 0.376953
vt 0.700684 0.381348
vt 0.727539 0.984482
vt 0.715820 0.988327
vt 0.702637 0.966400
vt 0.372070 0.444824
vt 0.374756 0.436035
vt 0.382324 0.444824
vt 0.276367 0.916931
vt 0.288330 0.911194
vt 0.274902 0.921814
vt 0.752930 0.594238
vt 0.744141 0.596924
vt 0.742188 0.589355
vt 0.801270 0.072754
vt 0.785156 0.073242
vt 0.013252 0.151367
vt 0.022339 0.161621
vt 0.012772 0.168457
vt 0.443604 0.511719
vt 0.840332 0.068359
vt 0.844238 0.066895
vt 0.625488 0.707764
vt 0.614746 0.730469
vt 0.612305 0.706787
vt 0.484131 0.359375
vt 0.485107 0.367676
vt 0.709961 0.659668
vt 0.718262 0.655762
vt 0.377930 0.686523
vt 0.372314 0.684570
vt 0.382324 0.676758
vt 0.363037 0.379883
vt 0.727539 0.616699
vt 0.725098 0.607178
vt 0.738770 0.610352
vt 0.135620 0.751953
vt 0.116455 0.761841
vt 0.123413 0.753906
vt 0.753418 0.643066
vt 0.742188 0.623779
vt 0.751953 0.624268
vt 0.763672 0.800537
vt 0.771484 0.792358
vt 0.768066 0.812988
vt 0.875488 0.697998
vt 0.243896 0.515869
vt 0.257568 0.496582
vt 0.498047 0.124023
vt 0.499023 0.114258
vt 0.503906 0.115234
vt 0.484619 0.376465
vt 0.480713 0.371094
vt 0.934570 0.075684
vt 0.195312 0.649658
vt 0.187256 0.648926
vt 0.194946 0.645264
vt 0.930664 0.690430
vt 0.916016 0.689941
vt 0.924316 0.681641
vt 0.801270 0.222168
vt 0.801270 0.229492
vt 0.789062 0.235352
vt 0.785645 0.233398
vt 0.223389 0.588135
vt 0.226440 0.574463
vt 0.242188 0.583008
vt 0.677246 0.938538
vt 0.668945 0.939758
vt 0.673340 0.934631
vt 0.968262 0.153809
vt 0.976074 0.173828
vt 0.964844 0.165039
vt 0.660156 0.538818
vt 0.675293 0.546631
vt 0.658691 0.553467
vt 0.372314 0.168945
vt 0.385986 0.173828
vt 0.381104 0.181641
vt 0.116577 0.970444
vt 0.112854 0.967346
vt 0.115784 0.966980
vt 0.392090 0.024414
vt 0.385986 0.034180
vt 0.385254 0.022949
vt 0.131348 0.694336
vt 0.136230 0.690918
vt 0.136230 0.697510
vt 0.604492 0.414551
vt 0.591309 0.426270
vt 0.601074 0.400879
vt 0.017822 0.881470
vt 0.011383 0.872925
vt 0.029999 0.872925
vt 0.192017 0.163086
vt 0.200684 0.177246
vt 0.191040 0.173828
vt 0.439941 0.056152
vt 0.455322 0.060547
vt 0.437012 0.072754
vt 0.919922 0.904297
vt 0.933105 0.510986
vt 0.947754 0.507080
vt 0.019562 0.738770
vt 0.016907 0.744141
vt 0.014366 0.742188
vt 0.507324 0.954315
vt 0.518066 0.950256
vt 0.518555 0.962402
vt 0.484863 0.467773
vt 0.490234 0.484863
vt 0.476074 0.482910
vt 0.026978 0.704834
vt 0.935547 0.638672
vt 0.926758 0.643799
vt 0.921875 0.635010
vt 0.327393 0.871948
vt 0.332520 0.888306
vt 0.317627 0.888367
vt 0.054932 0.402344
vt 0.063354 0.394043
vt 0.062744 0.411133
vt 0.046356 0.000488
vt 0.044861 0.017090
vt 0.035675 0.003418
vt 0.429932 0.500000
vt 0.425537 0.503662
vt 0.427246 0.488770
vt 0.783691 0.760498
vt 0.784668 0.748535
vt 0.796387 0.760376
vt 0.976562 0.606689
vt 0.977051 0.600342
vt 0.984375 0.609619
vt 0.482422 0.323730
vt 0.476074 0.318848
vt 0.482422 0.314941
vt 0.803711 0.619629
vt 0.889648 0.909363
vt 0.893555 0.902161
vt 0.894043 0.914490
vt 0.874023 0.852295
vt 0.882324 0.854248
vt 0.877441 0.859619
vt 0.283447 0.071289
vt 0.273682 0.063965
vt 0.281006 0.059082
vt 0.078125 0.068848
vt 0.086243 0.058105
vt 0.096680 0.060059
vt 0.705566 0.014160
vt 0.715820 0.023926
vt 0.714355 0.033691
vt 0.440186 0.788574
vt 0.442627 0.799316
vt 0.435303 0.794922
vt 0.931641 0.361328
vt 0.926758 0.352051
vt 0.244873 0.534912
vt 0.260254 0.530762
vt 0.254883 0.533691
vt 0.830078 0.074219
vt 0.831543 0.082031
vt 0.819336 0.068848
vt 0.620117 0.981277
vt 0.605469 0.991364
vt 0.593262 0.977753
vt 0.931641 0.793457
vt 0.935059 0.793091
vt 0.931152 0.801392
vt 0.539062 0.951660
vt 0.533691 0.951935
vt 0.516113 0.852295
vt 0.525391 0.840820
vt 0.541992 0.852539
vt 0.259766 0.326172
vt 0.259033 0.342285
vt 0.254883 0.351562
vt 0.950195 0.092285
vt 0.939941 0.096680
vt 0.783203 0.317383
vt 0.778320 0.305176
vt 0.046326 0.326172
vt 0.056396 0.336914
vt 0.056549 0.348633
vt 0.435303 0.783325
vt 0.891113 0.103027
vt 0.871582 0.114258
vt 0.398682 0.018066
vt 0.397949 0.024414
vt 0.967285 0.539062
vt 0.243652 0.526611
vt 0.878418 0.536133
vt 0.878906 0.541016
vt 0.872559 0.536133
vt 0.804199 0.651123
vt 0.814941 0.649170
vt 0.058685 0.452637
vt 0.048279 0.474121
vt 0.045654 0.462891
vt 0.482422 0.992447
vt 0.480469 0.970001
vt 0.490234 0.966400
vt 0.666504 0.494141
vt 0.667969 0.500732
vt 0.662109 0.503662
vt 0.810059 0.296875
vt 0.803223 0.291504
vt 0.814453 0.293457
vt 0.474365 0.983734
vt 0.471680 0.995876
vt 0.462891 0.984688
vt 0.173218 0.539307
vt 0.159058 0.507568
vt 0.469238 0.604492
vt 0.474121 0.579834
vt 0.488037 0.596436
vt 0.939453 0.676514
vt 0.938965 0.668701
vt 0.944336 0.676514
vt 0.442383 0.945984
vt 0.003235 0.035156
vt 0.015823 0.040527
vt 0.003511 0.041504
vt 0.826172 0.009766
vt 0.827148 0.001465
vt 0.830078 0.015137
vt 0.892090 0.150391
vt 0.903809 0.132812
vt 0.905762 0.152344
vt 0.703125 0.164551
vt 0.699707 0.157715
vt 0.714844 0.155273
vt 0.797852 0.925781
vt 0.804688 0.929077
vt 0.805664 0.934082
vt 0.297607 0.932556
vt 0.297852 0.918884
vt 0.307861 0.922729
vt 0.349609 0.883728
vt 0.369141 0.870972
vt 0.357910 0.889343
vt 0.604004 0.618408
vt 0.621582 0.617676
vt 0.621094 0.622070
vt 0.392578 0.187988
vt 0.565430 0.797852
vt 0.564941 0.777588
vt 0.581543 0.787231
vt 0.333252 0.717285
vt 0.322266 0.713623
vt 0.327637 0.710205
vt 0.702148 0.670166
vt 0.706543 0.668701
vt 0.303467 0.604248
vt 0.417236 0.892944
vt 0.417969 0.898560
vt 0.858887 0.596191
vt 0.866211 0.602539
vt 0.911621 0.764038
vt 0.919922 0.777832
vt 0.902832 0.760864
vt 0.356934 0.961945
vt 0.358398 0.950500
vt 0.365234 0.963989
vt 0.021454 0.368164
vt 0.014046 0.358887
vt 0.025452 0.357422
vt 0.195435 0.279297
vt 0.202637 0.279297
vt 0.211548 0.293457
vt 0.232422 0.594238
vt 0.222290 0.595215
vt 0.021973 0.825073
vt 0.021957 0.827393
vt 0.011978 0.819580
vt 0.145264 0.561035
vt 0.154419 0.560059
vt 0.136230 0.566895
vt 0.586914 0.117676
vt 0.586914 0.112793
vt 0.740723 0.681885
vt 0.741211 0.674805
vt 0.747559 0.681396
vt 0.321777 0.976105
vt 0.323242 0.989494
vt 0.316162 0.985428
vt 0.749023 0.304688
vt 0.751465 0.301758
vt 0.755371 0.308594
vt 0.265869 0.392090
vt 0.274902 0.395996
vt 0.343018 0.533447
vt 0.347900 0.518799
vt 0.364502 0.536133
vt 0.233276 0.212402
vt 0.222290 0.204590
vt 0.234131 0.211426
vt 0.807617 0.906433
vt 0.797852 0.912476
vt 0.797852 0.906555
vt 0.586914 0.749512
vt 0.569336 0.750610
vt 0.564941 0.740234
vt 0.568359 0.960022
vt 0.573730 0.972595
vt 0.559570 0.967102
vt 0.995605 0.963318
vt 0.987305 0.960876
vt 0.995117 0.958069
vt 0.927734 0.113770
vt 0.941895 0.129883
vt 0.921387 0.129395
vt 0.466064 0.313965
vt 0.460693 0.302734
vt 0.463135 0.301270
vt 0.045013 0.274902
vt 0.061249 0.275391
vt 0.061768 0.279297
vt 0.267822 0.827393
vt 0.246338 0.813843
vt 0.246582 0.805176
vt 0.983887 0.861206
vt 0.976074 0.868774
vt 0.966309 0.864990
vt 0.521973 0.697021
vt 0.543945 0.693604
vt 0.549805 0.704834
vt 0.483398 0.055664
vt 0.492432 0.057617
vt 0.479248 0.060059
vt 0.008232 0.227051
vt 0.011436 0.222656
vt 0.015854 0.226074
vt 0.627930 0.499023
vt 0.634766 0.508301
vt 0.619141 0.504883
vt 0.102600 0.964996
vt 0.098267 0.970764
vt 0.186646 0.048828
vt 0.178345 0.044922
vt 0.188599 0.036621
vt 0.424316 0.036133
vt 0.429443 0.031250
vt 0.425781 0.038086
vt 0.055725 0.513428
vt 0.063538 0.523438
vt 0.052917 0.520508
vt 0.880371 0.520508
vt 0.875488 0.525879
vt 0.762695 0.308594
vt 0.755859 0.297852
vt 0.232422 0.709961
vt 0.221802 0.707031
vt 0.229126 0.700195
vt 0.744141 0.724609
vt 0.747559 0.728271
vt 0.737793 0.727051
vt 0.501953 0.012695
vt 0.507324 0.015137
vt 0.506836 0.025879
vt 0.914062 0.864136
vt 0.913574 0.854614
vt 0.923828 0.870361
vt 0.645996 0.578613
vt 0.347168 0.906128
vt 0.337891 0.910706
vt 0.084167 0.635986
vt 0.075684 0.637207
vt 0.080322 0.633545
vt 0.219604 0.356445
vt 0.209595 0.355469
vt 0.215942 0.343750
vt 0.963379 0.699463
vt 0.962402 0.694092
vt 0.024353 0.179199
vt 0.030457 0.174805
vt 0.026459 0.188965
vt 0.932129 0.150879
vt 0.910645 0.148926
vt 0.283936 0.616943
vt 0.293213 0.622803
vt 0.284912 0.635742
vt 0.263916 0.671143
vt 0.254639 0.697021
vt 0.253906 0.684814
vt 0.351807 0.134766
vt 0.450195 0.215332
vt 0.450684 0.192871
vt 0.942383 0.580322
vt 0.918457 0.583984
vt 0.919922 0.570068
vt 0.783203 0.786011
vt 0.816895 0.803955
vt 0.787109 0.816162
vt 0.130615 0.227051
vt 0.130005 0.216797
vt 0.138428 0.222656
vt 0.469482 0.187500
vt 0.467285 0.191406
vt 0.082581 0.020508
vt 0.074463 0.020508
vt 0.078369 0.004883
vt 0.023499 0.572021
vt 0.016800 0.543701
vt 0.031891 0.531006
vt 0.354248 0.952881
vt 0.799316 0.287109
vt 0.269043 0.062500
vt 0.271729 0.076660
vt 0.264160 0.066406
vt 0.804199 0.402344
vt 0.812500 0.398438
vt 0.821289 0.408203
vt 0.229980 0.276855
vt 0.207153 0.271973
vt 0.227783 0.270020
vt 0.347412 0.846924
vt 0.344238 0.862061
vt 0.335449 0.850952
vt 0.272705 0.012695
vt 0.274902 0.014160
vt 0.268555 0.016113
vt 0.454834 0.910767
vt 0.478760 0.890015
vt 0.489990 0.920105
vt 0.553223 0.541504
vt 0.555664 0.546631
vt 0.556152 0.557861
vt 0.122864 0.525635
vt 0.111633 0.523438
vt 0.115906 0.516602
vt 0.233276 0.398438
vt 0.232788 0.406250
vt 0.212524 0.403809
vt 0.074219 0.562256
vt 0.076294 0.558105
vt 0.082825 0.561279
vt 0.506348 0.123535
vt 0.508301 0.113281
vt 0.512207 0.112305
vt 0.666504 0.101074
vt 0.662598 0.107910
vt 0.662109 0.099121
vt 0.662109 0.111328
vt 0.658203 0.110840
vt 0.766602 0.645996
vt 0.768555 0.634277
vt 0.774414 0.649902
vt 0.952148 0.349609
vt 0.956543 0.333984
vt 0.094910 0.671875
vt 0.088257 0.679443
vt 0.086609 0.677490
vt 0.192871 0.257324
vt 0.207520 0.260254
vt 0.084961 0.653320
vt 0.085999 0.660889
vt 0.079590 0.659424
vt 0.056213 0.114258
vt 0.954102 0.468750
vt 0.002678 0.795898
vt 0.016159 0.777344
vt 0.022415 0.810181
vt 0.131348 0.666260
vt 0.132202 0.673584
vt 0.125244 0.666748
vt 0.474854 0.387207
vt 0.487793 0.394531
vt 0.492188 0.402832
vt 0.538574 0.185547
vt 0.544434 0.175781
vt 0.553711 0.189453
vt 0.609863 0.689697
vt 0.596680 0.699219
vt 0.562988 0.234863
vt 0.549316 0.248535
vt 0.538574 0.236816
vt 0.686035 0.903015
vt 0.679688 0.901489
vt 0.682617 0.900513
vt 0.035858 0.613281
vt 0.030792 0.605225
vt 0.036804 0.603760
vt 0.040192 0.613770
vt 0.204224 0.900085
vt 0.800293 0.706055
vt 0.811523 0.710693
vt 0.541992 0.591309
vt 0.536133 0.575439
vt 0.547363 0.591797
vt 0.349854 0.106445
vt 0.341064 0.101562
vt 0.341064 0.096680
vt 0.654297 0.511963
vt 0.660645 0.532471
vt 0.645020 0.516602
vt 0.976562 0.265137
vt 0.980957 0.269043
vt 0.977051 0.270020
vt 0.852539 0.676025
vt 0.856445 0.683350
vt 0.853027 0.681641
vt 0.617676 0.789062
vt 0.611328 0.788696
vt 0.609863 0.776733
vt 0.375488 0.476562
vt 0.375244 0.481445
vt 0.328125 0.851074
vt 0.310059 0.839966
vt 0.333984 0.834595
vt 0.100403 0.638184
vt 0.090210 0.631592
vt 0.102173 0.637695
vt 0.499512 0.323730
vt 0.501953 0.300293
vt 0.515137 0.319824
vt 0.853027 0.064453
vt 0.868164 0.066406
vt 0.860840 0.071289
vt 0.576660 0.469238
vt 0.569824 0.489258
vt 0.561035 0.459473
vt 0.213989 0.241211
vt 0.213501 0.252930
vt 0.204224 0.234863
vt 0.024094 0.052734
vt 0.015045 0.061035
vt 0.019516 0.051270
vt 0.199585 0.905762
vt 0.179688 0.906189
vt 0.184326 0.895630
vt 0.182129 0.971848
vt 0.163086 0.973770
vt 0.177246 0.961456
vt 0.227539 0.616211
vt 0.225830 0.621582
vt 0.212402 0.618896
vt 0.180786 0.135742
vt 0.189941 0.155273
vt 0.170288 0.138672
vt 0.747559 0.300781
vt 0.744141 0.284668
vt 0.751953 0.292969
vt 0.335938 0.138672
vt 0.329102 0.138672
vt 0.336914 0.133789
vt 0.529297 0.658203
vt 0.518066 0.656982
vt 0.527344 0.643799
vt 0.320557 0.062988
vt 0.284424 0.596191
vt 0.286865 0.589600
vt 0.510254 0.560791
vt 0.506348 0.592529
vt 0.493164 0.582275
vt 0.303467 0.353027
vt 0.490479 0.050781
vt 0.591309 0.486328
vt 0.581543 0.484375
vt 0.601562 0.474609
vt 0.049805 0.171875
vt 0.048462 0.159180
vt 0.054779 0.166504
vt 0.300537 0.499512
vt 0.297852 0.495605
vt 0.457520 0.814575
vt 0.239258 0.436035
vt 0.236694 0.440430
vt 0.238159 0.421387
vt 0.225098 0.898010
vt 0.236450 0.899719
vt 0.717773 0.088867
vt 0.718750 0.102539
vt 0.703613 0.098633
vt 0.173340 0.896240
vt 0.107239 0.437988
vt 0.089478 0.434082
vt 0.502441 0.498047
vt 0.512695 0.501953
vt 0.506836 0.508545
vt 0.789062 0.696289
vt 0.791504 0.689209
vt 0.803711 0.695557
vt 0.606445 0.751709
vt 0.605957 0.729736
vt 0.611328 0.729492
vt 0.933105 0.892151
vt 0.913574 0.899780
vt 0.234863 0.056152
vt 0.223999 0.050293
vt 0.229126 0.047363
vt 0.709473 0.009766
vt 0.713867 0.017090
vt 0.578613 0.962280
vt 0.177734 0.334961
vt 0.169800 0.359863
vt 0.167847 0.340332
vt 0.777832 0.406738
vt 0.789551 0.424316
vt 0.777832 0.423828
vt 0.550781 0.626709
vt 0.545898 0.633301
vt 0.544434 0.616943
vt 0.798828 0.963776
vt 0.665039 0.791260
vt 0.636230 0.799805
vt 0.653809 0.777954
vt 0.516113 0.154297
vt 0.512695 0.165527
vt 0.503418 0.165039
vt 0.590332 0.809937
vt 0.592773 0.794312
vt 0.601074 0.801758
vt 0.921387 0.424805
vt 0.914551 0.407715
vt 0.922363 0.403809
vt 0.057404 0.281738
vt 0.541992 0.414062
vt 0.547363 0.421875
vt 0.527832 0.417969
vt 0.459229 0.996805
vt 0.809082 0.716797
vt 0.110229 0.585938
vt 0.115967 0.563721
vt 0.487305 0.269531
vt 0.492920 0.261230
vt 0.206543 0.069824
vt 0.206665 0.067871
vt 0.048401 0.153320
vt 0.030045 0.153809
vt 0.038666 0.135742
vt 0.226196 0.333496
vt 0.219604 0.341797
vt 0.223267 0.326660
vt 0.032990 0.602051
vt 0.035828 0.599854
vt 0.210205 0.224609
vt 0.217407 0.212402
vt 0.222168 0.217285
vt 0.142090 0.721191
vt 0.136108 0.721680
vt 0.136353 0.706055
vt 0.141724 0.969055
vt 0.139404 0.983215
vt 0.133057 0.973618
vt 0.813965 0.558350
vt 0.819824 0.571777
vt 0.807617 0.566650
vt 0.579102 0.890991
vt 0.596680 0.888428
vt 0.200928 0.270996
vt 0.161987 0.296875
vt 0.156982 0.294434
vt 0.165771 0.275391
vt 0.656250 0.806396
vt 0.628418 0.817505
vt 0.750000 0.612793
vt 0.743652 0.615234
vt 0.274902 0.368652
vt 0.289062 0.358887
vt 0.284668 0.372559
vt 0.243896 0.444824
vt 0.245483 0.441406
vt 0.261475 0.448242
vt 0.126465 0.485840
vt 0.124207 0.479492
vt 0.917969 0.950623
vt 0.903809 0.957306
vt 0.903320 0.954437
vt 0.311035 0.594727
vt 0.310791 0.597900
vt 0.215820 0.288086
vt 0.742188 0.032227
vt 0.746582 0.042480
vt 0.729492 0.036133
vt 0.631348 0.846924
vt 0.626953 0.854736
vt 0.607422 0.828979
vt 0.389648 0.212891
vt 0.390381 0.225098
vt 0.385498 0.220703
vt 0.659668 0.686768
vt 0.664062 0.667480
vt 0.674805 0.689453
vt 0.754883 0.312988
vt 0.758301 0.316895
vt 0.966309 0.706055
vt 0.965332 0.712158
vt 0.756836 0.874634
vt 0.359619 0.263672
vt 0.366211 0.245117
vt 0.182861 0.918030
vt 0.361328 0.828369
vt 0.354492 0.830811
vt 0.357422 0.818115
vt 0.954102 0.064941
vt 0.963379 0.066406
vt 0.960449 0.074219
vt 0.065430 0.371582
vt 0.055634 0.369629
vt 0.064880 0.358398
vt 0.332520 0.090820
vt 0.419434 0.564941
vt 0.327393 0.544189
vt 0.349854 0.551025
vt 0.235229 0.814331
vt 0.257080 0.832642
vt 0.229736 0.818848
vt 0.687988 0.160156
vt 0.696777 0.152344
vt 0.736328 0.867188
vt 0.189087 0.317871
vt 0.181885 0.321777
vt 0.173584 0.313477
vt 0.389160 0.157715
vt 0.999512 0.058105
vt 1.000000 0.067383
vt 0.995605 0.069336
vt 0.430176 0.806763
vt 0.437256 0.815430
vt 0.421631 0.818115
vt 0.980957 0.164551
vt 0.984863 0.159668
vt 0.982422 0.174316
vt 0.154419 0.438965
vt 0.151245 0.445801
vt 0.144653 0.427246
vt 0.187500 0.423828
vt 0.210327 0.426270
vt 0.504395 0.032715
vt 0.504395 0.043457
vt 0.596680 0.972656
vt 0.589355 0.970291
vt 0.589844 0.958984
vt 0.979492 0.999862
vt 0.962891 0.999862
vt 0.970215 0.996626
vt 0.026718 0.605469
vt 0.029831 0.600830
vt 0.237915 0.048340
vt 0.728027 0.267090
vt 0.721191 0.257324
vt 0.746094 0.255859
vt 0.850098 0.054199
vt 0.852051 0.055664
vt 0.850098 0.061523
vt 0.004139 0.480957
vt 0.009880 0.486328
vt 0.004665 0.484863
vt 0.892578 0.817871
vt 0.889648 0.825562
vt 0.936523 0.516846
vt 0.450684 0.142090
vt 0.456787 0.143555
vt 0.446045 0.153320
vt 0.614258 0.501953
vt 0.848633 0.913330
vt 0.853027 0.918640
vt 0.844238 0.914856
vt 0.191040 0.970749
vt 0.198120 0.970596
vt 0.627930 0.981491
vt 0.625488 0.966125
vt 0.629395 0.966339
vt 0.790039 0.430176
vt 0.491699 0.175781
vt 0.485352 0.170410
vt 0.963867 0.797974
vt 0.971680 0.794189
vt 0.970703 0.808838
vt 0.374023 0.705566
vt 0.389893 0.690918
vt 0.401367 0.706055
vt 0.102112 0.215820
vt 0.100220 0.230957
vt 0.095947 0.220703
vt 0.284912 0.181152
vt 0.294922 0.173340
vt 0.288330 0.185547
vt 0.540527 0.642334
vt 0.540527 0.657227
vt 0.530762 0.115234
vt 0.537598 0.101074
vt 0.539551 0.113281
vt 0.751953 0.317383
vt 0.745117 0.316406
vt 0.084106 0.160156
vt 0.083313 0.151367
vt 0.091614 0.159180
vt 0.506348 0.796265
vt 0.493896 0.791748
vt 0.512207 0.780396
vt 0.268311 0.387695
vt 0.861816 0.917847
vt 0.856934 0.918152
vt 0.864746 0.909729
vt 0.868164 0.910583
vt 0.461914 0.979553
vt 0.470215 0.970230
vt 0.461670 0.981323
vt 0.574707 0.140625
vt 0.470703 0.218262
vt 0.468994 0.243652
vt 0.455322 0.215332
vt 0.075806 0.416016
vt 0.085693 0.413086
vt 0.363525 0.189453
vt 0.358643 0.183105
vt 0.355469 0.165527
vt 0.055328 0.431152
vt 0.059723 0.425781
vt 0.067993 0.429688
vt 0.514648 0.173340
vt 0.501953 0.189453
vt 0.495117 0.178711
vt 0.117065 0.982758
vt 0.114746 0.976105
vt 0.120850 0.973663
vt 0.553223 0.155273
vt 0.549316 0.140137
vt 0.552734 0.142090
vt 0.897949 0.170410
vt 0.899902 0.173340
vt 0.880371 0.832886
vt 0.882324 0.836548
vt 0.878906 0.838623
vt 0.027313 0.743408
vt 0.045776 0.763428
vt 0.477295 0.518311
vt 0.480225 0.507324
vt 0.736328 0.915588
vt 0.724609 0.921997
vt 0.721191 0.901733
vt 0.263428 0.447754
vt 0.255371 0.439941
vt 0.262451 0.443359
vt 0.714355 0.967255
vt 0.703125 0.959198
vt 0.643555 0.506592
vt 0.638184 0.495605
vt 0.725586 0.210938
vt 0.725586 0.214844
vt 0.711426 0.214355
vt 0.187012 0.242676
vt 0.183228 0.244629
vt 0.182495 0.236816
vt 0.485107 0.329102
vt 0.484863 0.316895
vt 0.481934 0.208496
vt 0.476807 0.191895
vt 0.490967 0.204590
vt 0.687988 0.544189
vt 0.695801 0.558594
vt 0.680176 0.559814
vt 0.198608 0.738037
vt 0.199097 0.741699
vt 0.870605 0.530518
vt 0.286621 0.562744
vt 0.287109 0.552002
vt 0.296387 0.559082
vt 0.185303 0.248047
vt 0.206421 0.190430
vt 0.203857 0.185059
vt 0.205200 0.185547
vt 0.979004 0.388184
vt 0.983887 0.380859
vt 0.792480 0.363281
vt 0.801758 0.373535
vt 0.798828 0.383301
vt 0.161011 0.705811
vt 0.155273 0.705566
vt 0.152100 0.697998
vt 0.806152 0.461426
vt 0.805176 0.452148
vt 0.815918 0.464844
vt 0.143677 0.672119
vt 0.137329 0.669922
vt 0.139160 0.668701
vt 0.143188 0.083984
vt 0.138672 0.094238
vt 0.135254 0.090332
vt 0.561523 0.937927
vt 0.549316 0.940247
vt 0.556641 0.934265
vt 0.469238 0.974487
vt 0.492432 0.014160
vt 0.498047 0.019531
vt 0.490479 0.022461
vt 0.198120 0.989532
vt 0.189087 0.654053
vt 0.192871 0.658447
vt 0.346680 0.923706
vt 0.341553 0.919739
vt 0.653320 0.867554
vt 0.638672 0.869629
vt 0.654297 0.853516
vt 0.111389 0.934143
vt 0.561035 0.052734
vt 0.566406 0.056641
vt 0.559570 0.071777
vt 0.444336 0.524170
vt 0.070984 0.822876
vt 0.060486 0.830322
vt 0.361816 0.145020
vt 0.354248 0.137207
vt 0.536133 0.981461
vt 0.551758 0.975571
vt 0.824707 0.432617
vt 0.841309 0.439941
vt 0.823242 0.443359
vt 0.122009 0.750732
vt 0.118225 0.741699
vt 0.396240 0.969772
vt 0.385498 0.970749
vt 0.384766 0.952332
vt 0.865723 0.690186
vt 0.874512 0.682129
vt 0.720703 0.352051
vt 0.712402 0.359375
vt 0.724121 0.340332
vt 0.750000 0.882507
vt 0.334229 0.998613
vt 0.338379 0.987732
vt 0.359375 0.999846
vt 0.644043 0.045410
vt 0.645996 0.039062
vt 0.675293 0.062012
vt 0.632812 0.989281
vt 0.645508 0.982864
vt 0.413086 0.611084
vt 0.412842 0.613770
vt 0.399658 0.614746
vt 0.367920 0.460449
vt 0.357910 0.469727
vt 0.354492 0.454102
vt 0.128174 0.963348
vt 0.124451 0.955902
vt 0.836426 0.507324
vt 0.842773 0.513672
vt 0.839355 0.521484
vt 0.894043 0.991058
vt 0.895020 0.974472
vt 0.908691 0.980118
vt 0.827637 0.727295
vt 0.834961 0.727295
vt 0.833496 0.730225
vt 0.164307 0.194336
vt 0.156250 0.187988
vt 0.166382 0.185547
vt 0.898926 0.741211
vt 0.887695 0.747803
vt 0.891602 0.741699
vt 0.169556 0.042480
vt 0.171265 0.050293
vt 0.636230 0.292480
vt 0.640137 0.287598
vt 0.649902 0.291504
vt 0.820801 0.162109
vt 0.071716 0.930664
vt 0.078552 0.918396
vt 0.090942 0.921753
vt 0.796875 0.315430
vt 0.821289 0.301270
vt 0.829102 0.318848
vt 0.753906 0.465820
vt 0.766602 0.465820
vt 0.764648 0.476562
vt 0.229736 0.130371
vt 0.236450 0.116699
vt 0.346924 0.728027
vt 0.339355 0.732178
vt 0.330078 0.726074
vt 0.817383 0.718750
vt 0.810059 0.722900
vt 0.979492 0.827759
vt 0.988281 0.816406
vt 0.989746 0.826660
vt 0.217407 0.926819
vt 0.771484 0.787720
vt 0.971191 0.613770
vt 0.970215 0.604004
vt 0.895508 0.540771
vt 0.902832 0.545166
vt 0.420898 0.223633
vt 0.418213 0.231934
vt 0.894531 0.944244
vt 0.892090 0.940796
vt 0.898926 0.938385
vt 0.262695 0.245117
vt 0.273926 0.251953
vt 0.269531 0.265625
vt 0.267578 0.427246
vt 0.275879 0.421875
vt 0.420654 0.216309
vt 0.409424 0.214844
vt 0.561523 0.512695
vt 0.578125 0.499512
vt 0.587402 0.502441
vt 0.776367 0.971344
vt 0.534668 0.404297
vt 0.526367 0.406250
vt 0.527832 0.396973
vt 0.284424 0.782593
vt 0.299561 0.791016
vt 0.099915 0.270508
vt 0.099731 0.279297
vt 0.089661 0.276855
vt 0.549805 0.750854
vt 0.543457 0.755981
vt 0.532715 0.751099
vt 0.704590 0.238281
vt 0.702637 0.240234
vt 0.700684 0.237793
vt 0.815430 0.199219
vt 0.880859 0.933411
vt 0.883301 0.927917
vt 0.333496 0.331055
vt 0.350342 0.348145
vt 0.325439 0.348145
vt 0.875000 0.493164
vt 0.860840 0.498535
vt 0.861816 0.483398
vt 0.563965 0.847290
vt 0.553711 0.851562
vt 0.550781 0.836060
vt 0.000686 0.193848
vt 0.022400 0.187012
vt 0.027420 0.200684
vt 0.073730 0.365723
vt 0.738770 0.615967
vt 0.345459 0.240234
vt 0.356689 0.236328
vt 0.358887 0.242676
vt 0.393799 0.834106
vt 0.398193 0.850952
vt 0.386475 0.848389
vt 0.001605 0.810669
vt 0.007065 0.810181
vt 0.077087 0.330566
vt 0.085815 0.331055
vt 0.080933 0.333008
vt 0.121887 0.986717
vt 0.114868 0.989029
vt 0.248291 0.050293
vt 0.245483 0.060547
vt 0.984863 0.583252
vt 0.977539 0.578125
vt 0.996094 0.569580
vt 0.999512 0.477539
vt 1.000000 0.487305
vt 0.989258 0.486328
vt 0.357178 0.281250
vt 0.345703 0.265137
vt 0.952148 0.032227
vt 0.955078 0.028809
vt 0.958984 0.035645
vt 0.230103 0.356934
vt 0.226318 0.353516
vt 0.550293 0.463867
vt 0.555664 0.458008
vt 0.556152 0.464355
vt 0.407959 0.196777
vt 0.412109 0.196289
vt 0.404053 0.214844
vt 0.057068 0.174316
vt 0.059082 0.174805
vt 0.057739 0.180176
vt 0.097290 0.851074
vt 0.097229 0.858887
vt 0.085938 0.853394
vt 0.014809 0.104492
vt 0.004490 0.098633
vt 0.014793 0.100586
vt 0.846680 0.957916
vt 0.857422 0.969772
vt 0.840820 0.975662
vt 0.939941 0.364258
vt 0.937500 0.376953
vt 0.932129 0.375488
vt 0.208130 0.657715
vt 0.200317 0.658203
vt 0.202271 0.650391
vt 0.906250 0.490234
vt 0.413330 0.514404
vt 0.406738 0.515869
vt 0.644531 0.879456
vt 0.621582 0.877930
vt 0.725098 0.377441
vt 0.727051 0.389648
vt 0.019470 0.222168
vt 0.006874 0.205566
vt 0.018005 0.209961
vt 0.990723 0.195312
vt 0.983398 0.192383
vt 0.990723 0.186035
vt 0.389893 0.059570
vt 0.392578 0.054688
vt 0.393555 0.060547
vt 0.968750 0.497070
vt 0.955078 0.497070
vt 0.962891 0.481445
vt 0.768555 0.709229
vt 0.771484 0.703369
vt 0.781250 0.704346
vt 0.239990 0.672119
vt 0.239258 0.638428
vt 0.860352 0.930847
vt 0.854980 0.931824
vt 0.853516 0.923706
vt 0.140869 0.991730
vt 0.124695 0.980499
vt 0.112854 0.857300
vt 0.096741 0.883545
vt 0.532715 0.129395
vt 0.691895 0.885193
vt 0.691406 0.890503
vt 0.450195 0.109375
vt 0.441895 0.115234
vt 0.448242 0.104980
vt 0.957520 0.695801
vt 0.698730 0.368652
vt 0.704590 0.367676
vt 0.765625 0.568115
vt 0.760742 0.560303
vt 0.771484 0.562988
vt 0.564941 0.944763
vt 0.562012 0.945312
vt 0.570801 0.933105
vt 0.946777 0.934937
vt 0.940918 0.924622
vt 0.951172 0.923889
vt 0.821777 0.458008
vt 0.821289 0.452148
vt 0.256348 0.433594
vt 0.254395 0.428223
vt 0.261230 0.428711
vt 0.262695 0.431641
vt 0.719727 0.564941
vt 0.718262 0.553223
vt 0.061157 0.922913
vt 0.060455 0.914551
vt 0.072632 0.915344
vt 0.598145 0.270508
vt 0.602051 0.259277
vt 0.606445 0.253906
vt 0.601562 0.268066
vt 0.139038 0.081543
vt 0.465576 0.041016
vt 0.465088 0.035156
vt 0.470703 0.031738
vt 0.581055 0.880615
vt 0.575684 0.883667
vt 0.722656 0.821289
vt 0.715332 0.812256
vt 0.725586 0.804565
vt 0.333496 0.087402
vt 0.635742 0.517822
vt 0.651855 0.510010
vt 0.341064 0.267578
vt 0.340576 0.278320
vt 0.331787 0.270996
vt 0.678223 0.669678
vt 0.784180 0.238281
vt 0.794922 0.239746
vt 0.791504 0.250488
vt 0.655762 0.868530
vt 0.050171 0.372070
vt 0.035126 0.366699
vt 0.047150 0.360352
vt 0.668457 0.820068
vt 0.667969 0.809937
vt 0.434326 0.359863
vt 0.428223 0.365723
vt 0.427002 0.363770
vt 0.558594 0.929626
vt 0.531738 0.928040
vt 0.544434 0.921326
vt 0.541504 0.468262
vt 0.521973 0.461914
vt 0.527344 0.458984
vt 0.741211 0.573975
vt 0.736816 0.579102
vt 0.742676 0.312012
vt 0.141235 0.180176
vt 0.136230 0.188477
vt 0.128906 0.173828
vt 0.752930 0.586670
vt 0.746582 0.580566
vt 0.755859 0.582764
vt 0.312744 0.793091
vt 0.308838 0.781372
vt 0.142578 0.675293
vt 0.593262 0.769897
vt 0.613281 0.772827
vt 0.593750 0.774780
vt 0.483887 0.674072
vt 0.509277 0.684814
vt 0.268066 0.746582
vt 0.259033 0.735596
vt 0.276611 0.726807
vt 0.385742 0.046875
vt 0.382080 0.039062
vt 0.394287 0.041992
vt 0.174683 0.573242
vt 0.166870 0.572510
vt 0.718750 0.781128
vt 0.924805 0.775757
vt 0.654297 0.962433
vt 0.663574 0.964844
vt 0.652344 0.970871
vt 0.193604 0.634277
vt 0.197266 0.641602
vt 0.829102 0.721191
vt 0.838379 0.722656
vt 0.317627 0.067871
vt 0.313232 0.068848
vt 0.312012 0.064941
vt 0.955078 0.485352
vt 0.278076 0.468750
vt 0.288330 0.461426
vt 0.289795 0.468262
vt 0.673828 0.448730
vt 0.671875 0.465820
vt 0.497070 0.519043
vt 0.492432 0.526367
vt 0.004715 0.523682
vt 0.012520 0.523438
vt 0.005470 0.535156
vt 0.165894 0.931396
vt 0.179688 0.940918
vt 0.164673 0.963776
vt 0.608887 0.094727
vt 0.613281 0.092285
vt 0.608398 0.098145
vt 0.499512 0.102051
vt 0.493896 0.103027
vt 0.489258 0.093262
vt 0.879883 0.823608
vt 0.878418 0.833862
vt 0.871094 0.822510
vt 0.958008 0.644775
vt 0.965332 0.638672
vt 0.968262 0.643066
vt 0.886230 0.574463
vt 0.197998 0.330566
vt 0.196533 0.347656
vt 0.186401 0.339844
vt 0.178223 0.280273
vt 0.186279 0.266113
vt 0.331299 0.176270
vt 0.325439 0.191406
vt 0.322998 0.181152
vt 0.719727 0.397949
vt 0.716309 0.401855
vt 0.908691 0.448730
vt 0.912598 0.464355
vt 0.898926 0.469238
vt 0.885742 0.457520
vt 0.420166 0.363281
vt 0.414795 0.365723
vt 0.414551 0.361328
vt 0.260498 0.022461
vt 0.269043 0.018066
vt 0.265381 0.026855
vt 0.306641 0.238770
vt 0.297852 0.238770
vt 0.304688 0.230957
vt 0.559570 0.556152
vt 0.571289 0.551514
vt 0.579102 0.567871
vt 0.546387 0.957153
vt 0.203857 0.489258
vt 0.218628 0.491699
vt 0.196411 0.508545
vt 0.098999 0.061523
vt 0.117676 0.052734
vt 0.136963 0.061523
vt 0.205688 0.011230
vt 0.209106 0.009766
vt 0.207275 0.016113
vt 0.205444 0.391602
vt 0.192383 0.377930
vt 0.199341 0.378906
vt 0.599609 0.020996
vt 0.618652 0.018066
vt 0.608887 0.033203
vt 0.192627 0.716797
vt 0.209106 0.704346
vt 0.892090 0.753418
vt 0.452393 0.049805
vt 0.079895 0.668701
vt 0.095276 0.662109
vt 0.512207 0.893372
vt 0.509766 0.882568
vt 0.517090 0.881531
vt 0.845703 0.679199
vt 0.034760 0.938263
vt 0.038452 0.926147
vt 0.042969 0.931152
vt 0.192749 0.859985
vt 0.349365 0.312500
vt 0.348877 0.306152
vt 0.787598 0.581787
vt 0.759766 0.591309
vt 0.574707 0.123535
vt 0.511719 0.611572
vt 0.488525 0.619141
vt 0.673828 0.982178
vt 0.668945 0.997250
vt 0.662598 0.989609
vt 0.398193 0.473633
vt 0.382568 0.506104
vt 0.735840 0.425293
vt 0.753418 0.440430
vt 0.327637 0.728271
vt 0.800293 0.023438
vt 0.794434 0.017090
vt 0.802734 0.017578
vt 0.556152 0.733398
vt 0.568848 0.721436
vt 1.000000 0.071777
vt 0.211060 0.649902
vt 0.205933 0.647217
vt 0.986816 0.785522
vt 0.994629 0.792847
vt 0.429199 0.508057
vt 0.683594 0.366699
vt 0.697754 0.372559
vt 0.985352 0.918823
vt 0.988281 0.919495
vt 0.982910 0.929199
vt 0.621582 0.246094
vt 0.089417 0.043945
vt 0.098145 0.057617
vt 0.074768 0.050781
vt 0.822754 0.595459
vt 0.844727 0.588623
vt 0.835449 0.606201
vt 0.589844 0.009277
vt 0.585449 0.013672
vt 0.583984 0.010254
vt 0.213013 0.953613
vt 0.215942 0.945190
vt 0.231934 0.961548
vt 0.038391 0.587646
vt 0.034729 0.579834
vt 0.052490 0.588867
vt 0.523926 0.441406
vt 0.526855 0.444824
vt 0.522461 0.450195
vt 0.076233 0.054688
vt 0.696289 0.679443
vt 0.008675 0.372559
vt 0.013901 0.379883
vt 0.000723 0.379883
vt 0.115295 0.347656
vt 0.112366 0.338379
vt 0.116272 0.345703
vt 0.976074 0.237793
vt 0.976074 0.243164
vt 0.969238 0.238281
vt 0.920898 0.659180
vt 0.910645 0.653564
vt 0.890137 0.257324
vt 0.894043 0.245117
vt 0.059296 0.070312
vt 0.330322 0.758789
vt 0.323730 0.773682
vt 0.317871 0.773193
vt 0.574707 0.255371
vt 0.593262 0.254395
vt 0.586426 0.260742
vt 0.585938 0.912476
vt 0.571777 0.906677
vt 0.584961 0.899719
vt 0.312012 0.245117
vt 0.305420 0.244629
vt 0.304932 0.241211
vt 0.839844 0.234375
vt 0.839355 0.222168
vt 0.503906 0.103516
vt 0.795898 0.005859
vt 0.804688 0.012207
vt 0.092896 0.338867
vt 0.942383 0.256348
vt 0.929199 0.266113
vt 0.924805 0.257324
vt 0.470459 0.431641
vt 0.481689 0.420898
vt 0.481445 0.432129
vt 0.023819 0.681641
vt 0.990234 0.620850
vt 0.994629 0.624512
vt 0.986816 0.625000
vt 0.284424 0.298340
vt 0.292725 0.276367
vt 0.198364 0.670654
vt 0.194214 0.668701
vt 0.083496 0.564453
vt 0.093079 0.553223
vt 0.093628 0.567627
vt 0.804199 0.183594
vt 0.794922 0.199219
vt 0.787109 0.194336
vt 0.103882 0.342285
vt 0.101990 0.338867
vt 0.103271 0.335449
vt 0.987793 0.112793
vt 0.979492 0.119141
vt 0.981445 0.113281
vt 0.578613 0.488770
vt 0.573730 0.486816
vt 0.541992 0.208984
vt 0.551270 0.220703
vt 0.527344 0.218262
vt 0.180542 0.549805
vt 0.180786 0.537354
vt 0.198975 0.552246
vt 0.041809 0.285156
vt 0.035858 0.287109
vt 0.040619 0.279297
vt 0.745117 0.565186
vt 0.754395 0.567627
vt 0.460938 0.090820
vt 0.456299 0.098145
vt 0.445801 0.090332
vt 0.226318 0.727539
vt 0.242065 0.724121
vt 0.244751 0.740723
vt 0.594727 0.921082
vt 0.601074 0.922180
vt 0.601562 0.927917
vt 0.675781 0.950012
vt 0.681641 0.955048
vt 0.671875 0.959351
vt 0.664062 0.960083
vt 0.146362 0.479004
vt 0.250000 0.664307
vt 0.655762 0.101562
vt 0.761230 0.478516
vt 0.751953 0.476074
vt 0.160522 0.469238
vt 0.173218 0.471680
vt 0.600586 0.954132
vt 0.606445 0.962769
vt 0.559082 0.137695
vt 0.076660 0.189941
vt 0.072693 0.193848
vt 0.074707 0.186523
vt 0.135742 0.850830
vt 0.118713 0.851318
vt 0.128296 0.836304
vt 0.692383 0.181641
vt 0.682129 0.184082
vt 0.686035 0.177734
vt 0.504395 0.896545
vt 0.497070 0.879944
vt 0.050537 0.210938
vt 0.067993 0.211426
vt 0.047577 0.216797
vt 0.017502 0.524170
vt 0.017410 0.521729
vt 0.022369 0.520508
vt 0.674316 0.743408
vt 0.683105 0.747803
vt 0.680664 0.756470
vt 0.453857 0.548584
vt 0.450928 0.531982
vt 0.113770 0.399414
vt 0.117981 0.412598
vt 0.106689 0.408203
vt 0.139282 0.322754
vt 0.140015 0.305176
vt 0.145874 0.305664
vt 0.869629 0.757202
vt 0.873047 0.757080
vt 0.860352 0.772949
vt 0.731934 0.507324
vt 0.741211 0.511475
vt 0.746582 0.520264
vt 0.875000 0.758789
vt 0.559570 0.969498
vt 0.568359 0.973328
vt 0.862305 0.660400
vt 0.887695 0.671387
vt 0.860352 0.666016
vt 0.653809 0.490723
vt 0.645508 0.479004
vt 0.652832 0.482910
vt 0.355957 0.649902
vt 0.344727 0.640625
vt 0.360107 0.634277
vt 0.091370 0.450195
vt 0.087891 0.453613
vt 0.077942 0.440918
vt 0.148193 0.618652
vt 0.153320 0.630859
vt 0.145264 0.623779
vt 0.711426 0.207520
vt 0.959961 0.422852
vt 0.958496 0.437012
vt 0.343018 0.138184
vt 0.342529 0.149414
vt 0.495361 0.918701
vt 0.908691 0.646729
vt 0.079285 0.785156
vt 0.079468 0.797363
vt 0.072327 0.797241
vt 0.345459 0.256836
vt 0.333496 0.251465
vt 0.344727 0.249023
vt 0.281982 0.423340
vt 0.733398 0.356445
vt 0.726562 0.371094
vt 0.920898 0.204590
vt 0.904785 0.204102
vt 0.753418 0.129883
vt 0.738770 0.119141
vt 0.748047 0.116211
vt 0.664062 0.972687
vt 0.145508 0.832031
vt 0.132935 0.824707
vt 0.154907 0.205078
vt 0.156372 0.198242
vt 0.165894 0.202148
vt 0.392090 0.437500
vt 0.963379 0.960663
vt 0.954590 0.970001
vt 0.958496 0.954803
vt 0.455566 0.875916
vt 0.460449 0.869629
vt 0.456787 0.878418
vt 0.543945 0.084961
vt 0.531250 0.082031
vt 0.535156 0.079590
vt 0.630859 0.268555
vt 0.634766 0.271484
vt 0.627930 0.277832
vt 0.360840 0.618896
vt 0.344238 0.609863
vt 0.373047 0.608643
vt 0.407959 0.858154
vt 0.411133 0.861450
vt 0.401855 0.863403
vt 0.490479 0.321289
vt 0.483154 0.307617
vt 0.194824 0.956299
vt 0.203979 0.943176
vt 0.786133 0.394531
vt 0.789551 0.405273
vt 0.407959 0.635498
vt 0.423584 0.622314
vt 0.301270 0.610352
vt 0.972168 0.019043
vt 0.968262 0.016113
vt 0.971191 0.013672
vt 0.504395 0.210449
vt 0.514648 0.214844
vt 0.507812 0.220703
vt 0.668457 0.858398
vt 0.670898 0.841553
vt 0.822266 0.134766
vt 0.811035 0.129883
vt 0.819824 0.128906
vt 0.391602 0.602539
vt 0.404541 0.609131
vt 0.622559 0.818848
vt 0.616699 0.809326
vt 0.855469 0.464844
vt 0.862305 0.466797
vt 0.856934 0.470703
vt 0.758301 0.608398
vt 0.765137 0.613770
vt 0.617676 0.938202
vt 0.623535 0.947296
vt 0.609375 0.949738
vt 0.510742 0.020508
vt 0.769043 0.070312
vt 0.400391 0.200195
vt 0.390869 0.206543
vt 0.368896 0.200195
vt 0.183838 0.254883
vt 0.189209 0.257324
vt 0.183594 0.258301
vt 0.681152 0.232910
vt 0.685059 0.227539
vt 0.691895 0.222656
vt 0.129517 0.204590
vt 0.124695 0.200684
vt 0.135376 0.201660
vt 0.959961 0.635742
vt 0.949219 0.625732
vt 0.956543 0.602295
vt 0.189941 0.812012
vt 0.197266 0.797974
vt 0.204468 0.815186
vt 0.715332 0.580811
vt 0.714844 0.584473
vt 0.046844 0.452148
vt 0.052612 0.451660
vt 0.983887 0.841431
vt 0.952637 0.858521
vt 0.058807 0.170410
vt 0.065918 0.162109
vt 0.077698 0.592529
vt 0.088623 0.598633
vt 0.081177 0.607666
vt 0.122498 0.673340
vt 0.123779 0.684570
vt 0.117249 0.681885
vt 0.651367 0.361816
vt 0.659668 0.361816
vt 0.724609 0.023926
vt 0.717285 0.012695
vt 0.720215 0.008301
vt 0.847168 0.710449
vt 0.845215 0.710449
vt 0.218994 0.967407
vt 0.215820 0.979279
vt 0.213379 0.971268
vt 0.219849 0.875916
vt 0.207642 0.884888
vt 0.425537 0.288086
vt 0.430664 0.281250
vt 0.437500 0.297852
vt 0.109375 0.514404
vt 0.521973 0.137207
vt 0.534180 0.137695
vt 0.464844 0.753418
vt 0.450195 0.746094
vt 0.450928 0.743652
vt 0.109924 0.332031
vt 0.118347 0.332520
vt 0.113037 0.335449
vt 0.311035 0.632324
vt 0.328857 0.651367
vt 0.320312 0.656494
vt 0.857422 0.431152
vt 0.867676 0.432129
vt 0.869629 0.437988
vt 0.470459 0.387207
vt 0.465820 0.379395
vt 0.984375 0.265625
vt 0.990723 0.258301
vt 0.991699 0.273926
vt 0.443848 0.809937
vt 0.448242 0.798340
vt 0.857910 0.937195
vt 0.869629 0.949188
vt 0.865234 0.953949
vt 0.488037 0.283691
vt 0.479980 0.291992
vt 0.481934 0.278320
vt 0.397949 0.228516
vt 0.361572 0.200684
vt 0.133179 0.499023
vt 0.136719 0.498535
vt 0.369629 0.993511
vt 0.357178 0.990334
vt 0.257324 0.783691
vt 0.244995 0.795532
vt 0.253418 0.780273
vt 0.043793 0.408203
vt 0.051392 0.394531
vt 0.630859 0.496094
vt 0.264160 0.141113
vt 0.254150 0.137207
vt 0.271973 0.115234
vt 0.274902 0.049805
vt 0.276611 0.049316
vt 0.713867 0.164062
vt 0.705566 0.168945
vt 0.873535 0.385742
vt 0.870605 0.398438
vt 0.435303 0.493164
vt 0.433594 0.503418
vt 0.304932 0.701660
vt 0.312988 0.690674
vt 0.568848 0.754517
vt 0.580566 0.756104
vt 0.793945 0.113281
vt 0.791504 0.130371
vt 0.202759 0.684570
vt 0.213257 0.684082
vt 0.541992 0.229980
vt 0.199341 0.022949
vt 0.204834 0.023438
vt 0.175415 0.639160
vt 0.180542 0.627197
vt 0.067688 0.801880
vt 0.062500 0.795288
vt 0.470947 0.279297
vt 0.467529 0.265137
vt 0.051300 0.036133
vt 0.042297 0.041504
vt 0.045929 0.030273
vt 0.109985 0.489258
vt 0.091675 0.483398
vt 0.098877 0.465820
vt 0.160400 0.715820
vt 0.881836 0.637451
vt 0.884277 0.634521
vt 0.888184 0.636963
vt 0.367676 0.764038
vt 0.732910 0.172852
vt 0.752441 0.183105
vt 0.736328 0.191895
vt 0.105530 0.724854
vt 0.111572 0.734131
vt 0.102600 0.126953
vt 0.118530 0.137207
vt 0.101562 0.135254
vt 0.922852 0.854614
vt 0.937500 0.459961
vt 0.649414 0.238770
vt 0.655273 0.222656
vt 0.670410 0.226074
vt 0.456055 0.987877
vt 0.763184 0.544434
vt 0.767578 0.552002
vt 0.754883 0.548828
vt 0.085571 0.743164
vt 0.374512 0.719238
vt 0.400879 0.712646
vt 0.747559 0.486328
vt 0.748535 0.504395
vt 0.733398 0.504639
vt 0.811523 0.534668
vt 0.808105 0.544922
vt 0.798828 0.539795
vt 0.596680 0.787354
vt 0.071228 0.720215
vt 0.078430 0.721924
vt 0.899902 0.913452
vt 0.182007 0.057129
vt 0.101440 0.176758
vt 0.102417 0.185059
vt 0.437012 0.262207
vt 0.450195 0.236328
vt 0.455811 0.269531
vt 0.951660 0.179199
vt 0.957520 0.172363
vt 0.961426 0.178711
vt 0.109741 0.195801
vt 0.098999 0.198730
vt 0.100281 0.190918
vt 0.061829 0.052246
vt 0.062927 0.036621
vt 0.072632 0.040527
vt 0.856934 0.090332
vt 0.847168 0.088867
vt 0.395020 0.675781
vt 0.393311 0.681396
vt 0.495850 0.029297
vt 0.507324 0.029785
vt 0.022583 0.144531
vt 0.027924 0.157227
vt 0.518066 0.124512
vt 0.909668 0.584961
vt 0.905273 0.570312
vt 0.332275 0.258301
vt 0.502441 0.173828
vt 0.556152 0.431641
vt 0.596680 0.024902
vt 0.588379 0.028320
vt 0.588379 0.021973
vt 0.550781 0.197266
vt 0.562500 0.196289
vt 0.557129 0.203125
vt 0.837402 0.076660
vt 0.841797 0.082520
vt 0.837402 0.084473
vt 0.821777 0.584229
vt 0.830566 0.588379
vt 0.810547 0.590820
vt 0.831055 0.414062
vt 0.826172 0.412109
vt 0.404541 0.054199
vt 0.407471 0.061035
vt 0.776367 0.310547
vt 0.773438 0.307129
vt 0.477051 0.504883
vt 0.417236 0.500977
vt 0.430664 0.760864
vt 0.425781 0.772095
vt 0.425293 0.758545
vt 0.056244 0.794189
vt 0.060730 0.782349
vt 0.105713 0.980209
vt 0.101501 0.987434
vt 0.688477 0.097656
vt 0.687988 0.088867
vt 0.697754 0.094238
vt 0.659668 0.260742
vt 0.169556 0.811157
vt 0.154541 0.809814
vt 0.162231 0.804932
vt 0.217163 0.168945
vt 0.209717 0.174316
vt 0.205688 0.161133
vt 0.054871 0.084473
vt 0.066284 0.082031
vt 0.053650 0.093750
vt 0.979492 0.128418
vt 0.977051 0.125488
vt 0.080322 0.645508
vt 0.078308 0.645264
vt 0.075623 0.639893
vt 0.914062 0.573242
vt 0.305908 0.862915
vt 0.445312 0.642578
vt 0.437744 0.636963
vt 0.450439 0.635010
vt 0.305908 0.020508
vt 0.299316 0.024414
vt 0.294189 0.022461
vt 0.555664 0.119141
vt 0.546387 0.115234
vt 0.561035 0.106445
vt 0.169067 0.864990
vt 0.171021 0.872925
vt 0.339111 0.437500
vt 0.322754 0.440430
vt 0.328125 0.424805
vt 0.935059 0.832764
vt 0.942383 0.841919
vt 0.936035 0.840942
vt 0.052307 0.455078
vt 0.770508 0.624512
vt 0.766113 0.622070
vt 0.005123 0.994900
vt 0.013054 0.994068
vt 0.017960 0.999911
vt 0.025681 0.513916
vt 0.026596 0.507080
vt 0.027725 0.515137
vt 0.593750 0.654053
vt 0.608398 0.651123
vt 0.407227 0.870972
vt 0.836914 0.757812
vt 0.852539 0.746582
vt 0.851562 0.763062
vt 0.652344 0.285645
vt 0.658691 0.289062
vt 0.093384 0.540527
vt 0.085510 0.544434
vt 0.552246 0.307129
vt 0.538574 0.307129
vt 0.543457 0.291504
vt 0.479004 0.981491
vt 0.479004 0.987900
vt 0.476807 0.986542
vt 0.709473 0.333496
vt 0.426514 0.464844
vt 0.421631 0.475586
vt 0.417725 0.471680
vt 0.626465 0.238770
vt 0.612793 0.247559
vt 0.615723 0.242188
vt 0.399170 0.057617
vt 0.424072 0.142578
vt 0.429443 0.124023
vt 0.438965 0.128906
vt 0.670898 0.525879
vt 0.674316 0.528564
vt 0.419189 0.027832
vt 0.424805 0.028320
vt 0.656250 0.025879
vt 0.650391 0.035645
vt 0.638672 0.034180
vt 0.747070 0.847290
vt 0.757812 0.843872
vt 0.753418 0.861206
vt 0.036041 0.056152
vt 0.027039 0.060547
vt 0.034576 0.042969
vt 0.636230 0.299805
vt 0.656738 0.312500
vt 0.633789 0.316895
vt 0.874023 0.678711
vt 0.861816 0.679688
vt 0.488037 0.098633
vt 0.279785 0.565918
vt 0.844727 0.725830
vt 0.955078 0.024414
vt 0.950195 0.022461
vt 0.966797 0.013184
vt 0.039398 0.944061
vt 0.580078 0.460449
vt 0.260498 0.150391
vt 0.253662 0.162598
vt 0.334961 0.240723
vt 0.324707 0.241699
vt 0.223633 0.110352
vt 0.143066 0.467285
vt 0.146118 0.467773
vt 0.141357 0.471191
vt 0.786133 0.870972
vt 0.775391 0.849487
vt 0.785156 0.841797
vt 0.156982 0.864136
vt 0.153076 0.885742
vt 0.338135 0.881653
vt 0.397217 0.894531
vt 0.401123 0.886353
vt 0.078613 0.760010
vt 0.048126 0.768311
vt 0.053711 0.740234
vt 0.440674 0.271973
vt 0.208252 0.390625
vt 0.968750 0.426758
vt 0.975098 0.426758
vt 0.977051 0.430176
vt 0.170166 0.976974
vt 0.173462 0.985382
vt 0.851074 0.511230
vt 0.852539 0.527832
vt 0.908203 0.094238
vt 0.906250 0.090820
vt 0.021225 0.453613
vt 0.012688 0.446289
vt 0.031113 0.446289
vt 0.853027 0.244629
vt 0.857422 0.260742
vt 0.850586 0.409180
vt 0.001101 0.056641
vt 0.002777 0.044434
vt 0.008789 0.050781
vt 0.963867 0.423828
vt 0.969727 0.425293
vt 0.607910 0.247559
vt 0.919922 0.052734
vt 0.720703 0.059082
vt 0.709961 0.069336
vt 0.704590 0.053223
vt 0.547363 0.786743
vt 0.550781 0.787720
vt 0.547852 0.803223
vt 0.567383 0.330566
vt 0.576660 0.342773
vt 0.568848 0.349121
vt 0.230103 0.213867
vt 0.234375 0.222656
vt 0.262451 0.014648
vt 0.257568 0.015625
vt 0.260742 0.009766
vt 0.343506 0.551025
vt 0.328613 0.547607
vt 0.240234 0.237305
vt 0.236450 0.239746
vt 0.223511 0.235352
vt 0.577637 0.553223
vt 0.582031 0.562256
vt 0.264160 0.371094
vt 0.264893 0.375977
vt 0.262451 0.380859
vt 0.956055 0.783447
vt 0.967285 0.772461
vt 0.154785 0.800293
vt 0.614258 0.059570
vt 0.149170 0.451660
vt 0.131226 0.444336
vt 0.642578 0.970551
vt 0.641113 0.960175
vt 0.738281 0.379883
vt 0.745117 0.387695
vt 0.896973 0.416016
vt 0.907227 0.404297
vt 0.897949 0.419922
vt 0.011406 0.112793
vt 0.396240 0.155762
vt 0.407471 0.150879
vt 0.397217 0.158203
vt 0.336670 0.425781
vt 0.414307 0.291016
vt 0.610840 0.931580
vt 0.613770 0.926086
vt 0.622070 0.932495
vt 0.684082 0.288574
vt 0.683594 0.301758
vt 0.670410 0.296875
vt 0.720703 0.530029
vt 0.733398 0.528564
vt 0.734863 0.536621
vt 0.406006 0.483887
vt 0.401367 0.505127
vt 0.741699 0.094727
vt 0.047699 0.603516
vt 0.060547 0.614502
vt 0.081726 0.230469
vt 0.088196 0.228027
vt 0.076172 0.667236
vt 0.561035 0.454102
vt 0.537598 0.977249
vt 0.529785 0.973862
vt 0.010353 0.621826
vt 0.017456 0.610840
vt 0.017380 0.617920
vt 0.578125 0.348633
vt 0.439941 0.973434
vt 0.433350 0.974731
vt 0.596680 0.307129
vt 0.615723 0.302246
vt 0.615234 0.326660
vt 0.520508 0.019531
vt 0.520996 0.007324
vt 0.526367 0.020996
vt 0.103394 0.600586
vt 0.240723 0.698730
vt 0.367432 0.187988
vt 0.522949 0.435547
vt 0.463623 0.202148
vt 0.441406 0.468750
vt 0.517090 0.415527
vt 0.507324 0.406738
vt 0.675293 0.077148
vt 0.672363 0.076172
vt 0.674805 0.068359
vt 0.022308 0.232910
vt 0.884277 0.956970
vt 0.895508 0.971069
vt 0.876465 0.977371
vt 0.241821 0.930298
vt 0.241821 0.951294
vt 0.238403 0.932922
vt 0.010620 0.089844
vt 0.009171 0.084473
vt 0.021133 0.085938
vt 0.309326 0.995052
vt 0.305420 0.987518
vt 0.312256 0.985664
vt 0.331787 0.910034
vt 0.030914 0.255371
vt 0.034912 0.267578
vt 0.025543 0.271973
vt 0.416504 0.081055
vt 0.408936 0.089844
vt 0.402344 0.073730
vt 0.718750 0.495605
vt 0.722656 0.501221
vt 0.343018 0.739014
vt 0.345703 0.753418
vt 0.323975 0.744385
vt 0.336426 0.477539
vt 0.323486 0.477051
vt 0.331787 0.471191
vt 0.925293 0.060059
vt 0.107483 0.235840
vt 0.495117 0.123047
vt 0.899414 0.815552
vt 0.177612 0.028809
vt 0.177856 0.041016
vt 0.190063 0.489746
vt 0.760254 0.852905
vt 0.757812 0.859863
vt 0.129150 0.359863
vt 0.118774 0.373047
vt 0.107727 0.359863
vt 0.211060 0.047852
vt 0.212646 0.034180
vt 0.746582 0.585449
vt 0.752441 0.591064
vt 0.741699 0.586182
vt 0.181274 0.592041
vt 0.211426 0.651855
vt 0.336182 0.759888
vt 0.152954 0.278320
vt 0.697266 0.103027
vt 0.924316 0.770020
vt 0.942383 0.775024
vt 0.069519 0.342773
vt 0.076416 0.359863
vt 0.696289 0.441895
vt 0.705566 0.450195
vt 0.693848 0.450684
vt 0.136597 0.383789
vt 0.115906 0.385254
vt 0.219238 0.544678
vt 0.217163 0.552490
vt 0.217041 0.542480
vt 0.704590 0.562256
vt 0.699219 0.566895
vt 0.149292 0.648193
vt 0.873047 0.855225
vt 0.816895 0.243164
vt 0.825195 0.243652
vt 0.260742 0.062012
vt 0.263184 0.069824
vt 0.488037 0.224609
vt 0.479492 0.231934
vt 0.273926 0.083984
vt 0.276855 0.072266
vt 0.963379 0.456543
vt 0.979492 0.456543
vt 0.973145 0.458984
vt 0.584961 0.977600
vt 0.594727 0.990944
vt 0.673340 0.086914
vt 0.679688 0.094238
vt 0.659668 0.354492
vt 0.065918 0.260742
vt 0.083740 0.256348
vt 0.080688 0.274414
vt 0.268066 0.375488
vt 0.275146 0.382324
vt 0.997070 0.773193
vt 0.999023 0.778809
vt 0.986816 0.773804
vt 0.448486 0.030762
vt 0.433105 0.032227
vt 0.434570 0.029297
vt 0.960938 0.589844
vt 0.931152 0.564209
vt 0.947266 0.571533
vt 0.525391 0.829834
vt 0.522949 0.820190
vt 0.528320 0.821655
vt 0.606445 0.116211
vt 0.601562 0.134766
vt 0.594238 0.112793
vt 0.009422 0.492188
vt 0.109253 0.395996
vt 0.102722 0.391602
vt 0.921875 0.370117
vt 0.938965 0.038086
vt 0.928711 0.030273
vt 0.092224 0.317383
vt 0.043762 0.316406
vt 0.069946 0.315430
vt 0.854492 0.488281
vt 0.858887 0.481445
vt 0.943359 0.689941
vt 0.308350 0.426758
vt 0.569336 0.194336
vt 0.567383 0.179688
vt 0.579590 0.179688
vt 0.497070 0.345215
vt 0.489258 0.351074
vt 0.551270 0.323242
vt 0.563477 0.313477
vt 0.039703 0.859253
vt 0.025909 0.858398
vt 0.950684 0.254395
vt 0.942383 0.269531
vt 0.932129 0.269043
vt 0.021179 0.399902
vt 0.016937 0.428223
vt 0.011673 0.409668
vt 0.010643 0.114746
vt 0.955078 0.500732
vt 0.963379 0.512451
vt 0.406494 0.914856
vt 0.419678 0.911133
vt 0.179688 0.326660
vt 0.174316 0.318848
vt 0.683105 0.568115
vt 0.660156 0.564453
vt 0.460449 0.110840
vt 0.458252 0.100098
vt 0.792480 0.058594
vt 0.454346 0.692139
vt 0.463867 0.699219
vt 0.584473 0.730469
vt 0.605469 0.721924
vt 0.688965 0.268555
vt 0.680176 0.253906
vt 0.696289 0.260742
vt 0.577637 0.322754
vt 0.579102 0.337402
vt 0.776367 0.546143
vt 0.000633 0.655029
vt 0.010529 0.657959
vt 0.006390 0.659424
vt 0.128784 0.137207
vt 0.166138 0.927673
vt 0.164429 0.910339
vt 0.171997 0.911865
vt 0.319824 0.010742
vt 0.311035 0.019043
vt 0.313232 0.004395
vt 0.411133 0.138184
vt 0.397461 0.129395
vt 0.409424 0.118164
vt 0.468506 0.103027
vt 0.475098 0.096191
vt 0.468750 0.107422
vt 0.535156 0.320312
vt 0.774902 0.639404
vt 0.692383 0.484863
vt 0.693848 0.482910
vt 0.717285 0.300781
vt 0.722656 0.297363
vt 0.732422 0.309082
vt 0.316406 0.559082
vt 0.326660 0.563721
vt 0.402344 0.664307
vt 0.416016 0.664551
vt 0.288818 0.055176
vt 0.288818 0.049316
vt 0.290771 0.051270
vt 0.092224 0.280273
vt 0.082947 0.294434
vt 0.472412 0.180176
vt 0.817383 0.628662
vt 0.811035 0.629883
vt 0.587402 0.551758
vt 0.611328 0.258789
vt 0.614258 0.262207
vt 0.100891 0.962463
vt 0.112183 0.964691
vt 0.763184 0.297852
vt 0.764648 0.291016
vt 0.791504 0.626953
vt 0.797363 0.635010
vt 0.780273 0.640625
vt 0.920410 0.663330
vt 0.710938 0.294922
vt 0.843750 0.890015
vt 0.831543 0.887268
vt 0.429932 0.074219
vt 0.430420 0.093262
vt 0.423828 0.090332
vt 0.558594 0.265137
vt 0.574707 0.270996
vt 0.559570 0.274414
vt 0.660645 0.928711
vt 0.669922 0.927551
vt 0.660156 0.934448
vt 0.441162 0.213379
vt 0.663574 0.190430
vt 0.654297 0.204102
vt 0.997559 0.145508
vt 0.995117 0.150391
vt 0.986328 0.149902
vt 0.843262 0.018066
vt 0.837402 0.015625
vt 0.842773 0.013672
vt 0.852539 0.020020
vt 0.736328 0.627197
vt 0.743652 0.639648
vt 0.243896 0.965546
vt 0.259766 0.986023
vt 0.251953 0.995827
vt 0.133911 0.930908
vt 0.135376 0.911804
vt 0.150635 0.924255
vt 0.125854 0.193848
vt 0.535645 0.368164
vt 0.535645 0.356934
vt 0.538086 0.370117
vt 0.887695 0.411133
vt 0.872559 0.425781
vt 0.873047 0.402832
vt 0.598633 0.840698
vt 0.594238 0.821533
vt 0.922852 0.841309
vt 0.892578 0.500977
vt 0.886230 0.511719
vt 0.878906 0.501221
vt 0.767578 0.555664
vt 0.759277 0.553467
vt 0.651855 0.099121
vt 0.177124 0.592773
vt 0.183350 0.608154
vt 0.863281 0.804565
vt 0.819824 0.803833
vt 0.828613 0.792236
vt 0.995117 0.017578
vt 0.996094 0.009766
vt 0.999023 0.015625
vt 0.507812 0.840820
vt 0.505859 0.850586
vt 0.501465 0.843628
vt 0.040833 0.092285
vt 0.018021 0.706543
vt 0.248413 0.424316
vt 0.256836 0.437012
vt 0.369629 0.174805
vt 0.360840 0.166992
vt 0.784180 0.201172
vt 0.773438 0.196289
vt 0.772461 0.188477
vt 0.185547 0.928284
vt 0.195068 0.921448
vt 0.625488 0.776733
vt 0.843262 0.062012
vt 0.834961 0.067383
vt 0.396484 0.207031
vt 0.967773 0.636475
vt 0.975098 0.643555
vt 0.802246 0.361328
vt 0.809570 0.372070
vt 0.752930 0.738525
vt 0.748535 0.745117
vt 0.486816 0.358398
vt 0.877930 0.625977
vt 0.888672 0.628662
vt 0.583984 0.940552
vt 0.582520 0.925842
vt 0.592285 0.932800
vt 0.324951 0.731934
vt 0.301758 0.504639
vt 0.044952 0.186523
vt 0.037476 0.183594
vt 0.036560 0.180664
vt 0.442627 0.014160
vt 0.437256 0.018555
vt 0.432129 0.013184
vt 0.626953 0.821411
vt 0.853516 0.500977
vt 0.839355 0.487793
vt 0.131714 0.270020
vt 0.634277 0.264160
vt 0.625488 0.265137
vt 0.790039 0.657715
vt 0.750488 0.894958
vt 0.746094 0.893738
vt 0.744629 0.884644
vt 0.230957 0.664307
vt 0.555664 0.647949
vt 0.574219 0.630615
vt 0.563477 0.649414
vt 0.977051 0.636963
vt 0.972656 0.630371
vt 0.986328 0.628662
vt 0.331543 0.112793
vt 0.316406 0.105957
vt 0.322021 0.105469
vt 0.862305 0.613281
vt 0.844727 0.629639
vt 0.854980 0.615967
vt 0.023438 0.301758
vt 0.022217 0.295410
vt 0.026184 0.292480
vt 0.945801 0.172852
vt 0.937012 0.151367
vt 0.947754 0.157227
vt 0.382324 0.539551
vt 0.393066 0.550049
vt 0.376953 0.549805
vt 0.121338 0.212402
vt 0.113586 0.210938
vt 0.466553 0.940155
vt 0.473145 0.943024
vt 0.699219 0.481445
vt 0.693359 0.476074
vt 0.657227 0.935974
vt 0.665039 0.942108
vt 0.178833 0.250977
vt 0.176147 0.246582
vt 0.818359 0.787964
vt 0.080811 0.518066
vt 0.083679 0.528076
vt 0.078308 0.528076
vt 0.631348 0.074219
vt 0.623535 0.089355
vt 0.612793 0.087402
vt 0.692383 0.768677
vt 0.696777 0.758179
vt 0.699707 0.767578
vt 0.641602 0.331055
vt 0.619629 0.330566
vt 0.779297 0.751953
vt 0.556152 0.050293
vt 0.556152 0.053223
vt 0.535156 0.053711
vt 0.970703 0.424316
vt 0.977539 0.425781
vt 0.720215 0.506348
vt 0.297852 0.724121
vt 0.287842 0.727783
vt 0.052826 0.967285
vt 0.058136 0.956451
vt 0.061890 0.963440
vt 0.192749 0.745117
vt 0.399170 0.069824
vt 0.090881 0.551025
vt 0.515625 0.014160
vt 0.517578 0.010254
vt 0.518066 0.015625
vt 0.985840 0.055664
vt 0.988281 0.053711
vt 0.990723 0.056641
vt 0.991211 0.062500
vt 0.354248 0.793335
vt 0.371338 0.802979
vt 0.354004 0.810303
vt 0.026855 0.598145
vt 0.016953 0.588135
vt 0.030914 0.587891
vt 0.647949 0.687500
vt 0.654297 0.666748
vt 0.493408 0.253906
vt 0.489258 0.253906
vt 0.966797 0.063965
vt 0.978516 0.072266
vt 0.978027 0.080078
vt 0.598145 0.750000
vt 0.940430 0.180664
vt 0.935059 0.169434
vt 0.663574 0.279785
vt 0.666016 0.288574
vt 0.357666 0.727783
vt 0.150635 0.492676
vt 0.045654 0.655273
vt 0.027725 0.660156
vt 0.028381 0.645020
vt 0.504883 0.153320
vt 0.710938 0.035645
vt 0.688477 0.021973
vt 0.704102 0.019531
vt 0.421631 0.056152
vt 0.420654 0.070801
vt 0.256836 0.314941
vt 0.251953 0.314941
vt 0.021912 0.752686
vt 0.025024 0.750000
vt 0.032928 0.767456
vt 0.510742 0.106445
vt 0.508789 0.100098
vt 0.514648 0.096191
vt 0.524414 0.050293
vt 0.065247 0.160156
vt 0.070374 0.155273
vt 0.226685 0.540527
vt 0.225098 0.531738
vt 0.237061 0.537354
vt 0.298340 0.939636
vt 0.305420 0.933777
vt 0.317871 0.940094
vt 0.009178 0.663574
vt 0.011887 0.660645
vt 0.467041 0.125000
vt 0.456299 0.119141
vt 0.754395 0.771851
vt 0.748535 0.760864
vt 0.761230 0.761597
vt 0.677246 0.168945
vt 0.669922 0.169922
vt 0.669922 0.159180
vt 0.926758 0.528076
vt 0.800781 0.273926
vt 0.799805 0.267578
vt 0.803711 0.265625
vt 0.147949 0.291016
vt 0.612793 0.364258
vt 0.617188 0.364746
vt 0.892578 0.345215
vt 0.877930 0.345215
vt 0.891602 0.341309
vt 0.991699 0.419434
vt 0.978516 0.422363
vt 0.941895 0.757446
vt 0.538574 0.813354
vt 0.533203 0.807617
vt 0.467529 0.315430
vt 0.475098 0.311523
vt 0.116272 0.489746
vt 0.565918 0.215332
vt 0.909180 0.393066
vt 0.835449 0.071289
vt 0.285400 0.242188
vt 0.282227 0.269531
vt 0.121582 0.686523
vt 0.117981 0.691162
vt 0.114380 0.689453
vt 0.969238 0.708252
vt 0.500977 0.339844
vt 0.515625 0.333496
vt 0.695801 0.274414
vt 0.710938 0.260254
vt 0.706055 0.273438
vt 0.969238 0.547363
vt 0.942383 0.561523
vt 0.953613 0.545410
vt 0.450684 0.881836
vt 0.445312 0.888794
vt 0.476807 0.753296
vt 0.467041 0.753052
vt 0.468506 0.748291
vt 0.378174 0.778687
vt 0.382812 0.782837
vt 0.223877 0.651855
vt 0.231323 0.654297
vt 0.662598 0.066406
vt 0.645508 0.055176
vt 0.093750 0.654541
vt 0.222412 0.686523
vt 0.342529 0.455566
vt 0.321533 0.449219
vt 0.259521 0.088379
vt 0.264160 0.087402
vt 0.386475 0.009277
vt 0.386963 0.006348
vt 0.390137 0.007812
vt 0.275635 0.151367
vt 0.277344 0.146484
vt 0.283203 0.152344
vt 0.727051 0.579346
vt 0.201660 0.823975
vt 0.577148 0.118164
vt 0.248413 0.086914
vt 0.246460 0.076660
vt 0.241089 0.554443
vt 0.231934 0.544189
vt 0.248657 0.540771
vt 0.978027 0.969543
vt 0.982422 0.968689
vt 0.990234 0.984024
vt 0.829102 0.649658
vt 0.826172 0.669434
vt 0.376465 0.928711
vt 0.388916 0.924927
vt 0.394043 0.926208
vt 0.385742 0.053223
vt 0.383057 0.049805
vt 0.476074 0.041504
vt 0.581543 0.013672
vt 0.581055 0.011230
vt 0.809082 0.576660
vt 0.954590 0.705322
vt 0.949219 0.694580
vt 0.956543 0.703857
vt 0.334473 0.663818
vt 0.329346 0.665527
vt 0.131836 0.081055
vt 0.080933 0.105957
vt 0.086670 0.107422
vt 0.082825 0.117188
vt 0.943359 0.905090
vt 0.947754 0.896362
vt 0.957031 0.906677
vt 0.651855 0.845825
vt 0.180420 0.705811
vt 0.178101 0.696533
vt 0.187500 0.705322
vt 0.896973 0.918884
vt 0.387695 0.428223
vt 0.950195 0.187500
vt 0.955566 0.200195
vt 0.943848 0.197754
vt 0.542480 0.128906
vt 0.548828 0.130859
vt 0.706543 0.375000
vt 0.281494 0.936096
vt 0.295898 0.951782
vt 0.286377 0.963287
vt 0.348633 0.814453
vt 0.364014 0.813110
vt 0.686523 0.720703
vt 0.668457 0.732910
vt 0.664551 0.720215
vt 0.952148 0.106445
vt 0.959473 0.100098
vt 0.958008 0.108398
vt 0.371338 0.151855
vt 0.369873 0.145508
vt 0.378174 0.148438
vt 0.519043 0.112793
vt 0.521973 0.103516
vt 0.563477 0.881775
vt 0.585938 0.393066
vt 0.794922 0.165039
vt 0.807129 0.174805
vt 0.525391 0.046387
vt 0.525879 0.023438
vt 0.536133 0.033691
vt 0.226562 0.159668
vt 0.231445 0.153320
vt 0.232666 0.159180
vt 0.993164 0.786743
vt 0.982422 0.776978
vt 0.123718 0.692627
vt 0.125366 0.687256
vt 0.387451 0.210938
vt 0.460693 0.965607
vt 0.644531 0.722412
vt 0.649414 0.730957
vt 0.626953 0.731445
vt 0.502930 0.139160
vt 0.501953 0.126465
vt 0.373535 0.112793
vt 0.383789 0.089844
vt 0.392822 0.103027
vt 0.989258 0.830200
vt 0.395020 0.051270
vt 0.402344 0.050293
vt 0.059143 0.968445
vt 0.314453 0.407715
vt 0.311523 0.405762
vt 0.315918 0.395020
vt 0.749512 0.792480
vt 0.745117 0.790894
vt 0.755371 0.779907
vt 0.057831 0.189453
vt 0.065735 0.191895
vt 0.051422 0.196289
vt 0.046173 0.187012
vt 0.416504 0.849854
vt 0.414062 0.855103
vt 0.392822 0.090332
vt 0.102783 0.377441
vt 0.075928 0.384766
vt 0.349854 0.425781
vt 0.347412 0.419434
vt 0.945312 0.221680
vt 0.929199 0.230957
vt 0.928711 0.217773
vt 0.461914 0.532471
vt 0.467773 0.527344
vt 0.912109 0.826660
vt 0.916504 0.836182
vt 0.530273 0.274414
vt 0.543945 0.263184
vt 0.573730 0.453613
vt 0.586914 0.455566
vt 0.449463 0.122070
vt 0.920898 0.611328
vt 0.907227 0.621094
vt 0.033051 0.591309
vt 0.201416 0.375977
vt 0.221191 0.385254
vt 0.380371 0.219238
vt 0.377441 0.225586
vt 0.601074 0.374512
vt 0.589355 0.364746
vt 0.213135 0.795288
vt 0.203979 0.766479
vt 0.224121 0.763428
vt 0.854492 0.533203
vt 0.842285 0.540283
vt 0.842285 0.524902
vt 0.895508 0.926208
vt 0.346436 0.126465
vt 0.227539 0.884705
vt 0.224487 0.870728
vt 0.845215 0.056152
vt 0.833496 0.055176
vt 0.905273 0.801880
vt 0.905273 0.791260
vt 0.238647 0.928040
vt 0.245361 0.914307
vt 0.244507 0.927856
vt 0.976562 0.775146
vt 0.971191 0.776001
vt 0.970215 0.769653
vt 0.620605 0.301270
vt 0.618164 0.315430
vt 0.932129 0.400391
vt 0.933105 0.405273
vt 0.857910 0.539062
vt 0.864746 0.540039
vt 0.867188 0.549072
vt 0.450684 0.337402
vt 0.427002 0.348633
vt 0.431641 0.335938
vt 0.462402 0.934509
vt 0.459961 0.939606
vt 0.025620 0.824951
vt 0.350586 0.925903
vt 0.758301 0.942047
vt 0.777832 0.943939
vt 0.581055 0.062500
vt 0.580566 0.073730
vt 0.522949 0.705322
vt 0.522461 0.720459
vt 0.298584 0.524414
vt 0.318115 0.520508
vt 0.058807 0.304688
vt 0.036865 0.304688
vt 0.058136 0.298828
vt 0.515137 0.940765
vt 0.493896 0.936768
vt 0.499512 0.922913
vt 0.228271 0.714844
vt 0.749023 0.478516
vt 0.363525 0.788086
vt 0.352295 0.789917
vt 0.927734 0.907898
vt 0.498779 0.831299
vt 0.495117 0.836304
vt 0.485840 0.829346
vt 0.952637 0.640381
vt 0.960449 0.638672
vt 0.954102 0.645996
vt 0.819336 0.351074
vt 0.826660 0.341309
vt 0.833984 0.354492
vt 0.835449 0.712891
vt 0.201050 0.929260
vt 0.223511 0.932556
vt 0.684082 0.155273
vt 0.668945 0.144531
vt 0.721680 0.314453
vt 0.728516 0.313965
vt 0.696289 0.522705
vt 0.695312 0.538330
vt 0.686523 0.535400
vt 0.574707 0.637939
vt 0.578125 0.629883
vt 0.936523 0.384277
vt 0.791992 0.400879
vt 0.790527 0.395508
vt 0.799316 0.409180
vt 0.775391 0.433594
vt 0.319336 0.401855
vt 0.331299 0.390137
vt 0.324219 0.399902
vt 0.971680 0.178223
vt 0.722656 0.883057
vt 0.727051 0.876282
vt 0.735352 0.901428
vt 0.355713 0.199707
vt 0.379639 0.406250
vt 0.374268 0.413574
vt 0.368408 0.405273
vt 0.550293 0.972351
vt 0.557129 0.958893
vt 0.164185 0.117188
vt 0.157715 0.116699
vt 0.162842 0.110352
vt 0.093872 0.978439
vt 0.895508 0.285156
vt 0.881836 0.283691
vt 0.895020 0.268555
vt 0.323730 0.788086
vt 0.313477 0.785156
vt 0.910645 0.873169
vt 0.917969 0.877991
vt 0.914062 0.889954
vt 0.510742 0.878540
vt 0.265625 0.713867
vt 0.263428 0.700928
vt 0.050262 0.955841
vt 0.865234 0.861206
vt 0.862305 0.874268
vt 0.856445 0.875977
vt 0.284424 0.795410
vt 0.275635 0.810913
vt 0.082825 0.979584
vt 0.088074 0.996840
vt 0.053406 0.985435
vt 0.266846 0.034180
vt 0.274658 0.027832
vt 0.361572 0.115723
vt 0.349854 0.114258
vt 0.484619 0.546631
vt 0.496826 0.561035
vt 0.479736 0.554199
vt 0.648438 0.699951
vt 0.636719 0.710205
vt 0.551270 0.493164
vt 0.561523 0.501953
vt 0.552246 0.508057
vt 0.006874 0.755005
vt 0.004543 0.747803
vt 0.018539 0.747803
vt 0.696289 0.170898
vt 0.701172 0.173828
vt 0.689941 0.462402
vt 0.750488 0.620605
vt 0.746582 0.620850
vt 0.105896 0.711914
vt 0.098389 0.715820
vt 0.769531 0.220215
vt 0.771973 0.206055
vt 0.780762 0.206543
vt 0.275635 0.358398
vt 0.285645 0.350586
vt 0.306885 0.659912
vt 0.318359 0.666016
vt 0.306641 0.666260
vt 0.068665 0.790894
vt 0.878906 0.912109
vt 0.524902 0.215820
vt 0.531738 0.198242
vt 0.708496 0.644775
vt 0.935059 0.554199
vt 0.934570 0.559814
vt 0.931641 0.554443
vt 0.256104 0.110352
vt 0.591797 0.081055
vt 0.589844 0.074707
vt 0.196167 0.266602
vt 0.518555 0.342773
vt 0.985352 0.874146
vt 0.186279 0.480469
vt 0.176270 0.474121
vt 0.184570 0.470215
vt 0.514160 0.226074
vt 0.518555 0.229004
vt 0.505371 0.228516
vt 0.087708 0.963165
vt 0.094055 0.960052
vt 0.101440 0.959106
vt 0.061371 0.012207
vt 0.070129 0.007324
vt 0.072083 0.020020
vt 0.448975 0.016113
vt 0.451416 0.012207
vt 0.457275 0.011719
vt 0.792969 0.707764
vt 0.912109 0.027344
vt 0.915039 0.032715
vt 0.910645 0.035156
vt 0.142090 0.765625
vt 0.155884 0.776489
vt 0.035034 0.896362
vt 0.048584 0.916870
vt 0.286377 0.901123
vt 0.305176 0.898193
vt 0.626465 0.466309
vt 0.626465 0.462402
vt 0.631348 0.463379
vt 0.742676 0.697998
vt 0.746094 0.698486
vt 0.050659 0.233887
vt 0.045868 0.236816
vt 0.048340 0.234863
vt 0.863770 0.933167
vt 0.860352 0.925659
vt 0.208496 0.640625
vt 0.205322 0.636475
vt 0.577637 0.047363
vt 0.591309 0.034180
vt 0.587402 0.055176
vt 0.633789 0.615479
vt 0.637207 0.619629
vt 0.114746 0.708496
vt 0.124451 0.710449
vt 0.125854 0.720703
vt 0.738770 0.744385
vt 0.038849 0.313477
vt 0.051666 0.311523
vt 0.623047 0.347168
vt 0.634766 0.353516
vt 0.622559 0.362793
vt 0.088440 0.981171
vt 0.106323 0.089355
vt 0.264648 0.221680
vt 0.281494 0.206543
vt 0.285156 0.217285
vt 0.588379 0.955597
vt 0.855957 0.353516
vt 0.856445 0.362305
vt 0.853516 0.359863
vt 0.349365 0.299316
vt 0.335449 0.314941
vt 0.339355 0.303223
vt 0.427002 0.472168
vt 0.204468 0.828735
vt 0.217773 0.230469
vt 0.736816 0.302246
vt 0.611816 0.504150
vt 0.603027 0.510742
vt 0.568848 0.199219
vt 0.295654 0.815308
vt 0.646973 0.612549
vt 0.649902 0.594482
vt 0.661621 0.612305
vt 0.125854 0.346680
vt 0.122375 0.338867
vt 0.762207 0.283691
vt 0.977051 0.395996
vt 0.822754 0.893250
vt 0.434082 0.078125
vt 0.368896 0.158691
vt 0.035370 0.922913
vt 0.025650 0.911377
vt 0.032074 0.905945
vt 0.433105 0.649658
vt 0.315186 0.951477
vt 0.011139 0.290527
vt 0.013458 0.292480
vt 0.249146 0.032715
vt 0.772949 0.086426
vt 0.767578 0.074219
vt 0.778320 0.077637
vt 0.011719 0.944733
vt 0.022598 0.946930
vt 0.724609 0.006836
vt 0.801758 0.203613
vt 0.824707 0.186523
vt 0.828125 0.837769
vt 0.824707 0.836304
vt 0.835449 0.831177
vt 0.457031 0.457031
vt 0.452881 0.465820
vt 0.214355 0.598145
vt 0.127686 0.701416
vt 0.131592 0.710693
vt 0.965820 0.117676
vt 0.965820 0.122559
vt 0.951660 0.121582
vt 0.083313 0.775635
vt 0.097778 0.775269
vt 0.964844 0.357910
vt 0.968262 0.340332
vt 0.930176 0.176270
vt 0.924316 0.164062
vt 0.075073 0.852661
vt 0.077393 0.849976
vt 0.077026 0.863403
vt 0.076599 0.963226
vt 0.069946 0.962341
vt 0.077393 0.960785
vt 0.866211 0.367188
vt 0.881836 0.360840
vt 0.875000 0.373535
vt 0.816406 0.615723
vt 0.838867 0.622803
vt 0.479492 0.033203
vt 0.473877 0.025391
vt 0.487549 0.026855
vt 0.511230 0.435547
vt 0.502930 0.428223
vt 0.512207 0.427246
vt 0.148926 0.847778
vt 0.912598 0.283203
vt 0.184692 0.838257
vt 0.191406 0.827271
vt 0.586426 0.121582
vt 0.108459 0.374023
vt 0.415527 0.347168
vt 0.044281 0.179199
vt 0.741699 0.861450
vt 0.423584 0.075195
vt 0.075256 0.162109
vt 0.804688 0.006348
vt 0.174805 0.814697
vt 0.174805 0.790283
vt 0.183838 0.794922
vt 0.436768 0.938568
vt 0.289551 0.700439
vt 0.276855 0.710205
vt 0.127319 0.303223
vt 0.131348 0.289062
vt 0.137085 0.309570
vt 0.890137 0.999989
vt 0.854980 0.999989
vt 0.862305 0.994995
vt 0.136108 0.688477
vt 0.134033 0.675781
vt 0.141724 0.678467
vt 0.672852 0.177246
vt 0.212158 0.989311
vt 0.225586 0.986420
vt 0.520996 0.145508
vt 0.707520 0.367188
vt 0.913574 0.495605
vt 0.607422 0.010254
vt 0.600098 0.017578
vt 0.599609 0.013184
vt 0.731445 0.855713
vt 0.715332 0.855713
vt 0.717773 0.852905
vt 0.390869 0.640625
vt 0.750000 0.519531
vt 0.416992 0.682129
vt 0.960938 0.949768
vt 0.952148 0.942108
vt 0.958984 0.940582
vt 0.464355 0.346680
vt 0.464844 0.324707
vt 0.464844 0.341309
vt 0.319092 0.075195
vt 0.177979 0.438477
vt 0.163574 0.436523
vt 0.167114 0.422363
vt 0.082214 0.818848
vt 0.075745 0.811523
vt 0.084106 0.807129
vt 0.868652 0.734619
vt 0.873535 0.745605
vt 0.865234 0.737549
vt 0.086609 0.550781
vt 0.862793 0.054199
vt 0.872559 0.044434
vt 0.875000 0.057617
vt 0.873047 0.930786
vt 0.878906 0.926819
vt 0.878418 0.934998
vt 0.299561 0.689209
vt 0.255127 0.354980
vt 0.261230 0.353516
vt 0.261963 0.358887
vt 0.409180 0.015625
vt 0.413818 0.010742
vt 0.413818 0.024414
vt 0.993652 0.828735
vt 0.079834 0.171875
vt 0.340576 0.107910
vt 0.334961 0.119629
vt 0.270996 0.150879
vt 0.743652 0.053711
vt 0.725586 0.060547
vt 0.729004 0.046387
vt 0.684570 0.106445
vt 0.502441 0.747070
vt 0.498535 0.731445
vt 0.523438 0.729248
vt 0.981934 0.423828
vt 0.990723 0.423828
vt 0.982910 0.427246
vt 0.101562 0.325195
vt 0.064575 0.836426
vt 0.935547 0.500244
vt 0.945801 0.496094
vt 0.228027 0.232422
vt 0.239502 0.228027
vt 0.393799 0.612549
vt 0.396729 0.611084
vt 0.114685 0.146973
vt 0.937988 0.478516
vt 0.567871 0.282227
vt 0.926758 0.554443
vt 0.235962 0.794434
vt 0.335205 0.701172
vt 0.324951 0.697998
vt 0.156006 0.017090
vt 0.153320 0.020508
vt 0.138672 0.019531
vt 0.508301 0.058594
vt 0.022797 0.662354
vt 0.031189 0.673828
vt 0.017166 0.666260
vt 0.903320 0.344238
vt 0.000565 0.626221
vt 0.002766 0.622070
vt 0.476074 0.875061
vt 0.089905 0.899475
vt 0.105896 0.905579
vt 0.440430 0.707275
vt 0.442139 0.730225
vt 0.434570 0.728516
vt 0.066589 0.953278
vt 0.477051 0.116211
vt 0.520996 0.054199
vt 0.520020 0.062988
vt 0.961914 0.236328
vt 0.957520 0.239746
vt 0.240356 0.808594
vt 0.234497 0.802979
vt 0.026840 0.033691
vt 0.236450 0.885620
vt 0.545410 0.278320
vt 0.764648 0.705322
vt 0.324219 0.006348
vt 0.317871 0.021973
vt 0.702637 0.956116
vt 0.200562 0.563232
vt 0.217896 0.562256
vt 0.071655 0.923096
vt 0.061401 0.941193
vt 0.417236 0.375977
vt 0.349609 0.145020
vt 0.457764 0.934570
vt 0.484619 0.097656
vt 0.404053 0.883118
vt 0.406250 0.881592
vt 0.404053 0.888428
vt 0.740723 0.873535
vt 0.737305 0.874756
vt 0.990234 0.591553
vt 0.987793 0.599121
vt 0.855957 0.945007
vt 0.857910 0.956818
vt 0.845703 0.942352
vt 0.208740 0.017090
vt 0.209595 0.037598
vt 0.814453 0.522217
vt 0.823242 0.522461
vt 0.809570 0.525635
vt 0.972656 0.450684
vt 0.964355 0.446289
vt 0.145874 0.205566
vt 0.420898 0.184570
vt 0.267822 0.989815
vt 0.206177 0.915100
vt 0.195190 0.932922
vt 0.183716 0.165039
vt 0.714844 0.126953
vt 0.709961 0.114258
vt 0.638672 0.077637
vt 0.872070 0.437500
vt 0.866699 0.423340
vt 0.431885 0.017578
vt 0.426025 0.016602
vt 0.018097 0.623779
vt 0.023010 0.625732
vt 0.019745 0.629883
vt 0.744141 0.240723
vt 0.715332 0.238770
vt 0.710449 0.231445
vt 0.354980 0.004883
vt 0.340332 0.007812
vt 0.018265 0.933899
vt 0.784668 0.719727
vt 0.800293 0.722656
vt 0.792480 0.732666
vt 0.316162 0.921875
vt 0.331543 0.926270
vt 0.329590 0.931763
vt 0.621094 0.461426
vt 0.623047 0.460449
vt 0.971680 0.027344
vt 0.476807 0.379883
vt 0.472656 0.376953
vt 0.718750 0.575928
vt 0.597656 0.663818
vt 0.495850 0.951965
vt 0.491455 0.963196
vt 0.494385 0.856812
vt 0.485840 0.843750
vt 0.736816 0.249023
vt 0.979492 0.223145
vt 0.374512 0.816895
vt 0.381836 0.811890
vt 0.072815 0.870728
vt 0.075378 0.879700
vt 0.388916 0.986435
vt 0.394531 0.976166
vt 0.400635 0.982910
vt 0.195190 0.231934
vt 0.208008 0.230957
vt 0.622559 0.271973
vt 0.613281 0.274414
vt 0.941895 0.888977
vt 0.951172 0.872559
vt 0.951172 0.885498
vt 0.921875 0.089844
vt 0.145142 0.275391
vt 0.823730 0.065918
vt 0.828125 0.065918
vt 0.122742 0.453613
vt 0.876953 0.844849
vt 0.747559 0.672852
vt 0.743652 0.672607
vt 0.751465 0.671143
vt 0.729004 0.165527
vt 0.742188 0.169922
vt 0.852051 0.853027
vt 0.852539 0.862671
vt 0.845703 0.861572
vt 0.524902 0.099609
vt 0.522461 0.099609
vt 0.532715 0.839355
vt 0.535156 0.833252
vt 0.099182 0.305664
vt 0.093628 0.304199
vt 0.090942 0.296875
vt 0.941895 0.666992
vt 0.953125 0.676270
vt 0.017944 0.076172
vt 0.011574 0.075684
vt 0.016663 0.074707
vt 0.130615 0.412109
vt 0.151001 0.417969
vt 0.090088 0.189453
vt 0.614258 0.998823
vt 0.477295 0.608154
vt 0.469971 0.619385
vt 0.464844 0.608643
vt 0.939941 0.752319
vt 0.940918 0.747314
vt 0.951172 0.758667
vt 0.249756 0.699463
vt 0.094788 0.191406
vt 0.714844 0.422852
vt 0.721680 0.440430
vt 0.706543 0.436035
vt 0.109375 0.772461
vt 0.099915 0.773071
vt 0.777344 0.710693
vt 0.783203 0.709717
vt 0.020538 0.032227
vt 0.783203 0.936035
vt 0.770508 0.930176
vt 0.784668 0.911743
vt 0.922363 0.379883
vt 0.929688 0.385254
vt 0.944336 0.603271
vt 0.664062 0.463379
vt 0.154541 0.994308
vt 0.156250 0.979691
vt 0.816406 0.383789
vt 0.834473 0.392578
vt 0.887207 0.845825
vt 0.187378 0.404785
vt 0.187256 0.389160
vt 0.650879 0.704102
vt 0.668945 0.704346
vt 0.659668 0.707764
vt 0.282471 0.043945
vt 0.997559 0.535889
vt 0.990234 0.550293
vt 0.985352 0.552490
vt 0.591309 0.355469
vt 0.584961 0.358398
vt 0.433594 0.035156
vt 0.928711 0.206055
vt 0.946777 0.202637
vt 0.953125 0.214844
vt 0.518555 0.625977
vt 0.525879 0.630371
vt 0.824707 0.680664
vt 0.624512 0.437012
vt 0.651855 0.439941
vt 0.641113 0.465820
vt 0.342285 0.315430
vt 0.963867 0.447266
vt 0.478027 0.975952
vt 0.110046 0.107422
vt 0.990723 0.532471
vt 0.970215 0.536133
vt 0.966309 0.531982
vt 0.936523 0.022461
vt 0.243652 0.098145
vt 0.240356 0.097168
vt 0.597656 0.483398
vt 0.604492 0.476074
vt 0.600098 0.485352
vt 0.673828 0.131836
vt 0.690430 0.122070
vt 0.115051 0.665039
vt 0.112122 0.660645
vt 0.136719 0.904358
vt 0.126587 0.908813
vt 0.129150 0.900269
vt 0.426025 0.887085
vt 0.849609 0.557373
vt 0.850098 0.562744
vt 0.844238 0.560303
vt 0.177734 0.921448
vt 0.171265 0.745361
vt 0.176025 0.757080
vt 0.171631 0.755005
vt 0.310547 0.165039
vt 0.305176 0.156738
vt 0.320068 0.162598
vt 0.603027 0.379883
vt 0.562988 0.910828
vt 0.939453 0.868530
vt 0.177979 0.656006
vt 0.158325 0.658691
vt 0.174438 0.648438
vt 0.693359 0.296875
vt 0.689941 0.301270
vt 0.334961 0.097656
vt 0.323242 0.084961
vt 0.938477 0.437012
vt 0.929688 0.430176
vt 0.943848 0.423828
vt 0.469727 0.950928
vt 0.472412 0.951202
vt 0.459473 0.627441
vt 0.290527 0.588379
vt 0.014069 0.128906
vt 0.110657 0.995308
vt 0.095947 0.996883
vt 0.089355 0.990547
vt 0.313721 0.112793
vt 0.325195 0.131836
vt 0.306641 0.122559
vt 0.493896 0.807129
vt 0.492432 0.801025
vt 0.494141 0.802368
vt 0.771484 0.314941
vt 0.772949 0.310059
vt 0.355957 0.929321
vt 0.353516 0.928711
vt 0.357910 0.928284
vt 0.008995 0.388672
vt 0.014664 0.398438
vt 0.001303 0.397461
vt 0.796875 0.351562
vt 0.797363 0.348145
vt 0.816895 0.341797
vt 0.568359 0.955200
vt 0.035217 0.388672
vt 0.027283 0.386719
vt 0.036438 0.383789
vt 0.266846 0.567871
vt 0.276611 0.566406
vt 0.843750 0.140137
vt 0.842285 0.127441
vt 0.917969 0.164062
vt 0.918457 0.180664
vt 0.915039 0.172852
vt 0.236572 0.411621
vt 0.234863 0.419434
vt 0.653320 0.881775
vt 0.655762 0.881287
vt 0.045959 0.569092
vt 0.043182 0.547607
vt 0.050415 0.545898
vt 0.304688 0.910950
vt 0.387939 0.282715
vt 0.376953 0.289062
vt 0.891113 0.088867
vt 0.888672 0.079590
vt 0.903809 0.081055
vt 0.650391 0.884827
vt 0.640137 0.888367
vt 0.719727 0.182617
vt 0.712891 0.197754
vt 0.708984 0.170410
vt 0.077271 0.622314
vt 0.119873 0.534180
vt 0.163696 0.327637
vt 0.157227 0.320312
vt 0.170776 0.324707
vt 0.461914 0.041016
vt 0.459717 0.032715
vt 0.963379 0.885437
vt 0.960938 0.895996
vt 0.471436 0.147461
vt 0.477783 0.145020
vt 0.542969 0.651123
vt 0.549805 0.646973
vt 0.754883 0.578369
vt 0.217773 0.162109
vt 0.227539 0.165039
vt 0.228027 0.171875
vt 0.007668 0.906311
vt 0.023499 0.898254
vt 0.025726 0.906555
vt 0.015793 0.818726
vt 0.430908 0.410156
vt 0.428711 0.429688
vt 0.755371 0.678223
vt 0.758301 0.668945
vt 0.763184 0.676025
vt 0.576172 0.847046
vt 0.582031 0.839233
vt 0.134155 0.361328
vt 0.126587 0.354980
vt 0.828125 0.842163
vt 0.817383 0.841064
vt 0.335449 0.021484
vt 0.325684 0.030273
vt 0.320801 0.024902
vt 0.987793 0.272461
vt 0.444580 0.036133
vt 0.710449 0.763184
vt 0.706055 0.751953
vt 0.719238 0.737793
vt 0.467773 0.130371
vt 0.460693 0.140137
vt 0.458496 0.134766
vt 0.859375 0.687744
vt 0.856934 0.680908
vt 0.650879 0.117676
vt 0.657227 0.117188
vt 0.652832 0.124512
vt 0.958984 0.601318
vt 0.957520 0.593018
vt 0.421631 0.964386
vt 0.721191 0.026855
vt 0.732910 0.290527
vt 0.738770 0.288574
vt 0.761230 0.298828
vt 0.145630 0.594727
vt 0.140625 0.613525
vt 0.138184 0.602783
vt 0.861816 0.922913
vt 0.865723 0.916626
vt 0.871582 0.925659
vt 0.654297 0.498047
vt 0.864746 0.872437
vt 0.051605 0.886841
vt 0.044708 0.879578
vt 0.491455 0.062500
vt 0.501465 0.086914
vt 0.480713 0.090820
vt 0.626465 0.522217
vt 0.618652 0.149902
vt 0.626953 0.154297
vt 0.459473 0.197266
vt 0.462891 0.194336
vt 0.541016 0.090332
vt 0.275879 0.346680
vt 0.594238 0.191406
vt 0.605469 0.210938
vt 0.007053 0.367676
vt 0.106873 0.207520
vt 0.099731 0.208984
vt 0.574219 0.094727
vt 0.555176 0.099609
vt 0.562012 0.082520
vt 0.391357 0.004395
vt 0.972168 0.714844
vt 0.975098 0.726807
vt 0.388672 0.109375
vt 0.750000 0.394043
vt 0.747070 0.404785
vt 0.736816 0.413574
vt 0.780273 0.160156
vt 0.842773 0.090332
vt 0.836426 0.093262
vt 0.687500 0.006836
vt 0.687500 0.014648
vt 0.683105 0.007812
vt 0.639160 0.036621
vt 0.447754 0.565918
vt 0.450684 0.576172
vt 0.446777 0.573486
vt 0.173706 0.709473
vt 0.175049 0.706787
vt 0.293945 0.967499
vt 0.304199 0.967865
vt 0.294434 0.968719
vt 0.100098 0.595947
vt 0.096863 0.590820
vt 0.104919 0.589844
vt 0.727051 0.007812
vt 0.988281 0.675781
vt 0.986328 0.680664
vt 0.975586 0.679199
vt 0.579102 0.607178
vt 0.574707 0.617920
vt 0.569824 0.612549
vt 0.754395 0.541260
vt 0.113342 0.274902
vt 0.109619 0.278809
vt 0.451904 0.083008
vt 0.774414 0.771240
vt 0.776855 0.766113
vt 0.780762 0.777954
vt 0.682129 0.701416
vt 0.454102 0.578613
vt 0.454346 0.579834
vt 0.844238 0.568604
vt 0.115845 0.549805
vt 0.100403 0.544434
vt 0.065369 0.421875
vt 0.073059 0.417480
vt 0.076355 0.427246
vt 0.811523 0.841064
vt 0.809570 0.860596
vt 0.407959 0.394043
vt 0.299805 0.199219
vt 0.305908 0.211426
vt 0.370850 0.833008
vt 0.359863 0.859619
vt 0.222290 0.238770
vt 0.977051 0.730225
vt 0.993652 0.718262
vt 1.000000 0.737549
vt 0.619141 0.168457
vt 0.586914 0.668213
vt 0.587402 0.647705
vt 0.790039 0.545654
vt 0.779297 0.552734
vt 0.937500 0.064453
vt 0.928223 0.079590
vt 0.732422 0.369629
vt 0.740723 0.347656
vt 0.750488 0.286133
vt 0.982422 0.252441
vt 0.981445 0.254883
vt 0.753418 0.048340
vt 0.762207 0.044434
vt 0.765137 0.058105
vt 0.577637 0.203613
vt 0.575684 0.208984
vt 0.895508 0.718750
vt 0.883789 0.717773
vt 0.882812 0.712891
vt 0.604980 0.871338
vt 0.623535 0.868530
vt 0.853516 0.422363
vt 0.124451 0.672852
vt 0.983398 0.560303
vt 0.993164 0.559082
vt 0.994629 0.562744
vt 0.619141 0.287598
vt 0.038055 0.427734
vt 0.042145 0.429688
vt 0.037537 0.430664
vt 0.490967 0.565918
vt 0.879883 0.547363
vt 0.883789 0.541748
vt 0.254395 0.574219
vt 0.249634 0.565674
vt 0.265869 0.492676
vt 0.257812 0.477539
vt 0.267578 0.473145
vt 0.700195 0.458008
vt 0.104004 0.650146
vt 0.869141 0.752686
vt 0.874023 0.753662
vt 0.298584 0.784790
vt 0.974121 0.299805
vt 0.989746 0.285156
vt 0.997070 0.311035
vt 0.673828 0.921875
vt 0.667480 0.925232
vt 0.646973 0.920166
vt 0.565918 0.353516
vt 0.571777 0.354492
vt 0.467041 0.142578
vt 0.476562 0.141602
vt 0.413086 0.221680
vt 0.253906 0.209473
vt 0.264648 0.206055
vt 0.936035 0.904968
vt 0.211548 0.435059
vt 0.854980 0.366211
vt 0.526367 0.944244
vt 0.531250 0.949585
vt 0.821289 0.717773
vt 0.531250 0.827881
vt 0.548828 0.828369
vt 0.479004 0.824463
vt 0.971680 0.046387
vt 0.961426 0.045898
vt 0.961914 0.042480
vt 0.601562 0.233398
vt 0.606934 0.231445
vt 0.602051 0.235840
vt 0.730469 0.489258
vt 0.961914 0.222168
vt 0.958496 0.207520
vt 0.434814 0.740723
vt 0.211914 0.645264
vt 0.516113 0.815186
vt 0.525391 0.806030
vt 0.974609 0.117188
vt 0.973145 0.145020
vt 0.260498 0.435547
vt 0.269043 0.437988
vt 0.053833 0.121582
vt 0.055939 0.141113
vt 0.046051 0.121094
vt 0.774902 0.145020
vt 0.793457 0.154785
vt 0.341309 0.295410
vt 0.193237 0.692139
vt 0.369141 0.474609
vt 0.362305 0.494629
vt 0.353760 0.476074
vt 0.333252 0.515869
vt 0.337158 0.521484
vt 0.757812 0.394531
vt 0.754883 0.412598
vt 0.797363 0.136230
vt 0.765137 0.145020
vt 0.782227 0.134277
vt 0.654297 0.890442
vt 0.735352 0.910583
vt 0.741699 0.894897
vt 0.566895 0.115723
vt 0.575684 0.102539
vt 0.743164 0.002930
vt 0.244141 0.452637
vt 0.258301 0.578369
vt 0.636719 0.268555
vt 0.383057 0.835327
vt 0.379883 0.845825
vt 0.698730 0.484863
vt 0.045746 0.191895
vt 0.913086 0.745850
vt 0.804688 0.923279
vt 0.109375 0.967163
vt 0.464600 0.927917
vt 0.409180 0.008789
vt 0.406006 0.013672
vt 0.916016 0.042969
vt 0.914551 0.052734
vt 0.981445 0.993782
vt 0.713867 0.873779
vt 0.857422 0.696533
vt 0.861328 0.700928
vt 0.097839 0.518555
vt 0.409668 0.759277
vt 0.393311 0.775024
vt 0.232544 0.245605
vt 0.998535 0.209961
vt 1.000000 0.204102
vt 0.880371 0.749023
vt 0.874512 0.751709
vt 0.999023 0.576904
vt 1.000000 0.572021
vt 0.729980 0.591309
vt 0.735352 0.598389
vt 0.722656 0.597412
vt 0.097168 0.656006
vt 0.593750 0.678467
vt 0.389404 0.593018
vt 0.550293 0.670410
vt 0.574219 0.685059
vt 0.616211 0.191406
vt 0.038116 0.802490
vt 0.054535 0.788818
vt 0.051147 0.807617
vt 0.572266 0.145996
vt 0.566406 0.152832
vt 0.611816 0.150391
vt 0.028687 0.941559
vt 0.026672 0.935364
vt 0.295654 0.235840
vt 0.331299 0.820557
vt 0.328613 0.825195
vt 0.881836 0.868042
vt 0.888672 0.862183
vt 0.889160 0.874268
vt 0.394775 0.867432
vt 0.377441 0.856445
vt 0.859863 0.558838
vt 0.863281 0.556396
vt 0.868652 0.562744
vt 0.515137 0.840210
vt 0.152344 0.719482
vt 0.194092 0.990067
vt 0.418457 0.445312
vt 0.416992 0.456055
vt 0.911621 0.400879
vt 0.915527 0.402344
vt 0.243774 0.538330
vt 0.945801 0.769897
vt 0.955078 0.769409
vt 0.826660 0.255371
vt 0.826172 0.264160
vt 0.812012 0.255371
vt 0.881836 0.214355
vt 0.851562 0.219238
vt 0.871582 0.188965
vt 0.893066 0.827515
vt 0.857910 0.545898
vt 0.972168 0.668701
vt 0.968750 0.672607
vt 0.964844 0.668457
vt 0.342773 0.399902
vt 0.337402 0.402344
vt 0.609375 0.456055
vt 0.618652 0.452148
vt 0.124817 0.801270
vt 0.136230 0.809570
vt 0.128662 0.816895
vt 0.274658 0.895203
vt 0.279541 0.882019
vt 0.137573 0.544922
vt 0.146240 0.527832
vt 0.146240 0.548584
vt 0.124695 0.993763
vt 0.199707 0.645996
vt 0.700684 0.423340
vt 0.675781 0.112793
vt 0.141846 0.677734
vt 0.872070 0.375977
vt 0.880371 0.385742
vt 0.878418 0.389160
vt 0.124817 0.416992
vt 0.113220 0.425293
vt 0.758301 0.638184
vt 0.354736 0.510254
vt 0.348877 0.514160
vt 0.343750 0.510742
vt 0.054077 0.442383
vt 0.291016 0.065918
vt 0.293213 0.055664
vt 0.395996 0.279297
vt 0.021362 0.962006
vt 0.020828 0.966248
vt 0.008476 0.971222
vt 0.522461 0.871826
vt 0.860352 0.576416
vt 0.879395 0.573242
vt 0.871582 0.579590
vt 0.517090 0.142578
vt 0.488281 0.001465
vt 0.488281 0.021484
vt 0.473633 0.010254
vt 0.111084 0.972000
vt 0.104065 0.972382
vt 0.889648 0.540771
vt 0.349854 0.318848
vt 0.356445 0.313965
vt 0.271240 0.188965
vt 0.258057 0.185059
vt 0.416504 0.279785
vt 0.417969 0.289062
vt 0.867188 0.929993
vt 0.014313 0.938721
vt 0.255127 0.869507
vt 0.228882 0.857300
vt 0.403809 0.726074
vt 0.954102 0.385742
vt 0.331299 0.076172
vt 0.335938 0.061035
vt 0.338867 0.068848
vt 0.091858 0.328125
vt 0.098877 0.322754
vt 0.094666 0.332520
vt 0.399902 0.020020
vt 0.641113 0.899292
vt 0.634277 0.912964
vt 0.763184 0.849487
vt 0.386475 0.942505
vt 0.868164 0.732422
vt 0.867676 0.724121
vt 0.869141 0.729248
vt 0.503906 0.396973
vt 0.500488 0.406250
vt 0.816406 0.059082
vt 0.834961 0.034668
vt 0.821777 0.059082
vt 0.610352 0.016602
vt 0.615234 0.000488
vt 0.620117 0.015137
vt 0.192993 0.292969
vt 0.182129 0.293457
vt 0.378662 0.487793
vt 0.104004 0.303223
vt 0.011337 0.974854
vt 0.015228 0.977905
vt 0.621094 0.143066
vt 0.610352 0.147949
vt 0.603027 0.469238
vt 0.602539 0.449707
vt 0.463623 0.026855
vt 0.897949 0.003418
vt 0.890625 0.005371
vt 0.886719 0.001953
vt 0.777344 0.051270
vt 0.826172 0.129395
vt 0.286865 0.978439
vt 0.286865 0.986107
vt 0.281738 0.991737
vt 0.697266 0.080078
vt 0.689453 0.071777
vt 0.623535 0.169922
vt 0.212158 0.204590
vt 0.217163 0.202148
vt 0.318115 0.617432
vt 0.310547 0.616943
vt 0.308594 0.607666
vt 0.652344 0.537598
vt 0.660156 0.535645
vt 0.516113 0.992882
vt 0.498779 0.984192
vt 0.502930 0.964172
vt 0.291748 0.148438
vt 0.283936 0.138184
vt 0.808594 0.353516
vt 0.812988 0.364258
vt 0.121765 0.353027
vt 0.315918 0.959198
vt 0.324463 0.953491
vt 0.327148 0.958588
vt 0.255615 0.265625
vt 0.160400 0.252930
vt 0.154541 0.238281
vt 0.166504 0.245117
vt 0.794922 0.220703
vt 0.786133 0.220215
vt 0.038055 0.569092
vt 0.823242 0.017578
vt 0.816406 0.017090
vt 0.947754 0.041504
vt 0.960449 0.047363
vt 0.109375 0.495605
vt 0.112793 0.495605
vt 0.374268 0.788208
vt 0.394043 0.789795
vt 0.384521 0.795166
vt 0.839844 0.689941
vt 0.841309 0.697510
vt 0.838379 0.690674
vt 0.750488 0.033691
vt 0.750977 0.040039
vt 0.753906 0.013672
vt 0.769043 0.030273
vt 0.754395 0.044434
vt 0.422607 0.792847
vt 0.987305 0.038574
vt 0.985840 0.043457
vt 0.982910 0.040527
vt 0.149902 0.104492
vt 0.446045 0.312988
vt 0.447998 0.298340
vt 0.455811 0.302246
vt 0.773926 0.664062
vt 0.768555 0.664307
vt 0.780273 0.661377
vt 0.652344 0.216797
vt 0.648926 0.212402
vt 0.638184 0.686768
vt 0.625000 0.688721
vt 0.216309 0.198730
vt 0.909180 0.428223
vt 0.312012 0.982651
vt 0.785156 0.009766
vt 0.788086 0.000000
vt 0.779297 0.782104
vt 0.845703 0.083984
vt 0.187500 0.707520
vt 0.916016 0.462402
vt 0.920410 0.468262
vt 0.281982 0.674561
vt 0.880859 0.472656
vt 0.876953 0.466797
vt 0.883789 0.462402
vt 0.794434 0.184570
vt 0.763672 0.175293
vt 0.121948 0.497559
vt 0.315674 0.024902
vt 0.929199 0.745850
vt 0.934082 0.745850
vt 0.930664 0.750488
vt 0.758301 0.324707
vt 0.761230 0.325684
vt 0.766602 0.337402
vt 0.844727 0.097656
vt 0.849121 0.100098
vt 0.841797 0.102539
vt 0.873535 0.599854
vt 0.872559 0.614746
vt 0.870117 0.072266
vt 0.867188 0.076172
vt 0.943848 0.234863
vt 0.938477 0.242676
vt 0.932129 0.236816
vt 0.191895 0.992699
vt 0.194092 0.994591
vt 0.181396 0.994427
vt 0.680664 0.494141
vt 0.903320 0.637207
vt 0.949707 0.317383
vt 0.966309 0.303711
vt 0.967773 0.314453
vt 0.460693 0.396973
vt 0.006878 0.972824
vt 0.907227 0.685791
vt 0.909668 0.714844
vt 0.893555 0.714844
vt 0.458740 0.285645
vt 0.804688 0.135742
vt 0.137451 0.489258
vt 0.559082 0.751587
vt 0.432861 0.521729
vt 0.127441 0.970551
vt 0.125610 0.971512
vt 0.870117 0.865601
vt 0.454346 0.941620
vt 0.701660 0.815186
vt 0.706543 0.803467
vt 0.712402 0.813110
vt 0.665527 0.187500
vt 0.676758 0.180176
vt 0.789551 0.968353
vt 0.963379 0.679199
vt 0.970215 0.672852
vt 0.894043 0.586670
vt 0.891113 0.600098
vt 0.371582 0.663330
vt 0.389893 0.647461
vt 0.390869 0.672363
vt 0.764160 0.858154
vt 0.960938 0.062500
vt 0.945312 0.049805
vt 0.650391 0.832031
vt 0.665527 0.822021
vt 0.759766 0.697510
vt 0.788574 0.905762
vt 0.520996 0.978439
vt 0.521484 0.973389
vt 0.384033 0.145996
vt 0.165405 0.825806
vt 0.169922 0.817627
vt 0.844238 0.688721
vt 0.987793 0.966705
vt 0.980469 0.956024
vt 0.154663 0.553223
vt 0.165161 0.554443
vt 0.987793 0.006836
vt 0.963379 0.006836
vt 0.966797 0.000488
vt 0.273682 0.447754
vt 0.289551 0.444336
vt 0.820312 0.443359
vt 0.820312 0.435059
vt 0.121765 0.826050
vt 0.135132 0.818115
vt 0.905762 0.813965
vt 0.805176 0.840454
vt 0.786133 0.828491
vt 0.804688 0.837280
vt 0.791504 0.606934
vt 0.797852 0.596436
vt 0.792969 0.614990
vt 0.431152 0.030762
vt 0.897461 0.935852
vt 0.185425 0.826904
vt 0.176025 0.822144
vt 0.830078 0.064453
vt 0.947266 0.321777
vt 0.930664 0.318359
vt 0.945312 0.318848
vt 0.926270 0.921875
vt 0.934570 0.911804
vt 0.691406 0.792725
vt 0.678711 0.790405
vt 0.684082 0.777100
vt 0.971680 0.959167
vt 0.740723 0.196289
vt 0.730469 0.203613
vt 0.734375 0.197754
vt 0.610352 0.254883
vt 0.594727 0.246094
vt 0.602539 0.241211
vt 0.832520 0.362793
vt 0.828125 0.374512
vt 0.394043 0.424805
vt 0.402100 0.420410
vt 0.403076 0.427734
vt 0.995117 0.072754
vt 0.995117 0.103516
vt 0.969727 0.090332
vt 0.893066 0.918640
vt 0.854980 0.920898
vt 0.139648 0.804443
vt 0.230591 0.528809
vt 0.970703 0.012207
vt 0.053345 0.948578
vt 0.544922 0.662598
vt 0.233276 0.953888
vt 0.699707 0.962982
vt 0.695801 0.967163
vt 0.688965 0.598633
vt 0.703125 0.623047
vt 0.685059 0.638184
vt 0.284912 0.194336
vt 0.799805 0.847656
vt 0.803223 0.862427
vt 0.798828 0.857544
vt 0.263184 0.060059
vt 0.045776 0.965973
vt 0.043884 0.951935
vt 0.563477 0.760132
vt 0.507324 0.854736
vt 0.502441 0.859131
vt 0.180664 0.092773
vt 0.182983 0.076172
vt 0.188721 0.088379
vt 0.535645 0.064453
vt 0.526855 0.078613
vt 0.275635 0.658936
vt 0.270508 0.644531
vt 0.075317 0.656738
vt 0.837891 0.269531
vt 0.829102 0.261719
vt 0.763672 0.721924
vt 0.770508 0.715820
vt 0.767090 0.724854
vt 0.498779 0.877563
vt 0.267578 0.434082
vt 0.281250 0.435547
vt 0.081604 0.437988
vt 0.367188 0.582031
vt 0.354736 0.589355
vt 0.361328 0.569824
vt 0.777344 0.731689
vt 0.783691 0.737305
vt 0.984863 0.717529
vt 0.980469 0.880005
vt 0.973633 0.872681
vt 0.220947 0.465820
vt 0.208496 0.466797
vt 0.208008 0.444336
vt 0.949219 0.732422
vt 0.968262 0.749512
vt 0.522461 0.274902
vt 0.528809 0.282227
vt 0.240112 0.245117
vt 0.947266 0.373535
vt 0.963379 0.370117
vt 0.558105 0.514160
vt 0.691406 0.955688
vt 0.539062 0.389648
vt 0.967773 0.104004
vt 0.460449 0.270508
vt 0.463867 0.283203
vt 0.456543 0.272461
vt 0.014000 0.185547
vt 0.004635 0.177734
vt 0.010437 0.174805
vt 0.053406 0.412109
vt 0.047241 0.413086
vt 0.494629 0.224121
vt 0.490234 0.217285
vt 0.498047 0.214844
vt 0.791016 0.718506
vt 0.104309 0.105957
vt 0.090027 0.123535
vt 0.574219 0.901917
vt 0.560059 0.897095
vt 0.076294 0.677734
vt 0.598145 0.009277
vt 0.594727 0.012207
vt 0.895020 0.348145
vt 0.408203 0.100586
vt 0.401123 0.098145
vt 0.750000 0.709961
vt 0.744141 0.702148
vt 0.440430 0.808838
vt 0.714844 0.201660
vt 0.706055 0.202148
vt 0.817383 0.332031
vt 0.040497 0.419922
vt 0.048187 0.428223
vt 0.995605 0.941528
vt 0.998535 0.924683
vt 0.166504 0.168945
vt 0.163086 0.182129
vt 0.150879 0.166992
vt 0.766113 0.817383
vt 0.769043 0.822266
vt 0.764160 0.823853
vt 0.191772 0.052734
vt 0.196411 0.035645
vt 0.197021 0.054688
vt 0.950684 0.075195
vt 0.958008 0.082031
vt 0.048248 0.576172
vt 0.051025 0.560303
vt 0.058105 0.569824
vt 0.384033 0.875793
vt 0.885254 0.007812
vt 0.913086 0.007812
vt 0.893555 0.014648
vt 0.312012 0.928101
vt 0.757324 0.086914
vt 0.751953 0.085938
vt 0.756348 0.079590
vt 0.221558 0.645264
vt 0.211548 0.647949
vt 0.227051 0.474609
vt 0.211182 0.474121
vt 0.599121 0.332520
vt 0.616211 0.337402
vt 0.494629 0.599854
vt 0.700684 0.511230
vt 0.791504 0.703369
vt 0.192505 0.666992
vt 0.644531 0.283203
vt 0.775879 0.698242
vt 0.770508 0.689453
vt 0.784180 0.696777
vt 0.337158 0.127441
vt 0.410156 0.967773
vt 0.148926 0.255371
vt 0.138550 0.276855
vt 0.937988 0.720459
vt 0.933105 0.706055
vt 0.952637 0.713867
vt 0.621582 0.953125
vt 0.421387 0.844360
vt 0.955078 0.091309
vt 0.766602 0.156738
vt 0.752930 0.165039
vt 0.755371 0.152832
vt 0.128296 0.641113
vt 0.804688 0.699951
vt 0.841797 0.841064
vt 0.751953 0.909363
vt 0.763184 0.140137
vt 0.735352 0.143555
vt 0.639648 0.941010
vt 0.958984 0.651855
vt 0.711426 0.724609
vt 0.700195 0.722168
vt 0.104553 0.652344
vt 0.107483 0.646484
vt 0.126099 0.936707
vt 0.169922 0.217285
vt 0.154053 0.213867
vt 0.355225 0.330566
vt 0.268066 0.348633
vt 0.327881 0.281738
vt 0.333740 0.284180
vt 0.122314 0.121094
vt 0.274902 0.095703
vt 0.273438 0.105957
vt 0.240479 0.591309
vt 0.371826 0.786621
vt 0.385254 0.786499
vt 0.987793 0.943939
vt 0.766113 0.695312
vt 0.041168 0.638916
vt 0.860352 0.845581
vt 0.779297 0.004883
vt 0.782227 0.013184
vt 0.772949 0.012207
vt 0.207397 0.967377
vt 0.495117 0.925110
vt 0.483398 0.933960
vt 0.712402 0.957336
vt 0.329102 0.587891
vt 0.331787 0.584229
vt 0.336426 0.585693
vt 0.823242 0.021973
vt 0.081360 0.218262
vt 0.272461 0.938507
vt 0.295654 0.778198
vt 0.286133 0.779053
vt 0.004177 0.704834
vt 0.008713 0.698486
vt 0.262207 0.366211
vt 0.831055 0.061035
vt 0.201294 0.848755
vt 0.069397 0.966736
vt 0.261475 0.497070
vt 0.267090 0.508301
vt 0.072693 0.843994
vt 0.069702 0.874512
vt 0.193237 0.086914
vt 0.234253 0.454590
vt 0.222290 0.436035
vt 0.704590 0.571045
vt 0.693848 0.573730
vt 0.180420 0.068848
vt 0.186157 0.068848
vt 0.366699 0.417480
vt 0.520020 0.082031
vt 0.518066 0.079102
vt 0.431885 0.022949
vt 0.662109 0.177246
vt 0.234497 0.608398
vt 0.225830 0.605713
vt 0.127197 0.333008
vt 0.007198 0.291504
vt 0.203003 0.990784
vt 0.201904 0.988632
vt 0.978516 0.381348
vt 0.139771 0.936462
vt 0.963867 0.615723
vt 0.706543 0.046387
vt 0.715332 0.037109
vt 0.232544 0.468262
vt 0.510742 0.250488
vt 0.263184 0.472168
vt 0.865234 0.570312
vt 0.991699 0.517334
vt 0.980469 0.519775
vt 0.972656 0.497070
vt 0.368164 0.536865
vt 0.364014 0.542236
vt 0.270508 0.525635
vt 0.271729 0.528564
vt 0.261963 0.535400
vt 0.333008 0.170410
vt 0.353027 0.166016
vt 0.339111 0.179688
vt 0.031616 0.465332
vt 0.034760 0.473145
vt 0.013756 0.478027
vt 0.930664 0.314941
vt 0.944824 0.314453
vt 0.906250 0.301758
vt 0.990723 0.842285
vt 0.996094 0.834595
vt 0.998047 0.838989
vt 0.339111 0.694336
vt 0.332764 0.685791
vt 0.367920 0.695068
vt 0.933105 0.738770
vt 0.930176 0.742188
vt 0.591797 0.912781
vt 0.671387 0.942017
vt 0.684082 0.942413
vt 0.124084 0.733887
vt 0.347656 0.868774
vt 0.983398 0.618652
vt 0.976074 0.612305
vt 0.533691 0.449707
vt 0.033905 0.455078
vt 0.042450 0.445801
vt 0.045593 0.448730
vt 0.574219 0.283203
vt 0.578125 0.288574
vt 0.552246 0.291992
vt 0.371338 0.126465
vt 0.374756 0.117188
vt 0.373779 0.131836
vt 0.516113 0.008301
vt 0.047363 0.296387
vt 0.062042 0.290039
vt 0.142822 0.910828
vt 0.147217 0.905823
vt 0.151489 0.913757
vt 0.293457 0.827515
vt 0.310059 0.825562
vt 0.846680 0.260742
vt 0.885742 0.552734
vt 0.549316 0.742920
vt 0.252686 0.364258
vt 0.706055 0.243652
vt 0.600098 0.947601
vt 0.604004 0.944519
vt 0.322998 0.673096
vt 0.323975 0.676270
vt 0.314453 0.673828
vt 0.317627 0.964417
vt 0.325684 0.333984
vt 0.843750 0.274414
vt 0.847168 0.269531
vt 0.857422 0.269043
vt 0.383057 0.067871
vt 0.391113 0.069824
vt 0.754395 0.329590
vt 0.345215 0.054688
vt 0.804688 0.521240
vt 0.971680 0.324707
vt 0.979980 0.322754
vt 0.981445 0.341797
vt 0.155151 0.596924
vt 0.551758 0.027832
vt 0.548828 0.032715
vt 0.543457 0.026367
vt 0.244995 0.163086
vt 0.508301 0.439453
vt 0.511230 0.443848
vt 0.154785 0.124023
vt 0.238525 0.981567
vt 0.245605 0.983887
vt 0.241455 0.997355
vt 0.355225 0.932251
vt 0.789551 0.283203
vt 0.056335 0.899170
vt 0.489258 0.412109
vt 0.499023 0.417480
vt 0.602539 0.574707
vt 0.608398 0.561523
vt 0.610840 0.592285
vt 0.686523 0.689209
vt 0.310547 0.487793
vt 0.514648 0.831299
vt 0.863281 0.705811
vt 0.125488 0.000977
vt 0.133789 0.012695
vt 0.123169 0.017090
vt 0.318359 0.140625
vt 0.312256 0.145020
vt 0.299805 0.133789
vt 0.359863 0.383789
vt 0.355225 0.395508
vt 0.345215 0.916809
vt 0.603027 0.288086
vt 0.614746 0.292480
vt 0.118591 0.478027
vt 0.314209 0.023926
vt 0.905273 0.872437
vt 0.957520 0.928955
vt 0.403076 0.253418
vt 0.983887 0.076172
vt 0.652832 0.010742
vt 0.666992 0.007324
vt 0.658203 0.022461
vt 0.451416 0.732178
vt 0.309326 0.061035
vt 0.794922 0.090332
vt 0.786621 0.106445
vt 0.265137 0.360840
vt 0.214355 0.233398
vt 0.872559 0.136719
vt 0.985352 0.124023
vt 0.980469 0.135742
vt 0.733887 0.332031
vt 0.756348 0.332031
vt 0.747559 0.348145
vt 0.084412 0.279297
vt 0.072144 0.276855
vt 0.251221 0.106934
vt 0.430176 0.825684
vt 0.259766 0.617676
vt 0.246216 0.617188
vt 0.256348 0.612549
vt 0.735352 0.317383
vt 0.442871 0.856079
vt 0.249512 0.907166
vt 0.250000 0.898621
vt 0.255127 0.897400
vt 0.123474 0.630371
vt 0.075317 0.334961
vt 0.337891 0.563232
vt 0.332764 0.577148
vt 0.975098 0.967163
vt 0.963867 0.968414
vt 0.088684 0.944214
vt 0.090088 0.928101
vt 0.105469 0.932495
vt 0.648926 0.114746
vt 0.646973 0.141113
vt 0.933594 0.754761
vt 0.945801 0.102539
vt 0.393555 0.190918
vt 0.413330 0.188965
vt 0.241699 0.292480
vt 0.958496 0.234375
vt 0.233521 0.477051
vt 0.930176 0.248535
vt 0.063843 0.278320
vt 0.067627 0.275879
vt 0.064880 0.282715
vt 0.023041 0.072266
vt 0.021408 0.076172
vt 0.298096 0.105469
vt 0.045135 0.854248
vt 0.066284 0.842163
vt 0.478271 0.872314
vt 0.446045 0.856689
vt 0.965820 0.284180
vt 0.958496 0.289551
vt 0.960938 0.278320
vt 0.886719 0.828003
vt 0.363037 0.868164
vt 0.367920 0.861328
vt 0.963379 0.466797
vt 0.058807 0.906006
vt 0.288330 0.735107
vt 0.812988 0.552246
vt 0.798340 0.547119
vt 0.733398 0.613770
vt 0.764160 0.534668
vt 0.357666 0.409180
vt 0.234131 0.163574
vt 0.728516 0.150879
vt 0.557617 0.014648
vt 0.731934 0.660156
vt 0.738281 0.655029
vt 0.070129 0.707520
vt 0.058014 0.726807
vt 0.059082 0.695801
vt 0.235107 0.170898
vt 0.754395 0.456543
vt 0.745605 0.459473
vt 0.709473 0.846558
vt 0.715332 0.824463
vt 0.806152 0.600830
vt 0.812500 0.614014
vt 0.555664 0.977478
vt 0.663086 0.254883
vt 0.648438 0.252441
vt 0.878418 0.473633
vt 0.208374 0.812866
vt 0.209229 0.814819
vt 0.978516 0.776978
vt 0.240234 0.915527
vt 0.245361 0.906494
vt 0.842285 0.732666
vt 0.048370 0.026855
vt 0.048645 0.019043
vt 0.491943 0.447754
vt 0.498291 0.465332
vt 0.900879 0.067383
vt 0.288330 0.926758
vt 0.738281 0.521973
vt 0.752441 0.530762
vt 0.890625 0.616699
vt 0.892578 0.616943
vt 0.892090 0.622559
vt 0.117371 0.175781
vt 0.122742 0.180176
vt 0.956543 0.473633
vt 0.619141 0.264160
vt 0.618652 0.267090
vt 0.604492 0.269043
vt 0.351562 0.561279
vt 0.268555 0.140137
vt 0.331543 0.146484
vt 0.048187 0.445312
vt 0.227295 0.183105
vt 0.217651 0.195801
vt 0.211548 0.188965
vt 0.449219 0.983002
vt 0.447754 0.994286
vt 0.438232 0.983521
vt 0.309570 0.126953
vt 0.300537 0.122559
vt 0.635742 0.242676
vt 0.640137 0.253418
vt 0.197144 0.795776
vt 0.883301 0.004395
vt 0.359619 0.904114
vt 0.858398 0.744873
vt 0.780273 0.688721
vt 0.786621 0.674805
vt 0.630371 0.891663
vt 0.162476 0.764648
vt 0.160278 0.748779
vt 0.812012 0.930847
vt 0.823730 0.923706
vt 0.833496 0.930176
vt 0.004635 0.894226
vt 0.024963 0.894226
vt 0.010101 0.900574
vt 0.985840 0.641113
vt 0.203613 0.271484
vt 0.125977 0.019531
vt 0.142334 0.012207
vt 0.619629 0.978317
vt 0.611816 0.976852
vt 0.617676 0.967438
vt 0.138062 0.214355
vt 0.893555 0.960876
vt 0.888672 0.948120
vt 0.308838 0.570801
vt 0.526367 0.617188
vt 0.535156 0.623535
vt 0.520996 0.621094
vt 0.866699 0.775391
vt 0.830566 0.777344
vt 0.635254 0.521973
vt 0.628906 0.539551
vt 0.626953 0.528564
vt 0.541016 0.615479
vt 0.985840 0.536133
vt 0.507812 0.191895
vt 0.018372 0.576172
vt 0.029968 0.577881
vt 0.141846 0.119629
vt 0.860840 0.308594
vt 0.863770 0.300293
vt 0.873047 0.318359
vt 0.353516 0.653564
vt 0.333496 0.652832
vt 0.332520 0.649170
vt 0.203979 0.758789
vt 0.210815 0.759399
vt 0.224487 0.546631
vt 0.549805 0.338867
vt 0.813965 0.010254
vt 0.819336 0.003906
vt 0.823730 0.007812
vt 0.462891 0.448730
vt 0.458496 0.468750
vt 0.557129 0.990318
vt 0.818359 0.904175
vt 0.519531 0.678223
vt 0.270020 0.868652
vt 0.275879 0.844971
vt 0.280518 0.852295
vt 0.348633 0.971558
vt 0.036469 0.617432
vt 0.045105 0.628418
vt 0.337891 0.072754
vt 0.857910 0.345215
vt 0.862305 0.347168
vt 0.780273 0.720703
vt 0.373535 0.946686
vt 0.365479 0.944000
vt 0.364258 0.937012
vt 0.355957 0.733154
vt 0.493164 0.179199
vt 0.680664 0.223145
vt 0.684570 0.227051
vt 0.683105 0.229980
vt 0.520508 0.436035
vt 0.514648 0.423828
vt 0.337891 0.490234
vt 0.320557 0.490234
vt 0.420410 0.785034
vt 0.002419 0.959778
vt 0.000720 0.953430
vt 0.016342 0.960632
vt 0.407715 0.067383
vt 0.805176 0.845581
vt 0.550293 0.774658
vt 0.476074 0.962097
vt 0.475342 0.967651
vt 0.067932 0.335938
vt 0.892090 0.371094
vt 0.897949 0.376953
vt 0.895508 0.382324
vt 0.052002 0.428223
vt 0.045685 0.435547
vt 0.175903 0.562256
vt 0.704102 0.361816
vt 0.257080 0.464355
vt 0.267578 0.462402
vt 0.266846 0.468750
vt 0.303467 0.867065
vt 0.290283 0.885925
vt 0.040405 0.410156
vt 0.931152 0.677490
vt 0.932129 0.673096
vt 0.825195 0.363770
vt 0.816406 0.373535
vt 0.874512 0.462402
vt 0.867188 0.461914
vt 0.873047 0.449219
vt 0.194458 0.217285
vt 0.206909 0.218262
vt 0.869141 0.477051
vt 0.871582 0.471680
vt 0.881348 0.481445
vt 0.891113 0.385742
vt 0.883789 0.391602
vt 0.753418 0.969452
vt 0.753906 0.977966
vt 0.746582 0.980881
vt 0.851562 0.375488
vt 0.389893 0.509521
vt 0.796875 0.479004
vt 0.774414 0.478516
vt 0.797852 0.477051
vt 0.299805 0.773560
vt 0.305908 0.776855
vt 0.521484 0.359375
vt 0.520020 0.372070
vt 0.420166 0.335449
vt 0.436768 0.327148
vt 0.201172 0.869385
vt 0.236816 0.346191
vt 0.017563 0.002441
vt 0.015053 0.001465
vt 0.017471 0.000000
vt 0.915527 0.468750
vt 0.527344 0.171875
vt 0.530273 0.180664
vt 0.380859 0.291016
vt 0.370117 0.307617
vt 0.279297 0.323730
vt 0.277832 0.334473
vt 0.266846 0.329102
vt 0.373779 0.320801
vt 0.365967 0.318359
vt 0.237427 0.166504
vt 0.245117 0.166504
vt 0.238892 0.172852
vt 0.183350 0.250977
vt 0.182983 0.838379
vt 0.169678 0.825439
vt 0.875977 0.732666
vt 0.346436 0.742676
vt 0.369141 0.740234
vt 0.352783 0.756714
vt 0.385254 0.124512
vt 0.392822 0.110840
vt 0.119385 0.315918
vt 0.564453 0.543945
vt 0.571289 0.543457
vt 0.949707 0.492188
vt 0.945801 0.474121
vt 0.145996 0.677002
vt 0.287842 0.434570
vt 0.278320 0.441406
vt 0.233032 0.941559
vt 0.851074 0.160645
vt 0.863770 0.159180
vt 0.866211 0.162598
vt 0.637207 0.465820
vt 0.107849 0.555908
vt 0.647461 0.084961
vt 0.731445 0.424316
vt 0.341553 0.867188
vt 0.985352 0.799194
vt 0.693359 0.717285
vt 0.478271 0.330566
vt 0.752441 0.839966
vt 0.754395 0.828735
vt 0.232910 0.389648
vt 0.236328 0.402344
vt 0.712402 0.488770
vt 0.960938 0.671387
vt 0.551270 0.830566
vt 0.564453 0.838623
vt 0.755371 0.842407
vt 0.747070 0.844727
vt 0.846191 0.051758
vt 0.848633 0.055664
vt 0.881348 0.825195
vt 0.100464 0.166504
vt 0.100891 0.174316
vt 0.551758 0.387207
vt 0.545410 0.396484
vt 0.736328 0.777710
vt 0.731445 0.767212
vt 0.831055 0.965546
vt 0.323730 0.076172
vt 0.270020 0.235352
vt 0.825195 0.548828
vt 0.834473 0.512451
vt 0.265869 0.046875
vt 0.614746 0.284180
vt 0.617676 0.293457
vt 0.134644 0.893250
vt 0.112488 0.874878
vt 0.121582 0.867188
vt 0.473389 0.665527
vt 0.464355 0.674561
vt 0.923340 0.427246
vt 0.929199 0.435059
vt 0.957031 0.708252
vt 0.033112 0.875671
vt 0.051453 0.891052
vt 0.011772 0.889648
vt 0.785645 0.215332
vt 0.450195 0.826294
vt 0.752930 0.756348
vt 0.548340 0.876404
vt 0.016220 0.661377
vt 0.599121 0.540527
vt 0.593750 0.542236
vt 0.970215 0.283691
vt 0.870605 0.094727
vt 0.895996 0.094238
vt 0.326416 0.967255
vt 0.335693 0.963867
vt 0.524902 0.536865
vt 0.546875 0.538086
vt 0.538086 0.541260
vt 0.835938 0.849976
vt 0.659668 0.508545
vt 0.184814 0.361816
vt 0.178711 0.345703
vt 0.620117 0.123535
vt 0.788574 0.354004
vt 0.769531 0.287109
vt 0.766602 0.285645
vt 0.768555 0.275391
vt 0.222534 0.292969
vt 0.219482 0.288574
vt 0.220703 0.287109
vt 0.224854 0.288574
vt 0.713379 0.592773
vt 0.808105 0.937378
vt 0.138306 0.368164
vt 0.853516 0.837646
vt 0.328613 0.155273
vt 0.332764 0.149902
vt 0.191528 0.068359
vt 0.187988 0.062988
vt 0.205078 0.623779
vt 0.142212 0.689453
vt 0.939453 0.940887
vt 0.598633 0.064941
vt 0.908691 0.002441
vt 0.902832 0.005371
vt 0.471191 0.204590
vt 0.109314 0.978851
vt 0.417969 0.324707
vt 0.404785 0.324707
vt 0.205933 0.858276
vt 0.846680 0.471191
vt 0.818848 0.465332
vt 0.834961 0.459473
vt 0.024490 0.822754
vt 0.925293 0.070312
vt 0.917480 0.066895
vt 0.508301 0.008301
vt 0.768066 0.867676
vt 0.774414 0.882751
vt 0.729004 0.398438
vt 0.418213 0.246094
vt 0.366699 0.064453
vt 0.362305 0.052246
vt 0.375732 0.052734
vt 0.809570 0.761353
vt 0.810547 0.756958
vt 0.331299 0.625488
vt 0.004841 0.569092
vt 0.015854 0.573242
vt 0.007156 0.571289
vt 0.673828 0.208496
vt 0.044250 0.453125
vt 0.036926 0.462891
vt 0.035706 0.459961
vt 0.167725 0.627686
vt 0.451660 0.883118
vt 0.013245 0.519775
vt 0.022141 0.289551
vt 0.128296 0.693848
vt 0.009743 0.049316
vt 0.879395 0.700928
vt 0.129639 0.142578
vt 0.419678 0.507568
vt 0.336426 0.761719
vt 0.727539 0.128418
vt 0.944824 0.696777
vt 0.598633 0.182617
vt 0.376709 0.916565
vt 0.354248 0.917664
vt 0.374268 0.893188
vt 0.867188 0.872681
vt 0.762207 0.971710
vt 0.947266 0.030273
vt 0.947754 0.025391
vt 0.500000 0.480957
vt 0.419189 0.844116
vt 0.336426 0.185547
vt 0.843262 0.739746
vt 0.468018 0.362793
vt 0.461914 0.349609
vt 0.469971 0.348145
vt 0.166870 0.841431
vt 0.001162 0.689453
vt 0.001175 0.671387
vt 0.015625 0.671387
vt 0.988281 0.845947
vt 0.741699 0.551514
vt 0.757324 0.558105
vt 0.887207 0.677246
vt 0.879883 0.678223
vt 0.469727 0.411133
vt 0.992676 0.903076
vt 0.994141 0.911621
vt 0.983887 0.910400
vt 0.668457 0.303711
vt 0.072571 0.908997
vt 0.524414 0.228027
vt 0.206665 0.141602
vt 0.671875 0.069824
vt 0.668945 0.066406
vt 0.209717 0.915710
vt 0.000054 0.019531
vt 0.002956 0.010742
vt 0.002609 0.020020
vt 0.018372 0.045410
vt 0.014587 0.070312
vt 0.116943 0.183105
vt 0.104431 0.181152
vt 0.403320 0.966614
vt 0.610840 0.110352
vt 0.604492 0.112305
vt 0.413818 0.048828
vt 0.217773 0.603516
vt 0.035217 0.402832
vt 0.832520 0.164062
vt 0.823730 0.146484
vt 0.842773 0.152344
vt 0.908691 0.235352
vt 0.516113 0.397949
vt 0.709961 0.525635
vt 0.711426 0.532227
vt 0.975586 0.387207
vt 0.450439 0.327637
vt 0.454102 0.317383
vt 0.096741 0.497559
vt 0.985352 0.230469
vt 0.979980 0.228516
vt 0.513672 0.869263
vt 0.352539 0.423340
vt 0.532715 0.578613
vt 0.529297 0.558594
vt 0.274414 0.462402
vt 0.777832 0.791504
vt 0.119324 0.291016
vt 0.108154 0.294434
vt 0.104004 0.282715
vt 0.846191 0.092285
vt 0.171631 0.678711
vt 0.168335 0.697021
vt 0.573242 0.935974
vt 0.554688 0.384277
vt 0.562500 0.393555
vt 0.376709 0.923889
vt 0.376465 0.927185
vt 0.366211 0.965912
vt 0.369629 0.957703
vt 0.429443 0.191406
vt 0.425049 0.183105
vt 0.431885 0.185059
vt 0.053894 0.545166
vt 0.062164 0.545898
vt 0.895996 0.769897
vt 0.898438 0.774414
vt 0.876953 0.780273
vt 0.348633 0.431152
vt 0.643066 0.641113
vt 0.648926 0.618408
vt 0.134766 0.734131
vt 0.350586 0.035156
vt 0.354980 0.028320
vt 0.189209 0.945526
vt 0.508789 0.606201
vt 0.250244 0.561523
vt 0.973145 0.294434
vt 0.109192 0.222656
vt 0.118408 0.222656
vt 0.313721 0.602539
vt 0.341064 0.660889
vt 0.820312 0.085449
vt 0.821289 0.080078
vt 0.604492 0.066895
vt 0.906250 0.849243
vt 0.902344 0.856201
vt 0.751465 0.099609
vt 0.731934 0.109375
vt 0.884766 0.362305
vt 0.903809 0.777466
vt 0.950195 0.039551
vt 0.000716 0.968414
vt 0.008659 0.968964
vt 0.361328 0.148438
vt 0.357422 0.921387
vt 0.721191 0.203125
vt 0.130493 0.658691
vt 0.996094 0.190918
vt 0.245972 0.413574
vt 0.812988 0.126465
vt 0.109680 0.063965
vt 0.120361 0.065918
vt 0.034821 0.376465
vt 0.027496 0.375000
vt 0.070068 0.816895
vt 0.984375 0.787231
vt 0.975098 0.780273
vt 0.154297 0.353516
vt 0.774902 0.535645
vt 0.375000 0.854004
vt 0.435303 0.122559
vt 0.302002 0.077148
vt 0.391846 0.012695
vt 0.394287 0.009277
vt 0.540039 0.772095
vt 0.547363 0.772949
vt 0.625000 0.813110
vt 0.765137 0.304199
vt 0.666504 0.505615
vt 0.195923 0.526123
vt 0.198608 0.519531
vt 0.360352 0.971802
vt 0.674316 0.100098
vt 0.828613 0.513672
vt 0.826660 0.510254
vt 0.218750 0.289062
vt 0.316650 0.599609
vt 0.320557 0.603760
vt 0.132690 0.567871
vt 0.121399 0.558350
vt 0.450684 0.443848
vt 0.457031 0.453613
vt 0.073303 0.220215
vt 0.800781 0.299805
vt 0.427490 0.298340
vt 0.788574 0.715088
vt 0.981934 0.540771
vt 0.982910 0.548096
vt 0.974121 0.540283
vt 0.519043 0.439941
vt 0.897461 0.905579
vt 0.149902 0.094727
vt 0.160278 0.097656
vt 0.722656 0.113281
vt 0.716309 0.116211
vt 0.972168 0.223633
vt 0.476562 0.300781
vt 0.468506 0.297363
vt 0.393311 0.407227
vt 0.821777 0.492188
vt 0.828613 0.478516
vt 0.857910 0.291016
vt 0.541016 0.946808
vt 0.737793 0.073242
vt 0.719727 0.073730
vt 0.695312 0.238281
vt 0.108704 0.912231
vt 0.611816 0.882446
vt 0.242188 0.341309
vt 0.234741 0.344238
vt 0.411377 0.934448
vt 0.659668 0.974442
vt 0.659668 0.993446
vt 0.649902 0.993355
vt 0.772461 0.324219
vt 0.007851 0.707764
vt 0.006416 0.712158
vt 0.579590 0.619629
vt 0.589844 0.620361
vt 0.582520 0.622559
vt 0.010002 0.243652
vt 0.001466 0.258301
vt 0.000531 0.231445
vt 0.620117 0.495605
vt 0.310547 0.966827
vt 0.425293 0.042969
vt 0.423340 0.041504
vt 0.927734 0.609863
vt 0.311523 0.477539
vt 0.924316 0.738770
vt 0.924805 0.736084
vt 0.640137 0.016113
vt 0.653320 0.016113
vt 0.283447 0.643066
vt 0.668457 0.871948
vt 0.682617 0.870728
vt 0.684570 0.884277
vt 0.702637 0.878723
vt 0.721680 0.887451
vt 0.702148 0.905457
vt 0.086670 0.024902
vt 0.096191 0.029785
vt 0.086731 0.041992
vt 0.132568 0.581787
vt 0.073120 0.627686
vt 0.073059 0.634766
vt 0.370117 0.486816
vt 0.374512 0.501221
vt 0.657715 0.697021
vt 0.949219 0.705322
vt 0.709473 0.854248
vt 0.030624 0.511963
vt 0.029709 0.501465
vt 0.041595 0.508057
vt 0.997070 0.973312
vt 0.868164 0.907898
vt 0.579590 0.009277
vt 0.237671 0.151855
vt 0.590332 0.018555
vt 0.596680 0.017578
vt 0.871582 0.553223
vt 0.042175 0.238281
vt 0.043030 0.232910
vt 0.623047 0.744873
vt 0.625000 0.758545
vt 0.721191 0.053223
vt 0.027359 0.365723
vt 0.027863 0.356445
vt 0.024017 0.380371
vt 0.016785 0.387695
vt 0.240479 0.719727
vt 0.254395 0.726074
vt 0.746094 0.391602
vt 0.875000 0.937592
vt 0.869629 0.938538
vt 0.113159 0.175293
vt 0.303711 0.104492
vt 0.306641 0.104492
vt 0.481445 0.309570
vt 0.479248 0.301270
vt 0.945312 0.116211
vt 0.948242 0.131348
vt 0.941895 0.118164
vt 0.072266 0.113281
vt 0.074768 0.127930
vt 0.064880 0.120117
vt 0.901367 0.520996
vt 0.500977 0.089844
vt 0.737793 0.029785
vt 0.531250 0.166016
vt 0.518066 0.169922
vt 0.966797 0.421875
vt 0.969238 0.416992
vt 0.785156 0.021973
vt 0.815430 0.739014
vt 0.991211 0.826538
vt 0.085632 0.325684
vt 0.816406 0.175781
vt 0.149658 0.556152
vt 0.106812 0.069824
vt 0.093445 0.065430
vt 0.581055 0.020020
vt 0.512207 0.224121
vt 0.944336 0.037598
vt 0.315674 0.050781
vt 0.308838 0.057129
vt 0.304688 0.045898
vt 0.992676 0.340332
vt 0.992676 0.325195
vt 0.996582 0.318848
vt 0.064697 0.332520
vt 0.416016 0.562988
vt 0.260254 0.388184
vt 0.001059 0.856201
vt 0.011604 0.833618
vt 0.023529 0.856323
vt 0.449463 0.972397
vt 0.443115 0.977097
vt 0.889160 0.356934
vt 0.978027 0.375000
vt 0.960449 0.361816
vt 0.970703 0.359863
vt 0.168213 0.394043
vt 0.145630 0.411621
vt 0.151367 0.385742
vt 0.869141 0.351074
vt 0.910645 0.905762
vt 0.084717 0.892395
vt 0.086731 0.866943
vt 0.337402 0.955597
vt 0.931641 0.728760
vt 0.880859 0.004883
vt 0.875977 0.023438
vt 0.861328 0.009277
vt 0.747070 0.236328
vt 0.925293 0.565186
vt 0.924316 0.560303
vt 0.929199 0.561035
vt 0.777344 0.473145
vt 0.118774 0.280273
vt 0.907715 0.495605
vt 0.922852 0.507324
vt 0.901855 0.511963
vt 0.011726 0.806885
vt 0.018509 0.812134
vt 0.458008 0.229492
vt 0.548828 0.526611
vt 0.683594 0.215332
vt 0.484131 0.217773
vt 0.666016 0.490723
vt 0.012672 0.508057
vt 0.013115 0.504395
vt 0.024460 0.503906
vt 0.278809 0.988335
vt 0.273193 0.991089
vt 0.680176 0.908691
vt 0.845703 0.419434
vt 0.630371 0.857056
vt 0.979980 0.183594
vt 0.990723 0.179688
vt 0.989258 0.183105
vt 0.066223 0.582764
vt 0.075195 0.581787
vt 0.942383 0.104492
vt 0.926758 0.099121
vt 0.423340 0.395020
vt 0.209229 0.981445
vt 0.200684 0.983643
vt 0.080200 0.491211
vt 0.085571 0.505371
vt 0.074890 0.492676
vt 0.655273 0.487793
vt 0.850098 0.897156
vt 0.298340 0.138184
vt 0.281982 0.133789
vt 0.276611 0.128906
vt 0.072998 0.100098
vt 0.445557 0.863159
vt 0.407959 0.704834
vt 0.934570 0.657715
vt 0.932617 0.663330
vt 0.770508 0.301270
vt 0.765137 0.297363
vt 0.757324 0.272461
vt 0.748535 0.281250
vt 0.803711 0.069824
vt 0.807617 0.053223
vt 0.605469 0.009766
vt 0.523438 0.498535
vt 0.513184 0.488281
vt 0.521484 0.492188
vt 0.503906 0.286621
vt 0.504883 0.279785
vt 0.801270 0.446289
vt 0.805664 0.444824
vt 0.076599 0.576416
vt 0.092407 0.126465
vt 0.128174 0.335449
vt 0.409668 0.806641
vt 0.401855 0.791504
vt 0.948242 0.243164
vt 0.094727 0.576172
vt 0.104980 0.564453
vt 0.191650 0.473145
vt 0.187378 0.469727
vt 0.075623 0.604492
vt 0.575195 0.197754
vt 0.575195 0.214844
vt 0.563965 0.208984
vt 0.141724 0.098633
vt 0.524902 0.217773
vt 0.133301 0.797974
vt 0.177979 0.986389
vt 0.090881 0.590088
vt 0.821289 0.943573
vt 0.622559 0.337891
vt 0.253906 0.906433
vt 0.261719 0.897766
vt 0.759277 0.599854
vt 0.753906 0.602783
vt 0.827148 0.423828
vt 0.352539 0.572510
vt 0.357666 0.709473
vt 0.347656 0.718506
vt 0.552734 0.523438
vt 0.409424 0.246094
vt 0.465332 0.820923
vt 0.065918 0.940369
vt 0.971680 0.245605
vt 0.950195 0.243652
vt 0.034119 0.411133
vt 0.011856 0.738770
vt 0.017136 0.735840
vt 0.570312 0.831543
vt 0.882812 0.940247
vt 0.109680 0.449219
vt 0.110413 0.473633
vt 0.891602 0.328125
vt 0.904785 0.324219
vt 0.894043 0.335449
vt 0.205444 0.995754
vt 0.202515 0.995537
vt 0.290771 0.154297
vt 0.278564 0.155762
vt 0.298340 0.160156
vt 0.296631 0.148438
vt 0.072693 0.881470
vt 0.067993 0.882751
vt 0.097412 0.607178
vt 0.101746 0.613281
vt 0.595215 0.282227
vt 0.490723 0.765991
vt 0.481934 0.758667
vt 0.395752 0.162598
vt 0.887207 0.059570
vt 0.892090 0.041016
vt 0.322021 0.578857
vt 0.128540 0.687500
vt 0.511719 0.701660
vt 0.519531 0.710205
vt 0.848633 0.822754
vt 0.355957 0.321777
vt 0.483154 0.460938
vt 0.474609 0.477539
vt 0.996094 0.397461
vt 0.998535 0.404785
vt 0.984375 0.402832
vt 0.711426 0.587646
vt 0.930664 0.860229
vt 0.932129 0.848511
vt 0.939453 0.853394
vt 0.209839 0.330566
vt 0.186890 0.377441
vt 0.180298 0.404785
vt 0.757324 0.893005
vt 0.760254 0.906677
vt 0.417480 0.466309
vt 0.044617 0.067383
vt 0.031204 0.083984
vt 0.027130 0.079102
vt 0.331543 0.419434
vt 0.322266 0.411133
vt 0.321045 0.165527
vt 0.981445 0.439453
vt 0.290527 0.313477
vt 0.303467 0.301758
vt 0.303467 0.310547
vt 0.746094 0.321777
vt 0.604980 0.930115
vt 0.289795 0.490234
vt 0.272461 0.491211
vt 0.287598 0.476074
vt 0.685059 0.070801
vt 0.687988 0.064453
vt 0.600098 0.621338
vt 0.589844 0.623291
vt 0.447510 0.159180
vt 0.705078 0.995777
vt 0.696289 0.985016
vt 0.709961 0.989540
vt 0.001135 0.358887
vt 0.328369 0.976028
vt 0.031036 0.283691
vt 0.016403 0.278809
vt 0.289062 0.294922
vt 0.161621 0.359375
vt 0.143555 0.368164
vt 0.496582 0.110840
vt 0.535645 0.562744
vt 0.544434 0.568604
vt 0.409180 0.844971
vt 0.717773 0.363281
vt 0.575684 0.767456
vt 0.533203 0.280273
vt 0.543457 0.286621
vt 0.492676 0.289551
vt 0.562012 0.039062
vt 0.513184 0.345215
vt 0.637207 0.489258
vt 0.399658 0.556885
vt 0.882324 0.820190
vt 0.177734 0.098145
vt 0.256104 0.745361
vt 0.757324 0.657471
vt 0.635254 0.001953
vt 0.635254 0.016602
vt 0.622559 0.015137
vt 0.755371 0.213867
vt 0.700684 0.241699
vt 0.298096 0.506348
vt 0.308838 0.014648
vt 0.195312 0.005371
vt 0.196411 0.020996
vt 0.195312 0.013672
vt 0.457520 0.010742
vt 0.460205 0.010742
vt 0.464600 0.010742
vt 0.815430 0.759766
vt 0.820312 0.765503
vt 0.306152 0.916809
vt 0.869141 0.295410
vt 0.770020 0.167480
vt 0.363525 0.033203
vt 0.369873 0.022461
vt 0.370605 0.031250
vt 0.877441 0.941986
vt 0.801758 0.876953
vt 0.795410 0.862427
vt 0.870117 0.120117
vt 0.860840 0.125488
vt 0.920898 0.721191
vt 0.612305 0.345215
vt 0.336182 0.210938
vt 0.340088 0.202637
vt 0.343506 0.214355
vt 0.684570 0.522949
vt 0.298584 0.862183
vt 0.590332 0.012695
vt 0.022324 0.372070
vt 0.724609 0.198730
vt 0.448486 0.934570
vt 0.554199 0.166992
vt 0.147095 0.961670
vt 0.635742 0.419434
vt 0.658691 0.414062
vt 0.808594 0.143555
vt 0.198853 0.626221
vt 0.076782 0.536377
vt 0.661621 0.035156
vt 0.352783 0.209961
vt 0.734863 0.815674
vt 0.331543 0.775269
vt 0.132202 0.480469
vt 0.097046 0.199219
vt 0.092041 0.203125
vt 0.035126 0.228516
vt 0.556641 0.766602
vt 0.550781 0.759521
vt 0.125000 0.674316
vt 0.165527 0.090332
vt 0.036041 0.113770
vt 0.045105 0.114746
vt 0.507812 0.765503
vt 0.546875 0.563721
vt 0.557129 0.575928
vt 0.241821 0.163574
vt 0.406494 0.015625
vt 0.332031 0.184570
vt 0.331543 0.206055
vt 0.328369 0.197754
vt 0.498535 0.009766
vt 0.503906 0.007324
vt 0.884766 0.257812
vt 0.606934 0.403320
vt 0.168335 0.707520
vt 0.473145 0.092285
vt 0.897461 0.589844
vt 0.895508 0.604736
vt 0.927734 0.831909
vt 0.933105 0.826050
vt 0.964355 0.587402
vt 0.557129 0.360352
vt 0.572266 0.379883
vt 0.770996 0.290527
vt 0.488281 0.136230
vt 0.922852 0.029297
vt 0.916992 0.023926
vt 0.807129 0.876038
vt 0.634277 0.367676
vt 0.673828 0.404785
vt 0.636230 0.377441
vt 0.434814 0.886902
vt 0.366211 0.022949
vt 0.357910 0.020020
vt 0.477539 0.557129
vt 0.487061 0.574707
vt 0.896484 0.682617
vt 0.353271 0.429199
vt 0.369629 0.433105
vt 0.328369 0.949188
vt 0.368652 0.970032
vt 0.432373 0.563232
vt 0.443604 0.593994
vt 0.783203 0.715820
vt 0.767090 0.534912
vt 0.804688 0.630615
vt 0.304932 0.346680
vt 0.329346 0.215332
vt 0.535645 0.378418
vt 0.061157 0.640625
vt 0.148438 0.670166
vt 0.130737 0.394043
vt 0.303711 0.823120
vt 0.703613 0.761230
vt 0.314209 0.046387
vt 0.756348 0.286621
vt 0.756836 0.284668
vt 0.276367 0.429199
vt 0.860840 0.934814
vt 0.736328 0.371094
vt 0.174805 0.070312
vt 0.373291 0.027832
vt 0.375244 0.036621
vt 0.085693 0.798462
vt 0.094299 0.803345
vt 0.729980 0.635254
vt 0.303223 0.632812
vt 0.404785 0.875488
vt 0.854980 0.134766
vt 0.798828 0.216797
vt 0.794922 0.212891
vt 0.086853 0.718262
vt 0.782227 0.564453
vt 0.831055 0.914978
vt 0.830566 0.921570
vt 0.764648 0.279785
vt 0.234863 0.692383
vt 0.977539 0.180176
vt 0.450195 0.914795
vt 0.460449 0.924561
vt 0.449951 0.923401
vt 0.016983 0.926147
vt 0.390625 0.685547
vt 0.793457 0.773071
vt 0.841309 0.244629
vt 0.664062 0.754395
vt 0.952637 0.862061
vt 0.608887 0.765015
vt 0.180908 0.848145
vt 0.708496 0.381836
vt 0.558105 0.083496
vt 0.455566 0.888916
vt 0.392334 0.794922
vt 0.393555 0.803589
vt 0.166626 0.995235
vt 0.160767 0.977112
vt 0.167969 0.976166
vt 0.297607 0.048828
vt 0.295898 0.049316
vt 0.708984 0.553955
vt 0.685547 0.919922
vt 0.656250 0.955261
vt 0.470215 0.781128
vt 0.438232 0.776855
vt 0.452637 0.772217
vt 0.831543 0.091797
vt 0.487793 0.262207
vt 0.296143 0.070312
vt 0.791016 0.436523
vt 0.899902 0.781860
vt 0.882324 0.788696
vt 0.038483 0.065430
vt 0.017731 0.437988
vt 0.029404 0.440430
vt 0.881348 0.736816
vt 0.192261 0.062500
vt 0.602539 0.045898
vt 0.879883 0.605469
vt 0.878418 0.614014
vt 0.184204 0.758179
vt 0.929199 0.880493
vt 0.932617 0.862549
vt 0.907227 0.043457
vt 0.599121 0.807739
vt 0.096924 0.399902
vt 0.519043 0.924072
vt 0.868652 0.772705
vt 0.106567 0.635986
vt 0.093018 0.621826
vt 0.102295 0.623047
vt 0.379150 0.467773
vt 0.708496 0.288574
vt 0.730469 0.289062
vt 0.773438 0.773560
vt 0.573242 0.624268
vt 0.707031 0.384277
vt 0.703125 0.398438
vt 0.701660 0.391602
vt 0.872559 0.543457
vt 0.513672 0.928162
vt 0.525879 0.927429
vt 0.942871 0.183105
vt 0.668457 0.612793
vt 0.331787 0.128418
vt 0.236328 0.974548
vt 0.404785 0.347656
vt 0.391602 0.348633
vt 0.864258 0.823730
vt 0.846680 0.828491
vt 0.347168 0.390625
vt 0.357666 0.374512
vt 0.467285 0.027344
vt 0.467041 0.018066
vt 0.470703 0.020996
vt 0.409668 0.226562
vt 0.406006 0.235840
vt 0.349121 0.471191
vt 0.581543 0.152832
vt 0.692383 0.680176
vt 0.000775 0.021973
vt 0.002468 0.031738
vt 0.000541 0.033203
vt 0.927246 0.554932
vt 0.924805 0.319336
vt 0.689941 0.479980
vt 0.879883 0.305176
vt 0.876465 0.312012
vt 0.399414 0.995537
vt 0.647949 0.762329
vt 0.648926 0.774780
vt 0.691895 0.198730
vt 0.335205 0.010742
vt 0.323730 0.015625
vt 0.348877 0.769897
vt 0.150024 0.073730
vt 0.680176 0.061523
vt 0.607910 0.045898
vt 0.353516 0.541260
vt 0.439453 0.035156
vt 0.539062 0.133301
vt 0.181030 0.430176
vt 0.884766 0.287109
vt 0.863281 0.282227
vt 0.938477 0.829224
vt 0.942871 0.833374
vt 0.628418 0.799805
vt 0.200195 0.978104
vt 0.873535 0.468262
vt 0.334717 0.394043
vt 0.808105 0.704346
vt 0.817871 0.709961
vt 0.406250 0.217285
vt 0.412842 0.223633
vt 0.982422 0.432617
vt 0.218994 0.584229
vt 0.225952 0.647949
vt 0.320312 0.990730
vt 0.324463 0.993443
vt 0.546387 0.945526
vt 0.554688 0.949219
vt 0.960938 0.500244
vt 0.968262 0.508789
vt 0.500977 0.150879
vt 0.638184 0.259277
vt 0.645996 0.255859
vt 0.422607 0.449219
vt 0.267090 0.201172
vt 0.498291 0.386719
vt 0.545898 0.510010
vt 0.530273 0.510010
vt 0.530273 0.497559
vt 0.950684 0.158203
vt 0.958008 0.156250
vt 0.511230 0.008789
vt 0.321533 0.703613
vt 0.322266 0.690186
vt 0.313965 0.716064
vt 0.385742 0.924255
vt 0.657227 0.163574
vt 0.945312 0.793579
vt 0.952148 0.800293
vt 0.783691 0.508789
vt 0.793457 0.483887
vt 0.800781 0.505615
vt 0.070496 0.408691
vt 0.473633 0.341309
vt 0.276855 0.779419
vt 0.915039 0.601807
vt 0.907227 0.593994
vt 0.047760 0.179199
vt 0.054932 0.180664
vt 0.298584 0.703369
vt 0.605469 0.230469
vt 0.900391 0.476074
vt 0.009048 0.999784
vt 0.777832 0.243652
vt 0.844727 0.422852
vt 0.634766 0.252441
vt 0.629395 0.252930
vt 0.698730 0.287598
vt 0.704590 0.292480
vt 0.141113 0.339355
vt 0.145020 0.316406
vt 0.620605 0.055664
vt 0.332764 0.531982
vt 0.019150 0.606934
vt 0.996582 0.912659
vt 1.000000 0.911926
vt 0.295166 0.854736
vt 0.291016 0.848999
vt 0.825684 0.741943
vt 0.816406 0.730957
vt 0.934570 0.056152
vt 0.942871 0.544434
vt 0.937012 0.540771
vt 0.447021 0.164551
vt 0.468506 0.169434
vt 0.458496 0.614746
vt 0.449951 0.611816
vt 0.117981 0.697754
vt 0.237427 0.626221
vt 0.225464 0.638672
vt 0.956055 0.766968
vt 0.760742 0.887695
vt 0.379639 0.187988
vt 0.054779 0.185547
vt 0.172974 0.781006
vt 0.191284 0.792236
vt 0.338623 0.385742
vt 0.865234 0.635010
vt 0.861328 0.625244
vt 0.480957 0.171875
vt 0.966309 0.726318
vt 0.645996 0.212402
vt 0.838867 0.567627
vt 0.509277 0.278809
vt 0.997559 0.131836
vt 0.984375 0.135742
vt 0.990723 0.119141
vt 0.265625 0.945618
vt 0.246948 0.929993
vt 0.399658 0.958862
vt 0.410889 0.962799
vt 0.401123 0.961853
vt 0.193481 0.445312
vt 0.529785 0.967285
vt 0.522949 0.961060
vt 0.526855 0.978699
vt 0.625488 0.256348
vt 0.925781 0.828735
vt 0.927734 0.826050
vt 0.030426 0.947540
vt 0.555664 0.485840
vt 0.733398 0.324219
vt 0.003826 0.741699
vt 0.004787 0.744873
vt 0.555664 0.162109
vt 0.569824 0.155273
vt 0.577148 0.164551
vt 0.666504 0.840210
vt 0.468018 0.881775
vt 0.329834 0.320312
vt 0.329346 0.328125
vt 0.045013 0.487305
vt 0.064087 0.507080
vt 0.051056 0.502197
vt 0.911621 0.301758
vt 0.915039 0.293945
vt 0.048126 0.378418
vt 0.533691 0.324219
vt 0.527344 0.319336
vt 0.953125 0.690186
vt 0.773438 0.559570
vt 0.764160 0.914062
vt 0.750977 0.924438
vt 0.860352 0.221680
vt 0.867676 0.220703
vt 0.112305 0.017578
vt 0.099548 0.023438
vt 0.099548 0.009766
vt 0.319336 0.201172
vt 0.292236 0.302246
vt 0.255127 0.584961
vt 0.666504 0.063965
vt 0.033264 0.280762
vt 0.326172 0.992283
vt 0.527344 0.604004
vt 0.672363 0.033691
vt 0.684082 0.021973
vt 0.686523 0.033691
vt 0.788574 0.553223
vt 0.251465 0.037109
vt 0.250244 0.033691
vt 0.011482 0.561279
vt 0.011284 0.542969
vt 0.776367 0.487305
vt 0.066101 0.578613
vt 0.890625 0.428711
vt 0.122437 0.314941
vt 0.941406 0.683838
vt 0.156982 0.765625
vt 0.838867 0.558105
vt 0.833496 0.570312
vt 0.824219 0.555664
vt 0.917480 0.113281
vt 0.424072 0.358398
vt 0.481201 0.616455
vt 0.477783 0.634521
vt 0.816895 0.072754
vt 0.845215 0.579590
vt 0.838867 0.581055
vt 0.842285 0.933044
vt 0.404297 0.407227
vt 0.317871 0.325684
vt 0.390137 0.391113
vt 0.538574 0.524902
vt 0.529785 0.534912
vt 0.536621 0.522705
vt 0.853027 0.348145
vt 0.143188 0.555420
vt 0.942871 0.649414
vt 0.975586 0.661133
vt 0.936523 0.662354
vt 0.977539 0.255371
vt 0.824219 0.027344
vt 0.807129 0.025879
vt 0.807129 0.014648
vt 0.567383 0.202148
vt 0.087891 0.627197
vt 0.036438 0.244629
vt 0.378906 0.026367
vt 0.215820 0.514893
vt 0.205933 0.515137
vt 0.363770 0.928772
vt 0.357422 0.932129
vt 0.802246 0.690430
vt 0.801270 0.678223
vt 0.814941 0.681396
vt 0.567871 0.400879
vt 0.084717 0.841309
vt 0.520996 0.966644
vt 0.765137 0.186523
vt 0.306885 0.206055
vt 0.684570 0.197754
vt 0.681641 0.200195
vt 0.231689 0.643066
vt 0.127441 0.684570
vt 0.072510 0.949585
vt 0.874023 0.350098
vt 0.218872 0.609131
vt 0.056915 0.028809
vt 0.059845 0.031738
vt 0.348633 0.060059
vt 0.335938 0.058105
vt 0.260986 0.792358
vt 0.245972 0.610596
vt 0.239136 0.605713
vt 0.209839 0.191895
vt 0.976074 0.210449
vt 0.981445 0.193359
vt 0.986328 0.210449
vt 0.912109 0.312500
vt 0.416748 0.427246
vt 0.417236 0.418945
vt 0.419922 0.429199
vt 0.576172 0.378418
vt 0.306885 0.167969
vt 0.302490 0.178711
vt 0.854980 0.011230
vt 0.858398 0.016602
vt 0.854980 0.020020
vt 0.196533 0.189453
vt 0.027328 0.622070
vt 0.200562 0.011719
vt 0.529785 0.344238
vt 0.491455 0.106934
vt 0.433350 0.889221
vt 0.334961 0.197754
vt 0.485596 0.600830
vt 0.492676 0.610107
vt 0.374268 0.882385
vt 0.135132 0.164062
vt 0.142822 0.175781
vt 0.133057 0.170898
vt 0.604980 0.683594
vt 0.380859 0.009766
vt 0.733887 0.699707
vt 0.710938 0.700439
vt 0.595215 0.148926
vt 0.341553 0.871948
vt 0.336426 0.867554
vt 0.249268 0.071289
vt 0.708496 0.799438
vt 0.719238 0.796997
vt 0.980957 0.567871
vt 0.992676 0.568359
vt 0.199219 0.757690
vt 0.615723 0.798828
vt 0.451904 0.683838
vt 0.456055 0.680908
vt 0.819824 0.681885
vt 0.814941 0.675049
vt 0.701660 0.337891
vt 0.989258 0.010254
vt 0.975098 0.014648
vt 0.973633 0.009277
vt 0.630371 0.734131
vt 0.876465 0.773193
vt 0.033936 0.669678
vt 0.765625 0.739014
vt 0.758301 0.753296
vt 0.038940 0.198242
vt 0.031799 0.199219
vt 0.038422 0.195312
vt 0.212769 0.085449
vt 0.424072 0.510742
vt 0.637695 0.410645
vt 0.298828 0.246582
vt 0.292969 0.269043
vt 0.360352 0.073730
vt 0.352783 0.062988
vt 0.027740 0.453125
vt 0.858398 0.533691
vt 0.912109 0.988853
vt 0.939453 0.971298
vt 0.942383 0.989342
vt 0.784180 0.085449
vt 0.317871 0.936646
vt 0.504883 0.421875
vt 0.506348 0.415527
vt 0.759766 0.080078
vt 0.097717 0.179688
vt 0.094971 0.180176
vt 0.020721 0.353027
vt 0.030457 0.353027
vt 0.022202 0.354980
vt 0.232666 0.195312
vt 0.936035 0.003906
vt 0.918945 0.006836
vt 0.922852 0.002441
vt 0.832520 0.585205
vt 0.290039 0.106445
vt 0.279541 0.099609
vt 0.283691 0.095703
vt 0.396240 0.687256
vt 0.064697 0.685547
vt 0.687012 0.411621
vt 0.778320 0.901672
vt 0.774414 0.906555
vt 0.772949 0.901184
vt 0.659668 0.029785
vt 0.528320 0.981140
vt 0.518555 0.994778
vt 0.518555 0.981796
vt 0.738770 0.880127
vt 0.690918 0.928162
vt 0.707031 0.926208
vt 0.113342 0.441406
vt 0.076477 0.204590
vt 0.860840 0.461914
vt 0.741211 0.067383
vt 0.748047 0.054688
vt 0.743652 0.071777
vt 0.438721 0.355469
vt 0.664062 0.984467
vt 0.898926 0.759766
vt 0.198730 0.997883
vt 0.727539 0.705566
vt 0.177124 0.714844
vt 0.627930 0.933655
vt 0.283936 0.282715
vt 0.912109 0.115234
vt 0.943848 0.918762
vt 0.381348 0.373535
vt 0.291260 0.970169
vt 0.982422 0.458984
vt 0.981445 0.456543
vt 0.986816 0.458496
vt 0.820801 0.621826
vt 0.828613 0.628418
vt 0.730957 0.253418
vt 0.437256 0.463867
vt 0.434814 0.478027
vt 0.907715 0.133301
vt 0.649902 0.970581
vt 0.947266 0.247559
vt 0.332031 0.382812
vt 0.323242 0.371582
vt 0.330078 0.370605
vt 0.998535 0.990593
vt 0.990234 0.993404
vt 0.458740 0.003906
vt 0.410889 0.465820
vt 0.033325 0.435547
vt 0.197144 0.312988
vt 0.206909 0.304199
vt 0.895996 0.729492
vt 0.825684 0.865967
vt 0.574219 0.173828
vt 0.584473 0.164062
vt 0.366211 0.950867
vt 0.118713 0.645752
vt 0.941406 0.549072
vt 0.555176 0.591064
vt 0.372803 0.423828
vt 0.981445 0.651367
vt 0.974609 0.652588
vt 0.302246 0.970871
vt 0.462891 0.443848
vt 0.082153 0.488770
vt 0.080994 0.468262
vt 0.976562 0.107910
vt 0.983887 0.102051
vt 0.474854 0.256348
vt 0.833008 0.958740
vt 0.816406 0.958496
vt 0.834961 0.945709
vt 0.308350 0.677246
vt 0.411377 0.433594
vt 0.422363 0.276855
vt 0.480225 0.120117
vt 0.371338 0.671143
vt 0.844238 0.390625
vt 0.856934 0.035156
vt 0.874023 0.033203
vt 0.726074 0.787231
vt 0.535156 0.330566
vt 0.389404 0.572266
vt 0.823242 0.279297
vt 0.313965 0.227051
vt 0.901855 0.735107
vt 0.811523 0.009766
vt 0.652344 0.108887
vt 0.777344 0.828613
vt 0.298828 0.576172
vt 0.518066 0.866577
vt 0.852539 0.986824
vt 0.922363 0.735840
vt 0.560547 0.707520
vt 0.553223 0.714355
vt 0.886719 0.681396
vt 0.902832 0.828247
vt 0.206299 0.535400
vt 0.046356 0.822144
vt 0.810059 0.923950
vt 0.118652 0.471191
vt 0.117310 0.458496
vt 0.347656 0.288086
vt 0.288086 0.882812
vt 0.932617 0.569580
vt 0.629395 0.106445
vt 0.622070 0.099609
vt 0.802734 0.440918
vt 0.895996 0.836304
vt 0.898926 0.886658
vt 0.136841 0.554688
vt 0.379639 0.920227
vt 0.229858 0.687988
vt 0.983398 0.178711
vt 0.579590 0.031738
vt 0.340820 0.510986
vt 0.854492 0.056152
vt 0.354248 0.187012
vt 0.741699 0.718750
vt 0.460693 0.014160
vt 0.231201 0.067871
vt 0.223633 0.062012
vt 0.083435 0.215332
vt 0.087158 0.205078
vt 0.947754 0.009277
vt 0.964355 0.010254
vt 0.687500 0.570312
vt 0.666504 0.578369
vt 0.435059 0.095703
vt 0.995605 0.689697
vt 0.982422 0.687256
vt 0.991699 0.684570
vt 0.023026 0.777344
vt 0.379883 0.032715
vt 0.005688 0.824219
vt 0.696777 0.856445
vt 0.971191 0.941711
vt 0.510254 0.880493
vt 0.357666 0.014160
vt 0.363525 0.010742
vt 0.082336 0.785400
vt 0.670898 0.240723
vt 0.676758 0.250977
vt 0.509277 0.134766
vt 0.511230 0.123047
vt 0.021957 0.527832
vt 0.706543 0.237305
vt 0.849609 0.841553
vt 0.454590 0.038086
vt 0.765625 0.663086
vt 0.784180 0.658447
vt 0.424561 0.676025
vt 0.347900 0.408203
vt 0.902344 0.998938
vt 0.077332 0.839722
vt 0.430908 0.491211
vt 0.217651 0.177734
vt 0.315918 0.798462
vt 0.428711 0.995846
vt 0.424561 0.989021
vt 0.434570 0.978058
vt 0.741211 0.114258
vt 0.028915 0.945190
vt 0.250488 0.620605
vt 0.257324 0.628418
vt 0.970215 0.739990
vt 0.750488 0.156738
vt 0.964844 0.260742
vt 0.817383 0.727539
vt 0.865723 0.260254
vt 0.423096 0.254395
vt 0.808594 0.135742
vt 0.360596 0.154785
vt 0.353516 0.156738
vt 0.075806 0.338379
vt 0.073181 0.554443
vt 0.066895 0.570068
vt 0.380859 0.321289
vt 0.406738 0.321289
vt 0.390137 0.325684
vt 0.768066 0.309082
vt 0.149902 0.161621
vt 0.154785 0.161621
vt 0.443359 0.492676
vt 0.462646 0.499512
vt 0.446045 0.499512
vt 0.750977 0.995804
vt 0.761719 0.996923
vt 0.096741 0.149902
vt 0.492676 0.155762
vt 0.486328 0.151367
vt 0.290527 0.823730
vt 0.074768 0.862671
vt 0.604004 0.975891
vt 0.609375 0.969147
vt 0.786133 0.534912
vt 0.793457 0.541504
vt 0.783203 0.661377
vt 0.764160 0.656494
vt 0.062622 0.479492
vt 0.818359 0.693604
vt 0.938477 0.004883
vt 0.943359 0.000488
vt 0.949707 0.002441
vt 0.231567 0.020020
vt 0.232910 0.022949
vt 0.223999 0.022949
vt 0.654297 0.742432
vt 0.247437 0.602783
vt 0.249390 0.599121
vt 0.027725 0.294922
vt 0.381592 0.807251
vt 0.237183 0.527588
vt 0.048065 0.679932
vt 0.893066 0.875671
vt 0.359619 0.046387
vt 0.361816 0.047363
vt 0.872070 0.567383
vt 0.973145 0.375977
vt 0.973145 0.399414
vt 0.018158 0.125488
vt 0.883301 0.357422
vt 0.880859 0.691895
vt 0.281006 0.771973
vt 0.253174 0.069824
vt 0.249634 0.058105
vt 0.254150 0.059570
vt 0.087158 0.736572
vt 0.375488 0.553711
vt 0.354492 0.561523
vt 0.030411 0.287598
vt 0.007717 0.287598
vt 0.016144 0.282227
vt 0.304932 0.565918
vt 0.027390 0.526611
vt 0.025925 0.531494
vt 0.216675 0.054688
vt 0.142578 0.161133
vt 0.605469 0.471191
vt 0.619629 0.474609
vt 0.450195 0.863037
vt 0.450928 0.874634
vt 0.941406 0.629639
vt 0.176392 0.844116
vt 0.176147 0.849976
vt 0.174072 0.847656
vt 0.192139 0.326660
vt 0.631348 0.476562
vt 0.743652 0.948151
vt 0.749023 0.932861
vt 0.160156 0.036133
vt 0.228394 0.672363
vt 0.115173 0.854004
vt 0.128418 0.854980
vt 0.139526 0.041992
vt 0.617188 0.049316
vt 0.625000 0.049805
vt 0.616699 0.054199
vt 0.802734 0.023926
vt 0.038483 0.778809
vt 0.985840 0.222168
vt 0.394531 0.247070
vt 0.376709 0.246582
vt 0.444580 0.083496
vt 0.441162 0.083984
vt 0.443604 0.075684
vt 0.924316 0.457031
vt 0.931152 0.459961
vt 0.022232 0.616943
vt 0.592285 0.138672
vt 0.852051 0.574707
vt 0.195435 0.679688
vt 0.719727 0.537598
vt 0.221436 0.582520
vt 0.937012 0.845459
vt 0.603516 0.612305
vt 0.553711 0.300293
vt 0.228394 0.491699
vt 0.224854 0.476562
vt 0.505371 0.453125
vt 0.767578 0.922852
vt 0.761230 0.936279
vt 0.407471 0.979416
vt 0.229858 0.265137
vt 0.677246 0.931152
vt 0.929688 0.532227
vt 0.628906 0.921326
vt 0.641113 0.927612
vt 0.176270 0.585205
vt 0.924805 0.193359
vt 0.054169 0.240234
vt 0.216797 0.830444
vt 0.213501 0.817993
vt 0.643555 0.734375
vt 0.408691 0.965302
vt 0.125244 0.309082
vt 0.809570 0.688477
vt 0.996582 0.914490
vt 0.404541 0.824097
vt 0.797363 0.245605
vt 0.717773 0.447754
vt 0.411377 0.177246
vt 0.416016 0.175293
vt 0.879883 0.061035
vt 0.671387 0.401367
vt 0.662598 0.410645
vt 0.932129 0.439453
vt 0.742676 0.685303
vt 0.680664 0.081055
vt 0.949707 0.829102
vt 0.983398 0.817383
vt 0.970215 0.830811
vt 0.953125 0.567139
vt 0.259033 0.605469
vt 0.270020 0.784912
vt 0.242188 0.177734
vt 0.071411 0.899658
vt 0.729004 0.295410
vt 0.756836 0.069824
vt 0.610840 0.746094
vt 0.217896 0.153320
vt 0.441650 0.702637
vt 0.095337 0.334961
vt 0.096252 0.337402
vt 0.052155 0.989410
vt 0.047485 0.997982
vt 0.043793 0.977524
vt 0.761230 0.717529
vt 0.748047 0.714844
vt 0.758301 0.709473
vt 0.227661 0.815674
vt 0.743164 0.209473
vt 0.625488 0.627441
vt 0.122375 0.727295
vt 0.549316 0.486816
vt 0.685059 0.997265
vt 0.690918 0.990959
vt 0.690918 0.995724
vt 0.177856 0.154785
vt 0.479980 0.177734
vt 0.186279 0.965485
vt 0.188721 0.963470
vt 0.012093 0.475098
vt 0.005226 0.453613
vt 0.031403 0.457520
vt 0.276123 0.996887
vt 0.505371 0.523193
vt 0.005188 0.645264
vt 0.790039 0.587646
vt 0.796875 0.584473
vt 0.798828 0.591064
vt 0.194214 0.704834
vt 0.761230 0.679688
vt 0.128296 0.191406
vt 0.341309 0.698975
vt 0.734375 0.675293
vt 0.506836 0.091309
vt 0.054626 0.011230
vt 0.112671 0.320801
vt 0.144653 0.068848
vt 0.902832 0.446777
vt 0.037933 0.634521
vt 0.811035 0.262695
vt 0.440186 0.815430
vt 0.002642 0.579346
vt 0.914062 0.120117
vt 0.241699 0.568604
vt 0.155640 0.080078
vt 0.177002 0.075195
vt 0.719727 0.618652
vt 0.695312 0.589111
vt 0.487305 0.944275
vt 0.641113 0.025391
vt 0.290283 0.164062
vt 0.190186 0.713135
vt 0.674316 0.109375
vt 0.652832 0.567139
vt 0.312744 0.735352
vt 0.974121 0.454590
vt 0.991211 0.430664
vt 0.999023 0.453125
vt 0.686523 0.771606
vt 0.763672 0.338867
vt 0.663086 0.888794
vt 0.968262 0.951599
vt 0.304932 0.360840
vt 0.367920 0.987030
vt 0.261475 0.059082
vt 0.555176 0.324219
vt 0.034790 0.295410
vt 0.092163 0.398926
vt 0.080383 0.411621
vt 0.079346 0.825317
vt 0.895020 0.849609
vt 0.898926 0.858521
vt 0.896973 0.862915
vt 0.280518 0.333984
vt 0.289551 0.349121
vt 0.298340 0.979965
vt 0.955566 0.274902
vt 0.966309 0.270020
vt 0.003353 0.291992
vt 0.671387 0.583740
vt 0.135620 0.196777
vt 0.254639 0.888245
vt 0.717773 0.520264
vt 0.721680 0.527100
vt 0.953613 0.840820
vt 0.960449 0.832397
vt 0.820312 0.476074
vt 0.799805 0.480957
vt 0.190552 0.725098
vt 0.273682 0.384766
vt 0.440918 0.027344
vt 0.898438 0.489746
vt 0.882812 0.489258
vt 0.865234 0.083496
vt 0.860352 0.969757
vt 0.865234 0.980957
vt 0.833008 0.768677
vt 0.825684 0.756592
vt 0.805176 0.178711
vt 0.810059 0.182129
vt 0.714844 0.515625
vt 0.716309 0.511719
vt 0.162231 0.954865
vt 0.297852 0.077637
vt 0.223877 0.366699
vt 0.314697 0.868652
vt 0.741211 0.975281
vt 0.735352 0.966034
vt 0.634277 0.958405
vt 0.621582 0.964264
vt 0.482178 0.249512
vt 0.090759 0.147461
vt 0.231567 0.932007
vt 0.975586 0.642822
vt 0.982910 0.648193
vt 0.981934 0.764526
vt 0.970215 0.753174
vt 0.952148 0.300293
vt 0.949707 0.287109
vt 0.688477 0.986725
vt 0.740234 0.079590
vt 0.800293 0.237793
vt 0.983398 0.538574
vt 0.854004 0.044922
vt 0.837402 0.052734
vt 0.838379 0.020996
vt 0.213623 0.642090
vt 0.270752 0.042480
vt 0.443604 0.149902
vt 0.319824 0.865479
vt 0.897949 0.872070
vt 0.935547 0.889221
vt 0.379883 0.315430
vt 0.965820 0.083984
vt 0.550781 0.101074
vt 0.312744 0.974686
vt 0.016571 0.183594
vt 0.026581 0.099609
vt 0.709473 0.539307
vt 0.039764 0.436523
vt 0.076599 0.085938
vt 0.912109 0.158203
vt 0.908691 0.166992
vt 0.192749 0.747070
vt 0.176880 0.854492
vt 0.821777 0.062988
vt 0.714844 0.005371
vt 0.451416 0.283691
vt 0.273193 0.516357
vt 0.288574 0.157715
vt 0.145020 0.135254
vt 0.986328 0.340820
vt 0.996094 0.349609
vt 0.368408 0.042969
vt 0.962402 0.874878
vt 0.577148 0.014160
vt 0.579590 0.028320
vt 0.560059 0.036621
vt 0.487061 0.274902
vt 0.784668 0.943329
vt 0.489014 0.115723
vt 0.050629 0.777466
vt 0.761719 0.683594
vt 0.377686 0.422852
vt 0.803711 0.995464
vt 0.790527 0.977036
vt 0.798828 0.974564
vt 0.258789 0.757080
vt 0.258545 0.747314
vt 0.923828 0.451172
vt 0.916016 0.448730
vt 0.927246 0.441895
vt 0.401611 0.647949
vt 0.414307 0.649658
vt 0.449951 0.189941
vt 0.747559 0.720215
vt 0.218628 0.029785
vt 0.263184 0.037598
vt 0.568359 0.596680
vt 0.306152 0.978729
vt 0.303467 0.974121
vt 0.640137 0.147461
vt 0.624023 0.146484
vt 0.907227 0.171387
vt 0.849609 0.234863
vt 0.960449 0.999925
vt 0.952637 0.999925
vt 0.965820 0.975571
vt 0.895508 0.736816
vt 0.539062 0.406738
vt 0.815918 0.895264
vt 0.303467 0.440430
vt 0.790039 0.023438
vt 0.857910 0.753052
vt 0.175171 0.861816
vt 0.303467 0.245605
vt 0.134033 0.788330
vt 0.787598 0.995934
vt 0.898438 0.614746
vt 0.762695 0.752319
vt 0.198608 0.995472
vt 0.057281 0.372070
vt 0.968750 0.321777
vt 0.890137 0.228516
vt 0.562012 0.624268
vt 0.675781 0.261719
vt 0.578613 0.092773
vt 0.582031 0.093262
vt 0.921875 0.935181
vt 0.069580 0.029297
vt 0.079590 0.022461
vt 0.075012 0.033203
vt 0.672363 0.222656
vt 0.755859 0.202637
vt 0.287109 0.068848
vt 0.880371 0.333984
vt 0.873047 0.340820
vt 0.578125 0.967194
vt 0.586426 0.962067
vt 0.524414 0.240723
vt 0.350342 0.057129
vt 0.522461 0.607178
vt 0.769043 0.984734
vt 0.764648 0.992371
vt 0.764648 0.982040
vt 0.606445 0.628662
vt 0.225586 0.512695
vt 0.851074 0.348145
vt 0.193726 0.967194
vt 0.686523 0.240723
vt 0.226440 0.091797
vt 0.340088 0.579590
vt 0.882324 0.566650
vt 0.941406 0.188965
vt 0.931152 0.202637
vt 0.935547 0.187012
vt 0.693848 0.980652
vt 0.256592 0.391113
vt 0.348877 0.149414
vt 0.168213 0.785400
vt 0.115295 0.696533
vt 0.254395 0.587646
vt 0.460449 0.668457
vt 0.493652 0.137695
vt 0.535645 0.601318
vt 0.162354 0.527344
vt 0.852539 0.012695
vt 0.969238 0.266602
vt 0.623535 0.068359
vt 0.183838 0.211426
vt 0.073914 0.370117
vt 0.368652 0.327148
vt 0.104797 0.234375
vt 0.086060 0.248047
vt 0.055786 0.233887
vt 0.106873 0.203613
vt 0.075562 0.341797
vt 0.656738 0.086426
vt 0.214844 0.613037
vt 0.968750 0.521729
vt 0.904785 0.029785
vt 0.648438 0.467285
vt 0.095337 0.550537
vt 0.722168 0.178711
vt 0.185913 0.230469
vt 0.042053 0.086426
vt 0.565918 0.309570
vt 0.593262 0.090332
vt 0.505859 0.080078
vt 0.846191 0.720947
vt 0.064087 0.785645
vt 0.650391 0.706299
vt 0.382324 0.976334
vt 0.376465 0.983444
vt 0.574219 0.520996
vt 0.575684 0.515869
vt 0.974121 0.797729
vt 0.841309 0.448730
vt 0.025177 0.728027
vt 0.052216 0.040527
vt 0.300293 0.091309
vt 0.567871 0.104004
vt 0.165039 0.771973
vt 0.256836 0.724365
vt 0.979492 0.462402
vt 0.989258 0.464355
vt 0.980957 0.470703
vt 0.279053 0.316895
vt 0.290039 0.322754
vt 0.192871 0.056641
vt 0.663574 0.956238
vt 0.661133 0.948273
vt 0.968750 0.945007
vt 0.965332 0.931396
vt 0.741699 0.797974
vt 0.089905 0.456543
vt 0.408447 0.359863
vt 0.766602 0.850464
vt 0.618652 0.063477
vt 0.812012 0.185059
vt 0.392334 0.560791
vt 0.817383 0.182617
vt 0.081970 0.758545
vt 0.419189 0.048340
vt 0.420654 0.052734
vt 0.805664 0.256836
vt 0.808105 0.252441
vt 0.279541 0.743408
vt 0.801270 0.557861
vt 0.795410 0.570068
vt 0.558594 0.567139
vt 0.504395 0.810913
vt 0.975586 0.573975
vt 0.955078 0.412109
vt 0.459961 0.969574
vt 0.008736 0.879883
vt 0.532227 0.937958
vt 0.536133 0.944977
vt 0.417969 0.518555
vt 0.054230 0.634521
vt 0.848145 0.094238
vt 0.266846 0.365234
vt 0.487793 0.347656
vt 0.742188 0.935181
vt 0.882812 0.525146
vt 0.722656 0.737549
vt 0.892090 0.065430
vt 0.640137 0.667969
vt 0.628906 0.647461
vt 0.053040 0.679199
vt 0.393799 0.880371
vt 0.223511 0.145508
vt 0.291504 0.069336
vt 0.154541 0.923889
vt 0.153442 0.909363
vt 0.980957 0.774658
vt 0.949707 0.955231
vt 0.932129 0.954529
vt 0.271729 0.112305
vt 0.256592 0.102539
vt 0.455566 0.968201
vt 0.435547 0.952484
vt 0.497559 0.747559
vt 0.495850 0.739502
vt 0.968262 0.220215
vt 0.970703 0.215820
vt 0.991699 0.218750
vt 0.727051 0.404297
vt 0.915527 0.457520
vt 0.829590 0.036133
vt 0.203979 0.677002
vt 0.463623 0.058105
vt 0.849609 0.177246
vt 0.843262 0.178223
vt 0.840332 0.172852
vt 0.275635 0.956024
vt 0.284424 0.964844
vt 0.764160 0.790527
vt 0.758789 0.804077
vt 0.304443 0.982040
vt 0.919922 0.809692
vt 0.916992 0.816284
vt 0.083374 0.130859
vt 0.008926 0.987282
vt 0.002678 0.989319
vt 0.000604 0.971542
vt 0.209229 0.053711
vt 0.917480 0.391113
vt 0.847168 0.657715
vt 0.047974 0.636230
vt 0.905762 0.180664
vt 0.714844 0.120605
vt 0.586914 0.466797
vt 0.894531 0.829468
vt 0.962891 0.687744
vt 0.963867 0.682861
vt 0.811035 0.665283
vt 0.803223 0.667725
vt 0.436279 0.759277
vt 0.434570 0.751831
vt 0.647461 0.170898
vt 0.014297 0.925720
vt 0.020157 0.911072
vt 0.390381 0.729980
vt 0.051453 0.358398
vt 0.697754 0.253418
vt 0.286865 0.115234
vt 0.647949 0.145020
vt 0.280273 0.496094
vt 0.275391 0.505615
vt 0.445801 0.279297
vt 0.013359 0.280273
vt 0.001691 0.280273
vt 0.007500 0.270020
vt 0.322266 0.133301
vt 0.136353 0.324707
vt 0.128784 0.324707
vt 0.864258 0.609619
vt 0.278320 0.192871
vt 0.707520 0.545898
vt 0.984863 0.473633
vt 0.577148 0.219727
vt 0.601562 0.218750
vt 0.570801 0.244629
vt 0.610352 0.605713
vt 0.084045 0.013672
vt 0.087769 0.001953
vt 0.095032 0.001953
vt 0.825195 0.973358
vt 0.803223 0.075195
vt 0.384277 0.152344
vt 0.320312 0.537109
vt 0.031281 0.112305
vt 0.109070 0.202637
vt 0.395752 0.287598
vt 0.386475 0.306152
vt 0.158081 0.606201
vt 0.164062 0.611084
vt 0.525391 0.188477
vt 0.236572 0.386719
vt 0.645508 0.006836
vt 0.448242 0.011719
vt 0.158569 0.963104
vt 0.183960 0.031250
vt 0.958984 0.408203
vt 0.017197 0.101074
vt 0.026459 0.108398
vt 0.149170 0.145508
vt 0.122437 0.160156
vt 0.553711 0.079590
vt 0.043732 0.634277
vt 0.629883 0.552734
vt 0.610840 0.553467
vt 0.279785 0.827271
vt 0.279785 0.835083
vt 0.080994 0.459473
vt 0.075439 0.446289
vt 0.794922 0.532471
vt 0.007236 0.976715
vt 0.803223 0.586426
vt 0.814941 0.961334
vt 0.826172 0.965393
vt 0.103088 0.097168
vt 0.382568 0.622070
vt 0.370361 0.633545
vt 0.843750 0.304199
vt 0.846191 0.276855
vt 0.300781 0.008301
vt 0.285645 0.012695
vt 0.296875 0.006348
vt 0.880371 0.397949
vt 0.713379 0.397461
vt 0.025162 0.636475
vt 0.966797 0.528809
vt 0.955566 0.517334
vt 0.219849 0.106934
vt 0.243896 0.066406
vt 0.965332 0.048828
vt 0.853027 0.934998
vt 0.702637 0.658447
vt 0.697754 0.640869
vt 0.897461 0.584961
vt 0.574707 0.248047
vt 0.991699 0.374023
vt 0.990234 0.351562
vt 0.077209 0.971786
vt 0.070312 0.973343
vt 0.011078 0.714355
vt 0.490479 0.033691
vt 0.736816 0.975845
vt 0.732910 0.982483
vt 0.325195 0.495605
vt 0.464111 0.044922
vt 0.347168 0.396973
vt 0.475830 0.919373
vt 0.023376 0.436035
vt 0.001709 0.436035
vt 0.011597 0.429688
vt 0.594238 0.779419
vt 0.039948 0.046875
vt 0.081299 0.963531
vt 0.091370 0.960083
vt 0.489990 0.238770
vt 0.706543 0.496094
vt 0.920898 0.820923
vt 0.762695 0.712158
vt 0.911133 0.447754
vt 0.001182 0.727539
vt 0.007542 0.721680
vt 0.096802 0.013672
vt 0.185791 0.988678
vt 0.034729 0.187012
vt 0.905273 0.186035
vt 0.410156 0.691162
vt 0.319824 0.950867
vt 0.426270 0.460449
vt 0.453369 0.987831
vt 0.797363 0.413574
vt 0.871582 0.081543
vt 0.604980 0.184082
vt 0.681641 0.733643
vt 0.744629 0.476074
vt 0.871094 0.064941
vt 0.855469 0.592041
vt 0.013046 0.989319
vt 0.886719 0.400879
vt 0.698242 0.198730
vt 0.851074 0.604492
vt 0.844238 0.609863
vt 0.064453 0.586914
vt 0.392090 0.017090
vt 0.041809 0.465332
vt 0.046448 0.478027
vt 0.025070 0.085938
vt 0.471191 0.403320
vt 0.477783 0.395020
vt 0.570801 0.411621
vt 0.878418 0.225098
vt 0.106445 0.220215
vt 0.780273 0.652832
vt 0.342773 0.062012
vt 0.419434 0.103516
vt 0.412109 0.109375
vt 0.402100 0.021484
vt 0.716309 0.603027
vt 0.268799 0.430664
vt 0.922363 0.702148
vt 0.921387 0.240234
vt 0.922363 0.250488
vt 0.600098 0.494141
vt 0.511230 0.050293
vt 0.294434 0.439453
vt 0.128784 0.479492
vt 0.350098 0.916931
vt 0.200439 0.120117
vt 0.788574 0.440430
vt 0.785156 0.439453
vt 0.686035 0.932007
vt 0.017807 0.259277
vt 0.010948 0.269043
vt 0.010742 0.248535
vt 0.878418 0.164551
vt 0.852539 0.169434
vt 0.813477 0.988480
vt 0.815918 0.969437
vt 0.065308 0.440918
vt 0.679199 0.706543
vt 0.968262 0.327637
vt 0.621582 0.978455
vt 0.620605 0.967590
vt 0.929688 0.518311
vt 0.077148 0.079590
vt 0.014725 0.510498
vt 0.122131 0.862183
vt 0.247925 0.244629
vt 0.854980 0.153809
vt 0.354736 0.086914
vt 0.226685 0.363281
vt 0.795898 0.425293
vt 0.034668 0.036621
vt 0.034668 0.008789
vt 0.045624 0.024414
vt 0.193970 0.778809
vt 0.070068 0.519043
vt 0.418457 0.024414
vt 0.058105 0.056152
vt 0.262695 0.072754
vt 0.321777 0.472656
vt 0.291748 0.462891
vt 0.506836 0.041016
vt 0.512695 0.048340
vt 0.848633 0.196289
vt 0.843262 0.185547
vt 0.239868 0.477539
vt 0.510742 0.307617
vt 0.622559 0.968994
vt 0.857910 0.335449
vt 0.857422 0.324707
vt 0.171387 0.167480
vt 0.161499 0.145996
vt 0.824219 0.032227
vt 0.835449 0.028809
vt 0.332520 0.221191
vt 0.418457 0.007324
vt 0.314209 0.966125
vt 0.699219 0.796265
vt 0.657227 0.493652
vt 0.544434 0.935730
vt 0.483398 0.539062
vt 0.480713 0.524902
vt 0.364990 0.972321
vt 0.465820 0.920715
vt 0.770020 0.422852
vt 0.966309 0.051270
vt 0.107727 0.568604
vt 0.920898 0.815552
vt 0.256104 0.019531
vt 0.256836 0.018555
vt 0.844238 0.452637
vt 0.850586 0.452148
vt 0.288086 0.817871
vt 0.279053 0.818359
vt 0.311523 0.380859
vt 0.442627 0.922974
vt 0.446533 0.928345
vt 0.296143 0.166992
vt 0.440186 0.481445
vt 0.291748 0.049805
vt 0.434326 0.637451
vt 0.302490 0.481934
vt 0.932617 0.594971
vt 0.612793 0.936707
vt 0.273438 0.533447
vt 0.236450 0.275879
vt 0.232544 0.277344
vt 0.954590 0.002441
vt 0.948730 0.006836
vt 0.422363 0.037598
vt 0.717285 0.924622
vt 0.975098 0.250488
vt 0.328857 0.995209
vt 0.765137 0.460938
vt 0.126343 0.409180
vt 0.129395 0.398926
vt 0.997559 0.956543
vt 0.025970 0.396973
vt 0.446533 0.016113
vt 0.992676 0.017090
vt 0.980469 0.029785
vt 0.953125 0.678711
vt 0.101990 0.348145
vt 0.642090 0.074707
vt 0.664551 0.073730
vt 0.036285 0.039551
vt 0.768066 0.205566
vt 0.518066 0.050781
vt 0.969238 0.528076
vt 0.980957 0.522461
vt 0.990723 0.528320
vt 0.229248 0.177246
vt 0.421143 0.985863
vt 0.888184 0.791626
vt 0.992188 0.212891
vt 0.077026 0.157227
vt 0.075867 0.146973
vt 0.838379 0.279785
vt 0.499268 0.226074
vt 0.926758 0.436035
vt 0.229736 0.612793
vt 0.852051 0.721191
vt 0.836914 0.864746
vt 0.852051 0.872070
vt 0.331299 0.921631
vt 0.948730 0.859741
vt 0.201782 0.057617
vt 0.201782 0.025879
vt 0.208618 0.045410
vt 0.815918 0.216797
vt 0.805664 0.223145
vt 0.374268 0.379883
vt 0.983887 0.999975
vt 0.979980 0.996010
vt 0.991699 0.996113
vt 0.815430 0.834839
vt 0.038696 0.291992
vt 0.083618 0.043457
vt 0.574707 0.315430
vt 0.125366 0.040527
vt 0.784668 0.275391
vt 0.432373 0.612305
vt 0.027756 0.771484
vt 0.151001 0.553467
vt 0.944824 0.484863
vt 0.944336 0.369629
vt 0.158936 0.256348
vt 0.853027 0.022949
vt 0.166138 0.383301
vt 0.316895 0.006348
vt 0.077942 0.162598
vt 0.331787 0.405273
vt 0.525391 0.497559
vt 0.847168 0.954559
vt 0.987793 0.645020
vt 0.997070 0.651855
vt 0.983398 0.659180
vt 0.761230 0.222168
vt 0.458252 0.589111
vt 0.444092 0.794556
vt 0.527344 0.721191
vt 0.549316 0.727783
vt 0.151123 0.136719
vt 0.001149 0.766846
vt 0.010429 0.759888
vt 0.022934 0.773438
vt 0.000619 0.370117
vt 0.403076 0.355957
vt 0.401611 0.359863
vt 0.392822 0.359375
vt 0.504395 0.528564
vt 0.909668 0.361816
vt 0.904297 0.384766
vt 0.896973 0.364258
vt 0.491699 0.091309
vt 0.772949 0.918335
vt 0.400879 0.953217
vt 0.399658 0.925842
vt 0.413086 0.943115
vt 0.456543 0.975494
vt 0.033234 0.272949
vt 0.036469 0.270020
vt 0.122559 0.655273
vt 0.602051 0.565674
vt 0.035614 0.167480
vt 0.555664 0.811523
vt 0.656738 0.298340
vt 0.654297 0.304688
vt 0.684570 0.193359
vt 0.163696 0.733643
vt 0.762207 0.776001
vt 0.727539 0.459961
vt 0.796387 0.954529
vt 0.352295 0.227539
vt 0.872559 0.962341
vt 0.864258 0.968857
vt 0.858887 0.962036
vt 0.241699 0.620361
vt 0.606934 0.101562
vt 0.983398 0.769653
vt 0.017593 0.714355
vt 0.057037 0.100586
vt 0.398926 0.010742
vt 0.474365 0.296387
vt 0.467773 0.286133
vt 0.991699 0.489258
vt 0.978027 0.486816
vt 0.997070 0.467773
vt 0.884766 0.139648
vt 0.328857 0.105957
vt 0.056732 0.439453
vt 0.450439 0.680664
vt 0.143188 0.686523
vt 0.073608 0.474121
vt 0.017685 0.097168
vt 0.371338 0.696533
vt 0.032471 0.329102
vt 0.030426 0.313477
vt 0.888672 0.639893
vt 0.669434 0.115723
vt 0.236328 0.252441
vt 0.877930 0.432129
vt 0.696289 0.980820
vt 0.359619 0.231445
vt 0.367432 0.231445
vt 0.351807 0.108887
vt 0.366943 0.108887
vt 0.067322 0.717773
vt 0.869629 0.583740
vt 0.383057 0.058105
vt 0.345215 0.380859
vt 0.451416 0.330566
vt 0.254639 0.719238
vt 0.060059 0.975296
vt 0.020233 0.975296
vt 0.029022 0.962494
vt 0.964355 0.618164
vt 0.972656 0.619385
vt 0.986328 0.912903
vt 0.426514 0.318848
vt 0.665527 0.802002
vt 0.190308 0.227051
vt 0.904785 0.940216
vt 0.028778 0.191895
vt 0.781738 0.016113
vt 0.287842 0.112305
vt 0.517578 0.217773
vt 0.778320 0.738770
vt 0.033661 0.430176
vt 0.213623 0.667480
vt 0.886719 0.613525
vt 0.645020 0.494141
vt 0.393311 0.353516
vt 0.249512 0.576904
vt 0.971680 0.977310
vt 0.420410 0.684326
vt 0.499023 0.799805
vt 0.979980 0.917480
vt 0.577637 0.304199
vt 0.261230 0.345215
vt 0.227661 0.292480
vt 0.814941 0.013184
vt 0.913574 0.383301
vt 0.446777 0.185059
vt 0.970215 0.988869
vt 0.462891 0.248047
vt 0.984863 0.697998
vt 0.634277 0.080078
vt 0.644531 0.084473
vt 0.647949 0.645020
vt 0.693359 0.176270
vt 0.211670 0.476562
vt 0.042206 0.496094
vt 0.153931 0.091309
vt 0.770020 0.824829
vt 0.936523 0.417480
vt 0.023346 0.141113
vt 0.001245 0.147949
vt 0.390381 0.922180
vt 0.058197 0.642822
vt 0.149048 0.906677
vt 0.533691 0.148438
vt 0.252930 0.482910
vt 0.332520 0.163086
vt 0.875977 0.444824
vt 0.855957 0.293945
vt 0.206299 0.056641
vt 0.557617 0.994934
vt 0.564453 0.993572
vt 0.042603 0.195801
vt 0.796875 0.839355
vt 0.919922 0.693359
vt 0.960938 0.030273
vt 0.879883 0.078125
vt 0.886230 0.075684
vt 0.026367 0.116699
vt 0.023804 0.130371
vt 0.586914 0.923706
vt 0.806641 0.892273
vt 0.964355 0.872437
vt 0.423584 0.747803
vt 0.103455 0.248535
vt 0.316406 0.756714
vt 0.305176 0.445312
vt 0.359375 0.226562
vt 0.368164 0.224121
vt 0.837402 0.989738
vt 0.676270 0.494141
vt 0.147461 0.311523
vt 0.483398 0.297852
vt 0.128540 0.725830
vt 0.993652 0.045898
vt 0.988770 0.048340
vt 0.812012 0.066895
vt 0.793457 0.933655
vt 0.339111 0.024414
vt 0.692383 0.693359
vt 0.071533 0.732666
vt 0.458740 0.201660
vt 0.325195 0.083008
vt 0.020981 0.745850
vt 0.252930 0.291504
vt 0.924316 0.236328
vt 0.368896 0.701172
vt 0.179565 0.935181
vt 0.985840 0.757690
vt 0.440430 0.940918
vt 0.415771 0.961395
vt 0.022263 0.483398
vt 0.042633 0.481445
vt 0.346680 0.327148
vt 0.031982 0.427246
vt 0.022995 0.432129
vt 0.647949 0.409668
vt 0.767578 0.530029
vt 0.774414 0.510742
vt 0.389893 0.416504
vt 0.603027 0.372559
vt 0.681152 0.990250
vt 0.520020 0.765747
vt 0.915039 0.311035
vt 0.093201 0.343262
vt 0.060364 0.780151
vt 0.059082 0.776367
vt 0.085144 0.769165
vt 0.801270 0.883789
vt 0.799805 0.333984
vt 0.250244 0.917664
vt 0.252197 0.923767
vt 0.240723 0.007812
vt 0.795898 0.356445
vt 0.338867 0.285156
vt 0.340576 0.290039
vt 0.707031 0.597900
vt 0.214966 0.012695
vt 0.214966 0.028320
vt 0.211426 0.025879
vt 0.152344 0.191895
vt 0.568848 0.003906
vt 0.118652 0.902710
vt 0.406738 0.519043
vt 0.408203 0.538086
vt 0.281494 0.036133
vt 0.274902 0.043945
vt 0.214355 0.748047
vt 0.429688 0.513184
vt 0.293945 0.534668
vt 0.081604 0.504395
vt 0.211670 0.325684
vt 0.737305 0.228516
vt 0.052032 0.439453
vt 0.095581 0.010742
vt 0.812012 0.501709
vt 0.369141 0.333496
vt 0.020065 0.289551
vt 0.019089 0.304688
vt 0.560547 0.996332
vt 0.797852 0.593994
vt 0.790039 0.590576
vt 0.488037 0.792603
vt 0.778320 0.990547
vt 0.776855 0.992928
vt 0.771973 0.983566
vt 0.144531 0.664062
vt 0.147827 0.669189
vt 0.659180 0.888672
vt 0.880859 0.271484
vt 0.737305 0.850098
vt 0.362793 0.328125
vt 0.929688 0.512939
vt 0.966797 0.093750
vt 0.410645 0.959900
vt 0.084595 0.308594
vt 0.984375 0.044922
vt 0.982910 0.044434
vt 0.708008 0.865967
vt 0.018936 0.572510
vt 0.002619 0.875244
vt 0.468018 0.634766
vt 0.222168 0.863159
vt 0.840820 0.613037
vt 0.888672 0.066895
vt 0.796387 0.260254
vt 0.801270 0.241211
vt 0.974121 0.832397
vt 0.272217 0.871216
vt 0.285889 0.875366
vt 0.892578 0.304688
vt 0.461914 0.496094
vt 0.330078 0.985596
vt 0.013687 0.055176
vt 0.228638 0.555420
vt 0.230225 0.566406
vt 0.611328 0.959076
vt 0.528809 0.415039
vt 0.387939 0.564941
vt 0.323730 0.706543
vt 0.844727 0.336914
vt 0.282959 0.236816
vt 0.077637 0.199219
vt 0.973145 0.673584
vt 0.089478 0.503174
vt 0.793457 0.442383
vt 0.851562 0.224121
vt 0.589355 0.162598
vt 0.593750 0.932739
vt 0.593750 0.941681
vt 0.923340 0.221680
vt 0.275146 0.111816
vt 0.342529 0.839600
vt 0.666016 0.621094
vt 0.635742 0.789185
vt 0.223267 0.432617
vt 0.038696 0.521729
vt 0.293213 0.470703
vt 0.014061 0.229004
vt 0.014442 0.233887
vt 0.070312 0.301270
vt 0.031952 0.401855
vt 0.775391 0.372070
vt 0.761719 0.373535
vt 0.766602 0.358398
vt 0.051544 0.350586
vt 0.011673 0.350586
vt 0.038971 0.336426
vt 0.969238 0.924438
vt 0.479980 0.347656
vt 0.647949 0.989349
vt 0.640625 0.989799
vt 0.673828 0.018555
vt 0.673828 0.012207
vt 0.684570 0.017090
vt 0.536621 0.047363
vt 0.951660 0.687500
vt 0.152222 0.477539
vt 0.872070 0.270996
vt 0.866211 0.273438
vt 0.870605 0.262695
vt 0.775879 0.387695
vt 0.651855 0.295410
vt 0.640137 0.295898
vt 0.648926 0.358398
vt 0.034149 0.407227
vt 0.017944 0.480957
vt 0.782227 0.625732
vt 0.096008 0.729492
vt 0.008339 0.121582
vt 0.932617 0.627441
vt 0.922363 0.607422
vt 0.881836 0.439941
vt 0.062561 0.887390
vt 0.069458 0.890930
vt 0.805664 0.916809
vt 0.592773 0.188477
vt 0.874023 0.884521
vt 0.837402 0.644531
vt 0.779297 0.741699
vt 0.906738 0.905090
vt 0.944336 0.783325
vt 0.755859 0.073242
vt 0.014954 0.501221
vt 0.056946 0.145508
vt 0.069824 0.152344
vt 0.056610 0.152832
vt 0.861816 0.032227
vt 0.975098 0.341309
vt 0.277100 0.016113
vt 0.277100 0.003906
vt 0.285889 0.006836
vt 0.848633 0.640137
vt 0.984863 0.587646
vt 0.252197 0.751221
vt 0.028931 0.737549
vt 0.870605 0.784424
vt 0.119324 0.551514
vt 0.166992 0.231934
vt 0.514160 0.007324
vt 0.554199 0.070801
vt 0.300537 0.638184
vt 0.802734 0.307129
vt 0.009636 0.614990
vt 0.000635 0.608398
vt 0.015915 0.606934
vt 0.765137 0.748291
vt 0.114075 0.815552
vt 0.047333 0.731445
vt 0.320801 0.915894
vt 0.902832 0.112793
vt 0.884766 0.395508
vt 0.423584 0.493652
vt 0.395264 0.308105
vt 0.389404 0.311035
vt 0.520996 0.668701
vt 0.101440 0.955444
vt 0.120544 0.960632
vt 0.591309 0.555176
vt 0.502930 0.490234
vt 0.490723 0.500488
vt 0.968750 0.596191
vt 0.288086 0.019531
vt 0.970703 0.009277
vt 0.084229 0.085449
vt 0.647461 0.103516
vt 0.849609 0.732422
vt 0.367676 0.085938
vt 0.787109 0.443359
vt 0.799316 0.471680
vt 0.491943 0.117676
vt 0.094849 0.186035
vt 0.052094 0.203613
vt 0.040161 0.217773
vt 0.012115 0.203125
vt 0.481689 0.020996
vt 0.338867 0.935913
vt 0.997070 0.948029
vt 0.669922 0.028809
vt 0.378662 0.464844
vt 0.068970 0.098633
vt 0.324951 0.258789
vt 0.146362 0.355957
vt 0.674805 0.540527
vt 0.936035 0.463867
vt 0.695801 0.058105
vt 0.498535 0.424316
vt 0.845215 0.938263
vt 0.688965 0.359863
vt 0.062408 0.123047
vt 0.139648 0.060059
vt 0.351074 0.105469
vt 0.531250 0.668213
vt 0.159546 0.013184
vt 0.918945 0.825073
vt 0.031403 0.036621
vt 0.583496 0.292480
vt 0.985352 0.141113
vt 0.865723 0.798950
vt 0.291748 0.868774
vt 0.384033 0.867798
vt 0.065979 0.132812
vt 0.822754 0.708740
vt 0.010170 0.536621
vt 0.997070 0.044434
vt 0.639160 0.843750
vt 0.189087 0.716064
vt 0.950195 0.277832
vt 0.250244 0.463379
vt 0.806152 0.340820
vt 0.681641 0.084961
vt 0.776855 0.033691
vt 0.790039 0.045898
vt 0.530273 0.996170
vt 0.339600 0.977310
vt 0.702148 0.868286
vt 0.104065 0.502441
vt 0.117493 0.511475
vt 0.619629 0.354492
vt 0.010727 0.584961
vt 0.643555 0.541260
vt 0.449463 0.994781
vt 0.730469 0.251465
vt 0.512207 0.665283
vt 0.931641 0.451172
vt 0.619629 0.485352
vt 0.532227 0.475586
vt 0.519531 0.482422
vt 0.044220 0.866943
vt 0.093079 0.195801
vt 0.090942 0.198730
vt 0.191895 0.091309
vt 0.840332 0.707031
vt 0.946777 0.282715
vt 0.101135 0.030273
vt 0.957031 0.811768
vt 0.251465 0.019043
vt 0.257324 0.238770
vt 0.903809 0.893860
vt 0.876465 0.685791
vt 0.466309 0.015137
vt 0.934570 0.088867
vt 0.882812 0.010254
vt 0.891602 0.037109
vt 0.876953 0.030762
vt 0.702148 0.090820
vt 0.715820 0.083496
vt 0.160767 0.799805
vt 0.655762 0.974594
vt 0.768066 0.899414
vt 0.933105 0.965118
vt 0.766602 0.502686
vt 0.203979 0.985680
vt 0.750488 0.110352
vt 0.386230 0.918396
vt 0.983887 0.742188
vt 0.577637 0.363281
vt 0.205444 0.924927
vt 0.676758 0.005859
vt 0.309814 0.023438
vt 0.301758 0.028809
vt 0.877930 0.891541
vt 0.035461 0.945862
vt 0.057159 0.476562
vt 0.258789 0.026855
vt 0.895020 0.290039
vt 0.745605 0.027344
vt 0.242188 0.181641
vt 0.962402 0.191895
vt 0.772949 0.657471
vt 0.719727 0.717773
vt 0.739746 0.641846
vt 0.744141 0.018555
vt 0.750977 0.009277
vt 0.751465 0.029785
vt 0.724121 0.457520
vt 0.089355 0.694092
vt 0.091248 0.703857
vt 0.076050 0.699219
vt 0.806152 0.643066
vt 0.154907 0.180176
vt 0.233521 0.505615
vt 0.789062 0.216797
vt 0.873535 0.943451
vt 0.813477 0.622803
vt 0.294189 0.995754
vt 0.891113 0.604248
vt 0.658203 0.218750
vt 0.000821 0.661377
vt 0.650879 0.726807
vt 0.216553 0.587402
vt 0.427979 0.023438
vt 0.910156 0.186523
vt 0.484863 0.385254
vt 0.799316 0.001953
vt 0.424316 0.025391
vt 0.343750 0.223633
vt 0.043884 0.510010
vt 0.747559 0.536621
vt 0.424561 0.520752
vt 0.383789 0.117188
vt 0.081421 0.546143
vt 0.268066 0.238770
vt 0.697754 0.296875
vt 0.600098 0.026855
vt 0.974121 0.688965
vt 0.979004 0.686523
vt 0.127075 0.523682
vt 0.955078 0.005859
vt 0.963379 0.000488
vt 0.101868 0.891235
vt 0.674316 0.281250
vt 0.855957 0.603271
vt 0.439941 0.104980
vt 0.437988 0.081543
vt 0.534180 0.348145
vt 0.971191 0.687256
vt 0.327148 0.292480
vt 0.968262 0.072266
vt 0.190796 0.460938
vt 0.890625 0.361328
vt 0.931152 0.244629
vt 0.322021 0.522949
vt 0.552246 0.944244
vt 0.725586 0.955475
vt 0.316650 0.381836
vt 0.329834 0.384766
vt 0.909668 0.837524
vt 0.062927 0.311523
vt 0.385254 0.587158
vt 0.401611 0.242676
vt 0.072571 0.887390
vt 0.838379 0.860718
vt 0.908203 0.565918
vt 0.299072 0.142578
vt 0.192261 0.732666
vt 0.247070 0.480957
vt 0.439209 0.185547
vt 0.503906 0.548340
vt 0.373535 0.518799
vt 0.365479 0.524902
vt 0.427979 0.158203
vt 0.765137 0.763672
vt 0.707031 0.828979
vt 0.856445 0.022461
vt 0.857422 0.029297
vt 0.855957 0.032227
vt 0.942383 0.812622
vt 0.846191 0.247559
vt 0.806152 0.238770
vt 0.065857 0.451660
vt 0.822754 0.685303
vt 0.395264 0.104980
vt 0.640625 0.840210
vt 0.481934 0.139648
vt 0.982910 0.047363
vt 0.961426 0.434082
vt 0.876465 0.946289
vt 0.203369 0.099609
vt 0.429443 0.321289
vt 0.977051 0.955139
vt 0.762207 0.699463
vt 0.882324 0.169434
vt 0.001012 0.300781
vt 0.119141 0.437012
vt 0.760742 0.072754
vt 0.527344 0.473633
vt 0.509766 0.457520
vt 0.805176 0.879639
vt 0.083069 0.970703
vt 0.591797 0.573730
vt 0.685547 0.480469
vt 0.486084 0.782593
vt 0.620117 0.681641
vt 0.173340 0.281738
vt 0.595703 0.242676
vt 0.540527 0.666748
vt 0.026520 0.092285
vt 0.068787 0.227539
vt 0.978027 0.475098
vt 0.189575 0.007812
vt 0.189575 0.031250
vt 0.162720 0.008789
vt 0.008530 0.079102
vt 0.023422 0.078613
vt 0.965820 0.633057
vt 0.970703 0.638184
vt 0.984863 0.766846
vt 0.984375 0.763428
vt 0.880859 0.249512
vt 0.981934 0.138184
vt 0.234863 0.179688
vt 0.812012 0.089844
vt 0.829102 0.089355
vt 0.854004 0.651611
vt 0.865234 0.647461
vt 0.189087 0.867920
vt 0.834961 0.014160
vt 0.501465 0.416992
vt 0.659668 0.122070
vt 0.176514 0.121582
vt 0.166016 0.121094
vt 0.876465 0.077637
vt 0.529297 0.453125
vt 0.496826 0.807739
vt 0.173584 0.295898
vt 0.961914 0.417969
vt 0.962402 0.415527
vt 0.019257 0.242188
vt 0.956543 0.818359
vt 0.403076 0.364258
vt 0.153320 0.665039
vt 0.103027 0.170898
vt 0.797363 0.161133
vt 0.615723 0.418945
vt 0.600586 0.424316
vt 0.045135 0.062012
vt 0.429932 0.151367
vt 0.578613 0.986259
vt 0.569824 0.994816
vt 0.678223 0.411133
vt 0.088684 0.350098
vt 0.280029 0.239746
vt 0.945312 0.014160
vt 0.385254 0.773315
vt 0.377197 0.995754
vt 0.308594 0.148438
vt 0.940430 0.140625
vt 0.806152 0.655029
vt 0.223389 0.749268
vt 0.375000 0.823853
vt 0.929688 0.091309
vt 0.941406 0.066406
vt 0.591797 0.245605
vt 0.013557 0.861816
vt 0.023987 0.861572
vt 0.948242 0.545166
vt 0.614258 0.105957
vt 0.624512 0.107910
vt 0.869141 0.320801
vt 0.705566 0.938385
vt 0.718262 0.932007
vt 0.719238 0.949738
vt 0.458252 0.946442
vt 0.891113 0.545166
vt 0.657227 0.349121
vt 0.202148 0.164062
vt 0.303467 0.657715
vt 0.072815 0.022949
vt 0.469727 0.198242
vt 0.910156 0.359375
vt 0.288330 0.973770
vt 0.299805 0.975143
vt 0.589844 0.713623
vt 0.927734 0.839722
vt 0.841309 0.938629
vt 0.437500 0.495117
vt 0.021881 0.621582
vt 0.866211 0.829346
vt 0.905273 0.477051
vt 0.902344 0.484375
vt 0.625488 0.250977
vt 0.497314 0.772095
vt 0.470703 0.012695
vt 0.266846 0.378906
vt 0.530273 0.012695
vt 0.263184 0.391602
vt 0.991699 0.913696
vt 0.015854 0.527588
vt 0.605957 0.934875
vt 0.598633 0.934265
vt 0.055756 0.205078
vt 0.697754 0.934814
vt 0.716797 0.927856
vt 0.924805 0.357910
vt 0.455078 0.071777
vt 0.344482 0.038086
vt 0.924805 0.342285
vt 0.409668 0.789795
vt 0.253906 0.910950
vt 0.782715 0.619629
vt 0.771973 0.338379
vt 0.713379 0.915405
vt 0.376465 0.837036
vt 0.368896 0.846191
vt 0.902832 0.394043
vt 0.373779 0.187012
vt 0.917480 0.601074
vt 0.922852 0.602295
vt 0.552734 0.041504
vt 0.151489 0.141602
vt 0.597168 0.003906
vt 0.096497 0.318848
vt 0.692871 0.367188
vt 0.341797 0.499512
vt 0.889648 0.245605
vt 0.578613 0.086426
vt 0.583984 0.092773
vt 0.728516 0.120117
vt 0.888672 0.944855
vt 0.271484 0.975250
vt 0.271484 0.965027
vt 0.278564 0.972672
vt 0.948242 0.595703
vt 0.003313 0.693359
vt 0.047241 0.599854
vt 0.954102 0.666016
vt 0.301025 0.036133
vt 0.855957 0.563232
vt 0.270020 0.929138
vt 0.564453 0.074219
vt 0.419922 0.107910
vt 0.127930 0.657227
vt 0.121643 0.661621
vt 0.598633 0.563477
vt 0.948730 0.983521
vt 0.018265 0.994919
vt 0.018082 0.979553
vt 0.026337 0.998390
vt 0.770508 0.446777
vt 0.921875 0.878723
vt 0.603516 0.213867
vt 0.045532 0.518799
vt 0.699707 0.015625
vt 0.940430 0.646484
vt 0.513184 0.022461
vt 0.801270 0.053223
vt 0.375244 0.048340
vt 0.242310 0.262695
vt 0.849121 0.670654
vt 0.922852 0.747070
vt 0.060699 0.692383
vt 0.847656 0.001465
vt 0.800781 0.920471
vt 0.998535 0.832153
vt 0.852051 0.664062
vt 0.187500 0.437988
vt 0.472412 0.788574
vt 0.606934 0.857544
vt 0.246582 0.753662
vt 0.586914 0.871582
vt 0.940430 0.723633
vt 0.667480 0.787231
vt 0.596191 0.334961
vt 0.525879 0.900818
vt 0.733887 0.875671
vt 0.736816 0.890198
vt 0.002817 0.738770
vt 0.851074 0.146973
vt 0.860352 0.695801
vt 0.500488 0.216797
vt 0.742676 0.379395
vt 0.291992 0.005371
vt 0.662109 0.118164
vt 0.248901 0.272461
vt 0.185913 0.261230
vt 0.393555 0.516846
vt 0.061768 0.231934
vt 0.045898 0.224609
vt 0.329834 0.935913
vt 0.784668 0.652100
vt 0.867188 0.263672
vt 0.697266 0.281738
vt 0.301514 0.673096
vt 0.163818 0.226074
vt 0.151245 0.224121
vt 0.788574 0.025879
vt 0.243164 0.220703
vt 0.024719 0.066406
vt 0.014465 0.931396
vt 0.528320 0.249023
vt 0.817383 0.998335
vt 0.842773 0.991562
vt 0.852539 0.998907
vt 0.486328 0.959656
vt 0.761719 0.358887
vt 0.199097 0.992893
vt 0.122742 0.025879
vt 0.120605 0.035156
vt 0.108154 0.027832
vt 0.280762 0.554443
vt 0.110901 0.720947
vt 0.999512 0.020996
vt 0.081482 0.590576
vt 0.683594 0.428711
vt 0.314209 0.719238
vt 0.318115 0.717529
vt 0.153198 0.308594
vt 0.249023 0.028809
vt 0.978516 0.624268
vt 0.944824 0.831299
vt 0.389160 0.336914
vt 0.619629 0.527588
vt 0.713867 0.804932
vt 0.278809 0.719238
vt 0.754883 0.933838
vt 0.762207 0.921875
vt 0.264648 0.381836
vt 0.392090 0.807373
vt 0.765137 0.734619
vt 0.150757 0.703125
vt 0.153076 0.710693
vt 0.959961 0.767212
vt 0.886719 0.698242
vt 0.882812 0.694824
vt 0.034607 0.000488
vt 0.026794 0.002930
vt 0.019592 0.000000
vt 0.899902 0.861816
vt 0.114746 0.007812
vt 0.160767 0.959015
vt 0.163574 0.932678
vt 0.439697 0.763184
vt 0.696777 0.746094
vt 0.015533 0.355957
vt 0.009636 0.353027
vt 0.018463 0.353027
vt 0.447021 0.360352
vt 0.000232 0.037109
vt 0.917480 0.282715
vt 0.078613 0.543213
vt 0.796875 0.292480
vt 0.793457 0.300781
vt 0.010666 0.565674
vt 0.930664 0.788452
vt 0.856934 0.574707
vt 0.970215 0.833984
vt 0.730957 0.989273
vt 0.725098 0.657227
vt 0.221802 0.841064
vt 0.572754 0.077637
vt 0.042206 0.531250
vt 0.939941 0.502197
vt 0.086365 0.016602
vt 0.315918 0.314453
vt 0.417480 0.837280
vt 0.899902 0.939941
vt 0.021240 0.096191
vt 0.027863 0.338379
vt 0.013908 0.343750
vt 0.005749 0.337402
vt 0.886230 0.823364
vt 0.555664 0.906494
vt 0.465576 0.272461
vt 0.312500 0.254883
vt 0.453857 0.673340
vt 0.043701 0.849243
vt 0.011871 0.486816
vt 0.369385 0.978867
vt 0.029541 0.217285
vt 0.156860 0.233398
vt 0.935547 0.096680
vt 0.519043 0.097656
vt 0.389648 0.724121
vt 0.192627 0.128906
vt 0.495361 0.425293
vt 0.493408 0.426270
vt 0.144775 0.151855
vt 0.325684 0.941223
vt 0.089233 0.829346
vt 0.684082 0.985260
vt 0.850586 0.276367
vt 0.477539 0.499023
vt 0.431885 0.952423
vt 0.183228 0.224609
vt 0.860352 0.091797
vt 0.850586 0.104980
vt 0.559570 0.043457
vt 0.515137 0.020508
vt 0.955566 0.679688
vt 0.236938 0.870483
vt 0.271484 0.957092
vt 0.895020 0.677734
vt 0.005985 0.092773
vt 0.001585 0.087891
vt 0.727051 0.847168
vt 0.682129 0.893982
vt 0.924316 0.677734
vt 0.611816 0.517090
vt 0.705078 0.282227
vt 0.645020 0.100098
vt 0.276367 0.985809
vt 0.969727 0.258789
vt 0.112976 0.226074
vt 0.497070 0.008789
vt 0.649902 0.557373
vt 0.299561 0.324707
vt 0.737305 0.482422
vt 0.741211 0.480469
vt 0.744141 0.483398
vt 0.784180 0.259277
vt 0.998535 0.461426
vt 0.901855 0.171387
vt 0.991699 0.051270
vt 0.449707 0.787354
vt 0.222534 0.654785
vt 0.479248 0.959961
vt 0.214233 0.677979
vt 0.110413 0.310059
vt 0.900879 0.907166
vt 0.572266 0.494141
vt 0.975098 0.203125
vt 0.862305 0.514893
vt 0.748535 0.228027
vt 0.244751 0.980316
vt 0.238525 0.976440
vt 0.238525 0.960480
vt 0.879395 0.795044
vt 0.801758 0.532471
vt 0.457275 0.867676
vt 0.133789 0.527832
vt 0.916992 0.433105
vt 0.211304 0.263672
vt 0.324463 0.937500
vt 0.786621 0.122559
vt 0.062988 0.539062
vt 0.656738 0.461426
vt 0.658203 0.950714
vt 0.779785 0.618652
vt 0.195557 0.370605
vt 0.026276 0.314941
vt 0.144287 0.501221
vt 0.011543 0.755981
vt 0.402832 0.924316
vt 0.499512 0.433105
vt 0.353027 0.969360
vt 0.033325 0.950653
vt 0.104797 0.158691
vt 0.283447 0.385254
vt 0.823242 0.165527
vt 0.942871 0.043945
vt 0.662598 0.380859
vt 0.710938 0.625244
vt 0.012375 0.095215
vt 0.900391 0.118652
vt 0.307861 0.758301
vt 0.144775 0.402344
vt 0.011269 0.952576
vt 0.161133 0.314941
vt 0.949707 0.238770
vt 0.483154 0.821289
vt 0.247070 0.067871
vt 0.691406 0.727783
vt 0.540527 0.560303
vt 0.582031 0.006348
vt 0.560059 0.962158
vt 0.894531 0.890808
vt 0.696289 0.191895
vt 0.660645 0.157715
vt 0.401611 0.722656
vt 0.694824 0.748779
vt 0.852051 0.487305
vt 0.710938 0.315918
vt 0.729980 0.192871
vt 0.176270 0.547852
vt 0.556641 0.569824
vt 0.573730 0.572266
vt 0.484375 0.665771
vt 0.757812 0.519043
vt 0.238770 0.563477
vt 0.418945 0.050781
vt 0.160645 0.162109
vt 0.441650 0.006348
vt 0.938477 0.785645
vt 0.177124 0.231934
vt 0.776367 0.093262
vt 0.076965 0.520264
vt 0.115723 0.436035
vt 0.156006 0.906250
vt 0.633301 0.236328
vt 0.013458 0.919006
vt 0.002094 0.915527
vt 0.016968 0.909851
vt 0.004562 0.124023
vt 0.117981 0.666992
vt 0.247437 0.429199
vt 0.968262 0.035156
vt 0.530762 0.021484
vt 0.587891 0.161133
vt 0.929199 0.506592
vt 0.333740 0.112305
vt 0.664062 0.368164
vt 0.700195 0.659912
vt 0.191895 0.035645
vt 0.191895 0.018555
vt 0.196533 0.030762
vt 0.810059 0.247070
vt 0.854980 0.635010
vt 0.903809 0.033203
vt 0.339600 0.020020
vt 0.982910 0.683105
vt 0.947266 0.392578
vt 0.356201 0.365234
vt 0.995605 0.059570
vt 0.995605 0.046875
vt 0.998535 0.050293
vt 0.517090 0.017578
vt 0.251709 0.054688
vt 0.767578 0.328125
vt 0.988281 0.162109
vt 0.998535 0.165527
vt 0.984863 0.175293
vt 0.747070 0.840088
vt 0.508789 0.536377
vt 0.911621 0.959473
vt 0.649902 0.668213
vt 0.354736 0.248047
vt 0.137329 0.034180
vt 0.792480 0.559082
vt 0.494385 0.861206
vt 0.696289 0.998928
vt 0.110901 0.188965
vt 0.117249 0.189941
vt 0.444092 0.943634
vt 0.696777 0.052246
vt 0.858398 0.658447
vt 0.714355 0.902466
vt 0.526367 0.954163
vt 0.334473 0.397461
vt 0.754395 0.197754
vt 0.957520 0.664062
vt 0.861816 0.061035
vt 0.047943 0.341309
vt 0.356689 0.043457
vt 0.356201 0.036621
vt 0.309326 0.929504
vt 0.688965 0.035645
vt 0.089844 0.768433
vt 0.196899 0.617432
vt 0.354736 0.923279
vt 0.002560 0.182129
vt 0.074036 0.313477
vt 0.756836 0.383789
vt 0.721191 0.166992
vt 0.935059 0.061035
vt 0.717773 0.640869
vt 0.979980 0.621094
vt 0.684570 0.082520
vt 0.031769 0.698730
vt 0.052032 0.685791
vt 0.975586 0.182617
vt 0.791992 0.309082
vt 0.019913 0.682129
vt 0.104187 0.692383
vt 0.182495 0.678467
vt 0.445557 0.352539
vt 0.784180 0.385742
vt 0.977051 0.386230
vt 0.003164 0.305176
vt 0.599609 0.453613
vt 0.637207 0.919800
vt 0.598145 0.691162
vt 0.400391 0.175293
vt 0.652832 0.084473
vt 0.010307 0.519287
vt 0.344238 0.941071
vt 0.056885 0.636719
vt 0.819336 0.880554
vt 0.806152 0.492676
vt 0.620117 0.045898
vt 0.043915 0.176758
vt 0.316650 0.523682
vt 0.817871 0.976105
vt 0.581055 0.990372
vt 0.581055 0.976517
vt 0.587402 0.989922
vt 0.987305 0.695557
vt 0.848633 0.217773
vt 0.951660 0.972473
vt 0.144897 0.374512
vt 0.005444 0.833130
vt 0.749512 0.547852
vt 0.232178 0.723145
vt 0.498291 0.139648
vt 0.497314 0.129395
vt 0.892578 0.523682
vt 0.064331 0.104980
vt 0.322021 0.154785
vt 0.802246 0.143066
vt 0.209839 0.120605
vt 0.247192 0.957581
vt 0.588867 0.186523
vt 0.106995 0.782593
vt 0.410400 0.997404
vt 0.405518 0.982025
vt 0.414307 0.987495
vt 0.936523 0.816650
vt 0.908691 0.976364
vt 0.015388 0.713379
vt 0.816406 0.298828
vt 0.834961 0.542236
vt 0.332031 0.449707
vt 0.911133 0.002930
vt 0.645996 0.331055
vt 0.330566 0.263672
vt 0.628418 0.283691
vt 0.283447 0.039062
vt 0.949219 0.822388
vt 0.701660 0.407715
vt 0.979004 0.959564
vt 0.033875 0.254883
vt 0.046478 0.242676
vt 0.717285 0.607910
vt 0.814453 0.002930
vt 0.855957 0.124023
vt 0.897461 0.317383
vt 0.796387 0.384277
vt 0.078735 0.953217
vt 0.980957 0.834717
vt 0.973633 0.029785
vt 0.717285 0.292480
vt 0.044861 0.529053
vt 0.606934 0.950867
vt 0.912598 0.788086
vt 0.627441 0.988396
vt 0.370850 0.136719
vt 0.014381 0.591797
vt 0.896973 0.549072
vt 0.533691 0.168457
vt 0.072021 0.937561
vt 0.011459 0.578125
vt 0.943848 0.033691
vt 0.003075 0.217773
vt 0.052216 0.645996
vt 0.207031 0.750366
vt 0.827148 0.781128
vt 0.047333 0.059570
vt 0.125366 0.964752
vt 0.215698 0.151855
vt 0.704590 0.299805
vt 0.178101 0.370605
vt 0.170776 0.370605
vt 0.439941 0.887268
vt 0.405518 0.157715
vt 0.319580 0.003906
vt 0.055115 0.047363
vt 0.116028 0.995056
vt 0.990723 0.613770
vt 0.152588 0.001953
vt 0.156494 0.014160
vt 0.145996 0.010254
vt 0.715820 0.761353
vt 0.579590 0.493164
vt 0.188843 0.876343
vt 0.120300 0.916321
vt 0.417969 0.052734
vt 0.868652 0.570801
vt 0.668945 0.077148
vt 0.051361 0.230469
vt 0.279541 0.614990
vt 0.252441 0.195801
vt 0.787598 0.376953
vt 0.265625 0.383789
vt 0.022903 0.637695
vt 0.918945 0.518799
vt 0.135742 0.277832
vt 0.036499 0.524414
vt 0.853516 0.467773
vt 0.660156 0.134277
vt 0.003689 0.400391
vt 0.015381 0.400391
vt 0.009590 0.406250
vt 0.992188 0.588379
vt 0.768555 0.839966
vt 0.751465 0.729004
vt 0.981934 0.668213
vt 0.965332 0.663818
vt 0.989258 0.664307
vt 0.475830 0.955292
vt 0.869141 0.504639
vt 0.027206 0.681885
vt 0.741211 0.841797
vt 0.122437 0.782471
vt 0.733887 0.711914
vt 0.227661 0.741455
vt 0.110474 0.314941
vt 0.735840 0.454590
vt 0.906250 0.189453
vt 0.107178 0.891113
vt 0.005527 0.005859
vt 0.031616 0.019531
vt 0.010216 0.034668
vt 0.334717 0.503418
vt 0.874023 0.970673
vt 0.407227 0.018066
vt 0.514160 0.089844
vt 0.135132 0.882446
vt 0.870117 0.896423
vt 0.750977 0.065918
vt 0.811523 0.920715
vt 0.474365 0.826660
vt 0.980469 0.657715
vt 0.223389 0.527344
vt 0.689941 0.084961
vt 0.023315 0.678711
vt 0.621094 0.902527
vt 0.018661 0.005371
vt 0.020920 0.716553
vt 0.049286 0.046387
vt 0.170410 0.083008
vt 0.726562 0.666992
vt 0.166626 0.608154
vt 0.412109 0.059570
vt 0.112061 0.295898
vt 0.542480 0.258789
vt 0.008667 0.426758
vt 0.007168 0.420410
vt 0.010590 0.419434
vt 0.300781 0.065430
vt 0.767090 0.751831
vt 0.770996 0.979874
vt 0.145874 0.063965
vt 0.693359 0.976532
vt 0.820801 0.741699
vt 0.444824 0.475098
vt 0.966797 0.733154
vt 0.909180 0.757446
vt 0.014076 0.487793
vt 0.993652 0.229492
vt 1.000000 0.248047
vt 0.975586 0.248535
vt 0.115234 0.783081
vt 0.985840 0.377441
vt 0.800781 0.413574
vt 0.049866 0.656494
vt 0.994141 0.918396
vt 0.153198 0.926758
vt 0.999512 0.192871
vt 0.725098 0.724854
vt 0.170410 0.249023
vt 0.686523 0.416016
vt 0.441162 0.141113
vt 0.068176 0.303711
vt 0.672852 0.756348
vt 0.947754 0.368652
vt 0.939941 0.325195
vt 0.977539 0.153809
vt 0.218872 0.000000
vt 0.073059 0.382812
vt 0.967285 0.460938
vt 0.067322 0.898743
vt 0.436035 0.211914
vt 0.031403 0.335449
vt 0.006226 0.334473
vt 0.782715 0.984329
vt 0.551758 0.123047
vt 0.693848 0.881287
vt 0.084473 0.731201
vt 0.558105 0.074707
vt 0.936523 0.541748
vt 0.850098 0.835815
vt 0.801270 0.453125
vt 0.982422 0.691406
vt 0.575195 0.359375
vt 0.369385 0.016602
vt 0.376465 0.008301
vt 0.376709 0.025879
vt 0.187622 0.446777
vt 0.920898 0.829590
vt 0.810547 0.884460
vt 0.570801 0.362305
vt 0.887207 0.650391
vt 0.074585 0.200684
vt 0.185303 0.214355
vt 0.740723 0.813110
vt 0.786621 0.670654
vt 0.363281 0.288574
vt 0.986816 0.861938
vt 0.989258 0.854126
vt 0.999023 0.859009
vt 0.464111 0.062988
vt 0.171143 0.087402
vt 0.971191 0.575928
vt 0.321045 0.901733
vt 0.117310 0.119141
vt 0.040558 0.870483
vt 0.043518 0.226074
vt 0.018219 0.226074
vt 0.035614 0.218750
vt 0.717773 0.765869
vt 0.013405 0.426270
vt 0.959473 0.723145
vt 0.283936 0.788818
vt 0.948242 0.972000
vt 0.109314 0.259277
vt 0.152954 0.734863
vt 0.333984 0.843750
vt 0.420898 0.666748
vt 0.778320 0.975464
vt 0.168457 0.674316
vt 0.006451 0.306641
vt 0.120605 0.634521
vt 0.430664 0.446777
vt 0.032471 0.899780
vt 0.359131 0.599609
s 1
usemtl Material_0
f 1/1/1 3696/2/2 1294/3/3
f 1294/3/3 2/4/4 1/1/1
f 1/4/1 4588/5/5 3/6/6
f 1/4/1 3/6/6 2/1/4
f 4/7/7 3384/8/8 5/9/9
f 6/10/10 4137/11/11 7/12/12
f 8/13/13 4333/14/14 4838/15/15
f 9/16/16 3521/17/17 10/18/18
f 4652/19/19 3302/20/20 11/21/21
f 11/22/21 12/23/22 4652/24/19
f 13/25/23 14/26/24 15/27/25
f 13/25/23 15/27/25 16/28/26
f 17/29/27 18/30/28 19/31/29
f 1357/32/30 4372/33/31 2092/34/32
f 4467/35/33 22/36/34 21/37/35
f 20/38/36 21/39/35 22/40/34
f 4834/41/37 23/42/38 24/43/39
f 4535/44/40 25/45/41 1884/46/42
f 25/45/41 4715/47/43 2291/48/44
f 3985/49/45 26/50/46 2866/51/47
f 26/50/46 3985/49/45 27/52/48
f 28/53/49 29/54/50 30/55/51
f 31/56/52 4528/57/53 32/58/54
f 2669/59/55 33/60/56 34/61/57
f 2142/62/58 2367/63/59 35/64/60
f 2633/65/61 36/66/62 37/67/63
f 2633/65/61 37/67/63 38/68/64
f 2971/69/65 3085/70/66 2972/71/67
f 39/72/68 1952/73/69 40/74/70
f 3939/75/71 41/76/72 42/77/73
f 43/78/74 898/79/75 44/80/76
f 45/81/77 46/82/78 47/83/79
f 48/84/80 49/85/81 50/86/82
f 51/87/83 3200/88/84 52/89/85
f 2247/90/86 53/91/87 581/92/88
f 54/93/89 55/94/90 56/95/91
f 57/96/92 55/94/90 54/93/89
f 56/95/91 55/94/90 58/97/93
f 3367/98/94 1182/99/95 4252/100/96
f 59/101/97 62/102/98 4452/103/99
f 62/102/98 60/104/100 61/105/101
f 60/104/100 62/102/98 59/101/97
f 62/106/98 63/107/102 4452/108/99
f 64/109/103 65/110/104 66/111/105
f 67/112/106 65/113/104 69/114/107
f 68/115/108 69/116/107 64/109/103
f 70/117/109 66/111/105 71/118/110
f 64/109/103 69/116/107 65/110/104
f 71/118/110 304/119/111 72/120/112
f 66/111/105 70/117/109 73/121/113
f 64/109/103 66/111/105 73/121/113
f 64/109/103 73/121/113 68/115/108
f 67/112/106 74/122/114 65/113/104
f 67/112/106 75/123/115 74/122/114
f 76/124/116 69/116/107 68/115/108
f 72/120/112 304/119/111 77/125/117
f 78/126/118 75/123/115 67/112/106
f 304/119/111 71/118/110 66/111/105
f 304/119/111 66/111/105 65/110/104
f 79/127/119 80/128/120 81/129/121
f 81/129/121 82/130/122 79/127/119
f 83/131/123 4930/132/124 84/133/125
f 85/134/126 84/135/125 4930/136/124
f 86/137/127 87/138/128 3370/139/129
f 86/137/127 3370/139/129 88/140/130
f 89/141/131 88/142/130 90/143/132
f 3200/88/84 91/144/133 52/89/85
f 92/145/134 93/146/135 94/147/136
f 95/148/137 4177/149/138 4351/150/139
f 96/151/140 97/152/141 98/153/142
f 3869/154/143 99/155/144 1944/156/145
f 100/157/146 626/158/147 101/159/148
f 102/160/149 627/161/150 103/162/151
f 665/163/152 2853/164/153 104/165/154
f 105/166/155 3006/167/156 2969/168/157
f 106/169/158 107/170/159 108/171/160
f 1999/172/161 109/173/162 110/174/163
f 111/175/164 112/176/165 113/177/166
f 2199/178/167 1653/179/168 658/180/169
f 114/181/170 581/92/88 53/91/87
f 115/182/171 116/183/172 117/184/173
f 118/185/174 119/186/175 3667/187/176
f 120/188/177 2301/189/178 121/190/179
f 120/188/177 121/190/179 4652/191/19
f 2938/192/180 122/193/181 123/194/182
f 124/195/183 125/196/184 126/197/185
f 4011/198/186 127/199/187 128/200/188
f 4786/201/189 129/202/190 130/203/191
f 2852/204/192 4138/205/193 97/206/141
f 131/207/194 132/208/195 133/209/196
f 134/210/197 135/211/198 4831/212/199
f 136/213/200 137/214/201 138/215/202
f 1024/216/203 139/217/204 140/218/205
f 3632/219/206 141/220/207 142/221/208
f 143/222/209 144/223/210 145/224/211
f 146/225/212 147/226/213 148/227/214
f 149/228/215 150/229/216 151/230/217
f 1951/231/218 152/232/219 4129/233/220
f 2808/234/221 3911/235/222 153/236/223
f 154/237/224 155/238/225 156/239/226
f 3272/240/227 1232/241/228 4505/242/229
f 4737/243/230 157/244/231 158/245/232
f 159/246/233 160/247/234 4141/248/235
f 2358/249/236 161/250/237 162/251/238
f 4088/252/239 163/253/240 32/58/54
f 3335/254/241 164/255/242 165/256/243
f 166/257/244 4500/258/245 3933/259/246
f 3924/260/247 167/261/248 168/262/249
f 4784/263/250 169/264/251 4402/265/252
f 4898/266/253 2392/267/254 170/268/255
f 171/269/256 172/270/257 173/271/258
f 2579/272/259 2296/273/260 174/274/261
f 175/275/262 3870/276/263 3579/277/264
f 176/278/265 177/279/266 178/280/267
f 3033/281/268 4172/282/269 3829/283/270
f 179/284/271 180/285/272 181/286/273
f 3642/287/274 182/288/275 2001/289/276
f 183/290/277 4911/291/278 184/292/279
f 185/293/280 186/294/281 187/295/282
f 188/296/283 189/297/284 4334/298/285
f 1398/299/286 1400/300/287 190/301/288
f 191/302/289 1014/303/290 192/304/291
f 193/305/292 194/306/293 195/307/294
f 196/308/295 197/309/296 4615/310/297
f 198/311/298 4778/312/299 4835/313/300
f 199/314/301 200/315/302 201/316/303
f 202/317/304 203/318/305 1123/319/306
f 2038/320/307 204/321/308 205/322/309
f 206/323/310 207/324/311 208/325/312
f 4708/326/313 4829/327/314 4029/328/315
f 2708/329/316 209/330/317 210/331/318
f 211/332/319 3347/333/320 212/334/321
f 213/335/322 214/336/323 215/337/324
f 216/338/325 217/339/326 218/340/327
f 3051/341/328 219/342/329 4674/343/330
f 220/344/331 221/345/332 222/346/333
f 223/347/334 224/348/335 3285/349/336
f 4803/350/337 225/351/338 4616/352/339
f 3017/353/340 226/354/341 783/355/342
f 227/356/343 57/96/92 53/91/87
f 228/357/344 229/358/345 2368/359/346
f 228/357/344 2368/359/346 3611/360/347
f 230/361/348 231/362/349 232/363/350
f 233/364/351 4135/365/352 234/366/353
f 235/367/354 236/368/355 237/369/356
f 4243/370/357 2970/371/358 238/372/359
f 239/373/360 4840/374/361 240/375/362
f 241/376/363 242/377/364 4391/378/365
f 4228/379/366 243/380/367 244/381/368
f 245/382/369 246/383/370 3893/384/371
f 247/385/372 4842/386/373 249/387/374
f 248/388/375 247/389/372 249/390/374
f 250/391/376 251/392/377 252/393/378
f 253/394/379 254/395/380 255/396/381
f 142/221/208 141/220/207 4841/397/382
f 256/398/383 257/399/384 258/400/385
f 4214/401/386 4213/402/387 1882/403/388
f 259/404/389 260/405/390 261/406/391
f 2417/407/392 2655/408/393 262/409/394
f 263/410/395 264/411/396 4046/412/397
f 265/413/398 4919/414/399 248/388/375
f 266/415/400 3426/416/401 3427/417/402
f 267/418/403 39/72/68 268/419/404
f 269/420/405 270/421/406 4518/422/407
f 1327/423/408 4494/424/409 271/425/410
f 272/426/411 273/427/412 274/428/413
f 275/429/414 276/430/415 3744/431/416
f 277/432/417 278/433/418 279/434/419
f 280/435/420 281/436/421 282/437/422
f 3830/438/423 283/439/424 3700/440/425
f 4666/441/426 4509/442/427 3968/443/428
f 127/199/187 1133/444/429 284/445/430
f 4628/446/431 4624/447/432 285/448/433
f 4216/449/434 286/450/435 4418/451/436
f 287/452/437 288/453/438 4716/454/439
f 2733/455/440 289/456/441 290/457/442
f 291/458/443 292/459/444 293/460/445
f 1668/461/446 1961/462/447 1295/463/448
f 294/464/449 295/465/450 296/466/451
f 297/467/452 298/468/453 299/469/454
f 300/470/455 301/471/456 302/472/457
f 303/473/458 408/474/459 407/475/460
f 65/113/104 74/122/114 304/476/111
f 3253/477/461 305/478/462 306/479/463
f 300/470/455 302/472/457 3202/480/464
f 4860/481/465 3092/482/466 307/483/467
f 821/484/468 308/485/469 2047/486/470
f 600/487/471 309/488/472 310/489/473
f 303/473/458 927/490/474 311/491/475
f 4070/492/476 3796/493/477 312/494/478
f 313/495/479 1130/496/480 314/497/481
f 315/498/482 316/499/483 575/500/484
f 4816/501/485 4460/502/486 3471/503/487
f 1003/504/488 317/505/489 1541/506/490
f 318/507/491 1003/504/488 1541/506/490
f 319/508/492 320/509/493 321/510/494
f 322/511/495 2136/512/496 323/513/497
f 324/514/498 325/515/499 326/516/500
f 327/517/501 1282/518/502 1281/519/503
f 376/520/504 2582/521/505 328/522/506
f 329/523/507 849/524/508 3885/525/509
f 330/526/510 331/527/511 332/528/512
f 333/529/513 2004/530/514 3248/531/515
f 789/532/516 4033/533/517 334/534/518
f 3329/535/519 3612/536/520 2912/537/521
f 3579/277/264 335/538/522 336/539/523
f 337/540/524 3579/277/264 336/539/523
f 338/541/525 339/542/526 340/543/527
f 341/544/528 342/545/529 343/546/530
f 344/547/531 345/548/532 346/549/533
f 347/550/534 348/551/535 4896/552/536
f 349/553/537 350/554/538 4718/555/539
f 1948/556/540 4760/557/541 351/558/542
f 4612/559/543 352/560/544 353/561/545
f 2970/562/358 4090/563/546 354/564/547
f 150/229/216 355/565/548 356/566/549
f 357/567/550 358/568/551 359/569/552
f 4530/570/553 360/571/554 361/572/555
f 2272/573/556 362/574/557 363/575/558
f 364/576/559 365/577/560 3971/578/561
f 366/579/562 4755/580/563 2808/234/221
f 1386/581/564 2395/582/565 192/304/291
f 3339/583/566 367/584/567 3287/585/568
f 368/586/569 2275/587/570 369/588/571
f 3853/589/572 240/375/362 4840/374/361
f 370/590/573 371/591/574 372/592/575
f 373/593/576 370/590/573 372/592/575
f 4027/594/577 2306/595/578 4028/596/579
f 1542/597/580 374/598/581 375/599/582
f 376/600/504 377/601/583 378/602/584
f 4011/603/186 379/604/585 380/605/586
f 381/606/587 382/607/588 383/608/589
f 384/609/590 385/610/591 386/611/592
f 387/612/593 203/613/305 583/614/594
f 4034/615/595 388/616/596 389/617/597
f 336/539/523 335/538/522 390/618/598
f 770/619/599 391/620/600 392/621/601
f 3842/622/602 393/623/603 3852/624/604
f 394/625/605 24/43/39 23/42/38
f 395/626/606 396/627/607 397/628/608
f 398/629/609 399/630/610 400/631/611
f 401/632/612 4255/633/613 402/634/614
f 4688/635/615 403/636/616 2313/637/617
f 404/638/618 405/639/619 406/640/620
f 1689/641/621 407/642/460 408/643/459
f 409/644/622 4429/645/623 1925/646/624
f 410/647/625 411/648/626 412/649/627
f 413/650/628 414/651/629 415/652/630
f 416/653/631 417/654/632 3365/655/633
f 3465/656/634 4423/657/635 267/658/403
f 418/659/636 419/660/637 420/661/638
f 421/662/639 422/663/640 423/664/641
f 3653/665/642 424/666/643 425/667/644
f 426/668/645 427/669/646 428/670/647
f 429/671/648 3823/672/649 430/673/650
f 431/674/651 328/522/506 432/675/652
f 3867/676/653 1551/677/654 433/678/655
f 434/679/656 435/680/657 436/681/658
f 2684/682/659 437/683/660 7/12/12
f 4006/684/661 4188/685/662 3088/686/663
f 438/687/664 439/688/665 440/689/666
f 4055/690/667 441/691/668 442/692/669
f 3886/693/670 443/694/671 3214/695/672
f 444/696/673 445/697/674 446/698/675
f 447/699/676 448/700/677 449/701/678
f 450/702/679 451/703/680 1387/704/681
f 452/705/682 453/706/683 454/707/684
f 455/708/685 456/709/686 457/710/687
f 458/711/688 459/712/689 460/713/690
f 4511/714/691 4445/715/692 461/716/693
f 4137/11/11 6/10/10 462/717/694
f 463/718/695 464/719/696 236/368/355
f 465/720/697 466/721/698 467/722/699
f 468/723/700 3552/724/701 469/725/702
f 470/726/703 471/727/704 472/728/705
f 473/729/706 2596/730/707 1077/731/708
f 937/732/709 474/733/710 953/734/711
f 240/735/362 3853/736/572 3855/737/712
f 4726/738/713 1056/739/714 475/740/715
f 260/741/390 4726/738/713 475/740/715
f 476/742/716 2943/743/717 3150/744/718
f 4372/33/31 477/745/719 478/746/720
f 4372/747/31 478/748/720 479/749/721
f 480/750/722 552/751/723 4699/752/724
f 481/753/725 482/754/726 483/755/727
f 484/756/728 1185/757/729 485/758/730
f 484/756/728 485/758/730 486/759/731
f 487/760/732 488/761/733 489/762/734
f 490/763/735 491/764/736 2812/765/737
f 492/766/738 3250/767/739 493/768/740
f 494/769/741 495/770/742 496/771/743
f 230/361/348 497/772/744 498/773/745
f 1104/774/746 499/775/747 3170/776/748
f 3867/676/653 433/678/655 500/777/749
f 501/778/750 3387/779/751 2241/780/752
f 502/781/753 503/782/754 504/783/755
f 505/784/756 1776/785/757 506/786/758
f 507/787/759 508/788/760 509/789/761
f 4375/790/762 510/791/763 511/792/764
f 3988/793/765 3409/794/766 512/795/767
f 513/796/768 514/797/769 845/798/770
f 515/799/771 516/800/772 517/801/773
f 665/163/152 104/165/154 4138/205/193
f 518/802/774 519/803/775 520/804/776
f 521/805/777 522/806/778 523/807/779
f 524/808/780 525/809/781 526/810/782
f 527/811/783 528/812/784 529/813/785
f 530/814/786 4785/815/787 2857/816/788
f 3168/817/789 531/818/790 3971/819/561
f 330/820/510 532/821/791 533/822/792
f 534/823/793 535/824/794 2604/825/795
f 536/826/796 191/827/289 537/828/797
f 538/829/798 539/830/799 92/145/134
f 4048/831/800 540/832/801 3960/833/802
f 2558/834/803 541/835/804 4553/836/805
f 542/837/806 543/838/807 521/805/777
f 4187/839/808 544/840/809 1932/841/810
f 545/842/811 546/843/812 547/844/813
f 548/845/814 549/846/815 3940/847/816
f 801/848/817 550/849/818 551/850/819
f 552/851/723 722/852/820 553/853/821
f 4100/854/822 554/855/823 2026/856/824
f 2129/857/825 1021/858/826 555/859/827
f 556/860/828 557/861/829 558/862/830
f 4755/863/563 2368/359/346 229/358/345
f 4720/864/831 4719/865/832 559/866/833
f 116/867/172 560/868/834 3274/869/835
f 561/870/836 562/871/837 4304/872/838
f 4268/873/839 563/874/840 564/875/841
f 565/876/842 566/877/843 3192/878/844
f 567/879/845 4773/880/846 2592/881/847
f 2835/882/848 4758/883/849 568/884/850
f 569/885/851 570/886/852 802/887/853
f 571/888/854 572/889/855 573/890/856
f 574/891/857 2067/892/858 575/893/484
f 576/894/859 577/895/860 578/896/861
f 4352/897/862 201/316/303 579/898/863
f 580/899/864 3434/900/865 581/901/88
f 582/902/866 472/728/705 322/903/495
f 202/317/304 583/904/594 203/318/305
f 584/905/867 585/906/868 586/907/869
f 969/908/870 587/909/871 4303/910/872
f 4598/911/873 588/912/874 589/913/875
f 590/914/876 1640/915/877 591/916/878
f 592/917/879 185/918/280 593/919/880
f 594/920/881 595/921/882 596/922/883
f 4890/923/884 597/924/885 4891/925/886
f 598/926/887 404/638/618 4847/927/888
f 599/928/889 600/929/471 4694/930/890
f 4297/931/891 601/932/892 602/933/893
f 4627/934/894 3181/935/895 2411/936/896
f 480/750/722 4699/752/724 603/937/897
f 604/938/898 4907/939/899 4173/940/900
f 605/941/901 4265/942/902 606/943/903
f 607/944/904 608/945/905 609/946/906
f 610/947/907 611/948/908 612/949/909
f 4832/950/910 4670/951/911 4435/952/912
f 2588/953/913 613/954/914 614/955/915
f 615/956/916 616/957/917 617/958/918
f 618/959/919 1737/960/920 619/961/921
f 1772/962/922 620/963/923 621/964/924
f 622/965/925 623/966/926 624/967/927
f 625/968/928 3292/969/929 626/970/147
f 627/971/150 4888/972/930 628/973/931
f 629/974/932 4330/975/933 630/976/934
f 631/977/935 4747/978/936 632/979/937
f 4566/980/938 633/981/939 634/982/940
f 757/983/941 2833/984/942 1494/985/943
f 635/986/944 636/987/945 637/988/946
f 638/989/947 3812/990/948 639/991/949
f 4787/992/950 4608/993/951 4609/994/952
f 2974/995/953 4906/996/954 433/678/655
f 640/997/955 641/998/956 642/999/957
f 643/1000/958 593/919/880 644/1001/959
f 4216/449/434 4418/451/436 100/1002/146
f 4136/1003/960 4686/1004/961 645/1005/962
f 646/1006/963 647/1007/964 998/1008/965
f 4878/1009/966 648/1010/967 4554/1011/968
f 1835/1012/969 3805/1013/970 649/1014/971
f 3350/1015/972 3837/1016/973 650/1017/974
f 3887/1018/975 3044/1019/976 651/1020/977
f 652/1021/978 653/1022/979 654/1023/980
f 655/1024/981 656/1025/982 657/1026/983
f 658/1027/169 3710/1028/984 659/1029/985
f 3058/1030/986 1739/1031/987 660/1032/988
f 4007/1033/989 661/1034/990 662/1035/991
f 243/380/367 1501/1036/992 663/1037/993
f 1933/1038/994 1932/1039/810 544/1040/809
f 4764/1041/995 664/1042/996 2852/1043/192
f 4764/1044/995 2852/1045/192 665/1046/152
f 666/1047/997 667/1048/998 4666/441/426
f 668/1049/999 669/1050/1000 4142/1051/1001
f 670/1052/1002 671/1053/1003 1292/1054/1004
f 4194/1055/1005 1191/1056/1006 1356/1057/1007
f 1307/1058/1008 3247/1059/1009 672/1060/1010
f 673/1061/1011 674/1062/1012 1902/1063/1013
f 1748/1064/1014 870/1065/1015 675/1066/1016
f 676/1067/1017 3532/1068/1018 677/1069/1019
f 678/1070/1020 4844/1071/1021 1939/1072/1022
f 679/1073/1023 680/1074/1024 681/1075/1025
f 517/801/773 682/1076/1026 83/131/123
f 683/1077/1027 3621/1078/1028 3622/1079/1029
f 200/315/302 199/314/301 3360/1080/1030
f 684/1081/1031 685/1082/1032 686/1083/1033
f 1639/1084/1034 687/1085/1035 1570/1086/1036
f 615/956/916 617/958/918 688/1087/1037
f 1347/1088/1038 689/1089/1039 690/1090/1040
f 691/1091/1041 692/1092/1042 4762/1093/1043
f 1438/1094/1044 693/1095/1045 1439/1096/1046
f 694/1097/1047 695/1098/1048 2126/1099/1049
f 696/1100/1050 697/1101/1051 4610/1102/1052
f 698/1103/1053 1347/1104/1038 699/1105/1054
f 700/1106/1055 701/1107/1056 1962/1108/1057
f 702/1109/1058 703/1110/1059 612/1111/909
f 2715/1112/1060 704/1113/1061 1442/1114/1062
f 705/1115/1063 706/1116/1064 707/1117/1065
f 906/1118/1066 708/1119/1067 2770/1120/1068
f 749/1121/1069 709/1122/1070 710/1123/1071
f 3329/1124/519 2912/1125/521 711/1126/1072
f 4644/1127/1073 712/1128/1074 713/1129/1075
f 714/1130/1076 715/1131/1077 2076/1132/1078
f 4787/992/950 1362/1133/1079 716/1134/1080
f 717/1135/1081 4842/1136/373 718/1137/1082
f 719/1138/1083 3693/1139/1084 3416/1140/1085
f 3986/1141/1086 291/458/443 3952/1142/1087
f 4098/1143/1088 3781/1144/1089 720/1145/1090
f 4484/1146/1091 1998/1147/1092 721/1148/1093
f 722/1149/820 2199/178/167 658/180/169
f 4127/1150/1094 723/1151/1095 1815/1152/1096
f 724/1153/1097 725/1154/1098 726/1155/1099
f 3357/1156/1100 3928/1157/1101 4380/1158/1102
f 727/1159/1103 728/1160/1104 4441/1161/1105
f 211/332/319 729/1162/1106 730/1163/1107
f 637/988/946 4338/1164/1108 731/1165/1109
f 3926/1166/1110 4432/1167/1111 4216/1168/434
f 4197/1169/1112 732/1170/1113 733/1171/1114
f 734/1172/1115 1030/1173/1116 735/1174/1117
f 3046/1175/1118 4531/1176/1119 736/1177/1120
f 737/1178/1121 1436/1179/1122 738/1180/1123
f 4361/1181/1124 271/425/410 739/1182/1125
f 740/1183/1126 741/1184/1127 4262/1185/1128
f 742/1186/1129 4382/1187/1130 704/1188/1061
f 743/1189/1131 744/1190/1132 745/1191/1133
f 746/1192/1134 216/338/325 1908/1193/1135
f 747/1194/1136 748/1195/1137 749/1196/1069
f 4259/1197/1138 750/1198/1139 751/1199/1140
f 686/1083/1033 752/1200/1141 753/1201/1142
f 754/1202/1143 173/271/258 3956/1203/1144
f 755/1204/1145 756/1205/1146 4308/1206/1147
f 757/1207/941 758/1208/1148 18/1209/28
f 2106/1210/1149 759/1211/1150 760/1212/1151
f 761/1213/1152 762/1214/1153 4904/1215/1154
f 659/1029/985 763/1216/1155 764/1217/1156
f 765/1218/1157 766/1219/1158 767/1220/1159
f 768/1221/1160 4347/1222/1161 769/1223/1162
f 3574/1224/1163 770/1225/599 1414/1226/1164
f 2427/1227/1165 771/1228/1166 494/769/741
f 4496/1229/1167 772/1230/1168 2584/1231/1169
f 773/1232/1170 774/1233/1171 4366/1234/1172
f 775/1235/1173 4123/1236/1174 776/1237/1175
f 777/1238/1176 4273/1239/1177 1383/1240/1178
f 706/1116/1064 3009/1241/1179 778/1242/1180
f 4754/1243/1181 4772/1244/1182 779/1245/1183
f 780/1246/1184 781/1247/1185 782/1248/1186
f 783/1249/342 2235/1250/1187 784/1251/1188
f 785/1252/1189 4524/1253/1190 2634/1254/1191
f 786/1255/1192 787/1256/1193 448/700/677
f 788/1257/1194 789/1258/516 1717/1259/1195
f 790/1260/1196 4422/1261/1197 1994/1262/1198
f 791/1263/1199 792/1264/1200 793/1265/1201
f 330/526/510 1903/1266/1202 331/527/511
f 794/1267/1203 795/1268/1204 796/1269/1205
f 1311/1270/1206 797/1271/1207 798/1272/1208
f 4278/1273/1209 3897/1274/1210 2090/1275/1211
f 799/1276/1212 800/1277/1213 801/1278/817
f 1045/1279/1214 569/1280/851 802/1281/853
f 511/792/764 803/1282/1215 4905/1283/1216
f 804/1284/1217 805/1285/1218 806/1286/1219
f 3652/1287/1220 3651/1288/1221 807/1289/1222
f 808/1290/1223 809/1291/1224 810/1292/1225
f 811/1293/1226 1388/1294/1227 812/1295/1228
f 813/1296/1229 1705/1297/1230 814/1298/1231
f 815/1299/1232 816/1300/1233 817/1301/1234
f 1537/1302/1235 818/1303/1236 2980/1304/1237
f 4730/1305/1238 819/1306/1239 820/1307/1240
f 821/1308/468 822/1309/1241 1094/1310/1242
f 4424/1311/1243 823/1312/1244 824/1313/1245
f 712/1128/1074 825/1314/1246 826/1315/1247
f 537/828/797 191/827/289 827/1316/1248
f 828/1317/1249 1892/1318/1250 453/1319/683
f 8/13/13 2758/1320/1251 2757/1321/1252
f 627/971/150 628/973/931 538/829/798
f 829/1322/1253 830/1323/1254 831/1324/1255
f 832/1325/1256 178/1326/267 2026/1327/824
f 833/1328/1257 834/1329/1258 673/1061/1011
f 835/1330/1259 2144/1331/1260 836/1332/1261
f 837/1333/1262 838/1334/1263 839/1335/1264
f 840/1336/1265 841/1337/1266 3588/1338/1267
f 842/1339/1268 843/1340/1269 844/1341/1270
f 845/1342/770 846/1343/1271 488/761/733
f 847/1344/1272 848/1345/1273 849/1346/508
f 234/1347/353 291/458/443 3986/1141/1086
f 850/1348/1274 851/1349/1275 232/363/350
f 852/1350/1276 1742/1351/1277 4641/1352/1278
f 853/1353/1279 854/1354/1280 542/837/806
f 855/1355/1281 887/1356/1282 772/1230/1168
f 1525/1357/1283 856/1358/1284 4850/1359/1285
f 600/487/471 121/1360/179 309/488/472
f 857/1361/1286 858/1362/1287 859/1363/1288
f 860/1364/1289 3900/1365/1290 861/1366/1291
f 2078/1367/1292 862/1368/1293 3709/1369/1294
f 1460/1370/1295 863/1371/1296 2869/1372/1297
f 864/1373/1298 808/1290/1223 810/1292/1225
f 865/1374/1299 866/1375/1300 181/286/273
f 352/560/544 365/577/560 353/561/545
f 867/1376/1301 868/1377/1302 869/1378/1303
f 870/1379/1015 871/1380/1304 854/1354/1280
f 3508/1381/1305 122/193/181 2938/192/180
f 872/1382/1306 4466/1383/1307 873/1384/1308
f 874/1385/1309 3748/1386/1310 1617/1387/1311
f 875/1388/1312 876/1389/1313 877/1390/1314
f 2902/1391/1315 875/1388/1312 877/1390/1314
f 878/1392/1316 4932/1393/1317 4736/1394/1318
f 2669/1395/55 430/1396/650 3747/1397/1319
f 1432/1398/1320 4734/1399/1321 879/1400/1322
f 2723/1401/1323 4439/1402/1324 4104/1403/1325
f 880/1404/1326 263/1405/395 881/1406/1327
f 882/1407/1328 883/1408/1329 3731/1409/1330
f 4195/1410/1331 884/1411/1332 885/1412/1333
f 886/1413/1334 4770/1414/1335 887/1415/1282
f 888/1416/1336 334/1417/518 889/1418/1337
f 1492/1419/1338 890/1420/1339 2467/1421/1340
f 891/1422/1341 892/1423/1342 893/1424/1343
f 894/1425/1344 895/1426/1345 4605/1427/1346
f 76/124/116 68/115/108 896/1428/1347
f 2592/1429/847 897/1430/1348 339/542/526
f 3836/1431/1349 898/1432/75 899/1433/1350
f 2415/1434/1351 4164/1435/1352 903/1436/1353
f 900/1437/1354 4115/1438/1355 901/1439/1356
f 228/357/344 3611/360/347 3610/1440/1357
f 2904/1441/1358 902/1442/1359 903/1443/1353
f 904/1444/1360 905/1445/1361 906/1446/1066
f 2690/1447/1362 907/1448/1363 908/1449/1364
f 909/1450/1365 910/1451/1366 1795/1452/1367
f 911/1453/1368 912/1454/1369 913/1455/1370
f 914/1456/1371 915/1457/1372 916/1458/1373
f 286/450/435 625/968/928 4418/451/436
f 917/1459/1374 4324/1460/1375 4897/1461/1376
f 918/1462/1377 919/1463/1378 920/1464/1379
f 139/217/204 921/1465/1380 140/218/205
f 922/1466/1381 923/1467/1382 3067/1468/1383
f 924/1469/1384 925/1470/1385 926/1471/1386
f 927/1472/474 928/1473/1387 929/1474/1388
f 930/1475/1389 4809/1476/1390 931/1477/1391
f 932/1478/1392 933/1479/1393 934/1480/1394
f 935/1481/1395 936/1482/1396 937/1483/709
f 3646/1484/1397 2578/1485/1398 391/620/600
f 938/1486/1399 939/1487/1400 940/1488/1401
f 941/1489/1402 175/1490/262 942/1491/1403
f 4932/1492/1317 4506/1493/1404 943/1494/1405
f 944/1495/1406 945/1496/1407 2229/1497/1408
f 946/1498/1409 575/500/484 2067/1499/858
f 947/1500/1410 948/1501/1411 287/1502/437
f 949/1503/1412 3899/1504/1413 3419/1505/1414
f 950/1506/1415 2937/1507/1416 2938/192/180
f 758/1208/1148 951/1508/1417 952/1509/1418
f 4214/1510/386 2332/1511/1419 1912/1512/1420
f 935/1481/1395 937/1483/709 953/1513/711
f 954/1514/1421 702/1109/1058 955/1515/1422
f 956/1516/1423 3316/1517/1424 4195/1410/1331
f 690/1518/1040 222/346/333 340/543/527
f 957/1519/1425 180/285/272 938/1486/1399
f 958/1520/1426 959/1521/1427 960/1522/1428
f 595/921/882 1858/1523/1429 4410/1524/1430
f 961/1525/1431 962/1526/1432 2906/1527/1433
f 4923/1528/1434 1293/1529/1435 4258/1530/1436
f 963/1531/1437 964/1532/1438 965/1533/1439
f 4186/1534/1440 966/1535/1441 2900/1536/1442
f 2447/1537/1443 967/1538/1444 968/1539/1445
f 4048/831/800 969/1540/870 970/1541/1446
f 321/1542/494 971/1543/1447 566/1544/843
f 3155/1545/1448 4040/1546/1449 972/1547/1450
f 973/1548/1451 3652/1287/1220 807/1289/1222
f 974/1549/1452 2549/1550/1453 4504/1551/1454
f 975/1552/1455 3094/1553/1456 976/1554/1457
f 2024/1555/1458 977/1556/1459 2442/1557/1460
f 4042/1558/1461 978/1559/1462 4043/1560/1463
f 4731/1561/1464 979/1562/1465 980/1563/1466
f 981/1564/1467 982/1565/1468 983/1566/1469
f 984/1567/1470 164/1568/242 3965/1569/1471
f 985/1570/1472 3586/1571/1473 986/1572/1474
f 881/1406/1327 263/1405/395 4046/1573/397
f 987/1574/1475 1612/1575/1476 988/1576/1477
f 989/1577/1478 990/1578/1479 4490/1579/1480
f 4496/1229/1167 991/1580/1481 4075/1581/1482
f 772/1230/1168 4496/1229/1167 4075/1581/1482
f 41/76/72 576/894/859 992/1582/1483
f 16/28/26 1051/1583/1484 4446/1584/1485
f 1919/1585/1486 20/38/36 993/1586/1487
f 994/1587/1488 995/1588/1489 1391/1589/1490
f 996/1590/1491 997/1591/1492 4783/1592/1493
f 3289/1593/1494 998/1594/965 647/1595/964
f 999/1596/1495 1000/1597/1496 1001/1598/1497
f 1002/1599/1498 4398/1600/1499 878/1392/1316
f 1003/1601/488 318/1602/491 1004/1603/1500
f 3802/1604/1501 1005/1605/1502 3803/1606/1503
f 572/889/855 3178/1607/1504 4133/1608/1505
f 1006/1609/1506 1007/1610/1507 1008/1611/1508
f 4693/1612/1509 1009/1613/1510 1010/1614/1511
f 1011/1615/1512 1012/1616/1513 1013/1617/1514
f 450/702/679 1387/704/681 1014/1618/290
f 1015/1619/1515 450/702/679 1014/1618/290
f 1016/1620/1516 1017/1621/1517 1018/1622/1518
f 1019/1623/1519 1020/1624/1520 1021/1625/826
f 1022/1626/1521 1023/1627/1522 1024/1628/203
f 1025/1629/1523 1026/1630/1524 1027/1631/1525
f 2980/1632/1237 4271/1633/1526 1028/1634/1527
f 1029/1635/1528 1030/1636/1116 734/1637/1115
f 1031/1638/1529 3764/1639/1530 1032/1640/1531
f 1247/1641/1532 1028/1642/1527 1033/1643/1533
f 1034/1644/1534 1473/1645/1535 1035/1646/1536
f 1036/1647/1537 1037/1648/1538 1038/1649/1539
f 1039/1650/1540 1040/1651/1541 2644/1652/1542
f 1041/1653/1543 3286/1654/1544 1042/1655/1545
f 1043/1656/1546 4799/1657/1547 1044/1658/1548
f 802/1659/853 4330/1660/933 1045/1661/1214
f 1046/1662/1549 1047/1663/1550 2590/1664/1551
f 1048/1665/1552 1049/1666/1553 116/867/172
f 2135/1667/1554 1050/1668/1555 4817/1669/1556
f 1051/1670/1484 1052/1671/1557 1053/1672/1558
f 684/1081/1031 837/1333/1262 839/1335/1264
f 1054/1673/1559 1055/1674/1560 1056/1675/714
f 69/114/107 76/1676/116 1057/1677/1561
f 1058/1678/1562 1013/1617/1514 1059/1679/1563
f 1060/1680/1564 1061/1681/1565 1062/1682/1566
f 3459/1683/1567 1482/1684/1568 1063/1685/1569
f 1064/1686/1570 1065/1687/1571 2185/1688/1572
f 1066/1689/1573 4529/1690/1574 3821/1691/1575
f 8/13/13 1067/1692/1576 2758/1320/1251
f 984/1567/1470 1068/1693/1577 1069/1694/1578
f 1070/1695/1579 1071/1696/1580 2695/1697/1581
f 1608/1698/1582 1072/1699/1583 1073/1700/1584
f 1999/172/161 1074/1701/1585 2259/1702/1586
f 1075/1703/1587 1076/1704/1588 4728/1705/1589
f 1032/1640/1531 1077/1706/708 4429/1707/623
f 3096/1708/1590 1078/1709/1591 1079/1710/1592
f 1080/1711/1593 3130/1712/1594 1081/1713/1595
f 332/528/512 331/527/511 1082/1714/1596
f 3181/935/895 1083/1715/1597 3910/1716/1598
f 1084/1717/1599 1085/1718/1600 1086/1719/1601
f 1087/1720/1602 3960/1721/802 1088/1722/1603
f 2029/1723/1604 1089/1724/1605 4633/1725/1606
f 1090/1726/1607 3180/1727/1608 4627/934/894
f 4469/1728/1609 4862/1729/1610 4362/1730/1611
f 1091/1731/1612 1092/1732/1613 4476/1733/1614
f 108/1734/160 997/1591/1492 996/1590/1491
f 815/1299/1232 966/1535/1441 1314/1735/1615
f 1093/1736/1616 1094/1737/1242 1095/1738/1617
f 1096/1739/1618 1097/1740/1619 2243/1741/1620
f 1098/1742/1621 2622/1743/1622 4806/1744/1623
f 3502/1745/1624 1099/1746/1625 1586/1747/1626
f 1100/1748/1627 1197/1749/1628 3018/1750/1629
f 172/1751/257 1101/1752/1630 4285/1753/1631
f 1102/1754/1632 1103/1755/1633 1104/1756/746
f 3607/1757/1634 2384/1758/1635 2383/1759/1636
f 1105/1760/1637 1106/1761/1638 1107/1762/1639
f 1108/1763/1640 1109/1764/1641 1110/1765/1642
f 1111/1766/1643 1112/1767/1644 1113/1768/1645
f 1114/1769/1646 1115/1770/1647 1116/1771/1648
f 3152/1772/1649 1117/1773/1650 1115/1770/1647
f 1118/1774/1651 1119/1775/1652 1120/1776/1653
f 1121/1777/1654 391/620/600 3574/1778/1163
f 1122/1779/1655 1128/1780/1656 1123/1781/306
f 1124/1782/1657 253/394/379 1125/1783/1658
f 1126/1784/1659 1127/1785/1660 3319/1786/1661
f 202/317/304 1123/319/306 1128/1787/1656
f 1129/1788/1662 409/644/622 1925/646/624
f 3044/1789/976 4678/1790/1663 4677/1791/1664
f 1130/1792/480 1131/1793/1665 1132/1794/1666
f 1133/1795/429 1134/1796/1667 2182/1797/1668
f 4448/1798/1669 1496/1799/1670 1135/1800/1671
f 1136/1801/1672 4641/1352/1278 1137/1802/1673
f 3184/1803/1674 1138/1804/1675 1139/1805/1676
f 1140/1806/1677 1141/1807/1678 1142/1808/1679
f 1143/1809/1680 1144/1810/1681 1145/1811/1682
f 1143/1809/1680 1145/1811/1682 1146/1812/1683
f 1147/1813/1684 59/101/97 4452/103/99
f 787/1256/1193 1148/1814/1685 1986/1815/1686
f 3120/1816/1687 1149/1817/1688 1329/1818/1689
f 3907/1819/1690 2146/1820/1691 1150/1821/1692
f 1151/1822/1693 1152/1823/1694 1153/1824/1695
f 1154/1825/1696 1155/1826/1697 1156/1827/1698
f 1157/1828/1699 1158/1829/1700 1159/1830/1701
f 681/1831/1025 369/1832/571 1280/1833/1702
f 1160/1834/1703 635/986/944 1161/1835/1704
f 4548/1836/1705 1162/1837/1706 2250/1838/1707
f 1163/1839/1708 4261/1840/1709 1164/1841/1710
f 1165/1842/1711 1166/1843/1712 4651/1844/1713
f 1167/1845/1714 1168/1846/1715 1169/1847/1716
f 4812/1848/1717 4220/1849/1718 1170/1850/1719
f 1171/1851/1720 1172/1852/1721 1173/1853/1722
f 1174/1854/1723 1175/1855/1724 1176/1856/1725
f 3794/1857/1726 1177/1858/1727 1178/1859/1728
f 1179/1860/1729 1436/1861/1122 1977/1862/1730
f 1180/1863/1731 1181/1864/1732 1182/1865/95
f 1183/1866/1733 3548/1867/1734 4861/1868/1735
f 1184/1869/1736 1185/1870/729 1186/1871/1737
f 3288/1872/1738 1187/1873/1739 1688/1874/1740
f 1188/1875/1741 1189/1876/1742 1190/1877/1743
f 1191/1878/1006 477/745/719 1357/32/30
f 1192/1879/1744 593/1880/880 577/895/860
f 2035/1881/1745 4302/1882/1746 1193/1883/1747
f 723/1151/1095 840/1336/1265 1815/1152/1096
f 4906/996/954 1194/1884/1748 500/777/749
f 1195/1885/1749 4799/1657/1547 1043/1656/1546
f 520/1886/776 1196/1887/1750 1197/1888/1628
f 1198/1889/1751 1199/1890/1752 2602/1891/1753
f 1200/1892/1754 1452/1893/1755 561/870/836
f 633/981/939 1201/1894/1756 634/982/940
f 4733/1895/1757 1620/1896/1758 1202/1897/1759
f 1203/1898/1760 1204/1899/1761 733/1171/1114
f 3973/1900/1762 1205/1901/1763 1353/1902/1764
f 1178/1859/1728 1177/1858/1727 1206/1903/1765
f 3998/1904/1766 3719/1905/1767 1436/1179/1122
f 1672/1906/1768 2107/1907/1769 3216/1908/1770
f 1207/1909/1771 1208/1910/1772 1209/1911/1773
f 4042/1558/1461 524/808/780 978/1559/1462
f 1210/1912/1774 1211/1913/1775 1212/1914/1776
f 3148/1915/1777 896/1428/1347 4870/1916/1778
f 4498/1917/1779 1213/1918/1780 1214/1919/1781
f 932/1478/1392 481/1920/725 1215/1921/1782
f 1875/1922/1783 194/306/293 193/305/292
f 74/122/114 75/123/115 78/126/118
f 1216/1923/1784 1217/1924/1785 1218/1925/1786
f 1219/1926/1787 1220/1927/1788 1221/1928/1789
f 3199/1929/1790 1222/1930/1791 811/1931/1226
f 492/766/738 493/768/740 1223/1932/1792
f 1224/1933/1793 1225/1934/1794 1497/1935/1795
f 1226/1936/1796 1227/1937/1797 1228/1938/1798
f 2276/1939/1799 1229/1940/1800 4555/1941/1801
f 1230/1942/1802 1231/1943/1803 3959/1944/1804
f 1034/1644/1534 1035/1646/1536 1232/1945/228
f 3279/1946/1805 1233/1947/1806 1234/1948/1807
f 968/1539/1445 967/1538/1444 2029/1949/1604
f 787/1256/1193 1235/1950/1808 448/700/677
f 1236/1951/1809 4513/1952/1810 563/874/840
f 485/758/730 1237/1953/1811 1238/1954/1812
f 1239/1955/1813 1240/1956/1814 432/675/652
f 1239/1955/1813 432/675/652 382/607/588
f 4288/1957/1815 1685/1958/1816 1241/1959/1817
f 3911/1960/222 1242/1961/1818 1659/1962/1819
f 672/1963/1010 4184/1964/1820 1145/1811/1682
f 1243/1965/1821 1125/1966/1658 1244/1967/1822
f 2329/1968/1823 310/1969/473 3987/1970/1824
f 1245/1971/1825 1246/1972/1826 1247/1973/1532
f 1425/1974/1827 4873/1975/1828 4594/1976/1829
f 4653/1977/1830 4554/1978/968 541/835/804
f 999/1596/1495 2513/1979/1831 1000/1597/1496
f 1248/1980/1832 1249/1981/1833 1250/1982/1834
f 1251/1983/1835 1252/1984/1836 1225/1934/1794
f 1850/1985/1837 1253/1986/1838 859/1363/1288
f 1254/1987/1839 1255/1988/1840 1256/1989/1841
f 4780/1990/1842 1257/1991/1843 1258/1992/1844
f 1259/1993/1845 798/1272/1208 1260/1994/1846
f 2498/1995/1847 2499/1996/1848 1261/1997/1849
f 576/894/859 1262/1998/1850 1263/1999/1851
f 1000/1597/1496 2622/1743/1622 3398/2000/1852
f 3439/2001/1853 1264/2002/1854 2005/2003/1855
f 1265/2004/1856 4651/2005/1713 1266/2006/1857
f 1267/2007/1858 1268/2008/1859 1269/2009/1860
f 1270/2010/1861 1271/2011/1862 1272/2012/1863
f 1273/2013/1864 1013/1617/1514 1274/2014/1865
f 1275/2015/1866 1276/2016/1867 544/1040/809
f 739/1182/1125 1277/2017/1868 671/1053/1003
f 830/1323/1254 4573/2018/1869 4656/2019/1870
f 1278/2020/1871 1177/1858/1727 3794/1857/1726
f 1279/2021/1872 1280/2022/1702 1911/2023/1873
f 1281/2024/503 1282/2025/502 1283/2026/1874
f 1284/2027/1875 1285/2028/1876 1286/2029/1877
f 2146/1820/1691 1287/2030/1878 1150/1821/1692
f 2129/857/825 4208/2031/1879 1021/858/826
f 1288/2032/1880 1016/1620/1516 3516/2033/1881
f 1289/2034/1882 1290/2035/1883 3673/2036/1884
f 978/1559/1462 1291/2037/1885 4079/2038/1886
f 4923/2039/1434 670/1052/1002 1292/1054/1004
f 4923/2040/1434 1292/2041/1004 1293/2042/1435
f 614/955/915 1294/2043/3 2588/953/913
f 1961/2044/447 4384/2045/1887 1295/2046/448
f 1296/2047/1888 1297/2048/1889 2840/2049/1890
f 1298/2050/1891 1299/2051/1892 2049/2052/1893
f 1300/2053/1894 1301/2054/1895 1302/2055/1896
f 1202/2056/1759 623/966/926 622/965/925
f 1202/2056/1759 622/965/925 1303/2057/1897
f 1304/2058/1898 2598/2059/1899 1195/1885/1749
f 1305/2060/1900 4764/2061/995 1306/2062/1901
f 423/2063/641 4122/2064/1902 1984/2065/1903
f 3188/2066/1904 1307/2067/1008 1144/1810/1681
f 725/1154/1098 724/1153/1097 1308/2068/1905
f 4811/2069/1906 1309/2070/1907 4882/2071/1908
f 246/2072/370 1457/2073/1909 1310/2074/1910
f 1831/2075/1911 3397/2076/1912 1311/2077/1206
f 1312/2078/1913 768/1221/1160 1461/2079/1914
f 1313/2080/1915 2592/1429/847 339/542/526
f 1314/2081/1615 4767/2082/1916 1315/2083/1917
f 1046/1662/1549 2590/1664/1551 1316/2084/1918
f 3139/2085/1919 4020/2086/1920 4745/2087/1921
f 4370/2088/1922 2477/2089/1923 275/429/414
f 4370/2088/1922 275/429/414 3744/431/416
f 1317/2090/1924 1318/2091/1925 3509/2092/1926
f 1221/1928/1789 1220/1927/1788 747/2093/1136
f 1228/1938/1798 3943/2094/1927 616/2095/917
f 1319/2096/1928 4379/2097/1929 1320/2098/1930
f 3872/2099/1931 1321/2100/1932 1322/2101/1933
f 1323/2102/1934 1324/2103/1935 3233/2104/1936
f 1325/2105/1937 1326/2106/1938 1327/2107/408
f 1328/2108/1939 1329/2109/1689 1188/1875/1741
f 1815/1152/1096 840/1336/1265 3588/1338/1267
f 1330/2110/1940 441/2111/668 1331/2112/1941
f 1011/1615/1512 1332/2113/1942 1333/2114/1943
f 1334/2115/1944 514/2116/769 1335/2117/1945
f 3640/2118/1946 1336/2119/1947 1647/2120/1948
f 3826/2121/1949 1015/1619/1515 1014/1618/290
f 1337/2122/1950 3720/2123/1951 2884/2124/1952
f 1337/2122/1950 2884/2124/1952 1338/2125/1953
f 1339/2126/1954 1340/2127/1955 1341/2128/1956
f 208/325/312 207/324/311 1342/2129/1957
f 841/1337/1266 982/1565/1468 3588/1338/1267
f 1343/2130/1958 1344/2131/1959 4732/2132/1960
f 4854/2133/1961 1345/2134/1962 1436/1179/1122
f 690/2135/1040 1346/2136/1963 1347/2137/1038
f 1348/2138/1964 1349/2139/1965 4640/2140/1966
f 1350/2141/1967 3774/2142/1968 4508/2143/1969
f 1351/2144/1970 1352/2145/1971 2186/2146/1972
f 1353/2147/1764 1354/2148/1973 1355/2149/1974
f 641/998/956 1356/2150/1007 1357/2151/30
f 1358/2152/1975 1359/2153/1976 1360/2154/1977
f 758/2155/1148 757/983/941 1494/985/943
f 758/2155/1148 1494/985/943 1493/2156/1978
f 1361/2157/1979 292/459/444 1362/2158/1079
f 1088/2159/1603 1363/2160/1980 2869/2161/1297
f 1364/2162/1981 4900/2163/1982 1365/2164/1983
f 1366/2165/1984 836/1332/1261 1367/2166/1985
f 1368/2167/1986 1047/1663/1550 1369/2168/1987
f 1370/2169/1988 3271/2170/1989 1371/2171/1990
f 1372/2172/1991 1373/2173/1992 1374/2174/1993
f 3922/2175/1994 918/1462/1377 1375/2176/1995
f 1376/2177/1996 1377/2178/1997 1378/2179/1998
f 338/541/525 221/345/332 1313/2080/1915
f 4438/2180/1999 4461/2181/2000 1379/2182/2001
f 1380/2183/2002 248/388/375 4763/2184/2003
f 1381/2185/2004 958/1520/1426 960/1522/1428
f 1382/2186/2005 1383/2187/1178 4634/2188/2006
f 255/396/381 254/395/380 1384/2189/2007
f 1385/2190/2008 3680/2191/2009 2027/2192/2010
f 537/828/797 1386/2193/564 1387/2194/681
f 1388/2195/1227 1389/2196/2011 4456/2197/2012
f 2323/2198/2013 2322/2199/2014 1390/2200/2015
f 1391/2201/1490 1392/2202/2016 3867/2203/653
f 1393/2204/2017 1394/2205/2018 313/2206/479
f 1395/2207/2019 1396/2208/2020 1397/2209/2021
f 4826/2210/2022 4154/2211/2023 4593/2212/2024
f 4915/2213/2025 1341/2128/1956 1340/2127/1955
f 1398/2214/286 1399/2215/2026 1400/2216/287
f 2477/2089/1923 4041/2217/2027 275/429/414
f 2553/2218/2028 872/1382/1306 1401/2219/2029
f 101/159/148 4552/2220/2030 4551/2221/2031
f 100/157/146 101/159/148 4551/2221/2031
f 1402/2222/2032 1403/2223/2033 1404/2224/2034
f 1405/2225/2035 490/763/735 2812/765/737
f 3294/2226/2036 1406/2227/2037 1407/2228/2038
f 3986/1141/1086 3952/1142/1087 3282/2229/2039
f 1408/2230/2040 1409/2231/2041 4243/370/357
f 4623/2232/2042 1410/2233/2043 1903/1266/1202
f 3513/2234/2044 1411/2235/2045 4652/24/19
f 1412/2236/2046 2731/2237/2047 1413/2238/2048
f 1414/2239/1164 435/680/657 4570/2240/2049
f 1198/2241/1751 3924/2242/247 3675/2243/2050
f 864/1373/1298 1415/2244/2051 1416/2245/2052
f 1417/2246/2053 4766/2247/2054 4682/2248/2055
f 671/1053/1003 1277/2017/1868 1418/2249/2056
f 3444/2250/2057 3451/2251/2058 1419/2252/2059
f 602/933/893 255/396/381 1173/1853/1722
f 2832/2253/2060 1420/2254/2061 1421/2255/2062
f 3528/2256/2063 638/989/947 4267/2257/2064
f 1422/2258/2065 1423/2259/2066 934/2260/1394
f 1826/2261/2067 4744/2262/2068 1424/2263/2069
f 1425/2264/1827 4594/2265/1829 427/669/646
f 3878/2266/2070 1426/2267/2071 1427/2268/2072
f 4920/2269/2073 4776/2270/2074 3523/2271/2075
f 1428/2272/2076 1429/2273/2077 1430/2274/2078
f 1431/2275/2079 2855/2276/2080 1432/2277/1320
f 1279/2278/1872 1433/2279/2081 1434/2280/2082
f 5/9/9 1594/2281/2083 1435/2282/2084
f 4854/2283/1961 1436/2284/1122 1179/2285/1729
f 1437/2286/2085 38/68/64 37/67/63
f 1438/2287/1044 1439/2288/1046 1440/2289/2086
f 1441/2290/2087 1442/2291/1062 1443/2292/2088
f 3643/2293/2089 1444/2294/2090 1445/2295/2091
f 3587/2296/2092 748/1195/1137 1386/581/564
f 451/2297/680 3587/2296/2092 1386/581/564
f 1446/2298/2093 1447/2299/2094 1448/2300/2095
f 449/701/678 1988/2301/2096 4066/2302/2097
f 4880/2303/2098 1449/2304/2099 1450/2305/2100
f 1451/2306/2101 4197/1169/1112 733/1171/1114
f 863/1371/1296 1460/1370/1295 1452/2307/1755
f 4349/2308/2102 1453/2309/2103 917/1459/1374
f 4858/2310/2104 410/647/625 1454/2311/2105
f 1455/2312/2106 621/964/924 1456/2313/2107
f 1710/2314/2108 4541/2315/2109 1457/2316/1909
f 1458/2317/2110 3822/2318/2111 1459/2319/2112
f 1460/2320/1295 450/702/679 4576/2321/2113
f 877/2322/1314 1455/2312/2106 2630/2323/2114
f 1727/2324/2115 4094/2325/2116 4813/2326/2117
f 1461/2327/1914 2970/562/358 354/564/547
f 1462/2328/2118 1463/2329/2119 1478/2330/2120
f 1464/2331/2121 1465/2332/2122 4762/1093/1043
f 1466/2333/2123 1467/2334/2124 1468/2335/2125
f 1469/2336/2126 3635/2337/2127 1470/2338/2128
f 1471/2339/2129 1472/2340/2130 1473/2341/1535
f 1474/2342/2131 4907/939/899 604/938/898
f 1475/2343/2132 1476/2344/2133 4541/2315/2109
f 4212/2345/2134 2316/2346/2135 1477/2347/2136
f 1478/2348/2120 2181/2349/2137 1479/2350/2138
f 1480/2351/2139 1481/2352/2140 1482/2353/1568
f 4769/2354/2141 4678/2355/1663 4250/2356/2142
f 1284/2027/1875 1286/2029/1877 4408/2357/2143
f 1253/1986/1838 1483/2358/2144 859/1363/1288
f 1484/2359/2145 1485/2360/2146 426/2361/645
f 2382/2362/2147 1486/2363/2148 1487/2364/2149
f 1004/1603/1500 4468/2365/2150 109/2366/162
f 1488/2367/2151 1489/2368/2152 1490/2369/2153
f 1351/2144/1970 1491/2370/2154 3931/2371/2155
f 1492/2372/1338 2466/2373/2156 4498/1917/1779
f 1493/2374/1978 1494/2375/943 1495/2376/2157
f 3796/2377/477 1496/2378/1670 4877/2379/2158
f 1497/2380/1795 1225/2381/1794 4573/2018/1869
f 1498/2382/2159 1499/2383/2160 1500/2384/2161
f 1713/2385/2162 1608/1698/1582 1501/2386/992
f 1502/2387/2163 1503/2388/2164 1504/2389/2165
f 1505/2390/2166 1506/2391/2167 1507/2392/2168
f 1508/2393/2169 1509/2394/2170 1510/2395/2171
f 1511/2396/2172 1512/2397/2173 1513/2398/2174
f 1514/2399/2175 1515/2400/2176 1516/2401/2177
f 78/126/118 1057/1677/1561 1381/2185/2004
f 3704/2402/2178 1142/2403/1679 1517/2404/2179
f 3882/2405/2180 2990/2406/2181 1518/2407/2182
f 2567/2408/2183 1519/2409/2184 1520/2410/2185
f 108/171/160 996/2411/1491 270/421/406
f 1384/2189/2007 1372/2172/1991 255/396/381
f 3746/2412/2186 3494/2413/2187 558/862/830
f 1521/2414/2188 1522/2415/2189 1403/2223/2033
f 485/758/730 1238/1954/1812 486/759/731
f 3486/2416/2190 1094/1310/1242 1523/2417/2191
f 3689/2418/2192 2687/2419/2193 4311/2420/2194
f 1524/2421/2195 856/2422/1284 1525/2423/1283
f 1526/2424/2196 1527/2425/2197 1528/2426/2198
f 585/2427/868 1529/2428/2199 1530/2429/2200
f 1258/1992/1844 4900/2163/1982 1364/2162/1981
f 1531/2430/2201 1532/2431/2202 1533/2432/2203
f 476/742/716 1534/2433/2204 4296/2434/2205
f 1535/2435/2206 1924/2436/2207 1536/2437/2208
f 1246/1972/1826 1537/2438/1235 1028/2439/1527
f 1538/2440/2209 1539/2441/2210 1512/2397/2173
f 1330/2110/1940 1331/2112/1941 1540/2442/2211
f 1142/1808/1679 1541/2443/490 1542/2444/580
f 1543/2445/2212 1544/2446/2213 4522/2447/2214
f 1074/1701/1585 1545/2448/2215 2259/1702/1586
f 350/2449/538 1546/2450/2216 833/1328/1257
f 774/2451/1171 394/2452/605 1547/2453/2217
f 1548/2454/2218 4836/2455/2219 945/2456/1407
f 1549/2457/2220 1550/2458/2221 4725/2459/2222
f 1551/2460/654 3867/2203/653 1552/2461/2223
f 1553/2462/2224 1554/2463/2225 3795/2464/2226
f 1553/2462/2224 3795/2464/2226 1555/2465/2227
f 252/393/378 3208/2466/2228 1556/2467/2229
f 1557/2468/2230 4012/2469/2231 277/2470/417
f 1558/2471/2232 2668/2472/2233 1570/2473/1036
f 1558/2471/2232 1570/2473/1036 687/2474/1035
f 4888/972/930 1559/2475/2234 628/973/931
f 1560/2476/2235 1561/2477/2236 1562/2478/2237
f 3906/2479/2238 1563/2480/2239 454/707/684
f 1564/2481/2240 4841/2482/382 4286/2483/2241
f 1150/1821/1692 1287/2030/1878 1565/2484/2242
f 1153/1824/1695 1566/2485/2243 1567/2486/2244
f 418/2487/636 3209/2488/2245 1568/2489/2246
f 313/495/479 314/497/481 1569/2490/2247
f 1639/2491/1034 1570/2492/1036 1571/2493/2248
f 1572/2494/2249 1404/2224/2034 2971/69/65
f 4300/2495/2250 1573/2496/2251 1121/2497/1654
f 4204/2498/2252 1574/2499/2253 283/439/424
f 1575/2500/2254 3553/2501/2255 1576/2502/2256
f 1577/2503/2257 3926/2504/1110 1972/2505/2258
f 2065/2506/2259 2064/2507/2260 4156/2508/2261
f 1578/2509/2262 1579/2510/2263 251/392/377
f 1580/2511/2264 1011/1615/1512 1333/2114/1943
f 1581/2512/2265 4472/2513/2266 1582/2514/2267
f 4775/2515/2268 1583/2516/2269 1584/2517/2270
f 1585/2518/2271 1465/2332/2122 1586/2519/1626
f 4894/2520/2272 1394/2205/2018 1393/2204/2017
f 4614/2521/2273 1587/2522/2274 1279/2523/1872
f 3634/2524/2275 1588/2525/2276 118/185/174
f 4325/2526/2277 1589/2527/2278 1590/2528/2279
f 1736/2529/2280 4407/2530/2281 1679/2531/2282
f 3799/2532/2283 1591/2533/2284 1005/1605/1502
f 460/713/690 459/712/689 1592/2534/2285
f 995/1588/1489 994/1587/1488 1593/2535/2286
f 1594/2536/2083 1595/2537/2287 1050/2538/1555
f 873/1384/1308 1596/2539/2288 1597/2540/2289
f 1429/2273/2077 1598/2541/2290 1599/2542/2291
f 4749/2543/2292 590/2544/876 1600/2545/2293
f 1529/2428/2199 1601/2546/2294 1530/2429/2200
f 1602/2547/2295 1603/2548/2296 1604/2549/2297
f 248/388/375 249/390/374 4763/2184/2003
f 4436/2550/2298 717/1135/1081 1605/2551/2299
f 1361/2157/1979 1606/2552/2300 1607/2553/2301
f 1713/2554/2162 1407/2555/2038 1608/2556/1582
f 2265/2557/2302 3119/2558/2303 3719/2559/1767
f 1609/2560/2304 3568/2561/2305 709/2562/1070
f 2212/2563/2306 1610/2564/2307 1554/2565/2225
f 3407/2566/2308 1611/2567/2309 1612/2568/1476
f 1613/2569/2310 1614/2570/2311 1615/2571/2312
f 182/288/275 1616/2572/2313 553/853/821
f 1617/2573/1311 1618/2574/2314 1619/2575/2315
f 999/1596/1495 2620/2576/2316 2992/2577/2317
f 1620/2578/1758 1621/2579/2318 1622/2580/2319
f 311/491/475 4291/2581/2320 1623/2582/2321
f 1624/2583/2322 1625/2584/2323 1626/2585/2324
f 1624/2583/2322 1626/2585/2324 4444/2586/2325
f 1627/2587/2326 1628/2588/2327 1629/2589/2328
f 3507/2590/2329 1630/2591/2330 1631/2592/2331
f 3827/2593/2332 1632/2594/2333 1633/2595/2334
f 1634/2596/2335 1635/2597/2336 4192/2598/2337
f 1636/2599/2338 315/498/482 946/1498/1409
f 1637/2600/2339 1638/2601/2340 4819/2602/2341
f 1639/2603/1034 1640/2604/877 1641/2605/2342
f 1642/2606/2343 1643/2607/2344 1644/2608/2345
f 1645/2609/2346 2140/2610/2347 1646/2611/2348
f 1647/2612/1948 1336/2613/1947 4706/2614/2349
f 3926/2615/1110 1648/2616/2350 265/413/398
f 1279/2278/1872 1649/2617/2351 1433/2279/2081
f 3628/2618/2352 895/1426/1345 894/1425/1344
f 1258/1992/1844 1257/1991/1843 4900/2163/1982
f 1488/2619/2151 1127/1785/1660 1650/2620/2353
f 1651/2621/2354 1652/2622/2355 3127/2623/2356
f 128/200/188 284/445/430 820/2624/1240
f 1653/2625/168 4732/2626/1960 1654/2627/2357
f 211/332/319 1655/2628/2358 3347/333/320
f 1656/2629/2359 1657/2630/2360 527/811/783
f 1658/2631/2361 4632/2632/2362 696/1100/1050
f 1342/2129/1957 153/236/223 1659/2633/1819
f 1660/2634/2363 319/508/492 1661/2635/2364
f 1219/2636/1787 1221/2637/1789 2858/2638/2365
f 731/1165/1109 1662/2639/2366 4698/2640/2367
f 1663/2641/2368 4620/2642/2369 788/1257/1194
f 1447/2299/2094 1664/2643/2370 1448/2300/2095
f 530/2644/786 1665/2645/2371 4110/2646/2372
f 1027/1631/1525 1666/2647/2373 1667/2648/2374
f 1668/2649/446 1295/2046/448 4384/2045/1887
f 1669/2650/2375 1520/2410/2185 1670/2651/2376
f 1671/2652/2377 1672/2653/1768 4608/993/951
f 1673/2654/2378 912/1454/1369 911/1453/1368
f 1073/1700/1584 1072/1699/1583 1617/2573/1311
f 4389/2655/2379 1674/2656/2380 673/1061/1011
f 2910/2657/2381 1675/2658/2382 1676/2659/2383
f 44/80/76 898/79/75 1677/2660/2384
f 4153/2661/2385 4362/2662/1611 4820/2663/2386
f 1678/2664/2387 1679/2665/2282 1680/2666/2388
f 2356/2667/2389 1681/2668/2390 1682/2669/2391
f 1683/2670/2392 1684/2671/2393 1685/2672/1816
f 3123/2673/2394 2865/2674/2395 1879/2675/2396
f 1686/2676/2397 1687/2677/2398 1688/2678/1740
f 930/1475/1389 3547/2679/2399 4809/1476/1390
f 4496/1229/1167 1689/2680/621 991/1580/1481
f 2664/2681/2400 1690/2682/2401 1691/2683/2402
f 2925/2684/2403 1692/2685/2404 2844/2686/2405
f 3151/2687/2406 1727/2688/2115 1693/2689/2407
f 1694/2690/2408 1695/2691/2409 902/1442/1359
f 327/517/501 1696/2692/2410 1248/2693/1832
f 1881/2694/2411 3547/2679/2399 930/1475/1389
f 1697/2695/2412 1698/2696/2413 1699/2697/2414
f 1700/2698/2415 4079/2699/1886 1701/2700/2416
f 1702/2701/2417 1703/2702/2418 1704/2703/2419
f 1705/2704/1230 813/2705/1229 1706/2706/2420
f 1707/2707/2421 3465/656/634 3464/2708/2422
f 1112/1767/1644 869/1378/1303 1708/2709/2423
f 1665/2645/2371 3162/2710/2424 1709/2711/2425
f 245/382/369 1710/2712/2108 246/383/370
f 2730/2713/2426 1711/2714/2427 1712/2715/2428
f 1713/2716/2162 1714/2717/2429 1407/2718/2038
f 2368/359/346 1715/2719/2430 3611/360/347
f 4931/2720/2431 1716/2721/2432 1592/2722/2285
f 1717/2723/1195 334/534/518 888/2724/1336
f 1519/2409/2184 1718/2725/2433 1719/2726/2434
f 1720/2727/2435 3843/2728/2436 4527/2729/2437
f 949/2730/1412 3419/2731/1414 1721/2732/2438
f 2611/2733/2439 3724/2734/2440 3785/2735/2441
f 4044/2736/2442 1722/2737/2443 1723/2738/2444
f 1940/2739/2445 1655/2740/2358 1196/1887/1750
f 1724/2741/2446 1725/2742/2447 2365/2743/2448
f 1726/2744/2449 1727/2745/2115 1728/2746/2450
f 2535/2747/2451 1729/2748/2452 1730/2749/2453
f 1731/2750/2454 4757/2751/2455 1578/2509/2262
f 338/541/525 1313/2080/1915 339/542/526
f 1732/2752/2456 1733/2753/2457 2789/2754/2458
f 4740/2755/2459 4739/2756/2460 1734/2757/2461
f 1735/2758/2462 1736/2759/2280 4284/2760/2463
f 1737/2761/920 4742/2762/2464 1738/2763/2465
f 619/2764/921 1737/2761/920 1738/2763/2465
f 508/788/760 1739/2765/987 509/789/761
f 1740/2766/2466 1534/2433/2204 476/742/716
f 1115/1770/1647 1741/2767/2467 1116/1771/1648
f 1742/2768/1277 1743/2769/2468 1445/2295/2091
f 1744/2770/2469 1991/2771/2470 358/568/551
f 1305/2060/1900 1745/2772/2471 1746/2773/2472
f 1747/2774/2473 207/324/311 206/323/310
f 1748/2775/1014 1749/2776/2474 2675/2777/2475
f 4210/2778/2476 4002/2779/2477 4597/2780/2478
f 1750/2781/2479 3318/2782/2480 1751/2783/2481
f 1752/2784/2482 1101/1752/1630 4178/2785/2483
f 1753/2786/2484 4710/2787/2485 4703/2788/2486
f 1754/2789/2487 1755/2790/2488 1756/2791/2489
f 1757/2792/2490 2871/2793/2491 3342/2794/2492
f 289/456/441 1758/2795/2493 1759/2796/2494
f 1426/2797/2071 1760/2798/2495 1427/2799/2072
f 4584/2800/2496 1761/2801/2497 1762/2802/2498
f 1763/2803/2499 1764/2804/2500 1765/2805/2501
f 1766/2806/2502 1767/2807/2503 1768/2808/2504
f 1764/2804/2500 1433/2279/2081 1769/2809/2505
f 1033/2810/1533 1028/1634/1527 1770/2811/2506
f 3036/2812/2507 1771/2813/2508 1772/2814/922
f 2319/2815/2509 3458/2816/2510 169/2817/251
f 3079/2818/2511 1773/2819/2512 1774/2820/2513
f 1775/2821/2514 3186/2822/2515 1776/2823/757
f 1777/2824/2516 1778/2825/2517 1779/2826/2518
f 677/1069/1019 2675/2777/2475 1749/2776/2474
f 1780/2827/2519 1371/2171/1990 468/723/700
f 4323/2828/2520 2345/2829/2521 367/584/567
f 1781/2830/2522 4175/2831/2523 3288/1872/1738
f 766/2832/1158 1752/2784/2482 1651/2621/2354
f 903/1443/1353 902/1442/1359 1782/2833/2524
f 898/2834/75 4599/2835/2525 1783/2836/2526
f 4575/2837/2527 1784/2838/2528 1785/2839/2529
f 4428/2840/2530 800/1277/1213 799/1276/1212
f 400/631/611 1786/2841/2531 2607/2842/2532
f 4918/2843/2533 171/269/256 1787/2844/2534
f 1788/2845/2535 4549/2846/2536 1789/2847/2537
f 4817/2848/1556 166/257/244 3933/259/246
f 1790/2849/2538 1791/2850/2539 112/176/165
f 3263/2851/2540 1792/2852/2541 3915/2853/2542
f 839/1335/1264 1793/2854/2543 685/1082/1032
f 1794/2855/2544 1795/2856/1367 4603/2857/2545
f 106/169/158 446/698/675 107/170/159
f 4759/2858/2546 1796/2859/2547 4022/2860/2548
f 1157/2861/1699 4635/2862/2549 1797/2863/2550
f 1798/2864/2551 1799/2865/2552 3368/2866/2553
f 1800/2867/2554 1801/2868/2555 3239/2869/2556
f 1802/2870/2557 1803/2871/2558 1804/2872/2559
f 145/224/211 667/1048/998 344/547/531
f 1805/2873/2560 1405/2874/2035 1166/1843/1712
f 1806/2875/2561 1807/2876/2562 1683/2670/2392
f 2834/2877/2563 1808/2878/2564 1219/1926/1787
f 1809/2879/2565 1423/2259/2066 4774/2880/2566
f 42/77/73 992/1582/1483 1810/2881/2567
f 3491/2882/2568 1811/2883/2569 3399/2884/2570
f 4237/2885/2571 4629/2886/2572 1812/2887/2573
f 240/735/362 1813/2888/2574 239/2889/360
f 1814/2890/2575 1815/2891/1096 4724/2892/2576
f 1215/2893/1782 301/471/456 1816/2894/2577
f 1817/2895/2578 1266/2006/1857 4636/2896/2579
f 1818/2897/2580 1819/2898/2581 4683/2899/2582
f 3709/1369/1294 4527/2900/2437 4487/2901/2583
f 3430/2902/2584 1820/2903/2585 1821/2904/2586
f 1065/1687/1571 2184/2905/2587 2185/1688/1572
f 2248/2906/2588 487/760/732 489/762/734
f 1822/2907/2589 1823/2908/2590 1824/2909/2591
f 684/2910/1031 1825/2911/2592 1826/2912/2067
f 4511/2913/691 1827/2914/2593 1098/2915/1621
f 1828/2916/2594 3432/2917/2595 4790/2918/2596
f 1538/2919/2209 1829/2920/2597 4898/2921/253
f 1121/1777/1654 3646/1484/1397 391/620/600
f 1830/2922/2598 1893/2923/2599 1831/2924/1911
f 1832/2925/2600 149/228/215 4326/2926/2601
f 1833/2927/2602 503/782/754 1834/2928/2603
f 1835/2929/969 2644/1652/1542 4677/2930/1664
f 1948/556/540 1240/1956/1814 4760/557/541
f 676/1067/1017 1836/2931/2604 1837/2932/2605
f 1838/2933/2606 1839/2934/2607 1840/2935/2608
f 4934/2936/2609 1841/2937/2610 146/2938/212
f 1842/2939/2611 3859/2940/2612 28/53/49
f 1843/2941/2613 1571/2942/2248 1844/2943/2614
f 413/650/628 2019/2944/2615 2020/2945/2616
f 1845/2946/2617 1846/2947/2618 1847/2948/2619
f 4889/2949/2620 732/1170/1113 1848/2950/2621
f 1849/2951/2622 1850/2952/1837 1851/2953/2623
f 352/560/544 392/2954/601 365/577/560
f 1451/2955/2101 1540/2442/2211 1852/2956/2624
f 4215/2957/2625 1853/2958/2626 3408/2959/2627
f 1854/2960/2628 3649/2961/2629 3648/2962/2630
f 1821/2963/2586 2134/2964/2631 1855/2965/2632
f 1856/2966/2633 1857/2967/2634 4849/2968/2635
f 1133/1795/429 1858/2969/1429 1859/2970/2636
f 1860/2971/2637 1861/2972/2638 2397/2973/2639
f 1862/2974/2640 936/1482/1396 1863/2975/2641
f 1864/2976/2642 2100/2977/2643 1865/2978/2644
f 835/1330/1259 836/1332/1261 1366/2165/1984
f 3759/2979/2645 1866/2980/2646 1867/2981/2647
f 1541/506/490 374/598/581 1542/597/580
f 548/845/814 1268/2008/1859 3832/2982/2648
f 690/2135/1040 340/2983/527 1346/2136/1963
f 1868/2984/2649 798/1272/1208 1869/2985/2650
f 1870/2986/2651 1419/2252/2059 1871/2987/2652
f 978/1559/1462 524/808/780 1291/2037/1885
f 4093/2988/2653 2012/2989/2654 4884/2990/2655
f 1872/2991/2656 1873/2992/2657 2690/1447/1362
f 1874/2993/2658 1369/2168/1987 1046/1662/1549
f 3529/2994/2659 4073/2995/2660 411/2996/626
f 928/1473/1387 1875/2997/1783 193/2998/292
f 4042/1558/1461 4044/2999/2442 4076/3000/2661
f 1876/3001/2662 1877/3002/2663 7/12/12
f 728/3003/1104 1789/3004/2537 911/1453/1368
f 167/261/248 3937/3005/2664 1878/3006/2665
f 1879/3007/2396 1026/1630/1524 3123/3008/2394
f 1880/3009/2666 606/943/903 1881/3010/2411
f 1648/2616/2350 1882/3011/388 3292/3012/929
f 2365/2743/2448 1725/2742/2447 1883/3013/2667
f 25/3014/41 1642/2606/2343 1644/2608/2345
f 25/3014/41 1644/2608/2345 1884/3015/42
f 4110/2646/2372 1665/2645/2371 1709/2711/2425
f 4466/1383/1307 1885/3016/2668 1886/3017/2669
f 1887/3018/2670 238/372/359 1888/3019/2671
f 1867/2981/2647 1889/3020/2672 4131/3021/2673
f 1890/3022/2674 1891/3023/2675 1892/3024/1250
f 4587/3025/2676 1893/3026/2599 1894/3027/2677
f 1895/3028/2678 2323/2198/2013 147/226/213
f 1896/3029/2679 4270/3030/2680 3621/3031/1028
f 439/688/665 1897/3032/2681 4006/684/661
f 1898/3033/2682 2114/3034/2683 1899/3035/2684
f 614/3036/915 1900/3037/2685 4588/5/5
f 4830/3038/2686 1901/3039/2687 2121/3040/2688
f 1902/3041/1013 3821/1691/1575 4529/1690/1574
f 1903/3042/1202 533/822/792 370/590/573
f 4702/3043/2689 1667/3044/2374 1904/3045/2690
f 1341/2128/1956 968/1539/1445 1905/3046/2691
f 4894/2520/2272 1131/1793/1665 1394/2205/2018
f 4785/3047/787 3749/3048/2692 456/3049/686
f 3/6/6 435/680/657 3776/3050/2693
f 946/1498/1409 315/498/482 575/500/484
f 3571/3051/2694 1322/2101/1933 1906/3052/2695
f 1907/3053/2696 1908/3054/1135 1909/3055/2697
f 3517/3056/2698 1018/3057/1518 1910/3058/2699
f 1911/3059/1873 1280/1833/1702 369/1832/571
f 4355/3060/2700 4844/1071/1021 1912/3061/1420
f 70/117/109 71/118/110 1913/3062/2701
f 1050/1668/1555 2135/1667/1554 471/3063/704
f 1914/3064/2702 1619/3065/2315 3416/1140/1085
f 1915/3066/2703 1916/3067/2704 4694/3068/890
f 4697/3069/2705 4419/3070/2706 1917/3071/2707
f 1918/3072/2708 4883/3073/2709 3488/3074/2710
f 1919/3075/1486 1920/3076/2711 21/3077/35
f 498/773/745 3758/3078/2712 1921/3079/2713
f 1922/3080/2714 630/976/934 1923/3081/2715
f 1924/3082/2207 2185/1688/1572 3356/3083/2716
f 1925/3084/624 1926/3085/2717 847/1344/1272
f 1927/3086/2718 1540/2442/2211 1451/2955/2101
f 1928/3087/2719 4659/3088/2720 1085/1718/1600
f 1929/3089/2721 1784/2838/2528 418/2487/636
f 1228/1938/1798 1930/3090/2722 3943/2094/1927
f 784/1251/1188 1931/3091/2723 161/250/237
f 1932/3092/810 1933/3093/994 1934/3094/2724
f 2932/3095/2725 1935/3096/2726 19/3097/29
f 1936/3098/2727 1937/3099/2728 1938/3100/2729
f 1939/3101/1022 2056/3102/2730 1678/2664/2387
f 2332/3103/1419 1939/3101/1022 1678/2664/2387
f 519/803/775 4886/3104/2731 1940/3105/2445
f 1941/3106/2732 4535/44/40 952/3107/1418
f 1942/3108/2733 1941/3109/2732 952/1509/1418
f 291/458/443 716/3110/1080 292/459/444
f 558/862/830 557/861/829 1943/3111/2734
f 4240/3112/2735 1944/3113/145 3471/3114/487
f 4347/3115/1161 4346/3116/2736 1888/3019/2671
f 1945/3117/2737 3931/2371/2155 1946/3118/2738
f 1947/3119/2739 4752/3120/2740 1281/3121/503
f 4123/1236/1174 775/1235/1173 2366/3122/2741
f 1948/3123/540 1949/3124/2742 431/3125/651
f 1950/3126/2743 1951/3127/218 1952/3128/69
f 1880/3129/2666 1953/3130/2744 4434/3131/2745
f 1722/2737/2443 1954/3132/2746 867/3133/1301
f 1955/3134/2747 4465/3135/2748 3230/3136/2749
f 1085/1718/1600 4659/3088/2720 2544/3137/2750
f 1956/3138/2751 115/182/171 1162/1837/1706
f 1957/3139/2752 2243/3140/1620 1958/3141/2753
f 1959/3142/2754 1960/3143/2755 1961/3144/447
f 1962/3145/1057 1963/3146/2756 1964/3147/2757
f 943/3148/1405 1691/3149/2402 61/105/101
f 1965/3150/2758 4340/3151/2759 1966/3152/2760
f 1967/3153/2761 1968/3154/2762 1969/3155/2763
f 961/1525/1431 1970/3156/2764 502/781/753
f 2/1/4 3/6/6 3776/3050/2693
f 4654/3157/2765 1971/3158/2766 4487/2901/2583
f 265/3159/398 4754/3160/1181 1972/3161/2258
f 1973/3162/2767 2790/3163/2768 2510/3164/2769
f 1974/3165/2770 259/404/389 4722/3166/2771
f 1803/2871/2558 346/549/533 1975/3167/2772
f 1976/3168/2773 3224/3169/2774 1256/3170/1841
f 1977/3171/1730 1978/3172/2775 1179/2285/1729
f 271/425/410 1277/2017/1868 739/1182/1125
f 4612/559/543 1979/3173/2776 1980/3174/2777
f 1981/3175/2778 1982/3176/2779 1983/3177/2780
f 423/3178/641 1984/3179/1903 1985/3180/2781
f 4875/3181/2782 4682/2248/2055 4766/2247/2054
f 1986/3182/1686 1987/3183/2783 1988/3184/2096
f 3176/3185/2784 4765/3186/2785 1989/3187/2786
f 1527/2425/2197 2394/3188/2787 1528/2426/2198
f 1744/3189/2469 1990/3190/2788 1991/3191/2470
f 1992/3192/2789 1993/3193/2790 1152/1823/1694
f 16/3194/26 1994/3195/1198 1051/1670/1484
f 1995/3196/2791 2456/3197/2792 2455/3198/2793
f 2205/3199/2794 1996/3200/2795 1997/3201/2796
f 4413/3202/2797 4412/3203/2798 4582/3204/2799
f 1998/3205/1092 1999/3206/161 2000/3207/2800
f 2261/3208/2801 1416/2245/2052 4602/3209/2802
f 1610/2564/2307 3109/3210/2803 1554/2565/2225
f 186/294/281 4879/3211/2804 1382/2186/2005
f 2766/3212/2805 1429/2273/2077 1599/2542/2291
f 2001/3213/276 2002/3214/2806 3493/3215/2807
f 1654/2627/2357 1557/2468/2230 4830/3216/2686
f 105/166/155 2969/168/157 482/754/726
f 2003/3217/2808 4812/1848/1717 1170/1850/1719
f 2004/3218/514 4644/1127/1073 2005/3219/1855
f 4848/3220/2809 1784/2838/2528 3340/3221/2810
f 748/1195/1137 2006/3222/2811 2395/582/565
f 2007/3223/2812 2008/3224/2813 2009/3225/2814
f 2819/3226/2815 4868/3227/2816 3440/3228/2817
f 3148/3229/1777 61/105/101 2923/3230/2818
f 1069/1694/1578 691/3231/1041 984/1567/1470
f 790/3232/1196 1994/3233/1198 15/27/25
f 4149/3234/2819 2010/3235/2820 2011/3236/2821
f 4694/3068/890 2012/3237/2654 1915/3066/2703
f 1645/2609/2346 2013/3238/2822 1107/1762/1639
f 1525/1357/1283 4850/1359/1285 1923/3081/2715
f 2014/3239/2823 2015/3240/2824 2016/3241/2825
f 3745/3242/2826 276/430/415 2017/3243/2827
f 3018/1750/1629 1197/1749/1628 1630/2591/2330
f 4489/3244/2828 2018/3245/2829 1426/2267/2071
f 2019/3246/2615 954/1514/1421 2020/3247/2616
f 4294/3248/2830 2079/3249/2831 2021/3250/2832
f 2657/3251/2833 4835/313/300 2022/3252/2834
f 2023/3253/2835 518/802/774 6/10/10
f 2024/3254/1458 2025/3255/2836 977/3256/1459
f 2026/3257/824 2027/3258/2010 2014/3239/2823
f 4765/3186/2785 1844/3259/2614 1989/3187/2786
f 106/169/158 269/420/405 446/698/675
f 50/86/82 2028/3260/2837 48/84/80
f 2029/3261/1604 967/3262/1444 3577/3263/2838
f 2030/3264/2839 2031/3265/2840 2728/3266/2841
f 2032/3267/2842 2033/3268/2843 2034/3269/2844
f 601/3270/892 3388/3271/2845 1244/1967/1822
f 4025/3272/2846 3556/3273/2847 2035/3274/1745
f 2036/3275/2848 4881/3276/2849 3516/2033/1881
f 2037/3277/2850 2038/3278/307 2039/3279/2851
f 2040/3280/2852 1006/3281/1506 4192/2598/2337
f 1635/2597/2336 2040/3280/2852 4192/2598/2337
f 2041/3282/2853 2042/3283/2854 3617/3284/2855
f 2043/3285/2856 492/3286/738 4379/2097/1929
f 431/3125/651 1949/3124/2742 377/3287/583
f 2044/3288/2857 362/574/557 2272/573/556
f 1310/2074/1910 1167/1845/1714 230/361/348
f 1362/2158/1079 292/459/444 716/3110/1080
f 1229/1940/1800 2276/1939/1799 988/1576/1477
f 2045/3289/2858 2007/3223/2812 2046/3290/2859
f 1327/423/408 271/425/410 4361/1181/1124
f 347/3291/534 639/991/949 4796/3292/2860
f 822/1309/1241 2047/3293/470 4751/3294/2861
f 2048/3295/2862 2049/3296/1893 2050/3297/2863
f 2051/3298/2864 322/511/495 323/513/497
f 2052/3299/2865 2507/3300/2866 4151/3301/2867
f 1966/3152/2760 2053/3302/2868 1965/3150/2758
f 85/134/126 2054/3303/2869 80/128/120
f 2055/3304/2870 1679/3305/2282 2056/3306/2730
f 3507/2590/2329 3018/1750/1629 1630/2591/2330
f 2057/3307/2871 2058/3308/2872 3324/3309/2873
f 1465/2332/2122 691/1091/1041 4762/1093/1043
f 2059/3310/2874 2060/3311/2875 2061/3312/2876
f 1662/2639/2366 2062/3313/2877 2063/3314/2878
f 3973/1900/1762 4479/3315/2879 1205/1901/1763
f 1146/1812/1683 2064/3316/2260 2065/3317/2259
f 1746/3318/2472 665/1046/152 4138/3319/193
f 1490/3320/2153 1127/1785/1660 1488/2619/2151
f 1504/2389/2165 1503/2388/2164 2066/3321/2880
f 3246/3322/2881 2067/3323/858 316/499/483
f 1704/3324/2419 1703/3325/2418 1753/3326/2484
f 24/43/39 2068/3327/2882 2033/3268/2843
f 214/336/323 2069/3328/2883 4544/3329/2884
f 4671/3330/2885 2070/3331/2886 2071/3332/2887
f 95/3333/137 3188/3334/1904 4177/3335/138
f 3044/1019/976 3045/3336/2888 651/1020/977
f 1060/1680/1564 1062/1682/1566 3994/3337/2889
f 1822/2907/2589 1824/2909/2591 1978/3338/2775
f 52/89/85 2072/3339/2890 1234/1948/1807
f 2073/3340/2891 1343/2130/1958 4732/2132/1960
f 350/554/538 1674/3341/2380 4718/555/539
f 1463/2329/2119 4437/3342/2892 2074/3343/2893
f 3434/3344/865 2075/3345/2894 1560/3346/2235
f 2076/3347/1078 461/716/693 4445/715/692
f 4140/3348/2895 2077/3349/2896 2078/3350/1292
f 877/3351/1314 3372/3352/2897 2902/3353/1315
f 1868/2984/2649 1311/1270/1206 798/1272/1208
f 4148/3354/2898 4909/3355/2899 2079/3356/2831
f 2346/3357/2900 2080/3358/2901 2081/3359/2902
f 691/3231/1041 1069/1694/1578 4438/3360/1999
f 2082/3361/2903 1806/3362/2561 4298/3363/2904
f 4712/3364/2905 2083/3365/2906 392/3366/601
f 2535/2747/2451 1730/2749/2453 1034/1644/1534
f 4402/265/252 2084/3367/2907 2085/3368/2908
f 1712/3369/2428 1711/3370/2427 3073/3371/2909
f 2086/3372/2910 2087/3373/2911 2088/3374/2912
f 2089/3375/2913 2028/3260/2837 50/86/82
f 4786/201/189 130/203/191 2090/3376/1211
f 867/1376/1301 1954/3377/2746 868/1377/1302
f 2091/3378/2914 4347/1222/1161 768/1221/1160
f 2092/3379/32 2093/3380/2915 4616/352/339
f 1637/2600/2339 4819/2602/2341 780/3381/1184
f 2094/3382/2916 2095/3383/2917 1997/3201/2796
f 2096/3384/2918 2097/3385/2919 2098/3386/2920
f 282/437/422 2099/3387/2921 2100/3388/2643
f 2101/3389/2922 2102/3390/2923 2103/3391/2924
f 188/296/283 4334/298/285 2104/3392/2925
f 1520/2410/2185 2914/3393/2926 2567/2408/2183
f 1711/3370/2427 2105/3394/2927 3073/3371/2909
f 1250/1982/1834 1249/1981/1833 3225/3395/2928
f 3182/3396/2929 1947/3119/2739 1281/3121/503
f 1593/2535/2286 2106/3397/1149 2107/3398/1769
f 1286/2029/1877 3308/3399/2930 4563/3400/2931
f 3994/3401/2889 1062/3402/1566 2108/3403/2932
f 2109/3404/2933 2110/3405/2934 2097/3385/2919
f 2111/3406/2935 4606/3407/2936 3534/3408/2937
f 4314/3409/2938 4676/3410/2939 4461/2181/2000
f 1779/2826/2518 1778/2825/2517 2112/3411/2940
f 395/626/606 924/1469/1384 2113/3412/2941
f 4255/633/613 2114/3413/2683 2115/3414/2942
f 2116/3415/2943 1095/1738/1617 4751/3416/2861
f 1343/2130/1958 2117/3417/2944 4814/3418/2945
f 355/565/548 2103/3391/2924 844/1341/1270
f 845/798/770 4299/3419/2946 846/3420/1271
f 1120/3421/1653 4747/3422/936 631/3423/935
f 2664/3424/2400 943/1494/1405 2118/3425/2947
f 586/907/869 2119/3426/2948 2120/3427/2949
f 3710/1028/984 2121/3428/2688 763/1216/1155
f 2122/3429/2950 2123/3430/2951 2124/3431/2952
f 2125/3432/2953 1254/1987/1839 2126/3433/1049
f 2615/3434/2954 2127/3435/2955 2128/3436/2956
f 2129/3437/825 2130/3438/2957 4248/3439/2958
f 437/3440/660 2684/3441/659 2685/3442/2959
f 3521/17/17 1726/2744/2449 10/18/18
f 2131/3443/2960 2132/3444/2961 2133/3445/2962
f 4359/3446/2963 2134/3447/2631 1821/3448/2586
f 1311/2077/1206 3397/2076/1912 797/3449/1207
f 2110/3405/2934 4779/3450/2964 4692/3451/2965
f 3882/2405/2180 1518/2407/2182 4049/3452/2966
f 2135/3453/1554 49/85/81 2136/3454/496
f 4881/3455/2849 4616/3456/339 2501/3457/2967
f 1479/2350/2138 2182/3458/1668 3011/3459/2968
f 874/1385/1309 1617/1387/1311 2137/3460/2969
f 872/1382/1306 1520/2410/2185 1519/2409/2184
f 710/1123/1071 709/1122/1070 2138/3461/2970
f 4084/3462/2971 1935/3096/2726 4727/3463/2972
f 4069/3464/2973 4084/3462/2971 4727/3463/2972
f 2176/3465/2974 745/1191/1133 2139/3466/2975
f 2140/3467/2347 1981/3175/2778 1646/3468/2348
f 4351/3469/139 4394/3470/2976 505/784/756
f 2141/3471/2977 2142/3472/58 2201/3473/2978
f 3914/3474/2979 2143/3475/2980 2144/3476/1260
f 342/545/529 2145/3477/2981 2051/3298/2864
f 2146/3478/1691 3790/3479/2982 897/1430/1348
f 4395/3480/2983 4446/1584/1485 2147/3481/2984
f 1292/2041/1004 2654/3482/2985 3550/3483/2986
f 1379/2182/2001 2148/3484/2987 2149/3485/2988
f 2150/3486/2989 1543/2445/2212 2151/3487/2990
f 488/761/733 2152/3488/2991 845/1342/770
f 2634/1254/1191 2153/3489/2992 2154/3490/2993
f 1211/1913/1775 2155/3491/2994 3364/3492/2995
f 2156/3493/2996 3873/3494/2997 2157/3495/2998
f 2435/3496/2999 4834/41/37 2158/3497/3000
f 2159/3498/3001 3749/3048/2692 4785/3047/787
f 2160/3499/3002 2161/3500/3003 120/3501/177
f 4830/3038/2686 2162/3502/3004 1901/3039/2687
f 3141/3503/3005 2163/3504/3006 2164/3505/3007
f 4753/3506/3008 1421/3507/2062 2165/3508/3009
f 2166/3509/3010 2167/3510/3011 2168/3511/3012
f 2169/3512/3013 2170/3513/3014 2171/3514/3015
f 2172/3515/3016 688/1087/1037 1982/3176/2779
f 4793/3516/3017 1119/1775/1652 4654/3157/2765
f 4784/263/250 1260/3517/1846 3304/3518/3018
f 2173/3519/3019 2174/3520/3020 2175/3521/3021
f 3668/3522/3022 4881/3276/2849 3682/3523/3023
f 2176/3524/2974 2139/3525/2975 4330/975/933
f 2177/3526/3024 4063/3527/3025 2178/3528/3026
f 2179/3529/3027 2180/3530/3028 174/274/261
f 2198/3531/3029 1090/1726/1607 4627/934/894
f 3709/1369/1294 4487/2901/2583 1971/3158/2766
f 2181/3532/2137 596/922/883 2182/3533/1668
f 466/721/698 2183/3534/3030 2040/3280/2852
f 2184/3535/2587 43/78/74 2185/3536/1572
f 1491/3537/2154 2186/3538/1972 1048/1665/1552
f 2187/3539/3031 791/1263/1199 2188/3540/3032
f 4283/3541/3033 3236/3542/3034 3117/3543/3035
f 4355/3060/2700 1939/1072/1022 4844/1071/1021
f 1694/2690/2408 2189/3544/3036 1695/2691/2409
f 2173/3519/3019 3760/3545/3037 2174/3520/3020
f 2190/3546/3038 237/369/356 2191/3547/3039
f 1086/3548/1601 3544/3549/3040 2192/3550/3041
f 4498/1917/1779 1308/2068/1905 1492/2372/1338
f 1206/1903/1765 1177/1858/1727 2164/3505/3007
f 2193/3551/3042 2194/3552/3043 4092/3553/3044
f 4335/3554/3045 3022/3555/3046 2195/3556/3047
f 1083/1715/1597 2366/3557/2741 3910/1716/1598
f 1269/2009/1860 1268/2008/1859 548/845/814
f 180/285/272 865/1374/1299 181/286/273
f 2196/3558/3048 2197/3559/3049 3781/1144/1089
f 4209/3560/3050 711/3561/1072 2198/3562/3029
f 1377/3563/1997 4699/3564/724 2073/3565/2891
f 2199/3566/167 1377/3563/1997 2073/3565/2891
f 2200/3567/3051 862/1368/1293 1138/3568/1675
f 2141/3569/2977 2201/3570/2978 2209/3571/3052
f 2202/3572/3053 2203/3573/3054 3723/3574/3055
f 4790/2918/2596 3432/2917/2595 2204/3575/3056
f 4121/3576/3057 2205/3577/2794 4557/3578/3058
f 2206/3579/3059 4798/3580/3060 4253/3581/3061
f 1789/2847/2537 727/1159/1103 1788/2845/2535
f 1266/2006/1857 1166/3582/1712 2207/3583/3062
f 4529/1690/1574 4389/3584/2379 1902/3041/1013
f 2208/3585/3063 3025/3586/3064 2209/3587/3052
f 4738/3588/3065 1547/2453/2217 23/3589/38
f 1741/2767/2467 1980/3590/2777 584/905/867
f 2757/3591/1252 2104/3392/2925 4333/3592/14
f 2879/3593/3066 550/3594/818 3484/3595/3067
f 4754/3596/1181 1380/3597/2002 1305/3598/1900
f 2210/3599/3068 4519/3600/3069 2211/3601/3070
f 476/742/716 3150/744/718 1740/2766/2466
f 3805/1013/970 4387/3602/3071 649/1014/971
f 990/3603/1479 228/357/344 3610/1440/1357
f 2212/3604/2306 1553/2462/2224 2213/3605/3072
f 893/3606/1343 892/3607/1342 880/1404/1326
f 3421/3608/3073 2214/3609/3074 2215/3610/3075
f 1595/2537/2287 1738/2763/2465 166/257/244
f 2216/3611/3076 1278/2020/1871 2217/3612/3077
f 1280/1833/1702 2782/3613/3078 681/1831/1025
f 2218/3614/3079 850/1348/1274 2219/3615/3080
f 1505/2390/2166 1507/2392/2168 2220/3616/3081
f 3800/3617/3082 2221/3618/3083 1615/2571/2312
f 2222/3619/3084 2223/3620/3085 1389/2196/2011
f 1481/3621/2140 2224/3622/3086 1482/1684/1568
f 2225/3623/3087 853/1353/1279 1045/1279/1214
f 4270/3030/2680 2226/3624/3088 2227/3625/3089
f 2228/3626/3090 2229/3627/1408 3526/3628/3091
f 1447/2299/2094 1712/3369/2428 2230/3629/3092
f 2231/3630/3093 561/870/836 4304/872/838
f 3353/3631/3094 4018/3632/3095 1582/3633/2267
f 2232/3634/3096 3474/3635/3097 4546/3636/3098
f 2233/3637/3099 1265/2004/1856 1266/2006/1857
f 4695/3638/3100 3878/2266/2070 2234/3639/3101
f 226/354/341 390/618/598 2235/3640/1187
f 2236/3641/3102 1798/2864/2551 2237/3642/3103
f 431/3643/651 377/601/583 376/600/504
f 2238/3644/3104 2239/3645/3105 2240/3646/3106
f 2241/3647/752 4296/2434/2205 1534/2433/2204
f 1147/1813/1684 1178/1859/1728 59/101/97
f 2242/3648/3107 2243/3649/1620 2547/3650/3108
f 2244/3651/3109 4619/3652/3110 2245/3653/3111
f 1246/1972/1826 1028/2439/1527 1247/1973/1532
f 3017/353/340 2090/3376/1211 337/540/524
f 1055/3654/1560 973/3655/1451 4390/3656/3112
f 2246/3657/3113 4507/3658/3114 3095/3659/3115
f 2247/3660/86 581/3661/88 4193/3662/3116
f 2248/3663/2588 4247/3664/3117 4199/3665/3118
f 2249/3666/3119 2250/3667/1707 2251/3668/3120
f 3432/2917/2595 2252/3669/3121 4374/3670/3122
f 2253/3671/3123 124/195/183 4613/3672/3124
f 1422/2258/2065 300/470/455 3202/480/464
f 286/450/435 4772/3673/1182 2254/3674/3125
f 4673/3675/3126 2195/3556/3047 4109/3676/3127
f 1384/2189/2007 753/3677/1142 3751/3678/3128
f 1087/1720/1602 4550/3679/3129 3960/1721/802
f 436/3680/658 2255/3681/3130 2716/3682/3131
f 562/3683/837 2256/3684/3132 2257/3685/3133
f 2811/3686/3134 2810/3687/3135 2258/3688/3136
f 2000/3207/2800 2259/3689/1586 2260/3690/3137
f 3151/3691/2406 915/1457/1372 914/1456/1371
f 3042/3692/3138 2261/3693/2801 2262/3694/3139
f 3680/3695/2009 2263/3696/3140 2015/3240/2824
f 3624/3697/3141 2085/3368/2908 1766/2806/2502
f 1590/2528/2279 4286/3698/2241 2927/3699/3142
f 1772/962/922 621/964/924 1455/2312/2106
f 2264/3700/3143 2265/3701/2302 2266/3702/3144
f 1305/3703/1900 1380/2183/2002 4763/2184/2003
f 1528/2426/2198 2394/3188/2787 3232/3704/3145
f 1110/1765/1642 2875/3705/3146 3843/2728/2436
f 2267/3706/3147 3374/3707/3148 2268/3708/3149
f 450/702/679 1015/1619/1515 4576/2321/2113
f 2269/3709/3150 2270/3710/3151 2271/3711/3152
f 2269/3709/3150 2271/3711/3152 2272/3712/556
f 2273/3713/3153 2274/3714/3154 2275/3715/570
f 1966/3716/2760 1845/3717/2617 4625/3718/3155
f 1270/2010/1861 987/3719/1475 2276/3720/1799
f 2277/3721/3156 1238/1954/1812 2060/3722/2875
f 4819/3723/2341 2278/3724/3157 2279/3725/3158
f 126/197/185 4613/3672/3124 124/195/183
f 3122/3726/3159 1025/1629/1523 2155/3491/2994
f 2248/3663/2588 489/3727/734 2280/3728/3160
f 3119/3729/2303 2281/3730/3161 1978/3172/2775
f 1447/2299/2094 1446/2298/2093 4661/3731/3162
f 540/832/801 2282/3732/3163 357/567/550
f 2283/3733/3164 4852/3734/3165 2284/3735/3166
f 2285/3736/3167 1226/1936/1796 1228/1938/1798
f 2286/3737/3168 2165/3738/3009 1421/3739/2062
f 2287/3740/3169 894/1425/1344 4929/3741/3170
f 2288/3742/3171 3058/1030/986 2289/3743/3172
f 2290/3744/3173 1941/3745/2732 2291/3746/44
f 2316/2346/2135 3867/676/653 1477/2347/2136
f 2292/3747/3174 2293/3748/3175 1257/3749/1843
f 3042/3692/3138 2262/3694/3139 2294/3750/3176
f 703/1110/1059 702/1109/1058 954/1514/1421
f 1837/2932/2605 2295/3751/3177 2296/3752/260
f 4931/3753/2431 2297/3754/3178 2298/3755/3179
f 4771/3756/3180 2299/3757/3181 2300/3758/3182
f 430/1396/650 3022/3555/3046 3747/1397/1319
f 2143/3759/2980 2161/3500/3003 2301/3760/178
f 2302/3761/3183 387/612/593 2303/3762/3184
f 2304/3763/3185 2305/3764/3186 2306/3765/578
f 2307/3766/3187 2308/3767/3188 4078/3768/3189
f 3529/3769/2659 411/648/626 410/647/625
f 1328/2108/1939 1188/1875/1741 1190/1877/1743
f 2309/3770/3190 2310/3771/3191 2311/3772/3192
f 1249/1981/1833 2312/3773/3193 3225/3395/2928
f 742/1186/1129 2313/3774/617 4430/3775/3194
f 4756/3776/3195 2314/3777/3196 2315/3778/3197
f 183/3779/277 4857/3780/3198 3427/417/402
f 2107/3398/1769 2106/3397/1149 2316/3781/2135
f 3519/3782/3199 2133/3445/2962 3520/3783/3200
f 2317/3784/3201 1033/1643/1533 2318/3785/3202
f 797/1271/1207 2319/3786/2509 798/1272/1208
f 3184/1803/1674 1725/2742/2447 2320/3787/3203
f 1298/3788/1891 2049/3296/1893 2048/3295/2862
f 2321/3789/3204 232/363/350 1936/3098/2727
f 3822/2318/2111 30/3790/51 2791/3791/3205
f 2961/3792/3206 2322/3793/2014 2323/3794/2013
f 110/174/163 1275/2015/1866 1074/1701/1585
f 2324/3795/3207 1275/2015/1866 110/174/163
f 4152/3796/3208 1165/1842/1711 2325/3797/3209
f 2444/3798/3210 2326/3799/3211 2327/3800/3212
f 2328/3801/3213 2012/3802/2654 2329/3803/1823
f 4509/442/427 2330/3804/3214 2890/3805/3215
f 2331/3806/3216 4551/3807/2031 2332/3808/1419
f 438/687/664 2333/3809/3217 2944/3810/3218
f 2914/3393/2926 2334/3811/3219 4383/3812/3220
f 2335/3813/3221 2475/3814/3222 2832/2253/2060
f 670/1052/1002 739/1182/1125 671/1053/1003
f 2336/3815/3223 1127/1785/1660 1126/1784/1659
f 2337/3816/3224 1061/1681/1565 1648/2616/2350
f 2338/3817/3225 2088/3374/2912 4735/3818/3226
f 4867/3819/3227 47/83/79 2339/3820/3228
f 2340/3821/3229 2341/3822/3230 2342/3823/3231
f 1786/2841/2531 400/631/611 399/630/610
f 4724/3824/2576 981/3825/1467 3021/3826/3232
f 1579/2510/2263 150/229/216 2343/3827/3233
f 729/1162/1106 2344/3828/3234 730/1163/1107
f 573/890/856 4133/1608/1505 2345/3829/2521
f 45/81/77 1965/3830/2758 2346/3831/2900
f 3864/3832/3235 1716/3833/2432 2347/3834/3236
f 1236/3835/1809 2348/3836/3237 4908/3837/3238
f 1404/2224/2034 3085/70/66 2971/69/65
f 594/920/881 2349/3838/3239 2350/3839/3240
f 2351/3840/3241 4024/3841/3242 2153/3842/2992
f 2352/3843/3243 3656/3844/3244 1527/2425/2197
f 2353/3845/3245 1195/1885/1749 1043/1656/1546
f 3788/3846/3246 2354/3847/3247 1682/2669/2391
f 1489/2368/2152 245/382/369 3893/384/371
f 4873/1975/1828 2355/3848/3248 4594/1976/1829
f 3002/3849/3249 2356/3850/2389 2357/3851/3250
f 2134/2964/2631 784/3852/1188 2358/3853/236
f 2359/3854/3251 539/830/799 628/973/931
f 1616/2572/2313 480/750/722 297/467/452
f 388/616/596 4034/615/595 29/54/50
f 2360/3855/3252 2361/3856/3253 2362/3857/3254
f 2320/3858/3203 2363/3859/3255 3184/3860/1674
f 3085/70/66 1404/2224/2034 4569/3861/3256
f 2364/3862/3257 1724/3863/2446 2365/3864/2448
f 72/120/112 77/125/117 2436/3865/3258
f 838/1334/1263 2227/3866/3089 839/1335/1264
f 2366/3867/2741 1083/3868/1597 2367/3869/59
f 2368/3870/346 366/579/562 1715/3871/2430
f 1559/2475/2234 1395/2207/2019 1397/2209/2021
f 2369/3872/3259 833/1328/1257 1546/2450/2216
f 305/478/462 439/688/665 438/687/664
f 1196/3873/1750 2370/3874/3260 2371/3875/3261
f 369/3876/571 2372/3877/3262 1911/2023/1873
f 1728/2746/2450 3534/3408/2937 4606/3407/2936
f 3727/3878/3263 2373/3879/3264 2374/3880/3265
f 2375/3881/3266 2376/3882/3267 1255/3883/1840
f 2377/3884/3268 3264/3885/3269 1900/3886/2685
f 7/12/12 4137/11/11 2684/682/659
f 1330/2110/1940 2378/3887/3270 2379/3888/3271
f 1563/2480/2239 4665/3889/3272 454/707/684
f 334/1417/518 2380/3890/3273 889/1418/1337
f 224/348/335 2381/3891/3274 3222/3892/3275
f 1926/3893/2717 4274/3894/3276 2382/3895/2147
f 405/3896/619 1336/3897/1947 3860/3898/3277
f 2383/3899/1636 2384/3900/1635 2127/3435/2955
f 2385/3901/3278 2961/3792/3206 2386/3902/3279
f 2387/3903/3280 2220/3616/3081 1267/2007/1858
f 973/1548/1451 807/1289/1222 2388/3904/3281
f 4336/3905/3282 2650/3906/3283 2450/3907/3284
f 2389/3908/3285 2390/3909/3286 1111/1766/1643
f 3922/2175/1994 1375/2176/1995 1805/2873/2560
f 870/1379/1015 854/1354/1280 745/1191/1133
f 2391/3910/3287 1877/3911/2663 2392/3912/254
f 1450/2305/2100 2393/3913/3288 4880/2303/2098
f 2394/3188/2787 3655/3914/3289 2264/3915/3143
f 2266/3702/3144 2394/3916/2787 2264/3700/3143
f 2395/3917/565 2396/3918/3290 2397/3919/2639
f 2398/3920/3291 2399/3921/3292 2400/3922/3293
f 330/3923/510 332/3924/512 2401/3925/3294
f 330/3923/510 2401/3925/3294 3650/3926/3295
f 2402/3927/3296 143/222/209 2403/3928/3297
f 213/335/322 2069/3328/2883 214/336/323
f 392/3366/601 2083/3365/2906 365/3929/560
f 2404/3930/3298 2405/3931/3299 618/959/919
f 1484/2359/2145 1785/2839/2529 4848/3220/2809
f 2406/3932/3300 2053/3302/2868 2407/3933/3301
f 2408/3934/3302 4642/3935/3303 2409/3936/3304
f 4717/3937/3305 2410/3938/3306 290/457/442
f 2411/3939/896 4512/3940/3307 4347/1222/1161
f 3109/3941/2803 2412/3942/3308 2193/3551/3042
f 2413/3943/3309 2421/3944/3310 2003/3217/2808
f 2150/3486/2989 2303/3762/3184 2414/3945/3311
f 2415/3946/1351 903/1443/1353 2416/3947/3312
f 672/1963/1010 2417/3948/392 4184/1964/1820
f 2418/3949/3313 2419/3950/3314 2013/3238/2822
f 683/1077/1027 2420/3951/3315 1896/3952/2679
f 773/1232/1170 4394/3953/2976 2421/3954/3310
f 3602/3955/3316 2422/3956/3317 2338/3957/3225
f 2423/3958/3318 2424/3959/3319 4682/3960/2055
f 4843/3961/3320 1476/2344/2133 804/1284/1217
f 3887/1018/975 651/1020/977 563/874/840
f 337/540/524 336/539/523 226/354/341
f 2425/3962/3321 332/528/512 1082/1714/1596
f 2426/3963/3322 4889/2949/2620 2427/3964/1165
f 2428/3965/3323 2218/3614/3079 4465/3966/2748
f 2429/3967/3324 4832/950/910 4664/3968/3325
f 2389/3969/3285 2430/3970/3326 2431/3971/3327
f 2432/3972/3328 4886/3973/2731 4118/3974/3329
f 2433/3975/3330 2000/3207/2800 2434/3976/3331
f 1819/2898/2581 3011/3459/2968 4683/2899/2582
f 3959/1944/1804 4738/3977/3065 2435/3978/2999
f 2436/3979/3258 2437/3980/3332 2438/3981/3333
f 1603/3982/2296 4526/3983/3334 2439/3984/3335
f 2440/3985/3336 2253/3671/3123 2441/3986/3337
f 506/786/758 2442/3987/1460 505/784/756
f 101/159/148 2443/3988/3338 4552/2220/2030
f 354/564/547 4238/3989/3339 2201/3990/2978
f 1406/2227/2037 2444/3991/3210 2327/3992/3212
f 2445/3993/3340 1042/1655/1545 4263/3994/3341
f 2446/3995/3342 2231/3630/3093 2168/3996/3012
f 2741/3997/3343 4639/3998/3344 2447/3999/1443
f 2448/4000/3345 2119/4001/2948 585/4002/868
f 2449/4003/3346 1061/1681/1565 1060/1680/1564
f 1742/2768/1277 2450/4004/3284 1743/2769/2468
f 3253/477/461 2451/4005/3347 2452/4006/3348
f 3148/1915/1777 4331/4007/3349 896/1428/1347
f 2907/4008/3350 2453/4009/3351 2454/4010/3352
f 2455/4011/2793 2456/4012/2792 2663/4013/3353
f 3671/4014/3354 213/4015/322 2457/4016/3355
f 1972/2505/2258 700/1106/1055 1577/2503/2257
f 2985/4017/3356 1599/2542/2291 1598/2541/2290
f 3877/4018/3357 3614/4019/3358 1684/2671/2393
f 2458/4020/3359 3322/4021/3360 474/733/710
f 3608/4022/3361 2173/3519/3019 2459/4023/3362
f 4789/4024/3363 4872/4025/3364 963/4026/1437
f 259/404/389 2460/4027/3365 2461/4028/3366
f 1518/2407/2182 2990/2406/2181 4442/4029/3367
f 2462/4030/3368 536/4031/796 537/4032/797
f 1221/1928/1789 747/2093/1136 2017/4033/2827
f 357/4034/550 2282/4035/3163 358/4036/551
f 42/77/73 1810/2881/2567 1078/1709/1591
f 4419/3070/2706 879/1400/1322 2463/4037/3369
f 3371/4038/3370 2464/4039/3371 2465/4040/3372
f 4385/4041/3373 1346/2136/1963 340/2983/527
f 2466/4042/2156 2467/4043/1340 2468/4044/3374
f 453/4045/683 1636/2599/2338 454/4046/684
f 3478/4047/3375 3865/4048/3376 2469/4049/3377
f 893/3606/1343 880/1404/1326 881/1406/1327
f 1945/3117/2737 1946/3118/2738 2470/4050/3378
f 2416/4051/3312 2471/4052/3379 2472/4053/3380
f 1698/2696/2413 3773/4054/3381 3294/4055/2036
f 2473/4056/3382 4480/4057/3383 3614/4058/3358
f 3127/2623/2356 1652/2622/2355 3802/4059/1501
f 4722/3166/2771 259/404/389 261/406/391
f 376/4060/504 3129/4061/3384 501/778/750
f 2264/3700/3143 3944/4062/3385 2265/3701/2302
f 2474/4063/3386 2475/4064/3222 4899/4065/3387
f 2476/4066/3388 692/1092/1042 2723/4067/1323
f 2477/4068/1923 3819/4069/3389 4041/4070/2027
f 2478/4071/3390 1631/2592/2331 4344/4072/3391
f 4924/4073/3392 332/528/512 4914/4074/3393
f 2479/4075/3394 4750/4076/3395 3625/4077/3396
f 2480/4078/3397 4336/3905/3282 2481/4079/3398
f 4791/4080/3399 416/4081/631 914/4082/1371
f 1235/1950/1808 1986/1815/1686 1988/2301/2096
f 1077/4083/708 2482/4084/3400 4429/4085/623
f 2483/4086/3401 2484/4087/3402 525/809/781
f 2254/3674/3125 2485/4088/3403 286/450/435
f 2486/4089/3404 2487/4090/3405 1850/1985/1837
f 4844/1071/1021 100/4091/146 4214/4092/386
f 3757/4093/3406 2488/4094/3407 2489/4095/3408
f 2136/512/496 1515/2400/2176 323/513/497
f 1699/2697/2414 1698/2696/2413 3294/4055/2036
f 2490/4096/3409 2375/4097/3266 1255/1988/1840
f 385/610/591 1358/2152/1975 1360/2154/1977
f 744/4098/1132 2491/4099/3410 675/4100/1016
f 1677/4101/2384 1887/3018/2670 1888/3019/2671
f 2492/4102/3411 333/529/513 806/1286/1219
f 2932/3095/2725 3819/4103/3389 2477/4104/1923
f 887/1356/1282 855/1355/1281 4922/4105/3412
f 2026/4106/824 2493/4107/3413 2494/4108/3414
f 832/1325/1256 2026/1327/824 2494/4109/3414
f 2495/4110/3415 1991/4111/2470 1609/2560/2304
f 3422/4112/3416 1124/1782/1657 1125/1783/1658
f 564/875/841 563/874/840 4513/1952/1810
f 4152/3796/3208 2325/3797/3209 782/4113/1186
f 1039/1650/1540 4125/4114/3417 1040/1651/1541
f 2496/4115/3418 2497/4116/3419 2495/4117/3415
f 2498/4118/1847 4865/4119/3420 2499/4120/1848
f 1776/4121/757 2500/4122/3421 2501/4123/2967
f 1775/4124/2514 1776/4125/757 2501/4126/2967
f 2502/4127/3422 2503/4128/3423 2504/4129/3424
f 2505/4130/3425 1148/1814/1685 787/1256/1193
f 2839/4131/3426 2506/4132/3427 3323/4133/3428
f 2507/4134/2866 860/1364/1289 4151/4135/2867
f 4732/2626/1960 1344/4136/1959 2508/4137/3429
f 2509/4138/3430 2510/4139/2769 841/1337/1266
f 2511/4140/3431 2512/4141/3432 4074/4142/3433
f 4219/4143/3434 157/244/231 499/4144/747
f 2513/4145/1831 2514/4146/3435 2621/4147/3436
f 3243/4148/3437 1535/2435/2206 2515/4149/3438
f 2567/4150/2183 1670/2651/2376 2516/4151/3439
f 2517/4152/3440 2518/4153/3441 2156/4154/2996
f 986/1572/1474 2519/4155/3442 2520/4156/3443
f 257/4157/384 2521/4158/3444 3580/4159/3445
f 2522/4160/3446 2224/3622/3086 2305/3764/3186
f 2523/4161/3447 4639/3998/3344 4099/4162/3448
f 2524/4163/3449 2525/4164/3450 2526/4165/3451
f 2470/4050/3378 1946/3118/2738 2527/4166/3452
f 92/145/134 94/147/136 2528/4167/3453
f 2529/4168/3454 2530/4169/3455 2531/4170/3456
f 193/305/292 195/307/294 2730/4171/2426
f 3410/4172/3457 2532/4173/3458 2533/4174/3459
f 2534/4175/3460 1657/2630/2360 1729/4176/2452
f 2534/4175/3460 1729/4176/2452 2535/4177/2451
f 1986/3182/1686 2536/4178/3461 1987/3183/2783
f 730/1163/1107 2344/3828/3234 2537/4179/3462
f 1244/1967/1822 3388/3271/2845 2538/4180/3463
f 783/355/342 226/354/341 2235/3640/1187
f 1011/1615/1512 2539/4181/3464 1184/1869/1736
f 4813/2326/2117 3535/4182/3465 2540/4183/3466
f 1935/3096/2726 4084/3462/2971 2880/4184/3467
f 2770/1120/1068 708/1119/1067 2771/4185/3468
f 2541/4186/3469 2542/4187/3470 4716/4188/439
f 1320/4189/1930 2844/2686/2405 2518/4190/3441
f 2188/3540/3032 793/1265/1201 2543/4191/3471
f 827/1316/1248 2006/4192/2811 1386/2193/564
f 537/828/797 827/1316/1248 1386/2193/564
f 2191/3547/3039 237/369/356 4538/4193/3472
f 1086/3548/1601 2544/4194/2750 3544/3549/3040
f 2103/3391/2924 355/565/548 1579/2510/2263
f 4730/1305/1238 4025/3272/2846 2035/3274/1745
f 2545/4195/3473 613/954/914 880/1404/1326
f 1299/4196/1892 3685/4197/3474 2546/4198/3475
f 2547/4199/3108 2243/3140/1620 1957/3139/2752
f 4771/3756/3180 2300/3758/3182 4396/4200/3476
f 751/1199/1140 1755/4201/2488 1754/4202/2487
f 3139/2085/1919 4745/2087/1921 236/368/355
f 2548/4203/3477 724/1153/1097 726/1155/1099
f 642/4204/957 4920/4205/2073 2549/4206/1453
f 532/821/791 444/696/673 371/591/574
f 3869/154/143 4316/4207/3478 2550/4208/3479
f 4765/4209/2785 1843/2941/2613 1844/2943/2614
f 2071/3332/2887 2070/3331/2886 2434/3976/3331
f 1474/2342/2131 2551/4210/3480 2681/4211/3481
f 2552/4212/3482 2553/4213/2028 2554/4214/3483
f 349/553/537 2555/4215/3484 1546/4216/2216
f 4398/1600/1499 296/466/451 1531/4217/2201
f 2556/4218/3485 887/1415/1282 4818/4219/3486
f 4260/4220/3487 2557/4221/3488 4879/4222/2804
f 3829/283/270 1709/4223/2425 2558/4224/803
f 4300/4225/2250 1121/1777/1654 3584/4226/3489
f 2559/4227/3490 2560/4228/3491 2280/3728/3160
f 462/4229/694 2561/4230/3492 2562/4231/3493
f 560/868/834 1049/1666/1553 2470/4050/3378
f 3932/4232/3494 2563/4233/3495 4124/4234/3496
f 2564/4235/3497 2565/4236/3498 2566/4237/3499
f 4507/3658/3114 2567/4238/2183 3500/4239/3500
f 3762/4240/3501 2568/4241/3502 4795/4242/3503
f 2569/4243/3504 2570/4244/3505 2571/4245/3506
f 4210/2778/2476 4597/2780/2478 2572/4246/3507
f 2472/4053/3380 2678/4247/3508 2416/4051/3312
f 2573/4248/3509 2574/4249/3510 729/1162/1106
f 588/912/874 4520/4250/3511 589/913/875
f 2575/4251/3512 2110/3405/2934 4692/3451/2965
f 2576/4252/3513 4526/3983/3334 132/208/195
f 3354/4253/3514 3650/3926/3295 3353/3631/3094
f 1997/3201/2796 670/1052/1002 2577/4254/3515
f 4712/3364/2905 2578/4255/1398 2192/3550/3041
f 2296/3752/260 2579/4256/259 1837/2932/2605
f 1709/2711/2425 3162/2710/2424 541/4257/804
f 2239/4258/3105 3206/4259/3516 2580/4260/3517
f 4395/3480/2983 2147/3481/2984 1454/4261/2105
f 501/778/750 2581/4262/3518 2582/4263/505
f 3377/4264/3519 3736/4265/3520 2583/4266/3521
f 3740/4267/3522 4492/4268/3523 4235/4269/3524
f 2091/3378/2914 768/1221/1160 1312/2078/1913
f 2584/4270/1169 2585/4271/3525 2586/4272/3526
f 526/810/782 2587/4273/3527 2307/3766/3187
f 263/410/395 2588/4274/913 2589/4275/3528
f 2590/4276/1551 568/884/850 1226/1936/1796
f 2211/3601/3070 2907/4008/3350 2210/3599/3068
f 2591/4277/3529 2369/3872/3259 1546/2450/2216
f 997/4278/1492 108/171/160 107/170/159
f 1641/4279/2342 2592/4280/847 2593/4281/3530
f 2594/4282/3531 2595/4283/3532 4502/4284/3533
f 2596/4285/707 934/2260/1394 1809/2879/2565
f 1767/2807/2503 3889/4286/3534 1768/2808/2504
f 570/886/852 569/885/851 523/4287/779
f 2597/4288/3535 2598/4289/1899 1304/4290/1898
f 4762/4291/1043 1245/4292/1825 2599/4293/3536
f 2600/4294/3537 567/879/845 590/2544/876
f 2601/4295/3538 2602/4296/1753 1199/4297/1752
f 3733/4298/3539 2603/4299/3540 2604/4300/795
f 4632/4301/2362 2605/4302/3541 2606/4303/3542
f 2607/4304/2532 2875/3705/3146 1110/1765/1642
f 4901/4305/3543 2608/4306/3544 4721/4307/3545
f 2609/4308/3546 2610/4309/3547 2611/4310/2439
f 1878/3006/2665 3937/3005/2664 677/4311/1019
f 4367/4312/3548 2612/4313/3549 2613/4314/3550
f 4887/4315/3551 4222/4316/3552 2614/4317/3553
f 2393/3913/3288 1450/2305/2100 2615/4318/2954
f 39/72/68 40/74/70 891/4319/1341
f 2616/4320/3554 4914/4074/3393 3266/4321/3555
f 4644/1127/1073 740/4322/1126 712/1128/1074
f 699/1105/1054 1303/2057/1897 622/965/925
f 2617/4323/3556 2618/4324/3557 2619/4325/3558
f 3508/4326/1305 2120/3427/2949 1947/3119/2739
f 1212/4327/1776 2620/4328/2316 3014/4329/3559
f 2621/4330/3436 4807/4331/3560 2622/4332/1622
f 1854/2960/2628 3785/2735/2441 2623/4333/3561
f 2442/3987/1460 977/4334/1459 505/784/756
f 2624/4335/3562 445/697/674 2625/4336/3563
f 2037/3277/2850 2626/4337/3564 4871/4338/3565
f 933/4339/1393 2826/4340/3566 934/2260/1394
f 1727/2324/2115 4813/2326/2117 2540/4183/3466
f 1901/3039/2687 2627/4341/3567 2121/3040/2688
f 372/592/575 2628/4342/3568 446/698/675
f 2194/3552/3043 86/137/127 89/4343/131
f 411/648/626 2494/4108/3414 2660/4344/3569
f 2012/2989/2654 2629/4345/3570 4884/2990/2655
f 438/687/664 440/689/666 2333/3809/3217
f 3581/4346/3571 4490/1579/1480 3610/4347/1357
f 927/490/474 303/473/458 1523/2417/2191
f 2085/3368/2908 1909/3055/2697 1766/2806/2502
f 1452/4348/1755 1200/4349/1754 2630/4350/2114
f 4799/1657/1547 2598/2059/1899 4604/4351/3572
f 4294/4352/2830 3658/4353/3573 4341/4354/3574
f 2631/4355/3575 2315/3778/3197 4891/925/886
f 2632/4356/3576 1702/4357/2417 1704/3324/2419
f 4178/2785/2483 1101/1752/1630 3194/4358/3577
f 621/964/924 1916/3067/2704 1915/3066/2703
f 1439/2288/1046 2878/4359/3578 2633/4360/61
f 4516/4361/3579 4200/4362/3580 2634/4363/1191
f 1089/1724/1605 2252/3669/3121 1828/2916/2594
f 2635/4364/3581 2563/4233/3495 2265/3701/2302
f 2171/3514/3015 2636/4365/3582 2302/3761/3183
f 1949/3124/2742 1948/3123/540 113/177/166
f 342/545/529 2051/3298/2864 323/513/497
f 2637/4366/3583 2262/3694/3139 4081/4367/3584
f 2638/4368/3585 1693/2689/2407 1726/4369/2449
f 1038/1649/1539 2639/4370/3586 2640/4371/3587
f 425/667/644 2641/4372/3588 3653/665/642
f 2426/3963/3322 2427/3964/1165 2642/4373/3589
f 2193/3551/3042 4092/3553/3044 4206/4374/3590
f 2643/4375/3591 1532/2431/2202 1531/2430/2201
f 4753/3506/3008 4056/4376/3592 4453/4377/3593
f 2644/4378/1542 443/694/671 3886/693/670
f 681/1075/1025 368/586/569 369/588/571
f 4334/298/285 2645/4379/3594 2646/4380/3595
f 1557/2468/2230 279/4381/419 2647/4382/3596
f 4528/57/53 482/754/726 1843/4383/2613
f 1410/2233/2043 4176/4384/3597 1781/2830/2522
f 2648/4385/3598 2440/3985/3336 2441/3986/3337
f 2211/3601/3070 2453/4009/3351 2907/4008/3350
f 1687/2677/2398 1686/2676/2397 2072/3339/2890
f 2649/4386/3599 2636/4365/3582 2170/3513/3014
f 2650/4387/3283 2651/4388/3600 2652/4389/3601
f 2653/4390/3602 2654/4391/2985 1292/1054/1004
f 4324/1460/1375 2655/4392/393 2417/4393/392
f 2656/4394/3603 2657/4395/2833 3283/4396/3604
f 1884/3015/42 4041/4397/2027 3819/4398/3389
f 224/4399/335 2658/4400/3605 2659/4401/3606
f 4530/4402/553 2660/4403/3569 4531/1176/1119
f 2661/4404/3607 1792/2852/2541 3263/2851/2540
f 1700/2698/2415 2194/3552/3043 2193/3551/3042
f 1505/2390/2166 2662/4405/3608 1506/2391/2167
f 3329/535/519 2663/4406/3353 3612/536/520
f 2664/4407/2400 2118/4408/2947 2217/3612/3077
f 891/1422/1341 893/1424/1343 4474/4409/3609
f 935/4410/1395 953/734/711 3305/4411/3610
f 2367/63/59 2142/62/58 2366/4412/2741
f 2679/4413/3611 1857/2967/2634 2665/4414/3612
f 994/1587/1488 2106/3397/1149 1593/2535/2286
f 4546/3636/3098 4794/4415/3613 2625/4416/3563
f 2666/4417/3614 2667/4418/3615 4909/4419/2899
f 3309/4420/3616 2668/4421/2233 1558/4422/2232
f 2670/4423/3617 430/673/650 2669/4424/55
f 2670/4425/3617 2669/59/55 34/61/57
f 2671/4426/3618 2672/4427/3619 4337/4428/3620
f 2673/4429/3621 2455/4430/2793 2663/4431/3353
f 2512/4141/3432 2674/4432/3622 4060/4433/3623
f 1811/2883/2569 3642/4434/274 2001/3213/276
f 1748/4435/1014 2675/4436/2475 543/838/807
f 2343/3827/3233 1832/2925/2600 3527/4437/3624
f 2676/4438/3625 1974/3165/2770 4722/3166/2771
f 2065/2506/2259 1502/2387/2163 1504/2389/2165
f 2677/4439/3626 2415/1434/1351 2678/4440/3508
f 4519/3600/3069 2679/4441/3611 3091/4442/3627
f 2237/3642/3103 1798/2864/2551 3368/2866/2553
f 2680/4443/3628 2668/4421/2233 3309/4420/3616
f 2638/4368/3585 2681/4444/3481 1693/2689/2407
f 2682/4445/3629 2372/3877/3262 2683/4446/3630
f 2684/4447/659 2562/4231/3493 2685/4448/2959
f 2686/4449/3631 2687/4450/2193 4554/4451/968
f 2688/4452/3632 2689/4453/3633 1173/1853/1722
f 2237/3642/3103 907/4454/1363 2690/4455/1362
f 2691/4456/3634 2082/4457/2903 2692/4458/3635
f 4743/4459/3636 693/1095/1045 1438/1094/1044
f 3225/3395/2928 2312/3773/3193 2693/4460/3637
f 88/142/130 528/812/784 90/143/132
f 2694/4461/3638 2695/4462/1581 941/1489/1402
f 2046/3290/2859 2007/3223/2812 4290/4463/3639
f 395/626/606 2696/4464/3640 924/1469/1384
f 2697/4465/3641 2698/4466/3642 4821/4467/3643
f 1898/3033/2682 4855/4468/3644 2699/4469/3645
f 2700/4470/3646 4862/4471/1610 4469/4472/1609
f 2928/4473/3647 2379/3888/3271 2701/4474/3648
f 962/4475/1432 2131/3443/2960 2702/4476/3649
f 3915/2853/2542 1792/2852/2541 1431/2275/2079
f 1322/4477/1933 2703/4478/3650 2704/4479/3651
f 972/1547/1450 2705/4480/3652 2706/4481/3653
f 2707/4482/3654 983/4483/1469 3187/4484/3655
f 209/4485/317 2708/4486/316 1302/2055/1896
f 4423/4487/635 39/72/68 267/418/403
f 4932/1492/1317 2709/4488/3656 4506/1493/1404
f 3428/4489/3657 2710/4490/3658 795/4491/1204
f 4368/4492/3659 2711/4493/3660 3615/4494/3661
f 3130/1712/1594 2712/4495/3662 1081/1713/1595
f 719/1138/1083 3488/3074/2710 1839/4496/2607
f 2713/4497/3663 2714/4498/3664 2715/4499/1060
f 436/681/658 2716/4500/3131 2824/4501/3665
f 1269/2009/1860 2420/3951/3315 1267/2007/1858
f 2717/4502/3666 1533/2432/2203 2718/4503/3667
f 2641/4372/3588 2719/4504/3668 3653/665/642
f 2572/4505/3507 3533/4506/3669 2720/4507/3670
f 2408/4508/3302 1518/2407/2182 2721/4509/3671
f 1829/2920/2597 2722/4510/3672 4898/2921/253
f 1715/3871/2430 1747/2774/2473 1355/2149/1974
f 4436/2550/2298 1605/2551/2299 2853/4511/153
f 4104/4512/1325 1537/2438/1235 2723/4513/1323
f 2485/4088/3403 98/153/142 717/1135/1081
f 1097/1740/1619 2724/4514/3673 2725/4515/3674
f 2726/4516/3675 1360/2154/1977 1359/2153/1976
f 2708/4486/316 508/788/760 1300/2053/1894
f 2727/4517/3676 4371/4518/3677 624/967/927
f 1300/2053/1894 508/788/760 507/787/759
f 2728/4519/2841 2729/4520/3678 272/4521/411
f 2177/3526/3024 2730/4522/2426 4063/3527/3025
f 2731/4523/2047 4451/4524/3679 734/4525/1115
f 2732/4526/3680 2413/4527/3309 2068/3327/2882
f 394/625/605 2732/4526/3680 2068/3327/2882
f 1290/2035/1883 1037/1648/1538 1036/1647/1537
f 2130/3438/2957 2733/4528/440 1052/1671/1557
f 3502/4529/1624 2734/4530/3681 2735/4531/3682
f 2736/4532/3683 2737/4533/3684 320/509/493
f 2350/3839/3240 2738/4534/3685 595/921/882
f 45/81/77 4867/3819/3227 1965/3830/2758
f 2739/4535/3686 931/4536/1391 3846/4537/3687
f 1657/2630/2360 2740/4538/3688 1729/4176/2452
f 2263/4539/3140 2660/4403/3569 4530/4402/553
f 1150/1821/1692 1565/2484/2242 4187/839/808
f 2741/4540/3343 2447/1537/1443 4915/2213/2025
f 94/147/136 93/146/135 2742/4541/3689
f 696/1100/1050 774/2451/1171 1547/2453/2217
f 2181/2349/2137 2182/3458/1668 1479/2350/2138
f 2743/4542/3690 2744/4543/3691 360/4544/554
f 322/4545/495 2135/3453/1554 2136/3454/496
f 3859/2940/2612 29/54/50 28/53/49
f 2745/4546/3692 192/304/291 1861/4547/2638
f 462/4548/694 1100/4549/1627 2561/4550/3492
f 474/733/710 2746/4551/3693 3306/4552/3694
f 4058/4553/3695 4628/446/431 2747/4554/3696
f 2748/4555/3697 4458/4556/3698 2749/4557/3699
f 345/548/532 3968/443/428 2750/4558/3700
f 3990/4559/3701 2751/4560/3702 2752/4561/3703
f 472/728/705 471/727/704 322/903/495
f 2753/4562/3704 2164/3505/3007 1177/1858/1727
f 1278/2020/1871 2753/4562/3704 1177/1858/1727
f 4123/4563/1174 2754/4564/3705 3195/4565/3706
f 2739/4566/3686 2755/4567/3707 4688/4568/615
f 889/1418/1337 2380/3890/3273 2756/4569/3708
f 701/1107/1056 700/1106/1055 4746/4570/3709
f 701/1107/1056 4746/4570/3709 1703/2702/2418
f 372/592/575 371/591/574 2628/4342/3568
f 2691/4456/3634 4927/4571/3710 2082/4457/2903
f 2757/4572/1252 2758/4573/1251 2759/4574/3711
f 801/1278/817 2397/3919/2639 799/1276/1212
f 2058/3308/2872 2760/4575/3712 2662/4576/3608
f 2761/4577/3713 2762/4578/3714 1287/2030/1878
f 2763/4579/3715 2764/4580/3716 2765/4581/3717
f 110/174/163 1074/1701/1585 1999/172/161
f 4310/4582/3718 4613/3672/3124 2766/4583/2805
f 2767/4584/3719 795/4491/1204 2710/4490/3658
f 185/293/280 2768/4585/3720 593/1880/880
f 3081/4586/3721 559/866/833 4719/865/832
f 2769/4587/3722 2770/4588/1068 2771/4589/3468
f 2772/4590/3723 2773/4591/3724 2774/4592/3725
f 2775/4593/3726 4672/4594/3727 4449/4595/3728
f 1942/3108/2733 2290/4596/3173 758/4597/1148
f 4914/4074/3393 2425/3962/3321 3266/4321/3555
f 626/4598/147 2776/4599/3729 4486/4600/3730
f 2777/4601/3731 63/4602/102 62/4603/98
f 1286/2029/1877 4563/3400/2931 4408/2357/2143
f 2778/4604/3732 2779/4605/3733 2965/4606/3734
f 1548/2454/2218 194/306/293 3472/4607/3735
f 2780/4608/3736 2676/4609/3625 2781/4610/3737
f 546/4611/812 679/1073/1023 2782/4612/3078
f 2783/4613/3738 1814/2890/2575 2784/4614/3739
f 3866/4615/3740 4021/4616/3741 2785/4617/3742
f 623/4618/926 2786/4619/3743 1106/1761/1638
f 2787/4620/3744 1572/2494/2249 4106/4621/3745
f 1685/4622/1816 2788/4623/3746 2789/4624/2458
f 841/1337/1266 2790/4625/2768 982/1565/1468
f 4859/4626/3747 3735/4627/3748 829/1322/1253
f 2791/4628/3205 4631/4629/3749 2792/4630/3750
f 4561/4631/3751 2939/4632/3752 1521/2414/2188
f 2793/4633/3753 2794/4634/3754 4706/4635/2349
f 1840/2935/2608 2795/4636/3755 761/1213/1152
f 365/577/560 3169/4637/3756 3971/578/561
f 2796/4638/3757 2797/4639/3758 2798/4640/3759
f 2614/4641/3553 4223/4642/3760 1561/2477/2236
f 2363/3859/3255 3569/4643/3761 2799/4644/3762
f 2800/4645/3763 932/4646/1392 2596/730/707
f 473/729/706 2800/4645/3763 2596/730/707
f 2801/4647/3764 1328/2108/1939 2802/4648/3765
f 2769/4587/3722 1946/3118/2738 3931/2371/2155
f 2449/4003/3346 4919/414/399 1061/1681/1565
f 2803/4649/3766 1584/2517/2270 1583/2516/2269
f 2804/4650/3767 2805/4651/3768 2806/4652/3769
f 1656/2629/2359 2740/4538/3688 1657/2630/2360
f 4837/4653/3770 4121/4654/3057 4252/4655/96
f 1012/1616/1513 1184/1869/1736 1186/1871/1737
f 1004/1603/1500 2807/4656/3771 1003/1601/488
f 4755/4657/563 4228/379/366 2808/4658/221
f 2809/4659/3772 2810/4660/3135 2811/4661/3134
f 1166/3582/1712 2812/4662/737 2202/4663/3053
f 2429/3967/3324 2091/3378/2914 4832/950/910
f 4379/4664/1929 2096/3384/2918 2813/4665/3773
f 2552/4212/3482 4805/4666/3774 2814/4667/3775
f 2815/4668/3776 3887/4669/975 4268/4670/839
f 2816/4671/3777 2397/2973/2639 551/850/819
f 894/1425/1344 4800/4672/3778 3628/2618/2352
f 2817/4673/3779 2818/4674/3780 2819/4675/2815
f 2820/4676/3781 3004/4677/3782 2821/4678/3783
f 2822/4679/3784 2823/4680/3785 4602/3209/2802
f 2822/4679/3784 4602/3209/2802 1415/2244/2051
f 2824/4681/3665 4885/4682/3786 2825/4683/3787
f 4001/4684/3788 1658/4685/2361 1453/2309/2103
f 4672/4594/3727 2775/4593/3726 4566/980/938
f 3383/4686/3789 215/337/324 4544/3329/2884
f 1388/1294/1227 3383/4686/3789 4544/3329/2884
f 933/1479/1393 1215/1921/1782 2826/4687/3566
f 1184/1869/1736 4052/4688/3790 3707/4689/3791
f 1058/1678/1562 1059/1679/1563 2827/4690/3792
f 1411/4691/2045 2828/4692/3793 2111/4693/2935
f 2829/4694/3794 2830/4695/3795 2831/4696/3796
f 4622/4697/3797 1567/2486/2244 1368/2167/1986
f 2832/4698/2060 2475/4064/3222 2474/4063/3386
f 3736/4265/3520 2693/4460/3637 1761/2801/2497
f 1800/4699/2554 3239/4700/2556 326/516/500
f 2833/4701/942 2834/4702/2563 1219/4703/1787
f 1047/1663/1550 2835/4704/848 2590/1664/1551
f 2836/4705/3798 2837/4706/3799 177/279/266
f 298/4707/453 603/4708/897 2073/3340/2891
f 441/2111/668 2928/4473/3647 2838/4709/3800
f 2490/4096/3409 2839/4710/3426 2375/4097/3266
f 4547/4711/3801 307/483/467 3475/4712/3802
f 998/1594/965 3289/1593/1494 2840/4713/1890
f 2113/3412/2941 924/1469/1384 926/1471/1386
f 2841/4714/3803 1323/2102/1934 2842/4715/3804
f 652/1021/978 303/473/458 311/491/475
f 4821/4467/3643 2810/4660/3135 2809/4659/3772
f 2045/3289/2858 509/789/761 2008/3224/2813
f 4432/4716/1111 700/4717/1055 779/4718/1183
f 2341/3822/3230 4327/4719/3805 2342/3823/3231
f 1933/1038/994 2843/4720/3806 3788/4721/3246
f 2391/3910/3287 2392/3912/254 4898/4722/253
f 2844/4723/2405 1692/4724/2404 2845/4725/3807
f 4397/4726/3808 2381/3891/3274 223/347/334
f 1938/3100/2729 2846/4727/3809 2847/4728/3810
f 3916/4729/3811 2570/4730/3505 4782/4731/3812
f 35/64/60 2201/4732/2978 2142/62/58
f 195/307/294 194/306/293 2228/3626/3090
f 2738/4733/3685 2848/4734/3813 4668/4735/3814
f 67/112/106 69/114/107 1057/1677/1561
f 2217/3612/3077 2118/4408/2947 2216/3611/3076
f 2849/4736/3815 2850/4737/3816 2364/3862/3257
f 2851/4738/3817 4241/4739/3818 2512/4740/3432
f 2852/4741/192 96/4742/140 2853/4743/153
f 665/163/152 2852/4744/192 2853/164/153
f 965/1533/1439 4622/4697/3797 963/1531/1437
f 2854/4745/3819 1432/4746/1320 2855/4747/2080
f 2856/4748/3820 4364/4749/3821 4363/4750/3822
f 320/509/493 1189/1876/1742 321/510/494
f 4785/3047/787 456/3049/686 2857/4751/788
f 1017/4752/1517 2988/4753/3823 1466/2333/2123
f 2833/4701/942 1219/4703/1787 2858/4754/2365
f 2859/4755/3824 2630/4756/2114 1200/4757/1754
f 1272/2012/1863 4890/4758/884 2729/4520/3678
f 2860/4759/3825 3807/4760/3826 2848/4734/3813
f 2752/4561/3703 2751/4560/3702 2861/4761/3827
f 364/576/559 3389/4762/3828 755/4763/1145
f 2862/4764/3829 2863/4765/3830 4301/4766/3831
f 102/160/149 2632/4356/3576 1704/3324/2419
f 2864/4767/3832 2814/4667/3775 2865/4768/2395
f 2866/4769/47 3006/167/156 105/166/155
f 2531/4170/3456 4854/4770/1961 2867/4771/3833
f 2735/4772/3682 4902/4773/3834 3502/1745/1624
f 2038/3278/307 2868/4774/3835 2039/3279/2851
f 2869/4775/1297 4447/4776/3836 3587/4777/2092
f 2870/4778/3837 177/279/266 2837/4706/3799
f 2871/4779/2491 4696/4780/3838 1974/3165/2770
f 2872/4781/3839 2873/4782/3840 2159/3498/3001
f 2874/4783/3841 4265/4784/902 1438/1094/1044
f 2875/4785/3146 1786/2841/2531 2876/4786/3842
f 792/1264/1200 1186/1871/1737 484/4787/728
f 4370/4788/1922 1861/2972/2638 2877/4789/3843
f 2878/4790/3578 4332/4791/3844 3072/4792/3845
f 2879/4793/3066 3076/4794/3846 2880/4184/3467
f 3714/4795/3847 2879/4796/3066 2880/4797/3467
f 2971/69/65 239/2889/360 1813/2888/2574
f 266/4798/400 2881/4799/3848 1522/2415/2189
f 1857/2967/2634 1856/2966/2633 2882/4800/3849
f 2585/4271/3525 3295/4801/3850 1131/1793/1665
f 1221/4802/1789 2017/4803/2827 2883/4804/3851
f 2639/4370/3586 1289/2034/1882 2640/4371/3587
f 907/4454/1363 3368/2866/2553 3921/4805/3852
f 2884/4806/1952 2885/4807/3853 2886/4808/3854
f 1193/1883/1747 819/4809/1239 2035/1881/1745
f 2887/4810/3855 959/1521/1427 2888/4811/3856
f 679/1073/1023 2889/4812/3857 2890/4813/3215
f 2891/4814/3858 2892/4815/3859 2893/4816/3860
f 2894/4817/3861 2485/4088/3403 2108/3403/2932
f 154/237/224 2895/4818/3862 2336/3815/3223
f 2896/4819/3863 2897/4820/3864 1763/2803/2499
f 1586/2519/1626 1465/2332/2122 2898/4821/3865
f 3134/4822/3866 4585/4823/3867 2525/4824/3450
f 2899/4825/3868 2900/4826/1442 2901/4827/3869
f 1271/2011/1862 1270/2010/1861 2276/3720/1799
f 2205/3199/2794 1997/3201/2796 2577/4254/3515
f 1503/4828/2164 2034/3269/2844 2066/4829/2880
f 4768/4830/3870 481/4831/725 2800/4645/3763
f 2902/4832/1315 2630/2323/2114 1455/2312/2106
f 2326/3799/3211 1309/2070/1907 4811/2069/1906
f 2529/4168/3454 2207/4833/3062 2903/4834/3871
f 2691/4456/3634 2363/3859/3255 258/4835/385
f 699/1105/1054 3255/4836/3872 1303/2057/1897
f 2533/4174/3459 2532/4173/3458 3425/4837/3873
f 4257/4838/3874 2904/4839/1358 4164/1435/1352
f 1428/2272/2076 4827/4840/3875 1598/2541/2290
f 2905/4841/3876 3519/3782/3199 2906/4842/1433
f 2907/4008/3350 2454/4010/3352 2908/4843/3877
f 2907/4844/3350 2908/4845/3877 2909/4846/3878
f 2910/4847/2381 2911/4848/3879 1675/4849/2382
f 1574/2499/2253 136/213/200 283/439/424
f 3450/4850/3880 1909/3055/2697 2084/3367/2907
f 2912/4851/521 2735/4531/3682 2913/4852/3881
f 3408/2959/2627 785/4853/1189 4200/4362/3580
f 2567/4150/2183 2914/4854/2926 1670/2651/2376
f 2132/3444/2961 4874/4855/3882 2915/4856/3883
f 2141/4857/2977 2209/4858/3052 2557/4221/3488
f 2916/4859/3884 2917/4860/3885 1365/2164/1983
f 2918/4861/3886 2919/4862/3887 2920/4863/3888
f 4700/4864/3889 2283/4865/3164 4397/4726/3808
f 2534/4175/3460 2535/4177/2451 2921/4866/3890
f 1648/2616/2350 2922/4867/3891 1882/3011/388
f 2923/4868/2818 4331/4869/3349 3148/4870/1777
f 3366/4871/3892 1017/1621/1517 2924/4872/3893
f 2421/3954/3310 2413/4527/3309 2732/4526/3680
f 1475/2343/2132 2610/4309/3547 1476/2344/2133
f 2925/4873/2403 2926/4874/3894 1692/4724/2404
f 3563/4875/3895 3029/4876/3896 3564/4877/3897
f 2595/4878/3532 2787/4620/3744 4106/4621/3745
f 2239/3645/3105 2580/4879/3517 1217/4880/1785
f 573/890/856 4323/4881/2520 2927/4882/3142
f 3357/1156/1100 3515/4883/3898 3928/1157/1101
f 4780/1990/1842 1258/1992/1844 2928/4884/3647
f 3895/4885/3899 2889/4812/3857 546/4611/812
f 1798/2864/2551 2236/3641/3102 2929/4886/3900
f 2924/4872/3893 1017/1621/1517 1016/1620/1516
f 993/1586/1487 20/38/36 22/40/34
f 2930/4887/3901 1487/2364/2149 4856/4888/3902
f 2664/4407/2400 2217/3612/3077 3794/1857/1726
f 2528/4167/3453 94/147/136 2742/4541/3689
f 4784/263/250 3304/3518/3018 2931/4889/3903
f 2123/3430/2951 1466/2333/2123 1468/2335/2125
f 1263/4890/1851 3353/3631/3094 3650/3926/3295
f 19/31/29 18/30/28 2932/4891/2725
f 306/479/463 2451/4005/3347 3253/477/461
f 979/1562/1465 4731/1561/1464 2933/4892/3904
f 2186/3538/1972 2934/4893/3905 1048/1665/1552
f 156/239/226 2895/4818/3862 154/237/224
f 2935/4894/3906 124/195/183 2440/3985/3336
f 2936/4895/3907 4887/4315/3551 3433/4896/3908
f 2937/4897/1416 2028/3260/2837 2938/4898/180
f 1236/3835/1809 4908/3837/3238 4895/4899/3909
f 2939/4900/3752 2464/4039/3371 3371/4038/3370
f 415/652/630 2940/4901/3910 2941/4902/3911
f 2942/4903/3912 352/560/544 2255/3681/3130
f 4869/4904/3913 1944/3113/145 4756/4905/3195
f 2038/3278/307 2943/4906/717 2868/4774/3835
f 2944/4907/3218 1524/2421/2195 3221/4908/3914
f 2605/4302/3541 2945/4909/3915 2946/4910/3916
f 4247/3664/3117 2248/3663/2588 2280/3728/3160
f 1642/4911/2343 1495/2376/2157 1643/4912/2344
f 2947/4913/3917 2948/4914/3918 2949/4915/3919
f 2950/4916/3920 2336/3815/3223 2895/4818/3862
f 3342/4917/2492 1974/3165/2770 2676/4438/3625
f 1215/2893/1782 4322/4918/3921 301/471/456
f 1396/4919/2020 2634/4920/1191 3286/1654/1544
f 2951/4921/3922 307/483/467 4547/4711/3801
f 2952/4922/3923 564/4923/841 4513/4924/1810
f 206/323/310 2953/4925/3924 2954/4926/3925
f 2836/4705/3798 177/279/266 552/4927/723
f 3651/4928/1221 3330/4929/3926 1299/4196/1892
f 1619/3065/2315 3488/3074/2710 719/1138/1083
f 4461/2181/2000 4676/3410/2939 1379/2182/2001
f 2531/4170/3456 1633/2595/2334 2955/4930/3927
f 858/1362/1287 2948/4914/3918 859/1363/1288
f 708/1119/1067 4567/4931/3928 4319/4932/3929
f 222/346/333 221/345/332 338/541/525
f 2776/4599/3729 101/159/148 4486/4600/3730
f 2956/4933/3930 2957/4934/3931 3135/4935/3932
f 1487/2364/2149 2958/4936/3933 3702/4937/3934
f 4592/4938/3935 2959/4939/3936 3337/4940/3937
f 947/1500/1410 2960/4941/3938 948/1501/1411
f 146/225/212 2961/4942/3206 1895/3028/2678
f 2213/3605/3072 2916/4859/3884 1365/2164/1983
f 4599/2835/2525 2604/4300/795 2603/4299/3540
f 275/429/414 4041/2217/2027 2962/4943/3939
f 569/1280/851 521/805/777 523/807/779
f 2963/4944/3940 2964/4945/3941 752/1200/1141
f 1231/1943/1803 2965/4946/3734 2966/4947/3942
f 2298/3755/3179 938/1486/1399 2967/4948/3943
f 4154/4949/2023 2968/4950/3944 2043/3285/2856
f 2969/4951/157 4059/4952/3945 483/4953/727
f 3408/2959/2627 1853/2958/2626 785/4853/1189
f 4542/4954/3946 463/4955/695 3514/4956/3947
f 2970/4957/358 768/1221/1160 769/1223/1162
f 2456/4012/2792 1614/2570/2311 1613/2569/2310
f 2940/4901/3910 1158/1829/1700 2941/4902/3911
f 2959/4939/3936 1913/4958/2701 2438/3981/3333
f 2971/4959/65 2972/4960/67 239/4961/360
f 995/1588/1489 233/364/351 234/366/353
f 2936/4962/3907 54/93/89 2973/4963/3948
f 4236/4964/3949 2974/4965/953 2674/4432/3622
f 2975/4966/3950 2976/4967/3951 2977/4968/3952
f 3334/4969/3953 4630/4970/3954 2509/4138/3430
f 2978/4971/3955 1718/4972/2433 2979/4973/3956
f 1537/2438/1235 2980/4974/1237 1028/2439/1527
f 1273/2013/1864 1011/1615/1512 1013/1617/1514
f 872/1382/1306 2981/4975/3957 1520/2410/2185
f 2108/3403/2932 718/1137/1082 3994/3401/2889
f 1441/4976/2087 2713/4497/3663 2715/4499/1060
f 3306/4552/3694 2746/4551/3693 2982/4977/3958
f 1583/2516/2269 2101/3389/2922 2103/3391/2924
f 2585/4271/3525 2983/4978/3959 2586/4272/3526
f 1779/4979/2518 2984/4980/3960 2828/4981/3793
f 1777/2824/2516 1779/2826/2518 2828/4692/3793
f 737/1178/1121 2985/4982/3356 2986/4983/3961
f 2078/1367/1292 2987/4984/3962 1118/1774/1651
f 3560/4985/3963 2988/4986/3823 1765/4987/2501
f 504/783/755 503/782/754 2989/4988/3964
f 1623/4989/2321 2178/3528/3026 2990/4990/2181
f 4930/136/124 4592/4991/3935 2054/3303/2869
f 4851/4992/3965 2991/4993/3966 759/4994/1150
f 3127/2623/2356 3802/4059/1501 3077/4995/3967
f 999/4996/1495 2992/4997/2317 2513/4998/1831
f 2590/4276/1551 2285/3736/3167 1316/4999/1918
f 4247/5000/3117 2560/5001/3491 4565/5002/3968
f 2993/5003/3969 2994/5004/3970 2934/4893/3905
f 3670/5005/3971 4858/2310/2104 1454/2311/2105
f 2995/5006/3972 1656/2629/2359 2996/5007/3973
f 962/4475/1432 2702/4476/3649 2906/4842/1433
f 2919/4862/3887 4288/1957/1815 1241/1959/1817
f 2997/5008/3974 1848/5009/2621 825/1314/1246
f 2787/4620/3744 4561/4631/3751 1521/2414/2188
f 1402/2222/2032 2787/4620/3744 1521/2414/2188
f 1908/3054/1135 3889/4286/3534 1767/2807/2503
f 2054/3303/2869 2486/5010/3404 2998/5011/3975
f 638/989/947 1317/2090/1924 3812/990/948
f 2999/5012/3976 2831/4696/3796 2609/4308/3546
f 675/1066/1016 870/1065/1015 744/5013/1132
f 1290/2035/1883 3102/5014/3977 2975/5015/3950
f 3471/3114/487 4869/4904/3913 3000/5016/3978
f 4816/501/485 3471/503/487 3000/5017/3978
f 2513/4998/1831 2992/4997/2317 182/288/275
f 3001/5018/3979 3705/5019/3980 3002/5020/3249
f 3003/5021/3981 3004/5022/3782 3005/5023/3982
f 1985/5024/2781 3316/1517/1424 956/1516/1423
f 3006/5025/156 2901/4827/3869 4059/5026/3945
f 3912/5027/3983 2094/3382/2916 1996/3200/2795
f 457/710/687 3675/2243/2050 3007/5028/3984
f 4493/5029/3985 3008/5030/3986 3009/5031/1179
f 3010/5032/3987 3011/5033/2968 1134/1796/1667
f 2791/4628/3205 2792/4630/3750 693/1095/1045
f 3012/5034/3988 687/5035/1035 1641/5036/2342
f 4154/5037/2023 4820/5038/2386 2968/5039/3944
f 3013/5040/3989 3014/5041/3559 999/1596/1495
f 731/1165/1109 4698/2640/2367 3015/5042/3990
f 1906/5043/2695 1322/4477/1933 2704/4479/3651
f 1392/5044/2016 2991/4993/3966 3016/5045/3991
f 2134/3447/2631 3017/5046/340 783/5047/342
f 255/396/381 2688/4452/3632 1173/1853/1722
f 3018/5048/1629 1391/5049/1490 4236/4964/3949
f 1561/2477/2236 4223/4642/3760 3019/5050/3992
f 1607/5051/2301 293/5052/445 1361/5053/1979
f 4332/4791/3844 3020/5054/3993 3072/4792/3845
f 1814/2890/2575 4724/2892/2576 3021/5055/3232
f 2645/4379/3594 4606/3407/2936 2646/4380/3595
f 680/1074/1024 3864/3832/3235 368/586/569
f 4335/5056/3045 3817/5057/3994 3022/5058/3046
f 3023/5059/3995 3024/5060/3996 967/3262/1444
f 3025/5061/3064 4860/481/465 2951/4921/3922
f 952/1509/1418 951/1508/1417 1942/3108/2733
f 1145/1811/1682 4184/1964/1820 2064/3316/2260
f 2744/5062/3691 279/434/419 3026/5063/3997
f 2188/5064/3032 3489/5065/3998 3027/5066/3999
f 3519/3782/3199 2905/4841/3876 2133/3445/2962
f 1874/5067/2658 1152/1823/1694 1369/5068/1987
f 3563/5069/3895 3028/5070/4000 3029/5071/3896
f 3116/5072/4001 981/3825/1467 4345/5073/4002
f 1633/2595/2334 2531/4170/3456 2867/4771/3833
f 3672/5074/4003 3030/5075/4004 2222/3619/3084
f 3031/5076/4005 2096/3384/2918 2098/3386/2920
f 79/127/119 82/130/122 1849/2951/2622
f 3032/5077/4006 3033/5078/268 3034/5079/4007
f 1458/2317/2110 1459/2319/2112 4779/5080/2964
f 2616/5081/3554 2847/5082/3810 3065/5083/4008
f 3035/5084/4009 2902/1391/1315 3036/5085/2507
f 3037/5086/4010 1091/1731/1612 4476/1733/1614
f 3038/5087/4011 4451/5088/3679 975/1552/1455
f 4876/5089/4012 2908/4845/3877 3039/5090/4013
f 3397/5091/1912 2319/3786/2509 3943/5092/1927
f 823/1312/1244 2772/4590/3723 824/1313/1245
f 2481/4079/3398 4336/3905/3282 2450/3907/3284
f 1435/2282/2084 1050/1668/1555 471/3063/704
f 1863/2975/2641 634/982/940 1201/1894/1756
f 3040/5093/4014 4913/5094/4015 3041/5095/4016
f 3042/5096/3138 3043/5097/4017 2261/5098/2801
f 1852/5099/2624 1540/5100/2211 1264/2002/1854
f 3044/5101/976 183/5102/277 3045/5103/2888
f 1296/2047/1888 2458/5104/3359 937/1483/709
f 360/5105/554 3046/5106/1118 1020/5107/1520
f 3290/5108/4018 2469/4049/3377 3865/4048/3376
f 3686/5109/4019 3047/5110/4020 1628/5111/2327
f 3048/5112/4021 3698/5113/4022 3049/5114/4023
f 2197/3559/3049 1265/5115/1856 3050/5116/4024
f 3051/5117/328 852/1350/1276 219/5118/329
f 3026/5063/3997 3052/5119/4025 1020/1624/1520
f 1230/1942/1802 2778/5120/3732 1231/1943/1803
f 2081/3359/2902 3053/5121/4026 1010/1614/1511
f 3162/2710/2424 814/5122/1231 3163/5123/4027
f 1087/1720/1602 863/1371/1296 2231/5124/3093
f 1937/3099/2728 3054/5125/4028 1921/3079/2713
f 2364/3862/3257 2365/3864/2448 3715/5126/4029
f 3086/5127/4030 722/5128/820 1625/2584/2323
f 3129/4061/3384 3055/5129/4031 501/778/750
f 2294/3750/3176 2262/3694/3139 2637/4366/3583
f 558/862/830 2063/3314/2878 2062/3313/2877
f 3056/5130/4032 4103/5131/4033 3057/5132/4034
f 3058/5133/986 2215/3610/3075 1739/5134/987
f 4508/5135/1969 2319/3786/2509 797/1271/1207
f 4453/4377/3593 2335/5136/3221 4753/3506/3008
f 4326/2926/2601 149/228/215 151/230/217
f 3059/5137/4035 3060/5138/4036 3061/5139/4037
f 3064/5140/4038 3062/5141/4039 3065/5142/4008
f 3063/5143/4040 3064/5144/4038 3065/5145/4008
f 993/1586/1487 3066/5146/4041 3032/5147/4006
f 1168/1846/1715 3067/5148/1383 3068/5149/4042
f 2721/5150/3671 3069/5151/4043 3070/5152/4044
f 3071/5153/4045 1644/5154/2345 1643/5155/2344
f 705/1115/1063 3787/5156/4046 706/1116/1064
f 903/1443/1353 1782/2833/2524 2471/5157/3379
f 3072/5158/3845 4657/5159/4047 2878/5160/3578
f 851/1349/1275 230/361/348 232/363/350
f 3073/5161/2909 243/380/367 4228/379/366
f 759/4994/1150 1392/5044/2016 760/5162/1151
f 3074/5163/4048 3075/5164/4049 3076/5165/3846
f 1628/5111/2327 3047/5110/4020 4685/5166/4050
f 606/943/903 3660/5167/4051 1881/3010/2411
f 2300/5168/3182 1869/2985/2650 1259/1993/1845
f 1027/1631/1525 3077/5169/3967 1666/2647/2373
f 3078/5170/4052 2129/857/825 555/859/827
f 3731/1409/1330 4417/5171/4053 3079/5172/2511
f 2832/4698/2060 396/627/607 3080/5173/4054
f 2648/4385/3598 2441/3986/3337 3081/5174/3721
f 2946/4910/3916 2945/4909/3915 2897/4820/3864
f 4162/5175/4055 3082/5176/4056 4163/5177/4057
f 922/1466/1381 3248/531/515 923/1467/1382
f 3334/4969/3953 2509/4138/3430 723/1151/1095
f 423/664/641 1985/5178/2781 3083/5179/4058
f 2062/3313/2877 1988/3184/2096 556/860/828
f 207/324/311 366/579/562 153/236/223
f 493/768/740 4537/5180/4059 1223/1932/1792
f 1372/2172/1991 1384/2189/2007 1373/2173/1992
f 3084/5181/4060 2972/4960/67 3085/5182/66
f 3086/5183/4030 3087/5184/4061 2001/289/276
f 2955/4930/3927 1633/2595/2334 1632/2594/2333
f 3088/5185/663 3089/5186/4062 3090/5187/4063
f 3912/5027/3983 2997/5188/3974 2094/3382/2916
f 3039/5090/4013 3091/5189/3627 3270/5190/4064
f 3092/5191/466 1251/1983/1835 307/5192/467
f 137/5193/201 499/4144/747 4737/243/230
f 1024/1628/203 1023/1627/1522 139/5194/204
f 2067/3323/858 2449/5195/3346 1060/5196/1564
f 2052/3299/2865 4912/5197/4065 2507/3300/2866
f 3093/5198/4066 113/177/166 351/5199/542
f 1721/2732/2438 3419/2731/1414 3421/3608/3073
f 3331/5200/4067 1157/1828/1699 1159/1830/1701
f 1030/1636/1116 976/5201/1457 3094/5202/1456
f 2337/3816/3224 1648/2616/2350 3292/3012/929
f 2246/5203/3113 3095/5204/3115 1005/1605/1502
f 1217/5205/1785 2580/5206/3517 3096/5207/1590
f 1603/2548/2296 3097/5208/4068 3098/5209/4069
f 3099/5210/4070 735/1174/1117 3094/5211/1456
f 3674/5212/4071 2977/4968/3952 3100/5213/4072
f 1791/2850/2539 3674/5212/4071 3100/5213/4072
f 3101/5214/4073 4347/1222/1161 2091/3378/2914
f 1210/5215/1774 1212/5216/1776 1885/5217/2668
f 1923/3081/2715 4850/1359/1285 1922/3080/2714
f 3102/5218/3977 1022/5219/1521 1024/216/203
f 3102/5218/3977 1024/216/203 3103/5220/4074
f 2420/3951/3315 683/1077/1027 2387/3903/3280
f 3448/5221/4075 4248/3439/2958 2130/3438/2957
f 4541/2315/2109 4096/5222/4076 1457/2316/1909
f 3104/5223/4077 1316/5224/1918 1830/2922/2598
f 1071/5225/1580 2321/3789/3204 2695/4462/1581
f 315/498/482 453/4045/683 316/499/483
f 1112/1767/1644 2292/3747/3174 1113/1768/1645
f 3105/5226/4078 661/5227/990 3106/5228/4079
f 2919/5229/3887 4628/5230/431 1550/2458/2221
f 3107/5231/4080 3108/5232/4081 4269/5233/4082
f 4921/5234/4083 1794/2855/2544 2597/4288/3535
f 3109/5235/2803 3110/5236/4084 1554/5237/2225
f 43/78/74 3111/5238/4085 898/79/75
f 2778/5120/3732 2965/4946/3734 1231/1943/1803
f 3112/5239/4086 4365/5240/4087 1844/3259/2614
f 3113/5241/4088 796/1269/1205 3114/5242/4089
f 3115/5243/4090 3874/5244/4091 3066/5245/4041
f 4573/2018/1869 830/1323/1254 829/1322/1253
f 2434/3976/3331 2260/3690/3137 2071/3332/2887
f 3116/5246/4001 4345/5247/4002 2429/5248/3324
f 1168/5249/1715 806/1286/1219 3067/1468/1383
f 2597/4288/3535 1794/2855/2544 4603/2857/2545
f 2829/4694/3794 4586/5250/4092 3720/2123/1951
f 3117/5251/3035 377/3287/583 1949/3124/2742
f 2297/3754/3178 3118/5252/4093 2298/3755/3179
f 3399/2884/2570 3493/3215/2807 1827/5253/2593
f 2265/3701/2302 3944/4062/3385 3119/5254/2303
f 2801/4647/3764 3120/5255/1687 1329/2109/1689
f 1685/2672/1816 1684/2671/2393 3037/5256/4010
f 3144/5257/4094 3143/5258/4095 3214/695/672
f 4711/5259/4096 4678/5260/1663 3044/5261/976
f 2530/4169/3455 3121/5262/4097 4854/4770/1961
f 3122/5263/3159 3123/5264/2394 1025/5265/1523
f 1095/1738/1617 3124/5266/4098 1093/1736/1616
f 2411/3939/896 4347/1222/1161 3101/5214/4073
f 3125/5267/4099 3126/5268/4100 3944/4062/3385
f 3127/5269/2356 3077/5169/3967 1879/3007/2396
f 3128/5270/4101 4849/5271/2635 4519/3600/3069
f 3129/5272/3384 378/5273/584 3130/5274/1594
f 4081/4367/3584 3131/5275/4102 3132/5276/4103
f 3133/5277/4104 204/321/308 2037/5278/2850
f 4465/3135/2748 1955/3134/2747 4464/5279/4105
f 401/632/612 3134/5280/3866 3135/5281/3932
f 878/5282/1316 3136/5283/4106 4179/5284/4107
f 4178/2785/2483 2978/5285/3955 1652/2622/2355
f 3318/2782/2480 3083/5179/4058 1751/2783/2481
f 3137/5286/4108 3138/5287/4109 2917/4860/3885
f 4640/2140/1966 4301/4766/3831 3750/5288/4110
f 905/5289/1361 3139/5290/1919 3140/5291/4111
f 2709/5292/3656 4337/4428/3620 3141/5293/3005
f 2843/4720/3806 3142/5294/4112 3788/4721/3246
f 4125/4114/3417 3143/5295/4095 3144/5296/4094
f 3145/5297/4113 3146/5298/4114 4168/5299/4115
f 2711/4493/3660 3147/5300/4116 3148/5301/1777
f 616/957/917 2931/5302/3903 3149/5303/4117
f 3150/5304/718 2943/4906/717 2038/3278/307
f 4864/5305/4118 464/5306/696 3000/5017/3978
f 3151/5307/2406 914/4082/1371 1727/2324/2115
f 4742/2762/2464 3152/5308/1649 4500/258/245
f 3367/98/94 4252/100/96 3153/5309/4119
f 1255/3883/1840 2376/3882/3267 4239/5310/4120
f 2102/5311/2923 3154/5312/4121 842/5313/1268
f 3155/5314/1448 3156/5315/4122 4040/5316/1449
f 2690/1447/1362 3157/5317/4123 3158/5318/4124
f 4643/5319/4125 3159/5320/4126 3160/5321/4127
f 3161/5322/4128 448/700/677 447/699/676
f 2362/3857/3254 4748/5323/4129 3125/5324/4099
f 3162/5325/2424 3163/5326/4027 4653/1977/1830
f 1123/1781/306 3164/5327/4130 1488/2619/2151
f 3165/5328/4131 2593/4281/3530 3166/5329/4132
f 2631/4355/3575 3167/5330/4133 4756/3776/3195
f 2083/3365/2906 3168/5331/789 3169/5332/3756
f 4590/5333/4134 3170/5334/748 137/5193/201
f 1296/2047/1888 936/1482/1396 3171/5335/4135
f 3172/5336/4136 1780/2827/2519 3173/5337/4137
f 1309/5338/1907 1441/2290/2087 1443/2292/2088
f 3174/5339/4138 3175/5340/4139 2885/4807/3853
f 3176/5341/2784 1676/2659/2383 4765/5342/2785
f 313/495/479 1569/2490/2247 1271/2011/1862
f 4528/57/53 105/166/155 482/754/726
f 1301/2054/1895 2045/3289/2858 2046/3290/2859
f 572/5343/855 3177/5344/4140 3178/5345/1504
f 1287/2030/1878 2146/1820/1691 2761/4577/3713
f 688/1087/1037 617/958/918 1982/3176/2779
f 4122/5346/1902 423/5347/641 3179/5348/4141
f 3180/5349/1608 2913/5350/3881 3181/5351/895
f 3182/5352/2929 1283/2026/1874 3183/5353/4142
f 3184/5354/1674 2799/5355/3762 2200/5356/3051
f 790/3232/1196 14/26/24 3185/5357/4143
f 4372/5358/31 3186/5359/2515 2093/5360/2915
f 2673/4429/3621 2663/4431/3353 3187/5361/3655
f 2673/4429/3621 3187/5361/3655 983/1566/1469
f 641/5362/956 1307/5363/1008 3188/5364/1904
f 2914/4854/2926 4801/5365/4144 3189/5366/4145
f 3190/5367/4146 3191/5368/4147 3145/5297/4113
f 3142/5369/4112 2071/3332/2887 2354/5370/3247
f 936/1482/1396 1296/2047/1888 937/1483/709
f 1681/2668/2390 3788/3846/3246 1682/2669/2391
f 1193/1883/1747 4302/1882/1746 3192/5371/844
f 4493/5372/3985 3009/1241/1179 706/1116/1064
f 2718/4503/3667 3193/5373/4148 2505/4130/3425
f 1401/2219/2029 1719/2726/2434 3194/5374/3577
f 4123/1236/1174 3195/5375/3706 776/1237/1175
f 3196/5376/4149 1182/5377/95 3197/5378/4150
f 3198/5379/4151 1082/1714/1596 1688/1874/1740
f 3199/5380/1790 811/1293/1226 812/1295/1228
f 390/618/598 3200/5381/84 51/5382/83
f 4598/5383/873 589/5384/875 2649/5385/3599
f 1820/2903/2585 3201/5386/4152 1821/2904/2586
f 1274/2014/1865 1013/1617/1514 1058/1678/1562
f 3202/5387/464 144/223/210 143/222/209
f 853/1353/1279 2225/3623/3087 854/1354/1280
f 4597/2780/2478 1791/2850/2539 1790/2849/2538
f 123/194/182 3203/5388/4153 950/1506/1415
f 4258/5389/1436 1556/5390/2229 3204/5391/4154
f 2112/3411/2940 985/5392/1472 1779/2826/2518
f 1207/1909/1771 1209/1911/1773 3205/5393/4155
f 821/484/468 901/5394/1356 308/485/469
f 2238/3644/3104 3206/5395/3516 2239/3645/3105
f 2496/4115/3418 540/832/801 359/569/552
f 3207/5396/4156 3204/5391/4154 3208/5397/2228
f 886/1413/1334 887/1415/1282 2556/4218/3485
f 74/122/114 78/126/118 304/476/111
f 418/659/636 420/661/638 3209/5398/2245
f 2663/4013/3353 1613/2569/2310 3612/5399/520
f 1229/5400/1800 3210/5401/4157 650/1017/974
f 1848/5009/2621 713/1129/1075 826/1315/1247
f 3211/5402/4158 2950/4916/3920 2895/4818/3862
f 3212/5403/4159 156/239/226 1164/1841/1710
f 428/670/647 4594/2265/1829 3213/5404/4160
f 3214/5405/672 3215/5406/4161 3263/2851/2540
f 3216/5407/1770 2316/2346/2135 4212/2345/2134
f 2490/4096/3409 3820/5408/4162 2839/4710/3426
f 3440/5409/2817 1568/2489/2246 3217/5410/4163
f 4830/3038/2686 2647/5411/3596 2162/3502/3004
f 2339/3820/3228 3218/5412/4164 264/5413/396
f 898/2834/75 1783/2836/2526 1677/4101/2384
f 878/1392/1316 4736/1394/1318 3219/5414/4165
f 3220/5415/4166 3221/5416/3914 3040/5093/4014
f 3303/5417/4167 1676/2659/2383 3176/5341/2784
f 2257/3685/3133 2256/3684/3132 3568/2561/2305
f 2119/4001/2948 2448/4000/3345 2677/4439/3626
f 1536/2437/2208 4586/5250/4092 2515/4149/3438
f 162/251/238 161/250/237 3279/1946/1805
f 4306/5418/4168 3196/5376/4149 1532/2431/2202
f 2283/3733/3164 2284/3735/3166 3222/5419/3275
f 384/609/590 386/611/592 3223/5420/4169
f 4476/5421/1614 3692/5422/4170 1732/5423/2456
f 2711/4493/3660 3148/5301/1777 3615/4494/3661
f 1683/2670/2392 1685/2672/1816 3767/5424/4171
f 126/197/185 1256/5425/1841 3224/5426/2774
f 1367/2166/1985 4663/5427/4172 1366/2165/1984
f 3225/5428/2928 2693/5429/3637 4825/5430/4173
f 1029/5431/1528 4451/5088/3679 3038/5087/4011
f 665/1046/152 1306/5432/1901 4764/1044/995
f 4285/1753/1631 1101/1752/1630 1752/2784/2482
f 478/748/720 3226/5433/4174 479/749/721
f 281/436/421 2099/3387/2921 282/437/422
f 1855/2965/2632 2358/3853/236 2491/4099/3410
f 3227/5434/4175 1464/2331/2121 3228/5435/4176
f 4707/5436/4177 2125/5437/2953 695/1098/1048
f 3229/5438/4178 2041/3282/2853 3853/589/572
f 3230/5439/2749 2219/3615/3080 1071/5225/1580
f 730/1163/1107 2537/4179/3462 3231/5440/4179
f 3232/5441/3145 2394/3916/2787 2266/3702/3144
f 2618/5442/3557 2891/4814/3858 2173/5443/3019
f 2186/2146/1972 3731/1409/1330 3079/5172/2511
f 1243/1965/1821 2538/4180/3463 2689/4453/3633
f 1913/4958/2701 2436/3979/3258 2438/3981/3333
f 1468/2335/2125 2124/3431/2952 2123/3430/2951
f 2139/3466/2975 2225/3623/3087 1045/1279/1214
f 324/514/498 3042/5444/3138 2294/5445/3176
f 2325/3797/3209 1165/1842/1711 4651/1844/1713
f 3130/5274/1594 383/608/589 2712/5446/3662
f 744/4098/1132 1855/2965/2632 2491/4099/3410
f 3233/5447/1936 3145/5297/4113 1409/5448/2041
f 4676/3410/2939 3234/5449/4180 3235/5450/4181
f 3236/5451/3034 3237/5452/4182 378/5273/584
f 2467/4043/1340 3238/5453/4183 2468/4044/3374
f 511/792/764 4848/3220/2809 803/1282/1215
f 2987/4984/3962 3709/1369/1294 1119/1775/1652
f 3132/5276/4103 3239/5454/2556 3260/5455/4184
f 3448/5221/4075 3240/5456/4185 4248/3439/2958
f 2308/3767/3188 2587/4273/3527 956/5457/1423
f 2786/4619/3743 623/4618/926 1202/1897/1759
f 3241/5458/4186 3242/5459/4187 295/465/450
f 2842/4715/3804 1323/2102/1934 3233/2104/1936
f 190/301/288 1400/300/287 3243/5460/3437
f 751/1199/1140 3244/5461/4188 1755/4201/2488
f 1005/1605/1502 1591/2533/2284 3803/1606/1503
f 1096/1739/1618 4456/2197/2012 1097/1740/1619
f 3245/5462/4189 3246/5463/2881 1892/1318/1250
f 2023/3253/2835 6/10/10 7/12/12
f 1387/2194/681 1386/2193/564 192/5464/291
f 1357/2151/30 3247/1059/1009 1307/1058/1008
f 927/490/474 4291/2581/2320 311/491/475
f 428/670/647 3213/5404/4160 3638/5465/4190
f 3247/5466/1009 4001/4684/3788 1453/2309/2103
f 2619/4325/3558 3248/5467/515 2004/5468/514
f 1324/5469/1935 3190/5367/4146 3145/5297/4113
f 3929/5470/4191 393/623/603 2277/3721/3156
f 4055/690/667 442/692/669 3249/5471/4192
f 4592/4938/3935 3337/4940/3937 2486/5472/3404
f 429/671/648 430/673/650 2670/4423/3617
f 4056/5473/3592 3250/5474/739 2968/5475/3944
f 3251/5476/4193 2249/3666/3119 2251/3668/3120
f 3251/5476/4193 2251/3668/3120 3252/5477/4194
f 3253/5478/461 2452/5479/3348 3254/5480/4195
f 4733/5481/1757 3255/5482/3872 3256/5483/4196
f 3466/5484/4197 4808/5485/4198 4441/5486/1105
f 3257/5487/4199 746/1192/1134 1907/5488/2696
f 2678/4247/3508 2415/5489/1351 2416/4051/3312
f 4563/5490/2931 3589/5491/4200 3258/5492/4201
f 3259/5493/4202 2011/5494/2821 3260/5495/4184
f 732/1170/1113 2426/3963/3322 1203/1898/1760
f 3261/5496/4203 2711/4493/3660 3060/5138/4036
f 3262/5497/4204 3261/5496/4203 3060/5138/4036
f 1735/2758/2462 2632/5498/3576 1736/2759/2280
f 3214/695/672 3263/5499/2540 3915/5500/2542
f 3264/5501/3269 4570/2240/2049 1900/3037/2685
f 164/1568/242 984/1567/1470 4120/5502/4205
f 4400/5503/4206 3265/5504/4207 4897/1461/1376
f 91/144/133 3266/5505/3555 52/89/85
f 2915/5506/3883 4521/5507/4208 3267/5508/4209
f 3958/5509/4210 3268/5510/4211 3269/5511/4212
f 4334/298/285 189/297/284 2645/4379/3594
f 3270/5512/4064 2722/5513/3672 3663/5514/4213
f 2539/4181/3464 4052/4688/3790 1184/1869/1736
f 607/944/904 4421/5515/4214 2267/3706/3147
f 3271/5516/1989 2535/2747/2451 3272/5517/227
f 3273/5518/4215 2232/5519/3096 3545/5520/4216
f 2948/4914/3918 2947/4913/3917 843/1340/1269
f 117/184/173 3274/5521/835 3275/5522/4217
f 1162/1837/1706 117/184/173 3275/5522/4217
f 3134/5280/3866 401/632/612 4585/5523/3867
f 580/899/864 3433/4896/3908 3434/900/865
f 2888/4811/3856 858/5524/1287 2887/4810/3855
f 1061/1681/1565 2337/3816/3224 1062/1682/1566
f 1666/2647/2373 3077/5169/3967 3276/5525/4218
f 487/760/732 2248/2906/2588 3072/4792/3845
f 4367/4312/3548 3229/5438/4178 3277/5526/4219
f 1471/2339/2129 3278/5527/4220 1472/2340/2130
f 1745/2772/2471 4054/5528/4221 4746/5529/3709
f 162/5530/238 3279/5531/1805 3280/5532/4222
f 3032/5077/4006 3034/5079/4007 3281/5533/4223
f 500/777/749 3282/5534/2039 1477/2347/2136
f 649/5535/971 3283/5536/3604 1039/5537/1540
f 2988/4753/3823 1467/2334/2124 1466/2333/2123
f 4391/378/365 3284/5538/4224 4392/5539/4225
f 1332/2113/1942 3064/5140/4038 4328/5540/4226
f 225/5541/338 1357/32/30 2092/34/32
f 2659/4401/3606 3285/5542/336 224/4399/335
f 2634/5543/1191 2154/5544/2993 3286/5545/1544
f 2733/455/440 290/457/442 3625/4077/3396
f 230/361/348 498/773/745 231/362/349
f 1907/5488/2696 746/1192/1134 1908/1193/1135
f 1591/2533/2284 1886/5546/2669 3803/1606/1503
f 2474/4063/3386 4899/4065/3387 4862/4471/1610
f 3287/5547/568 4133/5548/1505 4132/5549/4227
f 832/1325/1256 4073/2995/2660 1377/5550/1997
f 3358/5551/4228 2569/4243/3504 3288/5552/1738
f 3478/4047/3375 910/5553/1366 3865/4048/3376
f 3289/5554/1494 3290/5555/4018 3291/5556/4229
f 3292/5557/929 2776/4599/3729 626/4598/147
f 229/358/345 228/357/344 990/3603/1479
f 2309/3770/3190 4253/5558/3061 2310/3771/3191
f 776/1237/1175 3195/5375/3706 3368/2866/2553
f 2508/4137/3429 1344/4136/1959 3293/5559/4230
f 1699/5560/2414 3294/5561/2036 1714/2717/2429
f 1132/5562/1666 3295/5563/3850 3953/5564/4231
f 775/1235/1173 776/1237/1175 1799/2865/2552
f 1272/2012/1863 3296/5565/4232 4890/4758/884
f 1413/2238/2048 1552/2461/2223 3099/5210/4070
f 561/870/836 3297/5566/4233 562/871/837
f 3298/5567/4234 4874/4855/3882 2132/3444/2961
f 611/948/908 2941/4902/3911 3299/5568/4235
f 4455/5569/4236 159/5570/233 3953/5571/4231
f 1812/5572/2573 3300/5573/4237 3301/5574/4238
f 3302/5575/20 600/487/471 860/5576/1289
f 1068/1693/1577 4313/5577/4239 1069/1694/1578
f 407/475/460 3486/2416/2190 303/473/458
f 3303/5578/4167 4618/5579/4240 2070/3331/2886
f 1860/2971/2637 2816/4671/3777 1155/1826/1697
f 3304/5580/3018 798/1272/1208 2319/3786/2509
f 2335/5136/3221 3969/5581/4241 4753/3506/3008
f 113/177/166 1948/3123/540 351/5199/542
f 3877/5582/3357 1066/1689/1573 2473/4056/3382
f 1549/2457/2220 4725/2459/2222 3990/5583/3701
f 530/814/786 2857/816/788 4282/5584/4242
f 2278/3724/3157 2272/3712/556 363/5585/558
f 3305/5586/3610 3306/5587/3694 3307/5588/4243
f 3408/2959/2627 4200/4362/3580 3308/5589/2930
f 1600/2545/2293 3309/5590/3616 4749/2543/2292
f 2345/3829/2521 4323/4881/2520 573/890/856
f 4395/3480/2983 16/28/26 4446/1584/1485
f 2098/5591/2920 605/941/901 4434/5592/2745
f 2929/4886/3900 1799/2865/2552 1798/2864/2551
f 3820/5408/4162 2490/4096/3409 3310/5593/4244
f 1300/2053/1894 1302/2055/1896 2708/4486/316
f 155/238/225 1955/3134/2747 1070/1695/1579
f 3294/2226/2036 2517/4152/3440 1406/2227/2037
f 3311/5594/4245 2868/4774/3835 1171/1851/1720
f 2444/3798/3210 2156/3493/2996 2157/3495/2998
f 640/997/955 2025/5595/2836 2024/1555/1458
f 196/5596/295 4615/5597/297 1954/3132/2746
f 4866/5598/4246 3312/5599/4247 3313/5600/4248
f 2940/4901/3910 1159/1830/1701 1158/1829/1700
f 3314/5601/4249 2296/273/260 4595/5602/4250
f 786/1255/1192 2718/4503/3667 2505/4130/3425
f 1014/303/290 1387/5603/681 192/304/291
f 2548/5604/3477 2840/2049/1890 1297/2048/1889
f 1984/5605/1903 3315/5606/4251 3316/5607/1424
f 345/548/532 2750/4558/3700 2652/4389/3601
f 1356/2150/1007 640/997/955 2024/1555/1458
f 3317/5608/4252 2459/4023/3362 2175/3521/3021
f 3830/5609/423 667/1048/998 144/223/210
f 2450/3907/3284 1742/1351/1277 852/1350/1276
f 265/413/398 248/388/375 1380/2183/2002
f 1750/5610/2479 421/5611/639 3318/5612/2480
f 3425/5613/3873 1779/2826/2518 985/5392/1472
f 3319/5614/1661 1490/2369/2153 3893/384/371
f 3031/5076/4005 2098/3386/2920 2925/2684/2403
f 3682/3523/3023 3320/5615/4253 3321/5616/4254
f 3322/5617/3360 909/5618/1365 4921/5234/4083
f 606/5619/903 2874/5620/3841 3660/5621/4051
f 2237/3642/3103 3368/2866/2553 907/4454/1363
f 599/928/889 860/1364/1289 600/929/471
f 4278/5622/1209 2090/5623/1211 3017/5046/340
f 2933/5624/3904 3061/5139/4037 2711/4493/3660
f 2937/1507/1416 950/1506/1415 3323/5625/3428
f 1822/2907/2589 3324/5626/2873 2058/5627/2872
f 4919/414/399 1648/2616/2350 1061/1681/1565
f 805/1285/1218 741/1184/1127 2492/4102/3411
f 2553/2218/2028 1401/2219/2029 3194/5374/3577
f 2288/3742/3171 660/1032/988 508/5628/760
f 2912/4851/521 3325/5629/4255 2735/4531/3682
f 1324/5469/1935 3326/5630/4256 3190/5367/4146
f 3327/5631/4257 2730/2713/2426 1712/2715/2428
f 3328/5632/4258 3778/5633/4259 3278/5634/4220
f 3187/4484/3655 3329/5635/519 4209/5636/3050
f 368/586/569 2347/3834/3236 3254/5480/4195
f 2772/4590/3723 2774/4592/3725 3330/5637/3926
f 1157/5638/1699 3331/5639/4067 324/514/498
f 2679/4441/3611 2665/5640/3612 2391/5641/3287
f 3332/5642/4260 3333/5643/4261 3334/5644/3953
f 1359/2153/1976 1358/2152/1975 3595/5645/4262
f 165/5646/243 4902/4773/3834 3335/5647/241
f 329/523/507 847/5648/1272 849/524/508
f 3679/5649/4263 2508/4137/3429 3293/5559/4230
f 3336/5650/4264 780/1246/1184 782/1248/1186
f 1466/5651/2123 2123/5652/2951 1018/3057/1518
f 2487/4090/3405 3337/5653/3937 1483/2358/2144
f 1768/2808/2504 3889/4286/3534 2552/5654/3482
f 4187/839/808 1565/2484/2242 3001/5018/3979
f 2607/2842/2532 1786/2841/2531 2875/4785/3146
f 3238/5453/4183 227/356/343 3338/5655/4265
f 4916/5656/4266 405/3896/619 3860/3898/3277
f 2699/4469/3645 4855/4468/3644 406/5657/620
f 527/811/783 90/143/132 528/812/784
f 4132/5549/4227 3339/5658/566 3287/5547/568
f 2698/4466/3642 803/5659/1215 3340/5660/2810
f 4838/5661/15 3341/5662/4267 3128/5663/4101
f 3342/5664/2492 2805/4651/3768 4916/5656/4266
f 4620/2642/2369 3343/5665/4268 3344/5666/4269
f 3345/5667/4270 142/5668/208 4502/4284/3533
f 2849/4736/3815 2364/3862/3257 3715/5126/4029
f 1853/5669/2626 1678/2664/2387 3476/5670/4271
f 1770/2811/2506 3613/5671/4272 1033/2810/1533
f 4702/3043/2689 2837/5672/3799 3346/5673/4273
f 2573/4248/3509 3104/5223/4077 2574/4249/3510
f 554/5674/823 4103/5131/4033 3056/5130/4032
f 2344/3828/3234 1831/2924/1911 1311/5675/1206
f 2344/3828/3234 1311/5675/1206 1868/5676/2649
f 80/128/120 2054/3303/2869 81/129/121
f 2432/3972/3328 3347/5677/320 4886/3973/2731
f 2801/4647/3764 2802/4648/3765 3120/5255/1687
f 2430/3970/3326 3348/5678/4274 3349/5679/4275
f 1429/2273/2077 4893/5680/4276 1430/2274/2078
f 4616/5681/339 2093/5682/2915 2501/4126/2967
f 900/1437/1354 3350/5683/972 3454/5684/4277
f 2792/4630/3750 3540/5685/4278 1439/1096/1046
f 1196/3873/1750 3231/5686/4179 4771/3756/3180
f 3351/5687/4279 1768/2808/2504 2554/5688/3483
f 4100/5689/822 3352/5690/4280 554/5691/823
f 3353/5692/3094 1582/2514/2267 3354/5693/3514
f 1530/2429/2200 1601/2546/2294 3355/5694/4281
f 3356/5695/2716 1873/5696/2657 1536/5697/2208
f 3320/5615/4253 2036/3275/2848 3357/5698/1100
f 4724/3824/2576 982/5699/1468 981/3825/1467
f 1163/1839/1708 155/238/225 4261/1840/1709
f 1659/2633/1819 588/912/874 1342/2129/1957
f 3288/1872/1738 4175/2831/2523 3358/5700/4228
f 4521/5507/4208 1499/5701/2160 3267/5508/4209
f 4686/5702/961 3359/5703/4282 645/5704/962
f 383/608/589 382/607/588 2712/5446/3662
f 3962/5705/4283 3360/5706/1030 3361/5707/4284
f 3362/5708/4285 3301/5574/4238 3363/5709/4286
f 3364/5710/2995 3346/5673/4273 2620/5711/2316
f 2222/3619/3084 3030/5075/4004 2223/3620/3085
f 3365/5712/633 2422/3956/3317 3602/3955/3316
f 292/5713/444 1361/5053/1979 293/5052/445
f 3964/5714/4287 4313/5577/4239 1068/1693/1577
f 2845/4725/3807 1692/4724/2404 1663/2641/2368
f 2605/4302/3541 3366/5715/3892 2606/4303/3542
f 3367/5716/94 3153/5717/4119 1208/1910/1772
f 1522/2415/2189 2939/4632/3752 3371/5718/3370
f 3921/5719/3852 3368/5720/2553 3195/4565/3706
f 3369/5721/4288 3436/5722/4289 3370/5723/129
f 3426/5724/401 3371/5725/3370 2465/5726/3372
f 2307/3766/3187 4078/3768/3189 1291/2037/1885
f 2244/3651/3109 2245/3653/3111 4015/5727/4290
f 4285/1753/1631 1752/2784/2482 766/2832/1158
f 1000/1597/1496 2621/5728/3436 2622/1743/1622
f 2902/5729/1315 3372/5730/2897 2630/4350/2114
f 2390/3909/3286 867/1376/1301 869/1378/1303
f 2403/3928/3297 1803/2871/2558 1802/2870/2557
f 2706/5731/3653 3373/5732/4291 3374/5733/3148
f 4633/1725/1606 3375/5734/4292 200/315/302
f 2499/1996/1848 3376/5735/4293 4116/5736/4294
f 3377/5737/3519 3668/3522/3022 3682/3523/3023
f 3378/5738/4295 3379/5739/4296 3380/5740/4297
f 1395/2207/2019 1559/2475/2234 4888/972/930
f 1962/1108/1057 701/1107/1056 1702/2701/2417
f 3867/676/653 500/777/749 1477/2347/2136
f 800/5741/1213 3484/3595/3067 801/5742/817
f 3381/5743/4298 3382/5744/4299 4165/5745/4300
f 3379/5739/4296 3383/5746/3789 1222/1930/1791
f 4749/2543/2292 2600/4294/3537 590/2544/876
f 1355/2149/1974 206/323/310 2954/4926/3925
f 2731/4523/2047 734/4525/1115 735/5747/1117
f 1378/2179/1998 3529/5748/2659 3160/5321/4127
f 1845/3717/2617 4231/5749/4301 3384/5750/8
f 2162/3502/3004 2647/5411/3596 2743/5751/3690
f 3385/5752/4302 3386/5753/4303 3983/5754/4304
f 3079/2818/2511 4417/5755/4053 4543/5756/4305
f 4542/5757/3946 3079/2818/2511 4543/5756/4305
f 3902/5758/4306 3892/5759/4307 2422/3956/3317
f 3864/3832/3235 1592/5760/2285 1716/3833/2432
f 2172/3515/3016 2140/3467/2347 4371/5761/3677
f 3387/5762/751 3388/5763/2845 601/5764/892
f 991/5765/1481 2591/5766/3529 2555/4215/3484
f 4652/24/19 1411/2235/2045 2383/5767/1636
f 1022/1626/1521 4211/5768/4308 1023/1627/1522
f 1588/2525/2276 2742/5769/3689 1041/1653/1543
f 3328/5632/4258 3278/5634/4220 1035/1646/1536
f 1022/5770/1521 4933/5771/4309 4211/5772/4308
f 3389/5773/3828 1871/2987/2652 3451/2251/2058
f 3390/5774/4310 1146/1812/1683 3391/5775/4311
f 3001/5018/3979 3392/5776/4312 544/840/809
f 360/571/554 2744/5062/3691 361/572/555
f 3410/4172/3457 4880/5777/2098 3393/5778/4313
f 4179/5284/4107 3394/5779/4314 2709/5292/3656
f 1406/2227/2037 2517/4152/3440 2444/3991/3210
f 4869/4904/3913 3471/3114/487 1944/3113/145
f 3395/5780/4315 3396/5781/4316 3734/5782/4317
f 3327/5783/4257 1447/2299/2094 4661/3731/3162
f 3397/5784/1912 3943/2094/1927 4508/2143/1969
f 1001/5785/1497 3398/5786/1852 3399/5787/2570
f 3400/5788/4318 2571/4245/3506 3401/5789/4319
f 3402/5790/4320 3403/5791/4321 2086/3372/2910
f 937/1483/709 2458/5104/3359 474/5792/710
f 1765/5793/2501 3404/5794/4322 3559/5795/4323
f 2287/3740/3169 4929/3741/3170 3405/5796/4324
f 2864/4767/3832 3406/5797/4325 1210/5215/1774
f 359/569/552 358/568/551 1991/2771/2470
f 3407/5798/2308 2031/3265/2840 2030/3264/2839
f 807/1289/1222 1298/5799/1891 2719/5800/3668
f 161/250/237 2358/249/236 784/1251/1188
f 1912/1512/1420 3408/5801/2627 3308/3399/2930
f 2287/3740/3169 4800/4672/3778 894/1425/1344
f 3409/5802/766 3988/5803/765 3410/5804/3457
f 3175/5340/4139 3411/5805/4326 4440/5806/4327
f 1804/2872/2559 1803/2871/2558 1975/3167/2772
f 3500/5807/3500 3799/2532/2283 3095/5204/3115
f 2591/4277/3529 1546/2450/2216 2555/5808/3484
f 2838/5809/3800 3412/5810/4328 3413/5811/4329
f 3414/5812/4330 906/1446/1066 2770/5813/1068
f 3415/5814/4331 3158/5318/4124 3174/5339/4138
f 1125/1783/1658 602/933/893 601/932/892
f 1914/5815/2702 3416/5816/1085 3155/1545/1448
f 3417/5817/4332 3114/5242/4089 3418/5818/4333
f 3419/5819/1414 3420/5820/4334 3421/5821/3073
f 4744/5822/2068 3422/5823/3416 1243/1965/1821
f 3423/5824/4335 4510/5825/4336 3424/5826/4337
f 2984/4980/3960 2533/5827/3459 3425/5828/3873
f 3426/5829/401 3639/5830/4338 3427/5831/402
f 795/1268/1204 794/1267/1203 3428/5832/3657
f 1662/2639/2366 2063/3314/2878 4414/5833/4339
f 225/5834/338 3429/5835/4340 4001/5836/3788
f 2279/5837/3158 363/5838/558 3227/5434/4175
f 743/1189/1131 3430/5839/2584 1821/5840/2586
f 848/1345/1273 1926/3085/2717 1076/1704/1588
f 2439/3984/3335 4526/3983/3334 3431/5841/4341
f 4491/5842/4342 2439/3984/3335 3431/5841/4341
f 1655/2628/2358 3231/5440/4179 1196/5843/1750
f 3432/5844/2595 4367/4312/3548 3277/5526/4219
f 1135/1800/1671 1496/1799/1670 4727/3463/2972
f 1206/1903/1765 2164/3505/3007 2163/3504/3006
f 3433/5845/3908 2075/5846/2894 3434/5847/865
f 722/5128/820 658/5848/169 1625/2584/2323
f 3435/5849/4343 4281/5850/4344 1350/2141/1967
f 88/142/130 3436/5851/4289 3437/5852/4345
f 1462/5853/2118 1478/5854/2120 3424/5855/4337
f 3437/5852/4345 517/5856/773 3438/5857/4346
f 3091/4442/3627 2454/4010/3352 2453/4009/3351
f 1852/5858/2624 3439/5859/1853 3543/5860/4347
f 686/5861/1033 753/3677/1142 1384/2189/2007
f 3382/5862/4299 3623/5863/4348 3104/5223/4077
f 2879/4796/3066 3714/4795/3847 312/5864/478
f 613/954/914 2545/4195/3473 614/955/915
f 2084/3367/2907 1909/3055/2697 2085/3368/2908
f 3440/5865/2817 3217/5866/4163 866/5867/1300
f 3441/5868/4349 2446/5869/3342 2167/3510/3011
f 348/5870/535 1398/299/286 190/301/288
f 3442/5871/4350 3443/5872/4351 1635/2597/2336
f 369/3876/571 2275/3715/570 2372/3877/3262
f 3444/5873/2057 1419/5874/2059 1601/2546/2294
f 3100/5213/4072 1949/3124/2742 113/177/166
f 950/1506/1415 2938/192/180 123/194/182
f 3445/5875/4352 2586/4272/3526 2983/4978/3959
f 3138/5287/4109 3446/5876/4353 3447/5877/4354
f 1684/2671/2393 1091/5878/1612 3037/5256/4010
f 3448/5879/4075 3449/5880/4355 3240/5881/4185
f 3089/5186/4062 2176/3524/2974 3090/5187/4063
f 2511/4140/3431 4074/4142/3433 3450/5882/3880
f 4299/3419/2946 3218/5412/4164 2339/3820/3228
f 755/4763/1145 3389/4762/3828 3451/5883/2058
f 755/1204/1145 3451/5884/2058 756/1205/1146
f 1540/2442/2211 1927/3086/2718 2378/3887/3270
f 3452/5885/4356 1663/2641/2368 1717/1259/1195
f 1151/1822/1693 1992/3192/2789 1152/1823/1694
f 165/5646/243 1585/5886/2271 4902/4773/3834
f 3453/5887/4357 4787/992/950 716/1134/1080
f 3454/5888/4277 3350/1015/972 650/1017/974
f 3455/5889/4358 2599/4293/3536 919/1463/1378
f 495/770/742 3996/5890/4359 3456/5891/4360
f 1105/1760/1637 3457/5892/4361 2727/5893/3676
f 3458/5894/2510 2084/3367/2907 169/264/251
f 2972/4960/67 2204/5895/3056 239/4961/360
f 3459/5896/1567 828/5897/1249 1480/2351/2139
f 3459/5896/1567 1480/2351/2139 1482/2353/1568
f 346/549/533 345/548/532 2651/4388/3600
f 3460/5898/4362 2205/3199/2794 3461/5899/4363
f 4464/5900/4105 3462/5901/4364 2428/3965/3323
f 3407/2566/2308 3463/5902/4365 1358/2152/1975
f 267/418/403 3464/5903/2422 3465/5904/634
f 3153/5309/4119 4409/5905/4366 3466/5906/4197
f 2665/4414/3612 2882/4800/3849 2023/3253/2835
f 2305/3764/3186 3467/5907/4367 3468/5908/4368
f 2991/4993/3966 1392/5044/2016 759/4994/1150
f 3704/2402/2178 1517/2404/2179 2910/5909/2381
f 1565/2484/2242 3469/5910/4369 3001/5018/3979
f 2531/4170/3456 3470/5911/4370 2529/4168/3454
f 614/955/915 2545/4195/3473 2377/3884/3268
f 4460/5912/486 2658/4400/3605 3471/5913/487
f 1508/2393/2169 2602/1891/1753 1836/2931/2604
f 3124/5266/4098 3472/5914/3735 1093/1736/1616
f 4618/5579/4240 3176/5915/2784 3473/5916/4371
f 3474/5917/3097 3475/5918/3802 1224/5919/1793
f 1680/5920/2388 3634/2524/2275 3476/5921/4271
f 3477/5922/4372 2764/4580/3716 490/5923/735
f 1275/2015/1866 3392/5924/4312 2357/3851/3250
f 1795/5925/1367 3478/5926/3375 4250/5927/2142
f 3479/5928/4373 2489/4095/3408 3421/3608/3073
f 556/860/828 1987/3183/2783 557/861/829
f 61/105/101 2163/3504/3006 2923/3230/2818
f 1201/1894/1756 3480/5929/4374 1862/2974/2640
f 1481/3621/2140 3481/5930/4375 2224/3622/3086
f 1513/2398/2174 2562/4231/3493 2561/4230/3492
f 947/1500/1410 287/1502/437 2542/5931/3470
f 1704/3324/2419 2666/4417/3614 627/161/150
f 2161/3500/3003 4681/5932/4376 2301/3760/178
f 2243/1741/1620 1097/1740/1619 2725/4515/3674
f 4747/978/936 3482/5933/4377 3483/5934/4378
f 550/849/818 801/848/817 3484/5935/3067
f 655/5936/981 657/5937/983 954/1514/1421
f 938/1486/1399 940/1488/1401 2967/4948/3943
f 4658/5938/4379 3034/5079/4007 3485/5939/4380
f 1299/5940/1892 2546/5941/3475 2049/5942/1893
f 1067/1692/1576 2542/4187/3470 2519/4155/3442
f 901/5394/1356 821/484/468 3486/5943/2190
f 964/1532/1438 3487/5944/4381 965/1533/1439
f 1618/2574/2314 1918/5945/2708 3488/5946/2710
f 4358/5947/4382 3017/5046/340 4359/3446/2963
f 3877/5582/3357 2473/4056/3382 3614/4058/3358
f 2655/408/393 1230/5948/1802 262/409/394
f 3489/5949/3998 3490/5950/4383 4621/5951/4384
f 2058/5627/2872 2662/4405/3608 1505/2390/2166
f 3491/5952/2568 3492/5953/4385 1827/5954/2593
f 3491/5952/2568 1827/5954/2593 3493/5955/2807
f 2949/4915/3919 3494/5956/2187 151/230/217
f 3495/5957/4386 980/1563/1466 3369/5721/4288
f 4379/4664/1929 3496/5958/4387 2096/3384/2918
f 3530/5959/4388 384/609/590 3223/5420/4169
f 4815/5960/4389 3358/5700/4228 3497/5961/4390
f 1336/2613/1947 405/639/619 404/638/618
f 3498/5962/4391 3237/5452/4182 3499/5963/4392
f 2567/4150/2183 2516/4151/3439 3500/5964/3500
f 2584/4270/1169 772/5965/1168 4770/1414/1335
f 1550/2458/2221 1549/2457/2220 3501/5966/4393
f 2044/3288/2857 3502/5967/1624 362/574/557
f 4478/5968/4394 3952/5969/1087 1607/5051/2301
f 2324/3795/3207 2843/4720/3806 1276/2016/1867
f 603/4708/897 3503/5970/4395 2073/3340/2891
f 3504/5971/4396 1945/3117/2737 2994/5004/3970
f 1011/1615/1512 1184/1869/1736 1012/1616/1513
f 3505/5972/4397 3431/5841/4341 3506/5973/4398
f 3912/5974/3983 4889/2949/2620 1848/2950/2621
f 3507/5975/2329 4065/5976/4399 1551/2460/654
f 3016/5977/3991 3507/5975/2329 1551/2460/654
f 1186/1871/1737 1185/1870/729 484/4787/728
f 4292/5978/4400 2952/4922/3923 4513/4924/1810
f 2089/3375/2913 4227/5979/4401 3508/5980/1305
f 3509/5981/1926 609/946/906 1065/1687/1571
f 4462/5982/4402 2819/3226/2815 2818/5983/3780
f 1523/2417/2191 928/5984/1387 927/490/474
f 1456/2313/2107 621/964/924 3510/5985/4403
f 2846/4727/3809 3063/5143/4040 3065/5145/4008
f 3511/5986/4404 4781/5987/4405 4684/5988/4406
f 3512/5989/4407 916/1458/1373 3513/5990/2044
f 2005/3219/1855 4644/1127/1073 713/1129/1075
f 3514/5991/3947 1774/2820/2513 1773/2819/2512
f 3515/5992/3898 3516/5993/1881 3517/5994/2698
f 2196/3558/3048 2325/5995/3209 2197/3559/3049
f 3518/5996/4408 3519/5997/3199 3520/5998/3200
f 3521/5999/17 1778/2825/2517 1777/2824/2516
f 4759/2858/2546 4022/2860/2548 4823/6000/4409
f 3244/6001/4188 1973/3162/2767 1756/2791/2489
f 1755/2790/2488 3244/6001/4188 1756/2791/2489
f 581/3661/88 3434/6002/865 4193/3662/3116
f 2385/3901/3278 3522/6003/4410 2556/4218/3485
f 977/3256/1459 2025/3255/2836 4504/1551/1454
f 977/3256/1459 4504/1551/1454 3523/6004/2075
f 151/230/217 2947/4913/3917 2949/4915/3919
f 2936/4895/3907 4222/4316/3552 4887/4315/3551
f 2020/6005/2616 808/1290/1223 864/1373/1298
f 1279/2523/1872 1587/2522/2274 1280/1833/1702
f 2162/3502/3004 3524/6006/4411 1901/3039/2687
f 1943/3111/2734 3525/6007/4412 3746/2412/2186
f 2105/3394/2927 3526/6008/3091 1697/2695/2412
f 4549/2846/2536 1788/2845/2535 3527/6009/3624
f 1007/1610/1507 2697/4465/3641 1008/1611/1508
f 874/1385/1309 2137/3460/2969 3528/6010/2063
f 2870/4778/3837 4100/6011/822 178/280/267
f 3338/5655/4265 2468/4044/3374 3238/5453/4183
f 3160/6012/4127 3529/6013/2659 3657/6014/4413
f 4584/2800/2496 2583/4266/3521 1761/2801/2497
f 1420/6015/2061 2832/4698/2060 3080/5173/4054
f 3426/5829/401 2465/6016/3372 3639/5830/4338
f 1498/2382/2159 504/6017/755 2989/6018/3964
f 3530/6019/4388 4115/1438/1355 3454/5684/4277
f 4470/6020/4414 3202/5387/464 2402/3927/3296
f 3531/6021/4415 4733/5481/1757 3256/5483/4196
f 3224/3169/2774 1976/3168/2773 4224/6022/4416
f 3532/6023/1018 2579/6024/259 4579/6025/4417
f 3093/5198/4066 3533/6026/3669 111/175/164
f 3534/6027/2937 2540/6028/3466 3535/6029/3465
f 649/6030/971 1039/1650/1540 2644/1652/1542
f 745/1191/1133 744/1190/1132 870/1379/1015
f 3536/6031/4418 3537/6032/4419 1731/2750/2454
f 3538/6033/4420 620/6034/923 1771/2813/2508
f 4525/6035/4421 1699/5560/2414 1714/2717/2429
f 3185/6036/4143 3539/6037/4422 2025/6038/2836
f 1822/6039/2589 1978/3172/2775 3324/3309/2873
f 1439/2288/1046 3540/6040/4278 2878/4359/3578
f 3541/6041/4423 1883/3013/2667 1139/1805/1676
f 2651/4388/3600 345/548/532 2652/4389/3601
f 3542/6042/4424 3548/1867/1734 1183/1866/1733
f 1560/3346/2235 2614/6043/3553 1561/6044/2236
f 4197/1169/1112 1451/2306/2101 3543/6045/4347
f 4143/6046/4425 1876/6047/2662 437/6048/660
f 2388/6049/3281 2719/4504/3668 2641/4372/3588
f 4412/3203/2798 3544/6050/3040 1174/1854/1723
f 3354/5693/3514 532/6051/791 330/6052/510
f 4878/6053/966 4554/4451/968 2687/4450/2193
f 707/1117/1065 706/1116/1064 778/1242/1180
f 1901/3039/2687 3524/6006/4411 2627/4341/3567
f 572/889/855 3545/6054/4216 3177/6055/4140
f 4535/44/40 3819/6056/3389 952/3107/1418
f 3209/2488/2245 3217/5410/4163 1568/2489/2246
f 296/466/451 2643/6057/3591 1531/4217/2201
f 2494/4108/3414 2493/4107/3413 2660/4344/3569
f 3455/5889/4358 919/1463/1378 918/1462/1377
f 3922/2175/1994 3455/5889/4358 918/1462/1377
f 1536/6058/2208 1873/2992/2657 1872/2991/2656
f 4425/6059/4426 3546/6060/4427 3547/6061/2399
f 1655/2628/2358 211/332/319 3231/5440/4179
f 327/517/501 3548/6062/1734 1282/518/502
f 2233/3637/3099 1266/2006/1857 1817/2895/2578
f 3549/6063/4428 1463/2329/2119 2074/3343/2893
f 509/789/761 1739/2765/987 2008/3224/2813
f 3550/6064/2986 2059/3310/2874 1293/6065/1435
f 2006/4192/2811 3551/6066/4429 1386/2193/564
f 3552/6067/701 3686/5109/4019 3553/6068/2255
f 263/1405/395 613/954/914 2588/953/913
f 1831/6069/1911 1893/3026/2599 4587/3025/2676
f 4907/6070/899 3151/2687/2406 3554/6071/4430
f 3128/5270/4101 947/1500/1410 4838/6072/15
f 1269/2009/1860 548/845/814 2420/3951/3315
f 1897/3032/2681 3217/5866/4163 4188/685/662
f 1343/2130/1958 4814/3418/2945 1344/2131/1959
f 2407/3933/3301 227/356/343 4277/6073/4431
f 508/5628/760 660/1032/988 1739/1031/987
f 1149/1817/1688 3555/6074/4432 3556/6075/2847
f 2400/3922/3293 2399/3921/3292 3467/5907/4367
f 1602/2547/2295 3557/6076/4433 1603/2548/2296
f 3558/6077/4434 2869/1372/1297 863/1371/1296
f 1765/6078/2501 3559/6079/4323 3560/6080/3963
f 2846/4727/3809 3561/6081/4435 3063/5143/4040
f 258/400/385 2320/6082/3203 3562/6083/4436
f 462/4548/694 1197/1888/1628 1100/4549/1627
f 2228/3626/3090 194/306/293 944/6084/1406
f 4409/5905/4366 3563/6085/3895 3564/6086/3897
f 668/1049/999 3565/6087/4437 3566/6088/4438
f 4782/6089/3812 4783/1592/1493 3567/6090/4439
f 709/6091/1070 3568/6092/2305 4279/6093/4440
f 1232/1945/228 2535/2747/2451 1034/1644/1534
f 2722/5513/3672 3270/5512/4064 2391/3910/3287
f 3504/5971/4396 2994/5004/3970 2993/5003/3969
f 71/118/110 72/120/112 2436/3865/3258
f 71/118/110 2436/3865/3258 1913/3062/2701
f 3569/6094/3761 3570/6095/4441 2799/5355/3762
f 2683/6096/3630 4146/6097/4442 3571/6098/2694
f 2080/6099/2901 1965/3150/2758 2406/3932/3300
f 3572/6100/4443 2520/4156/3443 3573/6101/4444
f 1702/2701/2417 701/1107/1056 1703/2702/2418
f 3264/5501/3269 3574/6102/1163 4570/2240/2049
f 3817/6103/3994 429/671/648 4701/6104/4445
f 1807/2876/2562 1806/2875/2561 4927/6105/3710
f 3575/6106/4446 1660/2634/2363 1661/2635/2364
f 4652/24/19 12/23/22 3513/2234/2044
f 2890/4813/3215 3576/6107/4447 680/1074/1024
f 36/6108/62 3333/5643/4261 3332/5642/4260
f 3383/5746/3789 811/1931/1226 1222/1930/1791
f 341/6109/528 4374/3670/3122 3577/6110/2838
f 3027/5066/3999 3578/6111/4448 2188/5064/3032
f 4543/5756/4305 4417/5755/4053 2010/6112/2820
f 175/1490/262 3579/6113/264 129/6114/190
f 1990/6115/2788 2257/3685/3133 1991/4111/2470
f 2960/4941/3938 2131/3443/2960 948/1501/1411
f 3580/6116/3445 1066/1689/1573 4207/6117/4449
f 2409/6118/3304 3581/6119/3571 4479/3315/2879
f 2565/4236/3498 3582/6120/4450 2566/4237/3499
f 2906/1527/1433 1833/2927/2602 1970/3156/2764
f 4691/6121/4451 4664/3968/3325 4832/950/910
f 1498/2382/2159 3583/6122/4452 504/6017/755
f 3671/4014/3354 3417/5817/4332 3672/5074/4003
f 2851/4738/3817 2370/3874/3260 4241/4739/3818
f 1759/2796/2494 1758/2795/2493 3078/5170/4052
f 1286/2029/1877 1912/1512/1420 3308/3399/2930
f 994/6123/1488 1391/6124/1490 759/4994/1150
f 3264/3885/3269 2377/3884/3268 3584/6125/3489
f 626/158/147 4647/6126/4453 669/1050/1000
f 3585/6127/4454 1370/2169/1988 1780/2827/2519
f 2288/3742/3171 2289/3743/3172 660/1032/988
f 2112/3411/2940 3586/6128/1473 985/5392/1472
f 3892/5759/4307 2338/3957/3225 2422/3956/3317
f 4497/6129/4455 1524/2421/2195 1525/2423/1283
f 347/3291/534 4267/2257/2064 638/989/947
f 188/296/283 9/16/16 189/297/284
f 451/703/680 450/702/679 3587/6130/2092
f 1815/2891/1096 3588/6131/1267 4724/2892/2576
f 3589/6132/4200 103/6133/151 538/829/798
f 3590/6134/4456 4722/6135/2771 1573/2496/2251
f 2603/4299/3540 3591/6136/4457 1887/3018/2670
f 1938/3100/2729 1937/3099/2728 2846/4727/3809
f 1671/2652/2377 3592/6137/4458 3593/6138/4459
f 1218/1925/1786 3594/6139/4460 2796/4638/3757
f 2154/3490/2993 3634/2524/2275 118/185/174
f 675/4100/1016 2491/4099/3410 3280/5532/4222
f 4785/3047/787 1507/6140/2168 2159/3498/3001
f 3701/6141/4461 4856/4888/3902 3702/4937/3934
f 3170/5334/748 499/4144/747 137/5193/201
f 1544/2446/2213 583/614/594 3806/6142/4462
f 567/879/845 1640/6143/877 590/2544/876
f 2773/4591/3724 2772/4590/3723 823/1312/1244
f 4220/6144/1718 2342/3823/3231 3950/6145/4463
f 2030/3264/2839 3595/6146/4262 3463/6147/4365
f 1817/2895/2578 4636/2896/2579 3596/6148/4464
f 3601/6149/4465 1058/1678/1562 2827/4690/3792
f 1239/1955/1813 381/606/587 1240/1956/1814
f 3487/5944/4381 3597/6150/4466 1992/3192/2789
f 3441/6151/4349 4048/831/800 4550/6152/3129
f 3389/5773/3828 3598/6153/4467 1871/2987/2652
f 1114/1769/1646 586/907/869 3599/6154/4468
f 3600/6155/4469 4240/6156/2735 3471/5913/487
f 1622/2580/2319 1621/2579/2318 689/1089/1039
f 3399/6157/2570 3398/2000/1852 3492/5953/4385
f 60/104/100 1178/1859/1728 1206/1903/1765
f 2401/6158/3294 3601/6159/4465 3578/6111/4448
f 4682/2248/2055 2876/4786/3842 398/629/609
f 3607/1757/1634 3365/6160/633 3602/6161/3316
f 4388/6162/4470 3603/6163/4471 349/553/537
f 1306/5432/1901 665/1046/152 3604/6164/4472
f 919/1463/1378 2599/4293/3536 2317/3784/3201
f 4186/1534/1440 4053/6165/4473 966/1535/1441
f 1275/2015/1866 2357/3851/3250 1074/1701/1585
f 3605/6166/4474 79/127/119 1849/2951/2622
f 2671/4426/3618 3606/6167/4475 3161/5322/4128
f 2384/6168/1635 3607/6169/1634 4463/6170/4476
f 3400/5788/4318 1686/2676/2397 1187/6171/1739
f 3067/1468/1383 923/1467/1382 3608/6172/3361
f 243/380/367 4525/6035/4421 1713/2716/2162
f 2692/4458/3635 3569/4643/3761 2363/3859/3255
f 932/1478/1392 1215/1921/1782 933/1479/1393
f 2610/4309/3547 804/1284/1217 1476/2344/2133
f 805/1285/1218 2492/4102/3411 806/1286/1219
f 1112/1767/1644 2293/3748/3175 2292/3747/3174
f 4599/2835/2525 2603/4299/3540 1783/2836/2526
f 3290/5108/4018 3754/6173/4477 3609/6174/4478
f 1205/1901/1763 3610/6175/1357 3611/6176/347
f 3612/6177/520 3325/5629/4255 2912/4851/521
f 2764/6178/3716 2318/3785/3202 3613/6179/4272
f 3265/5504/4207 4400/5503/4206 4349/2308/2102
f 3562/6083/4436 1724/3863/2446 2850/4737/3816
f 1492/6180/1338 2467/4043/1340 2466/4042/2156
f 3121/6181/4097 2903/6182/3871 2234/3639/3101
f 3385/5752/4302 3879/6183/4479 3386/5753/4303
f 2566/4237/3499 2984/4980/3960 1779/4979/2518
f 946/1498/1409 2067/1499/858 3246/6184/2881
f 349/553/537 1546/4216/2216 350/554/538
f 3614/6185/3358 3973/1900/1762 1091/6186/1612
f 2899/4825/3868 2901/4827/3869 27/52/48
f 1473/2341/1535 84/6187/125 4505/242/229
f 2874/5620/3841 38/6188/64 3660/5621/4051
f 1522/2415/2189 3371/5718/3370 3426/6189/401
f 1301/2054/1895 1300/2053/1894 507/787/759
f 244/6190/368 663/6191/993 3911/1960/222
f 1080/1711/1593 3133/5277/4104 3055/5129/4031
f 1344/6192/1959 4395/3480/2983 1454/4261/2105
f 2508/4137/3429 3679/5649/4263 4012/2469/2231
f 4368/6193/3659 3615/6194/3661 4369/6195/4480
f 393/623/603 1238/1954/1812 2277/3721/3156
f 1942/3108/2733 951/1508/1417 4535/6196/40
f 2698/4466/3642 3340/5660/2810 4821/4467/3643
f 356/566/549 843/1340/1269 2947/4913/3917
f 2801/4647/3764 1329/2109/1689 1328/2108/1939
f 492/3286/738 2043/3285/2856 2968/4950/3944
f 3616/6197/4481 694/1097/1047 3617/6198/2855
f 3618/6199/4482 3619/6200/4483 3620/6201/4484
f 138/215/202 3108/5232/4081 3107/5231/4080
f 3621/6202/1028 3827/6203/2332 3622/6204/1029
f 1874/2993/2658 1316/2084/1918 3623/6205/4348
f 2370/3874/3260 4396/4200/3476 3624/6206/3141
f 1053/1672/1558 3625/6207/3396 3626/6208/4485
f 1829/2920/2597 3663/6209/4213 2722/4510/3672
f 3627/6210/4486 2087/3373/2911 3403/5791/4321
f 3627/6210/4486 3403/5791/4321 3297/5566/4233
f 980/6211/1466 3495/6212/4386 3261/5496/4203
f 3628/6213/2352 3629/6214/4487 1995/3196/2791
f 4871/6215/3565 3387/779/751 3133/5277/4104
f 484/756/728 486/759/731 3842/622/602
f 3630/6216/4488 3631/6217/4489 3632/6218/206
f 375/6219/582 1571/6220/2248 3633/6221/4490
f 1680/6222/2388 4822/6223/4491 3634/6224/2275
f 3803/1606/1503 1886/5546/2669 3635/6225/2127
f 3636/6226/4492 2604/825/795 4599/6227/2525
f 4331/4869/3349 3637/6228/4493 2888/6229/3856
f 1272/2012/1863 2729/4520/3678 4483/6230/4494
f 2649/5385/3599 589/5384/875 4581/6231/4495
f 2595/4283/3532 4556/6232/4496 4502/4284/3533
f 3638/6233/4190 3213/6234/4160 419/6235/637
f 2348/3836/3237 3639/6236/4338 4908/3837/3238
f 4262/1185/1128 741/1184/1127 2886/6237/3854
f 2354/3847/3247 2260/6238/3137 1682/2669/2391
f 1336/3897/1947 3640/6239/1946 3860/3898/3277
f 1932/3092/810 3641/6240/4497 4559/6241/4498
f 2959/4939/3936 2438/3981/3333 857/6242/1286
f 2514/4146/3435 3642/6243/274 3923/6244/4499
f 3643/6245/2089 545/842/811 3644/6246/4500
f 1875/1922/1783 3472/4607/3735 194/306/293
f 3248/5467/515 2619/4325/3558 3645/6247/4501
f 1573/2496/2251 1084/6248/1599 3646/6249/1397
f 1690/2682/2401 1147/6250/1684 3647/6251/4502
f 4911/291/278 1917/3071/2707 184/292/279
f 2464/6252/3371 2594/6253/3531 4739/2756/2460
f 822/1309/1241 1095/6254/1617 1094/1310/1242
f 3648/6255/2630 3649/6256/2629 2999/5012/3976
f 3354/5693/3514 330/6052/510 3650/6257/3295
f 824/1313/1245 3651/6258/1221 3652/6259/1220
f 3477/6260/4372 490/6261/735 1405/2874/2035
f 3653/6262/642 1315/6263/1917 424/6264/643
f 3654/6265/4503 3655/6266/3289 3656/6267/3244
f 3657/6268/4413 3529/3769/2659 410/647/625
f 2056/3102/2730 1679/2665/2282 1678/2664/2387
f 2986/4983/3961 3998/1904/1766 1436/1179/1122
f 2293/3748/3175 1708/2709/2423 2213/6269/3072
f 97/206/141 104/165/154 3658/6270/3573
f 4166/6271/4504 3435/5849/4343 3659/6272/4505
f 2027/3258/2010 764/6273/1156 645/6274/962
f 1674/2656/2380 833/1328/1257 673/1061/1011
f 813/6275/1229 814/5122/1231 1665/2645/2371
f 4337/4428/3620 2672/4427/3619 1662/6276/2366
f 1449/2304/2099 2160/6277/3002 1450/2305/2100
f 3164/6278/4130 3003/5021/3981 1489/2368/2152
f 3660/6279/4051 38/68/64 1437/2286/2085
f 1005/1605/1502 3802/1604/1501 3661/6280/4506
f 3258/6281/4201 2528/4167/3453 4822/6282/4491
f 3582/6120/4450 3409/5802/766 2566/4237/3499
f 385/610/591 1611/2567/2309 1358/2152/1975
f 4462/5982/4402 4868/3227/2816 2819/3226/2815
f 3662/6283/4507 3788/3846/3246 1681/2668/2390
f 4629/2886/2572 3300/6284/4237 1812/2887/2573
f 3583/6122/4452 4876/5089/4012 3663/6285/4213
f 3664/6286/4508 3945/6287/4509 3226/6288/4174
f 232/363/350 231/362/349 1937/3099/2728
f 3665/6289/4510 3666/6290/4511 3667/6291/176
f 1572/2494/2249 3630/6216/4488 4106/4621/3745
f 4616/3456/339 4881/3455/2849 3668/6292/3022
f 4750/6293/3395 1021/858/826 4208/2031/1879
f 3853/589/572 3617/3284/2855 3669/6294/4512
f 3657/6295/4413 3670/6296/3971 3185/6297/4143
f 1085/1718/1600 475/740/715 1928/3087/2719
f 2069/3328/2883 3671/6298/3354 3672/6299/4003
f 4203/6300/4513 3582/6120/4450 2565/4236/3498
f 3673/6301/1884 2977/6302/3952 3674/6303/4071
f 457/6304/687 1198/6305/1751 3675/6306/2050
f 3676/6307/4514 2532/4173/3458 3393/5778/4313
f 896/1428/1347 3677/6308/4515 4870/1916/1778
f 4928/6309/4516 2685/4448/2959 3678/6310/4517
f 3689/6311/2192 3485/5939/4380 3034/5079/4007
f 3992/6312/4518 3261/5496/4203 3495/6212/4386
f 4804/6313/4519 767/6314/1159 4805/6315/3774
f 3597/6150/4466 3487/5944/4381 964/1532/1438
f 226/354/341 336/539/523 390/618/598
f 1600/6316/2293 317/505/489 3309/4420/3616
f 3679/6317/4263 3293/6318/4230 3680/6319/2009
f 1445/2295/2091 3681/6320/4520 4001/5836/3788
f 4544/3329/2884 215/337/324 214/336/323
f 3377/4264/3519 3682/6321/3023 3736/4265/3520
f 4169/6322/4521 2502/6323/3422 3683/6324/4522
f 413/650/628 3042/5096/3138 414/651/629
f 1066/1689/1573 4480/4057/3383 2473/4056/3382
f 2807/4656/3771 3684/6325/4523 4484/6326/1091
f 620/963/923 4151/6327/2867 1916/3067/2704
f 2546/5941/3475 3685/6328/3474 1102/1754/1632
f 3552/724/701 468/723/700 3686/6329/4019
f 3159/5320/4126 3687/6330/4524 1376/2177/1996
f 2283/4865/3164 2381/3891/3274 4397/4726/3808
f 97/152/141 2021/6331/2832 98/153/142
f 1877/3002/2663 2665/4414/3612 2023/3253/2835
f 3480/6332/4374 3972/6333/4525 3688/6334/4526
f 3689/6335/2192 4617/6336/4527 4878/1009/966
f 383/608/589 3498/5962/4391 381/606/587
f 1141/1807/1678 1140/1806/1677 3690/6337/4528
f 1856/2966/2633 1511/6338/2172 2882/4800/3849
f 4569/3861/3256 1404/2224/2034 2854/6339/3819
f 3691/6340/4529 2170/6341/3014 3692/6342/4170
f 4040/6343/1449 3693/6344/1084 1838/2933/2606
f 3694/6345/4530 1031/1638/1529 3695/6346/4531
f 4755/4657/563 2230/6347/3092 4228/379/366
f 3849/6348/4532 3696/6349/2 1847/2948/2619
f 2208/3585/3063 3683/6324/4522 3025/3586/3064
f 279/4381/419 1557/2468/2230 277/2470/417
f 4237/6350/2571 4360/6351/4533 3697/6352/4534
f 2931/6353/3903 2319/2815/2509 169/2817/251
f 3139/2085/1919 235/367/354 3140/6354/4111
f 2923/4868/2818 1161/1835/1704 3637/6228/4493
f 950/1506/1415 2376/3882/3267 2375/3881/3266
f 1261/6355/1849 3698/6356/4022 3048/6357/4021
f 2939/4900/3752 2595/4283/3532 2464/4039/3371
f 3654/6265/4503 3699/6358/4535 2360/3855/3252
f 667/1048/998 3830/5609/423 3700/6359/425
f 1741/2767/2467 1115/1770/1647 1117/1773/1650
f 4491/5842/4342 3431/5841/4341 3505/5972/4397
f 1321/2100/1932 2703/6360/3650 1322/2101/1933
f 2199/178/167 176/278/265 178/280/267
f 3701/6361/4461 3702/6362/3934 1694/2690/2408
f 3578/6363/4448 3601/6149/4465 3703/6364/4536
f 318/507/491 3704/6365/2178 2910/6366/2381
f 3165/6367/4131 3705/6368/3980 3012/5034/3988
f 3165/5328/4131 3012/6369/3988 2593/4281/3530
f 199/314/301 201/316/303 2661/4404/3607
f 3706/6370/4537 1671/6371/2377 3593/6372/4459
f 4052/6373/3790 3759/2979/2645 3707/6374/3791
f 4406/6375/4538 3708/6376/4539 1392/2202/2016
f 3709/6377/1294 1720/2727/2435 4527/2729/2437
f 3710/6378/984 4830/3038/2686 2121/3040/2688
f 1320/4189/1930 2518/4190/3441 3711/6379/4540
f 2458/5104/3359 3291/6380/4229 3712/6381/4541
f 2721/5150/3671 4442/6382/3367 3069/5151/4043
f 664/1042/996 4763/6383/2003 249/6384/374
f 3191/5368/4147 3336/6385/4264 2503/6386/3423
f 4904/1215/1154 3713/6387/4542 761/1213/1152
f 3714/6388/3847 2880/4184/3467 4084/3462/2971
f 3076/4794/3846 3714/6389/3847 4084/6390/2971
f 2668/2472/2233 3112/5239/4086 1844/3259/2614
f 3290/5108/4018 3289/6391/1494 3754/6173/4477
f 3715/6392/4029 3541/6041/4423 4865/4119/3420
f 2976/4967/3951 4714/6393/4543 3117/5251/3035
f 276/430/415 1643/5155/2344 2883/6394/3851
f 655/5936/981 954/1514/1421 955/1515/1422
f 2254/6395/3125 664/1042/996 96/4742/140
f 735/1174/1117 1030/1173/1116 3094/5211/1456
f 3716/6396/4544 3495/5957/4386 3369/5721/4288
f 2259/3689/1586 1682/6397/2391 2260/3690/3137
f 3717/6398/4545 3332/6399/4260 4127/1150/1094
f 3718/6400/4546 4357/6401/4547 843/1340/1269
f 1412/2236/2046 3094/5211/1456 975/6402/1455
f 1122/1779/1655 1488/2619/2151 1650/2620/2353
f 3320/5615/4253 3357/5698/1100 4380/6403/1102
f 2945/4909/3915 1433/2279/2081 1764/2804/2500
f 3581/4346/3571 4642/6404/3303 4536/6405/4548
f 3685/6328/3474 4926/6406/4549 1102/1754/1632
f 1456/2313/2107 3510/5985/4403 3402/6407/4320
f 2154/3490/2993 118/185/174 3667/187/176
f 1124/1782/1657 3422/4112/3416 1825/2911/2592
f 633/981/939 890/6408/1339 1201/1894/1756
f 3559/6079/4323 2704/4479/3651 3560/6080/3963
f 4048/831/800 970/1541/1446 540/832/801
f 2265/3701/2302 3719/6409/1767 2635/4364/3581
f 2754/6410/3705 2141/3471/2977 4260/6411/3487
f 2690/1447/1362 908/1449/1364 3157/5317/4123
f 3720/6412/1951 3415/5814/4331 3174/5339/4138
f 3836/1431/1349 3721/6413/4550 3722/6414/4551
f 3099/5210/4070 3094/5211/1456 1413/2238/2048
f 3776/3050/2693 435/680/657 434/679/656
f 2202/4663/3053 3723/6415/3055 2207/3583/3062
f 4179/5284/4107 3136/5283/4106 3394/5779/4314
f 295/465/450 3242/5459/4187 296/466/451
f 2960/4941/3938 4519/3600/3069 2210/3599/3068
f 3724/6416/2440 2611/4310/2439 1475/2343/2132
f 1894/3027/2677 3269/6417/4212 3725/6418/4552
f 3726/6419/4553 3727/6420/3263 3728/6421/4554
f 3016/5977/3991 1551/2460/654 1552/2461/2223
f 2695/4462/1581 2321/3789/3204 941/1489/1402
f 4423/4487/635 1952/73/69 39/72/68
f 317/505/489 1600/6316/2293 374/598/581
f 4777/6422/4555 3729/6423/4556 3245/5462/4189
f 2826/4340/3566 1215/2893/1782 1816/2894/2577
f 2784/6424/3739 1814/6425/2575 3021/3826/3232
f 3846/6426/3687 2784/6424/3739 3730/6427/4557
f 2294/5445/3176 3731/6428/1330 883/6429/1329
f 2294/5445/3176 883/6429/1329 325/515/499
f 3732/6430/4558 3733/6431/3539 535/824/794
f 1538/2440/2209 1512/2397/2173 1511/2396/2172
f 3727/6420/3263 4891/925/886 3728/6421/4554
f 4541/2315/2109 1476/2344/2133 4096/5222/4076
f 3370/139/129 3436/6432/4289 88/140/130
f 3119/2558/2303 1977/1862/1730 3719/2559/1767
f 333/529/513 922/1466/1381 806/1286/1219
f 100/6433/146 4551/3807/2031 4214/6434/386
f 1636/2599/2338 453/4045/683 315/498/482
f 2588/953/913 1294/2043/3 3849/6435/4532
f 2407/3933/3301 55/94/90 57/96/92
f 2032/3267/2842 2435/3496/2999 2158/3497/3000
f 3734/6436/4317 4721/4307/3545 3735/6437/3748
f 3736/6438/3520 3682/3523/3023 3321/5616/4254
f 2584/4270/1169 4770/1414/1335 3737/6439/4559
f 1365/2164/1983 2917/4860/3885 3447/5877/4354
f 3738/6440/4560 3739/6441/4561 119/186/175
f 550/3594/818 2879/3593/3066 3740/6442/3522
f 3013/5040/3989 999/1596/1495 1001/1598/1497
f 2533/5827/3459 2984/4980/3960 2566/4237/3499
f 2996/5007/3973 3438/5857/4346 3741/6443/4562
f 3469/5910/4369 4749/2543/2292 3001/5018/3979
f 3441/5868/4349 2167/3510/3011 4912/5197/4065
f 3742/6444/4563 900/1437/1354 3743/6445/4564
f 2745/6446/3692 3744/6447/416 3745/6448/2826
f 151/230/217 3494/5956/2187 3746/6449/2186
f 544/1040/809 1276/2016/1867 1933/1038/994
f 2999/5012/3976 2609/4308/3546 3648/6255/2630
f 2669/6450/55 3747/6451/1319 4363/6452/3822
f 869/1378/1303 868/1377/1302 1708/2709/2423
f 696/1100/1050 4632/2632/2362 774/2451/1171
f 3034/5079/4007 4658/5938/4379 3281/5533/4223
f 2050/3297/2863 2049/3296/1893 1104/774/746
f 1242/1961/1818 1073/1700/1584 3748/6453/1310
f 4742/2762/2464 4500/258/245 166/257/244
f 1882/403/388 4213/402/387 2776/4599/3729
f 456/6454/686 3749/6455/2692 457/6304/687
f 3750/6456/4110 4301/6457/3831 2238/3644/3104
f 1701/2700/2416 3370/139/129 87/138/128
f 753/1201/1142 2964/4945/3941 3751/6458/3128
f 3752/6459/4565 3753/6460/4566 3754/6461/4477
f 2030/3264/2839 3463/6147/4365 3407/5798/2308
f 3755/6462/4567 1966/3152/2760 4625/6463/3155
f 566/877/843 565/876/842 321/510/494
f 3257/5487/4199 217/339/326 216/338/325
f 4574/6464/4568 689/1089/1039 1347/1088/1038
f 2016/3241/2825 361/6465/555 3046/1175/1118
f 2016/3241/2825 3046/1175/1118 736/1177/1120
f 3756/6466/4569 3757/6467/3406 4437/6468/2892
f 1333/2114/1943 1332/2113/1942 3758/6469/2712
f 1736/2759/2280 2055/3304/2870 1285/6470/1876
f 4554/1978/968 4553/836/805 541/835/804
f 1670/2651/2376 2981/4975/3957 2516/4151/3439
f 3759/6471/2645 3760/6472/3037 1866/6473/2646
f 3024/5060/3996 3761/6474/4570 3762/6475/3501
f 3619/6200/4483 4726/6476/713 3763/6477/4571
f 3620/6201/4484 3619/6200/4483 3763/6477/4571
f 473/729/706 1077/731/708 3764/6478/1530
f 3765/6479/4572 4/6480/7 4222/6481/3552
f 2548/6482/3477 998/1594/965 2840/4713/1890
f 4658/5938/4379 3485/5939/4380 3766/6483/4573
f 4298/3363/2904 3767/6484/4171 4339/6485/4574
f 704/1113/1061 2714/6486/3664 888/2724/1336
f 2911/4848/3879 721/1148/1093 1989/3187/2786
f 1079/6487/1592 1078/6488/1591 3594/6139/4460
f 3159/5320/4126 4643/5319/4125 3687/6330/4524
f 2975/4966/3950 4714/6393/4543 2976/4967/3951
f 925/1470/1385 2957/4934/3931 926/1471/1386
f 2212/2563/2306 868/1377/1302 3768/6489/4575
f 1329/1818/1689 4668/6490/3814 3769/6491/4576
f 1486/2363/2148 4443/6492/4577 1802/2870/2557
f 3770/6493/4578 4766/2247/2054 1417/2246/2053
f 1612/1575/1476 4704/6494/4579 988/1576/1477
f 2037/5278/2850 204/321/308 2038/320/307
f 711/1126/1072 3180/1727/1608 1090/1726/1607
f 3149/5303/4117 3771/6495/4580 4091/6496/4581
f 366/579/562 2808/234/221 153/236/223
f 3772/6497/4582 3759/2979/2645 4052/6373/3790
f 1647/2120/1948 3595/6146/4262 273/427/412
f 3734/5782/4317 455/708/685 3007/5028/3984
f 3773/6498/3381 2517/4152/3440 3294/2226/2036
f 3089/6499/4062 3430/5839/2584 745/1191/1133
f 2319/2815/2509 3774/6500/1968 3458/2816/2510
f 301/471/456 4204/6501/2252 302/472/457
f 4670/951/911 1312/2078/1913 2270/6502/3151
f 3478/4047/3375 2469/4049/3377 3775/6503/4583
f 2555/4215/3484 3603/6163/4471 991/5765/1481
f 2594/6253/3531 1589/2527/2278 4293/6504/4584
f 4821/4467/3643 3340/5660/2810 2818/6505/3780
f 1847/6506/2619 3776/6507/2693 2405/6508/3299
f 2481/4079/3398 2450/3907/3284 852/1350/1276
f 3777/6509/4585 2488/4094/3407 3757/4093/3406
f 3778/6510/4259 1473/2341/1535 1472/2340/2130
f 1087/6511/1602 2231/3630/3093 2446/3995/3342
f 781/1247/1185 3227/5434/4175 3228/5435/4176
f 1961/3144/447 2334/6512/3219 1959/3142/2754
f 270/421/406 106/169/158 108/171/160
f 4350/6513/4586 3779/6514/4587 935/6515/1395
f 2504/4129/3424 3780/6516/4588 2196/6517/3048
f 2504/4129/3424 2196/6517/3048 3781/6518/1089
f 3512/5989/4407 12/6519/22 1449/6520/2099
f 3782/6521/4589 2673/4429/3621 983/1566/1469
f 3386/5753/4303 3879/6183/4479 3783/6522/4590
f 2600/4294/3537 2762/4578/3714 567/879/845
f 3948/6523/4591 223/347/334 3285/349/336
f 4523/6524/4592 4284/6525/2463 3784/6526/4593
f 1204/1899/1761 3349/5679/4275 3348/5678/4274
f 3785/6527/2441 3648/6255/2630 2611/4310/2439
f 4903/6528/4594 2819/3226/2815 4650/6529/4595
f 3786/6530/4596 3787/6531/4046 955/1515/1422
f 2833/6532/942 17/29/27 3075/5164/4049
f 4418/451/436 625/968/928 626/970/147
f 3788/6533/3246 3142/5369/4112 2354/5370/3247
f 136/213/200 4162/5175/4055 283/439/424
f 2893/4816/3860 3413/5811/4329 1602/2547/2295
f 3908/6534/4597 3789/6535/4598 3790/6536/2982
f 3878/2266/2070 3121/6181/4097 2234/3639/3101
f 963/4026/1437 1993/3193/2790 3791/6537/4599
f 1956/3138/2751 3792/6538/4600 115/182/171
f 1149/1817/1688 3120/1816/1687 3555/6074/4432
f 1681/2668/2390 2356/2667/2389 3793/6539/4601
f 1690/2682/2401 3794/6540/1726 1147/6250/1684
f 4448/1798/1669 1135/1800/1671 1935/3096/2726
f 2932/3095/2725 4448/1798/1669 1935/3096/2726
f 1102/1754/1632 3442/5871/4350 1103/1755/1633
f 3096/1708/1590 3939/75/71 42/77/73
f 3795/6541/2226 3585/6127/4454 3172/5336/4136
f 2648/4385/3598 3081/5174/3721 141/6542/207
f 4727/3463/2972 1496/1799/1670 3796/6543/477
f 3797/6544/4602 1425/2264/1827 427/669/646
f 931/4536/1391 3798/6545/4603 3344/6546/4269
f 36/66/62 3717/6547/4545 37/67/63
f 1597/2540/2289 1596/2539/2288 3799/6548/2283
f 2716/3682/3131 2255/3681/3130 4085/6549/4604
f 1995/3196/2791 3800/6550/3082 2456/3197/2792
f 1824/2909/2591 3622/1079/1029 2867/6551/3833
f 2971/69/65 1813/2888/2574 3630/6216/4488
f 1564/2481/2240 4286/2483/2241 1590/6552/2279
f 1697/2695/2412 2229/6553/1408 1698/2696/2413
f 3995/6554/4605 2009/3225/2814 1739/2765/987
f 3801/6555/4606 4883/3073/2709 4232/6556/4607
f 3923/6244/4499 461/716/693 715/6557/1077
f 1792/2852/2541 2855/2276/2080 1431/2275/2079
f 3802/6558/1501 3803/6559/1503 1469/2336/2126
f 3295/4801/3850 2585/4271/3525 3804/6560/4608
f 3609/6174/4478 3805/6561/970 2469/4049/3377
f 2920/4863/3888 1544/6562/2213 3806/6563/4462
f 499/4144/747 157/244/231 4737/243/230
f 2535/2747/2451 1232/1945/228 3272/5517/227
f 1885/6564/2668 1470/2338/2128 3635/2337/2127
f 3807/6565/3826 3808/6566/4609 3769/6491/4576
f 1509/2394/2170 1508/2393/2169 1836/2931/2604
f 1757/6567/2490 4916/5656/4266 3860/3898/3277
f 2075/6568/2894 3433/4896/3908 4887/4315/3551
f 2227/3866/3089 3115/5243/4090 1793/2854/2543
f 3809/6569/4610 3810/6570/4611 3811/6571/4612
f 639/6572/949 3812/6573/948 1064/1686/1570
f 1696/2692/2410 3813/6574/4613 1248/2693/1832
f 704/1188/1061 3814/6575/4614 742/1186/1129
f 2915/5506/3883 3267/5508/4209 3520/5998/3200
f 147/226/213 2323/2198/2013 3815/6576/4615
f 3692/6577/4170 2170/3513/3014 2169/3512/3013
f 3816/6578/4616 714/1130/1076 4577/6579/4617
f 3817/6580/3994 3818/6581/4618 1967/3153/2761
f 437/3440/660 2685/3442/2959 4143/6582/4425
f 1252/1984/1836 1817/2895/2578 3596/6148/4464
f 4125/4114/3417 3144/5296/4094 1040/1651/1541
f 3563/6085/3895 2577/6583/3515 3028/6584/4000
f 18/1209/28 952/1509/1418 3819/6585/3389
f 4796/6586/2860 348/551/535 347/550/534
f 3682/3523/3023 2036/3275/2848 3320/5615/4253
f 1066/1689/1573 3877/5582/3357 4207/6117/4449
f 870/1379/1015 1748/4435/1014 871/1380/1304
f 1515/6587/2176 2506/4132/3427 3820/6588/4162
f 4650/6529/4595 3118/6589/4093 4903/6528/4594
f 2229/6553/1408 3773/4054/3381 1698/2696/2413
f 1842/2939/2611 28/53/49 1458/6590/2110
f 3271/2170/1989 3272/240/227 1371/2171/1990
f 2546/5941/3475 1102/1754/1632 1104/1756/746
f 649/6030/971 2644/1652/1542 1835/2929/969
f 2327/3800/3212 2326/3799/3211 4811/2069/1906
f 3821/6591/1575 1902/1063/1013 674/1062/1012
f 28/53/49 30/55/51 3822/6592/2111
f 3968/443/428 3895/6593/3899 2750/4558/3700
f 3823/6594/649 4701/6104/4445 3824/6595/4619
f 379/604/585 820/6596/1240 3825/6597/4620
f 511/792/764 1484/2359/2145 4848/3220/2809
f 3076/5165/3846 3826/6598/1949 3074/5163/4048
f 3827/6599/2332 3828/6600/4621 1705/1297/1230
f 3689/6311/2192 3034/5079/4007 3829/6601/270
f 3584/4226/3489 1121/1777/1654 3574/1778/1163
f 2946/4910/3916 2897/4820/3864 2896/4819/3863
f 4782/6089/3812 3567/6090/4439 3916/6602/3811
f 302/472/457 3830/6603/423 144/6604/210
f 4775/2515/2268 2102/3390/2923 2101/3389/2922
f 3394/5779/4314 2717/4502/3666 3831/6605/4622
f 1507/6140/2168 4785/3047/787 3832/6606/2648
f 4283/3541/3033 3237/6607/4182 3236/3542/3034
f 235/367/354 2190/3546/3038 3140/6354/4111
f 500/777/749 3833/6608/4623 3282/5534/2039
f 3810/6570/4611 3834/6609/4624 3811/6571/4612
f 3153/5309/4119 3835/6610/4625 4409/5905/4366
f 3317/5608/4252 1580/2511/2264 1333/2114/1943
f 3636/6226/4492 3836/6611/1349 762/1214/1153
f 1473/1645/1535 1034/1644/1534 84/133/125
f 4894/2520/2272 1393/2204/2017 3837/6612/973
f 2375/3881/3266 3323/5625/3428 950/1506/1415
f 2109/3404/2933 2526/6613/3451 2110/3405/2934
f 1375/2176/1995 3477/6260/4372 1405/2874/2035
f 727/1159/1103 3207/5396/4156 1788/2845/2535
f 2771/4185/3468 708/1119/1067 3838/6614/4626
f 1816/2894/2577 301/471/456 300/470/455
f 2810/3687/3135 2818/4674/3780 3839/6615/4627
f 3840/6616/4628 478/746/720 477/745/719
f 1105/1760/1637 2727/5893/3676 623/4618/926
f 842/1339/1268 3718/6400/4546 843/1340/1269
f 3841/6617/4629 484/4787/728 3842/6618/602
f 3138/5287/4109 3137/5286/4108 3173/6619/4137
f 1400/6620/287 1924/2436/2207 1535/2435/2206
f 3129/4061/3384 3130/1712/1594 3055/5129/4031
f 2876/4786/3842 3313/5600/4248 3843/6621/2436
f 4270/3030/2680 1896/3029/2679 2226/3624/3088
f 470/6622/703 1435/2282/2084 471/3063/704
f 3784/6526/4593 1284/6623/1875 3844/6624/4630
f 530/6625/786 4172/282/269 549/6626/815
f 3184/6627/1674 2200/3567/3051 1138/3568/1675
f 896/1428/1347 68/115/108 3677/6308/4515
f 1401/2219/2029 872/1382/1306 1519/2409/2184
f 3489/5065/3998 4621/6628/4384 1810/2881/2567
f 815/1299/1232 1314/1735/1615 2309/3770/3190
f 1975/3167/2772 346/549/533 3845/6629/4631
f 2783/4613/3738 2784/4614/3739 3846/6630/3687
f 764/1217/1156 763/1216/1155 645/1005/962
f 2551/4210/3480 3847/6631/4632 3848/6632/4633
f 146/2938/212 1841/2937/2610 2961/3792/3206
f 174/274/261 2180/3530/3028 2579/272/259
f 3696/2/2 3849/6633/4532 1294/3/3
f 1833/2927/2602 3518/5996/4408 3267/5508/4209
f 2714/4498/3664 3452/5885/4356 1717/1259/1195
f 1708/2709/2423 2212/2563/2306 2213/6269/3072
f 4348/6634/4634 4610/1102/1052 697/1101/1051
f 3850/6635/4635 3851/6636/4636 463/718/695
f 2543/4191/3471 3852/6637/604 3490/5950/4383
f 2581/6638/3518 2241/3647/752 1534/2433/2204
f 3812/6573/948 1065/1687/1571 1064/1686/1570
f 857/6242/1286 2438/3981/3333 2887/4810/3855
f 2463/4037/3369 4734/1399/1321 4857/6639/3198
f 420/661/638 3201/5386/4152 3209/5398/2245
f 3787/5156/4046 4493/5372/3985 706/1116/1064
f 3853/6640/572 3854/6641/4637 3855/6642/712
f 3330/4929/3926 3856/6643/4638 3685/4197/3474
f 661/1034/990 1787/2844/2534 662/1035/991
f 1923/3081/2715 570/886/852 3857/6644/4639
f 3858/6645/4640 3512/5989/4407 512/795/767
f 4767/2082/1916 2800/4645/3763 473/729/706
f 2115/3414/2942 1707/2707/2421 3859/6646/2612
f 2373/3879/3264 1757/2792/2490 3860/6647/3277
f 1806/6648/2561 2082/4457/2903 4927/4571/3710
f 547/844/813 1587/2522/2274 3861/6649/4641
f 3862/6650/4642 3382/5862/4299 2573/4248/3509
f 652/1021/978 654/1023/980 3863/6651/4643
f 1972/6652/2258 779/4718/1183 700/4717/1055
f 4823/6000/4409 4022/2860/2548 3864/6653/3235
f 910/6654/1366 3291/6380/4229 3865/6655/3376
f 3375/5734/4292 4790/2918/2596 201/316/303
f 4565/6656/3968 2560/6657/3491 3866/6658/3740
f 4375/790/762 511/792/764 4905/1283/1216
f 3664/6286/4508 3226/6288/4174 3840/6616/4628
f 3052/5119/4025 3359/5703/4282 1020/1624/1520
f 2029/1723/1604 3577/6110/2838 1089/1724/1605
f 760/1212/1151 1194/6659/1748 3867/6660/653
f 1556/2467/2229 3208/2466/2228 3204/6661/4154
f 3868/6662/4644 1140/1806/1677 3633/6221/4490
f 2404/6663/3298 619/2764/921 1594/2536/2083
f 4316/6664/3478 3869/6665/143 4852/6666/3165
f 175/1490/262 1938/3100/2729 3870/6667/263
f 2072/3339/2890 3401/5789/4319 1234/1948/1807
f 1238/1954/1812 3871/6668/4645 2060/3722/2875
f 926/1471/1386 2956/4933/3930 3080/5173/4054
f 1094/1310/1242 3486/2416/2190 821/1308/468
f 513/796/768 845/798/770 2152/6669/2991
f 3399/5787/2570 1827/2914/2593 4511/2913/691
f 3463/5902/4365 3595/5645/4262 1358/2152/1975
f 1607/5051/2301 3952/5969/1087 293/5052/445
f 1437/2286/2085 37/67/63 3546/6060/4427
f 2017/4033/2827 747/2093/1136 749/6670/1069
f 4204/2498/2252 283/439/424 3830/438/423
f 4146/6097/4442 3041/6671/4016 3872/6672/1931
f 920/1464/1379 3477/6260/4372 1375/2176/1995
f 3350/5683/972 900/1437/1354 3742/6444/4563
f 3754/6461/4477 647/6673/964 3752/6459/4565
f 24/43/39 2033/3268/2843 2158/3497/3000
f 4341/6674/3574 4307/6675/4646 2079/3249/2831
f 1083/3868/1597 2913/4852/3881 2734/4530/3681
f 4412/3203/2798 1174/1854/1723 4582/3204/2799
f 4810/6676/4647 2605/4302/3541 4632/4301/2362
f 3498/5962/4391 3499/5963/4392 4051/6677/4648
f 2156/4154/2996 2518/4153/3441 3873/6678/2997
f 3032/5147/4006 3066/5146/4041 3874/6679/4091
f 3032/5147/4006 3874/6679/4091 3875/6680/4649
f 2754/4564/3705 3876/6681/4650 592/917/879
f 61/105/101 1206/1903/1765 2163/3504/3006
f 3537/6032/4419 4757/2751/2455 1731/2750/2454
f 4207/6682/4449 3877/6683/3357 4927/4571/3710
f 455/6684/685 3734/6436/4317 3735/6437/3748
f 4636/2896/2579 2207/3583/3062 2529/6685/3454
f 1620/2578/1758 3809/6569/4610 1621/2579/2318
f 738/1180/1123 3878/6686/2070 1427/2799/2072
f 3314/5601/4249 1468/2335/2125 2179/3529/3027
f 3314/5601/4249 2179/3529/3027 174/274/261
f 767/6687/1159 766/2832/1158 1651/2621/2354
f 1769/2809/2505 3404/6688/4322 1764/2804/2500
f 3385/6689/4302 942/6690/1403 3879/6691/4479
f 2163/6692/3006 4338/1164/1108 2923/4868/2818
f 3/6/6 4570/2240/2049 435/680/657
f 201/316/303 4790/2918/2596 579/898/863
f 3880/6693/4651 4811/2069/1906 1072/6694/1583
f 2231/5124/3093 863/1371/1296 1452/2307/1755
f 2231/5124/3093 1452/2307/1755 3372/6695/2897
f 4364/4749/3821 3618/6199/4482 2314/6696/3196
f 1397/2209/2021 1396/2208/2020 93/146/135
f 268/419/404 1334/2115/1944 1335/2117/1945
f 3881/6697/4652 3882/6698/2180 3883/6699/4653
f 3884/6700/4654 2887/4810/3855 2438/3981/3333
f 3885/6701/509 849/6702/508 2448/4000/3345
f 4697/3069/2705 3886/6703/670 4419/3070/2706
f 4597/2780/2478 1790/2849/2538 2572/4246/3507
f 4711/5259/4096 3044/5261/976 3887/6704/975
f 2681/4444/3481 3554/6071/4430 1693/2689/2407
f 1687/6705/2398 3198/5379/4151 1688/1874/1740
f 2810/3687/3135 3839/6615/4627 2258/3688/3136
f 1936/3098/2727 232/363/350 1937/3099/2728
f 2527/4166/3452 560/868/834 2470/4050/3378
f 4340/6706/2759 1846/2947/2618 1845/2946/2617
f 3562/6083/4436 256/398/383 258/400/385
f 3506/5973/4398 3888/6707/4655 2803/6708/3766
f 4915/2213/2025 2447/1537/1443 968/1539/1445
f 1144/1810/1681 1307/2067/1008 672/1963/1010
f 2879/3593/3066 312/6709/478 3740/6442/3522
f 1320/4189/1930 2813/4665/3773 2844/2686/2405
f 3889/6710/3534 4805/4666/3774 2552/4212/3482
f 1740/2766/2466 3150/744/718 205/322/309
f 3302/5575/20 861/6711/1291 4681/6712/4376
f 3890/6713/4656 2145/6714/2981 3891/6715/4657
f 3892/6716/4307 1456/2313/2107 2086/6717/2910
f 2088/3374/2912 3892/6718/4307 2086/3372/2910
f 3691/6719/4529 208/325/312 4598/911/873
f 314/497/481 4276/6720/4658 1569/2490/2247
f 3893/6721/371 246/6722/370 3462/6723/4364
f 236/368/355 4745/2087/1921 3850/6635/4635
f 3293/6318/4230 2660/4344/3569 2263/6724/3140
f 4892/6725/4659 4891/925/886 3727/6420/3263
f 2931/4889/3903 3304/3518/3018 3771/6726/4580
f 3215/5406/4161 199/314/301 2661/4404/3607
f 3894/6727/4660 3984/6728/4661 3783/6522/4590
f 2686/4449/3631 4554/4451/968 3906/6729/2238
f 2750/6730/3700 3895/6731/3899 545/842/811
f 3446/6732/4353 469/725/702 3552/724/701
f 2149/6733/2988 2815/4668/3776 4797/6734/4662
f 181/6735/273 866/5867/1300 1897/3032/2681
f 3589/6736/4200 1395/2207/2019 4888/972/930
f 3761/6474/4570 1560/3346/2235 1562/6737/2237
f 4706/2614/2349 598/926/887 4309/6738/4663
f 1016/1620/1516 3896/6739/4664 3516/2033/1881
f 3592/6137/4458 4608/993/951 3453/5887/4357
f 1411/4691/2045 1777/2824/2516 2828/4692/3793
f 2733/4528/440 2130/3438/2957 1758/6740/2493
f 289/456/441 2733/455/440 1758/2795/2493
f 3611/6741/347 1715/3871/2430 1354/2148/1973
f 1199/4297/1752 3749/6455/2692 2873/6742/3840
f 3960/833/802 540/832/801 2496/4115/3418
f 4278/6743/1209 3783/6522/4590 3897/6744/1210
f 1967/3153/2761 3898/6745/4665 3167/6746/4133
f 1225/1934/1794 3596/6148/4464 4839/6747/4666
f 1989/3187/2786 1844/3259/2614 4365/5240/4087
f 1847/2948/2619 3696/6349/2 3776/6748/2693
f 914/4082/1371 416/4081/631 1727/2324/2115
f 3899/6749/1413 1819/2898/2581 3420/5820/4334
f 2282/4035/3163 3900/6750/1290 358/4036/551
f 864/1373/1298 1416/2245/2052 2020/6005/2616
f 1986/1815/1686 3901/6751/4667 2536/6752/3461
f 753/1201/1142 752/1200/1141 2964/4945/3941
f 3036/6753/2507 2902/4832/1315 3902/6754/4306
f 1619/2575/2315 1618/2574/2314 3488/5946/2710
f 4530/6755/553 361/6465/555 2016/3241/2825
f 1930/3090/2722 1350/2141/1967 4508/2143/1969
f 1930/3090/2722 4508/2143/1969 3943/2094/1927
f 4334/298/285 2646/4380/3595 3903/6756/4668
f 3189/5366/4145 4801/5365/4144 1959/6757/2754
f 3904/6758/4669 3905/6759/4670 2346/3357/2900
f 3245/6760/4189 3906/6761/2238 1636/2599/2338
f 3907/6762/1690 3908/6763/4597 2146/3478/1691
f 2461/4028/3366 2314/6696/3196 3620/6201/4484
f 1316/4999/1918 2285/3736/3167 1830/6764/2598
f 3909/6765/4671 3910/6766/1598 775/1235/1173
f 2808/4658/221 244/381/368 3911/6767/222
f 3004/5022/3782 2623/4333/3561 3005/5023/3982
f 3912/6768/3983 1848/5009/2621 2997/5008/3974
f 1181/6769/1732 4252/100/96 1182/99/95
f 3913/6770/4672 4580/6771/4673 3914/6772/2979
f 3915/6773/2542 1431/6774/2079 4419/3070/2706
f 1318/6775/1925 609/946/906 3509/5981/1926
f 3401/6776/4319 167/261/248 1234/6777/1807
f 168/262/249 3916/6778/3811 3924/260/247
f 4495/6779/4674 4024/3841/3242 3566/6088/4438
f 2308/3767/3188 3917/6780/4675 4078/3768/3189
f 945/1496/1407 3918/6781/4676 3919/6782/4677
f 1137/6783/1673 4503/6784/4678 3920/6785/4679
f 532/821/791 371/591/574 533/822/792
f 908/1449/1364 907/1448/1363 3921/6786/3852
f 2916/4859/3884 3137/5286/4108 2917/4860/3885
f 1464/6787/2121 3455/5889/4358 3922/2175/1994
f 3228/5435/4176 1464/2331/2121 3922/6788/1994
f 3923/6789/4499 715/1131/1077 4807/6790/3560
f 3836/1431/1349 899/1433/1350 3721/6413/4550
f 3924/6791/247 1198/1889/1751 3925/6792/4680
f 167/261/248 3924/260/247 3925/6793/4680
f 2910/4847/2381 3112/6794/4086 2911/4848/3879
f 658/5848/169 659/6795/985 1626/2585/2324
f 289/456/441 4717/3937/3305 290/457/442
f 1503/2388/2164 1502/2387/2163 4156/2508/2261
f 1740/2766/2466 1081/1713/1595 1534/2433/2204
f 864/1373/1298 810/1292/1225 1415/2244/2051
f 1800/2867/2554 3514/5991/3947 1801/2868/2555
f 3926/6796/1110 265/3159/398 1972/3161/2258
f 375/599/582 3927/6797/4681 1571/2493/2248
f 10/18/18 1728/2746/2450 2645/4379/3594
f 975/6402/1455 4451/6798/3679 1412/2236/2046
f 3556/6075/2847 3555/6074/4432 2035/1881/1745
f 2492/4102/3411 741/1184/1127 740/1183/1126
f 4587/3025/2676 1894/3027/2677 3725/6418/4552
f 4512/6799/3307 3909/6765/4671 4346/6800/2736
f 1417/2246/2053 4682/2248/2055 398/629/609
f 3928/6801/1101 3515/6802/3898 2760/4575/3712
f 2231/5124/3093 2859/4755/3824 1200/4757/1754
f 3929/6803/4191 2277/6804/3156 2797/4639/3758
f 4830/3216/2686 1653/2625/168 1654/2627/2357
f 2176/3524/2974 629/974/932 3090/5187/4063
f 2367/63/59 2271/6805/3152 35/64/60
f 2290/4596/3173 1942/3108/2733 4535/6196/40
f 10/18/18 2645/4379/3594 189/297/284
f 1288/2032/1880 3930/6806/4682 1016/1620/1516
f 1845/3717/2617 1966/3716/2760 4340/6807/2759
f 3355/5694/4281 1129/1788/1662 329/523/507
f 637/988/946 731/1165/1109 635/986/944
f 922/1466/1381 333/529/513 3248/531/515
f 4824/6808/4683 3539/6037/4422 3670/6809/3971
f 115/182/171 3931/6810/2155 1491/6811/2154
f 1430/2274/2078 241/6812/363 3932/6813/3494
f 50/86/82 3933/6814/246 2089/3375/2913
f 3834/6815/4624 4626/6816/4684 221/345/332
f 1196/3873/1750 4771/3756/3180 2370/3874/3260
f 1508/2393/2169 3925/6792/4680 1198/1889/1751
f 4735/6817/3226 4428/6818/2530 4279/6093/4440
f 3934/6819/4685 1958/3141/2753 2725/6820/3674
f 85/134/126 4930/136/124 2054/3303/2869
f 2385/3901/3278 2556/4218/3485 1390/6821/2015
f 521/805/777 543/838/807 522/806/778
f 3456/6822/4360 4837/6823/3770 1181/1864/1732
f 3935/6824/4686 3615/4494/3661 3148/5301/1777
f 1277/2017/1868 3936/6825/4687 1418/2249/2056
f 2223/3620/3085 3418/5818/4333 2724/4514/3673
f 4045/6826/4688 893/3606/1343 881/1406/1327
f 279/434/419 278/433/418 3026/5063/3997
f 1160/1834/1703 2923/4868/2818 4338/1164/1108
f 1160/1834/1703 4338/1164/1108 636/987/945
f 3937/6827/2664 1510/2395/2171 677/1069/1019
f 156/239/226 1163/1839/1708 1164/1841/1710
f 154/237/224 1126/1784/1659 155/238/225
f 3938/6828/4689 3939/6829/71 3206/4259/3516
f 2282/4035/3163 1367/6830/1985 3900/6750/1290
f 2226/3624/3088 3940/6831/816 3033/6832/268
f 3149/5303/4117 2931/5302/3903 3771/6495/4580
f 1077/731/708 2596/730/707 2482/6833/3400
f 1094/1737/1242 1093/1736/1616 928/1473/1387
f 1933/1038/994 3788/4721/3246 3662/6834/4507
f 3781/1144/1089 2197/3559/3049 3941/6835/4690
f 1302/2055/1896 1301/2054/1895 2046/3290/2859
f 3942/6836/4691 2752/4561/3703 2861/4761/3827
f 616/957/917 3943/6837/1927 2931/5302/3903
f 3944/6838/3385 3126/6839/4100 3119/6840/2303
f 479/749/721 3945/6841/4509 4377/6842/4692
f 4473/6843/4693 493/6844/740 4056/6845/3592
f 4168/5299/4115 3146/5298/4114 4169/6846/4521
f 575/500/484 3946/6847/4694 718/6848/1082
f 2449/5195/3346 2067/3323/858 574/6849/857
f 2015/3240/2824 4530/6755/553 2016/3241/2825
f 44/80/76 3947/6850/4695 2237/3642/3103
f 3820/6588/4162 2506/4132/3427 2839/4131/3426
f 3817/6580/3994 4700/6851/3889 3948/6852/4591
f 2550/4208/3479 3949/6853/4696 99/155/144
f 2166/3509/3010 2168/3511/3012 1990/3190/2788
f 442/692/669 3413/5811/4329 3249/5471/4192
f 2508/4137/3429 4012/2469/2231 1654/2627/2357
f 1170/1850/1719 4220/1849/1718 3950/6854/4463
f 880/1404/1326 613/954/914 263/1405/395
f 4682/2248/2055 2424/6855/3319 4866/5598/4246
f 1671/2652/2377 4608/993/951 3592/6137/4458
f 2631/4355/3575 4756/3776/3195 2315/3778/3197
f 950/1506/1415 3203/5388/4153 2376/3882/3267
f 4061/6856/4697 3721/6413/4550 899/1433/1350
f 4061/6856/4697 899/1433/1350 3111/6857/4085
f 1092/6858/1613 3951/6859/4698 4476/6860/1614
f 302/6861/457 4204/2498/2252 3830/438/423
f 576/894/859 578/896/861 1262/1998/1850
f 375/599/582 591/916/878 3927/6797/4681
f 1592/6862/2285 3864/6653/3235 4022/2860/2548
f 3282/5534/2039 3952/6863/1087 4478/6864/4394
f 3399/6157/2570 3492/5953/4385 3491/5952/2568
f 3953/6865/4231 3954/6866/4699 3955/6867/4700
f 218/340/327 754/6868/1143 3956/6869/1144
f 3957/6870/4701 2781/4610/3737 3590/6134/4456
f 815/1299/1232 2309/3770/3190 816/1300/1233
f 447/699/676 4066/2302/2097 2672/4427/3619
f 397/628/608 396/627/607 2474/4063/3386
f 2172/3515/3016 3268/6871/4211 3958/6872/4210
f 2259/1702/1586 1545/2448/2215 1682/6873/2391
f 3959/6874/1804 1547/2453/2217 4738/3588/3065
f 1088/2159/1603 3960/6875/802 2496/6876/3418
f 4778/312/299 3961/6877/4702 3962/6878/4283
f 3348/5678/4274 733/1171/1114 1204/1899/1761
f 3963/6879/4703 3964/6880/4287 3965/6881/1471
f 3811/6571/4612 3966/6882/4704 1621/2579/2318
f 3756/6466/4569 209/330/317 3967/6883/4705
f 3884/6700/4654 960/1522/1428 959/1521/1427
f 4371/4518/3677 2140/2610/2347 1645/2609/2346
f 860/1364/1289 2507/4134/2866 3900/1365/1290
f 3968/6884/428 2889/4812/3857 3895/4885/3899
f 2832/2253/2060 1421/2255/2062 3969/6885/4241
f 1729/2748/2452 3970/6886/4706 1730/2749/2453
f 2976/4967/3951 3117/5251/3035 1949/3124/2742
f 3905/6759/4670 1009/1613/1510 2775/6887/3726
f 2713/4497/3663 2845/4725/3807 3452/5885/4356
f 3555/6074/4432 2547/6888/3108 4302/1882/1746
f 1141/1807/1678 27/52/48 3985/49/45
f 3971/6889/561 3598/6890/4467 3389/6891/3828
f 3193/5373/4148 1148/1814/1685 2505/4130/3425
f 1337/2122/1950 1338/2125/1953 2830/4695/3795
f 2123/5652/2951 2122/6892/2950 2872/4781/3839
f 278/433/418 3052/5119/4025 3026/5063/3997
f 1122/1779/1655 1123/1781/306 1488/2619/2151
f 2890/3805/3215 2330/3804/3214 4823/6000/4409
f 1161/1835/1704 635/986/944 3015/5042/3990
f 1195/1885/1749 2598/2059/1899 4799/1657/1547
f 3424/5855/4337 949/1503/1412 210/331/318
f 3616/6197/4481 695/1098/1048 694/1097/1047
f 3480/6893/4374 724/1153/1097 3972/6894/4525
f 3973/6895/1762 1353/6896/1764 1092/1732/1613
f 2157/3495/2998 2326/3799/3211 2444/3798/3210
f 2385/3901/3278 1390/6821/2015 2322/3793/2014
f 3974/6897/4707 4503/6784/4678 1137/6783/1673
f 715/6557/1077 461/716/693 2076/3347/1078
f 704/1188/1061 888/1416/1336 3814/6575/4614
f 972/1547/1450 4040/1546/1449 2705/4480/3652
f 2303/3762/3184 387/612/593 2414/3945/3311
f 3127/6898/2356 1879/2675/2396 2865/2674/2395
f 2048/3295/2862 3975/6899/4708 2206/3579/3059
f 348/5870/535 4796/6900/2860 1398/299/286
f 2137/3460/2969 1617/1387/1311 3976/6901/4709
f 1916/6902/2704 599/928/889 4694/930/890
f 2445/3993/3340 4263/3994/3341 3739/6441/4561
f 871/1380/1304 543/838/807 542/837/806
f 3977/6903/4710 3978/6904/4711 3312/6905/4247
f 3695/6346/4531 1031/1638/1529 3979/6906/4712
f 386/611/592 395/626/606 3223/5420/4169
f 3980/6907/4713 1627/2587/2326 1629/2589/2328
f 3981/6908/4714 1661/2635/2364 3982/6909/4715
f 942/1491/1403 129/6114/190 4786/6910/189
f 3942/6836/4691 3983/6911/4304 3984/6912/4661
f 1924/2436/2207 3356/6913/2716 1536/2437/2208
f 641/998/956 640/997/955 1356/2150/1007
f 1418/2249/2056 2238/3644/3104 2240/3646/3106
f 1470/2338/2128 3276/5525/4218 1469/2336/2126
f 3985/6914/45 31/56/52 163/253/240
f 3833/6608/4623 3986/6915/1086 3282/5534/2039
f 310/489/473 309/488/472 3987/6916/1824
f 2789/2754/2458 1733/2753/2457 4522/2447/2214
f 3858/6917/4640 3582/6918/4450 4203/6919/4513
f 3858/6917/4640 4203/6919/4513 3913/6770/4672
f 3988/6920/765 4880/5777/2098 3410/4172/3457
f 1252/1984/1836 2233/3637/3099 1817/2895/2578
f 2979/4973/3956 3661/6280/4506 4107/6921/4716
f 1828/2916/2594 2252/3669/3121 3432/2917/2595
f 1926/3085/2717 848/1345/1273 847/1344/1272
f 837/1333/1262 1826/2261/2067 1705/1297/1230
f 4422/1261/1197 790/1260/1196 3185/6036/4143
f 1876/6922/2662 7/6923/12 437/6924/660
f 4188/685/662 4006/684/661 1897/3032/2681
f 2877/4789/3843 1860/2971/2637 3989/6925/4717
f 2423/6926/3318 1549/6927/2220 3990/6928/3701
f 4084/6390/2971 3991/6929/4718 3076/4794/3846
f 1201/1894/1756 1862/2974/2640 1863/2975/2641
f 566/1544/843 3825/6597/4620 1193/1883/1747
f 4528/57/53 4088/252/239 32/58/54
f 3809/6569/4610 4733/5481/1757 3531/6021/4415
f 2752/4561/3703 3942/6836/4691 3977/6903/4710
f 2087/3373/2911 2086/3372/2910 3403/5791/4321
f 545/842/811 547/844/813 3644/6246/4500
f 2440/3985/3336 124/195/183 2253/3671/3123
f 1790/2849/2538 111/175/164 2572/4246/3507
f 1164/1841/1710 2694/6930/3638 942/6690/1403
f 1164/1841/1710 942/6690/1403 3385/6689/4302
f 713/1129/1075 712/1128/1074 826/1315/1247
f 3338/5655/4265 53/91/87 2247/90/86
f 3923/6244/4499 3491/6931/2568 461/716/693
f 885/1412/1333 884/1411/1332 3992/6932/4518
f 3707/6374/3791 485/758/730 1185/757/729
f 1638/2601/2340 4833/6933/4719 4435/6934/912
f 524/808/780 4042/1558/1461 2483/4086/3401
f 4486/4600/3730 668/1049/999 4170/6935/4720
f 2337/6936/3224 4486/4600/3730 4170/6935/4720
f 2515/4149/3438 1535/2435/2206 1536/2437/2208
f 2723/4513/1323 1246/1972/1826 1245/1971/1825
f 3993/6937/4721 3466/6938/4197 4441/6939/1105
f 68/115/108 73/121/113 3677/6308/4515
f 1510/2395/2171 1509/2394/2170 677/1069/1019
f 334/1417/518 4033/6940/517 2380/3890/3273
f 134/210/197 3953/5564/4231 135/211/198
f 495/770/742 3460/5898/4362 3996/5890/4359
f 115/182/171 1491/6811/2154 116/183/172
f 1511/2396/2172 1513/2398/2174 4886/6941/2731
f 3946/6847/4694 3994/6942/2889 718/6848/1082
f 2214/3609/3074 3995/6943/4605 2215/3610/3075
f 1836/2931/2604 2602/1891/1753 2295/3751/3177
f 689/1089/1039 220/6944/331 690/1090/1040
f 1252/1984/1836 3596/6148/4464 1225/1934/1794
f 3945/6841/4509 4194/1055/1005 4377/6842/4692
f 1575/6945/2254 3552/724/701 3553/6946/2255
f 3456/6822/4360 3996/6947/4359 4837/6823/3770
f 1086/3548/1601 2192/3550/3041 2578/4255/1398
f 2143/3759/2980 120/3501/177 2161/3500/3003
f 1275/2015/1866 2324/3795/3207 1276/2016/1867
f 2584/4270/1169 3737/6439/4559 3997/6948/4722
f 3998/6949/1766 2635/4364/3581 3719/6409/1767
f 4756/3776/3195 3949/6950/4696 2314/3777/3196
f 3242/5459/4187 3999/6951/4723 2643/6057/3591
f 828/6952/1249 4000/6953/4724 1890/3022/2674
f 49/85/81 48/84/80 2136/3454/496
f 842/5313/1268 3154/5312/4121 4685/5166/4050
f 487/760/732 3072/4792/3845 3020/5054/3993
f 3030/5075/4004 3418/5818/4333 2223/3620/3085
f 294/464/449 296/466/451 1002/1599/1498
f 225/5541/338 4001/6954/3788 3247/6955/1009
f 1038/1649/1539 2640/4371/3587 4002/6956/2477
f 1575/2500/2254 1576/2502/2256 3980/6907/4713
f 2419/3950/3314 1105/1760/1637 1107/1762/1639
f 3836/6611/1349 3636/6226/4492 4599/6227/2525
f 4003/6957/4725 3241/5458/4186 4004/6958/4726
f 3206/4259/3516 3939/6829/71 2580/4260/3517
f 46/82/78 4299/3419/2946 2339/3820/3228
f 3052/5119/4025 4005/6959/4727 645/5704/962
f 4006/6960/661 3088/6961/663 4690/6962/4728
f 4007/6963/989 754/6868/1143 217/339/326
f 3564/4877/3897 3207/5396/4156 727/1159/1103
f 4008/6964/4729 4009/6965/4730 4010/6966/4731
f 1955/3134/2747 1071/1696/1580 1070/1695/1579
f 452/705/682 828/5897/1249 453/706/683
f 4587/3025/2676 3725/6418/4552 3304/5580/3018
f 2380/3890/3273 4687/6967/4732 2756/4569/3708
f 1326/2106/1938 1348/6968/1964 4494/6969/409
f 4011/6970/186 128/6971/188 820/6972/1240
f 1689/641/621 3742/6444/4563 3743/6445/4564
f 1385/2190/2008 4012/6973/2231 3680/2191/2009
f 1143/1809/1680 3390/5774/4310 4935/6974/4733
f 1428/2272/2076 1430/2274/2078 3932/6813/3494
f 4800/6975/3778 3779/6514/4587 4350/6513/4586
f 2196/6976/3048 782/4113/1186 2325/3797/3209
f 2412/6977/3308 3109/3210/2803 1610/2564/2307
f 4446/1584/1485 4320/6978/4734 2147/3481/2984
f 3809/6569/4610 3531/6021/4415 4013/6979/4735
f 794/6980/1203 4014/6981/4736 3428/4489/3657
f 2364/3862/3257 2850/4737/3816 1724/3863/2446
f 1239/1955/1813 382/607/588 381/606/587
f 3969/5581/4241 1421/3507/2062 4753/3506/3008
f 164/1568/242 4015/6982/4290 3965/1569/1471
f 4016/6983/4737 4017/6984/4738 4018/6985/3095
f 1409/5448/2041 3145/5297/4113 4168/5299/4115
f 4583/6986/4739 219/5118/329 1136/1801/1672
f 4078/6987/3189 885/1412/1333 3992/6932/4518
f 2586/6988/3526 4019/6989/4740 4496/1229/1167
f 3428/4489/3657 4014/6981/4736 3981/6908/4714
f 2666/4417/3614 4909/4419/2899 627/161/150
f 3581/4346/3571 4536/6405/4548 4490/1579/1480
f 1857/2967/2634 2882/4800/3849 2665/4414/3612
f 1992/3192/2789 3791/6537/4599 1993/3193/2790
f 2199/178/167 178/280/267 1377/6990/1997
f 3139/6991/1919 904/1444/1360 4020/6992/1920
f 4021/6993/3741 45/81/77 2346/3831/2900
f 1796/6994/2547 1592/2534/2285 4022/6995/2548
f 1494/2375/943 2858/6996/2365 4023/6997/4741
f 1354/2148/1973 1715/3871/2430 1355/2149/1974
f 186/6998/281 185/918/280 592/917/879
f 4839/6747/4666 3596/6148/4464 4656/6999/1870
f 4633/1725/1606 1089/1724/1605 3375/5734/4292
f 4024/7000/3242 4354/7001/4742 2153/3489/2992
f 595/921/882 3556/7002/2847 4025/7003/2846
f 1626/7004/2324 659/1029/985 764/1217/1156
f 2219/3615/3080 850/1348/1274 2321/3789/3204
f 2132/3444/2961 2915/4856/3883 3520/3783/3200
f 818/1303/1236 2952/4922/3923 2980/1304/1237
f 3885/6701/509 2448/4000/3345 585/4002/868
f 120/188/177 2615/3434/2954 2128/3436/2956
f 4480/7005/3383 4249/7006/4743 3614/7007/3358
f 149/228/215 1832/2925/2600 2343/3827/3233
f 4405/7008/4744 545/842/811 3643/6245/2089
f 4026/7009/4745 2683/6096/3630 3571/6098/2694
f 3658/4353/3573 4294/4352/2830 2021/7010/2832
f 3702/6362/3934 2189/3544/3036 1694/2690/2408
f 1481/3621/2140 4027/7011/577 4028/7012/579
f 3314/5601/4249 174/274/261 2296/273/260
f 364/576/559 3971/578/561 3389/4762/3828
f 4029/7013/315 4829/7014/314 4030/7015/4746
f 382/607/588 432/675/652 4031/7016/4747
f 1673/2654/2378 4032/7017/4748 912/1454/1369
f 3815/6576/4615 2323/2198/2013 3562/6083/4436
f 3344/6546/4269 3798/6545/4603 4033/7018/517
f 3778/6510/4259 1472/2340/2130 3278/5527/4220
f 4081/4367/3584 2262/3694/3139 3131/5275/4102
f 3227/5434/4175 2898/4821/3865 1464/2331/2121
f 821/1308/468 2047/3293/470 822/1309/1241
f 3330/4929/3926 3685/4197/3474 1299/4196/1892
f 30/3790/51 4034/7019/595 4631/7020/3749
f 4035/7021/4749 4036/7022/4750 3511/5986/4404
f 2915/5506/3883 4874/7023/3882 4521/5507/4208
f 77/7024/117 2437/3980/3332 2436/3979/3258
f 2943/4906/717 4297/931/891 2868/4774/3835
f 4002/7025/2477 4211/7026/4308 4037/7027/4751
f 3936/6825/4687 3750/6456/4110 1418/2249/2056
f 3240/7028/4185 642/4204/957 2549/4206/1453
f 1108/1763/1640 1720/2727/2435 3709/6377/1294
f 2663/4431/3353 3329/7029/519 3187/5361/3655
f 4437/3342/2892 1818/7030/2580 4038/7031/4752
f 641/5362/956 3188/5364/1904 4039/7032/4753
f 4883/3073/2709 2842/4715/3804 4232/6556/4607
f 3156/7033/4122 3693/1139/1084 4040/7034/1449
f 1644/7035/2345 4056/7036/3592 4041/7037/2027
f 555/7038/827 1021/1625/826 1020/1624/1520
f 4042/7039/1461 4043/7040/1463 4044/7041/2442
f 824/1313/1245 2772/4590/3723 3651/6258/1221
f 4873/1975/1828 3978/6904/4711 3894/7042/4660
f 4045/7043/4688 4046/7044/397 4457/7045/4754
f 3857/6644/4639 4047/7046/4755 1321/2100/1932
f 969/908/870 4048/7047/800 587/909/871
f 674/1062/1012 3883/6699/4653 4049/7048/2966
f 3499/7049/4392 4050/7050/4756 4051/7051/4648
f 939/1487/1400 179/284/271 3253/5478/461
f 3629/6214/4487 3307/5588/4243 4679/7052/4757
f 4198/7053/4758 3772/7054/4582 4052/7055/3790
f 2654/4391/2985 2653/4390/3602 1216/7056/1784
f 4053/7057/4473 3633/6221/4490 4768/7058/3870
f 2093/7059/2915 3186/2822/2515 1775/2821/2514
f 4054/7060/4221 1306/5432/1901 4710/2787/2485
f 1818/2897/2580 3479/7061/4373 1819/2898/2581
f 2463/4037/3369 4857/6639/3198 184/292/279
f 4517/7062/4759 1331/7063/1941 4055/7064/667
f 1575/2500/2254 3980/6907/4713 4485/7065/4760
f 49/7066/81 4817/2848/1556 3933/259/246
f 1975/3167/2772 3845/6629/4631 2958/4936/3933
f 4127/1150/1094 3332/6399/4260 3334/4969/3953
f 4026/7009/4745 1649/2617/2351 2682/7067/3629
f 1850/1985/1837 859/1363/1288 2948/4914/3918
f 1171/1851/1720 1173/1853/1722 3311/5594/4245
f 1644/5154/2345 2962/4943/3939 4056/7068/3592
f 1186/1871/1737 792/1264/1200 1012/1616/1513
f 4653/1977/1830 4665/3889/3272 1563/2480/2239
f 1070/1695/1579 2695/1697/1581 4261/1840/1709
f 3350/1015/972 4019/6989/4740 3445/7069/4352
f 3814/6575/4614 2756/4569/3708 742/1186/1129
f 147/226/213 2849/4736/3815 4057/7070/4761
f 3209/5398/2245 1820/2903/2585 4660/7071/4762
f 2226/3624/3088 3032/5147/4006 3875/6680/4649
f 1459/2319/2112 2791/3791/3205 693/7072/1045
f 1459/7073/2112 693/1095/1045 4743/4459/3636
f 1550/2458/2221 4058/7074/3695 4725/2459/2222
f 3006/167/156 4059/7075/3945 2969/168/157
f 2774/4592/3725 3362/5708/4285 3363/5709/4286
f 2851/4738/3817 2512/4740/3432 4060/7076/3623
f 3965/1569/1471 3964/5714/4287 1068/1693/1577
f 4061/7077/4697 3111/7078/4085 608/7079/905
f 594/920/881 3549/7080/4428 3010/7081/3987
f 2680/4443/3628 1003/504/488 2911/7082/3879
f 3489/5949/3998 2188/3540/3032 3490/5950/4383
f 3901/7083/4667 4062/7084/4763 2536/4178/3461
f 1497/2380/1795 4573/2018/1869 829/1322/1253
f 939/1487/1400 180/285/272 179/284/271
f 4671/3330/2885 3303/5578/4167 2070/3331/2886
f 2788/4623/3746 1685/4622/1816 3037/5086/4010
f 469/725/702 3173/5337/4137 468/723/700
f 1789/2847/2537 728/1160/1104 727/1159/1103
f 409/7085/622 1032/1640/1531 4429/1707/623
f 4080/7086/4764 4267/2257/2064 347/3291/534
f 4588/5/5 1900/3037/2685 3/6/6
f 3327/5631/4257 4063/7087/3025 2730/2713/2426
f 2456/4012/2792 3800/3617/3082 1614/2570/2311
f 2478/7088/3390 4064/7089/4765 4065/7090/4399
f 2243/3140/1620 2725/6820/3674 1958/3141/2753
f 2465/7091/3372 4740/7092/2459 4908/3837/3238
f 408/474/459 3863/6651/4643 2591/4277/3529
f 2067/3323/858 1060/5196/1564 3946/6847/4694
f 3562/6083/4436 2320/6082/3203 1724/3863/2446
f 3780/6516/4588 782/7093/1186 2196/6517/3048
f 1662/2639/2366 4066/7094/2097 2062/3313/2877
f 2885/4807/3853 4262/7095/1128 2886/4808/3854
f 2942/4903/3912 392/2954/601 352/560/544
f 4067/7096/4766 3013/5040/3989 4068/7097/4767
f 3714/4795/3847 4069/7098/2973 312/5864/478
f 2191/3547/3039 4538/4193/3472 2659/7099/3606
f 4069/3464/2973 4070/7100/476 312/7101/478
f 997/1591/1492 4071/7102/4768 4783/1592/1493
f 4072/7103/4769 3212/5403/4159 3385/6689/4302
f 3527/4437/3624 251/392/377 2343/3827/3233
f 2918/4861/3886 3806/6563/4462 202/317/304
f 3755/6462/4567 4625/6463/3155 58/97/93
f 3390/5774/4310 1143/1809/1680 1146/1812/1683
f 411/648/626 4073/7104/2660 2494/4108/3414
f 1329/1818/1689 3769/6491/4576 1188/7105/1741
f 3828/6600/4621 3827/6599/2332 3621/7106/1028
f 2221/3618/3083 3335/7107/241 3325/7108/4255
f 4241/4739/3818 4074/7109/3433 2512/4740/3432
f 4388/6162/4470 4075/7110/1482 3603/6163/4471
f 4129/233/220 3957/6870/4701 4300/2495/2250
f 4372/7111/31 479/7112/721 3186/2822/2515
f 1723/2738/2444 2431/7113/3327 4076/7114/2661
f 3871/6668/4645 1237/1953/1811 4077/7115/4770
f 1291/7116/1885 4078/7117/3189 4079/7118/1886
f 1749/7119/2474 1234/6777/1807 1878/3006/2665
f 2675/4436/2475 3532/6023/1018 522/806/778
f 4010/6966/4731 1141/7120/1678 4008/6964/4729
f 3054/5125/4028 498/773/745 1921/3079/2713
f 3406/5797/4325 2865/4768/2395 3123/5264/2394
f 2050/3297/2863 1104/774/746 3170/776/748
f 1915/3066/2703 2012/3237/2654 4093/7121/2653
f 2636/4365/3582 4080/7122/4764 2820/4676/3781
f 4467/35/33 2963/4944/3940 752/1200/1141
f 4081/7123/3584 2011/5494/2821 2010/6112/2820
f 1088/1722/1603 2869/1372/1297 3558/6077/4434
f 2994/5004/3970 1945/3117/2737 1049/1666/1553
f 3260/5495/4184 2011/5494/2821 4081/7123/3584
f 2469/4049/3377 3290/5108/4018 3609/6174/4478
f 3934/7124/4685 796/1269/1205 795/1268/1204
f 1224/7125/1793 1497/7126/1795 2608/4306/3544
f 2399/3921/3292 4082/7127/4771 3467/5907/4367
f 4371/5761/3677 4083/7128/4772 2172/3515/3016
f 4564/7129/4773 4204/6501/2252 301/471/456
f 1739/5134/987 2215/3610/3075 3995/6943/4605
f 2901/7130/3869 2900/1536/1442 815/1299/1232
f 3827/2593/2332 1633/2595/2334 3622/7131/1029
f 4843/3961/3320 804/1284/1217 1168/5249/1715
f 17/29/27 19/31/29 4084/7132/2971
f 2558/7133/803 1709/2711/2425 541/4257/804
f 4885/4682/3786 4085/7134/4604 1117/1773/1650
f 3440/3228/2817 4868/3227/2816 1568/7135/2246
f 1382/2186/2005 4634/2188/2006 4086/7136/4774
f 1909/3055/2697 1767/2807/2503 1766/2806/2502
f 4087/7137/4775 4838/6072/15 947/1500/1410
f 1142/2403/1679 4088/7138/239 1517/2404/2179
f 2833/6532/942 757/7139/941 18/30/28
f 2833/6532/942 18/30/28 17/29/27
f 2181/3532/2137 3549/7080/4428 594/920/881
f 1904/7140/2690 1666/2647/2373 4068/7141/4767
f 4696/4780/3838 2460/4027/3365 259/404/389
f 3629/6214/4487 4679/7052/4757 1995/3196/2791
f 1940/2739/2445 1196/1887/1750 520/1886/776
f 4089/7142/4776 620/6034/923 3538/6033/4420
f 4347/1222/1161 1888/7143/2671 769/1223/1162
f 1727/2745/2115 2540/7144/3466 1728/2746/2450
f 2970/371/358 4243/370/357 4090/7145/546
f 1273/2013/1864 1332/2113/1942 1011/1615/1512
f 2677/4439/3626 2448/4000/3345 2415/1434/1351
f 3436/5722/4289 3369/5721/4288 4368/7146/3659
f 1595/2537/2287 4817/2848/1556 1050/2538/1555
f 3771/7147/4580 3725/6418/4552 4091/7148/4581
f 1037/1648/1538 1290/2035/1883 1289/2034/1882
f 4092/7149/3044 2534/4175/3460 2921/4866/3890
f 2419/3950/3314 1107/1762/1639 2013/3238/2822
f 2519/4155/3442 2542/4187/3470 2541/4186/3469
f 2350/3839/3240 127/199/187 4011/198/186
f 2509/4138/3430 4630/4970/3954 4157/7150/4777
f 3646/7151/1397 1084/1717/1599 1086/1719/1601
f 2826/4340/3566 1816/2894/2577 1422/2258/2065
f 2256/3684/3132 4093/7152/2653 4189/7153/4778
f 2731/7154/2047 735/1174/1117 3708/6376/4539
f 4406/6375/4538 2731/7154/2047 3708/6376/4539
f 2760/4575/3712 2057/3307/2871 3928/6801/1101
f 3595/5645/4262 4539/7155/4779 1359/2153/1976
f 923/1467/1382 2618/7156/3557 3608/6172/3361
f 643/1000/958 592/917/879 593/919/880
f 3365/6160/633 3607/1757/1634 4094/7157/2116
f 3565/6087/4437 4524/7158/1190 4495/6779/4674
f 1062/1682/1566 2337/3816/3224 4095/7159/4780
f 1860/2971/2637 2397/2973/2639 2816/4671/3777
f 4734/1399/1321 266/7160/400 4857/6639/3198
f 3711/7161/4540 2518/4153/3441 2517/4152/3440
f 3366/4871/3892 4280/7162/4781 1017/1621/1517
f 1457/2073/1909 4096/7163/4076 1310/2074/1910
f 3256/5483/4196 3255/5482/3872 4097/7164/4782
f 2964/7165/3941 3459/1683/1567 1063/1685/1569
f 374/598/581 590/914/876 591/916/878
f 2504/4129/3424 3781/6518/1089 4098/7166/1088
f 4498/1917/1779 2523/7167/3447 4099/7168/3448
f 663/6191/993 1501/2386/992 1242/1961/1818
f 1616/2572/2313 297/467/452 299/469/454
f 1931/3091/2723 1233/1947/1806 161/250/237
f 3394/5779/4314 4337/4428/3620 2709/5292/3656
f 376/520/504 328/522/506 431/674/651
f 4871/4338/3565 2626/4337/3564 3388/3271/2845
f 524/808/780 526/810/782 2307/3766/3187
f 3800/3617/3082 1615/2571/2312 1614/2570/2311
f 3233/2104/1936 1409/7169/2041 1408/7170/2040
f 4100/7171/822 4101/7172/4783 3493/3215/2807
f 2736/4532/3683 3380/5740/4297 2737/4533/3684
f 2148/3484/2987 4102/7173/4784 2815/7174/3776
f 2544/4194/2750 1175/7175/1724 3544/3549/3040
f 1848/2950/2621 732/1170/1113 4197/1169/1112
f 554/7176/823 4578/7177/4785 4103/7178/4033
f 2552/4212/3482 2814/4667/3775 2553/4213/2028
f 1927/3086/2718 1113/1768/1645 2378/3887/3270
f 252/393/378 251/392/377 3208/2466/2228
f 267/418/403 1335/2117/1945 3464/5903/2422
f 1537/1302/1235 4104/7179/1325 818/1303/1236
f 3096/1708/1590 42/77/73 1078/1709/1591
f 953/734/711 3306/4552/3694 3305/4411/3610
f 4408/7180/2143 4407/2530/2281 3844/6624/4630
f 3453/5887/4357 4608/993/951 4787/992/950
f 3972/6894/4525 724/1153/1097 2548/4203/3477
f 4468/2365/2150 1004/1603/1500 4105/7181/4786
f 2595/4283/3532 4106/7182/3745 4556/6232/4496
f 3709/1369/1294 1971/3158/2766 1119/1775/1652
f 4105/7183/4786 1676/2659/2383 3303/5417/4167
f 1652/2622/2355 4107/7184/4716 3802/4059/1501
f 4108/7185/4787 2670/4423/3617 4109/7186/3127
f 1945/3117/2737 2470/4050/3378 1049/1666/1553
f 4486/4600/3730 669/1050/1000 668/1049/999
f 3541/6041/4423 2365/2743/2448 1883/3013/2667
f 3829/283/270 4172/282/269 4110/7187/2372
f 2837/5672/3799 4111/7188/4788 2870/7189/3837
f 4112/7190/4789 4113/7191/4790 1927/3086/2718
f 4114/7192/4791 1754/2789/2487 1756/2791/2489
f 1035/7193/1536 1471/2339/2129 1232/241/228
f 1471/2339/2129 1473/2341/1535 1232/241/228
f 901/5394/1356 4115/7194/1355 308/485/469
f 4800/4672/3778 4350/7195/4586 3628/2618/2352
f 3694/6345/4530 424/6264/643 1031/1638/1529
f 2941/4902/3911 611/948/908 610/947/907
f 3749/6455/2692 1199/4297/1752 457/6304/687
f 1957/3139/2752 1958/3141/2753 3192/878/844
f 2459/4023/3362 2173/3519/3019 2175/3521/3021
f 1690/2682/2401 2664/2681/2400 3794/6540/1726
f 4574/6464/4568 1622/2580/2319 689/1089/1039
f 1176/1856/1725 2388/6049/3281 425/667/644
f 3049/5114/4023 4116/7196/4294 465/7197/697
f 4516/4361/3579 2634/4363/1191 1396/7198/2020
f 57/96/92 4117/7199/4792 53/91/87
f 1527/2425/2197 3655/3914/3289 2394/3188/2787
f 1553/2462/2224 1555/2465/2227 2916/4859/3884
f 3369/5721/4288 2933/4892/3904 4368/7146/3659
f 2549/7200/1453 4920/2269/2073 3523/2271/2075
f 4118/7201/3329 1513/2398/2174 2561/4230/3492
f 1149/1817/1688 4668/6490/3814 1329/1818/1689
f 4119/7202/4793 728/3003/1104 911/1453/1368
f 90/143/132 1657/2630/2360 2534/4175/3460
f 1951/3127/218 1950/3126/2743 152/7203/219
f 4120/7204/4205 691/1091/1041 1465/2332/2122
f 4837/7205/3770 3461/7206/4363 4121/7207/3057
f 2484/4087/3402 2483/4086/3401 4076/3000/2661
f 1789/2847/2537 4549/2846/2536 1673/7208/2378
f 2550/4208/3479 4364/7209/3821 3949/6853/4696
f 3946/6847/4694 575/500/484 316/499/483
f 4122/7210/1902 3179/7211/4141 3456/6822/4360
f 1460/7212/1295 2869/4775/1297 3587/4777/2092
f 2699/4469/3645 406/5657/620 4423/7213/635
f 4123/7214/1174 2142/3472/58 2141/3471/2977
f 3526/6008/3091 2229/6553/1408 1697/2695/2412
f 2940/4901/3910 415/652/630 414/651/629
f 1428/2272/2076 3932/6813/3494 4124/7215/3496
f 2022/3252/2834 4125/7216/3417 1039/5537/1540
f 3644/6246/4500 547/844/813 3861/6649/4641
f 396/627/607 395/626/606 2113/3412/2941
f 3510/5985/4403 4126/7217/4794 4093/7121/2653
f 3957/6870/4701 3590/6134/4456 4300/2495/2250
f 4333/3592/14 2104/3392/2925 4334/298/285
f 1814/2890/2575 4127/7218/1094 1815/2891/1096
f 4128/7219/4795 892/3607/1342 4129/7220/220
f 686/1083/1033 685/1082/1032 752/1200/1141
f 3319/5614/1661 3893/384/371 4464/7221/4105
f 4130/7222/4796 1108/1763/1640 862/7223/1293
f 1347/1104/1038 3255/4836/3872 699/1105/1054
f 3536/7224/4418 4131/7225/2673 3537/7226/4419
f 4707/5436/4177 695/1098/1048 3616/6197/4481
f 4463/6170/4476 3607/6169/1634 2328/3801/3213
f 396/627/607 2113/3412/2941 3080/5173/4054
f 1274/2014/1865 1058/1678/1562 2401/7227/3294
f 4132/7228/4227 4133/7229/1505 3178/5345/1504
f 3593/7230/4459 4134/7231/4797 4135/7232/352
f 3045/7233/2888 3427/5831/402 2348/7234/3237
f 4444/2586/2325 1626/2585/2324 3057/5132/4034
f 4136/7235/960 2121/3040/2688 2627/4341/3567
f 1830/6764/2598 615/7236/916 1893/7237/2599
f 2527/7238/3452 3838/6614/4626 3274/5521/835
f 1686/2676/2397 1688/2678/1740 1187/6171/1739
f 4137/7239/11 462/4229/694 2562/4231/3493
f 2852/7240/192 1746/2773/2472 4138/7241/193
f 1850/1985/1837 2487/4090/3405 1253/1986/1838
f 1506/7242/2167 4139/7243/4798 2872/4781/3839
f 4108/7185/4787 429/671/648 2670/4423/3617
f 3048/5112/4021 3049/5114/4023 4312/7244/4799
f 2078/1367/1292 1118/1774/1651 4140/7245/2895
f 4141/7246/235 4237/6350/2571 3697/6352/4534
f 3205/5393/4155 1209/1911/1773 4062/7247/4763
f 574/891/857 575/893/484 247/385/372
f 2153/7248/2992 4524/7249/1190 4142/7250/1001
f 958/1520/1426 2888/4811/3856 959/1521/1427
f 4928/7251/4516 1876/7252/2662 4143/7253/4425
f 3623/5863/4348 1316/5224/1918 3104/5223/4077
f 2373/3879/3264 3860/6647/3277 3640/7254/1946
f 4144/7255/4800 4004/6958/4726 294/464/449
f 4144/7255/4800 294/464/449 884/7256/1332
f 283/439/424 4162/5175/4055 3700/440/425
f 1932/3092/810 1934/3094/2724 3641/6240/4497
f 3601/6149/4465 2401/7227/3294 1058/1678/1562
f 2872/4781/3839 2159/3498/3001 1506/7242/2167
f 2781/4610/3737 2676/4609/3625 4722/6135/2771
f 4283/3541/3033 921/1465/1380 3237/6607/4182
f 2247/3660/86 4145/7257/4801 4639/3998/3344
f 4139/7243/4798 2123/5652/2951 2872/4781/3839
f 2274/3714/3154 3041/5095/4016 4146/7258/4442
f 938/1486/1399 4147/7259/4802 957/1519/1425
f 2231/3630/3093 4304/872/838 2168/3996/3012
f 2021/7010/2832 97/7260/141 3658/4353/3573
f 395/626/606 386/611/592 2696/4464/3640
f 2957/4934/3931 401/7261/612 3135/4935/3932
f 4694/930/890 310/1969/473 2329/1968/1823
f 2667/7262/3615 4523/6524/4592 4148/7263/2898
f 3337/4940/3937 857/6242/1286 859/7264/1288
f 3000/5017/3978 4149/7265/2819 4343/7266/4803
f 3081/4586/3721 2441/7267/3337 559/866/833
f 1394/2205/2018 1130/1792/480 313/2206/479
f 2851/4738/3817 2371/3875/3261 2370/3874/3260
f 4150/7268/4804 2565/4236/3498 3676/6307/4514
f 4089/7142/4776 4151/7269/2867 620/6034/923
f 3368/2866/2553 1799/2865/2552 776/1237/1175
f 781/1247/1185 3228/5435/4176 4152/7270/3208
f 4153/7271/2385 4154/7272/2023 4662/7273/4805
f 3696/7274/2 2/1/4 3776/3050/2693
f 3252/5477/4194 4155/7275/4806 2190/7276/3038
f 4184/7277/1820 4156/7278/2261 2064/7279/2260
f 4086/7136/4774 4634/2188/2006 3339/7280/566
f 4157/7281/4777 4565/7282/3968 4114/7192/4791
f 1213/1918/1780 4158/7283/4807 281/436/421
f 4159/7284/4808 3178/5345/1504 4017/6984/4738
f 610/947/907 2019/2944/2615 415/652/630
f 3434/3344/865 1560/3346/2235 3761/6474/4570
f 140/218/205 921/1465/1380 3103/5220/4074
f 1100/4549/1627 4160/7285/4809 4161/7286/4810
f 4162/7287/4055 4163/7288/4057 4666/441/426
f 4164/7289/1352 2904/1441/1358 903/1443/1353
f 4165/7290/4300 4166/7291/4504 4758/7292/849
f 1214/1919/1781 1213/1918/1780 280/435/420
f 1617/2573/1311 1619/2575/2315 1914/7293/2702
f 3286/1654/1544 1041/1653/1543 2742/5769/3689
f 4566/980/938 634/982/940 4672/4594/3727
f 646/1006/963 726/1155/1099 280/435/420
f 4167/7294/4811 4161/7286/4810 2511/4140/3431
f 2167/3510/3011 2166/3509/3010 2507/3300/2866
f 3428/4489/3657 3981/6908/4714 2710/4490/3658
f 4168/7295/4115 4169/7296/4521 4238/3989/3339
f 4028/7012/579 2306/3765/578 3481/5930/4375
f 1388/2195/1227 2222/3619/3084 1389/2196/2011
f 5/9/9 2404/7297/3298 1594/2281/2083
f 2008/3224/2813 1739/2765/987 2009/3225/2814
f 965/1533/1439 3487/5944/4381 1567/2486/2244
f 2337/3816/3224 4170/7298/4720 4095/7159/4780
f 1856/7299/2633 4849/7300/2635 1538/2440/2209
f 1034/1644/1534 517/801/773 83/131/123
f 4231/7301/4301 2404/7297/3298 5/9/9
f 1461/7302/1914 354/7303/547 4171/7304/4812
f 4856/4888/3902 1487/2364/2149 3702/4937/3934
f 530/2644/786 4110/2646/2372 4172/7305/269
f 1266/2006/1857 2207/3583/3062 4636/2896/2579
f 2767/4584/3719 3934/6819/4685 795/4491/1204
f 4104/7179/1325 4797/7306/4662 818/1303/1236
f 791/1263/1199 1059/1679/1563 792/1264/1200
f 4907/6070/899 3554/6071/4430 4173/7307/900
f 1632/7308/2333 831/1324/1255 4689/7309/4813
f 4390/7310/3112 4174/7311/4814 1928/7312/2719
f 4175/7313/2523 4176/7314/3597 4518/422/407
f 3188/2066/1904 1144/1810/1681 4177/7315/138
f 2480/4078/3397 2481/4079/3398 3051/5117/328
f 3555/6074/4432 4302/1882/1746 2035/1881/1745
f 443/694/671 3144/5257/4094 3214/695/672
f 658/180/169 1653/179/168 4830/7316/2686
f 2861/4761/3827 4072/7317/4769 3983/6911/4304
f 1290/2035/1883 1036/1647/1537 4933/5771/4309
f 306/479/463 3220/5415/4166 2451/4005/3347
f 4004/6958/4726 3241/5458/4186 295/465/450
f 4178/7318/2483 3194/5374/3577 1719/2726/2434
f 4802/7319/4815 2061/3312/2876 1556/2467/2229
f 878/1392/1316 4179/7320/4107 4932/1393/1317
f 3842/6618/602 2543/4191/3471 3841/6617/4629
f 4180/7321/4816 1969/3155/2763 1968/3154/2762
f 1803/2871/2558 145/224/211 346/549/533
f 1343/2130/1958 3687/6330/4524 2117/3417/2944
f 145/224/211 344/547/531 346/549/533
f 3619/6200/4483 4831/212/199 4655/7322/4817
f 1981/3175/2778 4181/7323/4818 1646/3468/2348
f 4182/7324/4819 1638/2601/2340 4183/7325/4820
f 4184/7326/1820 1503/2388/2164 4156/2508/2261
f 4185/7327/4821 3533/4506/3669 3093/7328/4066
f 3199/5380/1790 812/1295/1228 1096/7329/1618
f 216/338/325 766/1219/1158 765/1218/1157
f 2043/3285/2856 4379/2097/1929 1319/2096/1928
f 4296/7330/2205 601/932/892 4297/931/891
f 566/1544/843 1193/1883/1747 3192/5371/844
f 2899/4825/3868 3690/6337/4528 3868/6662/4644
f 2899/4825/3868 3868/6662/4644 4186/7331/1440
f 2083/3365/2906 3169/5332/3756 365/3929/560
f 4187/7332/808 221/345/332 4626/6816/4684
f 3948/6523/4591 4397/4726/3808 223/347/334
f 4188/7333/662 3217/7334/4163 4660/7071/4762
f 1166/3582/1712 2202/4663/3053 2207/3583/3062
f 2757/3591/1252 2759/7335/3711 188/296/283
f 2757/3591/1252 188/296/283 2104/3392/2925
f 46/7336/78 4021/4616/3741 2559/4227/3490
f 2514/4146/3435 182/7337/275 3642/6243/274
f 2299/7338/3181 2537/4179/3462 1869/7339/2650
f 2780/4608/3736 2781/4610/3737 152/232/219
f 2450/3907/3284 2652/7340/3601 4405/7008/4744
f 4494/424/409 3936/6825/4687 1277/2017/1868
f 3792/6538/4600 3931/6810/2155 115/182/171
f 3250/7341/739 4056/6845/3592 493/6844/740
f 3223/5420/4169 395/626/606 397/628/608
f 2583/4266/3521 3920/7342/4679 3377/4264/3519
f 475/740/715 1056/739/714 1928/3087/2719
f 4910/7343/4822 3993/6937/4721 4441/6939/1105
f 4170/6935/4720 3566/6088/4438 2351/3840/3241
f 1030/1636/1116 1029/1635/1528 976/5201/1457
f 626/158/147 669/1050/1000 101/159/148
f 3539/6037/4422 4824/6808/4683 4208/7344/1879
f 1811/2883/2569 2001/3213/276 3493/3215/2807
f 2309/3770/3190 2311/3772/3192 816/1300/1233
f 403/636/616 4688/635/615 4182/7324/4819
f 3209/5398/2245 3201/5386/4152 1820/2903/2585
f 2840/2049/1890 3289/7345/1494 3291/6380/4229
f 1844/7346/2614 1571/2493/2248 1570/2492/1036
f 1650/2620/2353 2950/4916/3920 3211/5402/4158
f 3212/5403/4159 1164/1841/1710 3385/6689/4302
f 1062/3402/1566 4095/7347/4780 625/968/928
f 3568/6092/2305 4189/7348/4778 4196/7349/4823
f 4721/4307/3545 3734/6436/4317 4190/7350/4824
f 2759/7335/3711 3521/17/17 9/16/16
f 1500/2384/2161 3583/6122/4452 1498/2382/2159
f 388/616/596 1335/7351/1945 4729/7352/4825
f 4191/7353/4826 2763/4579/3715 3339/583/566
f 1006/1609/1506 1008/1611/1508 4192/7354/2337
f 4193/7355/3116 3434/3344/865 3761/6474/4570
f 4194/7356/1005 506/7357/758 4377/7358/4692
f 1023/1627/1522 2720/4507/3670 139/5194/204
f 2895/4818/3862 156/239/226 3212/5403/4159
f 2328/3801/3213 2629/7359/3570 2012/3802/2654
f 884/7256/1332 4195/7360/1331 4144/7255/4800
f 4196/7361/4823 4093/2988/2653 4884/2990/2655
f 2876/4786/3842 1786/2841/2531 399/630/610
f 1487/2364/2149 1804/2872/2559 2958/4936/3933
f 1848/5009/2621 4197/7362/1112 713/1129/1075
f 3540/6040/4278 4332/7363/3844 2878/4359/3578
f 2175/3521/3021 4198/7364/4758 2539/4181/3464
f 3392/5924/4312 1275/2015/1866 544/1040/809
f 725/1154/1098 1214/1919/1781 280/435/420
f 6/10/10 520/804/776 462/717/694
f 2840/2049/1890 3291/6380/4229 1296/2047/1888
f 3072/4792/3845 2248/2906/2588 4199/7365/3118
f 1444/7366/2090 3644/6246/4500 3861/6649/4641
f 413/650/628 2020/2945/2616 3043/5097/4017
f 2122/6892/2950 2873/4782/3840 2872/4781/3839
f 1338/2125/1953 2886/6237/3854 741/1184/1127
f 942/1491/1403 175/1490/262 129/6114/190
f 2179/3529/3027 3560/6080/3963 2704/4479/3651
f 405/3896/619 2804/4650/3767 406/7367/620
f 4200/7368/3580 785/1252/1189 2634/1254/1191
f 4201/7369/4827 3785/2735/2441 4202/7370/4828
f 2533/5827/3459 3409/5802/766 3410/5804/3457
f 540/832/801 357/567/550 359/569/552
f 1983/3177/2780 4091/6496/4581 4181/7323/4818
f 4203/7371/4513 4150/7372/4804 4580/7373/4673
f 4204/7374/2252 4205/7375/4829 1574/7376/2253
f 2299/7338/3181 1869/7339/2650 2300/7377/3182
f 1458/6590/2110 28/53/49 3822/6592/2111
f 4206/7378/3590 3271/2170/1989 1370/2169/1988
f 4392/5539/4225 1526/2424/2196 1528/2426/2198
f 3903/7379/4668 986/1572/1474 2520/4156/3443
f 3881/6697/4652 654/1023/980 3882/6698/2180
f 257/4157/384 3580/4159/3445 4207/7380/4449
f 3102/5014/3977 4933/5771/4309 1022/5770/1521
f 2694/4461/3638 941/1489/1402 942/1491/1403
f 3057/5132/4034 1626/2585/2324 3056/5130/4032
f 1144/1810/1681 672/1963/1010 1145/1811/1682
f 2331/3806/3216 4214/6434/386 4551/3807/2031
f 802/887/853 630/976/934 4330/975/933
f 1781/2830/2522 1082/1714/1596 1410/2233/2043
f 4327/7381/3805 1504/2389/2165 3950/6854/4463
f 1996/3200/2795 771/1228/1166 3912/5027/3983
f 78/126/118 1381/2185/2004 77/7024/117
f 4208/7382/1879 974/7383/1452 4709/7384/4830
f 4861/1868/1735 3548/1867/1734 1250/7385/1834
f 4209/7386/3050 3329/1124/519 711/1126/1072
f 2745/7387/3692 1861/7388/2638 4370/2088/1922
f 4210/7389/2476 1023/7390/1522 4211/7391/4308
f 4617/6336/4527 4553/7392/805 648/1010/967
f 3216/1908/1770 4212/7393/2134 1606/2552/2300
f 4240/3112/2735 3869/6665/143 1944/3113/145
f 1449/7394/2099 11/21/21 2161/3500/3003
f 1449/7394/2099 2161/3500/3003 2160/3499/3002
f 4213/7395/387 4214/7396/386 4215/7397/2625
f 2429/3967/3324 3101/5214/4073 2091/3378/2914
f 3191/5368/4147 3190/5367/4146 4183/7325/4820
f 1648/2616/2350 4216/7398/434 2922/4867/3891
f 1463/2329/2119 3549/6063/4428 1478/2330/2120
f 2809/4659/3772 2811/4661/3134 4217/7399/4831
f 444/7400/673 3354/5693/3514 4472/2513/2266
f 1801/7401/2555 3259/5493/4202 3260/5495/4184
f 1006/1609/1506 4218/7402/4832 1007/1610/1507
f 3239/5454/2556 1801/7403/2555 3260/5455/4184
f 500/777/749 433/678/655 4906/996/954
f 3088/5185/663 3090/5187/4063 4850/1359/1285
f 3712/7404/4541 910/1451/1366 909/1450/1365
f 2829/4694/3794 1337/2122/1950 2830/4695/3795
f 3575/6106/4446 1661/2635/2364 4014/6981/4736
f 348/5870/535 190/301/288 4669/7405/4833
f 3589/6736/4200 4888/972/930 103/7406/151
f 1104/774/746 4219/7407/3434 499/775/747
f 962/1526/1432 961/1525/1431 287/452/437
f 3745/6448/2826 191/827/289 2745/6446/3692
f 4935/6974/4733 3390/5774/4310 4220/7408/1718
f 4911/291/278 4697/3069/2705 1917/3071/2707
f 609/946/906 1318/6775/1925 607/944/904
f 817/1301/1234 816/1300/1233 4221/7409/4834
f 3688/7410/4526 3171/5335/4135 1862/2974/2640
f 3516/5993/1881 1018/7411/1518 3517/5994/2698
f 1032/1640/1531 409/7085/622 1870/7412/2651
f 4281/5850/4344 3774/2142/1968 1350/2141/1967
f 4736/1394/1318 4932/1393/1317 3147/7413/4116
f 2976/4967/3951 3100/5213/4072 2977/4968/3952
f 4222/7414/3552 470/6622/703 4223/7415/3760
f 1151/1822/1693 3487/5944/4381 1992/3192/2789
f 597/924/885 2631/4355/3575 4891/925/886
f 4250/7416/2142 4678/5260/1663 4251/7417/4835
f 3224/5426/2774 4224/7418/4416 4613/3672/3124
f 3628/6213/2352 1995/3196/2791 895/7419/1345
f 4225/7420/4836 1326/2106/1938 1325/2105/1937
f 160/247/234 4057/7070/4761 4226/7421/4837
f 4811/2069/1906 3880/6693/4651 2327/3800/3212
f 588/912/874 1659/2633/1819 4520/4250/3511
f 3091/4442/3627 2679/4441/3611 2391/5641/3287
f 1115/1770/1647 1114/1769/1646 4227/7422/4401
f 182/288/275 553/853/821 3086/5183/4030
f 4087/7423/4775 2542/4187/3470 1067/1692/1576
f 1394/2205/2018 1131/1793/1665 1130/1792/480
f 1119/1775/1652 1971/3158/2766 4654/3157/2765
f 2230/3629/3092 3073/3371/2909 4228/7424/366
f 981/7425/1467 2707/7426/3654 4345/7427/4002
f 2103/3391/2924 2102/3390/2923 842/1339/1268
f 4269/5233/4082 4217/7428/4831 460/713/690
f 1692/4724/2404 2926/4874/3894 1663/2641/2368
f 3313/5600/4248 3312/5599/4247 1425/7429/1827
f 4727/3463/2972 1935/3096/2726 1135/1800/1671
f 4115/1438/1355 900/1437/1354 3454/5684/4277
f 4106/4621/3745 3630/6216/4488 3345/7430/4270
f 4921/5234/4083 2597/4288/3535 4229/7431/4838
f 2675/2777/2475 677/1069/1019 3532/1068/1018
f 2523/4161/3447 2247/3660/86 4639/3998/3344
f 745/1191/1133 854/1354/1280 2225/3623/3087
f 1392/2202/2016 3708/6376/4539 1552/2461/2223
f 3027/5066/3999 3489/5065/3998 1810/2881/2567
f 1513/2398/2174 1512/2397/2173 3678/6310/4517
f 1256/1989/1841 1255/1988/1840 4239/7432/4120
f 1871/2987/2652 3598/6153/4467 3979/7433/4712
f 3124/5266/4098 2116/3415/2943 4230/7434/4839
f 2034/3269/2844 4305/7435/4840 2032/3267/2842
f 3197/5378/4150 1207/1909/1771 3193/5373/4148
f 4639/3998/3344 4145/7257/4801 3023/7436/3995
f 3163/5326/4027 4665/3889/3272 4653/1977/1830
f 912/1454/1369 4032/7017/4748 3525/6007/4412
f 873/1384/1308 4466/1383/1307 1596/2539/2288
f 650/1017/974 3210/5401/4157 3454/5888/4277
f 4231/7437/4301 1847/7438/2619 2405/3931/3299
f 4232/7439/4607 1408/2230/2040 3591/6136/4457
f 2978/5285/3955 4107/7184/4716 1652/2622/2355
f 2794/7440/3754 4233/7441/4841 4234/7442/4842
f 2762/4578/3714 4773/880/846 567/879/845
f 3420/5820/4334 3479/7061/4373 3421/5821/3073
f 995/7443/1489 3833/6608/4623 1391/7444/1490
f 4335/5056/3045 3823/7445/649 3817/5057/3994
f 3030/5075/4004 3417/5817/4332 3418/5818/4333
f 3740/7446/3522 4235/7447/3524 550/849/818
f 750/1198/1139 3405/7448/4324 3244/5461/4188
f 3235/5450/4181 4251/7417/4835 4532/7449/4843
f 2078/1367/1292 3709/1369/1294 2987/4984/3962
f 171/269/256 173/271/258 1787/2844/2534
f 3058/5133/986 949/2730/1412 1721/2732/2438
f 579/898/863 4790/2918/2596 3084/7450/4060
f 1204/1899/1761 2642/4373/3589 422/7451/640
f 3105/7452/4078 3624/3697/3141 4918/7453/2533
f 1071/5225/1580 2219/3615/3080 2321/3789/3204
f 4276/7454/4658 3167/6746/4133 3296/7455/4232
f 2240/3646/3106 2239/3645/3105 1216/7056/1784
f 3577/6110/2838 4374/3670/3122 2252/3669/3121
f 1360/2154/1977 2726/4516/3675 2696/4464/3640
f 4097/7164/4782 3255/5482/3872 1346/2136/1963
f 1391/2201/1490 4906/7456/954 4236/7457/3949
f 4141/248/235 160/247/234 4237/7458/2571
f 3076/7459/3846 1015/1619/1515 3826/2121/1949
f 3474/3635/3097 4901/7460/3543 4794/4415/3613
f 1153/1824/1695 1874/5067/2658 3381/5743/4298
f 3828/6600/4621 837/1333/1262 1705/1297/1230
f 3735/6437/3748 4721/4307/3545 2608/4306/3544
f 4238/7461/3339 2208/3585/3063 2201/7462/2978
f 3029/5071/3896 3028/5070/4000 4258/1530/1436
f 815/1299/1232 2900/1536/1442 966/1535/1441
f 497/772/744 3068/5149/4042 3317/7463/4252
f 1142/2403/1679 1141/7464/1678 4010/7465/4731
f 2295/3751/3177 1837/2932/2605 1836/2931/2604
f 4171/7304/4812 354/7303/547 2271/6805/3152
f 4536/6405/4548 989/1577/1478 4490/1579/1480
f 4239/7466/4120 242/7467/364 1976/3168/2773
f 2658/7468/3605 3222/3892/3275 4240/7469/2735
f 4074/7470/3433 4241/7471/3818 3105/7452/4078
f 3797/6544/4602 427/669/646 1485/7472/2146
f 4729/7473/4825 514/797/769 513/796/768
f 4083/7474/4772 3457/5892/4361 2419/3950/3314
f 4242/7475/4844 904/1444/1360 906/1446/1066
f 4243/7476/357 1409/7477/2041 4090/563/546
f 4515/7478/4845 4244/7479/4846 3201/5386/4152
f 2061/7480/2876 2060/3722/2875 3871/6668/4645
f 886/1413/1334 2386/3902/3279 3737/6439/4559
f 4729/7481/4825 1335/2117/1945 514/2116/769
f 4112/7482/4789 3348/5678/4274 2389/3969/3285
f 3640/2118/1946 1647/2120/1948 273/427/412
f 3295/4801/3850 1132/1794/1666 1131/1793/1665
f 2221/3618/3083 4245/7483/4847 164/7484/242
f 4281/7485/4344 4118/3974/3329 4246/7486/4848
f 3333/5643/4261 4199/7487/3118 4247/7488/3117
f 974/7383/1452 4208/7382/1879 4248/7489/2958
f 4249/7490/4743 4479/3315/2879 3973/1900/1762
f 877/1390/1314 876/1389/1313 1772/7491/922
f 2350/3839/3240 595/921/882 594/920/881
f 3064/5140/4038 1332/2113/1942 1273/2013/1864
f 121/7492/179 2384/6168/1635 4463/6170/4476
f 4604/7493/3572 4250/7494/2142 4251/7495/4835
f 1181/1864/1732 4837/6823/3770 4252/7496/96
f 1057/1677/1561 958/1520/1426 1381/2185/2004
f 344/547/531 666/1047/997 345/548/532
f 2478/4071/3390 4344/4072/3391 4064/7497/4765
f 1315/2083/1917 4253/7498/3061 1314/2081/1615
f 1999/3206/161 2259/3689/1586 2000/3207/2800
f 3910/6766/1598 2366/3122/2741 775/1235/1173
f 4297/931/891 602/933/893 1172/1852/1721
f 4242/7475/4844 1956/3138/2751 4254/7499/4849
f 2264/3700/3143 3125/5267/4099 3944/4062/3385
f 4299/3419/2946 845/798/770 4457/7045/4754
f 4234/7442/4842 4255/7500/613 401/7261/612
f 258/4835/385 4256/7501/4850 2691/4456/3634
f 1580/2511/2264 2539/4181/3464 1011/1615/1512
f 3437/5852/4345 682/7502/1026 517/5856/773
f 2103/3391/2924 1579/2510/2263 1583/2516/2269
f 1486/2363/2148 1804/2872/2559 1487/2364/2149
f 1778/2825/2517 3521/5999/17 2759/4574/3711
f 1633/2595/2334 2867/4771/3833 3622/7131/1029
f 3904/6758/4669 2081/3359/2902 1010/1614/1511
f 3904/6758/4669 1010/1614/1511 1009/1613/1510
f 2805/4651/3768 2804/4650/3767 405/3896/619
f 2027/2192/2010 645/5704/962 4005/6959/4727
f 1385/2190/2008 2027/2192/2010 4005/6959/4727
f 4036/7503/4750 3183/5353/4142 1283/2026/1874
f 1964/3147/2757 1963/3146/2756 4746/7504/3709
f 2471/5157/3379 1782/2833/2524 4674/343/330
f 4627/934/894 3180/1727/1608 3181/935/895
f 4008/6964/4729 163/253/240 4009/6965/4730
f 4693/1612/1509 1010/1614/1511 3238/7505/4183
f 4257/7506/3874 849/1346/508 1075/1703/1587
f 3775/7507/4583 3805/1013/970 1835/1012/969
f 4526/3983/3334 4485/7065/4760 133/209/196
f 2811/3686/3134 2258/3688/3136 458/711/688
f 4258/7508/1436 4802/7319/4815 1556/2467/2229
f 4262/7095/1128 2885/4807/3853 4225/7509/4836
f 3699/6358/4535 4825/7510/4173 2360/3855/3252
f 4140/7245/2895 1118/1774/1651 1120/1776/1653
f 4259/7511/1138 2785/4617/3742 4449/7512/3728
f 2960/4941/3938 947/1500/1410 4519/3600/3069
f 2754/4564/3705 4260/7513/3487 3876/6681/4650
f 212/334/321 3435/7514/4343 3862/6650/4642
f 4261/7515/1709 2695/4462/1581 2694/4461/3638
f 481/1920/725 4322/7516/3921 1215/1921/1782
f 4685/5166/4050 3047/5110/4020 3718/7517/4546
f 1725/2742/2447 3184/1803/1674 1883/3013/2667
f 179/284/271 181/286/273 305/7518/462
f 4262/7519/1128 4225/7420/4836 712/1128/1074
f 4201/7369/4827 4202/7370/4828 1710/2712/2108
f 2410/7520/3306 2162/3502/3004 2743/5751/3690
f 4107/6921/4716 3661/6280/4506 3802/1604/1501
f 1042/7521/1545 3665/6289/4510 4263/7522/3341
f 4407/2530/2281 102/7523/149 3844/6624/4630
f 1204/1899/1761 422/7451/640 421/5611/639
f 1566/2485/2243 3381/5743/4298 2835/4704/848
f 2692/4458/3635 4264/7524/4851 3569/4643/3761
f 1004/1603/1500 318/1602/491 4105/7181/4786
f 4692/7525/2965 4265/7526/902 605/7527/901
f 4150/7268/4804 4203/6300/4513 2565/4236/3498
f 4266/7528/4852 1867/2981/2647 1237/1953/1811
f 4537/5180/4059 2109/7529/2933 1223/1932/1792
f 4007/1033/989 662/1035/991 754/1202/1143
f 2275/3715/570 2274/3714/3154 2372/3877/3262
f 2636/4365/3582 4267/7530/2064 4080/7122/4764
f 1715/3871/2430 207/324/311 1747/2774/2473
f 4797/7306/4662 4268/7531/839 818/1303/1236
f 4737/243/230 158/245/232 4269/7532/4082
f 202/317/304 3806/6563/4462 583/904/594
f 4254/7499/4849 1956/3138/2751 4548/1836/1705
f 4270/7533/2680 2227/3866/3089 838/1334/1263
f 2982/7534/3958 4229/7535/4838 4317/7536/4853
f 2169/3512/3013 2171/3514/3015 2150/3486/2989
f 4271/7537/1526 4293/6504/4584 4272/7538/4854
f 3179/5348/4141 495/770/742 3456/5891/4360
f 432/675/652 1240/1956/1814 1948/556/540
f 2510/3164/2769 1756/2791/2489 1973/3162/2767
f 1041/1653/1543 1042/1655/1545 2445/3993/3340
f 1383/7539/1178 4273/7540/1177 4547/7541/3801
f 2811/3686/3134 458/711/688 4217/7428/4831
f 2482/7542/3400 1809/2879/2565 4274/7543/3276
f 4535/44/40 4715/47/43 25/45/41
f 3181/935/895 4275/7544/4855 2411/936/896
f 4842/1136/373 717/1135/1081 4436/2550/2298
f 1359/2153/1976 2794/7440/3754 2726/4516/3675
f 4798/7545/3060 4205/7375/4829 4204/7374/2252
f 2986/4983/3961 1436/1179/1122 737/1178/1121
f 282/437/422 2100/3388/2643 3752/7546/4565
f 2186/2146/1972 882/1407/1328 3731/1409/1330
f 3507/2590/2329 2478/4071/3390 4065/7547/4399
f 1953/3130/2744 1881/2694/2411 930/1475/1389
f 4276/7548/4658 4831/212/199 2856/4748/3820
f 2673/4429/3621 3782/6521/4589 2790/4625/2768
f 2532/4173/3458 2564/4235/3497 3425/4837/3873
f 1848/5009/2621 826/1315/1247 825/1314/1246
f 1256/3170/1841 4239/7466/4120 1976/3168/2773
f 4666/441/426 4163/7288/4057 4509/442/427
f 4277/7549/4431 227/7550/343 3238/7505/4183
f 4111/7188/4788 1904/3045/2690 4511/2913/691
f 2069/3328/2883 3672/6299/4003 4544/3329/2884
f 3157/5317/4123 908/1449/1364 2862/4764/3829
f 1045/1279/1214 521/805/777 569/1280/851
f 2892/4815/3859 3249/5471/4192 2893/4816/3860
f 3077/5169/3967 1469/2336/2126 3276/5525/4218
f 1844/3259/2614 1570/2473/1036 2668/2472/2233
f 3346/7551/4273 2836/4705/3798 2992/7552/2317
f 4449/7512/3728 2785/4617/3742 3905/7553/4670
f 4622/4697/3797 1368/2167/1986 1369/2168/1987
f 1104/1756/746 1103/1755/1633 1634/2596/2335
f 29/7554/50 3859/6646/2612 1707/2707/2421
f 2298/3755/3179 4147/7259/4802 938/1486/1399
f 4645/7555/4856 4278/7556/1209 4244/7557/4846
f 4614/7558/2273 1279/2278/1872 1434/2280/2082
f 4840/374/361 3277/5526/4219 3853/589/572
f 3639/5830/4338 2348/7234/3237 3427/5831/402
f 961/1525/1431 502/781/753 504/783/755
f 1111/1766/1643 2390/3909/3286 869/1378/1303
f 1208/7559/1772 3153/5309/4119 3466/5906/4197
f 4538/4193/3472 237/369/356 4864/7560/4118
f 1089/1724/1605 4790/2918/2596 3375/5734/4292
f 2138/3461/2970 4279/7561/4440 4428/2840/2530
f 277/432/417 1385/2190/2008 4005/6959/4727
f 2112/3411/2940 2759/4574/3711 2758/4573/1251
f 4282/7562/4242 1665/2645/2371 530/2644/786
f 4439/1402/1324 2149/3485/2988 4104/1403/1325
f 3492/5953/4385 3398/2000/1852 1827/5954/2593
f 2896/4819/3863 1763/2803/2499 4280/7563/4781
f 965/1533/1439 1567/2486/2244 4622/4697/3797
f 212/334/321 4281/7564/4344 3435/7514/4343
f 813/2705/1229 4282/7565/4242 1632/2594/2333
f 1392/2202/2016 1552/2461/2223 3867/2203/653
f 1092/6858/1613 2954/4926/3925 3951/6859/4698
f 2451/4005/3347 3220/5415/4166 3040/5093/4014
f 4042/1558/1461 4076/3000/2661 2483/4086/3401
f 643/1000/958 3195/4565/3706 2754/4564/3705
f 4714/6393/4543 4283/7566/3033 3117/5251/3035
f 2746/7567/3693 4229/7535/4838 2982/7534/3958
f 3293/6318/4230 412/649/627 2660/4344/3569
f 1026/1630/1524 3077/5169/3967 1027/1631/1525
f 200/315/302 3360/1080/1030 4633/1725/1606
f 2738/4534/3685 3556/7002/2847 595/921/882
f 689/1089/1039 3966/6882/4704 220/6944/331
f 4577/6579/4617 4578/7568/4785 3352/5690/4280
f 3670/6809/3971 3539/6037/4422 3185/6036/4143
f 3372/6695/2897 877/7569/1314 2859/4755/3824
f 2962/4943/3939 4473/7570/4693 4056/7068/3592
f 4284/7571/2463 1285/2028/1876 1284/2027/1875
f 4284/6525/2463 1284/6623/1875 3784/6526/4593
f 3500/5964/3500 1597/2540/2289 3799/6548/2283
f 3134/4822/3866 2525/4824/3450 2286/7572/3168
f 173/271/258 4285/7573/1631 3956/1203/1144
f 2242/3648/3107 1096/7574/1618 2243/3649/1620
f 666/1047/997 4666/441/426 3968/443/428
f 2366/3122/2741 2142/7575/58 4123/1236/1174
f 2927/4882/3142 4286/7576/2241 4287/7577/4857
f 571/888/854 2927/4882/3142 4287/7577/4857
f 3501/5966/4393 4288/7578/1815 2919/5229/3887
f 4289/7579/4858 2964/7580/3941 2963/7581/3940
f 1904/3045/2690 4068/7582/4767 4511/2913/691
f 3106/5228/4079 661/5227/990 3257/5487/4199
f 4290/7583/3639 3995/6943/4605 2214/3609/3074
f 1661/2635/2364 319/508/492 3982/6909/4715
f 433/678/655 4065/7090/4399 4064/7089/4765
f 711/1126/1072 2912/1125/521 3180/1727/1608
f 3481/5930/4375 2306/3765/578 2305/3764/3186
f 3423/5824/4335 3011/3459/2968 1819/2898/2581
f 4291/7584/2320 2177/3526/3024 1623/4989/2321
f 3595/6146/4262 2030/3264/2839 273/427/412
f 2213/3605/3072 1553/2462/2224 2916/4859/3884
f 2460/7585/3365 2314/3777/3196 2461/7586/3366
f 3619/6200/4483 4655/7322/4817 4726/6476/713
f 4271/1633/1526 4292/7587/4400 4293/7588/4584
f 44/80/76 1677/2660/2384 3947/6850/4695
f 1520/2410/2185 2981/4975/3957 1670/2651/2376
f 1139/1805/1676 1138/1804/1675 2077/7589/2896
f 1162/1837/1706 3275/5522/4217 4319/4932/3929
f 1400/2216/287 1399/2215/2026 1924/3082/2207
f 4294/7590/2830 2667/7262/3615 4148/7263/2898
f 1521/2414/2188 2939/4632/3752 1522/2415/2189
f 2860/4759/3825 2848/4734/3813 380/605/586
f 833/1328/1257 2369/3872/3259 3881/6697/4652
f 1660/2634/2363 3575/6106/4446 4295/7591/4859
f 4296/7592/2205 4297/7593/891 476/7594/716
f 3903/7379/4668 2646/7595/3595 986/1572/1474
f 165/5646/243 164/1568/242 4120/5502/4205
f 4691/7596/4451 4833/6933/4719 1638/2601/2340
f 2457/4016/3355 3575/7597/4446 794/1267/1203
f 4298/7598/2904 1806/2875/2561 3767/5424/4171
f 4554/1978/968 4653/1977/1830 3906/2479/2238
f 1749/7119/2474 1878/3006/2665 677/4311/1019
f 2870/7189/3837 4111/7188/4788 4101/7599/4783
f 1861/4547/2638 2395/582/565 2397/7600/2639
f 4611/7601/4860 3320/5615/4253 4380/6403/1102
f 4057/7070/4761 2849/4736/3815 3715/5126/4029
f 1237/1953/1811 4131/3021/2673 4077/7115/4770
f 2134/2964/2631 2358/3853/236 1855/2965/2632
f 2836/7602/3798 552/751/723 480/750/722
f 1376/2177/1996 3687/6330/4524 3503/5970/4395
f 2654/3482/2985 1216/1923/1784 2798/4640/3759
f 846/7603/1271 4299/7604/2946 4426/7605/4861
f 3413/5811/4329 3557/6076/4433 1602/2547/2295
f 3240/7606/4185 974/7383/1452 4248/7489/2958
f 839/1335/1264 2227/3866/3089 1793/2854/2543
f 707/1117/1065 1992/3192/2789 3597/6150/4466
f 3669/6294/4512 3854/7607/4637 3853/589/572
f 4129/7220/220 4300/7608/2250 4128/7219/4795
f 1399/2215/2026 2185/1688/1572 1924/3082/2207
f 4301/7609/3831 3938/6828/4689 3206/4259/3516
f 678/1070/1020 4216/7610/434 100/4091/146
f 4402/265/252 169/264/251 2084/3367/2907
f 3073/5161/2909 4525/6035/4421 243/380/367
f 884/7256/1332 3219/5414/4165 3992/7611/4518
f 4423/657/635 3465/656/634 2114/3413/2683
f 4302/7612/1746 2547/4199/3108 1957/3139/2752
f 3866/4615/3740 2785/4617/3742 4259/7511/1138
f 387/612/593 2821/4678/3783 203/613/305
f 932/4646/1392 934/7613/1394 2596/730/707
f 3555/6074/4432 3120/1816/1687 2242/7614/3107
f 969/1540/870 4303/7615/872 970/1541/1446
f 1780/2827/2519 468/723/700 3173/5337/4137
f 1355/2149/1974 2954/4926/3925 1353/2147/1764
f 786/1255/1192 2505/4130/3425 787/1256/1193
f 2031/3265/2840 3407/5798/2308 1612/1575/1476
f 3805/1013/970 3753/6460/4566 4387/3602/3071
f 2199/3566/167 2073/3565/2891 1653/7616/168
f 1124/1782/1657 1825/2911/2592 254/395/380
f 4492/7617/3523 1156/1827/1698 4235/7447/3524
f 1419/5874/2059 3355/5694/4281 1601/2546/2294
f 4304/7618/838 2257/3685/3133 1990/6115/2788
f 2744/5062/3691 2647/7619/3596 279/434/419
f 1871/2987/2652 1419/2252/2059 3451/2251/2058
f 2405/3931/3299 2825/7620/3787 618/959/919
f 4234/7442/4842 2957/4934/3931 925/1470/1385
f 1438/2287/1044 1440/2289/2086 2874/5620/3841
f 1403/2223/2033 1522/2415/2189 2881/4799/3848
f 3438/5857/4346 517/5856/773 4482/7621/4862
f 3827/2593/2332 1705/2704/1230 1706/2706/2420
f 4206/7378/3590 1370/2169/1988 3110/5236/4084
f 3735/4627/3748 1497/2380/1795 829/1322/1253
f 4184/7622/1820 4305/7623/4840 1503/7624/2164
f 4882/7625/1908 2842/4715/3804 4883/3073/2709
f 4464/7221/4105 3893/384/371 3462/7626/4364
f 584/905/867 1529/7627/2199 585/906/868
f 1995/3196/2791 4679/7052/4757 3800/6550/3082
f 2402/3927/3296 3202/5387/464 143/222/209
f 1264/2002/1854 2617/4323/3556 2619/4325/3558
f 1180/1863/1731 4306/7628/4168 3999/6951/4723
f 2714/6486/3664 1717/2723/1195 888/2724/1336
f 725/1154/1098 1308/2068/1905 1214/1919/1781
f 570/886/852 630/976/934 802/887/853
f 2115/3414/2942 3465/656/634 1707/2707/2421
f 3474/3635/3097 4794/4415/3613 4546/3636/3098
f 3356/5695/2716 44/80/76 2237/3642/3103
f 3007/5028/3984 3675/2243/2050 3395/5780/4315
f 2727/4517/3676 624/967/927 623/966/926
f 2062/3313/2877 556/860/828 558/862/830
f 4131/7225/2673 3505/5972/4397 3506/5973/4398
f 3250/5474/739 492/7629/738 2968/5475/3944
f 3811/6571/4612 3834/6609/4624 3966/6882/4704
f 2340/3821/3229 2342/3823/3231 4220/6144/1718
f 3787/5156/4046 705/1115/1063 964/1532/1438
f 2839/4131/3426 3323/4133/3428 2375/7630/3266
f 3882/6698/2180 654/1023/980 653/1022/979
f 2853/4511/153 1605/2551/2299 4307/7631/4646
f 3211/5402/4158 2895/4818/3862 3212/5403/4159
f 1979/3173/2776 755/4763/1145 4308/7632/1147
f 4706/4635/2349 4309/7633/4663 2793/4633/3753
f 3733/4298/3539 4232/7439/4607 3591/6136/4457
f 884/7256/1332 294/464/449 3219/5414/4165
f 1372/2172/1991 1374/2174/1993 4082/7634/4771
f 3753/6460/4566 3752/6459/4565 1864/7635/2642
f 3268/5510/4211 2418/7636/3313 3269/5511/4212
f 572/889/855 571/888/854 2018/7637/2829
f 4799/1657/1547 4604/4351/3572 3234/7638/4180
f 4747/978/936 3483/5934/4378 632/979/937
f 3215/5406/4161 2661/4404/3607 3263/2851/2540
f 444/696/673 2628/4342/3568 371/591/574
f 1599/2542/2291 2985/4017/3356 4310/7639/3718
f 1677/4101/2384 1888/3019/2671 4705/7640/4863
f 274/7641/413 2728/4519/2841 272/4521/411
f 4311/7642/2194 2686/4449/3631 3729/7643/4556
f 4312/7644/4799 3049/7645/4023 467/722/699
f 4269/7532/4082 158/245/232 4217/7399/4831
f 3592/6137/4458 3453/5887/4357 4134/7646/4797
f 4269/5233/4082 460/713/690 3107/5231/4080
f 4406/7647/4538 1413/2238/2048 2731/2237/2047
f 3033/5078/268 3829/6601/270 3034/5079/4007
f 2279/5837/3158 781/1247/1185 780/1246/1184
f 713/1129/1075 3439/5859/1853 2005/3219/1855
f 3128/5663/4101 3341/5662/4267 4572/7648/4864
f 1478/2348/2120 1479/2350/2138 3423/5824/4335
f 2108/3403/2932 2485/4088/3403 717/1135/1081
f 1920/3076/2711 3766/7649/4573 4000/6953/4724
f 3499/7049/4392 139/5194/204 4050/7050/4756
f 3159/5320/4126 1378/2179/1998 3160/5321/4127
f 1159/1830/1701 2940/4901/3910 414/651/629
f 567/879/845 2592/881/847 1641/7650/2342
f 1577/7651/2257 1962/3145/1057 1964/3147/2757
f 3921/5719/3852 644/1001/959 2863/7652/3830
f 542/837/806 854/1354/1280 871/1380/1304
f 2864/4767/3832 1210/5215/1774 1885/5217/2668
f 2847/5082/3810 2616/5081/3554 3200/5381/84
f 2460/7585/3365 2315/3778/3197 2314/3777/3196
f 1199/4297/1752 1198/6305/1751 457/6304/687
f 1879/3007/2396 3077/5169/3967 1026/1630/1524
f 2503/4128/3423 3780/6516/4588 2504/4129/3424
f 4792/7653/4865 1590/2528/2279 1589/2527/2278
f 1606/2552/2300 4212/7393/2134 1607/2553/2301
f 4313/7654/4239 1044/7655/1548 4314/7656/2938
f 444/696/673 446/698/675 2628/4342/3568
f 1347/2137/1038 1346/2136/1963 3255/5482/3872
f 4081/4367/3584 3132/5276/4103 3260/5455/4184
f 1462/5853/2118 4315/7657/4866 1463/7658/2119
f 4051/6677/4648 4050/7659/4756 4760/557/541
f 4610/1102/1052 1658/2631/2361 696/1100/1050
f 3392/5924/4312 3002/3849/3249 2357/3851/3250
f 4109/3676/3127 34/7660/57 4316/7661/3478
f 1875/2997/1783 1093/1736/1616 3472/5914/3735
f 4768/4830/3870 2800/4645/3763 4767/2082/1916
f 4317/7662/4853 1304/4290/1898 4638/7663/4867
f 4788/7664/4868 4082/7127/4771 2399/3921/3292
f 1893/3026/2599 3958/7665/4210 1894/3027/2677
f 4318/7666/4869 1629/2589/2328 1628/2588/2327
f 224/348/335 3222/3892/3275 2658/7468/3605
f 1326/2106/1938 4494/6969/409 1327/2107/408
f 1929/7667/2721 4868/3227/2816 4462/5982/4402
f 1453/2309/2103 4324/1460/1375 917/1459/1374
f 2734/7668/3681 2044/3288/2857 2367/63/59
f 4245/7483/4847 4015/5727/4290 164/7484/242
f 1700/2698/2415 1701/2700/2416 2194/3552/3043
f 3738/6440/4560 2445/3993/3340 3739/6441/4561
f 2681/4211/3481 2551/4210/3480 4173/7669/900
f 2250/3667/1707 4319/7670/3929 2251/3668/3120
f 3222/3892/3275 2284/7671/3166 4240/7469/2735
f 617/958/918 3149/5303/4117 1983/3177/2780
f 3776/3050/2693 434/679/656 2405/7672/3299
f 4320/7673/4734 3625/6207/3396 4750/7674/3395
f 483/4953/727 4321/7675/4870 4322/7676/3921
f 225/351/338 2092/3379/32 4616/352/339
f 4323/7677/2520 4325/2526/2277 1590/2528/2279
f 2655/7678/393 4324/7679/1375 4610/1102/1052
f 2981/4975/3957 872/1382/1306 1597/2540/2289
f 4219/7680/3434 1634/2596/2335 4192/2598/2337
f 3298/5567/4234 4828/7681/4871 4874/4855/3882
f 354/564/547 4090/563/546 4238/3989/3339
f 3602/7682/3316 2629/7359/3570 2328/3801/3213
f 2765/4581/3717 4325/7683/2277 4323/2828/2520
f 1340/2127/1955 1339/2126/1954 4571/7684/4872
f 2702/4476/3649 2905/4841/3876 2906/4842/1433
f 1492/1419/1338 3480/7685/4374 890/1420/1339
f 1075/7686/1587 4728/7687/1589 4257/4838/3874
f 2311/3772/3192 4221/7409/4834 816/1300/1233
f 2617/4323/3556 1331/7063/1941 4517/7062/4759
f 749/1121/1069 710/1123/1071 2395/3917/565
f 4064/7089/4765 2974/995/953 433/678/655
f 4326/7688/2601 3525/6007/4412 4032/7017/4748
f 656/1025/982 809/1291/1224 808/1290/1223
f 2629/4345/3570 2338/3957/3225 4884/2990/2655
f 4694/930/890 600/929/471 310/1969/473
f 1146/1812/1683 2065/3317/2259 4327/7689/3805
f 2593/4281/3530 3012/6369/3988 1641/4279/2342
f 949/1503/1412 3424/5855/4337 3899/1504/1413
f 4328/7690/4226 3064/5144/4038 3063/5143/4040
f 2041/3282/2853 3229/5438/4178 4329/7691/4873
f 4788/7664/4868 2399/3921/3292 2398/3920/3291
f 851/1349/1275 1310/2074/1910 230/361/348
f 4254/7499/4849 4548/1836/1705 4020/6992/1920
f 390/618/598 335/538/522 3200/5381/84
f 2139/3466/2975 1045/1279/1214 4330/7692/933
f 2203/3573/3054 3273/5518/4215 3723/3574/3055
f 1363/2160/1980 1088/2159/1603 2495/7693/3415
f 1057/1677/1561 4331/7694/3349 2888/4811/3856
f 1057/1677/1561 2888/4811/3856 958/1520/1426
f 2805/4651/3768 3342/5664/2492 2806/4652/3769
f 4068/7097/4767 3013/5040/3989 1001/1598/1497
f 1080/1711/1593 205/322/309 204/321/308
f 968/1539/1445 2029/1949/1604 1905/3046/2691
f 182/288/275 2992/4997/2317 1616/2572/2313
f 3097/5208/4068 3447/5877/4354 3098/5209/4069
f 3751/7695/3128 1063/1685/1569 2522/4160/3446
f 2792/4630/3750 4332/7696/3844 3540/5685/4278
f 4225/7509/4836 2885/4807/3853 4440/5806/4327
f 2696/4464/3640 925/1470/1385 924/1469/1384
f 3458/5894/2510 3450/4850/3880 2084/3367/2907
f 1639/2491/1034 591/916/878 1640/915/877
f 3572/6100/4443 4333/7697/14 4334/7698/285
f 1885/6564/2668 1212/4327/1776 1470/2338/2128
f 163/253/240 4088/252/239 4009/6965/4730
f 2344/3828/3234 1868/5676/2649 2537/4179/3462
f 3783/6522/4590 3879/6183/4479 3897/6744/1210
f 2283/3733/3164 4335/7699/3045 4852/3734/3165
f 3845/6629/4631 2650/4387/3283 4336/7700/3282
f 2203/3573/3054 2748/4555/3697 3273/5518/4215
f 2151/3487/2990 1543/2445/2212 4522/2447/2214
f 748/1195/1137 709/7701/1070 749/1196/1069
f 2150/3486/2989 2414/3945/3311 1543/2445/2212
f 1445/2295/2091 1444/2294/2090 3681/6320/4520
f 4047/7046/4755 3857/6644/4639 570/886/852
f 1623/4989/2321 2990/4990/2181 4917/7702/4874
f 3473/5916/4371 2433/3975/3330 2070/3331/2886
f 2163/3504/3006 4337/7703/3620 4338/7704/1108
f 4681/7705/4376 2128/3436/2956 2384/3900/1635
f 2866/51/47 26/50/46 3006/5025/156
f 4339/7706/4574 3767/7707/4171 3501/5966/4393
f 264/5413/396 2589/7708/3528 4340/7709/2759
f 2068/3327/2882 2066/4829/2880 2034/3269/2844
f 4517/7062/4759 2618/4324/3557 2617/4323/3556
f 2097/3385/2919 2575/4251/3512 2098/3386/2920
f 2763/4579/3715 2765/4581/3717 367/584/567
f 2388/3904/3281 1176/7710/1725 4390/7711/3112
f 2781/4610/3737 3957/6870/4701 152/232/219
f 2520/4156/3443 2541/4186/3469 3573/6101/4444
f 1211/7712/1775 3364/7713/2995 2620/4328/2316
f 1638/2601/2340 4435/6934/912 4819/2602/2341
f 4294/7714/2830 4341/7715/3574 2667/7716/3615
f 4297/931/891 1172/1852/1721 1171/1851/1720
f 3641/6240/4497 3793/6539/4601 4559/6241/4498
f 3873/7717/2997 2844/4723/2405 2845/4725/3807
f 3834/6815/4624 221/345/332 220/344/331
f 1788/2845/2535 3208/5397/2228 3527/6009/3624
f 3816/7718/4616 1625/2584/2323 1624/2583/2322
f 359/569/552 1991/2771/2470 2497/4116/3419
f 3425/4837/3873 2564/4235/3497 1779/4979/2518
f 3705/6368/3980 1558/7719/2232 3012/5034/3988
f 1882/3011/388 2776/7720/3729 3292/3012/929
f 1263/4890/1851 4018/3632/3095 3353/3631/3094
f 1043/1656/1546 1044/1658/1548 4313/7721/4239
f 3462/5901/4364 851/1349/1275 2218/3614/3079
f 3651/6258/1221 2772/4590/3723 3330/5637/3926
f 4102/7173/4784 3235/5450/4181 2815/7174/3776
f 3941/6835/4690 2197/3559/3049 3050/5116/4024
f 4342/7722/4875 3252/7723/4194 4343/7724/4803
f 1197/7725/1628 2371/3875/3261 4344/7726/3391
f 1630/2591/2330 1197/1749/1628 4344/4072/3391
f 3380/5740/4297 3379/5739/4296 2737/4533/3684
f 814/7727/1231 1424/7728/2069 2398/3920/3291
f 353/561/545 364/576/559 755/4763/1145
f 3983/5754/4304 3386/5753/4303 3984/6728/4661
f 1241/1959/1817 2920/4863/3888 2919/4862/3887
f 2081/3359/2902 2080/3358/2901 2406/7729/3300
f 4345/7730/4002 2198/7731/3029 2429/3967/3324
f 3883/6699/4653 3882/6698/2180 4049/7048/2966
f 934/2260/1394 1423/2259/2066 1809/2879/2565
f 3531/6021/4415 3256/5483/4196 4097/7164/4782
f 2362/3857/3254 3125/5324/4099 2264/7732/3143
f 1872/2991/2656 3415/5814/4331 1536/6058/2208
f 4512/7733/3307 4346/7734/2736 4347/7735/1161
f 2099/3387/2921 281/436/421 1340/7736/1955
f 1717/1259/1195 1663/2641/2368 788/1257/1194
f 2965/4946/3734 4348/7737/4634 2966/4947/3942
f 1133/444/429 1859/7738/2636 284/445/430
f 850/1348/1274 232/363/350 2321/3789/3204
f 3106/5228/4079 3257/5487/4199 1907/5488/2696
f 3391/5775/4311 4327/7689/3805 2341/7739/3230
f 3247/1059/1009 4349/7740/2102 672/1060/1010
f 3862/6650/4642 211/332/319 212/334/321
f 3761/6474/4570 1562/6737/2237 3762/6475/3501
f 3305/4411/3610 4350/7741/4586 935/4410/1395
f 2387/3903/3280 1823/2908/2590 2220/3616/3081
f 1369/2168/1987 1047/1663/1550 1046/1662/1549
f 4812/1848/1717 2003/3217/2808 4351/7742/139
f 238/7743/359 769/1223/1162 1888/7143/2671
f 2257/3685/3133 3568/2561/2305 1609/2560/2304
f 579/7744/863 3084/5181/4060 4352/7745/862
f 4353/7746/4876 4025/7003/2846 4730/7747/1238
f 3171/5335/4135 936/1482/1396 1862/2974/2640
f 1853/2958/2626 4354/7748/4742 4495/7749/4674
f 2281/3730/3161 2057/3307/2871 3324/3309/2873
f 3683/7750/4522 720/1145/1090 4860/481/465
f 568/884/850 4166/6271/4504 3659/6272/4505
f 568/884/850 3659/6272/4505 1227/1937/1797
f 3856/6643/4638 4356/7751/4877 4926/7752/4549
f 992/1582/1483 576/894/859 1263/1999/1851
f 4625/3718/3155 1845/3717/2617 3384/5750/8
f 4864/7753/4118 3000/5016/3978 4869/4904/3913
f 4355/7754/2700 1912/1512/1420 1286/2029/1877
f 148/227/214 4057/7070/4761 160/247/234
f 3890/6713/4656 3019/5050/3992 582/902/866
f 4101/7599/4783 4100/7755/822 2870/7189/3837
f 3363/5709/4286 3301/5574/4238 4356/7756/4877
f 1511/6338/2172 518/802/774 2882/4800/3849
f 683/1077/1027 3622/1079/1029 1824/2909/2591
f 1935/3096/2726 2880/4184/3467 3991/6929/4718
f 3184/3860/1674 2363/3859/3255 2799/4644/3762
f 3507/2590/2329 1631/2592/2331 2478/4071/3390
f 2620/7757/2316 3346/7551/4273 2992/7552/2317
f 3760/6472/3037 3772/7758/4582 2174/7759/3020
f 1203/1898/1760 2642/4373/3589 1204/1899/1761
f 3718/7517/4546 3047/5110/4020 4357/7760/4547
f 2464/4039/3371 2595/4283/3532 2594/4282/3531
f 2953/4925/3924 3691/6719/4529 3951/6859/4698
f 4358/7761/4382 4359/7762/2963 4244/7763/4846
f 4360/7764/4533 1812/5572/2573 3362/5708/4285
f 4853/7765/4878 1137/7766/1673 3920/7342/4679
f 993/1586/1487 3032/5147/4006 3281/7767/4223
f 1325/2105/1937 1327/2107/408 4361/7768/1124
f 1325/2105/1937 4361/7768/1124 2997/5008/3974
f 4314/3409/2938 4461/2181/2000 1069/7769/1578
f 4314/7656/2938 1044/7655/1548 3234/7770/4180
f 4362/7771/1611 4899/7772/3387 4820/7773/2386
f 2424/3959/3319 3990/4559/3701 2752/4561/3703
f 135/211/198 3955/7774/4700 4655/7322/4817
f 2041/3282/2853 2125/3432/2953 2042/3283/2854
f 1838/2933/2606 1840/2935/2608 3713/6387/4542
f 4363/7775/3822 4364/7776/3821 33/7777/56
f 1539/2441/2210 4928/6309/4516 3678/6310/4517
f 4348/7737/4634 3959/1944/1804 2966/4947/3942
f 2910/5909/2381 1517/2404/2179 4365/7778/4087
f 3240/7028/4185 2549/4206/1453 974/7779/1452
f 1143/1809/1680 4935/6974/4733 1144/1810/1681
f 446/698/675 445/697/674 2624/4335/3562
f 1880/3009/2666 605/941/901 606/943/903
f 123/194/182 3183/5353/4142 3203/5388/4153
f 4276/6720/4658 3296/5565/4232 1569/2490/2247
f 1294/2043/3 614/955/915 4588/7780/5
f 4013/6979/4735 3789/6535/4598 3908/6534/4597
f 4366/7781/1172 3930/6806/4682 1288/2032/1880
f 2131/3443/2960 2905/4841/3876 2702/4476/3649
f 518/802/774 520/804/776 6/10/10
f 2188/3540/3032 791/1263/1199 793/1265/1201
f 3775/7507/4583 1835/1012/969 4769/7782/2141
f 4374/3670/3122 4367/7783/3548 3432/2917/2595
f 993/1586/1487 22/40/34 3066/5146/4041
f 3302/5575/20 860/5576/1289 861/6711/1291
f 2589/4275/3528 264/411/396 263/410/395
f 575/893/484 4842/386/373 247/385/372
f 3436/5851/4289 4368/7784/3659 4369/7785/4480
f 1771/2813/2508 3036/2812/2507 417/654/632
f 915/7786/1372 2638/7787/3585 1777/2824/2516
f 4448/1798/1669 2477/4104/1923 4370/7788/1922
f 2661/4404/3607 4352/897/862 1792/2852/2541
f 3457/5892/4361 4371/7789/3677 2727/5893/3676
f 3973/6895/1762 1092/1732/1613 1091/1731/1612
f 2023/3253/2835 2882/4800/3849 518/802/774
f 2334/3811/3219 1669/2650/2375 3189/5366/4145
f 3629/6214/4487 4350/7790/4586 3305/5586/3610
f 3774/6500/1968 4167/7294/4811 3458/2816/2510
f 4751/3416/2861 4153/7271/2385 4662/7273/4805
f 2503/4128/3423 3336/7791/4264 3780/6516/4588
f 2476/7792/3388 2723/4513/1323 1245/1971/1825
f 3104/5223/4077 1830/2922/2598 2574/4249/3510
f 1430/2274/2078 4224/6022/4416 241/6812/363
f 255/396/381 1372/2172/1991 2688/4452/3632
f 1067/1692/1576 2519/4155/3442 2758/1320/1251
f 2092/3379/32 4372/7793/31 2093/3380/2915
f 378/5273/584 383/608/589 3130/5274/1594
f 266/415/400 1522/7794/2189 3426/416/401
f 3904/6758/4669 2346/3357/2900 2081/3359/2902
f 4847/927/888 4309/6738/4663 598/926/887
f 343/546/530 4373/7795/4879 4374/7796/3122
f 3637/6228/4493 4698/2640/2367 2888/6229/3856
f 980/6211/1466 3261/5496/4203 3262/5497/4204
f 3524/6006/4411 1759/7797/2494 3078/7798/4052
f 1157/2861/1699 1797/2863/2550 2823/7799/3785
f 2340/7800/3229 3390/5774/4310 3391/5775/4311
f 3482/5933/4377 4375/7801/762 4905/7802/1216
f 1036/1647/1537 4037/7803/4751 4376/7804/4880
f 1873/5696/2657 2237/3642/3103 2690/4455/1362
f 4377/7805/4692 4378/7806/4881 3186/2822/2515
f 1910/3058/2699 4139/7243/4798 2662/7807/3608
f 1392/5044/2016 1391/7808/1490 760/5162/1151
f 1389/2196/2011 2724/4514/3673 4456/2197/2012
f 494/769/741 771/1228/1166 1996/3200/2795
f 3359/5703/4282 555/7038/827 1020/1624/1520
f 2331/7809/3216 4215/7397/2625 4214/7396/386
f 3925/6792/4680 1510/2395/2171 3937/6827/2664
f 3235/5450/4181 4532/7449/4843 2815/7174/3776
f 2941/4902/3911 610/947/907 415/652/630
f 1258/1992/1844 1364/2162/1981 3412/5810/4328
f 280/435/420 282/437/422 646/1006/963
f 492/766/738 3496/7810/4387 4379/7811/1929
f 2361/3856/3253 4380/7812/1102 4748/5323/4129
f 4660/7813/4762 3089/5186/4062 4188/7814/662
f 1089/1724/1605 1828/2916/2594 4790/2918/2596
f 4381/7815/4882 1442/2291/1062 4382/7816/1130
f 30/55/51 29/54/50 4034/615/595
f 4383/7817/3220 4384/7818/1887 1960/7819/2755
f 1615/2571/2312 2221/3618/3083 3325/7108/4255
f 2984/4980/3960 3425/5828/3873 2111/7820/2935
f 2635/4364/3581 4124/4234/3496 2563/4233/3495
f 1967/3153/2761 3818/6581/4618 3898/6745/4665
f 311/491/475 4917/7821/4874 652/1021/978
f 3544/6050/3040 1175/1855/1724 1174/1854/1723
f 4935/6974/4733 4220/7408/1718 4812/7822/1717
f 34/61/57 33/60/56 2550/4208/3479
f 4385/7823/3373 340/543/527 4386/7824/4883
f 1923/3081/2715 630/976/934 570/886/852
f 2006/3222/2811 827/7825/1248 2395/582/565
f 4465/3966/2748 2218/3614/3079 3230/5439/2749
f 4498/1917/1779 2466/2373/2156 2468/7826/3374
f 2454/7827/3352 3039/5090/4013 2908/4845/3877
f 3457/5892/4361 1105/1760/1637 2419/3950/3314
f 2767/4584/3719 1958/3141/2753 3934/6819/4685
f 4387/7828/3071 1864/2976/2642 2656/4394/3603
f 2996/5007/3973 527/811/783 529/813/785
f 1008/1611/1508 2697/4465/3641 2809/4659/3772
f 4922/4105/3412 4388/7829/4470 4389/7830/2379
f 628/973/931 539/830/799 538/829/798
f 3001/5018/3979 3002/5020/3249 3392/5776/4312
f 3508/4326/1305 3599/6154/4468 2120/3427/2949
f 1928/3087/2719 1056/739/714 4390/7831/3112
f 2094/3382/2916 2997/5188/3974 2095/3383/2917
f 4043/7832/1463 1700/2698/2415 197/309/296
f 2640/7833/3587 3674/6303/4071 4002/7834/2477
f 918/1462/1377 920/1464/1379 1375/2176/1995
f 259/404/389 3763/6477/4571 260/405/390
f 1728/2746/2450 2540/7144/3466 3534/3408/2937
f 2762/4578/3714 2761/4577/3713 4773/880/846
f 3932/4232/3494 4391/7835/365 4392/7836/4225
f 1704/3324/2419 1753/3326/2484 2666/4417/3614
f 3617/6198/2855 694/1097/1047 3669/7837/4512
f 4638/7838/4867 1304/2058/1898 1195/1885/1749
f 1772/2814/922 1771/2813/2508 620/6034/923
f 1366/2165/1984 4303/7839/872 2052/7840/2865
f 1192/1879/1744 577/895/860 576/894/859
f 4918/7453/2533 3624/3697/3141 3351/5687/4279
f 3403/5791/4321 3402/5790/4320 4393/7841/4884
f 2353/3845/3245 1043/1656/1546 3964/7842/4287
f 4424/1311/1243 824/1313/1245 1055/3654/1560
f 4406/7647/4538 1552/2461/2223 1413/2238/2048
f 3411/5805/4326 1348/2138/1964 4440/5806/4327
f 131/207/194 1629/2589/2328 4318/7666/4869
f 37/67/63 3717/6547/4545 3546/6060/4427
f 114/181/170 2936/4962/3907 580/7843/864
f 2469/4049/3377 3805/6561/970 3775/6503/4583
f 4151/4135/2867 860/1364/1289 599/928/889
f 872/1382/1306 873/1384/1308 1597/2540/2289
f 125/196/184 2126/7844/1049 126/197/185
f 1495/2376/2157 1494/2375/943 4023/6997/4741
f 3951/7845/4698 3692/7846/4170 4476/7847/1614
f 799/1276/1212 2397/3919/2639 2396/3918/3290
f 3342/4917/2492 2871/4779/2491 1974/3165/2770
f 988/1576/1477 4704/6494/4579 3210/7848/4157
f 1992/3192/2789 707/1117/1065 3791/6537/4599
f 4413/3202/2797 4582/3204/2799 531/7849/790
f 4758/883/849 4166/6271/4504 568/884/850
f 632/979/937 2183/3534/3030 466/721/698
f 1776/4121/757 505/7850/756 4394/7851/2976
f 1776/4121/757 4394/7851/2976 2500/4122/3421
f 4213/402/387 4552/2220/2030 2443/3988/3338
f 2117/3417/2944 4395/7852/2983 4814/3418/2945
f 2999/5012/3976 2515/4149/3438 2829/4694/3794
f 4919/414/399 265/413/398 1648/2616/2350
f 793/1265/1201 3841/6617/4629 2543/4191/3471
f 2563/4233/3495 2266/3702/3144 2265/3701/2302
f 2216/3611/3076 2753/4562/3704 1278/2020/1871
f 4396/7853/3476 4402/265/252 3624/3697/3141
f 4700/6851/3889 4397/7854/3808 3948/6852/4591
f 4398/7855/1499 1531/2430/2201 3136/5283/4106
f 3600/6155/4469 2658/4400/3605 4240/6156/2735
f 3326/5630/4256 4183/7325/4820 3190/5367/4146
f 3182/5352/2929 1281/2024/503 1283/2026/1874
f 4807/7856/3560 3816/7718/4616 1624/2583/2322
f 1760/2798/2495 737/1178/1121 1427/2799/2072
f 3374/7857/3148 3373/7858/4291 3721/6413/4550
f 4822/6223/4491 1680/6222/2388 3258/7859/4201
f 3707/6374/3791 3759/2979/2645 4266/7528/4852
f 2838/5809/3800 2928/4884/3647 1258/1992/1844
f 1643/5155/2344 4399/7860/4885 2962/4943/3939
f 3071/5153/4045 1643/5155/2344 2962/4943/3939
f 4030/7015/4746 4016/7861/4737 4018/3632/3095
f 672/1060/1010 4349/7740/2102 4400/7862/4206
f 4728/7687/1589 2904/4839/1358 4257/4838/3874
f 1321/2100/1932 4401/7863/4886 2703/6360/3650
f 2300/3758/3182 4402/7864/252 4396/4200/3476
f 2074/3343/2893 4437/3342/2892 4038/7031/4752
f 2964/4945/3941 1063/7865/1569 3751/6458/3128
f 3962/5705/4283 4403/7866/4887 3360/5706/1030
f 1220/1927/1788 1808/2878/2564 3551/7867/4429
f 3068/5149/4042 2459/7868/3362 3317/7463/4252
f 4273/7869/1177 3025/5061/3064 2951/4921/3922
f 1701/2700/2416 87/138/128 2194/3552/3043
f 1854/2960/2628 190/301/288 3649/2961/2629
f 246/2072/370 1310/2074/1910 3462/5901/4364
f 3727/3878/3263 4404/7870/4888 2373/3879/3264
f 2450/4004/3284 4405/7871/4744 1743/2769/2468
f 4721/4307/3545 4190/7350/4824 2624/7872/3562
f 4072/7317/4769 3385/7873/4302 3983/6911/4304
f 3016/5045/3991 4406/7874/4538 1392/5044/2016
f 4253/3581/3061 3653/7875/642 2206/3579/3059
f 3138/7876/4109 469/725/702 3446/6732/4353
f 2077/3349/2896 4140/3348/2895 3376/5735/4293
f 4451/6798/3679 2731/2237/2047 1412/2236/2046
f 4407/7877/2281 4408/7878/2143 1680/2666/2388
f 1838/2933/2606 3713/6387/4542 2705/7879/3652
f 2350/3839/3240 2349/3838/3239 127/199/187
f 3234/5449/4180 4251/7417/4835 3235/5450/4181
f 1165/1842/1711 1805/2873/2560 1166/1843/1712
f 4328/5540/4226 3758/6469/2712 1332/2113/1942
f 3917/7880/4675 956/1516/1423 4195/1410/1331
f 2291/3746/44 1941/3745/2732 758/2155/1148
f 4808/5485/4198 4409/7881/4366 3564/7882/3897
f 3609/7883/4478 3753/6460/4566 3805/1013/970
f 2640/7833/3587 3673/6301/1884 3674/6303/4071
f 3444/5873/2057 1601/2546/2294 1529/2428/2199
f 1184/1869/1736 3707/4689/3791 1185/1870/729
f 2182/1797/1668 4410/7884/1430 4411/7885/4889
f 783/1249/342 784/1251/1188 2134/7886/2631
f 4778/312/299 3962/6878/4283 3361/7887/4284
f 1323/2102/1934 4761/7888/4890 1324/2103/1935
f 1264/2002/1854 2619/4325/3558 2005/2003/1855
f 4140/7245/2895 1120/1776/1653 631/7889/935
f 1643/5155/2344 276/430/415 4399/7860/4885
f 2796/4638/3757 3594/6139/4460 2797/4639/3758
f 3002/5020/3249 3705/5019/3980 3165/7890/4131
f 2800/4645/3763 481/4831/725 932/4646/1392
f 2192/3550/3041 4412/7891/2798 4413/7892/2797
f 3692/6577/4170 2169/3512/3013 2151/3487/2990
f 1984/7893/1903 3316/1517/1424 1985/5024/2781
f 2566/4237/3499 3409/5802/766 2533/5827/3459
f 337/540/524 226/354/341 3017/353/340
f 4414/7894/4339 2949/4915/3919 858/1362/1287
f 1805/2873/2560 4152/3796/3208 3922/2175/1994
f 4379/4664/1929 2813/4665/3773 1320/4189/1930
f 1718/4972/2433 2246/5203/3113 2979/4973/3956
f 1555/2465/2227 3795/2464/2226 3172/7895/4136
f 4415/7896/4891 3075/5164/4049 3074/5163/4048
f 4422/1261/1197 3185/6036/4143 2025/6038/2836
f 3672/5074/4003 3417/5817/4332 3030/5075/4004
f 2554/7897/3483 2553/7898/2028 172/270/257
f 1996/3200/2795 2205/3199/2794 3460/5898/4362
f 4813/2326/2117 4094/2325/2116 4416/7899/4892
f 2650/4387/3283 3845/6629/4631 2651/4388/3600
f 4417/7900/4053 2637/4366/3583 4081/4367/3584
f 2426/3963/3322 732/1170/1113 4889/2949/2620
f 3098/5209/4069 3447/5877/4354 4485/7901/4760
f 3602/3955/3316 2338/3957/3225 2629/4345/3570
f 1259/1993/1845 1260/1994/1846 4784/7902/250
f 2848/4734/3813 4011/603/186 380/605/586
f 2885/4807/3853 3175/5340/4139 4440/5806/4327
f 4418/7903/436 626/158/147 100/157/146
f 3855/6642/712 2648/4385/3598 141/6542/207
f 3478/4047/3375 3775/6503/4583 4250/7904/2142
f 275/429/414 4399/7860/4885 276/430/415
f 4621/6628/4384 1078/1709/1591 1810/2881/2567
f 4386/7824/4883 340/543/527 339/542/526
f 291/458/443 293/460/445 3952/1142/1087
f 662/1035/991 1787/2844/2534 173/271/258
f 827/7905/1248 3745/7906/2826 749/6670/1069
f 2569/4243/3504 3358/5551/4228 2570/4244/3505
f 2831/4696/3796 2830/4695/3795 805/1285/1218
f 4886/6941/2731 1513/2398/2174 4118/7201/3329
f 3886/693/670 3915/5500/2542 4419/7907/2706
f 501/778/750 2241/780/752 2581/4262/3518
f 4264/7908/4851 4875/7909/2782 3569/7910/3761
f 3259/7911/4202 4342/7722/4875 4533/7912/4893
f 4536/6405/4548 1448/2300/2095 989/1577/1478
f 1151/1822/1693 1153/1824/1695 1567/2486/2244
f 2186/3538/1972 883/1408/1329 2934/4893/3905
f 1675/4849/2382 2911/4848/3879 4365/5240/4087
f 254/395/380 684/2910/1031 686/5861/1033
f 4637/7913/4894 4317/7536/4853 4638/7914/4867
f 3412/5810/4328 1364/2162/1981 3557/6076/4433
f 4377/7805/4692 506/7915/758 4378/7806/4881
f 892/3607/1342 4128/7219/4795 2545/4195/3473
f 2374/3880/3265 4892/7916/4659 3727/3878/3263
f 467/722/699 1635/2597/2336 3443/5872/4351
f 4617/6336/4527 648/1010/967 4878/1009/966
f 3584/4226/3489 3574/1778/1163 3264/7917/3269
f 4420/7918/4895 2706/5731/3653 4421/7919/4214
f 221/345/332 1932/7920/810 1313/2080/1915
f 591/916/878 1639/2491/1034 3927/6797/4681
f 2208/3585/3063 4169/6322/4521 3683/6324/4522
f 904/1444/1360 4242/7475/4844 4254/7499/4849
f 1953/3130/2744 930/1475/1389 3343/7921/4268
f 4929/7922/3170 1973/3162/2767 3244/6001/4188
f 2256/3684/3132 4189/7153/4778 3568/2561/2305
f 1155/1826/1697 551/850/819 1156/1827/1698
f 4849/7300/2635 1829/7923/2597 1538/2440/2209
f 3086/5183/4030 3816/6578/4616 3087/5184/4061
f 2526/7924/3451 1458/2317/2110 4779/5080/2964
f 640/997/955 4422/7925/1197 2025/5595/2836
f 2391/3910/3287 2665/7926/3612 1877/3911/2663
f 21/39/35 20/38/36 1919/1585/1486
f 4526/3983/3334 2576/4252/3513 3431/5841/4341
f 1608/1698/1582 3880/7927/4651 1072/1699/1583
f 2444/3991/3210 2517/4152/3440 2156/4154/2996
f 208/325/312 1342/2129/1957 4598/911/873
f 3551/7867/4429 2006/7928/2811 1220/1927/1788
f 3748/6453/1310 1073/1700/1584 1617/2573/1311
f 1389/2196/2011 2223/3620/3085 2724/4514/3673
f 2804/7929/3767 4423/7930/635 406/7931/620
f 3938/6828/4689 1192/7932/1744 3939/6829/71
f 4524/1253/1190 2153/3489/2992 2634/1254/1191
f 4871/6215/3565 3133/5277/4104 2037/5278/2850
f 3955/6867/4700 3954/6866/4699 4424/7933/1243
f 2176/3465/2974 3089/6499/4062 745/1191/1133
f 2625/4416/3563 4794/4415/3613 2624/7934/3562
f 429/671/648 4108/7185/4787 3824/6595/4619
f 2203/3573/3054 491/764/736 4458/4556/3698
f 1881/2694/2411 4425/7935/4426 3547/2679/2399
f 4299/3419/2946 46/82/78 4426/7936/4861
f 824/1313/1245 3652/6259/1220 973/3655/1451
f 4427/7937/4896 4428/7938/2530 4735/3818/3226
f 4429/7939/623 1926/3893/2717 1925/7940/624
f 4342/7722/4875 3851/7941/4636 3251/7942/4193
f 4430/7943/3194 2313/637/617 403/636/616
f 4163/7288/4057 2330/3804/3214 4509/442/427
f 1235/1950/1808 787/1256/1193 1986/1815/1686
f 2212/2563/2306 1708/2709/2423 868/1377/1302
f 3265/5504/4207 917/1459/1374 4897/1461/1376
f 615/956/916 688/1087/1037 1893/7944/2599
f 4420/7918/4895 4421/7919/4214 4601/7945/4897
f 4882/7946/1908 1443/2292/2088 2841/7947/3803
f 1250/7385/1834 3225/7948/2928 3699/7949/4535
f 240/735/362 3855/737/712 3631/6217/4489
f 4339/7950/4574 2423/6926/3318 4875/7951/2782
f 1317/2090/1924 4420/7918/4895 1318/2091/1925
f 1861/4547/2638 192/304/291 2395/582/565
f 2228/3626/3090 944/6084/1406 2229/3627/1408
f 3907/7952/1690 3810/6570/4611 3908/6534/4597
f 1678/2664/2387 1680/2666/2388 3476/5670/4271
f 3012/5034/3988 1558/7719/2232 687/5035/1035
f 4546/3636/3098 2625/4416/3563 4472/7953/2266
f 1625/2584/2323 658/5848/169 1626/2585/2324
f 2467/7954/1340 4693/1612/1509 3238/7505/4183
f 3575/6106/4446 4014/6981/4736 794/6980/1203
f 138/215/202 4431/7955/4898 3082/5176/4056
f 1351/2144/1970 2186/2146/1972 1491/2370/2154
f 4676/3410/2939 4102/7173/4784 2148/3484/2987
f 3146/5298/4114 3191/5368/4147 2503/6386/3423
f 3476/5921/4271 3634/2524/2275 2154/3490/2993
f 11/21/21 4681/5932/4376 2161/3500/3003
f 750/1198/1139 3244/5461/4188 751/1199/1140
f 3150/744/718 2038/320/307 205/322/309
f 4902/4773/3834 1585/5886/2271 1099/1746/1625
f 2495/4117/3415 2497/4116/3419 1991/2771/2470
f 2254/6395/3125 2852/1043/192 664/1042/996
f 3943/7956/1927 2319/2815/2509 2931/6353/3903
f 4432/7957/1111 3926/2504/1110 1577/2503/2257
f 4433/7958/4899 2410/3938/3306 2743/7959/3690
f 2992/4997/2317 480/750/722 1616/2572/2313
f 3695/7960/4531 3979/7433/4712 3598/6153/4467
f 2935/4894/3906 3669/7961/4512 125/196/184
f 4434/7962/2745 4620/2642/2369 2926/4874/3894
f 319/508/492 321/510/494 565/876/842
f 2269/3709/3150 4819/3723/2341 4435/7963/912
f 3309/4420/3616 1003/504/488 2680/4443/3628
f 664/1042/996 249/6384/374 4436/7964/2298
f 1478/2348/2120 3423/5824/4335 3424/5826/4337
f 3948/6852/4591 3285/7965/336 3818/6581/4618
f 4620/2642/2369 3344/5666/4269 789/1258/516
f 4238/7461/3339 4169/6322/4521 2208/3585/3063
f 3507/2590/2329 2991/7966/3966 4851/7967/3965
f 3899/6749/1413 3420/5820/4334 3419/5819/1414
f 4437/7968/2892 3757/7969/3406 1818/2897/2580
f 692/1092/1042 4438/7970/1999 4439/7971/1324
f 2121/3428/2688 4136/1003/960 763/1216/1155
f 4906/996/954 2974/995/953 4236/7972/3949
f 1454/4261/2105 4824/7973/4683 3670/7974/3971
f 4440/7975/4327 1348/6968/1964 1326/2106/1938
f 491/764/736 2203/3573/3054 2202/3572/3053
f 4441/7976/1105 728/3003/1104 4119/7202/4793
f 463/718/695 236/368/355 3850/6635/4635
f 2178/3528/3026 4063/3527/3025 4442/7977/3367
f 4274/7543/3276 4774/2880/2566 4443/7978/4577
f 1452/1893/1755 1460/7979/1295 3297/5566/4233
f 1934/3094/2724 3662/6283/4507 1681/2668/2390
f 1084/1717/1599 261/7980/391 1085/1718/1600
f 2055/3304/2870 2056/3306/2730 4355/7981/2700
f 664/1042/996 2853/4743/153 96/4742/140
f 789/532/516 334/534/518 1717/2723/1195
f 3254/5480/4195 2273/7982/3153 368/586/569
f 4806/1744/1623 4444/7983/2325 4445/7984/692
f 2192/3550/3041 3544/3549/3040 4412/7891/2798
f 447/699/676 449/701/678 4066/2302/2097
f 791/1263/1199 2827/4690/3792 1059/1679/1563
f 3397/5091/1912 4587/3025/2676 2319/3786/2509
f 669/7985/1000 2351/7986/3241 4142/7250/1001
f 1053/1672/1558 3626/6208/4485 4446/7987/1485
f 1363/2160/1980 2495/7693/3415 4447/7988/3836
f 4370/4788/1922 3989/6925/4717 4448/7989/1669
f 4371/4518/3677 1645/2609/2346 624/967/927
f 2659/4401/3606 2658/4400/3605 4460/5912/486
f 4449/7990/3728 3905/6759/4670 2775/6887/3726
f 4620/2642/2369 1953/7991/2744 3343/5665/4268
f 123/194/182 122/193/181 3182/5352/2929
f 3223/5420/4169 4115/7194/1355 3530/5959/4388
f 4450/7992/4900 1426/2797/2071 2018/7993/2829
f 2255/3681/3130 352/560/544 4612/559/543
f 1464/6787/2121 2599/4293/3536 3455/5889/4358
f 734/1637/1115 4451/7994/3679 1029/1635/1528
f 3647/6251/4502 1147/6250/1684 4452/7995/99
f 3040/5093/4014 3041/5095/4016 2273/3713/3153
f 2451/4005/3347 3040/5093/4014 2273/3713/3153
f 2748/7996/3697 3474/3635/3097 2232/3634/3096
f 2359/3854/3251 1397/2209/2021 539/830/799
f 4433/7997/4899 360/5105/554 1019/7998/1519
f 1467/2334/2124 3560/6080/3963 2179/3529/3027
f 4420/7999/4895 972/1547/1450 2706/4481/3653
f 2925/2684/2403 2098/3386/2920 2926/8000/3894
f 1856/7299/2633 1538/2440/2209 1511/2396/2172
f 3656/3844/3244 3655/3914/3289 1527/2425/2197
f 4899/8001/3387 2475/3814/3222 4453/8002/3593
f 1891/3023/2675 4777/8003/4555 1892/3024/1250
f 4454/8004/4901 3777/6509/4585 4290/7583/3639
f 3525/6007/4412 4326/7688/2601 3746/2412/2186
f 3731/8005/1330 2294/3750/3176 2637/4366/3583
f 3295/8006/3850 4455/8007/4236 3953/8008/4231
f 2806/4652/3769 2780/8009/3736 152/7203/219
f 1884/3015/42 1644/2608/2345 4041/4397/2027
f 4115/7194/1355 3223/5420/4169 308/485/469
f 3401/6776/4319 168/262/249 167/261/248
f 1096/7329/1618 812/1295/1228 4456/8010/2012
f 4913/8011/4015 3872/6672/1931 3041/6671/4016
f 1970/3156/2764 1833/2927/2602 1834/2928/2603
f 440/8012/666 856/2422/1284 1524/2421/2195
f 4045/8013/4688 4457/8014/4754 514/2116/769
f 2286/8015/3168 3135/5281/3932 3134/5280/3866
f 353/561/545 755/4763/1145 1979/3173/2776
f 435/680/657 1414/2239/1164 436/681/658
f 3300/6284/4237 2498/4118/1847 1261/8016/1849
f 683/1077/1027 1824/2909/2591 2387/3903/3280
f 4547/7541/3801 4458/8017/3698 4191/7353/4826
f 3242/5459/4187 4459/8018/4902 3999/6951/4723
f 1567/2486/2244 3487/5944/4381 1151/1822/1693
f 2747/4554/3696 285/448/433 1650/2620/2353
f 1808/2878/2564 2462/4030/3368 3551/7867/4429
f 3840/6616/4628 3226/6288/4174 478/746/720
f 668/1049/999 4142/1051/1001 3565/6087/4437
f 703/8019/1059 610/947/907 612/949/909
f 1998/3205/1092 2000/3207/2800 2433/3975/3330
f 269/420/405 373/593/576 372/592/575
f 4460/8020/486 3252/8021/4194 2191/3547/3039
f 1069/1694/1578 4461/8022/2000 4438/3360/1999
f 1741/2767/2467 584/905/867 1116/1771/1648
f 2488/4094/3407 2214/3609/3074 2489/4095/3408
f 2923/4868/2818 3637/6228/4493 4331/4869/3349
f 47/83/79 4867/3819/3227 45/81/77
f 4276/7454/4658 2856/8023/3820 1968/3154/2762
f 3340/8024/2810 1784/8025/2528 4462/8026/4402
f 604/938/898 2551/8027/3480 3848/8028/4633
f 1702/2701/2417 2632/5498/3576 1735/2758/2462
f 2729/4520/3678 2728/4519/2841 4483/6230/4494
f 309/488/472 121/1360/179 4463/8029/4476
f 3518/5996/4408 3520/5998/3200 3267/5508/4209
f 4464/8030/4105 2428/8031/3323 4465/8032/2748
f 1690/2682/2401 3647/6251/4502 2777/4601/3731
f 702/1109/1058 3786/6530/4596 955/1515/1422
f 3318/2782/2480 421/662/639 423/664/641
f 1684/2671/2393 1807/2876/2562 3877/4018/3357
f 2240/3646/3106 1216/7056/1784 2653/4390/3602
f 3799/2532/2283 1005/1605/1502 3095/5204/3115
f 328/522/506 2582/521/505 4031/7016/4747
f 2814/4667/3775 2864/4767/3832 4466/8033/1307
f 2553/4213/2028 2814/4667/3775 4466/8033/1307
f 1921/3079/2713 3758/3078/2712 4328/7690/4226
f 83/131/123 84/133/125 1034/1644/1534
f 254/395/380 1825/2911/2592 684/2910/1031
f 2318/3785/3202 1033/1643/1533 3613/6179/4272
f 2535/2747/2451 3271/5516/1989 2921/8034/3890
f 2957/4934/3931 2956/4933/3930 926/1471/1386
f 1235/1950/1808 1988/2301/2096 449/701/678
f 4467/8035/33 21/3077/35 2963/7581/3940
f 135/211/198 3953/5564/4231 3955/7774/4700
f 2420/3951/3315 2387/3903/3280 1267/2007/1858
f 4113/7191/4790 4112/7190/4789 1111/1766/1643
f 3379/5739/4296 1328/2108/1939 1190/1877/1743
f 4468/8036/2150 4671/3330/2885 3142/5369/4112
f 1436/1861/1122 3719/2559/1767 1977/1862/1730
f 4469/8037/1609 4362/2662/1611 4153/2661/2385
f 651/1020/977 1236/1951/1809 563/874/840
f 18/1209/28 3819/6585/3389 2932/8038/2725
f 1423/2259/2066 4470/8039/4414 4774/2880/2566
f 3293/6318/4230 2263/6724/3140 3680/6319/2009
f 2290/3744/3173 2291/3746/44 4715/8040/43
f 2246/5203/3113 4471/8041/4903 2979/4973/3956
f 1721/2732/2438 3421/3608/3073 2215/3610/3075
f 4472/8042/2266 445/697/674 444/696/673
f 2105/3394/2927 1697/2695/2412 3073/3371/2909
f 946/1498/1409 3246/6184/2881 3245/6760/4189
f 2876/4786/3842 4866/5598/4246 3313/5600/4248
f 653/8043/979 2990/2406/2181 3882/2405/2180
f 491/764/736 2202/3572/3053 2812/765/737
f 152/232/219 3957/6870/4701 4129/233/220
f 3200/5381/84 2616/5081/3554 91/8044/133
f 3379/5739/4296 4295/7591/4859 3383/5746/3789
f 4604/7493/3572 4251/7495/4835 3234/8045/4180
f 3847/6631/4632 1474/2342/2131 604/938/898
f 1217/1924/1785 3096/8046/1590 1079/6487/1592
f 4473/8047/4693 4753/3506/3008 2165/3508/3009
f 3959/6874/1804 697/1101/1051 1547/2453/2217
f 1334/2115/1944 4474/8048/3609 4045/8013/4688
f 931/4536/1391 2739/4535/3686 3798/6545/4603
f 2961/4942/3206 2323/2198/2013 1895/3028/2678
f 58/97/93 3765/8049/4572 56/95/91
f 234/1347/353 4135/7232/352 291/458/443
f 319/508/492 2736/4532/3683 320/509/493
f 4201/7369/4827 1710/2712/2108 245/382/369
f 3766/7649/4573 1891/3023/2675 1890/3022/2674
f 3886/693/670 3214/695/672 3915/5500/2542
f 3586/1571/1473 2519/4155/3442 986/1572/1474
f 233/8050/351 3706/6370/4537 3593/6372/4459
f 3704/2402/2178 1541/8051/490 1142/2403/1679
f 3855/8052/712 141/8053/207 3631/8054/4489
f 4378/7806/4881 1776/2823/757 3186/2822/2515
f 3477/6260/4372 920/1464/1379 2318/3785/3202
f 2061/7480/2876 3871/6668/4645 4077/7115/4770
f 3967/8055/4705 3777/6509/4585 3757/4093/3406
f 3807/4760/3826 380/605/586 4475/8056/4904
f 2613/4314/3550 2612/4313/3549 3310/5593/4244
f 3779/8057/4587 936/1482/1396 935/1481/1395
f 3014/4329/3559 3013/8058/3989 4067/8059/4766
f 4229/7431/4838 2597/4288/3535 4317/7662/4853
f 3564/4877/3897 3029/4876/3896 3207/5396/4156
f 1251/1983/1835 1225/1934/1794 1224/1933/1793
f 1795/8060/1367 910/5553/1366 3478/4047/3375
f 4476/8061/1614 1732/8062/2456 2788/8063/3746
f 2782/3613/3078 1280/1833/1702 1587/2522/2274
f 3393/5778/4313 2532/4173/3458 3410/4172/3457
f 3318/2782/2480 423/664/641 3083/5179/4058
f 162/5530/238 2491/4099/3410 2358/3853/236
f 1691/2683/2402 943/8064/1405 2664/2681/2400
f 1887/3018/2670 3591/6136/4457 238/372/359
f 4477/8065/4905 3154/8066/4121 4775/8067/2268
f 2903/4834/3871 2530/4169/3455 2529/4168/3454
f 2354/5370/3247 2071/3332/2887 2260/3690/3137
f 4212/7393/2134 4478/8068/4394 1607/2553/2301
f 2311/3772/3192 483/4953/727 4221/7409/4834
f 642/4204/957 4039/7032/4753 4920/4205/2073
f 3821/8069/1575 4479/8070/2879 4480/8071/3383
f 2212/2563/2306 1554/2565/2225 1553/8072/2224
f 2055/3304/2870 4355/7981/2700 1285/6470/1876
f 3279/5531/1805 1234/6777/1807 1749/7119/2474
f 2130/3438/2957 1052/1671/1557 3448/5221/4075
f 2140/3467/2347 1982/3176/2779 1981/3175/2778
f 3533/4506/3669 4185/7327/4821 4481/8073/4906
f 2165/8074/3009 2525/8075/3450 2524/8076/3449
f 3546/6060/4427 3717/6547/4545 1814/2890/2575
f 4831/212/199 135/211/198 4655/7322/4817
f 3961/8077/4702 1339/2126/1954 4403/7866/4887
f 2340/7800/3229 3391/5775/4311 2341/7739/3230
f 1872/2991/2656 2690/1447/1362 3158/5318/4124
f 4558/8078/4907 4482/8079/4862 516/800/772
f 4723/8080/4908 3212/5403/4159 4072/7103/4769
f 696/1100/1050 1547/2453/2217 697/1101/1051
f 644/1001/959 593/919/880 1192/7932/1744
f 3979/6906/4712 1031/1638/1529 1870/7412/2651
f 1130/8081/480 1132/5562/1666 134/210/197
f 243/380/367 1713/2716/2162 1501/1036/992
f 269/420/405 372/592/575 446/698/675
f 375/599/582 374/598/581 591/916/878
f 1926/3085/2717 2930/8082/3901 1076/1704/1588
f 2372/3877/3262 2274/3714/3154 2683/4446/3630
f 4483/8083/4494 2728/3266/2841 987/1574/1475
f 4128/7219/4795 3584/6125/3489 2377/3884/3268
f 342/545/529 1514/2399/2175 343/546/530
f 3835/6610/4625 4557/3578/3058 4409/5905/4366
f 4484/8084/1091 3684/8085/4523 1998/3205/1092
f 2507/3300/2866 4912/5197/4065 2167/3510/3011
f 2914/4854/2926 3189/5366/4145 1670/2651/2376
f 2176/3524/2974 4330/975/933 629/974/932
f 3844/6624/4630 1284/6623/1875 4408/7180/2143
f 3446/6732/4353 1575/6945/2254 4485/8086/4760
f 3829/283/270 4110/7187/2372 1709/4223/2425
f 4717/3937/3305 289/456/441 1759/2796/2494
f 4455/8087/4236 148/227/214 159/246/233
f 814/7727/1231 2400/3922/3293 3163/8088/4027
f 1777/2824/2516 2638/7787/3585 3521/5999/17
f 3292/969/929 625/968/928 4486/8089/3730
f 3716/6396/4544 3992/8090/4518 3495/5957/4386
f 380/605/586 971/1543/1447 4475/8056/4904
f 2861/4761/3827 3983/6911/4304 3942/6836/4691
f 646/1006/963 998/1008/965 726/1155/1099
f 1125/1966/1658 1243/1965/1821 3422/5823/3416
f 4225/7420/4836 1325/2105/1937 825/1314/1246
f 4487/8091/2583 1485/2360/2146 510/791/763
f 2099/8092/2921 4571/8093/4872 198/8094/298
f 4122/7210/1902 4488/8095/4909 3315/5606/4251
f 368/586/569 2273/7982/3153 2275/587/570
f 1745/2772/2471 1306/2062/1901 4054/5528/4221
f 3545/6054/4216 572/889/855 4489/8096/2828
f 2143/8097/2980 2301/189/178 2128/3436/2956
f 4526/3983/3334 133/209/196 132/208/195
f 1339/2126/1954 1341/2128/1956 4403/7866/4887
f 3610/1440/1357 4490/8098/1480 990/3603/1479
f 203/318/305 3164/8099/4130 1123/319/306
f 3917/7880/4675 2308/8100/3188 956/1516/1423
f 3116/5072/4001 2784/6424/3739 3021/3826/3232
f 1866/2980/2646 1604/8101/2297 4491/8102/4342
f 4820/8103/2386 4056/5473/3592 2968/5475/3944
f 282/437/422 3752/7546/4565 646/1006/963
f 679/1073/1023 2890/4813/3215 680/1074/1024
f 4877/2379/2158 4492/8104/3523 3740/8105/3522
f 830/1323/1254 4656/2019/1870 4689/7309/4813
f 1470/2338/2128 3014/4329/3559 3276/5525/4218
f 147/226/213 4057/7070/4761 148/227/214
f 3728/6421/4554 4891/925/886 2315/3778/3197
f 2311/3772/3192 2310/3771/3191 4321/7675/4870
f 3787/6531/4046 3786/6530/4596 4493/8106/3985
f 2829/4694/3794 3720/2123/1951 1337/2122/1950
f 3581/6119/3571 1205/1901/1763 4479/3315/2879
f 809/1291/1224 656/1025/982 3008/5030/3986
f 4180/7321/4816 4363/6452/3822 3747/6451/1319
f 3895/6731/3899 546/843/812 545/842/811
f 940/1488/1401 3254/5480/4195 2347/3834/3236
f 319/508/492 565/876/842 3982/6909/4715
f 2590/4276/1551 2835/882/848 568/884/850
f 2873/4782/3840 3749/3048/2692 2159/3498/3001
f 419/660/637 4515/7478/4845 420/661/638
f 2431/7113/3327 1723/2738/2444 1722/2737/2443
f 4327/4719/3805 3950/6145/4463 2342/3823/3231
f 2945/4909/3915 1434/2280/2082 1433/2279/2081
f 2822/4679/3784 1158/1829/1700 2823/4680/3785
f 882/1407/1328 2934/4893/3905 883/1408/1329
f 904/1444/1360 4254/7499/4849 4020/6992/1920
f 4638/7838/4867 1195/1885/1749 2353/3845/3245
f 4773/880/846 2761/4577/3713 897/8107/1348
f 2734/7668/3681 3502/5967/1624 2044/3288/2857
f 4319/4932/3929 2250/1838/1707 1162/1837/1706
f 4494/8108/409 1348/2138/1964 4640/2140/1966
f 4495/8109/4674 4354/7001/4742 4024/7000/3242
f 4228/379/366 244/381/368 2808/4658/221
f 131/207/194 4318/7666/4869 3154/8066/4121
f 131/207/194 3154/8066/4121 4477/8065/4905
f 3288/1872/1738 1688/1874/1740 1781/2830/2522
f 4536/6405/4548 1446/2298/2093 1448/2300/2095
f 552/851/723 299/469/454 298/468/453
f 636/987/945 4338/1164/1108 637/988/946
f 4176/4384/3597 1410/2233/2043 4623/2232/2042
f 4496/8110/1167 2584/4270/1169 2586/4272/3526
f 287/452/437 4716/454/439 2542/8111/3470
f 2146/1820/1691 897/8107/1348 2761/4577/3713
f 3965/1569/1471 1068/1693/1577 984/1567/1470
f 1874/2993/2658 1046/1662/1549 1316/2084/1918
f 2612/4313/3549 3820/5408/4162 3310/5593/4244
f 4373/7795/4879 1516/2401/2177 2612/8112/3549
f 4497/8113/4455 1525/1357/1283 3857/6644/4639
f 4390/7711/3112 973/1548/1451 2388/3904/3281
f 3885/525/509 1530/2429/2200 329/523/507
f 909/5618/1365 1794/2855/2544 4921/5234/4083
f 1270/2010/1861 1272/2012/1863 4483/6230/4494
f 2031/3265/2840 987/1574/1475 2728/3266/2841
f 3431/5841/4341 3888/6707/4655 3506/5973/4398
f 1116/1771/1648 586/907/869 1114/1769/1646
f 3355/5694/4281 329/523/507 1530/2429/2200
f 2523/4161/3447 4498/8114/1779 2468/8115/3374
f 1764/2804/2500 3404/6688/4322 1765/2805/2501
f 2471/5157/3379 4674/343/330 4499/8116/4910
f 3637/6228/4493 1161/1835/1704 3015/5042/3990
f 1822/2907/2589 1505/2390/2166 2220/3616/3081
f 1823/2908/2590 1822/2907/2589 2220/3616/3081
f 2998/5011/3975 1849/2951/2622 82/130/122
f 4500/8117/245 3152/1772/1649 1115/1770/1647
f 1851/2953/2623 1850/2952/1837 4357/7760/4547
f 4297/931/891 2943/4906/717 476/8118/716
f 3839/6615/4627 2818/4674/3780 2817/4673/3779
f 2198/3531/3029 711/1126/1072 1090/1726/1607
f 1507/2392/2168 3832/2982/2648 1267/2007/1858
f 2206/3579/3059 3975/6899/4708 4205/8119/4829
f 3226/5433/4174 3945/6841/4509 479/749/721
f 991/5765/1481 1689/641/621 2591/5766/3529
f 836/1332/1261 2144/1331/1260 2143/8120/2980
f 4602/3209/2802 1416/2245/2052 1415/2244/2051
f 3903/7379/4668 3572/6100/4443 4334/7698/285
f 4846/8121/4911 3797/8122/4602 1485/2360/2146
f 209/330/317 4315/7657/4866 210/331/318
f 3065/8123/4008 3062/8124/4039 4924/4073/3392
f 130/203/191 129/202/190 3579/277/264
f 1489/2368/2152 3893/384/371 1490/2369/2153
f 2331/7809/3216 2332/3103/1419 4215/7397/2625
f 1939/1072/1022 4355/3060/2700 2056/8125/2730
f 2513/4998/1831 182/288/275 2514/8126/3435
f 136/213/200 138/215/202 3082/5176/4056
f 688/1087/1037 2172/3515/3016 3958/6872/4210
f 4342/7722/4875 4343/7724/4803 4533/7912/4893
f 1946/3118/2738 2769/4587/3722 2771/4589/3468
f 4079/7118/1886 4078/7117/3189 3716/6396/4544
f 2996/5007/3973 3741/6443/4562 2995/5006/3972
f 1526/2424/2196 4501/8127/4912 2352/3843/3243
f 1345/2134/1962 3878/6686/2070 738/1180/1123
f 1005/1605/1502 3661/6280/4506 2246/5203/3113
f 3547/6061/2399 3546/6060/4427 2783/4613/3738
f 1964/3147/2757 4746/7504/3709 700/4717/1055
f 836/8128/1261 861/6711/1291 1367/6830/1985
f 2589/4275/3528 1846/2947/2618 4340/6706/2759
f 2491/4099/3410 162/5530/238 3280/5532/4222
f 216/338/325 218/340/327 766/1219/1158
f 655/1024/981 3008/5030/3986 656/1025/982
f 3543/5860/4347 3439/5859/1853 4197/7362/1112
f 628/973/931 1559/2475/2234 2359/3854/3251
f 1413/2238/2048 3094/5211/1456 1412/2236/2046
f 4491/5842/4342 1604/8129/2297 1603/3982/2296
f 2032/3267/2842 2158/3497/3000 2033/3268/2843
f 3842/622/602 486/759/731 393/623/603
f 2594/6253/3531 4502/8130/3533 4792/7653/4865
f 3920/8131/4679 4503/8132/4678 4803/8133/337
f 4550/6152/3129 4048/831/800 3960/833/802
f 1334/2115/1944 891/4319/1341 4474/8048/3609
f 877/2322/1314 1772/962/922 1455/2312/2106
f 3462/5901/4364 1310/2074/1910 851/1349/1275
f 3306/8134/3694 2982/8135/3958 4619/3652/3110
f 1567/2486/2244 1566/2485/2243 1368/2167/1986
f 2025/6038/2836 3539/6037/4422 4504/8136/1454
f 3339/583/566 2763/4579/3715 367/584/567
f 4642/3935/3303 2721/5150/3671 3070/5152/4044
f 2019/2944/2615 413/650/628 415/652/630
f 84/135/125 3605/6166/4474 4505/8137/229
f 307/5192/467 1251/1983/1835 3475/8138/3802
f 4925/8139/4913 2688/4452/3632 4082/7634/4771
f 3767/7707/4171 1685/8140/1816 4288/7578/1815
f 4030/7015/4746 4829/7014/314 4159/8141/4808
f 3044/5101/976 4911/8142/278 183/5102/277
f 3363/5709/4286 4356/7756/4877 3856/8143/4638
f 4226/8144/4837 2498/4118/1847 3300/6284/4237
f 2095/3383/2917 739/1182/1125 1997/3201/2796
f 2709/5292/3656 3141/5293/3005 4506/8145/1404
f 2854/6339/3819 1404/2224/2034 1403/2223/2033
f 2178/3528/3026 4442/7977/3367 2990/4990/2181
f 980/1563/1466 979/1562/1465 3369/5721/4288
f 2884/4806/1952 2886/4808/3854 1338/8146/1953
f 3297/5566/4233 1460/7979/1295 3627/6210/4486
f 1519/2409/2184 2567/2408/2183 4507/8147/3114
f 3115/8148/4090 3875/6680/4649 3874/6679/4091
f 2448/4000/3345 4257/4838/3874 4164/1435/1352
f 235/367/354 3139/2085/1919 236/368/355
f 1736/2759/2280 1285/6470/1876 4284/2760/2463
f 957/1519/1425 865/1374/1299 180/285/272
f 4508/8149/1969 3774/6500/1968 2319/2815/2509
f 3411/5805/4326 1349/2139/1965 1348/2138/1964
f 3888/6707/4655 132/208/195 1584/8150/2270
f 4509/8151/427 2890/4813/3215 2889/4812/3857
f 3712/8152/4541 909/5618/1365 3322/5617/3360
f 1305/2060/1900 1746/2773/2472 2852/7240/192
f 2854/6339/3819 1403/2223/2033 2881/4799/3848
f 2718/4503/3667 3606/6167/4475 3831/6605/4622
f 4401/7863/4886 523/4287/779 4845/8153/4914
f 4449/4595/3728 4672/4594/3727 750/8154/1139
f 1639/1084/1034 1641/8155/2342 687/1085/1035
f 3625/6207/3396 4320/7673/4734 3626/6208/4485
f 4105/8156/4786 4671/3330/2885 4468/8036/2150
f 1381/2185/2004 960/1522/1428 2437/3980/3332
f 1222/1930/1791 3199/1929/1790 2802/4648/3765
f 2182/3533/1668 596/922/883 4410/1524/1430
f 2692/4458/3635 2082/4457/2903 4264/7524/4851
f 1440/2289/2086 2633/4360/61 38/6188/64
f 21/3077/35 4289/7579/4858 2963/7581/3940
f 3899/1504/1413 3424/5855/4337 4510/8157/4336
f 3491/5952/2568 3493/5955/2807 4511/8158/691
f 1758/6740/2493 2130/3438/2957 2129/3437/825
f 1970/3156/2764 961/1525/1431 2906/1527/1433
f 3387/5762/751 601/5764/892 4296/8159/2205
f 3005/5023/3982 2623/4333/3561 3785/2735/2441
f 511/792/764 510/791/763 1484/2359/2145
f 3821/8069/1575 2409/8160/3304 4479/8070/2879
f 4784/263/250 2931/4889/3903 169/264/251
f 2411/936/896 4275/7544/4855 4512/8161/3307
f 1236/3835/1809 4895/4899/3909 4513/8162/1810
f 2226/3624/3088 3033/6832/268 3032/5147/4006
f 257/399/384 256/398/383 1390/2200/2015
f 639/6572/949 1064/1686/1570 1399/2215/2026
f 503/782/754 3267/5508/4209 1499/5701/2160
f 2957/4934/3931 4234/7442/4842 401/7261/612
f 808/1290/1223 657/1026/983 656/1025/982
f 2579/4256/259 3532/1068/1018 676/1067/1017
f 4077/7115/4770 4131/3021/2673 3536/8163/4418
f 4463/8029/4476 3987/6916/1824 309/488/472
f 3993/6937/4721 1208/1910/1772 3466/6938/4197
f 2324/3795/3207 4468/8164/2150 2843/4720/3806
f 3391/5775/4311 1146/1812/1683 4327/7689/3805
f 4393/8165/4884 3402/8166/4320 2256/3684/3132
f 3341/8167/4267 3572/6100/4443 3573/6101/4444
f 3497/5961/4390 3358/5700/4228 4175/2831/2523
f 3918/6781/4676 2043/3285/2856 3919/6782/4677
f 4713/8168/4915 1751/2783/2481 525/809/781
f 2239/3645/3105 1217/4880/1785 1216/7056/1784
f 4183/7325/4820 4514/8169/4916 3191/5368/4147
f 419/6235/637 3213/6234/4160 4515/8170/4845
f 920/1464/1379 919/1463/1378 2318/3785/3202
f 1395/2207/2019 4516/8171/3579 1396/2208/2020
f 3191/5368/4147 4514/8169/4916 3336/6385/4264
f 3261/5496/4203 3147/5300/4116 2711/4493/3660
f 422/8172/640 496/771/743 3179/5348/4141
f 944/6084/1406 1548/2454/2218 945/2456/1407
f 1731/2750/2454 1578/2509/2262 250/391/376
f 2764/4580/3716 3613/8173/4272 2765/4581/3717
f 4720/864/831 4310/8174/3718 2018/8175/2829
f 4831/212/199 3619/6200/4483 2856/4748/3820
f 3429/5835/4340 1445/2295/2091 4001/5836/3788
f 2117/8176/2944 13/25/23 4395/3480/2983
f 4303/910/872 587/909/871 2052/8177/2865
f 2804/4650/3767 2806/4652/3769 1950/3126/2743
f 3896/6739/4664 1016/1620/1516 1018/1622/1518
f 3549/6063/4428 2074/3343/2893 3010/5032/3987
f 4046/7044/397 264/5413/396 3218/5412/4164
f 2232/5519/3096 3177/8178/4140 3545/5520/4216
f 3197/5378/4150 3367/5716/94 1207/1909/1771
f 3611/6741/347 1354/2148/1973 1205/8179/1763
f 1029/5431/1528 3038/5087/4011 976/1554/1457
f 3768/6489/4575 1610/2564/2307 2212/2563/2306
f 2618/5442/3557 4517/8180/4759 2891/4814/3858
f 763/1216/1155 4136/1003/960 645/1005/962
f 3497/5961/4390 4175/2831/2523 4518/8181/407
f 4170/6935/4720 668/1049/999 3566/6088/4438
f 4519/8182/3069 1857/2967/2634 2679/4413/3611
f 4381/7815/4882 4761/8183/4890 2841/7947/3803
f 4498/1917/1779 1214/1919/1781 1308/2068/1905
f 3345/7430/4270 3630/6216/4488 3632/6218/206
f 3019/5050/3992 472/728/705 582/902/866
f 2258/3688/3136 3839/6615/4627 2817/4673/3779
f 4158/7283/4807 4915/8184/2025 281/436/421
f 1122/1779/1655 4624/447/432 1128/1780/1656
f 3629/6214/4487 3305/5586/3610 3307/5588/4243
f 2160/8185/3002 4652/24/19 2383/5767/1636
f 2160/8185/3002 2383/5767/1636 2127/8186/2955
f 3955/6867/4700 4424/7933/1243 1054/1673/1559
f 4030/7015/4746 1262/8187/1850 4029/7013/315
f 3601/6149/4465 2187/3539/3031 3703/6364/4536
f 866/8188/1300 4650/6529/4595 3440/3228/2817
f 3748/1386/1310 874/1385/1309 4520/8189/3511
f 1098/1742/1621 4806/1744/1623 4445/7984/692
f 2948/4914/3918 843/1340/1269 4357/6401/4547
f 182/288/275 3086/5183/4030 2001/289/276
f 1500/2384/2161 1499/2383/2160 4521/8190/4208
f 107/8191/159 4190/7350/4824 997/8192/1492
f 3900/6750/1290 1367/6830/1985 861/6711/1291
f 2103/3391/2924 842/1339/1268 844/1341/1270
f 4226/8144/4837 3715/6392/4029 4865/4119/3420
f 4522/8193/2214 1241/1959/1817 2789/8194/2458
f 4523/8195/4592 1735/2758/2462 4284/2760/2463
f 4538/4193/3472 4864/7560/4118 3818/8196/4618
f 489/3727/734 846/7603/1271 4426/7605/4861
f 3084/5181/4060 2204/5895/3056 2972/4960/67
f 1040/1651/1541 3144/5296/4094 443/8197/671
f 4495/7749/4674 4524/8198/1190 785/4853/1189
f 4184/7622/1820 2417/8199/392 4305/7623/4840
f 1697/2695/2412 4525/8200/4421 3073/3371/2909
f 982/1565/1468 3782/6521/4589 983/1566/1469
f 2693/5429/3637 3736/6438/3520 3321/5616/4254
f 3211/5402/4158 3212/5403/4159 4723/8080/4908
f 1603/2548/2296 3098/5209/4069 4526/8201/3334
f 3416/1140/1085 3693/1139/1084 3156/7033/4122
f 4527/8202/2437 3843/8203/2436 4846/8121/4911
f 543/838/807 871/1380/1304 1748/4435/1014
f 1517/2404/2179 4088/7138/239 4528/8204/53
f 4712/3364/2905 2192/3550/3041 2083/3365/2906
f 4872/8205/3364 964/1532/1438 963/1531/1437
f 4685/5166/4050 3718/7517/4546 842/5313/1268
f 3567/6090/4439 4783/1592/1493 4071/7102/4768
f 2656/4394/3603 1865/2978/2644 2657/4395/2833
f 2277/6804/3156 2060/8206/2875 2797/4639/3758
f 2596/4285/707 1809/2879/2565 2482/7542/3400
f 1126/1784/1659 1955/3134/2747 155/238/225
f 1405/2874/2035 2812/8207/737 1166/1843/1712
f 1503/4828/2164 4305/7435/4840 2034/3269/2844
f 1474/2342/2131 2681/4211/3481 4907/939/899
f 3000/5017/3978 4343/7266/4803 4816/501/485
f 1241/1959/1817 1544/6562/2213 2920/4863/3888
f 1498/2382/2159 2989/6018/3964 1499/2383/2160
f 594/920/881 3010/7081/3987 2349/3838/3239
f 4529/8208/1574 3580/4159/3445 4818/4219/3486
f 4530/8209/553 4531/8210/1119 360/5105/554
f 227/356/343 53/91/87 3338/5655/4265
f 3879/8211/4479 942/1491/1403 4786/6910/189
f 4210/8212/2476 2572/4505/3507 2720/4507/3670
f 1023/1627/1522 4210/8212/2476 2720/4507/3670
f 4290/4463/3639 2007/3223/2812 2009/3225/2814
f 4532/8213/4843 3887/4669/975 2815/4668/3776
f 4496/1229/1167 3742/8214/4563 1689/2680/621
f 2610/4309/3547 805/1285/1218 804/1284/1217
f 3328/5632/4258 1473/1645/1535 3778/5633/4259
f 4096/7163/4076 1167/1845/1714 1310/2074/1910
f 4149/3234/2819 2011/3236/2821 4533/8215/4893
f 3507/2590/2329 4851/7967/3965 3018/1750/1629
f 3723/3574/3055 3273/5518/4215 3545/5520/4216
f 4176/4384/3597 4175/2831/2523 1781/2830/2522
f 4699/8216/724 298/4707/453 2073/3340/2891
f 2600/4294/3537 3469/5910/4369 4534/8217/4917
f 1941/3745/2732 2290/3744/3173 4535/8218/40
f 2070/3331/2886 4618/5579/4240 3473/5916/4371
f 354/7303/547 2201/4732/2978 35/64/60
f 3120/5255/1687 2802/4648/3765 2242/3648/3107
f 3630/6216/4488 1813/2888/2574 3631/6217/4489
f 3209/5398/2245 4660/7071/4762 3217/7334/4163
f 3344/8219/4269 4033/533/517 789/532/516
f 4422/7925/1197 640/997/955 3449/5880/4355
f 1530/2429/2200 3885/525/509 585/2427/868
f 3070/5152/4044 4536/8220/4548 4642/3935/3303
f 4231/7437/4301 2405/3931/3299 2404/3930/3298
f 4913/8221/4015 1321/2100/1932 3872/2099/1931
f 3772/7758/4582 3760/6472/3037 3759/6471/2645
f 2118/4408/2947 4506/8222/1404 2216/3611/3076
f 4652/191/19 121/190/179 3302/8223/20
f 2524/8076/3449 2526/8224/3451 4537/8225/4059
f 3213/6234/4160 4645/8226/4856 4244/8227/4846
f 2514/4146/3435 3923/6244/4499 2621/4147/3436
f 2740/4538/3688 3970/8228/4706 1729/4176/2452
f 2143/3475/2980 2393/8229/3288 120/8230/177
f 1442/8231/1062 704/1188/1061 4382/1187/1130
f 3114/5242/4089 2724/4514/3673 3418/5818/4333
f 4538/8232/3472 3818/8233/4618 3285/5542/336
f 644/1001/959 1192/7932/1744 3938/6828/4689
f 43/78/74 2184/3535/2587 3111/5238/4085
f 1169/1847/1716 3068/5149/4042 497/772/744
f 3123/3008/2394 1026/1630/1524 1025/1629/1523
f 1679/2665/2282 4407/7877/2281 1680/2666/2388
f 3536/6031/4418 1731/2750/2454 250/391/376
f 4165/7290/4300 3382/5862/4299 3862/6650/4642
f 14/26/24 3657/6014/4413 3185/5357/4143
f 3115/5243/4090 2227/3866/3089 2226/8234/3088
f 773/1232/1170 2500/8235/3421 4394/3953/2976
f 3966/6882/4704 3834/6609/4624 220/6944/331
f 2729/4520/3678 4892/7916/4659 272/4521/411
f 2129/8236/825 4248/7489/2958 4208/7382/1879
f 4729/7473/4825 513/796/768 2152/6669/2991
f 4146/6097/4442 3872/6672/1931 3571/6098/2694
f 2581/6638/3518 1534/2433/2204 1081/1713/1595
f 3595/6146/4262 1647/2120/1948 4539/8237/4779
f 1217/1924/1785 1079/6487/1592 1218/1925/1786
f 49/85/81 3933/6814/246 50/86/82
f 3978/6904/4711 4873/1975/1828 1425/1974/1827
f 664/1042/996 4764/1041/995 4763/6383/2003
f 3251/7942/4193 3252/7723/4194 4342/7722/4875
f 3079/2818/2511 4542/5757/3946 1773/2819/2512
f 4540/8238/4918 661/5227/990 4007/6963/989
f 4202/7370/4828 3724/2734/2440 4541/8239/2109
f 3245/5462/4189 1892/1318/1250 4777/6422/4555
f 1263/1999/1851 2401/6158/3294 3578/6111/4448
f 4542/8240/3946 4543/8241/4305 464/8242/696
f 2817/8243/3779 2819/3226/2815 4903/6528/4594
f 3614/4019/3358 1091/5878/1612 1684/2671/2393
f 2326/8244/3211 1441/2290/2087 1309/5338/1907
f 3975/6899/4708 2050/3297/2863 3170/776/748
f 2074/3343/2893 4038/7031/4752 3011/5033/2968
f 1306/5432/1901 3604/6164/4472 4710/2787/2485
f 2484/8245/3402 4076/8246/2661 2431/3971/3327
f 3959/1944/1804 1231/1943/1803 2966/4947/3942
f 1539/8247/2210 4898/266/253 170/268/255
f 3657/6268/4413 410/647/625 4858/2310/2104
f 3744/431/416 2745/7387/3692 4370/2088/1922
f 4544/8248/2884 2222/3619/3084 1388/2195/1227
f 2217/3612/3077 1278/2020/1871 3794/1857/1726
f 4206/8249/3590 4092/7149/3044 4545/8250/4919
f 4008/6964/4729 1141/7120/1678 163/253/240
f 4414/7894/4339 2063/8251/2878 2949/4915/3919
f 2463/4037/3369 879/1400/1322 4734/1399/1321
f 547/844/813 2782/3613/3078 1587/2522/2274
f 4345/8252/4002 2707/8253/3654 4209/8254/3050
f 353/561/545 365/577/560 364/576/559
f 882/1407/1328 1352/2145/1971 2993/5003/3969
f 1581/2512/2265 4546/8255/3098 4472/2513/2266
f 3897/1274/1210 4786/8256/189 2090/1275/1211
f 4547/8257/3801 2749/4557/3699 4458/4556/3698
f 546/843/812 2782/3613/3078 547/844/813
f 1263/4890/1851 3650/3926/3295 2401/3925/3294
f 4020/8258/1920 4548/8259/1705 2249/3666/3119
f 4227/7422/4401 3599/6154/4468 3508/4326/1305
f 2172/3515/3016 1982/3176/2779 2140/3467/2347
f 4060/8260/3623 2974/8261/953 4064/7497/4765
f 3892/5759/4307 2088/8262/2912 2338/3957/3225
f 4549/8263/2536 4032/7017/4748 1673/2654/2378
f 2869/2161/1297 1363/2160/1980 4447/7988/3836
f 1254/1987/1839 1256/1989/1841 2126/3433/1049
f 737/1178/1121 738/1180/1123 1427/2799/2072
f 2446/3995/3342 4550/8264/3129 1087/6511/1602
f 2522/4160/3446 1063/1685/1569 2224/3622/3086
f 2538/4180/3463 1243/1965/1821 1244/1967/1822
f 3697/6352/4534 2773/8265/3724 3954/6866/4699
f 1242/1961/1818 3748/6453/1310 4520/8266/3511
f 3369/5721/4288 979/1562/1465 2933/4892/3904
f 4749/8267/2292 3309/4420/3616 1558/4422/2232
f 2271/6805/3152 2044/3288/2857 2272/573/556
f 4307/6675/4646 1605/8268/2299 2021/3250/2832
f 436/3680/658 2942/4903/3912 2255/3681/3130
f 4468/8164/2150 110/174/163 109/173/162
f 1742/2768/1277 3429/5835/4340 3974/6897/4707
f 4916/5656/4266 2805/4651/3768 405/3896/619
f 323/513/497 1515/2400/2176 1514/2399/2175
f 1942/3108/2733 758/4597/1148 1941/3109/2732
f 2669/8269/55 4363/7775/3822 33/7777/56
f 2516/4151/3439 1597/2540/2289 3500/5964/3500
f 3136/5283/4106 2717/4502/3666 3394/5779/4314
f 270/421/406 269/420/405 106/169/158
f 3878/2266/2070 1345/8270/1962 3121/6181/4097
f 2323/2198/2013 256/398/383 3562/6083/4436
f 1645/2609/2346 1107/1762/1639 624/967/927
f 2538/4180/3463 3311/5594/4245 2689/4453/3633
f 4430/7943/3194 403/636/616 3326/5630/4256
f 4389/2655/2379 673/1061/1011 1902/1063/1013
f 2461/4028/3366 3620/6201/4484 3763/6477/4571
f 2316/2346/2135 3216/5407/1770 2107/8271/1769
f 4060/4433/3623 2674/4432/3622 2974/4965/953
f 3001/5018/3979 4749/2543/2292 3705/5019/3980
f 4114/8272/4791 3866/8273/3740 1754/4202/2487
f 2784/6424/3739 3116/5072/4001 3730/6427/4557
f 2457/4016/3355 794/1267/1203 3113/5241/4088
f 2802/4648/3765 3199/1929/1790 2242/3648/3107
f 3823/672/649 429/671/648 3817/6103/3994
f 2615/4318/2954 1450/2305/2100 2160/6277/3002
f 2615/8274/2954 2160/8185/3002 2127/8186/2955
f 4215/7397/2625 4551/8275/2031 4552/8276/2030
f 2541/4186/3469 4716/4188/439 3573/6101/4444
f 2645/4379/3594 1728/2746/2450 4606/3407/2936
f 634/982/940 3405/8277/4324 4672/4594/3727
f 76/124/116 896/1428/1347 4331/4007/3349
f 2430/3970/3326 2389/3969/3285 3348/5678/4274
f 2330/3804/3214 4759/2858/2546 4823/6000/4409
f 2696/4464/3640 385/610/591 1360/2154/1977
f 3745/7906/2826 2017/4033/2827 749/6670/1069
f 4553/8278/805 4554/8279/968 4863/8280/4920
f 313/495/479 1271/2011/1862 2276/3720/1799
f 313/2206/479 2276/8281/1799 4555/8282/1801
f 4106/4621/3745 3345/7430/4270 4556/8283/4496
f 4499/8284/4910 3813/6574/4613 1696/2692/2410
f 4557/8285/3058 2205/3199/2794 2577/4254/3515
f 1213/1918/1780 281/436/421 280/435/420
f 3921/5719/3852 3195/4565/3706 643/1000/958
f 3921/5719/3852 643/1000/958 644/1001/959
f 1368/2167/1986 1566/2485/2243 1047/1663/1550
f 1232/241/228 1473/2341/1535 4505/242/229
f 1716/3833/2432 2298/3755/3179 2967/4948/3943
f 2045/3289/2858 2008/3224/2813 2007/3223/2812
f 3438/5857/4346 4482/7621/4862 4558/8286/4907
f 1313/2080/1915 4559/8287/4498 2592/1429/847
f 2376/3882/3267 4035/8288/4749 4239/5310/4120
f 1695/2691/2409 3051/341/328 4674/343/330
f 493/6844/740 4560/8289/4921 4537/8225/4059
f 2703/4478/3650 4401/8290/4886 2180/3530/3028
f 3601/6149/4465 2827/4690/3792 2187/3539/3031
f 361/8291/555 3026/8292/3997 3046/5106/1118
f 1203/1898/1760 2426/3963/3322 2642/4373/3589
f 4779/3450/2964 2110/3405/2934 2526/6613/3451
f 4049/3452/2966 2408/4508/3302 2409/8160/3304
f 2939/4900/3752 4561/8293/3751 2595/4283/3532
f 2036/8294/2848 3516/5993/1881 3515/5992/3898
f 3480/7685/4374 1201/8295/1756 890/1420/1339
f 2767/4584/3719 2710/4490/3658 4562/8296/4922
f 2427/3964/1165 4889/2949/2620 771/8297/1166
f 4073/2995/2660 832/1325/1256 2494/4109/3414
f 4141/7246/235 3697/6352/4534 3954/6866/4699
f 3953/6865/4231 4141/7246/235 3954/6866/4699
f 3328/5632/4258 1035/1646/1536 1473/1645/1535
f 3522/6003/4410 2386/3902/3279 886/1413/1334
f 1680/2666/2388 4408/7878/2143 4563/8298/2931
f 4190/7350/4824 3734/6436/4317 3396/8299/4316
f 4322/7676/3921 4564/8300/4773 301/8301/456
f 427/669/646 4594/2265/1829 428/670/647
f 2393/3913/3288 3393/8302/4313 4880/2303/2098
f 102/7523/149 3784/6526/4593 3844/6624/4630
f 4501/8127/4912 1526/2424/2196 3284/5538/4224
f 4630/4970/3954 4247/8303/3117 4565/8304/3968
f 33/60/56 4364/7209/3821 2550/4208/3479
f 4344/7726/3391 2371/3875/3261 4060/7076/3623
f 1818/2897/2580 3757/7969/3406 3479/7061/4373
f 3783/6522/4590 4278/6743/1209 2355/8305/3248
f 3486/8306/2190 3743/6445/4564 901/1439/1356
f 4693/1612/1509 4566/8307/938 1009/1613/1510
f 977/3256/1459 3523/6004/2075 4776/8308/2074
f 4606/3407/2936 985/8309/1472 986/8310/1474
f 3131/5275/4102 2262/3694/3139 2261/3693/2801
f 3504/5971/4396 1351/2144/1970 3931/2371/2155
f 3367/5716/94 1208/1910/1772 1207/1909/1771
f 3762/4240/3501 1562/2478/2237 2568/4241/3502
f 1821/2904/2586 3201/5386/4152 4359/8311/2963
f 947/1500/1410 3128/5270/4101 4519/3600/3069
f 1463/2329/2119 3756/8312/4569 4437/3342/2892
f 4567/8313/3928 3140/5291/4111 4155/7275/4806
f 3816/6578/4616 4807/6790/3560 714/1130/1076
f 2783/4613/3738 3546/6060/4427 1814/2890/2575
f 168/262/249 3401/6776/4319 2571/8314/3506
f 4752/3120/2740 1947/3119/2739 2120/3427/2949
f 3417/5817/4332 3113/5241/4088 3114/5242/4089
f 213/4015/322 4295/8315/4859 2457/4016/3355
f 4568/8316/4923 2531/4170/3456 2955/4930/3927
f 2804/8317/3767 1952/73/69 4423/4487/635
f 2855/4747/2080 4569/8318/3256 2854/4745/3819
f 4722/6135/2771 3590/6134/4456 2781/4610/3737
f 4255/633/613 2115/3414/2942 402/634/614
f 4570/8319/2049 3574/1224/1163 1414/1226/1164
f 3301/5574/4238 1261/6355/1849 3048/6357/4021
f 827/7905/1248 749/6670/1069 2395/8320/565
f 1104/1756/746 1634/2596/2335 4219/7680/3434
f 138/215/202 3107/5231/4080 4431/7955/4898
f 181/6735/273 1897/3032/2681 439/688/665
f 3161/5322/4128 447/699/676 2672/4427/3619
f 3618/6199/4482 4364/4749/3821 2856/4748/3820
f 1908/1193/1135 216/338/325 765/1218/1157
f 2177/3526/3024 2178/3528/3026 1623/4989/2321
f 4571/8321/4872 3961/6877/4702 198/311/298
f 3572/6100/4443 3903/7379/4668 2520/4156/3443
f 4155/7275/4806 3140/5291/4111 2190/7276/3038
f 1125/1783/1658 253/394/379 602/933/893
f 4000/6953/4724 3766/7649/4573 1890/3022/2674
f 3764/1639/1530 1077/1706/708 1032/1640/1531
f 157/244/231 4192/7354/2337 158/245/232
f 3691/6719/4529 4598/911/873 2170/8322/3014
f 2828/4981/3793 2984/4980/3960 2111/7820/2935
f 195/307/294 2105/8323/2927 1711/8324/2427
f 403/636/616 4182/7324/4819 4183/7325/4820
f 171/269/256 3351/8325/4279 172/270/257
f 939/1487/1400 3253/5478/461 3254/5480/4195
f 940/1488/1401 939/1487/1400 3254/5480/4195
f 1899/3035/2684 4309/7633/4663 1898/3033/2682
f 2573/4248/3509 3382/5862/4299 3104/5223/4077
f 3048/6357/4021 4926/8326/4549 4356/7756/4877
f 1790/2849/2538 112/176/165 111/175/164
f 3502/1745/1624 1586/1747/1626 362/8327/557
f 1796/6994/2547 460/713/690 1592/2534/2285
f 3573/6101/4444 4572/8328/4864 3341/8167/4267
f 3280/5532/4222 3279/5531/1805 1749/7119/2474
f 4503/6784/4678 3429/5835/4340 225/5834/338
f 3861/6649/4641 1587/2522/2274 4614/2521/2273
f 1691/2683/2402 2777/4601/3731 62/4603/98
f 165/5646/243 4120/5502/4205 1585/5886/2271
f 1225/1934/1794 4839/6747/4666 4573/8329/1869
f 2786/4619/3743 4574/8330/4568 698/1103/1053
f 3638/6233/4190 419/6235/637 4575/8331/2527
f 2908/4845/3877 4876/5089/4012 2909/4846/3878
f 4427/7937/4896 4576/8332/2113 4428/7938/2530
f 2559/4227/3490 4021/4616/3741 2560/4228/3491
f 2721/5150/3671 4642/3935/3303 2408/3934/3302
f 373/593/576 269/420/405 4518/422/407
f 4577/8333/4617 2076/3347/1078 4578/8334/4785
f 2180/3530/3028 4401/8290/4886 4579/8335/4417
f 3914/3474/2979 4580/8336/4673 2143/3475/2980
f 2627/4341/3567 3524/6006/4411 3078/7798/4052
f 1132/5562/1666 3953/5564/4231 134/210/197
f 3400/5788/4318 1187/6171/1739 2571/4245/3506
f 2435/8337/2999 2032/8338/2842 4305/8339/4840
f 3913/6770/4672 4203/6919/4513 4580/6771/4673
f 2647/8340/3596 2744/8341/3691 2743/8342/3690
f 3406/5797/4325 2864/4767/3832 2865/4768/2395
f 1932/7920/810 4559/8287/4498 1313/2080/1915
f 318/8343/491 1676/2659/2383 4105/7183/4786
f 3678/6310/4517 2685/4448/2959 2562/4231/3493
f 479/7112/721 4377/7805/4692 3186/2822/2515
f 1447/2299/2094 3327/5783/4257 1712/3369/2428
f 4523/6524/4592 3784/6526/4593 102/7523/149
f 4018/6985/3095 1581/2512/2265 1582/2514/2267
f 1611/2567/2309 3407/2566/2308 1358/2152/1975
f 3578/6363/4448 3703/6364/4536 2188/3540/3032
f 522/806/778 4579/6025/4417 4845/8344/4914
f 190/301/288 3243/5460/3437 3649/2961/2629
f 2109/3404/2933 2097/3385/2919 3496/5958/4387
f 2729/4520/3678 4890/4758/884 4892/7916/4659
f 852/1350/1276 1136/1801/1672 219/5118/329
f 2663/4013/3353 2456/4012/2792 1613/2569/2310
f 3213/6234/4160 4244/8227/4846 4515/8170/4845
f 2649/8345/3599 4581/8346/4495 4267/2257/2064
f 2593/4281/3530 2592/4280/847 4559/6241/4498
f 2593/4281/3530 4559/6241/4498 3166/5329/4132
f 531/8347/790 4582/8348/2799 3695/8349/4531
f 4456/2197/2012 2724/4514/3673 1097/1740/1619
f 211/332/319 730/1163/1107 3231/5440/4179
f 707/1117/1065 778/1242/1180 3791/6537/4599
f 1926/3893/2717 2382/3895/2147 2930/8350/3901
f 3312/6905/4247 3978/6904/4711 1425/1974/1827
f 2081/3359/2902 2406/7729/3300 3053/5121/4026
f 4510/5825/4336 1819/2898/2581 3899/6749/1413
f 2039/3279/2851 2868/4774/3835 3311/5594/4245
f 1769/2809/2505 4026/7009/4745 3404/6688/4322
f 3976/6901/4709 4420/7999/4895 1317/8351/1924
f 3378/5738/4295 3380/5740/4297 4295/7591/4859
f 1744/2770/2469 358/568/551 3900/8352/1290
f 2767/4584/3719 4562/8296/4922 1958/3141/2753
f 4583/8353/4739 1136/8354/1672 4584/8355/2496
f 3221/5416/3914 4913/5094/4015 3040/5093/4014
f 536/4031/796 2834/2877/2563 2833/8356/942
f 742/1186/1129 4430/3775/3194 4382/1187/1130
f 220/344/331 222/346/333 690/1518/1040
f 3927/6797/4681 1639/2491/1034 1571/2493/2248
f 1697/2695/2412 1699/2697/2414 4525/8200/4421
f 3804/6560/4608 4934/2936/2609 3295/4801/3850
f 1179/2285/1729 1824/8357/2591 2867/8358/3833
f 991/5765/1481 3603/6163/4471 4075/7110/1482
f 4585/8359/3867 1458/6590/2110 2525/4164/3450
f 3035/5084/4009 3847/6631/4632 875/1388/1312
f 3035/5084/4009 875/1388/1312 2902/1391/1315
f 4586/8360/4092 3415/5814/4331 3720/6412/1951
f 2488/4094/3407 4454/8004/4901 2214/3609/3074
f 1831/2075/1911 4587/8361/2676 3397/2076/1912
f 2054/3303/2869 2998/5011/3975 81/129/121
f 4793/3516/3017 4654/3157/2765 4375/8362/762
f 774/1233/1171 2732/4526/3680 394/625/605
f 3610/6175/1357 1205/1901/1763 3581/6119/3571
f 2/4/4 1294/3/3 4588/8363/5
f 4841/8364/382 3081/4586/3721 4719/865/832
f 3362/5708/4285 1812/5572/2573 3301/5574/4238
f 1276/2016/1867 2843/4720/3806 1933/1038/994
f 3676/6307/4514 2564/4235/3497 2532/4173/3458
f 609/946/906 2184/2905/2587 1065/1687/1571
f 4589/8365/4924 4572/8366/4864 3663/6209/4213
f 1556/2467/2229 2061/3312/2876 252/393/378
f 2855/4747/2080 4352/7745/862 3085/5182/66
f 3975/6899/4708 3170/776/748 4590/8367/4134
f 3876/6681/4650 186/6998/281 592/917/879
f 4205/8119/4829 3975/6899/4708 4590/8367/4134
f 1774/8368/2513 883/6429/1329 3079/8369/2511
f 2402/3927/3296 1802/2870/2557 4443/6492/4577
f 2933/4892/3904 2711/8370/3660 4368/7146/3659
f 1922/3080/2714 629/974/932 630/976/934
f 178/280/267 4100/6011/822 2026/8371/824
f 2003/3217/2808 1170/1850/1719 2413/3943/3309
f 2956/4933/3930 2286/8372/3168 1420/6015/2061
f 2349/3838/3239 4591/8373/4925 127/199/187
f 2424/3959/3319 2423/3958/3318 3990/4559/3701
f 3151/3691/2406 2638/8374/3585 915/1457/1372
f 3117/3543/3035 3236/3542/3034 377/601/583
f 113/177/166 3093/5198/4066 111/175/164
f 3504/5971/4396 3931/2371/2155 1945/3117/2737
f 4592/8375/3935 70/117/109 1913/3062/2701
f 4420/7918/4895 4601/7945/4897 1318/2091/1925
f 3319/1786/1661 4464/5279/4105 1126/1784/1659
f 3491/2882/2568 3642/4434/274 1811/2883/2569
f 370/590/573 533/822/792 371/591/574
f 4154/4949/2023 2043/3285/2856 4593/8376/2024
f 4381/7815/4882 4382/7816/1130 4761/8183/4890
f 4151/4135/2867 599/928/889 1916/6902/2704
f 316/499/483 2067/3323/858 3946/6847/4694
f 2740/4538/3688 2995/5006/3972 3970/8228/4706
f 4480/8377/3383 4479/3315/2879 4249/7490/4743
f 3213/6234/4160 4594/8378/1829 4645/8226/4856
f 1620/2578/1758 1622/2580/2319 4574/6464/4568
f 534/823/793 2795/4636/3755 1840/2935/2608
f 2996/5007/3973 1656/2629/2359 527/811/783
f 1063/1685/1569 1482/1684/1568 2224/3622/3086
f 2122/8379/2950 4595/8380/4250 2601/8381/3538
f 2041/3282/2853 3617/3284/2855 3853/589/572
f 296/466/451 4398/1600/1499 1002/1599/1498
f 767/6314/1159 4596/8382/4926 4805/6315/3774
f 1307/1058/1008 641/998/956 1357/2151/30
f 3674/6303/4071 4597/8383/2478 4002/7834/2477
f 3980/6907/4713 1576/2502/2256 1627/2587/2326
f 3228/5435/4176 3922/6788/1994 4152/7270/3208
f 4598/8384/873 2649/8385/3599 2170/8386/3014
f 4030/7015/4746 4018/3632/3095 1263/4890/1851
f 2407/3933/3301 57/96/92 227/356/343
f 2185/3536/1572 44/80/76 3356/5695/2716
f 3315/5606/4251 4459/8018/4902 3241/5458/4186
f 2866/4769/47 105/166/155 4528/57/53
f 242/377/364 3284/5538/4224 4391/378/365
f 1718/8387/2433 4507/3658/3114 2246/3657/3113
f 2689/4453/3633 3311/5594/4245 1173/1853/1722
f 2285/3736/3167 1228/1938/1798 615/7236/916
f 3902/6754/4306 2902/4832/1315 1455/2312/2106
f 1632/2594/2333 1706/2706/2420 813/2705/1229
f 4123/7214/1174 2141/3471/2977 2754/6410/3705
f 1086/1719/1601 1085/1718/1600 2544/3137/2750
f 2291/8388/44 1493/2374/1978 1642/4911/2343
f 2430/3970/3326 3349/5679/4275 1750/5610/2479
f 1754/4202/2487 3866/8273/3740 4259/1197/1138
f 3996/5890/4359 3460/5898/4362 3461/5899/4363
f 1440/2289/2086 38/6188/64 2874/5620/3841
f 4292/8389/4400 1734/2757/2461 4293/6504/4584
f 1153/1824/1695 3381/5743/4298 1566/2485/2243
f 3836/1431/1349 4599/8390/2525 898/1432/75
f 3027/5066/3999 992/1582/1483 1263/1999/1851
f 2395/3917/565 710/1123/1071 2396/3918/3290
f 2146/3478/1691 3908/6763/4597 3790/3479/2982
f 805/1285/1218 2830/4695/3795 741/1184/1127
f 729/1162/1106 3862/6650/4642 2573/4248/3509
f 387/612/593 2302/3761/3183 2821/4678/3783
f 712/1128/1074 4225/7420/4836 825/1314/1246
f 1954/3377/2746 3768/6489/4575 868/1377/1302
f 3404/6688/4322 4026/7009/4745 4600/8391/4927
f 249/6384/374 4842/8392/373 4436/7964/2298
f 1374/2174/1993 1373/2173/1992 3751/3678/3128
f 2846/8393/3809 3065/5083/4008 2847/5082/3810
f 4027/594/577 454/707/684 4665/3889/3272
f 1318/6775/1925 4601/8394/4897 607/944/904
f 2289/3743/3172 3058/1030/986 660/1032/988
f 1648/2616/2350 3926/2615/1110 4216/7398/434
f 3131/5275/4102 4602/8395/2802 2823/7799/3785
f 1518/2407/2182 2408/4508/3302 4049/3452/2966
f 615/7236/916 1228/1938/1798 616/2095/917
f 1821/2963/2586 1855/2965/2632 743/8396/1131
f 726/1155/1099 725/1154/1098 280/435/420
f 1917/3071/2707 2463/4037/3369 184/292/279
f 1003/1601/488 2807/4656/3771 4484/6326/1091
f 2047/486/470 2700/4470/3646 4469/4472/1609
f 1148/1814/1685 3193/5373/4148 3205/5393/4155
f 4186/1534/1440 3868/8397/4644 4053/6165/4473
f 2598/8398/1899 4603/8399/2545 4604/8400/3572
f 693/1095/1045 2792/4630/3750 1439/1096/1046
f 1896/3952/2679 548/845/814 3940/847/816
f 2681/8401/3481 2638/8374/3585 3151/3691/2406
f 2928/4473/3647 441/2111/668 2379/3888/3271
f 194/306/293 1548/2454/2218 944/6084/1406
f 3673/8402/1884 2975/4966/3950 2977/4968/3952
f 1107/1762/1639 699/1105/1054 622/965/925
f 1107/1762/1639 622/965/925 624/967/927
f 3856/6643/4638 4926/7752/4549 3685/4197/3474
f 2011/3236/2821 3259/8403/4202 4533/8215/4893
f 4605/8404/1346 2455/4430/2793 2673/4429/3621
f 2726/4516/3675 2794/7440/3754 925/1470/1385
f 2174/3520/3020 4198/7364/4758 2175/3521/3021
f 3984/6912/4661 3894/7042/4660 3978/6904/4711
f 3037/5086/4010 4476/1733/1614 2788/4623/3746
f 3315/5606/4251 4488/8095/4909 4459/8018/4902
f 2659/4401/3606 4538/8232/3472 3285/5542/336
f 3846/6426/3687 3730/6427/4557 2755/4567/3707
f 3299/5568/4235 810/1292/1225 809/1291/1224
f 1102/1754/1632 4926/6406/4549 3442/5871/4350
f 610/8405/907 703/1110/1059 2019/3246/2615
f 3425/5828/3873 4606/8406/2936 2111/7820/2935
f 3406/5797/4325 3123/5264/2394 3122/5263/3159
f 3671/4014/3354 2457/4016/3355 3113/5241/4088
f 2088/3374/2912 4427/7937/4896 4735/3818/3226
f 4607/8407/4928 3525/6007/4412 1943/3111/2734
f 3976/6901/4709 972/1547/1450 4420/7999/4895
f 1586/2519/1626 2898/4821/3865 363/5838/558
f 1460/7979/1295 4576/8332/2113 3627/6210/4486
f 4369/7785/4480 3615/8408/3661 3935/8409/4686
f 1189/1876/1742 4475/8410/4904 321/510/494
f 2501/4123/2967 4366/8411/1172 1288/8412/1880
f 3483/5934/4378 4905/7802/1216 4218/8413/4832
f 4608/8414/951 1672/1906/1768 4609/8415/952
f 3743/6445/4564 3486/8306/2190 407/642/460
f 3161/5322/4128 786/1255/1192 448/700/677
f 1453/2309/2103 4610/8416/1052 4324/1460/1375
f 3565/6087/4437 4142/1051/1001 4524/7158/1190
f 2859/4755/3824 877/7569/1314 2630/4756/2114
f 3208/2466/2228 251/392/377 3527/4437/3624
f 927/1472/474 929/1474/1388 4291/7584/2320
f 1067/1692/1576 8/13/13 4087/7423/4775
f 1668/8417/446 2334/6512/3219 1961/3144/447
f 4101/7172/4783 4511/8418/691 3493/3215/2807
f 4611/8419/4860 2360/3855/3252 4825/7510/4173
f 92/145/134 539/830/799 93/146/135
f 1408/7170/2040 2842/4715/3804 3233/2104/1936
f 3414/5812/4330 3792/6538/4600 1956/3138/2751
f 4083/7474/4772 4371/7789/3677 3457/5892/4361
f 875/1388/1312 604/938/898 3848/8028/4633
f 4085/7134/4604 4612/8420/543 1741/2767/2467
f 4557/3578/3058 3563/6085/3895 4409/5905/4366
f 3720/6412/1951 3174/5339/4138 2884/4806/1952
f 2333/3809/3217 440/689/666 2944/3810/3218
f 3726/6419/4553 3728/6421/4554 2460/7585/3365
f 4224/6022/4416 4893/5680/4276 4613/8421/3124
f 4239/8422/4120 4035/7021/4749 242/377/364
f 2138/3461/2970 4428/2840/2530 799/1276/1212
f 4291/7584/2320 929/1474/1388 2177/3526/3024
f 3681/6320/4520 4614/8423/2273 1658/8424/2361
f 2339/3820/3228 264/5413/396 4867/3819/3227
f 4615/8425/297 3768/6489/4575 1954/3377/2746
f 4149/3234/2819 464/8242/696 4543/8241/4305
f 84/135/125 85/134/126 80/128/120
f 2894/4817/3861 286/450/435 2485/4088/3403
f 1573/2496/2251 3646/6249/1397 1121/2497/1654
f 992/1582/1483 3027/5066/3999 1810/2881/2567
f 1515/6587/2176 2136/3454/496 48/84/80
f 3585/6127/4454 1780/2827/2519 3172/5336/4136
f 3693/1139/1084 719/1138/1083 1838/8426/2606
f 4378/7806/4881 506/7915/758 1776/2823/757
f 2304/3763/3185 2400/3922/3293 3467/5907/4367
f 4045/8013/4688 514/2116/769 1334/2115/1944
f 1418/2249/2056 2240/3646/3106 2653/4390/3602
f 4803/8427/337 4616/8428/339 3668/8429/3022
f 720/1145/1090 3941/6835/4690 3092/482/466
f 2061/3312/2876 3536/6031/4418 252/393/378
f 2568/4241/3502 3891/6715/4657 341/8430/528
f 1100/4549/1627 3018/5048/1629 4160/7285/4809
f 251/392/377 250/391/376 1578/2509/2262
f 3829/6601/270 4617/8431/4527 3689/6311/2192
f 3303/5417/4167 3176/5341/2784 4618/8432/4240
f 702/1109/1058 612/1111/909 4493/8106/3985
f 3219/5414/4165 1002/1599/1498 878/1392/1316
f 4679/7052/4757 3307/5588/4243 4619/8433/3110
f 4087/7137/4775 947/1500/1410 2542/5931/3470
f 3356/5695/2716 2237/3642/3103 1873/5696/2657
f 4302/7612/1746 1957/3139/2752 3192/878/844
f 3380/5740/4297 2736/4532/3683 1660/2634/2363
f 2058/3308/2872 2057/3307/2871 2760/4575/3712
f 1462/5853/2118 3424/5855/4337 210/331/318
f 4247/3664/3117 2280/3728/3160 2560/4228/3491
f 4701/6104/4445 429/671/648 3824/6595/4619
f 4925/8139/4913 2689/4453/3633 2688/4452/3632
f 2226/3624/3088 1896/3029/2679 3940/6831/816
f 1931/3091/2723 51/87/83 1233/1947/1806
f 814/7727/1231 2398/3920/3291 2400/3922/3293
f 317/505/489 374/598/581 1541/506/490
f 1732/2752/2456 2151/3487/2990 1733/2753/2457
f 4306/5418/4168 1182/5377/95 3196/5376/4149
f 1051/1670/1484 1994/3195/1198 1052/1671/1557
f 4337/8434/3620 1662/2639/2366 4338/1164/1108
f 4434/3131/2745 1953/3130/2744 4620/8435/2369
f 4290/4463/3639 2009/3225/2814 3995/6554/4605
f 60/104/100 1206/1903/1765 61/105/101
f 1938/3100/2729 2847/4728/3810 3870/6667/263
f 4264/7908/4851 2082/3361/2903 4298/3363/2904
f 4571/7684/4872 1339/2126/1954 3961/8077/4702
f 2486/5010/3404 1850/2952/1837 1849/2951/2622
f 2998/5011/3975 2486/5010/3404 1849/2951/2622
f 333/529/513 2492/4102/3411 2004/530/514
f 1170/1850/1719 3950/6854/4463 1504/2389/2165
f 3192/878/844 4562/8296/4922 3982/6909/4715
f 3158/5318/4124 3157/5317/4123 3411/5805/4326
f 3551/7867/4429 2462/4030/3368 537/4032/797
f 4462/8436/4402 1784/2838/2528 1929/3089/2721
f 4040/6343/1449 1838/2933/2606 2705/7879/3652
f 2862/4764/3829 4640/2140/1966 1349/2139/1965
f 3594/6139/4460 1078/6488/1591 4621/8437/4384
f 963/4026/1437 4622/8438/3797 1993/3193/2790
f 4176/7314/3597 4623/8439/2042 4518/422/407
f 328/522/506 4031/7016/4747 432/675/652
f 3024/5060/3996 3762/6475/3501 4795/8440/3503
f 532/6051/791 3354/5693/3514 444/7400/673
f 4886/3104/2731 519/803/775 1511/6338/2172
f 2672/4427/3619 4066/2302/2097 1662/6276/2366
f 2571/4245/3506 2570/4244/3505 3916/8441/3811
f 649/8442/971 4387/7828/3071 3283/4396/3604
f 1969/3155/2763 4180/7321/4816 3747/6451/1319
f 4329/7691/4873 1254/1987/1839 2125/3432/2953
f 1449/6520/2099 3988/793/765 512/795/767
f 3275/5522/4217 3274/5521/835 3838/6614/4626
f 3570/8443/4441 4875/3181/2782 4766/2247/2054
f 4557/3578/3058 2577/6583/3515 3563/6085/3895
f 261/7980/391 260/741/390 475/740/715
f 4624/8444/432 2918/4861/3886 1128/1787/1656
f 4625/8445/3155 3384/8/8 4/7/7
f 4217/7428/4831 458/711/688 460/713/690
f 2417/407/392 262/409/394 4305/8339/4840
f 1150/1821/1692 4187/839/808 4626/8446/4684
f 1188/1875/1741 3808/8447/4609 1189/1876/1742
f 4495/6779/4674 3566/6088/4438 3565/6087/4437
f 839/1335/1264 685/1082/1032 684/1081/1031
f 139/5194/204 2720/4507/3670 4050/7050/4756
f 3334/4969/3953 723/1151/1095 4127/1150/1094
f 4457/7045/4754 3218/5412/4164 4299/3419/2946
f 2671/4426/3618 4337/4428/3620 3394/5779/4314
f 4503/8448/4678 225/351/338 4803/350/337
f 1263/1999/1851 3578/6111/4448 3027/5066/3999
f 4627/8449/894 2411/3939/896 3101/5214/4073
f 4359/3446/2963 3017/5046/340 2134/3447/2631
f 3137/5286/4108 3172/7895/4136 3173/6619/4137
f 3075/5164/4049 17/29/27 3714/4795/3847
f 1174/1854/1723 3694/8450/4530 4582/3204/2799
f 2997/5008/3974 825/1314/1246 1325/2105/1937
f 4083/8451/4772 2418/7636/3313 3268/5510/4211
f 4209/3560/3050 2198/3562/3029 4345/8452/4002
f 396/627/607 2832/4698/2060 2474/4063/3386
f 2143/3475/2980 4580/8336/4673 2393/8229/3288
f 1082/1714/1596 331/527/511 1410/2233/2043
f 2728/3266/2841 274/428/413 2030/3264/2839
f 526/810/782 3083/5179/4058 2587/4273/3527
f 3568/6092/2305 4196/7349/4823 4279/6093/4440
f 4267/2257/2064 4581/8346/4495 3528/2256/2063
f 4137/7239/11 2562/4231/3493 2684/4447/659
f 1342/2129/1957 588/912/874 4598/911/873
f 4120/5502/4205 984/1567/1470 691/3231/1041
f 598/926/887 1336/2613/1947 404/638/618
f 2388/3904/3281 807/1289/1222 2719/5800/3668
f 3076/8453/3846 3484/3595/3067 800/5741/1213
f 3792/6538/4600 3414/5812/4330 2769/8454/3722
f 4192/7354/2337 157/244/231 4219/4143/3434
f 4607/8407/4928 1943/3111/2734 557/861/829
f 1912/1512/1420 2332/1511/1419 3408/5801/2627
f 2958/4936/3933 4336/7700/3282 2480/8455/3397
f 2919/4862/3887 2918/4861/3886 4628/8456/431
f 1536/6058/2208 3415/5814/4331 4586/8360/4092
f 2610/4309/3547 2831/4696/3796 805/1285/1218
f 4827/4840/3875 2986/8457/3961 1598/2541/2290
f 2537/4179/3462 1868/5676/2649 1869/7339/2650
f 4565/7282/3968 3866/8458/3740 4114/7192/4791
f 477/745/719 4372/33/31 1357/32/30
f 2782/4612/3078 679/1073/1023 681/1075/1025
f 3019/5050/3992 4223/4642/3760 472/728/705
f 4772/1244/1182 4754/1243/1181 2254/8459/3125
f 3050/8460/4024 1265/2004/1856 2233/3637/3099
f 4058/7074/3695 1550/2458/2221 4628/5230/431
f 4237/7458/2571 160/247/234 4629/8461/2572
f 913/1455/1370 912/1454/1369 4607/8407/4928
f 1599/2542/2291 4310/7639/3718 2766/3212/2805
f 4860/481/465 720/1145/1090 3092/482/466
f 1291/2037/1885 524/808/780 2307/3766/3187
f 3333/5643/4261 4630/8462/3954 3334/5644/3953
f 3873/7717/2997 2845/4725/3807 2713/4497/3663
f 4761/8463/4890 4430/7943/3194 1324/5469/1935
f 1080/1711/1593 1081/1713/1595 205/322/309
f 828/5897/1249 452/705/682 1480/2351/2139
f 534/823/793 1839/2934/2607 535/824/794
f 4532/7449/4843 4251/7417/4835 4711/5259/4096
f 2965/4606/3734 2779/4605/3733 4348/8464/4634
f 497/772/744 3758/3078/2712 498/773/745
f 834/1329/1258 3881/6697/4652 3883/6699/4653
f 4698/2640/2367 1662/2639/2366 4414/5833/4339
f 2155/3491/2994 1027/1631/1525 1667/2648/2374
f 2897/4820/3864 2945/4909/3915 1764/2804/2500
f 4027/594/577 4665/3889/3272 2306/595/578
f 4752/3120/2740 2120/3427/2949 2677/8465/3626
f 1115/1770/1647 4227/7422/4401 4500/8117/245
f 4187/7332/808 1932/7920/810 221/345/332
f 4631/8466/3749 389/8467/597 3020/5054/3993
f 1615/2571/2312 3325/7108/4255 3612/5399/520
f 1449/8468/2099 12/23/22 11/22/21
f 2448/4000/3345 4164/1435/1352 2415/1434/1351
f 3485/5939/4380 1891/8469/2675 3766/6483/4573
f 2787/8470/3744 2595/4283/3532 4561/8293/3751
f 3486/2416/2190 1523/2417/2191 303/473/458
f 3773/6498/3381 3711/7161/4540 2517/4152/3440
f 4593/8376/2024 2043/3285/2856 3918/6781/4676
f 1889/3020/2672 1866/2980/2646 4491/8102/4342
f 2201/7462/2978 2208/3585/3063 2209/3587/3052
f 2383/1759/1636 1411/8471/2045 3535/8472/3465
f 3816/6578/4616 4577/6579/4617 3087/5184/4061
f 774/1233/1171 4632/8473/2362 4366/1234/1172
f 197/309/296 196/308/295 4043/7832/1463
f 421/5611/639 1750/5610/2479 3349/5679/4275
f 2468/4044/3374 3338/5655/4265 2247/90/86
f 1845/3717/2617 1847/8474/2619 4231/5749/4301
f 4457/7045/4754 4046/7044/397 3218/5412/4164
f 4614/7558/2273 1434/2280/2082 4810/6676/4647
f 1690/2682/2401 2777/4601/3731 1691/2683/2402
f 618/959/919 619/961/921 2404/3930/3298
f 3580/4159/3445 2521/4158/3444 4818/4219/3486
f 3618/6199/4482 3620/6201/4484 2314/6696/3196
f 4165/7290/4300 3862/6650/4642 4166/7291/4504
f 652/1021/978 408/474/459 303/473/458
f 3381/5743/4298 3623/8475/4348 3382/5744/4299
f 1905/3046/2691 2029/1949/1604 4633/8476/1606
f 3605/6166/4474 1849/2951/2622 1851/2953/2623
f 2224/3622/3086 3481/5930/4375 2305/3764/3186
f 705/1115/1063 707/1117/1065 3597/6150/4466
f 2680/4443/3628 3112/8477/4086 2668/4421/2233
f 698/1103/1053 699/1105/1054 1107/1762/1639
f 2528/8478/3453 2742/5769/3689 1588/2525/2276
f 1383/7539/1178 4191/7353/4826 4634/8479/2006
f 4246/8480/4848 4161/7286/4810 4167/7294/4811
f 835/8481/1259 4791/4080/3399 2144/8482/1260
f 185/293/280 187/295/282 2768/4585/3720
f 621/964/924 620/963/923 1916/3067/2704
f 3148/3229/1777 943/3148/1405 61/105/101
f 2787/4620/3744 1402/2222/2032 1572/2494/2249
f 2110/3405/2934 2575/4251/3512 2097/3385/2919
f 324/514/498 4635/8483/2549 1157/5638/1699
f 3230/5439/2749 2218/3614/3079 2219/3615/3080
f 3732/8484/4558 3801/6555/4606 3733/8485/3539
f 4250/7904/2142 3775/6503/4583 4769/8486/2141
f 3469/5910/4369 2600/4294/3537 4749/2543/2292
f 4450/8487/4900 4310/7639/3718 2985/4017/3356
f 1528/2426/2198 3232/3704/3145 4392/5539/4225
f 210/331/318 949/1503/1412 2288/3742/3171
f 4540/8238/4918 4007/6963/989 217/339/326
f 158/245/232 2809/4659/3772 4217/7399/4831
f 765/1218/1157 4804/8488/4519 1908/1193/1135
f 4383/7817/3220 2334/6512/3219 1668/8417/446
f 4469/8037/1609 4153/2661/2385 4751/8489/2861
f 1734/2757/2461 2594/6253/3531 4293/6504/4584
f 3919/6782/4677 1319/2096/1928 3711/8490/4540
f 2226/3624/3088 3875/6680/4649 3115/8148/4090
f 4131/7225/2673 3506/5973/4398 3537/7226/4419
f 2991/7966/3966 3507/2590/2329 3016/8491/3991
f 1649/2617/2351 4026/7009/4745 1769/2809/2505
f 925/1470/1385 2794/7440/3754 4234/7442/4842
f 3817/6580/3994 3948/6852/4591 3818/6581/4618
f 2929/4886/3900 775/1235/1173 1799/2865/2552
f 4636/8492/2579 2529/4168/3454 3470/5911/4370
f 4870/1916/1778 4592/8375/3935 4930/8493/124
f 2261/3208/2801 3043/8494/4017 1416/2245/2052
f 743/1189/1131 745/1191/1133 3430/5839/2584
f 2145/6714/2981 322/903/495 2051/8495/2864
f 2320/3787/3203 1725/2742/2447 1724/2741/2446
f 4051/6677/4648 4760/557/541 1240/1956/1814
f 3789/6535/4598 3531/6021/4415 4385/4041/3373
f 3009/1241/1179 4789/4024/3363 778/1242/1180
f 2068/3327/2882 2034/3269/2844 2033/3268/2843
f 1542/2444/580 375/6219/582 3633/6221/4490
f 4292/7587/4400 4271/1633/1526 2980/1632/1237
f 2028/8496/2837 3508/1381/1305 2938/192/180
f 3479/5928/4373 3757/4093/3406 2489/4095/3408
f 3976/6901/4709 1914/5815/2702 3155/1545/1448
f 605/941/901 1880/3009/2666 4434/5592/2745
f 4637/8497/4894 4638/8498/4867 2245/8499/3111
f 2935/4894/3906 125/196/184 124/195/183
f 4639/8500/3344 3023/5059/3995 2447/8501/1443
f 2775/6887/3726 1009/1613/1510 4566/8307/938
f 3300/5573/4237 1261/6355/1849 3301/5574/4238
f 2601/8381/3538 4595/8380/4250 2295/3751/3177
f 52/89/85 1687/2677/2398 2072/3339/2890
f 3269/5511/4212 2418/7636/3313 4181/7323/4818
f 2820/4676/3781 4080/7122/4764 4896/552/536
f 4301/7609/3831 3206/4259/3516 2238/8502/3104
f 2191/3547/3039 2659/7099/3606 4460/8020/486
f 2682/7067/3629 2683/6096/3630 4026/7009/4745
f 1354/2148/1973 1353/2147/1764 1205/8179/1763
f 3870/276/263 3200/5381/84 335/538/522
f 3787/5156/4046 964/1532/1438 4872/8205/3364
f 4010/6966/4731 4009/6965/4730 4088/252/239
f 286/450/435 1062/3402/1566 625/968/928
f 2636/8503/3582 2649/8345/3599 4267/2257/2064
f 3936/6825/4687 4640/8504/1966 3750/6456/4110
f 4603/2857/2545 1795/2856/1367 4250/8505/2142
f 410/647/625 412/649/627 1454/2311/2105
f 4641/8506/1278 3974/6897/4707 1137/6783/1673
f 3686/5109/4019 1851/2953/2623 3047/5110/4020
f 1579/2510/2263 355/565/548 150/229/216
f 453/1319/683 1892/1318/1250 316/8507/483
f 4607/8407/4928 557/861/829 913/1455/1370
f 179/284/271 305/7518/462 3253/5478/461
f 3589/6736/4200 4516/8171/3579 1395/2207/2019
f 1695/2691/2409 4674/343/330 1782/2833/2524
f 4642/8508/3303 3581/6119/3571 2409/6118/3304
f 4643/8509/4125 3160/6012/4127 13/25/23
f 4281/7485/4344 4246/7486/4848 3774/8510/1968
f 4687/6967/4732 4688/8511/615 2756/4569/3708
f 486/759/731 1238/1954/1812 393/623/603
f 1451/2306/2101 1852/8512/2624 3543/6045/4347
f 2942/4903/3912 770/1225/599 392/2954/601
f 3796/2377/477 4877/2379/2158 3740/8105/3522
f 804/1284/1217 806/1286/1219 1168/5249/1715
f 4582/8348/2799 3694/8513/4530 3695/8349/4531
f 2162/3502/3004 1759/7797/2494 3524/6006/4411
f 2563/4233/3495 3232/5441/3145 2266/3702/3144
f 254/395/380 253/394/379 1124/1782/1657
f 26/50/46 2901/4827/3869 3006/5025/156
f 4801/8514/4144 4383/8515/3220 1960/3143/2755
f 2492/4102/3411 4644/8516/1073 2004/530/514
f 4181/7323/4818 4091/6496/4581 3269/5511/4212
f 2194/3552/3043 87/138/128 86/137/127
f 3158/5318/4124 3411/5805/4326 3175/5340/4139
f 1654/2627/2357 4012/2469/2231 1557/2468/2230
f 3949/6853/4696 4364/7209/3821 2314/8517/3196
f 4657/5159/4047 3072/5158/3845 4199/7487/3118
f 159/8518/233 4141/7246/235 3953/6865/4231
f 3688/8519/4526 3972/6894/4525 2548/4203/3477
f 2355/8305/3248 4278/6743/1209 4645/8520/4856
f 3658/6270/3573 104/165/154 4307/8521/4646
f 294/464/449 4004/6958/4726 295/465/450
f 3124/5266/4098 1095/1738/1617 2116/3415/2943
f 1178/1859/1728 60/104/100 59/101/97
f 3078/8522/4052 555/7038/827 4686/5702/961
f 2913/4852/3881 1083/3868/1597 3181/8523/895
f 1594/2536/2083 619/2764/921 1595/2537/2287
f 4646/8524/4929 631/7889/935 465/7197/697
f 4403/7866/4887 1905/3046/2691 4633/8476/1606
f 193/2998/292 2730/4522/2426 929/1474/1388
f 4092/7149/3044 89/141/131 2534/4175/3460
f 650/1017/974 3837/1016/973 4555/8525/1801
f 2581/6638/3518 1081/1713/1595 2712/4495/3662
f 2818/6505/3780 3340/5660/2810 4462/8526/4402
f 259/404/389 2461/4028/3366 3763/6477/4571
f 4128/7219/4795 4300/7608/2250 3584/6125/3489
f 834/1329/1258 833/1328/1257 3881/6697/4652
f 1153/1824/1695 1152/1823/1694 1874/5067/2658
f 3109/8527/2803 4206/8528/3590 3110/8529/4084
f 4387/7828/3071 2656/4394/3603 3283/4396/3604
f 4095/7347/4780 4647/8530/4453 625/968/928
f 251/392/377 1579/2510/2263 2343/3827/3233
f 4214/8531/386 4648/8532/4930 2332/8533/1419
f 4411/8534/4889 4410/1524/1430 1858/1523/1429
f 4212/2345/2134 3282/5534/2039 4478/6864/4394
f 3015/5042/3990 4698/2640/2367 3637/6228/4493
f 4649/8535/4931 4546/8255/3098 4017/6984/4738
f 3118/5252/4093 4650/8536/4595 865/1374/1299
f 2603/4299/3540 1887/3018/2670 1783/2836/2526
f 4190/7350/4824 3396/8299/4316 997/8192/1492
f 3848/6632/4633 3035/5084/4009 876/8537/1313
f 3725/6418/4552 3269/6417/4212 4091/7148/4581
f 1169/1847/1716 1168/1846/1715 3068/5149/4042
f 4535/44/40 1884/46/42 3819/6056/3389
f 485/758/730 3707/6374/3791 4266/7528/4852
f 3997/6948/4722 1841/2937/2610 3804/6560/4608
f 3136/5283/4106 1531/2430/2201 2717/4502/3666
f 3702/4937/3934 2958/4936/3933 2480/8455/3397
f 235/367/354 237/369/356 2190/3546/3038
f 177/279/266 2870/4778/3837 178/280/267
f 1864/2976/2642 3752/8538/4565 2100/2977/2643
f 3197/5378/4150 1182/5377/95 3367/5716/94
f 4628/8456/431 2918/4861/3886 4624/8444/432
f 3627/6210/4486 4576/8332/2113 4427/7937/4896
f 840/1336/1265 723/1151/1095 841/1337/1266
f 921/1465/1380 139/217/204 3499/8539/4392
f 2823/7799/3785 1797/2863/2550 3131/5275/4102
f 2346/3357/2900 1965/8540/2758 2080/3358/2901
f 3828/6600/4621 838/1334/1263 837/1333/1262
f 544/840/809 4187/839/808 3001/5018/3979
f 2001/289/276 3087/5184/4061 2002/8541/2806
f 2197/3559/3049 4651/8542/1713 1265/5115/1856
f 1493/2374/1978 1495/2376/2157 1642/4911/2343
f 4312/7644/4799 467/722/699 3443/5872/4351
f 4489/3244/2828 1426/2267/2071 3878/2266/2070
f 4510/5825/4336 3423/5824/4335 1819/2898/2581
f 1013/1617/1514 1012/1616/1513 1059/1679/1563
f 1351/2144/1970 3504/5971/4396 1352/2145/1971
f 2160/3499/3002 120/3501/177 4652/8543/19
f 3061/5139/4037 3060/5138/4036 2711/4493/3660
f 2373/3879/3264 273/8544/412 2374/3880/3265
f 946/1498/1409 3245/6760/4189 1636/2599/2338
f 3888/6707/4655 1584/8150/2270 2803/6708/3766
f 971/1543/1447 380/605/586 379/604/585
f 425/667/644 2388/6049/3281 2641/4372/3588
f 2406/3932/3300 2407/3933/3301 4277/6073/4431
f 2557/4221/3488 777/1238/1176 4879/4222/2804
f 2530/4169/3455 4854/4770/1961 2531/4170/3456
f 2429/3967/3324 2198/7731/3029 3101/5214/4073
f 4398/1600/1499 3136/8545/4106 878/1392/1316
f 21/3077/35 1920/3076/2711 4289/7579/4858
f 4547/8257/3801 3475/5918/3802 2749/4557/3699
f 1052/1671/1557 3449/8546/4355 3448/5221/4075
f 3566/6088/4438 4024/3841/3242 2351/3840/3241
f 4339/7950/4574 1549/6927/2220 2423/6926/3318
f 2605/4302/3541 2896/4819/3863 3366/5715/3892
f 2785/4617/3742 2346/8547/2900 3905/7553/4670
f 4591/8548/4925 1134/1796/1667 1133/1795/429
f 541/4257/804 3162/2710/2424 4653/8549/1830
f 4422/8550/1197 3449/8546/4355 1994/3195/1198
f 2819/3226/2815 3440/3228/2817 4650/6529/4595
f 1927/3086/2718 1451/2955/2101 4112/7190/4789
f 4654/8551/2765 4487/8091/2583 4375/790/762
f 19/3097/29 1935/3096/2726 3991/6929/4718
f 19/3097/29 3991/6929/4718 4084/6390/2971
f 4655/8552/4817 3955/6867/4700 1054/1673/1559
f 2061/3312/2876 4077/8553/4770 3536/6031/4418
f 403/636/616 4183/7325/4820 3326/5630/4256
f 17/29/27 4069/7098/2973 3714/4795/3847
f 3232/5441/3145 2563/4233/3495 3932/4232/3494
f 1944/156/145 99/155/144 3949/6853/4696
f 3525/6007/4412 4607/8407/4928 912/1454/1369
f 3114/5242/4089 2725/4515/3674 2724/4514/3673
f 88/142/130 3437/5852/4345 528/812/784
f 2044/3288/2857 2271/6805/3152 2367/63/59
f 2610/4309/3547 2609/4308/3546 2831/4696/3796
f 4455/8087/4236 146/225/212 148/227/214
f 1245/4292/1825 1247/1641/1532 2317/3784/3201
f 2599/4293/3536 1245/4292/1825 2317/3784/3201
f 4182/7324/4819 4691/7596/4451 1638/2601/2340
f 4047/7046/4755 523/4287/779 4401/7863/4886
f 3007/5028/3984 455/708/685 457/710/687
f 1111/1766/1643 1113/1768/1645 4113/7191/4790
f 4549/8263/2536 1832/8554/2600 4032/7017/4748
f 4086/7136/4774 3339/7280/566 4708/326/313
f 2996/5007/3973 529/813/785 3438/5857/4346
f 4514/8169/4916 1637/2600/2339 3336/6385/4264
f 3207/5396/4156 3029/4876/3896 3204/5391/4154
f 4550/8555/3129 2446/5869/3342 3441/5868/4349
f 1865/2978/2644 2099/8092/2921 198/8094/298
f 2985/4982/3356 1760/2798/2495 4450/7992/4900
f 1955/3134/2747 3230/3136/2749 1071/1696/1580
f 577/895/860 4708/326/313 578/896/861
f 3768/6489/4575 4615/8425/297 2412/6977/3308
f 4558/8078/4907 516/800/772 3970/6886/4706
f 2856/8023/3820 4363/6452/3822 1968/3154/2762
f 2425/3962/3321 3198/5379/4151 3266/4321/3555
f 4915/2213/2025 968/1539/1445 1341/2128/1956
f 1109/1764/1641 4130/7222/4796 3770/8556/4578
f 4656/8557/1870 4636/8492/2579 3470/5911/4370
f 160/247/234 4226/7421/4837 4629/8461/2572
f 2492/4102/3411 740/1183/1126 4644/8516/1073
f 2760/4575/3712 3515/6802/3898 4667/8558/4932
f 2518/4153/3441 2844/8559/2405 3873/6678/2997
f 4578/7177/4785 4445/8560/692 4444/8561/2325
f 4416/8562/4892 4094/7157/2116 3607/1757/1634
f 518/802/774 1511/6338/2172 519/803/775
f 4170/8563/4720 669/7985/1000 4095/8564/4780
f 2878/4359/3578 4657/8565/4047 2633/4360/61
f 796/1269/1205 3934/7124/4685 2725/4515/3674
f 2057/3307/2871 2281/3730/3161 3126/8566/4100
f 3475/8138/3802 1251/1983/1835 1224/1933/1793
f 1919/1585/1486 3281/7767/4223 4658/8567/4379
f 2824/4681/3665 4085/7134/4604 4885/4682/3786
f 4174/7311/4814 1176/8568/1725 4659/8569/2720
f 3089/6499/4062 4660/8570/4762 3430/5839/2584
f 4352/7745/862 2855/4747/2080 1792/8571/2541
f 4206/8249/3590 4545/8250/4919 3271/8572/1989
f 964/1532/1438 705/1115/1063 3597/6150/4466
f 3814/6575/4614 889/1418/1337 2756/4569/3708
f 4036/7503/4750 1283/2026/1874 3542/8573/4424
f 2766/3212/2805 4893/5680/4276 1429/2273/2077
f 1038/1649/1539 4002/6956/2477 4037/7803/4751
f 2785/4617/3742 4021/4616/3741 2346/8547/2900
f 3589/6132/4200 538/829/798 3258/6281/4201
f 3146/5298/4114 2503/6386/3423 2502/8574/3422
f 3858/6645/4640 512/795/767 3409/794/766
f 3582/6120/4450 3858/8575/4640 3409/5802/766
f 3069/5151/4043 4661/8576/3162 3070/5152/4044
f 2606/8577/3542 3366/4871/3892 2924/4872/3893
f 1375/2176/1995 1405/2874/2035 1805/2873/2560
f 1800/4699/2554 325/515/499 1774/8368/2513
f 4662/8578/4805 4154/2211/2023 4826/2210/2022
f 970/8579/1446 4303/7839/872 4663/5427/4172
f 970/8580/1446 4663/8581/4172 2282/4035/3163
f 1434/2280/2082 2945/4909/3915 4810/6676/4647
f 2980/1304/1237 2952/4922/3923 4292/5978/4400
f 4818/8582/3486 4389/3584/2379 4529/1690/1574
f 4099/4162/3448 2741/3997/3343 4158/8583/4807
f 4605/8404/1346 2673/4429/3621 2790/4625/2768
f 2304/3763/3185 3467/5907/4367 2305/3764/3186
f 4567/8313/3928 906/8584/1066 905/5289/1361
f 4360/7764/4533 2774/4592/3725 2773/4591/3724
f 549/846/815 3832/2982/2648 4785/8585/787
f 1827/5954/2593 2622/1743/1622 1098/1742/1621
f 2186/8586/1972 3079/8369/2511 883/6429/1329
f 3252/8021/4194 4460/8020/486 4816/8587/485
f 3293/6318/4230 1344/8588/1959 412/649/627
f 3316/5607/1424 4144/7255/4800 4195/7360/1331
f 3730/6427/4557 3116/5072/4001 4664/8589/3325
f 524/808/780 2483/4086/3401 525/809/781
f 265/413/398 1380/2183/2002 4754/8590/1181
f 1176/1856/1725 3694/8450/4530 1174/1854/1723
f 1126/1784/1659 154/237/224 2336/3815/3223
f 2198/7731/3029 4627/8449/894 3101/5214/4073
f 2756/8591/3708 4688/635/615 2313/637/617
f 4289/7579/4858 1920/3076/2711 4000/6953/4724
f 4275/7544/4855 3910/1716/1598 3909/8592/4671
f 3046/5106/1118 3026/8292/3997 1020/5107/1520
f 2209/4858/3052 4273/1239/1177 777/1238/1176
f 2150/3486/2989 2171/3514/3015 2303/3762/3184
f 1984/5605/1903 4122/7210/1902 3315/5606/4251
f 2479/4075/3394 4433/7958/4899 1019/8593/1519
f 3541/6041/4423 1139/1805/1676 2077/7589/2896
f 3850/8594/4635 3251/5476/4193 3851/8595/4636
f 3890/6713/4656 582/902/866 2145/6714/2981
f 1031/1638/1529 1032/1640/1531 1870/7412/2651
f 1774/2820/2513 3514/5991/3947 1800/2867/2554
f 170/268/255 1876/7252/2662 4928/7251/4516
f 2507/3300/2866 1744/3189/2469 3900/8596/1290
f 2319/3786/2509 4587/3025/2676 3304/5580/3018
f 3163/8088/4027 2304/3763/3185 4665/8597/3272
f 4669/7405/4833 190/301/288 1854/2960/2628
f 363/5838/558 2898/4821/3865 3227/5434/4175
f 3700/440/425 4162/5175/4055 4666/8598/426
f 1669/2650/2375 2334/3811/3219 2914/3393/2926
f 1393/2204/2017 313/2206/479 4555/8282/1801
f 3625/4077/3396 290/457/442 2479/4075/3394
f 2877/4789/3843 1861/2972/2638 1860/2971/2637
f 4819/3723/2341 2269/3709/3150 2278/3724/3157
f 3333/5643/4261 4247/7488/3117 4630/8462/3954
f 3092/5191/466 1252/1984/1836 1251/1983/1835
f 4667/8599/4932 3515/8600/3898 3517/8601/2698
f 3773/8602/3381 3919/6782/4677 3711/8490/4540
f 1520/2410/2185 1669/2650/2375 2914/3393/2926
f 566/1544/843 971/1543/1447 3825/6597/4620
f 2983/4978/3959 2585/4271/3525 1131/1793/1665
f 3055/5129/4031 3130/1712/1594 1080/1711/1593
f 254/395/380 686/5861/1033 1384/2189/2007
f 798/1272/1208 3304/5580/3018 1260/1994/1846
f 3348/5678/4274 1451/2306/2101 733/1171/1114
f 2799/5355/3762 3570/6095/4441 2200/5356/3051
f 3859/6646/2612 1842/8603/2611 402/634/614
f 2166/3509/3010 1744/3189/2469 2507/3300/2866
f 2114/3413/2683 2699/8604/3645 4423/657/635
f 3621/1078/1028 683/1077/1027 1896/3952/2679
f 4716/454/439 288/453/438 3583/8605/4452
f 2738/4534/3685 4668/8606/3814 3556/7002/2847
f 186/294/281 1382/2186/2005 187/295/282
f 1234/6777/1807 167/261/248 1878/3006/2665
f 4442/6382/3367 4661/8576/3162 3069/5151/4043
f 1667/2648/2374 1666/2647/2373 1904/7140/2690
f 3169/5332/3756 3168/5331/789 3971/8607/561
f 3941/8608/4690 3050/8460/4024 1252/1984/1836
f 3231/5440/4179 2537/4179/3462 2299/7338/3181
f 2587/4273/3527 2308/3767/3188 2307/3766/3187
f 2706/5731/3653 3374/5733/3148 4421/7919/4214
f 348/551/535 4669/8609/4833 4896/552/536
f 4670/8610/911 2270/3710/3151 2269/3709/3150
f 3238/7505/4183 1010/1614/1511 3053/5121/4026
f 2660/4403/3569 2493/8611/3413 4531/1176/1119
f 4635/2862/2549 3239/5454/2556 3132/5276/4103
f 3103/5220/4074 1024/216/203 140/218/205
f 3579/277/264 3870/276/263 335/538/522
f 1106/1761/1638 2786/4619/3743 698/1103/1053
f 1144/1810/1681 4935/6974/4733 4177/7315/138
f 2988/4986/3823 4280/7162/4781 1765/4987/2501
f 3376/5735/4293 4646/8612/4929 4116/5736/4294
f 2147/3481/2984 4824/7973/4683 1454/4261/2105
f 4703/2788/2486 4710/2787/2485 3604/6164/4472
f 3700/6359/425 4666/441/426 667/1048/998
f 3442/5871/4350 1635/2597/2336 1634/2596/2335
f 2493/8611/3413 2026/3257/824 2014/3239/2823
f 742/1186/1129 2756/4569/3708 2313/3774/617
f 2712/5446/3662 4031/7016/4747 2581/8613/3518
f 4131/7225/2673 1889/8614/2672 3505/5972/4397
f 4202/7370/4828 3785/2735/2441 3724/2734/2440
f 2173/5443/3019 2891/4814/3858 3760/6472/3037
f 3303/5417/4167 4671/8615/2885 4105/7183/4786
f 607/944/904 4601/8394/4897 4421/5515/4214
f 928/1473/1387 1093/1736/1616 1875/2997/1783
f 2063/3314/2878 558/862/830 3494/2413/2187
f 3999/8616/4723 1532/2431/2202 2643/4375/3591
f 2654/3482/2985 2798/4640/3759 3550/3483/2986
f 1822/2907/2589 2058/5627/2872 1505/2390/2166
f 3815/6576/4615 3562/6083/4436 2850/4737/3816
f 3514/4956/3947 4342/7722/4875 1801/8617/2555
f 2209/4858/3052 777/1238/1176 2557/4221/3488
f 4672/8618/3727 3405/7448/4324 750/1198/1139
f 470/6622/703 5/9/9 1435/2282/2084
f 3316/5607/1424 3315/5606/4251 4003/6957/4725
f 1238/1954/1812 1237/1953/1811 3871/6668/4645
f 3777/8619/4585 209/4485/317 2046/3290/2859
f 3201/5386/4152 4244/7479/4846 4359/8311/2963
f 1578/2509/2262 2803/4649/3766 1583/2516/2269
f 4562/8296/4922 2710/4490/3658 3982/6909/4715
f 95/8620/137 4039/7032/4753 3188/5364/1904
f 2370/3874/3260 3624/6206/3141 4241/4739/3818
f 4310/4582/3718 2441/3986/3337 2253/3671/3123
f 4245/7483/4847 2244/3651/3109 4015/5727/4290
f 1210/1912/1774 3122/3726/3159 1211/1913/1775
f 3402/6407/4320 3510/5985/4403 4093/7121/2653
f 4622/8438/3797 1369/5068/1987 1993/3193/2790
f 3659/6272/4505 1930/3090/2722 1227/1937/1797
f 2229/1497/1408 945/1496/1407 3773/8602/3381
f 1683/2670/2392 3767/5424/4171 1806/2875/2561
f 4704/8621/4579 3530/6019/4388 3210/8622/4157
f 2817/8243/3779 4903/6528/4594 2297/8623/3178
f 3932/4232/3494 241/8624/363 4391/7835/365
f 989/1577/1478 1448/2300/2095 990/1578/1479
f 314/8625/481 134/210/197 4831/212/199
f 96/151/140 2852/8626/192 97/152/141
f 4852/6666/3165 4673/8627/3126 4316/6664/3478
f 4674/8628/330 219/5118/329 4583/6986/4739
f 1750/2781/2479 1751/2783/2481 4713/8168/4915
f 1248/1980/1832 1250/1982/1834 3548/8629/1734
f 3112/5239/4086 2910/8630/2381 4365/5240/4087
f 3868/6662/4644 3633/6221/4490 4053/7057/4473
f 93/8631/135 1396/4919/2020 3286/1654/1544
f 2917/4860/3885 3138/5287/4109 3447/5877/4354
f 4385/4041/3373 4097/7164/4782 1346/2136/1963
f 4481/8073/4906 4185/7327/4821 4050/7050/4756
f 4155/7275/4806 2251/3668/3120 4319/7670/3929
f 2048/3295/2862 2050/3297/2863 3975/6899/4708
f 4294/8632/2830 4148/3354/2898 2079/3356/2831
f 4675/8633/4933 3604/6164/4472 665/1046/152
f 1746/3318/2472 4675/8633/4933 665/1046/152
f 4314/7656/2938 3234/7770/4180 4676/8634/2939
f 3319/1786/1661 1127/1785/1660 1490/3320/2153
f 4121/3576/3057 4557/3578/3058 3835/6610/4625
f 4467/35/33 1793/2854/2543 3066/5245/4041
f 22/36/34 4467/35/33 3066/5245/4041
f 1315/2083/1917 473/729/706 3764/6478/1530
f 4435/7963/912 4670/8610/911 2269/3709/3150
f 1666/2647/2373 4067/8059/4766 4068/7141/4767
f 4769/8635/2141 4677/8636/1664 4678/8637/1663
f 131/207/194 4477/8065/4905 132/208/195
f 2667/8638/3615 4341/8639/3574 4909/3355/2899
f 2918/4861/3886 2920/4863/3888 3806/6563/4462
f 1578/2509/2262 1583/2516/2269 1579/2510/2263
f 3974/6897/4707 3429/5835/4340 4503/6784/4678
f 2657/3251/2833 198/311/298 4835/313/300
f 4531/8210/1119 3046/5106/1118 360/5105/554
f 3800/3617/3082 4679/8640/4757 4680/8641/4934
f 2591/4277/3529 3863/6651/4643 2369/3872/3259
f 2301/189/178 4681/8642/4376 2384/8643/1635
f 781/1247/1185 4152/7270/3208 782/1248/1186
f 4583/8353/4739 1762/8644/2498 3813/6574/4613
f 4059/4952/3945 4221/7409/4834 483/4953/727
f 3541/6041/4423 2077/7589/2896 4865/4119/3420
f 908/1449/1364 2863/4765/3830 2862/4764/3829
f 2639/4370/3586 1037/1648/1538 1289/2034/1882
f 3809/6569/4610 3811/6571/4612 1621/2579/2318
f 1531/2430/2201 1533/2432/2203 2717/4502/3666
f 3651/8645/1221 1299/2051/1892 1298/2050/1891
f 685/1082/1032 4467/35/33 752/1200/1141
f 1480/2351/2139 452/705/682 4027/594/577
f 3342/5664/2492 2676/8646/3625 2780/8009/3736
f 2575/8647/3512 4692/8648/2965 605/941/901
f 3036/2812/2507 3902/8649/4306 2422/8650/3317
f 2258/3688/3136 459/712/689 458/711/688
f 1781/2830/2522 1688/1874/1740 1082/1714/1596
f 2836/7602/3798 480/750/722 2992/4997/2317
f 3042/5444/3138 324/514/498 3331/5639/4067
f 852/1350/1276 4641/1352/1278 1136/1801/1672
f 2432/3972/3328 4118/3974/3329 4281/7485/4344
f 212/334/321 2432/8651/3328 4281/7564/4344
f 4875/7951/2782 2423/6926/3318 4682/8652/2055
f 2195/3556/3047 3022/3555/3046 430/1396/650
f 4539/7155/4779 2794/7440/3754 1359/2153/1976
f 677/1069/1019 1509/2394/2170 676/1067/1017
f 1315/2083/1917 4767/2082/1916 473/729/706
f 4038/7031/4752 1818/7030/2580 4683/8653/2582
f 2825/4683/3787 4885/4682/3786 1737/8654/920
f 618/959/919 2825/7620/3787 1737/960/920
f 708/1119/1067 4319/4932/3929 3275/5522/4217
f 2200/5356/3051 3570/6095/4441 4130/7222/4796
f 4684/8655/4406 1183/1866/1733 3656/8656/3244
f 4867/3819/3227 264/5413/396 4340/7709/2759
f 3067/5148/1383 3608/8657/3361 3068/5149/4042
f 1687/2677/2398 3266/5505/3555 3198/8658/4151
f 2907/4008/3350 2909/8659/3878 4828/7681/4871
f 1539/2441/2210 3678/6310/4517 1512/2397/2173
f 1267/2007/1858 3832/2982/2648 1268/2008/1859
f 341/544/528 343/546/530 4374/7796/3122
f 553/853/821 1616/2572/2313 299/469/454
f 3548/8629/1734 327/8660/501 1248/1980/1832
f 554/8661/823 3056/8662/4032 764/6273/1156
f 4445/715/692 4511/714/691 1098/8663/1621
f 4160/7285/4809 4236/4964/3949 2674/4432/3622
f 1423/2259/2066 1422/2258/2065 4470/8039/4414
f 118/185/174 3738/6440/4560 119/186/175
f 1595/2537/2287 166/257/244 4817/2848/1556
f 506/7357/758 4194/7356/1005 2442/8664/1460
f 4623/8439/2042 373/593/576 4518/422/407
f 4440/7975/4327 1326/2106/1938 4225/7420/4836
f 3154/8066/4121 4318/7666/4869 4685/8665/4050
f 3624/3697/3141 1766/2806/2502 3351/5687/4279
f 258/400/385 257/399/384 4256/8666/4850
f 2627/4341/3567 3078/7798/4052 4686/8667/961
f 4657/8668/4047 36/66/62 2633/65/61
f 4687/8669/4732 2739/4535/3686 4688/8670/615
f 4901/4305/3543 1224/7125/1793 2608/4306/3544
f 2141/4857/2977 2557/4221/3488 4260/4220/3487
f 1391/7444/1490 3833/6608/4623 1194/1884/1748
f 1129/1788/1662 1925/646/624 847/5648/1272
f 3168/8671/789 4413/3202/2797 531/7849/790
f 4253/7498/3061 1315/2083/1917 3653/8672/642
f 1770/2811/2506 4272/8673/4854 4325/8674/2277
f 1254/1987/1839 2490/4096/3409 1255/1988/1840
f 3343/8675/4268 931/4536/1391 3344/6546/4269
f 3308/3399/2930 4516/8676/3579 4563/3400/2931
f 2131/3443/2960 2960/4941/3938 2132/3444/2961
f 1341/2128/1956 1905/3046/2691 4403/7866/4887
f 1087/1720/1602 3558/6077/4434 863/1371/1296
f 2834/2877/2563 536/4031/796 2462/4030/3368
f 3470/5911/4370 2531/4170/3456 4568/8316/4923
f 3741/6443/4562 4558/8286/4907 3970/8228/4706
f 2339/3820/3228 47/83/79 46/82/78
f 4266/7528/4852 3759/2979/2645 1867/2981/2647
f 4621/5951/4384 3490/5950/4383 3852/6637/604
f 2955/4930/3927 1632/2594/2333 4689/8677/4813
f 4568/8316/4923 2955/4930/3927 4689/8677/4813
f 2002/3214/2806 3352/8678/4280 3493/3215/2807
f 3307/5588/4243 3306/5587/3694 4619/8433/3110
f 2511/4140/3431 2674/4432/3622 2512/4141/3432
f 3909/6765/4671 2237/3642/3103 4346/6800/2736
f 377/601/583 3236/3542/3034 378/602/584
f 2113/3412/2941 926/1471/1386 3080/5173/4054
f 3336/7791/4264 782/7093/1186 3780/6516/4588
f 4109/3676/3127 2195/3556/3047 430/1396/650
f 439/688/665 4690/8679/4728 440/689/666
f 4659/8569/2720 1176/8568/1725 1175/7175/1724
f 1994/3195/1198 3449/8546/4355 1052/1671/1557
f 4280/7162/4781 2988/4986/3823 1017/1621/1517
f 2686/4449/3631 3906/6729/2238 3245/8680/4189
f 3730/6427/4557 4664/8589/3325 4691/8681/4451
f 4198/7364/4758 4052/4688/3790 2539/4181/3464
f 777/1238/1176 1383/1240/1178 1382/8682/2005
f 4353/7746/4876 4730/7747/1238 1859/8683/2636
f 1702/2701/2417 1735/2758/2462 4523/8195/4592
f 1853/2958/2626 4495/7749/4674 785/4853/1189
f 963/4026/1437 3791/6537/4599 778/1242/1180
f 4789/4024/3363 963/4026/1437 778/1242/1180
f 3664/6286/4508 1191/1878/1006 3945/6287/4509
f 4292/8389/4400 4513/8684/1810 1734/2757/2461
f 4252/100/96 3835/6610/4625 3153/5309/4119
f 3414/5812/4330 2770/5813/1068 2769/8454/3722
f 2169/3512/3013 2150/3486/2989 2151/3487/2990
f 2349/3838/3239 3010/7081/3987 4591/8373/4925
f 651/1020/977 3045/3336/2888 1236/1951/1809
f 2662/7807/3608 4139/7243/4798 1506/7242/2167
f 4534/8217/4917 1287/2030/1878 2762/4578/3714
f 2648/4385/3598 3854/6641/4637 2935/4894/3906
f 2648/4385/3598 2935/4894/3906 2440/3985/3336
f 1279/2021/1872 1911/2023/1873 1649/8685/2351
f 2901/7130/3869 815/1299/1232 817/1301/1234
f 2294/5445/3176 325/515/499 324/514/498
f 4265/4784/902 4692/8686/2965 4743/4459/3636
f 4099/4162/3448 4639/3998/3344 2741/3997/3343
f 1937/3099/2728 1921/3079/2713 3561/6081/4435
f 2421/3944/3310 4351/7742/139 2003/3217/2808
f 2403/3928/3297 1802/2870/2557 2402/3927/3296
f 122/193/181 1947/8687/2739 3182/5352/2929
f 1419/5874/2059 409/644/622 1129/1788/1662
f 3846/6426/3687 2755/4567/3707 2739/4566/3686
f 925/1470/1385 2696/4464/3640 2726/4516/3675
f 978/8688/1462 4079/2699/1886 1700/2698/2415
f 2608/4306/3544 1497/7126/1795 3735/6437/3748
f 3511/5986/4404 242/377/364 4035/7021/4749
f 890/1420/1339 633/8689/939 4693/8690/1509
f 1975/3167/2772 2958/4936/3933 1804/2872/2559
f 4694/8691/890 2329/3803/1823 2012/3802/2654
f 4665/8597/3272 2304/3763/3185 2306/3765/578
f 4695/8692/3100 3723/8693/3055 3545/6054/4216
f 657/5937/983 2020/3247/2616 954/1514/1421
f 446/698/675 2624/4335/3562 107/170/159
f 2301/189/178 2384/8643/1635 121/190/179
f 2418/3949/3313 2013/3238/2822 1646/2611/2348
f 4696/8694/3838 3726/6419/4553 2460/7585/3365
f 2644/4378/1542 4697/8695/2705 4911/8696/278
f 4677/8697/1664 2644/4378/1542 4911/8696/278
f 3142/5369/4112 4671/3330/2885 2071/3332/2887
f 4310/4582/3718 559/8698/833 2441/3986/3337
f 4169/6846/4521 3146/5298/4114 2502/8574/3422
f 3800/3617/3082 4680/8641/4934 2221/3618/3083
f 4698/8699/2367 858/5524/1287 2888/4811/3856
f 2020/6005/2616 657/1026/983 808/1290/1223
f 1211/1913/1775 3122/3726/3159 2155/3491/2994
f 3304/5580/3018 3725/6418/4552 3771/7147/4580
f 402/8700/614 1842/2939/2611 4585/8359/3867
f 891/1422/1341 40/8701/70 892/1423/1342
f 2254/3674/3125 96/151/140 2485/4088/3403
f 2585/4271/3525 3997/6948/4722 3804/6560/4608
f 1689/641/621 3743/6445/4564 407/642/460
f 1665/2645/2371 814/5122/1231 3162/2710/2424
f 4051/6677/4648 1240/1956/1814 381/606/587
f 773/1232/1170 2421/3954/3310 2732/4526/3680
f 3466/5484/4197 4409/7881/4366 4808/5485/4198
f 4069/7098/2973 17/29/27 4084/7132/2971
f 3445/5875/4352 2983/4978/3959 4894/2520/2272
f 2241/780/752 3387/779/751 4296/8702/2205
f 2145/6714/2981 582/902/866 322/903/495
f 4000/6953/4724 828/6952/1249 3459/8703/1567
f 4289/7579/4858 4000/6953/4724 3459/8703/1567
f 4062/7084/4763 4441/7976/1105 4119/7202/4793
f 4699/8704/724 3503/5970/4395 603/4708/897
f 597/924/885 4890/923/884 3296/8705/4232
f 4755/580/563 366/579/562 2368/3870/346
f 2588/4274/913 3849/6348/4532 1846/2947/2618
f 4335/5056/3045 4700/8706/3889 4701/8707/4445
f 4335/5056/3045 4701/8707/4445 3823/7445/649
f 676/1067/1017 1837/2932/2605 2579/4256/259
f 4702/8708/2689 2155/3491/2994 1667/2648/2374
f 3022/8709/3046 1967/3153/2761 1969/3155/2763
f 2185/3536/1572 43/78/74 44/80/76
f 2332/3808/1419 4551/3807/2031 3408/2959/2627
f 4017/6984/4738 1581/2512/2265 4018/6985/3095
f 1701/8710/2416 3716/6396/4544 3370/5723/129
f 4419/3070/2706 1431/6774/2079 879/1400/1322
f 2577/4254/3515 670/1052/1002 4923/2039/1434
f 3059/5137/4035 3262/5497/4204 3060/5138/4036
f 3119/3729/2303 1978/3172/2775 1977/3171/1730
f 4690/6962/4728 3088/6961/663 856/2422/1284
f 2004/5468/514 2005/2003/1855 2619/4325/3558
f 233/8711/351 3593/7230/4459 4135/7232/352
f 3769/6491/4576 3808/6566/4609 1188/7105/1741
f 4703/8712/2486 2667/4418/3615 2666/4417/3614
f 4704/8713/4579 1611/2567/2309 384/609/590
f 3014/4329/3559 4067/8059/4766 3276/5525/4218
f 4695/3638/3100 4489/3244/2828 3878/2266/2070
f 3372/6695/2897 2859/4755/3824 2231/5124/3093
f 1860/2971/2637 1155/1826/1697 1154/1825/1696
f 3497/8714/4390 270/421/406 4815/8715/4389
f 4346/6800/2736 3947/6850/4695 4705/8716/4863
f 1888/3019/2671 4346/3116/2736 4705/7640/4863
f 4732/2626/1960 2508/4137/3429 1654/2627/2357
f 3738/6440/4560 1588/2525/2276 1041/1653/1543
f 3833/6608/4623 500/777/749 1194/1884/1748
f 2090/3376/1211 130/203/191 337/540/524
f 4900/2163/1982 2213/3605/3072 1365/2164/1983
f 416/4081/631 4094/2325/2116 1727/2324/2115
f 4321/7675/4870 2310/3771/3191 4564/8300/4773
f 2913/4852/3881 2735/4531/3682 2734/4530/3681
f 1422/2258/2065 3202/480/464 4470/8039/4414
f 1647/2120/1948 4706/8717/2349 4539/8237/4779
f 2311/3772/3192 4321/7675/4870 483/4953/727
f 3891/6715/4657 2145/6714/2981 342/8718/529
f 3777/8619/4585 2046/3290/2859 4290/4463/3639
f 187/295/282 4086/7136/4774 577/895/860
f 1211/7712/1775 2620/4328/2316 1212/4327/1776
f 4791/4080/3399 3914/6772/2979 2144/8482/1260
f 4707/8719/4177 2042/3283/2854 2125/3432/2953
f 4708/8720/313 3339/5658/566 4132/5549/4227
f 191/8721/289 3826/2121/1949 1014/1618/290
f 431/674/651 432/675/652 1948/556/540
f 3810/6570/4611 4013/6979/4735 3908/6534/4597
f 3539/6037/4422 4208/7344/1879 4709/8722/4830
f 4504/8136/1454 3539/6037/4422 4709/8722/4830
f 1689/641/621 408/643/459 2591/5766/3529
f 1515/6587/2176 48/84/80 2937/4897/1416
f 1407/2555/2038 3880/8723/4651 1608/2556/1582
f 855/1355/1281 4075/1581/1482 4388/7829/4470
f 1703/8724/2418 4054/5528/4221 4710/8725/2485
f 1703/8726/2418 4710/2787/2485 1753/2786/2484
f 3587/8727/2092 4447/7988/3836 709/8728/1070
f 1745/2772/2471 1305/2060/1900 1306/2062/1901
f 4036/7503/4750 4035/8288/4749 3203/5388/4153
f 2023/3253/2835 7/12/12 1877/3002/2663
f 2626/4337/3564 2039/3279/2851 2538/4180/3463
f 876/8537/1313 3035/5084/4009 3036/5085/2507
f 3646/1484/1397 1086/8729/1601 2578/1485/1398
f 4605/1427/1346 895/1426/1345 2455/8730/2793
f 1462/5853/2118 210/331/318 4315/7657/4866
f 4532/8213/4843 4711/8731/4096 3887/4669/975
f 4488/8095/4909 3456/6822/4360 1181/1864/1732
f 278/433/418 277/432/417 4005/6959/4727
f 144/223/210 667/1048/998 145/224/211
f 3768/6489/4575 2412/6977/3308 1610/2564/2307
f 391/620/600 4712/8732/2905 392/621/601
f 3024/5060/3996 4795/8440/3503 967/3262/1444
f 4668/6490/3814 1149/1817/1688 3556/6075/2847
f 149/228/215 2343/3827/3233 150/229/216
f 3909/6765/4671 2236/3641/3102 2237/3642/3103
f 2903/4834/3871 3121/5262/4097 2530/4169/3455
f 3479/7061/4373 3420/5820/4334 1819/2898/2581
f 515/799/771 3970/6886/4706 516/800/772
f 1944/3113/145 3949/8733/4696 4756/4905/3195
f 2774/4592/3725 3856/8143/4638 3330/5637/3926
f 155/238/225 1070/1695/1579 4261/1840/1709
f 2430/3970/3326 4713/8734/4915 2484/8245/3402
f 4301/7609/3831 2863/7652/3830 3938/6828/4689
f 4283/3541/3033 4714/8735/4543 3103/5220/4074
f 1565/2484/2242 4534/8217/4917 3469/5910/4369
f 4535/6196/40 951/1508/1417 4715/8736/43
f 4138/205/193 104/165/154 97/206/141
f 2006/3222/2811 748/1195/1137 747/1194/1136
f 1220/1927/1788 2006/7928/2811 747/2093/1136
f 3640/7254/1946 273/8544/412 2373/3879/3264
f 3645/6247/4501 2619/4325/3558 2618/4324/3557
f 1659/1962/1819 1242/1961/1818 4520/8266/3511
f 4768/7058/3870 3633/6221/4490 481/8737/725
f 1076/8738/1588 4856/4888/3902 4728/8739/1589
f 2719/8740/3668 1298/3788/1891 2048/3295/2862
f 4062/7084/4763 4119/7202/4793 913/1455/1370
f 4474/8741/3609 893/3606/1343 4045/6826/4688
f 928/1473/1387 193/2998/292 929/1474/1388
f 2391/3910/3287 4898/4722/253 2722/5513/3672
f 4405/7871/4744 3643/2293/2089 1743/2769/2468
f 4716/8742/439 3583/8743/4452 3663/6209/4213
f 56/95/91 3765/8049/4572 2973/4963/3948
f 1562/2478/2237 3891/6715/4657 2568/4241/3502
f 2382/3895/2147 1487/8744/2149 2930/8350/3901
f 4717/8745/3305 1759/7797/2494 2162/3502/3004
f 1213/1918/1780 4099/7168/3448 4158/7283/4807
f 4223/4642/3760 470/726/703 472/728/705
f 3002/8746/3249 3165/5328/4131 2356/2667/2389
f 2574/4249/3510 1830/2922/2598 1831/2924/1911
f 2821/8747/3783 3004/5022/3782 3003/5021/3981
f 2083/3365/2906 2192/3550/3041 3168/5331/789
f 4352/7745/862 3084/5181/4060 3085/5182/66
f 3870/276/263 2847/5082/3810 3200/5381/84
f 1674/2656/2380 4389/2655/2379 4718/8748/539
f 4350/7790/4586 3629/6214/4487 3628/6213/2352
f 3100/5213/4072 113/177/166 112/176/165
f 1791/2850/2539 3100/5213/4072 112/176/165
f 2216/3611/3076 4506/8222/1404 3141/3503/3005
f 4280/7162/4781 1763/8749/2499 1765/4987/2501
f 4778/312/299 3143/8750/4095 4835/313/300
f 4719/8751/832 4720/8752/831 4287/7577/4857
f 4286/7576/2241 4719/8751/832 4287/7577/4857
f 1872/2991/2656 3158/5318/4124 3415/5814/4331
f 1209/1911/1773 4910/7343/4822 4062/7247/4763
f 417/654/632 2422/8650/3317 3365/655/633
f 442/692/669 2838/5809/3800 3413/5811/4329
f 3111/6857/4085 899/1433/1350 898/1432/75
f 2606/8577/3542 2924/4872/3893 3930/6806/4682
f 2982/7534/3958 4317/7536/4853 4637/7913/4894
f 2855/4747/2080 3085/5182/66 4569/8318/3256
f 2374/3880/3265 273/8544/412 272/4521/411
f 2655/408/393 2778/4604/3732 1230/5948/1802
f 3181/935/895 3910/1716/1598 4275/7544/4855
f 2703/4478/3650 2180/3530/3028 2704/4479/3651
f 4549/2846/2536 3527/6009/3624 1832/8753/2600
f 1261/1997/1849 2499/1996/1848 3698/8754/4022
f 2820/4676/3781 4896/552/536 3004/4677/3782
f 4901/8755/3543 4721/8756/3545 2624/8757/3562
f 2737/4533/3684 3379/5739/4296 1190/1877/1743
f 2182/1797/1668 4411/7885/4889 1133/1795/429
f 2236/3641/3102 3909/6765/4671 2929/4886/3900
f 261/7980/391 1084/1717/1599 4722/8758/2771
f 834/1329/1258 3883/6699/4653 673/1061/1011
f 3822/2318/2111 2791/3791/3205 1459/2319/2112
f 1386/581/564 748/1195/1137 2395/582/565
f 3535/6029/3465 2111/8759/2935 3534/6027/2937
f 4556/6232/4496 3345/5667/4270 4502/4284/3533
f 1651/2621/2354 1752/2784/2482 1652/2622/2355
f 4555/8525/1801 1229/5400/1800 650/1017/974
f 4080/7122/4764 347/550/534 4896/552/536
f 2705/7879/3652 4904/1215/1154 3373/8760/4291
f 2706/4481/3653 2705/4480/3652 3373/8761/4291
f 1391/8762/1490 1194/6659/1748 760/1212/1151
f 2631/4355/3575 597/924/885 3167/5330/4133
f 281/436/421 4915/8184/2025 1340/7736/1955
f 4525/6035/4421 1714/2717/2429 1713/2716/2162
f 3990/4559/3701 4723/8763/4908 2751/4560/3702
f 1672/1906/1768 3216/1908/1770 4609/8415/952
f 4724/8764/2576 3588/1338/1267 982/1565/1468
f 1406/2227/2037 3880/8765/4651 1407/2228/2038
f 126/197/185 3224/5426/2774 4613/3672/3124
f 1808/2878/2564 1220/1927/1788 1219/1926/1787
f 2171/3514/3015 2302/3761/3183 2303/3762/3184
f 2168/3511/3012 4304/8766/838 1990/3190/2788
f 237/369/356 464/719/696 4864/7560/4118
f 4723/8080/4908 3990/8767/3701 4725/8768/2222
f 4804/8488/4519 765/1218/1157 767/1220/1159
f 941/1489/1402 2321/3789/3204 1936/3098/2727
f 4218/8413/4832 4905/7802/1216 2698/8769/3642
f 4376/8770/4880 4037/7027/4751 4211/7026/4308
f 1611/2567/2309 385/610/591 384/609/590
f 268/419/404 39/72/68 891/4319/1341
f 1820/2903/2585 3430/2902/2584 4660/7071/4762
f 3393/8771/4313 2393/8772/3288 3676/8773/4514
f 1444/2294/2090 3861/8774/4641 3681/6320/4520
f 2274/3714/3154 4146/7258/4442 2683/4446/3630
f 278/433/418 4005/6959/4727 3052/5119/4025
f 3977/6903/4710 3942/6836/4691 3978/6904/4711
f 3164/6278/4130 1489/2368/2152 1488/2367/2151
f 3148/1915/1777 4870/1916/1778 3935/8775/4686
f 3692/6577/4170 2151/3487/2990 1732/2752/2456
f 1003/8776/488 4484/1146/1091 2911/4848/3879
f 4655/8552/4817 1054/1673/1559 4726/8777/713
f 4856/4888/3902 3701/6141/4461 4728/8739/1589
f 4273/7869/1177 2951/4921/3922 4547/4711/3801
f 4070/492/476 4727/8778/2972 3796/493/477
f 4728/8779/1589 902/1442/1359 2904/1441/1358
f 1750/5610/2479 4713/8734/4915 2430/3970/3326
f 1037/1648/1538 2639/4370/3586 1038/1649/1539
f 1207/1909/1771 3205/5393/4155 3193/5373/4148
f 4054/5528/4221 1703/8724/2418 4746/5529/3709
f 3600/6155/4469 3471/5913/487 2658/4400/3605
f 67/112/106 1057/1677/1561 78/126/118
f 481/753/725 1843/4383/2613 482/754/726
f 2482/8780/3400 4274/3894/3276 1926/3893/2717
f 389/8467/597 4729/8781/4825 2152/3488/2991
f 2487/4090/3405 1483/2358/2144 1253/1986/1838
f 4635/2862/2549 3132/5276/4103 1797/2863/2550
f 2035/3274/1745 819/1306/1239 4730/1305/1238
f 1118/1774/1651 2987/4984/3962 1119/1775/1652
f 2132/3444/2961 2960/4941/3938 3298/5567/4234
f 102/7523/149 1736/2529/2280 2632/8782/3576
f 2858/6996/2365 2883/4804/3851 4023/6997/4741
f 288/453/438 504/783/755 3583/8605/4452
f 1933/3093/994 3662/6283/4507 1934/3094/2724
f 4615/310/297 197/309/296 2412/3942/3308
f 1671/6371/2377 2107/1907/1769 1672/1906/1768
f 1624/8783/2322 4444/7983/2325 4806/1744/1623
f 452/705/682 454/707/684 4027/594/577
f 4157/7281/4777 4114/7192/4791 1756/2791/2489
f 1859/7738/2636 4730/8784/1238 284/445/430
f 4731/8785/1464 3262/5497/4204 3059/5137/4035
f 1789/3004/2537 1673/2654/2378 911/1453/1368
f 4454/8004/4901 4290/7583/3639 2214/3609/3074
f 4392/5539/4225 3284/5538/4224 1526/2424/2196
f 4048/7047/800 3441/8786/4349 587/909/871
f 2362/3857/3254 2264/7732/3143 3655/6266/3289
f 1653/7616/168 2073/3565/2891 4732/8787/1960
f 1738/2763/2465 4742/2762/2464 166/257/244
f 1162/1837/1706 115/182/171 117/184/173
f 2956/4933/3930 1420/6015/2061 3080/5173/4054
f 3554/6071/4430 3151/2687/2406 1693/2689/2407
f 900/1437/1354 901/1439/1356 3743/6445/4564
f 3028/5070/4000 4923/1528/1434 4258/1530/1436
f 3690/6337/4528 1140/1806/1677 3868/6662/4644
f 195/307/294 1711/8324/2427 2730/4171/2426
f 54/93/89 56/95/91 2973/4963/3948
f 2704/4479/3651 2180/3530/3028 2179/3529/3027
f 680/1074/1024 368/586/569 681/1075/1025
f 4731/1561/1464 3061/8788/4037 2933/4892/3904
f 882/1407/1328 2993/5003/3969 2934/4893/3905
f 1465/2332/2122 1464/2331/2121 2898/4821/3865
f 2472/4053/3380 2471/4052/3379 4499/8284/4910
f 2452/4006/3348 2451/4005/3347 2273/3713/3153
f 3708/6376/4539 735/1174/1117 3099/5210/4070
f 104/165/154 2853/164/153 4307/8521/4646
f 4134/7231/4797 716/3110/1080 291/458/443
f 120/8789/177 2393/3913/3288 2615/4318/2954
f 1519/8790/2184 4507/3658/3114 1718/8387/2433
f 3496/5958/4387 2097/3385/2919 2096/3384/2918
f 1202/2056/1759 1303/2057/1897 4733/8791/1757
f 1936/3098/2727 1938/3100/2729 175/1490/262
f 1863/2975/2641 2287/8792/3169 634/982/940
f 4505/8137/229 3605/6166/4474 1851/2953/2623
f 3557/6076/4433 3097/5208/4068 1603/2548/2296
f 2585/4271/3525 2584/4270/1169 3997/6948/4722
f 1987/3183/2783 2536/4178/3461 557/861/829
f 1684/2671/2393 1683/2670/2392 1807/2876/2562
f 3477/6260/4372 2318/3785/3202 2764/6178/3716
f 4634/8479/2006 4191/7353/4826 3339/583/566
f 320/509/493 2737/4533/3684 1190/1877/1743
f 207/324/311 153/236/223 1342/2129/1957
f 3491/6931/2568 4511/714/691 461/716/693
f 285/448/433 1122/1779/1655 1650/2620/2353
f 2345/2829/2521 3287/585/568 367/584/567
f 4140/7245/2895 631/7889/935 4646/8524/4929
f 4620/2642/2369 789/1258/516 788/1257/1194
f 3621/7106/1028 4270/7533/2680 3828/6600/4621
f 3634/2524/2275 2528/8478/3453 1588/2525/2276
f 286/450/435 2894/4817/3861 1062/3402/1566
f 4585/5523/3867 401/632/612 402/634/614
f 1866/6473/2646 2893/4816/3860 1602/2547/2295
f 3980/6907/4713 1629/2589/2328 131/207/194
f 2357/3851/3250 1545/2448/2215 1074/1701/1585
f 3576/6107/4447 3864/3832/3235 680/1074/1024
f 288/453/438 287/452/437 961/1525/1431
f 4836/2455/2219 4662/8578/4805 4826/2210/2022
f 4734/8793/1321 2854/6339/3819 2881/4799/3848
f 948/1501/1411 2131/3443/2960 962/4475/1432
f 1142/2403/1679 4010/7465/4731 4088/7138/239
f 4678/5260/1663 4711/5259/4096 4251/7417/4835
f 4/7/7 5/9/9 470/6622/703
f 416/653/631 1771/2813/2508 417/654/632
f 1054/1673/1559 4424/7933/1243 1055/1674/1560
f 4771/3756/3180 4396/4200/3476 2370/3874/3260
f 2338/3957/3225 4735/8794/3226 4884/2990/2655
f 3906/2479/2238 454/707/684 1636/8795/2338
f 3992/6312/4518 4736/8796/1318 3261/5496/4203
f 270/421/406 996/2411/1491 4815/8715/4389
f 2515/4149/3438 4586/5250/4092 2829/4694/3794
f 3857/6644/4639 1321/2100/1932 4497/8113/4455
f 4117/7199/4792 114/181/170 53/91/87
f 2472/4053/3380 4499/8284/4910 1696/2692/2410
f 120/188/177 2128/3436/2956 2301/189/178
f 1545/2448/2215 2357/3851/3250 2356/3850/2389
f 173/271/258 172/270/257 4285/7573/1631
f 729/1162/1106 2574/4249/3510 2344/3828/3234
f 137/214/201 4737/8797/230 3108/5232/4081
f 589/5384/875 4520/8189/3511 874/1385/1309
f 1028/1634/1527 4271/1633/1526 1770/2811/2506
f 1440/2289/2086 1439/2288/1046 2633/4360/61
f 1869/2985/2650 798/1272/1208 1259/1993/1845
f 4834/41/37 4738/8798/3065 23/42/38
f 353/561/545 1979/3173/2776 4612/559/543
f 31/56/52 2866/4769/47 4528/57/53
f 767/6687/1159 1651/2621/2354 4596/8799/4926
f 2464/4039/3371 4739/8800/2460 4740/8801/2459
f 611/948/908 3299/5568/4235 809/1291/1224
f 2268/8802/3149 3374/7857/3148 3721/6413/4550
f 3847/6631/4632 604/938/898 875/1388/1312
f 1554/5237/2225 3110/5236/4084 3795/6541/2226
f 4702/3043/2689 1904/3045/2690 4111/7188/4788
f 4078/7117/3189 3992/8090/4518 3716/6396/4544
f 1059/1679/1563 1012/1616/1513 792/1264/1200
f 1371/2171/1990 3272/240/227 468/723/700
f 4809/8803/1390 2783/4613/3738 3846/6630/3687
f 373/593/576 4623/8439/2042 370/590/573
f 959/1521/1427 2887/4810/3855 3884/6700/4654
f 1356/2150/1007 2024/1555/1458 2442/1557/1460
f 2941/4902/3911 4741/8804/4935 3299/5568/4235
f 2154/5544/2993 3667/6291/176 3666/6290/4511
f 4237/2885/2571 1812/2887/2573 4360/8805/4533
f 2047/3293/470 4469/8806/1609 4751/3294/2861
f 3682/3523/3023 4881/3276/2849 2036/3275/2848
f 2059/3310/2874 2061/3312/2876 4802/7319/4815
f 1218/1925/1786 1079/6487/1592 3594/6139/4460
f 1960/7819/2755 4384/7818/1887 1961/8807/447
f 4885/4682/3786 1117/1773/1650 4742/8808/2464
f 4779/5080/2964 1459/2319/2112 4743/8809/3636
f 1825/2911/2592 3422/4112/3416 4744/8810/2068
f 3961/8077/4702 4403/7866/4887 3962/5705/4283
f 3243/4148/3437 1400/6620/287 1535/2435/2206
f 3483/5934/4378 4218/8413/4832 2183/3534/3030
f 2472/4053/3380 1696/2692/2410 327/517/501
f 4745/8811/1921 2249/3666/3119 3850/8594/4635
f 4304/7618/838 562/3683/837 2257/3685/3133
f 27/52/48 2901/4827/3869 26/50/46
f 4044/2736/2442 196/5596/295 1722/2737/2443
f 4703/2788/2486 4746/8812/3709 1963/8813/2756
f 3829/6601/270 2558/8814/803 4617/8431/4527
f 1120/1776/1653 4793/3516/3017 4747/8815/936
f 4745/8811/1921 4020/8258/1920 2249/3666/3119
f 2438/3981/3333 2437/3980/3332 3884/6700/4654
f 1854/2960/2628 3648/2962/2630 3785/2735/2441
f 1136/8354/1672 4853/8816/4878 4584/8355/2496
f 1062/3402/1566 2894/4817/3861 2108/3403/2932
f 4597/2780/2478 3674/5212/4071 1791/2850/2539
f 4748/8817/4129 3928/6801/1101 2057/3307/2871
f 675/4100/1016 3280/5532/4222 1748/8818/1014
f 2868/4774/3835 4297/931/891 1171/1851/1720
f 3781/1144/1089 3941/6835/4690 720/1145/1090
f 844/1341/1270 843/1340/1269 356/566/549
f 3143/8819/4095 3361/8820/4284 3215/5406/4161
f 3705/6368/3980 4749/8821/2292 1558/7719/2232
f 4750/8822/3395 1019/1623/1519 1021/1625/826
f 3249/5471/4192 3413/5811/4329 2893/4816/3860
f 647/6673/964 3754/6461/4477 3289/8823/1494
f 1112/1767/1644 1708/2709/2423 2293/3748/3175
f 4109/8824/3127 2670/4425/3617 34/61/57
f 1272/2012/1863 1569/2490/2247 3296/5565/4232
f 1165/1842/1711 4152/3796/3208 1805/2873/2560
f 3801/6555/4606 4232/6556/4607 3733/8485/3539
f 4621/8825/4384 3852/624/604 3929/5470/4191
f 467/722/699 466/721/698 1635/2597/2336
f 2155/3491/2994 1025/1629/1523 1027/1631/1525
f 890/1420/1339 4693/8690/1509 2467/1421/1340
f 784/1251/1188 2235/1250/1187 1931/3091/2723
f 4851/4992/3965 759/4994/1150 1391/6124/1490
f 3202/480/464 302/472/457 144/6604/210
f 3435/5849/4343 1350/2141/1967 3659/6272/4505
f 494/769/741 3460/5898/4362 495/770/742
f 822/8826/1241 4751/8827/2861 1095/8828/1617
f 1468/2335/2125 1467/2334/2124 2179/3529/3027
f 1921/3079/2713 4328/7690/4226 3561/6081/4435
f 2677/4439/3626 2678/4440/3508 4752/8829/2740
f 3011/5033/2968 4038/7031/4752 4683/8653/2582
f 2964/7580/3941 4289/7579/4858 3459/8703/1567
f 3313/5600/4248 1425/7429/1827 3797/8830/4602
f 1753/3326/2484 4703/8712/2486 2666/4417/3614
f 2962/4943/3939 4041/2217/2027 4753/8831/3008
f 2962/4943/3939 4753/8831/3008 4473/7570/4693
f 2774/4592/3725 3363/5709/4286 3856/8143/4638
f 2397/2973/2639 801/848/817 551/850/819
f 1540/2442/2211 2378/3887/3270 1330/2110/1940
f 4801/8514/4144 1960/3143/2755 1959/3142/2754
f 2116/3415/2943 4751/3416/2861 4662/7273/4805
f 2561/4550/3492 1100/4549/1627 4246/8480/4848
f 1867/2981/2647 1866/2980/2646 1889/3020/2672
f 2245/8832/3111 4638/8833/4867 2353/8834/3245
f 4879/3211/2804 777/8835/1176 1382/2186/2005
f 4126/7217/4794 1915/3066/2703 4093/7121/2653
f 4838/15/15 4087/7423/4775 8/13/13
f 3498/5962/4391 383/608/589 3237/5452/4182
f 4459/8018/4902 1180/1863/1731 3999/6951/4723
f 257/4157/384 4207/7380/4449 4256/8836/4850
f 1574/2499/2253 137/214/201 136/213/200
f 2796/4638/3757 2798/4640/3759 1218/1925/1786
f 4036/7022/4750 4781/5987/4405 3511/5986/4404
f 4870/1916/1778 3677/6308/4515 4592/8375/3935
f 1160/1834/1703 636/987/945 635/986/944
f 434/679/656 436/681/658 2824/4501/3665
f 700/1106/1055 1962/1108/1057 1577/2503/2257
f 198/311/298 3961/6877/4702 4778/312/299
f 3869/154/143 2550/4208/3479 99/155/144
f 133/209/196 3980/6907/4713 131/207/194
f 4754/3596/1181 1305/3598/1900 2852/8837/192
f 4754/8838/1181 2852/1043/192 2254/6395/3125
f 4144/7255/4800 4003/6957/4725 4004/6958/4726
f 4684/5988/4406 2352/3843/3243 4501/8127/4912
f 3343/8675/4268 930/8839/1389 931/4536/1391
f 4629/2886/2572 4226/8144/4837 3300/6284/4237
f 1664/2643/2370 4755/8840/563 229/8841/345
f 1664/2643/2370 229/8841/345 1448/2300/2095
f 4717/8745/3305 2162/3502/3004 2410/7520/3306
f 3127/2623/2356 4596/8799/4926 1651/2621/2354
f 1271/2011/1862 1569/2490/2247 1272/2012/1863
f 3813/8842/4613 1762/2802/2498 1249/1981/1833
f 147/226/213 3815/6576/4615 2849/4736/3815
f 586/907/869 585/906/868 2119/3426/2948
f 2392/267/254 1877/8843/2663 1876/7252/2662
f 1841/2937/2610 2386/3902/3279 2961/3792/3206
f 4619/3652/3110 4637/8844/4894 2245/3653/3111
f 3997/6948/4722 3737/6439/4559 1841/2937/2610
f 4731/8785/1464 980/6211/1466 3262/5497/4204
f 3437/5852/4345 3436/5851/4289 4369/7785/4480
f 4770/1414/1335 886/1413/1334 3737/6439/4559
f 3167/6746/4133 3898/6745/4665 4756/8845/3195
f 503/782/754 1499/5701/2160 2989/4988/3964
f 4933/5771/4309 1036/1647/1537 4376/7804/4880
f 1373/2173/1992 1384/2189/2007 3751/3678/3128
f 1716/3833/2432 2967/4948/3943 2347/3834/3236
f 4653/1977/1830 1563/2480/2239 3906/2479/2238
f 967/3262/1444 4795/8440/3503 3577/3263/2838
f 1414/1226/1164 770/1225/599 2942/4903/3912
f 2216/3611/3076 3141/3503/3005 2753/4562/3704
f 2479/4075/3394 1019/8593/1519 4750/4076/3395
f 4590/5333/4134 137/5193/201 1574/7376/2253
f 1863/2975/2641 936/1482/1396 3779/8057/4587
f 2015/3240/2824 2014/3239/2823 2027/3258/2010
f 4861/1868/1735 1250/7385/1834 3699/7949/4535
f 3506/5973/4398 2803/6708/3766 4757/8846/2455
f 2835/4704/848 4165/5745/4300 4758/8847/849
f 3082/5176/4056 1796/6994/2547 4759/8848/2546
f 1486/2363/2148 1802/2870/2557 1804/2872/2559
f 1590/2528/2279 4792/7653/4865 1564/8849/2240
f 3399/2884/2570 1811/2883/2569 3493/3215/2807
f 1760/2798/2495 1426/2797/2071 4450/7992/4900
f 4185/7327/4821 351/8850/542 4760/8851/541
f 2042/3283/2854 3616/8852/4481 3617/3284/2855
f 1314/1735/1615 4253/5558/3061 2309/3770/3190
f 2947/4913/3917 150/229/216 356/566/549
f 200/315/302 3375/5734/4292 201/316/303
f 4517/8180/4759 4055/690/667 2892/4815/3859
f 3290/8853/4018 3865/6655/3376 3291/6380/4229
f 4926/6406/4549 3443/5872/4351 3442/5871/4350
f 982/1565/1468 2790/4625/2768 3782/6521/4589
f 1285/2028/1876 4355/7754/2700 1286/2029/1877
f 1621/2579/2318 3966/6882/4704 689/1089/1039
f 4726/8777/713 1054/1673/1559 1056/1675/714
f 3713/6387/4542 1840/2935/2608 761/1213/1152
f 4690/8679/4728 439/688/665 4006/684/661
f 4932/8854/1317 4179/5284/4107 2709/5292/3656
f 4045/6826/4688 881/1406/1327 4046/1573/397
f 723/1151/1095 2509/4138/3430 841/1337/1266
f 2329/1968/1823 4463/8855/4476 2328/8856/3213
f 2967/4948/3943 940/1488/1401 2347/3834/3236
f 4531/1176/1119 2493/8611/3413 736/1177/1120
f 3653/7875/642 2719/8740/3668 2048/3295/2862
f 4118/3974/3329 2561/8857/3492 4246/7486/4848
f 616/957/917 3149/5303/4117 617/958/918
f 835/8858/1259 2052/8859/2865 4089/7142/4776
f 1267/2007/1858 2220/3616/3081 1507/2392/2168
f 1951/3127/218 40/8701/70 1952/3128/69
f 3530/5959/4388 4704/8713/4579 384/609/590
f 4656/8557/1870 3470/5911/4370 4689/8677/4813
f 424/6264/643 3764/1639/1530 1031/1638/1529
f 3814/6575/4614 888/1416/1336 889/1418/1337
f 4761/8860/4890 4382/8861/1130 4430/8862/3194
f 4234/7442/4842 4233/7441/4841 1899/8863/2684
f 4015/8864/4290 3963/6879/4703 3965/6881/1471
f 320/509/493 1190/1877/1743 1189/1876/1742
f 4931/3753/2431 2298/3755/3179 1716/3833/2432
f 3831/6605/4622 3606/6167/4475 2671/4426/3618
f 3381/5743/4298 4165/5745/4300 2835/4704/848
f 2281/3730/3161 3119/3729/2303 3126/8566/4100
f 1910/3058/2699 2123/5652/2951 4139/7243/4798
f 2779/4605/3733 2778/4604/3732 2655/408/393
f 1448/2300/2095 229/8841/345 990/1578/1479
f 326/516/500 4635/8483/2549 324/514/498
f 596/922/883 595/921/882 4410/1524/1430
f 4519/3600/3069 3091/4442/3627 2211/3601/3070
f 3673/2036/1884 1290/2035/1883 2975/5015/3950
f 1495/2376/2157 2883/4804/3851 1643/4912/2344
f 4762/8865/1043 2476/7792/3388 1245/1971/1825
f 667/1048/998 666/1047/997 344/547/531
f 426/668/645 3638/5465/4190 1785/8866/2529
f 3442/5871/4350 1634/2596/2335 1103/1755/1633
f 560/868/834 2527/4166/3452 3274/869/835
f 2284/8867/3166 4852/6666/3165 3869/6665/143
f 4696/8868/3838 2871/2793/2491 4404/7870/4888
f 1523/2417/2191 1094/1310/1242 928/5984/1387
f 4083/7474/4772 2419/3950/3314 2418/3949/3313
f 1305/8869/1900 4763/8870/2003 4764/8871/995
f 2511/4140/3431 3450/5882/3880 3458/2816/2510
f 1233/1947/1806 52/89/85 1234/1948/1807
f 2864/4767/3832 1885/5217/2668 4466/8033/1307
f 4765/8872/2785 4528/57/53 1843/4383/2613
f 2748/4555/3697 2749/4557/3699 3474/5917/3097
f 4268/873/839 3887/1018/975 563/874/840
f 2713/4497/3663 3452/5885/4356 2714/4498/3664
f 1484/2359/2145 426/2361/645 1785/2839/2529
f 4673/3675/3126 4335/3554/3045 2195/3556/3047
f 974/1549/1452 4504/1551/1454 4709/8873/4830
f 218/340/327 3956/6869/1144 4285/8874/1631
f 4130/7222/4796 4766/8875/2054 3770/8556/4578
f 1966/3152/2760 3755/6462/4567 2053/3302/2868
f 4767/8876/1916 4053/6165/4473 4768/8877/3870
f 3357/8878/1100 2036/8294/2848 3515/5992/3898
f 3706/8879/4537 233/364/351 995/1588/1489
f 791/1263/1199 2187/3539/3031 2827/4690/3792
f 3750/6456/4110 2238/3644/3104 1418/2249/2056
f 2054/8880/2869 4592/4938/3935 2486/5472/3404
f 4769/8881/2141 1835/2929/969 4677/2930/1664
f 3845/6629/4631 346/549/533 2651/4388/3600
f 3355/5694/4281 1419/5874/2059 1129/1788/1662
f 3577/6110/2838 2252/3669/3121 1089/1724/1605
f 2923/4868/2818 1160/1834/1703 1161/1835/1704
f 4602/8395/2802 3131/5275/4102 2261/3693/2801
f 1838/8426/2606 719/1138/1083 1839/4496/2607
f 4488/8095/4909 1181/1864/1732 1180/1863/1731
f 183/8882/277 3427/5831/402 3045/7233/2888
f 4071/7102/4768 3395/5780/4315 3567/6090/4439
f 4770/8883/1335 772/1230/1168 887/1356/1282
f 4092/7149/3044 2921/4866/3890 4545/8250/4919
f 3247/5466/1009 1453/2309/2103 4349/2308/2102
f 1179/2285/1729 1978/3172/2775 1824/8357/2591
f 4771/8884/3180 3231/5440/4179 2299/7338/3181
f 4772/8885/1182 4432/4716/1111 779/4718/1183
f 949/1503/1412 3058/1030/986 2288/3742/3171
f 77/7024/117 1381/2185/2004 2437/3980/3332
f 4431/7955/4898 460/713/690 1796/6994/2547
f 1911/2023/1873 2372/3877/3262 2682/4445/3629
f 2788/4623/3746 1732/8886/2456 2789/4624/2458
f 4213/7395/387 4215/7397/2625 4552/8276/2030
f 4773/8887/846 897/1430/1348 2592/1429/847
f 3184/1803/1674 1139/1805/1676 1883/3013/2667
f 2155/3491/2994 4702/8708/2689 3364/3492/2995
f 3971/6889/561 531/8347/790 3598/6890/4467
f 3883/6699/4653 674/1062/1012 673/1061/1011
f 4563/8888/2931 3258/7859/4201 1680/6222/2388
f 4015/8864/4290 2245/8832/3111 3963/6879/4703
f 1441/8889/2087 2715/1112/1060 1442/1114/1062
f 2010/3235/2820 4149/3234/2819 4543/8241/4305
f 4774/8890/2566 2402/3927/3296 4443/6492/4577
f 3964/7842/4287 1043/1656/1546 4313/7721/4239
f 4033/6940/517 4687/6967/4732 2380/3890/3273
f 1172/1852/1721 602/933/893 1173/1853/1722
f 1589/2527/2278 2594/6253/3531 4792/7653/4865
f 244/381/368 243/380/367 663/1037/993
f 827/1316/1248 191/827/289 3745/6448/2826
f 3178/5345/1504 4649/8535/4931 4017/6984/4738
f 3192/878/844 1958/3141/2753 4562/8296/4922
f 4066/7094/2097 1988/3184/2096 2062/3313/2877
f 1710/2314/2108 1457/2316/1909 246/8891/370
f 3642/6243/274 3491/6931/2568 3923/6244/4499
f 4373/7795/4879 2612/8112/3549 4367/8892/3548
f 488/761/733 846/1343/1271 489/762/734
f 3383/4686/3789 1388/1294/1227 811/1293/1226
f 966/1535/1441 4767/8876/1916 1314/1735/1615
f 98/153/142 1605/2551/2299 717/1135/1081
f 2378/3887/3270 1113/1768/1645 2379/3888/3271
f 4218/7402/4832 2698/4466/3642 1007/1610/1507
f 891/4319/1341 1334/2115/1944 268/419/404
f 448/700/677 1235/1950/1808 449/701/678
f 4310/8893/3718 4450/8894/4900 2018/8895/2829
f 2114/3413/2683 3465/656/634 2115/3414/2942
f 4147/7259/4802 865/1374/1299 957/1519/1425
f 3744/431/416 276/430/415 3745/3242/2826
f 2360/3855/3252 4611/8419/4860 2361/3856/3253
f 502/781/753 1970/3156/2764 1834/2928/2603
f 1312/2078/1913 1461/2079/1914 4171/8896/4812
f 4596/8799/4926 3127/2623/2356 4805/8897/3774
f 2708/329/316 210/331/318 2288/3742/3171
f 1533/2432/2203 3197/5378/4150 3193/5373/4148
f 4775/8898/2268 3154/5312/4121 2102/5311/2923
f 3220/5415/4166 2944/3810/3218 3221/5416/3914
f 109/2366/162 3684/6325/4523 2807/4656/3771
f 3110/5236/4084 1370/2169/1988 3585/6127/4454
f 3854/6641/4637 3669/7961/4512 2935/4894/3906
f 1106/1761/1638 698/1103/1053 1107/1762/1639
f 3483/5934/4378 2183/3534/3030 632/979/937
f 3298/5567/4234 2210/3599/3068 2907/4008/3350
f 4034/7019/595 389/8899/597 4631/7020/3749
f 3825/6597/4620 820/6596/1240 819/4809/1239
f 1853/8900/2626 3476/5921/4271 4354/7001/4742
f 3257/5487/4199 216/338/325 746/1192/1134
f 2365/2743/2448 3541/6041/4423 3715/6392/4029
f 1612/1575/1476 987/1574/1475 2031/3265/2840
f 4776/8901/2074 4351/3469/139 505/784/756
f 3574/1778/1163 391/620/600 770/619/599
f 3756/6466/4569 3967/6883/4705 3757/6467/3406
f 2413/4527/3309 2066/4829/2880 2068/3327/2882
f 262/409/394 2435/8337/2999 4305/8339/4840
f 3397/2076/1912 4508/8902/1969 797/3449/1207
f 3258/6281/4201 538/829/798 92/145/134
f 2626/4337/3564 2037/3277/2850 2039/3279/2851
f 1996/3200/2795 2094/3382/2916 1997/3201/2796
f 4311/7642/2194 3729/7643/4556 4777/8903/4555
f 3689/2418/2192 4311/2420/2194 4777/8904/4555
f 2295/3751/3177 2602/1891/1753 2601/8381/3538
f 3143/8819/4095 4778/8905/299 3361/8820/4284
f 4779/8906/2964 4743/4459/3636 4692/8686/2965
f 3254/5480/4195 2452/5479/3348 2273/7982/3153
f 1113/1768/1645 2292/3747/3174 4780/8907/1842
f 2312/3773/3193 1761/2801/2497 2693/4460/3637
f 3567/6090/4439 3395/5780/4315 3924/2242/247
f 3008/5030/3986 655/1024/981 3009/5031/1179
f 3855/6642/712 3854/6641/4637 2648/4385/3598
f 3571/3051/2694 1906/3052/2695 4600/8908/4927
f 3337/5653/3937 859/1363/1288 1483/2358/2144
f 4781/8909/4405 3542/6042/4424 1183/1866/1733
f 3756/6466/4569 4315/7657/4866 209/330/317
f 792/1264/1200 484/4787/728 3841/6617/4629
f 4782/8910/3812 2570/4244/3505 4783/8911/1493
f 4256/7501/4850 4207/6682/4449 4927/4571/3710
f 4829/8912/314 4132/7228/4227 4159/7284/4808
f 2383/1759/1636 4416/8562/4892 3607/1757/1634
f 2211/3601/3070 3091/4442/3627 2453/4009/3351
f 577/895/860 4086/7136/4774 4708/326/313
f 4527/8202/2437 4846/8121/4911 4487/8091/2583
f 3078/5170/4052 1758/2795/2493 2129/857/825
f 2300/3758/3182 4784/8913/250 4402/7864/252
f 1262/8187/1850 4030/7015/4746 1263/4890/1851
f 549/6626/815 4785/8914/787 530/6625/786
f 3102/5014/3977 1290/2035/1883 4933/5771/4309
f 4100/7171/822 3493/3215/2807 3352/8678/4280
f 3933/259/246 4500/258/245 2089/8915/2913
f 3879/6183/4479 4786/8916/189 3897/6744/1210
f 528/812/784 3437/5852/4345 529/813/785
f 4787/8917/950 4609/8415/952 1362/2158/1079
f 1273/2013/1864 1274/2014/1865 3064/5140/4038
f 4845/8344/4914 523/807/779 522/806/778
f 3384/8/8 4231/7301/4301 5/9/9
f 3850/8594/4635 2249/3666/3119 3251/5476/4193
f 3519/5997/3199 1833/2927/2602 2906/1527/1433
f 213/335/322 215/337/324 4295/8918/4859
f 4070/7100/476 4069/3464/2973 4727/3463/2972
f 4788/8919/4868 4925/8139/4913 4082/7634/4771
f 3009/8920/1179 655/5936/981 4789/8921/3363
f 1379/2182/2001 4676/3410/2939 2148/3484/2987
f 2345/8922/2521 4133/5548/1505 3287/5547/568
f 2363/3859/3255 2691/4456/3634 2692/4458/3635
f 1443/2292/2088 4381/7815/4882 2841/7947/3803
f 2387/3903/3280 1824/2909/2591 1823/2908/2590
f 4063/7087/3025 3327/5631/4257 4661/8576/3162
f 4063/7087/3025 4661/8576/3162 4442/6382/3367
f 1352/2145/1971 882/1407/1328 2186/2146/1972
f 1865/2978/2644 198/8094/298 2657/4395/2833
f 331/527/511 1903/1266/1202 1410/2233/2043
f 3468/5908/4368 3467/5907/4367 4082/7127/4771
f 4366/7781/1172 2606/8577/3542 3930/6806/4682
f 3684/8085/4523 1999/3206/161 1998/3205/1092
f 4329/7691/4873 2490/4096/3409 1254/1987/1839
f 4327/7381/3805 2065/2506/2259 1504/2389/2165
f 4545/8250/4919 2921/4866/3890 3271/8572/1989
f 2263/3696/3140 4530/6755/553 2015/3240/2824
f 4494/424/409 1277/2017/1868 271/425/410
f 2184/2905/2587 608/945/905 3111/8923/4085
f 4790/8924/2596 2204/5895/3056 3084/5181/4060
f 732/1170/1113 1203/1898/1760 733/1171/1114
f 2642/4373/3589 2427/3964/1165 496/8925/743
f 4700/8706/3889 4335/5056/3045 2283/8926/3164
f 3280/5532/4222 1749/7119/2474 1748/8818/1014
f 294/464/449 1002/1599/1498 3219/5414/4165
f 938/1486/1399 180/285/272 939/1487/1400
f 4308/1206/1147 756/1205/1146 1529/7627/2199
f 3203/5388/4153 4035/8288/4749 2376/3882/3267
f 4791/8927/3399 1771/2813/2508 416/653/631
f 4307/6675/4646 2021/3250/2832 2079/3249/2831
f 855/1355/1281 772/1230/1168 4075/1581/1482
f 4909/3355/2899 102/8928/149 103/8929/151
f 305/478/462 181/6735/273 439/688/665
f 217/339/326 754/6868/1143 218/340/327
f 2620/2576/2316 999/1596/1495 3014/5041/3559
f 2999/5012/3976 2829/4694/3794 2831/4696/3796
f 225/5541/338 3247/6955/1009 1357/32/30
f 4792/8930/4865 4502/4284/3533 1564/2481/2240
f 142/8931/208 3345/7430/4270 3632/6218/206
f 2626/4337/3564 2538/4180/3463 3388/3271/2845
f 3157/5317/4123 1349/2139/1965 3411/5805/4326
f 2112/3411/2940 2758/4573/1251 3586/6128/1473
f 2480/8932/3397 3051/341/328 2189/3544/3036
f 3402/8166/4320 4093/7152/2653 2256/3684/3132
f 4747/978/936 4793/8933/3017 3482/5933/4377
f 3590/6134/4456 1573/2496/2251 4300/2495/2250
f 2279/5837/3158 3227/5434/4175 781/1247/1185
f 2433/3975/3330 2434/3976/3331 2070/3331/2886
f 4283/3541/3033 3103/5220/4074 921/1465/1380
f 4380/8934/1102 3928/6801/1101 4748/8817/4129
f 1467/2334/2124 2988/4753/3823 3560/6080/3963
f 572/889/855 2018/7637/2829 4489/8096/2828
f 1980/3590/2777 1979/8935/2776 4308/1206/1147
f 14/26/24 13/25/23 3160/6012/4127
f 3220/5415/4166 306/479/463 438/687/664
f 4794/8936/3613 4901/8755/3543 2624/8757/3562
f 4832/950/910 1312/2078/1913 4670/951/911
f 1154/1825/1696 4877/8937/2158 3989/6925/4717
f 1453/2309/2103 1658/4685/2361 4610/8416/1052
f 3577/6110/2838 4795/8938/3503 341/6109/528
f 1620/1896/1758 4574/8330/4568 2786/4619/3743
f 2170/3513/3014 2636/4365/3582 2171/3514/3015
f 3018/5048/1629 4236/4964/3949 4160/7285/4809
f 4661/8576/3162 4536/8220/4548 3070/5152/4044
f 209/4485/317 1302/2055/1896 2046/3290/2859
f 3003/5021/3981 3005/5023/3982 245/382/369
f 4857/3780/3198 266/415/400 3427/417/402
f 440/8012/666 4690/6962/4728 856/2422/1284
f 3093/7328/4066 351/8850/542 4185/7327/4821
f 494/769/741 1996/3200/2795 3460/5898/4362
f 4796/8939/2860 639/6572/949 1398/2214/286
f 3395/5780/4315 4071/7102/4768 3396/5781/4316
f 2043/3285/2856 1319/2096/1928 3919/6782/4677
f 3701/6361/4461 1694/2690/2408 902/1442/1359
f 913/1455/1370 557/861/829 2536/4178/3461
f 1741/2767/2467 4612/8420/543 1980/3590/2777
f 341/8430/528 3891/6715/4657 342/8718/529
f 4264/7908/4851 4298/3363/2904 4339/6485/4574
f 12/6519/22 3512/5989/4407 3513/5990/2044
f 2941/4902/3911 1158/1829/1700 4741/8804/4935
f 2149/3485/2988 4797/8940/4662 4104/1403/1325
f 612/949/909 3008/5030/3986 4493/5029/3985
f 234/8941/353 3986/6915/1086 3833/6608/4623
f 1120/1776/1653 1119/1775/1652 4793/3516/3017
f 4074/8942/3433 3105/8943/4078 3106/8944/4079
f 1247/1641/1532 1033/1643/1533 2317/3784/3201
f 4253/5558/3061 4798/8945/3060 2310/3771/3191
f 2568/4241/3502 341/8430/528 4795/4242/3503
f 4799/8946/1547 3234/7770/4180 1044/7655/1548
f 4559/6241/4498 3793/6539/4601 3166/5329/4132
f 2723/4513/1323 1537/2438/1235 1246/1972/1826
f 4463/8855/4476 2329/1968/1823 3987/1970/1824
f 3124/5266/4098 4230/7434/4839 3472/5914/3735
f 3398/2000/1852 2622/1743/1622 1827/5954/2593
f 1649/8685/2351 1911/2023/1873 2682/4445/3629
f 2410/3938/3306 4433/7958/4899 290/457/442
f 1679/3305/2282 2055/3304/2870 1736/2759/2280
f 1191/8947/1006 1357/2151/30 1356/2150/1007
f 3732/6430/4558 535/824/794 1839/2934/2607
f 2270/3710/3151 4171/8948/4812 2271/3711/3152
f 1863/2975/2641 4800/8949/3778 2287/8792/3169
f 2914/3393/2926 4383/3812/3220 4801/8950/4144
f 3077/5169/3967 3802/6558/1501 1469/2336/2126
f 1293/1529/1435 4802/8951/4815 4258/1530/1436
f 3292/3012/929 4486/8952/3730 2337/3816/3224
f 4491/5842/4342 1603/3982/2296 2439/3984/3335
f 2764/4580/3716 2763/4579/3715 4191/7353/4826
f 3920/7342/4679 4803/8953/337 3377/4264/3519
f 4551/3807/2031 4215/2957/2625 3408/2959/2627
f 2351/7986/3241 2153/7248/2992 4142/7250/1001
f 4592/8375/3935 1913/3062/2701 2959/8954/3936
f 416/4081/631 3365/8955/633 4094/2325/2116
f 3180/8956/1608 2912/4851/521 2913/4852/3881
f 1335/2117/1945 267/418/403 268/419/404
f 306/479/463 305/478/462 438/687/664
f 3029/4876/3896 4258/5389/1436 3204/5391/4154
f 2747/4554/3696 4725/8768/2222 4058/4553/3695
f 1283/2026/1874 1282/2025/502 3542/8573/4424
f 3812/990/948 1317/2090/1924 3509/2092/1926
f 4273/8957/1177 2209/3587/3052 3025/3586/3064
f 1134/1796/1667 3011/5033/2968 2182/1797/1668
f 2841/4714/3803 4761/7888/4890 1323/2102/1934
f 4631/8466/3749 3020/5054/3993 4332/4791/3844
f 1894/3027/2677 3958/7665/4210 3269/6417/4212
f 318/507/491 1541/506/490 3704/6365/2178
f 3216/1908/1770 1606/2552/2300 4609/8415/952
f 1588/2525/2276 3738/6440/4560 118/185/174
f 3967/8055/4705 209/8958/317 3777/6509/4585
f 4393/8165/4884 2256/3684/3132 562/3683/837
f 3403/5791/4321 4393/7841/4884 562/871/837
f 3889/8959/3534 4804/8960/4519 4805/8961/3774
f 3302/5575/20 121/1360/179 600/487/471
f 1752/2784/2482 4178/2785/2483 1652/2622/2355
f 4833/8962/4719 4832/950/910 4435/952/912
f 119/186/175 4263/3994/3341 3667/187/176
f 4326/7688/2601 4032/7017/4748 1832/8554/2600
f 2521/4158/3444 257/4157/384 1390/6821/2015
f 3145/5297/4113 3191/5368/4147 3146/5298/4114
f 2549/1550/1453 3523/6004/2075 4504/1551/1454
f 3517/3056/2698 1910/3058/2699 4667/8963/4932
f 343/546/530 1514/2399/2175 4373/7795/4879
f 4370/4788/1922 2877/4789/3843 3989/6925/4717
f 973/3655/1451 1055/3654/1560 824/1313/1245
f 4797/6734/4662 2815/4668/3776 4268/4670/839
f 831/1324/1255 4282/5584/4242 2857/816/788
f 3082/8964/4056 4759/2858/2546 4163/7288/4057
f 1793/2854/2543 3115/5243/4090 3066/5245/4041
f 2525/4164/3450 1458/6590/2110 2526/4165/3451
f 2177/3526/3024 929/1474/1388 2730/4522/2426
f 4682/2248/2055 4866/5598/4246 2876/4786/3842
f 1719/8965/2434 1718/4972/2433 2978/4971/3955
f 4807/7856/3560 1624/2583/2322 4806/8966/1623
f 2622/1743/1622 4807/8967/3560 4806/1744/1623
f 2379/3888/3271 1113/1768/1645 4780/8907/1842
f 2379/3888/3271 4780/8907/1842 2701/4474/3648
f 2601/4295/3538 1199/4297/1752 2873/6742/3840
f 2300/3758/3182 1259/8968/1845 4784/8913/250
f 906/1118/1066 4567/4931/3928 708/1119/1067
f 4808/8969/4198 3564/4877/3897 727/1159/1103
f 2816/4671/3777 551/850/819 1155/1826/1697
f 2166/3509/3010 1990/3190/2788 1744/3189/2469
f 2583/4266/3521 3736/4265/3520 1761/2801/2497
f 564/4923/841 2952/4922/3923 818/1303/1236
f 1035/7193/1536 3278/5527/4220 1471/2339/2129
f 1485/2360/2146 1484/2359/2145 510/791/763
f 1056/1675/714 1055/1674/1560 4390/8970/3112
f 4809/8971/1390 3846/4537/3687 931/4536/1391
f 3352/5690/4280 2002/8541/2806 4577/6579/4617
f 4902/4773/3834 1099/1746/1625 3502/1745/1624
f 4276/7454/4658 1968/3154/2762 3167/6746/4133
f 2485/4088/3403 96/151/140 98/153/142
f 223/347/334 2381/3891/3274 224/348/335
f 710/1123/1071 2138/3461/2970 799/1276/1212
f 2396/3918/3290 710/1123/1071 799/1276/1212
f 4575/8972/2527 419/660/637 418/659/636
f 2891/4814/3858 4517/8180/4759 2892/4815/3859
f 561/870/836 1452/1893/1755 3297/5566/4233
f 2425/3962/3321 1082/1714/1596 3198/5379/4151
f 1937/3099/2728 231/362/349 3054/5125/4028
f 1658/2631/2361 4810/8973/4647 4632/2632/2362
f 4325/7683/2277 2765/4581/3717 3613/8173/4272
f 1871/2987/2652 3979/7433/4712 1870/2986/2651
f 2661/4404/3607 201/316/303 4352/897/862
f 4057/7070/4761 3715/5126/4029 4226/7421/4837
f 3992/7611/4518 3219/5414/4165 4736/1394/1318
f 535/824/794 3733/6431/3539 2604/825/795
f 3265/5504/4207 4349/2308/2102 917/1459/1374
f 1562/2478/2237 3890/6713/4656 3891/6715/4657
f 1893/7944/2599 688/1087/1037 3958/6872/4210
f 2292/3747/3174 1257/3749/1843 4780/8907/1842
f 1617/1387/1311 1914/5815/2702 3976/6901/4709
f 2858/6996/2365 1221/4802/1789 2883/4804/3851
f 1072/1699/1583 4811/8974/1906 1918/5945/2708
f 1533/2432/2203 3196/5376/4149 3197/5378/4150
f 1747/2774/2473 206/323/310 1355/2149/1974
f 4351/150/139 4177/149/138 4812/8975/1717
f 3643/6245/2089 3644/6246/4500 1444/7366/2090
f 2075/3345/2894 2614/6043/3553 1560/3346/2235
f 3984/6728/4661 3386/5753/4303 3783/6522/4590
f 191/302/289 192/304/291 2745/4546/3692
f 1403/2223/2033 1402/2222/2032 1521/2414/2188
f 4813/8976/2117 4416/8562/4892 3535/8472/3465
f 2909/4846/3878 3583/6122/4452 1500/2384/2161
f 4846/8121/4911 1485/2360/2146 4487/8091/2583
f 3647/6251/4502 4452/7995/99 63/4602/102
f 546/4611/812 2889/4812/3857 679/1073/1023
f 3082/5176/4056 4431/7955/4898 1796/6994/2547
f 1676/2659/2383 1675/2658/2382 4765/5342/2785
f 4744/5822/2068 1243/1965/1821 4925/8139/4913
f 3594/6139/4460 4621/8437/4384 3929/6803/4191
f 360/5105/554 1020/5107/1520 1019/7998/1519
f 170/268/255 4928/7251/4516 1539/8247/2210
f 4791/4080/3399 3913/6770/4672 3914/6772/2979
f 951/8977/1417 2290/3744/3173 4715/8040/43
f 2863/7652/3830 644/1001/959 3938/6828/4689
f 4814/8978/2945 4395/3480/2983 1344/6192/1959
f 2747/4554/3696 3211/5402/4158 4723/8080/4908
f 4344/4072/3391 4060/8260/3623 4064/7497/4765
f 3721/6413/4550 3373/7858/4291 3722/6414/4551
f 4589/8365/4924 3663/6209/4213 1829/2920/2597
f 237/369/356 236/368/355 464/719/696
f 4783/8911/1493 2570/4244/3505 4815/8979/4389
f 4783/1592/1493 4815/8980/4389 996/1590/1491
f 3125/5267/4099 2057/8981/2871 3126/5268/4100
f 921/1465/1380 3499/8539/4392 3237/6607/4182
f 3976/6901/4709 3155/1545/1448 972/1547/1450
f 3591/6136/4457 4243/370/357 238/372/359
f 4661/3731/3162 1446/2298/2093 4536/6405/4548
f 520/804/776 519/803/775 1940/3105/2445
f 4081/7123/3584 2010/6112/2820 4417/5755/4053
f 4163/7288/4057 4759/2858/2546 2330/3804/3214
f 1335/2117/1945 388/8982/596 3464/5903/2422
f 862/7223/1293 1108/1763/1640 3709/6377/1294
f 2733/4528/440 3625/6207/3396 1053/1672/1558
f 2126/3433/1049 1256/1989/1841 126/8983/185
f 619/2764/921 1738/2763/2465 1595/2537/2287
f 4739/2756/2460 2594/6253/3531 1734/2757/2461
f 3378/5738/4295 4295/7591/4859 3379/5739/4296
f 3252/7723/4194 4816/8984/485 4343/7724/4803
f 3348/5678/4274 4112/7482/4789 1451/2306/2101
f 4246/8480/4848 1100/4549/1627 4161/7286/4810
f 4817/8985/1556 49/85/81 2135/3453/1554
f 4295/8918/4859 215/337/324 3383/4686/3789
f 4706/2614/2349 1336/2613/1947 598/926/887
f 1126/1784/1659 4464/5279/4105 1955/3134/2747
f 1858/1523/1429 4353/7746/4876 1859/8683/2636
f 1140/1806/1677 1542/2444/580 3633/6221/4490
f 1707/8986/2421 388/616/596 29/54/50
f 4072/7317/4769 2861/4761/3827 2751/4560/3702
f 1850/1985/1837 2948/4914/3918 4357/6401/4547
f 41/76/72 992/1582/1483 42/77/73
f 887/1356/1282 4922/4105/3412 4818/8987/3486
f 678/1070/1020 1939/1072/1022 4648/8532/4930
f 4096/5222/4076 1476/2344/2133 4843/3961/3320
f 1516/2401/2177 1515/2400/2176 3820/8988/4162
f 1109/1764/1641 3770/8556/4578 2607/4304/2532
f 1419/8989/2059 1870/7412/2651 409/7085/622
f 1108/1763/1640 1110/1765/1642 1720/2727/2435
f 389/8467/597 2152/3488/2991 3020/5054/3993
f 2954/4926/3925 2953/4925/3924 3951/6859/4698
f 3522/6003/4410 886/1413/1334 2556/4218/3485
f 4819/8990/2341 2279/5837/3158 780/1246/1184
f 4537/8991/4059 2526/6613/3451 2109/3404/2933
f 3404/5794/4322 4600/8992/4927 3559/5795/4323
f 3638/5465/4190 426/668/645 428/670/647
f 2489/4095/3408 2214/3609/3074 3421/3608/3073
f 1170/1850/1719 1504/2389/2165 2066/3321/2880
f 3550/3483/2986 2798/4640/3759 2059/8993/2874
f 378/5273/584 3237/5452/4182 383/608/589
f 3687/6330/4524 4643/5319/4125 2117/3417/2944
f 2245/8832/3111 2353/8834/3245 3963/6879/4703
f 3325/5629/4255 4902/8994/3834 2735/4531/3682
f 4693/8995/1509 633/981/939 4566/980/938
f 4153/7271/2385 4820/8996/2386 4154/7272/2023
f 81/129/121 2998/5011/3975 82/130/122
f 2249/3666/3119 4548/8259/1705 2250/3667/1707
f 4404/7870/4888 3727/3878/3263 3726/8997/4553
f 1809/2879/2565 4774/2880/2566 4274/7543/3276
f 1909/3055/2697 1908/3054/1135 1767/2807/2503
f 3774/6500/1968 4246/8480/4848 4167/7294/4811
f 2754/4564/3705 592/917/879 643/1000/958
f 4791/8927/3399 3538/6033/4420 1771/2813/2508
f 4668/6490/3814 2848/8998/3813 3769/6491/4576
f 1545/8999/2215 2356/2667/2389 1682/2669/2391
f 1864/2976/2642 1865/2978/2644 2656/4394/3603
f 1686/2676/2397 3400/5788/4318 2072/3339/2890
f 4230/9000/4839 4836/2455/2219 1548/2454/2218
f 1087/1720/1602 1088/1722/1603 3558/6077/4434
f 923/1467/1382 3248/531/515 3645/9001/4501
f 692/1092/1042 4439/7971/1324 2723/4067/1323
f 2956/4933/3930 3135/4935/3932 2286/8372/3168
f 3416/1140/1085 1619/3065/2315 719/1138/1083
f 4539/9002/4779 4706/4635/2349 2794/4634/3754
f 3322/4021/3360 2458/4020/3359 3712/9003/4541
f 3174/5339/4138 2885/4807/3853 2884/4806/1952
f 3690/6337/4528 2899/4825/3868 27/52/48
f 3087/5184/4061 4577/6579/4617 2002/8541/2806
f 960/1522/1428 3884/6700/4654 2437/3980/3332
f 4600/8908/4927 1906/3052/2695 3559/9004/4323
f 2371/3875/3261 2851/4738/3817 4060/7076/3623
f 4821/9005/3643 2818/4674/3780 2810/3687/3135
f 961/1525/1431 504/783/755 288/453/438
f 895/7419/1345 1995/3196/2791 2455/3198/2793
f 2237/3642/3103 3947/6850/4695 4346/6800/2736
f 4333/7697/14 3572/6100/4443 3341/8167/4267
f 3635/2337/2127 1469/2336/2126 3803/6559/1503
f 3723/9006/3055 4695/3638/3100 2234/3639/3101
f 2430/3970/3326 2484/8245/3402 2431/3971/3327
f 4098/7166/1088 2502/4127/3422 2504/4129/3424
f 1626/7004/2324 764/1217/1156 3056/9007/4032
f 3591/6136/4457 1408/2230/2040 4243/370/357
f 570/886/852 523/4287/779 4047/7046/4755
f 4502/4284/3533 142/5668/208 1564/2481/2240
f 3283/5536/3604 2657/3251/2833 2022/3252/2834
f 2794/4634/3754 2793/4633/3753 4233/9008/4841
f 1192/1879/1744 576/894/859 41/76/72
f 2638/9009/3585 1726/2744/2449 3521/17/17
f 1111/1766/1643 869/1378/1303 1112/1767/1644
f 2755/4567/3707 3730/6427/4557 4691/8681/4451
f 3808/6566/4609 4475/9010/4904 1189/9011/1742
f 4183/7325/4820 1638/2601/2340 4514/8169/4916
f 4927/4571/3710 2691/4456/3634 4256/7501/4850
f 3779/8057/4587 4800/8949/3778 1863/2975/2641
f 3777/6509/4585 4454/8004/4901 2488/4094/3407
f 1397/2209/2021 93/146/135 539/830/799
f 3634/2524/2275 4822/9012/4491 2528/8478/3453
f 114/181/170 580/7843/864 581/92/88
f 4128/7219/4795 2377/3884/3268 2545/4195/3473
f 1908/3054/1135 4804/9013/4519 3889/4286/3534
f 4823/9014/4409 3864/3832/3235 3576/6107/4447
f 1301/2054/1895 507/787/759 2045/3289/2858
f 4320/7673/4734 4750/7674/3395 4824/9015/4683
f 4722/6135/2771 1084/6248/1599 1573/2496/2251
f 671/1053/1003 2653/4390/3602 1292/1054/1004
f 4375/790/762 4487/8091/2583 510/791/763
f 726/1155/1099 998/1008/965 2548/4203/3477
f 4438/7970/1999 692/1092/1042 691/1091/1041
f 3857/6644/4639 1525/1357/1283 1923/3081/2715
f 534/823/793 2604/825/795 2795/4636/3755
f 4696/4780/3838 259/404/389 1974/3165/2770
f 1230/1942/1802 3959/1944/1804 2435/3978/2999
f 1928/7312/2719 4174/7311/4814 4659/8569/2720
f 3225/7948/2928 4825/9016/4173 3699/7949/4535
f 4282/7562/4242 813/6275/1229 1665/2645/2371
f 3823/6594/649 4108/7185/4787 4109/7186/3127
f 1293/6065/1435 2059/3310/2874 4802/7319/4815
f 614/955/915 2377/3884/3268 1900/3886/2685
f 2232/3634/3096 4546/3636/3098 4649/9017/4931
f 2128/3436/2956 2127/3435/2955 2384/3900/1635
f 2014/3239/2823 2016/3241/2825 736/1177/1120
f 3171/5335/4135 1297/2048/1889 1296/2047/1888
f 3043/8494/4017 2020/6005/2616 1416/2245/2052
f 1417/2246/2053 398/629/609 400/631/611
f 4716/8742/439 3663/6209/4213 4572/8366/4864
f 130/203/191 3579/277/264 337/540/524
f 4522/8193/2214 1544/6562/2213 1241/1959/1817
f 4593/8376/2024 3918/6781/4676 4826/9018/2022
f 1109/1764/1641 2607/4304/2532 1110/1765/1642
f 2251/3668/3120 4155/7275/4806 3252/5477/4194
f 1374/2174/1993 3468/9019/4368 4082/7634/4771
f 1008/1611/1508 2809/4659/3772 158/245/232
f 678/1070/1020 100/4091/146 4844/1071/1021
f 3132/5276/4103 3131/5275/4102 1797/2863/2550
f 2098/5591/2920 4434/5592/2745 2926/9020/3894
f 55/94/90 2407/3933/3301 3755/6462/4567
f 55/94/90 3755/6462/4567 58/97/93
f 3954/6866/4699 2773/8265/3724 823/9021/1244
f 2059/8993/2874 2797/4639/3758 2060/8206/2875
f 4365/7778/4087 1517/2404/2179 4528/8204/53
f 3431/5841/4341 2576/4252/3513 3888/6707/4655
f 3555/6074/4432 2242/7614/3107 2547/6888/3108
f 4827/9022/3875 3998/1904/1766 2986/4983/3961
f 4649/9023/4931 3177/8178/4140 2232/5519/3096
f 580/899/864 2936/4895/3907 3433/4896/3908
f 2909/4846/3878 4876/5089/4012 3583/6122/4452
f 3571/6098/2694 4600/8391/4927 4026/7009/4745
f 3930/6806/4682 2924/4872/3893 1016/1620/1516
f 4117/7199/4792 54/93/89 2936/4962/3907
f 4117/7199/4792 2936/4962/3907 114/181/170
f 2496/4115/3418 359/569/552 2497/4116/3419
f 101/159/148 2776/4599/3729 2443/3988/3338
f 4119/7202/4793 911/1453/1368 913/1455/1370
f 4929/3741/3170 894/1425/1344 4605/1427/1346
f 4076/7114/2661 4044/2736/2442 1723/2738/2444
f 4575/2837/2527 418/2487/636 1784/2838/2528
f 2353/8834/3245 3964/6880/4287 3963/6879/4703
f 875/1388/1312 3848/8028/4633 876/1389/1313
f 4354/7001/4742 3476/5921/4271 2154/3490/2993
f 2184/2905/2587 609/946/906 608/945/905
f 721/1148/1093 3473/9024/4371 3176/3185/2784
f 1989/3187/2786 721/1148/1093 3176/3185/2784
f 3331/5200/4067 414/651/629 3042/5096/3138
f 1293/2042/1435 1292/2041/1004 3550/3483/2986
f 456/9025/686 455/9026/685 4859/9027/3747
f 4841/8364/382 4719/865/832 4286/9028/2241
f 4934/2936/2609 4455/9029/4236 3295/4801/3850
f 2590/4276/1551 1226/1936/1796 2285/3736/3167
f 3423/5824/4335 1479/2350/2138 3011/3459/2968
f 304/476/111 78/126/118 77/7024/117
f 2293/9030/3175 2213/3605/3072 4900/2163/1982
f 4188/7814/662 3089/5186/4062 3088/5185/663
f 4828/9031/4871 2909/4846/3878 1500/2384/2161
f 4829/9032/314 4708/8720/313 4132/5549/4227
f 3691/6719/4529 3692/9033/4170 3951/6859/4698
f 195/307/294 2228/3626/3090 3526/3628/3091
f 3005/5023/3982 3785/2735/2441 4201/7369/4827
f 4789/8921/3363 655/5936/981 955/1515/1422
f 3863/6651/4643 3881/6697/4652 2369/3872/3259
f 3257/5487/4199 661/5227/990 4540/8238/4918
f 3083/5179/4058 1985/5178/2781 2587/4273/3527
f 1352/2145/1971 3504/5971/4396 2993/5003/3969
f 1900/3037/2685 4570/2240/2049 3/6/6
f 4190/9034/4824 107/170/159 2624/4335/3562
f 2961/3792/3206 2385/3901/3278 2322/3793/2014
f 2616/4320/3554 3266/4321/3555 91/9035/133
f 127/199/187 4591/8373/4925 1133/444/429
f 3205/5393/4155 4062/7247/4763 3901/6751/4667
f 422/8172/640 3179/5348/4141 423/5347/641
f 658/1027/169 4830/9036/2686 3710/1028/984
f 2332/3103/1419 1678/2664/2387 1853/5669/2626
f 4679/8640/4757 4619/3652/3110 4680/8641/4934
f 2414/3945/3311 387/612/593 583/614/594
f 314/497/481 4831/9037/199 4276/6720/4658
f 1331/7063/1941 2617/4323/3556 1264/2002/1854
f 308/485/469 3223/5420/4169 2700/4470/3646
f 572/889/855 4133/1608/1505 573/890/856
f 3770/6493/4578 400/631/611 2607/2842/2532
f 2543/4191/3471 3842/6618/602 3852/6637/604
f 1760/2798/2495 2985/4982/3356 737/1178/1121
f 3675/2243/2050 3924/2242/247 3395/5780/4315
f 4746/8812/3709 4703/2788/2486 4675/8633/4933
f 2813/4665/3773 2096/3384/2918 3031/5076/4005
f 1726/4369/2449 1693/2689/2407 1727/2688/2115
f 1047/1663/1550 1566/2485/2243 2835/4704/848
f 3659/6272/4505 1350/2141/1967 1930/3090/2722
f 1309/5338/1907 1443/2292/2088 4882/7946/1908
f 2697/4465/3641 4821/4467/3643 2809/4659/3772
f 3823/6594/649 3824/6595/4619 4108/7185/4787
f 4691/9038/4451 4832/9039/910 4833/9040/4719
f 2821/8747/3783 3003/5021/3981 3164/6278/4130
f 2950/4916/3920 1127/1785/1660 2336/3815/3223
f 481/9041/725 483/4953/727 4322/7676/3921
f 3851/7941/4636 4342/7722/4875 3514/4956/3947
f 866/5867/1300 3217/5866/4163 1897/3032/2681
f 325/515/499 1800/4699/2554 326/516/500
f 549/6626/815 4172/282/269 3033/281/268
f 549/9042/815 3033/6832/268 3940/6831/816
f 1934/3094/2724 1681/2668/2390 3641/6240/4497
f 455/6684/685 3735/6437/3748 4859/9043/3747
f 3823/672/649 4109/9044/3127 430/673/650
f 578/896/861 4029/328/315 1262/1998/1850
f 2017/3243/2827 276/430/415 2883/6394/3851
f 3284/5538/4224 3511/5986/4404 4501/8127/4912
f 4103/7178/4033 4578/7177/4785 3057/9045/4034
f 766/1219/1158 218/340/327 4285/8874/1631
f 4039/7032/4753 95/8620/137 4920/4205/2073
f 954/1514/1421 2019/3246/2615 703/1110/1059
f 4233/9008/4841 4309/7633/4663 1899/3035/2684
f 1988/3184/2096 1987/3183/2783 556/860/828
f 2652/7340/3601 2750/6730/3700 4405/7008/4744
f 4117/7199/4792 57/96/92 54/93/89
f 4354/7001/4742 2154/3490/2993 2153/3489/2992
f 4738/3977/3065 4834/9046/37 2435/3978/2999
f 3496/7810/4387 492/766/738 1223/1932/1792
f 727/1159/1103 4441/1161/1105 4808/8969/4198
f 3698/5113/4022 4116/7196/4294 3049/5114/4023
f 836/8128/1261 2143/9047/2980 4681/6712/4376
f 4835/9048/300 3143/9049/4095 4125/9050/3417
f 487/760/732 2152/3488/2991 488/761/733
f 1281/519/503 2472/4053/3380 327/517/501
f 4486/4600/3730 101/159/148 669/1050/1000
f 4061/9051/4697 2267/3706/3147 2268/3708/3149
f 2116/3415/2943 4662/7273/4805 4836/9052/2219
f 997/1591/1492 3396/5781/4316 4071/7102/4768
f 1125/1966/1658 601/3270/892 1244/1967/1822
f 308/485/469 2700/4470/3646 2047/486/470
f 2401/7227/3294 4924/9053/3392 3062/5141/4039
f 4793/9054/3017 4375/9055/762 3482/9056/4377
f 2267/3706/3147 4061/9051/4697 608/945/905
f 607/944/904 2267/3706/3147 608/945/905
f 3702/6362/3934 2480/8932/3397 2189/3544/3036
f 2644/4378/1542 3886/693/670 4697/8695/2705
f 4676/3410/2939 3235/5450/4181 4102/7173/4784
f 1036/1647/1537 1038/1649/1539 4037/7803/4751
f 4013/6979/4735 3531/6021/4415 3789/6535/4598
f 2278/3724/3157 363/5585/558 2279/3725/3158
f 3996/5890/4359 3461/5899/4363 4837/9057/3770
f 4433/7958/4899 2743/7959/3690 360/9058/554
f 4211/7026/4308 4002/7025/2477 4210/9059/2476
f 2572/4246/3507 111/175/164 3533/6026/3669
f 4514/8169/4916 1638/2601/2340 1637/2600/2339
f 3937/3005/2664 167/261/248 3925/6793/4680
f 4333/7697/14 3341/8167/4267 4838/9060/15
f 417/654/632 3036/2812/2507 2422/8650/3317
f 3929/5470/4191 3852/624/604 393/623/603
f 4839/9061/4666 4656/2019/1870 4573/2018/1869
f 3587/2296/2092 709/7701/1070 748/1195/1137
f 567/9062/845 1641/2605/2342 1640/2604/877
f 663/6191/993 1242/1961/1818 3911/1960/222
f 98/153/142 2021/6331/2832 1605/2551/2299
f 1138/3568/1675 862/1368/1293 2078/1367/1292
f 1757/2792/2490 4404/7870/4888 2871/2793/2491
f 424/6264/643 1315/6263/1917 3764/1639/1530
f 4914/4074/3393 3065/8123/4008 4924/4073/3392
f 2779/9063/3733 2655/7678/393 4610/1102/1052
f 2779/9063/3733 4610/1102/1052 4348/6634/4634
f 2978/5285/3955 4178/2785/2483 1719/9064/2434
f 4078/6987/3189 3917/7880/4675 885/1412/1333
f 4625/9065/3155 4/6480/7 3765/6479/4572
f 3432/2917/2595 3277/9066/4219 4840/9067/361
f 722/1149/820 552/4927/723 177/279/266
f 722/1149/820 177/279/266 176/278/265
f 3812/6573/948 3509/5981/1926 1065/1687/1571
f 4657/5159/4047 3333/5643/4261 36/6108/62
f 4030/7015/4746 4159/8141/4808 4016/7861/4737
f 4686/5702/961 555/7038/827 3359/5703/4282
f 966/1535/1441 4053/6165/4473 4767/8876/1916
f 141/6542/207 3081/5174/3721 4841/9068/382
f 3686/5109/4019 1628/5111/2327 3553/6068/2255
f 602/933/893 253/394/379 255/396/381
f 2165/3738/3009 2286/3737/3168 2525/9069/3450
f 1630/2591/2330 4344/4072/3391 1631/2592/2331
f 2564/4235/3497 2566/4237/3499 1779/4979/2518
f 2424/3959/3319 2752/4561/3703 3977/6903/4710
f 876/9070/1313 3036/2812/2507 1772/2814/922
f 3633/6221/4490 1843/9071/2613 481/8737/725
f 2798/4640/3759 2797/4639/3758 2059/8993/2874
f 1663/2641/2368 2926/4874/3894 4620/2642/2369
f 540/832/801 970/1541/1446 2282/3732/3163
f 4842/9072/373 575/500/484 718/6848/1082
f 2936/4962/3907 2973/4963/3948 4222/9073/3552
f 3299/5568/4235 4741/8804/4935 810/1292/1225
f 3452/5885/4356 2845/4725/3807 1663/2641/2368
f 3929/6803/4191 2797/4639/3758 3594/6139/4460
f 465/720/697 631/977/935 632/979/937
f 2774/4592/3725 4360/7764/4533 3362/5708/4285
f 729/1162/1106 211/332/319 3862/6650/4642
f 1743/2769/2468 3643/2293/2089 1445/2295/2091
f 2605/4302/3541 2946/4910/3916 2896/4819/3863
f 3010/5032/3987 1134/1796/1667 4591/8548/4925
f 3580/6116/3445 4529/1690/1574 1066/1689/1573
f 3314/5601/4249 2124/3431/2952 1468/2335/2125
f 1632/2594/2333 3827/2593/2332 1706/2706/2420
f 1899/3035/2684 2114/3034/2683 4255/9074/613
f 1377/5550/1997 178/1326/267 832/1325/1256
f 2204/5895/3056 4840/9075/361 239/4961/360
f 1167/1845/1714 4096/7163/4076 4843/9076/3320
f 3400/5788/4318 3401/5789/4319 2072/3339/2890
f 2199/178/167 722/1149/820 176/278/265
f 4844/9077/1021 4214/1510/386 1912/1512/1420
f 4272/7538/4854 4293/6504/4584 1589/2527/2278
f 4703/9078/2486 1963/9079/2756 4523/6524/4592
f 4703/9078/2486 4523/6524/4592 2667/7262/3615
f 349/553/537 3603/6163/4471 2555/4215/3484
f 1209/1911/1773 3993/6937/4721 4910/7343/4822
f 3223/5420/4169 397/628/608 2700/4470/3646
f 3793/6539/4601 2356/2667/2389 3166/5329/4132
f 2052/8859/2865 4151/7269/2867 4089/7142/4776
f 3266/5505/3555 1687/2677/2398 52/89/85
f 3573/6101/4444 4716/4188/439 4572/8328/4864
f 981/1564/1467 983/1566/1469 2707/9080/3654
f 1216/1923/1784 1218/1925/1786 2798/4640/3759
f 3215/5406/4161 3214/5405/672 3143/8819/4095
f 1420/2254/2061 2286/9081/3168 1421/2255/2062
f 3501/5966/4393 3767/7707/4171 4288/7578/1815
f 1385/2190/2008 277/432/417 4012/6973/2231
f 76/1676/116 4331/7694/3349 1057/1677/1561
f 2405/7672/3299 434/679/656 2825/9082/3787
f 1596/2539/2288 1591/9083/2284 3799/6548/2283
f 550/849/818 4235/7447/3524 1156/1827/1698
f 1886/3017/2669 1596/2539/2288 4466/1383/1307
f 1362/2158/1079 4609/8415/952 1606/2552/2300
f 2681/4444/3481 4173/7307/900 3554/6071/4430
f 626/158/147 4486/9084/3730 4647/6126/4453
f 3488/3074/2710 3732/8484/4558 1839/4496/2607
f 1646/2611/2348 2013/3238/2822 1645/2609/2346
f 3529/2994/2659 1377/5550/1997 4073/2995/2660
f 3229/5438/4178 3310/5593/4244 4329/7691/4873
f 1129/1788/1662 847/5648/1272 329/523/507
f 3838/6614/4626 708/1119/1067 3275/5522/4217
f 1671/6371/2377 3706/6370/4537 2107/1907/1769
f 4272/7538/4854 1589/2527/2278 4325/2526/2277
f 1866/6473/2646 1602/2547/2295 1604/2549/2297
f 2493/8611/3413 2014/3239/2823 736/1177/1120
f 3429/5835/4340 1742/2768/1277 1445/2295/2091
f 4651/2005/1713 1166/3582/1712 1266/2006/1857
f 514/797/769 4457/7045/4754 845/798/770
f 2222/3619/3084 4544/8248/2884 3672/5074/4003
f 2221/3618/3083 4680/8641/4934 4245/7483/4847
f 297/467/452 603/937/897 298/468/453
f 977/4334/1459 4776/8901/2074 505/784/756
f 2218/3614/3079 851/1349/1275 850/1348/1274
f 2759/7335/3711 9/16/16 188/296/283
f 3416/9085/1085 3156/5315/4122 3155/5314/1448
f 402/634/614 2115/3414/2942 3859/6646/2612
f 4845/9086/4914 4579/8335/4417 4401/8290/4886
f 2026/3257/824 764/6273/1156 2027/3258/2010
f 1937/3099/2728 3561/6081/4435 2846/4727/3809
f 3533/4506/3669 4481/8073/4906 2720/4507/3670
f 285/448/433 4624/447/432 1122/1779/1655
f 3380/5740/4297 1660/2634/2363 4295/7591/4859
f 2717/4502/3666 2718/4503/3667 3831/6605/4622
f 3843/6621/2436 3313/5600/4248 4846/9087/4911
f 4079/7118/1886 3716/6396/4544 1701/8710/2416
f 161/250/237 1233/1947/1806 3279/1946/1805
f 4511/2913/691 4068/7582/4767 3399/5787/2570
f 2385/3901/3278 2386/3902/3279 3522/6003/4410
f 4268/7531/839 564/4923/841 818/1303/1236
f 858/1362/1287 2949/4915/3919 2948/4914/3918
f 849/1346/508 848/1345/1273 1075/1703/1587
f 743/8396/1131 1855/2965/2632 744/4098/1132
f 1733/2753/2457 2151/3487/2990 4522/2447/2214
f 1898/3033/2682 4309/7633/4663 4847/9088/888
f 347/3291/534 638/989/947 639/991/949
f 1833/2927/2602 3519/5997/3199 3518/5996/4408
f 2759/4574/3711 2112/3411/2940 1778/2825/2517
f 3050/8460/4024 2233/3637/3099 1252/1984/1836
f 3270/5190/4064 3091/5189/3627 2391/9089/3287
f 2693/5429/3637 3321/5616/4254 4825/5430/4173
f 3340/5660/2810 803/5659/1215 4848/9090/2809
f 3113/5241/4088 794/1267/1203 796/1269/1205
f 1592/2722/2285 459/9091/689 4931/2720/2431
f 3909/6765/4671 775/1235/1173 2929/4886/3900
f 4145/9092/4801 3761/6474/4570 3024/5060/3996
f 4028/7012/579 3481/5930/4375 1481/3621/2140
f 1391/2201/1490 3867/2203/653 4906/7456/954
f 1398/2214/286 639/6572/949 1399/2215/2026
f 4589/9093/4924 4849/9094/2635 3128/5663/4101
f 1485/7472/2146 427/669/646 426/668/645
f 4348/6634/4634 697/1101/1051 3959/6874/1804
f 3747/6451/1319 3022/8709/3046 1969/3155/2763
f 831/1324/1255 2857/816/788 4859/4626/3747
f 856/2422/1284 3088/6961/663 4850/9095/1285
f 1447/2299/2094 2230/3629/3092 1664/2643/2370
f 386/611/592 385/610/591 2696/4464/3640
f 2290/9096/3173 951/1508/1417 758/1208/1148
f 4631/4629/3749 4332/7696/3844 2792/4630/3750
f 1411/9097/2045 2111/8759/2935 3535/6029/3465
f 2465/4040/3372 2464/4039/3371 4740/8801/2459
f 3946/6847/4694 1060/5196/1564 3994/6942/2889
f 678/1070/1020 4648/8532/4930 2922/9098/3891
f 1808/2878/2564 2834/2877/2563 2462/4030/3368
f 1101/9099/1630 2553/2218/2028 3194/5374/3577
f 4526/3983/3334 3098/9100/4069 4485/7065/4760
f 4578/7177/4785 4444/8561/2325 3057/9045/4034
f 1000/1597/1496 2513/1979/1831 2621/5728/3436
f 2206/3579/3059 4205/8119/4829 4798/3580/3060
f 3531/6021/4415 4097/7164/4782 4385/4041/3373
f 1754/4202/2487 4259/1197/1138 751/1199/1140
f 4914/4074/3393 332/528/512 2425/3962/3321
f 3283/5536/3604 2022/3252/2834 1039/5537/1540
f 2793/4633/3753 4309/7633/4663 4233/9008/4841
f 2833/6532/942 3075/5164/4049 4415/7896/4891
f 536/4031/796 2833/8356/942 4415/9101/4891
f 3551/6066/4429 451/9102/680 1386/2193/564
f 2192/3550/3041 4413/7892/2797 3168/5331/789
f 4877/8937/2158 1154/1825/1696 4492/7617/3523
f 4259/1197/1138 4449/9103/3728 750/1198/1139
f 3484/3595/3067 3076/8453/3846 2879/3593/3066
f 2124/3431/2952 4595/5602/4250 2122/3429/2950
f 4851/9104/3965 1391/5049/1490 3018/5048/1629
f 1116/1771/1648 584/905/867 586/907/869
f 4742/8808/2464 1117/1773/1650 3152/1772/1649
f 4689/8677/4813 3470/5911/4370 4568/8316/4923
f 4852/9105/3165 4335/3554/3045 4673/3675/3126
f 379/604/585 4011/603/186 820/6596/1240
f 4853/9106/4878 1136/1801/1672 1137/1802/1673
f 4689/7309/4813 831/1324/1255 830/1323/1254
f 487/760/732 3020/5054/3993 2152/3488/2991
f 3843/6621/2436 2875/4785/3146 2876/4786/3842
f 2041/3282/2853 4329/7691/4873 2125/3432/2953
f 695/1098/1048 2125/5437/2953 2126/1099/1049
f 2536/4178/3461 4062/7084/4763 913/1455/1370
f 2844/2686/2405 3031/5076/4005 2925/2684/2403
f 4189/7348/4778 4093/9107/2653 4196/7349/4823
f 756/1205/1146 3451/5884/2058 3444/9108/2057
f 1889/8614/2672 4491/5842/4342 3505/5972/4397
f 1890/3022/2674 1892/3024/1250 828/6952/1249
f 3244/6001/4188 3405/9109/4324 4929/7922/3170
f 4825/5430/4173 3321/5616/4254 4611/7601/4860
f 714/1130/1076 2076/1132/1078 4577/6579/4617
f 1493/2156/1978 2291/3746/44 758/2155/1148
f 758/1208/1148 952/1509/1418 18/1209/28
f 2076/3347/1078 4445/715/692 4578/8334/4785
f 1515/6587/2176 2937/4897/1416 2506/4132/3427
f 3726/8997/4553 4696/8868/3838 4404/7870/4888
f 2922/9098/3891 4648/8532/4930 4214/8531/386
f 2922/9110/3891 4214/401/386 1882/403/388
f 4043/7832/1463 978/8688/1462 1700/2698/2415
f 10/18/18 1726/2744/2449 1728/2746/2450
f 1401/2219/2029 1519/2409/2184 1719/2726/2434
f 2569/4243/3504 2571/4245/3506 1187/6171/1739
f 31/56/52 3985/6914/45 2866/4769/47
f 2544/4194/2750 4659/8569/2720 1175/7175/1724
f 1833/2927/2602 3267/5508/4209 503/782/754
f 3694/8450/4530 425/667/644 424/666/643
f 4904/1215/1154 762/1214/1153 3722/9111/4551
f 4805/4666/3774 3127/9112/2356 2814/4667/3775
f 3706/8879/4537 995/1588/1489 1593/2535/2286
f 2522/4160/3446 2305/3764/3186 3468/5908/4368
f 3751/7695/3128 2522/4160/3446 3468/5908/4368
f 4162/5175/4055 136/213/200 3082/5176/4056
f 674/1062/1012 4049/7048/2966 3821/6591/1575
f 4640/8504/1966 3936/6825/4687 4494/424/409
f 2662/7807/3608 4667/8963/4932 1910/3058/2699
f 1345/8270/1962 4854/9113/1961 3121/6181/4097
f 1376/2177/1996 1378/2179/1998 3159/5320/4126
f 4855/9114/3644 4847/927/888 404/638/618
f 2597/4288/3535 4603/2857/2545 2598/4289/1899
f 745/1191/1133 2225/3623/3087 2139/3466/2975
f 1076/1704/1588 2930/8082/3901 4856/9115/3902
f 4366/7781/1172 4632/9116/2362 2606/8577/3542
f 32/58/54 163/253/240 31/56/52
f 80/128/120 79/127/119 3605/6166/4474
f 1660/2634/2363 2736/4532/3683 319/508/492
f 1514/2399/2175 1516/2401/2177 4373/7795/4879
f 4540/8238/4918 217/339/326 3257/5487/4199
f 4765/9117/2785 4365/7778/4087 4528/8204/53
f 1751/2783/2481 526/810/782 525/809/781
f 3981/6908/4714 3982/6909/4715 2710/4490/3658
f 1406/2227/2037 2327/3992/3212 3880/8765/4651
f 1669/2650/2375 1670/2651/2376 3189/5366/4145
f 3786/6530/4596 702/1109/1058 4493/8106/3985
f 3649/6256/2629 3243/4148/3437 2999/5012/3976
f 4857/9118/3198 183/9119/277 184/9120/279
f 3372/5730/2897 1452/4348/1755 2630/4350/2114
f 3592/6137/4458 4134/7646/4797 3593/6138/4459
f 2418/7636/3313 1646/3468/2348 4181/7323/4818
f 3049/7645/4023 465/720/697 467/722/699
f 3648/6255/2630 2609/4308/3546 2611/4310/2439
f 1296/2047/1888 3291/6380/4229 2458/5104/3359
f 2997/5188/3974 4361/1181/1124 2095/3383/2917
f 3108/5232/4081 4737/8797/230 4269/5233/4082
f 4507/3658/3114 3500/4239/3500 3095/3659/3115
f 2042/3283/2854 4707/8719/4177 3616/8852/4481
f 4380/7812/1102 2361/3856/3253 4611/8419/4860
f 1585/2518/2271 4120/7204/4205 1465/2332/2122
f 621/964/924 1915/3066/2703 4126/7217/4794
f 1422/2258/2065 1816/2894/2577 300/470/455
f 102/7523/149 4407/2530/2281 1736/2529/2280
f 153/236/223 3911/235/222 1659/2633/1819
f 2795/4636/3755 3636/6226/4492 762/1214/1153
f 2527/7238/3452 2771/4185/3468 3838/6614/4626
f 571/888/854 4720/8752/831 2018/7637/2829
f 3286/5545/1544 2154/5544/2993 1042/7521/1545
f 4216/1168/434 4432/1167/1111 4772/9121/1182
f 3464/2708/2422 388/9122/596 1707/2707/2421
f 4446/7987/1485 3626/6208/4485 4320/7673/4734
f 4406/7647/4538 3016/5977/3991 1552/2461/2223
f 1212/4327/1776 3014/4329/3559 1470/2338/2128
f 2718/4503/3667 786/1255/1192 3606/6167/4475
f 3667/6291/176 4263/7522/3341 3665/6289/4510
f 1328/2108/1939 3379/5739/4296 1222/1930/1791
f 1846/2947/2618 3849/6348/4532 1847/2948/2619
f 4466/1383/1307 872/1382/1306 2553/2218/2028
f 4278/7556/1209 4358/9123/4382 4244/7557/4846
f 9/16/16 10/18/18 189/297/284
f 3514/4956/3947 463/4955/695 3851/7941/4636
f 1612/2568/1476 1611/2567/2309 4704/8713/4579
f 4909/3355/2899 4341/8639/3574 2079/3356/2831
f 1223/9124/1792 2109/3404/2933 3496/5958/4387
f 2310/3771/3191 4798/8945/3060 4564/8300/4773
f 11/21/21 3302/20/20 4681/5932/4376
f 2324/3795/3207 110/174/163 4468/8164/2150
f 4488/8095/4909 1180/1863/1731 4459/8018/4902
f 3432/2917/2595 4840/9067/361 2204/3575/3056
f 2414/3945/3311 583/614/594 1544/2446/2213
f 3301/5574/4238 3048/6357/4021 4356/7756/4877
f 3657/6295/4413 4858/9125/2104 3670/6296/3971
f 4854/2283/1961 1179/2285/1729 2867/8358/3833
f 2857/4751/788 456/3049/686 4859/9126/3747
f 1714/2717/2429 3294/5561/2036 1407/2718/2038
f 3317/5608/4252 2175/3521/3021 1580/2511/2264
f 4919/414/399 2449/4003/3346 574/9127/857
f 2431/9128/3327 1722/9129/2443 2390/3909/3286
f 1227/1937/1797 1930/3090/2722 1228/1938/1798
f 4625/6463/3155 3765/8049/4572 58/97/93
f 102/8928/149 4909/3355/2899 4148/3354/2898
f 3683/6324/4522 4860/9130/465 3025/3586/3064
f 3272/240/227 4505/242/229 468/723/700
f 2257/3685/3133 1609/2560/2304 1991/4111/2470
f 589/5384/875 874/1385/1309 3528/6010/2063
f 3514/5991/3947 1773/2819/2512 4542/5757/3946
f 4861/9131/1735 3654/6265/4503 3656/6267/3244
f 1372/2172/1991 4082/7634/4771 2688/4452/3632
f 3346/7551/4273 2837/4706/3799 2836/4705/3798
f 4688/4568/615 2755/4567/3707 4182/9132/4819
f 2714/6486/3664 704/1113/1061 2715/1112/1060
f 36/66/62 3332/9133/4260 3717/6547/4545
f 2501/4123/2967 2500/4122/3421 4366/8411/1172
f 465/720/697 632/979/937 466/721/698
f 4643/8509/4125 13/25/23 2117/8176/2944
f 2268/8802/3149 3721/6413/4550 4061/6856/4697
f 1106/1761/1638 1105/1760/1637 623/4618/926
f 3414/5812/4330 4242/7475/4844 906/1446/1066
f 3661/6280/4506 4471/8041/4903 2246/5203/3113
f 3542/6042/4424 4781/8909/4405 4036/9134/4750
f 4619/3652/3110 2982/8135/3958 4637/8844/4894
f 4194/1055/1005 1356/1057/1007 2442/9135/1460
f 4862/9136/1610 4899/7772/3387 4362/7771/1611
f 1892/1318/1250 3246/5463/2881 316/8507/483
f 296/466/451 3242/5459/4187 2643/6057/3591
f 1192/1879/1744 41/76/72 3939/75/71
f 1751/2783/2481 3083/5179/4058 526/810/782
f 1590/2528/2279 2927/3699/3142 4323/7677/2520
f 2069/3328/2883 213/335/322 3671/6298/3354
f 2065/2506/2259 4156/2508/2261 1502/2387/2163
f 3511/5986/4404 3284/5538/4224 242/377/364
f 4148/7263/2898 4523/6524/4592 102/7523/149
f 945/1496/1407 3919/6782/4677 3773/8602/3381
f 2824/4501/3665 2716/4500/3131 4085/9137/4604
f 2755/4567/3707 4691/8681/4451 4182/9132/4819
f 2686/4449/3631 4311/7642/2194 2687/4450/2193
f 1762/8644/2498 4583/8353/4739 4584/8355/2496
f 1627/2587/2326 3553/2501/2255 1628/2588/2327
f 1993/3193/2790 1369/5068/1987 1152/1823/1694
f 4554/9138/968 648/9139/967 4863/9140/4920
f 2276/1939/1799 987/1574/1475 988/1576/1477
f 4438/2180/1999 1379/2182/2001 4439/1402/1324
f 3770/6493/4578 1417/2246/2053 400/631/611
f 621/964/924 4126/7217/4794 3510/5985/4403
f 724/1153/1097 3480/6893/4374 1492/2372/1338
f 4220/7408/1718 3390/5774/4310 2340/7800/3229
f 3808/6566/4609 3807/6565/3826 4475/9010/4904
f 404/638/618 406/640/620 4855/9114/3644
f 3818/6581/4618 4864/9141/4118 3898/6745/4665
f 905/5289/1361 3140/5291/4111 4567/8313/3928
f 2295/3751/3177 4595/8380/4250 2296/3752/260
f 4881/3276/2849 1288/2032/1880 3516/2033/1881
f 159/246/233 148/227/214 160/247/234
f 3147/5300/4116 3261/5496/4203 4736/8796/1318
f 1443/2292/2088 1442/2291/1062 4381/7815/4882
f 4865/9142/3420 2077/3349/2896 3376/5735/4293
f 459/712/689 2258/3688/3136 2817/4673/3779
f 2832/2253/2060 3969/6885/4241 2335/3813/3221
f 4731/8785/1464 3059/5137/4035 3061/5139/4037
f 1319/2096/1928 1320/2098/1930 3711/8490/4540
f 3669/7837/4512 694/1097/1047 125/9143/184
f 497/772/744 3317/7463/4252 3758/3078/2712
f 1506/7242/2167 2159/3498/3001 1507/6140/2168
f 3364/5710/2995 4702/3043/2689 3346/5673/4273
f 2899/9144/3868 4186/1534/1440 2900/1536/1442
f 3141/3503/3005 4337/7703/3620 2163/3504/3006
f 4866/9145/4246 3977/6903/4710 3312/6905/4247
f 3888/6707/4655 2576/4252/3513 132/208/195
f 1163/1839/1708 156/239/226 155/238/225
f 4340/3151/2759 1965/3150/2758 4867/9146/3227
f 1564/2481/2240 142/5668/208 4841/2482/382
f 923/1467/1382 3645/9001/4501 2618/7156/3557
f 196/9147/295 4044/7041/2442 4043/7040/1463
f 2627/9148/3567 4686/1004/961 4136/1003/960
f 4725/8768/2222 2747/4554/3696 4723/8080/4908
f 349/553/537 4718/555/539 4388/6162/4470
f 3688/7410/4526 2548/5604/3477 1297/2048/1889
f 1929/3089/2721 418/2487/636 4868/9149/2816
f 4846/9087/4911 3313/5600/4248 3797/8830/4602
f 3042/5096/3138 413/650/628 3043/5097/4017
f 1998/3205/1092 2433/3975/3330 721/9150/1093
f 4918/2843/2533 3351/8325/4279 171/269/256
f 2611/4310/2439 2610/4309/3547 1475/2343/2132
f 3557/6076/4433 1364/2162/1981 3097/5208/4068
f 2106/1210/1149 760/1212/1151 2316/9151/2135
f 3038/5087/4011 975/1552/1455 976/1554/1457
f 170/268/255 2392/267/254 1876/7252/2662
f 350/2449/538 833/1328/1257 1674/2656/2380
f 971/1543/1447 379/604/585 3825/6597/4620
f 568/884/850 1227/1937/1797 1226/1936/1796
f 4017/6984/4738 4546/8255/3098 1581/2512/2265
f 2087/3373/2911 4427/7937/4896 2088/3374/2912
f 768/1221/1160 2970/4957/358 1461/2079/1914
f 1233/1947/1806 51/87/83 52/89/85
f 4864/9141/4118 4869/9152/3913 3898/6745/4665
f 4775/2515/2268 2101/3389/2922 1583/2516/2269
f 3807/4760/3826 2860/4759/3825 380/605/586
f 1880/3129/2666 1881/2694/2411 1953/3130/2744
f 1362/2158/1079 1606/2552/2300 1361/2157/1979
f 4089/7142/4776 3538/6033/4420 4791/8927/3399
f 604/938/898 4173/940/900 2551/8027/3480
f 4059/4952/3945 817/1301/1234 4221/7409/4834
f 2713/4497/3663 1441/4976/2087 2157/9153/2998
f 4699/8704/724 1377/2178/1997 1376/2177/1996
f 2764/4580/3716 4191/7353/4826 490/5923/735
f 4325/8674/2277 3613/5671/4272 1770/2811/2506
f 4757/2751/2455 2803/4649/3766 1578/2509/2262
f 1099/1746/1625 1585/5886/2271 1586/1747/1626
f 543/838/807 2675/4436/2475 522/806/778
f 4068/7582/4767 1001/5785/1497 3399/5787/2570
f 3053/5121/4026 2406/7729/3300 4277/7549/4431
f 3607/6169/1634 3602/7682/3316 2328/3801/3213
f 4150/7372/4804 2393/8772/3288 4580/7373/4673
f 4135/7232/352 4134/7231/4797 291/458/443
f 3535/8472/3465 4416/8562/4892 2383/1759/1636
f 3055/5129/4031 3133/5277/4104 3387/779/751
f 4083/7128/4772 3268/6871/4211 2172/3515/3016
f 1236/3835/1809 3045/9154/2888 2348/3836/3237
f 3858/6645/4640 914/1456/1371 916/1458/1373
f 2944/4907/3218 440/8012/666 1524/2421/2195
f 4810/6676/4647 2945/4909/3915 2605/4302/3541
f 2335/3813/3221 4453/8002/3593 2475/3814/3222
f 1903/3042/1202 330/820/510 533/822/792
f 682/1076/1026 3935/9155/4686 4870/9156/1778
f 529/813/785 3437/5852/4345 3438/5857/4346
f 197/309/296 1700/2698/2415 2193/3551/3042
f 1018/3057/1518 2123/5652/2951 1910/3058/2699
f 858/1362/1287 4698/9157/2367 4414/7894/4339
f 366/579/562 207/324/311 1715/3871/2430
f 4929/7922/3170 2790/3163/2768 1973/3162/2767
f 2937/4897/1416 3323/4133/3428 2506/4132/3427
f 2175/3521/3021 2539/4181/3464 1580/2511/2264
f 2359/3854/3251 1559/2475/2234 1397/2209/2021
f 2270/6502/3151 1312/2078/1913 4171/8896/4812
f 4180/7321/4816 1968/3154/2762 4363/6452/3822
f 3388/5763/2845 3387/5762/751 4871/9158/3565
f 955/1515/1422 3787/6531/4046 4872/9159/3364
f 3828/6600/4621 4270/7533/2680 838/1334/1263
f 1712/3369/2428 3073/3371/2909 2230/3629/3092
f 3497/8714/4390 4518/422/407 270/421/406
f 4873/9160/1828 3894/6727/4660 2355/8305/3248
f 2862/4764/3829 4301/4766/3831 4640/2140/1966
f 3664/6286/4508 3840/6616/4628 477/745/719
f 1572/2494/2249 2971/69/65 3630/6216/4488
f 1632/7308/2333 4282/5584/4242 831/1324/1255
f 536/4031/796 4415/9101/4891 191/9161/289
f 2484/4087/3402 4713/8168/4915 525/809/781
f 1109/1764/1641 1108/1763/1640 4130/7222/4796
f 4361/1181/1124 739/1182/1125 2095/3383/2917
f 4827/9162/3875 4124/4234/3496 2635/4364/3581
f 4266/7528/4852 1237/1953/1811 485/758/730
f 1565/2484/2242 1287/2030/1878 4534/8217/4917
f 4563/5490/2931 4516/9163/3579 3589/5491/4200
f 4505/242/229 3686/6329/4019 468/723/700
f 1210/5215/1774 3406/5797/4325 3122/5263/3159
f 3676/8773/4514 2393/8772/3288 4150/7372/4804
f 2334/3811/3219 3189/5366/4145 1959/6757/2754
f 3688/7410/4526 1297/2048/1889 3171/5335/4135
f 4828/9031/4871 4521/8190/4208 4874/9164/3882
f 1377/2178/1997 3529/5748/2659 1378/2179/1998
f 3414/5812/4330 1956/3138/2751 4242/7475/4844
f 1568/2489/2246 4868/9149/2816 418/2487/636
f 865/1374/1299 4650/8536/4595 866/1375/1300
f 562/871/837 3297/5566/4233 3403/5791/4321
f 3980/6907/4713 133/209/196 4485/7065/4760
f 3488/3074/2710 4883/3073/2709 3801/6555/4606
f 4623/8439/2042 1903/3042/1202 370/590/573
f 1917/3071/2707 4419/3070/2706 2463/4037/3369
f 841/1337/1266 2510/4139/2769 2790/4625/2768
f 4198/7364/4758 2174/3520/3020 3772/9165/4582
f 388/616/596 4729/7352/4825 389/617/597
f 3606/6167/4475 786/1255/1192 3161/5322/4128
f 3296/8705/4232 3167/5330/4133 597/924/885
f 3633/6221/4490 1571/6220/2248 1843/9071/2613
f 3737/6439/4559 2386/3902/3279 1841/2937/2610
f 4160/7285/4809 2674/4432/3622 2511/4140/3431
f 855/1355/1281 4388/7829/4470 4922/4105/3412
f 3804/6560/4608 1841/2937/2610 4934/2936/2609
f 1518/2407/2182 4442/4029/3367 2721/4509/3671
f 3569/6094/3761 4875/9166/2782 3570/6095/4441
f 521/805/777 853/1353/1279 542/837/806
f 2247/3660/86 4193/3662/3116 4145/7257/4801
f 2390/3909/3286 1722/9129/2443 867/1376/1301
f 1746/2773/2472 1745/2772/2471 4675/9167/4933
f 4426/7605/4861 2559/4227/3490 2280/3728/3160
f 489/3727/734 4426/7605/4861 2280/3728/3160
f 261/7980/391 475/740/715 1085/1718/1600
f 3756/6466/4569 1463/7658/2119 4315/7657/4866
f 2285/3736/3167 615/7236/916 1830/6764/2598
f 1965/3150/2758 2053/3302/2868 2406/3932/3300
f 4224/6022/4416 1430/2274/2078 4893/5680/4276
f 3116/9168/4001 2429/3967/3324 4664/3968/3325
f 4023/6997/4741 2883/4804/3851 1495/2376/2157
f 2137/9169/2969 1317/2090/1924 638/989/947
f 4876/5089/4012 3039/5090/4013 3270/5190/4064
f 1187/6171/1739 3288/5552/1738 2569/4243/3504
f 4876/9170/4012 3270/5512/4064 3663/5514/4213
f 4604/8400/3572 4603/8399/2545 4250/9171/2142
f 4484/1146/1091 721/1148/1093 2911/4848/3879
f 258/4835/385 2363/3859/3255 2320/3858/3203
f 3233/5447/1936 1324/5469/1935 3145/5297/4113
f 15/27/25 14/26/24 790/3232/1196
f 2748/4555/3697 2232/5519/3096 3273/5518/4215
f 4699/752/724 552/751/723 298/9172/453
f 2934/4893/3905 2994/5004/3970 1049/1666/1553
f 2389/3908/3285 2431/9128/3327 2390/3909/3286
f 4074/8942/3433 3106/8944/4079 3450/4850/3880
f 4861/9131/1735 3699/6358/4535 3654/6265/4503
f 4448/7989/1669 3989/6925/4717 4877/8937/2158
f 1496/1799/1670 4448/1798/1669 4877/9173/2158
f 606/5619/903 4265/9174/902 2874/5620/3841
f 3817/6580/3994 1967/3153/2761 3022/8709/3046
f 3656/8656/3244 1183/1866/1733 4861/1868/1735
f 4853/7765/4878 2583/4266/3521 4584/2800/2496
f 1598/2541/2290 1429/2273/2077 1428/2272/2076
f 3062/5141/4039 1274/2014/1865 2401/7227/3294
f 1018/7411/1518 3516/5993/1881 3896/9175/4664
f 3815/6576/4615 2850/4737/3816 2849/4736/3815
f 2822/4679/3784 1415/2244/2051 810/1292/1225
f 4170/8563/4720 2351/7986/3241 669/7985/1000
f 4411/7885/4889 1858/2969/1429 1133/1795/429
f 1657/2630/2360 90/143/132 527/811/783
f 2758/1320/1251 2519/4155/3442 3586/1571/1473
f 471/9176/704 2135/3453/1554 322/4545/495
f 1324/5469/1935 4430/7943/3194 3326/5630/4256
f 2760/4575/3712 4667/8558/4932 2662/4576/3608
f 1952/3128/69 2804/4650/3767 1950/3126/2743
f 3321/5616/4254 3320/5615/4253 4611/7601/4860
f 3689/2418/2192 4878/9177/966 2687/2419/2193
f 1204/1899/1761 421/5611/639 3349/5679/4275
f 831/1324/1255 4859/4626/3747 829/1322/1253
f 3291/6380/4229 910/6654/1366 3712/6381/4541
f 1330/2110/1940 2379/3888/3271 441/2111/668
f 2381/9178/3274 2283/3733/3164 3222/5419/3275
f 2499/1996/1848 4865/9142/3420 3376/5735/4293
f 1328/2108/1939 1222/1930/1791 2802/4648/3765
f 4827/4840/3875 1428/2272/2076 4124/7215/3496
f 3361/8820/4284 199/314/301 3215/5406/4161
f 4306/7628/4168 1180/1863/1731 1182/1865/95
f 4781/8909/4405 1183/1866/1733 4684/8655/4406
f 1081/1713/1595 1740/2766/2466 205/322/309
f 4260/7513/3487 4879/9179/2804 186/6998/281
f 3876/6681/4650 4260/7513/3487 186/6998/281
f 3003/5021/3981 245/382/369 1489/2368/2152
f 2148/3484/2987 2815/7174/3776 2149/3485/2988
f 2347/3834/3236 368/586/569 3864/3832/3235
f 1794/2855/2544 909/5618/1365 1795/2856/1367
f 2768/4585/3720 187/295/282 577/895/860
f 2647/4382/3596 4830/3216/2686 1557/2468/2230
f 554/5691/823 3352/5690/4280 4578/7568/4785
f 3636/6226/4492 2795/4636/3755 2604/825/795
f 3988/793/765 1449/6520/2099 4880/9180/2098
f 4021/6993/3741 46/82/78 45/81/77
f 2137/3460/2969 3976/6901/4709 1317/8351/1924
f 1720/2727/2435 1110/1765/1642 3843/2728/2436
f 1943/3111/2734 3746/2412/2186 558/862/830
f 3845/6629/4631 4336/7700/3282 2958/4936/3933
f 1730/2749/2453 3970/6886/4706 515/799/771
f 2242/3648/3107 3199/1929/1790 1096/7574/1618
f 3660/9181/4051 4425/7935/4426 1881/2694/2411
f 4881/9182/2849 2501/4123/2967 1288/8412/1880
f 2814/4667/3775 3127/9112/2356 2865/4768/2395
f 1431/6774/2079 1432/1398/1320 879/1400/1322
f 3542/6042/4424 1282/9183/502 3548/1867/1734
f 3608/4022/3361 2618/9184/3557 2173/3519/3019
f 2644/1652/1542 1040/1651/1541 443/8197/671
f 1167/1845/1714 1169/1847/1716 230/361/348
f 1600/6316/2293 590/914/876 374/598/581
f 2053/3302/2868 3755/6462/4567 2407/3933/3301
f 2960/4941/3938 2210/3599/3068 3298/5567/4234
f 1918/5945/2708 4882/9185/1908 4883/9186/2709
f 3624/3697/3141 4402/265/252 2085/3368/2908
f 4134/7646/4797 3453/5887/4357 716/1134/1080
f 761/1213/1152 2795/4636/3755 762/1214/1153
f 3968/443/428 4509/442/427 2889/9187/3857
f 398/629/609 2876/4786/3842 399/630/610
f 2073/3340/2891 3503/5970/4395 1343/2130/1958
f 3258/6281/4201 92/145/134 2528/4167/3453
f 3547/6061/2399 2783/4613/3738 4809/8803/1390
f 4735/6817/3226 4279/6093/4440 4884/9188/2655
f 4278/5622/1209 3017/5046/340 4358/5947/4382
f 501/778/750 3055/5129/4031 3387/779/751
f 2705/7879/3652 3713/6387/4542 4904/1215/1154
f 137/214/201 3108/5232/4081 138/215/202
f 1552/2461/2223 3708/6376/4539 3099/5210/4070
f 4895/4899/3909 4908/3837/3238 4740/7092/2459
f 2499/1996/1848 4116/5736/4294 3698/8754/4022
f 2973/4963/3948 3765/8049/4572 4222/9073/3552
f 3676/6307/4514 2565/4236/3498 2564/4235/3497
f 4041/9189/2027 4056/4376/3592 4753/3506/3008
f 4897/1461/1376 4324/1460/1375 2417/4393/392
f 3647/6251/4502 63/4602/102 2777/4601/3731
f 1562/2478/2237 1561/2477/2236 3890/6713/4656
f 1730/2749/2453 515/799/771 1034/1644/1534
f 2749/4557/3699 3475/5918/3802 3474/5917/3097
f 4658/9190/4379 3766/7649/4573 1920/3076/2711
f 1919/3075/1486 4658/9190/4379 1920/3076/2711
f 2269/3709/3150 2272/3712/556 2278/3724/3157
f 3678/6310/4517 2562/4231/3493 1513/2398/2174
f 3836/6611/1349 3722/9111/4551 762/1214/1153
f 1404/2224/2034 1572/2494/2249 1402/2222/2032
f 4090/563/546 4168/7295/4115 4238/3989/3339
f 2302/3761/3183 2820/4676/3781 2821/4678/3783
f 2581/8613/3518 4031/7016/4747 2582/521/505
f 993/1586/1487 3281/7767/4223 1919/1585/1486
f 1976/3168/2773 242/7467/364 4224/6022/4416
f 3790/3479/2982 4385/7823/3373 4386/7824/4883
f 2769/4587/3722 3931/2371/2155 3792/9191/4600
f 2417/4393/392 672/9192/1010 4897/1461/1376
f 584/905/867 4308/1206/1147 1529/7627/2199
f 1737/9193/920 4885/9194/3786 4742/9195/2464
f 3468/5908/4368 1374/9196/1993 3751/7695/3128
f 718/1137/1082 2108/3403/2932 717/1135/1081
f 2959/4939/3936 857/6242/1286 3337/4940/3937
f 2995/5006/3972 3741/6443/4562 3970/8228/4706
f 3090/5187/4063 629/974/932 1922/3080/2714
f 2100/2977/2643 2099/8092/2921 1865/2978/2644
f 2680/4443/3628 2911/7082/3879 3112/8477/4086
f 640/997/955 642/999/957 3449/5880/4355
f 4843/9076/3320 1168/1846/1715 1167/1845/1714
f 4811/8974/1906 4882/9185/1908 1918/5945/2708
f 4492/7617/3523 1154/1825/1696 1156/1827/1698
f 1705/1297/1230 1424/2263/2069 814/1298/1231
f 3437/5852/4345 4369/7785/4480 682/7502/1026
f 1783/2836/2526 1887/3018/2670 1677/4101/2384
f 4680/8641/4934 2244/3651/3109 4245/7483/4847
f 2352/3843/3243 1527/2425/2197 1526/2424/2196
f 1596/2539/2288 1886/3017/2669 1591/9083/2284
f 1064/1686/1570 2185/1688/1572 1399/2215/2026
f 4205/7375/4829 4590/5333/4134 1574/7376/2253
f 1197/7725/1628 1196/3873/1750 2371/3875/3261
f 1655/2740/2358 1940/2739/2445 4886/9197/2731
f 3347/333/320 1655/2628/2358 4886/9198/2731
f 3105/7452/4078 4241/7471/3818 3624/3697/3141
f 2414/3945/3311 1544/2446/2213 1543/2445/2212
f 1051/1670/1484 1053/1672/1558 4446/7987/1485
f 3141/3503/3005 2164/3505/3007 2753/4562/3704
f 4191/9199/4826 4458/4556/3698 491/764/736
f 1379/2182/2001 2149/3485/2988 4439/1402/1324
f 3447/5877/4354 3446/5876/4353 4485/7901/4760
f 3924/2242/247 3916/6602/3811 3567/6090/4439
f 2424/3959/3319 3977/6903/4710 4866/9145/4246
f 4824/9015/4683 4750/7674/3395 4208/9200/1879
f 4733/8791/1757 1303/2057/1897 3255/4836/3872
f 132/208/195 4477/8065/4905 1584/8150/2270
f 4648/8532/4930 1939/1072/1022 2332/8533/1419
f 2487/9201/3405 2486/5472/3404 3337/4940/3937
f 4226/8144/4837 4865/4119/3420 2498/4118/1847
f 1424/7728/2069 4788/7664/4868 2398/3920/3291
f 2273/3713/3153 3041/5095/4016 2274/3714/3154
f 4579/6025/4417 522/806/778 3532/6023/1018
f 2613/4314/3550 3229/5438/4178 4367/4312/3548
f 1983/3177/2780 3149/5303/4117 4091/6496/4581
f 441/691/668 2838/5809/3800 442/692/669
f 2194/3552/3043 89/4343/131 4092/3553/3044
f 819/4809/1239 1193/1883/1747 3825/6597/4620
f 4887/9202/3551 2614/6043/3553 2075/3345/2894
f 1141/1807/1678 3690/6337/4528 27/52/48
f 4215/7397/2625 2332/3103/1419 1853/5669/2626
f 2621/4147/3436 3923/6244/4499 4807/9203/3560
f 3913/6770/4672 914/4082/1371 3858/6917/4640
f 2389/3908/3285 1111/1766/1643 4112/7190/4789
f 1364/2162/1981 1365/2164/1983 3097/5208/4068
f 1516/2401/2177 3820/8988/4162 2612/8112/3549
f 1072/1699/1583 1918/5945/2708 1618/2574/2314
f 2580/9204/3517 3939/75/71 3096/1708/1590
f 1308/2068/1905 724/1153/1097 1492/2372/1338
f 2207/4833/3062 2234/9205/3101 2903/4834/3871
f 3511/5986/4404 4684/5988/4406 4501/8127/4912
f 191/9161/289 4415/9101/4891 3074/9206/4048
f 191/8721/289 3074/9207/4048 3826/2121/1949
f 627/161/150 4909/4419/2899 4888/9208/930
f 3023/5059/3995 4145/9092/4801 3024/5060/3996
f 2502/6323/3422 4098/9209/1088 3683/6324/4522
f 2235/3640/1187 390/618/598 1931/9210/2723
f 3941/8608/4690 1252/1984/1836 3092/5191/466
f 2509/9211/3430 4157/7281/4777 2510/3164/2769
f 2897/4820/3864 1764/2804/2500 1763/2803/2499
f 464/5306/696 4149/7265/2819 3000/5017/3978
f 4477/8065/4905 4775/8067/2268 1584/8150/2270
f 774/1233/1171 773/1232/1170 2732/4526/3680
f 2234/3639/3101 2207/9212/3062 3723/9006/3055
f 2574/4249/3510 1831/2924/1911 2344/3828/3234
f 594/920/881 596/922/883 2181/3532/2137
f 700/4717/1055 4432/4716/1111 1964/3147/2757
f 4429/7939/623 2482/8780/3400 1926/3893/2717
f 4197/7362/1112 3439/5859/1853 713/1129/1075
f 2746/4551/3693 3322/4021/3360 4921/9213/4083
f 4472/9214/2266 2625/9215/3563 445/9216/674
f 1650/2620/2353 1127/1785/1660 2950/4916/3920
f 1243/1965/1821 2689/4453/3633 4925/8139/4913
f 4159/7284/4808 4017/6984/4738 4016/6983/4737
f 3810/6570/4611 3907/7952/1690 3834/6609/4624
f 208/325/312 3691/6719/4529 2953/4925/3924
f 2291/8388/44 1642/4911/2343 25/9217/41
f 3138/7876/4109 3173/5337/4137 469/725/702
f 4505/8137/229 1851/2953/2623 3686/5109/4019
f 771/1228/1166 4889/9218/2620 3912/5027/3983
f 4581/6231/4495 589/5384/875 3528/6010/2063
f 4001/5836/3788 3681/6320/4520 1658/8424/2361
f 3697/6352/4534 4360/6351/4533 2773/8265/3724
f 2460/7585/3365 3728/6421/4554 2315/3778/3197
f 146/225/212 1895/3028/2678 147/226/213
f 4216/449/434 4772/3673/1182 286/450/435
f 1705/1297/1230 1826/2261/2067 1424/2263/2069
f 595/921/882 4025/7003/2846 4353/7746/4876
f 1529/7627/2199 756/1205/1146 3444/9108/2057
f 671/1053/1003 1418/2249/2056 2653/4390/3602
f 4564/9219/4773 4798/7545/3060 4204/7374/2252
f 2000/3207/2800 2260/3690/3137 2434/3976/3331
f 4295/8315/4859 3575/7597/4446 2457/4016/3355
f 4606/3407/2936 986/8310/1474 2646/4380/3595
f 4673/3675/3126 4109/3676/3127 4316/7661/3478
f 4630/4970/3954 4565/8304/3968 4157/7150/4777
f 4516/4361/3579 3308/5589/2930 4200/4362/3580
f 837/1333/1262 684/1081/1031 1826/2261/2067
f 3449/5880/4355 642/999/957 3240/5881/4185
f 4872/9159/3364 4789/8921/3363 955/1515/1422
f 659/1029/985 3710/1028/984 763/1216/1155
f 2747/4554/3696 1650/2620/2353 3211/5402/4158
f 4890/9220/884 4891/9221/886 4892/9222/4659
f 2766/4583/2805 4613/3672/3124 4893/9223/4276
f 411/648/626 2660/4344/3569 412/649/627
f 3157/5317/4123 2862/4764/3829 1349/2139/1965
f 4826/9018/2022 3918/6781/4676 945/1496/1407
f 3549/9224/4428 2181/2349/2137 1478/2348/2120
f 1169/1847/1716 497/772/744 230/361/348
f 2183/3534/3030 1006/3281/1506 2040/3280/2852
f 760/1212/1151 3867/6660/653 2316/9151/2135
f 1041/1653/1543 2445/3993/3340 3738/6440/4560
f 3107/5231/4080 460/713/690 4431/7955/4898
f 1813/2888/2574 240/735/362 3631/6217/4489
f 2416/3947/3312 903/1443/1353 2471/5157/3379
f 4849/9094/2635 4589/9093/4924 1829/9225/2597
f 3461/5899/4363 2205/3199/2794 4121/9226/3057
f 3733/4298/3539 3591/6136/4457 2603/4299/3540
f 2197/3559/3049 2325/5995/3209 4651/8542/1713
f 1414/1226/1164 2942/4903/3912 436/3680/658
f 2975/4966/3950 3103/9227/4074 4714/6393/4543
f 3445/7069/4352 4019/6989/4740 2586/6988/3526
f 3229/5438/4178 2613/4314/3550 3310/5593/4244
f 4160/7285/4809 2511/4140/3431 4161/7286/4810
f 397/628/608 4862/4471/1610 2700/4470/3646
f 48/84/80 2028/3260/2837 2937/4897/1416
f 2750/6730/3700 545/842/811 4405/7008/4744
f 4828/9031/4871 1500/2384/2161 4521/8190/4208
f 2087/3373/2911 3627/6210/4486 4427/7937/4896
f 1981/3175/2778 1983/3177/2780 4181/7323/4818
f 916/1458/1373 915/1457/1372 3513/5990/2044
f 2918/4861/3886 202/317/304 1128/1787/1656
f 1304/4290/1898 4317/7662/4853 2597/4288/3535
f 3837/1016/973 3445/7069/4352 4894/9228/2272
f 3545/6054/4216 4489/8096/2828 4695/8692/3100
f 4145/9092/4801 4193/7355/3116 3761/6474/4570
f 2636/4365/3582 2820/4676/3781 2302/3761/3183
f 4740/2755/2459 1734/2757/2461 4895/9229/3909
f 2045/3289/2858 507/787/759 509/789/761
f 340/543/527 222/346/333 338/541/525
f 593/1880/880 2768/4585/3720 577/895/860
f 2880/4184/3467 3076/4794/3846 3991/6929/4718
f 4741/8804/4935 1158/1829/1700 2822/4679/3784
f 2623/4333/3561 4896/9230/536 4669/7405/4833
f 1555/2465/2227 3172/7895/4136 3137/5286/4108
f 474/733/710 3322/4021/3360 2746/4551/3693
f 4647/8530/4453 4095/7347/4780 669/9231/1000
f 195/307/294 3526/3628/3091 2105/8323/2927
f 1803/2871/2558 143/222/209 145/224/211
f 2642/4373/3589 496/8925/743 422/7451/640
f 4287/7577/4857 4720/8752/831 571/888/854
f 672/1060/1010 4400/7862/4206 4897/9232/1376
f 1864/7635/2642 4387/3602/3071 3753/6460/4566
f 1538/2440/2209 4898/9233/253 1539/2441/2210
f 3752/7546/4565 647/1007/964 646/1006/963
f 3007/5028/3984 3395/5780/4315 3734/5782/4317
f 1088/2159/1603 2496/6876/3418 2495/7693/3415
f 4085/7134/4604 1741/2767/2467 1117/1773/1650
f 4899/9234/3387 4056/9235/3592 4820/9236/2386
f 2896/9237/3863 4280/7162/4781 3366/4871/3892
f 2765/4581/3717 4323/2828/2520 367/584/567
f 2099/8092/2921 1340/9238/1955 4571/8093/4872
f 134/210/197 314/8625/481 1130/8081/480
f 4458/4556/3698 2748/4555/3697 2203/3573/3054
f 2552/5654/3482 2554/5688/3483 1768/2808/2504
f 1598/2541/2290 2986/8457/3961 2985/4017/3356
f 2271/6805/3152 354/7303/547 35/64/60
f 4681/6712/4376 861/6711/1291 836/8128/1261
f 2587/9239/3527 1985/5024/2781 956/1516/1423
f 2546/5941/3475 1104/1756/746 2049/5942/1893
f 3619/6200/4483 3618/6199/4482 2856/4748/3820
f 3064/5140/4038 1274/2014/1865 3062/5141/4039
f 2052/7840/2865 835/1330/1259 1366/2165/1984
f 1257/3749/1843 2293/3748/3175 4900/9240/1982
f 4497/8113/4455 1321/2100/1932 4913/8221/4015
f 2922/9098/3891 4216/7610/434 678/1070/1020
f 502/781/753 1834/2928/2603 503/782/754
f 1270/2010/1861 4483/6230/4494 987/3719/1475
f 4498/1917/1779 4099/7168/3448 1213/1918/1780
f 2143/8097/2980 2128/3436/2956 4681/7705/4376
f 3474/5917/3097 1224/5919/1793 4901/9241/3543
f 4262/1185/1128 712/9242/1074 740/1183/1126
f 4560/8289/4921 2524/8076/3449 4537/8225/4059
f 3706/8879/4537 1593/2535/2286 2107/3398/1769
f 1331/7063/1941 441/9243/668 4055/7064/667
f 4613/3672/3124 4310/4582/3718 2253/3671/3123
f 4675/8633/4933 4703/2788/2486 3604/6164/4472
f 1788/2845/2535 3207/5396/4156 3208/5397/2228
f 1159/1830/1701 414/651/629 3331/5200/4067
f 2887/4810/3855 858/5524/1287 857/6242/1286
f 4895/9229/3909 1734/2757/2461 4513/8684/1810
f 3086/5127/4030 1625/2584/2323 3816/7718/4616
f 3917/7880/4675 4195/1410/1331 885/1412/1333
f 2844/2686/2405 2813/4665/3773 3031/5076/4005
f 3361/8820/4284 3360/1080/1030 199/314/301
f 2907/4008/3350 4828/7681/4871 3298/5567/4234
f 318/8343/491 2910/2657/2381 1676/2659/2383
f 2806/4652/3769 3342/5664/2492 2780/8009/3736
f 1148/1814/1685 3901/6751/4667 1986/1815/1686
f 3741/6443/4562 3438/5857/4346 4558/8286/4907
f 463/718/695 4542/9244/3946 464/719/696
f 2428/3965/3323 3462/5901/4364 2218/3614/3079
f 1769/2809/2505 1433/2279/2081 1649/2617/2351
f 4850/1359/1285 3090/5187/4063 1922/3080/2714
f 4506/1493/1404 2118/3425/2947 943/1494/1405
f 3528/2256/2063 2137/9169/2969 638/989/947
f 1072/1699/1583 1618/2574/2314 1617/2573/1311
f 3174/5339/4138 3158/5318/4124 3175/5340/4139
f 4312/7644/4799 3443/5872/4351 4926/6406/4549
f 4475/8056/4904 971/1543/1447 321/1542/494
f 2718/4503/3667 1533/2432/2203 3193/5373/4148
f 4166/7291/4504 3862/6650/4642 3435/7514/4343
f 1004/1603/1500 109/2366/162 2807/4656/3771
f 2893/4816/3860 1866/6473/2646 3760/6472/3037
f 3068/5149/4042 3608/8657/3361 2459/7868/3362
f 1681/2668/2390 3793/6539/4601 3641/6240/4497
f 2575/8647/3512 605/941/901 2098/5591/2920
f 682/7502/1026 4369/7785/4480 3935/8409/4686
f 4147/7259/4802 3118/5252/4093 865/1374/1299
f 1840/2935/2608 1839/2934/2607 534/823/793
f 3942/6836/4691 3984/6912/4661 3978/6904/4711
f 3501/5966/4393 1549/2457/2220 4339/7706/4574
f 2454/4010/3352 3091/4442/3627 3039/9245/4013
f 480/750/722 603/937/897 297/467/452
f 3769/6491/4576 2848/8998/3813 3807/6565/3826
f 2983/4978/3959 1131/1793/1665 4894/2520/2272
f 4425/6059/4426 1437/2286/2085 3546/6060/4427
f 617/958/918 1983/3177/2780 1982/3176/2779
f 3325/7108/4255 3335/7107/241 4902/9246/3834
f 3742/8214/4563 4496/1229/1167 4019/6989/4740
f 2671/4426/3618 3161/5322/4128 2672/4427/3619
f 4734/8793/1321 2881/4799/3848 266/4798/400
f 3837/1016/973 3350/1015/972 3445/7069/4352
f 2297/3754/3178 4903/9247/4594 3118/5252/4093
f 4752/3120/2740 2678/9248/3508 1281/3121/503
f 4641/8506/1278 1742/2768/1277 3974/6897/4707
f 642/4204/957 641/5362/956 4039/7032/4753
f 2154/5544/2993 3666/6290/4511 1042/7521/1545
f 4341/4354/3574 3658/4353/3573 4307/9249/4646
f 3450/4850/3880 1907/3053/2696 1909/3055/2697
f 4702/3043/2689 4111/7188/4788 2837/5672/3799
f 4617/9250/4527 2558/834/803 4553/836/805
f 3653/7875/642 2048/3295/2862 2206/3579/3059
f 1501/2386/992 1608/1698/1582 1073/1700/1584
f 3015/5042/3990 635/986/944 731/1165/1109
f 4899/9234/3387 4453/9251/3593 4056/9235/3592
f 4392/7836/4225 3232/5441/3145 3932/4232/3494
f 3333/5643/4261 4657/5159/4047 4199/7487/3118
f 4904/9252/1154 3722/6414/4551 3373/7858/4291
f 3660/9181/4051 1437/9253/2085 4425/7935/4426
f 2187/3539/3031 2188/3540/3032 3703/6364/4536
f 4192/7354/2337 1008/1611/1508 158/245/232
f 2231/3630/3093 1200/1892/1754 561/870/836
f 3954/6866/4699 823/9021/1244 4424/7933/1243
f 4222/7414/3552 4223/7415/3760 2614/9254/3553
f 2183/3534/3030 4218/8413/4832 1006/3281/1506
f 4421/5515/4214 3374/3707/3148 2267/3706/3147
f 2951/4921/3922 4860/481/465 307/483/467
f 4157/7281/4777 1756/2791/2489 2510/3164/2769
f 206/323/310 208/325/312 2953/4925/3924
f 1524/2421/2195 4497/6129/4455 3221/4908/3914
f 197/309/296 2193/3551/3042 2412/3942/3308
f 390/618/598 51/5382/83 1931/9210/2723
f 4905/9255/1216 803/5659/1215 2698/4466/3642
f 1745/2772/2471 4746/5529/3709 4675/9167/4933
f 1229/1940/1800 988/1576/1477 3210/7848/4157
f 3381/5743/4298 1874/5067/2658 3623/8475/4348
f 1248/1980/1832 3813/8842/4613 1249/1981/1833
f 4646/8524/4929 465/7197/697 4116/7196/4294
f 1176/1856/1725 425/667/644 3694/8450/4530
f 4741/8804/4935 2822/4679/3784 810/1292/1225
f 2602/1891/1753 1508/2393/2169 1198/1889/1751
f 4308/1206/1147 584/905/867 1980/3590/2777
f 420/661/638 4515/7478/4845 3201/5386/4152
f 3310/5593/4244 2490/4096/3409 4329/7691/4873
f 2221/3618/3083 164/7484/242 3335/7107/241
f 1927/3086/2718 4113/7191/4790 1113/1768/1645
f 4326/2926/2601 151/230/217 3746/6449/2186
f 3763/6477/4571 4726/6476/713 260/405/390
f 1353/2147/1764 2954/4926/3925 1092/6858/1613
f 516/800/772 4482/8079/4862 517/801/773
f 168/262/249 2571/8314/3506 3916/6778/3811
f 1886/3017/2669 1885/3016/2668 3635/9256/2127
f 4882/7625/1908 2841/4714/3803 2842/4715/3804
f 4167/7294/4811 2511/4140/3431 3458/2816/2510
f 4426/7605/4861 46/7336/78 2559/4227/3490
f 4470/6020/4414 2402/3927/3296 4774/8890/2566
f 1677/2660/2384 4705/8716/4863 3947/6850/4695
f 2826/4340/3566 1422/2258/2065 934/2260/1394
f 2119/3426/2948 2677/8465/3626 2120/3427/2949
f 3116/5072/4001 3021/3826/3232 981/3825/1467
f 2189/3544/3036 3051/341/328 1695/2691/2409
f 1148/1814/1685 3205/5393/4155 3901/6751/4667
f 1695/2691/2409 1782/2833/2524 902/1442/1359
f 2538/4180/3463 2039/3279/2851 3311/5594/4245
f 3683/7750/4522 4098/1143/1088 720/1145/1090
f 2147/9257/2984 4320/7673/4734 4824/9015/4683
f 1551/677/654 4065/7090/4399 433/678/655
f 4669/7405/4833 1854/2960/2628 2623/4333/3561
f 3075/5164/4049 3714/4795/3847 3076/5165/3846
f 521/805/777 1045/1279/1214 853/1353/1279
f 4748/5323/4129 2362/3857/3254 2361/3856/3253
f 3446/6732/4353 3552/724/701 1575/6945/2254
f 3490/5950/4383 2188/3540/3032 2543/4191/3471
f 4447/7988/3836 2495/7693/3415 709/8728/1070
f 4159/7284/4808 4132/7228/4227 3178/5345/1504
f 3789/6535/4598 4385/4041/3373 3790/6536/2982
f 2600/4294/3537 4534/8217/4917 2762/4578/3714
f 3472/4607/3735 4230/9000/4839 1548/2454/2218
f 2448/4000/3345 849/6702/508 4257/4838/3874
f 812/1295/1228 1388/1294/1227 4456/8010/2012
f 4803/8953/337 3668/9258/3022 3377/4264/3519
f 2077/7589/2896 1138/1804/1675 2078/9259/1292
f 1237/1953/1811 1867/2981/2647 4131/3021/2673
f 3689/9260/2192 4777/9261/4555 1891/9262/2675
f 1851/2953/2623 4357/7760/4547 3047/5110/4020
f 4906/9263/954 3867/6660/653 1194/6659/1748
f 2681/8401/3481 3151/3691/2406 4907/9264/899
f 1436/1179/1122 1345/2134/1962 738/1180/1123
f 1967/3153/2761 3167/6746/4133 1968/3154/2762
f 1826/2912/2067 1825/2911/2592 4744/8810/2068
f 3795/6541/2226 3110/5236/4084 3585/6127/4454
f 1656/2629/2359 2995/5006/3972 2740/4538/3688
f 2853/4743/153 664/1042/996 4436/7964/2298
f 3317/5608/4252 1333/2114/1943 3758/6469/2712
f 3097/5208/4068 1365/2164/1983 3447/5877/4354
f 2465/6016/3372 4908/9265/3238 3639/5830/4338
f 4318/7666/4869 1628/2588/2327 4685/8665/4050
f 1997/3201/2796 739/1182/1125 670/1052/1002
f 2427/1227/1165 494/769/741 496/771/743
f 2751/4560/3702 4723/8763/4908 4072/7317/4769
f 4909/9266/2899 103/7406/151 4888/972/930
f 4500/258/245 4227/9267/4401 2089/8915/2913
f 3513/5990/2044 915/1457/1372 1411/9268/2045
f 2382/2362/2147 4443/6492/4577 1486/2363/2148
f 2026/3257/824 554/8661/823 764/6273/1156
f 4383/7817/3220 1668/8417/446 4384/7818/1887
f 4062/7084/4763 4910/9269/4822 4441/7976/1105
f 3861/8774/4641 4614/8423/2273 3681/6320/4520
f 3847/6631/4632 3035/5084/4009 3848/6632/4633
f 3147/5300/4116 943/9270/1405 3148/5301/1777
f 994/1587/1488 759/9271/1150 2106/3397/1149
f 2355/9272/3248 4645/8226/4856 4594/8378/1829
f 3716/6396/4544 3369/5721/4288 3370/5723/129
f 4471/8041/4903 3661/6280/4506 2979/4973/3956
f 4677/9273/1664 4911/9274/278 3044/9275/976
f 4322/7676/3921 4321/7675/4870 4564/8300/4773
f 151/230/217 150/229/216 2947/4913/3917
f 3358/5551/4228 4815/8979/4389 2570/4244/3505
f 2975/4966/3950 3102/9276/3977 3103/9227/4074
f 3913/6770/4672 4791/4080/3399 914/4082/1371
f 3717/6547/4545 4127/7218/1094 1814/2890/2575
f 916/1458/1373 3512/5989/4407 3858/6645/4640
f 721/9150/1093 2433/3975/3330 3473/5916/4371
f 1664/2643/2370 2230/3629/3092 4755/8840/563
f 3482/5933/4377 4905/7802/1216 3483/5934/4378
f 40/8701/70 1951/3127/218 892/1423/1342
f 1666/2647/2373 3276/5525/4218 4067/8059/4766
f 1146/1812/1683 1145/1811/1682 2064/3316/2260
f 537/828/797 1387/2194/681 451/9277/680
f 3551/7867/4429 537/4032/797 451/9278/680
f 311/491/475 1623/2582/2321 4917/7821/4874
f 3655/6266/3289 3654/6265/4503 2362/3857/3254
f 4519/8182/3069 4849/2968/2635 1857/2967/2634
f 941/1489/1402 1936/3098/2727 175/1490/262
f 587/909/871 4912/9279/4065 2052/8177/2865
f 394/625/605 2068/3327/2882 24/43/39
f 4264/7908/4851 4339/6485/4574 4875/7909/2782
f 2838/5809/3800 1258/1992/1844 3412/5810/4328
f 4646/8612/4929 3376/5735/4293 4140/3348/2895
f 1007/1610/1507 2698/4466/3642 2697/4465/3641
f 1675/2658/2382 4365/9280/4087 4765/5342/2785
f 2352/3843/3243 4684/5988/4406 3656/3844/3244
f 361/572/555 2744/5062/3691 3026/5063/3997
f 3351/8325/4279 2554/7897/3483 172/270/257
f 3982/6909/4715 565/876/842 3192/878/844
f 4853/7765/4878 3920/7342/4679 2583/4266/3521
f 3114/5242/4089 796/1269/1205 2725/4515/3674
f 1015/1619/1515 3076/7459/3846 800/1277/1213
f 3638/5465/4190 4575/9281/2527 1785/8866/2529
f 3221/4908/3914 4497/6129/4455 4913/9282/4015
f 731/1165/1109 4338/1164/1108 1662/2639/2366
f 397/628/608 2474/4063/3386 4862/4471/1610
f 3450/4850/3880 3106/8944/4079 1907/3053/2696
f 4567/8313/3928 4155/7275/4806 4319/7670/3929
f 807/1289/1222 3651/1288/1221 1298/5799/1891
f 3837/1016/973 1393/9283/2017 4555/8525/1801
f 2616/5081/3554 3065/5083/4008 4914/9284/3393
f 3052/5119/4025 645/5704/962 3359/5703/4282
f 1409/7477/2041 4168/7295/4115 4090/563/546
f 3894/6727/4660 3783/6522/4590 2355/8305/3248
f 394/2452/605 23/3589/38 1547/2453/2217
f 4827/9162/3875 2635/4364/3581 3998/6949/1766
f 3794/1857/1726 1178/1859/1728 1147/1813/1684
f 3731/8005/1330 2637/4366/3583 4417/7900/4053
f 550/849/818 1156/1827/1698 551/850/819
f 3196/5376/4149 1533/2432/2203 1532/2431/2202
f 4663/5427/4172 4303/7839/872 1366/2165/1984
f 2114/3034/2683 1898/3033/2682 2699/4469/3645
f 2650/3906/3283 2652/7340/3601 2450/3907/3284
f 2157/9153/2998 1441/4976/2087 2326/9285/3211
f 317/505/489 1003/504/488 3309/4420/3616
f 117/184/173 116/183/172 3274/5521/835
f 2028/3260/2837 2089/3375/2913 3508/5980/1305
f 3905/6759/4670 3904/6758/4669 1009/1613/1510
f 3058/5133/986 1721/2732/2438 2215/3610/3075
f 2821/4678/3783 3164/9286/4130 203/613/305
f 2133/3445/2962 2905/4841/3876 2131/3443/2960
f 1770/2811/2506 4271/1633/1526 4272/8673/4854
f 1691/3149/2402 62/102/98 61/105/101
f 578/896/861 4708/326/313 4029/328/315
f 552/851/723 553/853/821 299/469/454
f 2165/8074/3009 2524/8076/3449 4560/8289/4921
f 3005/5023/3982 4201/7369/4827 245/382/369
f 2360/3855/3252 2362/3857/3254 3654/6265/4503
f 2824/4501/3665 2825/9082/3787 434/679/656
f 8/13/13 2757/1321/1252 4333/14/14
f 4158/8583/4807 2741/3997/3343 4915/9287/2025
f 3342/2794/2492 4916/9288/4266 1757/2792/2490
f 3680/3695/2009 2015/3240/2824 2027/3258/2010
f 4917/9289/4874 2990/2406/2181 653/8043/979
f 4884/9188/2655 4279/6093/4440 4196/7349/4823
f 30/3790/51 4631/7020/3749 2791/3791/3205
f 835/8858/1259 4089/7142/4776 4791/8927/3399
f 1367/6830/1985 2282/4035/3163 4663/8581/4172
f 515/799/771 517/801/773 1034/1644/1534
f 3863/6651/4643 654/1023/980 3881/6697/4652
f 15/27/25 1994/3233/1198 16/28/26
f 661/5227/990 3105/5226/4078 4918/9290/2533
f 661/1034/990 4918/2843/2533 1787/2844/2534
f 3898/6745/4665 4869/9152/3913 4756/8845/3195
f 3688/7410/4526 1862/2974/2640 3480/5929/4374
f 1432/1398/1320 2854/9291/3819 4734/1399/1321
f 2928/4473/3647 2701/4474/3648 4780/8907/1842
f 3286/1654/1544 2742/5769/3689 93/8631/135
f 4680/8641/4934 4619/3652/3110 2244/3651/3109
f 2356/2667/2389 3165/5328/4131 3166/5329/4132
f 2901/7130/3869 817/1301/1234 4059/4952/3945
f 4047/7046/4755 4401/7863/4886 1321/2100/1932
f 496/771/743 495/770/742 3179/5348/4141
f 2747/4554/3696 4628/446/431 285/448/433
f 3821/1691/1575 4480/4057/3383 1066/1689/1573
f 848/1345/1273 1076/1704/1588 1075/1703/1587
f 2400/3922/3293 2304/3763/3185 3163/8088/4027
f 376/4060/504 501/778/750 2582/4263/505
f 3439/2001/1853 1852/5099/2624 1264/2002/1854
f 709/2562/1070 2495/4110/3415 1609/2560/2304
f 4919/9292/399 574/891/857 247/385/372
f 248/388/375 4919/414/399 247/389/372
f 2298/3755/3179 3118/5252/4093 4147/7259/4802
f 13/25/23 16/28/26 4395/3480/2983
f 2686/4449/3631 3245/8680/4189 3729/7643/4556
f 2190/3546/3038 2191/3547/3039 3252/8021/4194
f 2255/3681/3130 4612/559/543 4085/6549/4604
f 1158/1829/1700 1157/1828/1699 2823/4680/3785
f 1858/1523/1429 595/921/882 4353/7746/4876
f 3137/5286/4108 2916/4859/3884 1555/2465/2227
f 1951/231/218 4129/233/220 892/9293/1342
f 2843/4720/3806 4468/8164/2150 3142/5294/4112
f 4313/7654/4239 4314/7656/2938 1069/9294/1578
f 897/1430/1348 4386/7824/4883 339/542/526
f 1344/8588/1959 1454/2311/2105 412/649/627
f 3498/5962/4391 4051/6677/4648 381/606/587
f 3925/6792/4680 1508/2393/2169 1510/2395/2171
f 4848/3220/2809 1785/2839/2529 1784/2838/2528
f 4055/690/667 3249/5471/4192 2892/4815/3859
f 587/909/871 3441/8786/4349 4912/9279/4065
f 2193/3551/3042 4206/4374/3590 3109/3941/2803
f 1242/1961/1818 1501/2386/992 1073/1700/1584
f 2776/4599/3729 4213/402/387 2443/3988/3338
f 1289/2034/1882 3673/2036/1884 2640/4371/3587
f 3679/5649/4263 3680/9295/2009 4012/2469/2231
f 897/1430/1348 3790/3479/2982 4386/7824/4883
f 612/949/909 611/948/908 809/1291/1224
f 612/949/909 809/1291/1224 3008/5030/3986
f 709/6091/1070 4279/6093/4440 2138/9296/2970
f 95/148/137 4351/150/139 4776/9297/2074
f 4920/9298/2073 95/148/137 4776/9297/2074
f 3570/6095/4441 4766/8875/2054 4130/7222/4796
f 4720/864/831 559/866/833 4310/8174/3718
f 2848/4734/3813 2738/4733/3685 4011/603/186
f 2746/7567/3693 4921/9299/4083 4229/7535/4838
f 2934/4893/3905 1049/1666/1553 1048/1665/1552
f 163/253/240 1141/7120/1678 3985/6914/45
f 531/8347/790 3695/8349/4531 3598/6890/4467
f 4255/7500/613 4234/7442/4842 1899/8863/2684
f 116/867/172 1049/1666/1553 560/868/834
f 1561/2477/2236 3019/5050/3992 3890/6713/4656
f 1962/3145/1057 4523/9300/4592 1963/3146/2756
f 4144/7255/4800 3316/5607/1424 4003/6957/4725
f 127/199/187 284/445/430 128/200/188
f 3631/6217/4489 141/9301/207 3632/6218/206
f 915/7786/1372 1777/2824/2516 1411/4691/2045
f 4149/3234/2819 4533/8215/4893 4343/9302/4803
f 1972/6652/2258 4754/9303/1181 779/4718/1183
f 3907/9304/1690 4626/6816/4684 3834/6815/4624
f 3664/6286/4508 477/745/719 1191/1878/1006
f 3229/5438/4178 3853/589/572 3277/5526/4219
f 4191/7353/4826 1383/7539/1178 4547/7541/3801
f 1477/2347/2136 3282/5534/2039 4212/2345/2134
f 4174/7311/4814 4390/7310/3112 1176/8568/1725
f 312/6709/478 3796/9305/477 3740/6442/3522
f 4202/7370/4828 4541/8239/2109 1710/2712/2108
f 1704/3324/2419 627/161/150 102/160/149
f 1757/2792/2490 2373/3879/3264 4404/7870/4888
f 262/409/394 1230/5948/1802 2435/8337/2999
f 1142/1808/1679 1542/2444/580 1140/1806/1677
f 3010/5032/3987 2074/3343/2893 3011/5033/2968
f 4614/8423/2273 4810/9306/4647 1658/8424/2361
f 2374/3880/3265 272/4521/411 4892/7916/4659
f 2678/4247/3508 2472/4053/3380 1281/519/503
f 4277/7549/4431 3238/7505/4183 3053/5121/4026
f 953/734/711 474/733/710 3306/4552/3694
f 3508/1381/1305 1947/8687/2739 122/193/181
f 4636/2896/2579 4656/6999/1870 3596/6148/4464
f 1620/1896/1758 2786/4619/3743 1202/1897/1759
f 4807/6790/3560 715/1131/1077 714/1130/1076
f 2976/4967/3951 1949/3124/2742 3100/5213/4072
f 3413/5811/4329 3412/5810/4328 3557/6076/4433
f 919/1463/1378 2317/3784/3201 2318/3785/3202
f 1491/3537/2154 1048/1665/1552 116/867/172
f 4185/7327/4821 4760/8851/541 4050/7050/4756
f 883/6429/1329 1774/8368/2513 325/515/499
f 109/173/162 1999/172/161 3684/9307/4523
f 2842/4715/3804 1408/7170/2040 4232/6556/4607
f 2413/4527/3309 1170/9308/1719 2066/4829/2880
f 1722/2737/2443 196/5596/295 1954/3132/2746
f 2927/4882/3142 571/888/854 573/890/856
f 4021/4616/3741 3866/4615/3740 2560/4228/3491
f 4222/7414/3552 4/7/7 470/6622/703
f 3051/5117/328 2481/4079/3398 852/1350/1276
f 3907/1819/1690 1150/1821/1692 4626/8446/4684
f 119/186/175 3739/6441/4561 4263/3994/3341
f 1449/6520/2099 512/795/767 3512/5989/4407
f 4699/8704/724 1376/2177/1996 3503/5970/4395
f 3351/5687/4279 1766/2806/2502 1768/2808/2504
f 2022/3252/2834 4835/313/300 4125/7216/3417
f 2323/2198/2013 1390/2200/2015 256/398/383
f 1532/2431/2202 3999/8616/4723 4306/5418/4168
f 3810/6570/4611 3809/6569/4610 4013/6979/4735
f 2589/4275/3528 2588/4274/913 1846/2947/2618
f 2911/4848/3879 1989/3187/2786 4365/5240/4087
f 2556/4218/3485 4818/4219/3486 2521/4158/3444
f 2981/4975/3957 1597/2540/2289 2516/4151/3439
f 4728/8779/1589 3701/6361/4461 902/1442/1359
f 3872/2099/1931 1322/2101/1933 3571/3051/2694
f 4922/9309/3412 4389/9310/2379 4818/9311/3486
f 3315/5606/4251 3241/5458/4186 4003/6957/4725
f 676/1067/1017 1509/2394/2170 1836/2931/2604
f 792/1264/1200 3841/6617/4629 793/1265/1201
f 250/391/376 252/393/378 3536/6031/4418
f 2122/9312/2950 2601/4295/3538 2873/6742/3840
f 3004/5022/3782 4896/9230/536 2623/4333/3561
f 24/43/39 2158/3497/3000 4834/41/37
f 4014/6981/4736 1661/2635/2364 3981/6908/4714
f 634/982/940 2287/8792/3169 3405/8277/4324
f 4585/8359/3867 1842/2939/2611 1458/6590/2110
f 1577/7651/2257 1964/3147/2757 4432/4716/1111
f 694/1097/1047 2126/1099/1049 125/9143/184
f 4832/950/910 2091/3378/2914 1312/2078/1913
f 4249/7490/4743 3973/1900/1762 3614/6185/3358
f 1514/2399/2175 342/545/529 323/513/497
f 483/755/727 482/754/726 2969/168/157
f 4700/6851/3889 3817/6580/3994 4701/9313/4445
f 1801/8617/2555 4342/7722/4875 3259/7911/4202
f 3071/5153/4045 2962/4943/3939 1644/5154/2345
f 3336/6385/4264 1637/2600/2339 780/3381/1184
f 3394/5779/4314 3831/6605/4622 2671/4426/3618
f 1249/1981/1833 1762/2802/2498 2312/3773/3193
f 3241/5458/4186 4459/8018/4902 3242/5459/4187
f 4649/8535/4931 3178/5345/1504 3177/5344/4140
f 3220/5415/4166 438/687/664 2944/3810/3218
f 2297/8623/3178 4931/9314/2431 2817/8243/3779
f 3798/6545/4603 2739/4535/3686 4687/8669/4732
f 1001/1598/1497 1000/1597/1496 3398/2000/1852
f 242/7467/364 241/6812/363 4224/6022/4416
f 1946/3118/2738 2771/4589/3468 2527/4166/3452
f 1896/3952/2679 2420/3951/3315 548/845/814
f 490/763/735 4191/9199/4826 491/764/736
f 123/194/182 3182/5352/2929 3183/5353/4142
f 2577/6583/3515 4923/9315/1434 3028/6584/4000
f 4499/8116/4910 4674/343/330 4583/9316/4739
f 2556/4218/3485 2521/4158/3444 1390/6821/2015
f 391/620/600 2578/1485/1398 4712/8732/2905
f 2949/4915/3919 2063/8251/2878 3494/5956/2187
f 4579/8335/4417 2579/272/259 2180/3530/3028
f 3909/8592/4671 4512/8161/3307 4275/7544/4855
f 332/3924/512 4924/9317/3392 2401/3925/3294
f 2501/4126/2967 2093/5682/2915 1775/4124/2514
f 1424/9318/2069 4744/5822/2068 4925/8139/4913
f 1424/7728/2069 4925/9319/4913 4788/7664/4868
f 1803/2871/2558 2403/3928/3297 143/222/209
f 2200/5356/3051 4130/7222/4796 862/7223/1293
f 4926/9320/4549 3048/5112/4021 4312/7244/4799
f 86/9321/127 88/142/130 89/141/131
f 4927/9322/3710 3877/9323/3357 1807/9324/2562
f 3187/4484/3655 4209/5636/3050 2707/4482/3654
f 4316/4207/3478 34/61/57 2550/4208/3479
f 4576/2321/2113 800/1277/1213 4428/2840/2530
f 2833/4701/942 2858/4754/2365 1494/9325/943
f 3599/6154/4468 586/907/869 2120/3427/2949
f 2545/4195/3473 880/1404/1326 892/3607/1342
f 2133/3445/2962 2132/3444/2961 3520/3783/3200
f 4403/7866/4887 4633/8476/1606 3360/5706/1030
f 2733/4528/440 1053/1672/1558 1052/1671/1557
f 3724/6416/2440 1475/2343/2132 4541/2315/2109
f 652/1021/978 4917/7821/4874 653/1022/979
f 4240/3112/2735 2284/8867/3166 3869/6665/143
f 1370/2169/1988 1371/2171/1990 1780/2827/2519
f 3753/6460/4566 3609/7883/4478 3754/6461/4477
f 1455/2312/2106 1456/2313/2107 3892/6716/4307
f 3902/6754/4306 1455/2312/2106 3892/6716/4307
f 2167/3510/3011 2446/5869/3342 2168/3511/3012
f 3210/8622/4157 3530/6019/4388 3454/5684/4277
f 462/4548/694 520/1886/776 1197/1888/1628
f 275/429/414 2962/4943/3939 4399/7860/4885
f 3863/6651/4643 408/474/459 652/1021/978
f 89/141/131 90/143/132 2534/4175/3460
f 1762/2802/2498 1761/2801/2497 2312/3773/3193
f 376/9326/504 378/5273/584 3129/5272/3384
f 4473/6843/4693 2165/8074/3009 4560/8289/4921
f 4473/6843/4693 4560/8289/4921 493/6844/740
f 4928/9327/4516 4143/6582/4425 2685/3442/2959
f 103/6133/151 627/971/150 538/829/798
f 4929/9328/3170 4605/8404/1346 2790/4625/2768
f 1480/2351/2139 4027/594/577 1481/2352/2140
f 662/1035/991 173/271/258 754/1202/1143
f 4511/2913/691 4101/7599/4783 4111/7188/4788
f 4748/5323/4129 2057/9329/2871 3125/5324/4099
f 2720/4507/3670 4481/8073/4906 4050/7050/4756
f 4351/3469/139 2421/9330/3310 4394/3470/2976
f 83/9331/123 4870/9332/1778 4930/9333/124
f 4261/1840/1709 2694/6930/3638 1164/1841/1710
f 820/2624/1240 284/445/430 4730/8784/1238
f 2817/4673/3779 4931/9334/2431 459/712/689
f 4374/7796/3122 4373/7795/4879 4367/8892/3548
f 698/1103/1053 4574/8330/4568 1347/1104/1038
f 2519/4155/3442 2541/4186/3469 2520/4156/3443
f 3689/9260/2192 1891/9262/2675 3485/9335/4380
f 3537/7226/4419 3506/5973/4398 4757/8846/2455
f 4589/9093/4924 3128/5663/4101 4572/7648/4864
f 3183/5353/4142 4036/7503/4750 3203/5388/4153
f 1474/2342/2131 3847/6631/4632 2551/4210/3480
f 4743/4459/3636 1438/1094/1044 4265/4784/902
f 3456/6822/4360 4488/8095/4909 4122/7210/1902
f 1613/2569/2310 1615/2571/2312 3612/5399/520
f 1208/1910/1772 3993/6937/4721 1209/1911/1773
f 908/1449/1364 3921/6786/3852 2863/4765/3830
f 2738/4534/3685 2350/3839/3240 4011/198/186
f 1793/2854/2543 4467/35/33 685/1082/1032
f 3832/2982/2648 549/846/815 548/845/814
f 2708/329/316 2288/3742/3171 508/5628/760
f 4049/3452/2966 2409/8160/3304 3821/8069/1575
f 1582/2514/2267 4472/2513/2266 3354/5693/3514
f 2978/4971/3955 2979/4973/3956 4107/6921/4716
f 3809/6569/4610 1620/2578/1758 4733/5481/1757
f 2116/3415/2943 4836/9052/2219 4230/7434/4839
f 3160/6012/4127 3657/6014/4413 14/26/24
f 212/334/321 3347/333/320 2432/8651/3328
f 1343/2130/1958 3503/5970/4395 3687/6330/4524
f 2830/4695/3795 1338/2125/1953 741/1184/1127
f 2447/8501/1443 3023/5059/3995 967/3262/1444
f 1978/3172/2775 2281/3730/3161 3324/3309/2873
f 1460/2320/1295 3587/6130/2092 450/702/679
f 4932/9336/1317 943/9270/1405 3147/5300/4116
f 3561/6081/4435 4328/7690/4226 3063/5143/4040
f 2468/8115/3374 2247/3660/86 2523/4161/3447
f 4576/2321/2113 1015/1619/1515 800/1277/1213
f 1464/2331/2121 4762/1093/1043 2599/9337/3536
f 4376/8770/4880 4211/7026/4308 4933/9338/4309
f 2970/4957/358 769/1223/1162 238/7743/359
f 84/135/125 80/128/120 3605/6166/4474
f 806/1286/1219 922/1466/1381 3067/1468/1383
f 773/1232/1170 4366/1234/1172 2500/8235/3421
f 1550/2458/2221 3501/5966/4393 2919/5229/3887
f 187/295/282 1382/2186/2005 4086/7136/4774
f 666/1047/997 3968/443/428 345/548/532
f 553/853/821 722/852/820 3086/5183/4030
f 1083/3868/1597 2734/4530/3681 2367/3869/59
f 1017/4752/1517 1466/2333/2123 1018/9339/1518
f 4934/9340/2609 146/225/212 4455/8087/4236
f 4823/9014/4409 3576/6107/4447 2890/4813/3215
f 3417/5817/4332 3671/4014/3354 3113/5241/4088
f 625/968/928 4647/8530/4453 4486/8089/3730
f 4448/1798/1669 2932/3095/2725 2477/4104/1923
f 1162/1837/1706 4548/1836/1705 1956/3138/2751
f 1962/1108/1057 1702/2701/2417 4523/8195/4592
f 362/8327/557 1586/1747/1626 363/9341/558
f 1950/3126/2743 2806/4652/3769 152/7203/219
f 4031/7016/4747 2712/5446/3662 382/607/588
f 4274/7543/3276 4443/7978/4577 2382/9342/2147
f 4019/6989/4740 3350/1015/972 3742/8214/4563
f 3559/6079/4323 1906/5043/2695 2704/4479/3651
f 466/721/698 2040/3280/2852 1635/2597/2336
f 682/1076/1026 4870/9156/1778 83/131/123
f 204/321/308 3133/5277/4104 1080/1711/1593
f 948/1501/1411 962/4475/1432 287/1502/437
f 2999/5012/3976 3243/4148/3437 2515/4149/3438
f 4033/7018/517 3798/6545/4603 4687/8669/4732
f 290/457/442 4433/7958/4899 2479/4075/3394
f 3239/4700/2556 4635/8483/2549 326/516/500
f 648/9343/967 4553/8278/805 4863/8280/4920
f 2891/4814/3858 2893/4816/3860 3760/6472/3037
f 172/9344/257 2553/2218/2028 1101/9099/1630
f 1576/2502/2256 3553/2501/2255 1627/2587/2326
f 1540/5100/2211 1331/7063/1941 1264/2002/1854
f 4177/149/138 4935/9345/4733 4812/8975/1717
f 1898/3033/2682 4847/9088/888 4855/4468/3644
f 1191/1056/1006 4194/1055/1005 3945/6841/4509
f 2124/3431/2952 3314/5601/4249 4595/5602/4250
f 3425/5613/3873 985/5392/1472 4606/9346/2936
f 4388/6162/4470 4718/555/539 4389/9347/2379
f 4121/4654/3057 3835/9348/4625 4252/4655/96
f 3139/5290/1919 905/5289/1361 904/9349/1360
f 4762/1093/1043 692/1092/1042 2476/4066/3388
f 273/427/412 2030/3264/2839 274/428/413
f 1685/1958/1816 2789/8194/2458 1241/1959/1817
f 4836/2455/2219 4826/2210/2022 945/2456/1407
f 356/566/549 355/565/548 844/1341/1270
f 1435/2282/2084 1594/2281/2083 1050/1668/1555
f 1042/7521/1545 3666/6290/4511 3665/6289/4510
f 1114/1769/1646 3599/6154/4468 4227/7422/4401
f 498/773/745 3054/5125/4028 231/362/349
f 1860/2971/2637 1154/1825/1696 3989/6925/4717
f 3677/6308/4515 73/121/113 70/117/109
f 3677/6308/4515 70/117/109 4592/8375/3935
f 2086/6717/2910 1456/2313/2107 3402/6407/4320
f 995/7443/1489 234/8941/353 3833/6608/4623
f 3813/6574/4613 4499/8284/4910 4583/8353/4739
f 2157/9153/2998 3873/7717/2997 2713/4497/3663
f 3801/6555/4606 3732/8484/4558 3488/3074/2710
