# Blender 4.3.0
# www.blender.org
mtllib temp.mtl
o Mesh_0
v -0.960552 0.066983 0.406428
v -0.973059 0.060554 0.409688
v -0.968581 0.034447 0.407958
v -0.962802 0.088049 0.407184
v -0.974208 0.099714 0.405588
v -0.962707 0.107718 0.405350
v -0.946449 0.097253 0.408143
v -0.946659 0.033288 0.408622
v -0.969735 0.075254 0.408376
v -0.946136 0.068294 0.408517
v 0.963888 -0.340925 -0.409156
v 0.963827 -0.328752 -0.411009
v 0.964136 -0.341994 -0.415542
v 0.956940 -0.323409 -0.409554
v 0.963709 -0.349062 -0.408736
v 0.961121 -0.369659 -0.406950
v 0.963744 -0.328395 -0.408880
v 0.963463 -0.319565 -0.413513
v 0.963837 -0.298706 -0.413319
v 0.962464 -0.304283 -0.423443
v 0.953029 -0.288122 -0.407672
v 0.963540 -0.288001 -0.415888
v 0.959881 -0.334884 -0.408308
v 0.953042 -0.347691 -0.409120
v 0.571676 -0.431081 -0.403179
v 0.609993 -0.435362 -0.405174
v 0.603105 -0.426650 -0.403671
v 0.520700 -0.376121 -0.404550
v 0.532280 -0.400447 -0.403865
v 0.509744 -0.435514 -0.404952
v 0.527037 -0.432905 -0.403460
v 0.526855 -0.414384 -0.404642
v 0.549894 -0.427826 -0.403573
v 0.556564 -0.437192 -0.405469
v 0.501638 -0.404157 -0.403903
v 0.598638 -0.379077 -0.403943
v 0.684521 -0.428704 -0.404638
v 0.463211 -0.429025 -0.403494
v 0.430134 -0.398325 -0.404790
v 0.496808 -0.428891 -0.403360
v 0.473871 -0.436497 -0.406384
v 0.912340 -0.447714 -0.398339
v 0.931941 -0.445589 -0.385207
v 0.978494 -0.443549 -0.346503
v 0.971245 -0.443485 -0.367630
v 0.979165 -0.442497 -0.358417
v 0.936963 -0.445534 -0.392441
v 0.941096 -0.444018 -0.403781
v 0.899135 -0.442110 -0.401093
v 0.907533 -0.437637 -0.404186
v 0.934707 -0.442796 -0.410561
v 0.912870 -0.446928 -0.407091
v 0.977062 -0.443399 -0.335916
v 0.936539 -0.439843 -0.332517
v 0.954545 -0.440464 -0.268888
v 0.971031 -0.443262 -0.256210
v 0.958742 -0.438734 -0.251391
v 0.973659 -0.443553 -0.295973
v 0.971533 -0.442848 -0.265524
v 0.944268 -0.441733 -0.260637
v 0.938473 -0.442450 -0.354389
v 0.916090 -0.439182 -0.363930
v 0.964446 -0.401400 -0.415886
v 0.959650 -0.394885 -0.406010
v 0.952825 -0.404342 -0.406905
v 0.954688 -0.445047 -0.359960
v 0.955777 -0.443551 -0.400416
v 0.951131 -0.438797 -0.407156
v 0.937222 -0.436037 -0.407960
v 0.963062 -0.444693 -0.408111
v 0.966767 -0.444069 -0.244659
v 0.938094 -0.440345 -0.296692
v 0.909298 -0.439531 -0.387674
v 0.909613 -0.443598 -0.412022
v 0.926064 -0.426304 -0.405336
v 0.892487 -0.438807 -0.383838
v 0.964507 -0.430358 -0.416189
v 0.961310 -0.420376 -0.409410
v 0.953094 -0.386567 -0.408078
v 0.964334 -0.381456 -0.415734
v 0.954847 -0.428039 -0.407318
v 0.963672 -0.206485 -0.415898
v 0.963452 -0.195587 -0.411181
v 0.953361 -0.206650 -0.410629
v 0.944471 -0.163915 -0.410795
v 0.954393 -0.165187 -0.410517
v 0.953072 -0.151757 -0.410086
v 0.963552 -0.149414 -0.414511
v 0.964743 -0.160339 -0.410340
v 0.954091 -0.187467 -0.409666
v 0.965054 -0.184114 -0.410572
v 0.963097 -0.216508 -0.408061
v 0.963267 -0.168680 -0.414319
v 0.953088 -0.073778 -0.410249
v 0.953040 -0.081708 -0.410223
v 0.963967 -0.074685 -0.408695
v 0.956831 -0.095470 -0.409894
v 0.945012 -0.115434 -0.412382
v 0.963918 -0.086342 -0.416560
v 0.944259 -0.056916 -0.411588
v 0.953739 -0.026741 -0.410386
v 0.959471 -0.043203 -0.410040
v 0.963476 -0.059947 -0.416109
v 0.961303 -0.062918 -0.409030
v 0.964461 -0.020298 -0.409728
v -0.971464 0.137142 -0.409666
v -0.961414 0.120449 -0.408298
v -0.958021 0.145844 -0.406374
v -0.953815 0.114935 -0.407144
v -0.972586 0.159085 -0.409222
v -0.973269 0.146267 -0.406015
v -0.961276 0.163228 -0.404130
v -0.944015 0.145216 -0.405373
v -0.958139 0.082717 -0.406008
v -0.938154 0.075800 -0.404824
v -0.957836 0.071116 -0.403555
v -0.974683 0.122284 -0.398329
v -0.961570 0.100066 -0.408141
v -0.943438 0.101100 -0.404067
v -0.974444 0.107323 -0.398351
v -0.948043 0.239818 -0.406354
v -0.961118 0.237239 -0.407029
v -0.960906 0.257630 -0.405732
v -0.966861 0.260384 -0.408582
v -0.966911 0.206107 -0.407142
v -0.958343 0.218443 -0.404314
v -0.971076 0.236799 -0.410064
v -0.973198 0.216374 -0.406494
v -0.971282 0.185583 -0.407664
v 0.954018 0.412072 -0.412635
v 0.396642 -0.420140 -0.404824
v 0.400868 -0.437368 -0.406322
v 0.363287 -0.426155 -0.403960
v 0.368137 -0.434244 -0.405741
v 0.349532 -0.398170 -0.405588
v -0.960444 0.021026 -0.403844
v 0.950044 0.422586 -0.181790
v 0.981365 0.376498 -0.163028
v 0.964811 0.397819 -0.208025
v 0.980492 0.373143 -0.184678
v 0.974861 0.367383 -0.205171
v 0.970324 0.379333 -0.208191
v 0.979384 0.362399 -0.222272
v 0.980490 0.386281 -0.124595
v 0.973014 0.391161 -0.133238
v 0.981065 0.378314 -0.146874
v 0.952331 0.425670 -0.233108
v 0.960855 0.406070 -0.231692
v 0.964699 0.394680 -0.237829
v 0.980182 0.433694 -0.277756
v 0.976882 0.410662 -0.269183
v 0.958902 0.432512 -0.270841
v 0.969128 0.394033 -0.251247
v 0.972742 0.377941 -0.245553
v 0.968054 0.408969 -0.149702
v 0.957800 0.416072 -0.243846
v 0.976415 0.400164 -0.258557
v 0.971336 0.415859 -0.266775
v 0.961971 0.440276 -0.280147
v -0.942919 -0.453981 0.358901
v -0.941194 -0.447799 0.387247
v -0.947452 -0.448232 0.411036
v -0.896126 -0.439411 0.409486
v -0.911834 -0.449213 0.401005
v -0.910166 -0.431381 0.406633
v -0.933488 -0.438286 0.405653
v -0.961196 0.318973 0.407370
v -0.965135 0.275994 0.406260
v -0.967249 0.293976 0.408911
v -0.973566 0.278490 0.408842
v -0.957914 0.261588 0.407623
v -0.975248 0.248491 0.405189
v -0.969311 0.304647 0.413841
v 0.942592 0.317404 0.410981
v 0.980171 0.303296 0.402998
v 0.963987 0.288141 0.413611
v 0.974644 0.296478 0.410650
v 0.964384 0.315285 0.407498
v 0.963578 0.304297 0.413302
v -0.966995 -0.451676 0.413624
v 0.321774 -0.477919 -0.424928
v 0.959635 0.286851 0.419449
v -0.570623 0.423733 -0.421993
v -0.519786 0.436944 -0.422462
v -0.580292 0.452535 -0.421684
v -0.980187 0.431647 -0.148162
v -0.978186 -0.253778 -0.241316
v -0.978764 -0.294235 -0.330923
v 0.426340 -0.420214 -0.403719
v 0.711371 0.487142 -0.420401
v 0.748733 0.483542 -0.414624
v 0.781547 0.488023 -0.418726
v 0.922553 -0.073768 -0.409555
v 0.820823 0.087071 -0.415479
v 0.909682 -0.443517 -0.105142
v 0.961723 -0.443808 -0.084892
v 0.012719 -0.383488 0.409631
v -0.002710 -0.373006 0.409498
v 0.006551 -0.365742 0.409654
v -0.491850 0.129575 -0.417674
v -0.426232 0.177687 -0.418419
v -0.492154 0.183243 -0.419076
v 0.912138 -0.450780 0.410182
v 0.929441 -0.448360 0.410148
v 0.928816 -0.456311 0.401778
v 0.974721 -0.272851 -0.411259
v 0.979607 -0.276392 -0.413154
v 0.974080 -0.339566 -0.411293
v -0.964583 0.002292 0.426019
v -0.966006 -0.056208 0.429713
v 0.972883 0.051428 -0.415589
v 0.972868 0.120235 -0.415263
v 0.980843 0.093424 -0.419805
v 0.775921 0.485270 0.411327
v 0.808677 0.485654 0.410687
v 0.776230 0.479780 0.408881
v 0.607870 -0.450058 0.402646
v 0.615751 -0.450116 0.402639
v 0.617708 -0.452097 0.398176
v -0.939519 -0.429403 0.405842
v 0.892601 0.354213 0.418001
v 0.872752 0.455512 0.418159
v -0.987324 0.442905 -0.109270
v -0.984304 0.440328 -0.052234
v -0.979436 0.431274 -0.079091
v -0.980396 -0.473612 -0.177581
v -0.979327 -0.474399 -0.208186
v 0.839096 0.472013 -0.431849
v 0.977983 0.245799 0.412638
v 0.978678 0.187810 0.407476
v 0.978573 0.172450 0.413783
v -0.221450 0.453879 -0.422665
v -0.183565 0.459945 -0.421049
v -0.224133 0.474507 -0.413614
v 0.552620 -0.474508 0.419596
v 0.627238 -0.483071 0.410074
v 0.974932 -0.474629 0.028315
v 0.982710 -0.481659 0.029759
v 0.979695 -0.473539 0.046616
v -0.997021 0.057950 0.421176
v -0.992445 0.033587 0.425860
v 0.996608 -0.356872 0.374570
v -0.981150 -0.450090 0.367261
v -0.979995 -0.450629 0.383949
v 0.974204 -0.439161 -0.180114
v 0.042880 0.119102 -0.420810
v -0.904410 0.270099 -0.434340
v -0.973650 -0.007471 -0.408800
v -0.973111 -0.101534 -0.407645
v -0.269599 0.031763 0.409803
v -0.250833 0.158825 0.409946
v -0.120366 0.108499 0.409785
v 0.912620 -0.167839 -0.430705
v 0.927318 -0.185100 -0.427819
v -0.087637 -0.484493 -0.413789
v 0.984200 0.101087 -0.431323
v 0.989571 0.129154 -0.421160
v 0.989792 0.043916 -0.420426
v -0.987449 -0.288215 -0.427957
v -0.994529 -0.307234 -0.418635
v 0.963237 -0.455767 -0.413438
v 0.965314 -0.474015 -0.409355
v 0.962641 -0.470771 -0.424534
v 0.963515 -0.436872 -0.425355
v -0.974284 0.227731 -0.412402
v -0.969056 0.238638 -0.415808
v -0.973500 0.211041 -0.410896
v -0.470590 -0.447882 0.376106
v 0.973531 -0.454041 0.327193
v 0.980443 -0.463438 0.334644
v 0.980466 -0.463172 0.305856
v -0.977694 0.311774 -0.198608
v -0.977381 0.241877 -0.194070
v -0.375574 -0.225182 0.409488
v -0.409886 -0.191284 0.409777
v -0.354967 -0.194808 0.409607
v -0.990463 -0.051170 -0.416256
v -0.545432 -0.450780 -0.363775
v -0.936501 -0.183374 0.420562
v -0.992209 0.485276 -0.307086
v -0.996828 0.480631 -0.338756
v -0.523396 -0.482306 0.413951
v -0.490242 -0.481914 0.410703
v -0.432696 -0.482697 0.413693
v 0.084729 -0.313325 -0.437609
v -0.011854 -0.410490 -0.436956
v 0.532964 -0.483602 0.410659
v -0.749034 -0.485658 -0.416846
v -0.694847 -0.485431 -0.417996
v 0.210342 -0.479057 -0.425883
v 0.253859 -0.483044 -0.420803
v -0.444884 0.469995 0.422828
v -0.444310 0.479824 0.419369
v 0.370827 0.472890 -0.433880
v 0.414373 0.472624 -0.433755
v 0.415514 0.465870 -0.434287
v 0.979847 0.475436 0.229209
v 0.979343 0.478859 0.205087
v 0.982626 0.461197 0.194336
v -0.732568 0.482316 -0.415336
v -0.730092 0.475825 -0.412721
v -0.676413 0.477183 -0.412968
v 0.545820 -0.450328 0.402707
v 0.561519 -0.450211 0.402695
v -0.584534 -0.451025 -0.048395
v 0.671879 0.477599 0.408300
v 0.687225 0.482037 0.409005
v 0.707883 0.477245 0.408020
v -0.981680 -0.143009 -0.429458
v -0.977797 -0.174179 -0.431280
v 0.995683 0.378086 -0.273544
v -0.730579 -0.447904 0.375797
v -0.730542 -0.446811 0.389520
v -0.701041 -0.447902 0.388588
v -0.979691 -0.472830 -0.114449
v -0.980259 -0.473706 -0.093025
v -0.981671 -0.483558 -0.110057
v -0.098617 -0.450775 0.390697
v -0.066562 -0.449416 0.403184
v -0.047565 -0.451179 0.393088
v 0.041573 0.468635 -0.435610
v 0.089115 0.468108 -0.435555
v 0.870226 0.479693 0.420531
v -0.976924 -0.204376 -0.399637
v -0.973712 -0.269500 -0.409915
v 0.593899 0.473407 0.420492
v 0.633476 0.485365 0.413423
v -0.961297 -0.449437 -0.056037
v -0.921312 -0.449334 -0.011247
v 0.707372 -0.452963 0.398217
v 0.685732 -0.450201 0.402892
v 0.692372 -0.450431 0.403101
v -0.544808 0.463926 -0.420009
v -0.490366 0.456760 -0.421622
v -0.958194 0.275485 -0.428858
v -0.958980 0.352117 -0.428839
v -0.951813 -0.087084 0.406047
v -0.952060 -0.013162 0.407037
v 0.965312 0.174902 -0.416154
v 0.977016 0.407919 0.020906
v 0.986882 0.415052 -0.021000
v 0.972149 0.402323 0.000005
v 0.037469 -0.273203 -0.416590
v -0.620867 -0.449095 0.386408
v -0.598699 -0.448961 0.394935
v -0.592983 -0.449038 0.395842
v -0.975808 0.007682 0.402080
v -0.972709 -0.006843 0.411640
v -0.973162 -0.034162 0.404569
v -0.986101 0.310827 0.428298
v 0.828065 -0.000942 -0.413104
v -0.977478 -0.420154 0.323569
v -0.976760 -0.441901 0.300055
v -0.977132 -0.415569 0.257965
v 0.959085 0.021996 -0.429044
v -0.926799 0.129229 -0.427830
v -0.926864 0.024449 -0.427506
v 0.245923 -0.443940 -0.399803
v 0.269555 -0.440455 -0.393900
v 0.243235 -0.446579 -0.412118
v -0.051173 -0.473396 0.343423
v -0.021147 -0.472793 0.392786
v 0.992307 0.103067 0.423447
v 0.978737 -0.475857 -0.207840
v 0.982297 -0.481751 -0.220136
v 0.981212 -0.482592 -0.203909
v -0.998560 0.473919 -0.317111
v 0.989337 -0.096743 -0.428728
v 0.998528 -0.468024 -0.306847
v 0.990015 -0.486199 -0.308377
v 0.992618 -0.480312 -0.317666
v -0.979459 -0.167198 0.374804
v -0.988521 0.114718 -0.426827
v -0.984723 0.120081 -0.427630
v -0.984458 0.064388 -0.427366
v -0.352199 -0.473860 0.420770
v -0.372122 -0.482731 0.413538
v -0.203352 -0.431825 -0.417492
v -0.164826 -0.378738 -0.417890
v -0.074363 0.010619 -0.416730
v -0.060583 -0.018300 -0.421449
v -0.035174 0.011172 -0.417705
v 0.965298 -0.299984 0.415870
v 0.967676 -0.358626 0.415416
v 0.965407 -0.299439 0.409354
v -0.215461 0.383540 -0.421256
v 0.718831 -0.482695 -0.410397
v 0.766557 -0.484114 -0.415807
v -0.982120 0.267208 -0.428852
v -0.977094 0.259103 -0.421727
v -0.984192 0.218411 -0.427889
v 0.996841 0.058221 0.034118
v -0.186027 -0.449248 0.397674
v -0.183390 -0.442279 0.399713
v -0.175585 -0.449087 0.396402
v 0.983560 -0.482939 0.121428
v 0.989972 -0.484245 0.121109
v 0.989852 -0.486923 0.133775
v -0.192336 0.045909 -0.409134
v -0.141934 0.046613 -0.408378
v -0.144103 0.082759 -0.409718
v 0.734729 0.466697 0.422452
v 0.760627 0.472334 0.422124
v 0.997627 -0.470991 0.343015
v 0.984818 -0.483933 -0.101149
v 0.993075 -0.480054 -0.114344
v 0.992858 -0.481274 -0.097100
v -0.999330 0.475731 0.371402
v -0.999221 0.474107 0.317143
v -0.992085 0.482264 0.422892
v -0.996219 0.466359 0.420701
v -0.991903 0.463310 0.425484
v -0.946525 -0.357684 0.422677
v -0.936106 -0.409278 0.418119
v -0.935696 -0.306427 0.418143
v 0.979860 -0.473859 0.168952
v 0.979726 -0.474244 0.147542
v 0.653282 -0.080317 -0.415276
v 0.700810 -0.108046 -0.414608
v -0.669365 -0.486108 -0.417784
v -0.606583 -0.484624 -0.415470
v -0.633013 -0.479066 -0.412609
v -0.986458 -0.483389 -0.169528
v -0.629525 0.476128 -0.412659
v -0.586120 0.482472 -0.415529
v -0.618774 -0.286872 -0.419037
v -0.651744 -0.367704 -0.418812
v -0.590015 -0.339534 -0.418272
v -0.914577 0.290601 -0.431453
v -0.912213 0.245780 -0.432922
v -0.720866 -0.475231 -0.428523
v -0.388112 -0.445291 0.398085
v -0.378836 -0.442875 0.402366
v -0.387233 -0.448060 0.389438
v 0.716231 -0.476537 -0.426641
v 0.771806 -0.477604 -0.425323
v -0.444638 -0.449025 0.383611
v -0.435916 -0.447481 0.398313
v -0.427246 -0.448408 0.387767
v 0.996067 0.403824 -0.035785
v 0.995686 0.406522 0.019418
v 0.994797 0.391387 0.002932
v 0.744561 -0.441982 -0.395303
v 0.712786 -0.439155 -0.396205
v -0.278799 0.482461 0.408567
v -0.211279 0.475145 0.407031
v 0.980722 0.182281 0.368512
v 0.979213 0.173022 0.276152
v 0.980218 0.092523 0.371923
v -0.935614 -0.110993 0.420426
v -0.931455 -0.050072 0.418249
v -0.704105 -0.350968 -0.418650
v -0.976067 0.475707 -0.273106
v -0.974615 0.426845 -0.260945
v 0.643630 0.280349 -0.421108
v 0.569400 0.350736 -0.421702
v 0.006448 -0.441238 0.402019
v 0.004910 -0.449314 0.400367
v 0.796550 -0.176452 -0.410554
v 0.849575 -0.184995 -0.410784
v 0.885860 -0.443575 -0.410559
v 0.969311 0.474901 -0.239376
v 0.983618 0.486947 -0.225041
v 0.980662 0.486905 -0.265999
v -0.954975 -0.447609 0.159519
v -0.918905 -0.448677 0.098482
v -0.976822 -0.368639 0.170535
v -0.978474 -0.437602 0.171984
v 0.077307 -0.478147 0.403997
v 0.088551 -0.473285 0.395711
v 0.127653 -0.473372 0.395804
v -0.036531 -0.164004 -0.420299
v -0.104679 -0.174363 -0.420390
v -0.033400 -0.287933 -0.418907
v -0.849672 0.429725 0.410233
v -0.762635 0.427385 0.410258
v 0.866913 -0.158847 -0.432486
v 0.922348 -0.218086 -0.407780
v 0.903676 -0.020200 -0.412002
v -0.043092 -0.473530 0.246639
v -0.679771 0.470012 -0.415358
v 0.701744 0.468953 0.422690
v 0.727278 0.471922 0.421502
v -0.963790 0.382941 0.418890
v -0.964306 0.323395 0.418801
v -0.959438 0.350339 0.421753
v 0.787291 -0.473225 0.383592
v 0.931672 -0.473137 0.384806
v -0.999031 0.230709 0.173591
v -0.999651 0.046626 -0.223073
v 0.921653 -0.292339 0.418200
v 0.635979 -0.441380 -0.307603
v 0.594229 -0.441363 -0.260040
v -0.924856 -0.447037 0.216549
v 0.635920 -0.451197 0.242692
v 0.732702 -0.450714 0.161391
v -0.967013 0.421722 0.414383
v -0.968436 0.384404 0.408785
v -0.978711 0.281953 0.170322
v 0.483753 0.412876 -0.421777
v -0.316034 -0.210489 0.409529
v -0.319933 -0.202659 0.409557
v -0.274015 -0.178249 0.409628
v -0.905806 -0.172956 -0.430386
v -0.907650 -0.283428 -0.429725
v 0.980791 0.138766 -0.373541
v 0.980514 0.068737 -0.398224
v 0.979141 0.029699 -0.371740
v -0.975337 0.034296 -0.205652
v -0.979172 -0.035646 -0.141622
v -0.979169 -0.035844 -0.250982
v 0.945561 0.215237 0.410948
v 0.959378 0.176441 0.408688
v -0.972897 -0.445855 0.279632
v 0.469677 0.485383 0.412353
v 0.516132 0.484906 0.415658
v 0.566876 0.486064 0.410960
v 0.406013 -0.473659 0.143450
v 0.971308 -0.272999 -0.406191
v 0.994412 0.475951 -0.199572
v 0.994187 0.473685 -0.245415
v -0.975247 0.004551 -0.411068
v -0.968231 -0.004435 -0.406886
v 0.959411 0.471641 -0.430841
v 0.966632 0.478047 -0.427425
v 0.960310 0.460136 -0.428563
v -0.306379 -0.447838 0.401012
v -0.308834 -0.448684 0.398408
v -0.300866 -0.439228 0.401888
v -0.302307 -0.445904 0.398170
v 0.997206 -0.457756 0.193356
v 0.998170 -0.471244 0.159930
v 0.008903 -0.448368 -0.401504
v 0.028951 -0.445000 -0.348829
v 0.025972 -0.445625 -0.412332
v -0.458110 0.232119 -0.420367
v 0.228843 -0.401379 -0.408776
v 0.266828 -0.365844 -0.407989
v -0.981637 -0.482945 -0.215261
v 0.984077 -0.483197 0.073118
v 0.990387 -0.485539 0.068244
v 0.458322 -0.446503 0.045836
v 0.451400 -0.448070 0.108663
v 0.505337 -0.449200 0.050730
v -0.085963 -0.140311 0.409470
v -0.041061 -0.086983 0.409669
v -0.055103 -0.151705 0.409684
v -0.583790 -0.471139 -0.430601
v -0.550078 -0.471461 -0.430864
v -0.537715 -0.485073 -0.416159
v -0.238059 -0.452046 -0.398319
v -0.244450 -0.451176 -0.382676
v -0.189828 -0.451591 -0.396263
v 0.504717 -0.444048 -0.409734
v 0.586254 0.466278 0.422201
v 0.652202 0.465912 0.421864
v 0.632827 0.472820 0.420205
v -0.980464 0.446183 0.176938
v -0.981468 0.483048 0.202229
v -0.981549 0.464161 0.213278
v 0.511919 0.432468 0.417943
v 0.471015 0.460116 0.418420
v -0.959386 -0.176301 -0.427006
v -0.835606 -0.442909 0.410119
v -0.770086 -0.440540 0.409775
v -0.771080 -0.444652 0.407227
v -0.977679 -0.408113 0.097554
v -0.978283 -0.443080 0.149068
v 0.572018 0.482377 -0.415015
v 0.607519 0.475812 -0.412660
v -0.975324 -0.205319 -0.431692
v -0.975213 -0.178971 -0.430919
v 0.982738 -0.095670 -0.420921
v 0.982120 -0.128393 -0.429828
v 0.981221 -0.139531 -0.415858
v 0.461599 -0.440390 -0.347236
v -0.975639 0.033538 0.197089
v 0.980867 0.361606 -0.419022
v 0.981535 0.272840 -0.431747
v -0.315352 -0.042585 -0.423131
v 0.952962 -0.197787 -0.425683
v -0.011683 -0.360306 -0.417539
v -0.001952 -0.431789 -0.417537
v 0.033955 -0.425287 -0.411515
v 0.933932 0.454998 0.420011
v 0.933098 0.399518 0.418877
v -0.049599 -0.451327 -0.031454
v -0.044448 -0.448634 0.026618
v 0.975574 -0.257891 -0.240451
v 0.171604 0.484752 0.416255
v 0.214508 0.486173 0.411748
v 0.398883 -0.445011 -0.411402
v 0.465525 -0.441300 -0.409780
v -0.972726 -0.472917 -0.388163
v -0.977224 -0.478642 -0.397549
v 0.945265 -0.210315 0.410124
v 0.931773 -0.288888 0.409484
v 0.998890 0.135424 -0.411191
v -0.978491 -0.160070 -0.274386
v 0.819225 0.483782 0.416223
v 0.819611 0.471453 0.422395
v -0.979499 0.463977 0.405161
v -0.979236 0.410098 0.405150
v 0.498639 0.227180 -0.437665
v 0.744524 0.448634 -0.420260
v 0.828573 0.431695 -0.419528
v 0.031905 -0.321391 -0.414932
v 0.976245 -0.297703 0.030735
v 0.975823 -0.311036 -0.005680
v 0.976660 -0.397671 0.043674
v 0.048271 -0.221158 -0.417257
v 0.486529 0.317225 -0.421281
v 0.962610 -0.268202 -0.424096
v 0.768228 -0.426856 -0.403959
v 0.765446 -0.438707 -0.407500
v 0.799292 -0.428871 -0.405089
v 0.942270 -0.453837 0.390011
v 0.948514 -0.463060 0.401270
v 0.977275 -0.016957 -0.139556
v 0.977374 -0.024369 -0.041916
v -0.913685 -0.408533 0.418544
v -0.974349 -0.446176 0.309188
v -0.969187 0.290712 0.413730
v 0.920509 -0.440065 -0.301500
v -0.123699 0.452698 -0.422700
v -0.080562 0.438148 -0.422464
v -0.088984 0.456166 -0.423362
v -0.317055 -0.221418 0.409488
v 0.987303 -0.486154 0.039413
v 0.984528 -0.483471 0.018076
v 0.993618 -0.483054 0.028313
v 0.241218 0.476025 -0.411735
v 0.284081 0.478352 -0.413128
v -0.986476 0.486320 0.199050
v -0.986498 0.485938 0.261917
v 0.987660 0.485733 -0.394557
v 0.996343 0.474184 -0.376578
v 0.997469 0.473537 -0.405122
v 0.313690 0.466578 0.422871
v 0.397722 0.467002 0.422925
v -0.969080 -0.448477 -0.308805
v -0.912944 0.473482 -0.432196
v -0.907594 0.481388 -0.428813
v -0.875118 0.471266 -0.434355
v 0.942110 -0.472807 0.423129
v 0.373198 0.292120 -0.435826
v -0.137950 -0.442949 -0.417537
v -0.102243 -0.445375 -0.417325
v 0.958894 -0.472602 -0.400945
v 0.963021 -0.482938 -0.404873
v -0.960656 -0.449933 0.410085
v -0.958293 -0.450452 0.404786
v 0.515909 0.233778 -0.421173
v 0.588617 0.250674 -0.421155
v -0.974259 0.387027 0.410803
v -0.778653 -0.052336 -0.420615
v -0.840813 -0.136477 -0.418910
v -0.783729 -0.194091 -0.419185
v 0.999077 -0.471279 -0.038749
v 0.998954 -0.470455 0.005674
v 0.993576 -0.481562 -0.000337
v -0.897523 -0.450620 0.393012
v -0.888143 -0.448992 0.404710
v -0.740127 -0.446648 0.397862
v -0.730385 -0.442925 0.397156
v -0.347224 0.465988 0.422090
v -0.457146 -0.050550 -0.422835
v -0.976565 -0.451315 -0.019445
v -0.968810 -0.451063 0.009642
v 0.988984 -0.173641 -0.415492
v -0.659144 -0.473850 -0.391651
v -0.590744 -0.473797 -0.398436
v 0.468805 -0.439874 -0.396669
v 0.463063 -0.439667 -0.388714
v -0.929819 0.094936 -0.405003
v 0.889766 -0.476917 -0.425634
v -0.349954 0.456797 -0.421199
v 0.251892 -0.410614 0.409001
v 0.286717 -0.407357 0.409198
v 0.966773 0.396771 -0.114744
v 0.970967 0.381329 -0.110543
v -0.827841 -0.472458 0.394134
v -0.521993 -0.447686 -0.436264
v -1.000560 -0.469671 -0.063867
v -0.998823 -0.471782 -0.026417
v 0.946474 -0.297650 0.408644
v 0.960400 -0.219227 0.408722
v 0.960777 -0.275409 0.407502
v -0.997930 -0.275718 0.421323
v -0.998098 -0.307919 0.405038
v -0.998017 -0.382393 0.421308
v 0.765482 -0.327621 -0.406926
v -0.976236 0.157354 -0.193619
v -0.975890 0.092523 -0.111386
v -0.975600 0.031833 -0.114432
v -0.899943 0.215167 -0.415764
v -0.805561 -0.445165 -0.415146
v -0.754950 -0.443740 -0.417684
v -0.813218 -0.432003 -0.416690
v -0.889737 0.348468 -0.417619
v 0.995865 -0.384837 0.420244
v 0.996799 -0.351742 0.407842
v 0.252477 -0.473808 0.420414
v -0.966094 -0.175104 0.430302
v -0.958060 -0.173103 0.430644
v 0.967343 -0.353742 0.409335
v 0.579945 -0.174081 -0.411215
v 0.577385 -0.118131 -0.414857
v -0.970631 -0.448701 0.377118
v 0.978242 0.367611 -0.408384
v 0.980365 0.091288 -0.402313
v 0.976041 0.090659 -0.405961
v 0.954106 0.471542 0.410556
v 0.971789 0.471151 0.398486
v 0.968586 0.465212 0.397790
v 0.987488 0.484151 0.212365
v 0.997139 0.474383 0.255831
v 0.996692 0.472895 0.194120
v 0.998253 -0.447325 -0.231879
v 0.998067 -0.450857 -0.147805
v 0.999397 -0.468269 -0.211203
v -0.032363 -0.451801 -0.405747
v 0.960925 -0.451681 0.137821
v 0.948445 -0.450702 0.194644
v 0.973348 -0.453358 0.184299
v -0.979438 0.302790 -0.010714
v -0.979989 0.316200 0.059909
v 0.592598 -0.450094 0.402711
v 0.615333 -0.443459 0.403624
v -0.965828 0.478873 -0.426533
v -0.951763 0.482318 -0.426256
v -0.952879 0.473207 -0.430536
v 0.435078 0.245352 -0.420653
v -0.707836 0.484725 0.413859
v -0.730444 0.480520 0.418933
v -0.621333 0.481337 0.418418
v -0.437795 -0.473579 -0.388631
v -0.329910 -0.473575 -0.393107
v -0.425191 -0.451519 -0.412190
v -0.358700 -0.451837 -0.412535
v -0.407986 -0.444046 -0.416781
v 0.052697 -0.373821 -0.412441
v 0.163532 -0.373487 -0.410717
v 0.127576 -0.330862 -0.413118
v 0.943236 -0.481771 -0.408975
v 0.960531 -0.482200 -0.417734
v 0.979703 -0.144528 0.393483
v 0.978672 -0.205001 0.394484
v -0.980300 0.169123 0.375682
v -0.978941 0.192391 0.319927
v -0.203614 0.466099 0.406555
v -0.218404 0.452746 0.409104
v 0.996439 -0.461087 0.421030
v 0.993979 -0.482967 0.427818
v 0.707307 -0.477222 -0.402892
v 0.793929 -0.476099 -0.403887
v -0.509580 0.483887 -0.415866
v -0.478298 0.482522 -0.413187
v -0.483579 0.486187 -0.417155
v 0.687563 -0.476966 0.402143
v 0.664412 -0.472794 0.393745
v 0.733914 -0.472899 0.397780
v -0.999252 -0.472396 0.151346
v -0.988686 -0.483878 0.153381
v -0.987640 -0.483839 0.181537
v -0.078114 -0.451464 -0.413771
v -0.021662 -0.444512 -0.417201
v -0.074064 -0.448245 -0.417841
v 0.986006 -0.486509 0.404050
v 0.986208 -0.486327 0.432148
v 0.977884 -0.465688 0.420044
v 0.975550 -0.467584 0.415900
v 0.985246 0.388084 0.426603
v 0.987992 0.377419 0.429200
v 0.192042 -0.207982 -0.413715
v 0.209828 -0.234974 -0.412294
v -0.317063 -0.473889 -0.235863
v -0.976472 0.477517 -0.222330
v -0.979201 0.484716 -0.299920
v -0.971575 0.475449 -0.423322
v -0.976661 0.475265 -0.402543
v -0.972075 0.455842 -0.418435
v 0.980237 0.487202 -0.355494
v 0.976538 0.478179 -0.380493
v 0.977359 0.476277 -0.348494
v 0.903565 -0.313122 -0.408714
v 0.902253 -0.277237 -0.409020
v 0.037432 -0.445526 0.400055
v 0.044956 -0.440168 0.402437
v 0.045308 -0.446216 0.400458
v -0.974449 -0.219309 -0.419046
v 0.201568 -0.447543 0.249284
v 0.279939 -0.449070 0.229284
v 0.278086 -0.447318 0.170588
v -0.663560 -0.448737 0.388773
v -0.660015 -0.442642 0.397200
v -0.646638 -0.448631 0.388748
v 0.998663 -0.472982 0.026688
v 0.998618 -0.472045 0.065610
v -0.978901 -0.158327 0.422826
v 0.531943 0.482142 0.409203
v 0.593242 0.481794 0.409123
v -0.967111 0.437311 0.407885
v 0.220452 -0.457035 -0.435795
v 0.242012 -0.425290 -0.436357
v -0.277417 -0.480126 -0.425264
v 0.980111 -0.473807 0.065083
v -0.979382 -0.296069 -0.420591
v -0.977454 -0.371592 -0.420033
v -0.975757 0.483028 -0.424220
v -0.979016 0.486503 -0.397385
v 0.470027 -0.439079 -0.387086
v -0.023104 -0.445671 -0.436453
v -0.486564 -0.486424 -0.417695
v -0.441169 -0.472801 -0.430558
v -0.411995 -0.484155 -0.421146
v -0.389865 -0.226014 0.409589
v 0.750583 0.146794 -0.436848
v 0.801079 -0.009336 -0.433767
v -0.142306 0.024756 -0.409672
v -0.140562 -0.001676 -0.419201
v -0.101064 0.026448 -0.411735
v 0.038377 -0.097897 -0.418771
v 0.123271 -0.036601 -0.419405
v 0.985436 -0.217536 0.430378
v 0.979124 -0.259482 0.419416
v 0.988036 -0.294105 0.430995
v 0.178656 -0.443476 -0.410340
v 0.163481 -0.444309 -0.401892
v 0.198773 -0.446510 -0.411527
v 0.562786 0.457595 0.418442
v 0.629065 0.457214 0.418468
v 0.694597 -0.442083 -0.434059
v 0.556767 -0.430387 0.409050
v 0.582995 -0.393654 0.409619
v 0.572034 -0.415342 0.409280
v -0.043401 -0.473863 -0.404271
v 0.173396 -0.033737 0.410210
v 0.345676 -0.029574 0.410259
v 0.268566 -0.140347 0.410094
v 0.739978 -0.201112 -0.410950
v 0.975004 -0.441681 -0.106144
v 0.971973 -0.446129 -0.107577
v 0.973550 -0.448781 -0.071653
v -0.140262 -0.473947 0.420406
v -0.045053 -0.475194 0.420036
v -0.177039 -0.468696 0.420385
v -0.983722 0.456423 0.386114
v -0.982648 0.412519 0.387763
v -0.981577 0.404314 0.310291
v 0.995498 0.454873 0.286530
v 0.678977 -0.451966 0.398146
v -0.974956 0.076821 0.405687
v -0.979093 0.040882 0.400990
v 0.995616 0.219836 0.378163
v 0.994708 0.153752 0.404672
v -0.109348 0.003969 0.409726
v -0.083501 -0.046090 0.409638
v 0.029494 0.018472 -0.420062
v 0.059884 0.064519 -0.420548
v -0.151489 0.116509 -0.414142
v -0.220706 0.137103 -0.417398
v 0.114429 -0.473495 0.358123
v 0.415475 -0.428176 0.409233
v 0.430908 -0.415645 0.409373
v -0.978308 0.233799 -0.024054
v 0.973280 -0.345930 0.412352
v 0.973525 -0.383327 0.413191
v 0.009033 -0.445229 0.399868
v 0.669051 0.156382 -0.419394
v 0.742471 0.157675 -0.420111
v -0.907670 -0.460934 -0.430759
v -0.869736 -0.427353 -0.434362
v -0.866264 -0.459847 -0.434295
v -0.709812 -0.473521 0.212479
v 0.601781 0.440876 0.417868
v 0.674652 0.455997 0.417856
v 0.993640 0.457521 -0.370057
v 0.995624 0.462037 -0.398729
v 0.973370 -0.430153 -0.255291
v 0.942537 -0.450479 0.043435
v 0.538872 -0.446217 0.012637
v 0.607240 -0.448953 0.024361
v 0.608574 -0.446256 0.009204
v -0.979067 0.434692 0.423188
v 0.967279 0.396642 -0.040637
v 0.964506 0.395456 -0.026026
v 0.979233 0.064134 0.327862
v 0.978391 0.037983 0.250205
v 0.977680 -0.054574 0.239603
v -0.387289 -0.480963 -0.424570
v 0.332126 -0.440131 -0.386116
v 0.369226 -0.441284 -0.395247
v -0.196767 -0.446319 0.402426
v -0.882564 0.127264 -0.414363
v -0.886331 0.080461 -0.414931
v 0.977032 0.471812 0.188615
v 0.981115 0.444509 0.171536
v -0.976239 0.176258 -0.400188
v -0.977794 -0.376777 -0.237123
v -0.978525 -0.444465 -0.242493
v 0.970646 0.483410 -0.218736
v 0.963196 0.474115 -0.214391
v 0.981799 0.484518 -0.196005
v -0.327985 -0.403734 0.417720
v -0.301399 -0.451081 0.418049
v -0.772537 -0.477256 -0.411972
v -0.711415 -0.478368 -0.412607
v 0.975593 0.394122 -0.015695
v -0.506038 -0.451209 -0.391307
v 0.355142 0.472483 0.422954
v 0.424830 -0.436692 -0.405855
v 0.318986 -0.441004 -0.274566
v 0.520519 0.456053 -0.421523
v 0.548907 0.452644 -0.421772
v 0.529557 0.463528 -0.419645
v 0.651075 0.469193 -0.433499
v 0.685082 0.475616 -0.431397
v 0.688067 0.466073 -0.433799
v -0.969750 0.133120 -0.415762
v -0.979038 0.235700 0.052757
v 0.940426 0.457245 -0.427390
v 0.895332 0.086370 -0.416042
v -0.978347 -0.444703 0.108322
v -0.975080 -0.449651 0.162059
v -0.050111 -0.450930 -0.141514
v -0.031079 -0.450145 -0.148715
v -0.047426 -0.450609 -0.206698
v 0.216994 0.469213 -0.435155
v 0.261069 0.471087 -0.433971
v 0.279083 0.449928 -0.434169
v -0.968660 -0.285837 -0.416160
v 0.959478 -0.446741 0.426201
v 0.963530 -0.396126 0.420392
v -0.980265 -0.477887 0.206110
v -0.982836 -0.483655 0.277777
v -0.982825 -0.483293 0.201510
v -0.300008 0.130331 0.417999
v 0.228167 0.484940 0.416252
v -0.899407 -0.483225 -0.418345
v -0.873656 -0.468885 -0.432367
v 0.974983 -0.354926 -0.094644
v 0.472183 0.466248 -0.434200
v 0.326566 -0.449815 0.402181
v 0.334328 -0.452212 0.397878
v 0.292804 0.472298 0.422134
v 0.999185 -0.345374 -0.294433
v 0.979735 -0.473813 0.230608
v 0.980308 -0.473793 0.203683
v 0.986719 -0.485769 0.207678
v 0.986548 0.415818 -0.109963
v 0.981483 0.421985 -0.134093
v -0.220849 -0.450469 -0.205440
v -0.980796 0.432954 -0.124751
v 0.922219 -0.411228 0.417901
v -0.046727 0.451741 -0.423308
v 0.953080 -0.361454 0.426188
v -0.997238 -0.473080 -0.080531
v -1.000430 -0.469755 -0.101798
v -0.988172 -0.484532 -0.106854
v 0.784000 -0.197544 -0.434342
v 0.792245 -0.284085 -0.433507
v -0.039140 -0.482156 0.414367
v -0.963845 -0.445542 0.257230
v -0.943931 -0.445699 0.268426
v 0.997026 -0.072288 -0.090455
v 0.996841 -0.137943 -0.001239
v 0.996827 0.403048 -0.101147
v 0.995875 0.407587 -0.133201
v -0.267765 -0.482793 0.413756
v -0.214220 -0.478149 0.419066
v 0.140605 0.156116 -0.421006
v -0.159914 -0.473688 -0.309175
v -0.154483 -0.473876 -0.178422
v 0.022366 -0.027365 0.410245
v -0.779326 0.205944 0.410145
v 0.980478 -0.485712 -0.423836
v 0.981728 -0.479273 -0.428868
v -0.715444 0.162307 -0.416221
v -0.718394 0.081946 -0.413063
v -0.637465 0.096509 -0.414723
v 0.845984 0.457870 0.418569
v 0.853175 0.471663 0.422280
v -0.999517 -0.045748 0.273696
v 0.981048 0.429042 -0.430657
v 0.982933 0.421724 -0.430680
v 0.984394 0.373724 -0.431430
v -0.976104 -0.381846 0.418864
v -0.975589 -0.290358 0.419364
v -0.639382 0.301267 -0.437109
v -0.668500 0.201552 -0.437853
v 0.959192 0.030219 0.409254
v 0.963484 0.075278 0.410519
v 0.962796 0.028599 0.411485
v 0.633667 0.453116 -0.421159
v 0.651378 0.417987 -0.420846
v 0.691292 0.459453 -0.420874
v -0.715705 -0.447441 0.123414
v -0.949585 -0.292102 -0.426921
v -0.974103 -0.472667 0.205993
v -0.842833 0.474556 0.421031
v -0.792160 0.478481 0.420238
v -0.795769 -0.086661 0.418260
v 0.984854 -0.023115 0.430083
v 0.985050 -0.081278 0.431203
v 0.700797 -0.482668 -0.420519
v 0.766934 -0.482386 -0.420392
v -0.980376 0.353641 0.251345
v -0.979112 0.368563 0.226525
v 0.882965 0.474775 -0.413589
v 0.962771 -0.349148 -0.424614
v -0.982222 0.000240 -0.428862
v -0.812660 0.076356 0.418103
v 0.961077 0.176673 -0.407062
v 0.958127 -0.445911 -0.030692
v -0.889452 -0.303919 -0.414091
v 0.222002 0.334606 -0.421752
v 0.319402 0.311133 -0.420985
v -0.582238 0.473481 0.406712
v -0.544447 0.482786 0.410191
v -0.522400 0.475288 0.407163
v -0.997121 0.216086 -0.417153
v -0.992579 0.154300 -0.424842
v -0.015942 -0.320241 0.409698
v 0.362105 0.484601 -0.425575
v 0.392017 0.483845 -0.426703
v 0.706257 0.486388 0.411242
v 0.755766 0.484449 0.415707
v -0.933124 0.476721 -0.427669
v -0.026251 -0.450352 -0.039540
v 0.027251 -0.445350 -0.033008
v -0.015740 -0.449287 -0.079530
v 0.999169 -0.469246 -0.178321
v -0.597933 -0.081932 -0.439848
v -0.471581 -0.118042 -0.439377
v -0.971989 -0.323907 0.420570
v -0.972039 -0.384894 0.420346
v -0.965835 -0.400391 0.430629
v 0.052328 -0.443249 -0.163794
v 0.146802 -0.443495 -0.050502
v 0.207272 -0.442604 -0.127437
v 0.377499 0.447620 -0.421974
v 0.370658 0.461997 -0.421291
v 0.570191 -0.441445 -0.174856
v 0.699837 -0.442080 -0.122124
v 0.964372 -0.451067 0.421437
v 0.966944 -0.467493 0.413375
v 0.140258 0.447758 -0.434938
v 0.137493 0.467722 -0.435856
v 0.985516 -0.484246 -0.155675
v 0.979373 -0.475025 -0.169857
v 0.630589 -0.484898 -0.415814
v 0.697376 -0.484052 -0.416420
v -0.929726 0.219629 0.406584
v -0.887544 0.237802 0.410049
v -0.971602 -0.473451 0.333497
v -0.929638 -0.473481 0.349288
v -0.390385 0.443221 -0.435513
v -0.475396 0.443069 -0.435807
v -0.338368 -0.472866 0.393565
v 0.124702 0.485047 0.416290
v 0.148699 0.474378 0.421080
v 0.143591 0.486123 0.411852
v 0.930435 -0.217462 0.409416
v 0.691932 0.225706 -0.437097
v 0.737347 0.314296 -0.434776
v -0.999048 -0.031890 -0.316346
v 0.980471 0.279699 -0.086580
v 0.979630 0.164068 -0.152190
v -0.700426 -0.474041 -0.405538
v 0.555051 0.486476 -0.418362
v 0.614923 0.486855 -0.422668
v -0.714374 -0.351848 0.409424
v -0.979976 -0.348550 -0.430665
v 0.994050 -0.087442 0.419566
v 0.994087 -0.124447 0.420107
v 0.995533 -0.128461 0.405944
v -0.673506 -0.002925 -0.418834
v 0.317878 -0.407471 0.409171
v -0.901021 0.280323 0.418039
v 0.931832 -0.137695 0.419064
v -0.407585 0.429772 -0.422221
v 0.710105 0.454593 0.410568
v 0.995782 0.361012 -0.246483
v 0.996159 0.300142 -0.164498
v 0.442934 0.486588 0.413773
v 0.767299 0.283868 -0.419341
v 0.759917 0.223103 -0.420249
v 0.815038 0.225369 -0.418338
v 0.917549 0.114691 0.410063
v 0.096683 -0.258183 -0.415685
v 0.980963 0.393960 -0.032379
v 0.980765 0.394610 -0.008880
v -0.928294 -0.446470 -0.260835
v -0.665394 0.481680 -0.428922
v -0.601360 0.481563 -0.428396
v 0.891383 0.464611 -0.419256
v 0.989216 -0.481802 -0.296541
v -0.800384 -0.473569 0.398428
v -0.702497 -0.475353 0.399635
v -0.984425 0.429613 0.112604
v -0.987462 0.435324 0.129472
v 0.747113 0.464229 -0.419252
v 0.830269 0.466477 -0.418330
v 0.774873 0.475273 -0.412819
v -0.996030 0.035767 -0.417807
v 0.404547 -0.034396 -0.418886
v 0.477367 -0.071025 -0.417619
v 0.497020 -0.038123 -0.418771
v 0.977769 -0.038359 0.074923
v 0.968650 -0.112182 -0.406303
v -0.865462 -0.449323 -0.382218
v 0.980398 0.326207 -0.216720
v -0.999756 -0.063981 -0.104485
v -0.999502 -0.097259 -0.258202
v 0.983898 -0.482435 -0.296161
v 0.979550 -0.473789 -0.274881
v 0.979387 -0.475275 -0.288771
v -0.536792 -0.446103 0.400615
v 0.782296 0.008529 0.410364
v -0.779733 -0.449875 0.039726
v -0.721856 -0.450082 0.000553
v -0.975223 0.064235 -0.246887
v 0.919138 0.011625 0.409730
v 0.150922 0.319320 -0.436056
v -0.908292 -0.404280 -0.430380
v -0.908173 -0.361737 -0.430174
v 0.550622 -0.467441 -0.433499
v 0.501363 -0.458554 -0.435704
v 0.559041 -0.459781 -0.435489
v 0.907581 -0.429147 -0.405668
v 0.998300 -0.453026 -0.287564
v 0.857349 -0.099039 0.417850
v 0.921252 -0.003805 0.418111
v 0.700893 -0.443629 0.405295
v 0.700946 -0.450682 0.403306
v 0.960086 -0.476685 0.407715
v 0.973573 -0.477737 0.401764
v 0.984447 -0.485566 0.004016
v 0.989768 -0.482033 0.015757
v 0.405094 0.475402 -0.413117
v 0.374276 0.475382 -0.414371
v 0.985864 -0.483633 -0.173474
v 0.999217 -0.469321 -0.155836
v -0.927585 0.028534 -0.406438
v -0.905408 0.005324 -0.413548
v -0.050689 -0.451314 -0.096917
v 0.444239 -0.274078 0.410107
v -0.727750 -0.447142 -0.417774
v -0.754478 -0.423556 -0.418330
v -0.032148 -0.447515 0.205705
v -0.161141 0.149371 0.417897
v 0.991077 -0.484860 -0.079210
v 0.396774 0.078514 -0.438933
v 0.518270 0.133125 -0.438820
v -0.726537 0.452345 0.409286
v -0.703161 0.472349 0.407084
v -0.659602 0.470151 0.406778
v -0.948629 -0.473566 0.281905
v -0.996318 -0.118264 0.413831
v -0.996181 -0.197050 0.412364
v -0.223826 -0.017284 -0.421325
v -0.620499 -0.448648 0.388789
v -0.605654 -0.442524 0.397092
v -0.606199 -0.448806 0.393475
v -0.702341 -0.451444 -0.414609
v -0.666834 -0.443155 -0.417499
v -0.996226 0.136679 0.420980
v -0.992078 0.119255 0.425675
v -0.976147 -0.450537 0.016897
v -0.975302 -0.450387 0.100579
v -0.984345 -0.484066 -0.059714
v -0.988250 -0.481679 -0.038456
v 0.451722 -0.450354 0.403107
v 0.459579 -0.450375 0.403092
v 0.483584 -0.451432 0.398437
v 0.430280 -0.453683 0.396055
v -0.645710 0.457289 0.417514
v -0.593325 0.457679 0.417639
v -0.621139 0.467154 0.420550
v -0.242068 0.451730 -0.421830
v -0.203942 0.422758 -0.421856
v -0.979060 -0.418997 -0.006427
v -0.980552 -0.444616 -0.041503
v -0.979220 -0.430231 -0.068162
v -0.999691 -0.141094 0.013483
v -0.905159 -0.125198 -0.430237
v -0.944044 -0.209984 -0.410243
v 0.944610 -0.359999 0.409569
v -0.999301 -0.213409 0.378266
v -0.324438 0.457735 -0.421647
v -0.278425 0.468100 -0.414659
v -0.310285 0.263717 -0.437973
v -0.164248 0.330847 -0.436685
v 0.835704 -0.437132 -0.406990
v 0.872542 -0.438740 -0.409831
v 0.840497 -0.428674 -0.404648
v 0.562328 0.483334 -0.427159
v 0.592019 0.483351 -0.427196
v -0.111060 -0.058802 0.409488
v -0.109221 -0.047167 0.409543
v -0.498319 -0.452192 -0.413221
v -0.449854 -0.452638 -0.406018
v -0.080528 -0.464281 0.418885
v -0.010231 -0.473704 0.420228
v 0.717804 -0.473708 -0.396770
v -0.981107 0.366195 -0.108332
v -0.979225 0.302248 -0.112113
v -0.996623 -0.082744 0.421622
v 0.974617 -0.449551 -0.027106
v 0.969580 -0.451819 -0.006033
v 0.979164 -0.450333 -0.008997
v -0.838999 0.259251 -0.418437
v -0.597069 0.019196 -0.413831
v -0.516619 0.019268 -0.412890
v -0.598251 0.028666 -0.412250
v 0.969686 -0.473956 -0.338942
v 0.980336 -0.474118 -0.365362
v 0.979299 -0.474261 -0.348632
v 0.958891 0.323692 -0.428770
v 0.975282 -0.432882 -0.305183
v -0.471507 -0.437448 -0.436985
v -0.387645 -0.398871 -0.436907
v -0.371540 -0.443492 -0.436570
v -0.983295 0.482355 0.272649
v -0.984288 0.484697 0.312349
v -0.981468 0.476440 0.308547
v 0.989614 -0.484643 -0.280234
v 0.979374 0.425319 0.118513
v 0.981533 0.412768 0.128132
v 0.947364 -0.432830 -0.426083
v 0.653992 -0.477573 -0.426836
v 0.679426 -0.464996 -0.433345
v 0.307692 -0.441373 -0.399366
v 0.285489 -0.446903 -0.411899
v -0.977552 0.221563 -0.327539
v 0.893829 -0.197867 -0.431161
v 0.616592 0.193194 0.410755
v 0.981308 -0.463875 0.213993
v 0.981887 -0.447670 0.180962
v 0.980485 -0.463637 0.193142
v -0.638234 0.453572 0.409170
v -0.618638 0.472687 0.406611
v -0.571582 0.454122 0.409333
v -0.996281 0.122483 -0.417584
v 0.022508 -0.449183 0.394712
v 0.021401 -0.443525 0.398446
v 0.234456 -0.334593 -0.409491
v 0.292569 -0.295696 -0.410680
v -0.675769 -0.444556 0.396732
v -0.581122 0.485867 -0.419337
v -0.511125 0.485584 -0.424300
v -0.999360 0.380737 -0.085909
v -0.999076 0.295676 -0.042757
v 0.996606 -0.448816 0.365002
v 0.163714 -0.450279 0.396167
v 0.166786 -0.447736 0.401547
v -0.612930 -0.473449 0.345826
v -0.714430 -0.473382 0.352760
v 0.742967 0.097903 -0.419459
v 0.757654 0.020221 -0.418235
v 0.982066 0.480558 0.414838
v 0.980164 0.450708 0.411497
v 0.983868 0.462994 0.425683
v 0.133975 -0.448710 0.402027
v 0.161371 -0.443357 0.402462
v 0.881333 0.488376 -0.416983
v 0.194636 -0.473778 -0.200177
v -1.000370 -0.467619 0.180686
v -1.000120 -0.466513 0.092868
v 0.981185 0.401140 0.106713
v 0.980831 0.357165 0.116078
v 0.950781 -0.334933 -0.426027
v -0.835157 0.122576 -0.414780
v 0.872353 0.048372 -0.431825
v 0.910169 0.041279 -0.430381
v 0.456240 0.487624 -0.417571
v 0.540763 0.482954 -0.414624
v 0.866710 -0.453089 0.397293
v 0.858050 -0.450913 0.403840
v 0.906969 -0.454667 0.398180
v 0.986703 0.437995 0.135396
v 0.983871 0.433241 0.131270
v 0.980579 0.430446 0.137813
v -0.931826 -0.471906 -0.425068
v -0.965305 -0.483235 -0.417807
v 0.748425 0.478093 0.408787
v 0.980363 -0.473449 0.245959
v 0.985239 -0.485907 0.239339
v 0.984850 -0.484328 0.262533
v -0.333422 0.424869 -0.422346
v -0.295659 0.452840 -0.421449
v 0.164329 -0.464486 -0.433179
v 0.132343 -0.477355 -0.427691
v 0.953023 -0.450311 0.426241
v 0.506526 -0.478519 -0.403950
v 0.982571 0.105126 0.423861
v 0.987083 0.109746 0.429067
v 0.681212 -0.430495 0.409151
v 0.696495 -0.415220 0.409388
v -0.975658 0.032306 -0.038839
v -0.089811 -0.070248 0.409560
v 0.685497 -0.443403 0.404224
v -0.348311 -0.474014 -0.046038
v -0.118888 -0.473920 -0.036176
v -0.977229 -0.236152 0.219954
v -0.977001 -0.288056 0.115801
v -0.992060 0.442280 -0.031895
v -0.997053 0.437948 -0.072187
v -0.998428 0.435883 -0.033829
v -0.818508 0.186031 -0.437667
v -0.772083 0.149892 -0.438685
v 0.817703 0.458625 0.410186
v 0.830876 0.480140 0.408705
v -0.976950 0.074611 -0.411572
v -0.977161 0.107791 -0.411820
v 0.981024 0.487719 -0.390827
v 0.987040 0.486162 -0.365370
v -0.153950 -0.145159 -0.439171
v -0.581651 -0.343717 0.409550
v -0.566120 -0.343749 0.409568
v 0.982808 -0.483012 0.383762
v 0.986507 -0.491026 0.361131
v 0.988944 -0.486196 0.374830
v -0.346862 0.158938 -0.439039
v -0.285245 0.181483 -0.438763
v -0.298780 0.067296 -0.439388
v -0.929680 -0.208410 0.418261
v -0.934857 -0.273601 0.418357
v -0.914956 -0.317686 0.418445
v 0.966460 -0.110609 0.417671
v 0.964278 -0.160045 0.423619
v 0.965450 -0.175363 0.418365
v -0.304552 0.442625 -0.435323
v -0.355471 0.378922 -0.436447
v 0.318993 -0.451582 0.397780
v 0.297705 -0.448980 0.401796
v 0.059829 0.486702 -0.423941
v 0.097642 0.485852 -0.424998
v -0.988081 -0.006374 0.431701
v -0.408048 0.474141 0.421538
v -0.334360 0.473441 0.421759
v -0.358492 0.480203 0.418861
v 0.167695 -0.007522 -0.439740
v 0.084875 0.058938 -0.439222
v 0.257792 0.093347 -0.438935
v 0.980868 -0.450161 -0.005902
v -0.980368 0.422759 -0.008765
v -0.980411 0.425924 0.028103
v -0.982464 0.398561 0.023041
v 0.037303 -0.431182 0.408913
v 0.044976 -0.415841 0.409157
v 0.056609 -0.419855 0.409036
v 0.428256 -0.450437 0.403134
v 0.443843 -0.450268 0.403057
v -0.963913 0.276707 -0.417476
v 0.976713 -0.080805 -0.292337
v 0.128696 -0.447905 0.401665
v 0.121739 -0.450157 0.394875
v -0.729888 0.440385 -0.433547
v -0.689793 0.407843 -0.434796
v 0.269924 0.213883 -0.437471
v 0.981161 -0.445704 -0.371204
v -0.971991 -0.176561 0.412130
v 0.996558 0.000931 -0.368045
v -0.739568 0.456790 -0.431941
v -0.980691 -0.480996 0.373531
v -0.981247 -0.479978 0.312227
v 0.957620 -0.054205 -0.426204
v 0.949520 -0.106028 -0.425947
v -0.999523 -0.395078 0.215104
v -0.999591 -0.444196 0.231801
v -0.999864 -0.441799 0.294782
v -0.789229 0.475615 -0.412332
v -0.790594 0.486576 -0.417323
v -0.673264 0.467814 -0.433917
v -0.606687 0.466357 -0.433466
v -0.618616 0.457459 -0.432835
v -0.961227 0.118082 0.405757
v -0.960828 0.225295 0.406173
v -0.992964 0.485630 0.310885
v -1.000080 -0.467188 0.255149
v -0.999363 -0.472934 0.301116
v -0.970622 -0.471828 0.403235
v -0.970003 -0.478448 0.421764
v -0.941593 0.144616 0.409522
v -0.930331 0.136737 0.407452
v 0.944273 -0.294223 -0.407883
v 0.944394 -0.340987 -0.409181
v -0.414137 -0.450586 -0.044809
v -0.382082 -0.448830 0.010310
v -0.897177 0.476937 -0.414355
v -0.897261 0.484459 -0.416666
v -0.314202 -0.450973 -0.395859
v -0.277591 -0.450088 -0.316318
v 0.287322 -0.452068 0.390135
v 0.319886 -0.452885 0.390402
v 0.941258 0.438675 0.411739
v 0.949499 0.416603 0.410318
v 0.844118 -0.440248 -0.230084
v 0.832928 -0.441305 -0.150738
v 0.875371 -0.440235 -0.213980
v -0.566919 0.473180 -0.433697
v -0.553076 0.459843 -0.432861
v 0.943632 -0.088659 0.410131
v 0.943996 0.006902 0.410406
v 0.960420 -0.031228 0.409707
v -0.885595 0.112911 0.409829
v -0.807246 -0.007645 0.409891
v -0.919891 0.451516 0.408464
v 0.995411 0.473766 -0.341738
v 0.995168 0.473732 -0.312707
v 0.993154 -0.483079 0.189180
v 0.998601 -0.471598 0.207607
v -0.198013 0.028969 -0.409635
v -0.978288 -0.034783 0.139140
v 0.734334 0.454339 0.418170
v -0.977988 0.481603 -0.316574
v -0.980068 0.462255 -0.312444
v 0.714173 0.280686 -0.420353
v 0.930187 -0.454475 0.418070
v -0.639801 -0.448755 0.389244
v -0.628600 -0.436514 0.400405
v -0.629238 -0.442641 0.397153
v 0.724758 -0.450154 0.041528
v 0.800605 -0.449372 0.037642
v -0.068843 0.478196 0.420216
v -0.052891 0.465204 0.421728
v -0.007851 0.468961 0.422258
v 0.602113 0.486989 -0.418062
v 0.624599 0.482398 -0.413953
v -0.458005 0.429462 0.409946
v -0.520515 0.327714 0.410223
v 0.635622 -0.328819 -0.404759
v 0.695876 -0.332191 -0.405370
v 0.964085 0.413029 -0.407141
v 0.980629 0.426685 -0.402994
v -0.170425 -0.445790 0.136543
v -0.146003 -0.446485 0.208576
v 0.951257 -0.233753 0.425268
v 0.950616 -0.298322 0.426386
v 0.959563 -0.280343 0.427219
v -0.191114 0.446985 -0.435399
v -0.224958 0.465709 -0.435117
v -0.163098 0.469798 -0.434688
v 0.733617 -0.484407 0.410679
v 0.733767 -0.478722 0.405469
v 0.782632 -0.483574 0.411806
v -0.885560 -0.447626 0.367377
v -0.999471 -0.298958 0.180739
v -0.999711 -0.334136 0.332152
v 0.966790 0.452648 -0.190511
v 0.976160 -0.342759 0.143523
v -0.960384 0.364793 -0.408790
v 0.234670 -0.453579 0.417703
v 0.998797 -0.473660 0.129878
v 0.998831 -0.472588 0.096977
v -0.121031 -0.482071 0.414103
v -0.633741 0.463459 -0.419326
v 0.649151 0.000186 0.410280
v 0.161218 -0.482096 -0.411636
v -0.678407 0.437068 -0.435022
v -0.614417 0.414045 -0.435302
v 0.868889 -0.473635 -0.307864
v 0.837940 -0.473631 -0.239367
v -0.978815 0.238098 0.424202
v -0.971632 0.208912 0.416905
v 0.437508 0.472180 0.422593
v 0.468184 0.466474 0.422034
v 0.476875 0.471193 0.422356
v 0.989710 -0.484989 0.251271
v 0.987401 -0.485192 0.270875
v 0.619830 0.453160 0.410214
v 0.945931 0.343590 -0.414761
v 0.961414 0.273103 -0.409198
v -0.963902 0.470265 0.408775
v -0.964068 0.481094 0.414983
v -0.946308 0.480245 0.408339
v -0.957459 -0.269596 -0.428031
v 0.983298 0.264269 -0.431621
v -0.866006 0.234399 -0.436263
v 0.992283 0.053864 0.420685
v 0.527714 0.070986 0.417803
v 0.514864 -0.451541 0.398147
v 0.476774 -0.453353 0.384729
v 0.994894 0.386615 -0.369602
v -0.979988 0.421798 -0.398113
v 0.928118 -0.046180 -0.427747
v 0.924863 -0.118699 -0.429256
v -0.925694 -0.366127 -0.426271
v 0.260949 0.451210 -0.421625
v 0.964054 -0.473697 0.176295
v -1.000070 0.422844 -0.286967
v -0.998955 0.429213 -0.335333
v -0.999266 0.347334 -0.234442
v 0.995241 0.408097 0.158422
v 0.996125 0.299710 0.285493
v -0.698870 -0.442781 0.396995
v -0.684461 -0.437757 0.400734
v -0.685719 -0.443448 0.397275
v 0.959441 -0.440002 -0.202935
v 0.968456 -0.444473 -0.207420
v 0.965299 -0.449001 -0.221474
v 0.796539 -0.472729 0.393877
v -0.998708 0.337115 0.239197
v -0.998170 0.334607 0.388440
v 0.850494 -0.449475 0.044392
v 0.939506 -0.448348 -0.003817
v 0.985691 0.431048 -0.142330
v 0.995418 0.424298 -0.156905
v 0.994451 0.450959 -0.180535
v -0.977737 0.480418 -0.370099
v -0.981251 0.090521 0.427624
v -0.846480 0.471893 0.406492
v -0.794531 0.482066 0.409460
v -0.928594 0.215182 -0.406347
v 0.971410 -0.473697 0.005586
v 0.979255 -0.476408 -0.012553
v 0.980574 -0.473560 0.018006
v -0.647280 0.429009 0.410147
v 0.543460 -0.343563 0.417586
v 0.964783 -0.415585 0.409127
v -0.981774 -0.483487 0.135310
v -0.978715 -0.475834 0.180449
v -0.571598 -0.333368 0.417643
v -0.575850 -0.450332 -0.194226
v -0.004728 -0.447057 -0.207390
v -0.018616 -0.449070 -0.176986
v 0.004579 -0.446783 -0.095750
v -0.454897 0.474591 0.407067
v -0.413174 0.472777 0.405812
v -0.978819 -0.393265 -0.325479
v -0.449710 -0.451161 -0.398775
v 0.884074 0.485428 0.411029
v 0.906164 0.482326 0.418325
v -0.998700 -0.215339 -0.329052
v -0.999171 -0.291012 -0.298174
v -0.335860 0.404725 0.417885
v -0.804734 -0.447415 0.368190
v -0.813715 -0.449103 0.375776
v -0.763957 -0.447810 0.366459
v 0.976967 -0.476495 -0.224223
v 0.982579 -0.482652 -0.228658
v 0.408554 -0.451932 0.397971
v 0.232959 -0.438733 -0.409421
v 0.229800 -0.430284 -0.407204
v 0.976764 -0.338831 0.257346
v 0.978034 -0.359981 0.348861
v -0.049997 -0.420051 0.417669
v 0.039019 -0.306534 0.417761
v -0.198060 0.199419 -0.438221
v -0.534480 -0.461277 0.417888
v 0.910803 -0.482664 -0.412558
v 0.049727 -0.444252 -0.023296
v 0.040254 -0.444749 0.049664
v 0.120067 -0.444138 0.015701
v 0.060811 -0.449426 0.397183
v 0.034276 -0.450114 0.375713
v 0.965928 -0.473482 -0.088200
v 0.962867 -0.473479 -0.150467
v 0.976560 -0.474261 -0.122952
v -0.963824 -0.446356 0.304235
v -0.046887 -0.447478 0.151506
v 0.982170 0.445333 0.187367
v 0.981565 0.423472 0.154258
v 0.981390 0.423920 0.237475
v -0.970760 0.332652 -0.410750
v -0.961072 0.322135 -0.406487
v -0.610907 -0.473813 -0.278251
v -0.450670 -0.473936 -0.200476
v 0.980338 0.347117 0.395480
v 0.962052 0.094034 0.417840
v -1.000470 -0.468855 -0.211567
v 0.358525 -0.484946 -0.416007
v 0.437603 -0.482096 -0.422268
v -0.549821 -0.451959 -0.397925
v 0.996201 0.370578 -0.223409
v 0.291937 -0.442107 0.400979
v 0.989300 0.002570 -0.427105
v 0.991055 -0.025365 -0.425728
v 0.030467 0.482015 -0.414355
v 0.029044 0.474612 -0.412086
v 0.066900 0.475115 -0.411499
v 0.071555 0.483607 -0.414968
v -0.456829 -0.448813 0.402717
v -0.446041 -0.448771 0.402733
v 0.961867 -0.186726 -0.422298
v 0.974530 -0.421440 -0.411516
v 0.971550 -0.445812 -0.411595
v -0.988467 0.487137 -0.333562
v -0.990283 0.485989 -0.401601
v 0.544160 -0.101142 -0.415608
v -0.982059 0.432819 0.397635
v 0.903274 0.352894 -0.417941
v 0.987114 0.306973 -0.427068
v -0.904714 0.159832 0.409017
v 0.993578 -0.300245 0.426954
v 0.993524 -0.372952 0.426780
v 0.995908 -0.253525 0.419941
v 0.865223 -0.440294 -0.245287
v 0.918446 -0.441364 -0.226963
v 0.926295 -0.441713 -0.273026
v 0.886961 -0.430495 -0.405449
v 0.923282 -0.275111 -0.406803
v -0.980475 0.426529 -0.047372
v -0.982308 0.402412 -0.035835
v 0.813921 -0.440361 -0.398517
v 0.784711 -0.441425 -0.377793
v 0.837468 -0.439613 -0.392241
v -0.900543 0.076973 -0.414002
v -0.898231 0.033381 -0.413881
v -0.979504 0.038154 0.427567
v 0.038437 -0.390687 0.409723
v 0.027970 -0.326636 0.409970
v 0.094699 -0.304888 0.409949
v 0.817408 0.239596 -0.433032
v 0.785250 0.028380 -0.416109
v -0.991387 0.464484 0.166424
v -0.998659 0.477559 0.193210
v -0.926315 -0.482507 0.412076
v -0.895963 -0.477707 0.403448
v -0.991196 0.445534 -0.136693
v -0.999520 0.442595 -0.156756
v -0.999904 0.434053 -0.148900
v 0.994815 0.447893 0.413376
v 0.377828 -0.446068 -0.411951
v 0.980695 -0.403153 -0.419068
v 0.216060 0.475785 0.408680
v 0.225219 0.456566 0.410031
v 0.965238 -0.452300 0.244983
v 0.232393 0.460496 -0.421740
v -0.959007 0.445832 -0.429538
v -0.964819 0.437932 -0.420046
v -0.803453 -0.331130 -0.435748
v -0.577929 -0.472713 0.393328
v -0.496917 -0.472817 0.393394
v -0.539610 -0.478656 0.405167
v -0.357696 -0.477343 -0.413578
v -0.404954 -0.478917 -0.415248
v -0.344153 -0.483745 -0.418700
v -0.950626 -0.450214 -0.410721
v 0.750133 -0.473523 -0.381216
v 0.082600 0.485389 0.415712
v 0.092382 0.470248 0.423038
v 0.976435 0.233938 -0.407414
v 0.980758 0.221800 -0.403096
v -0.495419 -0.449752 0.391580
v -0.514699 -0.449189 0.402817
v -0.497843 -0.448923 0.402621
v 0.459827 -0.443975 0.407253
v -0.978859 -0.289057 -0.358122
v -0.139178 0.263113 -0.419797
v -0.641054 -0.472883 0.392084
v -0.619889 -0.476839 0.401269
v -0.998956 -0.376429 -0.330229
v 0.431811 -0.440380 -0.368874
v -0.246106 -0.446131 0.169325
v -0.960756 0.434809 0.406569
v -0.991195 -0.173118 0.433942
v 0.218482 0.029503 0.410178
v 0.957866 0.123884 0.423791
v -0.998395 0.225090 -0.397284
v 0.981705 0.402314 0.079616
v 0.981000 0.346577 0.055000
v -0.453178 0.484797 0.413173
v 0.981058 -0.445676 -0.414210
v -0.350869 -0.453193 -0.405948
v -0.250176 -0.453287 -0.405957
v 0.128947 -0.473742 -0.400959
v 0.174637 -0.476223 -0.404164
v -0.999488 0.432426 0.135525
v -0.998886 0.401509 0.177385
v -0.999799 0.447941 0.151939
v 0.108604 0.478209 0.408127
v 0.154534 0.455679 0.409974
v -0.102529 0.476327 -0.414843
v -0.098732 0.470245 -0.416434
v -0.029971 0.474538 -0.414149
v -0.525377 0.041012 -0.411031
v -0.459641 0.026872 -0.411335
v -0.467737 0.046216 -0.410824
v -0.983684 -0.458598 0.432876
v -0.983843 -0.483974 0.430306
v -0.997214 0.475399 -0.283057
v -0.352168 0.364034 0.410011
v -0.386352 0.430551 0.409848
v 0.978420 -0.325327 0.373485
v 0.980673 -0.259380 0.386810
v 0.978042 -0.251461 0.371660
v 0.070382 0.464829 -0.419068
v -0.309321 0.480124 -0.428865
v -0.257374 0.485061 -0.424466
v 0.990410 0.213582 0.425591
v 0.941623 0.386745 0.411070
v -0.857397 -0.451304 -0.412406
v -0.878210 -0.451972 -0.405835
v -0.269665 0.474205 0.421750
v -0.214897 0.474775 0.421089
v -0.280392 0.479985 0.419289
v 0.022281 0.192001 0.417934
v -0.133362 0.015326 0.417810
v 0.055296 0.042350 0.417931
v -0.985057 0.455668 0.427449
v 0.986354 -0.486338 -0.181274
v 0.978160 -0.425571 0.044439
v -0.978902 -0.354391 -0.360238
v -0.979655 -0.342398 -0.388513
v 0.350268 0.465561 -0.434101
v 0.311151 0.470608 -0.434608
v -0.935813 -0.449193 0.403286
v 0.998868 0.269567 -0.410426
v 0.989456 0.299941 -0.422368
v -0.998160 0.482876 0.204387
v 0.255558 0.336652 0.417881
v 0.975998 -0.194325 -0.019822
v -0.914305 0.461109 -0.430445
v -0.701461 0.064299 -0.439060
v -0.585396 0.110706 -0.438786
v -0.966706 0.053426 -0.405970
v -0.950210 0.056177 -0.405003
v 0.974984 -0.270621 -0.131470
v -0.490527 -0.473725 -0.405898
v -0.404406 -0.473652 -0.406126
v 0.564319 0.471283 0.421369
v -0.447812 0.316954 0.417931
v -0.438986 0.440692 0.417762
v 0.412084 0.467199 -0.418967
v 0.484739 0.467768 -0.418526
v 0.440992 0.475660 -0.413143
v 0.977892 -0.277466 -0.390222
v -0.455442 0.457369 0.417414
v -0.381709 0.458418 0.417509
v 0.972777 0.147494 -0.415936
v -0.960994 -0.307232 -0.406026
v -0.960866 -0.399722 -0.406288
v 0.515125 0.466324 0.422250
v -0.998348 0.184274 0.413277
v -0.893791 0.406954 -0.418519
v 0.833234 0.485949 0.411278
v 0.860990 0.481080 0.408007
v 0.211542 -0.443928 0.000830
v -0.611616 -0.481601 0.414818
v 0.416878 0.459917 -0.421604
v 0.479132 0.457806 -0.421639
v 0.997178 0.212961 -0.407049
v 0.997609 0.134406 -0.405818
v -0.584687 -0.021319 -0.439935
v 0.310494 -0.442395 0.401874
v -0.890510 -0.449769 -0.397862
v 0.431641 0.474761 0.408760
v 0.428058 0.483939 0.411302
v 0.458375 -0.445166 -0.411386
v -0.922960 -0.106404 -0.411014
v -0.912308 -0.159588 -0.411699
v -0.870530 -0.152080 -0.417402
v -0.911876 -0.079713 -0.412111
v 0.976258 0.401673 -0.059073
v 0.987300 0.412382 -0.063512
v 0.540100 -0.479867 -0.425811
v 0.580393 -0.483213 -0.421483
v -0.458552 0.109022 -0.415164
v -0.421270 0.143443 -0.417451
v -0.170930 -0.472756 0.394778
v -0.127403 -0.472890 0.393611
v -0.989868 0.486788 -0.192643
v -0.998984 0.472434 -0.187734
v -0.989301 0.468588 -0.175877
v 0.196530 -0.391588 0.409330
v 0.177257 -0.431013 0.408777
v -0.978838 -0.374419 -0.029497
v -0.978342 -0.357835 -0.100485
v -0.500580 -0.476395 0.419184
v 0.166042 0.263013 -0.421278
v 0.978884 -0.475318 0.288228
v 0.981822 -0.483448 0.297628
v 0.880603 -0.440126 -0.313329
v 0.978914 0.481328 0.193334
v 0.981038 0.486978 0.211941
v -0.968642 0.191108 0.407035
v 0.439498 -0.085188 0.417880
v 0.535714 -0.198412 0.417864
v 0.652316 0.485074 -0.426003
v -0.814306 -0.473658 0.082729
v 0.415144 0.461505 0.418750
v 0.381598 0.458601 0.418042
v 0.426862 0.449053 0.418058
v -0.973062 0.295594 0.410119
v -0.369737 0.019987 -0.411673
v -0.320636 0.018553 -0.412243
v 0.218828 -0.440993 -0.395598
v -0.976922 0.236351 -0.394478
v -0.977653 0.170780 -0.390416
v 0.982176 0.042264 -0.432833
v 0.353340 -0.266106 -0.411065
v 0.391845 -0.294354 -0.409694
v 0.448385 -0.258410 -0.408305
v -0.978314 -0.443956 -0.313751
v -0.975427 -0.007951 -0.412768
v -0.969984 0.006919 -0.415694
v -0.970298 -0.028748 -0.416822
v -0.927636 -0.003050 0.417997
v -0.508409 0.476016 -0.412739
v -0.999130 0.220999 0.403417
v -0.998857 0.186267 0.373742
v -0.998747 0.141812 0.403928
v 0.995707 0.476382 -0.412230
v 0.311089 -0.449266 0.401957
v 0.326098 -0.442584 0.402545
v -0.979131 -0.034381 -0.321882
v 0.842555 0.482219 -0.413189
v -0.043027 -0.450825 0.378956
v -0.034832 -0.449247 0.403082
v -0.028521 -0.449044 0.402835
v -0.962875 0.117927 -0.425614
v -0.963287 0.046075 -0.425238
v 0.607534 -0.217670 -0.410709
v -0.980270 0.424992 0.078859
v -0.980440 0.419622 0.100065
v 0.218178 -0.441924 -0.216906
v 0.116140 -0.442742 -0.266478
v 0.669159 0.473540 0.420204
v 0.678780 0.485698 0.413946
v -0.980611 -0.472854 -0.063423
v 0.354033 -0.473479 0.398116
v -0.226434 0.456841 0.417700
v -0.171352 0.456815 0.417638
v -0.201749 0.466694 0.421548
v 0.999071 -0.468741 -0.118232
v 0.995145 0.390318 -0.110857
v -0.802582 -0.474221 -0.430941
v 0.309113 -0.013890 -0.439551
v 0.439605 -0.014275 -0.439431
v -0.165264 0.473504 0.420666
v -0.259966 -0.466244 -0.434311
v -0.387511 -0.459670 -0.435579
v -0.262205 -0.459937 -0.435461
v -0.111743 0.451669 0.408979
v -0.998179 0.287602 0.384282
v -0.998271 -0.471863 -0.346217
v 0.985800 0.485285 0.320462
v 0.998388 0.471786 0.367514
v 0.998065 0.473395 0.298253
v -0.939135 0.220894 -0.427998
v 0.928970 -0.354404 -0.427013
v -0.999319 0.370603 -0.214544
v 0.977076 -0.116512 0.067640
v 0.976479 -0.198802 0.207601
v -0.706519 -0.056644 0.417793
v -0.698946 -0.193156 0.417720
v -0.958940 -0.439378 0.295153
v -0.942392 -0.445761 0.336674
v -0.946477 -0.444842 0.298975
v 0.978051 0.453730 -0.401438
v -0.275688 0.462828 -0.419399
v 0.498370 -0.449759 0.402546
v 0.506503 -0.443166 0.403529
v 0.514884 -0.449826 0.402484
v -0.951480 -0.211547 0.428196
v 0.034441 -0.030578 -0.420096
v -0.991669 -0.265639 0.433473
v -0.995787 -0.264165 0.428755
v -0.991189 -0.392746 0.432920
v 0.864264 0.136420 -0.416696
v -0.316485 -0.481382 -0.418061
v 0.799076 -0.452532 0.396757
v 0.825622 -0.451603 0.371601
v 0.464441 -0.443491 0.005798
v 0.460403 -0.473387 0.384185
v 0.387195 -0.473533 0.332374
v 0.692005 -0.454586 0.417641
v 0.761363 -0.475678 0.418951
v 0.800211 -0.461137 0.418188
v -0.999723 -0.321050 0.051924
v -0.617688 0.379777 -0.420972
v -0.531796 0.394869 -0.421576
v -0.978462 -0.445269 -0.108587
v -0.974745 -0.450384 -0.112093
v -0.578385 -0.479808 -0.410863
v -0.538131 -0.480322 -0.412195
v -0.541168 -0.475494 -0.405457
v -0.705282 -0.447003 0.194497
v -0.797387 -0.446826 0.260414
v -0.709726 -0.445818 0.293881
v -0.970611 0.297499 -0.415724
v -0.975595 0.284108 -0.425367
v -0.350248 0.482474 -0.413565
v -0.333391 0.485696 -0.417478
v -0.090983 -0.447010 0.074402
v -0.046522 -0.447452 0.048529
v 0.975261 0.409227 0.060270
v 0.981274 0.400662 0.032050
v 0.961247 0.339580 0.416075
v -0.212860 -0.473586 0.421328
v 0.994910 0.136789 -0.415707
v 0.995206 0.023196 -0.415915
v -0.670779 -0.449077 0.388787
v 0.998173 -0.450761 -0.405892
v -0.992369 0.384722 -0.422926
v -0.542747 -0.475688 0.418607
v -0.413228 0.453377 -0.421547
v -0.436930 0.462696 -0.419525
v 0.434129 -0.441464 -0.115633
v -0.799737 -0.412160 -0.417126
v -0.819287 -0.325620 -0.417189
v 0.029160 -0.415935 0.409167
v 0.697602 -0.441545 -0.355036
v -0.999520 0.202863 -0.250901
v -0.525594 -0.348231 -0.418463
v -0.463960 -0.355826 -0.418041
v 0.970814 0.345272 0.404079
v 0.979746 0.319171 0.403411
v -0.063615 0.429076 0.417894
v -0.498769 0.466673 0.406667
v -0.450297 0.465327 0.406887
v 0.944851 0.088318 0.410740
v 0.945245 0.154978 0.410649
v -0.158725 -0.021368 -0.439854
v -0.567204 -0.449020 0.395943
v -0.559132 -0.437936 0.400785
v -0.559990 -0.444032 0.398945
v -0.976536 -0.450538 -0.038334
v 0.565843 -0.473663 -0.397661
v 0.409371 -0.452033 0.306532
v 0.960965 0.345371 -0.428126
v 0.997100 -0.458957 0.150495
v 0.963597 -0.451707 0.095184
v 0.962979 0.445962 -0.258467
v -0.978481 -0.309552 0.422002
v -0.983725 -0.383481 0.433576
v -0.980273 -0.390685 0.421178
v 0.728610 -0.337020 -0.405264
v -0.994256 -0.031364 0.428563
v -0.995722 -0.106221 0.428782
v -0.454280 -0.238192 -0.419283
v -0.974379 0.026466 0.419814
v -0.971906 -0.034654 0.419785
v -0.971343 0.022618 0.418781
v -0.277060 -0.226078 0.409512
v -0.258096 -0.241657 0.409427
v -0.924114 0.241726 0.417854
v -0.962514 -0.335838 -0.426152
v 0.976259 -0.262091 0.127787
v -0.975422 -0.448909 -0.306987
v 0.872977 0.363176 -0.431731
v 0.944501 -0.401012 -0.408566
v 0.355951 -0.175728 -0.411494
v 0.326128 -0.242075 -0.411001
v 0.365745 -0.227760 -0.410745
v -0.980708 -0.384472 -0.388336
v 0.987631 0.417857 0.058145
v -0.796268 -0.477788 0.404204
v 0.978360 0.040060 -0.334043
v 0.977106 -0.009547 -0.279122
v -0.212553 -0.451611 -0.411923
v -0.156216 -0.453405 -0.405416
v -0.996318 -0.269478 -0.400963
v 0.102123 -0.409585 -0.411534
v 0.119165 -0.430332 -0.410147
v -0.346999 0.465536 0.406680
v -0.303965 0.474996 0.406157
v -0.276557 0.465498 0.406351
v 0.957936 -0.287702 -0.426007
v 0.958815 -0.230527 -0.426737
v 0.991209 -0.159324 0.425173
v 0.985363 -0.164535 0.431023
v 0.992264 -0.218221 0.425381
v -0.978171 0.420154 0.198019
v -0.408179 0.486078 -0.417199
v -0.334807 0.484787 -0.423307
v -0.431391 0.484886 -0.424275
v -0.970171 -0.448398 -0.216046
v 0.147246 0.486640 -0.424864
v 0.161875 0.484438 -0.415440
v 0.054240 0.475411 0.408226
v -0.976149 0.083940 0.101304
v 0.590464 -0.452760 0.389661
v 0.661544 -0.453088 0.389998
v 0.930175 -0.234673 -0.427277
v 0.918516 -0.296996 -0.430079
v -0.249353 0.442034 -0.435228
v 0.982702 0.410195 -0.384699
v 0.981842 0.353452 -0.397914
v -0.095616 0.075366 -0.412984
v 0.314813 0.487122 -0.417659
v 0.332525 0.483865 -0.426096
v -0.348300 0.474983 -0.410828
v -0.306970 0.482136 -0.413245
v -0.342421 -0.449644 0.398382
v -0.322344 -0.449280 0.403254
v -0.321150 -0.449645 0.381360
v -0.968438 -0.448826 0.297700
v 0.040290 0.484957 0.415968
v 0.036902 0.485559 0.410078
v 0.222663 -0.442432 -0.348430
v 0.272067 -0.441729 -0.345600
v 0.250000 -0.441760 -0.380046
v -0.002008 -0.483862 0.410885
v -0.004575 -0.478836 0.405513
v 0.065728 -0.483285 0.408885
v -0.657701 0.418300 -0.421373
v -0.710591 0.335282 -0.419572
v -0.979598 -0.108049 0.373048
v -0.979724 -0.146672 0.363013
v -0.998291 0.135561 -0.409892
v -0.997940 0.034080 -0.410059
v 0.884109 -0.213169 0.410206
v 0.995694 0.347517 0.042887
v -0.124118 0.460936 -0.420906
v -0.714934 0.481565 -0.428614
v -0.530896 0.042809 -0.439228
v -0.060136 0.004015 -0.439621
v 0.871902 -0.439896 -0.393292
v 0.876648 -0.440770 -0.355612
v 0.840491 -0.066584 -0.411422
v -0.998588 -0.465097 0.421441
v -1.000370 -0.465021 0.390676
v -0.996340 -0.477536 0.428950
v -0.972797 -0.472748 -0.284245
v -0.972515 -0.472598 -0.317682
v -0.107296 0.484350 -0.427115
v -0.048602 0.483874 -0.427197
v -0.046237 0.473468 -0.433710
v 0.713658 -0.446526 0.008417
v 0.796566 -0.446087 0.007495
v 0.792583 -0.442785 -0.030463
v -0.976702 0.126984 0.127668
v 0.669169 -0.258038 -0.408379
v 0.695402 -0.268639 -0.405878
v 0.714555 -0.219079 -0.410310
v -0.543291 0.394135 0.417931
v -0.523771 0.458473 0.417698
v -0.328131 0.042928 -0.409227
v -0.321709 0.027114 -0.410272
v -0.290055 0.042721 -0.408555
v -0.979179 0.283400 0.402963
v -0.973281 0.262475 0.407893
v 0.826961 -0.449757 0.152770
v 0.961466 -0.442781 -0.137637
v 0.977223 0.475416 0.287338
v 0.982188 0.487447 0.300738
v 0.984042 0.486165 0.276075
v -0.052267 -0.103882 -0.421516
v 0.944521 0.094382 -0.427539
v 0.946514 0.025142 -0.428076
v -0.690945 -0.344040 0.409452
v -0.662794 -0.314234 0.409540
v -0.690967 -0.358473 0.409392
v -0.943093 0.111700 0.424103
v -0.927769 0.135162 0.418237
v 0.966813 -0.254157 0.416820
v 0.964163 -0.258632 0.423293
v 0.704200 0.486269 -0.425825
v 0.711402 0.472676 -0.432547
v 0.702971 0.485454 0.414017
v -0.755599 -0.449753 0.384498
v -0.753176 -0.448997 0.403050
v -0.743251 -0.449387 0.392082
v -0.569093 -0.448034 0.354919
v -0.581516 -0.449654 0.383252
v -0.983727 0.471366 -0.430489
v 0.945034 0.107962 -0.412144
v 0.961151 0.093081 -0.407662
v 0.960466 0.144843 -0.408300
v -0.996532 -0.016612 -0.411079
v 0.067384 0.485430 0.410183
v 0.298283 -0.440503 -0.391204
v 0.996213 -0.226549 0.391955
v 0.980890 0.354134 -0.058146
v 0.980972 0.343813 -0.108459
v -0.996159 -0.421636 -0.416900
v -0.995935 -0.458903 -0.414307
v -0.114113 -0.422392 -0.418424
v -0.040368 -0.347563 -0.418483
v -0.998309 0.351939 0.412978
v -0.702295 -0.452808 -0.406134
v -0.639560 -0.452243 -0.411849
v -0.981096 0.462919 0.172795
v -0.980817 0.442049 0.145649
v 0.597801 -0.473025 0.396628
v 0.273726 0.473700 0.409299
v 0.127925 -0.398298 0.409299
v -0.931291 0.228953 0.419648
v 0.675370 -0.101332 0.417794
v -0.515917 -0.454077 -0.405833
v 0.186081 0.084733 0.417961
v 0.586458 0.473356 0.408087
v -0.041514 -0.478575 -0.410195
v -0.199832 -0.478045 -0.413877
v -0.991261 -0.058795 0.433859
v -0.986257 -0.162839 0.435688
v 0.983226 0.458375 0.328932
v 0.982460 0.463123 0.375433
v 0.982026 0.426876 0.335869
v -0.981565 0.455714 -0.170218
v -1.000500 -0.464855 0.295449
v -0.999669 -0.034180 0.119850
v -0.333982 0.466659 -0.414806
v -0.299759 0.475204 -0.410885
v -0.556589 -0.444897 -0.417586
v -0.500123 -0.446476 -0.417246
v 0.963783 -0.388454 -0.425898
v 0.695813 -0.302559 0.417710
v 0.830347 -0.404564 0.417870
v -0.788767 -0.447951 0.200284
v 0.983705 -0.484056 -0.115597
v 0.979255 -0.476769 -0.102231
v 0.964026 -0.030340 -0.416125
v -0.903101 0.058235 0.418137
v 0.672355 -0.441316 -0.222451
v 0.681725 -0.441344 -0.270873
v -0.771715 0.222037 -0.438019
v 0.955674 -0.126550 -0.410447
v 0.963234 -0.129274 -0.409309
v -0.857726 0.466457 0.421346
v -0.791400 0.466780 0.421290
v 0.981568 0.463562 0.394755
v 0.980900 0.419462 0.395524
v 0.983157 -0.298737 -0.425335
v -0.996311 0.223273 0.420677
v 0.983637 -0.429609 -0.429585
v 0.967685 0.315268 -0.415086
v -0.772041 -0.359740 -0.417442
v 0.858491 -0.473610 0.223545
v 0.963988 -0.473644 0.261719
v -0.978266 -0.038525 0.048483
v -0.977623 -0.128673 0.124808
v 0.548104 -0.473607 0.335761
v 0.586682 -0.473383 0.384079
v 0.986603 0.428300 0.110029
v 0.914726 0.294914 -0.431649
v -0.426737 0.482283 -0.413056
v -0.999209 0.388566 0.016637
v 0.764078 0.452195 0.410356
v -0.623923 0.289175 -0.420344
v -0.638321 0.215380 -0.418508
v -0.546473 0.263258 -0.420123
v 0.485373 -0.476840 -0.426128
v -0.973568 -0.314346 0.411876
v 0.925260 0.390432 -0.428334
v 0.927005 0.459824 -0.428046
v -0.975627 0.432380 0.410616
v -0.979088 0.466064 0.425721
v -0.138675 0.425708 -0.421906
v -0.575333 -0.027210 -0.422060
v -0.601381 -0.051977 -0.422907
v -0.495856 -0.026622 -0.439856
v -0.405657 -0.027550 -0.439942
v 0.962204 -0.473620 0.042539
v 0.567356 0.454245 -0.432899
v 0.564917 0.469195 -0.433896
v 0.607807 0.465984 -0.433338
v -0.766066 -0.419977 0.408690
v -0.753860 -0.434895 0.408774
v 0.169279 0.482337 0.409308
v 0.228093 0.482234 0.409380
v 0.224816 0.401368 -0.435210
v 0.347142 0.404357 -0.434783
v -0.263595 -0.448861 0.013296
v 0.978835 0.415207 0.095581
v -0.806582 -0.451303 -0.405861
v 0.978241 -0.149985 0.423026
v -0.799292 0.483657 0.415169
v -0.981032 0.443861 -0.316417
v -0.999299 0.429603 -0.015145
v -0.998806 0.427735 -0.068978
v -0.998782 0.412838 -0.031865
v -0.971758 -0.445170 0.420457
v 0.127697 -0.484101 0.408906
v 0.154547 -0.478451 0.403358
v 0.223922 -0.482446 0.407968
v -0.996465 0.292199 -0.418103
v -0.988577 0.268519 -0.427630
v -0.993088 0.216565 -0.424073
v 0.955430 -0.454834 0.383492
v 0.626391 -0.254136 -0.409568
v 0.647810 -0.290057 -0.406260
v 0.985272 -0.475081 -0.414857
v -0.998060 0.410871 0.209962
v 0.531441 -0.442665 -0.040723
v 0.530140 -0.451869 0.398138
v 0.188832 -0.475362 0.401198
v -0.140723 0.466686 0.421144
v -0.105389 0.465622 0.421895
v -0.091468 -0.449507 0.403165
v -0.082067 -0.449502 0.403239
v 0.853178 -0.473568 -0.380591
v 0.957253 -0.473566 -0.320328
v 0.202950 -0.169385 -0.414269
v 0.292841 -0.166687 -0.413549
v -0.292729 -0.226134 0.409524
v 0.753427 0.405037 -0.432949
v 0.980238 -0.474173 0.080378
v -0.991788 -0.481252 -0.331768
v -0.578450 0.476095 -0.413046
v -0.979348 -0.477660 0.036245
v 0.920483 0.038589 -0.412659
v 0.922112 0.112406 -0.413139
v -0.192135 -0.470738 -0.431240
v -0.091789 -0.472132 -0.431905
v -0.198402 -0.070345 0.409497
v -0.194553 -0.054800 0.409516
v -0.176842 -0.060767 0.409430
v 0.205984 -0.107987 -0.416046
v -0.943998 0.378182 0.422875
v -0.930224 0.370537 0.418003
v 0.899139 -0.135138 -0.409375
v 0.897707 -0.081689 -0.410654
v -0.981835 -0.042628 -0.429364
v -0.978453 -0.063255 -0.429820
v -0.981129 -0.096996 -0.429023
v -0.041525 -0.449638 0.403527
v -0.136947 0.358688 -0.420801
v -0.037461 0.386536 -0.421497
v 0.953325 -0.451166 0.279992
v 0.964078 -0.451884 0.326110
v -0.398693 -0.256810 0.409521
v 0.948664 0.467580 0.426639
v 0.956013 0.466366 0.424358
v 0.935825 0.484034 0.418997
v -0.178200 0.016752 0.409741
v -0.148166 -0.007728 0.409546
v -0.171495 -0.039217 0.409404
v -0.295512 -0.446711 0.391787
v -0.285292 -0.437581 0.401659
v -0.732019 -0.472691 0.393063
v 0.835323 0.466440 -0.433022
v 0.777002 0.456092 -0.431730
v 0.842246 0.455541 -0.431193
v 0.295147 0.482066 0.410251
v 0.297054 0.485767 0.413043
v -0.998761 0.476021 -0.217007
v -0.997990 0.438530 -0.260997
v 0.874392 -0.473619 0.398934
v 0.889286 -0.472636 0.395004
v -0.292825 -0.241554 0.409510
v -0.539436 0.467224 0.421025
v -0.029005 -0.483008 -0.422295
v -0.978562 0.480877 -0.193418
v -0.043711 -0.046954 -0.423358
v -0.023101 -0.105896 -0.420825
v -0.139914 -0.448988 0.396283
v -0.136813 -0.444908 0.400478
v -0.130501 -0.447378 0.401894
v 0.961645 0.440904 -0.407827
v 0.810746 -0.450719 0.403680
v 0.977467 -0.083164 -0.369781
v -0.482726 -0.450830 -0.047739
v 0.523623 -0.449078 0.035328
v 0.559351 -0.449100 0.027282
v 0.376413 0.482349 -0.413629
v 0.404737 0.482291 -0.413859
v -0.769762 -0.449411 -0.230731
v 0.206030 0.450241 -0.434708
v -0.980439 -0.473600 -0.079689
v -0.712192 0.020042 -0.413153
v 0.137755 0.469705 0.422620
v 0.182351 0.469250 0.422583
v -0.007753 -0.207391 0.409945
v 0.992776 0.433319 -0.219537
v -0.978418 0.448555 -0.407420
v 0.654260 -0.381246 -0.436204
v 0.705942 -0.288308 -0.436765
v 0.706604 -0.391741 -0.435416
v -0.629964 -0.448736 0.391634
v 0.363214 0.457198 0.410013
v 0.998008 0.413444 -0.410764
v 0.998245 0.343930 -0.410764
v 0.212363 -0.442169 -0.288462
v -0.978027 -0.367837 -0.426007
v -0.978753 -0.412669 -0.423365
v 0.963997 0.297846 -0.423788
v 0.962671 0.235828 -0.422393
v 0.931852 -0.283931 0.418848
v 0.932910 -0.408771 0.418554
v -0.233365 0.482340 -0.415755
v -0.904380 0.373220 -0.433101
v -0.899652 0.453274 -0.433228
v -0.873606 0.354230 -0.434846
v 0.915912 -0.473010 0.418688
v 0.944181 -0.482636 0.409371
v 0.980806 0.141376 -0.402913
v -0.487598 -0.477891 -0.412537
v 0.839743 -0.441875 -0.358634
v -0.185038 -0.473415 0.355349
v -0.407863 0.459901 -0.433920
v -0.974870 -0.345810 -0.415661
v -0.147941 0.146835 -0.417541
v -0.976936 -0.033737 -0.417588
v -0.978547 0.000690 -0.416727
v -0.292848 0.428693 0.409800
v -0.957258 -0.367764 -0.427960
v -0.956960 -0.441210 -0.427861
v -0.560575 0.469807 -0.415663
v -0.912640 0.096542 -0.432874
v -0.904743 0.052541 -0.434743
v 0.206735 -0.441925 -0.392799
v 0.983678 -0.482015 -0.355868
v 0.979846 -0.473633 -0.326966
v -0.936219 0.166117 -0.427973
v 0.666902 -0.444330 -0.408922
v 0.638989 -0.439496 -0.397851
v 0.678056 -0.439929 -0.394318
v -0.494848 -0.473366 0.349865
v -0.421749 -0.472955 0.376297
v -0.871541 -0.446081 0.288137
v -0.706117 0.485731 -0.419244
v -0.775414 0.485835 -0.424727
v 0.808695 -0.482134 -0.420646
v 0.831477 -0.484316 -0.415687
v -0.147386 -0.452120 -0.398101
v 0.279621 -0.452088 0.390190
v 0.279665 -0.450340 0.397674
v -0.872487 -0.094295 -0.417706
v -0.363912 -0.449162 0.381384
v -0.522660 -0.449030 0.402459
v -0.513788 -0.442699 0.402325
v -0.052702 -0.451123 -0.396067
v -0.024625 -0.449963 -0.380608
v -0.027654 -0.450493 -0.396354
v -0.986933 0.448320 -0.156324
v -0.494945 -0.466423 -0.434497
v -0.502689 -0.471532 -0.431022
v 0.609012 0.472455 -0.432156
v -0.230832 -0.450361 -0.327456
v 0.976226 -0.431870 -0.019617
v -0.981000 0.222467 0.390084
v 0.125235 -0.473710 -0.324266
v 0.028872 -0.391300 -0.412725
v -0.598619 0.031784 0.409843
v 0.995385 -0.391887 -0.418026
v 0.993718 -0.451949 -0.420235
v -0.966690 -0.450800 0.359137
v 0.977978 -0.131581 0.371248
v 0.977474 -0.135210 0.334241
v 0.966385 -0.253595 0.410421
v -0.210072 -0.085904 0.409470
v -0.235775 -0.033966 0.409691
v -0.988040 -0.483657 -0.127525
v 0.065526 -0.446623 -0.412091
v -0.981291 0.359741 0.351686
v -0.998593 -0.416648 0.404221
v -0.999867 -0.442182 0.376690
v 0.031919 -0.473191 0.396126
v 0.905729 -0.452293 0.387403
v -0.944571 -0.099901 -0.426292
v -0.977710 0.034004 0.353019
v 0.868212 -0.265718 -0.431637
v 0.915597 -0.237810 -0.430492
v 0.964146 -0.357701 -0.415495
v -0.878919 -0.036423 -0.434766
v 0.660564 -0.208755 -0.411962
v -0.153788 -0.449477 0.385964
v -0.202597 -0.450107 0.385269
v 0.349243 0.480326 -0.413313
v 0.335917 0.468388 -0.419286
v 0.820230 -0.443375 -0.021005
v 0.845873 -0.446977 0.011041
v 0.913017 -0.444990 -0.030915
v -0.949513 0.441088 0.424624
v -0.933377 0.403984 0.418408
v -0.040668 0.483711 -0.417165
v -0.846365 -0.008176 -0.436714
v 0.598349 -0.443835 -0.410666
v 0.587268 -0.439568 -0.391066
v 0.621477 -0.439990 -0.393604
v 0.703733 0.333034 0.410674
v -0.994417 0.483198 -0.358009
v -0.963156 -0.405612 -0.423230
v -0.966022 -0.470379 -0.425972
v 0.289117 0.042272 -0.418940
v 0.360582 0.021358 -0.418163
v 0.321277 0.084559 -0.418881
v 0.982758 0.237906 0.424674
v 0.996021 0.384905 -0.155256
v 0.983325 -0.483164 -0.312300
v -0.220110 -0.359014 -0.417852
v -0.733117 -0.481595 0.410257
v -0.972574 0.119558 0.408782
v 0.307104 0.146470 0.417824
v -0.245938 0.277484 0.410101
v 0.169930 0.434869 0.417966
v 0.205275 0.459685 0.418442
v 0.980317 -0.458126 0.089470
v -0.929613 -0.446604 0.376632
v -0.974480 -0.473044 -0.190142
v -0.979711 -0.472775 -0.148016
v 0.867329 0.209793 0.417851
v 0.858787 0.119617 0.417801
v -0.573823 -0.358130 0.409450
v -0.538992 -0.351565 0.409558
v -0.996361 0.434369 0.010973
v -0.986663 0.434410 0.029722
v 0.980723 0.161740 0.394142
v 0.976660 -0.474396 -0.411342
v -0.938019 -0.472377 0.394717
v 0.581008 0.462417 -0.420057
v 0.586686 0.468771 -0.416215
v 0.146272 -0.443393 -0.386370
v 0.139932 -0.443312 -0.341403
v 0.179248 -0.443341 -0.360988
v -0.969403 0.311408 0.413898
v 0.990549 -0.483355 -0.035407
v 0.986453 0.485043 -0.280124
v 0.945595 0.461703 -0.416445
v 0.974777 0.296279 0.406764
v 0.977331 0.255484 0.407562
v -0.979953 0.391318 -0.330466
v -0.979121 0.363156 -0.299369
v 0.958263 0.442527 -0.217959
v 0.965056 0.448808 -0.227135
v -0.979180 0.141657 -0.416223
v -0.974308 0.140311 -0.412126
v 0.186212 0.464710 -0.420072
v 0.187754 0.475007 -0.410962
v 0.205937 0.474220 -0.411289
v 0.996079 -0.034890 0.387798
v 0.996107 -0.144447 0.390779
v 0.519872 -0.483012 -0.409264
v 0.992737 -0.482587 -0.185850
v 0.968220 0.468868 -0.265252
v 0.976182 0.478027 -0.286264
v 0.972404 0.291527 -0.410082
v 0.970151 0.225486 -0.410288
v -0.894113 -0.344613 0.409027
v 0.974496 -0.474797 0.306253
v 0.604312 -0.444336 -0.010701
v 0.551305 0.088906 -0.419179
v 0.518786 0.016541 -0.418249
v 0.574047 0.010576 -0.418425
v -0.029304 0.027160 -0.414900
v 0.984591 0.456696 0.160579
v 0.989914 0.466557 0.177434
v 0.995216 0.451474 0.173559
v -0.524148 -0.473678 -0.397596
v -0.236882 0.484145 0.414467
v -0.169482 0.483703 0.414281
v -0.879104 0.452366 0.409579
v -0.827008 0.453722 0.409614
v 0.960507 0.112885 -0.428392
v 0.961048 0.062245 -0.428911
v 0.951474 0.314403 0.409776
v 0.950636 0.339214 0.410779
v -0.152601 -0.448919 0.394713
v -0.026114 -0.449071 -0.309732
v -0.219059 -0.473899 -0.406011
v 0.997036 0.060314 -0.288380
v -0.964035 -0.244066 -0.423242
v 0.003591 -0.476139 -0.404343
v 0.048472 -0.483184 -0.409465
v 0.045762 -0.475977 -0.403069
v -0.172762 0.468278 -0.416239
v 0.434967 0.483142 -0.413719
v 0.979910 0.094791 0.401862
v -0.980023 0.172063 0.425459
v -0.973672 0.165695 0.417616
v -0.978721 -0.155954 -0.075858
v -0.979123 -0.038330 -0.015316
v -0.952720 0.428369 -0.429798
v -0.952828 0.341432 -0.429497
v -0.974129 0.024982 -0.411223
v -0.040525 -0.486154 -0.416247
v -0.978592 -0.438566 -0.414550
v 0.813309 -0.443091 -0.409806
v 0.834743 -0.443772 -0.410617
v 0.997080 -0.206806 -0.362062
v 0.963767 -0.064031 0.423765
v -0.985805 -0.047512 0.435598
v -0.981749 -0.044678 0.433922
v 0.397192 -0.448979 0.167061
v -0.999877 -0.317001 0.379388
v 0.996526 -0.038874 -0.364517
v 0.997720 -0.157295 -0.396107
v 0.021054 -0.436966 0.401615
v -0.749288 -0.191607 -0.419860
v -0.748223 -0.095752 -0.421089
v 0.947279 0.318004 -0.426889
v 0.948639 0.364029 -0.426784
v 0.510045 0.062987 -0.419166
v -0.413278 0.076865 -0.439447
v -0.972646 -0.138739 0.411777
v 0.052202 -0.443909 -0.393735
v 0.095758 -0.443126 -0.397901
v 0.990212 -0.483361 -0.214966
v -0.948195 -0.026501 -0.426647
v -0.269596 -0.472808 -0.431109
v 0.185280 0.468424 -0.435499
v 0.081799 -0.443855 -0.356643
v 0.750155 -0.405736 -0.403771
v -0.992169 -0.480276 0.043822
v -0.880722 -0.481791 -0.414945
v 0.991868 -0.483725 0.397970
v 0.997768 -0.473157 0.397123
v 0.015498 -0.464343 -0.433437
v 0.961653 0.334926 -0.408471
v -0.973248 -0.472742 0.019011
v -0.979794 -0.473297 -0.025022
v -0.977914 -0.256390 0.312764
v -0.716792 0.457747 0.417561
v -0.710693 0.395391 0.417939
v -0.597311 -0.343684 0.409539
v 0.832748 -0.450949 0.335339
v -0.711820 0.189584 -0.417711
v -0.710756 0.260296 -0.419149
v -0.968944 -0.450123 -0.358774
v -0.964381 -0.447809 -0.343639
v -0.975316 0.484471 0.424599
v 0.655323 -0.450114 0.402667
v 0.659146 -0.452226 0.398067
v 0.671052 -0.450039 0.402728
v 0.773297 -0.282920 -0.408635
v 0.922860 -0.147228 -0.408578
v 0.726551 -0.279080 -0.404959
v 0.767650 -0.232063 -0.408689
v -0.034293 -0.440821 0.402789
v 0.860936 -0.277096 0.417958
v 0.554619 -0.441439 -0.230466
v -0.436352 0.475394 -0.411102
v 0.711212 -0.440564 -0.304529
v 0.766673 -0.452740 0.397037
v -0.369205 -0.447181 0.363469
v -0.287158 -0.447668 0.374470
v -0.292590 -0.446459 0.321977
v 0.979041 -0.473703 -0.086506
v 0.978326 -0.475756 -0.070621
v 0.077259 -0.449501 0.395537
v 0.068298 -0.444299 0.399723
v 0.076149 -0.443899 0.399512
v 0.959132 0.098081 0.408586
v 0.961713 0.136657 0.410725
v 0.922880 -0.108342 -0.410402
v 0.980947 0.190287 -0.366788
v 0.371426 0.478157 0.408862
v 0.928552 -0.037516 0.418475
v -0.725472 0.472156 -0.434146
v 0.988094 0.483575 0.248256
v 0.981509 0.487051 0.254412
v 0.791607 0.473342 0.422014
v 0.778804 0.484200 0.414407
v 0.152697 -0.316613 -0.437660
v 0.272157 -0.215719 -0.438801
v 0.318391 -0.331150 -0.437693
v -0.993517 -0.481126 0.306120
v -0.968661 -0.410673 -0.416144
v -0.972924 -0.449465 -0.415440
v 0.928393 -0.483603 -0.417057
v 0.938472 -0.480973 -0.421508
v -0.986794 0.431942 0.078333
v 0.426028 -0.429019 -0.403575
v -0.489016 0.313130 -0.420908
v -0.123482 0.118497 -0.439027
v -0.159974 -0.459806 -0.435428
v -0.085946 -0.430943 -0.436848
v 0.005899 0.001343 -0.419680
v -0.030439 -0.022454 -0.421726
v 0.851623 -0.443161 0.409739
v 0.650072 0.408756 -0.433595
v 0.692341 -0.474940 0.418576
v 0.631725 -0.474039 0.419077
v 0.726646 0.118122 -0.437140
v 0.753006 0.036073 -0.436912
v 0.711664 0.028174 -0.437607
v -0.334084 -0.473658 0.150222
v -0.263809 -0.473686 0.053087
v -0.163843 -0.473603 0.193195
v -0.837486 0.476247 -0.413167
v -0.825753 0.483708 -0.415762
v -0.507338 0.451028 0.417668
v -0.982911 0.166185 -0.424680
v 0.988513 0.233919 -0.419679
v 0.989278 0.188318 -0.419950
v 0.986795 0.192011 -0.423923
v -0.980338 0.262328 0.350039
v -0.274593 -0.017860 -0.421243
v 0.775389 -0.427993 0.409256
v 0.897923 -0.428129 0.409590
v 0.803809 -0.440320 0.409630
v -0.932542 -0.449889 -0.399060
v -0.959729 -0.450019 -0.381791
v -0.933654 -0.447241 -0.359035
v 0.972289 -0.454823 0.366557
v 0.979165 -0.462969 0.353871
v -0.965867 0.155782 0.420832
v -0.970971 0.099238 0.417525
v -0.966419 0.081422 0.421746
v -0.961041 -0.288703 0.406254
v -0.951472 -0.271681 0.407150
v -0.938370 -0.322228 0.406525
v -0.961155 -0.328135 0.404435
v -0.352809 0.474089 -0.433115
v -0.314249 0.470548 -0.432967
v 0.922968 -0.464339 -0.429722
v -0.961019 -0.251924 -0.405709
v -0.961232 -0.191331 -0.405846
v -0.980963 0.253213 0.427510
v -0.029346 0.102822 -0.417593
v 0.921691 -0.014800 -0.410166
v 0.616630 -0.154866 -0.412884
v 0.834399 0.484871 0.414505
v 0.226848 0.172961 -0.420847
v 0.171927 0.049009 -0.419590
v 0.245033 0.101057 -0.420033
v 0.260379 0.415100 0.417960
v -0.982428 -0.483138 -0.153052
v -0.420886 -0.472945 0.396005
v -0.372439 -0.473347 0.351865
v -0.970524 0.171833 0.416386
v -0.979681 0.434006 -0.030051
v 0.033596 0.486630 -0.418005
v -0.997177 0.429605 0.083484
v -0.999734 0.421300 0.051919
v -0.994742 0.429963 0.113741
v 0.894208 -0.109365 -0.430346
v 0.734132 -0.449421 0.026257
v -0.708360 -0.473582 0.024927
v -0.864863 0.469611 -0.415772
v -0.891902 0.462466 -0.420842
v -0.864483 0.461635 -0.420751
v 0.977636 0.142673 0.407777
v 0.976750 0.141493 0.414024
v -0.365050 -0.466329 0.418991
v -0.438434 -0.475076 0.420423
v 0.352392 -0.465883 -0.432421
v 0.423638 -0.465394 -0.432746
v 0.989344 0.060402 0.426827
v 0.987746 -0.021354 0.429618
v 0.991343 -0.064707 0.424789
v -0.448665 0.467430 -0.414831
v -0.382921 0.467448 -0.415280
v -0.839422 0.480823 -0.429744
v -0.772852 0.480871 -0.429484
v -0.776325 0.472101 -0.434238
v -0.835239 0.473414 -0.433892
v 0.275857 0.458748 0.417887
v 0.778199 0.229648 -0.434614
v 0.752576 0.221216 -0.436360
v -0.932786 -0.473462 -0.404146
v -0.897750 -0.477156 -0.412866
v -0.892809 -0.473500 -0.405777
v 0.975354 -0.415564 -0.125385
v 0.974590 -0.397377 -0.199936
v -0.972913 -0.093082 0.411803
v -0.933617 -0.118838 0.406233
v -0.936781 -0.168875 0.405826
v -0.539104 0.466363 0.406955
v 0.973490 -0.453961 0.214750
v 0.816527 -0.483177 -0.410503
v -0.998830 0.139209 0.301413
v -0.000887 0.485744 -0.424740
v 0.642345 0.095311 -0.418782
v -0.533649 -0.447145 0.401275
v 0.226103 0.273218 -0.421632
v -0.963169 0.170591 -0.426694
v -0.719311 -0.404808 -0.436406
v -0.707991 -0.362801 -0.436673
v 0.982451 0.399636 -0.298149
v 0.981238 0.367746 -0.275368
v 0.997666 -0.313554 -0.397068
v -0.122676 -0.044599 -0.423089
v -0.108570 -0.029424 -0.422461
v 0.960214 -0.041396 0.426382
v -0.244060 0.465770 0.422223
v 0.388810 0.486735 0.414205
v 0.972229 -0.473500 -0.028904
v -0.834378 0.458098 -0.432792
v -0.827611 0.437004 -0.433967
v 0.982805 -0.457850 0.351780
v 0.983278 -0.453608 0.381623
v 0.963875 -0.473721 0.098694
v 0.979579 -0.474181 0.099252
v -0.108102 0.484102 -0.417281
v 0.745258 -0.440723 -0.249530
v 0.786104 -0.440449 -0.223471
v 0.973434 -0.441808 -0.211856
v -0.711412 -0.458069 -0.434929
v -0.914951 0.375357 -0.431188
v -0.128113 -0.450114 -0.293567
v -0.153600 -0.450353 -0.244975
v 0.084514 0.025029 0.409908
v -0.052798 0.465208 0.406602
v 0.981309 -0.445581 0.070056
v 0.979348 -0.436143 0.118035
v -0.986571 -0.388380 0.434592
v -0.981932 -0.302947 0.433944
v -0.731192 -0.453501 -0.406070
v 0.539276 -0.444581 -0.001304
v -0.980996 0.433341 -0.001933
v -0.309431 -0.056591 -0.423023
v 0.705521 -0.050356 -0.437417
v -0.794684 0.458595 -0.420547
v -0.968641 -0.473826 0.392392
v -0.970944 -0.473195 0.363274
v -0.986153 -0.484221 0.045467
v -0.982418 -0.483176 -0.018422
v -0.982647 -0.483046 0.071693
v -0.679666 0.474250 -0.433479
v -0.630046 0.473982 -0.433688
v 0.980923 0.465531 -0.364497
v 0.981360 0.466787 -0.338524
v -0.271286 -0.253563 0.409503
v -0.273140 -0.237810 0.409505
v 0.927803 0.327430 0.409439
v -0.305054 -0.448704 0.386805
v -0.305680 -0.448673 0.395829
v -0.446440 -0.443816 0.404793
v -0.441349 -0.448631 0.402449
v 0.883466 -0.440449 -0.402546
v -0.970177 -0.132593 -0.417277
v -0.976350 0.436616 -0.284918
v -0.368845 0.046870 -0.409368
v -0.307880 0.081546 -0.411718
v -0.331029 0.111812 -0.413104
v 0.662269 0.475234 -0.412187
v 0.320761 0.487793 0.413308
v 0.972725 -0.309159 0.413167
v 0.979930 -0.353113 0.420965
v 0.982854 -0.481505 0.092141
v -0.998750 0.410147 0.411029
v 0.819361 0.108263 -0.432525
v -0.987591 -0.482968 0.240110
v -0.885987 -0.019926 0.409452
v 0.964273 -0.098128 -0.409365
v 0.980219 0.438787 -0.419696
v 0.981838 0.485981 -0.429366
v 0.983133 0.445679 -0.430189
v 0.394031 0.339486 -0.420904
v 0.433981 0.450755 -0.422046
v 0.553434 -0.450409 0.080333
v 0.548244 -0.450069 0.043148
v 0.945160 0.178819 -0.427212
v -0.981582 0.410100 -0.091398
v -0.975553 -0.092716 -0.428689
v 0.979964 -0.473292 -0.384578
v 0.981778 -0.483222 -0.392871
v 0.267387 -0.476744 -0.403345
v 0.327011 -0.477583 -0.403283
v -0.029201 0.040071 -0.414214
v -0.007729 0.033902 -0.417484
v 0.994717 0.454813 -0.293251
v 0.995474 0.416847 -0.298017
v -0.983942 0.486830 -0.312271
v -0.982545 0.342995 -0.429473
v -0.976858 0.297952 -0.429563
v -0.930179 -0.446466 0.345324
v -0.920909 -0.445637 0.291550
v -0.977789 0.307070 -0.261614
v -0.489650 -0.450378 -0.216023
v -0.319293 -0.450123 -0.254085
v -0.442405 -0.449754 -0.302086
v -0.047309 0.481643 0.409969
v -0.621211 -0.172461 -0.439153
v 0.981948 0.399315 0.381220
v 0.981679 0.322827 0.384216
v -0.978644 -0.478392 -0.349262
v 0.057197 -0.430430 -0.410443
v -0.995280 -0.195228 0.428975
v -0.197637 0.477327 -0.431536
v 0.979176 0.133627 0.184997
v 0.102069 -0.474973 0.419628
v -0.997512 0.481988 0.298047
v -0.999212 0.475441 0.280657
v 0.982543 0.167486 0.424969
v 0.992544 0.460863 -0.218882
v 0.996125 -0.033679 -0.406817
v 0.993277 -0.086690 -0.409161
v -0.994282 -0.480224 0.383640
v -0.984826 -0.486747 0.403087
v 0.434216 -0.213206 -0.410309
v -0.278588 -0.473134 0.421047
v -0.564870 -0.000885 -0.418687
v 0.979611 -0.473932 -0.302666
v 0.290171 -0.473121 0.395461
v 0.343510 -0.473107 0.392127
v -0.972036 -0.131409 0.419604
v 0.386150 0.165934 -0.437897
v -0.615181 -0.474859 -0.405929
v -0.964632 0.457668 -0.414063
v -0.924595 0.434829 -0.413189
v -0.942202 0.380183 -0.410816
v 0.108210 0.485932 -0.417532
v 0.122814 0.483810 -0.426929
v 0.788332 0.457006 0.418558
v -0.647094 -0.233546 -0.419676
v 0.987996 0.417479 -0.423000
v -0.936324 0.456458 -0.425926
v 0.396895 0.175435 0.410394
v -0.978372 -0.247712 -0.126704
v -0.972667 0.049408 -0.410731
v 0.980369 -0.115955 0.393391
v -0.848039 0.342459 -0.418298
v -0.963499 -0.442365 0.274538
v -0.861585 0.196125 -0.417163
v -0.837734 0.183351 -0.417253
v 0.976896 0.020281 0.406432
v 0.972399 -0.049209 0.412753
v 0.972921 0.385146 0.402048
v 0.970624 -0.429586 -0.405171
v 0.976492 -0.415981 -0.316225
v 0.853809 -0.316347 -0.407725
v -0.971871 0.094135 -0.411869
v -0.449441 -0.447468 0.051705
v 0.981165 -0.459407 0.235809
v 0.980183 -0.464471 0.268139
v -0.838777 0.423550 -0.419939
v -0.782522 0.305120 -0.418081
v -0.924826 -0.113682 -0.426777
v -0.785189 -0.449019 -0.359164
v -0.932234 0.081495 0.406518
v 0.050684 -0.475552 0.420265
v 0.026337 -0.464032 0.418280
v -0.983017 0.482576 0.353156
v -0.981427 0.476340 0.360167
v 0.089358 -0.462354 0.417930
v -0.109199 0.474185 0.421336
v -0.102368 0.480291 0.419273
v -0.111781 0.421018 -0.435606
v -0.020076 0.411863 -0.436128
v -0.043840 0.323436 -0.436797
v -0.492394 0.482554 0.409720
v -0.530593 0.484899 0.414201
v -0.999183 0.427979 0.021602
v -0.138209 -0.447689 0.029313
v 0.986449 0.483616 0.191777
v -0.975472 0.396000 -0.199736
v 0.977325 0.476079 -0.318706
v 0.981985 0.465321 -0.316429
v 0.464425 0.478396 0.409333
v 0.524487 0.472284 0.408555
v -0.450005 -0.310150 0.409499
v -0.456021 -0.304852 0.409564
v -0.440524 -0.289236 0.409586
v 0.135449 0.482430 0.409377
v 0.110959 0.486185 0.411900
v 0.712304 -0.430774 0.409199
v 0.692115 -0.391553 0.409686
v 0.727799 -0.415185 0.409362
v -0.980892 0.278660 0.393910
v -0.923324 0.362318 0.417629
v 0.975547 0.062322 -0.405982
v 0.980359 0.053476 -0.402501
v -0.959242 -0.265654 0.430493
v 0.960300 -0.130246 0.426122
v 0.083908 -0.431039 0.408898
v 0.091501 -0.415626 0.409099
v 0.107063 -0.415567 0.409048
v 0.994467 0.378566 0.420155
v 0.965267 -0.070984 0.411562
v 0.965495 -0.067930 0.417686
v 0.533837 -0.252797 -0.409244
v 0.601405 -0.277335 -0.408714
v -0.719583 0.037183 -0.410801
v -0.130930 0.182501 -0.418731
v 0.979879 0.222601 -0.013742
v 0.977776 0.034935 0.034755
v -0.960791 -0.449415 0.093219
v -0.190875 -0.447401 0.402335
v -0.190748 -0.448992 0.402425
v -0.375706 0.482226 0.409383
v -0.371667 0.484717 0.413769
v -0.326370 0.481980 0.409313
v 0.965978 -0.473584 -0.049692
v 0.980133 -0.474152 -0.045687
v -0.018509 0.475614 0.407177
v -0.451720 0.018238 -0.412918
v -0.382104 0.011726 -0.414314
v 0.466769 -0.450135 0.402959
v -0.996685 -0.179219 -0.406142
v 0.281332 -0.228013 -0.412952
v 0.979265 0.386067 0.413221
v 0.977918 -0.308854 -0.381379
v 0.977972 -0.411525 -0.380040
v 0.030515 -0.444245 -0.156747
v 0.247172 -0.442083 0.399403
v 0.271750 -0.451808 0.390197
v 0.605776 -0.441299 -0.367119
v 0.138568 -0.442845 -0.399761
v -0.943573 -0.277483 -0.409761
v -0.943809 -0.317269 -0.410323
v -0.978985 -0.079272 -0.336296
v 0.980230 0.298763 0.192764
v -0.975639 0.025163 -0.266071
v -0.589465 0.462993 -0.419656
v -0.972065 0.305149 0.409523
v -0.973413 0.311282 0.410367
v 0.982834 -0.453805 0.398783
v -0.877216 -0.017535 -0.417636
v 0.987922 -0.485465 -0.241341
v -0.818772 0.037050 -0.413300
v -0.978089 0.086277 0.424384
v -0.974335 0.089734 0.418549
v -0.784674 0.291705 -0.436226
v -0.764651 0.439175 -0.433723
v 0.945234 -0.418301 0.409258
v 0.701502 0.020017 -0.418835
v 0.009359 0.453161 -0.422892
v 0.085946 0.446522 -0.421878
v 0.976840 -0.398984 0.417852
v 0.980557 -0.246912 0.400981
v 0.974175 -0.232758 0.412641
v 0.489180 0.457509 0.410182
v -0.009682 -0.450240 -0.411944
v -0.978639 -0.442894 -0.157139
v 0.958549 0.230190 -0.428705
v 0.957150 0.114863 -0.429020
v -0.027436 -0.453069 0.417956
v 0.860013 -0.483108 0.412220
v 0.892100 -0.481274 0.410887
v 0.995985 0.289555 0.394034
v 0.047045 -0.446624 0.205894
v 0.075098 -0.445083 0.095962
v -0.982590 0.459761 0.257582
v -0.983103 0.456073 0.316390
v 0.737711 -0.442392 -0.363205
v 0.771777 -0.441119 -0.305420
v 0.773972 -0.441895 -0.343792
v 0.965517 -0.473561 0.289774
v 0.979519 -0.476207 0.271076
v -0.949697 0.475252 0.423353
v -0.965515 0.453105 0.415944
v -0.957617 0.460003 0.421269
v 0.490683 -0.442307 -0.398120
v 0.515026 -0.439371 -0.394186
v -0.969263 -0.450002 0.142449
v -0.900655 0.421328 0.417914
v -0.944618 -0.050658 -0.409964
v -0.933261 -0.067465 -0.410143
v -0.937173 -0.011892 -0.409502
v 0.959465 -0.379529 0.426141
v 0.962920 -0.298394 0.423052
v -0.370555 0.475336 0.406498
v 0.987040 -0.382027 0.431328
v 0.988978 -0.373801 0.431324
v 0.997954 -0.467594 -0.363688
v 0.989216 -0.485798 -0.377347
v 0.977702 -0.079102 0.399086
v 0.981667 0.466298 -0.392098
v -0.719434 -0.024423 -0.421748
v -0.771081 0.005054 -0.417720
v 0.994481 -0.187001 0.419134
v 0.889752 0.297809 0.410674
v 0.001969 0.470221 0.407499
v 0.802191 0.457001 -0.420354
v -0.389084 -0.455890 0.417906
v -0.706459 -0.437819 0.400751
v -0.698550 -0.437601 0.400644
v 0.977328 0.083497 0.406036
v 0.980030 0.026242 0.402242
v 0.593380 -0.459843 0.417908
v 0.891425 -0.482367 -0.421031
v 0.131580 0.485040 -0.416374
v 0.713988 -0.440916 -0.409259
v 0.745432 -0.447316 -0.412229
v 0.720441 -0.435127 -0.405782
v 0.129538 -0.457712 -0.435553
v 0.139890 -0.448310 -0.436235
v 0.962032 0.167319 0.417063
v 0.980675 -0.456880 0.016418
v 0.346068 -0.438141 -0.407583
v 0.996436 -0.415307 0.313228
v -0.961623 0.028811 0.406545
v -0.812211 -0.449304 0.403983
v -0.768000 -0.449810 0.403117
v -0.980864 0.482561 0.393990
v -0.535585 -0.164685 -0.439188
v 0.961715 0.470884 0.411650
v -0.982815 -0.161275 0.434143
v -0.004344 -0.450639 0.391203
v 0.944349 -0.366894 0.423361
v 0.945009 -0.418671 0.423560
v 0.997797 -0.473735 0.376662
v -0.307981 0.000036 -0.418515
v -0.925858 0.258281 -0.426340
v -0.610827 -0.451200 -0.396122
v 0.994970 0.396208 0.070145
v -0.058283 -0.473665 0.045830
v 0.976546 0.038357 -0.405734
v -0.960933 -0.217676 0.405457
v -0.980961 0.423257 0.242871
v -0.101696 0.122096 -0.417919
v -0.951825 0.017169 0.426466
v 0.960566 -0.098704 0.408917
v -0.977653 0.147410 0.281945
v -0.350341 -0.444063 -0.416984
v -0.298651 -0.443036 -0.417035
v 0.977191 0.474108 -0.390655
v 0.970833 0.472081 -0.406752
v 0.494206 -0.440631 -0.382850
v 0.986067 -0.487182 0.191792
v 0.628977 -0.447504 -0.435021
v 0.771677 -0.020194 -0.414811
v 0.719567 -0.010290 -0.417723
v -0.961423 0.002788 0.427460
v -0.368810 0.029080 -0.409810
v 0.982024 -0.413520 0.396752
v 0.506074 -0.473551 -0.376900
v 0.973285 0.023126 -0.414073
v 0.980196 0.036336 -0.420942
v 0.915315 0.382306 -0.431029
v 0.980804 0.386567 -0.103158
v 0.444554 0.243872 0.417865
v -0.991953 -0.455737 -0.426134
v 0.980057 0.149129 -0.420431
v 0.981769 0.109712 -0.426055
v 0.253069 -0.482964 -0.409497
v 0.698494 0.399075 0.417945
v 0.820162 0.288202 0.417882
v -0.987812 -0.482608 -0.209876
v -0.986628 -0.484281 -0.254245
v 0.978060 0.478237 0.260148
v 0.980882 0.470589 0.274833
v 0.921804 0.354138 0.417760
v 0.920523 0.454990 0.417854
v 0.825843 -0.387788 -0.431666
v -0.054919 -0.300506 0.409467
v -0.062524 -0.271495 0.409580
v -0.017591 -0.270049 0.409898
v 0.946027 0.176677 -0.412163
v -0.237997 0.475544 -0.432429
v 0.143810 0.474077 -0.411072
v -0.979562 -0.417931 -0.387707
v -0.978797 -0.425912 -0.357211
v -0.967011 0.365870 -0.416282
v -0.926086 0.471496 0.406676
v -0.882382 0.471741 0.406918
v 0.924361 0.206793 -0.413718
v -0.978784 -0.435864 -0.107196
v 0.968086 -0.460762 0.395548
v 0.980823 -0.465096 0.404008
v -0.804087 -0.450746 -0.412034
v -0.481652 -0.417457 -0.418387
v -0.540212 -0.449473 0.381517
v 0.977087 -0.430907 -0.362470
v -0.714905 -0.047707 -0.422900
v -0.672725 -0.034031 -0.422384
v 0.997417 -0.472079 0.274836
v 0.988911 -0.484614 0.302379
v 0.986807 -0.485428 0.284814
v 0.406186 -0.374747 -0.405902
v -0.985210 -0.337006 -0.429059
v -0.979933 -0.478848 0.259625
v -0.973098 -0.473499 0.298784
v -0.998268 -0.471881 0.082591
v -0.993467 -0.478568 0.126637
v -0.976036 0.203719 -0.410782
v -0.680875 -0.482620 0.413168
v 0.976359 -0.360439 -0.272513
v 0.976583 -0.333319 -0.287934
v -0.972380 0.078278 -0.410596
v 0.973816 0.190078 -0.415027
v 0.980081 0.205548 -0.419386
v -0.964948 -0.446348 -0.307327
v -0.978775 0.011133 0.387496
v -0.537593 -0.473944 -0.063336
v -0.756363 -0.452314 -0.413078
v 0.966551 0.467726 -0.409719
v -0.732025 0.043888 0.409839
v 0.981146 -0.281487 0.398428
v -0.102733 0.046266 -0.410651
v 0.951191 -0.187354 0.425593
v -0.914987 -0.451899 -0.410142
v 0.412305 -0.450087 0.402780
v 0.420338 -0.450254 0.402980
v 0.605975 -0.473715 -0.335501
v -0.989563 0.195960 -0.427176
v 0.243847 -0.467712 -0.431504
v 0.265403 -0.477726 -0.425685
v 0.179622 -0.446735 0.400997
v 0.192336 -0.446296 0.400935
v 0.205072 -0.449690 0.395898
v -0.492629 -0.460004 -0.435578
v 0.418734 -0.472753 0.396029
v 0.483167 -0.474456 0.400627
v 0.729417 0.373384 -0.420396
v 0.996115 0.164137 0.321457
v 0.996499 0.058189 0.212499
v -0.534232 0.481487 0.418882
v -0.622386 0.474768 0.420519
v -0.056583 0.475479 0.406894
v 0.437789 -0.483714 0.412172
v -0.976582 -0.344610 0.391652
v -0.976832 -0.431237 0.403385
v 0.925442 0.084835 0.418079
v 0.934556 0.032952 0.418819
v -0.992785 -0.464489 0.433079
v -0.991808 -0.484671 0.429682
v -0.725170 0.470618 0.421471
v 0.989543 -0.050228 -0.415401
v 0.987744 -0.104452 -0.418459
v 0.555202 -0.478777 0.404753
v 0.917228 0.280399 -0.417655
v 0.592520 -0.451906 0.398253
v 0.976745 -0.346861 -0.367503
v 0.976201 -0.339371 -0.336726
v 0.336916 -0.441464 -0.357497
v -0.852576 -0.473835 0.398916
v 0.987395 -0.485226 -0.333501
v 0.988760 -0.483799 -0.361554
v 0.992669 -0.480906 -0.345204
v -0.586585 -0.482811 0.410897
v -0.852395 -0.425560 -0.417248
v 0.966003 0.453915 -0.279721
v -0.471942 0.475196 -0.410863
v 0.995618 0.360154 -0.118271
v 0.037382 0.426960 0.410039
v -0.991333 0.486351 0.403564
v -0.998282 0.479899 0.402272
v 0.980612 0.453367 -0.283540
v -0.579593 -0.419764 -0.418603
v 0.281338 -0.400841 -0.406128
v 0.953305 -0.473237 0.392516
v 0.966882 -0.480282 0.400882
v -0.068172 -0.317312 0.409382
v -0.048464 -0.309538 0.409451
v -0.985088 -0.486590 -0.408424
v -0.982335 -0.482996 -0.429780
v -0.263586 -0.443410 -0.436426
v -0.249420 -0.336008 -0.437286
v -0.148700 -0.440910 -0.436538
v -0.799497 -0.387804 0.409624
v -0.749616 -0.383464 0.409386
v -0.750331 -0.419827 0.408636
v -0.602047 -0.459900 -0.434886
v 0.312564 0.476264 -0.414045
v 0.316890 0.483329 -0.414249
v -0.976625 -0.419296 -0.403377
v -0.979362 -0.445160 -0.384789
v 0.998993 -0.468215 -0.058095
v 0.989986 -0.478892 -0.045816
v 0.991020 -0.481500 -0.065437
v 0.320065 -0.475353 0.399096
v -0.768600 -0.351937 0.409654
v -0.735105 -0.382402 0.409272
v -0.028043 0.451037 0.409133
v -0.993104 0.486691 0.248400
v 0.367723 -0.441110 -0.335635
v 0.977851 0.110195 0.411353
v -0.520036 0.472255 -0.434305
v -0.975718 0.352759 -0.428023
v -0.969215 0.369560 -0.412885
v -0.985043 0.238562 0.427040
v -0.985108 0.172439 0.426655
v -0.983831 0.487144 0.401826
v 0.967680 0.368204 0.410398
v 0.979576 0.312434 0.413689
v -0.770729 -0.473765 -0.405848
v 0.833362 -0.246217 -0.409119
v 0.979943 -0.478578 -0.037584
v 0.975439 -0.046404 0.420427
v 0.247375 -0.449973 0.396524
v 0.209768 -0.450469 0.388674
v 0.264115 -0.450137 0.397132
v -0.995658 -0.356901 -0.416917
v -0.997067 -0.458432 -0.384436
v 0.975296 0.333732 -0.413023
v -0.392397 0.480865 -0.429191
v -0.363191 -0.449277 0.398395
v -0.236079 -0.477609 -0.414835
v 0.207157 -0.475265 0.420178
v 0.170047 -0.457900 0.417778
v -0.941604 0.237877 0.408974
v -0.928951 0.273176 0.407598
v -0.540636 -0.061422 0.410096
v -0.262181 -0.465028 0.418878
v 0.989968 -0.241650 -0.427959
v 0.993055 -0.296515 -0.423426
v -0.517556 0.441529 -0.435603
v -0.281042 -0.210459 0.409524
v -0.262090 -0.194591 0.409476
v -0.642923 0.482276 0.409801
v 0.190905 0.149915 0.410471
v 0.188416 0.329200 0.410497
v 0.299024 0.213556 0.410553
v -0.998976 0.452535 0.230202
v -0.999732 0.440401 0.252996
v 0.678540 0.019884 0.417731
v -0.927996 -0.139343 0.407092
v -0.925900 -0.073010 0.407095
v -0.886303 -0.086054 0.409393
v -0.669652 -0.448313 0.377701
v 0.973967 -0.429013 -0.158182
v -0.999166 0.048862 0.195461
v -0.026789 -0.201830 0.417763
v -0.966688 0.228740 0.406143
v -0.961807 -0.428822 0.430487
v -0.948807 -0.436327 0.423971
v -0.974246 -0.453382 -0.394978
v -0.974283 -0.448100 -0.408564
v 0.996343 0.362882 -0.397982
v 0.995544 0.300678 -0.372511
v -0.999646 0.399207 -0.130153
v -0.999333 0.328721 -0.131040
v 0.977343 0.475675 0.319121
v 0.523954 0.007136 -0.439247
v 0.582228 0.082267 -0.438492
v 0.540869 0.431203 -0.434003
v 0.518264 0.470100 -0.433921
v -0.973686 -0.247234 0.411587
v -0.632083 -0.231093 0.409965
v 0.342096 -0.452030 0.397932
v 0.359273 -0.453086 0.392516
v -0.877354 0.457577 0.417817
v 0.560690 0.159867 -0.420090
v 0.960918 0.279087 0.405612
v 0.964571 0.272694 0.408140
v 0.962590 0.219313 0.411041
v 0.959095 0.223719 0.408655
v 0.861878 -0.251850 -0.408300
v 0.941249 -0.440828 -0.217301
v 0.972703 -0.110729 0.411676
v 0.989586 -0.483928 0.157254
v 0.996214 0.291134 0.412446
v 0.946106 -0.182689 -0.425819
v -0.124252 0.475895 -0.432687
v 0.927499 0.293532 -0.428496
v -0.860835 -0.444447 -0.415813
v -0.995157 0.481478 -0.254528
v 0.980292 0.410063 -0.420702
v 0.865016 0.483462 -0.425772
v 0.915937 0.469793 -0.431706
v 0.228991 -0.305925 0.409791
v -0.988012 -0.472245 0.434620
v -0.953385 0.359387 0.410154
v 0.722400 -0.443940 -0.025083
v -0.820796 -0.428361 0.408845
v -0.762199 -0.428526 0.408532
v -0.871883 -0.473570 -0.216750
v 0.123663 0.459927 0.418241
v 0.462376 0.170990 -0.420136
v 0.947898 0.470100 -0.429184
v 0.918865 0.485655 -0.423389
v -0.975101 0.191426 -0.411459
v 0.919359 0.407011 -0.418003
v 0.925946 0.465348 -0.418265
v 0.349666 -0.452395 0.397992
v 0.357246 -0.451981 0.397997
v 0.982614 -0.484716 -0.015152
v -0.843954 -0.431465 -0.434992
v 0.976811 -0.475834 0.364258
v 0.979675 -0.473728 0.353599
v -0.923961 -0.187279 -0.426632
v -0.976681 -0.478174 -0.414678
v -0.963223 -0.485201 -0.409154
v -0.963405 -0.473420 -0.234685
v -0.943006 -0.473570 -0.174103
v 0.837118 -0.441055 -0.294580
v 0.939314 0.481898 -0.413486
v 0.953696 0.476044 -0.414272
v 0.891151 -0.382773 0.410190
v 0.783134 -0.415409 0.409459
v -0.921570 0.113381 -0.407996
v -0.988837 0.440425 -0.002069
v -0.460390 -0.265571 0.409703
v -0.413206 -0.257639 0.409622
v -0.428868 -0.273514 0.409626
v 0.980154 -0.105753 0.389079
v 0.991274 0.459754 -0.255078
v 0.990841 0.437290 -0.247582
v 0.985758 0.351189 0.428337
v 0.520706 -0.422111 -0.436378
v 0.565209 -0.323779 -0.437236
v -0.097660 0.484083 0.414807
v -0.053635 0.460349 -0.421364
v 0.020346 0.463893 -0.420264
v -0.793844 0.212643 0.418100
v -0.687942 0.118687 0.417881
v -0.998871 0.424466 -0.088472
v 0.773564 -0.444317 -0.410348
v 0.765199 -0.440182 -0.398962
v 0.601653 -0.216150 -0.438287
v 0.603890 -0.090591 -0.438552
v 0.112427 -0.480658 -0.407897
v 0.094236 -0.476630 -0.403990
v 0.937534 0.488525 -0.416783
v 0.890982 0.488154 -0.419755
v -0.882902 0.032228 -0.414736
v -0.859374 0.053784 -0.414313
v -0.965607 -0.112883 0.429420
v -0.960701 -0.141880 0.431212
v 0.982372 0.096337 -0.431831
v 0.969728 0.398650 -0.411233
v -0.979758 0.371181 -0.147095
v -0.978519 0.346064 -0.175274
v -0.976301 -0.228458 -0.425864
v -0.978832 -0.274419 -0.430992
v -0.492842 -0.442664 0.402217
v -0.998446 0.482269 0.244363
v 0.959018 0.404508 -0.429440
v 0.955419 0.483112 -0.422061
v -0.937016 -0.475259 0.418379
v 0.957731 -0.083184 -0.426053
v 0.406509 0.045984 -0.418838
v 0.385199 0.143363 -0.419872
v 0.242770 -0.473803 -0.026065
v 0.980699 -0.477086 0.334707
v 0.975567 -0.475234 0.321353
v -0.849567 -0.473481 -0.076197
v 0.928985 -0.312976 -0.405478
v 0.914608 -0.378776 -0.406940
v -0.979670 -0.226029 0.372166
v -0.977694 -0.195399 0.388995
v -0.976892 -0.277393 0.401409
v 0.981169 0.398767 0.015908
v -0.980632 -0.300369 -0.430511
v -0.682884 0.464006 -0.419632
v -0.655890 0.456993 -0.420998
v -0.647348 -0.413092 -0.418831
v -0.781211 0.456321 0.409053
v -0.983365 -0.262078 0.433719
v 0.466149 -0.443944 0.407046
v -0.951325 -0.473360 -0.401798
v -0.851006 0.481741 0.418316
v -0.754797 -0.253996 0.409846
v -0.717512 -0.065536 0.410184
v 0.928981 -0.228033 0.418368
v -0.981650 0.475456 0.269458
v -0.291656 0.452587 0.408589
v 0.970677 -0.412836 -0.406052
v 0.997167 -0.472250 0.314550
v 0.790887 0.350918 0.410734
v 0.965702 0.363965 -0.415243
v 0.854440 -0.146763 -0.410348
v -0.538959 -0.449010 0.396997
v 0.965771 0.419411 0.410672
v 0.091329 -0.438202 0.401758
v 0.091710 -0.444617 0.399807
v 0.335667 -0.072668 -0.417776
v 0.976588 -0.097595 0.420846
v -0.542998 -0.450327 -0.295313
v -0.976435 -0.444992 0.237318
v -0.978070 -0.445049 0.170201
v 0.980439 0.388396 -0.044568
v -0.992175 0.484641 -0.234598
v -0.988560 0.485916 -0.233238
v -0.709502 0.482143 0.409835
v -0.878487 0.009883 -0.435667
v 0.748236 -0.450670 0.402995
v 0.756892 -0.443562 0.405014
v 0.757376 -0.450646 0.403029
v 0.979190 -0.474970 -0.264643
v 0.993661 0.245189 -0.415896
v -0.020046 -0.471482 -0.430725
v -0.979971 0.426216 0.123818
v -0.210189 -0.447904 0.323644
v -0.080101 -0.316556 0.409362
v -0.977194 0.221153 -0.412206
v -0.015884 -0.335984 0.409608
v -0.671603 0.468479 0.421518
v -0.998252 0.450650 0.272684
v 0.194157 -0.430491 -0.407249
v 0.960732 -0.322377 0.407322
v 0.963304 -0.447355 -0.163676
v -0.390426 0.467015 0.421755
v 0.995703 0.324885 -0.341333
v -0.269679 -0.448888 0.386953
v -0.278594 -0.443447 0.397767
v -0.271659 -0.444257 0.397836
v 0.959060 -0.438705 -0.234862
v -0.523230 -0.306243 0.409800
v -0.523192 -0.351506 0.409517
v -0.594189 0.482606 0.410208
v 0.154053 -0.406077 0.417676
v -0.971022 0.336135 -0.416651
v 0.995259 -0.481372 0.226475
v 0.983225 0.303533 0.423209
v 0.987157 0.294231 0.429478
v 0.205290 -0.450787 0.367566
v 0.115756 -0.450327 0.370720
v 0.396481 -0.453210 0.382773
v 0.932031 -0.034679 0.419044
v 0.952319 -0.015804 0.425434
v 0.576143 -0.451931 0.336852
v -0.291558 -0.023564 -0.439950
v 0.995735 0.048995 0.380480
v 0.995310 -0.046443 0.406690
v -0.967577 -0.449323 -0.142255
v -0.826675 0.310287 0.417899
v 0.823859 -0.448265 -0.431504
v 0.904379 -0.446517 -0.428837
v -0.983585 0.486639 -0.356630
v 0.968396 0.031747 -0.410173
v -0.189265 -0.464087 0.418927
v -0.536924 0.130436 -0.417642
v -0.930739 -0.448821 -0.092085
v -0.930100 -0.447912 -0.130341
v -0.960909 -0.449012 -0.112557
v -0.976771 0.143806 0.013285
v -0.975805 0.065169 0.001191
v 0.987787 -0.442415 0.429991
v -0.417678 -0.448081 0.388032
v -0.400948 -0.439435 0.402510
v 0.902021 0.482745 -0.413680
v 0.917560 0.475699 -0.414632
v 0.964289 0.119429 -0.416006
v 0.964606 0.074857 -0.416551
v -0.858180 0.484366 0.412567
v -0.914990 0.482427 0.408735
v 0.664553 -0.450184 0.044330
v -0.439055 0.255494 -0.420823
v -0.400386 0.223660 -0.419505
v -0.401412 0.273348 -0.421987
v -0.973769 0.093473 -0.410225
v -0.139850 0.475543 0.407056
v -0.924637 -0.431426 -0.409434
v -0.933470 -0.359523 -0.410638
v -0.999388 0.384300 0.225524
v -0.842819 0.001809 -0.417505
v -0.261452 -0.449437 0.402535
v -0.228472 -0.449221 0.358381
v 0.980914 -0.457986 0.040379
v -0.100329 -0.086878 0.409469
v -0.908350 -0.447172 -0.190379
v -0.845443 -0.305516 -0.417082
v -0.848504 -0.239757 -0.418139
v 0.004176 0.483824 0.410075
v 0.383831 -0.483039 -0.407944
v 0.990846 0.449232 -0.196300
v 0.996105 0.364038 -0.187773
v -0.922914 -0.285418 -0.427164
v 0.973427 0.254188 -0.415094
v -0.998373 0.307619 -0.366228
v -0.997369 0.417797 -0.398995
v -0.997355 0.322653 -0.397593
v -0.383385 -0.466159 -0.434291
v -0.317781 -0.472240 -0.431068
v -0.995815 0.368975 -0.416777
v -0.988828 0.311917 -0.427732
v -0.982519 -0.428472 -0.431888
v -0.981941 -0.463635 -0.414256
v 0.965210 0.474669 -0.224261
v 0.990418 -0.484964 0.098156
v -0.777164 -0.024921 -0.420061
v 0.333582 -0.415631 0.409048
v 0.351016 -0.413613 0.409112
v -0.980862 0.465648 -0.397015
v -0.974656 -0.472805 -0.073624
v -0.524488 0.481288 -0.429151
v -0.978141 -0.295350 -0.389749
v 0.821328 0.270505 -0.418312
v 0.944939 0.212592 0.421638
v 0.953070 0.135984 0.424878
v -0.980465 0.132049 0.390186
v -0.979283 0.068434 0.388875
v 0.102869 -0.473705 -0.401217
v -0.463134 0.374912 -0.422264
v -0.387181 0.359085 -0.422049
v 0.349810 -0.035370 -0.418684
v 0.977520 0.409976 0.076351
v -0.339747 0.263809 -0.421212
v 0.235422 0.471756 0.421940
v -0.108610 -0.473514 -0.384705
v 0.991558 -0.483101 -0.134315
v -0.998879 0.308831 0.049768
v 0.061993 -0.447386 0.283628
v 0.087810 -0.449093 0.331225
v -0.947494 0.475461 -0.414102
v -0.917957 0.464209 -0.414534
v 0.115124 -0.445133 0.400146
v 0.122968 -0.440186 0.402177
v 0.123350 -0.446412 0.400904
v -0.873899 -0.449657 0.042628
v 0.980737 -0.331714 0.387627
v -0.783833 0.458622 -0.432399
v -0.976381 0.129853 -0.344803
v -0.461545 -0.446051 0.191965
v -0.299412 -0.445788 0.183997
v 0.788690 -0.443541 0.407415
v -0.794099 0.150650 -0.416419
v 0.513360 0.475208 -0.412830
v 0.512302 0.431246 0.410391
v 0.545280 0.326256 0.410763
v -0.000363 -0.473920 -0.398525
v -0.171816 0.476131 -0.414408
v 0.995160 0.420501 0.126157
v 0.838857 -0.342402 -0.406958
v 0.879442 -0.357113 -0.407929
v -0.237592 -0.447400 0.031282
v -0.188229 -0.449012 0.012977
v 0.943115 0.381950 -0.426647
v 0.772479 0.107905 -0.418380
v -0.012352 0.030376 0.409862
v 0.743840 -0.075935 -0.414654
v 0.176154 -0.445612 0.128128
v -0.009292 0.477286 -0.431729
v 0.019409 -0.473780 -0.180689
v 0.969041 -0.035215 -0.406107
v 0.067960 -0.437869 0.401773
v -0.623066 -0.281567 -0.437343
v -0.447476 -0.287397 -0.437717
v -0.878885 -0.095415 -0.434386
v -0.349705 -0.478437 0.404391
v -0.977590 -0.407865 0.038848
v -0.978457 -0.445060 0.056362
v -0.551212 0.484363 0.415099
v -0.617625 0.484643 0.413298
v 0.962782 0.268373 -0.428919
v -0.952799 -0.441820 0.286640
v 0.644951 -0.473729 -0.013892
v 0.438650 -0.157271 0.410161
v 0.514836 -0.045554 0.410294
v -0.772351 -0.259525 -0.418301
v -0.709307 -0.272974 -0.419704
v -0.998381 0.444800 0.331747
v -0.057640 0.271140 -0.420768
v -0.294827 -0.450325 -0.042077
v 0.207710 -0.442788 0.399257
v 0.215564 -0.441173 0.399824
v 0.214744 -0.449536 0.396207
v 0.626110 0.485767 0.411075
v -0.864217 0.058093 -0.436775
v 0.587759 -0.430182 0.409006
v 0.618980 -0.415245 0.409286
v -0.633645 0.469240 -0.415207
v 0.449253 -0.450304 0.229690
v 0.483684 -0.451620 0.283743
v -0.703952 -0.458605 0.417979
v 0.906577 -0.175335 -0.409620
v 0.907668 -0.234323 -0.409081
v 0.980027 -0.281799 0.405068
v -0.384882 -0.285411 -0.418965
v 0.562886 -0.420279 0.417565
v -0.167392 -0.448043 0.317575
v 0.320913 -0.484165 0.410875
v 0.668174 -0.450524 0.163604
v 0.856010 0.017170 0.417825
v 0.978837 0.445627 0.157414
v 0.721920 -0.262111 -0.405641
v 0.996747 0.174512 -0.180259
v -0.874752 -0.483159 0.412394
v -0.812675 -0.483821 0.411012
v -0.808491 -0.483393 0.413980
v 0.200019 -0.281803 -0.412500
v -0.206736 -0.475165 -0.427342
v -0.128556 -0.480771 -0.424383
v -0.150699 -0.485583 -0.418336
v 0.979966 -0.477102 0.392812
v -0.978452 0.189912 -0.414438
v 0.172416 -0.448864 0.402018
v -0.084946 0.473778 0.406952
v 0.982276 0.352320 -0.431346
v -0.353538 -0.451433 -0.396247
v -0.807513 -0.485702 -0.416493
v 0.961248 0.237005 0.415397
v 0.933473 0.127975 0.418531
v 0.250382 -0.478223 0.404466
v 0.315033 -0.482829 0.407794
v -0.953013 0.394150 0.410283
v 0.959739 0.390781 0.419479
v -0.850969 -0.358316 -0.416656
v 0.742157 -0.370769 -0.434704
v -0.995921 -0.478082 -0.411103
v -0.980241 -0.447625 0.009411
v -0.980586 -0.449484 -0.032929
v 0.460929 -0.471785 0.419572
v -0.914270 -0.382101 0.407435
v -0.932413 -0.269996 0.406932
v -0.779225 0.469093 -0.415080
v -0.028016 0.224742 0.410012
v 0.964826 0.440958 0.398425
v -0.976110 -0.448426 0.267704
v -0.973458 -0.449944 0.234935
v -0.603476 -0.446288 -0.417593
v -0.838140 -0.447354 0.366141
v -0.147304 0.466640 0.406631
v 0.912147 0.244769 -0.430842
v -0.480445 -0.448157 0.377320
v -0.473498 -0.447320 0.397464
v 0.390102 -0.140442 -0.439101
v 0.922247 0.469105 0.409504
v 0.441105 -0.103368 -0.415344
v 0.450372 -0.162092 -0.411790
v -0.974666 0.292135 0.414859
v -0.979329 0.213967 0.399243
v 0.981172 0.408816 -0.360643
v -0.385624 0.475401 -0.411599
v -0.978052 0.248825 -0.378373
v -0.286078 0.466382 0.422321
v -0.393987 0.112623 -0.414824
v -0.464555 0.480839 -0.428778
v 0.994072 0.117819 0.412511
v -0.959623 0.429410 -0.411332
v 0.965184 -0.009507 0.411872
v 0.904310 -0.394395 -0.406775
v -0.374320 0.145697 -0.417653
v -0.325270 0.457841 0.417506
v -0.279735 0.457412 0.417568
v -0.892553 -0.429784 0.408108
v -0.774804 0.063930 -0.414336
v -0.967213 -0.194060 -0.422479
v -0.949308 -0.402620 -0.426823
v -0.707952 -0.075786 -0.422587
v -0.949530 -0.020961 0.427046
v -0.964970 -0.446088 -0.224907
v 0.524680 -0.484575 -0.415862
v 0.581990 -0.483139 -0.411170
v -0.978263 -0.435997 -0.201264
v 0.099181 0.476053 -0.411744
v -0.060778 -0.486312 -0.417787
v 0.987552 0.416290 0.028496
v 0.996717 -0.213188 0.212668
v 0.945559 0.039964 0.422321
v -0.978553 -0.188704 -0.026473
v -0.977221 -0.332555 0.039121
v 0.474109 -0.442243 -0.036872
v -0.899376 0.444113 -0.419656
v 0.476628 0.484378 0.415460
v 0.972730 -0.405131 -0.411022
v -0.617016 0.485568 -0.423913
v 0.969331 0.390277 -0.040435
v 0.980924 0.395652 -0.061935
v 0.119750 -0.447497 0.273851
v 0.999278 -0.468114 -0.087717
v 0.579275 -0.465167 -0.434272
v -0.987753 0.486698 0.366189
v 0.921516 -0.163328 0.417973
v 0.957643 0.029190 0.424145
v 0.953077 0.037381 0.425005
v 0.980979 0.385277 0.250866
v 0.980368 0.247789 0.300262
v -0.569519 -0.437430 0.417584
v -0.462289 -0.416859 0.417634
v -0.072315 -0.481858 0.412197
v 0.994924 0.454237 0.387284
v -0.979099 -0.038347 -0.280485
v 0.989844 -0.410814 0.431235
v 0.107295 -0.449319 0.396782
v 0.030263 0.469583 0.422531
v -0.009513 0.458065 0.418071
v -0.307857 -0.450152 -0.156080
v 0.108326 -0.445199 -0.410469
v -0.985268 -0.019616 -0.425444
v 0.915867 0.450559 -0.430903
v -0.943860 0.402218 0.410186
v -0.943336 0.324891 0.409619
v -0.471640 -0.304831 0.409626
v -0.617796 0.439138 -0.435464
v -0.174294 0.453090 -0.422567
v 0.965274 0.253155 -0.415648
v 0.495330 0.036794 0.410206
v 0.963148 0.168328 0.410902
v 0.977460 -0.198917 0.371248
v -0.966472 0.261779 -0.414794
v -0.540762 -0.459546 -0.435147
v 0.981215 0.392415 -0.404178
v 0.474700 0.479508 -0.429279
v -0.105554 0.465496 -0.435615
v -0.616715 -0.454179 -0.405308
v -0.888399 -0.214404 0.409161
v -0.971639 -0.205771 0.419775
v -0.971848 -0.239293 0.418786
v 0.994504 0.278295 0.419007
v 0.992722 0.216051 0.420394
v 0.994245 0.219980 0.410613
v -0.961318 -0.183045 0.405883
v 0.975172 -0.412981 -0.100533
v 0.112500 0.464431 -0.419545
v 0.997324 -0.009621 -0.407979
v -0.982549 -0.427825 0.433190
v -0.979491 -0.435468 0.421151
v 0.192241 -0.439750 0.401903
v -0.338921 -0.137173 -0.421051
v 0.998896 -0.467616 -0.276937
v 0.998814 -0.474911 -0.239893
v 0.532032 -0.223281 0.409950
v 0.673078 -0.131721 0.410105
v 0.658503 -0.282262 0.409930
v -0.981405 -0.115521 0.433842
v -0.539925 -0.446805 0.116643
v 0.025652 -0.473323 -0.380392
v 0.046761 -0.473692 -0.397971
v 0.133520 -0.473372 -0.382657
v -0.211650 -0.049755 -0.423261
v 0.974347 0.471684 0.412086
v 0.977932 -0.404802 0.272703
v 0.935633 -0.441605 -0.175061
v -0.156712 -0.451480 -0.385022
v -0.049325 -0.450065 -0.313535
v -0.919749 -0.265018 -0.411272
v 0.934141 -0.473573 0.402500
v 0.978614 -0.052751 0.371774
v -0.143455 -0.473827 -0.404895
v -0.142588 -0.478632 -0.412239
v -0.998158 0.282355 0.414605
v -0.999150 -0.055114 0.378590
v 0.413051 0.457959 0.410020
v 0.980534 0.293736 -0.283900
v 0.684230 0.232112 -0.420680
v -0.219473 0.480843 0.418957
v 0.976954 0.435452 -0.156938
v 0.982798 -0.454830 -0.420991
v 0.456764 -0.440329 -0.276298
v -0.035802 -0.449697 0.326594
v -0.026207 -0.448667 0.266495
v -0.445266 -0.450785 -0.390688
v 0.158889 -0.448779 0.402044
v -0.041680 -0.045694 -0.439840
v -0.092057 -0.325626 -0.437249
v -0.965288 -0.231078 0.429612
v -0.041878 0.156745 -0.419194
v -0.726326 0.463840 -0.419142
v -0.943049 -0.473319 0.216693
v -0.401518 -0.446292 0.121110
v -0.997137 0.277522 0.421213
v -0.981585 0.451251 -0.353385
v -0.963548 -0.447042 0.202021
v 0.957419 -0.473150 0.427158
v 0.886517 0.213946 -0.431613
v 0.900349 0.290773 -0.430232
v 0.155423 0.457439 -0.421586
v 0.190713 0.452171 -0.421684
v -0.982882 0.045513 -0.423936
v 0.980754 0.355920 -0.202171
v 0.973180 -0.433490 0.417185
v 0.577005 -0.444118 -0.409186
v 0.159379 0.432447 -0.421864
v -0.908169 0.466507 0.420988
v -0.770644 0.451878 -0.420838
v -0.319846 -0.285903 -0.437613
v -0.170735 -0.229522 -0.438170
v 0.979106 -0.475254 -0.149960
v 0.981400 -0.481292 -0.138387
v -0.952789 -0.193290 -0.408684
v 0.592111 -0.036256 -0.417707
v 0.005078 -0.445846 0.031655
v -0.002659 -0.447537 -0.001912
v -0.978903 -0.442278 0.352326
v 0.991237 -0.292948 0.430311
v 0.989085 -0.237432 0.429618
v -0.898479 -0.447244 -0.257989
v -0.847567 -0.447839 -0.307970
v -0.986663 0.045267 0.427456
v -0.256332 -0.414283 -0.418077
v -0.262155 -0.445131 -0.416598
v 0.269002 -0.473599 -0.397695
v 0.333563 -0.473632 -0.384108
v 0.225543 -0.473549 -0.382721
v -0.724043 0.450791 -0.420308
v -0.710115 -0.177222 -0.421224
v -0.658489 -0.160640 -0.420902
v -0.772026 -0.427207 -0.435939
v -0.945623 -0.473316 -0.014066
v -0.478769 -0.445229 0.397971
v -0.472170 0.427402 -0.422686
v -0.605810 0.046353 -0.412105
v 0.148607 -0.446445 0.207847
v 0.205136 -0.446386 0.184340
v 0.278972 -0.442452 -0.040345
v -0.928281 0.455979 0.417102
v 0.209104 -0.026702 -0.419037
v 0.260839 0.485700 -0.415571
v 0.253945 0.485461 -0.425085
v -0.958575 0.124136 0.424390
v -0.854176 -0.449080 0.379068
v -0.980296 0.425274 0.062470
v 0.860454 0.457876 -0.419916
v 0.768112 0.466141 -0.433322
v 0.742502 -0.473562 0.339155
v 0.703975 -0.473591 0.144700
v -0.982574 -0.482706 -0.079496
v 0.887359 0.427807 -0.418778
v -0.271887 0.087294 -0.412388
v -0.203804 0.101693 -0.413360
v 0.974878 -0.414111 -0.235617
v -0.507173 0.248225 -0.437845
v -0.961256 -0.118838 0.406980
v 0.881981 0.469783 -0.431914
v 0.975258 -0.284879 -0.398843
v 0.016835 -0.449587 0.334888
v -0.998902 -0.472597 0.244391
v 0.014937 -0.152130 -0.419062
v -0.997307 -0.241026 0.410731
v -0.996343 -0.194551 0.421398
v 0.947426 -0.458323 0.410345
v 0.376906 -0.473741 0.002495
v 0.560933 -0.473571 0.059933
v 0.978112 -0.225215 -0.383108
v -0.478126 -0.478696 0.406274
v -0.393201 -0.482747 0.411007
v 0.163953 -0.429412 -0.408199
v -0.556790 0.205121 0.417984
v -0.719561 -0.473740 -0.151261
v -0.614533 0.019895 -0.439562
v -0.703301 -0.033728 -0.439834
v 0.432138 -0.446513 0.057426
v 0.952893 0.225868 0.424411
v -0.972917 -0.199982 -0.407013
v 0.089619 -0.451931 -0.436244
v 0.489518 -0.441328 -0.347455
v 0.521496 -0.441486 -0.303723
v 0.388530 -0.473790 -0.198861
v -0.106688 0.445517 -0.435648
v -0.254322 0.043939 -0.408426
v 0.760810 -0.464466 -0.432546
v 0.822950 -0.459870 -0.432382
v 0.816448 -0.465428 -0.431744
v 0.207808 -0.407305 0.408995
v 0.214695 -0.413721 0.408834
v -0.419524 0.257943 0.410094
v -0.953609 -0.068352 0.427984
v -0.979402 -0.243795 0.421056
v 0.722997 0.159968 0.417783
v -0.466154 0.471657 -0.433170
v 0.545501 -0.440683 -0.396251
v -0.998679 0.244523 0.311221
v -0.376449 -0.448733 0.402401
v -0.136304 -0.438256 0.401847
v 0.782359 0.482345 -0.426481
v 0.968606 0.106843 -0.410097
v 0.296887 -0.450376 0.288808
v 0.747243 -0.042673 -0.436383
v -0.508727 -0.113820 -0.421373
v -0.341445 -0.449251 0.403055
v -0.311714 -0.473793 -0.406650
v -0.092612 -0.302783 0.409368
v -0.085832 -0.288606 0.409432
v -0.895526 0.043862 0.409590
v 0.864398 0.454047 0.410259
v 0.824349 0.432955 0.410540
v 0.997518 -0.380901 -0.394465
v 0.370445 -0.241983 -0.438571
v 0.473978 -0.270305 -0.438318
v 0.980262 0.166132 0.404459
v -0.977551 -0.110813 0.390550
v 0.977250 -0.357345 -0.388476
v 0.937743 -0.403611 -0.426524
v -0.017822 0.433129 -0.422605
v 0.989379 -0.483665 -0.255070
v -0.750696 -0.450324 -0.396463
v -0.701804 -0.450554 -0.398534
v 0.979835 0.486523 -0.323817
v 0.330804 -0.441603 -0.398720
v -0.977655 -0.444909 -0.196218
v -0.588455 -0.446128 0.218462
v -0.647323 -0.446947 0.156886
v -0.300905 0.484802 0.413744
v 0.868402 -0.105228 -0.431448
v -0.943632 0.485543 0.412686
v -0.998229 0.437631 -0.110775
v 0.988766 -0.088276 -0.413515
v -0.359361 -0.064811 0.409686
v 0.980487 0.262164 0.403457
v 0.351323 0.037479 0.409958
v 0.375111 -0.478284 -0.425457
v -0.999390 0.206521 -0.341556
v 0.986771 -0.406406 -0.429508
v 0.992624 0.145156 0.421714
v 0.776640 0.471429 -0.432042
v 0.981364 0.188359 -0.432064
v -0.248636 -0.473622 -0.388496
v -0.434681 -0.000262 0.417898
v -0.446505 0.189216 0.417943
v 0.995083 0.455425 0.200261
v -0.949546 0.032809 -0.404668
v 0.974469 -0.340552 -0.397678
v -0.998733 0.471798 -0.347080
v -0.979316 0.141447 0.399335
v -0.980637 0.433755 -0.098865
v 0.987179 -0.486182 0.341662
v -0.952850 0.040376 -0.429116
v -0.935780 0.029169 -0.427396
v -0.915642 0.479369 0.419734
v 0.709779 -0.450736 0.403292
v 0.725623 -0.450729 0.402885
v -0.918763 0.169730 -0.408984
v -0.896892 0.138165 -0.413475
v 0.991456 -0.205388 -0.426280
v 0.990932 -0.222597 -0.416210
v -0.891746 0.274849 -0.417503
v 0.563812 -0.452903 0.396590
v 0.569203 -0.450396 0.402860
v 0.577093 -0.450166 0.402767
v 0.576931 -0.452145 0.398254
v -0.060953 -0.449616 0.403433
v -0.276408 -0.104566 0.409751
v -0.237453 -0.101358 0.409504
v -0.250426 -0.132493 0.409461
v 0.977416 -0.190656 -0.390334
v 0.973337 -0.202542 -0.398401
v -0.990972 0.277885 0.427095
v 0.139147 0.133363 -0.438658
v 0.368634 -0.430768 0.408963
v 0.293064 -0.473669 -0.340683
v -0.927627 -0.135906 0.418315
v 0.381803 -0.474700 0.399726
v 0.983984 -0.315395 -0.429638
v -0.013412 -0.449084 0.402762
v -0.002296 -0.448905 0.402585
v -0.905685 -0.473840 -0.343545
v -0.402685 0.471515 -0.433675
v -0.849939 -0.473275 0.418904
v -0.891841 0.483048 0.416662
v 0.628928 -0.483130 -0.421501
v -0.097567 -0.257272 0.409438
v -0.113572 -0.246212 0.409396
v -0.497024 -0.446401 0.236133
v -0.208449 0.019473 -0.411893
v -0.976748 -0.346682 0.256230
v -0.026892 0.448541 -0.436229
v -0.724185 -0.449785 -0.380713
v -0.614457 -0.450394 -0.367072
v 0.976875 -0.444563 -0.037668
v -0.672412 -0.449076 0.388788
v 0.485111 0.482851 -0.414349
v -0.943677 0.187620 0.425110
v 0.870874 0.363903 -0.419074
v 0.975977 -0.198921 -0.267082
v 0.034599 0.166014 -0.438079
v -0.399113 -0.414858 -0.418131
v 0.731184 -0.458880 -0.434262
v -0.977575 -0.015429 0.421568
v -0.978440 -0.076053 0.423523
v 0.193687 0.427009 0.410227
v 0.410054 -0.438417 -0.435948
v -0.869528 0.486564 -0.423432
v 0.979676 -0.012146 0.424060
v -0.999618 -0.448550 0.155402
v -0.999507 0.421103 -0.191164
v -0.976939 -0.476892 -0.299736
v 0.981486 0.388901 -0.328376
v 0.980939 0.312988 -0.368005
v 0.974471 0.421112 -0.414180
v 0.112447 0.328518 -0.421762
v -0.895463 0.164594 0.418215
v 0.929113 0.049596 -0.427582
v 0.928482 0.135232 -0.427225
v -0.403516 -0.447082 0.371908
v 0.962404 0.437733 0.411482
v 0.974200 -0.455035 0.265588
v -0.913124 0.171197 -0.432561
v -0.961110 -0.042883 -0.405827
v -0.979985 -0.280737 0.370434
v -0.977610 -0.329353 0.319717
v -0.970317 0.298158 -0.410765
v -0.897143 0.426587 0.410146
v 0.741582 -0.436947 -0.433371
v -0.012083 0.483644 0.414344
v -0.183631 -0.451264 -0.034728
v 0.892065 -0.473487 -0.018813
v -0.265283 -0.132471 0.409649
v 0.977202 -0.426631 -0.392438
v -0.777324 0.045955 -0.438877
v -0.950951 0.277690 0.424070
v -0.960585 -0.441633 0.336189
v -0.754650 0.472913 0.406586
v -0.623591 -0.448336 0.055239
v -0.276099 0.485887 -0.417900
v -0.714666 -0.450292 -0.196498
v -0.709504 -0.449358 -0.297959
v -0.828309 -0.473533 -0.389063
v -0.714168 -0.473806 -0.371300
v -0.999107 0.419593 0.114074
v -0.976492 -0.049748 -0.430404
v -0.976128 -0.080931 -0.421189
v 0.569993 -0.476773 -0.403820
v 0.650343 -0.483037 -0.408606
v 0.708299 0.483927 -0.415709
v -0.018647 0.449479 0.417782
v 0.976486 -0.415821 -0.340697
v -0.992023 0.209601 0.424916
v -0.355115 0.178404 -0.418989
v -0.183836 -0.444169 -0.416401
v 0.391028 -0.260216 0.417897
v -0.186404 -0.429907 0.417677
v -0.258001 -0.321865 0.417849
v -0.153546 -0.451619 0.417877
v -0.840963 -0.339552 0.418130
v 0.980851 0.486656 -0.295167
v -0.783499 0.025457 -0.413715
v -0.447329 0.452837 0.408864
v -0.383248 0.453026 0.408806
v -0.986745 0.433220 0.060065
v 0.986817 0.456787 0.429185
v 0.988394 0.250996 -0.421288
v -0.980328 -0.483598 -0.299126
v 0.002908 0.481420 0.418447
v -0.579147 -0.453509 -0.405536
v 0.347608 -0.472921 0.420633
v -0.966455 0.334435 -0.415698
v 0.281174 -0.120404 -0.415571
v 0.130993 -0.483272 -0.416973
v 0.036043 -0.482893 -0.423357
v 0.153221 -0.482356 -0.421350
v -0.953046 -0.091926 -0.408427
v -0.952629 -0.016506 -0.408104
v -0.265464 -0.210474 -0.420026
v 0.996324 0.291886 0.405915
v 0.995312 0.249030 0.400531
v -0.998911 0.399408 0.081921
v -0.998967 0.343730 0.176976
v 0.965055 -0.027420 0.420869
v 0.790961 -0.450285 0.283489
v -0.635388 -0.394973 -0.436383
v -0.570292 -0.418455 -0.436670
v 0.898792 0.455713 -0.429671
v 0.330325 -0.445844 0.078988
v -0.250868 -0.163621 0.409432
v -0.926407 0.384954 -0.425221
v 0.979176 -0.414944 0.330801
v 0.981639 -0.447998 0.320320
v -0.070710 -0.194699 0.409555
v -0.085578 -0.185815 0.409424
v -0.070579 -0.179118 0.409544
v -0.042488 -0.420275 -0.419085
v 0.272876 -0.442420 -0.409337
v 0.325872 -0.444987 0.034489
v -0.908847 -0.472616 0.418895
v -1.000250 -0.466339 -0.005552
v 0.281510 -0.452376 0.373348
v 0.174741 -0.448870 0.402006
v -0.812605 -0.449540 -0.398132
v -0.173707 -0.446653 0.045310
v 0.066083 -0.480217 -0.426289
v 0.808790 -0.474524 0.398574
v 0.997828 -0.296769 -0.361292
v -0.211547 0.481838 0.410933
v -0.207113 -0.449516 0.402411
v 0.944284 0.167424 0.421638
v 0.234937 -0.472944 0.397148
v 0.090272 -0.425392 -0.436709
v 0.986670 0.233486 0.429743
v 0.986223 0.418935 0.084161
v 0.293230 0.162894 -0.420202
v -0.757126 -0.041274 -0.438903
v -0.422121 -0.484407 -0.418633
v 0.352782 -0.458405 0.417940
v 0.440092 -0.448595 0.417877
v -0.191450 -0.483441 0.411172
v -0.193437 -0.482965 0.414113
v 0.978323 -0.475604 -0.187993
v 0.987589 -0.306455 -0.429713
v 0.991192 -0.399559 -0.425773
v -0.979441 -0.477186 0.115959
v -0.500343 0.453200 0.408950
v -0.561768 0.430117 0.410152
v 0.976832 -0.246636 -0.340821
v -0.996286 -0.004145 0.420963
v 0.298994 0.334131 0.410661
v -0.997173 -0.126677 0.403150
v -0.974408 -0.428526 0.412863
v -0.976054 -0.439849 0.417859
v -0.978816 -0.292914 -0.028539
v -0.873806 -0.473564 0.234906
v 0.640023 -0.017672 -0.417636
v -0.978199 0.390920 -0.281012
v 0.849844 -0.476449 -0.403278
v 0.935156 -0.474535 -0.402604
v -0.975527 0.015650 -0.398100
v -0.976072 -0.041067 -0.402131
v 0.893020 0.478506 0.407764
v 0.995675 0.472035 -0.285870
v 0.899586 0.154665 -0.415772
v 0.245843 0.466346 0.421975
v -0.786012 -0.472034 0.419469
v -0.929127 0.260828 -0.409276
v -0.900498 0.236734 -0.415662
v -0.909483 0.315110 -0.412004
v -0.977810 -0.087729 -0.429756
v -0.432172 -0.442948 -0.417218
v 0.976547 0.472939 0.381648
v 0.981884 0.483937 0.404420
v 0.985219 0.485152 0.364721
v 0.532194 0.485439 -0.425043
v 0.271333 -0.047208 -0.419168
v 0.976576 0.077843 0.413897
v 0.973488 -0.128697 -0.412397
v -0.148856 -0.482054 0.410936
v 0.991214 -0.480574 -0.416750
v -0.320955 -0.473573 0.247524
v -0.295632 -0.473041 0.385717
v -0.963672 0.404336 -0.421159
v 0.556291 -0.146907 -0.438975
v -0.234939 -0.449301 0.402752
v -0.372272 0.472420 -0.433152
v 0.543814 -0.440390 -0.386200
v -0.305434 0.004949 0.417947
v 0.994177 0.034771 0.409628
v -0.159608 0.482567 -0.416383
v 0.974462 -0.005613 -0.412343
v -0.004957 -0.473632 -0.330573
v 0.584929 -0.451869 0.398260
v 0.885787 -0.450816 0.260469
v -0.949261 -0.184751 -0.426600
v 0.815173 0.424203 0.418104
v 0.869439 -0.440101 -0.285990
v -0.223317 -0.450856 -0.093942
v -0.979599 0.329799 0.208241
v 0.208814 0.482803 -0.414483
v -0.294988 -0.451241 -0.412392
v 0.997315 -0.441374 0.400813
v 0.980018 -0.357464 0.402982
v 0.979460 -0.432501 0.404807
v -0.987520 -0.482620 0.082504
v 0.291414 0.127653 -0.419687
v 0.616316 -0.443393 -0.410121
v 0.275944 -0.421960 0.408942
v 0.294646 -0.415525 0.409071
v 0.153945 0.473852 0.408414
v 0.305151 0.242540 -0.421069
v 0.378142 0.278766 -0.420557
v -0.125988 0.331142 0.410153
v -0.995556 -0.387620 0.428365
v -0.050419 -0.466074 -0.434279
v 0.476584 -0.443519 -0.412150
v -0.974759 0.482932 0.407094
v -0.976600 0.041250 -0.388103
v 0.982359 0.460277 0.270333
v -0.584798 0.225052 0.410229
v -0.867800 -0.446753 0.337632
v -0.840268 -0.445921 0.310241
v 0.824579 -0.081477 -0.432894
v 0.980659 0.200430 -0.402567
v 0.182422 -0.473063 0.397080
v 0.796136 -0.444619 0.407236
v 0.945309 -0.232212 -0.410647
v 0.662628 0.486715 -0.417949
v -0.967257 -0.267862 -0.407059
v -0.175314 -0.125267 0.417753
v -0.355334 -0.050098 -0.423086
v -0.782945 -0.473331 -0.409274
v -0.998722 -0.471852 0.022478
v 0.996858 -0.286323 0.403150
v -0.848342 0.289594 -0.436102
v 0.038776 -0.443554 -0.298917
v 0.041311 -0.443082 -0.227226
v -0.977946 -0.127693 0.290637
v 0.329657 0.458437 0.418006
v 0.488972 -0.281018 -0.407529
v 0.501271 -0.323493 -0.406026
v 0.743792 -0.430495 0.409113
v 0.766706 -0.387657 0.409906
v 0.115147 -0.431160 0.408833
v 0.609482 0.424608 -0.433588
v 0.588336 0.309257 -0.436209
v 0.891500 -0.292208 0.410394
v 0.740112 -0.452719 0.383216
v 0.731778 -0.452554 0.398012
v 0.137082 0.384292 -0.422007
v 0.928133 0.420327 0.409942
v -0.560165 -0.483828 -0.413547
v -0.930583 0.030132 0.406778
v 0.944914 0.479534 0.411887
v 0.362581 -0.482995 -0.421116
v 0.706318 -0.443033 -0.047315
v -0.012906 -0.447391 -0.306585
v -0.748790 -0.483031 0.412931
v 0.476825 0.324147 -0.436071
v 0.465968 0.409278 -0.435060
v 0.998013 0.208221 -0.411552
v -0.960419 0.362682 0.408687
v -0.705706 -0.473771 0.419395
v 0.647588 -0.452471 0.398050
v -0.932040 0.435100 0.408067
v 0.138791 -0.442650 0.402684
v -0.856366 -0.268502 0.409670
v -0.985164 -0.485135 0.368276
v -0.981574 0.362527 0.390061
v -0.980023 0.333171 0.402535
v 0.784893 -0.374084 -0.406024
v -0.339914 -0.367523 -0.417963
v -0.279802 -0.321932 -0.418672
v 0.981404 0.467358 0.324323
v -0.999901 -0.442723 -0.073707
v 0.514874 -0.450582 0.215147
v 0.383167 -0.484311 0.410073
v 0.997253 -0.231228 -0.128180
v 0.928712 0.487630 0.412160
v 0.956812 0.477648 0.416416
v 0.531141 -0.452824 0.386665
v -0.441482 -0.473588 0.221088
v -0.952477 -0.278404 -0.407834
v 0.972900 -0.444954 -0.145571
v -0.953657 -0.134776 0.429061
v 0.971773 0.379645 -0.410433
v -0.979024 -0.148827 -0.344141
v 0.849385 0.432737 -0.431399
v 0.982510 0.124163 -0.432991
v -0.991557 -0.481768 -0.292417
v -0.961260 -0.429241 0.406350
v -0.961164 -0.397675 0.405287
v 0.997139 -0.457179 0.029614
v -0.934496 -0.042979 0.405806
v 0.176223 0.476541 -0.431836
v -0.974605 0.307777 0.414857
v 0.005750 -0.094797 -0.439412
v 0.982435 -0.482943 -0.072951
v -0.975983 -0.149157 -0.426351
v -0.988258 0.362997 -0.427522
v 0.995736 0.140721 0.382007
v 0.970794 -0.474036 -0.241317
v -0.659832 -0.343987 0.409413
v -0.225367 -0.481992 -0.418937
v 0.975029 0.408177 -0.407530
v -0.706561 -0.448248 0.063051
v 0.515669 -0.482907 -0.420979
v 0.974970 -0.356429 0.407781
v 0.970936 -0.433201 0.411143
v -0.144169 -0.022522 0.409434
v 0.995622 0.453783 0.326518
v 0.995851 0.361829 0.366614
v 0.997664 -0.444409 -0.064500
v 0.865628 -0.047231 -0.430710
v -0.974760 0.341136 0.415955
v 0.986414 -0.001825 0.430161
v -0.922300 -0.015160 0.407297
v -0.895544 -0.443172 -0.413160
v 0.960312 -0.002926 -0.407777
v 0.960641 0.056967 -0.406929
v -0.978708 0.100393 0.366269
v 0.996349 0.124079 -0.363005
v 0.958089 0.452394 -0.429538
v -0.488322 -0.448525 0.402148
v 0.981537 0.258954 -0.394954
v 0.900277 0.134847 -0.430933
v 0.906107 0.197067 -0.430577
v -0.977946 -0.475125 -0.246601
v 0.500213 -0.473855 -0.070802
v -0.952430 0.439213 0.408792
v -0.904401 0.176785 -0.434197
v -0.578115 -0.446648 0.286310
v -0.779296 -0.161745 -0.437708
v -0.835208 -0.149209 -0.436311
v -0.134643 -0.451722 -0.412542
v 0.929119 -0.448206 -0.426663
v 0.922447 -0.434064 -0.428831
v 0.996535 -0.262828 0.326585
v 0.985798 -0.098969 -0.430409
v 0.787473 0.378318 -0.419573
v -0.705131 -0.167448 -0.439295
v 0.572291 -0.473613 0.231791
v -0.926851 -0.304147 -0.412027
v 0.670775 0.020551 -0.418604
v 0.981076 -0.461205 0.279966
v 0.944853 0.007877 -0.412014
v -0.944141 -0.138526 -0.409759
v 0.921099 0.270655 0.417979
v -0.960683 -0.444064 0.380551
v -0.948071 -0.445656 0.379114
v 0.982950 -0.188966 -0.420569
v 0.975996 -0.418935 -0.033528
v 0.996643 0.170115 -0.398571
v 0.996743 0.035401 -0.398657
v 0.805192 -0.474910 -0.427173
v 0.996372 0.262457 -0.049000
v 0.984343 0.465113 -0.174733
v -0.921402 0.108494 0.417780
v -0.287393 0.270828 0.417978
v -0.063337 0.279646 0.417880
v -0.490222 -0.447033 0.326422
v -0.799926 0.463941 -0.419341
v 0.737419 0.296613 -0.420494
v -0.796844 -0.482963 -0.414252
v -0.175414 -0.477806 0.404132
v 0.978029 -0.117077 -0.381832
v 0.481770 -0.449887 0.402729
v 0.996355 0.232686 0.133493
v 0.631704 -0.450136 0.402708
v 0.978813 -0.016482 0.341728
v 0.306040 -0.392685 0.409442
v -0.977672 0.291753 -0.338080
v -0.972982 -0.424924 -0.409748
v -0.926354 0.175723 0.417751
v -0.435049 0.482069 0.409514
v 0.979595 -0.432968 0.180262
v -0.791888 -0.447820 -0.294792
v 0.985553 0.482515 -0.426987
v 0.717053 0.426230 0.410578
v 0.182588 -0.484473 0.411519
v 0.241937 -0.483485 0.410808
v -0.924227 0.309442 -0.426712
v -0.523889 0.474957 0.420982
v -0.487188 0.466491 0.421856
v -0.107156 -0.114813 0.409449
v -0.106800 -0.097372 0.409442
v -0.970552 0.418886 -0.414165
v -0.967119 -0.472080 0.431251
v -0.960638 -0.471850 0.431331
v -0.253269 -0.441434 0.402180
v -0.243260 -0.444215 0.402533
v -0.957661 -0.473361 -0.106400
v 0.977423 -0.405361 0.161378
v -0.287842 0.173870 -0.419757
v -0.284667 0.131673 -0.417754
v -0.966413 0.216499 0.420781
v -0.543336 -0.445402 0.399946
v 0.622007 -0.473556 -0.382648
v -0.999640 -0.436061 -0.207509
v -0.920110 -0.036804 -0.427723
v -0.834197 -0.450463 -0.044802
v 0.966033 0.443110 -0.409691
v 0.961827 0.416616 -0.428535
v -0.844825 -0.135393 0.409627
v -0.996719 0.430917 0.054100
v 0.292376 0.484679 -0.425869
v 0.981587 0.367014 0.369447
v 0.460787 -0.449063 0.131709
v -0.952826 0.128083 -0.429204
v -0.578569 -0.467112 -0.433654
v -0.992620 0.089338 -0.424169
v 0.238658 -0.449895 0.396485
v -0.171138 0.484754 -0.426113
v -0.960774 0.483540 -0.417246
v -0.932293 -0.446520 -0.314541
v -0.144703 -0.443007 0.399001
v -0.569557 -0.112496 0.417763
v 0.996187 0.202438 -0.355496
v -0.975814 0.035700 -0.318596
v -0.992466 0.372851 0.426134
v -0.979133 -0.484478 -0.412366
v 0.981093 0.294402 0.367245
v 0.960841 -0.473626 -0.275494
v -0.900957 -0.036403 -0.413354
v -0.999442 -0.190301 0.214992
v -0.993432 -0.480745 0.267147
v -0.986560 -0.485283 0.277108
v -0.980686 0.354538 0.141081
v 0.995031 0.390963 -0.058556
v -0.985630 -0.485106 -0.355749
v 0.966853 0.409802 -0.411097
v 0.003281 -0.297355 -0.417867
v -0.986205 -0.439794 -0.431179
v -0.992562 -0.482535 -0.428248
v 0.545347 -0.443157 0.403714
v -0.645112 0.484842 -0.416675
v -0.927979 -0.421277 -0.426418
v 0.320805 -0.441785 -0.436187
v -0.215217 -0.446850 0.402397
v 0.463751 -0.341802 -0.406711
v 0.978623 0.481472 -0.416111
v -0.608570 0.149714 -0.417471
v -0.722907 -0.442796 0.397037
v 0.235054 -0.445706 0.085729
v 0.258646 -0.445175 0.035778
v -0.028380 -0.440824 0.402617
v 0.996460 0.229751 -0.295607
v 0.114695 -0.481083 0.412967
v -0.952612 0.182720 -0.404822
v -0.928807 0.148858 -0.406118
v 0.493747 -0.431570 0.409147
v 0.481153 -0.373222 0.409868
v 0.525482 -0.415355 0.409299
v 0.522542 -0.441828 -0.114933
v 0.451771 0.124205 -0.419784
v 0.515787 0.143142 -0.420062
v 0.179313 -0.096854 -0.439416
v -0.165629 0.481894 0.410398
v 0.353083 -0.430737 0.408920
v 0.594720 -0.478677 -0.426164
v -0.318652 0.373208 -0.421627
v -0.791600 0.484144 0.413099
v -0.856185 0.482333 0.409188
v -0.284039 -0.483330 -0.421577
v -0.972218 0.226552 0.409256
v 0.982208 0.364490 -0.381146
v -0.817135 -0.449851 -0.122861
v -0.695664 -0.451228 -0.042277
v 0.535829 -0.376714 0.409648
v 0.997018 -0.286542 0.058546
v -0.974277 -0.473005 0.139559
v -0.969198 -0.472787 0.161191
v -0.292689 -0.477285 -0.414057
v 0.992467 0.395376 -0.256714
v -0.447713 -0.120895 -0.420830
v -0.999751 0.011900 0.010078
v 0.331187 -0.442861 -0.010022
v 0.112588 0.229850 -0.421545
v 0.966446 -0.473457 0.350275
v 0.947841 -0.193612 -0.410657
v 0.399109 -0.443470 0.003312
v 0.996233 0.205620 0.278061
v -0.966273 0.370356 -0.410924
v -0.987515 -0.483850 -0.008934
v -0.966525 -0.126707 -0.421927
v -0.958159 -0.129570 -0.426660
v -0.164629 -0.450568 -0.149927
v 0.997596 -0.453124 -0.367773
v 0.998815 -0.470361 -0.405233
v 0.993501 0.453943 0.420596
v 0.921607 0.161979 0.418084
v 0.995439 0.362614 0.397296
v -0.913807 -0.342052 -0.411955
v -0.966900 0.037519 -0.406558
v 0.405013 -0.139207 -0.413960
v 0.387410 -0.074338 -0.417705
v -0.979215 -0.031510 -0.046253
v -0.999192 -0.472844 0.383723
v 0.153816 0.465874 -0.418892
v 0.230328 -0.449704 0.396174
v -0.874090 -0.296556 -0.433416
v -0.852228 -0.344332 -0.434807
v 0.979651 -0.474398 0.135733
v -0.941094 -0.443934 0.356761
v 0.667727 0.481818 -0.413947
v -0.507446 -0.027748 -0.421907
v -0.327968 -0.026997 -0.422339
v -0.159378 -0.448923 0.394742
v -0.159262 -0.442014 0.397903
v 0.198521 -0.483784 -0.417274
v 0.043618 0.450292 -0.435279
v -0.978619 -0.032507 0.278268
v 0.997027 -0.021632 -0.182257
v -0.722409 -0.438127 0.400958
v -0.981482 -0.201478 -0.429223
v -0.992211 0.463277 -0.425107
v 0.975002 -0.428420 -0.077035
v 0.393879 -0.473583 -0.397064
v 0.383057 -0.473786 -0.401066
v 0.433601 -0.479011 -0.404833
v -0.520178 -0.365643 0.409418
v -0.511294 -0.335817 0.409550
v 0.703408 -0.388548 -0.403479
v 0.181422 0.250488 0.417887
v 0.092086 0.367358 0.417902
v 0.978253 -0.432302 0.142029
v -0.496607 -0.334609 0.409473
v -0.952459 0.148851 0.409314
v 0.427283 -0.471535 0.420542
v 0.459838 -0.461520 0.418002
v -0.976305 0.098577 -0.391501
v -0.972163 0.076559 -0.406049
v 0.987243 0.485657 -0.328266
v 0.944747 -0.129093 0.410424
v 0.960529 -0.142455 0.409547
v 0.326420 -0.429457 0.408896
v 0.835733 -0.211292 -0.433051
v -0.155622 0.453257 0.408789
v 0.042929 -0.473814 -0.038996
v 0.295120 -0.450235 0.398542
v 0.399168 0.487447 -0.418065
v -0.562421 0.097348 -0.415425
v 0.312016 -0.357530 0.417834
v -0.290866 0.283950 -0.421468
v -0.918896 -0.401373 -0.411740
v -0.960962 -0.432194 -0.406433
v -0.997268 0.314490 -0.411712
v -0.351677 -0.447254 0.039425
v -0.074560 -0.218091 0.409534
v -0.863276 0.148059 -0.436669
v 0.995692 0.358018 -0.292934
v 0.619086 -0.430385 0.409092
v -0.444891 0.147353 -0.439179
v 0.459577 -0.473824 -0.400450
v 0.684432 -0.452347 0.357340
v -0.958934 0.248370 -0.428923
v -0.959427 0.141467 -0.428098
v -0.321287 -0.406587 -0.418063
v -0.262126 0.456098 -0.433957
v -0.999904 -0.320817 -0.077614
v -0.999555 -0.386701 0.042156
v 0.980518 0.267783 -0.420770
v 0.985636 -0.486146 0.323662
v 0.372968 -0.449985 0.402345
v 0.380793 -0.449681 0.402238
v 0.035694 0.425047 0.417944
v -0.898462 -0.472442 0.390120
v 0.990947 -0.373941 0.430202
v -0.970107 0.176770 -0.416562
v 0.980742 -0.013239 -0.414743
v -0.838382 -0.058526 -0.436606
v -0.978064 -0.435173 -0.280396
v 0.435016 -0.439768 -0.388091
v 0.259399 -0.082900 0.417863
v 0.217936 -0.296037 0.417847
v -0.978841 0.481156 -0.336225
v -0.797829 -0.481945 -0.423725
v -0.996527 0.483832 0.354925
v -0.977305 0.014863 -0.411770
v 0.957481 -0.446015 0.411586
v 0.960581 -0.413534 0.407360
v -0.532640 -0.010647 -0.420023
v -0.644251 -0.343975 0.409422
v -0.612969 -0.343755 0.409520
v -0.997965 0.385669 0.244079
v 0.541748 0.453491 0.410423
v -0.639995 -0.447072 0.349340
v 0.979374 -0.465762 0.383023
v 0.980065 0.203455 -0.246539
v 0.979528 0.145944 -0.323817
v -0.975438 0.393851 -0.254476
v 0.927893 0.226747 -0.427566
v 0.947539 0.260059 -0.426876
v -0.275795 -0.479253 0.405731
v -0.240797 -0.472740 0.395193
v -0.668756 0.451100 -0.421229
v 0.996328 0.472888 0.412497
v 0.979217 -0.350669 -0.412749
v 0.977724 -0.389965 -0.412689
v -0.961632 -0.356625 0.405171
v 0.979367 -0.474175 0.307930
v -0.978981 -0.228715 -0.390576
v -0.979285 -0.279357 -0.380744
v 0.065197 -0.435149 0.417617
v 0.163376 -0.473806 0.419965
v 0.651291 -0.459043 -0.435307
v -0.246410 -0.446561 0.079738
v 0.962624 0.401974 -0.409624
v 0.538261 0.360753 -0.435335
v 0.961927 0.144038 -0.428349
v 0.961175 -0.014200 -0.426926
v -0.959137 -0.449892 0.008673
v 0.588105 -0.338852 -0.405879
v -0.550317 -0.366210 0.409441
v -0.927942 0.309374 -0.409220
v 0.996754 -0.049885 0.204971
v -0.979560 0.361654 -0.386539
v -0.978419 0.299712 -0.388415
v -0.275302 0.470421 -0.433504
v 0.986150 -0.485997 -0.403979
v -0.678223 0.279775 0.417912
v 0.979561 0.010829 -0.390797
v 0.723210 0.473562 -0.413304
v 0.385614 -0.390428 0.409582
v -0.119629 0.427888 0.409975
v -0.221884 0.426982 0.409912
v -0.891472 -0.400065 -0.414970
v -0.174925 -0.466241 -0.434103
v -0.096659 -0.466373 -0.434908
v -0.515254 0.026793 -0.411534
v 0.621387 -0.465272 -0.433662
v -0.138819 -0.449488 0.351306
v -0.953151 -0.315885 -0.408627
v 0.476923 -0.122602 -0.439272
v 0.065605 0.469627 0.422961
v -0.941563 0.325953 -0.408964
v 0.976010 -0.207620 0.419508
v -0.094514 -0.225293 0.409417
v 0.203786 -0.449019 0.281913
v -0.990105 0.479978 -0.425850
v 0.808662 0.486769 -0.422023
v -0.960547 -0.450662 -0.407890
v -0.846097 -0.290879 -0.435130
v -0.708140 -0.282393 -0.437444
v 0.068573 0.169617 0.410325
v 0.675198 0.469659 -0.414760
v -0.723990 0.410364 -0.420325
v -0.573760 -0.449068 0.396385
v -0.583374 -0.449080 0.396419
v -0.404787 0.066780 0.409694
v 0.932232 -0.112051 0.409498
v -0.008281 0.351245 0.410088
v 0.965447 -0.473533 -0.211812
v -0.964518 -0.447971 -0.154289
v 0.981829 0.429088 -0.397459
v -0.980501 0.485265 -0.223662
v 0.975147 -0.391961 -0.036471
v 0.993614 -0.440669 0.426935
v -0.383935 -0.144400 -0.439248
v 0.965878 0.480328 -0.414266
v -0.981449 0.426255 0.427375
v 0.201270 0.486435 -0.424921
v 0.989749 0.379141 -0.421966
v -0.416768 -0.011024 -0.420309
v -0.980895 0.480685 0.224481
v -0.998847 0.433441 0.379968
v 0.078052 -0.473684 0.098983
v 0.897360 0.472982 0.422429
v 0.997403 -0.242982 -0.355304
v 0.724112 -0.441125 -0.185742
v 0.778866 -0.441544 -0.124878
v -0.789373 -0.446519 0.320912
v -0.969168 0.272391 0.414876
v 0.987837 0.358159 -0.426689
v 0.631054 0.278289 0.417825
v 0.545559 -0.472770 0.395378
v 0.977565 -0.403580 0.231459
v 0.388141 -0.451327 0.397989
v 0.396416 -0.449655 0.402389
v -0.928631 0.341382 0.407668
v -0.900877 0.333860 0.409748
v -0.441259 -0.448756 0.398378
v 0.469114 -0.453387 0.356150
v 0.667088 0.456550 -0.432309
v -0.979066 -0.028174 0.382686
v -0.998414 -0.472348 -0.286332
v 0.973215 -0.439463 -0.254645
v 0.970100 -0.340088 -0.406028
v 0.331845 -0.446510 -0.411531
v -0.929577 0.090811 0.418261
v 0.453871 -0.445942 0.035305
v 0.487540 -0.482606 0.411834
v 0.157914 -0.446222 -0.410518
v 0.427676 0.483999 -0.425575
v 0.730637 0.456544 -0.432249
v -0.951649 -0.446777 -0.253049
v -0.257270 0.023793 -0.409630
v 0.500631 -0.210839 -0.410398
v -0.011870 -0.251539 -0.437873
v -0.974709 -0.401102 -0.415896
v -0.970041 -0.362448 -0.417516
v 0.960097 0.135570 0.418816
v 0.538620 -0.444006 -0.408580
v -0.480229 -0.472970 0.395143
v 0.605909 0.456771 -0.432469
v 0.987966 0.477373 0.426969
v 0.988179 0.484224 0.399787
v -0.310458 -0.448525 0.402290
v 0.997121 -0.470868 0.248801
v -0.998238 -0.444892 -0.340721
v -0.998176 -0.374391 -0.380275
v 0.971938 0.007794 -0.406327
v -0.961169 -0.043051 0.430223
v 0.345742 0.426860 0.410408
v 0.428103 -0.444483 0.406363
v -0.573495 -0.451948 -0.412643
v -0.980918 -0.483696 -0.381195
v -0.533175 -0.482543 0.410956
v 0.720447 -0.451169 0.289751
v 0.325924 0.459257 -0.422214
v -0.639514 0.018723 -0.413292
v 0.920126 0.332647 -0.417952
v 0.957469 0.385127 0.424050
v 0.919459 -0.377485 -0.429822
v -0.258724 -0.257494 0.409414
v 0.948839 0.414156 -0.414971
v -0.910206 0.037541 -0.433766
v 0.847889 -0.394203 -0.405013
v 0.213946 0.464893 -0.420000
v -0.721992 0.274225 -0.436979
v 0.819675 -0.112891 -0.411244
v 0.960653 0.223571 -0.427957
v -0.847435 -0.449007 -0.224761
v -0.464418 -0.314373 0.417786
v 0.951615 -0.451730 0.366504
v 0.997575 -0.051741 -0.397969
v -0.972637 0.257654 -0.414112
v -0.971217 0.257121 -0.410176
v 0.473894 -0.450087 0.402912
v -0.553823 -0.448469 0.036720
v -0.543675 -0.479738 0.416756
v 0.945586 0.244379 -0.413745
v 0.997818 0.016085 -0.410996
v -0.894545 -0.220145 0.418347
v -0.905818 -0.062582 0.418337
v -0.948519 -0.363404 0.406735
v 0.795412 0.482544 -0.412432
v 0.800441 0.487015 -0.415528
v 0.005183 0.135367 -0.420047
v 0.979110 -0.474452 -0.238530
v 0.973690 0.021875 -0.406248
v 0.984314 -0.280446 -0.429855
v 0.986056 -0.229523 -0.430269
v 0.923924 -0.473026 0.398424
v -0.988226 -0.206062 -0.419156
v 0.772979 -0.450632 0.402833
v -0.974447 -0.449553 -0.177326
v -0.871073 0.299934 -0.418156
v -0.203261 0.485124 -0.419371
v 0.980955 -0.445245 -0.392780
v 0.372766 -0.459114 -0.435276
v 0.327715 -0.332581 -0.408426
v 0.352156 -0.347844 -0.406250
v -0.465152 -0.180151 0.417874
v -0.997074 0.482482 -0.198968
v 0.030494 0.230532 -0.421493
v -0.972487 -0.447133 0.340947
v -0.975254 -0.110658 0.420409
v 0.981784 -0.445946 0.240147
v -0.857640 -0.449610 0.402706
v -0.993593 -0.478392 -0.000299
v -0.011730 -0.459107 -0.435451
v -0.980132 -0.041458 0.356886
v -0.999741 -0.251005 -0.195399
v 0.957504 -0.181562 -0.426014
v 0.984760 -0.485172 -0.056199
v 0.819336 0.141450 -0.416650
v 0.442338 -0.352695 0.417837
v -0.469946 -0.473681 0.041136
v 0.996606 0.282593 -0.395625
v 0.980513 0.211246 -0.332169
v 0.974821 -0.327333 -0.220924
v 0.997567 -0.343950 -0.410946
v -0.860770 -0.472920 -0.410170
v -0.484738 -0.446971 0.398130
v 0.963297 -0.246773 -0.407702
v -0.263047 -0.271074 0.409407
v -0.274288 -0.268683 0.409471
v 0.981876 -0.187842 -0.414793
v -0.976975 0.098874 -0.384572
v 0.980712 -0.457958 0.140500
v 0.942998 -0.444149 -0.119830
v 0.961255 0.037842 0.416925
v -0.966983 0.297518 -0.414169
v -0.978430 -0.105278 -0.387821
v -0.977151 0.428899 -0.430038
v 0.970082 0.011811 -0.411053
v -0.420878 -0.478262 0.405045
v -0.884647 0.323305 0.410141
v -0.753530 0.374812 0.410240
v 0.493611 -0.464671 -0.433352
v 0.941742 -0.473401 -0.397227
v -0.919535 -0.209754 0.407091
v -0.997484 -0.044403 -0.375818
v 0.879590 -0.144125 0.410355
v 0.726256 -0.257430 0.410069
v 0.957747 -0.458935 0.406001
v 0.991013 -0.471346 -0.426843
v 0.964908 0.023088 -0.409255
v 0.947362 -0.279275 -0.426104
v 0.930487 -0.289955 -0.426018
v 0.477700 -0.428316 0.409257
v -0.981338 0.365530 0.029280
v -0.976791 0.025405 -0.376900
v -0.978907 -0.043880 -0.388409
v -0.803529 0.457327 0.417801
v 0.593879 0.221302 -0.437677
v 0.795932 0.480818 0.408526
v -0.962444 0.292238 0.419787
v -0.959510 0.210247 0.424303
v 0.108758 -0.203188 0.409907
v 0.157807 -0.331669 0.409770
v 0.891899 0.043531 -0.415578
v 0.838723 -0.442710 -0.047853
v -0.977783 -0.169006 0.029687
v 0.987148 -0.482820 -0.429448
v 0.772597 -0.443965 0.405709
v 0.903144 0.373421 -0.430011
v -0.082052 -0.124625 0.409545
v -0.974840 0.279903 0.415787
v -0.973023 0.288903 0.410077
v -0.605160 -0.357920 0.409451
v -0.978209 -0.231369 -0.318793
v -0.950324 -0.443502 0.338894
v -0.977260 -0.436719 0.240946
v -0.976024 0.027768 0.055183
v -0.972535 0.030699 -0.406014
v 0.932545 0.293637 0.418900
v 0.978362 0.051517 -0.052566
v 0.983578 -0.483040 0.148095
v 0.545873 0.476383 -0.430966
v -0.926933 0.472955 0.421051
v -0.944483 0.484780 -0.423634
v -0.267386 -0.446149 0.398026
v 0.965134 -0.173350 0.412018
v -0.509936 -0.049413 -0.422669
v -0.417176 -0.037928 -0.422748
v 0.973659 -0.451338 0.411357
v 0.712410 -0.213319 0.417775
v -0.938954 -0.463529 -0.426101
v 0.020797 -0.015197 -0.439733
v 0.976615 0.166106 -0.407090
v 0.889849 0.012990 0.410159
v 0.853828 -0.480497 -0.423599
v 0.114093 -0.202906 -0.416138
v 0.391925 0.057940 0.417886
v -0.715422 -0.424819 -0.419121
v -0.998302 0.149223 -0.396787
v -0.998213 0.043215 -0.393154
v -0.999425 0.079529 -0.331078
v 0.993937 -0.221013 -0.410332
v -0.981503 0.394355 0.097314
v -0.109187 -0.272938 0.409379
v -0.205096 0.259182 -0.420354
v 0.968510 -0.474046 -0.187188
v -0.369302 -0.450016 -0.323207
v -0.967575 -0.475059 -0.399907
v 0.900067 0.235118 -0.417818
v 0.925822 -0.440045 -0.331846
v 0.251456 -0.473417 0.369392
v 0.732185 -0.031666 -0.416085
v -0.226095 0.001990 -0.418179
v 0.965873 -0.451229 -0.184312
v 0.990320 -0.109794 -0.422709
v -0.876451 -0.447800 0.156228
v -0.996193 -0.051193 -0.396451
v 0.315707 -0.482482 -0.406855
v -0.579061 -0.450713 -0.379763
v 0.617321 -0.442946 -0.048776
v -0.977578 0.434934 -0.172638
v -0.976642 0.454549 -0.220191
v -0.500830 0.468213 -0.416133
v 0.967935 -0.453354 0.411348
v 0.921235 0.474213 0.423528
v -0.544671 0.021146 0.417862
v -0.999473 0.170962 0.055609
v -0.997786 0.414633 -0.413848
v -0.144701 -0.295654 0.417838
v 0.997781 -0.273288 -0.230240
v 0.997020 -0.196693 -0.284911
v -0.979866 0.367513 0.179914
v -0.998852 0.108092 0.389662
v -0.998799 0.046743 0.411545
v 0.647402 -0.392196 -0.403414
v 0.624278 0.432135 0.410483
v 0.661684 -0.157981 -0.413272
v 0.742737 -0.135397 -0.413005
v -0.252892 0.472375 0.405883
v -0.933728 -0.212006 0.405404
v 0.957755 0.195536 0.423812
v -0.975925 -0.450280 -0.358933
v 0.980003 -0.012603 0.396144
v -0.733083 0.121760 -0.414729
v -0.311616 -0.175458 0.417967
v -0.172099 -0.130568 -0.421007
v 0.983353 0.039495 0.426185
v -0.991335 -0.345086 -0.423551
v 0.974503 -0.474005 0.375948
v 0.387499 -0.474733 0.418619
v 0.959426 -0.440252 -0.167546
v 0.963735 -0.341349 0.422516
v 0.214894 -0.482257 -0.409922
v -0.046612 0.169325 -0.438518
v 0.568424 0.485320 0.413914
v 0.907613 -0.473639 0.100115
v 0.978411 -0.046749 -0.387511
v 0.185113 -0.087972 -0.417752
v 0.234599 -0.073521 -0.417768
v 0.307911 -0.428779 -0.403779
v -0.797079 -0.449126 0.129542
v -0.091715 -0.448898 0.287496
v 0.996961 -0.398453 0.018887
v -0.471983 -0.448818 0.399716
v -0.833875 -0.459231 0.418072
v 0.932674 -0.233824 0.418882
v -0.537048 -0.160410 0.410010
v 0.968662 -0.200562 -0.406015
v -0.621442 0.452535 -0.421365
v 0.762230 -0.142140 -0.412123
v 0.951082 -0.080755 0.425222
v -0.391363 -0.473479 0.395088
v -0.928062 0.323856 -0.425720
v -0.985493 -0.485144 -0.300107
v -0.970849 -0.197948 -0.417947
v 0.994778 0.410785 0.085461
v -0.059578 -0.048690 0.417629
v -0.979345 0.276356 0.251582
v -0.954046 -0.473756 -0.336128
v 0.442084 -0.453915 0.365618
v 0.977310 0.475094 0.352393
v 0.349788 -0.450114 0.402450
v 0.357491 -0.449949 0.402341
v -0.874684 -0.449069 -0.135876
v 0.879791 -0.463501 -0.430796
v 0.146372 -0.431022 0.408742
v 0.134543 -0.419653 0.408853
v 0.161772 -0.430993 0.408766
v -0.124767 -0.448631 0.402290
v 0.990838 -0.111388 -0.426458
v -0.105334 0.457193 0.417628
v -0.098562 -0.449481 0.403046
v 0.930844 -0.324566 -0.426350
v 0.374929 -0.439900 -0.384673
v -0.992538 -0.479600 -0.243256
v 0.961945 -0.451654 0.040977
v 0.980431 0.040672 0.382759
v 0.975734 0.034677 0.412930
v 0.466036 -0.428374 0.409308
v 0.978948 -0.432826 0.269815
v 0.979330 -0.474152 0.111882
v -0.986524 -0.275871 0.435184
v -0.926892 0.222306 -0.428039
v 0.991564 -0.183025 -0.421023
v -0.461419 0.000585 -0.418095
v 0.179129 -0.403120 -0.409104
v -0.975193 -0.449240 -0.255059
v 0.304056 0.422303 -0.421661
v 0.952305 0.297154 0.407676
v 0.050889 0.459178 0.418196
v 0.981465 0.210037 -0.375865
v -0.229056 -0.446558 0.238951
v -0.991405 0.035912 -0.425423
v -0.973362 -0.375955 -0.409767
v 0.998361 -0.292726 -0.410069
v -0.116797 -0.295096 0.409325
v 0.944929 -0.442420 -0.157528
v 0.269675 -0.484782 -0.415839
v 0.176033 -0.135164 -0.415701
v -0.649176 -0.440867 -0.435796
v -0.382245 0.463582 -0.419011
v 0.952242 0.303180 0.426714
v -0.981469 0.411177 0.138643
v 0.028334 -0.484876 -0.416870
v -0.752889 -0.443755 0.405639
v 0.977595 -0.021623 -0.368466
v -0.471539 -0.448778 0.402419
v 0.961225 0.022491 -0.428064
v -0.971071 -0.085237 -0.418855
v -0.809177 0.473771 0.406606
v 0.647216 0.463545 -0.419535
v -0.989384 -0.133197 -0.417643
v -0.951324 0.124052 0.425223
v -0.938027 0.295896 -0.425971
v -0.202057 -0.242308 -0.419285
v -0.961784 -0.343399 0.430111
v 0.964467 0.023985 -0.415515
v 0.981628 0.227235 -0.432445
v -0.978617 -0.176620 -0.387585
v -0.974130 -0.144753 -0.418543
v 0.981147 0.368492 -0.259275
v 0.982796 -0.213869 -0.430110
v -0.109263 0.481842 0.410612
v -0.222118 -0.100220 0.409448
v 0.980484 0.302876 -0.336100
v -0.980271 0.330444 0.427871
v 0.895856 0.413204 0.410639
v 0.982069 -0.247858 -0.422540
v 0.975227 0.399600 -0.094043
v -0.117027 -0.031678 0.409537
v 0.308659 0.473929 0.408937
v 0.363789 -0.483457 0.412832
v -0.968785 0.319765 0.414969
v -0.968740 0.319970 0.408766
v -0.995123 -0.067783 -0.410534
v -0.995982 -0.043344 -0.405050
v 0.029904 0.397146 -0.422210
v 0.352924 -0.473837 -0.397338
v -1.000270 -0.470688 -0.155848
v 0.980396 0.035067 -0.397788
v -0.965451 -0.083680 -0.424110
v -0.966306 -0.025505 -0.422155
v -0.874298 -0.223548 -0.417251
v 0.846159 -0.004023 -0.431667
v -0.933643 -0.153677 -0.409912
v -0.994804 -0.252243 -0.414035
v -0.839933 -0.038583 -0.419764
v 0.438147 -0.473659 -0.378952
v 0.559499 -0.473816 -0.274751
v -0.943264 -0.450996 0.341888
v -0.930132 0.302923 0.418162
v -0.043771 -0.447205 0.076791
v -0.485288 0.460306 -0.433593
v -0.961784 -0.483654 0.413879
v 0.399792 -0.415596 0.409303
v 0.415325 -0.415624 0.409344
v -0.960765 -0.045193 0.406313
v 0.993066 -0.241700 -0.420395
v 0.918469 -0.451079 0.339557
v 0.904671 -0.481156 0.409353
v 0.996925 -0.444202 0.079843
v 0.977908 0.039731 0.130340
v 0.813926 -0.473589 -0.062554
v 0.694999 -0.473795 -0.142897
v -0.999586 0.135554 -0.090581
v 0.665316 -0.473360 0.378124
v 0.495895 -0.473814 -0.396913
v -0.999113 0.317408 -0.241444
v 0.957038 0.283096 0.424463
v 0.965973 0.396699 -0.415129
v 0.714447 -0.150876 -0.437034
v -0.997057 0.378799 0.421124
v -0.992426 0.301365 0.427234
v 0.991462 -0.037905 -0.419130
v -0.996631 0.473408 -0.414062
v -0.978214 0.214834 0.176711
v 0.732402 -0.450629 0.402774
v -0.189258 0.195651 -0.419293
v 0.525498 -0.430326 0.409091
v 0.540996 -0.415304 0.409301
v -0.659302 0.035047 -0.410891
v -0.951141 0.186377 0.426056
v -0.944044 0.293395 0.422922
v -0.952282 0.233539 0.408709
v 0.996760 -0.407853 0.191474
v 0.730118 -0.473754 -0.311491
v -0.979665 -0.412356 0.371599
v -0.996867 -0.210710 -0.397509
v 0.953337 -0.277747 -0.408244
v 0.963436 -0.271757 -0.408354
v 0.976390 -0.362740 0.184435
v -0.754832 0.224844 -0.419047
v 0.420826 -0.357133 -0.437195
v -0.953442 -0.439911 0.367284
v 0.976603 -0.087614 -0.200365
v -0.798617 -0.465980 -0.434697
v -0.691572 -0.465975 -0.433717
v -0.939795 0.378495 -0.425928
v 0.887856 0.262181 -0.417938
v -0.903116 -0.033586 -0.431203
v 0.170217 -0.254636 -0.413997
v -0.989287 0.423497 -0.427774
v 0.016993 -0.411772 0.409217
v 0.981122 0.147321 -0.390827
v 0.269881 -0.441227 -0.215528
v -0.673850 0.458322 -0.432637
v 0.996003 0.386487 0.413031
v 0.980616 0.307347 -0.404488
v -1.000250 0.472782 0.247385
v 0.171106 -0.473670 0.197446
v -0.952540 -0.223724 0.406262
v -0.188633 0.385094 0.417947
v -0.217423 -0.033021 -0.422805
v 0.787065 0.344756 -0.433049
v -0.962670 0.034451 0.424702
v 0.977310 -0.101573 -0.390897
v -0.723438 -0.301516 0.417912
v 0.650232 -0.430187 0.409170
v 0.650121 -0.415079 0.409329
v 0.680992 -0.415107 0.409357
v 0.011272 -0.129867 0.410033
v -0.563904 -0.286697 0.409907
v -0.982222 0.407804 0.050084
v 0.404335 -0.449751 0.402527
v 0.990962 0.320781 0.424948
v 0.986254 -0.012317 -0.430593
v 0.384061 0.203689 -0.420158
v 0.975791 -0.158172 -0.163430
v 0.975004 -0.281937 -0.186441
v -0.998058 0.407882 0.264191
v -0.996651 -0.220589 -0.409213
v 0.973536 -0.208467 -0.411654
v 0.894945 -0.353625 -0.430267
v 0.165889 -0.473679 -0.398350
v -0.932000 -0.482112 -0.413931
v -0.302929 -0.171190 -0.439077
v -0.532571 0.358879 -0.436480
v -0.447659 0.369462 -0.437259
v -0.389472 0.270072 -0.438545
v -0.975465 0.416173 -0.406382
v 0.976651 0.215041 -0.406857
v 0.875884 0.147942 -0.431701
v 0.914294 0.227040 0.410217
v 0.941878 0.304625 0.409418
v 0.931385 0.231566 0.418379
v -0.306762 -0.238231 0.409483
v 0.756625 -0.473559 0.035849
v -0.400918 -0.444171 0.398007
v 0.998011 -0.368408 -0.405602
v 0.952168 0.426017 0.427209
v -0.998533 0.213224 -0.411305
v 0.275240 -0.473639 0.221024
v -0.958862 -0.438821 0.362599
v 0.176073 -0.473573 0.332188
v 0.977429 0.282324 -0.407589
v -0.820020 -0.473634 -0.346542
v 0.976344 -0.287213 0.235868
v -0.532446 0.072035 -0.413710
v -0.968867 -0.355233 -0.407397
v -0.978063 -0.444185 0.408460
v 0.576269 -0.442108 -0.347329
v 0.870215 -0.042317 -0.410873
v 0.044241 0.328922 -0.436302
v -0.265258 -0.175410 0.409587
v -0.978139 0.352670 -0.231577
v 0.512149 -0.133546 -0.412676
v 0.753363 -0.473417 0.400532
v 0.959925 -0.200047 0.426390
v -0.264716 0.017149 -0.411520
v -0.975010 -0.455407 0.397245
v 0.963531 -0.141461 -0.416540
v -0.611292 -0.472120 -0.430631
v 0.994026 -0.029213 0.420179
v -0.112237 -0.449074 0.402687
v -0.995738 -0.044763 0.412845
v -0.998147 -0.273196 -0.378146
v -0.953116 -0.447091 -0.190131
v -0.959600 0.021301 -0.428167
v -0.978971 -0.478451 0.409490
v 0.982445 -0.037646 -0.421619
v 0.976678 -0.400250 0.089818
v -0.132273 -0.281191 0.409316
v -0.406488 0.043405 -0.409856
v 0.997327 -0.452040 -0.411321
v -0.975532 -0.201406 0.419383
v -0.952010 0.359181 0.424187
v -0.952986 0.219878 -0.429714
v 0.971621 -0.441746 -0.237537
v 0.548766 0.474459 -0.412397
v 0.463874 -0.440767 -0.207154
v 0.969019 0.304444 0.410492
v 0.978197 0.052211 -0.218552
v 0.973189 -0.154775 0.412109
v 0.346832 -0.452284 0.357386
v -0.997765 -0.175166 -0.376131
v -0.996324 -0.136203 -0.396982
v -0.799193 -0.473307 0.360706
v 0.457102 0.034010 -0.418873
v 0.979879 -0.044857 0.387716
v 0.977130 -0.249263 0.336767
v 0.346659 -0.279506 0.409972
v -0.998817 0.043481 0.338839
v -0.206081 -0.446390 0.402447
v 0.396054 -0.442797 0.402911
v -0.951969 0.279967 0.409245
v -0.291995 -0.483330 0.411086
v -0.532820 -0.214083 -0.419956
v -0.998089 0.118670 0.413759
v -0.958169 -0.030928 -0.426979
v -0.881834 -0.209997 -0.433971
v -0.235290 -0.445474 0.402516
v -0.966205 -0.311312 0.430671
v -0.018142 0.465458 -0.436224
v -0.756171 0.172539 -0.417537
v -0.999269 -0.388348 -0.243145
v -0.998818 0.012335 0.387234
v 0.996706 -0.319239 0.226476
v 0.835127 0.474732 -0.413060
v 0.946518 -0.044665 -0.426028
v -0.976751 0.030114 0.291057
v -0.692738 0.213249 0.410188
v 0.892821 0.142962 0.410546
v 0.101917 -0.189483 -0.438983
v -0.977051 0.410838 -0.429246
v 0.069421 0.458540 0.409869
v -0.976080 0.155612 -0.279707
v 0.970250 0.170450 -0.410090
v -0.974932 -0.282764 -0.417428
v -0.415481 -0.446307 0.300505
v 0.435441 0.367691 0.410465
v -0.978090 0.365738 -0.397991
v 0.980316 -0.406092 0.369877
v -0.072628 -0.442540 0.403924
v 0.082879 -0.147198 0.417852
v 0.994944 0.431578 -0.345256
v 0.276738 0.463823 -0.420565
v 0.414223 -0.474827 0.400279
v 0.981854 -0.086310 -0.414829
v 0.791351 -0.452682 0.400690
v -0.948013 -0.408150 -0.409942
v 0.996263 -0.123155 -0.404655
v 0.998006 -0.232380 -0.402559
v -0.968745 -0.450299 -0.055350
v -0.979798 0.425015 0.042031
v 0.980108 0.215451 0.090232
v 0.964333 -0.272258 -0.416060
v -0.582747 -0.442494 0.399394
v 0.853056 -0.473877 -0.397570
v -0.753478 -0.427135 0.417892
v 0.980457 0.466355 -0.285054
v -0.973565 -0.153940 -0.408352
v -0.976629 0.303843 -0.397945
v 0.242913 -0.395234 0.409301
v -0.960972 -0.086223 0.405433
v 0.982718 -0.027614 -0.430609
v -0.999330 -0.447208 0.050008
v -0.609889 -0.474571 0.418650
v 0.982906 -0.482914 -0.266492
v -0.972940 -0.319169 -0.409986
v -0.717518 -0.425778 -0.436437
v -0.173145 0.480320 0.418449
v 0.974088 0.389544 -0.414528
v -0.995920 -0.168135 -0.410624
v -0.979269 -0.333306 0.368966
v 0.990614 -0.344747 0.431401
v 0.982096 0.489532 -0.407521
v -0.925742 0.462971 -0.425048
v 0.977243 -0.224768 -0.363838
v 0.676411 -0.483530 0.410271
v -0.941304 0.035986 0.424211
v -0.529352 -0.473603 0.169997
v 0.975938 -0.177726 -0.073473
v 0.997829 -0.385266 -0.200264
v 0.913001 -0.046429 -0.430496
v 0.748794 0.201693 0.410789
v -0.094214 -0.447645 0.248118
v 0.446179 -0.484839 -0.414605
v -0.920400 0.391116 -0.411473
v -0.977074 0.168151 -0.088086
v -0.976789 0.106403 0.399091
v 0.297920 0.455925 0.410244
v 0.881324 -0.216452 -0.408799
v -0.506334 0.038529 0.409814
v 0.721902 -0.250875 -0.436812
v 0.286776 -0.458972 -0.435402
v 0.329976 -0.140570 -0.414065
v 0.107614 -0.142584 -0.417537
vn -0.0199 0.0065 -0.9998
vn -0.0113 0.1162 -0.9932
vn 0.1594 -0.0610 -0.9853
vn 0.3652 -0.0277 -0.9305
vn -0.2790 -0.0025 -0.9603
vn 0.0435 -0.0779 -0.9960
vn 0.5792 -0.0254 -0.8148
vn 0.0149 0.0254 -0.9996
vn 0.7194 -0.0611 -0.6919
vn 0.0186 -0.0006 -0.9998
vn -0.0155 0.0209 -0.9997
vn 0.6779 0.5505 -0.4873
vn -0.7206 -0.4343 0.5404
vn 0.9656 0.0515 0.2549
vn 0.1956 0.0483 0.9795
vn 0.6280 0.2742 0.7283
vn 0.0575 0.0513 0.9970
vn 0.4928 -0.0519 0.8686
vn 0.3914 -0.5934 0.7034
vn 0.9086 0.0796 0.4099
vn 0.8855 0.0338 0.4635
vn 0.7822 -0.0275 -0.6224
vn 0.2691 0.0442 0.9621
vn 0.9356 0.0453 0.3502
vn 0.2192 -0.0578 0.9740
vn 0.9840 -0.1564 0.0848
vn 0.6623 -0.3794 0.6460
vn 0.5612 0.0663 0.8250
vn -0.0023 -0.1743 0.9847
vn 0.0056 -0.3534 0.9355
vn 0.0165 -0.0706 0.9974
vn -0.0085 0.0237 0.9997
vn -0.0087 0.0296 0.9995
vn -0.0118 -0.0007 0.9999
vn -0.0069 -0.2850 0.9585
vn -0.0353 -0.1848 0.9821
vn -0.0247 -0.0113 0.9996
vn -0.0021 -0.0731 0.9973
vn -0.0033 -0.3450 0.9386
vn 0.0051 0.0129 0.9999
vn 0.0236 -0.1223 0.9922
vn 0.0026 0.0019 1.0000
vn 0.0038 -0.0881 0.9961
vn 0.0056 -0.4962 0.8682
vn 0.0011 -0.1604 0.9870
vn -0.0125 0.0394 0.9991
vn 0.3093 0.9475 -0.0815
vn 0.0813 0.9908 -0.1087
vn -0.0725 0.9960 0.0523
vn 0.0171 0.9979 -0.0624
vn -0.8045 0.5876 -0.0865
vn 0.0169 0.9995 -0.0257
vn -0.8392 0.5395 -0.0689
vn -0.3188 0.4357 0.8418
vn -0.1192 0.8671 0.4836
vn 0.0948 0.9950 -0.0310
vn 0.1192 0.9873 -0.1052
vn 0.1073 0.9751 -0.1943
vn 0.0636 0.9694 -0.2370
vn -0.6782 0.7270 -0.1075
vn -0.7446 0.6139 0.2621
vn 0.2142 0.9520 0.2188
vn -0.6151 0.7875 -0.0371
vn -0.7135 0.6972 -0.0696
vn 0.0308 0.9980 -0.0544
vn 0.0329 0.9993 0.0174
vn 0.0318 0.9992 -0.0225
vn -0.3857 0.9226 -0.0010
vn 0.1306 0.9914 -0.0115
vn -0.3860 0.9222 -0.0245
vn -0.0754 0.9971 -0.0063
vn 0.0046 0.9998 -0.0196
vn 0.6527 -0.0403 0.7566
vn 0.9665 0.0148 0.2562
vn 0.9491 0.0303 0.3135
vn 0.5053 0.0047 0.8629
vn 0.1199 -0.0423 0.9919
vn 0.0766 0.9831 0.1663
vn 0.0620 0.3743 0.9252
vn -0.1878 -0.2001 0.9616
vn 0.4259 0.9045 0.0220
vn 0.1809 0.9820 0.0553
vn 0.1312 0.9892 -0.0661
vn -0.3628 0.9313 0.0324
vn 0.2016 0.9479 -0.2468
vn 0.1306 0.3712 0.9193
vn 0.2946 0.0076 0.9556
vn 0.7320 -0.0093 -0.6812
vn 0.9487 -0.0864 0.3042
vn 0.0243 -0.0827 0.9963
vn -0.0127 0.9997 -0.0211
vn 0.1235 0.9905 0.0600
vn -0.0015 0.0269 0.9996
vn 0.0788 0.0927 0.9926
vn 0.9651 0.0526 0.2567
vn 0.7520 -0.1060 0.6506
vn 0.0945 0.0508 0.9942
vn 0.0302 0.0121 0.9995
vn 0.0043 -0.0236 0.9997
vn 0.0955 -0.0618 0.9935
vn 0.0434 0.0260 0.9987
vn 0.9078 0.0111 0.4193
vn 0.6184 -0.0323 0.7852
vn 0.7916 -0.0605 0.6080
vn 0.9646 0.0004 -0.2638
vn 0.8989 -0.0792 0.4309
vn 0.0348 -0.0190 0.9992
vn 0.7955 0.0719 0.6016
vn 0.8626 0.0161 -0.5056
vn 0.5806 0.1497 0.8003
vn -0.1030 0.0335 0.9941
vn -0.0365 -0.0715 0.9968
vn 0.6209 0.0302 0.7833
vn 0.0229 0.1300 0.9912
vn -0.0384 0.0078 0.9992
vn 0.9953 -0.0031 0.0966
vn 0.6735 0.1535 0.7231
vn -0.1202 0.0083 0.9927
vn -0.0224 0.0051 0.9997
vn 0.0328 -0.0670 0.9972
vn 0.9708 -0.0993 0.2183
vn 0.4197 0.0330 0.9070
vn 0.9986 -0.0035 -0.0533
vn 0.6226 -0.2722 0.7337
vn 0.7125 -0.1885 0.6759
vn 0.4774 -0.0052 0.8787
vn 0.1691 0.0565 0.9840
vn -0.1091 -0.0869 0.9902
vn 0.8504 -0.0964 0.5172
vn 0.0058 -0.0976 0.9952
vn -0.9455 0.0462 0.3224
vn 0.5584 -0.3732 -0.7408
vn -0.1963 0.0113 0.9805
vn 0.4271 0.0027 0.9042
vn 0.6852 0.0040 0.7283
vn -0.1767 -0.0494 0.9830
vn -0.0074 -0.0153 0.9999
vn -0.0690 0.0183 0.9974
vn -0.2058 0.0965 0.9738
vn 0.0347 -0.0083 0.9994
vn 0.2089 -0.0047 0.9779
vn -0.1493 0.0681 0.9864
vn -0.3729 -0.0135 0.9278
vn 0.0088 -0.0365 0.9993
vn 0.8778 0.0964 0.4692
vn 0.9904 -0.0118 0.1375
vn -0.0771 0.0385 0.9963
vn 0.0405 0.0458 0.9981
vn -0.1938 0.0419 0.9801
vn 0.5064 0.3185 0.8013
vn -0.1673 -0.0004 0.9859
vn -0.6788 0.2362 0.6953
vn 0.5991 -0.1001 0.7944
vn -0.3443 -0.0749 0.9359
vn -0.4916 -0.5415 -0.6820
vn 0.4207 0.0439 0.9061
vn 0.2242 0.1520 0.9626
vn -0.0275 0.0181 0.9995
vn -0.9913 0.1318 -0.0023
vn -0.4535 -0.0715 0.8884
vn 0.1409 -0.0143 0.9899
vn -0.2300 -0.2392 0.9433
vn 0.7106 -0.7027 -0.0346
vn -0.0382 0.0054 0.9993
vn -0.0086 -0.0264 0.9996
vn -0.0128 -0.3451 0.9385
vn 0.0080 -0.0909 0.9958
vn 0.0091 -0.3188 0.9478
vn -0.0053 0.0386 0.9992
vn -0.0234 0.5749 0.8179
vn -0.1487 -0.0038 0.9889
vn -0.3661 0.0060 0.9305
vn -0.9963 0.0458 0.0729
vn -0.9666 0.0379 0.2534
vn -0.9468 -0.2917 0.1362
vn -0.9669 -0.2493 0.0543
vn -0.9055 -0.4219 0.0447
vn -0.9196 -0.3768 0.1113
vn -0.9346 -0.3328 0.1256
vn -0.9650 -0.2574 -0.0498
vn -0.7431 -0.6587 -0.1181
vn -0.8296 -0.5510 -0.0904
vn -0.9540 -0.2984 0.0301
vn -0.9952 -0.0133 -0.0969
vn -0.9284 -0.3708 -0.0238
vn -0.9277 -0.3559 -0.1130
vn -0.6145 -0.4209 -0.6673
vn -0.7518 -0.2487 -0.6107
vn -0.8849 -0.2180 -0.4116
vn -0.8974 -0.3651 -0.2478
vn -0.8450 -0.2177 -0.4884
vn -0.8135 -0.2878 -0.5054
vn -0.8905 -0.4175 -0.1807
vn -0.9620 0.0265 0.2717
vn -0.7462 -0.3220 -0.5827
vn -0.6856 -0.1744 -0.7068
vn -0.2025 0.9775 0.0599
vn 0.0113 0.9954 0.0949
vn -0.5374 0.8430 0.0222
vn -0.1563 0.1002 -0.9826
vn -0.1451 0.4926 -0.8581
vn -0.0337 -0.0663 -0.9972
vn 0.1144 0.1878 -0.9755
vn 0.0898 0.8393 -0.5362
vn 0.0935 0.1037 -0.9902
vn -0.0712 -0.0198 -0.9973
vn -0.1917 0.0128 -0.9814
vn -0.4352 -0.3308 -0.8374
vn 0.3107 0.1695 -0.9353
vn -0.0247 0.0553 -0.9982
vn 0.3377 0.0602 -0.9393
vn 0.0825 0.0324 -0.9961
vn -0.6909 -0.0629 0.7202
vn 0.1025 0.0194 -0.9945
vn -0.1439 -0.0334 -0.9890
vn 0.4579 0.0360 -0.8883
vn 0.1107 0.0020 -0.9938
vn -0.6774 -0.2347 0.6972
vn 0.1214 0.0707 -0.9901
vn 0.0257 0.0714 -0.9971
vn -0.0744 -0.0094 -0.9972
vn -0.7667 -0.0846 -0.6365
vn -0.8915 -0.0194 -0.4526
vn -0.7244 -0.6766 0.1322
vn 0.3042 0.1251 -0.9444
vn 0.9875 0.1504 -0.0476
vn -0.9069 -0.0468 0.4187
vn -0.1938 -0.2446 -0.9501
vn 0.9553 -0.2164 -0.2015
vn 0.9136 -0.0188 -0.4061
vn -0.8928 0.1369 -0.4291
vn 0.4105 -0.1849 -0.8929
vn -0.2299 -0.1182 -0.9660
vn 0.0023 -0.2585 -0.9660
vn -0.0052 -0.4495 -0.8933
vn -0.0058 -0.5584 -0.8296
vn 0.8516 0.0011 0.5241
vn 0.6568 -0.0105 0.7540
vn 0.5798 0.0121 0.8146
vn 0.0086 0.0067 0.9999
vn 0.0077 -0.0264 0.9996
vn 0.0075 -0.0949 0.9955
vn 0.9926 0.0691 0.0995
vn 0.9634 0.2356 0.1281
vn 0.9987 -0.0002 0.0506
vn 1.0000 -0.0009 -0.0040
vn 1.0000 0.0020 -0.0009
vn 1.0000 -0.0030 -0.0055
vn -0.0013 0.9769 0.2137
vn -0.0280 0.4850 0.8741
vn -0.0260 0.9952 0.0941
vn 1.0000 0.0031 -0.0000
vn 0.9982 -0.0591 -0.0093
vn 1.0000 0.0051 0.0068
vn 0.0297 0.0006 0.9996
vn -0.0215 0.0207 0.9996
vn -0.0091 0.0144 0.9999
vn -0.0231 0.0196 0.9995
vn 0.0171 0.9997 0.0198
vn 0.1615 0.9862 0.0375
vn -0.0070 0.9997 0.0231
vn 0.0067 0.0070 -1.0000
vn 0.0124 0.0056 -0.9999
vn 0.0078 0.0046 -1.0000
vn 0.0025 0.0098 -0.9999
vn 0.0042 0.0098 -0.9999
vn 0.0025 0.0115 -0.9999
vn -0.0085 0.0616 0.9981
vn -0.0021 0.0273 0.9996
vn 0.0014 0.0238 0.9997
vn 0.0362 0.5518 -0.8332
vn 0.0707 0.3050 -0.9497
vn 0.1595 0.9693 -0.1872
vn -0.0016 0.0071 -1.0000
vn -0.0050 0.0098 -0.9999
vn -0.0028 0.0058 -1.0000
vn -0.0046 0.0543 0.9985
vn -0.0145 0.0793 0.9967
vn -0.0143 0.0807 0.9966
vn -0.6247 -0.0067 -0.7808
vn -0.7389 -0.0016 -0.6738
vn -0.5681 0.0059 -0.8229
vn -0.5697 0.0442 0.8207
vn -0.5329 0.0057 0.8461
vn -0.0066 0.0345 0.9994
vn -0.2639 -0.0061 -0.9645
vn -0.2334 -0.0137 -0.9723
vn -0.8290 0.0066 -0.5592
vn -0.0052 0.9130 -0.4078
vn 0.0252 0.8457 -0.5331
vn 0.0157 0.1975 -0.9802
vn -0.0193 0.1835 -0.9828
vn -0.0033 0.6001 -0.7999
vn 0.0039 0.7473 -0.6645
vn 0.0049 0.9676 -0.2526
vn -0.0001 -0.0073 1.0000
vn 0.0040 -0.0000 1.0000
vn 0.0035 -0.0811 0.9967
vn 0.2732 0.9616 0.0266
vn 0.7005 0.7135 0.0144
vn 0.9758 0.2184 -0.0128
vn 0.6956 -0.7181 0.0218
vn 0.6445 -0.7632 0.0458
vn 0.0712 -0.9973 0.0184
vn 0.0054 0.3366 -0.9416
vn 0.0099 0.6212 -0.7836
vn 0.0164 0.1506 -0.9885
vn -0.9712 -0.0079 0.2381
vn -0.9683 -0.0035 -0.2498
vn -0.9822 0.0232 0.1863
vn 0.0170 -0.1743 0.9845
vn -0.0038 -0.3582 0.9336
vn 0.0109 -0.0755 0.9971
vn 0.0035 -0.3302 0.9439
vn 0.0015 -0.9977 0.0677
vn 0.0042 -0.3281 0.9446
vn -0.3070 -0.9505 -0.0483
vn -0.7481 -0.6632 -0.0233
vn -0.5489 -0.8349 0.0399
vn -0.4912 0.0090 0.8710
vn -0.8853 0.0022 0.4651
vn -0.5963 0.0333 0.8021
vn 1.0000 0.0010 -0.0054
vn 0.9994 0.0010 0.0355
vn 0.9998 0.0080 0.0171
vn 0.7284 0.6839 0.0420
vn 0.7515 0.6563 0.0674
vn -0.3344 0.9388 0.0824
vn -0.9980 0.0631 -0.0000
vn -0.9453 0.3256 -0.0198
vn -0.6475 0.7617 -0.0225
vn 0.0074 0.0074 0.9999
vn 0.0134 0.0087 0.9999
vn -0.0029 0.0084 1.0000
vn -0.1370 0.0128 -0.9905
vn -0.1177 0.0045 -0.9930
vn -0.0198 0.0140 -0.9997
vn 0.4864 0.0233 0.8734
vn 0.9572 -0.0000 0.2895
vn 0.5675 -0.0029 0.8233
vn 0.0001 0.0009 -1.0000
vn -0.0001 0.0015 -1.0000
vn 0.0003 0.0011 -1.0000
vn 0.0924 -0.0013 -0.9957
vn 0.1261 -0.0001 -0.9920
vn 0.1468 -0.0013 -0.9892
vn -0.0411 -0.9972 0.0624
vn -0.0148 -0.7269 0.6866
vn -0.0288 -0.7403 0.6717
vn 0.2392 0.1654 -0.9568
vn 0.7975 0.0077 -0.6032
vn 0.7671 0.0197 -0.6413
vn -0.9289 0.0132 -0.3701
vn -0.6200 0.0228 -0.7842
vn -0.9334 0.0093 -0.3588
vn 0.7817 0.0400 -0.6223
vn 0.7376 -0.6375 -0.2227
vn 0.6476 -0.2127 -0.7317
vn 0.6971 -0.0358 -0.7161
vn 0.0309 -0.1578 -0.9870
vn -0.6659 0.0173 -0.7458
vn -0.3764 -0.0152 -0.9263
vn -0.0406 -0.0021 -0.9992
vn -0.0171 -0.0072 -0.9998
vn -0.0056 0.9999 0.0152
vn 0.0022 0.9997 0.0243
vn 0.0020 0.9993 0.0361
vn 0.5421 0.8402 0.0149
vn -0.2452 0.9652 0.0911
vn -0.2216 0.9732 0.0612
vn 0.9999 0.0093 0.0083
vn 0.9997 0.0198 0.0112
vn 0.9999 0.0113 0.0051
vn -0.0044 0.0041 -1.0000
vn -0.0026 0.0017 -1.0000
vn -0.0017 0.0021 -1.0000
vn -0.7856 -0.0223 -0.6184
vn -0.7912 0.0070 -0.6115
vn -0.9063 0.0012 -0.4226
vn 0.0021 1.0000 -0.0087
vn -0.0015 1.0000 -0.0023
vn -0.0000 0.9995 -0.0301
vn 0.3625 0.0029 0.9320
vn 0.2014 -0.0009 0.9795
vn 0.1264 -0.0002 0.9920
vn -0.0004 0.0002 -1.0000
vn -0.5721 0.8201 0.0086
vn -0.8810 0.4730 -0.0140
vn -0.8347 0.5506 -0.0100
vn -0.9837 -0.1273 -0.1272
vn 0.0128 -0.9130 0.4076
vn 0.0017 -0.9259 -0.3776
vn -0.0041 -0.9312 0.3645
vn -0.0004 -0.0068 -1.0000
vn -0.0015 -0.0087 -1.0000
vn -0.0002 -0.0096 -1.0000
vn -0.0177 -0.9884 0.1510
vn -0.0038 -0.9992 0.0403
vn -0.0012 -0.9575 0.2883
vn -0.0191 -0.9977 0.0649
vn 0.0034 -0.7271 0.6866
vn -0.0040 -0.8987 -0.4386
vn 0.0012 -0.6373 -0.7707
vn 0.0050 -0.8494 -0.5278
vn -0.0007 -0.0318 0.9995
vn 0.0117 0.2373 0.9714
vn -0.0016 0.5765 0.8171
vn -0.0051 0.3167 -0.9485
vn 0.0090 0.3330 -0.9429
vn -0.0000 0.0445 -0.9990
vn -0.9995 -0.0318 -0.0009
vn -0.9979 -0.0004 0.0645
vn -0.9779 -0.1642 0.1294
vn 0.0126 0.5305 0.8476
vn 0.0028 0.0005 1.0000
vn -0.0118 0.1193 0.9928
vn 0.0005 0.9813 -0.1923
vn 0.0867 0.5939 -0.7999
vn 0.0071 0.8683 -0.4959
vn -0.0022 0.9999 -0.0112
vn -0.0035 0.9998 -0.0217
vn -0.0042 0.9997 -0.0255
vn -0.0070 0.0675 -0.9977
vn -0.0018 0.3237 -0.9462
vn 0.0120 0.1069 -0.9942
vn -0.6104 0.0099 -0.7920
vn 0.1328 0.0029 -0.9911
vn -0.1522 0.0069 -0.9883
vn 0.9975 0.0657 0.0255
vn 0.9995 0.0318 -0.0059
vn 0.9984 0.0431 0.0375
vn -0.0179 0.9998 -0.0029
vn -0.0648 0.9699 -0.2346
vn 0.0201 0.9620 -0.2722
vn -0.0025 0.9996 0.0266
vn -0.0029 0.9988 0.0483
vn -0.0024 0.9999 0.0132
vn 0.6266 -0.7793 -0.0072
vn 0.6499 -0.7597 0.0234
vn 0.6884 -0.7254 0.0002
vn 0.0148 0.9989 -0.0440
vn 0.0140 0.9311 -0.3644
vn -0.0410 0.9977 -0.0532
vn 0.0065 -0.0053 -1.0000
vn 0.0066 0.2749 -0.9615
vn -0.0040 0.2556 -0.9668
vn 0.0092 0.4642 0.8857
vn -0.0154 0.0673 0.9976
vn 0.9471 -0.0118 0.3208
vn 0.9926 0.0007 0.1216
vn 0.4419 -0.0046 0.8970
vn 0.0062 0.7906 0.6122
vn 0.0078 0.3621 0.9321
vn -0.0054 0.8064 0.5914
vn -0.0634 0.9980 0.0081
vn -0.0004 1.0000 0.0062
vn 0.0002 0.9999 0.0123
vn 0.0010 0.9788 -0.2046
vn 0.2616 0.6614 -0.7029
vn 0.0449 0.6721 -0.7391
vn -0.0061 -0.3730 0.9278
vn -0.0113 -0.2508 0.9680
vn -0.0355 -0.4523 0.8912
vn -0.5676 -0.0025 0.8233
vn 0.0170 0.0053 0.9998
vn 0.0414 -0.0030 0.9991
vn -0.5792 0.0063 -0.8151
vn -0.5391 -0.0108 -0.8422
vn 0.0716 0.0016 -0.9974
vn -0.0216 -0.0046 -0.9998
vn -0.0164 0.0001 -0.9999
vn -0.0077 0.0005 -1.0000
vn 0.0225 -0.0098 -0.9997
vn 0.0129 0.0123 -0.9998
vn 0.0423 0.0042 -0.9991
vn 0.6275 0.0157 -0.7784
vn 0.6370 -0.0168 -0.7707
vn 0.6740 -0.0105 -0.7387
vn -0.9674 0.2464 0.0582
vn 0.0645 0.9970 -0.0433
vn -0.9842 -0.0397 0.1724
vn -0.0246 0.0153 0.9996
vn -0.0468 0.0209 0.9987
vn -0.0407 0.0292 0.9987
vn -0.0222 0.9965 -0.0811
vn 0.0457 0.9785 -0.2010
vn 0.0892 0.7900 -0.6065
vn 0.9786 0.0680 -0.1941
vn 0.4333 0.0287 -0.9008
vn 0.9863 0.0076 -0.1646
vn -0.5135 0.0093 0.8580
vn -0.5032 -0.0069 0.8641
vn -0.0492 0.0020 0.9988
vn -0.0228 0.0318 0.9992
vn -0.0255 0.0129 0.9996
vn -0.0067 0.0232 0.9997
vn 0.0095 -0.5891 -0.8080
vn 0.9996 -0.0011 0.0299
vn 0.9509 0.3090 0.0185
vn 1.0000 -0.0016 -0.0003
vn 0.0314 -0.0079 -0.9995
vn 0.1721 -0.0203 -0.9849
vn 0.6270 -0.0456 -0.7777
vn 0.0318 -0.0129 -0.9994
vn -0.1690 -0.0015 -0.9856
vn -0.1743 -0.0147 -0.9846
vn -0.0140 0.9864 -0.1637
vn -0.0165 0.9974 -0.0705
vn -0.0451 0.6635 0.7468
vn -0.9998 0.0185 -0.0011
vn -1.0000 -0.0006 0.0012
vn -1.0000 -0.0025 0.0006
vn 0.0015 -0.9734 -0.2292
vn 0.0003 -1.0000 0.0059
vn -0.0014 -0.9779 -0.2091
vn 0.8173 -0.0060 0.5761
vn 0.9544 0.0025 0.2984
vn 0.9013 -0.0001 0.4332
vn -0.6179 -0.7863 -0.0021
vn -0.5311 -0.8456 0.0532
vn -0.5940 -0.8042 -0.0215
vn -0.9842 0.1760 0.0175
vn -0.9893 0.1420 -0.0337
vn 0.1705 -0.0043 -0.9854
vn 0.4581 -0.0076 -0.8889
vn 0.6617 -0.0000 -0.7498
vn 0.9727 -0.2313 0.0168
vn 0.3549 -0.9297 0.0980
vn 0.8687 -0.4941 -0.0350
vn -0.9988 0.0015 0.0486
vn -0.9992 0.0057 0.0402
vn -0.9966 0.0006 0.0829
vn 0.9972 -0.0005 -0.0746
vn 0.9853 -0.0070 -0.1705
vn 0.9992 -0.0022 -0.0397
vn -0.3575 -0.0070 -0.9339
vn 0.4454 -0.0053 -0.8953
vn 0.4306 -0.0032 -0.9025
vn -0.0036 -0.2270 0.9739
vn -0.0006 -0.8936 0.4488
vn -0.0104 -0.8449 0.5348
vn -0.0013 0.0475 0.9989
vn 0.0137 0.2638 0.9645
vn 0.0034 0.0066 1.0000
vn 0.0224 -0.1995 0.9797
vn 0.0018 -0.1142 0.9935
vn 0.0364 -0.1427 0.9891
vn 0.9851 -0.0009 0.1718
vn 0.9731 -0.0194 0.2297
vn 0.7977 0.0104 -0.6029
vn 0.8308 0.0029 -0.5565
vn -0.0036 0.0082 1.0000
vn -0.0025 0.0088 1.0000
vn -0.0058 0.0067 1.0000
vn -0.0001 -0.9097 0.4153
vn -0.0003 -0.9975 -0.0711
vn -0.0042 -0.8783 0.4781
vn -0.0004 -1.0000 0.0007
vn -0.0001 -1.0000 0.0003
vn -0.0003 -1.0000 0.0007
vn 0.0034 0.0542 0.9985
vn -0.0081 -0.3443 0.9388
vn -0.0016 0.0234 0.9997
vn 0.3053 -0.0630 -0.9502
vn 0.8185 -0.0927 -0.5670
vn 0.5076 -0.0359 -0.8608
vn 1.0000 0.0007 -0.0005
vn 1.0000 0.0014 0.0010
vn 1.0000 0.0007 0.0013
vn -0.1704 0.8314 -0.5289
vn -0.2001 0.3441 -0.9173
vn -0.0378 0.9669 -0.2522
vn -0.6460 -0.7626 -0.0341
vn 0.3646 -0.9280 -0.0766
vn 0.2323 -0.9726 -0.0121
vn -0.6778 -0.7342 0.0394
vn 0.0007 -0.0107 -0.9999
vn 0.0007 -0.0088 -1.0000
vn -0.0015 -0.0091 -1.0000
vn -0.0087 0.0190 0.9998
vn 0.0270 -0.0062 0.9996
vn 0.0258 0.0859 0.9960
vn -0.0048 -0.0956 0.9954
vn -0.0012 -0.1191 0.9929
vn 0.0101 0.1673 0.9859
vn 0.9662 -0.2553 -0.0349
vn -0.0337 -0.9988 0.0358
vn 0.9493 -0.3138 0.0201
vn -0.2908 -0.9567 -0.0120
vn 0.6871 -0.7265 0.0084
vn 0.6878 -0.7235 -0.0593
vn -0.9895 0.1448 0.0012
vn -0.9948 0.1016 0.0021
vn -0.9999 -0.0157 -0.0055
vn -0.5176 0.5768 0.6320
vn -0.8982 0.0756 0.4331
vn -0.4387 0.0879 0.8943
vn -0.9015 0.0044 -0.4328
vn 0.4178 -0.0013 0.9085
vn 0.2015 0.0022 0.9795
vn 0.2163 -0.0104 0.9763
vn -0.5463 -0.8374 0.0153
vn -0.5518 -0.8339 0.0154
vn -0.0276 0.0389 0.9989
vn -0.0070 0.0311 0.9995
vn -0.0094 0.0282 0.9996
vn 0.0005 -0.9973 0.0735
vn 0.0065 -0.9920 0.1262
vn -0.0142 -0.7003 0.7137
vn 0.0231 0.0253 -0.9994
vn -0.0037 0.8442 -0.5360
vn -0.0280 0.8077 -0.5889
vn -0.9225 -0.3857 -0.0123
vn -0.9405 -0.3398 0.0029
vn -0.3364 -0.9416 -0.0122
vn 0.0042 0.8058 0.5921
vn -0.0000 0.0347 0.9994
vn 0.0070 0.5666 0.8240
vn -0.0032 0.0107 0.9999
vn -0.0026 -0.0008 1.0000
vn -0.0030 0.0044 1.0000
vn -0.1969 0.0241 -0.9801
vn -0.3420 0.0092 -0.9396
vn -0.2845 0.0160 -0.9586
vn -0.1689 0.0175 -0.9855
vn 0.0146 -0.6187 -0.7855
vn -0.0010 -0.3241 -0.9460
vn 0.0167 -0.6398 -0.7684
vn 0.1914 0.0332 0.9810
vn -0.0151 0.9518 -0.3063
vn 0.5881 0.5427 -0.5997
vn 0.0740 0.9874 -0.1401
vn 0.0089 -0.5996 -0.8002
vn 0.0122 -0.3427 -0.9394
vn -0.0003 -0.6099 -0.7925
vn -0.0143 0.9982 0.0588
vn -0.1141 0.9928 -0.0366
vn -0.0320 0.9994 -0.0094
vn 0.9504 0.3108 -0.0114
vn 0.9472 0.3203 -0.0131
vn 0.9997 -0.0230 0.0046
vn 0.0174 0.9936 -0.1120
vn 0.0186 0.9986 -0.0499
vn 0.0165 0.9998 0.0101
vn 0.0107 0.0749 -0.9971
vn 0.0106 0.6750 -0.7377
vn 0.0140 0.2895 -0.9571
vn -1.0000 0.0037 0.0061
vn -0.9999 0.0080 0.0071
vn -1.0000 0.0035 0.0057
vn 0.3634 0.0068 0.9316
vn 0.3563 0.0102 0.9343
vn 0.2133 -0.0048 0.9770
vn 0.0090 0.0018 1.0000
vn 0.0053 0.0275 0.9996
vn -0.0183 0.0032 -0.9998
vn 0.9870 0.1605 -0.0128
vn 0.9992 0.0218 0.0325
vn 0.9995 -0.0040 -0.0305
vn -0.0025 0.0086 1.0000
vn -0.0067 0.0025 1.0000
vn -0.0031 0.0022 1.0000
vn -0.0713 0.9294 -0.3620
vn -0.3176 0.2477 -0.9153
vn -0.1978 0.7520 -0.6288
vn -0.0096 0.0233 0.9997
vn 0.0128 0.0374 0.9992
vn -0.0248 0.0080 0.9997
vn 0.0041 -0.3129 0.9498
vn 0.0514 0.8034 0.5932
vn -0.8638 0.4996 -0.0661
vn 0.1738 0.9830 -0.0592
vn -0.3414 0.9391 -0.0393
vn -0.0582 0.9980 -0.0234
vn 0.0059 0.9998 -0.0165
vn -0.0023 0.9999 -0.0161
vn 0.8596 -0.0011 -0.5110
vn 0.9243 -0.0034 -0.3817
vn 0.7807 -0.0047 -0.6249
vn 1.0000 -0.0078 -0.0028
vn 0.9990 0.0447 -0.0076
vn 0.9999 0.0138 -0.0065
vn -0.0071 -0.7772 -0.6292
vn -0.0018 -0.9655 -0.2603
vn -0.0011 -0.9598 -0.2806
vn -0.0162 0.0142 0.9998
vn -0.0005 0.0142 0.9999
vn -0.0141 0.0100 0.9999
vn 0.0016 -0.0127 -0.9999
vn -0.0008 -0.0195 -0.9998
vn -0.0000 0.0003 -1.0000
vn 0.0277 -0.0067 -0.9996
vn 0.0325 -0.0020 -0.9995
vn 0.0405 0.0050 -0.9992
vn 0.0110 0.0081 0.9999
vn 0.0155 0.0225 0.9996
vn -0.0397 0.0296 0.9988
vn -0.0572 0.0400 0.9976
vn -0.0001 -1.0000 0.0012
vn -0.0013 -0.9629 -0.2698
vn 0.0007 -0.4531 0.8915
vn -0.0095 0.0752 0.9971
vn -0.0036 0.3360 0.9419
vn -0.6209 0.0141 0.7838
vn -0.5840 -0.0055 0.8118
vn -0.4154 -0.0040 0.9097
vn 0.0019 -0.9997 0.0252
vn -0.0591 -0.9982 0.0108
vn -0.0064 -0.9999 0.0082
vn -1.0000 0.0025 0.0026
vn -1.0000 0.0016 0.0019
vn -1.0000 0.0007 0.0012
vn -1.0000 -0.0002 -0.0018
vn -1.0000 0.0018 -0.0010
vn -0.9999 -0.0021 -0.0101
vn -0.0024 0.0005 1.0000
vn -0.0012 0.0020 1.0000
vn -0.0324 -0.0002 0.9995
vn 0.0712 -0.0014 0.9975
vn -0.0042 1.0000 -0.0056
vn 0.0087 0.9999 -0.0059
vn -0.0010 1.0000 -0.0001
vn 0.0066 0.9998 -0.0165
vn -0.0003 0.9999 -0.0122
vn -0.0004 1.0000 0.0060
vn -0.0073 0.9999 0.0077
vn -0.0046 1.0000 0.0043
vn -0.9311 0.0186 0.3642
vn -0.7822 -0.0052 -0.6229
vn -0.9464 -0.1355 0.2931
vn 1.0000 0.0060 0.0016
vn 0.9999 0.0130 0.0097
vn 0.9999 0.0141 -0.0005
vn -0.0013 0.0012 1.0000
vn 0.0038 0.0051 1.0000
vn -0.0005 0.0037 -1.0000
vn -0.0004 0.0037 -1.0000
vn -0.0035 0.0023 -1.0000
vn -0.9953 0.0038 0.0970
vn -0.8982 0.0049 0.4396
vn -0.0916 0.0002 -0.9958
vn -0.1737 0.0041 -0.9848
vn -0.1411 -0.0025 -0.9900
vn -0.9997 0.0101 -0.0219
vn -0.9678 -0.0046 0.2517
vn -0.9992 0.0199 -0.0353
vn 0.9997 -0.0243 0.0022
vn 0.9997 -0.0247 0.0008
vn 0.9997 -0.0263 0.0027
vn -0.0704 -0.0063 -0.9975
vn 0.1885 -0.0358 -0.9814
vn 0.1987 0.0045 -0.9801
vn 0.5405 0.8371 -0.0843
vn -0.1202 0.9915 -0.0502
vn -0.1409 0.9868 -0.0803
vn 0.0013 -0.0006 -1.0000
vn 0.0004 -0.0004 -1.0000
vn -0.0002 -0.0006 -1.0000
vn 0.0114 0.8888 -0.4582
vn 0.0028 0.7833 0.6216
vn 0.0015 0.8980 -0.4401
vn -0.0001 -1.0000 0.0048
vn 0.0004 -1.0000 0.0004
vn 0.0001 -1.0000 0.0001
vn -0.9971 -0.0125 -0.0753
vn -0.5756 -0.0159 -0.8175
vn -0.9973 -0.0169 -0.0708
vn 0.4472 -0.0059 0.8944
vn -0.5525 -0.0222 0.8332
vn -0.3644 0.0077 0.9312
vn 0.8727 0.4166 0.2548
vn 0.9729 0.2312 0.0025
vn 0.4504 0.2090 -0.8680
vn -0.3446 0.0218 0.9385
vn 0.1183 0.1843 -0.9757
vn 0.6934 0.4200 -0.5856
vn 0.8163 -0.1058 -0.5678
vn 0.1287 -0.0161 -0.9916
vn 0.1801 0.4692 -0.8645
vn 0.0203 0.9880 -0.1532
vn -0.3515 0.3148 -0.8817
vn -0.4865 0.7883 -0.3768
vn 0.0311 0.0033 -0.9995
vn 0.0029 0.0001 -1.0000
vn 0.0315 0.0003 -0.9995
vn 0.9986 0.0527 0.0031
vn 0.9987 0.0502 0.0004
vn 0.9729 -0.2311 -0.0041
vn -0.1136 0.9935 -0.0001
vn -0.0577 0.9982 -0.0153
vn -0.1360 0.7070 0.6940
vn 0.0058 0.0147 0.9999
vn -0.0000 0.0217 0.9998
vn 0.0114 0.0125 0.9999
vn -0.0257 0.0315 0.9992
vn -0.0287 0.0368 0.9989
vn -0.0248 0.0335 0.9991
vn 0.5875 -0.8084 0.0363
vn -0.6857 -0.7277 0.0150
vn -0.0436 -0.9985 0.0322
vn 0.3539 -0.9353 -0.0001
vn 0.0354 0.9987 0.0361
vn 0.0288 0.9992 0.0275
vn 0.0379 0.9986 0.0364
vn 0.0041 0.0002 -1.0000
vn 0.0053 0.0004 -1.0000
vn 0.0061 -0.0005 -1.0000
vn 0.0120 -0.7060 -0.7081
vn -0.0069 -0.6533 -0.7571
vn 0.0110 -0.9980 0.0630
vn -0.0001 0.9941 -0.1088
vn 0.0048 0.9995 -0.0314
vn 0.0025 0.9948 -0.1018
vn -0.1022 0.6237 0.7749
vn 0.0050 -0.0902 0.9959
vn -0.0017 -0.0778 0.9970
vn 0.0031 0.3616 0.9323
vn 0.9993 0.0326 -0.0188
vn 0.8616 0.4956 -0.1099
vn 0.9998 0.0184 0.0105
vn -0.0000 -0.0256 0.9997
vn 0.0001 -0.0093 1.0000
vn -0.0043 -0.2668 0.9637
vn -0.0416 0.0018 0.9991
vn -0.8390 0.0114 0.5440
vn -0.0018 0.0083 1.0000
vn -0.2572 0.0120 -0.9663
vn -0.2382 -0.0010 -0.9712
vn 0.0239 0.0055 -0.9997
vn 0.0128 0.3445 -0.9387
vn -0.0105 0.1460 -0.9892
vn -0.0348 0.5829 -0.8118
vn 0.9999 -0.0150 -0.0019
vn 0.9796 0.2007 -0.0031
vn -0.0054 0.4686 0.8834
vn 0.0014 -0.1522 0.9884
vn -0.0140 -0.0952 0.9954
vn 0.6181 -0.0099 -0.7860
vn 0.8267 0.0165 -0.5624
vn -0.9981 0.0097 -0.0606
vn -0.7535 0.0091 -0.6574
vn -0.8237 -0.0151 -0.5668
vn 0.0099 0.9998 0.0151
vn 0.0040 1.0000 0.0002
vn 0.0236 0.9996 0.0131
vn 1.0000 0.0086 0.0003
vn 0.9999 -0.0132 0.0043
vn 0.9998 -0.0191 -0.0003
vn -0.8853 -0.0205 -0.4646
vn -0.6856 0.0033 -0.7280
vn -0.6405 0.0059 -0.7680
vn 0.0027 -0.0370 0.9993
vn 0.0011 -0.0211 0.9998
vn 0.0011 -0.0862 0.9963
vn 0.0681 0.0057 -0.9977
vn 0.0554 0.0024 -0.9985
vn -0.0198 0.0077 -0.9998
vn -0.0666 0.0085 0.9977
vn -0.0994 0.0633 0.9930
vn -0.0834 0.0091 0.9965
vn 0.0167 -0.8718 -0.4896
vn -0.0105 -0.9928 -0.1197
vn 0.0079 -0.9660 -0.2583
vn -0.2490 -0.1228 0.9607
vn -0.2462 -0.0043 0.9692
vn 0.0935 -0.0021 0.9956
vn -0.0236 0.9994 -0.0240
vn -0.0250 0.9984 -0.0503
vn -0.0678 0.9973 -0.0294
vn -0.9995 0.0069 -0.0302
vn -0.9999 0.0030 -0.0164
vn -0.9999 0.0021 -0.0145
vn -1.0000 0.0029 -0.0091
vn -1.0000 0.0002 -0.0095
vn 0.0331 0.9958 -0.0854
vn -0.0058 0.7403 0.6722
vn 0.0002 0.9310 -0.3650
vn -0.1581 0.3712 0.9150
vn 0.4028 -0.9113 0.0855
vn 0.7171 -0.6903 0.0958
vn 0.1195 -0.9182 0.3776
vn 0.0145 -0.0006 -0.9999
vn -0.0194 0.0065 -0.9998
vn -0.0327 0.0030 -0.9995
vn 0.9710 0.0031 -0.2389
vn 0.9840 0.0002 0.1779
vn 0.9805 -0.0155 -0.1958
vn 1.0000 0.0040 -0.0001
vn 1.0000 0.0041 -0.0016
vn 0.0115 0.7370 0.6758
vn -0.0113 0.1895 0.9818
vn 0.0133 0.1039 0.9945
vn 0.9851 -0.0609 -0.1607
vn 0.8752 0.0109 -0.4836
vn 0.9751 0.0072 -0.2217
vn -0.0022 0.0143 -0.9999
vn 0.0045 0.0191 -0.9998
vn 0.0044 0.0116 -0.9999
vn -0.0082 -0.0250 0.9997
vn -0.0110 0.0042 0.9999
vn -0.0080 0.0140 0.9999
vn -0.0464 0.0363 0.9983
vn -1.0000 0.0005 0.0055
vn -0.9999 0.0020 0.0106
vn -0.9996 -0.0285 0.0066
vn -0.0250 0.0118 0.9996
vn 0.0017 0.0069 1.0000
vn -0.0014 0.0046 1.0000
vn 0.2316 -0.0142 -0.9727
vn 0.7935 -0.0115 -0.6084
vn 0.0207 -0.1321 0.9910
vn 0.0822 0.3118 0.9466
vn 0.0041 -0.1149 0.9934
vn 0.1719 0.9343 0.3122
vn 0.1157 0.9932 -0.0118
vn 0.2152 0.9398 0.2656
vn 0.9307 -0.0074 0.3658
vn -0.9999 0.0117 -0.0018
vn -0.9999 0.0119 0.0015
vn -1.0000 0.0096 0.0017
vn -0.0064 0.0023 1.0000
vn -0.0036 -0.2809 0.9597
vn -0.0009 0.0349 0.9994
vn 0.5668 0.8230 -0.0376
vn 0.6514 0.1346 0.7467
vn -0.2708 0.0433 0.9617
vn -0.0056 1.0000 0.0010
vn 0.0015 0.9997 0.0251
vn 0.0050 0.9997 0.0257
vn -0.0000 -1.0000 0.0008
vn 0.0007 -1.0000 0.0002
vn 0.0006 -1.0000 0.0016
vn 0.0124 -0.0868 0.9961
vn 0.0073 0.0363 0.9993
vn 0.0064 -0.1983 0.9801
vn 0.0008 0.0024 -1.0000
vn -0.4734 -0.8805 -0.0238
vn 0.6367 -0.7621 -0.1175
vn 0.0174 -0.0992 0.9949
vn 0.0227 -0.3051 0.9520
vn 0.0203 -0.0325 0.9993
vn 0.1632 0.9339 -0.3182
vn 0.4314 0.9021 0.0134
vn 0.5960 0.8026 0.0253
vn 0.9667 0.2545 0.0279
vn 0.9835 0.1262 -0.1293
vn -0.0089 -0.2315 0.9728
vn -0.0005 -0.2652 0.9642
vn 0.0021 -0.2618 0.9651
vn 0.0138 -0.2696 0.9629
vn 0.5274 0.8483 -0.0474
vn 0.3965 0.9181 -0.0018
vn -0.2666 0.9636 -0.0222
vn -0.1443 0.1801 -0.9730
vn -0.0363 0.6054 -0.7951
vn -0.0062 0.1963 -0.9805
vn -0.3436 0.0048 0.9391
vn -0.2205 -0.4390 0.8710
vn -0.1558 0.0135 0.9877
vn 0.0034 0.0110 -0.9999
vn -0.0015 0.0133 -0.9999
vn 0.0025 0.0116 -0.9999
vn 0.0111 0.8040 0.5945
vn 0.0146 0.3120 0.9500
vn 0.0885 -0.9131 0.3980
vn 0.5300 -0.6893 0.4940
vn -0.2956 0.6091 -0.7359
vn -0.1482 0.9889 -0.0097
vn 0.0019 0.0075 1.0000
vn 0.9225 0.0086 -0.3858
vn 0.9809 0.0205 -0.1932
vn 0.6915 0.4523 -0.5633
vn 0.0236 -0.0041 0.9997
vn 0.0306 0.0074 0.9995
vn 0.0146 0.0120 0.9998
vn 0.9455 -0.3190 -0.0650
vn 0.9793 -0.2003 0.0280
vn 0.6810 -0.7313 0.0378
vn 0.0331 0.9995 -0.0015
vn 0.0083 0.7932 -0.6089
vn 0.0093 0.9162 -0.4005
vn -0.2962 0.9157 -0.2716
vn -0.1557 0.8476 -0.5073
vn -0.0028 -0.2187 0.9758
vn -0.0050 -0.2318 0.9727
vn -0.0044 -0.2357 0.9718
vn -0.0036 0.0192 0.9998
vn -0.0007 0.0207 0.9998
vn 0.0017 0.0054 1.0000
vn 0.2371 0.9714 -0.0114
vn 0.3838 0.9228 -0.0334
vn -0.0389 0.9992 -0.0066
vn 0.8911 -0.0176 -0.4535
vn 0.9871 0.0251 -0.1578
vn 0.9814 -0.0188 0.1911
vn 0.8464 0.0102 -0.5325
vn -0.0031 -0.9998 0.0212
vn -0.0028 -0.9963 0.0860
vn -0.0001 -1.0000 -0.0003
vn 0.0211 0.9937 -0.1103
vn -0.0722 0.9920 -0.1034
vn 0.1604 0.0072 0.9870
vn 0.0168 -0.1547 -0.9878
vn 0.0797 -0.1520 -0.9852
vn 0.0133 -0.4997 -0.8661
vn -0.0097 -0.2717 0.9623
vn -0.0019 -0.0082 1.0000
vn 0.0104 -0.3226 0.9465
vn 0.0018 0.0192 -0.9998
vn 0.0009 0.0109 -0.9999
vn 0.0026 0.0135 -0.9999
vn -0.9818 0.1383 0.1300
vn -0.4547 -0.8731 0.1762
vn -0.0020 -0.9106 -0.4133
vn 0.0006 -0.9926 -0.1218
vn -0.0067 -0.9879 -0.1553
vn -0.0063 0.0013 1.0000
vn 0.0030 0.0004 1.0000
vn 0.0013 -0.0003 1.0000
vn -0.0080 -0.0534 -0.9985
vn -0.0044 -0.0135 -0.9999
vn -0.0008 -0.0325 -0.9995
vn -0.9933 -0.1152 0.0043
vn -0.9197 -0.3925 0.0034
vn -0.8426 -0.5385 -0.0044
vn -0.0764 0.0004 -0.9971
vn 0.1640 0.0197 -0.9863
vn 0.1623 0.0156 -0.9866
vn -0.9913 0.0071 0.1315
vn -0.9993 0.0040 0.0378
vn -0.9841 0.0024 0.1778
vn 0.0199 0.0162 0.9997
vn 0.0163 0.0268 0.9995
vn 0.0319 0.0247 0.9992
vn 0.9999 0.0113 0.0038
vn 1.0000 0.0087 0.0015
vn 0.9997 -0.0247 0.0015
vn 0.1566 0.0152 0.9875
vn 0.1658 0.0197 0.9860
vn 0.0189 0.3195 0.9474
vn 0.0327 0.2490 0.9679
vn 0.0048 0.0680 0.9977
vn 0.1280 0.0146 0.9917
vn 0.1410 0.0056 0.9900
vn 0.0165 0.0011 0.9999
vn 0.9698 0.0190 0.2432
vn 0.9785 0.0013 0.2062
vn 0.0009 -0.3131 0.9497
vn -0.0071 -0.2395 0.9709
vn 0.0005 0.0907 0.9959
vn -0.0025 0.0017 -1.0000
vn -0.5304 -0.0106 0.8477
vn -0.5479 -0.0013 0.8365
vn 0.1974 -0.0074 0.9803
vn 0.1320 -0.0563 -0.9896
vn 0.1200 0.0019 -0.9928
vn 0.0123 0.0378 0.9992
vn 0.0095 0.0379 0.9992
vn 0.0016 0.0512 0.9987
vn -0.4230 0.9061 0.0004
vn -0.5957 -0.0035 0.8032
vn -0.1357 -0.0115 0.9907
vn -0.1689 0.0013 0.9856
vn -0.0007 0.0046 -1.0000
vn 0.0005 0.0014 -1.0000
vn 0.0001 0.0035 -1.0000
vn -0.8887 0.0428 0.4566
vn -0.5854 0.0342 0.8100
vn -0.1424 0.3047 -0.9417
vn -0.6987 0.5192 -0.4922
vn -0.4239 0.1636 -0.8908
vn 0.5882 0.8084 -0.0222
vn 0.9304 0.3665 0.0051
vn 0.9172 0.3538 -0.1834
vn 0.9999 0.0159 -0.0003
vn 0.9994 0.0340 0.0025
vn 0.9763 -0.2164 0.0051
vn 0.0014 0.9995 0.0307
vn -0.0063 0.9942 -0.1072
vn -0.0379 0.9991 0.0169
vn -0.0008 1.0000 -0.0018
vn -0.0016 1.0000 0.0070
vn -0.0024 1.0000 -0.0020
vn 0.1834 0.9830 -0.0090
vn 0.0588 0.9983 0.0049
vn 0.4859 0.8736 0.0273
vn -0.0150 -0.6856 0.7278
vn 0.9998 0.0212 0.0036
vn 0.9996 0.0279 -0.0022
vn 0.9998 0.0204 -0.0014
vn 0.0035 0.8618 -0.5072
vn -0.0014 0.1481 -0.9890
vn -0.7702 0.4562 -0.4457
vn -0.1103 0.7225 -0.6825
vn -0.0331 0.1645 -0.9858
vn 0.0054 0.0064 1.0000
vn -0.0019 0.9984 0.0565
vn 0.0051 0.5379 0.8430
vn -0.0015 0.6074 0.7944
vn 0.0005 -1.0000 0.0019
vn 0.0042 -0.9656 0.2599
vn -0.0008 -1.0000 0.0060
vn 0.0024 0.8155 0.5787
vn 0.0016 0.8108 0.5854
vn -0.0004 0.2918 0.9565
vn -0.0085 0.2730 0.9620
vn -0.0208 0.0299 0.9993
vn -0.0210 0.0338 0.9992
vn -0.0190 -0.8810 0.4727
vn 0.4709 -0.7721 -0.4268
vn -0.9916 0.0106 -0.1289
vn -0.9986 0.0131 0.0513
vn -0.9941 -0.0168 -0.1075
vn 0.9995 0.0109 0.0302
vn 0.9993 0.0139 0.0345
vn 0.9997 0.0136 0.0202
vn 0.0004 -0.0672 -0.9977
vn -0.0004 -0.1042 -0.9946
vn -0.0284 -0.0019 0.9996
vn 0.9763 -0.0089 0.2163
vn 0.7442 -0.0064 0.6679
vn 0.7641 -0.4710 0.4408
vn 0.0074 -0.8302 0.5574
vn 0.0074 -0.8278 0.5610
vn -0.0250 0.5203 0.8536
vn -0.0206 0.5210 0.8533
vn -0.0108 0.9417 0.3364
vn 0.0093 -0.8201 -0.5721
vn -0.0050 -0.9814 -0.1917
vn 0.0195 -0.9540 -0.2993
vn -0.8893 -0.4574 0.0003
vn -0.3819 -0.9242 0.0055
vn -0.3357 -0.9420 0.0060
vn 0.0137 0.9080 0.4187
vn -0.0775 0.9033 0.4220
vn -0.0381 0.3664 0.9297
vn -0.0048 0.4728 0.8811
vn -0.7165 -0.2929 0.6331
vn -0.2033 -0.9791 -0.0047
vn -0.2094 -0.6710 0.7113
vn -0.8310 -0.0017 0.5562
vn 0.0170 0.0256 0.9995
vn -0.8225 -0.0050 0.5688
vn 0.1371 0.0187 0.9904
vn -0.0374 0.0204 0.9991
vn -0.0329 0.0162 0.9993
vn -0.0193 0.0103 0.9998
vn -0.0002 -1.0000 -0.0010
vn 0.0002 -1.0000 -0.0013
vn -0.0000 -1.0000 0.0014
vn 0.3264 -0.5075 0.7974
vn 0.3911 0.0100 0.9203
vn 0.5614 0.8275 0.0079
vn 0.9737 0.2264 0.0263
vn 0.7312 0.6822 -0.0074
vn 0.9076 0.2316 -0.3502
vn 0.9833 0.0115 0.1816
vn 0.9944 -0.0459 0.0949
vn -0.5281 0.8489 0.0224
vn -0.9967 0.0792 -0.0167
vn -0.9982 -0.0588 0.0143
vn 0.0161 0.0298 0.9994
vn 0.0025 0.0227 0.9997
vn -0.0537 0.0108 0.9985
vn -0.0400 0.0067 0.9992
vn 0.1001 0.6032 -0.7913
vn 0.0759 0.3141 -0.9464
vn 0.0601 0.6605 -0.7484
vn 0.7405 -0.0097 -0.6720
vn -0.2941 -0.0102 -0.9557
vn -0.3299 -0.0042 -0.9440
vn 0.0176 0.9993 0.0318
vn 0.0167 0.9996 0.0248
vn 0.0146 0.9997 0.0220
vn -0.0340 0.9621 -0.2707
vn -0.0432 0.8181 -0.5735
vn 0.0110 0.9947 -0.1025
vn 0.9701 -0.2383 -0.0463
vn 0.9687 -0.2476 -0.0154
vn 0.8748 0.0061 0.4845
vn 0.7475 -0.0051 0.6642
vn 0.8272 -0.0157 0.5616
vn -0.0119 0.3065 -0.9518
vn 0.0007 0.2733 -0.9619
vn -0.8020 0.0471 -0.5954
vn 0.0035 -0.1946 -0.9809
vn 0.0011 -0.0172 -0.9999
vn 0.0208 -0.7142 -0.6997
vn 0.0043 -0.5370 -0.8436
vn -0.0048 -0.5874 -0.8093
vn -0.5619 -0.8272 0.0019
vn 0.8811 -0.0489 -0.4704
vn 0.9439 -0.0002 -0.3302
vn 0.9621 -0.0046 -0.2726
vn 0.4863 0.7353 -0.4721
vn 0.6002 0.7998 -0.0131
vn -0.0072 0.9998 0.0211
vn 0.0184 0.9990 -0.0414
vn -0.0024 -0.2714 -0.9625
vn -0.0021 -0.0269 -0.9996
vn -0.0000 -0.0449 -0.9990
vn 0.0026 -0.9951 0.0986
vn -0.0082 -0.5688 -0.8225
vn -0.0035 -0.8983 -0.4395
vn -0.0053 0.0024 -1.0000
vn -0.8781 0.0031 0.4785
vn -0.9911 0.0026 0.1334
vn 0.0415 -0.0013 -0.9991
vn 0.0372 0.0035 -0.9993
vn 0.0515 -0.0003 -0.9987
vn 0.3749 -0.0042 0.9271
vn -0.3279 -0.0005 0.9447
vn -0.2963 -0.0132 0.9550
vn 0.0264 -0.2010 0.9792
vn 0.0098 -0.2282 0.9736
vn 0.0391 -0.1655 0.9854
vn -0.0165 0.0018 0.9999
vn -0.0206 0.0134 0.9997
vn -0.0192 0.0199 0.9996
vn -0.0069 0.0132 0.9999
vn -0.1429 -0.0031 0.9897
vn -0.7985 -0.0056 0.6019
vn -0.3442 0.0103 0.9388
vn 0.0657 0.4665 0.8821
vn -0.0268 0.9932 -0.1130
vn -0.0019 0.7023 0.7118
vn 0.0008 -0.2163 0.9763
vn 0.0061 -0.2162 0.9763
vn 0.0070 -0.9700 0.2432
vn -0.0092 -0.8092 0.5874
vn 0.0072 -0.8253 0.5646
vn 0.0138 0.0062 -0.9999
vn 0.0195 -0.0212 -0.9996
vn 0.0237 0.0032 -0.9997
vn -0.0007 0.0160 -0.9999
vn 0.0001 0.0093 -1.0000
vn -0.0011 0.0162 -0.9999
vn 0.0002 -1.0000 0.0070
vn -0.0084 -0.9571 0.2895
vn -0.0104 -0.9396 0.3420
vn 0.0007 -0.0003 -1.0000
vn 0.0002 -0.0012 -1.0000
vn -1.0000 0.0069 -0.0027
vn -0.9999 0.0059 -0.0095
vn -0.9998 0.0119 -0.0130
vn -0.0115 0.0498 0.9987
vn -0.9643 0.2629 0.0313
vn -0.3403 0.9397 0.0349
vn -0.4034 0.9128 0.0639
vn -0.9790 0.2001 0.0398
vn 0.0059 -0.3008 0.9537
vn 0.0018 -0.3787 0.9255
vn 0.0056 0.2011 0.9796
vn -0.4754 0.0013 0.8797
vn -0.6431 -0.0012 0.7658
vn -0.4507 0.0114 0.8926
vn 0.9961 -0.0382 -0.0797
vn 0.9989 0.0199 -0.0425
vn 0.9997 0.0197 0.0116
vn 0.9394 0.3426 -0.0089
vn 0.0887 0.9358 -0.3411
vn 0.9367 0.0110 -0.3498
vn 0.9583 0.0033 -0.2857
vn 0.9997 -0.0048 0.0222
vn 0.9981 -0.0003 0.0610
vn 0.9996 -0.0005 0.0280
vn 0.0018 0.0029 -1.0000
vn 0.0023 -0.0000 -1.0000
vn 0.0028 0.0023 -1.0000
vn 0.0310 0.0156 0.9994
vn 0.0226 -0.0023 0.9997
vn 0.0029 0.0069 1.0000
vn -0.0157 0.0340 0.9993
vn 0.0678 -0.0017 -0.9977
vn -0.1027 0.0019 -0.9947
vn -0.6718 -0.0235 -0.7404
vn -0.0147 0.0965 0.9952
vn 0.0181 0.1204 0.9926
vn -0.0120 0.0737 0.9972
vn -0.0001 -1.0000 0.0031
vn 0.0019 0.0089 -1.0000
vn 0.0020 0.0109 -0.9999
vn 0.0015 0.0101 -0.9999
vn 0.9998 0.0170 0.0048
vn 0.9999 0.0167 0.0026
vn 0.9999 0.0157 0.0039
vn -0.9889 -0.0128 0.1481
vn -0.8399 -0.0010 -0.5427
vn -0.9480 0.0344 0.3165
vn -0.2962 0.2727 -0.9154
vn -0.0034 0.0069 1.0000
vn 0.0025 0.0124 0.9999
vn -0.0138 0.0110 0.9998
vn -0.1194 -0.1171 -0.9859
vn -0.0620 -0.0007 -0.9981
vn -0.0436 -0.0918 -0.9948
vn -0.0008 -1.0000 -0.0001
vn -0.0005 -1.0000 0.0005
vn 0.1354 0.4974 0.8569
vn 0.0009 -0.0162 0.9999
vn 0.0009 -0.1831 0.9831
vn 0.9984 -0.0541 0.0140
vn 0.9981 -0.0474 0.0393
vn -0.9979 0.0619 -0.0174
vn -0.9972 0.0575 -0.0477
vn -0.9617 0.2734 -0.0174
vn 0.0408 0.9990 0.0157
vn 0.0208 0.9906 0.1353
vn 0.0037 0.9929 0.1192
vn 0.0061 0.9908 0.1355
vn 0.9849 0.0207 -0.1721
vn 0.8854 0.0315 0.4638
vn -0.9341 0.2301 -0.2730
vn -0.9744 -0.1649 0.1526
vn -0.9999 0.0059 0.0156
vn -1.0000 0.0066 0.0050
vn -1.0000 0.0082 0.0036
vn -0.0002 -0.6706 -0.7418
vn 0.9896 -0.0295 -0.1409
vn 0.6128 -0.0872 -0.7854
vn 0.4534 -0.0419 -0.8903
vn 0.0077 0.9718 -0.2359
vn -0.0043 0.9995 -0.0307
vn -0.0003 0.9806 -0.1961
vn -0.0743 -0.0515 -0.9959
vn 0.0386 -0.0006 0.9993
vn 0.0306 -0.0026 0.9995
vn 0.0087 0.0246 0.9997
vn -0.9995 0.0249 -0.0206
vn -0.9825 -0.1506 0.1092
vn 0.9562 -0.0156 0.2922
vn 1.0000 -0.0017 -0.0022
vn 0.9532 0.3024 -0.0016
vn 0.9982 0.0587 0.0087
vn -0.5627 0.8162 -0.1313
vn -0.8979 0.4166 0.1421
vn -0.0533 0.8627 0.5029
vn -0.0004 0.0021 1.0000
vn 0.0003 0.0343 0.9994
vn 0.0006 0.0049 1.0000
vn 0.0064 -0.9955 -0.0948
vn 0.0172 -0.9905 -0.1364
vn 0.0071 -0.8994 0.4372
vn -0.0373 -0.9700 0.2402
vn -0.0308 -0.6604 0.7503
vn -0.1900 -0.9558 0.2244
vn -0.0065 0.9991 -0.0415
vn -0.0022 0.2701 0.9628
vn 0.0123 0.2558 0.9667
vn -0.0287 -0.4253 0.9046
vn 1.0000 -0.0039 -0.0088
vn 0.9994 -0.0208 0.0265
vn -0.0060 1.0000 -0.0024
vn -0.0085 1.0000 0.0046
vn -0.0105 0.9998 0.0194
vn -0.0006 -0.1302 0.9915
vn -0.0013 -0.0913 0.9958
vn -0.0150 -0.3789 0.9253
vn -0.0047 0.1709 -0.9853
vn -0.0032 0.3669 -0.9303
vn -0.0021 0.0394 -0.9992
vn -0.6377 -0.0034 -0.7703
vn -0.7195 -0.0048 -0.6944
vn -0.7526 -0.0246 -0.6580
vn 0.9999 0.0162 0.0018
vn 0.1374 -0.1097 -0.9844
vn -0.0532 0.1953 -0.9793
vn -0.0343 -0.0630 -0.9974
vn -0.0557 0.0098 0.9984
vn 0.9708 0.2399 -0.0051
vn 0.5309 0.8473 0.0112
vn 0.5076 0.8616 -0.0083
vn -0.0182 0.9998 0.0063
vn -0.0583 0.9983 0.0047
vn -0.0231 0.9997 0.0050
vn 0.0071 0.2547 -0.9670
vn 0.0056 0.2879 -0.9576
vn 0.0012 0.0073 -1.0000
vn 0.8487 0.0006 0.5289
vn 0.9091 -0.0303 0.4155
vn 0.7942 -0.6076 -0.0081
vn 0.7529 -0.6580 -0.0131
vn 0.6677 -0.7444 -0.0114
vn 0.5508 -0.8345 0.0138
vn -0.0005 -0.0002 1.0000
vn 0.0003 -0.0003 1.0000
vn 0.0002 -0.0002 1.0000
vn -0.0000 0.7555 0.6552
vn -0.0068 0.3182 0.9480
vn -0.0366 0.9991 0.0229
vn -0.0452 -0.9978 -0.0477
vn -0.0556 -0.4214 -0.9052
vn -0.0097 -0.5605 -0.8281
vn -0.0035 -0.7921 -0.6103
vn -1.0000 0.0004 0.0039
vn -0.9999 -0.0101 0.0005
vn -0.9995 0.0305 0.0060
vn 0.9997 -0.0253 0.0071
vn 0.0024 0.0131 -0.9999
vn 0.0059 0.1735 -0.9848
vn 0.0124 0.0190 -0.9997
vn 0.0422 0.9531 -0.2996
vn 0.0356 0.6812 -0.7312
vn 0.0174 0.9842 -0.1760
vn 1.0000 0.0030 -0.0011
vn 0.9999 0.0128 -0.0063
vn -1.0000 0.0042 0.0027
vn -1.0000 0.0052 -0.0026
vn -0.5292 -0.8485 -0.0040
vn -0.5309 -0.8474 0.0112
vn -0.1488 -0.9887 0.0206
vn 0.0555 0.9693 0.2395
vn -0.7420 0.5884 0.3213
vn 0.0016 1.0000 0.0019
vn 0.0013 1.0000 0.0048
vn -0.0004 1.0000 0.0031
vn -0.0048 -0.1284 0.9917
vn -0.0023 -0.4996 0.8663
vn 0.9469 0.3213 -0.0080
vn -0.8673 0.4971 -0.0271
vn -0.1859 0.0428 0.9816
vn -0.2260 -0.0010 0.9741
vn -0.0026 -0.0931 0.9957
vn -0.2323 -0.0007 0.9726
vn -0.3403 -0.0049 0.9403
vn -0.1623 -0.0097 0.9867
vn -0.6675 -0.7443 0.0209
vn -0.9421 -0.3353 0.0004
vn -0.3543 -0.9350 0.0130
vn 0.2389 0.0068 0.9710
vn 0.3030 0.0065 0.9530
vn 0.1970 0.0034 0.9804
vn 0.0338 -0.0082 -0.9994
vn 0.0276 -0.0053 -0.9996
vn 0.0131 -0.9567 0.2908
vn -0.0194 -0.8328 -0.5532
vn -0.0296 -0.9993 0.0212
vn -0.9872 -0.1461 0.0635
vn 0.0694 0.9960 -0.0567
vn 1.0000 0.0007 0.0015
vn 1.0000 0.0021 0.0018
vn 0.9620 0.2727 0.0161
vn 0.9715 0.2195 0.0890
vn 0.0155 -0.8774 0.4795
vn -0.0016 -0.5931 0.8051
vn -0.0706 0.9975 0.0070
vn 0.0005 -1.0000 -0.0016
vn 0.0004 -1.0000 -0.0009
vn -0.0024 -0.9780 0.2085
vn -0.0105 -0.2364 0.9716
vn 0.0029 0.0008 -1.0000
vn 0.0036 -0.0017 -1.0000
vn 0.0008 0.0013 -1.0000
vn 0.0003 0.0012 -1.0000
vn -0.6008 -0.7976 0.0534
vn -0.6893 -0.1050 -0.7168
vn 0.3725 -0.5973 -0.7103
vn 0.9999 0.0101 -0.0037
vn -0.0013 0.0483 0.9988
vn -0.0111 0.0436 0.9990
vn 0.0122 0.0505 0.9986
vn 0.0047 -0.1464 0.9892
vn -0.0069 0.0745 0.9972
vn -1.0000 0.0025 0.0022
vn -0.6587 0.0355 -0.7515
vn 0.4969 0.0183 -0.8676
vn 0.4461 0.0208 -0.8947
vn 0.8541 -0.0054 0.5200
vn 0.0956 -0.0103 0.9954
vn 0.2503 0.0202 0.9680
vn -0.0039 0.0170 -0.9998
vn -0.0042 0.0138 -0.9999
vn 0.0001 0.0104 -0.9999
vn 0.2243 -0.0029 -0.9745
vn 0.8876 -0.0128 -0.4605
vn 0.9147 0.0341 -0.4027
vn -0.0043 -0.0708 0.9975
vn -0.0075 0.0019 1.0000
vn -0.0001 -0.2497 0.9683
vn -0.0057 0.9999 -0.0142
vn -0.0107 0.9999 -0.0112
vn -0.0060 0.9999 -0.0116
vn -0.0987 0.0006 -0.9951
vn 0.3331 -0.9429 -0.0086
vn 0.3289 -0.9443 -0.0048
vn -0.0067 0.1923 0.9813
vn 0.0022 -0.1368 0.9906
vn -0.0005 0.4171 0.9088
vn 0.0020 0.0219 0.9998
vn 0.0030 0.0001 1.0000
vn 0.0022 -0.0001 1.0000
vn -0.3201 0.1300 0.9384
vn -0.0401 -0.0058 0.9992
vn 0.3986 0.1166 0.9097
vn 0.0086 -0.8563 -0.5164
vn 0.0031 -0.8450 -0.5347
vn 0.9990 0.0203 0.0407
vn 0.9998 0.0058 0.0215
vn 0.9996 -0.0057 0.0276
vn 0.0103 -0.2829 0.9591
vn -0.0005 -0.3726 0.9280
vn 0.0116 -0.2580 0.9661
vn 0.7119 0.0297 -0.7017
vn 0.3394 0.0051 -0.9406
vn -0.6278 -0.0166 -0.7782
vn 0.9999 0.0082 0.0139
vn 0.0007 -0.0004 1.0000
vn -0.0295 -0.0044 0.9996
vn -0.0790 -0.0119 0.9968
vn -0.0084 -0.0074 0.9999
vn 0.1229 0.9881 0.0924
vn 0.0770 -0.0070 0.9970
vn 0.0771 0.0042 0.9970
vn 0.0722 0.0054 0.9974
vn 0.9761 0.0046 -0.2171
vn 0.9407 -0.0010 -0.3394
vn -0.0027 0.0026 1.0000
vn -0.0068 0.0059 1.0000
vn -0.0059 0.0033 1.0000
vn 0.0003 -1.0000 -0.0032
vn 0.0002 -1.0000 -0.0006
vn -0.0019 0.1175 -0.9931
vn -0.0177 0.7100 -0.7040
vn -0.0052 0.1999 -0.9798
vn -0.9292 0.0022 -0.3696
vn -0.7669 0.0027 -0.6418
vn -0.7251 -0.0079 -0.6886
vn 0.0072 0.0053 -1.0000
vn 0.0075 0.0047 -1.0000
vn 0.0025 0.0028 -1.0000
vn -0.0053 0.7991 -0.6012
vn 0.0040 0.9718 0.2359
vn 0.0068 0.7639 -0.6453
vn 0.0194 0.9029 -0.4294
vn 0.0024 0.7812 0.6242
vn 0.2425 -0.0010 0.9701
vn 0.2238 -0.0074 0.9746
vn 0.1198 0.0033 0.9928
vn 0.0226 0.9969 -0.0753
vn 0.2515 0.8584 -0.4472
vn -0.0329 0.0170 -0.9993
vn -0.0666 0.9977 -0.0127
vn -0.0690 0.9976 0.0065
vn -0.0947 0.9955 0.0076
vn 0.9567 -0.2871 0.0480
vn 0.9498 -0.3117 -0.0282
vn -0.0325 -0.9859 0.1640
vn 0.0003 -0.0044 -1.0000
vn 0.0005 -0.0052 -1.0000
vn 0.0003 -0.0102 -0.9999
vn -0.6364 0.0007 0.7714
vn -0.0234 0.9997 0.0070
vn -0.0055 0.9999 0.0085
vn -0.0086 0.9999 0.0066
vn -0.0008 -0.0160 0.9999
vn -0.0038 -0.1967 0.9805
vn -0.0117 -0.2570 0.9663
vn 0.0019 1.0000 0.0048
vn -0.0048 1.0000 0.0082
vn -0.9722 -0.0003 -0.2341
vn -0.8758 -0.0139 -0.4824
vn -0.9960 0.0078 -0.0889
vn 0.6775 0.7124 -0.1831
vn 0.4291 -0.4702 0.7712
vn 0.0025 -0.0159 -0.9999
vn -0.0014 0.2298 -0.9732
vn -0.0879 -0.9930 -0.0790
vn -0.5035 -0.8638 0.0147
vn 0.0003 -0.9999 -0.0149
vn 0.0083 -0.9978 -0.0651
vn -0.0608 -0.0007 -0.9981
vn 0.0475 0.0002 -0.9989
vn 0.0387 0.0021 -0.9992
vn 0.3092 -0.9510 -0.0074
vn -0.0001 -0.9999 0.0124
vn 0.3310 -0.9436 -0.0094
vn 0.6534 -0.0183 -0.7568
vn 0.9095 -0.0200 -0.4153
vn 0.3403 0.0473 -0.9391
vn 0.0007 0.0523 -0.9986
vn -0.0028 0.0144 -0.9999
vn -0.0047 0.0702 -0.9975
vn -0.0029 -0.9734 -0.2292
vn 0.0182 0.7596 0.6501
vn -0.0047 0.4367 0.8996
vn -0.0103 0.0002 -0.9999
vn -0.0081 -0.0005 -1.0000
vn 0.0089 0.0119 -0.9999
vn 0.0186 0.0176 -0.9997
vn -0.9998 -0.0079 -0.0159
vn -0.9999 -0.0034 -0.0139
vn -1.0000 0.0072 -0.0005
vn -1.0000 0.0092 -0.0006
vn -1.0000 0.0089 -0.0007
vn 0.0028 0.0041 -1.0000
vn -0.0043 -0.9600 0.2801
vn -0.0049 0.8226 -0.5685
vn 0.0033 0.9378 0.3473
vn -0.0034 0.9513 -0.3081
vn -0.0029 0.0046 -1.0000
vn 0.0008 0.0020 -1.0000
vn 0.0004 0.0043 -1.0000
vn -0.4055 -0.0057 -0.9141
vn -0.4870 -0.0007 -0.8734
vn 0.4696 0.0201 -0.8826
vn 0.5082 -0.0421 -0.8602
vn 0.9620 0.0040 0.2731
vn 0.9519 0.0022 0.3064
vn 0.9977 0.0014 0.0673
vn 0.0019 -0.1496 0.9887
vn 0.0105 -0.0869 0.9962
vn -0.0020 -0.1812 0.9835
vn -0.2989 0.8715 -0.3887
vn 0.0004 0.0182 -0.9998
vn -0.0053 0.0015 1.0000
vn 0.0011 0.0009 1.0000
vn 0.0006 0.0010 1.0000
vn -0.2363 0.0063 0.9717
vn -0.2600 0.0004 0.9656
vn -0.2110 -0.0006 0.9775
vn 0.0055 0.9999 -0.0155
vn 0.0060 0.9995 -0.0295
vn -0.0032 -0.0142 0.9999
vn 0.0019 -0.0511 -0.9987
vn 0.9998 0.0175 -0.0049
vn 1.0000 0.0048 0.0005
vn -0.0087 0.9996 0.0282
vn 0.0366 0.9991 0.0236
vn -0.0239 0.0027 0.9997
vn -0.0224 -0.0002 0.9997
vn -0.0198 0.0063 0.9998
vn -0.0085 0.0014 -1.0000
vn -0.0097 0.0016 -1.0000
vn 0.0038 0.0016 -1.0000
vn -0.0213 0.0217 0.9995
vn 0.0025 0.0091 -1.0000
vn -0.0016 0.0062 -1.0000
vn -0.4059 -0.8501 0.3357
vn -0.8360 -0.5286 0.1472
vn 0.0189 0.9998 0.0028
vn 0.0062 1.0000 0.0028
vn 0.0052 0.9999 -0.0112
vn 0.0065 0.2841 -0.9588
vn -0.0031 0.6830 -0.7304
vn 0.0022 0.6529 -0.7574
vn -0.0016 -0.2296 0.9733
vn -0.0043 0.9998 0.0196
vn -0.0059 0.9997 0.0238
vn -0.0089 0.9999 0.0124
vn 0.9709 -0.2384 -0.0205
vn 0.5834 -0.8074 0.0878
vn 0.4846 -0.0305 -0.8742
vn -0.0011 -0.9073 -0.4205
vn 0.0001 -0.8750 -0.4841
vn 0.5331 0.8378 -0.1182
vn 0.1323 0.8996 -0.4162
vn 0.9553 0.2834 -0.0845
vn -0.0004 -1.0000 0.0017
vn 0.0001 -1.0000 0.0017
vn 0.0027 -0.3063 0.9519
vn -0.0174 -0.2288 0.9733
vn -0.9919 -0.0145 -0.1262
vn -0.9208 -0.0228 -0.3894
vn -0.9415 -0.0480 -0.3335
vn 0.0022 0.0133 0.9999
vn -0.0035 0.0542 0.9985
vn -0.0065 0.0193 0.9998
vn -1.0000 0.0054 0.0024
vn -0.9606 -0.0036 0.2781
vn -0.9963 0.0040 -0.0858
vn -0.8742 -0.0090 0.4855
vn -0.0144 0.9990 -0.0421
vn 0.0095 0.9999 -0.0055
vn 0.0063 0.9996 -0.0263
vn -1.0000 0.0006 -0.0003
vn -1.0000 0.0001 -0.0004
vn -1.0000 -0.0007 -0.0069
vn -0.5387 -0.8425 -0.0102
vn -0.5231 -0.8520 0.0216
vn -0.6219 -0.7831 -0.0054
vn -0.5673 -0.8235 0.0038
vn 0.1120 0.7068 -0.6985
vn 0.2783 0.6605 -0.6974
vn 0.0885 0.9272 -0.3640
vn 0.0006 0.0012 -1.0000
vn -0.0003 0.0014 -1.0000
vn -0.0078 0.0008 -1.0000
vn 0.0076 1.0000 0.0009
vn -0.0019 0.9997 -0.0230
vn 0.9999 0.0122 -0.0046
vn 1.0000 0.0016 -0.0018
vn -0.0144 0.0362 0.9992
vn 0.0061 0.0029 -1.0000
vn -0.0169 -0.0001 -0.9999
vn 0.0251 -0.0010 -0.9997
vn -0.1536 0.0069 -0.9881
vn -0.1586 0.0027 -0.9873
vn -0.0032 -0.3961 -0.9182
vn -0.0073 -0.1796 -0.9837
vn 0.0013 -0.1299 -0.9915
vn -0.0015 0.0296 0.9996
vn 0.0091 -0.0993 0.9950
vn -0.3370 -0.0119 -0.9414
vn -0.0016 -0.0000 1.0000
vn -0.0300 -0.0001 0.9995
vn -0.0282 -0.0000 0.9996
vn 0.0329 0.2692 -0.9625
vn 0.0325 0.7786 -0.6267
vn 0.3930 -0.7558 0.5239
vn -0.0997 -0.9291 0.3562
vn -0.3431 -0.9369 0.0673
vn 0.5544 -0.8321 -0.0165
vn -0.0216 -0.2602 0.9653
vn -0.0026 -0.2965 0.9550
vn -0.0065 -0.4642 0.8857
vn 0.1581 -0.0480 0.9863
vn 0.1115 -0.0461 0.9927
vn 0.1532 -0.0386 0.9874
vn -0.0222 0.9997 0.0046
vn -0.0007 0.0056 -1.0000
vn -0.0005 0.0015 -1.0000
vn -0.0008 0.0015 -1.0000
vn 0.0115 0.3593 0.9332
vn 0.0205 0.0133 0.9997
vn -0.0014 0.9999 0.0100
vn 0.0110 0.9997 0.0216
vn 0.0001 0.0002 1.0000
vn 0.0004 -0.0003 1.0000
vn -0.0110 0.0259 0.9996
vn -0.0305 0.0200 0.9993
vn 0.4556 -0.8868 0.0776
vn -0.0003 0.0079 -1.0000
vn 0.0021 0.0074 -1.0000
vn 0.0046 0.0018 -1.0000
vn 0.0010 -0.0789 -0.9969
vn -0.0017 0.0883 -0.9961
vn 0.0002 0.0469 -0.9989
vn -0.0043 -1.0000 -0.0029
vn -0.0111 -0.9999 -0.0025
vn -0.0008 -1.0000 -0.0000
vn -0.9998 -0.0100 0.0178
vn -0.9998 0.0018 0.0219
vn -0.9994 0.0109 0.0324
vn -0.0036 -0.9995 -0.0327
vn -0.0035 -0.8226 -0.5686
vn -0.0019 -0.9981 -0.0613
vn 0.0080 -0.2612 0.9653
vn 0.0028 -0.1262 0.9920
vn -0.2155 0.9478 -0.2351
vn 0.3346 0.5118 -0.7913
vn 0.2024 0.8669 -0.4555
vn -0.0216 0.8058 0.5917
vn -0.0170 0.2593 0.9656
vn -0.5010 -0.0035 0.8654
vn -0.0012 -0.0002 -1.0000
vn -0.0004 0.0010 -1.0000
vn -0.0003 0.0010 -1.0000
vn 0.2488 -0.9681 -0.0292
vn -0.5536 -0.8327 -0.0136
vn -0.9999 -0.0142 0.0052
vn -0.9992 -0.0392 0.0028
vn -0.9990 -0.0438 0.0085
vn -0.0147 0.8789 -0.4767
vn -0.0090 0.8207 -0.5714
vn -0.0137 0.9697 -0.2438
vn 0.0098 0.9759 -0.2182
vn 0.0027 -0.1556 0.9878
vn -0.0024 -0.1535 0.9881
vn 0.0030 -0.1500 0.9887
vn 0.0249 -0.0348 0.9991
vn 0.0049 0.0196 0.9998
vn 0.9995 -0.0296 -0.0143
vn 0.9700 0.2360 0.0580
vn 0.9993 -0.0341 0.0119
vn -1.0000 -0.0004 -0.0035
vn -1.0000 0.0001 -0.0003
vn -1.0000 -0.0000 0.0007
vn -0.1661 -0.0024 -0.9861
vn 0.1442 -0.0112 0.9895
vn -0.0736 -0.0009 -0.9973
vn -0.9993 0.0152 0.0353
vn -0.9995 0.0039 0.0309
vn 0.0072 -0.5080 0.8613
vn 0.0360 -0.5367 0.8430
vn 0.0049 0.0119 -0.9999
vn 0.0008 0.0121 -0.9999
vn 0.0238 -0.3751 0.9267
vn 0.0161 -0.1456 0.9892
vn 0.0058 0.6067 -0.7949
vn 0.0011 0.6251 -0.7805
vn 0.0040 0.0031 -1.0000
vn 0.0036 0.0027 -1.0000
vn -0.0157 0.8322 0.5542
vn -0.0088 0.9996 -0.0278
vn 0.0036 0.1354 0.9908
vn 0.0128 -0.2631 0.9647
vn 0.0025 0.1025 0.9947
vn 0.0064 -0.9680 0.2507
vn 0.9997 0.0173 0.0197
vn -0.9982 0.0116 0.0595
vn -1.0000 -0.0014 0.0097
vn -0.2926 0.9447 0.1478
vn 0.0384 0.9923 0.1180
vn -0.6396 0.7298 0.2414
vn 0.0147 0.0059 0.9999
vn 0.0012 0.0125 0.9999
vn 0.0074 0.0034 1.0000
vn 0.0053 -0.1922 0.9813
vn -0.0065 -0.2208 0.9753
vn 0.0005 -0.0884 0.9961
vn -0.0144 -0.9999 0.0080
vn -0.5909 -0.8067 0.0066
vn -0.5072 -0.8618 0.0050
vn -0.0534 -0.0038 -0.9986
vn -0.0019 0.0081 -1.0000
vn 0.0022 -0.0065 -1.0000
vn 0.0017 -0.0350 -0.9994
vn 0.8927 0.4506 -0.0024
vn 0.6280 0.7782 -0.0077
vn 0.9924 0.1229 -0.0003
vn 0.3951 -0.9174 -0.0470
vn -0.1693 0.9849 0.0366
vn 0.0054 0.9998 0.0168
vn -0.1801 0.9836 0.0039
vn -0.9231 0.3700 -0.1053
vn -0.9558 0.2767 -0.0998
vn -0.9983 -0.0454 0.0362
vn 0.0871 0.0144 -0.9961
vn 0.0393 -0.0118 -0.9992
vn 0.0390 -0.0024 -0.9992
vn 0.0100 -0.6055 -0.7958
vn 0.0115 -0.3691 -0.9293
vn -0.0243 0.9950 -0.0966
vn -0.0200 0.9679 -0.2506
vn 0.0829 0.6359 0.7673
vn 0.9999 0.0108 -0.0062
vn 0.9999 0.0089 -0.0064
vn 0.9997 0.0070 0.0217
vn 0.0030 0.9999 0.0147
vn -0.0021 0.9999 0.0117
vn 0.0277 -0.0069 -0.9996
vn 0.0313 -0.0021 -0.9995
vn 0.0009 0.0006 -1.0000
vn 0.0005 0.0019 -1.0000
vn 0.0006 0.0013 -1.0000
vn 0.7994 0.0027 0.6008
vn 0.9705 0.0111 0.2407
vn -0.3035 0.9481 -0.0950
vn -0.9992 -0.0365 0.0134
vn -0.2387 0.9686 0.0692
vn 0.0018 -0.0887 -0.9961
vn 0.0024 0.0990 -0.9951
vn -0.0048 -0.0894 -0.9960
vn -0.3029 -0.0847 -0.9492
vn -0.3205 0.0057 -0.9472
vn -0.2095 -0.1677 -0.9633
vn -0.9934 0.0002 -0.1146
vn -0.9324 -0.0040 -0.3613
vn -0.9926 -0.0039 -0.1213
vn -0.0143 0.8893 -0.4572
vn -0.0724 0.5060 -0.8595
vn -0.0235 0.0239 0.9994
vn -0.0213 0.0347 0.9992
vn -0.0150 0.0366 0.9992
vn -0.0024 0.0134 0.9999
vn 0.0037 0.8581 -0.5134
vn -0.0030 0.9472 0.3208
vn 0.0035 0.9164 -0.4002
vn -1.0000 0.0034 0.0043
vn -1.0000 -0.0011 0.0007
vn -1.0000 0.0007 0.0021
vn 0.0002 -0.9761 -0.2173
vn 0.0148 -0.9704 -0.2411
vn 0.9997 0.0214 -0.0083
vn -0.0059 0.9646 -0.2638
vn -0.1272 0.4189 -0.8991
vn 0.3182 0.7739 -0.5475
vn 0.0005 -1.0000 0.0072
vn -0.0007 -1.0000 0.0084
vn -0.0171 0.0089 0.9998
vn -0.0508 0.0358 0.9981
vn -0.0461 0.0145 0.9988
vn -0.5177 0.7373 0.4340
vn -0.6162 0.0015 0.7876
vn -0.8543 0.0813 0.5135
vn 0.0610 0.7093 -0.7023
vn -0.2206 0.6160 -0.7562
vn -0.0059 0.8991 0.4378
vn 0.0003 0.8501 -0.5266
vn -0.0004 -1.0000 0.0062
vn -0.0000 -1.0000 -0.0005
vn -0.0003 -1.0000 -0.0013
vn -0.0003 -1.0000 -0.0004
vn -0.9911 -0.1332 -0.0074
vn -0.8533 -0.5214 0.0009
vn -0.9944 -0.1055 0.0008
vn -0.9986 -0.0512 0.0145
vn -1.0000 0.0091 -0.0035
vn -0.0149 0.0262 0.9995
vn 0.0059 0.0363 0.9993
vn 0.0238 -0.0082 -0.9997
vn 0.0786 0.0007 -0.9969
vn 0.0881 0.0004 -0.9961
vn 0.0966 -0.0023 -0.9953
vn 0.0837 0.0054 -0.9965
vn 0.0202 -0.0083 -0.9998
vn 0.1704 -0.0025 -0.9854
vn 0.1463 -0.0068 -0.9892
vn -0.0013 -1.0000 0.0027
vn 0.0218 0.9838 0.1782
vn 0.0078 0.4905 0.8714
vn 0.0145 0.9940 -0.1084
vn 0.0388 0.8353 -0.5484
vn 0.0530 0.9973 -0.0504
vn 0.0190 0.8631 -0.5047
vn -0.7475 0.6387 -0.1823
vn -0.9707 0.2184 -0.1000
vn -0.3761 -0.2136 -0.9016
vn -0.0497 -0.4802 -0.8758
vn -0.2186 -0.8194 -0.5299
vn 0.0036 0.1258 -0.9920
vn -0.5477 -0.8366 -0.0028
vn -0.4012 -0.9159 -0.0156
vn -0.6029 -0.7978 -0.0027
vn -0.0109 -0.0911 0.9958
vn 0.0059 -0.3680 -0.9298
vn 0.0048 -0.3745 -0.9272
vn 0.4347 -0.0128 0.9005
vn 0.0243 -0.7888 0.6141
vn 0.0022 -0.9952 0.0982
vn -0.8503 0.0103 0.5263
vn -0.8037 0.0159 0.5948
vn 0.0021 0.0134 -0.9999
vn 0.0015 0.0131 -0.9999
vn 0.0013 0.0129 -0.9999
vn 0.9997 -0.0245 0.0003
vn 0.9998 -0.0190 -0.0079
vn 0.5335 0.1804 -0.8264
vn 0.0004 -1.0000 0.0013
vn 0.9999 0.0039 -0.0092
vn 1.0000 0.0042 0.0030
vn 1.0000 0.0031 -0.0019
vn -0.2583 0.9643 0.0578
vn -0.8312 0.5556 -0.0182
vn -0.8994 0.4364 0.0239
vn -0.0200 0.0059 -0.9998
vn -0.0051 0.0146 -0.9999
vn -0.0093 0.0055 -0.9999
vn -0.0029 -0.0253 -0.9997
vn -0.0244 0.1628 -0.9864
vn 0.6895 0.0005 -0.7243
vn 0.5237 -0.0129 -0.8518
vn -0.4338 0.8996 0.0497
vn 0.5272 0.8495 0.0177
vn 0.0010 -0.0020 -1.0000
vn 0.0004 -0.0067 -1.0000
vn -0.6030 0.0053 -0.7977
vn -0.0010 -0.7396 -0.6730
vn 0.0001 0.0033 -1.0000
vn -0.0012 0.0079 -1.0000
vn -0.5835 -0.8056 0.1028
vn -0.0337 -0.9957 -0.0860
vn 0.4523 -0.8731 0.1822
vn 0.0136 0.0293 0.9995
vn 0.0020 0.0057 -1.0000
vn 0.0022 0.0087 -1.0000
vn 0.0007 0.0054 -1.0000
vn 0.2267 -0.0109 0.9739
vn -0.0050 -0.0002 1.0000
vn 0.9960 0.0016 0.0893
vn 0.8075 -0.0056 0.5898
vn 0.9957 0.0003 0.0930
vn 0.0039 0.0505 -0.9987
vn 0.0049 0.0162 -0.9999
vn 0.0369 0.8286 -0.5586
vn 0.0250 0.6472 -0.7619
vn 0.0223 0.9312 -0.3637
vn 0.0081 0.8623 -0.5063
vn -0.8456 0.0394 0.5323
vn -0.2733 0.0689 0.9595
vn -0.0037 0.2198 0.9755
vn 0.0001 0.5861 0.8102
vn -0.9999 0.0125 -0.0013
vn 0.0005 0.0020 -1.0000
vn -0.0001 0.0080 -1.0000
vn -0.0002 0.0105 -0.9999
vn 0.0012 0.0092 -1.0000
vn -0.8410 0.4936 0.2216
vn 0.9994 -0.0336 0.0100
vn 0.9675 0.2510 0.0318
vn 0.9999 -0.0166 0.0002
vn -0.0042 0.0180 -0.9998
vn -0.0028 0.0207 -0.9998
vn -0.0030 0.0203 -0.9998
vn 0.0210 0.8059 -0.5917
vn 0.0085 0.8921 -0.4517
vn -0.8223 0.0075 -0.5690
vn -1.0000 0.0054 -0.0057
vn -0.9995 0.0020 -0.0303
vn 0.1973 0.6973 -0.6891
vn 0.0742 0.9585 -0.2753
vn 0.0042 0.0509 -0.9987
vn -0.0060 0.0663 -0.9978
vn -0.0104 0.0118 -0.9999
vn 0.0020 0.0146 -0.9999
vn -0.0015 0.0132 -0.9999
vn -0.9997 -0.0241 0.0060
vn -0.9891 -0.1059 -0.1027
vn 0.3913 0.0068 -0.9202
vn 0.4394 -0.0217 -0.8980
vn 0.9842 -0.0123 -0.1764
vn 1.0000 0.0031 0.0061
vn 0.9977 -0.0014 -0.0678
vn 0.0030 -0.0274 -0.9996
vn 0.0011 0.1768 -0.9842
vn -0.0004 -0.0221 -0.9998
vn 0.6437 -0.7640 -0.0436
vn 0.7451 -0.6669 -0.0030
vn 0.4864 -0.0154 -0.8736
vn 0.0405 0.0052 -0.9992
vn -0.0029 -0.9825 -0.1863
vn -1.0000 0.0009 -0.0010
vn -0.9999 0.0142 -0.0021
vn -0.0077 -0.0022 1.0000
vn 0.0050 0.8642 0.5031
vn -0.0028 -0.0355 -0.9994
vn 0.0017 -0.0522 -0.9986
vn 0.0002 0.0330 -0.9995
vn -0.0100 -0.0107 -0.9999
vn -0.0006 0.0362 -0.9993
vn 0.1373 0.0451 -0.9895
vn 0.1938 0.0067 -0.9810
vn -0.7143 0.6999 -0.0008
vn 0.1378 0.9897 -0.0382
vn -0.2708 0.9626 -0.0063
vn 0.9817 0.1541 0.1122
vn 0.1143 -0.0000 0.9935
vn 0.0980 0.0065 0.9952
vn 0.1365 0.0074 0.9906
vn -0.9956 -0.0935 -0.0070
vn -0.5978 0.0020 0.8016
vn 0.0137 0.0106 0.9999
vn 0.0149 0.9904 -0.1376
vn -0.8754 -0.4830 -0.0188
vn -0.9281 -0.3724 -0.0028
vn -0.5193 -0.5378 0.6641
vn -0.7193 -0.6274 0.2985
vn -0.0782 0.0079 -0.9969
vn -0.0636 0.0018 -0.9980
vn -0.0589 0.0105 -0.9982
vn 0.0578 0.0068 0.9983
vn 0.0589 -0.0159 0.9981
vn 0.9987 -0.0498 -0.0057
vn 0.9710 0.2391 -0.0045
vn -0.0024 0.9999 -0.0142
vn -0.0031 0.9993 -0.0382
vn -0.0333 0.1668 0.9854
vn 0.0309 -0.0077 0.9995
vn -0.0179 0.7393 0.6731
vn -0.0000 0.9934 -0.1147
vn 0.0016 1.0000 -0.0084
vn 0.0032 1.0000 -0.0055
vn 0.0156 0.9999 0.0046
vn 0.0872 0.9817 -0.1691
vn 0.0067 -0.0099 -0.9999
vn -0.0013 0.0100 -0.9999
vn 0.2074 0.4261 -0.8806
vn -0.2933 -0.0262 -0.9557
vn -0.0046 1.0000 0.0014
vn 0.0065 0.9999 0.0157
vn 0.0103 0.9999 0.0066
vn -0.0029 0.2396 -0.9709
vn -0.0076 0.0305 -0.9995
vn 0.9902 -0.0589 -0.1266
vn 0.9837 -0.0865 -0.1578
vn 0.9444 -0.0731 -0.3206
vn -0.0059 0.0022 -1.0000
vn 0.1839 0.0038 -0.9829
vn 0.0434 0.0023 -0.9991
vn 0.0195 0.0002 -0.9998
vn -0.0027 -0.0197 -0.9998
vn -0.0139 0.0498 -0.9987
vn 0.0622 -0.0525 -0.9967
vn 0.9596 0.2813 -0.0003
vn 0.9541 0.2994 0.0100
vn 0.9997 0.0053 -0.0222
vn 0.7342 -0.6788 0.0143
vn 0.9743 -0.2252 0.0069
vn -0.0023 -0.1262 0.9920
vn 0.9999 -0.0156 0.0008
vn 0.9998 -0.0139 0.0107
vn -0.0011 -0.0009 1.0000
vn -0.0030 -0.1641 0.9864
vn 0.9483 0.3175 -0.0028
vn 0.9218 0.3809 -0.0729
vn 0.9837 -0.1017 -0.1483
vn -0.0012 0.0014 1.0000
vn -0.0097 0.0014 1.0000
vn 0.0104 0.9996 0.0261
vn 0.0119 0.9996 0.0238
vn 0.0031 0.0069 1.0000
vn -0.0001 0.0010 -1.0000
vn 0.0675 0.9829 -0.1712
vn 0.3898 0.3997 -0.8296
vn 0.2308 0.5243 -0.8197
vn 0.9996 -0.0276 0.0015
vn 0.0009 0.9949 0.1005
vn -0.0066 0.9996 0.0280
vn -0.0024 0.9984 0.0557
vn 0.0081 0.4371 0.8994
vn -0.0055 -0.1902 0.9817
vn 0.0055 -0.0379 0.9993
vn -0.0130 0.9128 0.4082
vn -0.0035 0.4555 0.8902
vn -0.0011 0.9391 0.3435
vn -0.0016 -0.0191 -0.9998
vn -0.0014 -0.0238 -0.9997
vn -0.0007 -0.0005 -1.0000
vn -0.0116 0.0369 0.9993
vn -0.0014 0.0192 0.9998
vn -0.4202 -0.1617 0.8929
vn -0.7005 -0.0894 0.7081
vn 0.0038 1.0000 -0.0010
vn 0.0077 0.9999 0.0104
vn -0.0024 1.0000 0.0038
vn -0.2465 0.0053 0.9691
vn 0.3298 -0.0044 0.9440
vn -0.0014 0.0171 -0.9999
vn -0.0089 0.1246 -0.9922
vn -0.0061 0.2626 -0.9649
vn 0.0108 -0.9999 0.0048
vn 0.0306 -0.7343 -0.6781
vn -0.0145 -0.9961 0.0873
vn 0.3484 0.0257 -0.9370
vn 0.3332 0.0174 -0.9427
vn -0.0009 0.9997 0.0228
vn 0.0711 0.9974 -0.0108
vn 0.0123 0.9972 0.0732
vn -1.0000 -0.0000 0.0009
vn -1.0000 0.0004 0.0003
vn -1.0000 0.0018 -0.0021
vn -0.7105 0.4808 0.5138
vn -0.8231 0.4314 0.3695
vn -1.0000 -0.0041 0.0007
vn 0.9316 0.3075 0.1939
vn 0.3629 0.0414 0.9309
vn -0.1483 0.0382 0.9882
vn -0.0025 0.0625 0.9980
vn 0.9634 -0.2679 0.0010
vn 0.9658 -0.2593 0.0077
vn 0.0002 -0.9072 0.4208
vn -0.0086 -0.3976 0.9175
vn -0.0020 -0.1203 0.9927
vn 0.0045 -0.0884 0.9961
vn -0.0061 -0.4648 0.8854
vn -0.5697 -0.8218 -0.0020
vn -0.5438 -0.8392 0.0001
vn -0.0002 0.0009 -1.0000
vn 0.0003 0.0016 -1.0000
vn -0.0030 -0.8971 0.4418
vn -0.0084 -0.9996 -0.0287
vn -0.0150 -0.8763 0.4816
vn 0.0397 0.0131 -0.9991
vn 0.0497 0.0096 -0.9987
vn -0.0158 0.0547 -0.9984
vn -0.0058 0.0025 -1.0000
vn -0.9968 -0.0739 0.0309
vn -0.9984 -0.0559 -0.0019
vn 0.0005 -1.0000 -0.0015
vn 0.0005 -1.0000 -0.0005
vn 0.0009 -1.0000 0.0004
vn 0.6424 -0.0074 0.7663
vn 0.0677 -0.0146 0.9976
vn -0.0015 -0.2935 0.9559
vn -0.0040 0.2100 0.9777
vn 0.5084 -0.8594 0.0536
vn 0.0497 -0.9961 0.0729
vn -0.0017 0.0060 -1.0000
vn 0.0027 -0.0539 -0.9985
vn 1.0000 0.0086 0.0021
vn 1.0000 0.0067 -0.0006
vn -0.2419 0.0074 0.9703
vn -0.1037 0.0028 0.9946
vn -0.1097 0.0025 0.9940
vn 0.9779 -0.0017 0.2092
vn -0.6515 0.1554 -0.7425
vn -0.7275 0.6791 0.0984
vn -0.1249 0.3891 -0.9127
vn -0.3037 -0.0101 -0.9527
vn -0.6716 -0.0205 -0.7406
vn 0.5753 -0.0076 -0.8179
vn -0.0361 0.0060 -0.9993
vn 0.9492 0.0071 0.3146
vn 0.9951 0.0114 0.0978
vn 0.0005 -0.0001 1.0000
vn -0.0001 -0.0004 1.0000
vn 0.0011 0.9798 -0.2001
vn -0.0168 0.9982 -0.0580
vn 0.9999 0.0116 0.0105
vn -0.0011 0.9999 0.0114
vn 0.9960 0.0334 0.0830
vn 0.9687 0.0396 0.2449
vn 0.8616 -0.0053 0.5075
vn 0.0915 0.0008 -0.9958
vn 0.1375 0.0047 -0.9905
vn -0.0052 -0.0280 0.9996
vn -0.0015 0.0009 1.0000
vn 0.0006 0.0071 1.0000
vn -0.0062 -1.0000 0.0025
vn -0.9999 0.0129 0.0086
vn -0.9998 -0.0036 -0.0211
vn -1.0000 -0.0054 -0.0026
vn 1.0000 0.0045 -0.0017
vn 1.0000 0.0037 0.0007
vn 0.0172 0.7549 -0.6556
vn 0.0442 0.5117 -0.8580
vn 0.0569 0.7391 -0.6712
vn 0.2994 0.9529 0.0490
vn -0.1750 0.9797 -0.0977
vn 0.0058 -0.8972 -0.4415
vn -0.0107 -0.9925 -0.1219
vn -0.9998 -0.0128 0.0182
vn -1.0000 0.0017 0.0072
vn -1.0000 -0.0008 -0.0019
vn 0.0077 0.9994 0.0350
vn 0.0624 0.9947 0.0823
vn 0.2060 0.7850 0.5842
vn 0.9662 0.2144 0.1431
vn 0.4114 0.9115 0.0026
vn 0.9736 0.2248 0.0404
vn 0.5823 0.0063 0.8129
vn 0.5348 0.0049 0.8450
vn 0.3527 0.0144 0.9356
vn 0.0017 0.0465 -0.9989
vn 0.0006 0.5945 -0.8041
vn 0.0034 0.6327 -0.7744
vn 0.2767 -0.0008 0.9610
vn 0.2642 0.0165 0.9643
vn -0.0631 -0.9977 0.0250
vn -0.7004 -0.7056 0.1077
vn -0.5403 -0.8384 -0.0713
vn -0.0003 -0.0200 -0.9998
vn 0.0012 -0.0002 1.0000
vn 0.0011 -0.0009 1.0000
vn 0.0005 -0.0005 1.0000
vn 0.8294 -0.0570 -0.5558
vn 0.5720 -0.8202 -0.0110
vn 0.6794 -0.7334 0.0233
vn 0.0004 0.0064 1.0000
vn 0.0002 -0.0005 1.0000
vn 0.0023 -0.0001 1.0000
vn 0.0013 1.0000 0.0035
vn -0.0022 0.9999 -0.0130
vn -0.0011 1.0000 0.0028
vn -0.1063 0.9943 0.0056
vn -0.1012 0.9948 0.0061
vn -0.1002 0.9949 0.0083
vn -0.0048 0.1716 -0.9852
vn -0.0029 0.6052 -0.7960
vn -0.0030 0.1117 -0.9937
vn 1.0000 0.0030 -0.0072
vn -0.0047 0.9921 -0.1257
vn -0.0015 0.9557 -0.2944
vn -0.0475 0.6773 0.7342
vn -0.9999 0.0021 -0.0128
vn -0.9990 0.0010 -0.0454
vn -1.0000 0.0010 -0.0081
vn -0.0001 0.0105 0.9999
vn -0.0001 0.0037 1.0000
vn 0.0087 0.9915 0.1299
vn 0.0015 0.9942 0.1074
vn -0.0085 0.9977 0.0672
vn -0.5046 -0.8630 -0.0251
vn -0.5425 -0.8370 -0.0715
vn -0.5858 -0.8104 0.0043
vn 0.0157 0.9988 -0.0464
vn 0.0469 0.9621 -0.2685
vn 0.0924 -0.0419 0.9948
vn -0.0079 -0.2880 0.9576
vn 0.0959 0.5550 0.8263
vn -0.0190 -0.1072 0.9941
vn -1.0000 -0.0011 0.0060
vn -0.9999 -0.0087 0.0104
vn -0.9994 -0.0191 0.0298
vn -0.9999 -0.0031 0.0145
vn 0.0002 -0.0003 1.0000
vn 0.0002 0.0035 1.0000
vn -0.0001 -0.0011 1.0000
vn 0.0017 0.0100 -0.9999
vn 0.0036 0.0483 0.9988
vn -0.0019 -0.2199 0.9755
vn -0.0048 0.0342 0.9994
vn -0.0116 0.0044 0.9999
vn -0.0072 -0.8773 0.4799
vn 0.0001 -1.0000 0.0015
vn -0.9968 -0.0011 -0.0796
vn -0.7638 -0.0057 -0.6455
vn -0.0284 0.9996 0.0046
vn -0.0168 0.9998 0.0062
vn -0.0009 0.9999 0.0111
vn 0.0024 0.9468 -0.3219
vn -0.0044 0.9999 -0.0120
vn -0.0516 -0.9987 0.0057
vn -0.0484 -0.9988 0.0032
vn -0.4814 -0.8765 0.0019
vn 0.2078 0.9693 0.1315
vn -0.1979 0.9802 0.0078
vn -0.5301 0.8465 -0.0481
vn -0.0136 0.9999 -0.0013
vn -0.9996 0.0112 0.0261
vn -0.9997 -0.0200 0.0171
vn -0.9998 0.0192 -0.0001
vn -0.1449 0.0212 0.9892
vn -0.0008 -1.0000 0.0012
vn -0.5032 -0.0148 -0.8640
vn -0.8077 -0.0446 -0.5879
vn -0.8992 -0.0426 -0.4354
vn 0.9394 -0.0053 -0.3429
vn 0.9477 0.0026 0.3192
vn 0.9334 0.0130 0.3587
vn -0.9485 -0.3167 -0.0027
vn -0.9999 0.0107 -0.0087
vn 0.0007 -0.7796 -0.6262
vn 0.0017 0.9882 -0.1532
vn 0.9993 0.0361 -0.0038
vn 0.9996 0.0248 -0.0155
vn 0.6099 0.4371 -0.6610
vn 0.8157 0.0142 -0.5784
vn 0.8768 -0.0180 -0.4806
vn -0.0198 0.4685 0.8833
vn -0.0228 -0.1701 0.9852
vn -0.0014 -0.1245 0.9922
vn -0.0078 0.7113 0.7029
vn -0.0001 0.9898 -0.1423
vn -0.0290 0.8223 -0.5683
vn 0.9989 -0.0030 0.0463
vn -0.7437 0.0018 -0.6686
vn -0.6288 0.0010 -0.7776
vn -0.2807 0.1547 -0.9473
vn -0.9944 0.0838 0.0643
vn -0.7865 0.6172 -0.0193
vn -0.2263 0.9740 -0.0073
vn -0.4947 0.8635 -0.0979
vn 0.0018 0.0581 0.9983
vn 0.0023 0.0577 0.9983
vn -0.0678 0.0122 0.9976
vn -0.0157 0.0035 0.9999
vn -0.0088 0.0031 1.0000
vn -0.0039 -0.0446 -0.9990
vn 0.8280 0.0103 -0.5606
vn 0.8468 -0.0106 -0.5318
vn 0.0606 -0.0016 -0.9982
vn -0.0216 0.0502 0.9985
vn 0.8922 0.0030 0.4516
vn 0.8688 -0.0232 0.4947
vn 0.0128 0.9999 0.0009
vn 0.0041 1.0000 -0.0039
vn 0.0075 -0.2268 0.9739
vn -0.0462 0.0092 0.9989
vn -0.0098 0.0257 0.9996
vn 0.9979 0.0627 -0.0151
vn -0.0091 0.9922 -0.1241
vn -0.0108 0.9993 0.0356
vn -0.0036 0.9972 -0.0753
vn 0.1669 -0.0029 0.9860
vn 0.1437 -0.0043 0.9896
vn -0.1476 0.0181 0.9889
vn 0.5111 0.0341 0.8588
vn 0.0010 0.0126 -0.9999
vn -0.0017 0.0020 -1.0000
vn 0.0281 0.0021 -0.9996
vn 0.0350 0.0057 -0.9994
vn 0.0318 -0.0026 -0.9995
vn -0.0447 0.0367 0.9983
vn -0.0653 0.0284 0.9975
vn -0.0516 0.7939 -0.6058
vn -0.8177 0.5063 -0.2740
vn 0.0221 -0.9822 0.1868
vn 0.0014 -0.8926 -0.4509
vn 0.0017 0.0110 -0.9999
vn -0.0118 0.9947 0.1017
vn -0.8729 0.4430 0.2045
vn -0.9828 0.1665 0.0804
vn 0.9976 -0.0662 0.0180
vn 0.9959 -0.0114 0.0895
vn 0.9998 0.0078 -0.0163
vn -0.0257 0.6411 0.7670
vn 0.0054 0.6815 0.7318
vn -0.6448 0.0125 -0.7643
vn -0.7044 0.0074 -0.7097
vn -0.9513 -0.0182 -0.3078
vn 0.0016 -0.0450 -0.9990
vn 0.0040 0.0178 -0.9998
vn 0.0038 -0.0375 -0.9993
vn -0.1929 0.0073 -0.9812
vn -0.0035 0.9450 -0.3270
vn 0.0444 0.9990 0.0010
vn 0.1760 0.9844 0.0048
vn 0.0078 -0.2853 0.9584
vn -0.4864 -0.0467 -0.8725
vn -0.9589 -0.0132 -0.2833
vn -0.0589 0.9976 0.0372
vn 0.4432 0.8964 0.0117
vn -0.4796 -0.3816 0.7901
vn -0.0153 -0.0034 -0.9999
vn -0.0375 -0.0059 -0.9993
vn -0.0076 -0.0117 -0.9999
vn 0.0014 -0.9742 -0.2255
vn 0.0056 -0.9776 -0.2104
vn 0.0032 -0.8632 -0.5048
vn 0.0006 -0.7804 0.6253
vn 0.0076 -0.7216 0.6922
vn 0.0174 -0.8919 0.4520
vn -0.0319 -0.0164 0.9994
vn 0.0979 0.6186 0.7796
vn 0.0903 -0.0407 0.9951
vn -0.0003 -1.0000 0.0057
vn 0.0052 -0.9769 0.2137
vn -0.0141 0.8283 0.5600
vn -0.0016 0.0108 0.9999
vn -0.5924 0.0113 0.8056
vn -0.5616 0.0219 0.8271
vn -0.9085 0.0164 0.4176
vn -0.0742 0.9972 -0.0051
vn 0.0274 0.8166 -0.5766
vn -0.0348 0.6587 -0.7516
vn -0.0214 0.5465 -0.8372
vn 0.9999 -0.0032 -0.0124
vn -0.0087 0.0117 0.9999
vn 0.0006 0.0122 0.9999
vn 0.0012 0.0112 0.9999
vn -0.0006 0.0009 -1.0000
vn 0.0001 0.0002 -1.0000
vn -0.0019 -0.8905 -0.4549
vn -0.9999 -0.0042 -0.0100
vn -0.9990 -0.0032 -0.0449
vn -0.0069 0.9989 -0.0465
vn 0.0017 1.0000 0.0006
vn -0.0025 0.9999 -0.0116
vn 0.0383 0.0078 -0.9992
vn 0.0846 -0.0029 0.9964
vn -0.9137 -0.0000 0.4063
vn -0.9144 0.0042 0.4047
vn 0.0003 0.0005 -1.0000
vn 0.0001 -0.0008 -1.0000
vn 0.9218 0.0009 0.3876
vn 0.6087 0.0140 0.7932
vn -0.9999 0.0024 -0.0098
vn -0.9999 0.0060 -0.0082
vn -1.0000 -0.0012 -0.0090
vn -0.9771 -0.2065 0.0514
vn -1.0000 0.0088 0.0006
vn 0.0066 0.9997 0.0218
vn 0.0012 0.9948 0.1018
vn -0.0191 0.0317 0.9993
vn -0.0116 0.0298 0.9995
vn -0.7328 -0.0291 -0.6798
vn -0.0042 0.9999 0.0149
vn 0.0044 0.9983 0.0578
vn 0.0038 0.7820 0.6233
vn 0.0093 -0.9297 0.3683
vn -0.0144 -0.8523 0.5229
vn -0.0003 -0.0005 -1.0000
vn 0.0003 0.0002 -1.0000
vn -0.8899 0.3829 -0.2478
vn -0.9999 -0.0034 0.0160
vn -0.7486 0.5036 -0.4312
vn -0.0015 0.9998 0.0190
vn 0.0060 0.9999 0.0103
vn 0.0071 0.9998 0.0185
vn 0.0050 -0.0509 -0.9987
vn 0.0027 0.1683 -0.9857
vn 0.0017 0.0279 0.9996
vn -0.0018 -0.3538 0.9353
vn -0.0112 -0.1013 0.9948
vn -0.0087 0.0200 0.9998
vn -0.0080 -0.1094 0.9940
vn -0.0107 0.0239 0.9997
vn 0.9943 -0.0840 0.0654
vn 0.7685 -0.0313 0.6391
vn 0.5553 -0.6137 0.5612
vn 0.8902 -0.3683 0.2680
vn -0.9880 0.1533 0.0168
vn -0.0004 -0.0018 -1.0000
vn -0.0011 -0.0248 -0.9997
vn -0.9954 -0.0099 0.0950
vn -0.9982 -0.0054 0.0606
vn -0.9955 -0.0210 0.0920
vn -0.9965 -0.0190 0.0818
vn 0.8167 0.2308 -0.5289
vn -0.0095 -0.9333 0.3590
vn -0.0088 -0.3945 0.9189
vn -0.0055 0.5833 -0.8123
vn -0.0070 0.8894 -0.4570
vn 0.0037 0.8847 -0.4661
vn -0.0567 0.0116 0.9983
vn 0.8190 -0.0096 0.5738
vn 0.7605 0.0098 0.6493
vn 0.0135 0.0005 -0.9999
vn -0.0035 0.8288 0.5596
vn -0.0021 0.9951 -0.0987
vn 0.0189 0.8365 0.5476
vn 0.0043 0.2379 0.9713
vn 0.0119 0.2129 0.9770
vn -0.0015 0.5856 0.8106
vn -0.0002 -0.0000 1.0000
vn 0.0005 -0.0009 1.0000
vn -0.0005 -0.0006 1.0000
vn 0.0652 0.0203 0.9977
vn 0.5301 0.0140 0.8478
vn -0.0152 0.0476 0.9988
vn -0.0593 -0.9828 0.1749
vn -0.9998 -0.0132 0.0125
vn -0.9965 -0.0808 0.0196
vn 0.9992 0.0008 0.0387
vn 0.9998 -0.0036 -0.0206
vn 0.9906 -0.0128 0.1363
vn 0.0045 0.0035 -1.0000
vn 0.0026 0.2606 -0.9654
vn -0.2013 0.8580 -0.4725
vn 0.9736 0.0017 -0.2282
vn 0.9647 -0.0135 -0.2631
vn 0.8357 -0.0140 -0.5490
vn -0.7759 0.6199 -0.1170
vn -0.0003 0.0001 1.0000
vn -0.0000 -0.0006 1.0000
vn -0.0001 -0.0006 1.0000
vn -1.0000 0.0072 0.0027
vn -1.0000 0.0043 0.0054
vn -0.0016 0.0061 -1.0000
vn -0.0015 0.0069 -1.0000
vn 0.0281 -0.0023 0.9996
vn -0.0015 0.0044 1.0000
vn -0.0019 0.0041 1.0000
vn 0.0157 -0.9565 0.2912
vn 0.0065 0.3158 0.9488
vn -0.5287 0.1313 0.8386
vn -0.0838 0.0016 0.9965
vn 0.0001 0.0021 1.0000
vn 0.0001 0.0006 1.0000
vn 0.0266 0.0123 0.9996
vn -0.0098 -0.4462 0.8949
vn 0.0035 -0.2533 0.9674
vn -0.9999 -0.0021 0.0124
vn -0.9863 -0.0042 0.1652
vn -0.9998 0.0064 -0.0167
vn 0.0041 -0.1951 0.9808
vn -0.2563 -0.0012 -0.9666
vn -0.8358 -0.0041 -0.5491
vn 0.0621 -0.0098 0.9980
vn 0.0024 -0.0033 1.0000
vn 0.2445 -0.0092 0.9696
vn -0.0007 -0.2031 0.9792
vn 0.0093 -0.0166 -0.9998
vn -0.9863 -0.0021 0.1649
vn 0.1216 0.0372 0.9919
vn 0.0100 0.0103 0.9999
vn -0.0169 0.9225 -0.3856
vn -0.0080 0.2536 -0.9673
vn -0.0030 0.9997 0.0261
vn -0.0771 -0.1392 0.9873
vn -0.0462 0.0009 0.9989
vn 0.0008 -0.7636 0.6457
vn -0.0050 -0.5874 0.8093
vn -0.0067 -0.1533 0.9881
vn 0.9915 -0.0059 0.1298
vn 0.9985 0.0034 0.0540
vn 0.0003 0.0042 -1.0000
vn -0.0002 0.0013 -1.0000
vn 0.0118 -0.0111 -0.9999
vn 0.0128 0.9904 -0.1378
vn 0.0001 0.0918 -0.9958
vn 0.0020 0.4997 -0.8662
vn -0.0058 0.2046 -0.9788
vn -0.0014 0.9953 -0.0967
vn -0.1948 0.6567 0.7286
vn 0.0847 0.0011 0.9964
vn 0.1072 -0.0013 0.9942
vn 0.0894 0.0036 0.9960
vn -0.9499 0.1969 -0.2428
vn 0.0106 0.9996 -0.0269
vn -0.0177 -0.8688 -0.4948
vn -0.0134 -0.6835 -0.7298
vn 0.0034 -0.8755 -0.4833
vn -0.0001 -1.0000 0.0026
vn -0.0065 -0.9707 -0.2404
vn -0.0003 -1.0000 0.0087
vn -0.1110 0.9053 0.4100
vn -0.8781 0.3551 0.3208
vn -0.0129 0.6610 0.7503
vn 0.0016 0.0127 -0.9999
vn -0.0012 0.0117 -0.9999
vn -0.0005 0.0143 -0.9999
vn 1.0000 -0.0009 -0.0097
vn 1.0000 -0.0064 -0.0058
vn 1.0000 -0.0029 0.0056
vn -0.0107 -0.3351 0.9421
vn -0.0013 -0.2722 0.9622
vn -0.0015 0.0040 1.0000
vn -0.5302 -0.8457 -0.0601
vn -0.0028 -0.9971 -0.0760
vn -0.6054 -0.7955 -0.0252
vn -0.0263 0.9995 0.0183
vn -0.0137 0.9999 -0.0087
vn -0.7299 0.6086 -0.3113
vn -0.4660 0.8848 -0.0063
vn -0.3138 0.0039 -0.9495
vn 0.0003 0.0001 1.0000
vn -0.0001 -0.0002 1.0000
vn -0.0345 -0.9607 0.2754
vn 0.0032 0.7790 -0.6270
vn -0.0053 -1.0000 0.0014
vn -0.0004 -0.3460 0.9382
vn 0.7531 0.2732 -0.5985
vn 0.8860 -0.2894 -0.3623
vn -0.9723 0.0046 0.2335
vn -0.0027 -0.2524 0.9676
vn -0.0025 -0.3117 0.9502
vn -0.0059 -0.2745 0.9616
vn -0.0166 0.9998 0.0058
vn -0.0163 0.9997 -0.0180
vn -0.0184 0.9901 -0.1392
vn 0.9968 0.0100 0.0796
vn -0.2115 0.0391 -0.9766
vn -0.0123 0.0181 0.9998
vn -0.0108 0.0319 0.9994
vn -0.0110 0.0226 0.9997
vn 0.9669 0.2534 -0.0297
vn 0.5082 0.8601 -0.0440
vn 0.2105 0.0781 -0.9745
vn -0.7571 0.0333 -0.6525
vn -0.4728 0.0889 -0.8767
vn -0.0018 0.0141 -0.9999
vn 0.3166 0.0062 0.9485
vn 0.2807 0.0126 0.9597
vn 0.1925 -0.0053 0.9813
vn -0.0285 -0.0278 0.9992
vn -0.9995 0.0037 0.0310
vn -1.0000 0.0007 -0.0025
vn -0.9995 -0.0033 0.0319
vn 0.7623 0.3068 -0.5699
vn -0.2081 0.6417 -0.7382
vn 0.9004 0.3447 -0.2653
vn 0.0163 0.0513 -0.9985
vn 0.0998 -0.9941 0.0424
vn 0.0414 -0.0664 -0.9969
vn 0.9997 -0.0216 -0.0102
vn 0.9997 -0.0199 -0.0111
vn 0.9997 -0.0224 -0.0017
vn -0.0031 0.7830 0.6220
vn 0.0102 0.2566 0.9665
vn -0.0117 0.9999 0.0023
vn -0.0781 0.6716 -0.7368
vn -0.0145 0.8556 -0.5174
vn -0.7407 0.0038 -0.6718
vn 0.0024 0.0322 0.9995
vn 0.0123 0.0309 0.9994
vn 0.9416 0.3368 -0.0022
vn 0.9935 0.1124 0.0192
vn 1.0000 -0.0088 -0.0046
vn 0.0301 -0.0113 -0.9995
vn -0.0101 0.9999 0.0017
vn -0.0103 0.9999 -0.0058
vn -0.0070 1.0000 -0.0064
vn -0.0194 0.9995 0.0266
vn -0.0131 0.9998 -0.0114
vn -0.0177 0.3754 0.9267
vn -0.0065 0.8064 0.5913
vn 0.5904 -0.8071 0.0008
vn 0.6066 -0.7948 -0.0185
vn 0.0310 -0.9992 0.0243
vn -0.0116 -0.9342 -0.3566
vn 0.0125 -0.8640 -0.5034
vn 0.0075 -0.2110 0.9775
vn 0.0029 -0.1764 0.9843
vn 0.0078 -0.1497 0.9887
vn 0.9761 -0.2174 -0.0031
vn 0.9992 -0.0391 -0.0035
vn 0.0010 0.0013 -1.0000
vn 0.0010 0.0016 -1.0000
vn 0.0063 0.5716 0.8205
vn 0.0002 0.1960 0.9806
vn -0.0024 0.5678 0.8232
vn 0.0044 -0.3182 -0.9480
vn 0.0005 -0.1281 -0.9918
vn 0.0009 -0.1192 -0.9929
vn 0.0049 -0.0785 -0.9969
vn 0.0111 -0.0826 -0.9965
vn 0.0007 -0.0222 -0.9998
vn -1.0000 0.0036 0.0021
vn -0.9999 -0.0043 -0.0138
vn -0.9994 -0.0072 -0.0339
vn -0.9608 -0.2773 -0.0021
vn 0.0002 0.9976 0.0692
vn 0.9588 0.2842 0.0056
vn 0.0626 0.0178 -0.9979
vn 0.1622 0.0037 -0.9868
vn 0.1564 0.0081 -0.9877
vn -1.0000 0.0009 -0.0004
vn -1.0000 0.0050 0.0024
vn -0.0005 -0.0005 1.0000
vn -0.2308 0.9730 0.0095
vn 0.0662 0.9824 0.1749
vn 0.2348 0.9720 -0.0026
vn -0.7051 -0.0383 0.7081
vn 0.0243 -0.4404 0.8975
vn 0.0004 -0.0010 -1.0000
vn 0.0008 -0.0064 -1.0000
vn -0.0003 -0.0017 -1.0000
vn -0.0015 0.8524 -0.5229
vn -0.0031 0.1512 -0.9885
vn 0.0008 0.7827 -0.6224
vn 0.0096 -0.3578 0.9338
vn 0.1924 -0.0047 0.9813
vn 0.3765 -0.0055 0.9264
vn -0.0116 -0.0784 0.9969
vn -0.0178 -0.0117 0.9998
vn -0.5578 -0.0027 0.8300
vn -0.8796 0.0024 0.4758
vn -0.5454 0.0065 0.8381
vn -0.0609 0.0209 0.9979
vn 0.0072 -0.5393 0.8421
vn -0.0052 0.9999 0.0135
vn -0.0301 0.9984 -0.0477
vn -0.0006 0.9995 0.0306
vn 0.0143 0.9977 0.0666
vn 0.0130 0.9966 0.0812
vn -0.0016 -0.9996 0.0286
vn -0.0001 -1.0000 0.0022
vn -0.0036 -0.3380 0.9411
vn -0.0011 0.0295 0.9996
vn 0.0062 0.0103 0.9999
vn 0.0073 0.0152 0.9999
vn 0.9462 0.3232 0.0163
vn 0.4113 0.9114 0.0141
vn 0.4222 0.9065 0.0071
vn 0.0345 -0.7236 0.6894
vn 0.0108 -0.9108 0.4127
vn -0.0076 0.9999 -0.0093
vn -0.0023 1.0000 0.0060
vn 0.8598 -0.2196 -0.4610
vn 0.8362 -0.1008 -0.5391
vn 0.4814 -0.0240 -0.8762
vn -0.0019 0.5667 0.8239
vn 0.0055 0.5677 0.8232
vn 0.0006 0.9636 0.2674
vn 0.0078 1.0000 -0.0044
vn -0.0151 0.9995 -0.0283
vn -0.9887 0.1472 0.0295
vn -0.9620 -0.2731 0.0050
vn 0.2751 -0.0073 0.9614
vn 0.7813 0.0028 0.6242
vn -0.0007 -0.1043 0.9945
vn -0.0035 -0.1869 0.9824
vn 0.7266 0.0087 -0.6870
vn 0.8454 0.0277 -0.5333
vn 0.0054 0.9988 0.0489
vn 0.0288 0.9961 -0.0828
vn -0.0307 0.9850 -0.1701
vn 0.9997 -0.0012 -0.0240
vn 0.9974 0.0160 -0.0707
vn 0.9607 -0.0111 -0.2774
vn -0.8263 -0.0141 -0.5630
vn -0.5633 0.0080 -0.8262
vn -0.0088 -0.1861 0.9825
vn 0.0012 -0.4862 0.8739
vn 0.0021 1.0000 0.0060
vn 0.0001 1.0000 0.0086
vn 0.0039 0.9999 0.0096
vn 0.0329 -0.0033 0.9995
vn 0.0144 0.0019 0.9999
vn 0.0104 0.0082 0.9999
vn 0.0014 0.0215 -0.9998
vn 0.0042 0.9999 0.0161
vn -1.0000 0.0005 -0.0036
vn -0.0032 0.0037 1.0000
vn -0.0007 0.0120 0.9999
vn -0.4600 -0.0635 -0.8856
vn -0.0007 0.0040 1.0000
vn -0.0014 -0.0024 1.0000
vn -0.0024 -0.0114 0.9999
vn -0.0026 -0.0565 -0.9984
vn -0.0078 -0.0785 -0.9969
vn -0.0567 -0.0017 -0.9984
vn -0.0610 0.0020 -0.9981
vn 0.1731 0.0060 -0.9849
vn 0.0004 0.0005 -1.0000
vn 0.0190 0.9627 -0.2701
vn 0.2166 0.2540 -0.9426
vn 0.1280 0.3840 -0.9144
vn 0.3890 0.9133 0.1205
vn -0.0182 -0.9637 0.2663
vn 0.0011 -1.0000 0.0039
vn 0.0109 0.9997 0.0216
vn 0.0086 0.9998 0.0204
vn 0.0081 0.9997 0.0252
vn 0.7058 0.0056 -0.7084
vn 0.9995 0.0301 -0.0002
vn 0.2126 0.9771 0.0086
vn -0.9516 0.3045 -0.0421
vn 0.7320 -0.0101 0.6812
vn 0.7864 0.0056 0.6177
vn 0.0032 0.0051 1.0000
vn 0.0163 0.0087 0.9998
vn 0.0019 0.0186 0.9998
vn 0.5981 -0.0061 0.8014
vn 0.7160 0.0043 0.6981
vn -0.3126 0.0259 0.9495
vn -0.1667 0.0350 0.9854
vn -0.0030 -0.0004 -1.0000
vn -0.0013 0.0003 -1.0000
vn -0.0059 -0.0001 -1.0000
vn -0.0151 0.0163 0.9998
vn 0.0213 0.0015 0.9998
vn 0.1050 0.0054 0.9945
vn -0.5859 0.0093 -0.8103
vn -0.1867 -0.0153 -0.9823
vn -0.6929 -0.0006 -0.7210
vn -1.0000 0.0030 -0.0003
vn 0.0195 0.0138 -0.9997
vn -0.0139 -0.0590 -0.9982
vn -0.0120 0.0394 0.9992
vn -0.0179 0.0132 0.9998
vn -0.0128 0.0111 0.9999
vn 0.4392 -0.0328 0.8978
vn 0.9940 0.0014 0.1095
vn 0.9400 0.0138 0.3409
vn 0.1169 0.9925 -0.0350
vn 0.9275 0.3708 -0.0468
vn 0.0019 -0.9099 -0.4149
vn 0.0144 -0.7929 -0.6092
vn -0.9999 0.0145 -0.0001
vn -0.9998 0.0169 -0.0141
vn -0.9999 0.0130 -0.0029
vn -0.0037 0.8045 0.5939
vn 0.9998 0.0129 0.0119
vn 0.9999 0.0128 0.0012
vn -0.9955 -0.0025 -0.0951
vn -0.0204 0.0050 0.9998
vn -0.0033 -0.0954 -0.9954
vn -0.0095 0.1677 -0.9858
vn 0.0002 -0.1111 -0.9938
vn -0.9998 0.0194 0.0026
vn -0.9980 -0.0628 0.0043
vn -0.0418 0.0010 0.9991
vn 0.7754 0.0297 0.6307
vn 0.9996 0.0219 -0.0197
vn 0.0033 0.9590 0.2835
vn 0.0027 0.8993 -0.4373
vn -0.2889 0.9573 0.0136
vn -0.0125 0.9184 -0.3955
vn 0.0099 0.7712 0.6365
vn -0.0464 0.9610 -0.2726
vn 0.0078 0.0553 -0.9984
vn 0.9999 0.0157 0.0015
vn -0.2212 -0.0073 0.9752
vn -0.1029 -0.0119 0.9946
vn 0.0312 -0.0058 0.9995
vn -0.0013 0.9992 -0.0410
vn -0.0034 0.9991 -0.0429
vn -0.0010 0.9999 0.0134
vn 0.1203 -0.0002 -0.9927
vn 0.1427 -0.0012 -0.9898
vn -0.0029 0.0478 -0.9989
vn -1.0000 -0.0026 -0.0002
vn -0.9862 -0.0424 0.1602
vn -0.9968 0.0058 0.0799
vn 0.0520 0.0836 0.9951
vn -0.0085 1.0000 0.0023
vn -0.0059 0.9999 0.0151
vn 0.0053 0.7822 -0.6230
vn -0.0081 0.9623 0.2720
vn -0.0090 0.7696 -0.6385
vn -0.0119 -0.0597 0.9981
vn 0.0186 -0.0517 0.9985
vn 0.0515 0.9975 -0.0481
vn -0.0345 0.9991 -0.0231
vn -0.0235 0.9966 0.0784
vn -0.0747 0.9970 0.0187
vn -0.0143 0.8084 0.5885
vn -0.0112 0.9999 0.0046
vn -0.0006 -0.9938 -0.1114
vn 0.0060 0.0052 1.0000
vn 0.0140 0.0096 0.9999
vn -0.0204 0.0049 0.9998
vn -0.0050 0.0144 0.9999
vn -0.0148 0.0151 0.9998
vn 0.9987 0.0031 -0.0502
vn 1.0000 -0.0004 0.0046
vn 0.9986 0.0524 0.0047
vn 0.0016 0.0013 -1.0000
vn -1.0000 0.0073 -0.0002
vn 0.9990 -0.0453 0.0061
vn 0.9999 0.0115 -0.0010
vn 0.0079 -0.3744 0.9272
vn 0.0155 -0.3475 0.9376
vn 0.0053 0.9028 -0.4301
vn -0.0008 0.6180 -0.7862
vn -0.0278 0.0254 0.9993
vn -0.0289 0.0278 0.9992
vn -0.0232 0.0181 0.9996
vn 0.0007 0.0056 -1.0000
vn -0.0242 0.9949 -0.0975
vn -0.0097 -0.0007 1.0000
vn -0.0302 0.0165 0.9994
vn -0.9866 -0.0406 0.1583
vn -0.8243 -0.2893 0.4867
vn 0.3075 -0.9514 0.0136
vn 0.3412 -0.9400 -0.0021
vn -0.0284 -0.9996 0.0002
vn 0.0019 0.0097 -1.0000
vn 0.0060 0.8842 -0.4671
vn -0.0043 0.8774 -0.4798
vn -0.0037 0.4062 -0.9138
vn 0.0001 0.9927 0.1203
vn -0.0061 0.9981 0.0610
vn -0.9015 0.0049 -0.4327
vn -0.0348 0.0869 0.9956
vn -0.0337 0.0617 0.9975
vn -0.0287 0.0713 0.9970
vn -0.9644 0.1422 0.2229
vn -0.0068 -0.1965 0.9805
vn -0.0041 0.0006 1.0000
vn -0.0071 -0.1480 0.9890
vn -0.0100 0.0018 0.9999
vn 0.8919 0.0244 -0.4516
vn 0.9215 0.0025 -0.3884
vn -0.0003 1.0000 0.0041
vn 0.1223 0.9923 0.0197
vn -0.9930 -0.0460 -0.1084
vn -0.2391 0.9710 0.0043
vn -0.2123 0.9770 -0.0187
vn 0.6011 0.6174 0.5074
vn -0.4771 0.4787 0.7371
vn -0.0662 0.0044 -0.9978
vn 0.0271 0.0019 -0.9996
vn -0.0692 -0.0158 -0.9975
vn -0.0004 0.0034 -1.0000
vn -0.0013 0.0042 -1.0000
vn 0.2567 0.0041 0.9665
vn 0.2659 -0.0013 0.9640
vn 0.2401 -0.0012 0.9708
vn 0.9872 -0.0044 0.1594
vn 0.8133 -0.0109 0.5817
vn -0.0046 0.8148 -0.5798
vn 0.0084 0.3119 -0.9501
vn 0.0009 0.7597 0.6502
vn -0.0595 0.9952 0.0772
vn -0.0687 0.8956 -0.4395
vn -0.1913 0.9754 -0.1099
vn 0.0022 0.9992 0.0388
vn 0.0070 0.9999 0.0106
vn -0.2330 -0.0001 0.9725
vn -0.2090 -0.0010 0.9779
vn -0.0375 0.1510 -0.9878
vn -0.1513 0.0050 0.9885
vn 0.0092 0.0106 0.9999
vn -0.7674 -0.0343 -0.6403
vn -0.0029 0.7758 -0.6310
vn 0.9973 -0.0011 0.0732
vn 0.9997 -0.0013 0.0249
vn 0.9998 0.0103 0.0185
vn 1.0000 0.0017 0.0007
vn -0.9995 0.0291 0.0141
vn -0.9999 0.0037 -0.0112
vn -1.0000 0.0009 -0.0013
vn -1.0000 0.0027 -0.0002
vn -0.9690 0.0077 -0.2469
vn -0.9857 -0.0038 -0.1682
vn 0.0089 0.0202 0.9998
vn -0.0134 0.0214 0.9997
vn -0.0122 0.0026 0.9999
vn 0.2433 -0.0034 0.9699
vn 0.8127 -0.0075 0.5826
vn -0.9972 -0.0022 0.0743
vn -0.0025 0.9979 -0.0649
vn 0.0177 0.8310 0.5559
vn 0.8408 0.4350 -0.3222
vn 0.7712 0.5280 -0.3556
vn -0.0005 -0.9538 -0.3005
vn -0.0010 -0.9998 0.0192
vn -1.0000 -0.0006 -0.0029
vn 0.0001 -1.0000 0.0005
vn 0.0054 0.0152 -0.9999
vn 0.9599 0.2795 0.0196
vn -0.0024 0.0128 -0.9999
vn 0.1913 -0.0004 0.9815
vn 0.0001 -0.0000 1.0000
vn 0.0004 0.0003 1.0000
vn -0.0049 0.8393 0.5437
vn -0.0027 0.9999 -0.0104
vn -0.0038 0.9998 -0.0209
vn 0.0001 -0.0002 1.0000
vn 0.0004 -0.0000 1.0000
vn -0.6577 -0.5226 -0.5424
vn -0.0239 -0.7045 0.7093
vn 0.0002 -1.0000 -0.0011
vn -0.0000 -1.0000 -0.0022
vn -0.0236 -0.7989 0.6010
vn 0.0035 -0.9968 0.0795
vn -0.5998 0.0164 0.8000
vn -0.9700 -0.2408 -0.0340
vn -0.9972 -0.0745 0.0027
vn -0.9992 0.0080 -0.0398
vn 0.6937 0.4486 0.5635
vn -1.0000 0.0009 0.0008
vn -1.0000 0.0016 0.0014
vn 0.0002 0.3099 0.9508
vn -0.0049 0.3271 0.9450
vn -0.1483 0.0164 0.9888
vn -0.0008 -0.0007 1.0000
vn -0.0032 0.9999 -0.0163
vn -0.3002 -0.9532 0.0344
vn -0.5816 -0.8124 0.0415
vn 0.7670 -0.0158 -0.6415
vn 0.0225 -0.0004 0.9997
vn -0.0070 0.0002 1.0000
vn -0.0034 1.0000 -0.0005
vn -0.0076 1.0000 0.0048
vn -0.0039 0.0204 -0.9998
vn 0.0232 0.0187 0.9996
vn -0.0038 -0.1614 0.9869
vn 0.0017 -0.1761 0.9844
vn -0.7796 -0.2568 -0.5713
vn 0.0156 0.9996 0.0238
vn -0.8915 -0.0200 -0.4526
vn -0.8707 -0.0090 0.4918
vn 0.3665 0.0006 0.9304
vn -0.6222 -0.0139 -0.7827
vn 0.6131 0.0235 -0.7897
vn -0.3070 0.0099 -0.9516
vn -0.2898 -0.0000 -0.9571
vn -0.0036 0.9343 -0.3566
vn 0.0149 0.0010 0.9999
vn -0.0002 -1.0000 0.0005
vn -0.0461 -0.9988 -0.0192
vn 0.9999 -0.0135 -0.0067
vn 1.0000 0.0045 -0.0007
vn -0.0003 -0.0081 1.0000
vn 0.1455 0.9231 -0.3560
vn -0.0111 0.0021 -0.9999
vn 0.0873 0.0033 -0.9962
vn 0.0739 -0.0048 -0.9973
vn 1.0000 0.0011 0.0052
vn 0.7125 0.0283 -0.7011
vn 0.0051 0.5172 0.8558
vn -1.0000 -0.0028 -0.0002
vn -0.5418 0.0186 0.8403
vn -0.2168 0.0141 0.9761
vn -0.0009 -0.0330 -0.9995
vn 0.0058 0.0133 0.9999
vn 0.0056 0.0205 0.9998
vn 0.0015 -0.4545 -0.8907
vn -0.0120 -0.4271 -0.9041
vn -0.0036 -0.5714 -0.8207
vn 0.4235 0.0350 -0.9052
vn -0.2106 -0.0130 -0.9775
vn 0.1801 0.0011 -0.9837
vn -0.0160 -0.0099 -0.9998
vn 1.0000 0.0031 0.0001
vn 1.0000 0.0045 -0.0035
vn 0.6569 0.0232 0.7537
vn -0.0048 -0.3616 -0.9323
vn -0.0002 -0.0800 0.9968
vn -0.0014 -0.0064 1.0000
vn 0.0006 -0.0074 1.0000
vn -1.0000 0.0097 -0.0003
vn -0.0109 -0.9999 0.0067
vn 0.0104 -0.0127 -0.9999
vn 0.0070 0.1837 -0.9830
vn 0.0076 0.0373 -0.9993
vn 0.0347 0.0101 -0.9993
vn -0.0013 0.0227 -0.9997
vn 0.0657 0.0481 -0.9967
vn -0.0004 0.3361 -0.9418
vn 0.0118 0.3240 -0.9460
vn -0.0003 0.0110 -0.9999
vn -0.0017 0.9994 -0.0344
vn 0.0017 0.9985 -0.0541
vn 0.0014 0.9925 -0.1226
vn 0.0090 0.9979 -0.0645
vn -0.8330 0.0003 0.5533
vn -0.9988 0.0013 0.0496
vn -0.8754 -0.0171 0.4832
vn -0.0144 0.6680 0.7440
vn 0.0054 0.8742 0.4856
vn 0.0081 0.9980 -0.0634
vn 0.9974 -0.0153 -0.0704
vn 0.9998 0.0219 -0.0026
vn 0.9993 -0.0362 0.0030
vn -0.9899 0.1406 0.0186
vn -0.9963 0.0853 -0.0120
vn -1.0000 -0.0024 -0.0051
vn -0.9443 -0.2293 0.2362
vn -0.1852 0.0052 0.9827
vn -0.0230 -0.9909 -0.1323
vn 0.0107 -0.7573 -0.6530
vn 0.0089 -0.8106 -0.5855
vn -0.9154 0.0044 -0.4024
vn -0.4901 0.0088 -0.8716
vn 0.0834 0.9940 0.0711
vn 0.4963 0.8572 0.1370
vn -0.0096 0.0555 0.9984
vn -0.0219 0.0524 0.9984
vn 0.0025 1.0000 -0.0088
vn 0.0018 0.9996 -0.0282
vn -1.0000 0.0075 0.0003
vn -0.8618 -0.4950 -0.1109
vn 0.5890 -0.8024 -0.0960
vn -0.9998 0.0062 -0.0199
vn -0.9994 -0.0088 -0.0350
vn 0.0083 0.9996 0.0267
vn 0.0055 0.9978 0.0662
vn 0.0025 0.9997 0.0248
vn 0.0519 0.9755 -0.2138
vn -0.0027 1.0000 0.0080
vn -0.9998 0.0191 0.0010
vn 0.0114 -0.7768 -0.6296
vn -0.0046 -0.9563 -0.2924
vn -0.0102 -0.7353 -0.6777
vn -0.0060 -0.1600 0.9871
vn -0.0077 -0.2241 0.9745
vn -0.0112 -0.2027 0.9792
vn 0.0020 0.9948 -0.1023
vn -0.0051 0.9601 -0.2796
vn 0.0012 -1.0000 0.0079
vn -0.0130 -0.9999 -0.0026
vn -0.4685 0.0251 0.8831
vn -0.1057 0.1046 0.9889
vn -0.0186 0.0262 0.9995
vn -0.0143 0.0302 0.9994
vn 0.0202 0.0100 -0.9997
vn 0.0113 0.0159 -0.9998
vn -0.5833 -0.8120 -0.0229
vn -0.6866 -0.7270 -0.0007
vn -0.9100 -0.4126 -0.0411
vn -0.1445 -0.9895 -0.0011
vn 0.0032 -0.0025 1.0000
vn 0.7597 -0.6503 -0.0018
vn 0.5029 -0.8641 0.0219
vn 0.6004 -0.7981 -0.0498
vn -0.0585 0.0202 0.9981
vn -0.0775 0.0050 0.9970
vn -0.0090 -0.7046 -0.7096
vn 0.0040 -0.5590 -0.8291
vn -0.0029 0.0026 -1.0000
vn -0.0040 0.0011 -1.0000
vn -0.0041 0.0022 -1.0000
vn -0.0267 0.0343 0.9991
vn -0.0156 0.0471 0.9988
vn 0.2674 0.0019 0.9636
vn 0.1904 0.0013 0.9817
vn -0.0041 -0.9543 -0.2989
vn 0.0247 0.9981 0.0573
vn -0.5439 -0.0084 -0.8391
vn 0.4003 -0.0710 -0.9136
vn -0.5612 0.0051 -0.8276
vn -0.0564 0.9285 -0.3671
vn 0.0064 0.0141 0.9999
vn 0.0035 -0.0082 -1.0000
vn 0.0012 -0.0052 -1.0000
vn 0.0069 0.9999 0.0107
vn 0.1289 0.9916 0.0083
vn -0.0063 0.0028 -1.0000
vn 0.1004 0.2441 0.9645
vn 0.6190 0.2285 0.7514
vn 0.1537 0.7744 0.6137
vn -0.9982 0.0176 0.0577
vn -0.7978 0.0059 0.6029
vn -0.0010 0.0029 -1.0000
vn 0.0008 0.0082 -1.0000
vn -0.0035 0.0042 -1.0000
vn -0.1102 0.9475 -0.3001
vn 0.0188 0.7243 -0.6893
vn 0.0088 -0.0659 -0.9978
vn 0.0092 0.0352 -0.9993
vn 0.0099 0.0212 -0.9997
vn 0.0202 -0.0669 -0.9976
vn -0.0056 0.3768 -0.9263
vn -0.9834 0.1800 -0.0238
vn 0.0110 -0.9149 -0.4035
vn 0.0040 -0.9968 -0.0795
vn 0.0368 -0.9740 -0.2234
vn 0.0006 0.0007 -1.0000
vn -0.0039 -0.1704 0.9854
vn 0.0110 -0.7702 -0.6377
vn 0.0100 -0.5193 -0.8546
vn -0.0049 -0.8294 -0.5587
vn 0.7817 0.5392 0.3134
vn 0.1414 0.8736 -0.4657
vn 0.3238 0.4086 -0.8533
vn 0.2593 0.6633 -0.7020
vn -0.5472 -0.0073 -0.8370
vn 0.0133 0.7974 -0.6033
vn -0.1337 0.0265 0.9907
vn -0.9993 0.0137 -0.0342
vn -0.9792 0.0077 0.2026
vn -0.0005 -0.0209 0.9998
vn 0.0299 0.9955 0.0896
vn 0.0100 0.9925 0.1217
vn 0.0063 -0.9745 0.2243
vn -0.0242 -0.8377 0.5457
vn 0.0069 0.2985 0.9544
vn -0.0161 0.3699 0.9289
vn 0.0170 0.9998 0.0106
vn 0.0090 0.9999 0.0075
vn 0.0103 0.9999 0.0130
vn 0.0175 0.2205 -0.9752
vn 0.6640 -0.7470 0.0328
vn 0.4201 -0.9055 0.0598
vn -0.0094 -0.0924 0.9957
vn -0.0093 -0.1959 0.9806
vn -0.0063 -0.0235 0.9997
vn -0.0017 -0.0177 0.9998
vn 0.0031 0.0002 -1.0000
vn 0.9963 -0.0568 -0.0652
vn 0.9193 0.0113 0.3935
vn 0.0169 -0.0107 -0.9998
vn -0.0058 0.8765 -0.4813
vn -0.0006 -0.0064 -1.0000
vn 0.0003 -0.0349 -0.9994
vn -0.0013 -0.0407 -0.9992
vn -0.9999 0.0076 0.0085
vn 0.9666 0.0136 -0.2559
vn 0.8339 0.0194 -0.5516
vn -0.0145 0.9999 0.0059
vn 0.9375 -0.0668 -0.3415
vn 0.9369 0.0001 -0.3495
vn 0.6200 -0.0128 -0.7845
vn -0.2152 0.0065 0.9765
vn -0.0004 -0.0000 1.0000
vn 0.0274 0.0344 -0.9990
vn 0.0147 0.0296 -0.9995
vn 0.0106 0.0293 0.9995
vn 0.0261 0.5145 0.8571
vn -0.0941 -0.0044 -0.9956
vn -0.0343 0.0062 -0.9994
vn -0.0363 -0.3899 0.9201
vn -0.0031 -0.9983 -0.0589
vn -0.0446 -0.9989 -0.0121
vn -0.5812 0.0011 0.8138
vn -0.9070 0.0099 0.4210
vn -0.9252 -0.0024 0.3794
vn 0.0199 -0.7044 0.7095
vn -0.0162 -0.9764 0.2152
vn -0.0000 -1.0000 0.0018
vn 0.0002 -1.0000 0.0008
vn -0.0008 0.0637 -0.9980
vn 0.4931 -0.0060 -0.8699
vn -0.0655 0.0116 -0.9978
vn 0.3230 0.0203 -0.9462
vn 0.4627 -0.0250 -0.8862
vn 0.0140 0.0613 0.9980
vn -0.0037 0.9874 -0.1579
vn 0.6985 0.1077 -0.7075
vn 0.9094 0.0602 -0.4115
vn -0.0022 -0.1012 -0.9949
vn -0.0011 -0.1084 -0.9941
vn -0.0001 -0.0272 -0.9996
vn -0.0043 1.0000 -0.0003
vn -0.0022 -0.0348 -0.9994
vn -0.0074 0.0352 -0.9994
vn -0.1367 0.0152 -0.9905
vn -0.0061 -0.1142 0.9934
vn 0.0054 -0.4806 0.8769
vn -0.2218 -0.0224 -0.9748
vn -0.2759 0.0017 -0.9612
vn -0.1204 -0.0028 -0.9927
vn -0.9998 0.0049 -0.0176
vn -0.9986 -0.0004 -0.0520
vn -0.0588 0.9951 -0.0792
vn -0.6904 -0.7232 -0.0181
vn -0.5431 -0.8396 -0.0087
vn 0.0463 -0.0033 -0.9989
vn 0.0203 0.6951 0.7186
vn 0.0041 0.9895 -0.1442
vn -0.0111 0.9940 -0.1092
vn 0.0001 -1.0000 0.0075
vn -0.0023 -1.0000 0.0071
vn 0.0034 1.0000 -0.0047
vn 0.0008 1.0000 0.0072
vn 0.0131 0.9096 0.4152
vn -0.0056 -0.8177 -0.5756
vn 0.0166 0.9924 -0.1221
vn 0.0153 0.9737 -0.2275
vn -0.0001 -1.0000 -0.0005
vn -0.0637 -0.9979 -0.0095
vn 0.0003 1.0000 -0.0021
vn -0.0837 -0.0033 -0.9965
vn 0.0251 0.9984 0.0510
vn 0.0463 0.9497 -0.3097
vn 0.0431 -0.0815 -0.9957
vn -0.0146 0.9984 -0.0545
vn -0.0538 0.9983 -0.0220
vn -0.0523 0.9968 -0.0603
vn -0.0021 0.7193 0.6947
vn 0.1954 0.8918 0.4081
vn -0.0020 -0.3719 -0.9283
vn -0.0136 -0.6273 -0.7786
vn 0.0037 0.3096 -0.9509
vn -0.0012 1.0000 -0.0033
vn -0.9972 -0.0628 0.0417
vn 0.9973 0.0057 -0.0734
vn 0.9967 0.0330 -0.0747
vn -0.0003 -1.0000 -0.0032
vn -0.0688 0.0269 0.9973
vn 0.9268 -0.0289 -0.3744
vn -0.9995 0.0006 0.0311
vn 0.8186 0.0128 -0.5743
vn 0.8551 0.0031 -0.5184
vn -0.0020 0.0033 -1.0000
vn -0.0027 0.0019 -1.0000
vn -0.3827 -0.9238 -0.0110
vn -0.0192 0.7324 0.6806
vn -0.0180 -0.0023 0.9998
vn 0.9999 0.0137 0.0083
vn 0.9990 0.0152 -0.0417
vn -0.9994 0.0075 0.0346
vn -0.9998 0.0166 0.0105
vn 0.0169 0.9925 0.1210
vn 0.0076 -0.0140 -0.9999
vn 0.0004 -0.0039 -1.0000
vn 0.9997 -0.0071 0.0219
vn 0.9994 -0.0084 -0.0332
vn 0.9967 0.0175 -0.0790
vn 0.9992 -0.0274 0.0297
vn -0.8473 -0.0403 -0.5296
vn -0.9979 -0.0012 -0.0647
vn -0.9022 -0.0085 -0.4312
vn -0.1648 -0.0239 -0.9860
vn -0.1004 -0.0132 -0.9949
vn -0.0992 -0.0051 -0.9951
vn -0.0069 0.0427 0.9991
vn -0.0111 0.9205 -0.3906
vn 0.0024 0.9994 -0.0344
vn -0.0015 1.0000 -0.0083
vn -0.0224 0.0262 0.9994
vn 0.0068 -0.3955 0.9184
vn 0.0109 0.9976 0.0689
vn 0.0162 0.9961 0.0863
vn -0.0139 0.0088 0.9999
vn 0.2531 0.0088 0.9674
vn -0.0219 0.7938 0.6077
vn -0.0317 -0.0078 -0.9995
vn -0.0370 -0.0030 -0.9993
vn 0.0450 0.5373 0.8422
vn -0.0062 0.9973 -0.0733
vn -0.0255 0.9973 -0.0683
vn -0.0633 0.5642 0.8232
vn -0.0078 0.0044 1.0000
vn 0.0011 0.0013 1.0000
vn -0.0045 0.0115 0.9999
vn 0.0021 -0.0177 -0.9998
vn -0.8682 0.0063 0.4962
vn -0.6810 -0.0091 0.7323
vn 1.0000 0.0047 0.0030
vn -0.7276 -0.6858 0.0130
vn -0.0009 0.0133 0.9999
vn -0.0021 0.0115 0.9999
vn -0.0010 0.0060 1.0000
vn 0.0065 0.9999 0.0091
vn 0.0107 0.0088 0.9999
vn 0.3832 0.0599 -0.9217
vn 0.0002 0.0001 1.0000
vn 0.0001 -0.0003 -1.0000
vn 0.0010 -0.2162 0.9764
vn -0.0017 -0.2289 0.9735
vn -0.5284 0.8489 0.0112
vn -0.5698 0.8217 0.0148
vn 0.0413 0.9962 0.0763
vn -0.0380 0.8911 -0.4522
vn -0.0005 -0.0004 1.0000
vn 0.8675 -0.0108 0.4973
vn 0.6052 -0.7960 -0.0098
vn -0.0031 -0.0004 1.0000
vn -0.0022 -0.0001 1.0000
vn -0.0198 -0.0004 0.9998
vn 0.0005 0.0063 -1.0000
vn -0.0022 0.0043 -1.0000
vn -0.0008 0.0071 -1.0000
vn -0.6878 0.7195 0.0961
vn -0.6832 0.7294 0.0355
vn 0.3680 0.9254 0.0910
vn -0.9511 0.0098 -0.3087
vn -0.9998 0.0045 -0.0214
vn -0.9825 0.0309 -0.1838
vn -0.3262 -0.6726 -0.6643
vn 0.0133 -0.9679 -0.2510
vn -0.0029 -0.9871 -0.1600
vn -0.0005 -0.3444 0.9388
vn 0.0075 -0.5024 0.8646
vn 0.0049 1.0000 0.0017
vn -0.0063 1.0000 -0.0077
vn 0.7474 -0.0134 0.6643
vn -0.6415 0.3949 0.6577
vn 0.2862 -0.9304 -0.2289
vn 0.5856 0.8106 0.0048
vn 0.5273 0.8496 0.0124
vn -0.1739 -0.0374 0.9840
vn -0.2603 0.0048 0.9655
vn -0.8900 0.1987 -0.4105
vn -0.9433 -0.0443 -0.3289
vn 0.9998 0.0121 -0.0158
vn -0.9351 0.3517 -0.0436
vn -0.9030 0.3641 -0.2282
vn 0.0110 0.0152 0.9998
vn 0.7999 -0.0107 -0.6000
vn 0.8281 0.0241 -0.5601
vn -0.0145 -0.0314 -0.9994
vn -0.0051 -0.4194 0.9078
vn -0.0258 -0.4975 0.8671
vn 0.0040 -0.2003 0.9797
vn 0.0211 0.0155 0.9997
vn 0.9997 0.0042 0.0243
vn 0.9977 0.0030 0.0684
vn 0.0094 -0.8830 0.4693
vn 0.6782 -0.7294 0.0895
vn 0.0800 -0.0007 -0.9968
vn -0.9210 0.3795 -0.0880
vn -0.9559 0.2343 -0.1772
vn 0.0373 0.0061 -0.9993
vn 0.0008 0.0118 -0.9999
vn -0.0716 -0.9974 0.0074
vn -0.1630 -0.9813 0.1023
vn -0.4130 -0.9100 -0.0348
vn -0.0051 0.0119 0.9999
vn -0.0031 0.0030 1.0000
vn -0.0029 0.0087 1.0000
vn 0.1113 -0.1461 0.9830
vn 0.0082 0.7605 -0.6493
vn 0.5625 0.6121 -0.5559
vn 0.9508 0.2222 -0.2160
vn 0.0147 -0.9971 0.0751
vn 0.0096 0.9939 0.1102
vn -0.0044 0.9933 0.1158
vn 0.0064 -0.0820 -0.9966
vn 0.0022 -0.0921 -0.9957
vn 0.6653 -0.0013 -0.7466
vn 0.5849 -0.0011 -0.8111
vn -0.1824 0.0053 -0.9832
vn 0.0224 0.9282 -0.3715
vn -0.0832 0.9965 -0.0042
vn 0.0007 -0.9732 0.2300
vn -0.0084 -0.9743 0.2250
vn 1.0000 0.0007 -0.0031
vn 0.9999 0.0010 0.0132
vn 0.2807 -0.0043 0.9598
vn 0.0074 0.0856 0.9963
vn 0.0049 -0.8690 0.4947
vn -0.0084 -0.8085 0.5884
vn -0.0044 0.3942 0.9190
vn -1.0000 0.0034 0.0026
vn 1.0000 0.0023 -0.0078
vn 0.0939 -0.0099 -0.9955
vn -0.0004 -0.0106 -0.9999
vn -0.0017 -0.0080 -1.0000
vn -0.0000 -0.0072 -1.0000
vn -0.9997 -0.0097 0.0205
vn 0.4800 -0.0791 -0.8737
vn -0.5025 0.0091 -0.8645
vn -0.0130 -0.0012 -0.9999
vn 0.0020 0.6208 0.7840
vn 0.0525 0.6084 0.7919
vn -0.4699 -0.8630 0.1855
vn 0.9869 0.0347 -0.1577
vn 0.9989 0.0077 -0.0454
vn 0.9999 0.0060 0.0104
vn 0.8214 0.0017 0.5703
vn 0.7045 0.0397 0.7086
vn -0.4110 -0.1962 -0.8903
vn -0.8712 -0.0283 -0.4902
vn 0.0110 0.9997 0.0208
vn 0.0076 0.9998 0.0203
vn 0.7064 0.0274 -0.7073
vn 0.9977 -0.0678 -0.0013
vn -0.1608 0.4225 -0.8920
vn 0.0241 0.0144 0.9996
vn 0.0300 0.0119 0.9995
vn -0.0389 0.0009 -0.9992
vn -0.0968 0.0008 -0.9953
vn -0.0015 0.0056 1.0000
vn -0.0052 0.0146 0.9999
vn -0.0006 0.0043 -1.0000
vn 0.4748 0.0004 -0.8801
vn -0.2147 -0.0075 -0.9767
vn -0.9999 0.0007 0.0121
vn -1.0000 0.0022 0.0018
vn -0.9951 -0.0085 0.0981
vn -0.0209 0.9984 -0.0529
vn -0.0154 0.9963 -0.0840
vn 0.3975 -0.9175 0.0168
vn -0.2404 -0.0063 -0.9706
vn -0.0119 0.9999 0.0002
vn -0.0143 0.9992 -0.0363
vn -0.8640 0.0349 -0.5023
vn -0.7673 0.0079 -0.6412
vn -0.9009 -0.4340 0.0037
vn -0.7245 -0.6893 -0.0032
vn -0.6781 -0.7350 0.0024
vn -0.0060 -0.8878 0.4603
vn -0.0290 -0.6693 0.7424
vn -0.0000 -0.5480 0.8365
vn 0.6070 -0.7903 -0.0833
vn 0.9716 -0.2365 -0.0008
vn 0.0058 -0.6300 -0.7766
vn 0.0007 0.0114 -0.9999
vn 0.0123 -0.5849 -0.8110
vn 0.2533 -0.9670 -0.0255
vn 0.9998 0.0035 0.0212
vn 0.9999 0.0054 0.0125
vn 0.1181 0.0068 -0.9930
vn -0.0010 -0.1489 0.9888
vn 0.0004 0.0029 1.0000
vn 0.0010 0.0058 -1.0000
vn 0.0088 0.9926 0.1215
vn 0.0039 0.6977 -0.7164
vn -0.0000 0.9999 0.0130
vn 0.0049 1.0000 0.0050
vn -0.0013 0.0345 0.9994
vn 0.0066 0.0098 0.9999
vn -0.1297 0.9894 -0.0657
vn -0.1972 0.9796 -0.0390
vn 0.5843 0.5349 0.6103
vn -0.0131 0.9630 -0.2693
vn -0.0128 0.9047 -0.4260
vn -0.0092 0.9141 -0.4054
vn 0.0383 0.0185 0.9991
vn 0.0402 0.0200 0.9990
vn -0.0416 -0.0292 -0.9987
vn -0.0003 -0.0002 1.0000
vn 0.0037 1.0000 -0.0005
vn 0.0078 -0.0901 0.9959
vn -0.0005 -0.0914 0.9958
vn -0.0016 1.0000 -0.0072
vn 0.0016 0.9868 -0.1622
vn 0.0034 0.9062 -0.4228
vn 0.0091 0.9983 0.0569
vn 0.0147 0.9998 0.0116
vn 0.0100 0.9998 0.0159
vn -0.5072 -0.8618 -0.0090
vn -0.5602 -0.8283 -0.0106
vn -0.0036 0.8883 -0.4593
vn 0.0115 0.4409 -0.8975
vn -0.0044 0.5462 -0.8376
vn -0.9988 0.0039 -0.0487
vn 0.0069 0.2319 -0.9727
vn -0.0905 -0.0002 0.9959
vn -0.1078 0.0009 0.9942
vn 0.9954 -0.0128 0.0950
vn -0.0011 0.1929 -0.9812
vn 0.5966 0.8001 0.0626
vn -0.3238 0.9458 0.0249
vn 0.0178 0.8123 0.5830
vn 0.0002 -0.0118 -0.9999
vn -0.6783 -0.7342 -0.0287
vn -0.6661 -0.7458 0.0019
vn -0.4927 0.0374 -0.8694
vn 0.0473 -0.6829 -0.7290
vn 0.3107 0.9499 0.0355
vn 0.9559 0.2931 0.0168
vn -0.5304 -0.0714 0.8447
vn 0.0011 0.0076 -1.0000
vn -0.0035 -0.1185 -0.9930
vn 0.0012 -0.0346 -0.9994
vn 0.0139 -0.0436 0.9990
vn 0.0173 0.3100 -0.9506
vn -0.8012 0.5892 0.1039
vn 0.0013 -0.9772 -0.2123
vn -0.0067 -0.9696 -0.2448
vn -0.0030 -0.8840 -0.4675
vn 0.0075 0.0216 -0.9997
vn 0.0067 -0.0594 -0.9982
vn -0.0085 -0.9981 0.0616
vn 0.0293 -0.9980 0.0562
vn 0.0097 0.0026 -0.9999
vn 0.0131 0.0001 -0.9999
vn -0.0000 -1.0000 0.0006
vn -0.0108 0.0049 0.9999
vn -0.0256 0.6181 0.7856
vn 0.0023 0.0054 1.0000
vn 0.9040 -0.0035 -0.4276
vn 0.7535 -0.0091 -0.6574
vn 0.7729 0.0136 -0.6344
vn 0.9958 0.0072 -0.0913
vn 0.0009 0.0001 1.0000
vn 0.0002 -0.0009 1.0000
vn 0.9723 -0.0044 -0.2337
vn -0.0006 -0.1303 0.9915
vn 0.0001 -0.0608 0.9981
vn 0.0027 0.0034 -1.0000
vn -0.0003 -0.0071 -1.0000
vn 0.0061 0.2343 -0.9721
vn 0.0037 0.9969 -0.0787
vn -0.1094 0.9926 -0.0529
vn -0.0292 0.9995 -0.0104
vn -0.5614 0.0054 0.8275
vn -0.1814 0.0128 -0.9833
vn 0.0511 -0.0059 -0.9987
vn 0.0549 0.0062 -0.9985
vn -0.2196 0.0021 -0.9756
vn 1.0000 0.0005 0.0019
vn 1.0000 0.0006 0.0015
vn 0.0122 0.3756 -0.9267
vn 0.0138 0.2323 -0.9725
vn 0.0295 0.0047 0.9996
vn 0.0999 0.0075 0.9950
vn 0.0963 -0.0447 0.9944
vn 0.4731 -0.0115 0.8809
vn 0.6383 -0.0101 -0.7697
vn 0.0345 0.0729 0.9967
vn 0.0437 0.0421 0.9982
vn -0.3918 -0.9199 -0.0167
vn -0.5820 -0.8107 -0.0631
vn -0.0230 0.0287 0.9993
vn -0.0021 0.7837 0.6212
vn -0.0017 0.0292 0.9996
vn -0.0044 0.0089 1.0000
vn -0.0055 0.0087 0.9999
vn -0.0069 0.0116 0.9999
vn 0.6430 -0.7658 -0.0108
vn -0.0121 -0.9642 -0.2650
vn 0.0009 -1.0000 0.0032
vn -0.0084 -0.9713 -0.2378
vn -0.1988 -0.0023 0.9800
vn 0.9354 0.3535 0.0119
vn -0.0130 0.9129 0.4080
vn -0.7028 0.7110 0.0262
vn -0.9917 0.1277 0.0129
vn -0.9885 0.1483 -0.0282
vn -0.5538 0.8228 -0.1274
vn 0.0162 0.0073 -0.9998
vn -0.0191 0.9959 0.0890
vn -0.0188 -0.4135 0.9103
vn 0.0687 -0.1906 0.9793
vn -0.0009 -0.2566 0.9665
vn -0.1495 0.0258 -0.9884
vn -0.9469 0.0207 -0.3208
vn -0.9853 0.0037 0.1711
vn -0.9999 0.0027 -0.0114
vn 0.0140 -0.9629 -0.2694
vn -0.0061 0.1539 0.9881
vn 0.0007 -0.2157 -0.9764
vn 0.0170 -0.5460 0.8376
vn -0.0085 -0.5678 0.8231
vn -0.0056 0.6128 -0.7902
vn 0.0024 0.5899 -0.8075
vn 0.0043 0.2220 -0.9750
vn -0.0047 -0.2592 0.9658
vn 0.0414 -0.9348 0.3529
vn 0.0146 -0.7769 0.6295
vn 0.0265 -0.9772 0.2109
vn -0.9988 0.0479 -0.0087
vn -0.0087 0.0709 0.9974
vn 0.4400 -0.0215 -0.8977
vn -0.2092 -0.0056 -0.9779
vn 0.0593 -0.0037 -0.9982
vn 0.0382 0.0140 -0.9992
vn -0.0025 -0.0814 -0.9967
vn 0.4848 0.8741 -0.0298
vn -0.0049 0.9111 -0.4121
vn 0.0011 0.0079 1.0000
vn 0.2355 0.7493 -0.6189
vn -0.0004 0.0043 1.0000
vn -0.7681 0.0082 -0.6402
vn -0.5198 0.0381 -0.8534
vn -0.0055 -0.0015 -1.0000
vn -0.0049 -0.0071 -1.0000
vn -0.9991 -0.0026 -0.0423
vn -0.9998 0.0216 -0.0025
vn 0.9997 -0.0009 0.0243
vn 0.9999 0.0003 0.0162
vn 0.0004 -0.0092 1.0000
vn 0.0003 -0.0675 0.9977
vn 0.3285 0.0184 0.9443
vn 0.9151 0.0302 0.4020
vn 0.0055 -0.1928 0.9812
vn -0.0013 0.9775 -0.2108
vn -0.3387 -0.9408 0.0128
vn 0.0072 -0.0083 -0.9999
vn -0.0005 0.0342 -0.9994
vn -0.9981 -0.0374 0.0480
vn -0.9635 0.2673 -0.0147
vn -0.9919 0.1260 0.0179
vn -0.0149 -0.9999 -0.0015
vn -0.5623 -0.8268 -0.0125
vn 0.0067 0.8002 0.5997
vn -0.0033 1.0000 0.0020
vn 0.0022 0.9999 -0.0138
vn 0.0024 -0.0873 -0.9962
vn -0.0090 -0.0107 -0.9999
vn -0.0046 -0.0229 -0.9997
vn 0.0007 -0.0012 -1.0000
vn 0.0023 0.0011 -1.0000
vn 0.0027 -0.0717 -0.9974
vn -0.9985 -0.0541 -0.0037
vn -0.9967 -0.0812 -0.0068
vn -0.0000 -0.0018 1.0000
vn 0.6996 0.0065 0.7145
vn -0.0122 0.9967 -0.0807
vn 0.0392 0.8413 0.5391
vn 0.8954 0.4423 0.0508
vn -0.0006 0.0204 0.9998
vn 0.0007 0.0171 0.9999
vn 0.0250 -0.0020 -0.9997
vn 0.0181 -0.0035 -0.9998
vn 0.0372 -0.0054 -0.9993
vn 0.0090 0.0208 0.9997
vn 0.0008 -0.1112 0.9938
vn 0.2589 -0.9625 -0.0811
vn -0.1411 -0.9900 0.0038
vn 0.0005 0.3150 -0.9491
vn -0.9845 -0.1756 -0.0003
vn -0.9791 -0.2031 0.0137
vn -0.0047 0.0011 -1.0000
vn -0.0422 0.0464 -0.9980
vn 0.0315 0.0063 -0.9995
vn -0.1079 0.9925 -0.0581
vn -0.3300 0.9408 -0.0777
vn -1.0000 0.0085 -0.0001
vn -0.0250 0.3820 -0.9238
vn -0.0505 0.9241 -0.3787
vn -0.0849 0.9519 -0.2944
vn 0.0003 -1.0000 0.0035
vn 0.7304 -0.0035 -0.6830
vn -0.2672 -0.0123 -0.9636
vn 0.9936 -0.0268 -0.1102
vn -0.0107 0.0247 0.9996
vn 0.0041 0.0632 0.9980
vn 0.0093 0.0858 0.9963
vn 0.0003 -0.0969 0.9953
vn 0.9968 0.0132 0.0794
vn -0.7361 -0.6769 -0.0012
vn -0.9135 0.3956 0.0946
vn -1.0000 -0.0041 -0.0000
vn 0.0383 -0.0000 -0.9993
vn -0.4006 -0.9161 -0.0179
vn -0.9993 0.0042 -0.0362
vn -0.8946 0.0377 -0.4453
vn 0.0093 0.9999 0.0062
vn 0.0127 0.9992 0.0378
vn 0.0628 0.0020 -0.9980
vn -0.0584 0.0013 -0.9983
vn 0.9996 -0.0295 0.0013
vn 0.8642 0.0376 -0.5017
vn 0.9995 -0.0042 -0.0316
vn -0.6370 -0.7707 0.0165
vn -0.7597 -0.6501 0.0152
vn -0.0139 -0.7832 0.6216
vn -0.0047 -0.8211 0.5708
vn -0.0013 -0.7203 0.6937
vn 0.1010 0.0035 0.9949
vn 0.0900 -0.0224 0.9957
vn 0.9985 -0.0173 0.0518
vn 0.9994 0.0132 0.0329
vn 0.3278 0.9443 -0.0284
vn 0.6461 -0.0051 -0.7633
vn 0.8396 0.0621 -0.5396
vn -0.1675 -0.0014 -0.9859
vn 0.0170 0.9999 -0.0034
vn 0.0013 1.0000 0.0014
vn 0.0007 0.7105 -0.7037
vn -0.0245 0.0319 0.9992
vn -0.0107 -0.0107 -0.9999
vn 0.0009 -0.0124 -0.9999
vn -0.0172 0.0045 -0.9998
vn -0.1974 -0.0022 -0.9803
vn -0.0132 0.0435 0.9990
vn -0.9992 0.0071 -0.0383
vn 0.8286 -0.5599 -0.0012
vn -0.9982 0.0082 0.0602
vn -0.0083 0.4799 -0.8773
vn -1.0000 0.0062 0.0009
vn -1.0000 0.0091 -0.0005
vn -0.0014 0.0689 0.9976
vn -0.0066 -0.3572 0.9340
vn -0.0114 -0.2713 0.9624
vn -0.8539 0.5202 0.0110
vn -0.9960 0.0879 0.0149
vn 0.9969 -0.0793 0.0006
vn 0.9389 0.0036 -0.3441
vn 0.7464 -0.0161 -0.6653
vn -0.4242 -0.7496 0.5082
vn -0.6917 -0.7220 -0.0168
vn 0.1565 -0.9875 0.0176
vn -0.0079 0.0360 0.9993
vn -0.0036 0.0314 0.9995
vn 0.0048 -0.1949 0.9808
vn -0.0025 -0.1907 0.9816
vn -0.0252 0.0175 0.9995
vn -0.5135 -0.8572 -0.0399
vn -0.0027 -0.9665 -0.2566
vn -0.0003 -1.0000 0.0085
vn 0.0168 -0.9972 -0.0722
vn -0.0144 0.0154 0.9998
vn -0.6847 0.0587 0.7265
vn -0.4728 0.7396 0.4790
vn 0.1201 0.0438 0.9918
vn 0.0461 0.0357 0.9983
vn 0.1263 0.0385 0.9912
vn 0.0388 0.8926 0.4493
vn 0.0039 0.8149 -0.5795
vn -0.0048 0.0136 0.9999
vn 0.8120 0.0183 -0.5834
vn 0.1654 -0.0363 -0.9856
vn -0.0005 0.0014 -1.0000
vn 1.0000 0.0018 0.0025
vn -0.9860 0.0045 0.1664
vn -0.9878 0.0086 -0.1554
vn 0.2484 -0.0179 0.9685
vn -0.1789 0.9792 -0.0958
vn 0.0326 0.0244 0.9992
vn 0.0166 0.0302 0.9994
vn -0.9189 0.0461 -0.3919
vn -0.9816 0.0178 -0.1902
vn -0.9999 0.0121 -0.0054
vn 0.0097 0.0141 0.9999
vn -0.9993 0.0374 -0.0088
vn -0.7199 -0.0672 -0.6908
vn -0.0037 0.9999 -0.0132
vn -0.0045 0.9997 -0.0259
vn -0.9993 -0.0347 -0.0130
vn -0.4487 0.8934 -0.0233
vn -0.1646 0.9846 -0.0589
vn -0.0987 -0.0029 -0.9951
vn 0.0082 0.9998 -0.0182
vn 0.0091 1.0000 0.0004
vn 0.0056 0.9997 -0.0237
vn -0.0231 0.0003 -0.9997
vn 0.0125 -0.3777 0.9258
vn 0.8602 0.5100 -0.0047
vn 0.9989 0.0438 -0.0150
vn 0.0028 0.0766 0.9971
vn -0.0113 0.1965 0.9804
vn -0.0025 0.0055 -1.0000
vn -0.0020 0.6356 -0.7720
vn 0.0027 0.9971 0.0766
vn -0.9728 0.2312 0.0121
vn 0.0066 0.9971 -0.0752
vn 0.2059 0.8587 -0.4692
vn 0.9993 -0.0167 0.0342
vn -0.9973 -0.0736 -0.0019
vn -0.9798 -0.1999 -0.0116
vn -0.0065 -0.0162 -0.9998
vn -0.0051 0.0065 -1.0000
vn -0.0039 0.0045 -1.0000
vn -0.0021 0.0038 -1.0000
vn 0.0072 0.3657 -0.9307
vn 0.0005 0.9067 -0.4218
vn -0.0002 0.0003 1.0000
vn -0.0009 0.0119 -0.9999
vn 0.0013 0.0082 -1.0000
vn 0.0009 0.0156 -0.9999
vn 0.1130 -0.0872 0.9898
vn -0.6552 -0.0396 0.7544
vn -0.8900 -0.0174 0.4556
vn 0.2328 0.0006 0.9725
vn -0.0033 0.0147 -0.9999
vn -0.0013 0.0127 -0.9999
vn -0.0019 0.0164 -0.9999
vn 0.9133 0.0045 0.4072
vn 0.8344 0.0162 -0.5509
vn 0.9940 0.0146 0.1080
vn 0.0082 0.0371 0.9993
vn -0.0107 0.0471 0.9988
vn -0.0174 -0.0411 0.9990
vn 0.0062 -0.6183 -0.7859
vn 0.0056 -0.8553 -0.5182
vn 0.1669 -0.0079 -0.9859
vn 0.0047 -0.0105 -0.9999
vn 0.0062 0.0204 0.9998
vn 0.0152 0.0226 0.9996
vn -1.0000 0.0058 0.0028
vn -0.0070 0.0233 0.9997
vn -0.0656 0.9977 -0.0145
vn -0.0697 0.9975 -0.0118
vn -0.4728 -0.8687 -0.1475
vn -0.3985 0.7100 -0.5806
vn -0.9998 -0.0051 0.0202
vn -0.3908 0.9193 -0.0470
vn -0.0038 0.6624 -0.7491
vn -0.0017 0.6580 -0.7530
vn -0.2832 -0.9487 -0.1403
vn 0.0079 0.1875 -0.9822
vn -0.0069 -0.2342 0.9722
vn -0.0357 0.8285 -0.5589
vn -0.0117 0.9504 -0.3109
vn 0.1794 -0.0064 -0.9838
vn -0.9997 0.0041 -0.0246
vn -0.9987 -0.0246 -0.0446
vn -0.9975 0.0079 -0.0697
vn 0.6368 0.0116 -0.7709
vn -0.0146 0.0178 0.9997
vn 0.0254 -0.0032 -0.9997
vn 0.2988 0.0490 0.9531
vn -0.6345 -0.0032 0.7729
vn -0.0653 0.9978 0.0062
vn -0.0443 0.9990 0.0009
vn 0.0112 0.9514 -0.3078
vn 0.0073 0.3429 -0.9393
vn 0.0136 0.8920 -0.4518
vn 0.9324 -0.0149 0.3611
vn 0.0280 0.9960 -0.0846
vn 0.0008 0.9988 0.0486
vn 0.0181 0.9938 -0.1097
vn 0.1337 -0.0020 0.9910
vn 1.0000 0.0031 0.0023
vn 0.9946 -0.0082 0.1034
vn -0.9999 0.0096 0.0032
vn -0.9999 0.0083 0.0084
vn 0.9994 -0.0333 -0.0032
vn 0.0092 -0.3661 0.9305
vn -0.0064 -0.1084 0.9941
vn -0.9910 -0.0185 -0.1329
vn -0.9799 0.0360 -0.1960
vn 0.0926 -0.0182 0.9955
vn 0.0316 -0.0232 0.9992
vn 0.1465 -0.9892 -0.0033
vn -0.0089 -0.0381 0.9992
vn 0.7871 0.0145 0.6166
vn 0.5828 0.0114 0.8125
vn 0.4625 0.0050 0.8866
vn -1.0000 0.0073 0.0040
vn -0.0406 -0.0376 -0.9985
vn 0.0014 0.0232 0.9997
vn -0.0071 -0.1115 0.9937
vn -0.0019 -0.0725 0.9974
vn -0.7297 0.0183 0.6835
vn -0.9695 -0.0285 -0.2433
vn -0.9979 -0.0553 0.0333
vn -0.0039 -0.0358 -0.9994
vn 0.9689 0.2472 0.0124
vn 0.0028 0.0334 0.9994
vn 0.0215 -0.9854 0.1690
vn 0.0458 -0.9979 0.0457
vn 0.9998 -0.0134 0.0179
vn -0.0058 0.9999 -0.0082
vn -0.5143 -0.8575 -0.0119
vn -0.1019 0.3461 0.9327
vn -0.8785 0.0744 0.4720
vn -0.0143 0.9954 -0.0943
vn -0.9588 -0.0536 -0.2789
vn -0.9599 0.1163 -0.2551
vn -0.8259 -0.0095 0.5638
vn -1.0000 0.0050 -0.0018
vn 0.1023 -0.0096 0.9947
vn 0.0326 -0.0137 0.9994
vn 0.0042 0.9998 0.0200
vn 0.7906 0.0131 0.6122
vn 0.0039 0.2051 -0.9787
vn -0.4491 -0.0067 0.8934
vn 0.3214 -0.0504 0.9456
vn 0.4554 0.0024 0.8903
vn 0.9555 -0.2510 -0.1550
vn 0.9754 -0.2204 0.0017
vn 0.3243 -0.9438 0.0645
vn -0.9998 0.0150 -0.0140
vn -0.9567 -0.0030 -0.2911
vn -0.9358 -0.2751 0.2204
vn -0.0007 -0.2312 0.9729
vn -0.1006 0.9949 -0.0064
vn 0.0207 -0.0522 0.9984
vn 0.6070 0.7806 0.1491
vn 0.4916 0.7754 0.3963
vn 0.4824 0.0020 -0.8760
vn 1.0000 -0.0075 -0.0049
vn 0.0001 -0.0004 1.0000
vn -0.0041 -0.0818 0.9966
vn -0.0026 0.0500 0.9987
vn -0.0081 0.5956 -0.8032
vn -0.0269 0.5768 -0.8164
vn -0.9522 0.0233 -0.3047
vn -0.9444 0.0107 -0.3286
vn 0.0089 -0.8271 -0.5620
vn -0.0462 0.8408 0.5394
vn 0.0677 0.5017 0.8624
vn -0.0343 0.6668 0.7444
vn -0.0021 -0.3496 0.9369
vn 0.0025 -0.2035 -0.9791
vn 0.0012 -0.0408 -0.9992
vn 0.9240 -0.0179 0.3819
vn -0.5472 0.8334 0.0781
vn 0.0091 -0.3804 0.9248
vn 1.0000 0.0052 0.0011
vn -0.0475 0.0889 -0.9949
vn -0.0037 0.9121 -0.4099
vn 0.9345 0.3167 -0.1624
vn -0.0050 0.0343 0.9994
vn -0.0002 -0.0078 -1.0000
vn -0.0004 -0.0089 -1.0000
vn -0.9462 0.0119 -0.3235
vn 0.7387 -0.0132 0.6739
vn 0.7480 -0.0013 0.6637
vn -0.0089 0.9997 0.0213
vn -0.0114 0.9978 -0.0660
vn 0.9596 -0.2814 0.0026
vn -0.0052 -0.2449 0.9695
vn -0.3455 0.0020 -0.9384
vn -0.0102 -0.8393 -0.5435
vn -0.0001 0.9865 -0.1635
vn 1.0000 0.0078 0.0018
vn -0.7020 0.0658 0.7092
vn -0.1880 0.0098 -0.9821
vn 0.0287 -0.0144 -0.9995
vn 0.7936 -0.6085 -0.0038
vn -1.0000 0.0079 -0.0046
vn -0.1805 0.0495 0.9823
vn 0.0707 0.0414 0.9966
vn 0.2243 -0.0050 -0.9745
vn -0.0030 0.2759 0.9612
vn 0.0007 0.2655 0.9641
vn -0.9778 -0.1441 0.1524
vn -0.8686 0.3571 0.3436
vn 0.0113 0.9998 -0.0189
vn -0.2959 -0.9546 0.0338
vn 0.0073 0.0044 -1.0000
vn -0.0427 0.0112 -0.9990
vn -0.0319 0.0032 -0.9995
vn -0.0159 0.0524 0.9985
vn -0.3648 0.0242 0.9308
vn -0.7904 -0.0258 -0.6120
vn 0.0918 -0.0144 -0.9957
vn -0.8143 -0.4888 0.3131
vn -0.6021 -0.5492 -0.5795
vn 0.0959 0.0118 -0.9953
vn -0.0741 0.0068 -0.9972
vn -0.9716 -0.0267 -0.2352
vn -0.0209 -0.8647 0.5019
vn -1.0000 0.0045 0.0071
vn -0.0006 -0.0010 1.0000
vn -0.4317 -0.9020 0.0124
vn -0.2243 -0.9743 0.0180
vn -0.9978 0.0391 0.0535
vn -0.9975 -0.0687 -0.0162
vn 0.0324 -0.0142 -0.9994
vn 0.0286 -0.0090 -0.9996
vn 0.0043 0.0049 -1.0000
vn 0.0055 0.0053 -1.0000
vn 0.0051 0.0020 -1.0000
vn 0.0002 -1.0000 0.0010
vn -0.0066 0.4514 -0.8923
vn 0.0094 1.0000 0.0018
vn -0.0002 -0.0081 -1.0000
vn -0.0000 -0.0011 -1.0000
vn -0.0062 -0.1596 0.9872
vn 0.9968 0.0198 0.0768
vn 0.9999 -0.0004 -0.0150
vn 0.9645 0.2578 0.0571
vn -0.0310 0.0473 0.9984
vn 0.6327 -0.0108 -0.7743
vn -0.8233 0.1164 -0.5556
vn 0.0006 0.9999 0.0131
vn 0.0017 0.0303 -0.9995
vn -0.0736 0.0096 0.9972
vn -0.0716 0.0131 0.9973
vn -0.0883 0.0254 0.9958
vn -0.0039 0.0172 -0.9998
vn 0.9999 0.0089 0.0119
vn 0.2389 0.9669 -0.0898
vn -0.4449 0.7574 -0.4779
vn -0.3479 0.9274 0.1372
vn -0.0034 0.0188 0.9998
vn -0.0022 0.0200 0.9998
vn -0.0049 0.9997 0.0234
vn 1.0000 0.0007 0.0026
vn 0.0131 -0.0136 0.9998
vn -0.0004 -0.0598 0.9982
vn 0.9533 -0.3020 0.0030
vn 0.4352 -0.9003 -0.0122
vn 0.5085 -0.0023 -0.8610
vn -0.7210 -0.6927 -0.0190
vn 0.0023 -0.1452 0.9894
vn 0.8970 -0.0433 -0.4400
vn -0.0023 0.9999 0.0127
vn -0.0083 -0.9747 0.2236
vn 0.5708 0.8211 0.0029
vn -0.9998 0.0036 -0.0208
vn -0.2563 0.0115 -0.9665
vn -0.8575 0.0015 -0.5144
vn -0.2306 0.9729 -0.0172
vn 0.9901 0.0086 -0.1399
vn 0.0514 0.0073 0.9987
vn 0.0145 0.8629 0.5052
vn 0.3724 0.8391 0.3964
vn 0.0353 0.9235 -0.3819
vn 0.0296 0.8721 -0.4884
vn -0.4021 0.0005 -0.9156
vn 0.0054 -0.4319 -0.9019
vn -0.0616 0.8348 -0.5471
vn -0.0458 0.5808 -0.8127
vn -0.0639 0.8436 -0.5332
vn -0.0026 -0.1147 -0.9934
vn -0.0083 -0.1164 -0.9932
vn 0.0151 -0.8404 -0.5417
vn 1.0000 0.0010 0.0051
vn 0.9996 0.0024 0.0286
vn 1.0000 0.0014 0.0029
vn 0.9995 -0.0180 -0.0254
vn 0.0012 0.5819 0.8133
vn 0.0029 0.1596 0.9872
vn -0.0073 0.1736 0.9848
vn -0.0029 0.2469 -0.9690
vn 0.0185 -0.9861 0.1651
vn 0.9926 -0.0050 -0.1217
vn 0.9871 -0.0801 -0.1383
vn -0.1653 0.0002 0.9863
vn -0.0361 0.0011 0.9993
vn -0.1896 0.0066 0.9818
vn -0.5672 -0.0150 0.8235
vn 0.0075 -0.0140 0.9999
vn 0.9452 -0.0002 0.3266
vn -0.0002 -0.8070 -0.5906
vn 0.0061 0.9810 -0.1938
vn -1.0000 0.0016 -0.0049
vn 0.0611 -0.9980 -0.0185
vn 0.3836 -0.9227 0.0391
vn 0.7984 -0.6016 -0.0233
vn 0.0004 -0.9881 -0.1541
vn 0.0874 0.0079 0.9961
vn 0.0301 0.0313 0.9991
vn -0.8173 0.2287 -0.5289
vn -0.7752 -0.2000 -0.5992
vn -0.0007 0.0007 1.0000
vn 0.3368 -0.9410 -0.0331
vn -0.0216 -0.1201 0.9925
vn -0.0170 0.0370 0.9992
vn 0.0009 0.0417 0.9991
vn 0.0106 0.2242 0.9745
vn 0.1132 0.9585 0.2618
vn 0.9999 0.0084 0.0067
vn -0.8713 -0.0318 0.4896
vn 0.0009 -0.0007 -1.0000
vn 0.0104 0.9998 0.0146
vn -0.3884 0.9154 0.1053
vn 0.0001 0.0001 1.0000
vn -0.7365 -0.1073 -0.6679
vn -0.0020 0.0188 0.9998
vn 0.0035 0.3800 0.9250
vn -0.0935 -0.9644 -0.2474
vn 0.0020 0.0035 -1.0000
vn 0.0058 0.0046 -1.0000
vn -0.1349 -0.9909 0.0005
vn 0.5013 -0.5333 -0.6814
vn 0.0004 -0.0334 -0.9994
vn 0.0001 -0.0076 -1.0000
vn -0.0069 0.0095 -0.9999
vn -0.0055 0.0224 -0.9997
vn -0.0025 -0.1150 -0.9934
vn 0.0181 -0.2640 0.9644
vn -0.0052 0.3979 0.9174
vn 0.5333 0.4237 0.7322
vn 0.9640 -0.2656 0.0137
vn 0.6342 -0.7722 0.0399
vn -0.0038 -0.8577 -0.5142
vn 0.0080 -0.0068 -0.9999
vn 0.0053 -0.0110 -0.9999
vn -0.0026 0.0031 -1.0000
vn -0.0057 0.0063 -1.0000
vn -0.2952 0.9554 0.0082
vn -0.8489 0.5266 0.0447
vn -0.9984 0.0556 0.0084
vn 0.1017 -0.0097 -0.9948
vn -0.9973 -0.0105 0.0729
vn 0.0001 -0.9998 0.0198
vn 0.0036 0.2198 -0.9755
vn 0.0099 0.0076 0.9999
vn 0.2240 0.9741 -0.0296
vn -0.0011 -1.0000 0.0013
vn -0.0076 0.0199 0.9998
vn -0.0005 -0.5094 0.8605
vn -0.3826 -0.8971 -0.2212
vn -0.8495 0.0145 0.5273
vn 0.0048 0.9976 -0.0684
vn 0.0256 0.9788 -0.2031
vn -0.9519 0.0088 -0.3061
vn -0.0012 0.0064 1.0000
vn -0.3278 0.0241 -0.9444
vn 0.0038 0.6333 -0.7739
vn 0.0128 0.0270 0.9996
vn 0.0224 0.9997 0.0075
vn -0.0001 -0.8198 0.5727
vn -0.0013 -0.8174 0.5761
vn 0.0031 -0.3320 0.9433
vn 0.0072 -0.8470 0.5316
vn 0.9917 -0.0100 0.1285
vn -0.0012 -0.0009 -1.0000
vn -0.0006 0.1639 0.9865
vn 0.7557 0.0014 -0.6549
vn 0.9462 0.0390 -0.3213
vn -0.0071 0.0707 -0.9975
vn -0.0050 0.0037 -1.0000
vn -0.0064 0.0047 -1.0000
vn -0.0079 0.5908 -0.8068
vn 0.0007 0.0016 -1.0000
vn 0.0014 -0.0012 -1.0000
vn -0.9974 0.0725 0.0008
vn -0.9994 -0.0130 0.0316
vn 0.1003 0.0009 -0.9950
vn 0.0067 0.9995 0.0322
vn -1.0000 0.0027 0.0024
vn -0.0006 -0.0005 1.0000
vn -0.0007 -0.0118 -0.9999
vn 0.2701 0.0098 0.9628
vn 0.2020 -0.4125 0.8883
vn 0.4439 0.0099 0.8960
vn 0.0080 -0.1739 -0.9847
vn 0.4489 0.8872 0.1065
vn 0.9955 0.0064 0.0948
vn 0.9998 0.0067 0.0172
vn 0.9961 0.0053 0.0884
vn -0.9938 0.1010 0.0466
vn -0.9926 0.1212 -0.0111
vn 0.0084 0.0042 -1.0000
vn 0.0080 0.6520 0.7582
vn 0.0057 0.2541 -0.9672
vn -0.4102 -0.0271 0.9116
vn 0.0005 0.0024 -1.0000
vn -0.1204 0.0012 -0.9927
vn -0.0140 0.9722 -0.2339
vn -0.0174 0.9946 -0.1021
vn -0.0051 -0.1805 0.9836
vn -0.0049 0.0132 0.9999
vn 0.9342 -0.0000 -0.3569
vn -0.0057 0.0129 0.9999
vn 0.0217 0.9995 0.0243
vn -0.0538 0.9985 0.0124
vn -0.9999 -0.0067 0.0129
vn -0.0002 -0.0002 1.0000
vn 0.4508 -0.8922 -0.0259
vn 0.0109 0.9999 0.0035
vn -0.9935 -0.0161 -0.1130
vn -0.0032 0.4274 -0.9041
vn 0.1550 -0.0058 -0.9879
vn 0.0345 0.2509 0.9674
vn 0.0586 0.1732 -0.9831
vn 0.0011 0.0025 -1.0000
vn 0.0311 -0.1496 0.9883
vn 0.0957 0.0035 -0.9954
vn -0.0057 -0.4774 0.8787
vn -0.1414 0.9855 -0.0943
vn 1.0000 0.0010 0.0024
vn 0.0016 -0.0344 -0.9994
vn -0.0012 -1.0000 0.0005
vn -0.0087 -1.0000 0.0010
vn -0.0007 -1.0000 0.0007
vn 0.0036 0.0085 1.0000
vn 0.0372 0.7054 -0.7079
vn 0.1555 0.8632 -0.4804
vn -0.0606 0.0097 0.9981
vn -0.0451 -0.1436 0.9886
vn 0.0102 0.9806 -0.1955
vn -0.0550 0.9569 -0.2852
vn -0.4066 -0.9123 0.0487
vn -0.0358 0.0016 -0.9994
vn -0.0161 -0.0084 -0.9998
vn -0.5101 -0.8539 -0.1034
vn -0.3515 -0.5906 -0.7264
vn -0.1382 -0.9350 0.3266
vn 0.0446 -0.9990 0.0040
vn 0.0683 -0.9973 0.0261
vn 0.0721 0.1845 0.9802
vn 0.0022 0.0096 -1.0000
vn -0.0049 0.0065 -1.0000
vn 0.0022 0.0160 -0.9999
vn -0.0000 0.0001 1.0000
vn 0.0005 -0.0000 1.0000
vn 0.0692 0.9927 0.0985
vn -0.0022 0.0023 -1.0000
vn -0.0040 0.0024 -1.0000
vn -0.0018 0.0024 -1.0000
vn -0.9998 -0.0173 0.0112
vn 0.9937 -0.1061 0.0350
vn 0.9999 0.0148 0.0043
vn -0.4222 -0.0325 0.9059
vn 0.0030 -0.0157 -0.9999
vn -0.0089 -0.3489 0.9371
vn -0.0171 -0.4132 0.9105
vn -0.9998 0.0047 -0.0178
vn 0.9997 0.0041 0.0222
vn 0.0006 -0.0041 -1.0000
vn 0.1745 0.6566 0.7338
vn -0.0402 0.9992 0.0009
vn 0.0105 -0.0013 -0.9999
vn 0.0103 -0.7660 0.6428
vn 0.0197 -0.7116 0.7024
vn -0.0194 0.0078 0.9998
vn -0.5713 0.0548 -0.8189
vn -0.7304 0.6011 0.3243
vn 0.9996 -0.0049 0.0271
vn -0.0367 -0.0351 -0.9987
vn -0.8630 0.5051 0.0070
vn 0.9943 -0.0022 0.1066
vn 0.0916 -0.0088 -0.9958
vn -0.2156 -0.0115 -0.9764
vn -0.1930 -0.9801 0.0460
vn 0.1592 -0.3937 0.9054
vn 0.0052 0.0071 1.0000
vn 0.0008 0.0090 1.0000
vn -0.0002 -1.0000 0.0007
vn 0.0001 -1.0000 0.0003
vn 0.0002 -1.0000 0.0006
vn -0.6006 -0.7962 0.0732
vn -0.0011 -1.0000 0.0002
vn 0.0314 -0.0031 0.9995
vn 0.9801 0.0036 -0.1987
vn 0.2079 0.0356 -0.9775
vn -0.9474 -0.2971 0.1191
vn 0.0105 0.0126 0.9999
vn -0.0029 0.0198 0.9998
vn -0.0048 -0.0961 -0.9954
vn 0.7514 0.0055 0.6598
vn -0.0236 0.4449 -0.8952
vn 0.9977 0.0156 -0.0653
vn 0.0868 -0.9073 0.4115
vn 0.0054 -0.0441 0.9990
vn 0.9970 0.0759 0.0119
vn -0.9990 -0.0289 -0.0330
vn -0.6743 -0.0146 -0.7383
vn 0.0316 0.2925 -0.9557
vn 0.0318 0.5040 -0.8631
vn -0.0032 0.0471 0.9989
vn -0.0108 0.0552 0.9984
vn -0.0040 0.0412 0.9991
vn -0.8490 -0.0109 0.5283
vn 0.9516 0.3072 0.0024
vn 0.9469 0.3214 -0.0082
vn -0.0098 -0.4326 0.9016
vn -0.8351 -0.5429 -0.0881
vn -0.4798 0.8772 -0.0194
vn -0.1298 0.9915 -0.0039
vn 0.0041 0.5981 -0.8014
vn -0.0698 -0.0226 -0.9973
vn -0.0029 0.8672 -0.4979
vn 0.0029 0.2700 -0.9629
vn -0.0016 0.7726 -0.6349
vn 0.9793 -0.0072 0.2025
vn -0.5679 -0.8223 -0.0366
vn 0.6987 -0.0206 -0.7151
vn 0.0170 0.9994 0.0316
vn 0.0112 0.9995 0.0296
vn 0.0014 0.0093 1.0000
vn 0.0019 0.0036 -1.0000
vn 0.6081 -0.0878 -0.7890
vn -0.0018 -0.0782 0.9969
vn -0.9993 -0.0215 0.0320
vn -0.0080 -0.0944 0.9955
vn 0.0370 -0.0010 -0.9993
vn 0.0057 0.0008 -1.0000
vn 0.0087 0.0008 -1.0000
vn 0.3026 0.9531 -0.0045
vn 0.9999 0.0065 -0.0077
vn 1.0000 0.0050 -0.0036
vn 0.0305 -0.0191 0.9994
vn 0.1013 0.9895 -0.1033
vn 0.0633 0.8431 -0.5340
vn 0.2349 0.9091 -0.3441
vn -0.0130 0.0422 0.9990
vn -0.0041 0.0065 -1.0000
vn 0.0063 0.6634 -0.7482
vn -0.0001 0.0005 1.0000
vn 0.7715 -0.6362 0.0008
vn -0.0040 -0.3956 -0.9184
vn -0.0001 -0.0000 1.0000
vn -0.8949 0.0050 0.4461
vn 0.0091 1.0000 0.0018
vn 0.0563 0.9493 -0.3091
vn -0.1685 0.0194 0.9855
vn 0.0004 -0.0095 -1.0000
vn -0.9999 0.0067 0.0120
vn -0.0906 0.9954 0.0318
vn -0.1159 0.0392 0.9925
vn -0.0055 0.1817 0.9833
vn 0.0002 0.0067 1.0000
vn 0.0055 0.0430 0.9991
vn 0.0022 0.0633 0.9980
vn -0.0027 0.9998 0.0216
vn -0.0592 0.9982 0.0096
vn 0.0213 0.9082 -0.4179
vn -0.4038 -0.0256 -0.9145
vn 1.0000 0.0057 0.0024
vn -0.1433 0.0006 0.9897
vn 0.0086 -0.1211 -0.9926
vn 0.0142 -0.1018 -0.9947
vn -0.0026 0.9978 -0.0660
vn 0.2605 0.6661 -0.6989
vn 0.1391 0.8348 -0.5327
vn 0.0030 -0.2523 0.9676
vn 0.6555 0.0108 -0.7551
vn 0.0819 0.9130 -0.3996
vn -0.0702 0.9972 -0.0242
vn 0.0058 0.5415 -0.8407
vn 0.0013 0.9996 0.0285
vn -0.9996 0.0019 -0.0297
vn 0.0079 0.0249 0.9997
vn 0.0016 0.0321 0.9995
vn -0.5074 -0.0239 -0.8614
vn 0.0017 0.0251 0.9997
vn 0.0020 0.2697 -0.9629
vn 0.8522 -0.0829 -0.5166
vn 0.1317 0.0252 0.9910
vn 0.0551 0.0057 0.9985
vn -0.9999 0.0015 0.0127
vn 0.0001 0.0454 0.9990
vn 0.0083 -0.0812 0.9967
vn 0.3518 0.5346 -0.7684
vn 0.1838 0.9829 0.0093
vn 0.0034 0.0014 -1.0000
vn 0.0188 0.9998 0.0105
vn 0.0849 0.0040 0.9964
vn 0.0392 0.0133 0.9991
vn 0.0009 -0.0667 -0.9978
vn 0.0014 -0.8341 0.5516
vn -0.8926 0.0146 -0.4505
vn -1.0000 0.0058 -0.0030
vn -0.9998 0.0019 -0.0178
vn -0.0007 -0.3416 -0.9398
vn -0.0038 -0.5165 -0.8563
vn -0.0016 -0.0519 -0.9986
vn -0.5245 -0.0010 -0.8514
vn 0.6591 -0.0036 -0.7521
vn -0.0017 -0.0034 -1.0000
vn -0.9994 -0.0077 0.0336
vn -0.8591 0.4351 -0.2694
vn 0.2897 -0.9571 0.0102
vn 0.0778 0.0261 0.9966
vn 0.0020 0.0142 -0.9999
vn 0.0026 0.0151 -0.9999
vn 0.9710 -0.1533 0.1833
vn -0.8521 0.0024 0.5234
vn 0.0007 0.0076 1.0000
vn -0.0009 -0.0003 1.0000
vn 0.0306 -0.9994 0.0191
vn 0.0025 0.6319 -0.7751
vn -0.0106 0.0049 0.9999
vn -0.2872 -0.0059 0.9578
vn -0.3107 0.0043 0.9505
vn -0.0631 0.0010 0.9980
vn 0.0029 -0.9160 0.4012
vn 0.0066 0.0091 0.9999
vn -0.0044 0.0037 1.0000
vn -0.0033 0.0096 0.9999
vn -0.9820 0.1769 0.0654
vn 0.0002 0.0165 0.9999
vn 0.0016 0.2137 0.9769
vn 0.4719 -0.8813 -0.0237
vn -1.0000 0.0009 0.0015
vn -1.0000 0.0025 0.0016
vn 0.0043 0.9996 0.0293
vn 0.0091 0.9996 0.0274
vn 0.0436 0.6384 -0.7685
vn 0.1480 0.2068 -0.9671
vn 0.2178 0.5291 -0.8201
vn 0.0043 1.0000 -0.0081
vn -0.0628 0.9980 0.0020
vn 0.9999 0.0080 -0.0133
vn 0.0025 1.0000 -0.0007
vn 0.0174 0.7754 -0.6313
vn 0.0179 0.5959 -0.8029
vn -1.0000 0.0048 0.0072
vn 0.2133 0.0015 0.9770
vn -0.0122 -0.1747 0.9845
vn 0.0019 -0.0036 -1.0000
vn 0.0010 -0.0011 -1.0000
vn 0.0012 -1.0000 0.0098
vn -0.0172 -0.9824 0.1858
vn -0.0018 -0.9757 0.2191
vn 0.0247 0.9997 0.0047
vn 0.9997 0.0245 -0.0012
vn 0.9444 0.3289 0.0007
vn 0.9612 0.2515 -0.1136
vn -0.0016 0.9986 -0.0520
vn 0.0017 0.9978 -0.0657
vn 0.0047 1.0000 0.0080
vn 0.0111 0.5028 -0.8644
vn -0.9819 0.0634 0.1783
vn -0.9950 0.0234 -0.0973
vn 0.1103 0.3072 -0.9452
vn -0.0003 -0.0006 1.0000
vn -0.0006 -0.0009 1.0000
vn 0.0064 0.0420 0.9991
vn 0.0155 0.0908 0.9957
vn 0.0011 0.0334 0.9994
vn -0.0986 -0.0046 -0.9951
vn -0.0364 -0.0045 -0.9993
vn -0.0035 -0.8579 -0.5138
vn 0.9998 -0.0164 -0.0152
vn 0.9752 0.2208 -0.0115
vn 0.0074 -0.4017 -0.9157
vn -0.0079 0.9844 0.1755
vn -0.0036 0.9999 -0.0122
vn 0.2840 0.9561 -0.0715
vn 0.0003 -1.0000 0.0009
vn 0.0003 -1.0000 0.0002
vn -0.0002 0.0011 -1.0000
vn -0.0001 0.0004 -1.0000
vn 0.0152 0.0132 0.9998
vn -0.0011 0.0116 0.9999
vn 0.0035 0.9999 -0.0139
vn -0.0879 0.4629 -0.8821
vn 0.0027 0.4159 -0.9094
vn 0.0118 0.8881 -0.4595
vn 0.0052 0.8723 -0.4889
vn -0.9999 0.0095 0.0118
vn -0.0001 0.0168 -0.9999
vn 0.0008 0.0150 -0.9999
vn -0.3250 -0.9454 -0.0255
vn 0.0015 0.0015 1.0000
vn -0.0260 0.0040 0.9997
vn 0.0019 0.0123 0.9999
vn 0.0008 0.0039 1.0000
vn 0.0048 -0.9750 0.2223
vn -0.0049 -0.9747 0.2234
vn 0.0005 1.0000 0.0062
vn -0.0023 0.0003 1.0000
vn -0.9732 0.1321 -0.1880
vn -0.0051 0.0671 0.9977
vn -0.0431 0.9989 -0.0167
vn 0.9096 0.4141 -0.0329
vn 0.0020 -0.9614 -0.2753
vn 0.0038 -0.8106 0.5856
vn 0.0029 -0.7278 -0.6858
vn -0.5400 -0.8322 -0.1258
vn 0.0419 0.9551 -0.2933
vn -0.0177 0.1518 -0.9883
vn 0.9956 -0.0269 -0.0897
vn -0.0023 0.9950 -0.1001
vn 0.0320 -0.0033 -0.9995
vn -0.1403 -0.0039 0.9901
vn -0.0063 -0.8470 -0.5316
vn 0.1520 -0.0157 -0.9883
vn -0.0753 -0.0153 -0.9970
vn 0.8402 0.0162 0.5420
vn -0.0015 0.9995 0.0307
vn 0.8091 0.5823 0.0789
vn 0.0157 -0.2175 0.9759
vn 0.0450 0.0113 -0.9989
vn 0.0248 -0.0050 -0.9997
vn 0.0027 -0.3409 0.9401
vn 0.0018 0.0009 -1.0000
vn -0.4416 -0.0105 -0.8971
vn 0.3131 0.9495 -0.0190
vn 0.0031 0.9963 0.0854
vn 0.0018 -0.0559 -0.9984
vn 0.1005 -0.0050 -0.9949
vn -0.0341 0.9994 -0.0029
vn 0.4892 0.8719 -0.0195
vn -0.0003 -0.0040 -1.0000
vn 0.0508 0.0039 -0.9987
vn 0.0622 0.0068 -0.9980
vn -0.0100 0.0653 0.9978
vn -0.0072 0.0434 0.9990
vn 0.9997 -0.0056 -0.0251
vn 0.8278 0.0100 0.5610
vn 0.0042 0.9994 -0.0333
vn -0.9997 -0.0005 -0.0248
vn 0.9960 0.0108 0.0891
vn -0.0003 -1.0000 0.0012
vn -0.0038 -0.2407 0.9706
vn -0.0031 -0.2065 0.9784
vn 0.0036 0.5865 -0.8100
vn -0.7341 0.0894 0.6731
vn -0.1163 0.0538 0.9918
vn 0.8762 0.0371 -0.4804
vn -0.0186 0.0689 0.9974
vn -0.9561 -0.0811 0.2815
vn -0.9956 0.0167 -0.0924
vn -0.0010 -0.2498 0.9683
vn 0.9660 0.1967 0.1677
vn -0.6446 -0.0071 -0.7645
vn -0.0963 0.0034 -0.9953
vn 0.0096 0.0144 0.9998
vn -0.0002 -0.9994 -0.0337
vn -0.0084 -0.8737 0.4865
vn 0.0163 -0.0307 0.9994
vn -0.0101 -0.9858 -0.1674
vn 0.1062 0.9931 -0.0489
vn -0.3194 0.0054 0.9476
vn 0.9999 -0.0026 -0.0127
vn 1.0000 0.0026 0.0025
vn 0.1439 0.0230 0.9893
vn -0.0099 0.7535 0.6574
vn -0.2569 0.0057 0.9664
vn 0.0043 -0.0050 1.0000
vn -0.0368 0.0013 0.9993
vn -0.9970 0.0122 -0.0770
vn -0.6082 -0.7728 -0.1814
vn -0.9236 -0.3670 -0.1108
vn 0.9803 -0.1970 0.0109
vn 0.0088 -0.3584 -0.9335
vn 0.9997 0.0054 0.0243
vn -0.0044 0.0661 -0.9978
vn 0.5676 0.0343 0.8226
vn -0.0725 0.0060 0.9974
vn -0.0007 0.0025 1.0000
vn 0.0031 -0.9525 -0.3045
vn -0.0004 -0.9597 -0.2811
vn 0.9282 0.3108 0.2045
vn 0.9997 -0.0231 -0.0000
vn 0.0437 -0.0088 0.9990
vn 0.0063 0.9701 -0.2425
vn 0.0037 -0.2020 0.9794
vn -0.0035 -0.2093 0.9779
vn 0.0055 -0.0005 1.0000
vn 0.0018 1.0000 0.0014
vn 0.0051 1.0000 0.0032
vn -0.0025 0.7016 0.7126
vn -0.0313 0.7695 0.6379
vn -0.0001 0.0001 1.0000
vn 0.0035 -0.0002 -1.0000
vn 0.4860 -0.2595 0.8346
vn -0.5665 -0.2654 -0.7801
vn -0.0036 0.0041 -1.0000
vn -0.0001 -0.0961 0.9954
vn -0.9994 0.0016 -0.0349
vn 0.9052 -0.0170 -0.4246
vn -0.8814 0.2221 -0.4169
vn 0.9966 -0.0651 -0.0499
vn -0.2548 0.0003 -0.9670
vn -0.0006 -0.0446 -0.9990
vn -0.0100 0.5993 -0.8004
vn 0.2239 -0.0037 -0.9746
vn -0.0075 0.1326 -0.9911
vn 0.0020 0.9998 -0.0181
vn -0.4269 0.0043 0.9043
vn 0.9601 -0.0087 0.2796
vn -0.2636 0.0083 -0.9646
vn 0.0466 -0.0101 -0.9989
vn -0.0004 -0.3855 0.9227
vn 0.6887 -0.0097 0.7250
vn 0.8722 -0.1014 0.4786
vn -0.0099 0.1462 -0.9892
vn -0.0119 -0.0046 -0.9999
vn 0.9547 0.0286 0.2961
vn 0.9491 0.0082 0.3150
vn 0.0072 -0.9642 -0.2651
vn 0.9211 -0.3891 -0.0125
vn 0.4740 -0.8764 -0.0846
vn 0.0009 0.0019 -1.0000
vn 0.9998 -0.0178 -0.0086
vn -0.0005 -1.0000 0.0070
vn -0.4247 0.4302 0.7966
vn 0.0638 0.0033 -0.9980
vn -0.9996 -0.0272 0.0111
vn -0.0219 0.9997 -0.0050
vn -0.0627 -0.8778 -0.4748
vn -0.9991 0.0067 0.0424
vn -0.9967 0.0014 0.0815
vn -0.9995 -0.0108 0.0293
vn -1.0000 0.0050 -0.0061
vn 0.0093 0.6139 0.7893
vn -0.9991 -0.0351 -0.0222
vn -0.0002 0.9998 0.0186
vn 0.0006 0.0017 -1.0000
vn 0.3511 0.0029 -0.9363
vn -0.0044 -0.0360 0.9993
vn 0.0025 0.9999 0.0121
vn -0.0041 0.9999 -0.0097
vn -0.8916 -0.0190 0.4524
vn 0.1377 -0.9903 -0.0158
vn -0.1652 0.9861 -0.0188
vn -1.0000 0.0007 0.0006
vn 0.0046 -0.1547 0.9880
vn -0.0015 -0.0661 0.9978
vn 0.9438 0.0196 -0.3299
vn 0.0096 0.6283 0.7779
vn -0.0011 -0.0060 1.0000
vn -0.9118 -0.0094 -0.4104
vn -0.0150 0.1206 0.9926
vn -0.0096 -0.1329 0.9911
vn 0.0005 -0.0095 -1.0000
vn -0.5394 -0.8413 -0.0369
vn -0.6241 -0.7810 -0.0245
vn 0.2351 0.0008 0.9720
vn 0.0869 0.0033 0.9962
vn -0.0106 0.0260 0.9996
vn 0.5806 0.0268 0.8137
vn 0.5538 0.0293 0.8321
vn -0.0006 0.0202 0.9998
vn -0.0022 0.3264 0.9452
vn -0.0023 -0.9676 0.2526
vn 0.0234 -0.9789 0.2028
vn -0.0005 -1.0000 0.0055
vn -0.0007 -1.0000 0.0029
vn 0.0939 -0.0069 -0.9956
vn 0.0018 -0.0452 0.9990
vn -0.0056 0.0163 0.9999
vn -0.0035 -0.2267 -0.9740
vn 0.1019 -0.9947 -0.0140
vn 0.0396 0.9889 -0.1434
vn 0.0003 -0.0114 0.9999
vn 0.0069 0.0318 0.9995
vn -0.0024 0.0130 0.9999
vn 0.0003 0.0234 0.9997
vn -0.0001 0.9996 0.0269
vn 0.0016 0.9994 0.0350
vn -0.0030 0.8213 0.5705
vn 0.0030 0.8632 -0.5049
vn -0.3065 0.0139 0.9518
vn 0.0889 0.0033 -0.9960
vn -0.0058 0.9969 0.0780
vn 0.0057 0.9999 0.0124
vn -0.0036 -0.0583 0.9983
vn -0.0001 -1.0000 -0.0001
vn -0.0181 0.0055 0.9998
vn -0.0172 0.0112 0.9998
vn 0.0033 0.0985 0.9951
vn 0.0005 0.0142 0.9999
vn -0.9218 0.0075 0.3876
vn -0.2246 -0.9372 -0.2670
vn 0.0316 0.5878 -0.8084
vn -0.1839 0.7596 -0.6238
vn -0.9999 0.0006 0.0159
vn -0.0012 0.0010 -1.0000
vn 0.0049 -0.8490 -0.5284
vn -0.0304 0.7557 0.6542
vn -0.0306 -0.0423 0.9986
vn 0.8318 -0.2580 -0.4914
vn 0.0004 0.0001 1.0000
vn -0.0000 -1.0000 -0.0008
vn -0.0003 0.0100 -0.9999
vn 0.0105 0.9995 0.0290
vn 0.5214 -0.0083 0.8533
vn 0.0017 -0.0129 -0.9999
vn 0.0039 0.7758 -0.6310
vn -0.0009 -1.0000 0.0016
vn 0.9855 0.0012 -0.1696
vn 0.3159 0.9479 0.0420
vn -0.0074 0.0025 -1.0000
vn 0.0043 -0.1775 0.9841
vn 0.0223 -0.0298 -0.9993
vn 0.0139 -0.2922 -0.9562
vn -0.0017 0.0210 -0.9998
vn 0.0011 0.0114 -0.9999
vn 0.0001 0.0252 -0.9997
vn -0.9978 -0.0583 0.0326
vn -0.9933 -0.1155 -0.0040
vn 0.0017 0.2406 -0.9706
vn 0.9506 0.0082 0.3103
vn 0.0073 0.9881 -0.1534
vn 0.9997 -0.0241 -0.0083
vn 0.3888 0.8785 -0.2778
vn -0.0097 0.0648 0.9979
vn 0.2796 0.1730 -0.9444
vn 0.0139 0.5470 -0.8370
vn 0.0036 0.0094 0.9999
vn -0.0933 0.0146 0.9955
vn 0.0151 0.9994 0.0307
vn 0.0537 0.9972 -0.0516
vn 0.0031 0.0038 -1.0000
vn 0.0035 0.0039 -1.0000
vn 0.1613 -0.0000 -0.9869
vn -0.0059 -0.0461 -0.9989
vn 0.0004 -0.0083 -1.0000
vn 0.0017 -0.0098 -1.0000
vn 0.0004 -0.0134 -0.9999
vn -0.9841 -0.0044 0.1775
vn -0.0026 0.0221 0.9998
vn -0.9534 0.0064 0.3017
vn 0.0123 0.9886 -0.1499
vn 0.0063 0.9864 -0.1641
vn -0.5778 0.8161 0.0088
vn -0.0045 0.9999 -0.0100
vn -0.0086 0.9933 0.1154
vn 0.0438 0.0166 -0.9989
vn -0.9307 -0.0255 -0.3648
vn 0.0010 -1.0000 0.0007
vn 1.0000 0.0036 0.0016
vn -0.0029 -0.5853 -0.8108
vn 0.0071 0.3401 -0.9404
vn -0.2471 0.0160 -0.9689
vn -0.0004 -0.0003 1.0000
vn -0.0001 -0.0001 1.0000
vn 0.9990 -0.0456 0.0016
vn 0.2238 -0.0406 0.9738
vn -0.9224 0.0087 0.3860
vn 0.0114 0.0319 0.9994
vn -0.9477 0.2491 -0.1993
vn 0.9307 0.0162 -0.3654
vn 0.9505 0.3107 -0.0061
vn -0.0028 -0.9960 -0.0898
vn -0.0059 0.1059 -0.9944
vn -0.5309 -0.7119 0.4597
vn -0.9338 -0.3578 0.0062
vn -0.0156 0.4438 0.8960
vn -0.0048 0.9165 -0.3999
vn -0.0182 0.9272 -0.3740
vn 0.1378 0.0069 0.9904
vn 0.9854 0.0180 0.1692
vn 0.9769 0.1057 -0.1857
vn -0.0139 0.9325 -0.3609
vn -0.0110 0.9228 -0.3852
vn -0.0257 0.9721 -0.2331
vn -0.0061 -0.9708 0.2399
vn 0.0317 0.9935 -0.1091
vn -0.0042 -0.3203 0.9473
vn -0.0057 0.0032 -1.0000
vn -0.0092 0.0018 -1.0000
vn 0.0040 0.0129 -0.9999
vn 0.0034 0.0130 -0.9999
vn 0.0184 0.9998 0.0122
vn 0.0038 1.0000 0.0044
vn -0.6207 0.0260 -0.7836
vn 0.0019 -0.1480 0.9890
vn -0.0038 0.9907 -0.1363
vn -0.0001 -1.0000 -0.0018
vn 0.0020 0.2298 -0.9732
vn 0.0151 0.7654 0.6434
vn 0.0058 0.0039 -1.0000
vn 0.0050 -0.0008 -1.0000
vn 0.0038 0.9999 0.0117
vn 0.0075 -0.2946 0.9556
vn 0.0106 0.9998 0.0194
vn 0.1358 0.0037 0.9907
vn 0.0011 -0.0011 -1.0000
vn 0.0011 0.3865 0.9223
vn -0.9999 0.0113 0.0121
vn -0.0007 -1.0000 -0.0006
vn -0.9996 0.0081 -0.0268
vn -1.0000 -0.0021 -0.0064
vn -0.0004 -0.0218 -0.9998
vn -0.7539 0.0305 0.6563
vn 0.8036 -0.5951 0.0064
vn 0.6438 -0.7651 0.0115
vn -0.5816 0.0229 -0.8131
vn 0.0050 -0.8806 -0.4738
vn -0.0007 -0.0001 1.0000
vn 0.5554 -0.0004 0.8316
vn 0.0649 -0.0053 0.9979
vn 1.0000 -0.0074 -0.0064
vn 0.9994 0.0062 -0.0327
vn -0.0245 0.9737 0.2267
vn 0.0037 0.9998 -0.0208
vn -0.0087 0.0005 -1.0000
vn -0.0940 0.0250 0.9953
vn -0.2986 0.9542 -0.0187
vn 0.0011 0.0907 -0.9959
vn 0.0095 0.9471 0.3207
vn 0.0049 1.0000 0.0076
vn 0.0047 0.0179 -0.9998
vn 0.0026 -0.8630 0.5052
vn 0.0113 0.4461 0.8949
vn 0.0037 -0.1645 0.9864
vn 0.0159 0.5744 0.8184
vn 1.0000 0.0059 0.0006
vn 0.0117 0.3141 0.9493
vn 0.0034 -0.0002 1.0000
vn -0.4305 0.9025 -0.0131
vn -0.7955 -0.0360 -0.6049
vn -0.0008 -0.1015 -0.9948
vn 0.0002 -0.3942 0.9190
vn 0.8921 0.0634 -0.4474
vn 0.7997 -0.0356 -0.5994
vn 0.0003 -0.0000 1.0000
vn 0.0060 0.1697 -0.9855
vn 0.0091 -0.9999 -0.0106
vn -0.0017 0.0137 0.9999
vn -0.9999 -0.0121 0.0042
vn 0.9344 0.0043 0.3561
vn -0.0040 1.0000 0.0080
vn -0.0027 -0.0018 -1.0000
vn -0.0065 -1.0000 -0.0018
vn -0.0004 -0.0007 1.0000
vn -0.0093 0.0014 -1.0000
vn -0.2087 0.0034 -0.9780
vn 0.0066 -0.0005 -1.0000
vn 0.0083 -0.0008 -1.0000
vn 0.0071 -0.0000 -1.0000
vn -0.0103 -0.1547 0.9879
vn 0.0217 0.9979 0.0618
vn -0.9986 0.0037 0.0525
vn -0.2631 0.9251 0.2737
vn 0.0016 0.9994 -0.0335
vn 0.9978 0.0212 0.0634
vn 0.9999 0.0065 -0.0116
vn 0.0091 0.7033 -0.7109
vn -0.0034 0.7008 -0.7134
vn -0.0742 -0.0515 -0.9959
vn 0.9912 0.0020 0.1320
vn 0.0170 0.9858 -0.1672
vn -0.0121 0.9998 0.0172
vn -0.0062 0.0117 0.9999
vn -0.0334 0.0613 0.9976
vn 0.0273 -0.8790 0.4761
vn 0.0006 0.0051 1.0000
vn -0.5400 -0.8401 0.0513
vn 0.1694 0.0724 -0.9829
vn 0.3407 -0.9402 0.0015
vn -0.0036 -0.1060 -0.9944
vn 0.0003 -0.0010 -1.0000
vn 0.9783 -0.2058 0.0253
vn -0.9876 0.0207 0.1558
vn -0.0070 0.0299 0.9995
vn 0.9968 -0.0325 -0.0727
vn 0.9738 -0.0387 0.2243
vn 0.0158 0.1570 -0.9875
vn 0.9697 0.2420 0.0342
vn -0.0015 -0.2434 0.9699
vn 0.0062 -0.1857 0.9826
vn 0.0022 -0.2558 0.9667
vn -0.3876 0.9077 0.1607
vn -0.0735 0.9973 -0.0090
vn -0.6298 0.0051 -0.7767
vn -0.9753 0.0209 0.2201
vn 0.0061 -0.0036 -1.0000
vn -0.0048 0.8635 -0.5044
vn -0.0143 0.2269 -0.9738
vn 0.0041 0.9998 0.0195
vn -0.6820 -0.0234 -0.7310
vn -0.0217 0.9929 -0.1169
vn -0.0048 0.4606 -0.8876
vn -0.0660 0.7104 0.7007
vn 0.9999 0.0129 0.0024
vn -0.9999 0.0035 -0.0135
vn -0.4179 -0.9085 0.0030
vn -0.0093 0.0142 0.9999
vn 0.0004 0.0189 -0.9998
vn -0.0062 0.0126 -0.9999
vn 0.0171 -0.3619 -0.9320
vn 0.9100 0.3731 -0.1808
vn 0.9924 -0.0100 0.1230
vn -0.0000 0.0020 1.0000
vn 0.0001 -1.0000 0.0035
vn 0.0173 -0.9611 -0.2757
vn 0.4301 0.8989 0.0834
vn 0.0458 0.5774 -0.8152
vn -0.0101 -0.8925 0.4510
vn -0.0407 0.9991 -0.0104
vn 0.0017 0.0176 -0.9998
vn -0.1956 0.0267 0.9803
vn -0.0040 0.0157 -0.9999
vn 0.0071 0.0271 -0.9996
vn -0.0975 -0.9952 0.0077
vn -0.0127 0.9875 -0.1570
vn -0.9990 -0.0065 -0.0438
vn 0.0512 0.9825 -0.1792
vn -0.0084 0.0105 -0.9999
vn 0.0252 -0.0008 -0.9997
vn 0.9504 0.0033 -0.3109
vn -0.0051 0.0698 -0.9975
vn 0.0033 0.9892 -0.1462
vn 0.0756 0.0479 -0.9960
vn -0.5332 0.5773 -0.6184
vn -0.0677 -0.9972 -0.0306
vn 0.0031 0.0047 1.0000
vn -0.9466 -0.3223 -0.0002
vn -0.9999 0.0118 0.0005
vn 0.0109 -0.6329 0.7742
vn 1.0000 0.0031 0.0081
vn 0.9999 0.0083 0.0057
vn 0.9998 -0.0123 0.0138
vn 0.9993 0.0071 -0.0375
vn 1.0000 0.0029 0.0015
vn -0.0698 0.1285 0.9893
vn -0.6620 -0.7495 0.0021
vn -0.1102 -0.9939 0.0031
vn -0.2209 -0.0014 -0.9753
vn 0.0089 0.0096 0.9999
vn 0.0096 0.4924 -0.8703
vn -0.5512 -0.8340 0.0230
vn -0.0305 -0.0752 -0.9967
vn -0.0731 -0.9972 -0.0149
vn -0.0004 0.0042 -1.0000
vn -0.0076 0.9998 -0.0204
vn 0.0035 0.0064 -1.0000
vn 0.9994 0.0327 0.0060
vn -0.0021 -0.1307 0.9914
vn 0.0856 0.0882 0.9924
vn 0.0495 -0.0268 0.9984
vn 1.0000 0.0018 0.0014
vn -0.2019 0.9095 -0.3634
vn -0.9094 0.0103 0.4158
vn 0.6246 -0.7810 0.0001
vn -0.0400 0.0029 -0.9992
vn 0.0006 -0.0307 -0.9995
vn -0.0230 -0.0082 -0.9997
vn 1.0000 -0.0002 0.0020
vn 0.0029 0.0162 0.9999
vn 0.1463 0.0256 0.9889
vn -0.0333 -0.0015 0.9994
vn -0.1865 0.9470 0.2616
vn 0.3771 0.9231 0.0750
vn -0.7173 0.0061 -0.6968
vn -0.9809 -0.0002 -0.1947
vn 0.9988 0.0006 0.0486
vn 0.0029 -0.5556 -0.8314
vn 0.0781 0.7299 0.6791
vn 0.0042 -0.8451 -0.5346
vn -0.0240 0.9373 -0.3476
vn 0.0088 0.9076 -0.4198
vn 0.3675 0.0040 0.9300
vn -0.9936 -0.1114 0.0170
vn 0.5966 0.1740 -0.7834
vn -0.0032 -0.9725 0.2328
vn -0.0128 -0.2288 0.9734
vn 0.0036 -0.0005 -1.0000
vn 0.0952 -0.1411 -0.9854
vn 0.0075 -0.0390 -0.9992
vn -0.9987 -0.0505 0.0028
vn -0.5400 0.0284 0.8412
vn 0.7185 0.0143 -0.6954
vn -0.1280 -0.0144 -0.9917
vn 0.4022 0.0204 -0.9153
vn 0.0198 0.9996 0.0187
vn -0.0002 -0.0009 1.0000
vn 0.0657 0.5736 0.8165
vn 0.4019 0.9067 0.1281
vn -0.0437 0.9604 -0.2753
vn 0.1735 0.5192 -0.8369
vn -0.0005 -0.0007 1.0000
vn -1.0000 0.0016 0.0003
vn 0.7230 -0.6697 -0.1700
vn -0.0272 -0.9996 0.0046
vn 0.9998 0.0168 -0.0106
vn 0.6656 -0.7457 0.0307
vn 0.0126 -0.0007 -0.9999
vn -0.7533 -0.0026 -0.6577
vn -0.0024 0.0436 0.9990
vn 0.1321 0.1464 -0.9804
vn -0.0105 -0.0371 -0.9993
vn -0.9125 0.3228 -0.2512
vn -0.0053 0.7966 -0.6044
vn -0.0291 -0.0260 -0.9992
vn 0.2409 0.0020 0.9705
vn -0.0055 -0.7748 0.6322
vn -0.0032 0.0110 -0.9999
vn 0.0001 0.0105 -0.9999
vn -0.0011 0.7222 -0.6917
vn 0.0028 0.0115 -0.9999
vn 0.1980 -0.0576 -0.9785
vn 0.0012 0.9999 -0.0103
vn 1.0000 0.0018 0.0027
vn 0.0030 0.9988 0.0498
vn -0.6436 -0.0185 -0.7651
vn -0.5300 -0.0021 -0.8480
vn 0.9028 0.0018 0.4301
vn -0.9930 -0.1177 -0.0124
vn 0.9996 -0.0276 -0.0039
vn 0.0100 -0.5086 0.8609
vn 0.0272 0.9842 -0.1749
vn 0.0014 -0.0721 0.9974
vn -0.0041 0.4161 -0.9093
vn -0.0233 0.6444 -0.7644
vn -0.7700 0.0297 -0.6374
vn -0.0319 -0.9907 0.1324
vn -0.0000 -0.8850 0.4656
vn -0.0050 0.0059 -1.0000
vn -0.0056 0.0062 -1.0000
vn -0.0044 0.0074 -1.0000
vn 0.0053 -0.1694 0.9855
vn 0.0079 -0.0017 -1.0000
vn 0.0026 0.0097 -1.0000
vn -0.0011 -0.1076 -0.9942
vn -0.5929 0.8052 0.0007
vn 0.0061 -0.0003 -1.0000
vn 0.0012 0.0122 -0.9999
vn 0.0013 0.0128 -0.9999
vn -0.0040 0.0408 0.9992
vn -0.0026 -0.9008 0.4342
vn -0.0029 0.9998 0.0197
vn 0.0006 0.0146 0.9999
vn -0.0129 0.0472 -0.9988
vn -0.0437 0.9686 -0.2447
vn 0.0002 0.9436 -0.3310
vn 0.3756 -0.8671 0.3271
vn -0.0376 -0.0068 -0.9993
vn -0.0004 -0.0006 1.0000
vn 0.0019 0.0048 -1.0000
vn 0.0026 0.0046 -1.0000
vn 0.1735 0.5298 -0.8302
vn 0.3782 0.9229 0.0722
vn 0.0112 -0.0445 0.9989
vn 0.5652 0.0008 0.8250
vn -0.0026 0.0100 -0.9999
vn 0.0851 0.0034 0.9964
vn -0.0198 0.1952 -0.9806
vn 0.0013 -0.0033 -1.0000
vn -0.0006 -0.0043 1.0000
vn 0.0050 -0.0022 -1.0000
vn 0.0561 0.7155 0.6964
vn 0.1621 -0.0001 -0.9868
vn -0.0453 0.0283 -0.9986
vn 0.0269 0.9133 -0.4064
vn -0.5150 0.0088 0.8571
vn 0.2444 0.0864 -0.9658
vn -0.0006 -0.9999 0.0128
vn -0.1016 0.9948 0.0016
vn 0.0107 -0.9674 -0.2532
vn 0.3349 -0.2773 0.9005
vn 0.0085 -0.0319 -0.9995
vn -0.0689 0.9952 -0.0696
vn -0.9543 -0.0078 0.2987
vn 0.0281 0.4771 -0.8784
vn -0.0616 0.0061 0.9981
vn 0.7278 -0.0008 0.6858
vn -0.0065 0.0019 -1.0000
vn -0.0008 -0.0011 1.0000
vn 0.0670 -0.0052 -0.9977
vn -0.0081 0.2806 0.9598
vn -0.6880 0.0413 0.7246
vn -0.6109 -0.0147 -0.7916
vn -0.8049 0.0212 -0.5930
vn 0.0057 0.9502 0.3115
vn -0.1895 -0.9612 0.2006
vn 0.9858 0.0054 -0.1677
vn -0.2641 0.9638 -0.0367
vn 0.6371 0.0103 0.7707
vn -0.0056 0.0028 -1.0000
vn -0.0050 0.0031 -1.0000
vn -0.1377 -0.9904 0.0067
vn -0.9577 -0.1159 -0.2635
vn 0.0896 -0.0014 -0.9960
vn -0.9991 -0.0074 -0.0412
vn -0.0026 0.0585 -0.9983
vn 0.0041 0.0493 0.9988
vn -0.0119 0.3955 -0.9184
vn 0.0006 0.0026 -1.0000
vn 0.0009 0.0057 -1.0000
vn -0.9722 0.0731 0.2224
vn 0.5973 0.6530 -0.4656
vn 0.0032 -0.6920 -0.7219
vn 0.0044 -0.0035 -1.0000
vn -0.6821 0.0068 -0.7313
vn 0.1516 0.9883 0.0191
vn -0.0906 0.0074 -0.9959
vn -0.8356 -0.5191 -0.1797
vn -0.0255 0.8902 -0.4548
vn -0.0403 0.9002 -0.4337
vn 0.0015 0.0114 -0.9999
vn 0.0187 0.9944 -0.1043
vn -0.7068 -0.7073 0.0144
vn -0.0236 0.4448 -0.8953
vn 0.0033 0.0033 -1.0000
vn 0.0468 -0.0043 0.9989
vn 0.0107 -0.9979 -0.0646
vn -0.0476 0.4829 -0.8744
vn 0.0027 0.9999 -0.0152
vn 0.0004 -1.0000 0.0005
vn -0.0032 0.0030 -1.0000
vn 0.0048 0.0037 -1.0000
vn 0.0095 -0.8061 0.5916
vn -0.2327 0.9221 0.3092
vn 0.0023 0.0607 -0.9982
vn 0.0014 -1.0000 0.0004
vn -0.0198 0.9278 -0.3725
vn 0.0001 0.0139 -0.9999
vn 0.0053 0.0186 -0.9998
vn 0.0009 0.0105 -0.9999
vn -0.0002 -1.0000 -0.0004
vn 0.0282 0.8274 -0.5608
vn -0.0112 -0.9806 0.1955
vn 0.0022 0.0009 -1.0000
vn -0.0026 -0.0065 -1.0000
vn 0.0368 0.9944 -0.0992
vn 0.0036 0.0016 -1.0000
vn 0.0005 0.0113 -0.9999
vn -0.0000 -0.0003 1.0000
vn -0.0002 -0.0005 1.0000
vn -0.0006 -0.0002 1.0000
vn -0.0120 -0.0626 -0.9980
vn -0.0041 0.1034 -0.9946
vn 0.0736 0.3843 -0.9203
vt 0.956055 0.374023
vt 0.954102 0.371094
vt 0.955078 0.369141
vt 0.952148 0.368652
vt 0.947266 0.372070
vt 0.376709 0.286621
vt 0.379150 0.286621
vt 0.376709 0.289551
vt 0.955078 0.368164
vt 0.373779 0.289551
vt 0.949219 0.376465
vt 0.377930 0.283691
vt 0.374268 0.285645
vt 0.553223 0.077148
vt 0.554688 0.077637
vt 0.549316 0.077637
vt 0.557617 0.078125
vt 0.012070 0.300293
vt 0.010124 0.296875
vt 0.019165 0.296387
vt 0.555176 0.075684
vt 0.555664 0.074219
vt 0.561035 0.072266
vt 0.558594 0.069824
vt 0.565430 0.073730
vt 0.563477 0.070312
vt 0.567383 0.071777
vt 0.567383 0.068359
vt 0.008614 0.301758
vt 0.569336 0.069336
vt 0.553223 0.079102
vt 0.550293 0.082031
vt 0.014503 0.928833
vt 0.021851 0.922363
vt 0.021683 0.925171
vt 0.748535 0.238281
vt 0.747070 0.219238
vt 0.753906 0.220215
vt 0.761719 0.212402
vt 0.761719 0.217285
vt 0.757324 0.218262
vt 0.010361 0.932617
vt 0.010391 0.929688
vt 0.752930 0.212402
vt 0.758789 0.209961
vt 0.760254 0.224121
vt 0.763184 0.224609
vt 0.035919 0.925903
vt 0.027695 0.935730
vt 0.760254 0.174316
vt 0.757324 0.156250
vt 0.767090 0.164551
vt 0.758301 0.206543
vt 0.822266 0.738770
vt 0.827637 0.730225
vt 0.831055 0.742920
vt 0.821289 0.732666
vt 0.818848 0.737305
vt 0.695312 0.380371
vt 0.687988 0.385254
vt 0.686523 0.383789
vt 0.704590 0.698486
vt 0.708008 0.703613
vt 0.703125 0.702637
vt 0.705566 0.704102
vt 0.159668 0.898926
vt 0.165527 0.894897
vt 0.163330 0.900452
vt 0.696289 0.394043
vt 0.686035 0.396973
vt 0.701172 0.378418
vt 0.697266 0.377930
vt 0.190063 0.905518
vt 0.180908 0.912781
vt 0.186890 0.900757
vt 0.684082 0.372070
vt 0.695312 0.374512
vt 0.721680 0.702148
vt 0.711426 0.703125
vt 0.711914 0.693359
vt 0.720703 0.693848
vt 0.724609 0.698730
vt 0.853516 0.319824
vt 0.857910 0.325195
vt 0.851562 0.324219
vt 0.862793 0.317383
vt 0.855957 0.319336
vt 0.854004 0.329590
vt 0.711426 0.690918
vt 0.706055 0.694580
vt 0.703125 0.692627
vt 0.202515 0.989594
vt 0.198608 0.988167
vt 0.207886 0.985458
vt 0.211548 0.987770
vt 0.208618 0.990402
vt 0.183472 0.890625
vt 0.169067 0.905640
vt 0.164062 0.906189
vt 0.166626 0.889954
vt 0.182007 0.881348
vt 0.159058 0.901978
vt 0.168701 0.911316
vt 0.845215 0.324219
vt 0.849609 0.320801
vt 0.848145 0.318359
vt 0.864746 0.331543
vt 0.698242 0.384277
vt 0.696777 0.372070
vt 0.160278 0.911011
vt 0.211060 0.981003
vt 0.214478 0.982895
vt 0.150879 0.903442
vt 0.704102 0.385742
vt 0.842285 0.320312
vt 0.702637 0.704834
vt 0.210083 0.993088
vt 0.162476 0.915833
vt 0.157837 0.913879
vt 0.214478 0.989716
vt 0.024109 0.291504
vt 0.024948 0.296875
vt 0.201050 0.992626
vt 0.598633 0.970474
vt 0.602539 0.970764
vt 0.600098 0.974915
vt 0.609375 0.924133
vt 0.604492 0.931763
vt 0.605469 0.925659
vt 0.603027 0.922058
vt 0.599121 0.924438
vt 0.595215 0.918274
vt 0.602051 0.926819
vt 0.711914 0.836060
vt 0.711426 0.832642
vt 0.713867 0.834473
vt 0.602051 0.928589
vt 0.604980 0.973099
vt 0.602539 0.932129
vt 0.605469 0.971405
vt 0.605469 0.969391
vt 0.603027 0.967590
vt 0.593262 0.973984
vt 0.716797 0.831299
vt 0.719727 0.833008
vt 0.004387 0.784546
vt 0.005909 0.784302
vt 0.004761 0.785400
vt 0.008141 0.784668
vt 0.010841 0.782349
vt 0.006947 0.786011
vt 0.008873 0.785767
vt 0.420410 0.970749
vt 0.415771 0.950745
vt 0.422607 0.958801
vt 0.425049 0.956451
vt 0.421631 0.953491
vt 0.422363 0.948334
vt 0.420166 0.947876
vt 0.425781 0.958801
vt 0.686523 0.443848
vt 0.691406 0.446777
vt 0.683105 0.446777
vt 0.590820 0.077148
vt 0.595215 0.082031
vt 0.587891 0.087402
vt 0.591797 0.098145
vt 0.593750 0.087891
vt 0.692383 0.449219
vt 0.680176 0.441406
vt 0.684082 0.441406
vt 0.678223 0.444336
vt 0.682617 0.452148
vt 0.579102 0.085938
vt 0.584961 0.095215
vt 0.574707 0.097168
vt 0.572266 0.087891
vt 0.583984 0.100586
vt 0.587891 0.109375
vt 0.579102 0.106445
vt 0.691895 0.441895
vt 0.695801 0.448242
vt 0.582031 0.082031
vt 0.694824 0.451660
vt 0.598633 0.083496
vt 0.598145 0.077637
vt 0.695312 0.442871
vt 0.772949 0.772949
vt 0.775391 0.762207
vt 0.778320 0.764648
vt 0.786621 0.758057
vt 0.784180 0.754761
vt 0.787109 0.757080
vt 0.013138 0.638916
vt 0.014458 0.638428
vt 0.013283 0.641113
vt 0.013397 0.638184
vt 0.780762 0.766357
vt 0.774902 0.775269
vt 0.016510 0.635986
vt 0.017776 0.637451
vt 0.015083 0.635010
vt 0.939453 0.208008
vt 0.936523 0.211426
vt 0.934082 0.208008
vt 0.934082 0.210449
vt 0.948242 0.129395
vt 0.942871 0.127441
vt 0.944824 0.123047
vt 0.935547 0.124023
vt 0.937012 0.122070
vt 0.934570 0.130371
vt 0.944336 0.120605
vt 0.068726 0.534180
vt 0.074829 0.530762
vt 0.073853 0.539062
vt 0.476807 0.405273
vt 0.469971 0.405273
vt 0.470947 0.401855
vt 0.860352 0.534180
vt 0.854492 0.544922
vt 0.845215 0.540527
vt 0.844238 0.547607
vt 0.848633 0.546875
vt 0.845215 0.553223
vt 0.471924 0.396484
vt 0.473389 0.397949
vt 0.471191 0.399414
vt 0.268799 0.712158
vt 0.272217 0.728516
vt 0.265381 0.729248
vt 0.855469 0.554443
vt 0.270020 0.741943
vt 0.275879 0.746826
vt 0.268799 0.744141
vt 0.268799 0.732666
vt 0.276123 0.739990
vt 0.855957 0.558350
vt 0.850586 0.558838
vt 0.475586 0.400391
vt 0.858398 0.551270
vt 0.862305 0.553711
vt 0.863281 0.562988
vt 0.858398 0.561279
vt 0.864746 0.560791
vt 0.279541 0.742188
vt 0.539062 0.730713
vt 0.524902 0.730225
vt 0.540527 0.725098
vt 0.512695 0.721436
vt 0.512207 0.730713
vt 0.507324 0.719727
vt 0.666992 0.679443
vt 0.658691 0.685059
vt 0.660645 0.677734
vt 0.650391 0.680664
vt 0.987793 0.859619
vt 0.983398 0.853149
vt 0.987793 0.854248
vt 0.014046 0.349609
vt 0.019592 0.347168
vt 0.015823 0.352539
vt 0.010345 0.353516
vt 0.975098 0.853882
vt 0.980957 0.683105
vt 0.979980 0.685059
vt 0.978516 0.679443
vt 0.014694 0.357910
vt 0.005650 0.365723
vt 0.006416 0.356934
vt 0.020462 0.354004
vt 0.011810 0.367676
vt 0.987305 0.852661
vt 0.315674 0.136719
vt 0.309326 0.132812
vt 0.310303 0.131348
vt 0.863770 0.877686
vt 0.868652 0.876770
vt 0.869141 0.880859
vt 0.323975 0.133301
vt 0.319336 0.132324
vt 0.872559 0.878418
vt 0.865234 0.883545
vt 0.865723 0.880981
vt 0.868652 0.882202
vt 0.312500 0.129883
vt 0.324707 0.130859
vt 0.765137 0.376465
vt 0.763184 0.374023
vt 0.766113 0.371582
vt 0.211670 0.064941
vt 0.210327 0.071777
vt 0.205688 0.065430
vt 0.084106 0.994904
vt 0.083435 0.995964
vt 0.067078 0.995964
vt 0.462646 0.601562
vt 0.459717 0.613037
vt 0.456299 0.599854
vt 0.657715 0.451172
vt 0.651855 0.446289
vt 0.659668 0.427734
vt 0.951660 0.625000
vt 0.948242 0.640381
vt 0.938965 0.623779
vt 0.826660 0.746582
vt 0.139526 0.374023
vt 0.136719 0.366211
vt 0.137329 0.359863
vt 0.482666 0.725586
vt 0.438965 0.719727
vt 0.468018 0.700684
vt 0.004940 0.777710
vt 0.002129 0.781616
vt 0.608398 0.198730
vt 0.625000 0.198242
vt 0.621094 0.204590
vt 0.947754 0.452637
vt 0.953125 0.444336
vt 0.957520 0.456055
vt 0.749512 0.814819
vt 0.746094 0.815918
vt 0.746094 0.813843
vt 0.312256 0.321777
vt 0.288574 0.318359
vt 0.308594 0.311523
vt 0.773926 0.784546
vt 0.786133 0.780029
vt 0.781250 0.789429
vt 0.810547 0.145508
vt 0.814941 0.154297
vt 0.807617 0.159180
vt 0.325928 0.161621
vt 0.315674 0.188965
vt 0.303711 0.171387
vt 0.897949 0.524658
vt 0.893555 0.514893
vt 0.902832 0.520996
vt 0.888184 0.931213
vt 0.887695 0.930115
vt 0.897949 0.919250
vt 0.612793 0.987526
vt 0.623047 0.988716
vt 0.620117 0.991875
vt 0.868652 0.732178
vt 0.885254 0.736084
vt 0.877930 0.738281
vt 0.262939 0.141113
vt 0.260742 0.135254
vt 0.262207 0.137207
vt 0.263672 0.140625
vt 0.143799 0.030273
vt 0.144775 0.030762
vt 0.144653 0.031738
vt 0.647949 0.677979
vt 0.427490 0.300781
vt 0.452148 0.309082
vt 0.420654 0.316895
vt 0.340576 0.626709
vt 0.323975 0.631104
vt 0.329590 0.624512
vt 0.888184 0.656738
vt 0.880859 0.656494
vt 0.886230 0.655518
vt 0.986816 0.592529
vt 0.993164 0.593994
vt 0.992676 0.597656
vt 0.836426 0.689209
vt 0.847168 0.686523
vt 0.850586 0.688477
vt 0.449219 0.564697
vt 0.447266 0.572021
vt 0.444336 0.563721
vt 0.362305 0.383789
vt 0.363525 0.392090
vt 0.359131 0.394531
vt 0.560059 0.493164
vt 0.561523 0.497070
vt 0.556152 0.495117
vt 0.245239 0.847412
vt 0.250977 0.853027
vt 0.250732 0.857422
vt 0.958008 0.218750
vt 0.968750 0.220703
vt 0.957031 0.248047
vt 0.228516 0.189453
vt 0.228516 0.185059
vt 0.231689 0.186523
vt 0.968262 0.452148
vt 0.970215 0.455566
vt 0.963379 0.452637
vt 0.293701 0.919006
vt 0.300537 0.931885
vt 0.287354 0.935181
vt 0.932129 0.565430
vt 0.942871 0.533203
vt 0.954590 0.561035
vt 0.320557 0.763794
vt 0.333740 0.761963
vt 0.356689 0.765991
vt 0.233276 0.683105
vt 0.225464 0.674805
vt 0.236328 0.668457
vt 0.726562 0.856323
vt 0.712402 0.859497
vt 0.729004 0.850098
vt 0.620605 0.524658
vt 0.636230 0.528564
vt 0.622070 0.529297
vt 0.877930 0.743164
vt 0.880371 0.750000
vt 0.862793 0.741455
vt 0.040497 0.873413
vt 0.036163 0.863770
vt 0.040436 0.859863
vt 0.476807 0.183594
vt 0.485596 0.187012
vt 0.478027 0.192383
vt 0.464844 0.182129
vt 0.924805 0.213379
vt 0.924316 0.208984
vt 0.929688 0.218262
vt 0.586914 0.064453
vt 0.631836 0.064453
vt 0.594727 0.066895
vt 0.555664 0.259277
vt 0.542480 0.260254
vt 0.536133 0.246582
vt 0.591309 0.716797
vt 0.597168 0.714600
vt 0.595703 0.724609
vt 0.293945 0.034668
vt 0.281982 0.027832
vt 0.297607 0.024414
vt 0.839844 0.897217
vt 0.845215 0.896973
vt 0.840820 0.901428
vt 0.921875 0.138672
vt 0.922363 0.163086
vt 0.916504 0.142090
vt 0.321045 0.269531
vt 0.312744 0.250000
vt 0.327393 0.253906
vt 0.124512 0.153809
vt 0.118530 0.151855
vt 0.135376 0.151855
vt 0.852051 0.911682
vt 0.175903 0.292480
vt 0.167480 0.289551
vt 0.191284 0.284668
vt 0.847656 0.565430
vt 0.121582 0.419922
vt 0.129517 0.420410
vt 0.137085 0.424316
vt 0.129517 0.450684
vt 0.100769 0.466797
vt 0.109131 0.442871
vt 0.120789 0.480957
vt 0.117249 0.498047
vt 0.117249 0.485840
vt 0.518555 0.480957
vt 0.512695 0.475586
vt 0.515137 0.477051
vt 0.036987 0.801758
vt 0.046539 0.796509
vt 0.054840 0.795776
vt 0.650391 0.775024
vt 0.652832 0.771606
vt 0.651855 0.775269
vt 0.329590 0.332520
vt 0.331787 0.340820
vt 0.330322 0.341309
vt 0.391846 0.535645
vt 0.389893 0.530518
vt 0.393066 0.527344
vt 0.919922 0.656006
vt 0.922363 0.655273
vt 0.928223 0.664795
vt 0.655273 0.818481
vt 0.654297 0.823608
vt 0.653320 0.819458
vt 0.556641 0.805420
vt 0.553223 0.818115
vt 0.547852 0.811401
vt 0.273682 0.159180
vt 0.270752 0.156250
vt 0.269531 0.152832
vt 0.050598 0.990753
vt 0.064880 0.992004
vt 0.042511 0.991699
vt 0.875488 0.237305
vt 0.879395 0.227051
vt 0.880859 0.237305
vt 0.043335 0.430176
vt 0.040833 0.432617
vt 0.036072 0.427246
vt 0.678223 0.029297
vt 0.698730 0.021973
vt 0.679199 0.047363
vt 0.436768 0.669189
vt 0.436035 0.672852
vt 0.434326 0.669678
vt 0.070435 0.795532
vt 0.069153 0.787842
vt 0.072266 0.784058
vt 0.422363 0.280762
vt 0.418701 0.282227
vt 0.417969 0.273926
vt 0.412842 0.318848
vt 0.416992 0.326660
vt 0.148193 0.850952
vt 0.145752 0.842773
vt 0.159546 0.835205
vt 0.274658 0.172852
vt 0.269531 0.171875
vt 0.271973 0.165527
vt 0.665527 0.381348
vt 0.673828 0.387695
vt 0.663086 0.389160
vt 0.933594 0.451660
vt 0.937012 0.454590
vt 0.936035 0.454102
vt 0.452881 0.607910
vt 0.455322 0.620117
vt 0.451172 0.616943
vt 0.398926 0.990189
vt 0.423096 0.991600
vt 0.396484 0.991508
vt 0.937988 0.592529
vt 0.940918 0.621338
vt 0.937988 0.617432
vt 0.448242 0.159668
vt 0.462402 0.157227
vt 0.448975 0.168457
vt 0.931152 0.729736
vt 0.947266 0.727783
vt 0.941406 0.734863
vt 0.046478 0.244141
vt 0.057526 0.249512
vt 0.050690 0.250488
vt 0.509766 0.619873
vt 0.504395 0.623291
vt 0.506348 0.619629
vt 0.804688 0.294922
vt 0.811523 0.310059
vt 0.805664 0.305176
vt 0.988770 0.602539
vt 0.991699 0.601807
vt 0.992188 0.601562
vt 0.941406 0.368652
vt 0.937500 0.373047
vt 0.933594 0.372559
vt 0.036530 0.671875
vt 0.036041 0.641602
vt 0.038818 0.645508
vt 0.584961 0.202637
vt 0.568359 0.201660
vt 0.571289 0.192871
vt 0.033600 0.799927
vt 0.543457 0.638672
vt 0.547363 0.630615
vt 0.556641 0.638672
vt 0.004429 0.241211
vt 0.020294 0.256348
vt 0.009285 0.252930
vt 0.054413 0.538574
vt 0.054413 0.510254
vt 0.057007 0.539795
vt 0.618652 0.832397
vt 0.621094 0.835815
vt 0.616211 0.832886
vt 0.732910 0.756226
vt 0.758789 0.783569
vt 0.742188 0.779297
vt 0.739746 0.465332
vt 0.723145 0.474609
vt 0.719238 0.462402
vt 0.520996 0.274902
vt 0.517090 0.272461
vt 0.525391 0.269043
vt 0.350830 0.240234
vt 0.349365 0.233887
vt 0.354248 0.239746
vt 0.172607 0.285156
vt 0.163818 0.288574
vt 0.005157 0.709473
vt 0.018494 0.709473
vt 0.005501 0.710205
vt 0.900879 0.236816
vt 0.901855 0.233398
vt 0.903320 0.234863
vt 0.296631 0.688721
vt 0.329346 0.701172
vt 0.308105 0.706055
vt 0.316406 0.534912
vt 0.308350 0.538330
vt 0.304932 0.531006
vt 0.014099 0.670654
vt 0.011360 0.667480
vt 0.026657 0.666504
vt 0.647461 0.195312
vt 0.642578 0.200684
vt 0.639160 0.180664
vt 0.693359 0.659912
vt 0.678711 0.659668
vt 0.686523 0.645264
vt 0.138184 0.687012
vt 0.144165 0.687012
vt 0.139648 0.692871
vt 0.911621 0.971100
vt 0.895996 0.971512
vt 0.897461 0.969849
vt 0.912109 0.969360
vt 0.476318 0.554688
vt 0.461182 0.566406
vt 0.464111 0.548340
vt 0.489258 0.348633
vt 0.509277 0.359863
vt 0.529785 0.373047
vt 0.394287 0.755615
vt 0.379883 0.736572
vt 0.405518 0.744873
vt 0.357178 0.386230
vt 0.357910 0.403320
vt 0.351562 0.402344
vt 0.722656 0.735352
vt 0.723145 0.739990
vt 0.709473 0.745117
vt 0.209717 0.155273
vt 0.182861 0.135742
vt 0.208374 0.140137
vt 0.086182 0.579346
vt 0.087463 0.578125
vt 0.088989 0.579834
vt 0.623047 0.222656
vt 0.624023 0.222656
vt 0.623535 0.224609
vt 0.186401 0.500732
vt 0.181396 0.504639
vt 0.182739 0.501709
vt 0.288330 0.382812
vt 0.274902 0.376953
vt 0.298584 0.357422
vt 0.130127 0.668701
vt 0.130249 0.677002
vt 0.125610 0.676270
vt 0.261475 0.149414
vt 0.257080 0.140625
vt 0.260986 0.145020
vt 0.784668 0.381836
vt 0.777344 0.389648
vt 0.773438 0.382812
vt 0.454590 0.127930
vt 0.457031 0.125488
vt 0.456787 0.128906
vt 0.491455 0.328613
vt 0.493896 0.312988
vt 0.503418 0.320312
vt 0.342285 0.431152
vt 0.351807 0.431152
vt 0.351318 0.435547
vt 0.991211 0.767578
vt 0.992676 0.784546
vt 0.989746 0.793457
vt 0.749023 0.415039
vt 0.759766 0.408691
vt 0.750000 0.430664
vt 0.192627 0.499512
vt 0.188477 0.502930
vt 0.149048 0.086426
vt 0.140991 0.094727
vt 0.138916 0.087891
vt 0.513672 0.470703
vt 0.519043 0.460449
vt 0.518066 0.465332
vt 0.375488 0.678955
vt 0.372314 0.678467
vt 0.374023 0.673584
vt 0.429443 0.659912
vt 0.429932 0.652100
vt 0.434814 0.657471
vt 0.444824 0.586182
vt 0.446777 0.590576
vt 0.444092 0.599854
vt 0.762207 0.491211
vt 0.762695 0.505859
vt 0.754395 0.498047
vt 0.921387 0.590820
vt 0.906738 0.590820
vt 0.919922 0.584961
vt 0.927734 0.576904
vt 0.506836 0.477051
vt 0.502930 0.472168
vt 0.512207 0.458496
vt 0.765137 0.773071
vt 0.089111 0.545898
vt 0.088623 0.543457
vt 0.091125 0.546143
vt 0.442383 0.068359
vt 0.439453 0.058105
vt 0.443115 0.056641
vt 0.536621 0.255371
vt 0.532715 0.255371
vt 0.534180 0.251953
vt 0.307617 0.374023
vt 0.502930 0.625732
vt 0.510742 0.623779
vt 0.508301 0.626465
vt 0.746582 0.145508
vt 0.747070 0.152832
vt 0.739258 0.146973
vt 0.633301 0.603027
vt 0.630371 0.602051
vt 0.640137 0.599609
vt 0.548828 0.262695
vt 0.562012 0.267090
vt 0.540039 0.274902
vt 0.933105 0.404785
vt 0.918945 0.408691
vt 0.928223 0.397461
vt 0.772461 0.506348
vt 0.770020 0.518799
vt 0.925293 0.192383
vt 0.927734 0.165527
vt 0.929199 0.208496
vt 0.750488 0.276367
vt 0.744629 0.291504
vt 0.735352 0.276855
vt 0.221313 0.442383
vt 0.229614 0.451172
vt 0.212280 0.458496
vt 0.715332 0.110352
vt 0.713867 0.111328
vt 0.713867 0.109863
vt 0.805176 0.952423
vt 0.788086 0.947754
vt 0.812988 0.939667
vt 0.708496 0.371582
vt 0.705078 0.374023
vt 0.289795 0.729004
vt 0.295410 0.724121
vt 0.294922 0.737549
vt 0.445557 0.221191
vt 0.432617 0.218750
vt 0.438721 0.211914
vt 0.469971 0.949738
vt 0.506348 0.944946
vt 0.509766 0.948120
vt 0.462891 0.227539
vt 0.450195 0.234863
vt 0.452881 0.223633
vt 0.470215 0.258789
vt 0.469971 0.255371
vt 0.476318 0.250000
vt 0.725586 0.883545
vt 0.731445 0.873169
vt 0.745605 0.891479
vt 0.524902 0.542969
vt 0.529297 0.538086
vt 0.531738 0.544189
vt 0.771484 0.148438
vt 0.764648 0.137207
vt 0.786133 0.143066
vt 0.605957 0.982590
vt 0.597656 0.980530
vt 0.592773 0.184570
vt 0.574707 0.184570
vt 0.716309 0.497070
vt 0.708984 0.462891
vt 0.929688 0.662109
vt 0.263672 0.154785
vt 0.262939 0.150391
vt 0.984375 0.795654
vt 0.997070 0.796875
vt 0.991211 0.797485
vt 0.455322 0.513672
vt 0.451904 0.477539
vt 0.460449 0.485352
vt 0.276611 0.628418
vt 0.269531 0.606689
vt 0.292236 0.619873
vt 0.840820 0.846313
vt 0.857910 0.851440
vt 0.843262 0.858643
vt 0.512695 0.495605
vt 0.484619 0.510010
vt 0.506348 0.486328
vt 0.010521 0.778076
vt 0.741211 0.090820
vt 0.755371 0.099121
vt 0.743164 0.099609
vt 0.438721 0.229492
vt 0.419678 0.231445
vt 0.364014 0.852173
vt 0.370850 0.858398
vt 0.359619 0.863525
vt 0.962891 0.020508
vt 0.956055 0.027344
vt 0.939941 0.028320
vt 0.500000 0.078125
vt 0.489746 0.082031
vt 0.494141 0.070312
vt 0.628418 0.388672
vt 0.625977 0.371094
vt 0.643555 0.372559
vt 0.835938 0.903564
vt 0.836914 0.903870
vt 0.835449 0.909790
vt 0.077393 0.328613
vt 0.072510 0.307617
vt 0.075745 0.295410
vt 0.935059 0.256836
vt 0.965820 0.260254
vt 0.936035 0.261230
vt 0.417725 0.943420
vt 0.395264 0.500000
vt 0.386719 0.484375
vt 0.394043 0.473145
vt 0.619141 0.879883
vt 0.609375 0.876282
vt 0.620117 0.870605
vt 0.003807 0.018555
vt 0.001133 0.018066
vt 0.008583 0.012207
vt 0.554688 0.627930
vt 0.551270 0.627441
vt 0.555664 0.624268
vt 0.470459 0.168457
vt 0.466553 0.157227
vt 0.481445 0.155273
vt 0.637695 0.937195
vt 0.631836 0.937195
vt 0.625000 0.935364
vt 0.880371 0.514160
vt 0.863770 0.534180
vt 0.851562 0.511475
vt 0.930664 0.009277
vt 0.932617 0.007324
vt 0.950195 0.008789
vt 0.928223 0.914917
vt 0.919434 0.897705
vt 0.927246 0.910339
vt 0.200317 0.271973
vt 0.203003 0.262695
vt 0.208862 0.275391
vt 0.071655 0.548828
vt 0.067200 0.552490
vt 0.066162 0.546875
vt 0.357666 0.735840
vt 0.355225 0.734375
vt 0.362793 0.732178
vt 0.365967 0.731934
vt 0.097595 0.529053
vt 0.097839 0.529785
vt 0.095520 0.528076
vt 0.098633 0.528320
vt 0.264160 0.872681
vt 0.275635 0.855347
vt 0.275635 0.883850
vt 0.181641 0.492676
vt 0.190674 0.485840
vt 0.185547 0.494141
vt 0.807129 0.339844
vt 0.800781 0.348633
vt 0.804688 0.337402
vt 0.787109 0.803833
vt 0.790527 0.789185
vt 0.798828 0.800537
vt 0.597168 0.823120
vt 0.605957 0.832520
vt 0.601074 0.841064
vt 0.878906 0.658936
vt 0.624023 0.215820
vt 0.625000 0.211426
vt 0.625000 0.215332
vt 0.322998 0.907410
vt 0.319580 0.899475
vt 0.328857 0.904907
vt 0.780273 0.046875
vt 0.784668 0.055664
vt 0.777344 0.050293
vt 0.401611 0.945160
vt 0.400146 0.939819
vt 0.404297 0.936035
vt 0.698730 0.674805
vt 0.696289 0.679443
vt 0.686523 0.671387
vt 0.764648 0.212402
vt 0.267822 0.173828
vt 0.265625 0.164062
vt 0.268066 0.166504
vt 0.492920 0.539062
vt 0.491943 0.528320
vt 0.496582 0.530762
vt 0.641602 0.949127
vt 0.633301 0.949188
vt 0.638184 0.944519
vt 0.965820 0.277832
vt 0.978027 0.279297
vt 0.987793 0.282715
vt 0.536621 0.104980
vt 0.519531 0.095703
vt 0.537598 0.102051
vt 0.902344 0.117188
vt 0.900879 0.133789
vt 0.899902 0.133301
vt 0.460938 0.213867
vt 0.453125 0.219238
vt 0.347656 0.584961
vt 0.343262 0.581055
vt 0.358154 0.579834
vt 0.979004 0.330078
vt 0.982910 0.323730
vt 0.983398 0.325195
vt 0.951660 0.307617
vt 0.947266 0.301758
vt 0.948730 0.297852
vt 0.800293 0.737305
vt 0.784180 0.730225
vt 0.801758 0.731689
vt 0.020935 0.741943
vt 0.038330 0.746582
vt 0.015503 0.752808
vt 0.067993 0.270996
vt 0.066711 0.278809
vt 0.046753 0.279297
vt 0.196655 0.020996
vt 0.211304 0.018555
vt 0.211426 0.023926
vt 0.726074 0.844849
vt 0.707031 0.851562
vt 0.728516 0.840332
vt 0.812988 0.322266
vt 0.810059 0.334961
vt 0.803223 0.333496
vt 0.632324 0.184570
vt 0.628906 0.189941
vt 0.626465 0.183105
vt 0.420898 0.346680
vt 0.441650 0.349609
vt 0.427490 0.357910
vt 0.284668 0.541504
vt 0.288330 0.536865
vt 0.290283 0.541504
vt 0.687988 0.965271
vt 0.681152 0.968994
vt 0.688477 0.947998
vt 0.065491 0.833130
vt 0.083130 0.830566
vt 0.054932 0.855225
vt 0.826660 0.203613
vt 0.822754 0.205566
vt 0.815430 0.205566
vt 0.818848 0.753296
vt 0.817871 0.738525
vt 0.822754 0.751587
vt 0.919434 0.368164
vt 0.923340 0.364258
vt 0.925781 0.367676
vt 0.972656 0.593262
vt 0.973633 0.595947
vt 0.961426 0.594238
vt 0.262451 0.944122
vt 0.260498 0.945526
vt 0.244019 0.922363
vt 0.596680 0.867798
vt 0.616211 0.857178
vt 0.405762 0.304199
vt 0.406738 0.297852
vt 0.409668 0.303223
vt 0.337891 0.448242
vt 0.344482 0.467285
vt 0.336426 0.462402
vt 0.253174 0.708008
vt 0.264893 0.691895
vt 0.268799 0.705811
vt 0.687012 0.792969
vt 0.665527 0.793701
vt 0.672852 0.777344
vt 0.805664 0.313965
vt 0.635742 0.622803
vt 0.642090 0.629395
vt 0.621582 0.643555
vt 0.145020 0.241211
vt 0.138916 0.254883
vt 0.136108 0.241211
vt 0.154053 0.265625
vt 0.157227 0.275391
vt 0.139038 0.270020
vt 0.562012 0.066406
vt 0.565918 0.064941
vt 0.838867 0.785278
vt 0.842285 0.785400
vt 0.838379 0.793823
vt 0.803711 0.173340
vt 0.814941 0.172852
vt 0.806641 0.184570
vt 0.074829 0.994183
vt 0.318359 0.130859
vt 0.330566 0.122559
vt 0.893066 0.429688
vt 0.901367 0.414062
vt 0.911621 0.427734
vt 0.104309 0.900635
vt 0.106689 0.923462
vt 0.079468 0.923462
vt 0.544922 0.629639
vt 0.950195 0.399414
vt 0.951660 0.395508
vt 0.952148 0.397461
vt 0.721680 0.676514
vt 0.723633 0.689941
vt 0.717773 0.687500
vt 0.395996 0.909668
vt 0.378174 0.885986
vt 0.397949 0.887634
vt 0.608887 0.599854
vt 0.601562 0.603271
vt 0.602539 0.599365
vt 0.835449 0.902588
vt 0.560547 0.499512
vt 0.564941 0.496094
vt 0.563965 0.500000
vt 0.745117 0.580078
vt 0.734375 0.588135
vt 0.731934 0.581055
vt 0.490479 0.527832
vt 0.498047 0.516846
vt 0.577637 0.424805
vt 0.584961 0.431152
vt 0.574219 0.432617
vt 0.651367 0.021484
vt 0.654297 0.019531
vt 0.661133 0.022949
vt 0.662109 0.025879
vt 0.802246 0.414551
vt 0.794922 0.408691
vt 0.802734 0.411621
vt 0.833984 0.302734
vt 0.831543 0.304688
vt 0.828613 0.296875
vt 0.469727 0.410645
vt 0.509766 0.424805
vt 0.492432 0.426270
vt 0.270996 0.299805
vt 0.277344 0.276367
vt 0.284668 0.304688
vt 0.684082 0.309570
vt 0.679688 0.308105
vt 0.682129 0.300781
vt 0.492432 0.188965
vt 0.487793 0.191406
vt 0.509277 0.737793
vt 0.513672 0.737549
vt 0.135010 0.284180
vt 0.122925 0.282227
vt 0.009277 0.990356
vt 0.021057 0.990356
vt 0.005054 0.993385
vt 0.752930 0.069336
vt 0.768066 0.061523
vt 0.775879 0.072266
vt 0.581543 0.492188
vt 0.572266 0.499023
vt 0.570801 0.495605
vt 0.664551 0.689453
vt 0.668457 0.685547
vt 0.679688 0.692627
vt 0.040955 0.435547
vt 0.039154 0.433594
vt 0.444824 0.632812
vt 0.446289 0.632812
vt 0.443604 0.637207
vt 0.445801 0.049805
vt 0.454834 0.042480
vt 0.459961 0.056152
vt 0.670898 0.376953
vt 0.678223 0.377441
vt 0.676270 0.377930
vt 0.025986 0.760742
vt 0.026505 0.788330
vt 0.024567 0.766113
vt 0.075256 0.240234
vt 0.050751 0.227539
vt 0.069824 0.230469
vt 0.521973 0.470703
vt 0.526855 0.461426
vt 0.544922 0.465332
vt 0.812500 0.738281
vt 0.810059 0.739502
vt 0.694336 0.457031
vt 0.680176 0.460938
vt 0.674805 0.564941
vt 0.656738 0.574951
vt 0.665039 0.562500
vt 0.465332 0.878052
vt 0.459961 0.885681
vt 0.459229 0.877380
vt 0.137207 0.995647
vt 0.132690 0.981461
vt 0.136475 0.986542
vt 0.474854 0.395508
vt 0.472900 0.395020
vt 0.363525 0.925476
vt 0.369385 0.928650
vt 0.350830 0.926270
vt 0.646484 0.964813
vt 0.646484 0.926331
vt 0.664551 0.956451
vt 0.817871 0.572021
vt 0.810547 0.564453
vt 0.828613 0.572266
vt 0.343018 0.350098
vt 0.342285 0.362793
vt 0.341797 0.354492
vt 0.960938 0.597168
vt 0.973145 0.599609
vt 0.964355 0.600098
vt 0.582520 0.291992
vt 0.588379 0.299805
vt 0.580566 0.314941
vt 0.970215 0.332520
vt 0.970215 0.347656
vt 0.960449 0.339844
vt 0.624512 0.892639
vt 0.612793 0.890442
vt 0.610352 0.884338
vt 0.771484 0.753052
vt 0.752930 0.772583
vt 0.618164 0.339844
vt 0.619141 0.350098
vt 0.614258 0.339355
vt 0.227173 0.903625
vt 0.252930 0.909729
vt 0.241455 0.917236
vt 0.585449 0.043945
vt 0.552246 0.033203
vt 0.561523 0.032715
vt 0.131592 0.656982
vt 0.129639 0.635498
vt 0.132935 0.634033
vt 0.841797 0.915588
vt 0.122864 0.164062
vt 0.111938 0.162598
vt 0.123962 0.161133
vt 0.301270 0.014160
vt 0.330811 0.020020
vt 0.320068 0.020508
vt 0.127686 0.101074
vt 0.130981 0.097168
vt 0.134399 0.103027
vt 0.531250 0.754761
vt 0.526855 0.749512
vt 0.536621 0.752563
vt 0.540039 0.983551
vt 0.541016 0.986710
vt 0.524902 0.984024
vt 0.031921 0.211914
vt 0.029007 0.240234
vt 0.021408 0.217773
vt 0.384521 0.490234
vt 0.381592 0.488770
vt 0.261475 0.604736
vt 0.261719 0.614746
vt 0.258789 0.614014
vt 0.387207 0.532959
vt 0.385254 0.541260
vt 0.384033 0.528320
vt 0.368164 0.218262
vt 0.383545 0.249512
vt 0.363281 0.231445
vt 0.675781 0.313965
vt 0.672363 0.309082
vt 0.674805 0.284668
vt 0.593750 0.249023
vt 0.575195 0.250977
vt 0.577637 0.236328
vt 0.451660 0.865845
vt 0.449951 0.880249
vt 0.445068 0.876038
vt 0.522461 0.457031
vt 0.108093 0.285156
vt 0.099792 0.290527
vt 0.098694 0.282715
vt 0.141724 0.029297
vt 0.145264 0.029785
vt 0.383789 0.804565
vt 0.388916 0.801636
vt 0.387695 0.807861
vt 0.148193 0.281738
vt 0.533691 0.528564
vt 0.531738 0.527344
vt 0.543457 0.524902
vt 0.214844 0.979767
vt 0.221313 0.975952
vt 0.235840 0.978439
vt 0.623047 0.272949
vt 0.628906 0.260254
vt 0.626465 0.270020
vt 0.625488 0.275879
vt 0.800781 0.323242
vt 0.780273 0.321289
vt 0.787598 0.313965
vt 0.489990 0.200684
vt 0.483154 0.194336
vt 0.165894 0.239258
vt 0.165161 0.233398
vt 0.179565 0.244629
vt 0.670898 0.087402
vt 0.671387 0.108887
vt 0.651855 0.086914
vt 0.642090 0.601318
vt 0.641113 0.604980
vt 0.484131 0.485840
vt 0.883301 0.459473
vt 0.888184 0.467773
vt 0.872070 0.458496
vt 0.530273 0.424805
vt 0.531250 0.383789
vt 0.443848 0.614014
vt 0.445312 0.620361
vt 0.442383 0.618896
vt 0.884766 0.577637
vt 0.880859 0.574951
vt 0.895996 0.577637
vt 0.966797 0.939758
vt 0.968262 0.941040
vt 0.964844 0.945251
vt 0.998047 0.795654
vt 0.678711 0.294922
vt 0.677734 0.277344
vt 0.681641 0.280273
vt 0.681152 0.293457
vt 0.856934 0.454102
vt 0.868164 0.448242
vt 0.867676 0.460938
vt 0.836426 0.009277
vt 0.837891 0.007812
vt 0.844727 0.015137
vt 0.001005 0.301758
vt 0.007187 0.321289
vt 0.006168 0.324219
vt 0.265381 0.489258
vt 0.270508 0.490723
vt 0.266357 0.493652
vt 0.241333 0.838623
vt 0.237305 0.825439
vt 0.256348 0.827759
vt 0.509766 0.432617
vt 0.488037 0.429688
vt 0.753906 0.291016
vt 0.751953 0.291504
vt 0.754883 0.270020
vt 0.595215 0.657959
vt 0.587891 0.654053
vt 0.598633 0.650635
vt 0.591309 0.418945
vt 0.581543 0.416504
vt 0.592773 0.414551
vt 0.936523 0.026367
vt 0.926270 0.014160
vt 0.951660 0.014648
vt 0.033356 0.113281
vt 0.010475 0.113281
vt 0.023956 0.109863
vt 0.707031 0.111328
vt 0.705078 0.112305
vt 0.705566 0.110840
vt 0.549805 0.107422
vt 0.543945 0.109375
vt 0.568848 0.096680
vt 0.281494 0.890869
vt 0.292480 0.890442
vt 0.294434 0.898193
vt 0.983398 0.602295
vt 0.983887 0.601074
vt 0.985352 0.602783
vt 0.566895 0.501953
vt 0.560059 0.507568
vt 0.928223 0.923340
vt 0.917480 0.917480
vt 0.920898 0.907104
vt 0.630371 0.934875
vt 0.622559 0.933472
vt 0.968262 0.260742
vt 0.980957 0.271484
vt 0.970215 0.267578
vt 0.046204 0.787231
vt 0.049225 0.779053
vt 0.057861 0.787476
vt 0.778809 0.606934
vt 0.778320 0.610596
vt 0.757324 0.613037
vt 0.622559 0.214355
vt 0.623047 0.211914
vt 0.100708 0.617676
vt 0.096985 0.631836
vt 0.093811 0.629639
vt 0.593262 0.660889
vt 0.583496 0.657471
vt 0.803711 0.746338
vt 0.810059 0.737793
vt 0.633301 0.512695
vt 0.641113 0.497559
vt 0.651367 0.503662
vt 0.400879 0.927490
vt 0.394531 0.923401
vt 0.398438 0.916321
vt 0.840820 0.895874
vt 0.985352 0.211914
vt 0.988281 0.209961
vt 0.999512 0.209961
vt 0.489014 0.803223
vt 0.516602 0.806763
vt 0.482666 0.818726
vt 0.130005 0.552979
vt 0.128540 0.562500
vt 0.128296 0.539307
vt 0.133911 0.676514
vt 0.138794 0.677002
vt 0.133911 0.683350
vt 0.117371 0.227539
vt 0.125122 0.237793
vt 0.120911 0.251953
vt 0.105591 0.239258
vt 0.950195 0.897827
vt 0.944824 0.894287
vt 0.949707 0.888367
vt 0.611816 0.821655
vt 0.612305 0.818481
vt 0.612793 0.825073
vt 0.265625 0.178223
vt 0.263916 0.167969
vt 0.455078 0.436523
vt 0.451416 0.451172
vt 0.453857 0.435059
vt 0.429932 0.068359
vt 0.418213 0.061523
vt 0.430420 0.060059
vt 0.125488 0.339355
vt 0.125366 0.332520
vt 0.125977 0.335938
vt 0.631348 0.537598
vt 0.621094 0.531006
vt 0.645996 0.533691
vt 0.202393 0.789551
vt 0.185425 0.794678
vt 0.190063 0.781616
vt 0.750000 0.185547
vt 0.750977 0.200195
vt 0.732910 0.201660
vt 0.999512 0.730225
vt 0.992188 0.735352
vt 0.988770 0.722656
vt 0.959473 0.444336
vt 0.958496 0.445801
vt 0.953125 0.440430
vt 0.951172 0.434082
vt 0.744141 0.449707
vt 0.728027 0.453613
vt 0.750977 0.446289
vt 0.139404 0.010254
vt 0.137207 0.014648
vt 0.127197 0.008789
vt 0.327393 0.450684
vt 0.329590 0.471680
vt 0.301025 0.483398
vt 0.385742 0.550049
vt 0.380859 0.546631
vt 0.938965 0.452637
vt 0.380859 0.286621
vt 0.379639 0.284180
vt 0.382080 0.279785
vt 0.744141 0.027344
vt 0.755371 0.022949
vt 0.757812 0.031250
vt 0.244263 0.673584
vt 0.247803 0.665283
vt 0.249146 0.674561
vt 0.155640 0.119629
vt 0.166382 0.123047
vt 0.161865 0.125488
vt 0.791016 0.329102
vt 0.250732 0.041016
vt 0.250732 0.012207
vt 0.257568 0.012695
vt 0.971191 0.751343
vt 0.986328 0.750854
vt 0.975586 0.751709
vt 0.771973 0.717041
vt 0.769043 0.708252
vt 0.776855 0.716797
vt 0.467285 0.245117
vt 0.500488 0.979279
vt 0.503418 0.977768
vt 0.505371 0.981506
vt 0.113525 0.277344
vt 0.113770 0.264160
vt 0.124939 0.272461
vt 0.086182 0.977966
vt 0.086670 0.981033
vt 0.083191 0.987511
vt 0.712891 0.110352
vt 0.240112 0.444336
vt 0.240234 0.429688
vt 0.248901 0.430176
vt 0.909180 0.175781
vt 0.902832 0.189941
vt 0.899414 0.179199
vt 0.082458 0.405762
vt 0.098877 0.387207
vt 0.111267 0.423340
vt 0.815918 0.736572
vt 0.260254 0.172852
vt 0.263428 0.160645
vt 0.589355 0.438965
vt 0.575195 0.437500
vt 0.853027 0.315918
vt 0.857910 0.302246
vt 0.854004 0.317871
vt 0.599609 0.474609
vt 0.618164 0.476074
vt 0.612305 0.479004
vt 0.340088 0.850586
vt 0.343262 0.856445
vt 0.342041 0.856934
vt 0.976074 0.190430
vt 0.979004 0.189453
vt 0.974121 0.206055
vt 0.500000 0.620605
vt 0.501953 0.620117
vt 0.546387 0.280762
vt 0.558594 0.286621
vt 0.561523 0.303223
vt 0.857910 0.224121
vt 0.849121 0.217773
vt 0.861328 0.220215
vt 0.096619 0.605713
vt 0.104065 0.613770
vt 0.100525 0.613281
vt 0.929199 0.114258
vt 0.930176 0.111328
vt 0.938965 0.113281
vt 0.085571 0.576904
vt 0.857422 0.273438
vt 0.869629 0.268555
vt 0.862793 0.286133
vt 0.389893 0.526367
vt 0.391846 0.520264
vt 0.676270 0.436035
vt 0.724609 0.928711
vt 0.708984 0.943512
vt 0.707031 0.931152
vt 0.291748 0.721680
vt 0.288330 0.720703
vt 0.294189 0.713867
vt 0.666504 0.187012
vt 0.652344 0.182129
vt 0.677734 0.170410
vt 0.290527 0.977051
vt 0.253906 0.979080
vt 0.260498 0.977051
vt 0.170898 0.474121
vt 0.170410 0.474609
vt 0.155151 0.477539
vt 0.503418 0.619141
vt 0.327393 0.264160
vt 0.656738 0.024414
vt 0.666504 0.029297
vt 0.821777 0.745850
vt 0.732422 0.024902
vt 0.738770 0.022949
vt 0.479980 0.091797
vt 0.479248 0.104980
vt 0.472900 0.104004
vt 0.637207 0.398438
vt 0.642578 0.395996
vt 0.639648 0.399414
vt 0.144287 0.389648
vt 0.145386 0.381348
vt 0.148438 0.382324
vt 0.084106 0.927185
vt 0.093079 0.934937
vt 0.089355 0.936096
vt 0.503906 0.054688
vt 0.490723 0.049805
vt 0.475098 0.021484
vt 0.475098 0.010742
vt 0.478027 0.016602
vt 0.624023 0.192871
vt 0.453857 0.213867
vt 0.451172 0.220703
vt 0.452393 0.212402
vt 0.278564 0.551025
vt 0.279785 0.552734
vt 0.275146 0.556885
vt 0.751465 0.567871
vt 0.738281 0.566162
vt 0.734375 0.557861
vt 0.098206 0.604004
vt 0.105713 0.613770
vt 0.948730 0.567627
vt 0.951172 0.566162
vt 0.950684 0.581787
vt 0.964844 0.949799
vt 0.959473 0.955750
vt 0.956055 0.956635
vt 0.963867 0.948181
vt 0.705078 0.545410
vt 0.696777 0.536621
vt 0.707520 0.529053
vt 0.813477 0.206055
vt 0.803711 0.208008
vt 0.804199 0.204590
vt 0.905273 0.168945
vt 0.900391 0.175293
vt 0.882324 0.171875
vt 0.880371 0.168945
vt 0.258057 0.790283
vt 0.252930 0.816772
vt 0.244263 0.797729
vt 0.646484 0.350098
vt 0.296143 0.454590
vt 0.631348 0.430664
vt 0.630371 0.418457
vt 0.642578 0.424805
vt 0.039734 0.479492
vt 0.038147 0.480469
vt 0.036255 0.479980
vt 0.648438 0.021973
vt 0.014381 0.157227
vt 0.026169 0.196289
vt 0.007397 0.193359
vt 0.103943 0.273438
vt 0.361816 0.808838
vt 0.368896 0.803711
vt 0.372803 0.813721
vt 0.303467 0.927307
vt 0.205444 0.490234
vt 0.199585 0.494141
vt 0.198364 0.490234
vt 0.477539 0.394531
vt 0.478271 0.397949
vt 0.280518 0.490234
vt 0.273193 0.492676
vt 0.276123 0.483887
vt 0.480225 0.880371
vt 0.473145 0.876038
vt 0.645996 0.441895
vt 0.839844 0.316895
vt 0.589355 0.231934
vt 0.604980 0.218750
vt 0.589844 0.235352
vt 0.595215 0.603271
vt 0.912598 0.976883
vt 0.894531 0.979477
vt 0.895508 0.976959
vt 0.430420 0.674561
vt 0.429443 0.671143
vt 0.433105 0.670166
vt 0.708984 0.953766
vt 0.705078 0.977707
vt 0.703613 0.950378
vt 0.309814 0.063477
vt 0.320312 0.078613
vt 0.303955 0.079590
vt 0.724609 0.455566
vt 0.716309 0.458984
vt 0.716309 0.457520
vt 0.468506 0.407227
vt 0.467285 0.406738
vt 0.445312 0.235840
vt 0.442383 0.237305
vt 0.378906 0.055176
vt 0.382080 0.070312
vt 0.360352 0.068359
vt 0.479492 0.392578
vt 0.480957 0.395508
vt 0.936523 0.821167
vt 0.934082 0.815918
vt 0.939453 0.814941
vt 0.664062 0.379395
vt 0.156860 0.123535
vt 0.152710 0.132324
vt 0.229492 0.810059
vt 0.242432 0.808960
vt 0.982422 0.558105
vt 0.972168 0.548584
vt 0.975098 0.540527
vt 0.215820 0.775635
vt 0.217529 0.786133
vt 0.532227 0.564453
vt 0.539551 0.563965
vt 0.275391 0.087891
vt 0.279541 0.089355
vt 0.274658 0.092773
vt 0.303223 0.038086
vt 0.438477 0.751953
vt 0.436035 0.739502
vt 0.453125 0.738525
vt 0.417480 0.310059
vt 0.413574 0.312988
vt 0.299561 0.662842
vt 0.079102 0.352051
vt 0.078003 0.348633
vt 0.077820 0.330566
vt 0.934082 0.999779
vt 0.917480 0.999779
vt 0.929688 0.999236
vt 0.139038 0.016602
vt 0.128540 0.017090
vt 0.141968 0.015137
vt 0.845215 0.394043
vt 0.858398 0.402832
vt 0.844727 0.413086
vt 0.812988 0.608154
vt 0.805176 0.605957
vt 0.813477 0.607422
vt 0.706055 0.814819
vt 0.695312 0.816284
vt 0.699219 0.801392
vt 0.173584 0.766846
vt 0.183105 0.780396
vt 0.161621 0.781128
vt 0.339600 0.568359
vt 0.339355 0.536133
vt 0.367432 0.552979
vt 0.954590 0.132324
vt 0.961914 0.130371
vt 0.961426 0.152832
vt 0.358887 0.739258
vt 0.965820 0.951813
vt 0.957520 0.960907
vt 0.519043 0.529541
vt 0.523438 0.528320
vt 0.523926 0.529785
vt 0.610840 0.606689
vt 0.283936 0.783447
vt 0.309082 0.803589
vt 0.278564 0.803833
vt 0.775879 0.916077
vt 0.785645 0.924316
vt 0.774902 0.916809
vt 0.445557 0.071777
vt 0.444580 0.058105
vt 0.446777 0.058594
vt 0.508301 0.538086
vt 0.518066 0.549805
vt 0.511719 0.549805
vt 0.979492 0.819458
vt 0.980469 0.821533
vt 0.969727 0.819336
vt 0.547852 0.076172
vt 0.491943 0.800903
vt 0.520996 0.790894
vt 0.505371 0.799805
vt 0.654297 0.064453
vt 0.626465 0.067871
vt 0.098816 0.704346
vt 0.092590 0.687012
vt 0.111145 0.694580
vt 0.040894 0.937866
vt 0.045319 0.928040
vt 0.048706 0.929382
vt 0.942383 0.440430
vt 0.747559 0.925842
vt 0.756836 0.924683
vt 0.751465 0.933960
vt 0.020782 0.763794
vt 0.021866 0.768433
vt 0.023331 0.798828
vt 0.265381 0.922119
vt 0.263184 0.938141
vt 0.256592 0.931824
vt 0.152466 0.866821
vt 0.157471 0.845459
vt 0.167603 0.857300
vt 0.650879 0.794189
vt 0.649414 0.788696
vt 0.652344 0.786255
vt 0.001181 0.618652
vt 0.001235 0.617188
vt 0.011131 0.618164
vt 0.751465 0.045410
vt 0.753418 0.046387
vt 0.750488 0.051758
vt 0.332764 0.329590
vt 0.336426 0.336426
vt 0.333740 0.335449
vt 0.267822 0.152832
vt 0.263428 0.144531
vt 0.462402 0.339355
vt 0.480225 0.369629
vt 0.464355 0.346191
vt 0.039307 0.477539
vt 0.045135 0.479004
vt 0.837891 0.313965
vt 0.837402 0.308105
vt 0.144775 0.609863
vt 0.150513 0.608887
vt 0.145508 0.614746
vt 0.370361 0.245117
vt 0.374268 0.253418
vt 0.364258 0.250488
vt 0.266113 0.324707
vt 0.286133 0.329102
vt 0.276611 0.336914
vt 0.725098 0.379883
vt 0.742188 0.385742
vt 0.745605 0.392578
vt 0.153687 0.624023
vt 0.164551 0.610352
vt 0.171143 0.619629
vt 0.345703 0.329102
vt 0.344482 0.336914
vt 0.342285 0.328613
vt 0.740234 0.111816
vt 0.720703 0.109375
vt 0.722168 0.099609
vt 0.291992 0.247559
vt 0.279053 0.248535
vt 0.263184 0.247070
vt 0.849121 0.453125
vt 0.846191 0.451172
vt 0.854492 0.449707
vt 0.420654 0.264160
vt 0.416992 0.265137
vt 0.008858 0.979935
vt 0.006454 0.981689
vt 0.005917 0.979889
vt 0.441895 0.085938
vt 0.446777 0.072754
vt 0.016113 0.107910
vt 0.004524 0.086426
vt 0.019974 0.099121
vt 0.723633 0.406250
vt 0.732910 0.399902
vt 0.730957 0.409180
vt 0.880859 0.587158
vt 0.869629 0.592529
vt 0.868652 0.589600
vt 0.794922 0.861816
vt 0.793457 0.880554
vt 0.781250 0.876038
vt 0.635254 0.196289
vt 0.401367 0.419434
vt 0.402832 0.424316
vt 0.400146 0.423340
vt 0.926270 0.044922
vt 0.911621 0.043457
vt 0.914062 0.035156
vt 0.099243 0.334961
vt 0.113342 0.354492
vt 0.087097 0.348145
vt 0.838379 0.864990
vt 0.831055 0.855591
vt 0.457031 0.392578
vt 0.440674 0.400879
vt 0.447998 0.384766
vt 0.433350 0.285645
vt 0.445312 0.275391
vt 0.516602 0.475586
vt 0.338135 0.597656
vt 0.343262 0.589355
vt 0.356201 0.589355
vt 0.026794 0.721924
vt 0.006008 0.737549
vt 0.014664 0.711914
vt 0.924316 0.783203
vt 0.927246 0.748047
vt 0.931152 0.754150
vt 0.925781 0.779785
vt 0.001560 0.785889
vt 0.783691 0.930237
vt 0.790527 0.934021
vt 0.789062 0.937958
vt 0.007786 0.933167
vt 0.007786 0.962891
vt 0.001082 0.936707
vt 0.743652 0.068848
vt 0.746582 0.077637
vt 0.741699 0.084473
vt 0.865723 0.053223
vt 0.859863 0.052246
vt 0.862305 0.048828
vt 0.262451 0.659912
vt 0.283691 0.645020
vt 0.278076 0.665283
vt 0.174561 0.713135
vt 0.163574 0.700195
vt 0.179077 0.703125
vt 0.319580 0.279785
vt 0.322754 0.275391
vt 0.478271 0.886230
vt 0.273193 0.150391
vt 0.494629 0.397949
vt 0.490723 0.395020
vt 0.495850 0.391113
vt 0.658203 0.031250
vt 0.666016 0.032227
vt 0.137085 0.719238
vt 0.152588 0.718262
vt 0.151123 0.732178
vt 0.815430 0.622559
vt 0.796387 0.619629
vt 0.799316 0.614502
vt 0.794922 0.301270
vt 0.506348 0.967682
vt 0.521484 0.988586
vt 0.501953 0.618652
vt 0.504883 0.617676
vt 0.206909 0.315918
vt 0.202759 0.308594
vt 0.211426 0.298340
vt 0.431885 0.589355
vt 0.436279 0.583984
vt 0.437256 0.595703
vt 0.120911 0.718750
vt 0.139404 0.709961
vt 0.118591 0.723145
vt 0.063904 0.091797
vt 0.080750 0.100098
vt 0.068420 0.110840
vt 0.895020 0.236328
vt 0.899414 0.233398
vt 0.608887 0.649170
vt 0.138428 0.542969
vt 0.155640 0.550537
vt 0.152588 0.555420
vt 0.483887 0.550781
vt 0.484375 0.546875
vt 0.485840 0.549561
vt 0.265625 0.839600
vt 0.265869 0.818970
vt 0.691406 0.789307
vt 0.684082 0.769409
vt 0.692871 0.781372
vt 0.972168 0.727295
vt 0.973633 0.731201
vt 0.946289 0.733887
vt 0.140015 0.125977
vt 0.137451 0.116211
vt 0.141968 0.114746
vt 0.728027 0.620850
vt 0.721191 0.644287
vt 0.708984 0.623535
vt 0.944824 0.273438
vt 0.957520 0.291504
vt 0.939941 0.275879
vt 0.155640 0.525391
vt 0.174316 0.509033
vt 0.173340 0.528076
vt 0.463135 0.408691
vt 0.830566 0.831787
vt 0.824707 0.848267
vt 0.898438 0.229492
vt 0.899414 0.231934
vt 0.894043 0.231445
vt 0.982422 0.540039
vt 0.977051 0.536133
vt 0.986328 0.540039
vt 0.107849 0.983673
vt 0.108765 0.983353
vt 0.108643 0.984116
vt 0.927734 0.951080
vt 0.916992 0.937439
vt 0.933594 0.930908
vt 0.249634 0.764038
vt 0.228516 0.759766
vt 0.234009 0.746582
vt 0.632812 0.888000
vt 0.625000 0.880737
vt 0.501465 0.414551
vt 0.433350 0.747803
vt 0.997070 0.007812
vt 0.995117 0.009277
vt 0.988770 0.000000
vt 0.443848 0.254395
vt 0.427002 0.249023
vt 0.914551 0.183594
vt 0.920898 0.188477
vt 0.436768 0.448242
vt 0.435059 0.457520
vt 0.434570 0.448242
vt 0.694336 0.352539
vt 0.693848 0.365234
vt 0.684570 0.365234
vt 0.896484 0.239746
vt 0.090027 0.929321
vt 0.352051 0.033203
vt 0.377197 0.042480
vt 0.353271 0.066895
vt 0.934570 0.455078
vt 0.934082 0.453613
vt 0.855469 0.444336
vt 0.860840 0.445312
vt 0.568359 0.494141
vt 0.566406 0.497559
vt 0.340332 0.336426
vt 0.339111 0.330566
vt 0.342529 0.336914
vt 0.457031 0.113770
vt 0.460449 0.116699
vt 0.456299 0.116699
vt 0.530273 0.892944
vt 0.506836 0.895874
vt 0.517090 0.880859
vt 0.286133 0.543457
vt 0.281006 0.547119
vt 0.932129 0.887085
vt 0.915039 0.863647
vt 0.934570 0.854614
vt 0.770508 0.523193
vt 0.776367 0.520752
vt 0.270264 0.262207
vt 0.258057 0.259766
vt 0.270752 0.254883
vt 0.716309 0.520264
vt 0.702148 0.516846
vt 0.716797 0.877441
vt 0.715332 0.882263
vt 0.456299 0.132812
vt 0.241577 0.735352
vt 0.259521 0.722656
vt 0.264404 0.742676
vt 0.532715 0.533691
vt 0.534668 0.530273
vt 0.540039 0.529541
vt 0.965820 0.961060
vt 0.971191 0.953430
vt 0.976074 0.962982
vt 0.960449 0.437012
vt 0.306396 0.711426
vt 0.324951 0.709717
vt 0.204102 0.058105
vt 0.202026 0.067383
vt 0.200073 0.066406
vt 0.139404 0.663818
vt 0.142944 0.666016
vt 0.988770 0.602295
vt 0.990723 0.600830
vt 0.990723 0.601807
vt 0.766113 0.522461
vt 0.761230 0.519043
vt 0.807617 0.482910
vt 0.792969 0.488770
vt 0.786621 0.486816
vt 0.732910 0.687500
vt 0.750488 0.681396
vt 0.731934 0.691895
vt 0.491943 0.155762
vt 0.483887 0.140137
vt 0.499023 0.149414
vt 0.339111 0.362305
vt 0.338867 0.357422
vt 0.614258 0.501953
vt 0.605469 0.494141
vt 0.612793 0.494141
vt 0.721191 0.809326
vt 0.722656 0.807617
vt 0.729004 0.804932
vt 0.721680 0.816772
vt 0.539551 0.521484
vt 0.545410 0.520020
vt 0.542969 0.522461
vt 0.450195 0.560791
vt 0.454102 0.567871
vt 0.673828 0.370605
vt 0.666504 0.375000
vt 0.663086 0.371094
vt 0.112305 0.068359
vt 0.093994 0.058594
vt 0.110168 0.032715
vt 0.050812 0.601807
vt 0.051636 0.584961
vt 0.054535 0.596924
vt 0.909668 0.010254
vt 0.910156 0.007324
vt 0.928711 0.009766
vt 0.319580 0.012695
vt 0.586426 0.285645
vt 0.594727 0.281250
vt 0.593750 0.299805
vt 0.444336 0.545898
vt 0.448486 0.547119
vt 0.444824 0.554688
vt 0.384033 0.581055
vt 0.391357 0.558838
vt 0.408447 0.579102
vt 0.840332 0.803589
vt 0.840332 0.812988
vt 0.837891 0.805054
vt 0.347168 0.597412
vt 0.354492 0.594238
vt 0.248535 0.677246
vt 0.247803 0.676514
vt 0.333496 0.263184
vt 0.331299 0.255371
vt 0.333252 0.251465
vt 0.842773 0.507080
vt 0.832031 0.503906
vt 0.824219 0.498535
vt 0.314453 0.820190
vt 0.347168 0.819336
vt 0.349609 0.821045
vt 0.327393 0.602539
vt 0.303711 0.592041
vt 0.327637 0.581787
vt 0.104126 0.569092
vt 0.113098 0.573975
vt 0.094116 0.571045
vt 0.629395 0.669922
vt 0.624512 0.669922
vt 0.625977 0.666992
vt 0.127930 0.091797
vt 0.120300 0.104004
vt 0.116394 0.091309
vt 0.203247 0.740234
vt 0.209961 0.745361
vt 0.202393 0.741699
vt 0.908691 0.228516
vt 0.913574 0.231445
vt 0.910156 0.230957
vt 0.722656 0.214355
vt 0.726074 0.201172
vt 0.728516 0.219238
vt 0.719238 0.704834
vt 0.842285 0.198730
vt 0.855957 0.191406
vt 0.857910 0.203125
vt 0.483154 0.295898
vt 0.484131 0.308594
vt 0.480957 0.307129
vt 0.896484 0.233398
vt 0.182983 0.333984
vt 0.189575 0.328125
vt 0.203979 0.326660
vt 0.389160 0.509277
vt 0.388916 0.504883
vt 0.392578 0.509277
vt 0.007275 0.311035
vt 0.044220 0.303711
vt 0.034149 0.310059
vt 0.439453 0.080566
vt 0.436035 0.074219
vt 0.464355 0.104004
vt 0.464600 0.105957
vt 0.460449 0.104980
vt 0.989746 0.489746
vt 0.994141 0.480469
vt 0.998047 0.488770
vt 0.085571 0.123535
vt 0.059265 0.132812
vt 0.769531 0.163574
vt 0.783691 0.153809
vt 0.599121 0.180176
vt 0.614258 0.170410
vt 0.614746 0.193359
vt 0.798340 0.936401
vt 0.802246 0.940094
vt 0.439941 0.882446
vt 0.437744 0.873047
vt 0.441162 0.877319
vt 0.543457 0.531250
vt 0.544922 0.528320
vt 0.550781 0.529297
vt 0.400391 0.806519
vt 0.424805 0.830933
vt 0.396729 0.809082
vt 0.082458 0.970337
vt 0.092896 0.951508
vt 0.094299 0.955841
vt 0.709473 0.109375
vt 0.710449 0.110840
vt 0.033020 0.814819
vt 0.033356 0.825928
vt 0.021042 0.826172
vt 0.752441 0.474609
vt 0.981934 0.600830
vt 0.441895 0.601074
vt 0.438232 0.614746
vt 0.342041 0.650391
vt 0.356934 0.664795
vt 0.338867 0.678711
vt 0.636719 0.184570
vt 0.617676 0.178223
vt 0.792969 0.372070
vt 0.993164 0.907532
vt 0.992188 0.908264
vt 0.992676 0.907349
vt 0.900879 0.836914
vt 0.921875 0.820435
vt 0.923340 0.836914
vt 0.165039 0.088379
vt 0.156006 0.084473
vt 0.166992 0.084961
vt 0.395996 0.357910
vt 0.403076 0.369141
vt 0.395996 0.368164
vt 0.993652 0.259766
vt 0.997070 0.266113
vt 0.996582 0.266113
vt 0.579102 0.967194
vt 0.578613 0.987984
vt 0.578125 0.972809
vt 0.221924 0.819214
vt 0.432373 0.901062
vt 0.408447 0.916565
vt 0.402588 0.888855
vt 0.721191 0.762817
vt 0.718262 0.763794
vt 0.719727 0.753296
vt 0.962402 0.941559
vt 0.970703 0.933044
vt 0.522949 0.615723
vt 0.520508 0.615479
vt 0.521484 0.609619
vt 0.548340 0.069336
vt 0.415039 0.750854
vt 0.425781 0.738770
vt 0.422607 0.754761
vt 0.871582 0.698975
vt 0.891113 0.704590
vt 0.871582 0.708984
vt 0.264893 0.889893
vt 0.254395 0.877075
vt 0.026672 0.125000
vt 0.004494 0.117188
vt 0.035400 0.115234
vt 0.522949 0.478027
vt 0.627930 0.411133
vt 0.642578 0.405762
vt 0.645508 0.407227
vt 0.498535 0.698975
vt 0.500000 0.697021
vt 0.501465 0.708984
vt 0.498779 0.708252
vt 0.386963 0.513184
vt 0.387939 0.511963
vt 0.389648 0.512939
vt 0.404297 0.211914
vt 0.402832 0.203125
vt 0.406494 0.208008
vt 0.266113 0.145508
vt 0.208740 0.488281
vt 0.205444 0.485840
vt 0.210693 0.483887
vt 0.454346 0.545654
vt 0.449219 0.552002
vt 0.219727 0.299805
vt 0.245605 0.302734
vt 0.237305 0.310059
vt 0.946289 0.566162
vt 0.946289 0.585693
vt 0.683594 0.974579
vt 0.686523 0.972000
vt 0.699707 0.974350
vt 0.528320 0.269043
vt 0.522949 0.281738
vt 0.526855 0.268555
vt 0.015060 0.592041
vt 0.016541 0.589355
vt 0.019333 0.590820
vt 0.602539 0.888245
vt 0.593262 0.892639
vt 0.596680 0.882507
vt 0.250488 0.676514
vt 0.938477 0.454590
vt 0.142456 0.888794
vt 0.163208 0.877380
vt 0.155151 0.893005
vt 0.559570 0.883484
vt 0.565918 0.912781
vt 0.551270 0.903748
vt 0.320068 0.636230
vt 0.331787 0.634521
vt 0.321045 0.638916
vt 0.784180 0.906616
vt 0.797363 0.898987
vt 0.794922 0.917480
vt 0.395508 0.305664
vt 0.402588 0.302246
vt 0.403320 0.308594
vt 0.020264 0.655029
vt 0.010849 0.659912
vt 0.014153 0.656006
vt 0.578125 0.421387
vt 0.587891 0.422363
vt 0.637695 0.847168
vt 0.648438 0.869263
vt 0.638184 0.875061
vt 0.952637 0.294434
vt 0.938477 0.278809
vt 0.934082 0.054688
vt 0.929688 0.050293
vt 0.934570 0.054199
vt 0.802246 0.389160
vt 0.792480 0.390137
vt 0.797852 0.388184
vt 0.961426 0.360840
vt 0.219727 0.380859
vt 0.231079 0.379883
vt 0.223633 0.398438
vt 0.444824 0.814941
vt 0.440430 0.802612
vt 0.443359 0.793091
vt 0.184326 0.689697
vt 0.175171 0.685059
vt 0.174072 0.680664
vt 0.807129 0.846436
vt 0.812988 0.867432
vt 0.008636 0.662109
vt 0.007504 0.667725
vt 0.007435 0.664307
vt 0.413574 0.279785
vt 0.413818 0.272949
vt 0.258545 0.864380
vt 0.253906 0.864624
vt 0.443848 0.631348
vt 0.441162 0.639160
vt 0.439941 0.636230
vt 0.954102 0.941650
vt 0.961426 0.936401
vt 0.212769 0.519287
vt 0.216431 0.510010
vt 0.224487 0.512695
vt 0.224243 0.524414
vt 0.625000 0.665771
vt 0.308350 0.630859
vt 0.300781 0.639160
vt 0.297363 0.631836
vt 0.758789 0.816284
vt 0.757324 0.813599
vt 0.759277 0.812256
vt 0.718262 0.816040
vt 0.720703 0.811890
vt 0.942871 0.592773
vt 0.076355 0.816772
vt 0.085571 0.824341
vt 0.062256 0.828857
vt 0.992676 0.259277
vt 0.989746 0.258789
vt 0.522949 0.174316
vt 0.525391 0.165527
vt 0.535645 0.158203
vt 0.235352 0.522217
vt 0.245239 0.529297
vt 0.234253 0.533936
vt 0.957520 0.082520
vt 0.956055 0.070801
vt 0.960938 0.074219
vt 0.312012 0.546143
vt 0.296143 0.543213
vt 0.263672 0.051270
vt 0.277344 0.059082
vt 0.265625 0.067383
vt 0.516113 0.178711
vt 0.513184 0.175781
vt 0.520996 0.166504
vt 0.731445 0.412109
vt 0.717285 0.407715
vt 0.998535 0.822754
vt 0.996582 0.824463
vt 0.988770 0.823120
vt 0.791992 0.122559
vt 0.230347 0.354492
vt 0.227661 0.336914
vt 0.231323 0.348633
vt 0.314697 0.217285
vt 0.308350 0.209473
vt 0.309570 0.201660
vt 0.916016 0.645020
vt 0.913086 0.646484
vt 0.428467 0.582031
vt 0.428711 0.593018
vt 0.424316 0.588867
vt 0.524902 0.150879
vt 0.521973 0.149902
vt 0.521484 0.139648
vt 0.906738 0.642822
vt 0.903809 0.619629
vt 0.914062 0.637939
vt 0.487793 0.323242
vt 0.481934 0.325195
vt 0.487793 0.307617
vt 0.197266 0.262695
vt 0.205322 0.254395
vt 0.041077 0.908142
vt 0.029572 0.919617
vt 0.030243 0.894775
vt 0.953613 0.947266
vt 0.634766 0.989449
vt 0.639648 0.992508
vt 0.812988 0.733398
vt 0.702637 0.416016
vt 0.702148 0.413086
vt 0.712402 0.418945
vt 0.507324 0.744141
vt 0.504883 0.753174
vt 0.495361 0.753052
vt 0.921387 0.637939
vt 0.908691 0.613281
vt 0.913086 0.616211
vt 0.924316 0.638184
vt 0.565430 0.077148
vt 0.553223 0.083496
vt 0.094910 0.294434
vt 0.096619 0.297852
vt 0.094971 0.297363
vt 0.291504 0.512695
vt 0.300781 0.525879
vt 0.286133 0.516357
vt 0.521484 0.180176
vt 0.525391 0.190918
vt 0.522949 0.191406
vt 0.625977 0.250000
vt 0.608398 0.254883
vt 0.606934 0.243652
vt 0.963867 0.268066
vt 0.961914 0.272461
vt 0.953125 0.270996
vt 0.755859 0.563232
vt 0.078186 0.292969
vt 0.246704 0.601562
vt 0.263672 0.600830
vt 0.237915 0.606445
vt 0.316895 0.101562
vt 0.331787 0.104004
vt 0.318848 0.107910
vt 0.431152 0.601562
vt 0.427979 0.604248
vt 0.960938 0.179199
vt 0.962402 0.183105
vt 0.958496 0.185059
vt 0.045563 0.994484
vt 0.039642 0.997797
vt 0.040009 0.994080
vt 0.016235 0.857178
vt 0.029495 0.864990
vt 0.001541 0.874268
vt 0.718750 0.354492
vt 0.733887 0.346191
vt 0.728516 0.355469
vt 0.597168 0.426270
vt 0.608887 0.424316
vt 0.601562 0.438477
vt 0.193604 0.492188
vt 0.195557 0.486328
vt 0.133179 0.667480
vt 0.031433 0.759888
vt 0.053955 0.754395
vt 0.255371 0.158691
vt 0.259766 0.150391
vt 0.755859 0.255371
vt 0.754395 0.262695
vt 0.748535 0.261230
vt 0.181030 0.215820
vt 0.188110 0.244629
vt 0.149292 0.217773
vt 0.242432 0.454590
vt 0.102295 0.801147
vt 0.083496 0.814209
vt 0.093689 0.798828
vt 0.475342 0.047363
vt 0.204224 0.770996
vt 0.475342 0.487793
vt 0.986328 0.602539
vt 0.987305 0.600098
vt 0.987305 0.601074
vt 0.105774 0.298828
vt 0.347656 0.874146
vt 0.348633 0.866577
vt 0.350586 0.873535
vt 0.368164 0.694580
vt 0.364014 0.691650
vt 0.365479 0.681152
vt 0.354736 0.586182
vt 0.362305 0.581787
vt 0.372314 0.583740
vt 0.515625 0.876343
vt 0.513184 0.865601
vt 0.528320 0.869751
vt 0.242065 0.380859
vt 0.231689 0.376953
vt 0.243164 0.370605
vt 0.560059 0.394043
vt 0.561523 0.392090
vt 0.566895 0.396973
vt 0.246582 0.284180
vt 0.248657 0.267090
vt 0.268311 0.271973
vt 0.968750 0.611084
vt 0.960449 0.608887
vt 0.962891 0.606934
vt 0.428955 0.571289
vt 0.431152 0.564209
vt 0.434814 0.575439
vt 0.895020 0.581543
vt 0.895508 0.579590
vt 0.904297 0.581055
vt 0.954102 0.419434
vt 0.955566 0.417969
vt 0.966797 0.419922
vt 0.667480 0.715820
vt 0.646973 0.708252
vt 0.665527 0.702148
vt 0.632812 0.278809
vt 0.639648 0.296387
vt 0.604980 0.299805
vt 0.276123 0.701416
vt 0.280762 0.713135
vt 0.589844 0.511719
vt 0.599609 0.496582
vt 0.608398 0.504883
vt 0.562500 0.991600
vt 0.563477 0.981995
vt 0.565918 0.989029
vt 0.417725 0.989029
vt 0.415527 0.982330
vt 0.432129 0.961700
vt 0.625977 0.223633
vt 0.626465 0.219727
vt 0.924316 0.809814
vt 0.929199 0.804565
vt 0.451660 0.588623
vt 0.454102 0.585693
vt 0.455566 0.590820
vt 0.935059 0.670898
vt 0.933594 0.671875
vt 0.621582 0.224609
vt 0.621582 0.221191
vt 0.504395 0.859009
vt 0.493652 0.846191
vt 0.521484 0.841187
vt 0.506348 0.020996
vt 0.504883 0.014160
vt 0.506348 0.010742
vt 0.409424 0.843872
vt 0.407715 0.862671
vt 0.401123 0.864380
vt 0.012306 0.764526
vt 0.011696 0.769409
vt 0.000997 0.768433
vt 0.733398 0.422363
vt 0.708496 0.420898
vt 0.642090 0.017090
vt 0.619141 0.031250
vt 0.616699 0.017090
vt 0.011559 0.576904
vt 0.022034 0.565430
vt 0.034973 0.565918
vt 0.644043 0.942169
vt 0.638184 0.943115
vt 0.637207 0.941742
vt 0.207275 0.483398
vt 0.212524 0.482910
vt 0.281494 0.168945
vt 0.284424 0.161133
vt 0.465576 0.779419
vt 0.442871 0.786499
vt 0.458252 0.748535
vt 0.924316 0.100098
vt 0.936035 0.083008
vt 0.929688 0.099609
vt 0.731934 0.748291
vt 0.742676 0.750122
vt 0.738281 0.755005
vt 0.718750 0.331543
vt 0.723145 0.329102
vt 0.729004 0.334961
vt 0.561523 0.097656
vt 0.556641 0.102051
vt 0.044342 0.280273
vt 0.773926 0.892639
vt 0.780273 0.879028
vt 0.825684 0.021484
vt 0.817871 0.020508
vt 0.823730 0.020020
vt 0.162109 0.303223
vt 0.155029 0.316406
vt 0.149170 0.304199
vt 0.658691 0.839600
vt 0.657227 0.831421
vt 0.662598 0.840698
vt 0.604980 0.449219
vt 0.729004 0.823975
vt 0.731445 0.810791
vt 0.605469 0.637207
vt 0.599121 0.633545
vt 0.603516 0.633301
vt 0.992188 0.861084
vt 0.990234 0.859863
vt 0.996582 0.850586
vt 0.386719 0.099121
vt 0.380615 0.093750
vt 0.386719 0.095703
vt 0.393799 0.247559
vt 0.391113 0.267578
vt 0.377441 0.256348
vt 0.227417 0.883484
vt 0.190552 0.896362
vt 0.215576 0.868652
vt 0.196655 0.501709
vt 0.174072 0.265625
vt 0.160645 0.274414
vt 0.161865 0.248535
vt 0.379150 0.515381
vt 0.347656 0.535156
vt 0.340576 0.500732
vt 0.033966 0.428223
vt 0.030365 0.426758
vt 0.031738 0.425781
vt 0.867676 0.022949
vt 0.869141 0.027344
vt 0.863281 0.026367
vt 0.899414 0.576904
vt 0.905762 0.571289
vt 0.947266 0.499023
vt 0.962402 0.504639
vt 0.942383 0.529785
vt 0.597168 0.690430
vt 0.609863 0.671387
vt 0.622070 0.678467
vt 0.479492 0.398926
vt 0.481934 0.398926
vt 0.483154 0.401367
vt 0.761719 0.251465
vt 0.763184 0.247559
vt 0.708496 0.980957
vt 0.708008 0.979492
vt 0.718262 0.981277
vt 0.843750 0.756958
vt 0.839844 0.758301
vt 0.843750 0.746094
vt 0.668457 0.468750
vt 0.687500 0.461426
vt 0.679199 0.469238
vt 0.565430 0.489746
vt 0.570801 0.489258
vt 0.563477 0.493652
vt 0.542969 0.534668
vt 0.172241 0.029785
vt 0.189575 0.042480
vt 0.172363 0.067871
vt 0.954102 0.593506
vt 0.955566 0.575928
vt 0.956055 0.594971
vt 0.969727 0.942017
vt 0.968262 0.947510
vt 0.799316 0.713135
vt 0.801270 0.699951
vt 0.821289 0.698242
vt 0.565918 0.790771
vt 0.546875 0.798340
vt 0.559082 0.782715
vt 0.147217 0.629639
vt 0.144165 0.626465
vt 0.147827 0.617432
vt 0.655273 0.778687
vt 0.655273 0.775024
vt 0.657715 0.774780
vt 0.834473 0.450684
vt 0.805176 0.442871
vt 0.821289 0.427246
vt 0.328857 0.253906
vt 0.409912 0.324219
vt 0.413574 0.329590
vt 0.826172 0.050781
vt 0.812988 0.057129
vt 0.813477 0.041016
vt 0.452148 0.627686
vt 0.451416 0.639893
vt 0.890625 0.123535
vt 0.892578 0.121582
vt 0.888672 0.133789
vt 0.345459 0.234375
vt 0.339844 0.229492
vt 0.347168 0.230469
vt 0.715332 0.821411
vt 0.715332 0.818237
vt 0.527344 0.184082
vt 0.613770 0.831665
vt 0.617188 0.838745
vt 0.611816 0.831665
vt 0.049286 0.735840
vt 0.061523 0.727295
vt 0.085205 0.735596
vt 0.372803 0.116211
vt 0.354004 0.107910
vt 0.368896 0.098633
vt 0.861816 0.461914
vt 0.837402 0.487793
vt 0.830078 0.458008
vt 0.772949 0.319824
vt 0.769043 0.350586
vt 0.752930 0.332520
vt 0.816406 0.718018
vt 0.804199 0.718506
vt 0.794434 0.715576
vt 0.263916 0.688965
vt 0.496094 0.200684
vt 0.490967 0.217285
vt 0.411133 0.769653
vt 0.387939 0.771362
vt 0.935547 0.289062
vt 0.936523 0.288086
vt 0.153198 0.607178
vt 0.151733 0.598389
vt 0.161743 0.602539
vt 0.701660 0.109375
vt 0.707031 0.104980
vt 0.449463 0.130859
vt 0.450684 0.118164
vt 0.452637 0.123535
vt 0.536133 0.630859
vt 0.536621 0.627197
vt 0.544922 0.626709
vt 0.291016 0.532471
vt 0.294922 0.525879
vt 0.296875 0.539307
vt 0.394043 0.523438
vt 0.393311 0.514648
vt 0.403320 0.531006
vt 0.542480 0.885010
vt 0.545410 0.879028
vt 0.550293 0.897827
vt 0.628906 0.133301
vt 0.654785 0.140625
vt 0.636719 0.151367
vt 0.511230 0.487305
vt 0.308105 0.735596
vt 0.300781 0.742432
vt 0.311523 0.724854
vt 0.796387 0.603027
vt 0.796875 0.600342
vt 0.803223 0.602783
vt 0.851562 0.662109
vt 0.877930 0.668945
vt 0.874512 0.678223
vt 0.563477 0.958191
vt 0.547852 0.964905
vt 0.544922 0.961273
vt 0.329346 0.271484
vt 0.854492 0.238770
vt 0.870117 0.228516
vt 0.960449 0.275879
vt 0.959473 0.273926
vt 0.259766 0.041016
vt 0.254639 0.049805
vt 0.256104 0.044434
vt 0.411133 0.285645
vt 0.409668 0.286133
vt 0.409668 0.279297
vt 0.411621 0.278320
vt 0.535156 0.260742
vt 0.533691 0.258301
vt 0.603516 0.083496
vt 0.020126 0.673340
vt 0.032898 0.671143
vt 0.725098 0.836182
vt 0.098755 0.294922
vt 0.833496 0.198242
vt 0.838867 0.199707
vt 0.834473 0.200684
vt 0.565918 0.663086
vt 0.563477 0.656006
vt 0.582031 0.663330
vt 0.252686 0.450195
vt 0.250977 0.459961
vt 0.135620 0.107422
vt 0.130737 0.110352
vt 0.967773 0.191895
vt 0.971680 0.198242
vt 0.964844 0.216797
vt 0.917480 0.081543
vt 0.910156 0.101074
vt 0.908203 0.076660
vt 0.147949 0.389160
vt 0.067993 0.283691
vt 0.055908 0.283203
vt 0.071411 0.279785
vt 0.926270 0.628662
vt 0.603516 0.823364
vt 0.261475 0.992390
vt 0.280762 0.990639
vt 0.283936 0.992191
vt 0.954102 0.894897
vt 0.952148 0.888550
vt 0.956055 0.878845
vt 0.850586 0.357910
vt 0.841797 0.340332
vt 0.858398 0.336426
vt 0.702637 0.364746
vt 0.684082 0.369629
vt 0.232178 0.100586
vt 0.239014 0.097168
vt 0.235962 0.105957
vt 0.320312 0.626953
vt 0.312988 0.621094
vt 0.846191 0.797729
vt 0.851562 0.790649
vt 0.847656 0.804443
vt 0.869629 0.264648
vt 0.880371 0.252930
vt 0.881348 0.261230
vt 0.247803 0.857056
vt 0.246826 0.860229
vt 0.752930 0.811890
vt 0.742676 0.806641
vt 0.746582 0.794678
vt 0.667969 0.190918
vt 0.703613 0.181152
vt 0.682617 0.209961
vt 0.582520 0.218262
vt 0.594238 0.211914
vt 0.487061 0.536377
vt 0.486816 0.529541
vt 0.979980 0.565674
vt 0.968750 0.558105
vt 0.292725 0.189453
vt 0.290283 0.208496
vt 0.276855 0.204590
vt 0.645020 0.448242
vt 0.645508 0.454590
vt 0.642090 0.452637
vt 0.126221 0.782593
vt 0.135742 0.789551
vt 0.121948 0.818115
vt 0.939453 0.118652
vt 0.928223 0.118164
vt 0.081299 0.438965
vt 0.827637 0.189453
vt 0.825684 0.176270
vt 0.831055 0.189453
vt 0.913086 0.774414
vt 0.903320 0.776489
vt 0.902832 0.772705
vt 0.939453 0.724854
vt 0.439941 0.592773
vt 0.451172 0.898193
vt 0.444824 0.891785
vt 0.748047 0.586670
vt 0.383789 0.820557
vt 0.377930 0.820068
vt 0.009735 0.536621
vt 0.007175 0.534912
vt 0.009125 0.529297
vt 0.769531 0.382812
vt 0.884766 0.961945
vt 0.893555 0.970749
vt 0.864258 0.971710
vt 0.112305 0.409668
vt 0.126709 0.413086
vt 0.118591 0.416016
vt 0.929688 0.828125
vt 0.932129 0.819214
vt 0.930664 0.829956
vt 0.949219 0.080566
vt 0.940918 0.074707
vt 0.951172 0.063965
vt 0.054779 0.883240
vt 0.057343 0.873901
vt 0.073792 0.898254
vt 0.402588 0.412109
vt 0.405518 0.414551
vt 0.589355 0.960938
vt 0.577637 0.945435
vt 0.577148 0.940857
vt 0.118347 0.983459
vt 0.113403 0.981308
vt 0.117432 0.981247
vt 0.721191 0.806152
vt 0.893066 0.707275
vt 0.911133 0.705811
vt 0.912598 0.711670
vt 0.482910 0.572754
vt 0.484131 0.583008
vt 0.467041 0.579590
vt 0.401123 0.632080
vt 0.402588 0.647461
vt 0.390381 0.651367
vt 0.815430 0.723145
vt 0.807617 0.723145
vt 0.805176 0.721680
vt 0.795898 0.042480
vt 0.793945 0.052246
vt 0.941895 0.110352
vt 0.937988 0.099609
vt 0.950195 0.099609
vt 0.233643 0.281738
vt 0.233032 0.294434
vt 0.969727 0.259277
vt 0.739746 0.931519
vt 0.067017 0.666504
vt 0.068420 0.647949
vt 0.069763 0.652832
vt 0.199585 0.797119
vt 0.186646 0.801514
vt 0.524414 0.265137
vt 0.799316 0.599121
vt 0.971680 0.770386
vt 0.975098 0.779175
vt 0.962891 0.779175
vt 0.517578 0.616455
vt 0.512695 0.609375
vt 0.653320 0.776489
vt 0.658203 0.770264
vt 0.734863 0.206543
vt 0.732422 0.217285
vt 0.839355 0.195801
vt 0.290283 0.074707
vt 0.300293 0.076660
vt 0.291504 0.080566
vt 0.627930 0.257812
vt 0.633789 0.239258
vt 0.634277 0.248535
vt 0.235962 0.323730
vt 0.241089 0.319336
vt 0.242432 0.325195
vt 0.201416 0.409668
vt 0.220703 0.414062
vt 0.481201 0.545166
vt 0.471191 0.538818
vt 0.483643 0.541016
vt 0.688477 0.833862
vt 0.704590 0.822266
vt 0.704102 0.840088
vt 0.394287 0.409180
vt 0.398682 0.416504
vt 0.394043 0.425293
vt 0.603516 0.594482
vt 0.603516 0.595947
vt 0.589844 0.597656
vt 0.878906 0.504395
vt 0.892578 0.498535
vt 0.890137 0.502930
vt 0.762695 0.374023
vt 0.760742 0.369141
vt 0.769043 0.363281
vt 0.760254 0.229492
vt 0.773926 0.231934
vt 0.772949 0.243164
vt 0.182739 0.283203
vt 0.417969 0.637695
vt 0.422852 0.625977
vt 0.427734 0.633057
vt 0.388184 0.114746
vt 0.391846 0.115723
vt 0.382324 0.120117
vt 0.378418 0.119629
vt 0.377686 0.717529
vt 0.378906 0.713867
vt 0.382568 0.715576
vt 0.521973 0.463867
vt 0.407227 0.278809
vt 0.432861 0.551025
vt 0.435791 0.546631
vt 0.436035 0.558838
vt 0.717285 0.035645
vt 0.729980 0.023926
vt 0.716309 0.041992
vt 0.230103 0.598389
vt 0.176758 0.535156
vt 0.171387 0.534424
vt 0.189697 0.532471
vt 0.628906 0.594238
vt 0.638672 0.593994
vt 0.626953 0.596436
vt 0.697266 0.500732
vt 0.690918 0.521484
vt 0.682129 0.506104
vt 0.352783 0.440918
vt 0.357178 0.454590
vt 0.354248 0.454590
vt 0.912109 0.930054
vt 0.916016 0.908325
vt 0.362061 0.247559
vt 0.637207 0.652832
vt 0.617676 0.648682
vt 0.916504 0.714600
vt 0.922363 0.696045
vt 0.009666 0.497070
vt 0.017563 0.516602
vt 0.008949 0.514160
vt 0.326660 0.329102
vt 0.325439 0.320801
vt 0.516602 0.725342
vt 0.518555 0.711914
vt 0.063171 0.293945
vt 0.046753 0.291504
vt 0.053619 0.288086
vt 0.487793 0.526611
vt 0.804688 0.222168
vt 0.833008 0.231445
vt 0.802734 0.236328
vt 0.340576 0.815552
vt 0.319092 0.811523
vt 0.335205 0.799927
vt 0.788574 0.749512
vt 0.836914 0.301758
vt 0.125488 0.875488
vt 0.105042 0.867676
vt 0.106079 0.852417
vt 0.870117 0.244629
vt 0.874512 0.243164
vt 0.877441 0.247559
vt 0.871094 0.249023
vt 0.277588 0.914612
vt 0.284912 0.925171
vt 0.259521 0.763550
vt 0.279541 0.778809
vt 0.406250 0.919189
vt 0.404785 0.927979
vt 0.402100 0.913940
vt 0.625488 0.940399
vt 0.118530 0.761597
vt 0.086426 0.764893
vt 0.088989 0.757935
vt 0.633301 0.780396
vt 0.629395 0.766846
vt 0.645508 0.772217
vt 0.784668 0.063477
vt 0.615723 0.403320
vt 0.629883 0.402832
vt 0.622559 0.407227
vt 0.900391 0.947601
vt 0.895508 0.936523
vt 0.900879 0.931580
vt 0.647461 0.775269
vt 0.650879 0.768311
vt 0.059601 0.248535
vt 0.055359 0.243652
vt 0.058136 0.240723
vt 0.937988 0.742432
vt 0.958984 0.737305
vt 0.939941 0.745605
vt 0.631836 0.942413
vt 0.332275 0.067383
vt 0.346191 0.080566
vt 0.412354 0.069824
vt 0.803223 0.489746
vt 0.787598 0.491699
vt 0.966797 0.579102
vt 0.980957 0.570068
vt 0.989258 0.578613
vt 0.405518 0.309082
vt 0.406250 0.317871
vt 0.172607 0.604736
vt 0.424072 0.342773
vt 0.459473 0.341309
vt 0.804199 0.719482
vt 0.795410 0.718262
vt 0.615723 0.400879
vt 0.627930 0.399902
vt 0.050323 0.213867
vt 0.063721 0.213867
vt 0.071167 0.221680
vt 0.267822 0.314941
vt 0.281738 0.315430
vt 0.005646 0.664551
vt 0.167969 0.532959
vt 0.778320 0.589355
vt 0.779785 0.590332
vt 0.776855 0.594238
vt 0.808594 0.746826
vt 0.816895 0.740723
vt 0.673828 0.438477
vt 0.673340 0.444824
vt 0.605469 0.127930
vt 0.602539 0.111816
vt 0.612793 0.106445
vt 0.610840 0.131836
vt 0.497314 0.621582
vt 0.497803 0.624268
vt 0.445312 0.451172
vt 0.443115 0.445312
vt 0.444092 0.437500
vt 0.352051 0.840820
vt 0.327393 0.823853
vt 0.356934 0.824707
vt 0.774414 0.778320
vt 0.782227 0.776367
vt 0.560547 0.926086
vt 0.564941 0.931519
vt 0.551758 0.938324
vt 0.655762 0.468750
vt 0.651855 0.465820
vt 0.652832 0.460938
vt 0.026978 0.198730
vt 0.025192 0.205566
vt 0.025391 0.199219
vt 0.672363 0.345703
vt 0.669922 0.361328
vt 0.657227 0.357422
vt 0.624512 0.944061
vt 0.125000 0.423828
vt 0.135864 0.429688
vt 0.276611 0.925598
vt 0.998047 0.544434
vt 0.999512 0.547852
vt 0.995605 0.547119
vt 0.705078 0.683838
vt 0.711914 0.679688
vt 0.388428 0.528320
vt 0.388672 0.532715
vt 0.895996 0.622314
vt 0.090942 0.226562
vt 0.086060 0.208008
vt 0.101135 0.214844
vt 0.406494 0.939728
vt 0.141235 0.388184
vt 0.634277 0.180664
vt 0.590820 0.148926
vt 0.626953 0.138184
vt 0.872559 0.303223
vt 0.879883 0.301758
vt 0.871094 0.305664
vt 0.792969 0.718506
vt 0.979492 0.687744
vt 0.977051 0.685547
vt 0.981934 0.683838
vt 0.120605 0.572021
vt 0.120483 0.957306
vt 0.122009 0.955170
vt 0.123230 0.965302
vt 0.624512 0.825195
vt 0.622070 0.831787
vt 0.617188 0.827026
vt 0.021530 0.625977
vt 0.025635 0.623779
vt 0.020386 0.635742
vt 0.863770 0.736572
vt 0.855957 0.740723
vt 0.256592 0.510010
vt 0.256592 0.516113
vt 0.248169 0.517334
vt 0.807129 0.414062
vt 0.819336 0.403809
vt 0.523438 0.780273
vt 0.521973 0.770752
vt 0.533203 0.778198
vt 0.041840 0.983658
vt 0.009888 0.983658
vt 0.022720 0.970535
vt 0.962402 0.917542
vt 0.967773 0.911499
vt 0.970215 0.916565
vt 0.447998 0.614502
vt 0.810059 0.493652
vt 0.800293 0.507812
vt 0.792480 0.495605
vt 0.566895 0.430664
vt 0.566406 0.429199
vt 0.571289 0.432617
vt 0.041656 0.479980
vt 0.038513 0.482422
vt 0.859375 0.442871
vt 0.667969 0.675049
vt 0.686523 0.691162
vt 0.635742 0.870239
vt 0.630371 0.874268
vt 0.626953 0.867188
vt 0.580078 0.971161
vt 0.580566 0.979965
vt 0.075623 0.783691
vt 0.070679 0.780762
vt 0.071045 0.779419
vt 0.093079 0.873413
vt 0.120605 0.895447
vt 0.112915 0.890625
vt 0.266846 0.394531
vt 0.258301 0.407227
vt 0.260254 0.388672
vt 0.315674 0.834473
vt 0.315918 0.831421
vt 0.319580 0.831421
vt 0.723633 0.371094
vt 0.196777 0.820190
vt 0.207764 0.827271
vt 0.195923 0.840820
vt 0.713379 0.668457
vt 0.718750 0.672119
vt 0.266357 0.160156
vt 0.268799 0.157715
vt 0.336914 0.363281
vt 0.328613 0.357422
vt 0.334473 0.355469
vt 0.974609 0.884094
vt 0.973633 0.892273
vt 0.969238 0.888489
vt 0.634766 0.590088
vt 0.643066 0.587891
vt 0.640625 0.591309
vt 0.464355 0.118164
vt 0.459717 0.124512
vt 0.482178 0.392578
vt 0.874023 0.999886
vt 0.873047 0.997650
vt 0.890625 0.997919
vt 0.216064 0.531982
vt 0.226685 0.537354
vt 0.219604 0.543701
vt 0.646484 0.593262
vt 0.646484 0.590332
vt 0.651367 0.582520
vt 0.878906 0.206543
vt 0.854492 0.208008
vt 0.878906 0.205078
vt 0.381836 0.702881
vt 0.382080 0.684570
vt 0.385010 0.702393
vt 0.627441 0.215332
vt 0.834473 0.055176
vt 0.878418 0.055176
vt 0.849121 0.065430
vt 0.531250 0.332520
vt 0.538086 0.325684
vt 0.539062 0.333496
vt 0.430176 0.708740
vt 0.437256 0.696289
vt 0.434082 0.715576
vt 0.930664 0.576904
vt 0.541992 0.064941
vt 0.546875 0.061523
vt 0.095276 0.931091
vt 0.109436 0.926514
vt 0.108276 0.932800
vt 0.424561 0.041016
vt 0.448486 0.032227
vt 0.441162 0.053711
vt 0.822754 0.666748
vt 0.819824 0.684082
vt 0.804199 0.671875
vt 0.546875 0.624268
vt 0.535645 0.622314
vt 0.545410 0.621094
vt 0.571289 0.407715
vt 0.447021 0.555420
vt 0.292236 0.138672
vt 0.286621 0.157715
vt 0.276123 0.145508
vt 0.656738 0.835938
vt 0.654297 0.834106
vt 0.655762 0.831665
vt 0.931641 0.661377
vt 0.104065 0.160156
vt 0.116455 0.158691
vt 0.145020 0.692383
vt 0.150269 0.692871
vt 0.148071 0.701416
vt 0.577148 0.291504
vt 0.579590 0.291504
vt 0.575684 0.320312
vt 0.172852 0.746094
vt 0.147339 0.753662
vt 0.930664 0.834595
vt 0.493408 0.676270
vt 0.499023 0.684326
vt 0.493408 0.687012
vt 0.337158 0.843994
vt 0.338867 0.851074
vt 0.337891 0.895691
vt 0.351562 0.876038
vt 0.350830 0.919006
vt 0.884766 0.586670
vt 0.900391 0.584229
vt 0.904297 0.592773
vt 0.314941 0.234863
vt 0.300293 0.270996
vt 0.296143 0.243652
vt 0.473145 0.590332
vt 0.469482 0.609619
vt 0.674805 0.513428
vt 0.673828 0.514893
vt 0.661133 0.513672
vt 0.409912 0.941742
vt 0.406006 0.936096
vt 0.408936 0.936218
vt 0.195679 0.772949
vt 0.194214 0.750000
vt 0.210693 0.759399
vt 0.733887 0.726807
vt 0.728027 0.730713
vt 0.729492 0.724609
vt 0.788086 0.842651
vt 0.796387 0.837646
vt 0.793457 0.842163
vt 0.286865 0.530029
vt 0.289307 0.534668
vt 0.515137 0.618408
vt 0.510742 0.618164
vt 0.522461 0.012207
vt 0.518066 0.017090
vt 0.512695 0.011230
vt 0.940430 0.814941
vt 0.937012 0.821655
vt 0.880371 0.752686
vt 0.880371 0.754150
vt 0.858398 0.742920
vt 0.139893 0.158203
vt 0.982422 0.603271
vt 0.981934 0.602051
vt 0.982422 0.602051
vt 0.856445 0.724609
vt 0.858398 0.697266
vt 0.860352 0.696777
vt 0.283447 0.250488
vt 0.277344 0.252441
vt 0.116821 0.421875
vt 0.117310 0.426758
vt 0.755859 0.849365
vt 0.769043 0.839111
vt 0.766113 0.845215
vt 0.218750 0.938751
vt 0.214966 0.926697
vt 0.226562 0.926697
vt 0.595215 0.332520
vt 0.609863 0.343262
vt 0.589355 0.340820
vt 0.755859 0.815796
vt 0.736816 0.156250
vt 0.989258 0.754272
vt 0.971191 0.755859
vt 0.353027 0.268066
vt 0.351074 0.256348
vt 0.371094 0.256348
vt 0.314697 0.726318
vt 0.316895 0.718750
vt 0.356445 0.693115
vt 0.351807 0.674805
vt 0.360352 0.681885
vt 0.654785 0.784424
vt 0.657227 0.779175
vt 0.803223 0.609131
vt 0.794922 0.613525
vt 0.801270 0.606201
vt 0.647461 0.830200
vt 0.657715 0.848877
vt 0.995605 0.601807
vt 0.997070 0.600342
vt 0.996582 0.601074
vt 0.656250 0.373535
vt 0.666016 0.376465
vt 0.656250 0.375977
vt 0.028381 0.996702
vt 0.011032 0.997204
vt 0.025757 0.991783
vt 0.026138 0.913574
vt 0.008003 0.906982
vt 0.015160 0.890137
vt 0.727539 0.196777
vt 0.729492 0.210938
vt 0.630859 0.217285
vt 0.627930 0.227051
vt 0.606445 0.479492
vt 0.280518 0.735840
vt 0.720215 0.373535
vt 0.740723 0.376465
vt 0.743164 0.380859
vt 0.233887 0.367676
vt 0.232300 0.359375
vt 0.243286 0.364746
vt 0.114502 0.567627
vt 0.100281 0.564697
vt 0.143066 0.180664
vt 0.155640 0.171875
vt 0.151855 0.193848
vt 0.244995 0.863525
vt 0.249146 0.871948
vt 0.248047 0.877441
vt 0.244263 0.864746
vt 0.004147 0.827881
vt 0.002489 0.828369
vt 0.004807 0.825806
vt 0.899902 0.507080
vt 0.646484 0.967651
vt 0.621582 0.967896
vt 0.629883 0.963104
vt 0.109314 0.626221
vt 0.112793 0.633057
vt 0.108093 0.641113
vt 0.600586 0.516113
vt 0.688477 0.945404
vt 0.704590 0.944733
vt 0.901855 0.536133
vt 0.909668 0.526367
vt 0.917480 0.544678
vt 0.034637 0.275879
vt 0.028107 0.286133
vt 0.006523 0.294434
vt 0.248291 0.500977
vt 0.256592 0.505127
vt 0.251953 0.507324
vt 0.117065 0.035156
vt 0.110596 0.027832
vt 0.121887 0.019043
vt 0.515625 0.620605
vt 0.519531 0.621094
vt 0.375244 0.929260
vt 0.363281 0.921387
vt 0.332520 0.880188
vt 0.299072 0.879944
vt 0.313477 0.864136
vt 0.692871 0.667725
vt 0.700195 0.673096
vt 0.680664 0.666748
vt 0.701172 0.053223
vt 0.723145 0.049805
vt 0.710449 0.066406
vt 0.045166 0.869751
vt 0.223877 0.858154
vt 0.221680 0.853760
vt 0.234375 0.850586
vt 0.433838 0.636963
vt 0.435059 0.641602
vt 0.433350 0.644287
vt 0.987793 0.612305
vt 0.999512 0.609375
vt 0.992188 0.612305
vt 0.413086 0.701904
vt 0.419189 0.721436
vt 0.407471 0.729248
vt 0.957031 0.907837
vt 0.954102 0.907288
vt 0.952637 0.898865
vt 0.499756 0.541260
vt 0.776855 0.849121
vt 0.792480 0.843750
vt 0.775391 0.855713
vt 0.202515 0.328125
vt 0.412598 0.263672
vt 0.410156 0.261230
vt 0.410400 0.253906
vt 0.398193 0.407227
vt 0.000707 0.378418
vt 0.000707 0.370117
vt 0.018005 0.371094
vt 0.991211 0.719971
vt 0.969727 0.719971
vt 0.992188 0.712891
vt 0.140503 0.030762
vt 0.149780 0.036133
vt 0.134644 0.036621
vt 0.338135 0.057617
vt 0.340332 0.055176
vt 0.344727 0.067871
vt 0.424561 0.561035
vt 0.983887 0.845459
vt 0.986816 0.849243
vt 0.971191 0.845093
vt 0.125488 0.684326
vt 0.193359 0.939636
vt 0.194702 0.916687
vt 0.329346 0.316406
vt 0.333252 0.320312
vt 0.331055 0.324219
vt 0.440186 0.545166
vt 0.441650 0.551514
vt 0.439209 0.551758
vt 0.787109 0.839722
vt 0.094177 0.536377
vt 0.095398 0.531982
vt 0.099854 0.534180
vt 0.546875 0.627441
vt 0.402344 0.404785
vt 0.400635 0.404785
vt 0.912109 0.950012
vt 0.459961 0.090332
vt 0.466309 0.095215
vt 0.459717 0.097168
vt 0.459961 0.271484
vt 0.456055 0.270020
vt 0.470947 0.261719
vt 0.089905 0.088379
vt 0.104370 0.094238
vt 0.088379 0.097168
vt 0.527344 0.322266
vt 0.507812 0.318848
vt 0.519531 0.312500
vt 0.330811 0.537842
vt 0.321289 0.531494
vt 0.041504 0.458984
vt 0.041748 0.451660
vt 0.074219 0.437500
vt 0.571289 0.505127
vt 0.548828 0.673096
vt 0.553711 0.716797
vt 0.537598 0.712402
vt 0.898438 0.441406
vt 0.500488 0.628418
vt 0.514160 0.632324
vt 0.617188 0.595215
vt 0.609375 0.597900
vt 0.510254 0.173828
vt 0.511719 0.140137
vt 0.514160 0.160156
vt 0.275635 0.304688
vt 0.560059 0.306152
vt 0.558594 0.320801
vt 0.540039 0.315918
vt 0.222656 0.495117
vt 0.207520 0.498535
vt 0.710449 0.380859
vt 0.710938 0.395996
vt 0.985840 0.713379
vt 0.672852 0.808716
vt 0.539551 0.298828
vt 0.525391 0.302734
vt 0.811523 0.818115
vt 0.807129 0.810425
vt 0.814941 0.817993
vt 0.547363 0.351074
vt 0.552246 0.347168
vt 0.558594 0.352539
vt 0.913086 0.777344
vt 0.603516 0.590576
vt 0.591309 0.592773
vt 0.591309 0.590088
vt 0.080200 0.671387
vt 0.082642 0.651855
vt 0.091248 0.650879
vt 0.342285 0.868408
vt 0.345215 0.866577
vt 0.343994 0.874878
vt 0.724609 0.075684
vt 0.977539 0.996729
vt 0.989746 0.992210
vt 0.988281 0.995247
vt 0.255127 0.376953
vt 0.253906 0.372559
vt 0.262939 0.370605
vt 0.473877 0.392090
vt 0.548828 0.510254
vt 0.552246 0.516357
vt 0.119263 0.965698
vt 0.121826 0.965759
vt 0.121521 0.972015
vt 0.944824 0.402344
vt 0.952148 0.409180
vt 0.951660 0.415527
vt 0.950195 0.430176
vt 0.595215 0.458984
vt 0.610352 0.452637
vt 0.960938 0.452637
vt 0.423584 0.716553
vt 0.428223 0.714111
vt 0.427979 0.721191
vt 0.158447 0.693115
vt 0.158325 0.697021
vt 0.352051 0.732178
vt 0.355713 0.728271
vt 0.883789 0.720703
vt 0.885254 0.727051
vt 0.864746 0.718506
vt 0.933594 0.071289
vt 0.929199 0.067871
vt 0.935547 0.071289
vt 0.771973 0.452637
vt 0.758301 0.454102
vt 0.762695 0.449219
vt 0.501465 0.871582
vt 0.967773 0.603271
vt 0.966797 0.605225
vt 0.959961 0.603271
vt 0.141479 0.375977
vt 0.147461 0.375000
vt 0.267090 0.153320
vt 0.046112 0.436035
vt 0.042297 0.438965
vt 0.042664 0.435059
vt 0.995117 0.607178
vt 0.993652 0.603516
vt 0.019135 0.488281
vt 0.017975 0.491699
vt 0.009712 0.488770
vt 0.598633 0.663574
vt 0.367676 0.488281
vt 0.374268 0.486328
vt 0.373535 0.500244
vt 0.531250 0.794922
vt 0.527344 0.805908
vt 0.400879 0.410156
vt 0.623047 0.840332
vt 0.924316 0.738770
vt 0.718750 0.076660
vt 0.701172 0.071777
vt 0.696777 0.060547
vt 0.110596 0.946777
vt 0.116272 0.940002
vt 0.466064 0.388184
vt 0.466064 0.395020
vt 0.884277 0.407227
vt 0.511719 0.241211
vt 0.496338 0.218262
vt 0.513672 0.226074
vt 0.688477 0.302734
vt 0.688965 0.284668
vt 0.707031 0.284180
vt 0.974121 0.608887
vt 0.780273 0.925476
vt 0.072083 0.285645
vt 0.765625 0.523926
vt 0.755859 0.519287
vt 0.489990 0.536133
vt 0.487305 0.543945
vt 0.948730 0.365234
vt 0.368408 0.389648
vt 0.369629 0.387207
vt 0.372803 0.396484
vt 0.244019 0.792114
vt 0.378174 0.759644
vt 0.359619 0.741943
vt 0.894531 0.775391
vt 0.485596 0.291992
vt 0.480957 0.282715
vt 0.479980 0.277344
vt 0.763672 0.799683
vt 0.991699 0.806519
vt 0.996582 0.811035
vt 0.980469 0.813843
vt 0.173462 0.298340
vt 0.171753 0.318848
vt 0.332764 0.276367
vt 0.331055 0.277344
vt 0.331299 0.266113
vt 0.062805 0.633301
vt 0.038574 0.628906
vt 0.055725 0.621094
vt 0.000664 0.066895
vt 0.014610 0.066406
vt 0.000896 0.068359
vt 0.624023 0.931824
vt 0.647461 0.531494
vt 0.365723 0.909790
vt 0.355469 0.905945
vt 0.047607 0.197754
vt 0.046600 0.202637
vt 0.041687 0.188965
vt 0.070923 0.675293
vt 0.072388 0.654053
vt 0.111145 0.562988
vt 0.117798 0.540527
vt 0.113281 0.563232
vt 0.425049 0.692383
vt 0.421875 0.705078
vt 0.263184 0.626953
vt 0.253906 0.646240
vt 0.234619 0.628906
vt 0.654297 0.456055
vt 0.948242 0.947784
vt 0.598633 0.746582
vt 0.613281 0.729248
vt 0.615234 0.751587
vt 0.464844 0.872437
vt 0.461670 0.875000
vt 0.456299 0.868164
vt 0.334961 0.273438
vt 0.335205 0.264160
vt 0.026154 0.301270
vt 0.011513 0.305176
vt 0.597656 0.910095
vt 0.596680 0.915833
vt 0.874512 0.619385
vt 0.906250 0.607910
vt 0.185791 0.759033
vt 0.454834 0.125000
vt 0.452881 0.127930
vt 0.341309 0.366211
vt 0.020035 0.257324
vt 0.002071 0.257324
vt 0.757812 0.447754
vt 0.750000 0.440430
vt 0.769043 0.443359
vt 0.730957 0.098633
vt 0.732910 0.092285
vt 0.833984 0.401367
vt 0.835449 0.391602
vt 0.012032 0.783081
vt 0.012482 0.783936
vt 0.253174 0.366699
vt 0.522949 0.519287
vt 0.439941 0.826538
vt 0.431641 0.835327
vt 0.428955 0.833008
vt 0.931641 0.210938
vt 0.259033 0.619141
vt 0.240356 0.620850
vt 0.229614 0.020996
vt 0.242554 0.002930
vt 0.248779 0.021484
vt 0.897461 0.915955
vt 0.886230 0.923401
vt 0.811523 0.484863
vt 0.134155 0.164551
vt 0.838867 0.183594
vt 0.056610 0.266113
vt 0.063171 0.267090
vt 0.042206 0.272461
vt 0.992188 0.584473
vt 0.996094 0.597656
vt 0.598633 0.351074
vt 0.002386 0.102051
vt 0.010231 0.109863
vt 0.002575 0.112793
vt 0.577637 0.875549
vt 0.584961 0.886658
vt 0.572266 0.892273
vt 0.370117 0.398438
vt 0.415283 0.408203
vt 0.426758 0.415527
vt 0.414307 0.424805
vt 0.038483 0.006836
vt 0.065063 0.006836
vt 0.067932 0.022949
vt 0.387207 0.507812
vt 0.703613 0.201660
vt 0.716309 0.179199
vt 0.709473 0.202637
vt 0.051788 0.844360
vt 0.560059 0.656250
vt 0.035583 0.249023
vt 0.762207 0.855835
vt 0.771973 0.849609
vt 0.761230 0.858032
vt 0.311279 0.656982
vt 0.234741 0.859375
vt 0.233521 0.856079
vt 0.268311 0.140625
vt 0.262695 0.132812
vt 0.097595 0.107910
vt 0.106323 0.116211
vt 0.090149 0.118652
vt 0.941895 0.847168
vt 0.949219 0.860718
vt 0.945312 0.860596
vt 0.939453 0.851807
vt 0.802734 0.982574
vt 0.770996 0.973480
vt 0.785156 0.968658
vt 0.926270 0.532471
vt 0.916016 0.520264
vt 0.930176 0.528564
vt 0.507812 0.380859
vt 0.512207 0.386230
vt 0.347168 0.458496
vt 0.347900 0.441895
vt 0.755371 0.614014
vt 0.748047 0.608154
vt 0.454834 0.578369
vt 0.208496 0.732910
vt 0.205811 0.727783
vt 0.219238 0.731201
vt 0.887207 0.396484
vt 0.900879 0.401367
vt 0.906250 0.340820
vt 0.902344 0.323242
vt 0.919434 0.323730
vt 0.552246 0.495117
vt 0.554688 0.491211
vt 0.350098 0.606934
vt 0.348877 0.601807
vt 0.362061 0.601074
vt 0.007530 0.204102
vt 0.009758 0.204590
vt 0.005020 0.204590
vt 0.910645 0.779297
vt 0.903809 0.778442
vt 0.901855 0.777344
vt 0.753418 0.544922
vt 0.726074 0.533691
vt 0.282227 0.517822
vt 0.275391 0.511719
vt 0.519531 0.617920
vt 0.704102 0.276855
vt 0.187012 0.529541
vt 0.188843 0.531006
vt 0.800781 0.928406
vt 0.803711 0.925476
vt 0.812012 0.933594
vt 0.238403 0.093262
vt 0.244385 0.093262
vt 0.436279 0.823120
vt 0.430420 0.815063
vt 0.437500 0.821289
vt 0.741699 0.258301
vt 0.726562 0.248047
vt 0.747559 0.248535
vt 0.316406 0.642334
vt 0.332031 0.638672
vt 0.322754 0.646973
vt 0.501953 0.741943
vt 0.031342 0.105957
vt 0.031204 0.099609
vt 0.057922 0.091309
vt 0.174438 0.356934
vt 0.172607 0.351562
vt 0.179688 0.344238
vt 0.280273 0.064453
vt 0.286865 0.059082
vt 0.303711 0.062012
vt 0.481934 0.968506
vt 0.481445 0.975922
vt 0.473145 0.970978
vt 0.254395 0.384766
vt 0.249023 0.379883
vt 0.689941 0.689941
vt 0.677734 0.672363
vt 0.527344 0.595703
vt 0.274658 0.081543
vt 0.268311 0.084961
vt 0.205933 0.059570
vt 0.470947 0.531006
vt 0.479004 0.522705
vt 0.735840 0.131348
vt 0.724609 0.129883
vt 0.725586 0.124023
vt 0.656250 0.827393
vt 0.552734 0.237305
vt 0.723633 0.775146
vt 0.174438 0.346680
vt 0.176392 0.342285
vt 0.179443 0.342773
vt 0.363770 0.707275
vt 0.361084 0.702637
vt 0.363770 0.702148
vt 0.067993 0.793335
vt 0.068420 0.791260
vt 0.901855 0.207520
vt 0.914551 0.204590
vt 0.904785 0.225586
vt 0.933594 0.197754
vt 0.941406 0.185547
vt 0.261719 0.486816
vt 0.253418 0.494629
vt 0.833008 0.904297
vt 0.913574 0.562988
vt 0.896484 0.557129
vt 0.831055 0.376465
vt 0.622559 0.216797
vt 0.156494 0.254883
vt 0.542480 0.338379
vt 0.551758 0.324219
vt 0.549316 0.336914
vt 0.447266 0.601074
vt 0.044769 0.834839
vt 0.043549 0.826294
vt 0.052460 0.841064
vt 0.352539 0.480469
vt 0.348389 0.469238
vt 0.357422 0.473145
vt 0.361328 0.488281
vt 0.625488 0.520508
vt 0.609863 0.520020
vt 0.634766 0.514893
vt 0.244385 0.684082
vt 0.243530 0.682861
vt 0.244995 0.681885
vt 0.260742 0.480957
vt 0.256348 0.482422
vt 0.938477 0.994724
vt 0.955078 0.995770
vt 0.940430 0.997627
vt 0.643066 0.205078
vt 0.637207 0.710693
vt 0.624023 0.691406
vt 0.640137 0.694824
vt 0.012299 0.773071
vt 0.004379 0.773682
vt 0.929199 0.136230
vt 0.931152 0.142578
vt 0.932617 0.150879
vt 0.931641 0.153809
vt 0.070190 0.782227
vt 0.248779 0.046875
vt 0.236450 0.042480
vt 0.247314 0.025879
vt 0.386475 0.407715
vt 0.388428 0.432129
vt 0.568848 0.725342
vt 0.571289 0.705811
vt 0.586914 0.716797
vt 0.642578 0.102539
vt 0.838867 0.892639
vt 0.414307 0.353027
vt 0.413818 0.355957
vt 0.408203 0.347656
vt 0.088684 0.968475
vt 0.082825 0.979004
vt 0.239502 0.677734
vt 0.242798 0.677002
vt 0.243774 0.680420
vt 0.100647 0.527832
vt 0.099548 0.524170
vt 0.151245 0.546143
vt 0.156982 0.364746
vt 0.153809 0.364258
vt 0.166870 0.352051
vt 0.885742 0.528564
vt 0.897461 0.529297
vt 0.899414 0.531250
vt 0.891113 0.776611
vt 0.891113 0.777466
vt 0.202393 0.278809
vt 0.183838 0.264160
vt 0.232544 0.990143
vt 0.254639 0.989815
vt 0.257080 0.991600
vt 0.462646 0.497559
vt 0.461914 0.494141
vt 0.463379 0.486816
vt 0.831543 0.903015
vt 0.831543 0.905640
vt 0.641602 0.790894
vt 0.642578 0.782593
vt 0.644043 0.785767
vt 0.977539 0.248535
vt 0.974609 0.250488
vt 0.973145 0.239746
vt 0.657715 0.465820
vt 0.129272 0.219727
vt 0.134766 0.230469
vt 0.004417 0.831909
vt 0.002964 0.832764
vt 0.001690 0.831543
vt 0.564941 0.404785
vt 0.814941 0.616943
vt 0.815918 0.612305
vt 0.103333 0.631836
vt 0.183228 0.247070
vt 0.500977 0.686768
vt 0.053009 0.917297
vt 0.999023 0.139648
vt 0.993164 0.131836
vt 0.999512 0.120117
vt 0.297852 0.515381
vt 0.618164 0.396484
vt 0.341797 0.848511
vt 0.342041 0.851929
vt 0.649414 0.528320
vt 0.656250 0.535400
vt 0.337402 0.331543
vt 0.338867 0.336914
vt 0.594238 0.806885
vt 0.583984 0.814575
vt 0.587402 0.800903
vt 0.415283 0.256348
vt 0.418701 0.252930
vt 0.144653 0.857666
vt 0.140991 0.829102
vt 0.336426 0.367676
vt 0.336914 0.365723
vt 0.338379 0.365723
vt 0.422852 0.730957
vt 0.424316 0.726074
vt 0.435059 0.727539
vt 0.404297 0.422363
vt 0.405029 0.428711
vt 0.721680 0.799194
vt 0.220337 0.261230
vt 0.211792 0.257324
vt 0.231812 0.246582
vt 0.595703 0.645264
vt 0.936523 0.478516
vt 0.917969 0.479492
vt 0.933105 0.470215
vt 0.987305 0.602051
vt 0.788086 0.575684
vt 0.786133 0.582031
vt 0.777344 0.585205
vt 0.619141 0.839966
vt 0.421875 0.058594
vt 0.602051 0.810303
vt 0.614746 0.808472
vt 0.604980 0.814209
vt 0.453369 0.086914
vt 0.465332 0.081543
vt 0.933105 0.759033
vt 0.936523 0.760742
vt 0.930176 0.774536
vt 0.052551 0.263672
vt 0.042023 0.269531
vt 0.038177 0.268066
vt 0.916504 0.982132
vt 0.883301 0.983231
vt 0.470703 0.647949
vt 0.484619 0.635742
vt 0.489014 0.651855
vt 0.690918 0.544922
vt 0.670410 0.581055
vt 0.444092 0.573242
vt 0.441650 0.562500
vt 0.091797 0.022949
vt 0.069519 0.017090
vt 0.098999 0.015625
vt 0.541504 0.231445
vt 0.471191 0.490723
vt 0.467041 0.491211
vt 0.468994 0.485840
vt 0.670898 0.958282
vt 0.672363 0.948944
vt 0.673340 0.970505
vt 0.403076 0.927246
vt 0.856445 0.804810
vt 0.858398 0.814209
vt 0.179565 0.484863
vt 0.173706 0.484863
vt 0.162109 0.477051
vt 0.494629 0.916443
vt 0.534668 0.916443
vt 0.514160 0.948608
vt 0.932617 0.673584
vt 0.788574 0.862793
vt 0.987305 0.630127
vt 0.987793 0.618652
vt 0.993164 0.633301
vt 0.943359 0.756226
vt 0.933594 0.771362
vt 0.771973 0.704834
vt 0.524414 0.531250
vt 0.523438 0.531006
vt 0.927246 0.901733
vt 0.920410 0.893677
vt 0.536621 0.781250
vt 0.519043 0.783936
vt 0.430908 0.633057
vt 0.431152 0.642822
vt 0.427002 0.642334
vt 0.723633 0.090332
vt 0.890625 0.772217
vt 0.889160 0.775146
vt 0.172729 0.969757
vt 0.184570 0.943970
vt 0.181519 0.957703
vt 0.119019 0.958130
vt 0.450439 0.604736
vt 0.061676 0.535645
vt 0.059448 0.519043
vt 0.062866 0.531250
vt 0.969238 0.076172
vt 0.969727 0.100586
vt 0.616699 0.824585
vt 0.101196 0.627930
vt 0.911133 0.232910
vt 0.906250 0.230469
vt 0.003468 0.479492
vt 0.001723 0.476074
vt 0.017014 0.480469
vt 0.284912 0.547607
vt 0.279297 0.555908
vt 0.105225 0.007324
vt 0.096924 0.013184
vt 0.075562 0.006836
vt 0.687500 0.764404
vt 0.704102 0.767334
vt 0.676758 0.767090
vt 0.751953 0.162109
vt 0.749512 0.168945
vt 0.746582 0.160645
vt 0.127319 0.401855
vt 0.141113 0.406738
vt 0.872559 0.104492
vt 0.876953 0.112793
vt 0.863281 0.122070
vt 0.920410 0.661865
vt 0.911621 0.651367
vt 0.665039 0.238770
vt 0.668945 0.248535
vt 0.667969 0.255371
vt 0.678223 0.668213
vt 0.963867 0.272461
vt 0.963379 0.274414
vt 0.562500 0.467773
vt 0.586426 0.473145
vt 0.579590 0.481445
vt 0.569824 0.778809
vt 0.373535 0.107910
vt 0.407471 0.108398
vt 0.617676 0.121582
vt 0.095215 0.542480
vt 0.111755 0.981598
vt 0.113037 0.980408
vt 0.671875 0.288086
vt 0.668945 0.279785
vt 0.673340 0.281738
vt 0.441650 0.575195
vt 0.649902 0.452637
vt 0.396729 0.931885
vt 0.398193 0.931213
vt 0.361328 0.598145
vt 0.368652 0.587646
vt 0.373779 0.596436
vt 0.286621 0.479492
vt 0.275879 0.478027
vt 0.282227 0.471191
vt 0.628906 0.663574
vt 0.033020 0.354980
vt 0.025635 0.330078
vt 0.033112 0.338867
vt 0.435303 0.924438
vt 0.805176 0.327148
vt 0.263916 0.506592
vt 0.770508 0.449219
vt 0.558594 0.580078
vt 0.556152 0.557373
vt 0.861328 0.717041
vt 0.863281 0.697021
vt 0.532227 0.629883
vt 0.805664 0.877991
vt 0.808594 0.889160
vt 0.791504 0.885315
vt 0.979004 0.605469
vt 0.968262 0.601318
vt 0.979492 0.602783
vt 0.244873 0.685791
vt 0.239746 0.684570
vt 0.433594 0.666016
vt 0.797363 0.336426
vt 0.798828 0.333984
vt 0.010834 0.614258
vt 0.031097 0.604004
vt 0.023727 0.621582
vt 0.797852 0.822754
vt 0.799805 0.810791
vt 0.458984 0.260742
vt 0.425293 0.237793
vt 0.784668 0.157715
vt 0.796387 0.189453
vt 0.367432 0.948364
vt 0.329590 0.947327
vt 0.355957 0.940002
vt 0.383789 0.937134
vt 0.389404 0.928772
vt 0.393066 0.940887
vt 0.049561 0.022949
vt 0.031830 0.024414
vt 0.038818 0.014648
vt 0.016129 0.301758
vt 0.937988 0.894043
vt 0.937012 0.894714
vt 0.926758 0.889465
vt 0.173096 0.830444
vt 0.173584 0.822632
vt 0.192505 0.821533
vt 0.263184 0.379883
vt 0.093384 0.580078
vt 0.095154 0.582031
vt 0.082947 0.583252
vt 0.336914 0.325684
vt 0.338867 0.322754
vt 0.088135 0.643555
vt 0.078979 0.636719
vt 0.086975 0.621338
vt 0.111023 0.754639
vt 0.092102 0.752441
vt 0.098816 0.745605
vt 0.590332 0.594727
vt 0.584473 0.604004
vt 0.163940 0.812622
vt 0.142944 0.819336
vt 0.145508 0.791260
vt 0.017960 0.921875
vt 0.012535 0.919739
vt 0.019653 0.914734
vt 0.021820 0.919434
vt 0.483398 0.860596
vt 0.160767 0.293945
vt 0.022858 0.020020
vt 0.104065 0.178711
vt 0.119934 0.177734
vt 0.127075 0.188477
vt 0.162354 0.146973
vt 0.163818 0.153809
vt 0.158203 0.149902
vt 0.422119 0.648926
vt 0.892578 0.867432
vt 0.871582 0.884521
vt 0.884277 0.866943
vt 0.485596 0.395508
vt 0.902832 0.231934
vt 0.692383 0.616699
vt 0.705566 0.626709
vt 0.700684 0.640869
vt 0.353271 0.913452
vt 0.233643 0.267090
vt 0.230713 0.252930
vt 0.224976 0.022949
vt 0.926270 0.573242
vt 0.378662 0.289551
vt 0.050751 0.607910
vt 0.650391 0.656982
vt 0.645996 0.636475
vt 0.659668 0.624512
vt 0.829590 0.208984
vt 0.821777 0.217285
vt 0.817383 0.211914
vt 0.605469 0.481934
vt 0.598145 0.479004
vt 0.650879 0.695068
vt 0.044769 0.441406
vt 0.596680 0.613770
vt 0.219482 0.604248
vt 0.187866 0.598633
vt 0.214966 0.574951
vt 0.959961 0.604736
vt 0.439209 0.657227
vt 0.440918 0.655762
vt 0.437744 0.662842
vt 0.391602 0.141602
vt 0.407715 0.137695
vt 0.399170 0.154297
vt 0.936035 0.054688
vt 0.932129 0.049316
vt 0.936035 0.048828
vt 0.308350 0.642578
vt 0.296387 0.647705
vt 0.302246 0.642334
vt 0.013695 0.760620
vt 0.012817 0.762451
vt 0.000595 0.760620
vt 0.275635 0.072266
vt 0.285645 0.070801
vt 0.274170 0.076660
vt 0.954102 0.565918
vt 0.964355 0.556396
vt 0.351562 0.571533
vt 0.355225 0.574463
vt 0.689453 0.348633
vt 0.217773 0.846313
vt 0.209961 0.843506
vt 0.216553 0.838867
vt 0.767090 0.955444
vt 0.761230 0.957489
vt 0.761230 0.955566
vt 0.578613 0.489258
vt 0.617676 0.421387
vt 0.602539 0.420410
vt 0.947266 0.190430
vt 0.941895 0.208496
vt 0.872070 0.877197
vt 0.882324 0.866943
vt 0.153076 0.917847
vt 0.165039 0.919434
vt 0.167480 0.942749
vt 0.277832 0.722412
vt 0.281006 0.725586
vt 0.230469 0.080078
vt 0.238647 0.075195
vt 0.086487 0.939453
vt 0.076721 0.935608
vt 0.087402 0.937500
vt 0.762695 0.585205
vt 0.755371 0.585205
vt 0.756836 0.581299
vt 0.407227 0.256836
vt 0.404541 0.257324
vt 0.406006 0.254395
vt 0.907227 0.140137
vt 0.913086 0.140625
vt 0.919434 0.165527
vt 0.938477 0.572266
vt 0.941406 0.588623
vt 0.449219 0.449219
vt 0.363037 0.244141
vt 0.955078 0.163086
vt 0.288086 0.737549
vt 0.291992 0.744629
vt 0.050049 0.489746
vt 0.050995 0.472656
vt 0.052155 0.487305
vt 0.657227 0.643799
vt 0.679688 0.637451
vt 0.996582 0.541016
vt 0.992676 0.544434
vt 0.988770 0.545654
vt 0.340088 0.857178
vt 0.158813 0.111328
vt 0.149170 0.113281
vt 0.149902 0.106445
vt 0.277100 0.174316
vt 0.287109 0.172363
vt 0.281006 0.186035
vt 0.136963 0.693604
vt 0.387207 0.519775
vt 0.385986 0.524170
vt 0.383545 0.521729
vt 0.434326 0.932800
vt 0.414551 0.941376
vt 0.408691 0.932556
vt 0.635742 0.598145
vt 0.646973 0.594482
vt 0.847656 0.765869
vt 0.850586 0.752563
vt 0.884277 0.728027
vt 0.872070 0.725342
vt 0.324219 0.721924
vt 0.320801 0.728027
vt 0.008499 0.830566
vt 0.007545 0.832642
vt 0.271484 0.567139
vt 0.068848 0.211426
vt 0.051575 0.201172
vt 0.060486 0.202148
vt 0.232666 0.225586
vt 0.260010 0.198242
vt 0.258301 0.250977
vt 0.433105 0.793579
vt 0.433105 0.791016
vt 0.440674 0.794434
vt 0.107971 0.606445
vt 0.110962 0.611816
vt 0.129761 0.609863
vt 0.214600 0.322266
vt 0.222168 0.320312
vt 0.221436 0.322266
vt 0.445068 0.573730
vt 0.343994 0.340820
vt 0.617676 0.412598
vt 0.622070 0.410645
vt 0.534180 0.271973
vt 0.537109 0.284180
vt 0.744629 0.970596
vt 0.741699 0.972778
vt 0.731445 0.958801
vt 0.182007 0.438477
vt 0.182007 0.418457
vt 0.190918 0.439453
vt 0.853027 0.987381
vt 0.875488 0.987381
vt 0.850098 0.989410
vt 0.982422 0.376465
vt 0.958008 0.368652
vt 0.982422 0.347168
vt 0.632324 0.661865
vt 0.517578 0.779053
vt 0.515625 0.770508
vt 0.979980 0.240723
vt 0.979492 0.249023
vt 0.976562 0.235840
vt 0.934082 0.782471
vt 0.936035 0.774048
vt 0.557129 0.164551
vt 0.531250 0.146973
vt 0.557129 0.135742
vt 0.842773 0.797852
vt 0.842285 0.804443
vt 0.992188 0.545654
vt 0.958984 0.062012
vt 0.938965 0.060059
vt 0.952148 0.051270
vt 0.187744 0.699219
vt 0.614746 0.970764
vt 0.619629 0.975510
vt 0.619141 0.976730
vt 0.861328 0.729736
vt 0.864258 0.732910
vt 0.310303 0.893921
vt 0.304932 0.908081
vt 0.033600 0.640625
vt 0.770508 0.836426
vt 0.768555 0.825684
vt 0.671875 0.070801
vt 0.440674 0.708496
vt 0.181030 0.361816
vt 0.183350 0.366699
vt 0.164917 0.363281
vt 0.223877 0.550781
vt 0.711426 0.111816
vt 0.774414 0.077637
vt 0.758789 0.075195
vt 0.721680 0.201172
vt 0.724609 0.189453
vt 0.149658 0.121582
vt 0.154663 0.115723
vt 0.895996 0.309570
vt 0.912598 0.290039
vt 0.918457 0.303711
vt 0.321289 0.548096
vt 0.325684 0.553223
vt 0.987793 0.175293
vt 0.987793 0.157715
vt 0.999512 0.167969
vt 0.953125 0.018066
vt 0.405273 0.472168
vt 0.214966 0.861450
vt 0.210938 0.862061
vt 0.215332 0.855347
vt 0.630371 0.674805
vt 0.354492 0.233887
vt 0.643066 0.062500
vt 0.646973 0.032715
vt 0.650391 0.059082
vt 0.876465 0.208496
vt 0.879395 0.211426
vt 0.762207 0.569092
vt 0.207520 0.854126
vt 0.888184 0.779785
vt 0.761719 0.142090
vt 0.753906 0.140625
vt 0.079773 0.541260
vt 0.082520 0.498535
vt 0.083191 0.535400
vt 0.713379 0.778076
vt 0.707520 0.782959
vt 0.712402 0.772583
vt 0.395996 0.182617
vt 0.397217 0.187500
vt 0.377930 0.179688
vt 0.871582 0.446289
vt 0.874023 0.437012
vt 0.877930 0.447754
vt 0.969238 0.250000
vt 0.969238 0.238281
vt 0.045868 0.484863
vt 0.046387 0.501221
vt 0.122192 0.338867
vt 0.208008 0.061035
vt 0.041260 0.838501
vt 0.037537 0.847290
vt 0.302490 0.514404
vt 0.332031 0.518311
vt 0.936523 0.577148
vt 0.927734 0.604004
vt 0.531738 0.523193
vt 0.530273 0.515869
vt 0.934570 0.058105
vt 0.374512 0.711670
vt 0.370361 0.701416
vt 0.372070 0.703125
vt 0.485107 0.689209
vt 0.482178 0.705322
vt 0.470947 0.698242
vt 0.118103 0.112793
vt 0.111389 0.103516
vt 0.816406 0.401855
vt 0.812500 0.402832
vt 0.340088 0.436523
vt 0.150024 0.034668
vt 0.150024 0.033691
vt 0.151978 0.035156
vt 0.943359 0.452148
vt 0.940918 0.453613
vt 0.948242 0.340332
vt 0.892578 0.807739
vt 0.921875 0.801147
vt 0.610352 0.914978
vt 0.202148 0.073730
vt 0.211548 0.078125
vt 0.202393 0.083496
vt 0.068909 0.780029
vt 0.109314 0.070801
vt 0.084595 0.088379
vt 0.078247 0.055176
vt 0.755859 0.115234
vt 0.746094 0.105957
vt 0.768555 0.849365
vt 0.778809 0.842651
vt 0.725098 0.167480
vt 0.725098 0.152344
vt 0.498047 0.679688
vt 0.499756 0.682861
vt 0.098206 0.545410
vt 0.104919 0.528076
vt 0.114685 0.534912
vt 0.452393 0.131348
vt 0.453125 0.134766
vt 0.697754 0.109375
vt 0.699707 0.110352
vt 0.698242 0.110840
vt 0.020615 0.006348
vt 0.013954 0.008301
vt 0.599121 0.903564
vt 0.924316 0.336914
vt 0.923828 0.295898
vt 0.935547 0.302246
vt 0.786621 0.586182
vt 0.797363 0.586914
vt 0.795410 0.588623
vt 0.385498 0.035156
vt 0.361572 0.062988
vt 0.743652 0.020508
vt 0.518066 0.162598
vt 0.388428 0.540039
vt 0.390381 0.541260
vt 0.259521 0.139160
vt 0.261963 0.140137
vt 0.491943 0.988953
vt 0.483398 0.962769
vt 0.505371 0.962921
vt 0.706055 0.412598
vt 0.714844 0.415527
vt 0.112671 0.200684
vt 0.105164 0.198242
vt 0.116699 0.194336
vt 0.486328 0.208984
vt 0.481445 0.205566
vt 0.314453 0.834961
vt 0.317627 0.836426
vt 0.824219 0.745850
vt 0.489990 0.617920
vt 0.781250 0.308594
vt 0.756348 0.318848
vt 0.770508 0.294434
vt 0.756348 0.988861
vt 0.750000 0.987617
vt 0.749512 0.972427
vt 0.007507 0.078613
vt 0.000566 0.076172
vt 0.011253 0.072266
vt 0.502441 0.695557
vt 0.654297 0.470215
vt 0.652344 0.474609
vt 0.112000 0.516113
vt 0.112305 0.482422
vt 0.113525 0.499023
vt 0.656250 0.868530
vt 0.841309 0.131836
vt 0.850098 0.122559
vt 0.865723 0.131348
vt 0.883789 0.584473
vt 0.875977 0.576660
vt 0.881836 0.580078
vt 0.497314 0.195312
vt 0.507324 0.175781
vt 0.526367 0.128906
vt 0.530762 0.130371
vt 0.518066 0.135742
vt 0.515137 0.130859
vt 0.701172 0.132324
vt 0.709961 0.117676
vt 0.725586 0.136230
vt 0.532227 0.206055
vt 0.530273 0.208984
vt 0.643066 0.780273
vt 0.093872 0.942169
vt 0.090210 0.944550
vt 0.079651 0.943420
vt 0.319824 0.316895
vt 0.862305 0.617188
vt 0.851074 0.614014
vt 0.852539 0.612793
vt 0.982910 0.342773
vt 0.999512 0.337402
vt 0.997070 0.357910
vt 0.232544 0.558350
vt 0.254150 0.538086
vt 0.256348 0.554199
vt 0.857422 0.732910
vt 0.142212 0.657959
vt 0.146362 0.664551
vt 0.509277 0.680664
vt 0.505859 0.705322
vt 0.503418 0.684814
vt 0.961426 0.411621
vt 0.970215 0.399902
vt 0.977051 0.415527
vt 0.801270 0.202637
vt 0.594727 0.700439
vt 0.599609 0.706299
vt 0.708984 0.983978
vt 0.717773 0.985863
vt 0.718750 0.989151
vt 0.610840 0.318359
vt 0.613281 0.314941
vt 0.616211 0.324707
vt 0.611328 0.325195
vt 0.552734 0.531982
vt 0.560547 0.543457
vt 0.661621 0.238281
vt 0.653320 0.215820
vt 0.674805 0.208984
vt 0.791992 0.850586
vt 0.800293 0.843506
vt 0.468018 0.208008
vt 0.479980 0.363281
vt 0.476074 0.359375
vt 0.463379 0.337402
vt 0.719727 0.454590
vt 0.020950 0.563965
vt 0.014915 0.565430
vt 0.065613 0.259277
vt 0.339355 0.586426
vt 0.764648 0.701904
vt 0.756348 0.702148
vt 0.753906 0.694824
vt 0.867188 0.432617
vt 0.869141 0.428711
vt 0.869629 0.438477
vt 0.975586 0.149902
vt 0.991211 0.134277
vt 0.992676 0.140625
vt 0.270996 0.389160
vt 0.406738 0.309082
vt 0.271729 0.381348
vt 0.150513 0.140137
vt 0.162598 0.136230
vt 0.157104 0.142578
vt 0.015976 0.278809
vt 0.654297 0.006836
vt 0.277344 0.816284
vt 0.435791 0.660889
vt 0.750488 0.480957
vt 0.141724 0.412109
vt 0.150879 0.397949
vt 0.147705 0.408691
vt 0.707520 0.981323
vt 0.316650 0.630371
vt 0.412354 0.285156
vt 0.312744 0.836426
vt 0.312012 0.840942
vt 0.309814 0.830200
vt 0.311768 0.830200
vt 0.799805 0.138672
vt 0.347412 0.867798
vt 0.870117 0.837646
vt 0.871582 0.798706
vt 0.839355 0.296387
vt 0.532227 0.198242
vt 0.530762 0.190430
vt 0.534668 0.196777
vt 0.305664 0.088379
vt 0.803223 0.728760
vt 0.799316 0.722168
vt 0.363525 0.138672
vt 0.375488 0.128418
vt 0.077576 0.358398
vt 0.005032 0.723389
vt 0.005764 0.717773
vt 0.006927 0.718018
vt 0.082886 0.854858
vt 0.880859 0.213867
vt 0.651855 0.197266
vt 0.651855 0.212402
vt 0.564453 0.969681
vt 0.561035 0.972168
vt 0.550781 0.968842
vt 0.989746 0.750122
vt 0.995605 0.751099
vt 0.997070 0.754028
vt 0.764648 0.848877
vt 0.777832 0.840454
vt 0.818359 0.292969
vt 0.801758 0.284668
vt 0.804199 0.283203
vt 0.819336 0.290527
vt 0.805176 0.211914
vt 0.083984 0.331543
vt 0.088867 0.331055
vt 0.408203 0.196289
vt 0.400635 0.189453
vt 0.399902 0.186035
vt 0.790039 0.997936
vt 0.777344 0.998786
vt 0.771973 0.995052
vt 0.877441 0.509766
vt 0.928711 0.722412
vt 0.930176 0.728516
vt 0.322754 0.561768
vt 0.312012 0.556885
vt 0.653809 0.789307
vt 0.442871 0.884216
vt 0.449707 0.069336
vt 0.469482 0.063965
vt 0.450439 0.071777
vt 0.805176 0.536377
vt 0.780273 0.528809
vt 0.415039 0.290527
vt 0.161987 0.100586
vt 0.109497 0.982956
vt 0.269531 0.928955
vt 0.013977 0.634521
vt 0.008438 0.643555
vt 0.011215 0.635010
vt 0.867188 0.945740
vt 0.864746 0.954620
vt 0.258789 0.133789
vt 0.861328 0.572998
vt 0.847656 0.570557
vt 0.986816 0.065918
vt 0.990723 0.044922
vt 0.991211 0.070801
vt 0.866699 0.253906
vt 0.862305 0.257812
vt 0.314453 0.883728
vt 0.866699 0.502930
vt 0.150635 0.677734
vt 0.148438 0.679932
vt 0.187622 0.705811
vt 0.189453 0.708252
vt 0.632812 0.592285
vt 0.157593 0.369141
vt 0.784668 0.589111
vt 0.779297 0.592285
vt 0.522949 0.197754
vt 0.535156 0.221191
vt 0.574219 0.485352
vt 0.822266 0.286621
vt 0.825195 0.280762
vt 0.117981 0.949707
vt 0.625000 0.711182
vt 0.601562 0.709473
vt 0.609375 0.701416
vt 0.619629 0.219238
vt 0.622070 0.219238
vt 0.246704 0.250488
vt 0.604004 0.592529
vt 0.318604 0.083496
vt 0.321289 0.092285
vt 0.309082 0.081543
vt 0.877930 0.020508
vt 0.869141 0.050293
vt 0.869141 0.031250
vt 0.500488 0.473145
vt 0.493408 0.476074
vt 0.494141 0.469238
vt 0.928223 0.556152
vt 0.936035 0.530518
vt 0.263428 0.560059
vt 0.263916 0.554443
vt 0.212769 0.792969
vt 0.218262 0.806885
vt 0.377441 0.690918
vt 0.598145 0.486816
vt 0.601074 0.483398
vt 0.608398 0.487793
vt 0.742188 0.375488
vt 0.730469 0.362793
vt 0.798340 0.840698
vt 0.619629 0.339355
vt 0.626465 0.352539
vt 0.622559 0.349121
vt 0.740723 0.141602
vt 0.731934 0.135742
vt 0.309082 0.635010
vt 0.159546 0.212402
vt 0.144165 0.202637
vt 0.494385 0.138672
vt 0.505859 0.133789
vt 0.508301 0.138184
vt 0.548828 0.195801
vt 0.547852 0.212402
vt 0.780762 0.252930
vt 0.795898 0.257324
vt 0.774902 0.270996
vt 0.710449 0.771973
vt 0.702637 0.786133
vt 0.712402 0.764893
vt 0.519043 0.151367
vt 0.515137 0.148438
vt 0.517090 0.140137
vt 0.586426 0.410645
vt 0.595703 0.409668
vt 0.828613 0.903870
vt 0.830078 0.905029
vt 0.946289 0.491699
vt 0.953125 0.497559
vt 0.946777 0.495605
vt 0.100586 0.530273
vt 0.098694 0.529541
vt 0.354492 0.793945
vt 0.532715 0.259277
vt 0.532715 0.257324
vt 0.706055 0.377441
vt 0.393066 0.375488
vt 0.391113 0.398926
vt 0.376953 0.381348
vt 0.538574 0.127930
vt 0.536133 0.131348
vt 0.739258 0.269043
vt 0.115723 0.960419
vt 0.114685 0.971237
vt 0.107971 0.969757
vt 0.443359 0.519531
vt 0.374268 0.578613
vt 0.651367 0.025391
vt 0.938965 0.888123
vt 0.940918 0.880005
vt 0.132690 0.812988
vt 0.623535 0.218750
vt 0.448975 0.933105
vt 0.452148 0.956085
vt 0.432617 0.959167
vt 0.508301 0.826416
vt 0.958496 0.951019
vt 0.005543 0.850342
vt 0.002670 0.858032
vt 0.707520 0.826294
vt 0.960449 0.977203
vt 0.936035 0.982193
vt 0.937012 0.971359
vt 0.364502 0.714600
vt 0.345215 0.717285
vt 0.359863 0.709229
vt 0.367920 0.327637
vt 0.348145 0.338379
vt 0.342529 0.846313
vt 0.346680 0.849731
vt 0.343262 0.850464
vt 0.289307 0.946106
vt 0.286133 0.960724
vt 0.283691 0.935974
vt 0.640625 0.431641
vt 0.651855 0.421875
vt 0.058472 0.988373
vt 0.073059 0.988052
vt 0.080750 0.989410
vt 0.261230 0.069824
vt 0.263916 0.074707
vt 0.202271 0.054199
vt 0.198730 0.061523
vt 0.195923 0.061035
vt 0.125122 0.695312
vt 0.134766 0.694092
vt 0.135742 0.697266
vt 0.216797 0.296875
vt 0.219238 0.288574
vt 0.230103 0.287598
vt 0.757324 0.267090
vt 0.955078 0.617188
vt 0.952637 0.620850
vt 0.952637 0.600342
vt 0.913574 0.992580
vt 0.937988 0.990372
vt 0.936035 0.992580
vt 0.533203 0.619385
vt 0.546875 0.614746
vt 0.977539 0.484863
vt 0.305420 0.500244
vt 0.291504 0.489746
vt 0.304688 0.490723
vt 0.372314 0.690430
vt 0.562500 0.319824
vt 0.569336 0.333984
vt 0.250000 0.338867
vt 0.263184 0.338867
vt 0.250488 0.356934
vt 0.712402 0.179688
vt 0.170166 0.099121
vt 0.036011 0.279785
vt 0.621094 0.421875
vt 0.620605 0.420410
vt 0.736816 0.236816
vt 0.392578 0.029785
vt 0.387451 0.008789
vt 0.392578 0.014648
vt 0.563965 0.339355
vt 0.555664 0.339844
vt 0.217163 0.864014
vt 0.325684 0.712402
vt 0.341797 0.723389
vt 0.325439 0.714355
vt 0.435547 0.568848
vt 0.513672 0.586670
vt 0.524902 0.572021
vt 0.765625 0.808105
vt 0.618652 0.982254
vt 0.495117 0.260254
vt 0.479980 0.260742
vt 0.491211 0.255859
vt 0.490967 0.305176
vt 0.494629 0.301270
vt 0.007389 0.723389
vt 0.210938 0.265625
vt 0.183716 0.360352
vt 0.170044 0.361328
vt 0.175537 0.360352
vt 0.775879 0.228027
vt 0.793457 0.237793
vt 0.782227 0.239746
vt 0.245239 0.511963
vt 0.246338 0.522705
vt 0.644043 0.180176
vt 0.638672 0.173340
vt 0.195679 0.738281
vt 0.208740 0.737549
vt 0.271484 0.481934
vt 0.901367 0.229980
vt 0.157837 0.535156
vt 0.258545 0.431641
vt 0.272461 0.436523
vt 0.252930 0.468262
vt 0.981445 0.904724
vt 0.958008 0.897644
vt 0.973145 0.895142
vt 0.781250 0.298828
vt 0.636719 0.981445
vt 0.230835 0.701660
vt 0.246460 0.693115
vt 0.237061 0.721680
vt 0.030212 0.424316
vt 0.414062 0.944885
vt 0.245972 0.458984
vt 0.378418 0.812012
vt 0.382324 0.799438
vt 0.696777 0.579834
vt 0.684082 0.594727
vt 0.677734 0.588623
vt 0.412354 0.270996
vt 0.413818 0.268066
vt 0.415527 0.294922
vt 0.769531 0.483887
vt 0.560547 0.451172
vt 0.565918 0.452637
vt 0.393311 0.803345
vt 0.394043 0.814087
vt 0.196533 0.817505
vt 0.185791 0.816406
vt 0.653809 0.336426
vt 0.590332 0.111816
vt 0.590332 0.123047
vt 0.588379 0.116699
vt 0.159302 0.235352
vt 0.917969 0.898071
vt 0.544922 0.179688
vt 0.566895 0.179688
vt 0.551758 0.624512
vt 0.553223 0.619385
vt 0.832520 0.114258
vt 0.820312 0.128418
vt 0.813965 0.124512
vt 0.997070 0.746094
vt 0.999512 0.747559
vt 0.999023 0.750488
vt 0.229736 0.614502
vt 0.777344 0.494141
vt 0.170898 0.123535
vt 0.170898 0.131836
vt 0.297119 0.071777
vt 0.291992 0.070801
vt 0.717773 0.727051
vt 0.711426 0.710205
vt 0.717285 0.708252
vt 0.023468 0.253418
vt 0.009766 0.629395
vt 0.006088 0.640625
vt 0.001566 0.628174
vt 0.096863 0.940155
vt 0.323486 0.202148
vt 0.337891 0.204590
vt 0.322754 0.214844
vt 0.434326 0.890869
vt 0.438965 0.888794
vt 0.438232 0.896362
vt 0.128662 0.926208
vt 0.141235 0.946411
vt 0.128662 0.964447
vt 0.044312 0.602783
vt 0.040070 0.581055
vt 0.045898 0.583252
vt 0.630859 0.337402
vt 0.652344 0.345215
vt 0.636230 0.350098
vt 0.371338 0.287109
vt 0.370117 0.296875
vt 0.363525 0.299316
vt 0.458740 0.275879
vt 0.469971 0.266113
vt 0.466064 0.272461
vt 0.479980 0.322266
vt 0.477295 0.324219
vt 0.479248 0.264648
vt 0.365967 0.703369
vt 0.368164 0.702637
vt 0.603027 0.575439
vt 0.584961 0.574951
vt 0.588867 0.556885
vt 0.651855 0.781860
vt 0.649414 0.786255
vt 0.690430 0.885925
vt 0.691406 0.880676
vt 0.694336 0.886292
vt 0.280273 0.531494
vt 0.820312 0.641357
vt 0.386963 0.528564
vt 0.667969 0.442383
vt 0.604980 0.413086
vt 0.603516 0.408691
vt 0.640137 0.936340
vt 0.631836 0.933105
vt 0.838379 0.883850
vt 0.839355 0.883728
vt 0.839355 0.886353
vt 0.399414 0.421875
vt 0.400635 0.416992
vt 0.266357 0.577637
vt 0.249634 0.573975
vt 0.020660 0.595215
vt 0.020874 0.586182
vt 0.025009 0.593750
vt 0.939453 0.404785
vt 0.087769 0.746338
vt 0.104614 0.731934
vt 0.383789 0.480957
vt 0.386230 0.479492
vt 0.431885 0.798096
vt 0.432129 0.804321
vt 0.176880 0.691650
vt 0.166870 0.679688
vt 0.009201 0.349609
vt 0.005947 0.351562
vt 0.003115 0.349609
vt 0.003628 0.323242
vt 0.001854 0.338867
vt 0.392334 0.833130
vt 0.013550 0.015625
vt 0.192383 0.693115
vt 0.189819 0.696533
vt 0.252197 0.400391
vt 0.249878 0.388184
vt 0.434082 0.731201
vt 0.439453 0.436523
vt 0.440918 0.428223
vt 0.346191 0.065430
vt 0.348145 0.061523
vt 0.774902 0.697754
vt 0.762695 0.690918
vt 0.866699 0.389648
vt 0.751465 0.672363
vt 0.732910 0.650635
vt 0.735840 0.636963
vt 0.778320 0.706055
vt 0.788574 0.694580
vt 0.300537 0.169434
vt 0.312500 0.136230
vt 0.449707 0.218750
vt 0.444580 0.212402
vt 0.085327 0.578125
vt 0.085144 0.578369
vt 0.822266 0.208496
vt 0.189453 0.640137
vt 0.180908 0.631836
vt 0.189209 0.634521
vt 0.437500 0.634277
vt 0.438477 0.634277
vt 0.437012 0.639648
vt 0.452881 0.139648
vt 0.455322 0.140625
vt 0.374268 0.683594
vt 0.893555 0.496094
vt 0.904297 0.501709
vt 0.904785 0.504639
vt 0.724121 0.806763
vt 0.725586 0.805420
vt 0.833496 0.780518
vt 0.823730 0.787354
vt 0.998047 0.280273
vt 0.983887 0.277344
vt 0.989746 0.277344
vt 0.015327 0.202148
vt 0.005016 0.201172
vt 0.020111 0.201172
vt 0.546387 0.786987
vt 0.259521 0.499512
vt 0.804199 0.125000
vt 0.811523 0.133301
vt 0.415039 0.374512
vt 0.411621 0.391602
vt 0.484863 0.960541
vt 0.471436 0.952759
vt 0.510254 0.960022
vt 0.150879 0.623047
vt 0.151733 0.631592
vt 0.990234 0.863281
vt 0.993652 0.863281
vt 0.991699 0.864868
vt 0.704590 0.049805
vt 0.725586 0.038574
vt 0.696289 0.695068
vt 0.965820 0.272949
vt 0.742188 0.176758
vt 0.219238 0.848633
vt 0.221802 0.844849
vt 0.931641 0.748535
vt 0.939941 0.748779
vt 0.937012 0.754028
vt 0.626465 0.861938
vt 0.633301 0.862793
vt 0.408447 0.525146
vt 0.425049 0.510986
vt 0.443604 0.523926
vt 0.624512 0.875854
vt 0.453369 0.598389
vt 0.622559 0.941467
vt 0.621582 0.939514
vt 0.980469 0.692383
vt 0.981934 0.694824
vt 0.209717 0.746582
vt 0.592285 0.019531
vt 0.576660 0.025391
vt 0.577637 0.016602
vt 0.652832 0.905640
vt 0.660645 0.897095
vt 0.661133 0.913208
vt 0.348389 0.224609
vt 0.418213 0.732666
vt 0.719238 0.983002
vt 0.719238 0.984978
vt 0.037964 0.791992
vt 0.833008 0.238770
vt 0.807617 0.273438
vt 0.524414 0.264160
vt 0.129761 0.521240
vt 0.130371 0.539795
vt 0.922852 0.414551
vt 0.999512 0.506348
vt 0.989258 0.513672
vt 0.992188 0.497559
vt 0.154419 0.091309
vt 0.405029 0.289551
vt 0.403564 0.275879
vt 0.947754 0.773560
vt 0.950195 0.778198
vt 0.938477 0.777710
vt 0.800781 0.280762
vt 0.941895 0.905945
vt 0.940918 0.900635
vt 0.945312 0.900269
vt 0.638184 0.931152
vt 0.811035 0.338867
vt 0.665527 0.512207
vt 0.275391 0.969910
vt 0.277832 0.944214
vt 0.832520 0.498047
vt 0.466309 0.501221
vt 0.467285 0.494141
vt 0.289307 0.000977
vt 0.297852 0.000977
vt 0.296387 0.021484
vt 0.149536 0.582764
vt 0.156372 0.593262
vt 0.473633 0.291016
vt 0.473389 0.310059
vt 0.855957 0.777466
vt 0.869141 0.785156
vt 0.859863 0.786743
vt 0.000113 0.113770
vt 0.002277 0.114746
vt 0.000712 0.115234
vt 0.725586 0.322754
vt 0.709961 0.326172
vt 0.715820 0.321289
vt 0.647461 0.586914
vt 0.768066 0.208496
vt 0.769043 0.213867
vt 0.824707 0.003906
vt 0.833008 0.003418
vt 0.824219 0.007324
vt 0.714355 0.118164
vt 0.414062 0.496582
vt 0.435547 0.468262
vt 0.836426 0.576416
vt 0.169434 0.715088
vt 0.181641 0.723389
vt 0.758301 0.680420
vt 0.087280 0.723145
vt 0.047821 0.892700
vt 0.046570 0.900391
vt 0.038971 0.880371
vt 0.220337 0.916443
vt 0.890625 0.975464
vt 0.900879 0.973450
vt 0.912109 0.973099
vt 0.435791 0.634521
vt 0.943848 0.783569
vt 0.941895 0.785522
vt 0.933594 0.789673
vt 0.919434 0.240234
vt 0.912109 0.238281
vt 0.915039 0.235840
vt 0.136230 0.226074
vt 0.145142 0.226074
vt 0.150635 0.233398
vt 0.576172 0.412109
vt 0.574219 0.391113
vt 0.893555 0.491211
vt 0.923828 0.970276
vt 0.272705 0.567627
vt 0.267578 0.573242
vt 0.001086 0.901672
vt 0.009262 0.895752
vt 0.005058 0.905273
vt 0.571777 0.309082
vt 0.405518 0.352539
vt 0.404541 0.355469
vt 0.708984 0.078125
vt 0.615234 0.814575
vt 0.959961 0.484375
vt 0.992188 0.824463
vt 0.388916 0.953247
vt 0.400879 0.400879
vt 0.898926 0.323730
vt 0.869629 0.338867
vt 0.682617 0.778198
vt 0.959961 0.615234
vt 0.961426 0.613525
vt 0.968262 0.617188
vt 0.985840 0.681885
vt 0.143433 0.441406
vt 0.136841 0.443359
vt 0.034149 0.430664
vt 0.032776 0.429199
vt 0.530762 0.288086
vt 0.532227 0.275391
vt 0.532227 0.287109
vt 0.123230 0.505615
vt 0.125244 0.470215
vt 0.491455 0.226074
vt 0.942871 0.450684
vt 0.785156 0.994808
vt 0.411377 0.266602
vt 0.751465 0.151855
vt 0.750000 0.144531
vt 0.753418 0.150391
vt 0.029663 0.793091
vt 0.030029 0.791016
vt 0.006187 0.006348
vt 0.008392 0.009766
vt 0.001060 0.002441
vt 0.619629 0.665039
vt 0.931152 0.121582
vt 0.771484 0.359863
vt 0.946289 0.374512
vt 0.899414 0.123047
vt 0.897949 0.133789
vt 0.313965 0.443848
vt 0.327637 0.437988
vt 0.023117 0.846680
vt 0.018524 0.854614
vt 0.012581 0.848999
vt 0.280518 0.432617
vt 0.293945 0.410645
vt 0.303223 0.431152
vt 0.042755 0.879028
vt 0.263428 0.606201
vt 0.916504 0.908447
vt 0.913574 0.891602
vt 0.088196 0.772461
vt 0.074768 0.774536
vt 0.601562 0.252441
vt 0.594727 0.233398
vt 0.880371 0.438965
vt 0.126465 0.966614
vt 0.075012 0.166992
vt 0.067566 0.173340
vt 0.057312 0.170898
vt 0.144043 0.416016
vt 0.327637 0.280762
vt 0.517578 0.624023
vt 0.526367 0.626709
vt 0.833496 0.664551
vt 0.826660 0.643555
vt 0.847656 0.659668
vt 0.977539 0.817139
vt 0.172852 0.881409
vt 0.385498 0.475098
vt 0.609863 0.304199
vt 0.611816 0.305176
vt 0.040466 0.815918
vt 0.041565 0.812012
vt 0.461670 0.288086
vt 0.457031 0.309570
vt 0.439697 0.291504
vt 0.860352 0.870972
vt 0.865723 0.865723
vt 0.119751 0.682373
vt 0.967773 0.838379
vt 0.964844 0.843262
vt 0.965820 0.835205
vt 0.194702 0.686768
vt 0.198120 0.695557
vt 0.189331 0.687988
vt 0.614746 0.014648
vt 0.624512 0.000000
vt 0.636230 0.003418
vt 0.032013 0.201172
vt 0.520020 0.847778
vt 0.631836 0.259277
vt 0.636230 0.250000
vt 0.577637 0.415527
vt 0.571777 0.415527
vt 0.772461 0.209473
vt 0.195312 0.493652
vt 0.977051 0.219727
vt 0.997070 0.219727
vt 0.991699 0.229492
vt 0.427002 0.079102
vt 0.963867 0.142090
vt 0.976074 0.168457
vt 0.963867 0.170410
vt 0.151489 0.082031
vt 0.151245 0.088379
vt 0.241699 0.865356
vt 0.243652 0.870239
vt 0.242432 0.870239
vt 0.904785 0.506836
vt 0.573242 0.979355
vt 0.547852 0.980225
vt 0.547363 0.970993
vt 0.981934 0.016113
vt 0.981934 0.045410
vt 0.964355 0.023926
vt 0.229004 0.232910
vt 0.233765 0.238770
vt 0.213623 0.235352
vt 0.499023 0.593750
vt 0.924805 0.534668
vt 0.913574 0.523682
vt 0.471680 0.393555
vt 0.789551 0.942780
vt 0.227417 0.109375
vt 0.205200 0.122559
vt 0.218872 0.099609
vt 0.511230 0.218262
vt 0.523438 0.221191
vt 0.988770 0.874756
vt 0.976562 0.871094
vt 0.890137 0.739746
vt 0.880859 0.741943
vt 0.203979 0.056152
vt 0.917969 0.235352
vt 0.124573 0.937195
vt 0.868164 0.101562
vt 0.865234 0.081055
vt 0.879395 0.090820
vt 0.878418 0.661865
vt 0.865723 0.658203
vt 0.760742 0.260254
vt 0.221680 0.827271
vt 0.392822 0.542236
vt 0.395264 0.544922
vt 0.448486 0.959137
vt 0.481201 0.965576
vt 0.452148 0.972900
vt 0.698242 0.218262
vt 0.721680 0.225098
vt 0.699707 0.239258
vt 0.485107 0.424805
vt 0.758301 0.042480
vt 0.762207 0.042969
vt 0.760254 0.048828
vt 0.040527 0.951721
vt 0.051727 0.933777
vt 0.292725 0.468262
vt 0.433105 0.561523
vt 0.645508 0.335449
vt 0.985352 0.189453
vt 0.999512 0.201660
vt 0.985352 0.208008
vt 0.408447 0.264648
vt 0.000579 0.151367
vt 0.009438 0.139160
vt 0.013214 0.154785
vt 0.607910 0.841919
vt 0.570801 0.999589
vt 0.565918 0.993179
vt 0.390625 0.956207
vt 0.373535 0.979752
vt 0.373535 0.961517
vt 0.838379 0.777832
vt 0.840820 0.765991
vt 0.925781 0.201660
vt 0.994141 0.750366
vt 0.047638 0.119629
vt 0.029770 0.130371
vt 0.039337 0.115234
vt 0.030609 0.198730
vt 0.851074 0.100098
vt 0.656738 0.370605
vt 0.819336 0.394531
vt 0.479492 0.983505
vt 0.473877 0.987671
vt 0.471924 0.980438
vt 0.619141 0.339844
vt 0.864258 0.149414
vt 0.846680 0.166016
vt 0.340332 0.260742
vt 0.340332 0.247559
vt 0.109741 0.988449
vt 0.890625 0.016113
vt 0.921875 0.023438
vt 0.902344 0.023926
vt 0.033966 0.636963
vt 0.742188 0.047852
vt 0.705078 0.707031
vt 0.750488 0.079102
vt 0.747070 0.085449
vt 0.211426 0.479004
vt 0.220581 0.481445
vt 0.216309 0.482422
vt 0.009117 0.471191
vt 0.003199 0.471191
vt 0.005970 0.459961
vt 0.635742 0.095703
vt 0.620117 0.110840
vt 0.036316 0.851562
vt 0.033752 0.861206
vt 0.034119 0.849365
vt 0.706055 0.406250
vt 0.714844 0.402832
vt 0.972656 0.933594
vt 0.970215 0.938202
vt 0.605957 0.531738
vt 0.590820 0.537842
vt 0.572266 0.830811
vt 0.543945 0.825195
vt 0.543945 0.816895
vt 0.205078 0.034668
vt 0.219849 0.020508
vt 0.016190 0.631104
vt 0.017136 0.629150
vt 0.018707 0.635986
vt 0.115723 0.648193
vt 0.094910 0.639893
vt 0.812988 0.720947
vt 0.440918 0.895996
vt 0.296387 0.275391
vt 0.295166 0.283203
vt 0.281494 0.266113
vt 0.104309 0.896973
vt 0.099365 0.887390
vt 0.708496 0.427246
vt 0.698730 0.429199
vt 0.046478 0.239258
vt 0.044281 0.232422
vt 0.875488 0.574707
vt 0.218018 0.311523
vt 0.941406 0.698242
vt 0.938965 0.706787
vt 0.932617 0.703369
vt 0.255371 0.846680
vt 0.016510 0.629395
vt 0.968750 0.929260
vt 0.980469 0.913025
vt 0.774902 0.525879
vt 0.935059 0.187500
vt 0.360840 0.290527
vt 0.339600 0.309082
vt 0.327148 0.283203
vt 0.387695 0.120117
vt 0.130127 0.683350
vt 0.790039 0.221191
vt 0.166016 0.685303
vt 0.162598 0.537109
vt 0.765625 0.246094
vt 0.774414 0.249023
vt 0.714844 0.816772
vt 0.716797 0.816772
vt 0.894531 0.031250
vt 0.305908 0.645508
vt 0.323486 0.834717
vt 0.004581 0.616943
vt 0.050964 0.790649
vt 0.056030 0.792236
vt 0.643066 0.569092
vt 0.992188 0.905518
vt 0.992188 0.903809
vt 0.992676 0.901978
vt 0.823242 0.575195
vt 0.814941 0.575195
vt 0.936523 0.341797
vt 0.937988 0.342285
vt 0.941406 0.358887
vt 0.239136 0.471680
vt 0.124451 0.398438
vt 0.104431 0.389160
vt 0.126953 0.372559
vt 0.216797 0.191895
vt 0.553223 0.523193
vt 0.543457 0.523438
vt 0.554199 0.520996
vt 0.374268 0.692383
vt 0.932617 0.348145
vt 0.195435 0.184082
vt 0.186401 0.175781
vt 0.222412 0.181152
vt 0.804688 0.589844
vt 0.812012 0.590820
vt 0.817871 0.596924
vt 0.813965 0.822266
vt 0.817871 0.817383
vt 0.332031 0.955414
vt 0.531250 0.525635
vt 0.543945 0.792358
vt 0.729980 0.997278
vt 0.738770 0.997093
vt 0.739258 0.997816
vt 0.364014 0.381348
vt 0.365479 0.385254
vt 0.061859 0.110840
vt 0.141357 0.029785
vt 0.063477 0.875793
vt 0.060699 0.867554
vt 0.931641 0.104980
vt 0.968750 0.542725
vt 0.906738 0.233398
vt 0.912109 0.234375
vt 0.908203 0.235352
vt 0.800781 0.719727
vt 0.336426 0.772095
vt 0.343506 0.796143
vt 0.170410 0.549072
vt 0.179077 0.541504
vt 0.181885 0.557861
vt 0.919922 0.716064
vt 0.283936 0.742676
vt 0.288086 0.747070
vt 0.962402 0.913757
vt 0.149536 0.664795
vt 0.164062 0.670654
vt 0.581543 0.488281
vt 0.446533 0.622314
vt 0.256348 0.478516
vt 0.251221 0.481445
vt 0.962891 0.312012
vt 0.960449 0.305176
vt 0.961914 0.292969
vt 0.486328 0.391113
vt 0.585938 0.229492
vt 0.592773 0.220215
vt 0.544434 0.992596
vt 0.542969 0.988632
vt 0.391113 0.677246
vt 0.411377 0.691895
vt 0.284424 0.899231
vt 0.330811 0.430664
vt 0.334473 0.423828
vt 0.185181 0.327637
vt 0.175293 0.330566
vt 0.074524 0.951996
vt 0.068970 0.947052
vt 0.089661 0.749023
vt 0.283203 0.747559
vt 0.340332 0.276855
vt 0.335449 0.280762
vt 0.031799 0.833740
vt 0.033234 0.840210
vt 0.529785 0.429199
vt 0.541504 0.446289
vt 0.528809 0.451660
vt 0.756836 0.040039
vt 0.756836 0.042969
vt 0.532715 0.226074
vt 0.526855 0.218262
vt 0.778809 0.617676
vt 0.780762 0.641846
vt 0.753906 0.623291
vt 0.040619 0.739746
vt 0.036499 0.728271
vt 0.045197 0.726074
vt 0.507324 0.455078
vt 0.723633 0.583496
vt 0.722168 0.580566
vt 0.952637 0.091309
vt 0.938477 0.097168
vt 0.940430 0.085938
vt 0.460449 0.137695
vt 0.458008 0.140137
vt 0.456787 0.135742
vt 0.979004 0.898376
vt 0.552734 0.519287
vt 0.916992 0.501221
vt 0.936035 0.497070
vt 0.030167 0.734619
vt 0.035339 0.724854
vt 0.384033 0.401367
vt 0.492188 0.518799
vt 0.636719 0.444336
vt 0.627930 0.452148
vt 0.627930 0.443359
vt 0.336426 0.354004
vt 0.941406 0.917969
vt 0.958496 0.911072
vt 0.948730 0.942139
vt 0.305664 0.966797
vt 0.818848 0.320312
vt 0.214844 0.489746
vt 0.530273 0.267090
vt 0.531250 0.270996
vt 0.377197 0.396484
vt 0.431152 0.612549
vt 0.995117 0.630371
vt 0.999023 0.625244
vt 0.999512 0.632568
vt 0.060608 0.257324
vt 0.735352 0.955902
vt 0.746094 0.967743
vt 0.329102 0.434570
vt 0.012878 0.322266
vt 0.016678 0.326172
vt 0.009682 0.342285
vt 0.398926 0.172363
vt 0.391602 0.166504
vt 0.818848 0.925293
vt 0.822266 0.933594
vt 0.986328 0.593750
vt 0.868652 0.816528
vt 0.542969 0.220215
vt 0.538574 0.219727
vt 0.580078 0.485352
vt 0.578125 0.486328
vt 0.782227 0.914734
vt 0.528809 0.721924
vt 0.993652 0.901184
vt 0.991699 0.896240
vt 0.991699 0.893982
vt 0.981445 0.275391
vt 0.967285 0.275391
vt 0.182251 0.104492
vt 0.180664 0.079590
vt 0.192261 0.064453
vt 0.472656 0.874756
vt 0.156982 0.288086
vt 0.994629 0.996078
vt 0.982422 0.997936
vt 0.784180 0.853760
vt 0.828125 0.806152
vt 0.091919 0.540527
vt 0.040497 0.214355
vt 0.047516 0.204102
vt 0.181885 0.347656
vt 0.182983 0.342285
vt 0.183472 0.352539
vt 0.075256 0.647461
vt 0.070984 0.635742
vt 0.011734 0.106934
vt 0.008751 0.099609
vt 0.545410 0.365723
vt 0.571289 0.349121
vt 0.394043 0.990303
vt 0.391846 0.992455
vt 0.367188 0.991249
vt 0.092407 0.947571
vt 0.488525 0.166016
vt 0.384521 0.435059
vt 0.646973 0.176758
vt 0.920898 0.790405
vt 0.921387 0.789429
vt 0.932129 0.796265
vt 0.928711 0.818237
vt 0.309326 0.058105
vt 0.422607 0.611816
vt 0.420654 0.622559
vt 0.998535 0.710205
vt 0.994141 0.709473
vt 0.996094 0.707764
vt 0.541016 0.527588
vt 0.914551 0.724609
vt 0.911621 0.750977
vt 0.894531 0.730957
vt 0.088989 0.864258
vt 0.497070 0.290039
vt 0.504395 0.287109
vt 0.507324 0.293945
vt 0.991211 0.437988
vt 0.976562 0.458008
vt 0.972168 0.423340
vt 0.140991 0.020508
vt 0.132690 0.024414
vt 0.317627 0.561279
vt 0.330322 0.570068
vt 0.323242 0.576904
vt 0.032776 0.419434
vt 0.032959 0.409668
vt 0.406738 0.950714
vt 0.409180 0.968597
vt 0.888672 0.018555
vt 0.432373 0.778442
vt 0.415771 0.805298
vt 0.415039 0.785522
vt 0.233398 0.586914
vt 0.902344 0.617676
vt 0.818848 0.732422
vt 0.466064 0.472168
vt 0.462891 0.456543
vt 0.480469 0.471680
vt 0.307617 0.029785
vt 0.327393 0.034180
vt 0.309814 0.038574
vt 0.654785 0.508301
vt 0.141602 0.185547
vt 0.130615 0.165039
vt 0.788086 0.726562
vt 0.965820 0.386230
vt 0.963379 0.393066
vt 0.955566 0.393066
vt 0.613770 0.805420
vt 0.629395 0.809448
vt 0.626953 0.814941
vt 0.145386 0.981033
vt 0.164917 0.981033
vt 0.150391 0.993355
vt 0.426758 0.708008
vt 0.427734 0.699219
vt 0.504883 0.109863
vt 0.519531 0.104004
vt 0.516113 0.113770
vt 0.765625 0.220215
vt 0.342529 0.616699
vt 0.334229 0.607422
vt 0.605957 0.310547
vt 0.010910 0.556152
vt 0.003452 0.546387
vt 0.919922 0.061035
vt 0.762207 0.888123
vt 0.765137 0.882141
vt 0.761719 0.906067
vt 0.034515 0.479980
vt 0.030472 0.479004
vt 0.586914 0.697510
vt 0.453613 0.832886
vt 0.445312 0.827271
vt 0.167725 0.112305
vt 0.997559 0.417969
vt 0.996582 0.416992
vt 0.996582 0.406738
vt 0.997559 0.407715
vt 0.765137 0.710449
vt 0.224609 0.093262
vt 0.313477 0.114746
vt 0.315918 0.120117
vt 0.312012 0.119141
vt 0.156494 0.239746
vt 0.530273 0.502930
vt 0.526367 0.484375
vt 0.541992 0.488770
vt 0.187378 0.498047
vt 0.994141 0.913208
vt 0.996582 0.901428
vt 0.723145 0.042969
vt 0.024841 0.013184
vt 0.023117 0.009277
vt 0.026642 0.007324
vt 0.037354 0.010254
vt 0.987305 0.089355
vt 0.984375 0.092773
vt 0.986816 0.070801
vt 0.524902 0.981216
vt 0.540039 0.975082
vt 0.535645 0.981216
vt 0.605957 0.587646
vt 0.965820 0.570068
vt 0.720703 0.178223
vt 0.714355 0.205566
vt 0.188477 0.537842
vt 0.176270 0.537109
vt 0.189697 0.534180
vt 0.651367 0.484375
vt 0.735840 0.183105
vt 0.628906 0.900940
vt 0.221680 0.049316
vt 0.212280 0.039062
vt 0.216919 0.040039
vt 0.236206 0.189453
vt 0.247070 0.187012
vt 0.236572 0.200195
vt 0.974609 0.653320
vt 0.974609 0.683594
vt 0.946777 0.668457
vt 0.796387 0.538086
vt 0.773438 0.563477
vt 0.774414 0.530762
vt 0.769043 0.223145
vt 0.000920 0.069824
vt 0.010239 0.068359
vt 0.009781 0.070312
vt 0.681641 0.023438
vt 0.047546 0.472656
vt 0.032379 0.470703
vt 0.705078 0.802246
vt 0.572754 0.423340
vt 0.115173 0.357910
vt 0.905762 0.121582
vt 0.905762 0.135254
vt 0.903809 0.136230
vt 0.461914 0.680176
vt 0.446777 0.660156
vt 0.463379 0.657715
vt 0.406982 0.420410
vt 0.158447 0.551758
vt 0.144409 0.293945
vt 0.233398 0.210449
vt 0.242798 0.203125
vt 0.235596 0.213867
vt 0.300537 0.117676
vt 0.077454 0.933960
vt 0.953613 0.211426
vt 0.955566 0.188965
vt 0.032776 0.479980
vt 0.031082 0.480469
vt 0.572754 0.490723
vt 0.895020 0.959412
vt 0.894043 0.940826
vt 0.791504 0.397461
vt 0.787109 0.395996
vt 0.961914 0.255371
vt 0.131348 0.196289
vt 0.134033 0.189453
vt 0.138062 0.191895
vt 0.875488 0.648193
vt 0.894043 0.647461
vt 0.307617 0.093750
vt 0.381592 0.934692
vt 0.407959 0.207520
vt 0.406494 0.199707
vt 0.101013 0.719727
vt 0.097107 0.724609
vt 0.094849 0.718750
vt 0.002047 0.482422
vt 0.520508 0.680664
vt 0.517578 0.708008
vt 0.513672 0.683350
vt 0.085754 0.241211
vt 0.099976 0.242676
vt 0.857910 0.261719
vt 0.310791 0.637939
vt 0.843262 0.886597
vt 0.839844 0.891296
vt 0.839844 0.888672
vt 0.157593 0.232910
vt 0.214355 0.276855
vt 0.220703 0.271484
vt 0.677246 0.863892
vt 0.006027 0.332031
vt 0.320312 0.310547
vt 0.399170 0.430664
vt 0.421143 0.455078
vt 0.391602 0.455078
vt 0.651367 0.587158
vt 0.595215 0.601074
vt 0.584961 0.606201
vt 0.408447 0.294922
vt 0.407471 0.287598
vt 0.544922 0.718018
vt 0.987793 0.774170
vt 0.688477 0.071777
vt 0.694336 0.074707
vt 0.676758 0.078613
vt 0.219360 0.132812
vt 0.248291 0.120117
vt 0.249146 0.135254
vt 0.780762 0.425781
vt 0.757324 0.425293
vt 0.764648 0.403320
vt 0.338379 0.638184
vt 0.843750 0.787842
vt 0.846191 0.785034
vt 0.618652 0.275879
vt 0.481934 0.128418
vt 0.496826 0.123535
vt 0.944824 0.330566
vt 0.232788 0.321289
vt 0.229370 0.322754
vt 0.252930 0.196289
vt 0.241211 0.209473
vt 0.249390 0.196777
vt 0.883301 0.265625
vt 0.887207 0.283203
vt 0.879395 0.273438
vt 0.934082 0.909729
vt 0.931641 0.903992
vt 0.195679 0.985855
vt 0.876953 0.741943
vt 0.381836 0.712891
vt 0.288574 0.046875
vt 0.282715 0.040039
vt 0.288330 0.038086
vt 0.977539 0.335938
vt 0.973633 0.343750
vt 0.216064 0.354492
vt 0.118469 0.979996
vt 0.489990 0.289551
vt 0.498779 0.281738
vt 0.493652 0.289551
vt 0.761719 0.020508
vt 0.729004 0.179199
vt 0.351562 0.738281
vt 0.068237 0.239746
vt 0.067566 0.244629
vt 0.337402 0.035645
vt 0.329590 0.046387
vt 0.903809 0.570068
vt 0.426758 0.942566
vt 0.426270 0.948792
vt 0.161133 0.158203
vt 0.152222 0.155273
vt 0.894531 0.546143
vt 0.869141 0.565918
vt 0.884766 0.535400
vt 0.782227 0.393555
vt 0.776855 0.395996
vt 0.475586 0.906372
vt 0.451660 0.929932
vt 0.441650 0.902588
vt 0.562012 0.084473
vt 0.550781 0.096680
vt 0.614258 0.795898
vt 0.594238 0.311035
vt 0.596680 0.305176
vt 0.603516 0.316895
vt 0.798340 0.381836
vt 0.461914 0.200195
vt 0.458252 0.189453
vt 0.508789 0.618164
vt 0.377441 0.636230
vt 0.095459 0.615967
vt 0.833008 0.335938
vt 0.830078 0.329102
vt 0.831543 0.323242
vt 0.190308 0.718994
vt 0.194336 0.727295
vt 0.759766 0.512939
vt 0.748047 0.510254
vt 0.521484 0.536133
vt 0.526855 0.534912
vt 0.910645 0.888672
vt 0.722656 0.805054
vt 0.599121 0.089844
vt 0.928223 0.373535
vt 0.445557 0.729492
vt 0.518555 0.531494
vt 0.917969 0.076660
vt 0.895020 0.067383
vt 0.018326 0.486816
vt 0.994141 0.191895
vt 0.479248 0.294922
vt 0.474854 0.278809
vt 0.632324 0.609619
vt 0.633301 0.606201
vt 0.030182 0.764404
vt 0.829102 0.201172
vt 0.828613 0.197266
vt 0.981445 0.669922
vt 0.988770 0.661621
vt 0.989746 0.666992
vt 0.475098 0.853027
vt 0.473145 0.838989
vt 0.047638 0.645752
vt 0.988281 0.999056
vt 0.980957 0.999909
vt 0.816895 0.948486
vt 0.999023 0.604004
vt 0.999512 0.602051
vt 0.025101 0.319824
vt 0.694824 0.112305
vt 0.694336 0.110840
vt 0.250977 0.489746
vt 0.247314 0.495117
vt 0.243652 0.489746
vt 0.361816 0.872314
vt 0.791016 0.922791
vt 0.308350 0.270508
vt 0.401367 0.797974
vt 0.379150 0.794067
vt 0.400146 0.777588
vt 0.146973 0.915894
vt 0.449219 0.232910
vt 0.451904 0.223145
vt 0.543945 0.212402
vt 0.006214 0.787231
vt 0.500000 0.618652
vt 0.498047 0.614258
vt 0.661133 0.478027
vt 0.662598 0.477051
vt 0.523926 0.531982
vt 0.533691 0.529297
vt 0.481445 0.254395
vt 0.482422 0.247559
vt 0.158691 0.823242
vt 0.924805 0.453125
vt 0.923340 0.454102
vt 0.923340 0.453125
vt 0.007229 0.502197
vt 0.986816 0.542725
vt 0.042267 0.285156
vt 0.652832 0.524902
vt 0.653809 0.517090
vt 0.823242 0.511475
vt 0.794922 0.335449
vt 0.313477 0.830078
vt 0.315186 0.829346
vt 0.067139 0.602539
vt 0.078186 0.591064
vt 0.082397 0.600586
vt 0.153564 0.161621
vt 0.757324 0.038574
vt 0.015167 0.627930
vt 0.014694 0.626465
vt 0.046204 0.729980
vt 0.739258 0.813965
vt 0.537109 0.523926
vt 0.503418 0.299805
vt 0.517578 0.298340
vt 0.609863 0.825195
vt 0.565918 0.103027
vt 0.583008 0.114258
vt 0.553223 0.109375
vt 0.905762 0.967987
vt 0.964844 0.456543
vt 0.200195 0.246582
vt 0.651855 0.769531
vt 0.206543 0.205566
vt 0.211792 0.218262
vt 0.182739 0.211426
vt 0.742188 0.958649
vt 0.658691 0.872437
vt 0.671875 0.888733
vt 0.104492 0.523438
vt 0.101135 0.523682
vt 0.101929 0.522461
vt 0.856934 0.022461
vt 0.017685 0.839722
vt 0.842285 0.872803
vt 0.844727 0.877808
vt 0.840820 0.874146
vt 0.546875 0.526367
vt 0.549316 0.527100
vt 0.186768 0.344238
vt 0.192383 0.357910
vt 0.947754 0.614746
vt 0.946777 0.600342
vt 0.220459 0.656250
vt 0.201050 0.485352
vt 0.399902 0.944794
vt 0.395508 0.940125
vt 0.303955 0.065918
vt 0.327637 0.690186
vt 0.234985 0.694824
vt 0.223145 0.690674
vt 0.877441 0.885559
vt 0.880859 0.885559
vt 0.751953 0.040527
vt 0.687988 0.109375
vt 0.673340 0.116211
vt 0.688477 0.104004
vt 0.024094 0.481445
vt 0.021820 0.478027
vt 0.619629 0.513916
vt 0.032898 0.998483
vt 0.031174 0.993088
vt 0.033661 0.993290
vt 0.669922 0.812378
vt 0.293457 0.388184
vt 0.307129 0.403320
vt 0.825195 0.017578
vt 0.816406 0.019531
vt 0.817383 0.017578
vt 0.817383 0.921936
vt 0.803711 0.890869
vt 0.837402 0.915955
vt 0.666992 0.516357
vt 0.519043 0.502197
vt 0.078979 0.618652
vt 0.684570 0.251465
vt 0.692383 0.261230
vt 0.569824 0.653809
vt 0.573730 0.649414
vt 0.382568 0.473145
vt 0.099548 0.717285
vt 0.090149 0.715576
vt 0.940918 0.808838
vt 0.937988 0.808350
vt 0.937988 0.791870
vt 0.281250 0.901123
vt 0.800781 0.287109
vt 0.770020 0.790649
vt 0.763184 0.791138
vt 0.676270 0.522461
vt 0.669922 0.523193
vt 0.673828 0.516357
vt 0.615234 0.588379
vt 0.945801 0.614258
vt 0.328125 0.031250
vt 0.752441 0.391113
vt 0.603516 0.901917
vt 0.600586 0.893555
vt 0.005985 0.437988
vt 0.000540 0.421387
vt 0.014732 0.418457
vt 0.792969 0.152344
vt 0.885742 0.471191
vt 0.432617 0.078613
vt 0.436279 0.062500
vt 0.945801 0.820557
vt 0.291748 0.285156
vt 0.533691 0.250000
vt 0.528809 0.248047
vt 0.529785 0.248047
vt 0.113037 0.716797
vt 0.108643 0.720703
vt 0.885742 0.732178
vt 0.874023 0.730225
vt 0.413574 0.339355
vt 0.411865 0.337402
vt 0.829102 0.779663
vt 0.838379 0.759033
vt 0.834473 0.773560
vt 0.346924 0.860962
vt 0.091370 0.856934
vt 0.074402 0.873413
vt 0.795410 0.788696
vt 0.794922 0.780762
vt 0.980469 0.939392
vt 0.985352 0.937073
vt 0.985840 0.944519
vt 0.801270 0.785278
vt 0.088745 0.885986
vt 0.095459 0.883118
vt 0.095337 0.884460
vt 0.651367 0.596191
vt 0.864258 0.714600
vt 0.866211 0.690918
vt 0.836914 0.692383
vt 0.851074 0.692383
vt 0.686523 0.717529
vt 0.696289 0.705078
vt 0.711426 0.729004
vt 0.463867 0.530029
vt 0.474854 0.519043
vt 0.954102 0.802612
vt 0.954102 0.824951
vt 0.942871 0.801880
vt 0.672363 0.901672
vt 0.681641 0.911926
vt 0.102234 0.520020
vt 0.114502 0.518311
vt 0.612305 0.667236
vt 0.613770 0.661377
vt 0.250977 0.677979
vt 0.254395 0.673828
vt 0.757812 0.172363
vt 0.181885 0.314453
vt 0.361572 0.017090
vt 0.358154 0.009766
vt 0.381348 0.009766
vt 0.735352 0.945831
vt 0.756348 0.943390
vt 0.741699 0.949707
vt 0.053925 0.071289
vt 0.062561 0.074219
vt 0.060150 0.075195
vt 0.401855 0.400391
vt 0.557129 0.956390
vt 0.966797 0.536133
vt 0.957031 0.557129
vt 0.957520 0.533203
vt 0.408691 0.096191
vt 0.410400 0.099121
vt 0.873535 0.599365
vt 0.875977 0.604004
vt 0.858887 0.605225
vt 0.260986 0.234375
vt 0.292969 0.243164
vt 0.265625 0.243164
vt 0.855957 0.209961
vt 0.867188 0.210449
vt 0.630371 0.927917
vt 0.262451 0.252441
vt 0.981445 0.072754
vt 0.953613 0.066406
vt 0.975586 0.066895
vt 0.980469 0.234863
vt 0.999512 0.234863
vt 0.992188 0.254395
vt 0.112488 0.218750
vt 0.122253 0.200684
vt 0.131592 0.208984
vt 0.005230 0.025879
vt 0.461670 0.526367
vt 0.451660 0.528809
vt 0.289062 0.723633
vt 0.624512 0.219727
vt 0.769043 0.723633
vt 0.692383 0.890259
vt 0.695312 0.899597
vt 0.862793 0.044922
vt 0.853027 0.035645
vt 0.860840 0.041016
vt 0.587891 0.649170
vt 0.797363 0.834595
vt 0.800293 0.836182
vt 0.233032 0.626221
vt 0.212158 0.626465
vt 0.701660 0.557373
vt 0.335938 0.365234
vt 0.435059 0.611572
vt 0.312012 0.312500
vt 0.312988 0.296387
vt 0.323486 0.286133
vt 0.670410 0.989929
vt 0.679199 0.990860
vt 0.680176 0.997910
vt 0.139648 0.733154
vt 0.143311 0.261719
vt 0.135620 0.265625
vt 0.390381 0.159668
vt 0.397461 0.161133
vt 0.399658 0.166504
vt 0.384521 0.290039
vt 0.384277 0.283203
vt 0.388184 0.284180
vt 0.231323 0.324219
vt 0.969727 0.443359
vt 0.809570 0.802612
vt 0.813965 0.791016
vt 0.169189 0.153320
vt 0.168701 0.158203
vt 0.517090 0.617920
vt 0.805664 0.776245
vt 0.812500 0.208984
vt 0.458252 0.512451
vt 0.221680 0.805176
vt 0.226685 0.794678
vt 0.942383 0.998872
vt 0.456787 0.121094
vt 0.135376 0.053223
vt 0.149902 0.053711
vt 0.290283 0.838623
vt 0.268311 0.839478
vt 0.277588 0.818726
vt 0.700195 0.083496
vt 0.695312 0.094727
vt 0.691895 0.079102
vt 0.714355 0.565186
vt 0.712402 0.578125
vt 0.700195 0.566406
vt 0.988281 0.257324
vt 0.990234 0.257324
vt 0.990723 0.258301
vt 0.680176 0.398438
vt 0.671387 0.405273
vt 0.891602 0.451660
vt 0.732422 0.693115
vt 0.750000 0.687500
vt 0.751465 0.703125
vt 0.625488 0.041504
vt 0.618164 0.037598
vt 0.640137 0.039551
vt 0.808105 0.281250
vt 0.637695 0.882141
vt 0.813477 0.059570
vt 0.829590 0.055176
vt 0.827148 0.078125
vt 0.477051 0.786377
vt 0.488037 0.766479
vt 0.774902 0.931152
vt 0.499268 0.680176
vt 0.501465 0.682373
vt 0.846191 0.290527
vt 0.858887 0.299316
vt 0.677246 0.947723
vt 0.212524 0.894958
vt 0.244751 0.895752
vt 0.636719 0.404297
vt 0.634277 0.925354
vt 0.627930 0.916443
vt 0.639160 0.909912
vt 0.061462 0.998011
vt 0.056122 0.995514
vt 0.064758 0.994106
vt 0.616699 0.593506
vt 0.197632 0.300781
vt 0.658203 0.508545
vt 0.658203 0.510010
vt 0.383789 0.509766
vt 0.814941 0.803345
vt 0.816406 0.810547
vt 0.271729 0.525879
vt 0.274902 0.530029
vt 0.724609 0.183594
vt 0.613770 0.212402
vt 0.222534 0.790894
vt 0.143921 0.083496
vt 0.080139 0.140137
vt 0.584473 0.591064
vt 0.584961 0.589600
vt 0.002708 0.031738
vt 0.026535 0.054199
vt 0.002708 0.063965
vt 0.888184 0.105957
vt 0.881836 0.091309
vt 0.888672 0.087402
vt 0.700195 0.111328
vt 0.844727 0.082031
vt 0.643066 0.937958
vt 0.095703 0.971542
vt 0.107544 0.978745
vt 0.100830 0.982025
vt 0.809082 0.536377
vt 0.834473 0.545654
vt 0.062988 0.604736
vt 0.056396 0.575684
vt 0.070801 0.586426
vt 0.638672 0.196777
vt 0.734375 0.675537
vt 0.740723 0.683105
vt 0.726562 0.680420
vt 0.432617 0.084961
vt 0.551758 0.524414
vt 0.543945 0.526123
vt 0.047180 0.262695
vt 0.548828 0.622314
vt 0.716309 0.909180
vt 0.718750 0.897888
vt 0.730469 0.897400
vt 0.571777 0.182129
vt 0.579102 0.172852
vt 0.590332 0.181641
vt 0.578125 0.354980
vt 0.597168 0.368164
vt 0.579590 0.370605
vt 0.505859 0.760132
vt 0.513672 0.751831
vt 0.164551 0.117188
vt 0.462646 0.939087
vt 0.471680 0.960846
vt 0.604492 0.029785
vt 0.600098 0.019043
vt 0.610352 0.030273
vt 0.785645 0.681396
vt 0.280518 0.508057
vt 0.991699 0.901672
vt 0.991211 0.900635
vt 0.992676 0.900635
vt 0.278564 0.168457
vt 0.273193 0.166016
vt 0.014954 0.524170
vt 0.039520 0.526367
vt 0.014984 0.553467
vt 0.594727 0.380859
vt 0.607422 0.382812
vt 0.129272 0.336426
vt 0.131714 0.332031
vt 0.449951 0.589111
vt 0.768066 0.836792
vt 0.743164 0.837158
vt 0.758301 0.821045
vt 0.473145 0.512695
vt 0.337646 0.352539
vt 0.139038 0.579346
vt 0.164185 0.562988
vt 0.158081 0.575928
vt 0.998047 0.173340
vt 0.988770 0.186035
vt 0.987793 0.180176
vt 0.093506 0.962250
vt 0.088379 0.981796
vt 0.168213 0.165527
vt 0.166504 0.178223
vt 0.135376 0.478516
vt 0.093262 0.601074
vt 0.439697 0.645508
vt 0.255615 0.415039
vt 0.260986 0.419434
vt 0.250000 0.427246
vt 0.357910 0.857544
vt 0.313721 0.370605
vt 0.301514 0.355469
vt 0.157471 0.339355
vt 0.144775 0.340332
vt 0.146362 0.333496
vt 0.389404 0.518066
vt 0.266602 0.366699
vt 0.255859 0.368164
vt 0.262207 0.361328
vt 0.292725 0.539062
vt 0.731445 0.686035
vt 0.208496 0.174316
vt 0.186157 0.170410
vt 0.382324 0.926453
vt 0.368896 0.920898
vt 0.368896 0.919495
vt 0.587402 0.819214
vt 0.581543 0.834961
vt 0.760742 0.609375
vt 0.752441 0.602539
vt 0.757812 0.601807
vt 0.575684 0.292480
vt 0.574219 0.320312
vt 0.574219 0.299316
vt 0.857910 0.434082
vt 0.865723 0.441895
vt 0.014648 0.632568
vt 0.992188 0.906555
vt 0.049255 0.915588
vt 0.764160 0.365723
vt 0.375977 0.708008
vt 0.375000 0.697998
vt 0.265137 0.753418
vt 0.246704 0.049805
vt 0.085876 0.550781
vt 0.670410 0.031250
vt 0.334473 0.573975
vt 0.997559 0.398926
vt 0.625000 0.257324
vt 0.880859 0.166016
vt 0.127930 0.605713
vt 0.120667 0.646729
vt 0.119873 0.600098
vt 0.827148 0.402832
vt 0.570312 0.284180
vt 0.995605 0.410156
vt 0.484131 0.831909
vt 0.495361 0.837769
vt 0.406006 0.158203
vt 0.384277 0.154297
vt 0.263916 0.418945
vt 0.263184 0.423828
vt 0.251465 0.428223
vt 0.991699 0.267090
vt 0.982910 0.260742
vt 0.982910 0.255859
vt 0.527832 0.015137
vt 0.530273 0.009766
vt 0.425049 0.200195
vt 0.410645 0.201660
vt 0.201660 0.912781
vt 0.767090 0.936646
vt 0.927246 0.466797
vt 0.911133 0.480469
vt 0.909668 0.467285
vt 0.526855 0.231934
vt 0.676270 0.375977
vt 0.668457 0.375977
vt 0.120483 0.505127
vt 0.232544 0.538086
vt 0.626953 0.333008
vt 0.617676 0.314453
vt 0.631836 0.324219
vt 0.561035 0.607910
vt 0.836914 0.551514
vt 0.918945 0.641113
vt 0.928711 0.653564
vt 0.918945 0.646240
vt 0.762695 0.784912
vt 0.225708 0.646973
vt 0.233398 0.655518
vt 0.249023 0.613281
vt 0.446777 0.237305
vt 0.448730 0.231934
vt 0.460938 0.141602
vt 0.750488 0.515869
vt 0.681152 0.710938
vt 0.436035 0.650391
vt 0.378174 0.709473
vt 0.202759 0.643555
vt 0.205688 0.626709
vt 0.208862 0.648682
vt 0.798828 0.917236
vt 0.784180 0.912903
vt 0.794434 0.921204
vt 0.036377 0.627930
vt 0.122559 0.985817
vt 0.123169 0.981232
vt 0.124695 0.985336
vt 0.719238 0.566406
vt 0.726562 0.543945
vt 0.206909 0.542725
vt 0.076965 0.527832
vt 0.240601 0.593750
vt 0.258789 0.593262
vt 0.235229 0.503662
vt 0.239746 0.508301
vt 0.231567 0.512207
vt 0.343506 0.368652
vt 0.502930 0.553467
vt 0.006054 0.585693
vt 0.009270 0.580322
vt 0.047058 0.365234
vt 0.029465 0.355957
vt 0.659180 0.826538
vt 0.583984 0.389160
vt 0.472412 0.872803
vt 0.745117 0.729004
vt 0.749512 0.749268
vt 0.297607 0.567627
vt 0.502441 0.729980
vt 0.929688 0.268555
vt 0.897949 0.260742
vt 0.926270 0.239746
vt 0.625488 0.588867
vt 0.625488 0.591553
vt 0.894043 0.863037
vt 0.916016 0.838989
vt 0.102783 0.960052
vt 0.941406 0.364746
vt 0.773926 0.862793
vt 0.523926 0.267090
vt 0.841309 0.209961
vt 0.270752 0.584717
vt 0.298828 0.597656
vt 0.621582 0.817993
vt 0.724121 0.615234
vt 0.712891 0.592041
vt 0.329834 0.558105
vt 0.036987 0.998346
vt 0.036743 0.998121
vt 0.038025 0.995117
vt 0.920898 0.019043
vt 0.096130 0.958893
vt 0.099365 0.966156
vt 0.952148 0.079590
vt 0.264893 0.621582
vt 0.444336 0.639893
vt 0.443115 0.646240
vt 0.907715 0.103516
vt 0.915039 0.128418
vt 0.883789 0.297363
vt 0.226440 0.192871
vt 0.045959 0.800171
vt 0.540527 0.109375
vt 0.175537 0.956238
vt 0.161377 0.965210
vt 0.171143 0.946228
vt 0.754395 0.081055
vt 0.770996 0.083496
vt 0.029434 0.876587
vt 0.933594 0.390137
vt 0.784180 0.401855
vt 0.802246 0.410156
vt 0.447754 0.447266
vt 0.449707 0.434570
vt 0.720703 0.949036
vt 0.409912 0.272949
vt 0.643066 0.527588
vt 0.511230 0.621582
vt 0.438721 0.122559
vt 0.416504 0.141113
vt 0.417236 0.114746
vt 0.313232 0.426270
vt 0.083740 0.041504
vt 0.034058 0.998845
vt 0.680664 0.327637
vt 0.681641 0.354004
vt 0.848145 0.780396
vt 0.979004 0.154297
vt 0.994141 0.154297
vt 0.991211 0.155762
vt 0.853516 0.019531
vt 0.854492 0.027832
vt 0.827637 0.017578
vt 0.742676 0.135742
vt 0.808594 0.578369
vt 0.823242 0.579102
vt 0.534180 0.185059
vt 0.637207 0.938171
vt 0.710938 0.988548
vt 0.711426 0.990479
vt 0.704590 0.995548
vt 0.823242 0.990562
vt 0.823242 0.988014
vt 0.848145 0.990402
vt 0.929688 0.677734
vt 0.500488 0.619873
vt 0.495850 0.620605
vt 0.089111 0.108887
vt 0.216064 0.090820
vt 0.459961 0.131348
vt 0.770508 0.525635
vt 0.433594 0.441895
vt 0.314453 0.434082
vt 0.308594 0.440430
vt 0.818359 0.251953
vt 0.805176 0.267090
vt 0.547363 0.661377
vt 0.069031 0.069824
vt 0.074097 0.093262
vt 0.070190 0.082031
vt 0.416748 0.589844
vt 0.327881 0.728516
vt 0.315918 0.740723
vt 0.325928 0.723877
vt 0.035767 0.991592
vt 0.034546 0.997381
vt 0.034424 0.998351
vt 0.386475 0.067383
vt 0.422607 0.093750
vt 0.378418 0.091309
vt 0.109619 0.427734
vt 0.121216 0.443848
vt 0.238403 0.854858
vt 0.748047 0.457520
vt 0.731934 0.456055
vt 0.092834 0.998347
vt 0.103333 0.984940
vt 0.103760 0.998163
vt 0.623047 0.868896
vt 0.952148 0.784668
vt 0.690918 0.109863
vt 0.409912 0.399414
vt 0.408691 0.407715
vt 0.406006 0.403809
vt 0.363281 0.681152
vt 0.367676 0.674561
vt 0.350098 0.645508
vt 0.956055 0.209961
vt 0.286377 0.498047
vt 0.276123 0.500244
vt 0.406250 0.400879
vt 0.218384 0.854492
vt 0.072083 0.226562
vt 0.052917 0.225098
vt 0.069153 0.225098
vt 0.928223 0.128906
vt 0.228149 0.198730
vt 0.230591 0.203125
vt 0.251465 0.679199
vt 0.964844 0.994602
vt 0.973633 0.998588
vt 0.957031 0.995113
vt 0.150024 0.851929
vt 0.734863 0.727051
vt 0.734375 0.725830
vt 0.840820 0.882385
vt 0.292236 0.881958
vt 0.529785 0.152344
vt 0.527344 0.141602
vt 0.448730 0.573486
vt 0.872559 0.596924
vt 0.854004 0.596436
vt 0.917969 0.963226
vt 0.910156 0.965271
vt 0.999512 0.639648
vt 0.987793 0.640137
vt 0.987305 0.635742
vt 0.008942 0.011230
vt 0.936035 0.915710
vt 0.937500 0.907776
vt 0.918945 0.200195
vt 0.724121 0.276367
vt 0.994141 0.889160
vt 0.989746 0.879456
vt 0.994141 0.867065
vt 0.498535 0.459961
vt 0.510254 0.446289
vt 0.507812 0.018555
vt 0.508301 0.000977
vt 0.358887 0.314941
vt 0.978027 0.848145
vt 0.631348 0.414551
vt 0.638672 0.416504
vt 0.918945 0.791992
vt 0.876465 0.797729
vt 0.613281 0.585205
vt 0.601562 0.585938
vt 0.751953 0.519043
vt 0.708008 0.500977
vt 0.625000 0.301758
vt 0.165161 0.119141
vt 0.154419 0.008301
vt 0.149780 0.012695
vt 0.150513 0.008301
vt 0.740234 0.014160
vt 0.744629 0.019043
vt 0.738281 0.047852
vt 0.310059 0.549561
vt 0.301514 0.555908
vt 0.243164 0.419922
vt 0.966309 0.437988
vt 0.406982 0.270996
vt 0.153931 0.538818
vt 0.960449 0.192383
vt 0.954590 0.180176
vt 0.752930 0.373047
vt 0.755859 0.375977
vt 0.991211 0.903870
vt 0.341553 0.727051
vt 0.322998 0.753906
vt 0.375732 0.272461
vt 0.534668 0.894714
vt 0.528809 0.879700
vt 0.332031 0.549316
vt 0.794922 0.719971
vt 0.793945 0.718994
vt 0.469971 0.030273
vt 0.707520 0.997530
vt 0.711914 0.995571
vt 0.728027 0.997284
vt 0.760254 0.455078
vt 0.754883 0.469238
vt 0.353027 0.205078
vt 0.355713 0.221680
vt 0.348145 0.217773
vt 0.809570 0.732178
vt 0.103943 0.316406
vt 0.112854 0.292480
vt 0.124573 0.312500
vt 0.627930 0.970047
vt 0.276611 0.188477
vt 0.319092 0.827515
vt 0.798340 0.058105
vt 0.799316 0.073730
vt 0.216309 0.324707
vt 0.221191 0.323730
vt 0.237183 0.327637
vt 0.211182 0.014160
vt 0.226929 0.011719
vt 0.895020 0.626465
vt 0.400146 0.357422
vt 0.031525 0.248047
vt 0.004501 0.234375
vt 0.166260 0.667969
vt 0.175293 0.651855
vt 0.193115 0.666016
vt 0.011551 0.534180
vt 0.012650 0.527100
vt 0.312012 0.375488
vt 0.335938 0.377930
vt 0.323975 0.396973
vt 0.775391 0.612549
vt 0.647949 0.328125
vt 0.667969 0.312012
vt 0.651367 0.286133
vt 0.965820 0.291016
vt 0.982910 0.309082
vt 0.965332 0.310059
vt 0.071960 0.985962
vt 0.542969 0.428223
vt 0.826660 0.023926
vt 0.149536 0.221680
vt 0.043579 0.185547
vt 0.042297 0.186523
vt 0.823730 0.491211
vt 0.619629 0.438965
vt 0.265381 0.852173
vt 0.265381 0.843994
vt 0.280762 0.853149
vt 0.195312 0.980316
vt 0.882324 0.050781
vt 0.643555 0.929626
vt 0.792480 0.204590
vt 0.774902 0.202148
vt 0.774902 0.189941
vt 0.347656 0.382812
vt 0.151611 0.698975
vt 0.638184 0.595947
vt 0.855469 0.875854
vt 0.479004 0.400879
vt 0.862793 0.581543
vt 0.289062 0.083984
vt 0.762207 0.096191
vt 0.761230 0.106934
vt 0.764648 0.606689
vt 0.087585 0.784546
vt 0.101379 0.785156
vt 0.615723 0.275391
vt 0.993164 0.908569
vt 0.211914 0.123535
vt 0.223022 0.119141
vt 0.625488 0.495605
vt 0.635254 0.467773
vt 0.428223 0.807983
vt 0.866211 0.712646
vt 0.306885 0.921509
vt 0.843750 0.362793
vt 0.836914 0.359375
vt 0.834473 0.347656
vt 0.194580 0.008301
vt 0.194580 0.037598
vt 0.184814 0.013672
vt 0.976074 0.749756
vt 0.843750 0.780884
vt 0.877930 0.125977
vt 0.811035 0.072754
vt 0.066467 0.029785
vt 0.057739 0.032715
vt 0.057770 0.029785
vt 0.793457 0.249023
vt 0.797852 0.246582
vt 0.688477 0.622070
vt 0.667969 0.622559
vt 0.574707 0.635498
vt 0.447021 0.227051
vt 0.848633 0.443359
vt 0.457764 0.542236
vt 0.195679 0.655029
vt 0.196655 0.628906
vt 0.179810 0.866577
vt 0.404297 0.263184
vt 0.402100 0.256836
vt 0.500000 0.794678
vt 0.968750 0.016113
vt 0.841309 0.547852
vt 0.523926 0.442871
vt 0.959961 0.779297
vt 0.651855 0.490723
vt 0.013550 0.925049
vt 0.399414 0.262207
vt 0.571777 0.986107
vt 0.563965 0.991089
vt 0.736816 0.320801
vt 0.732910 0.312012
vt 0.741699 0.313965
vt 0.715820 0.107910
vt 0.552734 0.216797
vt 0.334717 0.420410
vt 0.320068 0.416504
vt 0.330078 0.406250
vt 0.310791 0.333008
vt 0.322510 0.354492
vt 0.454102 0.118164
vt 0.454834 0.120605
vt 0.609863 0.331543
vt 0.988770 0.321289
vt 0.988770 0.295410
vt 0.991211 0.309570
vt 0.496094 0.876282
vt 0.144775 0.103027
vt 0.147827 0.601074
vt 0.147217 0.605225
vt 0.534180 0.633545
vt 0.950684 0.888794
vt 0.951172 0.895508
vt 0.601562 0.807251
vt 0.600098 0.798950
vt 0.031372 0.366699
vt 0.044739 0.367676
vt 0.021774 0.367676
vt 0.064331 0.936218
vt 0.048737 0.956055
vt 0.648438 0.245117
vt 0.636719 0.243652
vt 0.200562 0.053711
vt 0.191284 0.062500
vt 0.190552 0.058594
vt 0.200684 0.045410
vt 0.614258 0.558350
vt 0.618164 0.579834
vt 0.722168 0.577637
vt 0.857422 0.759521
vt 0.202881 0.659668
vt 0.831543 0.348145
vt 0.194214 0.703857
vt 0.203857 0.698242
vt 0.201538 0.708740
vt 0.884277 0.933228
vt 0.878418 0.941315
vt 0.331787 0.980103
vt 0.340332 0.976059
vt 0.367676 0.979843
vt 0.122009 0.981476
vt 0.476074 0.625977
vt 0.462891 0.623291
vt 0.207764 0.748291
vt 0.201172 0.744141
vt 0.450684 0.021973
vt 0.446777 0.029297
vt 0.439453 0.024902
vt 0.179932 0.610107
vt 0.456543 0.823730
vt 0.169312 0.140137
vt 0.170776 0.145996
vt 0.192139 0.906738
vt 0.200928 0.906921
vt 0.814453 0.599609
vt 0.882324 0.174805
vt 0.738770 0.576416
vt 0.740234 0.572510
vt 0.740234 0.977264
vt 0.744141 0.983521
vt 0.726562 0.971390
vt 0.708008 0.339355
vt 0.712402 0.343750
vt 0.677734 0.702881
vt 0.116943 0.015625
vt 0.092407 0.295898
vt 0.090454 0.295410
vt 0.292236 0.910950
vt 0.903320 0.916321
vt 0.905762 0.904419
vt 0.906250 0.910950
vt 0.875977 0.128418
vt 0.876465 0.131836
vt 0.744629 0.924072
vt 0.732422 0.909302
vt 0.749512 0.910034
vt 0.433838 0.675049
vt 0.898926 0.909912
vt 0.886719 0.898560
vt 0.900391 0.897705
vt 0.122925 0.656250
vt 0.130615 0.659912
vt 0.121704 0.666748
vt 0.110474 0.832886
vt 0.095520 0.809937
vt 0.111206 0.824219
vt 0.843262 0.435547
vt 0.867188 0.426270
vt 0.925781 0.733398
vt 0.763184 0.946899
vt 0.890625 0.861816
vt 0.865234 0.840576
vt 0.908691 0.839600
vt 0.904785 0.524658
vt 0.821289 0.414062
vt 0.893555 0.932312
vt 0.889648 0.931702
vt 0.900391 0.919189
vt 0.266357 0.081055
vt 0.711426 0.095215
vt 0.955078 0.947632
vt 0.720703 0.891174
vt 0.395020 0.286133
vt 0.333984 0.708252
vt 0.584473 0.278320
vt 0.819336 0.167969
vt 0.823242 0.174805
vt 0.143066 0.585938
vt 0.275635 0.123047
vt 0.293213 0.116211
vt 0.298096 0.134277
vt 0.962402 0.282227
vt 0.941406 0.265625
vt 0.858398 0.888550
vt 0.131348 0.417480
vt 0.145996 0.421387
vt 0.222656 0.846436
vt 0.225952 0.846802
vt 0.018906 0.262695
vt 0.004337 0.260742
vt 0.611328 0.773926
vt 0.613770 0.754761
vt 0.666016 0.110352
vt 0.675293 0.124023
vt 0.649414 0.121094
vt 0.248779 0.302734
vt 0.262695 0.309082
vt 0.249268 0.317871
vt 0.319092 0.906921
vt 0.386230 0.159180
vt 0.914551 0.001465
vt 0.473389 0.320312
vt 0.466064 0.338379
vt 0.088745 0.443848
vt 0.108215 0.436035
vt 0.090759 0.448242
vt 0.230835 0.641602
vt 0.781250 0.206055
vt 0.795410 0.208984
vt 0.785645 0.221191
vt 0.335205 0.341309
vt 0.566895 0.172852
vt 0.056244 0.779175
vt 0.056244 0.738037
vt 0.088074 0.753052
vt 0.922852 0.720215
vt 0.095825 0.299316
vt 0.092163 0.297363
vt 0.602051 0.581055
vt 0.126587 0.976440
vt 0.123718 0.977905
vt 0.839355 0.331543
vt 0.226074 0.102051
vt 0.670898 0.234375
vt 0.679199 0.251465
vt 0.676758 0.250977
vt 0.023636 0.203613
vt 0.018951 0.206055
vt 0.022766 0.203125
vt 0.536621 0.854736
vt 0.147705 0.161621
vt 0.455566 0.029785
vt 0.148438 0.016113
vt 0.666016 0.238281
vt 0.667969 0.238770
vt 0.270264 0.042480
vt 0.190308 0.649658
vt 0.173584 0.643311
vt 0.377930 0.131348
vt 0.400146 0.114746
vt 0.434326 0.623291
vt 0.429199 0.624023
vt 0.960938 0.160156
vt 0.471191 0.388672
vt 0.763672 0.953888
vt 0.768066 0.943726
vt 0.493408 0.842651
vt 0.769531 0.220703
vt 0.296143 0.042480
vt 0.286621 0.756104
vt 0.967773 0.529297
vt 0.089722 0.542725
vt 0.758789 0.088867
vt 0.805176 0.088867
vt 0.771973 0.099609
vt 0.240723 0.501465
vt 0.827148 0.413086
vt 0.001511 0.833618
vt 0.988281 0.581787
vt 0.375977 0.478027
vt 0.376465 0.491211
vt 0.387939 0.046875
vt 0.402344 0.032715
vt 0.419434 0.047363
vt 0.770020 0.013184
vt 0.779785 0.019043
vt 0.764160 0.024414
vt 0.760742 0.115234
vt 0.786133 0.101562
vt 0.222534 0.720703
vt 0.223877 0.703369
vt 0.093384 0.535645
vt 0.647949 0.786743
vt 0.239380 0.975403
vt 0.759766 0.037598
vt 0.761230 0.039062
vt 0.363525 0.280273
vt 0.031738 0.865356
vt 0.661133 0.584717
vt 0.654297 0.580566
vt 0.397949 0.320801
vt 0.388184 0.310547
vt 0.980957 0.608398
vt 0.853027 0.720215
vt 0.575195 0.765015
vt 0.587891 0.762451
vt 0.586914 0.774536
vt 0.530762 0.267090
vt 0.530273 0.264648
vt 0.328857 0.542725
vt 0.490234 0.953247
vt 0.443604 0.189941
vt 0.382568 0.122559
vt 0.768555 0.256348
vt 0.764648 0.275879
vt 0.991699 0.747803
vt 0.971191 0.747803
vt 0.985840 0.723145
vt 0.591797 0.608154
vt 0.887207 0.070312
vt 0.009293 0.136230
vt 0.000064 0.133301
vt 0.007912 0.129883
vt 0.033417 0.654297
vt 0.239014 0.388672
vt 0.772949 0.528320
vt 0.765137 0.525146
vt 0.603027 0.417480
vt 0.953125 0.882507
vt 0.467529 0.108398
vt 0.466309 0.110352
vt 0.021088 0.059570
vt 0.040802 0.088867
vt 0.720703 0.952087
vt 0.773926 0.925293
vt 0.349365 0.174805
vt 0.354492 0.191895
vt 0.343262 0.184570
vt 0.437988 0.643066
vt 0.612305 0.907532
vt 0.635742 0.903625
vt 0.623047 0.911560
vt 0.950684 0.911316
vt 0.979004 0.698486
vt 0.354248 0.280273
vt 0.795410 0.134277
vt 0.731934 0.331055
vt 0.342041 0.629395
vt 0.080078 0.496094
vt 0.072083 0.487793
vt 0.075562 0.475098
vt 0.749023 0.995289
vt 0.735840 0.996527
vt 0.735840 0.995594
vt 0.507324 0.169434
vt 0.834473 0.688477
vt 0.833008 0.687012
vt 0.048218 0.223633
vt 0.600098 0.165039
vt 0.384521 0.866577
vt 0.634277 0.233398
vt 0.560547 0.963623
vt 0.075623 0.624023
vt 0.856934 0.861572
vt 0.033600 0.261230
vt 0.038422 0.262207
vt 0.022385 0.261719
vt 0.745117 0.018555
vt 0.755859 0.016602
vt 0.144775 0.360840
vt 0.152466 0.362793
vt 0.050598 0.230469
vt 0.251709 0.979294
vt 0.108948 0.675537
vt 0.108765 0.663818
vt 0.119385 0.660645
vt 0.639160 0.981918
vt 0.641113 0.975159
vt 0.668457 0.982529
vt 0.380371 0.528320
vt 0.525879 0.911011
vt 0.504883 0.904907
vt 0.532227 0.904236
vt 0.902832 0.920166
vt 0.907227 0.918030
vt 0.108643 0.127441
vt 0.121094 0.115723
vt 0.400146 0.191406
vt 0.380615 0.181152
vt 0.587891 0.670166
vt 0.560547 0.673096
vt 0.023514 0.333496
vt 0.330078 0.616699
vt 0.335205 0.622803
vt 0.784668 0.389160
vt 0.039734 0.602051
vt 0.088074 0.999999
vt 0.071045 0.999999
vt 0.075562 0.999016
vt 0.800781 0.084473
vt 0.806641 0.085449
vt 0.522949 0.533936
vt 0.676270 0.759277
vt 0.646973 0.764038
vt 0.663086 0.006836
vt 0.687500 0.011230
vt 0.659180 0.011230
vt 0.740234 0.383301
vt 0.760742 0.376465
vt 0.762695 0.379395
vt 0.733887 0.417480
vt 0.732422 0.419922
vt 0.742188 0.321289
vt 0.850586 0.685303
vt 0.932617 0.453125
vt 0.929199 0.451660
vt 0.823242 0.148438
vt 0.813965 0.145020
vt 0.828613 0.136719
vt 0.910156 0.789551
vt 0.908691 0.786133
vt 0.915527 0.786987
vt 0.712891 0.171875
vt 0.716797 0.158691
vt 0.140625 0.699219
vt 0.841797 0.125977
vt 0.845215 0.117188
vt 0.137573 0.027832
vt 0.138794 0.027344
vt 0.139771 0.027832
vt 0.139404 0.028809
vt 0.144409 0.561035
vt 0.151855 0.558594
vt 0.069336 0.786621
vt 0.126831 0.974945
vt 0.983887 0.710693
vt 0.982910 0.705566
vt 0.987305 0.706787
vt 0.030457 0.412598
vt 0.027618 0.415527
vt 0.007473 0.415527
vt 0.732422 0.947510
vt 0.307617 0.297363
vt 0.863281 0.036133
vt 0.857422 0.030762
vt 0.660156 0.544434
vt 0.662598 0.531738
vt 0.676270 0.533936
vt 0.422363 0.720215
vt 0.189453 0.049316
vt 0.910645 0.410645
vt 0.941895 0.334961
vt 0.976562 0.651367
vt 0.874023 0.019531
vt 0.847656 0.980179
vt 0.833008 0.974991
vt 0.867188 0.975433
vt 0.739258 0.590820
vt 0.727539 0.601807
vt 0.610352 0.653076
vt 0.071777 0.776001
vt 0.072327 0.773560
vt 0.420166 0.187988
vt 0.451660 0.178711
vt 0.778809 0.866577
vt 0.786133 0.858398
vt 0.875488 0.223633
vt 0.404053 0.501221
vt 0.574219 0.558350
vt 0.749512 0.173340
vt 0.379395 0.919128
vt 0.680176 0.757324
vt 0.703613 0.759521
vt 0.469238 0.106934
vt 0.445801 0.819702
vt 0.439209 0.085938
vt 0.766113 0.039062
vt 0.768555 0.037598
vt 0.369141 0.198730
vt 0.364258 0.205566
vt 0.367188 0.819580
vt 0.135254 0.666260
vt 0.922363 0.550293
vt 0.616211 0.604004
vt 0.447510 0.578369
vt 0.077332 0.806274
vt 0.821777 0.186523
vt 0.482666 0.238281
vt 0.463867 0.241211
vt 0.833984 0.133789
vt 0.588379 0.582031
vt 0.767578 0.529297
vt 0.749512 0.525146
vt 0.750488 0.520264
vt 0.160034 0.380859
vt 0.949219 0.950317
vt 0.632324 0.668945
vt 0.031250 0.421875
vt 0.632324 0.408203
vt 0.543945 0.293945
vt 0.264893 0.915833
vt 0.611816 0.218262
vt 0.618652 0.229980
vt 0.998047 0.420410
vt 0.998047 0.442383
vt 0.995117 0.433594
vt 0.899414 0.101074
vt 0.890625 0.073242
vt 0.498535 0.089844
vt 0.538086 0.066406
vt 0.548340 0.097656
vt 0.224609 0.502441
vt 0.297119 0.741943
vt 0.973633 0.841309
vt 0.633301 0.271484
vt 0.670410 0.226562
vt 0.949707 0.402832
vt 0.613770 0.981445
vt 0.625977 0.977676
vt 0.908203 0.767822
vt 0.398438 0.678467
vt 0.381348 0.662598
vt 0.408936 0.650635
vt 0.937988 0.836548
vt 0.945801 0.841675
vt 0.951172 0.861572
vt 0.050720 0.434570
vt 0.893066 0.136230
vt 0.822754 0.299805
vt 0.996094 0.749756
vt 0.302246 0.215332
vt 0.638672 0.463379
vt 0.996094 0.267578
vt 0.956055 0.903198
vt 0.548340 0.348633
vt 0.545410 0.348145
vt 0.987793 0.832520
vt 0.971191 0.829834
vt 0.972656 0.822632
vt 0.215088 0.056152
vt 0.216797 0.046875
vt 0.452148 0.819214
vt 0.452393 0.822510
vt 0.435303 0.825562
vt 0.381592 0.271484
vt 0.647461 0.168945
vt 0.680176 0.055664
vt 0.908691 0.578369
vt 0.655762 0.202148
vt 0.549316 0.032715
vt 0.552734 0.041992
vt 0.517578 0.040527
vt 0.204224 0.339355
vt 0.872070 0.714111
vt 0.890137 0.712402
vt 0.092834 0.551270
vt 0.412109 0.367188
vt 0.180542 0.621338
vt 0.194580 0.627197
vt 0.180908 0.626221
vt 0.759277 0.907227
vt 0.979004 0.159180
vt 0.940918 0.713379
vt 0.946289 0.714600
vt 0.496826 0.914124
vt 0.092224 0.299316
vt 0.801270 0.990440
vt 0.794434 0.986404
vt 0.820801 0.986816
vt 0.585449 0.314941
vt 0.596680 0.319336
vt 0.587891 0.328613
vt 0.532227 0.875366
vt 0.874512 0.781250
vt 0.852051 0.772949
vt 0.937012 0.460938
vt 0.371338 0.682373
vt 0.272705 0.534424
vt 0.861816 0.952301
vt 0.843262 0.969498
vt 0.824219 0.953644
vt 0.928711 0.287109
vt 0.890137 0.285645
vt 0.936523 0.269531
vt 0.397949 0.027832
vt 0.397461 0.031738
vt 0.388916 0.040527
vt 0.063538 0.955841
vt 0.987305 0.708984
vt 0.836914 0.203613
vt 0.496338 0.601562
vt 0.137329 0.882141
vt 0.124329 0.894836
vt 0.764160 0.577637
vt 0.844238 0.982315
vt 0.810059 0.977066
vt 0.816895 0.975067
vt 0.746094 0.998072
vt 0.760254 0.999314
vt 0.741699 0.999958
vt 0.625488 0.925842
vt 0.920898 0.302246
vt 0.537109 0.744141
vt 0.547852 0.752686
vt 0.528809 0.531982
vt 0.326172 0.189941
vt 0.437500 0.547119
vt 0.437988 0.556152
vt 0.579590 0.800293
vt 0.585938 0.790161
vt 0.811035 0.021973
vt 0.783691 0.020020
vt 0.788086 0.013184
vt 0.678223 0.495605
vt 0.675293 0.510742
vt 0.008453 0.707275
vt 0.031555 0.691162
vt 0.033386 0.707031
vt 0.891602 0.436035
vt 0.033508 0.407227
vt 0.012321 0.377930
vt 0.025162 0.370605
vt 0.479004 0.549805
vt 0.931152 0.137695
vt 0.937012 0.146484
vt 0.448486 0.095215
vt 0.446289 0.082520
vt 0.136719 0.387695
vt 0.133301 0.375977
vt 0.137939 0.375488
vt 0.493408 0.381348
vt 0.992188 0.850220
vt 0.033142 0.435059
vt 0.039246 0.463867
vt 0.006573 0.451172
vt 0.938477 0.900452
vt 0.418457 0.402832
vt 0.958496 0.689453
vt 0.970215 0.691650
vt 0.961426 0.718750
vt 0.817871 0.472656
vt 0.032562 0.031738
vt 0.316895 0.152832
vt 0.664551 0.025879
vt 0.792969 0.770630
vt 0.646484 0.878723
vt 0.687988 0.662842
vt 0.152832 0.041016
vt 0.235352 0.776733
vt 0.010391 0.127441
vt 0.041809 0.137695
vt 0.015533 0.151367
vt 0.259033 0.116211
vt 0.281738 0.097168
vt 0.856445 0.508789
vt 0.074402 0.880920
vt 0.313965 0.104980
vt 0.437012 0.625732
vt 0.296143 0.746582
vt 0.586426 0.013672
vt 0.573242 0.013672
vt 0.692383 0.906677
vt 0.733398 0.019043
vt 0.659180 0.780151
vt 0.663086 0.773560
vt 0.665527 0.775635
vt 0.798340 0.022949
vt 0.954590 0.535156
vt 0.316406 0.836670
vt 0.370850 0.570312
vt 0.075684 0.258301
vt 0.075684 0.286621
vt 0.072083 0.243164
vt 0.394043 0.371094
vt 0.406494 0.395996
vt 0.464600 0.585205
vt 0.043701 0.283203
vt 0.452637 0.811401
vt 0.854004 0.651855
vt 0.370117 0.678955
vt 0.823242 0.714600
vt 0.746094 0.517090
vt 0.243896 0.423340
vt 0.572266 0.999579
vt 0.456543 0.813843
vt 0.934082 0.151367
vt 0.177612 0.147461
vt 0.172729 0.152344
vt 0.586426 0.588135
vt 0.235962 0.316895
vt 0.222046 0.312500
vt 0.238892 0.312988
vt 0.119934 0.563477
vt 0.119934 0.544434
vt 0.125000 0.572754
vt 0.167236 0.197754
vt 0.179077 0.187988
vt 0.175415 0.201660
vt 0.999512 0.103027
vt 0.996094 0.084961
vt 0.998535 0.087891
vt 0.070618 0.207031
vt 0.074219 0.206055
vt 0.073425 0.218750
vt 0.305664 0.836426
vt 0.298096 0.819580
vt 0.035980 0.998496
vt 0.037140 0.993183
vt 0.475098 0.684570
vt 0.481689 0.550049
vt 0.345703 0.213867
vt 0.485840 0.461426
vt 0.491211 0.453125
vt 0.330811 0.370117
vt 0.233154 0.192871
vt 0.201538 0.901123
vt 0.209839 0.353516
vt 0.991699 0.706543
vt 0.417725 0.830444
vt 0.618164 0.726074
vt 0.603027 0.721436
vt 0.772461 0.045898
vt 0.774414 0.044434
vt 0.774414 0.046875
vt 0.280518 0.886536
vt 0.817871 0.333496
vt 0.214478 0.485352
vt 0.012787 0.795898
vt 0.000512 0.791870
vt 0.007458 0.791870
vt 0.302490 0.729248
vt 0.306152 0.914062
vt 0.322754 0.908936
vt 0.299072 0.050781
vt 0.332031 0.061035
vt 0.112244 0.899475
vt 0.712891 0.784912
vt 0.962891 0.378906
vt 0.983398 0.380859
vt 0.960449 0.382324
vt 0.994629 0.891235
vt 0.992188 0.906250
vt 0.622070 0.337891
vt 0.626465 0.349609
vt 0.690430 0.472656
vt 0.278076 0.528076
vt 0.225952 0.310059
vt 0.460205 0.511230
vt 0.464111 0.516113
vt 0.459473 0.863037
vt 0.425293 0.861938
vt 0.144653 0.934021
vt 0.639648 0.442383
vt 0.309326 0.813477
vt 0.596191 0.143555
vt 0.555176 0.132324
vt 0.474365 0.765259
vt 0.640137 0.597900
vt 0.082092 0.578857
vt 0.083740 0.577637
vt 0.187256 0.735840
vt 0.192627 0.732422
vt 0.377441 0.563477
vt 0.569824 0.226074
vt 0.795898 0.591309
vt 0.812988 0.602783
vt 0.798340 0.596924
vt 0.268555 0.424805
vt 0.141113 0.879211
vt 0.147583 0.865112
vt 0.055969 0.066895
vt 0.074341 0.053223
vt 0.833984 0.702148
vt 0.837402 0.693604
vt 0.837891 0.696045
vt 0.520996 0.618164
vt 0.519043 0.619873
vt 0.736816 0.817261
vt 0.146606 0.154785
vt 0.151001 0.146484
vt 0.019669 0.835083
vt 0.173096 0.783447
vt 0.855957 0.225098
vt 0.961426 0.325684
vt 0.948730 0.465332
vt 0.977051 0.460938
vt 0.972168 0.465332
vt 0.559082 0.917969
vt 0.553711 0.928833
vt 0.558105 0.917664
vt 0.355957 0.247070
vt 0.081360 0.458984
vt 0.083679 0.456055
vt 0.082825 0.484375
vt 0.973145 0.943146
vt 0.972168 0.946869
vt 0.656250 0.793579
vt 0.656738 0.785522
vt 0.659180 0.794434
vt 0.984863 0.587402
vt 0.978516 0.593018
vt 0.958984 0.579834
vt 0.257080 0.858521
vt 0.795898 0.559814
vt 0.090271 0.574707
vt 0.976562 0.675049
vt 0.222412 0.178223
vt 0.225708 0.177246
vt 0.197876 0.453613
vt 0.181519 0.454590
vt 0.996094 0.746094
vt 0.718750 0.394531
vt 0.720215 0.377930
vt 0.148193 0.097656
vt 0.725098 0.268066
vt 0.716797 0.260742
vt 0.131714 0.361816
vt 0.051300 0.041016
vt 0.050598 0.038574
vt 0.082031 0.045898
vt 0.079956 0.557129
vt 0.057098 0.566895
vt 0.028534 0.562988
vt 0.760254 0.552979
vt 0.407471 0.327637
vt 0.404541 0.336914
vt 0.050629 0.439941
vt 0.071838 0.434570
vt 0.213745 0.288086
vt 0.208740 0.288574
vt 0.342529 0.487793
vt 0.351807 0.492676
vt 0.466553 0.520020
vt 0.810547 0.209961
vt 0.588867 0.618408
vt 0.146118 0.567871
vt 0.161011 0.557617
vt 0.962402 0.860718
vt 0.972656 0.850342
vt 0.972168 0.880615
vt 0.057159 0.988968
vt 0.287598 0.989792
vt 0.311279 0.989792
vt 0.286377 0.990501
vt 0.335205 0.252930
vt 0.089050 0.471680
vt 0.391357 0.347168
vt 0.393799 0.355469
vt 0.381592 0.346680
vt 0.641602 0.411133
vt 0.126465 0.510986
vt 0.248413 0.481445
vt 0.977051 0.328613
vt 0.529297 0.275879
vt 0.983887 0.643066
vt 0.998535 0.643066
vt 0.995605 0.644043
vt 0.542480 0.264648
vt 0.661621 0.772217
vt 0.927246 0.813232
vt 0.999512 0.576904
vt 0.982910 0.567139
vt 0.998047 0.555420
vt 0.760254 0.303711
vt 0.750488 0.307617
vt 0.769531 0.290039
vt 0.960938 0.601807
vt 0.773438 0.445312
vt 0.799316 0.443848
vt 0.776855 0.465332
vt 0.367676 0.831177
vt 0.222534 0.838013
vt 0.488281 0.120117
vt 0.077271 0.576660
vt 0.790039 0.854736
vt 0.962402 0.100098
vt 0.513672 0.970505
vt 0.540527 0.970535
vt 0.771973 0.219727
vt 0.370361 0.466309
vt 0.848145 0.608887
vt 0.833984 0.597412
vt 0.846191 0.579834
vt 0.054413 0.546387
vt 0.513184 0.270508
vt 0.511230 0.262695
vt 0.614258 0.591797
vt 0.215698 0.231934
vt 0.212402 0.333496
vt 0.231079 0.334961
vt 0.022415 0.484863
vt 0.253418 0.526123
vt 0.248047 0.527832
vt 0.069946 0.431641
vt 0.140381 0.029297
vt 0.373535 0.874390
vt 0.369385 0.882080
vt 0.117798 0.597168
vt 0.114746 0.616211
vt 0.524902 0.845581
vt 0.563477 0.847046
vt 0.916992 0.232910
vt 0.982910 0.896851
vt 0.701660 0.315430
vt 0.864746 0.355469
vt 0.850098 0.366211
vt 0.646484 0.416016
vt 0.266113 0.537354
vt 0.478760 0.224609
vt 0.426270 0.526611
vt 0.705078 0.900757
vt 0.704102 0.941132
vt 0.670898 0.929016
vt 0.584473 0.971039
vt 0.583984 0.968353
vt 0.512207 0.559814
vt 0.755371 0.578125
vt 0.122009 0.689209
vt 0.710449 0.672363
vt 0.273682 0.520996
vt 0.845703 0.695557
vt 0.959961 0.799438
vt 0.944824 0.791748
vt 0.966309 0.790405
vt 0.088989 0.853638
vt 0.112610 0.846069
vt 0.727051 0.717285
vt 0.721191 0.733643
vt 0.720703 0.722900
vt 0.944336 0.764160
vt 0.959961 0.767456
vt 0.961914 0.773560
vt 0.713867 0.763184
vt 0.706543 0.755127
vt 0.976074 0.935669
vt 0.444092 0.427246
vt 0.154297 0.146484
vt 0.511230 0.174316
vt 0.753906 0.173340
vt 0.276855 0.939789
vt 0.140259 0.989380
vt 0.138550 0.984482
vt 0.384521 0.712158
vt 0.076172 0.206055
vt 0.401611 0.615479
vt 0.408203 0.631348
vt 0.342773 0.215820
vt 0.724609 0.656250
vt 0.879883 0.867798
vt 0.397217 0.425293
vt 0.422607 0.211426
vt 0.372559 0.864990
vt 0.228027 0.862305
vt 0.675293 0.579590
vt 0.690430 0.572021
vt 0.708008 0.978836
vt 0.725098 0.979172
vt 0.636230 0.671143
vt 0.049316 0.696533
vt 0.052094 0.709229
vt 0.038696 0.703125
vt 0.407959 0.713623
vt 0.578125 0.317871
vt 0.157349 0.297852
vt 0.978027 0.252441
vt 0.972656 0.251953
vt 0.766602 0.206543
vt 0.025787 0.998857
vt 0.335205 0.440430
vt 0.832520 0.940308
vt 0.843750 0.919556
vt 0.836914 0.949219
vt 0.346680 0.814941
vt 0.887207 0.919922
vt 0.397705 0.542969
vt 0.543945 0.875244
vt 0.534180 0.604004
vt 0.539551 0.595459
vt 0.547852 0.601562
vt 0.553223 0.527832
vt 0.474854 0.805420
vt 0.465088 0.821655
vt 0.576660 0.930969
vt 0.570312 0.937439
vt 0.304443 0.718018
vt 0.382324 0.290039
vt 0.341064 0.714111
vt 0.161621 0.344238
vt 0.164429 0.339844
vt 0.172607 0.345703
vt 0.333984 0.839478
vt 0.307617 0.843994
vt 0.086365 0.996162
vt 0.091919 0.982178
vt 0.093933 0.984428
vt 0.587402 0.982651
vt 0.879395 0.500488
vt 0.501953 0.683594
vt 0.485840 0.746582
vt 0.984375 0.000000
vt 0.990723 0.009277
vt 0.965820 0.013672
vt 0.002974 0.523926
vt 0.010208 0.525146
vt 0.242188 0.105957
vt 0.245850 0.099121
vt 0.247559 0.102539
vt 0.137817 0.388672
vt 0.470459 0.903259
vt 0.929688 0.740723
vt 0.948242 0.737061
vt 0.569336 0.965881
vt 0.091064 0.260742
vt 0.001039 0.158691
vt 0.011276 0.158691
vt 0.007477 0.171387
vt 0.679688 0.530029
vt 0.535156 0.369629
vt 0.340576 0.842163
vt 0.058899 0.254395
vt 0.672852 0.545654
vt 0.204468 0.016602
vt 0.375977 0.176758
vt 0.795410 0.198242
vt 0.666504 0.421387
vt 0.341797 0.345703
vt 0.987305 0.515381
vt 0.983887 0.532471
vt 0.975098 0.531494
vt 0.852539 0.251953
vt 0.194580 0.856079
vt 0.183228 0.849487
vt 0.585449 0.913086
vt 0.798828 0.211914
vt 0.245972 0.407227
vt 0.239136 0.403809
vt 0.997070 0.463379
vt 0.994629 0.465332
vt 0.995605 0.443359
vt 0.398926 0.427734
vt 0.026382 0.598145
vt 0.034760 0.592773
vt 0.035004 0.599365
vt 0.050446 0.102051
vt 0.002138 0.179199
vt 0.008209 0.174316
vt 0.007069 0.179199
vt 0.363281 0.613770
vt 0.376709 0.615967
vt 0.369385 0.642578
vt 0.650391 0.583008
vt 0.345459 0.241211
vt 0.960938 0.587891
vt 0.694336 0.887695
vt 0.925781 0.446777
vt 0.927734 0.450195
vt 0.270752 0.910461
vt 0.858887 0.167480
vt 0.879395 0.898010
vt 0.314209 0.750854
vt 0.531250 0.245117
vt 0.498779 0.101074
vt 0.070251 0.375488
vt 0.033234 0.374023
vt 0.054810 0.367676
vt 0.419434 0.433105
vt 0.522461 0.454590
vt 0.067322 0.804443
vt 0.066650 0.800781
vt 0.940918 0.378906
vt 0.950195 0.379883
vt 0.409424 0.343262
vt 0.094666 0.026367
vt 0.410889 0.582520
vt 0.412842 0.591797
vt 0.563477 0.961029
vt 0.339844 0.867554
vt 0.719727 0.451660
vt 0.698242 0.443359
vt 0.191284 0.864990
vt 0.170044 0.854858
vt 0.176147 0.855225
vt 0.138428 0.322266
vt 0.359375 0.912903
vt 0.367188 0.914368
vt 0.976074 0.597900
vt 0.312256 0.759521
vt 0.332764 0.796631
vt 0.894043 0.697510
vt 0.014603 0.687256
vt 0.027420 0.675049
vt 0.049866 0.216797
vt 0.070129 0.223145
vt 0.989746 0.268555
vt 0.816406 0.719971
vt 0.839355 0.147461
vt 0.830566 0.166992
vt 0.148560 0.034180
vt 0.586914 0.607910
vt 0.041931 0.980026
vt 0.042969 0.974701
vt 0.056030 0.981674
vt 0.426270 0.373535
vt 0.994629 0.257812
vt 0.636719 0.308594
vt 0.653320 0.326172
vt 0.594238 0.666748
vt 0.709473 0.411133
vt 0.729980 0.413086
vt 0.770020 0.994968
vt 0.763184 0.997314
vt 0.751953 0.994804
vt 0.238647 0.354004
vt 0.666016 0.276855
vt 0.647461 0.265137
vt 0.662109 0.260742
vt 0.424072 0.706787
vt 0.346191 0.364746
vt 0.117432 0.047852
vt 0.926758 0.338867
vt 0.933594 0.335449
vt 0.161377 0.012207
vt 0.160767 0.000488
vt 0.167358 0.014648
vt 0.898438 0.961487
vt 0.964844 0.718994
vt 0.973633 0.692383
vt 0.980469 0.709961
vt 0.053741 0.743896
vt 0.975586 0.490723
vt 0.769043 0.389160
vt 0.040283 0.991272
vt 0.012589 0.002930
vt 0.013641 0.004883
vt 0.267578 0.597168
vt 0.264893 0.604248
vt 0.731445 0.966644
vt 0.132568 0.026855
vt 0.704102 0.145508
vt 0.687012 0.143555
vt 0.931152 0.745605
vt 0.931641 0.214844
vt 0.003979 0.531494
vt 0.005611 0.534424
vt 0.002132 0.534668
vt 0.596680 0.327637
vt 0.934570 0.396484
vt 0.940918 0.421387
vt 0.047577 0.513184
vt 0.623535 0.854736
vt 0.105530 0.250488
vt 0.813477 0.342773
vt 0.812012 0.345215
vt 0.893555 0.141602
vt 0.416260 0.333984
vt 0.202026 0.032715
vt 0.431885 0.696289
vt 0.881348 0.745117
vt 0.853516 0.656738
vt 0.853027 0.652832
vt 0.805664 0.979446
vt 0.796387 0.974487
vt 0.808105 0.974152
vt 0.036438 0.631592
vt 0.628906 0.209961
vt 0.563477 0.767456
vt 0.572266 0.753174
vt 0.822266 0.350098
vt 0.939453 0.387207
vt 0.593262 0.164062
vt 0.459961 0.030273
vt 0.452148 0.040039
vt 0.414062 0.258301
vt 0.989258 0.852295
vt 0.273193 0.348145
vt 0.795410 0.717773
vt 0.454590 0.134277
vt 0.516602 0.414062
vt 0.226074 0.919556
vt 0.989746 0.323730
vt 0.992676 0.325195
vt 0.981934 0.338867
vt 0.957520 0.624512
vt 0.957031 0.605469
vt 0.113892 0.402832
vt 0.111328 0.406250
vt 0.107483 0.402344
vt 0.950195 0.462402
vt 0.127563 0.175293
vt 0.337891 0.232422
vt 0.933105 0.067383
vt 0.935547 0.838867
vt 0.937988 0.848389
vt 0.001710 0.590576
vt 0.005463 0.588623
vt 0.012085 0.590576
vt 0.283447 0.260742
vt 0.213867 0.746094
vt 0.221191 0.745117
vt 0.993164 0.086914
vt 0.994141 0.084473
vt 0.941895 0.767578
vt 0.959961 0.777710
vt 0.130615 0.303223
vt 0.996094 0.396973
vt 0.605469 0.815552
vt 0.597168 0.819946
vt 0.331299 0.229980
vt 0.244141 0.677490
vt 0.104126 0.772461
vt 0.105347 0.814087
vt 0.479004 0.109375
vt 0.465576 0.136719
vt 0.870117 0.496582
vt 0.879395 0.492676
vt 0.471436 0.832275
vt 0.192505 0.193848
vt 0.216187 0.207031
vt 0.928711 0.380371
vt 0.121765 0.760010
vt 0.120728 0.725098
vt 0.138184 0.754150
vt 0.074036 0.039551
vt 0.011589 0.993355
vt 0.518555 0.286133
vt 0.273682 0.032715
vt 0.270508 0.039062
vt 0.955566 0.386230
vt 0.945801 0.388184
vt 0.723145 0.993370
vt 0.161011 0.542725
vt 0.167725 0.538818
vt 0.007149 0.272461
vt 0.008003 0.265137
vt 0.022781 0.272949
vt 0.387207 0.922913
vt 0.885254 0.354980
vt 0.890625 0.372070
vt 0.866699 0.360840
vt 0.500488 0.010742
vt 0.503906 0.022949
vt 0.481934 0.010254
vt 0.119629 0.981064
vt 0.767090 0.970047
vt 0.765137 0.988014
vt 0.761230 0.979462
vt 0.303223 0.942688
vt 0.311523 0.955688
vt 0.870117 0.652344
vt 0.204834 0.391602
vt 0.296143 0.342285
vt 0.829590 0.750977
vt 0.707031 0.899719
vt 0.648926 0.789307
vt 0.340820 0.124023
vt 0.969727 0.255859
vt 0.050842 0.524170
vt 0.052551 0.559082
vt 0.040558 0.551758
vt 0.556641 0.011719
vt 0.562012 0.030273
vt 0.543457 0.030273
vt 0.571777 0.269531
vt 0.428711 0.154785
vt 0.431396 0.145996
vt 0.677246 0.663086
vt 0.939941 0.528320
vt 0.939941 0.492676
vt 0.942871 0.498047
vt 0.003500 0.014160
vt 0.955566 0.220703
vt 0.932617 0.254395
vt 0.924805 0.220703
vt 0.368652 0.430176
vt 0.924805 0.290039
vt 0.950684 0.307617
vt 0.950195 0.309082
vt 0.742676 0.455566
vt 0.886230 0.916199
vt 0.866211 0.916565
vt 0.865723 0.904968
vt 0.427246 0.166992
vt 0.724609 0.922729
vt 0.903320 0.000977
vt 0.153687 0.095215
vt 0.437744 0.900269
vt 0.989258 0.151855
vt 0.163574 0.549805
vt 0.981445 0.288086
vt 0.980469 0.292969
vt 0.967773 0.281738
vt 0.380371 0.151367
vt 0.157715 0.654297
vt 0.526855 0.742676
vt 0.528809 0.735352
vt 0.927734 0.003418
vt 0.934082 0.000977
vt 0.943359 0.002930
vt 0.969727 0.425293
vt 0.963867 0.427734
vt 0.262939 0.954956
vt 0.244751 0.927002
vt 0.614746 0.899109
vt 0.629883 0.856812
vt 0.712402 0.145508
vt 0.726562 0.139648
vt 0.659668 0.034180
vt 0.672363 0.247559
vt 0.864746 0.001953
vt 0.889648 0.010254
vt 0.862793 0.020508
vt 0.978027 0.693115
vt 0.977051 0.687988
vt 0.513672 0.748047
vt 0.286377 0.706787
vt 0.956543 0.930847
vt 0.854004 0.601807
vt 0.645020 0.511719
vt 0.847168 0.631104
vt 0.839844 0.640869
vt 0.831055 0.631104
vt 0.985352 0.510986
vt 0.971191 0.531006
vt 0.964355 0.495117
vt 0.106506 0.997839
vt 0.126953 0.997395
vt 0.381348 0.192871
vt 0.383789 0.202637
vt 0.846191 0.363281
vt 0.592285 0.838745
vt 0.737793 0.728271
vt 0.729980 0.742920
vt 0.653320 0.813232
vt 0.645996 0.809204
vt 0.068542 0.903381
vt 0.055634 0.914734
vt 0.645996 0.030273
vt 0.177490 0.482422
vt 0.559570 0.923462
vt 0.988770 0.012695
vt 0.997070 0.012695
vt 0.999512 0.014160
vt 0.657227 0.840210
vt 0.436523 0.644775
vt 0.527832 0.648438
vt 0.505859 0.645508
vt 0.146851 0.032227
vt 0.740234 0.344238
vt 0.833496 0.873779
vt 0.011887 0.205566
vt 0.766602 0.732666
vt 0.196899 0.619629
vt 0.125366 0.019043
vt 0.656250 0.914246
vt 0.607910 0.968414
vt 0.663574 0.470703
vt 0.665527 0.464844
vt 0.441650 0.646240
vt 0.436279 0.626953
vt 0.433350 0.873657
vt 0.021072 0.412109
vt 0.614746 0.845581
vt 0.400391 0.914368
vt 0.842773 0.066895
vt 0.593750 0.796265
vt 0.078064 0.373535
vt 0.076172 0.372559
vt 0.411377 0.295410
vt 0.472900 0.866211
vt 0.727539 0.742432
vt 0.716797 0.747559
vt 0.178955 0.350098
vt 0.180664 0.342285
vt 0.990234 0.914001
vt 0.994141 0.916687
vt 0.991699 0.935730
vt 0.646973 0.785034
vt 0.646973 0.779907
vt 0.700684 0.748779
vt 0.784668 0.045898
vt 0.787109 0.046875
vt 0.992188 0.614990
vt 0.490479 0.750854
vt 0.489258 0.753540
vt 0.099670 0.519531
vt 0.098938 0.517334
vt 0.818848 0.729492
vt 0.382080 0.296875
vt 0.440674 0.671631
vt 0.436279 0.674805
vt 0.655762 0.302246
vt 0.657227 0.316895
vt 0.729492 0.976364
vt 0.711426 0.976379
vt 0.817383 0.000977
vt 0.757324 0.291504
vt 0.681152 0.227051
vt 0.422607 0.884277
vt 0.426514 0.866577
vt 0.785156 0.724365
vt 0.782227 0.726807
vt 0.075317 0.418457
vt 0.073120 0.377930
vt 0.075989 0.375977
vt 0.519043 0.674316
vt 0.729980 0.968567
vt 0.141235 0.934937
vt 0.132080 0.921631
vt 0.996094 0.828735
vt 0.990723 0.830322
vt 0.980957 0.823853
vt 0.611328 0.415039
vt 0.984863 0.841919
vt 0.936035 0.132812
vt 0.999023 0.601318
vt 0.211426 0.034668
vt 0.947754 0.704590
vt 0.966309 0.042969
vt 0.955566 0.032715
vt 0.422852 0.676270
vt 0.418945 0.655273
vt 0.328125 0.939697
vt 0.347656 0.927612
vt 0.680176 0.551025
vt 0.366211 0.723145
vt 0.379639 0.727295
vt 0.456787 0.177246
vt 0.451416 0.174316
vt 0.459717 0.166016
vt 0.669922 0.933533
vt 0.315918 0.838135
vt 0.094360 0.557129
vt 0.334961 0.474609
vt 0.727539 0.572021
vt 0.723145 0.565430
vt 0.386963 0.021973
vt 0.333984 0.319824
vt 0.335205 0.318848
vt 0.319824 0.896057
vt 0.801758 0.932983
vt 0.008209 0.893005
vt 0.252930 0.053223
vt 0.247803 0.590820
vt 0.228149 0.577148
vt 0.096008 0.863647
vt 0.511719 0.452148
vt 0.512207 0.453125
vt 0.098511 0.945801
vt 0.084473 0.953339
vt 0.716797 0.539551
vt 0.392822 0.363281
vt 0.535645 0.740479
vt 0.785645 0.076172
vt 0.992188 0.897400
vt 0.621582 0.949005
vt 0.667480 0.958344
vt 0.453613 0.114258
vt 0.439697 0.572754
vt 0.509766 0.187500
vt 0.505371 0.185547
vt 0.644043 0.936951
vt 0.153931 0.514648
vt 0.159546 0.499023
vt 0.357910 0.842041
vt 0.467041 0.632568
vt 0.670898 0.410156
vt 0.690430 0.398926
vt 0.692383 0.422852
vt 0.642090 0.286133
vt 0.004875 0.833496
vt 0.093567 0.672607
vt 0.852539 0.832886
vt 0.179321 0.196777
vt 0.329102 0.173828
vt 0.999512 0.370117
vt 0.984863 0.370117
vt 0.994629 0.360352
vt 0.030304 0.030762
vt 0.036713 0.251953
vt 0.297852 0.716309
vt 0.079834 0.969208
vt 0.862793 0.909912
vt 0.862793 0.950195
vt 0.962402 0.110352
vt 0.962891 0.125977
vt 0.958984 0.109863
vt 0.120300 0.526123
vt 0.125854 0.559326
vt 0.118042 0.638672
vt 0.001479 0.116211
vt 0.957031 0.599854
vt 0.687988 0.146484
vt 0.711426 0.150391
vt 0.656738 0.146973
vt 0.933594 0.359863
vt 0.930664 0.358887
vt 0.992188 0.819702
vt 0.994629 0.753906
vt 0.238770 0.300781
vt 0.825195 0.680176
vt 0.846680 0.676758
vt 0.895996 0.225586
vt 0.041290 0.679688
vt 0.652344 0.892212
vt 0.825684 0.204590
vt 0.040283 0.565186
vt 0.641113 0.742920
vt 0.647461 0.727051
vt 0.954590 0.950012
vt 0.953125 0.950775
vt 0.646484 0.021484
vt 0.813477 0.337891
vt 0.506836 0.069336
vt 0.009285 0.379883
vt 0.030380 0.409180
vt 0.006077 0.409668
vt 0.327881 0.353027
vt 0.479736 0.388672
vt 0.713379 0.748047
vt 0.706543 0.333984
vt 0.701660 0.336426
vt 0.404053 0.352539
vt 0.397949 0.352539
vt 0.774902 0.596436
vt 0.532715 0.223633
vt 0.548340 0.223145
vt 0.557617 0.224609
vt 0.213867 0.053223
vt 0.008453 0.085938
vt 0.014580 0.645020
vt 0.476562 0.390137
vt 0.805176 0.759644
vt 0.817383 0.757935
vt 0.031677 0.387695
vt 0.980469 0.544678
vt 0.186768 0.941864
vt 0.210327 0.943512
vt 0.209717 0.971924
vt 0.046326 0.561768
vt 0.003172 0.563965
vt 0.003172 0.553711
vt 0.009636 0.563232
vt 0.574707 0.964691
vt 0.571289 0.963135
vt 0.609863 0.965485
vt 0.537109 0.717041
vt 0.997070 0.081543
vt 0.998535 0.074707
vt 0.998535 0.083008
vt 0.237305 0.496094
vt 0.121399 0.220703
vt 0.115417 0.219727
vt 0.133789 0.211914
vt 0.652344 0.824097
vt 0.929199 0.672119
vt 0.641602 0.724854
vt 0.917480 0.171875
vt 0.920410 0.180176
vt 0.740234 0.973297
vt 0.063904 0.787354
vt 0.080750 0.577637
vt 0.653320 0.661377
vt 0.842285 0.734863
vt 0.779297 0.967468
vt 0.933105 0.186035
vt 0.931641 0.181641
vt 0.889160 0.282715
vt 0.766113 0.802002
vt 0.038025 0.432617
vt 0.175171 0.593994
vt 0.178345 0.600830
vt 0.069275 0.778809
vt 0.996582 0.045410
vt 0.984375 0.036621
vt 0.999512 0.025391
vt 0.681641 0.313477
vt 0.724609 0.833252
vt 0.493164 0.584473
vt 0.957031 0.926025
vt 0.489746 0.250000
vt 0.481201 0.257324
vt 0.672363 0.973831
vt 0.009628 0.198730
vt 0.987305 0.670898
vt 0.996094 0.677246
vt 0.979004 0.677246
vt 0.814453 0.860229
vt 0.571289 0.081543
vt 0.221802 0.476074
vt 0.953125 0.633545
vt 0.968750 0.634277
vt 0.964355 0.647949
vt 0.955078 0.642822
vt 0.742188 0.122559
vt 0.146606 0.301758
vt 0.135864 0.299316
vt 0.054596 0.412598
vt 0.597656 0.270508
vt 0.778320 0.499512
vt 0.993652 0.552246
vt 0.997559 0.745361
vt 0.636230 0.014648
vt 0.269287 0.566162
vt 0.909180 0.584229
vt 0.547363 0.759644
vt 0.556641 0.743896
vt 0.647461 0.595215
vt 0.699219 0.884644
vt 0.698730 0.871704
vt 0.709473 0.408691
vt 0.864258 0.039551
vt 0.433594 0.091309
vt 0.173462 0.713623
vt 0.977539 0.468262
vt 0.845215 0.231934
vt 0.822266 0.783081
vt 0.825684 0.752808
vt 0.518555 0.532959
vt 0.780762 0.606201
vt 0.024551 0.358398
vt 0.020157 0.364746
vt 0.022217 0.358398
vt 0.079773 0.033691
vt 0.068481 0.030762
vt 0.102417 0.032227
vt 0.265869 0.757935
vt 0.242188 0.739990
vt 0.118164 0.334473
vt 0.374756 0.091309
vt 0.360352 0.099609
vt 0.745605 0.670654
vt 0.037903 0.809692
vt 0.035889 0.806396
vt 0.510254 0.355957
vt 0.512207 0.333984
vt 0.959961 0.861694
vt 0.929199 0.838501
vt 0.927734 0.836060
vt 0.377197 0.879883
vt 0.096252 0.766968
vt 0.137573 0.312500
vt 0.231323 0.270996
vt 0.988770 0.702881
vt 0.230957 0.717529
vt 0.853516 0.270508
vt 0.823242 0.817749
vt 0.840332 0.820190
vt 0.482910 0.240723
vt 0.886719 0.666016
vt 0.187500 0.605469
vt 0.145996 0.129395
vt 0.257812 0.525391
vt 0.764160 0.399902
vt 0.788574 0.399902
vt 0.593262 0.451172
vt 0.604980 0.933899
vt 0.210571 0.911133
vt 0.552734 0.525635
vt 0.558105 0.045898
vt 0.590820 0.045898
vt 0.593262 0.047363
vt 0.134033 0.397461
vt 0.916992 0.974274
vt 0.757812 0.952515
vt 0.334717 0.050781
vt 0.848145 0.813232
vt 0.355957 0.838257
vt 0.705078 0.784546
vt 0.452148 0.988945
vt 0.440918 0.988945
vt 0.452637 0.986427
vt 0.268066 0.545654
vt 0.738770 0.298828
vt 0.723633 0.281738
vt 0.729492 0.279785
vt 0.747070 0.298828
vt 0.143311 0.786987
vt 0.136841 0.818115
vt 0.139038 0.788208
vt 0.146606 0.316406
vt 0.799805 0.586426
vt 0.921875 0.747803
vt 0.433105 0.864746
vt 0.841309 0.173340
vt 0.866211 0.168457
vt 0.172485 0.157227
vt 0.070129 0.184570
vt 0.607422 0.019531
vt 0.238037 0.855591
vt 0.907227 0.783691
vt 0.535645 0.912659
vt 0.843750 0.777588
vt 0.127197 0.123047
vt 0.132568 0.119629
vt 0.134644 0.126953
vt 0.600098 0.881592
vt 0.809570 0.808716
vt 0.710938 0.484863
vt 0.406006 0.263184
vt 0.992188 0.898560
vt 0.191895 0.518555
vt 0.924316 0.743408
vt 0.235840 0.856323
vt 0.894043 0.222656
vt 0.894531 0.208984
vt 0.186523 0.504883
vt 0.414307 0.111328
vt 0.413818 0.123535
vt 0.530762 0.620361
vt 0.375732 0.582275
vt 0.877441 0.483398
vt 0.886230 0.474121
vt 0.898926 0.470703
vt 0.009171 0.832764
vt 0.009766 0.833862
vt 0.530762 0.633545
vt 0.116516 0.338867
vt 0.211060 0.061523
vt 0.721191 0.312500
vt 0.577637 0.582520
vt 0.596191 0.903992
vt 0.187988 0.394531
vt 0.181152 0.409180
vt 0.156372 0.405273
vt 0.488037 0.943390
vt 0.471191 0.742188
vt 0.461182 0.745361
vt 0.488525 0.471680
vt 0.036865 0.433594
vt 0.331787 0.165527
vt 0.317383 0.140625
vt 0.371826 0.141113
vt 0.714844 0.380371
vt 0.012749 0.634033
vt 0.031769 0.883667
vt 0.796387 0.233887
vt 0.920898 0.885315
vt 0.447021 0.019043
vt 0.469238 0.005371
vt 0.460693 0.015137
vt 0.541504 0.137695
vt 0.639648 0.664551
vt 0.557617 0.951355
vt 0.558594 0.953033
vt 0.552246 0.947083
vt 0.259277 0.991478
vt 0.272949 0.989876
vt 0.133789 0.198242
vt 0.839355 0.873291
vt 0.841309 0.876465
vt 0.766602 0.151367
vt 0.417725 0.049316
vt 0.406494 0.075684
vt 0.387695 0.059570
vt 0.611816 0.489746
vt 0.617676 0.486328
vt 0.620605 0.929077
vt 0.840332 0.877808
vt 0.375000 0.296875
vt 0.372803 0.297363
vt 0.907227 0.349609
vt 0.925293 0.350098
vt 0.932617 0.355957
vt 0.840820 0.918518
vt 0.830566 0.923523
vt 0.303711 0.753174
vt 0.365479 0.843750
vt 0.386719 0.826538
vt 0.183472 0.669189
vt 0.187988 0.680908
vt 0.183350 0.680664
vt 0.776367 0.613281
vt 0.753906 0.616455
vt 0.866211 0.044922
vt 0.320801 0.060547
vt 0.650879 0.598877
vt 0.649902 0.602539
vt 0.177246 0.868530
vt 0.008430 0.668457
vt 0.188965 0.916931
vt 0.742188 0.516602
vt 0.341553 0.339844
vt 0.615723 0.415039
vt 0.465820 0.738281
vt 0.449463 0.984161
vt 0.328857 0.120117
vt 0.281738 0.170410
vt 0.727539 0.659912
vt 0.798340 0.761230
vt 0.812500 0.771484
vt 0.838867 0.140625
vt 0.758789 0.918518
vt 0.769043 0.917297
vt 0.218262 0.775635
vt 0.401123 0.294434
vt 0.130493 0.019531
vt 0.127075 0.030273
vt 0.611816 0.484375
vt 0.924805 0.643311
vt 0.273926 0.067871
vt 0.256592 0.135254
vt 0.262207 0.518799
vt 0.268555 0.525879
vt 0.770020 0.044434
vt 0.767578 0.053223
vt 0.771484 0.914856
vt 0.353760 0.888000
vt 0.883301 0.250977
vt 0.887207 0.238281
vt 0.892090 0.265625
vt 0.030991 0.995930
vt 0.030914 0.992886
vt 0.656250 0.602783
vt 0.135376 0.329102
vt 0.133057 0.333984
vt 0.786133 0.086426
vt 0.125366 0.110840
vt 0.479736 0.149414
vt 0.202759 0.378418
vt 0.689453 0.975922
vt 0.607910 0.819946
vt 0.417969 0.291016
vt 0.250977 0.186523
vt 0.150269 0.041992
vt 0.229858 0.074219
vt 0.984375 0.914551
vt 0.984375 0.934753
vt 0.982910 0.907104
vt 0.642090 0.257324
vt 0.427490 0.558350
vt 0.380127 0.349609
vt 0.371826 0.373047
vt 0.367188 0.350098
vt 0.046082 0.273926
vt 0.988770 0.549805
vt 0.027634 0.481934
vt 0.025864 0.481934
vt 0.378418 0.049805
vt 0.778809 0.288086
vt 0.941406 0.786377
vt 0.941895 0.787476
vt 0.481934 0.402832
vt 0.082153 0.931213
vt 0.989746 0.097168
vt 0.179932 0.809204
vt 0.802246 0.423340
vt 0.796875 0.425293
vt 0.322266 0.233887
vt 0.952148 0.117676
vt 0.066223 0.177734
vt 0.046051 0.174805
vt 0.012009 0.963623
vt 0.037750 0.948914
vt 0.040710 0.972870
vt 0.566895 0.639893
vt 0.511230 0.486816
vt 0.467773 0.932739
vt 0.512207 0.781128
vt 0.858887 0.645752
vt 0.851074 0.632812
vt 0.963379 0.573242
vt 0.957031 0.576660
vt 0.142212 0.235840
vt 0.365234 0.565186
vt 0.376709 0.291504
vt 0.218750 0.734863
vt 0.213745 0.736816
vt 0.933594 0.065430
vt 0.934082 0.061035
vt 0.822266 0.576172
vt 0.524902 0.293945
vt 0.710449 0.818970
vt 0.711426 0.817749
vt 0.296387 0.162598
vt 0.223267 0.728271
vt 0.630859 0.799683
vt 0.366699 0.173340
vt 0.378662 0.184570
vt 0.572266 0.022949
vt 0.566406 0.031250
vt 0.596191 0.693604
vt 0.447266 0.415527
vt 0.438721 0.425781
vt 0.547363 0.746094
vt 0.377686 0.842407
vt 0.391113 0.866455
vt 0.374023 0.858887
vt 0.331787 0.906189
vt 0.296631 0.049805
vt 0.155518 0.484863
vt 0.898926 0.000977
vt 0.907227 0.011230
vt 0.881836 0.001465
vt 0.578125 0.915466
vt 0.575195 0.921814
vt 0.829590 0.333984
vt 0.011223 0.712646
vt 0.139160 0.781128
vt 0.075623 0.721191
vt 0.085083 0.723877
vt 0.045990 0.724121
vt 0.827637 0.986282
vt 0.842773 0.987953
vt 0.521973 0.482910
vt 0.607910 0.324219
vt 0.610840 0.329102
vt 0.770996 0.395020
vt 0.670898 0.977951
vt 0.681641 0.985321
vt 0.496338 0.267090
vt 0.476074 0.271484
vt 0.182251 0.354492
vt 0.492920 0.627441
vt 0.421143 0.426758
vt 0.820312 0.093262
vt 0.555664 0.333008
vt 0.804688 0.147949
vt 0.838379 0.997044
vt 0.823730 0.999168
vt 0.833008 0.995670
vt 0.346436 0.637451
vt 0.582520 0.693604
vt 0.553711 0.690430
vt 0.473877 0.005859
vt 0.843262 0.455078
vt 0.832031 0.456055
vt 0.890625 0.730225
vt 0.896973 0.991615
vt 0.876465 0.991173
vt 0.878418 0.988396
vt 0.259033 0.886169
vt 0.429932 0.948334
vt 0.430420 0.956360
vt 0.313721 0.490234
vt 0.675293 0.379395
vt 0.004868 0.580078
vt 0.001053 0.568359
vt 0.011261 0.565674
vt 0.959961 0.127930
vt 0.841797 0.870605
vt 0.312256 0.941498
vt 0.440430 0.139648
vt 0.449951 0.140137
vt 0.446045 0.146484
vt 0.241821 0.888062
vt 0.253174 0.880920
vt 0.373291 0.770020
vt 0.364258 0.796753
vt 0.345459 0.771851
vt 0.958496 0.685303
vt 0.926758 0.686035
vt 0.939453 0.671875
vt 0.493652 0.887451
vt 0.429443 0.549072
vt 0.430664 0.555908
vt 0.920410 0.236328
vt 0.308105 0.657471
vt 0.228760 0.216309
vt 0.220581 0.219238
vt 0.222900 0.202637
vt 0.697754 0.791504
vt 0.900391 0.887146
vt 0.656250 0.606934
vt 0.641602 0.611084
vt 0.681152 0.118652
vt 0.719727 0.080078
vt 0.771973 0.923401
vt 0.945801 0.467285
vt 0.768066 0.875732
vt 0.532715 0.944611
vt 0.527832 0.938721
vt 0.546387 0.911743
vt 0.758301 0.992111
vt 0.758789 0.974182
vt 0.270996 0.497070
vt 0.879883 0.501709
vt 0.427246 0.432129
vt 0.098816 0.590576
vt 0.335938 0.992428
vt 0.310303 0.992428
vt 0.335449 0.989838
vt 0.580566 0.746582
vt 0.406006 0.409668
vt 0.551270 0.880920
vt 0.761230 0.866943
vt 0.661621 0.782837
vt 0.948730 0.903625
vt 0.770020 0.041504
vt 0.786621 0.008789
vt 0.674316 0.082031
vt 0.475098 0.002441
vt 0.140869 0.354980
vt 0.956055 0.398438
vt 0.408447 0.143066
vt 0.408691 0.165527
vt 0.242676 0.651855
vt 0.377686 0.574707
vt 0.099121 0.083496
vt 0.861328 0.992424
vt 0.994629 0.601807
vt 0.993652 0.601807
vt 0.561523 0.849609
vt 0.849609 0.271484
vt 0.191895 0.682129
vt 0.211792 0.680176
vt 0.373779 0.400391
vt 0.962402 0.980499
vt 0.964355 0.984100
vt 0.949707 0.982407
vt 0.127441 0.055176
vt 0.160522 0.057617
vt 0.167847 0.077637
vt 0.440918 0.647217
vt 0.977051 0.685791
vt 0.762207 0.961182
vt 0.760254 0.962616
vt 0.664062 0.516602
vt 0.011795 0.624756
vt 0.569824 0.397949
vt 0.662598 0.473145
vt 0.299561 0.940186
vt 0.312744 0.919250
vt 0.333008 0.929565
vt 0.520020 0.817139
vt 0.244995 0.778809
vt 0.159302 0.014160
vt 0.162842 0.029297
vt 0.961426 0.784180
vt 0.960449 0.786133
vt 0.922852 0.346191
vt 0.234131 0.219727
vt 0.982910 0.189453
vt 0.983398 0.217773
vt 0.757324 0.574463
vt 0.760742 0.541748
vt 0.557617 0.462891
vt 0.895508 0.482422
vt 0.496094 0.526855
vt 0.364258 0.169922
vt 0.349609 0.171387
vt 0.074707 0.328613
vt 0.060608 0.365723
vt 0.035614 0.352539
vt 0.444336 0.966949
vt 0.255127 0.851074
vt 0.002359 0.175293
vt 0.859863 0.863281
vt 0.105042 0.211426
vt 0.949707 0.030762
vt 0.961914 0.049316
vt 0.115295 0.479980
vt 0.330322 0.083496
vt 0.342529 0.083008
vt 0.339600 0.096191
vt 0.063110 0.431152
vt 0.757324 0.962738
vt 0.761230 0.968933
vt 0.609375 0.813721
vt 0.667480 0.149414
vt 0.181519 0.129883
vt 0.192871 0.102051
vt 0.439697 0.755737
vt 0.422119 0.760742
vt 0.974609 0.686035
vt 0.482910 0.928528
vt 0.334717 0.884521
vt 0.334961 0.918457
vt 0.164062 0.651855
vt 0.115295 0.977478
vt 0.252686 0.432617
vt 0.006447 0.624756
vt 0.009315 0.624756
vt 0.008270 0.625977
vt 0.074585 0.970352
vt 0.045654 0.960205
vt 0.077759 0.958740
vt 0.757812 0.971191
vt 0.751953 0.140137
vt 0.727051 0.699951
vt 0.733887 0.713135
vt 0.934570 0.802246
vt 0.663574 0.245117
vt 0.172241 0.090332
vt 0.584961 0.334961
vt 0.552734 0.500244
vt 0.366211 0.381348
vt 0.364502 0.939819
vt 0.374268 0.504883
vt 0.120605 0.290527
vt 0.806641 0.357910
vt 0.533203 0.256836
vt 0.396240 0.992569
vt 0.670410 0.841187
vt 0.406494 0.345215
vt 0.399658 0.917603
vt 0.381104 0.602295
vt 0.902344 0.447754
vt 0.569824 0.339844
vt 0.935547 0.363281
vt 0.684570 0.980713
vt 0.699707 0.980576
vt 0.908203 0.898376
vt 0.897461 0.890320
vt 0.311279 0.585693
vt 0.537598 0.348145
vt 0.616699 0.276367
vt 0.246582 0.316895
vt 0.724609 0.707031
vt 0.796387 0.481934
vt 0.689941 0.007812
vt 0.717773 0.007812
vt 0.689941 0.011719
vt 0.011230 0.279785
vt 0.006172 0.288574
vt 0.003550 0.289551
vt 0.755859 0.450195
vt 0.195068 0.677246
vt 0.339600 0.842163
vt 0.959473 0.375977
vt 0.867676 0.299316
vt 0.794922 0.990562
vt 0.777832 0.990143
vt 0.783203 0.986282
vt 0.940430 0.360840
vt 0.610840 0.817993
vt 0.515625 0.490234
vt 0.140625 0.750122
vt 0.015747 0.344727
vt 0.010017 0.347656
vt 0.001489 0.344727
vt 0.621582 0.416504
vt 0.155396 0.375488
vt 0.487793 0.109863
vt 0.792480 0.401855
vt 0.802246 0.400879
vt 0.134155 0.659180
vt 0.238647 0.516846
vt 0.560547 0.386230
vt 0.459961 0.019043
vt 0.351807 0.723877
vt 0.371338 0.716064
vt 0.614258 0.237793
vt 0.214355 0.159668
vt 0.234741 0.150391
vt 0.230103 0.171387
vt 0.682617 0.715820
vt 0.651855 0.727295
vt 0.670898 0.136230
vt 0.965332 0.976990
vt 0.978027 0.978760
vt 0.499512 0.026367
vt 0.506836 0.028320
vt 0.479980 0.050781
vt 0.013748 0.007324
vt 0.005558 0.930664
vt 0.005070 0.927002
vt 0.625488 0.845215
vt 0.130371 0.413086
vt 0.017609 0.265625
vt 0.020721 0.264648
vt 0.362549 0.604492
vt 0.465088 0.177246
vt 0.473389 0.179199
vt 0.145264 0.781006
vt 0.143433 0.774414
vt 0.096863 0.529785
vt 0.203857 0.479492
vt 0.390381 0.290039
vt 0.767578 0.960266
vt 0.667969 0.915405
vt 0.667969 0.954071
vt 0.646484 0.919983
vt 0.761230 0.287109
vt 0.917969 0.851685
vt 0.923340 0.166992
vt 0.915039 0.171875
vt 0.220947 0.227539
vt 0.205933 0.232422
vt 0.056915 0.020508
vt 0.239136 0.878174
vt 0.884277 0.765137
vt 0.717773 0.815186
vt 0.745117 0.515381
vt 0.201660 0.861938
vt 0.489746 0.434082
vt 0.182739 0.475098
vt 0.900879 0.350586
vt 0.917480 0.357910
vt 0.566895 0.813721
vt 0.118835 0.418457
vt 0.944336 0.427246
vt 0.938477 0.443359
vt 0.928711 0.419434
vt 0.391113 0.545898
vt 0.913086 0.032227
vt 0.401855 0.581787
vt 0.384766 0.599365
vt 0.341309 0.320312
vt 0.445557 0.725586
vt 0.756836 0.395508
vt 0.916016 0.097168
vt 0.527832 0.017578
vt 0.663086 0.610840
vt 0.006348 0.827759
vt 0.006996 0.826050
vt 0.432129 0.373047
vt 0.916016 0.116211
vt 0.924316 0.119141
vt 0.998047 0.334961
vt 0.990723 0.334961
vt 0.995117 0.327637
vt 0.668945 0.066406
vt 0.664551 0.037109
vt 0.675781 0.032715
vt 0.709961 0.346680
vt 0.693848 0.333984
vt 0.402344 0.253906
vt 0.150269 0.833862
vt 0.145386 0.832275
vt 0.564941 0.176758
vt 0.819824 0.964020
vt 0.867188 0.588623
vt 0.865234 0.566162
vt 0.558594 0.333984
vt 0.178589 0.296387
vt 0.838379 0.621582
vt 0.818359 0.607666
vt 0.921875 0.451660
vt 0.568359 0.951538
vt 0.476318 0.209473
vt 0.496826 0.707764
vt 0.487793 0.714111
vt 0.990723 0.969208
vt 0.998047 0.979599
vt 0.990723 0.988434
vt 0.065308 0.648193
vt 0.244629 0.952393
vt 0.228760 0.929016
vt 0.919434 0.203613
vt 0.917969 0.204102
vt 0.917480 0.202148
vt 0.657715 0.842285
vt 0.270020 0.503906
vt 0.788574 0.063477
vt 0.816406 0.822021
vt 0.801270 0.839111
vt 0.117432 0.419922
vt 0.121948 0.469238
vt 0.136597 0.978394
vt 0.355957 0.028809
vt 0.370605 0.036621
vt 0.930176 0.073730
vt 0.856934 0.744141
vt 0.118958 0.145020
vt 0.145386 0.137695
vt 0.789062 0.966522
vt 0.130371 0.357910
vt 0.133179 0.357422
vt 0.760742 0.590088
vt 0.121155 0.700684
vt 0.997559 0.536621
vt 0.601074 0.776245
vt 0.385010 0.470215
vt 0.952148 0.000977
vt 0.938477 0.000000
vt 0.879883 0.923401
vt 0.868164 0.923706
vt 0.885254 0.921021
vt 0.274414 0.950989
vt 0.551758 0.423340
vt 0.984863 0.316406
vt 0.974121 0.325195
vt 0.981445 0.311523
vt 0.920898 0.453125
vt 0.497559 0.481934
vt 0.429932 0.095215
vt 0.725098 0.958008
vt 0.152588 0.954773
vt 0.402344 0.427246
vt 0.512207 0.322754
vt 0.440430 0.567383
vt 0.634277 0.764893
vt 0.662109 0.755737
vt 0.935547 0.073730
vt 0.611328 0.971970
vt 0.798340 0.025879
vt 0.733887 0.532715
vt 0.613770 0.621094
vt 0.839844 0.201172
vt 0.998047 0.952759
vt 0.998047 0.973846
vt 0.993164 0.964874
vt 0.264404 0.512695
vt 0.263672 0.516357
vt 0.762207 0.806763
vt 0.764160 0.804565
vt 0.089233 0.660645
vt 0.196411 0.288574
vt 0.206299 0.294434
vt 0.769531 0.673584
vt 0.995605 0.282715
vt 0.542969 0.758545
vt 0.020203 0.021973
vt 0.955566 0.168457
vt 0.036133 0.316895
vt 0.016510 0.317383
vt 0.702637 0.690186
vt 0.836426 0.746826
vt 0.632812 0.979050
vt 0.170288 0.635010
vt 0.891113 0.748047
vt 0.281250 0.419434
vt 0.320801 0.203613
vt 0.800781 0.290039
vt 0.959961 0.998994
vt 0.177490 0.978683
vt 0.175903 0.975998
vt 0.212769 0.977478
vt 0.900879 0.111328
vt 0.339111 0.350586
vt 0.105225 0.434570
vt 0.242432 0.691406
vt 0.244385 0.688477
vt 0.991211 0.679443
vt 0.999512 0.685303
vt 0.992188 0.695557
vt 0.808594 0.839233
vt 0.722656 0.839844
vt 0.678711 0.433105
vt 0.970703 0.948181
vt 0.295654 0.055176
vt 0.813965 0.604492
vt 0.456055 0.137695
vt 0.172363 0.734863
vt 0.053894 0.757812
vt 0.813477 0.393066
vt 0.151855 0.511475
vt 0.903809 0.467773
vt 0.631348 0.110840
vt 0.613770 0.133301
vt 0.051941 0.295898
vt 0.041382 0.300293
vt 0.699707 0.971863
vt 0.701660 0.950867
vt 0.311523 0.278320
vt 0.487305 0.774902
vt 0.496582 0.767700
vt 0.491943 0.774658
vt 0.191895 0.463379
vt 0.174438 0.476074
vt 0.161255 0.948914
vt 0.882324 0.179199
vt 0.878418 0.201172
vt 0.120728 0.981812
vt 0.588867 0.975403
vt 0.008842 0.826782
vt 0.008415 0.828369
vt 0.057373 0.498047
vt 0.461670 0.113281
vt 0.821289 0.866089
vt 0.927246 0.004883
vt 0.921875 0.395020
vt 0.602051 0.328613
vt 0.698242 0.437012
vt 0.815918 0.098633
vt 0.446045 0.865356
vt 0.012100 0.542236
vt 0.784180 0.954376
vt 0.797852 0.959564
vt 0.811523 0.606201
vt 0.975586 0.314941
vt 0.352783 0.249512
vt 0.261719 0.036133
vt 0.261719 0.006836
vt 0.285400 0.020996
vt 0.193359 0.632324
vt 0.563965 0.281250
vt 0.908203 0.193848
vt 0.917969 0.194824
vt 0.936035 0.165039
vt 0.358643 0.758301
vt 0.540039 0.347656
vt 0.250977 0.138184
vt 0.466797 0.019531
vt 0.229492 0.230957
vt 0.223145 0.230469
vt 0.643555 0.211914
vt 0.879883 0.777710
vt 0.882324 0.757568
vt 0.296143 0.225098
vt 0.990723 0.846680
vt 0.987305 0.844727
vt 0.991211 0.833130
vt 0.918457 0.223633
vt 0.079102 0.386230
vt 0.300781 0.559814
vt 0.456055 0.728516
vt 0.829102 0.861938
vt 0.818359 0.863037
vt 0.124939 0.924561
vt 0.151489 0.420410
vt 0.072754 0.415039
vt 0.036133 0.402344
vt 0.069580 0.389648
vt 0.269531 0.473145
vt 0.950684 0.005859
vt 0.179443 0.109375
vt 0.845215 0.456543
vt 0.967773 0.104980
vt 0.986328 0.098633
vt 0.983887 0.127441
vt 0.747070 0.315918
vt 0.740723 0.306641
vt 0.891113 0.195312
vt 0.382812 0.470703
vt 0.560547 0.062012
vt 0.555176 0.058105
vt 0.955566 0.626709
vt 0.954102 0.629395
vt 0.513672 0.052246
vt 0.093140 0.568115
vt 0.060974 0.575195
vt 0.521973 0.527344
vt 0.409912 0.546875
vt 0.424316 0.551270
vt 0.192749 0.244629
vt 0.532715 0.108887
vt 0.984375 0.032227
vt 0.984375 0.013672
vt 0.997070 0.021484
vt 0.399658 0.299316
vt 0.357910 0.016602
vt 0.329834 0.015625
vt 0.327881 0.012695
vt 0.653320 0.512207
vt 0.453125 0.272461
vt 0.138062 0.331055
vt 0.733398 0.781860
vt 0.757324 0.788330
vt 0.413818 0.168945
vt 0.969238 0.141602
vt 0.345947 0.104980
vt 0.197144 0.433105
vt 0.217041 0.442871
vt 0.209839 0.454590
vt 0.518066 0.531738
vt 0.371094 0.944214
vt 0.371582 0.958862
vt 0.752930 0.312012
vt 0.920898 0.454102
vt 0.357422 0.754517
vt 0.082153 0.440918
vt 0.922852 0.537842
vt 0.000987 0.264160
vt 0.782227 0.048340
vt 0.168213 0.120605
vt 0.970703 0.687012
vt 0.946289 0.399414
vt 0.933105 0.987717
vt 0.922852 0.675781
vt 0.886230 0.678467
vt 0.899902 0.638916
vt 0.112366 0.747314
vt 0.106018 0.725098
vt 0.936035 0.058105
vt 0.619141 0.532715
vt 0.911621 0.048828
vt 0.858887 0.123535
vt 0.987793 0.232422
vt 0.972168 0.231934
vt 0.971680 0.219727
vt 0.535156 0.625244
vt 0.560059 0.632568
vt 0.958008 0.420898
vt 0.951660 0.086914
vt 0.002985 0.925415
vt 0.012283 0.912048
vt 0.186890 0.404785
vt 0.190552 0.414062
vt 0.230347 0.223145
vt 0.015350 0.650635
vt 0.023026 0.638672
vt 0.257568 0.033203
vt 0.528320 0.034668
vt 0.513184 0.034668
vt 0.537109 0.026855
vt 0.291992 0.567139
vt 0.446533 0.974289
vt 0.449707 0.977325
vt 0.426270 0.387695
vt 0.622559 0.226562
vt 0.341797 0.601074
vt 0.845215 0.866211
vt 0.428223 0.136230
vt 0.088379 0.832764
vt 0.828613 0.052734
vt 0.828613 0.022461
vt 0.849609 0.029297
vt 0.748047 0.141602
vt 0.388184 0.917786
vt 0.453857 0.818970
vt 0.835449 0.313965
vt 0.099548 0.638672
vt 0.607422 0.963104
vt 0.102295 0.521973
vt 0.098206 0.314453
vt 0.175903 0.678223
vt 0.450439 0.059082
vt 0.467041 0.056641
vt 0.453369 0.064941
vt 0.579590 0.009277
vt 0.586426 0.009277
vt 0.319092 0.129883
vt 0.698242 0.057617
vt 0.680664 0.051758
vt 0.701172 0.024414
vt 0.181763 0.933228
vt 0.139526 0.340820
vt 0.350342 0.019043
vt 0.208008 0.506348
vt 0.338867 0.171387
vt 0.029755 0.939117
vt 0.042267 0.928101
vt 0.693848 0.734863
vt 0.653320 0.734863
vt 0.685059 0.721680
vt 0.962891 0.289062
vt 0.670898 0.259766
vt 0.666992 0.268066
vt 0.126831 0.261719
vt 0.038177 0.608887
vt 0.612305 0.361816
vt 0.001778 0.670410
vt 0.020462 0.676514
vt 0.001216 0.694580
vt 0.002531 0.495117
vt 0.004311 0.493164
vt 0.016678 0.494629
vt 0.937988 0.183594
vt 0.554688 0.582275
vt 0.041443 0.469238
vt 0.076782 0.446289
vt 0.079712 0.472656
vt 0.916504 0.784546
vt 0.453125 0.238281
vt 0.089844 0.290527
vt 0.764648 0.037109
vt 0.790039 0.711670
vt 0.970215 0.815674
vt 0.965820 0.802856
vt 0.970703 0.785400
vt 0.853027 0.971985
vt 0.849121 0.971649
vt 0.298828 0.485352
vt 0.924316 0.684326
vt 0.140625 0.196777
vt 0.145630 0.190918
vt 0.847656 0.102051
vt 0.121033 0.089355
vt 0.111511 0.079590
vt 0.119629 0.053711
vt 0.696289 0.406250
vt 0.916016 0.031738
vt 0.945801 0.031738
vt 0.949219 0.049805
vt 0.851562 0.522217
vt 0.720215 0.966888
vt 0.907715 0.411621
vt 0.890137 0.358398
vt 0.916016 0.370117
vt 0.739746 0.617432
vt 0.753418 0.678955
vt 0.872070 0.992390
vt 0.492676 0.906311
vt 0.172241 0.339355
vt 0.577637 0.227539
vt 0.999512 0.006348
vt 0.133911 0.969849
vt 0.134399 0.978958
vt 0.440918 0.458984
vt 0.994629 0.389160
vt 0.996094 0.374023
vt 0.996094 0.395020
vt 0.006058 0.530518
vt 0.999512 0.076172
vt 0.706543 0.214355
vt 0.999023 0.817017
vt 0.987305 0.817017
vt 0.998535 0.816528
vt 0.167603 0.750854
vt 0.264893 0.901855
vt 0.827637 0.864136
vt 0.201538 0.006348
vt 0.048035 0.995838
vt 0.659668 0.550049
vt 0.535156 0.132812
vt 0.569336 0.953278
vt 0.744141 0.520996
vt 0.746582 0.009766
vt 0.719727 0.009766
vt 0.724609 0.006348
vt 0.008575 0.457520
vt 0.038208 0.466797
vt 0.012268 0.471680
vt 0.336914 0.859619
vt 0.822754 0.597900
vt 0.604980 0.040527
vt 0.282227 0.050781
vt 0.287842 0.056641
vt 0.755371 0.852661
vt 0.534668 0.238770
vt 0.577637 0.007812
vt 0.416260 0.343262
vt 0.286377 0.001953
vt 0.292969 0.022461
vt 0.274902 0.008301
vt 0.687012 0.866333
vt 0.687500 0.843872
vt 0.705078 0.854248
vt 0.278809 0.041992
vt 0.384766 0.706055
vt 0.574707 0.777222
vt 0.218750 0.037598
vt 0.068726 0.885986
vt 0.237427 0.243652
vt 0.210083 0.243164
vt 0.451660 0.004883
vt 0.962402 0.885254
vt 0.035522 0.169434
vt 0.249878 0.095215
vt 0.240967 0.068848
vt 0.260742 0.056641
vt 0.507324 0.075684
vt 0.646973 0.557861
vt 0.913086 0.995174
vt 0.912598 0.999900
vt 0.900879 0.999489
vt 0.542969 0.905151
vt 0.945312 0.600342
vt 0.867188 0.626953
vt 0.851562 0.623047
vt 0.852539 0.620850
vt 0.092285 0.978012
vt 0.989746 0.520264
vt 0.999512 0.527344
vt 0.986328 0.534424
vt 0.479248 0.876160
vt 0.049957 0.047363
vt 0.084045 0.048340
vt 0.076782 0.250488
vt 0.822754 0.330566
vt 0.131836 0.091309
vt 0.136719 0.082031
vt 0.873535 0.622803
vt 0.901855 0.616943
vt 0.434326 0.647461
vt 0.615723 0.301758
vt 0.618164 0.301270
vt 0.985840 0.607178
vt 0.171997 0.631592
vt 0.387451 0.161133
vt 0.977539 0.385742
vt 0.296143 0.324707
vt 0.582031 0.155273
vt 0.533691 0.292969
vt 0.985840 0.182129
vt 0.984375 0.187012
vt 0.985352 0.159668
vt 0.127197 0.119141
vt 0.134399 0.767700
vt 0.680664 0.541504
vt 0.728027 0.859619
vt 0.994629 0.746826
vt 0.039581 0.850220
vt 0.863770 0.620605
vt 0.558105 0.437012
vt 0.554199 0.467773
vt 0.981445 0.888123
vt 0.978027 0.881226
vt 0.977051 0.874146
vt 0.833008 0.427246
vt 0.245972 0.358887
vt 0.724609 0.667969
vt 0.440918 0.095703
vt 0.205688 0.457031
vt 0.309082 0.399414
vt 0.827148 0.377441
vt 0.963867 0.457520
vt 0.949219 0.597900
vt 0.207520 0.052734
vt 0.683105 0.878723
vt 0.625000 0.936157
vt 0.888672 0.067871
vt 0.888672 0.033203
vt 0.909668 0.046387
vt 0.218750 0.195312
vt 0.730957 0.428711
vt 0.762207 0.579834
vt 0.175293 0.138184
vt 0.173584 0.142578
vt 0.917480 0.995605
vt 0.255859 0.873291
vt 0.032227 0.846924
vt 0.023956 0.852173
vt 0.755859 0.727783
vt 0.323730 0.883057
vt 0.113159 0.600342
vt 0.988770 0.609619
vt 0.534180 0.770752
vt 0.521484 0.751953
vt 0.577148 0.520508
vt 0.590820 0.496094
vt 0.537598 0.263184
vt 0.377441 0.915344
vt 0.968262 0.615967
vt 0.490967 0.176758
vt 0.650879 0.818726
vt 0.565918 0.873291
vt 0.565918 0.832642
vt 0.614746 0.853882
vt 0.826660 0.994987
vt 0.811523 0.996309
vt 0.809082 0.994823
vt 0.028885 0.986259
vt 0.029510 0.988617
vt 0.006935 0.987053
vt 0.829590 0.319824
vt 0.056641 0.994244
vt 0.290283 0.482422
vt 0.892578 0.394531
vt 0.837891 0.377441
vt 0.807129 0.966797
vt 0.209106 0.124023
vt 0.460693 0.789185
vt 0.701660 0.848145
vt 0.405029 0.024414
vt 0.408691 0.024902
vt 0.028809 0.990807
vt 0.639160 0.206055
vt 0.927246 0.738281
vt 0.079651 0.165039
vt 0.542969 0.346191
vt 0.986328 0.335938
vt 0.748535 0.068359
vt 0.381836 0.504150
vt 0.795898 0.370605
vt 0.747070 0.897217
vt 0.681152 0.519043
vt 0.526367 0.565918
vt 0.005077 0.592529
vt 0.917969 0.449707
vt 0.913086 0.399414
vt 0.173462 0.917664
vt 0.011070 0.475098
vt 0.534180 0.481934
vt 0.571289 0.942993
vt 0.569336 0.940277
vt 0.361816 0.762207
vt 0.620605 0.210938
vt 0.272217 0.628906
vt 0.032867 0.481445
vt 0.031128 0.481445
vt 0.655273 0.400391
vt 0.894531 0.186523
vt 0.678711 0.262695
vt 0.669922 0.553467
vt 0.006748 0.229980
vt 0.010117 0.231445
vt 0.003674 0.231445
vt 0.212524 0.074707
vt 0.223877 0.051758
vt 0.713379 0.953156
vt 0.000576 0.830688
vt 0.438965 0.648682
vt 0.173828 0.978333
vt 0.148438 0.978592
vt 0.155396 0.975098
vt 0.987305 0.214844
vt 0.998535 0.214844
vt 0.985352 0.215332
vt 0.754883 0.955261
vt 0.649902 0.581543
vt 0.067688 0.794922
vt 0.070435 0.697998
vt 0.067017 0.718750
vt 0.067139 0.707275
vt 0.614258 0.352539
vt 0.801270 0.754028
vt 0.867676 0.662354
vt 0.598633 0.476074
vt 0.003283 0.537842
vt 0.009262 0.544189
vt 0.003056 0.542236
vt 0.821777 0.096191
vt 0.529297 0.283691
vt 0.775391 0.728516
vt 0.131470 0.817505
vt 0.117371 0.860840
vt 0.113403 0.825562
vt 0.940918 0.458496
vt 0.944336 0.455078
vt 0.942871 0.491211
vt 0.587402 0.924255
vt 0.008652 0.696533
vt 0.006180 0.699951
vt 0.003664 0.698242
vt 0.428711 0.896179
vt 0.071655 0.578125
vt 0.183105 0.510254
vt 0.144897 0.022949
vt 0.146729 0.022949
vt 0.156616 0.034180
vt 0.507812 0.025879
vt 0.465332 0.284668
vt 0.043457 0.091309
vt 0.185303 0.928040
vt 0.754395 0.917480
vt 0.757324 0.893616
vt 0.722168 0.222656
vt 0.023071 0.767944
vt 0.024704 0.791504
vt 0.936035 0.515137
vt 0.125854 0.943115
vt 0.231445 0.846924
vt 0.207764 0.338379
vt 0.217041 0.346680
vt 0.435547 0.721436
vt 0.559570 0.190430
vt 0.352783 0.011719
vt 0.348633 0.315430
vt 0.587891 0.145996
vt 0.344238 0.130371
vt 0.005623 0.274902
vt 0.020981 0.274902
vt 0.007423 0.277344
vt 0.727051 0.961029
vt 0.727051 0.925171
vt 0.733398 0.929199
vt 0.359619 0.673340
vt 0.093567 0.167969
vt 0.088196 0.137695
vt 0.093079 0.123047
vt 0.839355 0.081055
vt 0.210693 0.826050
vt 0.205566 0.808350
vt 0.916992 0.434570
vt 0.869629 0.898865
vt 0.309570 0.746826
vt 0.662598 0.558838
vt 0.974609 0.735840
vt 0.551270 0.055664
vt 0.130249 0.567871
vt 0.921387 0.785156
vt 0.931152 0.793579
vt 0.618652 0.937317
vt 0.762207 0.034668
vt 0.967773 0.286133
vt 0.961426 0.458984
vt 0.577148 0.611572
vt 0.505371 0.000488
vt 0.116089 0.259277
vt 0.795898 0.572266
vt 0.776855 0.839478
vt 0.512207 0.026855
vt 0.515137 0.072754
vt 0.220459 0.316406
vt 0.817383 0.498535
vt 0.044037 0.443359
vt 0.041138 0.439941
vt 0.973633 0.534180
vt 0.385742 0.988121
vt 0.385742 0.970505
vt 0.413086 0.973419
vt 0.287354 0.863159
vt 0.285400 0.845459
vt 0.319336 0.765869
vt 0.333984 0.769409
vt 0.305176 0.068359
vt 0.537109 0.263184
vt 0.541504 0.016113
vt 0.996094 0.750854
vt 0.862793 0.722656
vt 0.862793 0.723389
vt 0.955566 0.109863
vt 0.956543 0.096680
vt 0.003618 0.622559
vt 0.014191 0.620361
vt 0.015854 0.621582
vt 0.296387 0.752563
vt 0.846191 0.749023
vt 0.798828 0.396973
vt 0.707031 0.809692
vt 0.989258 0.518066
vt 0.999023 0.510986
vt 0.999023 0.515381
vt 0.190063 0.573486
vt 0.190063 0.592529
vt 0.187744 0.573242
vt 0.335205 0.756714
vt 0.069702 0.165039
vt 0.262695 0.529053
vt 0.646484 0.914124
vt 0.262207 0.636230
vt 0.746582 0.849365
vt 0.748047 0.861572
vt 0.728516 0.887756
vt 0.353516 0.091797
vt 0.485107 0.182129
vt 0.082642 0.726074
vt 0.998047 0.063477
vt 0.743164 0.410156
vt 0.118774 0.568115
vt 0.862305 0.727539
vt 0.796387 0.110352
vt 0.798828 0.120117
vt 0.951660 0.662598
vt 0.853516 0.687012
vt 0.773438 0.668213
vt 0.746582 0.652344
vt 0.041565 0.847412
vt 0.866699 0.611084
vt 0.276123 0.141602
vt 0.838379 0.585938
vt 0.128418 0.296875
vt 0.045563 0.087402
vt 0.050598 0.074707
vt 0.069458 0.088379
vt 0.019043 0.622559
vt 0.775391 0.167969
vt 0.785645 0.169922
vt 0.929199 0.290039
vt 0.654297 0.595459
vt 0.621094 0.355469
vt 0.245117 0.687256
vt 0.943359 0.992420
vt 0.938965 0.986397
vt 0.962891 0.987221
vt 0.453369 0.898621
vt 0.337402 0.220703
vt 0.186646 0.939758
vt 0.782715 0.945465
vt 0.776855 0.940430
vt 0.387695 0.333008
vt 0.363770 0.308594
vt 0.878906 0.930054
vt 0.794922 0.833252
vt 0.179443 0.498535
vt 0.249878 0.992455
vt 0.399414 0.948181
vt 0.482666 0.988541
vt 0.479736 0.990608
vt 0.329834 0.348633
vt 0.492676 0.622314
vt 0.246338 0.676025
vt 0.842773 0.816528
vt 0.183228 0.926636
vt 0.115601 0.225098
vt 0.978027 0.390137
vt 0.795410 0.584961
vt 0.885742 0.891479
vt 0.456055 0.654297
vt 0.493896 0.280273
vt 0.439941 0.815674
vt 0.074097 0.347656
vt 0.982910 0.894958
vt 0.978027 0.886902
vt 0.106567 0.583984
vt 0.122742 0.009766
vt 0.791016 0.417480
vt 0.757324 0.954620
vt 0.755371 0.953552
vt 0.605469 0.372559
vt 0.541504 0.739502
vt 0.561035 0.739746
vt 0.551758 0.741943
vt 0.430176 0.008789
vt 0.441650 0.012207
vt 0.425293 0.037598
vt 0.563965 0.950806
vt 0.885254 0.683838
vt 0.388184 0.473633
vt 0.383545 0.730225
vt 0.404541 0.741211
vt 0.347900 0.958069
vt 0.329590 0.957642
vt 0.587402 0.694824
vt 0.595703 0.093262
vt 0.471680 0.023926
vt 0.598633 0.116699
vt 0.963379 0.326660
vt 0.762207 0.055176
vt 0.752441 0.059082
vt 0.981445 0.283203
vt 0.743164 0.016602
vt 0.967285 0.649170
vt 0.974609 0.643066
vt 0.989746 0.648682
vt 0.533691 0.622559
vt 0.547363 0.730469
vt 0.827637 0.014648
vt 0.194946 0.564209
vt 0.192627 0.590088
vt 0.191772 0.539062
vt 0.830078 0.085449
vt 0.218750 0.424316
vt 0.223633 0.373535
vt 0.144043 0.597168
vt 0.775879 0.874146
vt 0.974609 0.239258
vt 0.495850 0.758179
vt 0.004337 0.647461
vt 0.010223 0.645752
vt 0.003571 0.650635
vt 0.933594 0.377930
vt 0.171631 0.165527
vt 0.497070 0.781372
vt 0.992188 0.801025
vt 0.973145 0.815063
vt 0.973633 0.795776
vt 0.561035 0.409180
vt 0.211914 0.433594
vt 0.786621 0.770264
vt 0.389648 0.798584
vt 0.190186 0.709473
vt 0.434814 0.630371
vt 0.933594 0.354980
vt 0.565918 0.524658
vt 0.220093 0.026367
vt 0.852539 0.608887
vt 0.185913 0.595215
vt 0.085876 0.694092
vt 0.469482 0.730957
vt 0.500488 0.565674
vt 0.485840 0.337891
vt 0.547852 0.946472
vt 0.538574 0.968292
vt 0.518066 0.948151
vt 0.984863 0.640869
vt 0.962402 0.624512
vt 0.985352 0.609375
vt 0.597656 0.122070
vt 0.935547 0.902832
vt 0.896973 0.562744
vt 0.885254 0.572510
vt 0.697266 0.976288
vt 0.110168 0.921265
vt 0.964355 0.847900
vt 0.381104 0.164551
vt 0.067749 0.252441
vt 0.744141 0.352539
vt 0.506836 0.263184
vt 0.896973 0.490234
vt 0.801270 0.209473
vt 0.920898 0.996006
vt 0.919922 0.994633
vt 0.936523 0.995167
vt 0.127930 0.274414
vt 0.420898 0.013672
vt 0.423096 0.017578
vt 0.421631 0.040527
vt 0.981445 0.964417
vt 0.729492 0.294922
vt 0.471191 0.000000
vt 0.540527 0.805054
vt 0.939453 0.079102
vt 0.483154 0.069336
vt 0.471436 0.057129
vt 0.461182 0.426758
vt 0.690430 0.699463
vt 0.704590 0.018555
vt 0.673340 0.018555
vt 0.703613 0.013672
vt 0.776367 0.060059
vt 0.928223 0.451172
vt 0.493652 0.576416
vt 0.885254 0.994621
vt 0.902344 0.994621
vt 0.900879 0.996511
vt 0.951172 0.641846
vt 0.954102 0.646729
vt 0.193481 0.741211
vt 0.038544 0.589355
vt 0.187866 0.541016
vt 0.043640 0.646484
vt 0.043640 0.680176
vt 0.041077 0.640625
vt 0.035522 0.691650
vt 0.304443 0.378906
vt 0.143555 0.146973
vt 0.172119 0.435547
vt 0.178467 0.459473
vt 0.147705 0.452637
vt 0.969238 0.232422
vt 0.906250 0.616211
vt 0.033295 0.803101
vt 0.012077 0.832397
vt 0.007095 0.798706
vt 0.509766 0.967896
vt 0.231812 0.230469
vt 0.227417 0.228027
vt 0.428467 0.818237
vt 0.529785 0.638184
vt 0.442871 0.691406
vt 0.938477 0.586914
vt 0.987793 0.982040
vt 0.981934 0.972275
vt 0.987305 0.955383
vt 0.841309 0.999896
vt 0.501465 0.711182
vt 0.395996 0.932678
vt 0.398193 0.950958
vt 0.403076 0.969727
vt 0.789062 0.023926
vt 0.795898 0.026855
vt 0.762695 0.027344
vt 0.092346 0.624756
vt 0.008759 0.995590
vt 0.008110 0.997959
vt 0.003061 0.999312
vt 0.566895 0.162598
vt 0.832520 0.053223
vt 0.147583 0.778564
vt 0.197144 0.289062
vt 0.168579 0.296387
vt 0.413086 0.871460
vt 0.586426 0.871094
vt 0.809570 0.102051
vt 0.962891 0.835693
vt 0.528809 0.623047
vt 0.019455 0.328125
vt 0.053345 0.814209
vt 0.064453 0.809082
vt 0.054321 0.988647
vt 0.031555 0.988647
vt 0.055145 0.986717
vt 0.086548 0.144531
vt 0.854004 0.648438
vt 0.563477 0.855835
vt 0.056274 0.125488
vt 0.605957 0.785645
vt 0.324219 0.936157
vt 0.836426 0.815430
vt 0.708984 0.714111
vt 0.574707 0.832886
vt 0.294678 0.252441
vt 0.753906 0.817139
vt 0.263428 0.198242
vt 0.391113 0.502441
vt 0.858887 0.880005
vt 0.474121 0.073730
vt 0.480713 0.079102
vt 0.569824 0.420410
vt 0.416992 0.581055
vt 0.074402 0.177246
vt 0.949707 0.007324
vt 0.674805 0.976868
vt 0.544434 0.973907
vt 0.498779 0.881714
vt 0.988770 0.212402
vt 0.703613 0.666992
vt 0.253906 0.666260
vt 0.706543 0.647217
vt 0.835938 0.899902
vt 0.415771 0.836914
vt 0.423096 0.864624
vt 0.740234 0.604004
vt 0.482666 0.519287
vt 0.893066 0.356445
vt 0.034576 0.051270
vt 0.071838 0.051270
vt 0.044403 0.062012
vt 0.299072 0.551514
vt 0.634766 0.578369
vt 0.226807 0.013672
vt 0.978516 0.000488
vt 0.961426 0.010254
vt 0.954102 0.000000
vt 0.360596 0.253906
vt 0.845703 0.972839
vt 0.968262 0.831665
vt 0.560547 0.771118
vt 0.850098 0.455566
vt 0.067993 0.676514
vt 0.386963 0.291016
vt 0.993652 0.646729
vt 0.390381 0.342773
vt 0.481934 0.100586
vt 0.939453 0.688232
vt 0.850586 0.593018
vt 0.500977 0.555908
vt 0.486084 0.797119
vt 0.010956 0.586182
vt 0.004131 0.845703
vt 0.005974 0.844360
vt 0.008675 0.848145
vt 0.260498 0.672607
vt 0.653809 0.492188
vt 0.256592 0.092773
vt 0.223877 0.953949
vt 0.380371 0.340820
vt 0.914062 0.781250
vt 0.849609 0.875916
vt 0.321045 0.836426
vt 0.713379 0.816895
vt 0.711914 0.732666
vt 0.883301 0.892822
vt 0.146484 0.478516
vt 0.364990 0.989967
vt 0.360596 0.991943
vt 0.338135 0.989830
vt 0.036957 0.716553
vt 0.994629 0.549316
vt 0.829590 0.518311
vt 0.865723 0.934326
vt 0.002153 0.207031
vt 0.017029 0.217773
vt 0.000700 0.228027
vt 0.460693 0.521484
vt 0.969238 0.323242
vt 0.935059 0.281250
vt 0.946777 0.867310
vt 0.721191 0.250000
vt 0.083618 0.493652
vt 0.570801 0.994862
vt 0.207031 0.040527
vt 0.236206 0.883057
vt 0.914062 0.167480
vt 0.273193 0.402832
vt 0.128174 0.923950
vt 0.120239 0.904236
vt 0.140381 0.883911
vt 0.638672 0.437988
vt 0.590332 0.744873
vt 0.553223 0.999781
vt 0.039520 0.916809
vt 0.241211 0.326660
vt 0.208130 0.098145
vt 0.517578 0.838501
vt 0.646484 0.239258
vt 0.994141 0.660400
vt 0.981934 0.651367
vt 0.998047 0.655518
vt 0.896484 0.228516
vt 0.136597 0.975494
vt 0.586426 0.554688
vt 0.833008 0.902100
vt 0.248169 0.351562
vt 0.962402 0.577393
vt 0.576172 0.337891
vt 0.865234 0.618652
vt 0.046204 0.131836
vt 0.072266 0.141113
vt 0.065552 0.161621
vt 0.088257 0.548584
vt 0.068970 0.807983
vt 0.994141 0.015625
vt 0.041870 0.178223
vt 0.703125 0.409180
vt 0.580078 0.593018
vt 0.420654 0.495117
vt 0.499512 0.762207
vt 0.537598 0.017578
vt 0.983887 0.275391
vt 0.985840 0.272949
vt 0.998535 0.274414
vt 0.015419 0.368164
vt 0.426270 0.622559
vt 0.009247 0.758423
vt 0.003559 0.740967
vt 0.018112 0.739990
vt 0.530762 0.625244
vt 0.573730 0.467285
vt 0.852539 0.642578
vt 0.068542 0.633057
vt 0.294922 0.434570
vt 0.217773 0.906982
vt 0.219116 0.910828
vt 0.769043 0.975525
vt 0.067505 0.608643
vt 0.811035 0.012695
vt 0.996582 0.934082
vt 0.997559 0.942902
vt 0.993164 0.955597
vt 0.606445 0.001465
vt 0.606445 0.017090
vt 0.584961 0.003418
vt 0.554688 0.679199
vt 0.998535 0.287109
vt 0.984375 0.288574
vt 0.983887 0.285156
vt 0.543945 0.773682
vt 0.753418 0.689453
vt 0.489746 0.551025
vt 0.378174 0.160156
vt 0.632812 0.236328
vt 0.416748 0.537354
vt 0.205933 0.752563
vt 0.119263 0.042480
vt 0.954102 0.249023
vt 0.992676 0.839111
vt 0.100586 0.255859
vt 0.226562 0.179199
vt 0.003279 0.912720
vt 0.392822 0.966492
vt 0.759766 0.360352
vt 0.833496 0.906555
vt 0.905762 0.703857
vt 0.993652 0.708496
vt 0.860840 0.227051
vt 0.868652 0.421875
vt 0.708496 0.276855
vt 0.696289 0.265625
vt 0.271729 0.407227
vt 0.423584 0.375977
vt 0.454102 0.518555
vt 0.011467 0.491211
vt 0.437500 0.932861
vt 0.136108 0.658691
vt 0.230591 0.181641
vt 0.012726 0.791016
vt 0.998047 0.750977
vt 0.168823 0.588379
vt 0.402344 0.948608
vt 0.499268 0.273438
vt 0.067139 0.797974
vt 0.300781 0.549316
vt 0.265869 0.864258
vt 0.411865 0.944824
vt 0.052490 0.870361
vt 0.659180 0.523193
vt 0.902344 0.992584
vt 0.896484 0.986725
vt 0.921387 0.987259
vt 0.606445 0.695801
vt 0.433105 0.032715
vt 0.740723 0.065430
vt 0.731445 0.080566
vt 0.642578 0.040527
vt 0.236694 0.175781
vt 0.074402 0.902710
vt 0.074402 0.942108
vt 0.056641 0.922791
vt 0.564453 0.944946
vt 0.035706 0.846436
vt 0.195923 0.096680
vt 0.910645 0.513916
vt 0.109802 0.007324
vt 0.999512 0.067383
vt 0.958496 0.991325
vt 0.974609 0.988304
vt 0.982422 0.991867
vt 0.614258 0.636719
vt 0.764648 0.033691
vt 0.187500 0.618408
vt 0.055237 0.101074
vt 0.113831 0.955139
vt 0.738770 0.301758
vt 0.155273 0.012695
vt 0.919922 0.892395
vt 0.815430 0.983063
vt 0.005177 0.123535
vt 0.017639 0.125000
vt 0.003050 0.125000
vt 0.412842 0.835083
vt 0.792480 0.663574
vt 0.181030 0.061523
vt 0.134766 0.389648
vt 0.536621 0.057129
vt 0.768066 0.987854
vt 0.192139 0.039551
vt 0.167969 0.022461
vt 0.177979 0.014160
vt 0.063599 0.794800
vt 0.006554 0.835938
vt 0.984863 0.291992
vt 0.856934 0.027344
vt 0.438477 0.091309
vt 0.644043 0.402832
vt 0.371826 0.673096
vt 0.598145 0.045898
vt 0.570801 0.033203
vt 0.605957 0.032715
vt 0.509766 0.712402
vt 0.311035 0.130859
vt 0.427002 0.410645
vt 0.305420 0.091309
vt 0.166382 0.244141
vt 0.098328 0.173828
vt 0.677246 0.938477
vt 0.732422 0.846802
vt 0.395020 0.017090
vt 0.405029 0.011719
vt 0.891113 0.115234
vt 0.134888 0.567871
vt 0.134888 0.614746
vt 0.121277 0.580322
vt 0.263916 0.355957
vt 0.792480 0.999771
vt 0.792969 0.995796
vt 0.810059 0.998793
vt 0.161865 0.162598
vt 0.986328 0.553955
vt 0.007313 0.539551
vt 0.004906 0.537598
vt 0.830078 0.145020
vt 0.489502 0.901672
vt 0.790039 0.678711
vt 0.630371 0.207520
vt 0.075195 0.422363
vt 0.287842 0.878052
vt 0.925781 0.606445
vt 0.816406 0.729248
vt 0.073792 0.517822
vt 0.012634 0.230469
vt 0.007065 0.659912
vt 0.002693 0.656738
vt 0.013069 0.647949
vt 0.156250 0.353027
vt 0.309326 0.619385
vt 0.081909 0.578125
vt 0.819336 0.620361
vt 0.821289 0.629639
vt 0.570801 0.011230
vt 0.707031 0.655518
vt 0.799316 0.340332
vt 0.144409 0.428711
vt 0.180786 0.411621
vt 0.567383 0.090332
vt 0.710449 0.817017
vt 0.906738 0.016602
vt 0.243164 0.298828
vt 0.655762 0.767944
vt 0.435303 0.778931
vt 0.444336 0.454102
vt 0.506348 0.991432
vt 0.277100 0.759277
vt 0.581055 0.970154
vt 0.541992 0.898621
vt 0.148682 0.164062
vt 0.916992 0.455078
vt 0.246216 0.846313
vt 0.918945 0.753418
vt 0.972656 0.073242
vt 0.115906 0.902039
vt 0.538086 0.770508
vt 0.619629 0.624512
vt 0.956055 0.267090
vt 0.075989 0.575195
vt 0.077515 0.574951
vt 0.740234 0.418457
vt 0.420166 0.291992
vt 0.427002 0.756470
vt 0.855957 0.684570
vt 0.826660 0.389160
vt 0.515137 0.065430
vt 0.745117 0.951630
vt 0.923340 0.126953
vt 0.015343 0.578369
vt 0.015114 0.795532
vt 0.018570 0.757202
vt 0.018448 0.783081
vt 0.067810 0.370605
vt 0.123718 0.080566
vt 0.116150 0.591553
vt 0.331543 0.910095
vt 0.582031 0.978500
vt 0.391357 0.911926
vt 0.989258 0.679932
vt 0.706543 0.015137
vt 0.737793 0.015137
vt 0.721191 0.018066
vt 0.766602 0.375977
vt 0.712402 0.756592
vt 0.850586 0.681885
vt 0.654297 0.165039
vt 0.948730 0.359375
vt 0.137329 0.863037
vt 0.721680 0.280273
vt 0.852051 0.739014
vt 0.999512 0.118164
vt 0.993652 0.118164
vt 0.994141 0.098633
vt 0.385986 0.030762
vt 0.742676 0.049805
vt 0.466064 0.145020
vt 0.018524 0.028809
vt 0.957031 0.658936
vt 0.293945 0.974915
vt 0.329346 0.978012
vt 0.292725 0.979279
vt 0.920898 0.928162
vt 0.107849 0.489258
vt 0.117310 0.131348
vt 0.844238 0.998495
vt 0.842285 0.994610
vt 0.859863 0.995316
vt 0.599121 0.143066
vt 0.977051 0.419434
vt 0.935059 0.045410
vt 0.491211 0.673828
vt 0.884766 0.106934
vt 0.612305 0.641602
vt 0.380127 0.668457
vt 0.660156 0.405273
vt 0.997070 0.467285
vt 0.550781 0.940460
vt 0.677734 0.067871
vt 0.027435 0.522949
vt 0.015419 0.502197
vt 0.026260 0.484375
vt 0.974121 0.344238
vt 0.868652 0.621826
vt 0.105530 0.561523
vt 0.643066 0.920105
vt 0.553223 0.985001
vt 0.896484 0.011230
vt 0.595703 0.030273
vt 0.283447 0.520264
vt 0.894531 0.111328
vt 0.505859 0.080566
vt 0.878418 0.982651
vt 0.846680 0.982651
vt 0.880371 0.979904
vt 0.333740 0.109375
vt 0.067322 0.788818
vt 0.956543 0.128906
vt 0.012604 0.937958
vt 0.613770 0.785522
vt 0.633301 0.788086
vt 0.119934 0.772339
vt 0.965820 0.812866
vt 0.405029 0.885193
vt 0.338623 0.312012
vt 0.969238 0.883057
vt 0.988770 0.073730
vt 0.846680 0.313477
vt 0.917969 0.454590
vt 0.589355 0.010254
vt 0.904297 0.195801
vt 0.858398 0.817261
vt 0.469482 0.988213
vt 0.643066 0.033203
vt 0.632324 0.036133
vt 0.607910 0.034180
vt 0.636719 0.170410
vt 0.659180 0.387207
vt 0.679199 0.515381
vt 0.376709 0.766846
vt 0.760742 0.854492
vt 0.989746 0.943359
vt 0.297852 0.642090
vt 0.751465 0.614990
vt 0.008675 0.999485
vt 0.993652 0.600586
vt 0.522461 0.619385
vt 0.546875 0.365234
vt 0.968750 0.738037
vt 0.968750 0.768433
vt 0.941895 0.751831
vt 0.422363 0.326172
vt 0.612793 0.406250
vt 0.014442 0.766602
vt 0.942871 0.669678
vt 0.151367 0.949646
vt 0.133179 0.997969
vt 0.498291 0.177734
vt 0.834473 0.326660
vt 0.097900 0.368652
vt 0.379150 0.623047
vt 0.120361 0.352539
vt 0.712402 0.788208
vt 0.017868 0.418457
vt 0.036499 0.064941
vt 0.333008 0.551025
vt 0.252197 0.045898
vt 0.351562 0.343262
vt 0.185669 0.561279
vt 0.002691 0.129395
vt 0.538574 0.263184
vt 0.818359 0.309082
vt 0.917969 0.129395
vt 0.644043 0.948425
vt 0.893555 0.260254
vt 0.912109 0.241211
vt 0.411621 0.023926
vt 0.411621 0.002930
vt 0.418457 0.021484
vt 0.374023 0.050781
vt 0.985840 0.360352
vt 0.002630 0.508301
vt 0.866699 0.941284
vt 0.708008 0.924561
vt 0.266113 0.286621
vt 0.866699 0.999332
vt 0.855469 0.999944
vt 0.872070 0.994637
vt 0.937500 0.383301
vt 0.369141 0.712158
vt 0.951660 0.252441
vt 0.038055 0.919495
vt 0.215698 0.059570
vt 0.337646 0.413574
vt 0.698242 0.888672
vt 0.599609 0.740234
vt 0.979004 0.134766
vt 0.963867 0.139648
vt 0.966797 0.108887
vt 0.972168 0.992481
vt 0.486084 0.401855
vt 0.185913 0.365234
vt 0.953125 0.402344
vt 0.347656 0.726318
vt 0.838867 0.305176
vt 0.001148 0.977615
vt 0.001148 0.948486
vt 0.006241 0.976883
vt 0.499512 0.711426
vt 0.364258 0.395996
vt 0.070801 0.387207
vt 0.750488 0.456543
vt 0.944824 0.722412
vt 0.973633 0.722412
vt 0.954590 0.728271
vt 0.137695 0.026855
vt 0.072937 0.274902
vt 0.673828 0.137207
vt 0.038055 0.170898
vt 0.040497 0.808228
vt 0.682617 0.473145
vt 0.689453 0.110840
vt 0.205078 0.522705
vt 0.125732 0.083496
vt 0.397461 0.207031
vt 0.707031 0.877197
vt 0.505371 0.099609
vt 0.934570 0.620605
vt 0.903320 0.932251
vt 0.993164 0.047852
vt 0.998047 0.056152
vt 0.993164 0.066895
vt 0.987305 0.507812
vt 0.966797 0.492676
vt 0.989746 0.493164
vt 0.938477 0.854370
vt 0.267822 0.980087
vt 0.545410 0.943634
vt 0.937012 0.965912
vt 0.174683 0.012695
vt 0.783203 0.478516
vt 0.187622 0.980942
vt 0.182617 0.996395
vt 0.166992 0.981232
vt 0.952637 0.353516
vt 0.795898 0.581787
vt 0.073608 0.146484
vt 0.997070 0.186035
vt 0.219360 0.699463
vt 0.033997 0.072266
vt 0.199219 0.253906
vt 0.417969 0.024902
vt 0.746582 0.129883
vt 0.576172 0.976715
vt 0.052155 0.677002
vt 0.509277 0.020508
vt 0.466309 0.838379
vt 0.199707 0.430176
vt 0.179199 0.152344
vt 0.505859 0.529297
vt 0.865723 0.163086
vt 0.136963 0.733887
vt 0.263184 0.473633
vt 0.038879 0.389648
vt 0.589355 0.928711
vt 0.684082 0.840210
vt 0.708496 0.802856
vt 0.724121 0.712402
vt 0.824219 0.941071
s 1
usemtl Material_0
f 10/1/1 1/2/2 9/3/3
f 9/3/3 1/2/2 2/4/4
f 2/4/4 1/2/2 3/5/5
f 4/6/6 5/7/7 6/8/8
f 853/9/9 9/3/3 2/4/4
f 4/6/6 6/8/8 7/10/10
f 3/5/5 1/2/2 8/11/11
f 9/12/3 5/7/7 4/6/6
f 8/11/11 1/2/2 10/1/1
f 4/6/6 10/13/1 9/12/3
f 11/14/12 12/15/13 13/16/14
f 14/17/15 13/16/14 12/15/13
f 15/18/16 24/19/17 16/20/18
f 17/21/19 13/16/14 18/22/20
f 18/22/20 19/23/21 14/17/15
f 19/23/21 18/22/20 20/24/22
f 21/25/23 14/17/15 19/23/21
f 14/17/15 17/21/19 18/22/20
f 21/25/23 22/26/24 4953/27/25
f 21/25/23 19/23/21 22/26/24
f 5110/28/26 4953/27/25 22/26/24
f 24/19/17 15/18/16 13/29/14
f 11/14/12 17/21/19 12/15/13
f 4954/30/27 4953/27/25 5110/28/26
f 12/15/13 17/21/19 14/17/15
f 13/16/14 23/31/28 24/32/17
f 11/14/12 13/16/14 17/21/19
f 25/33/29 26/34/30 27/35/31
f 36/36/32 28/37/33 29/38/34
f 30/39/35 31/40/36 32/41/37
f 33/42/38 34/43/39 25/33/29
f 30/39/35 35/44/40 40/45/41
f 31/40/36 33/46/38 32/41/37
f 29/38/34 33/46/38 36/36/32
f 31/40/36 34/47/39 33/46/38
f 35/44/40 30/39/35 32/41/37
f 4779/48/42 36/49/32 27/35/31
f 27/50/31 37/51/43 4779/52/42
f 27/35/31 36/49/32 25/33/29
f 28/37/33 35/44/40 29/38/34
f 41/53/44 30/39/35 40/45/41
f 32/41/37 29/38/34 35/44/40
f 38/54/45 35/55/40 39/56/46
f 35/55/40 38/54/45 40/57/41
f 25/33/29 36/49/32 33/42/38
f 26/34/30 25/33/29 34/43/39
f 38/54/45 41/58/44 40/57/41
f 33/46/38 29/38/34 32/41/37
f 42/59/47 43/60/48 47/61/49
f 66/62/50 44/63/51 45/64/52
f 46/65/53 45/64/52 44/63/51
f 51/66/54 47/67/49 48/68/55
f 43/60/48 62/69/56 61/70/57
f 49/71/58 42/59/47 50/72/59
f 1363/73/60 4645/74/61 45/75/52
f 51/76/54 52/77/62 47/61/49
f 58/78/63 53/79/64 54/80/65
f 58/78/63 72/81/66 55/82/67
f 56/83/68 55/84/67 57/85/69
f 58/86/63 55/84/67 59/87/70
f 60/88/71 57/85/69 55/84/67
f 4754/89/72 61/90/57 62/91/56
f 78/92/73 77/93/74 63/94/75
f 64/95/76 65/96/77 63/94/75
f 54/80/65 53/79/64 61/90/57
f 66/97/50 45/75/52 67/98/78
f 48/68/55 67/98/78 68/99/79
f 67/98/78 47/67/49 66/97/50
f 43/100/48 61/101/57 66/97/50
f 53/79/64 44/63/51 66/62/50
f 45/75/52 4645/74/61 67/98/78
f 69/102/80 48/68/55 68/99/79
f 48/68/55 47/67/49 67/98/78
f 4645/74/61 70/103/81 67/98/78
f 47/67/49 43/100/48 66/97/50
f 3356/104/82 71/105/83 57/85/69
f 71/105/83 5052/106/84 56/83/68
f 58/78/63 54/80/65 72/81/66
f 71/105/83 56/83/68 57/85/69
f 60/88/71 55/84/67 72/107/66
f 73/108/85 42/59/47 49/71/58
f 52/77/62 51/76/54 74/109/86
f 48/68/55 69/102/80 51/66/54
f 42/59/47 47/61/49 52/77/62
f 68/99/79 70/103/81 81/110/87
f 64/95/76 2101/111/88 80/112/89
f 75/113/90 69/102/80 68/99/79
f 73/108/85 76/114/91 62/69/56
f 61/90/57 53/79/64 66/62/50
f 3356/104/82 1503/115/92 5052/106/84
f 55/84/67 56/83/68 59/87/70
f 3356/104/82 5052/106/84 71/105/83
f 45/64/52 46/65/53 1363/116/60
f 73/108/85 43/60/48 42/59/47
f 4754/89/72 54/80/65 61/90/57
f 64/95/76 1945/117/93 65/96/77
f 75/113/90 68/99/79 81/110/87
f 77/118/74 78/119/73 81/110/87
f 79/120/94 64/95/76 80/112/89
f 79/121/94 80/122/89 16/20/18
f 63/94/75 65/96/77 78/92/73
f 2101/111/88 64/95/76 63/94/75
f 81/110/87 70/103/81 77/118/74
f 81/123/87 78/92/73 65/96/77
f 1945/117/93 81/123/87 65/96/77
f 62/69/56 43/60/48 73/108/85
f 82/124/95 83/125/96 84/126/97
f 85/127/98 90/128/99 86/129/100
f 87/130/101 88/131/102 2113/132/103
f 89/133/104 87/130/101 86/129/100
f 5035/134/105 2113/135/103 88/136/102
f 90/128/99 93/137/106 86/129/100
f 85/127/98 86/129/100 87/130/101
f 4365/138/107 84/126/97 83/125/96
f 91/139/108 93/137/106 90/128/99
f 89/133/104 86/129/100 93/137/106
f 90/140/99 4365/138/107 83/125/96
f 83/125/96 91/141/108 90/140/99
f 1587/142/109 91/141/108 83/125/96
f 84/126/97 92/143/110 82/124/95
f 87/130/101 89/133/104 88/131/102
f 89/144/104 93/145/106 88/136/102
f 94/146/111 95/147/112 96/148/113
f 97/149/114 95/147/112 98/150/115
f 99/151/116 95/147/112 97/149/114
f 2721/152/117 99/151/116 97/149/114
f 96/148/113 95/147/112 99/151/116
f 4231/153/118 100/154/119 101/155/120
f 2107/156/121 101/155/120 102/157/122
f 103/158/123 102/157/122 104/159/124
f 101/155/120 100/154/119 102/157/122
f 2107/156/121 105/160/125 101/155/120
f 103/158/123 2107/156/121 102/157/122
f 106/161/126 107/162/127 108/163/128
f 107/164/127 120/165/129 118/166/130
f 3047/167/131 118/166/130 3400/168/132
f 108/163/128 107/162/127 109/169/133
f 108/163/128 110/170/134 111/171/135
f 112/172/136 108/163/128 113/173/137
f 110/170/134 108/163/128 112/172/136
f 119/174/138 114/175/139 115/176/140
f 675/177/141 119/174/138 115/176/140
f 116/178/142 1719/179/143 1720/180/144
f 114/175/139 119/174/138 118/166/130
f 106/161/126 117/181/145 107/162/127
f 107/162/127 118/182/130 109/169/133
f 119/174/138 109/183/133 118/166/130
f 109/169/133 119/184/138 113/173/137
f 4416/185/146 120/165/129 117/186/145
f 114/175/139 116/178/142 115/176/140
f 116/178/142 3047/167/131 1719/179/143
f 117/181/145 120/187/129 107/162/127
f 118/166/130 120/165/129 3400/168/132
f 118/166/130 3047/167/131 114/175/139
f 114/175/139 3047/167/131 116/178/142
f 113/173/137 108/163/128 109/169/133
f 106/161/126 108/163/128 111/171/135
f 126/188/147 121/189/148 122/190/149
f 4623/191/150 123/192/151 124/193/152
f 123/192/151 122/190/149 121/189/148
f 128/194/153 125/195/154 126/196/147
f 125/195/154 128/194/153 267/197/155
f 122/190/149 127/198/156 126/188/147
f 128/199/153 126/188/147 127/198/156
f 125/195/154 129/200/157 4334/201/158
f 125/195/154 267/197/155 3230/202/159
f 125/195/154 4334/201/158 126/196/147
f 125/195/154 3230/202/159 129/200/157
f 4623/191/150 127/198/156 122/190/149
f 122/190/149 123/192/151 4623/191/150
f 130/203/160 4493/204/161 1436/205/162
f 4493/204/161 4316/206/163 1436/205/162
f 189/207/164 131/208/165 132/209/166
f 131/208/165 133/210/167 134/211/168
f 134/211/168 132/209/166 131/208/165
f 131/208/165 135/212/169 133/210/167
f 592/213/170 132/209/166 134/211/168
f 136/214/171 4379/215/172 2460/216/173
f 137/217/174 140/218/175 138/219/176
f 137/220/174 139/221/177 140/222/175
f 141/223/178 140/222/175 142/224/179
f 141/223/178 142/224/179 143/225/180
f 144/226/181 145/227/182 146/228/183
f 137/229/174 147/230/184 148/231/185
f 139/221/177 149/232/186 142/224/179
f 158/233/187 150/234/188 151/235/189
f 158/233/187 156/236/190 152/237/191
f 153/238/192 154/239/193 149/232/186
f 155/240/194 137/217/174 138/219/176
f 147/230/184 156/236/190 148/231/185
f 139/221/177 137/220/174 148/241/185
f 148/241/185 149/232/186 139/221/177
f 156/242/190 149/232/186 148/241/185
f 142/224/179 149/232/186 143/225/180
f 151/243/189 157/244/195 158/245/187
f 152/237/191 150/234/188 158/233/187
f 153/238/192 156/242/190 158/245/187
f 158/245/187 157/244/195 153/238/192
f 156/242/190 153/238/192 149/232/186
f 140/222/175 139/221/177 142/224/179
f 138/219/176 145/227/182 155/240/194
f 152/237/191 156/236/190 147/230/184
f 150/234/188 152/237/191 159/246/196
f 149/232/186 154/239/193 143/225/180
f 146/228/183 145/227/182 138/219/176
f 160/247/197 161/248/198 4389/249/199
f 166/250/200 162/251/201 220/252/202
f 163/253/203 164/254/204 165/255/205
f 165/255/205 164/254/204 166/256/200
f 167/257/206 169/258/207 2882/259/208
f 170/260/209 169/261/207 168/262/210
f 2036/263/211 170/260/209 168/262/210
f 5069/264/212 169/258/207 167/257/206
f 623/265/213 169/266/207 170/267/209
f 171/268/214 3182/269/215 172/270/216
f 172/270/216 2036/263/211 171/268/214
f 2036/263/211 168/262/210 171/268/214
f 169/261/207 5069/271/212 168/262/210
f 168/262/210 5069/271/212 171/268/214
f 4948/272/217 3182/269/215 171/268/214
f 173/273/218 2882/259/208 169/258/207
f 4853/274/219 174/275/220 2441/276/221
f 1911/277/222 175/278/223 5055/279/224
f 3202/280/225 4853/274/219 176/281/226
f 5055/279/224 175/278/223 177/282/227
f 2441/283/221 178/284/228 179/285/229
f 1911/277/222 5055/279/224 178/284/228
f 2441/276/221 179/286/229 4853/274/219
f 179/285/229 178/284/228 5055/279/224
f 179/286/229 176/281/226 4853/274/219
f 176/281/226 3203/287/230 3202/280/225
f 180/288/231 4037/289/232 4176/290/233
f 5149/291/234 2622/292/235 181/293/236
f 182/294/237 4933/295/238 4785/296/239
f 183/297/240 184/298/241 185/299/242
f 4765/300/243 186/301/244 3280/302/245
f 4718/303/246 187/304/247 188/305/248
f 189/306/164 38/54/45 39/56/46
f 190/307/249 191/308/250 192/309/251
f 1497/310/252 851/311/253 4197/312/254
f 193/313/255 98/150/115 100/314/119
f 194/315/256 1863/316/257 4662/317/258
f 195/318/259 196/319/260 4677/320/261
f 197/321/262 198/322/263 199/323/264
f 4798/324/265 5027/325/266 3905/326/267
f 200/327/268 201/328/269 202/329/270
f 203/330/271 204/331/272 205/332/273
f 1718/333/274 3762/334/275 4438/335/276
f 1762/336/277 1761/337/278 3576/338/279
f 206/339/280 207/340/281 208/341/282
f 209/342/283 210/343/284 4598/344/285
f 211/345/286 212/346/287 213/347/288
f 214/348/289 215/349/290 4703/350/291
f 216/351/292 214/348/289 4703/350/291
f 217/352/293 218/353/294 219/354/295
f 166/256/200 220/355/202 165/255/205
f 4081/356/296 221/357/297 222/358/298
f 223/359/299 224/360/300 225/361/301
f 226/362/302 227/363/303 2385/364/304
f 228/365/305 3217/366/306 3764/367/307
f 229/368/308 230/369/309 231/370/310
f 232/371/311 233/372/312 234/373/313
f 235/374/314 236/375/315 2558/376/316
f 237/377/317 238/378/318 239/379/319
f 1169/380/320 240/381/321 241/382/322
f 242/383/323 702/384/324 4087/385/325
f 243/386/326 244/387/327 709/388/328
f 3179/389/329 245/390/330 4169/391/331
f 4651/392/332 246/393/333 972/394/334
f 247/395/335 2276/396/336 4120/397/337
f 248/398/338 4046/399/339 249/400/340
f 250/401/341 251/402/342 252/403/343
f 253/404/344 1489/405/345 254/406/346
f 3533/407/347 255/408/348 3680/409/349
f 256/410/350 257/411/351 258/412/352
f 4910/413/353 259/414/354 260/415/355
f 261/416/356 262/417/357 263/418/358
f 264/419/359 261/416/356 263/418/358
f 265/420/360 266/421/361 267/422/155
f 5042/423/362 4294/424/363 3857/425/364
f 4246/426/365 268/427/366 3924/428/367
f 269/429/368 270/430/369 271/431/370
f 272/432/371 1208/433/372 273/434/373
f 274/435/374 275/436/375 276/437/376
f 277/438/377 4876/439/378 4899/440/379
f 278/441/380 2748/442/381 3692/443/382
f 279/444/383 1328/445/384 3881/446/385
f 275/436/375 3838/447/386 276/437/376
f 280/448/387 281/449/388 3215/450/389
f 157/244/195 4885/451/390 153/238/192
f 282/452/391 283/453/392 284/454/393
f 3695/455/394 285/456/395 286/457/396
f 235/458/314 4577/459/397 287/460/398
f 288/461/399 289/462/400 908/463/401
f 3980/464/402 290/465/403 291/466/404
f 292/467/405 1341/468/406 293/469/407
f 294/470/408 295/471/409 296/472/410
f 297/473/411 298/474/412 299/475/413
f 300/476/414 301/477/415 302/478/416
f 3867/479/417 303/480/418 304/481/419
f 305/482/420 3943/483/421 4625/484/422
f 306/485/423 307/486/424 308/487/425
f 309/488/426 4055/489/427 310/490/428
f 4359/491/429 1084/492/430 311/493/431
f 312/494/432 313/495/433 314/496/434
f 4141/497/435 2025/498/436 1045/499/437
f 315/500/438 316/501/439 317/502/440
f 318/503/441 319/504/442 320/505/443
f 4396/506/444 321/507/445 322/508/446
f 323/509/447 222/358/298 4553/510/448
f 324/511/449 4487/512/450 325/513/451
f 4799/514/452 326/515/453 327/516/454
f 328/517/455 329/518/456 3382/519/457
f 330/520/458 331/521/459 332/522/460
f 333/523/461 334/524/462 4767/525/463
f 1659/526/464 4846/527/465 2090/528/466
f 335/529/467 336/530/468 2459/531/469
f 4021/532/470 3939/533/471 3781/534/472
f 337/535/473 338/536/474 4179/537/475
f 339/538/476 3392/539/477 4495/540/478
f 340/541/479 341/542/480 342/543/481
f 611/544/482 4317/545/483 343/546/484
f 344/547/485 345/548/486 346/549/487
f 347/550/488 348/551/489 349/552/490
f 4305/553/491 4937/554/492 350/555/493
f 351/556/494 2014/557/495 5026/558/496
f 1294/559/497 290/465/403 3980/464/402
f 352/560/498 353/561/499 354/562/500
f 5083/563/501 355/564/502 4496/565/503
f 3858/566/504 356/567/505 357/568/506
f 358/569/507 359/570/508 360/571/509
f 3914/572/510 1873/573/511 4446/574/512
f 1764/575/513 361/576/514 362/577/515
f 2624/578/516 1482/579/517 363/580/518
f 364/581/519 365/582/520 366/583/521
f 367/584/522 281/449/388 3853/585/523
f 4224/586/524 4990/587/525 368/588/526
f 369/589/527 370/590/528 371/591/529
f 3682/592/530 1190/593/531 4036/594/532
f 372/595/533 3299/596/534 3298/597/535
f 373/598/536 374/599/537 375/600/538
f 376/601/539 377/602/540 970/603/541
f 378/604/542 647/605/543 379/606/544
f 380/607/545 381/608/546 382/609/547
f 383/610/548 384/611/549 706/612/550
f 385/613/551 383/610/548 706/612/550
f 4429/614/552 386/615/553 4346/616/554
f 387/617/555 388/618/556 2646/619/557
f 4552/620/558 3292/621/559 4974/622/560
f 2947/623/561 2557/624/562 1870/625/563
f 389/626/564 390/627/565 391/628/566
f 4398/629/567 392/630/568 966/631/569
f 393/632/570 394/633/571 395/634/572
f 396/635/573 397/636/574 398/637/575
f 4725/638/576 396/639/573 398/640/575
f 3717/641/577 1319/642/578 4584/643/579
f 399/644/580 400/645/581 401/646/582
f 402/647/583 2781/648/584 403/649/585
f 404/650/586 4448/651/587 3317/652/588
f 405/653/589 406/654/590 407/655/591
f 408/656/592 409/657/593 3501/658/594
f 410/659/595 411/660/596 412/661/597
f 4899/662/379 4876/663/378 5127/664/598
f 413/665/599 414/666/600 415/667/601
f 416/668/602 417/669/603 4725/638/576
f 4756/670/604 418/671/605 419/672/606
f 420/673/607 421/674/608 422/675/609
f 2940/676/610 3413/677/611 1993/678/612
f 4903/679/613 1573/680/614 423/681/615
f 4321/682/616 424/683/617 425/684/618
f 426/685/619 427/686/620 428/687/621
f 2971/688/622 429/689/623 430/690/624
f 4847/691/625 2971/688/622 430/690/624
f 431/692/626 4961/693/627 5036/694/628
f 121/189/148 126/188/147 1516/695/629
f 432/696/630 433/697/631 434/698/632
f 435/699/633 3791/700/634 436/701/635
f 437/702/636 438/703/637 439/704/638
f 3695/705/394 3717/641/577 4584/643/579
f 440/706/639 441/707/640 442/708/641
f 443/709/642 444/710/643 2912/711/644
f 4783/712/645 445/713/646 446/714/647
f 447/715/648 448/716/649 449/717/650
f 3797/718/651 450/719/652 451/720/653
f 452/721/654 4742/722/655 427/686/620
f 335/723/467 2459/724/469 5051/725/656
f 453/726/657 4766/727/658 454/728/659
f 654/729/660 455/730/661 456/731/662
f 3885/732/663 457/733/664 458/734/665
f 459/735/666 2513/736/667 460/737/668
f 1196/738/669 461/739/670 74/109/86
f 462/740/671 463/741/672 464/742/673
f 465/743/674 4760/744/675 466/745/676
f 3164/746/677 2330/747/678 4029/748/679
f 467/749/680 4720/750/681 468/751/682
f 469/752/683 470/753/684 471/754/685
f 472/755/686 473/756/687 474/757/688
f 475/758/689 476/759/690 4685/760/691
f 4422/761/692 961/762/693 477/763/694
f 478/764/695 4112/765/696 4365/138/107
f 4708/766/697 351/556/494 479/767/698
f 361/576/514 480/768/699 2343/769/700
f 301/477/415 481/770/701 302/478/416
f 482/771/702 402/647/583 483/772/703
f 484/773/704 485/774/705 486/775/706
f 487/776/707 4364/777/708 488/778/709
f 3802/779/710 489/780/711 2647/781/712
f 490/782/713 1907/783/714 4745/784/715
f 2515/785/716 2103/786/717 491/787/718
f 193/313/255 2530/788/719 98/150/115
f 492/789/720 3787/790/721 493/791/722
f 494/792/723 1882/793/724 4760/744/675
f 495/794/725 4604/795/726 496/796/727
f 497/797/728 498/798/729 4897/799/730
f 4084/800/731 4822/801/732 499/802/733
f 500/803/734 612/804/735 456/805/662
f 501/806/736 502/807/737 503/808/738
f 411/809/596 2717/810/739 4936/811/740
f 3417/812/741 504/813/742 505/814/743
f 100/154/119 94/815/111 104/159/124
f 506/816/744 507/817/745 508/818/746
f 509/819/747 510/820/748 511/821/749
f 512/822/750 3205/823/751 513/824/752
f 3558/825/753 514/826/754 964/827/755
f 3312/828/756 3055/829/757 2329/830/758
f 515/831/759 516/832/760 517/833/761
f 1869/834/762 518/835/763 4227/836/764
f 4812/837/765 4996/838/766 519/839/767
f 4653/840/768 3647/841/769 2773/842/770
f 463/843/672 520/844/771 521/845/772
f 522/846/773 248/847/338 523/848/774
f 524/849/775 525/850/776 526/851/777
f 4208/852/778 524/849/775 526/851/777
f 527/853/779 528/854/780 529/855/781
f 527/853/779 529/855/781 530/856/782
f 2720/857/783 1409/858/784 3177/859/785
f 1925/860/786 531/861/787 532/862/788
f 533/863/789 534/864/790 535/865/791
f 2136/866/792 536/867/793 2549/868/794
f 743/869/795 537/870/796 538/871/797
f 227/363/303 226/362/302 539/872/798
f 540/873/799 629/874/800 541/875/801
f 542/876/802 543/877/803 544/878/804
f 545/879/805 546/880/806 547/881/807
f 548/882/808 549/883/809 550/884/810
f 551/885/811 552/886/812 553/887/813
f 30/39/35 554/888/814 31/40/36
f 555/889/815 556/890/816 557/891/817
f 326/515/453 555/889/815 557/891/817
f 558/892/818 559/893/819 560/894/820
f 1786/895/821 561/896/822 562/897/823
f 4018/898/824 2761/899/825 1298/900/826
f 563/901/827 4371/902/828 4080/903/829
f 564/904/830 565/905/831 566/906/832
f 567/907/833 467/749/680 568/908/834
f 569/909/835 5053/910/836 570/911/837
f 571/912/838 310/913/428 572/914/839
f 573/915/840 574/916/841 575/917/842
f 576/918/843 3689/919/844 3786/920/845
f 1975/921/846 577/922/847 4721/923/848
f 578/924/849 3538/925/850 579/926/851
f 4732/927/852 580/928/853 4392/929/854
f 3211/930/855 1370/931/856 581/932/857
f 582/933/858 583/934/859 584/935/860
f 4479/936/861 4067/937/862 4480/938/863
f 585/939/864 586/940/865 5014/941/866
f 587/942/867 588/943/868 3723/944/869
f 2531/945/870 4855/946/871 506/947/744
f 589/948/872 3904/949/873 3046/950/874
f 1063/951/875 590/952/876 591/953/877
f 592/954/170 593/955/878 132/956/166
f 594/957/879 595/958/880 4752/959/881
f 1064/960/882 596/961/883 597/962/884
f 598/963/885 1746/964/886 4628/965/887
f 511/821/749 2456/966/888 599/967/889
f 100/314/119 98/150/115 94/146/111
f 600/968/890 2537/969/891 601/970/892
f 602/971/893 603/972/894 1593/973/895
f 604/974/896 4131/975/897 4702/976/898
f 605/977/899 4225/978/900 606/979/901
f 4317/545/483 607/980/902 343/546/484
f 608/981/903 609/982/904 610/983/905
f 472/984/686 611/985/482 3768/986/906
f 2725/987/907 4097/988/908 612/989/735
f 1962/990/909 613/991/910 20/24/22
f 614/992/911 615/993/912 616/994/913
f 617/995/914 618/996/915 2174/997/916
f 182/294/237 4785/296/239 3541/998/917
f 182/999/237 3541/1000/917 176/281/226
f 4724/1001/918 619/1002/919 620/1003/920
f 621/1004/921 4004/1005/922 4809/1006/923
f 353/561/499 622/1007/924 514/826/754
f 4715/1008/925 4558/1009/926 623/1010/213
f 4082/1011/927 1602/1012/928 624/1013/929
f 4214/1014/930 4928/1015/931 3496/1016/932
f 625/1017/933 626/1018/934 627/1019/935
f 628/1020/936 501/806/736 503/808/738
f 629/1021/800 630/1022/937 631/1023/938
f 632/1024/939 5100/1025/940 633/1026/941
f 634/1027/942 635/1028/943 559/893/819
f 636/1029/944 637/1030/945 638/1031/946
f 639/1032/947 4124/1033/948 1785/1034/949
f 639/1032/947 1785/1034/949 640/1035/950
f 1943/1036/951 4851/1037/952 641/1038/953
f 642/1039/954 643/1040/955 644/1041/956
f 2968/1042/957 645/1043/958 1295/1044/959
f 2156/1045/960 646/1046/961 1125/1047/962
f 647/1048/543 4220/1049/963 648/1050/964
f 649/1051/965 650/1052/966 262/417/357
f 651/1053/967 162/251/201 652/1054/968
f 612/989/735 653/1055/969 654/1056/660
f 4155/1057/970 655/1058/971 2883/1059/972
f 656/1060/973 657/1061/974 658/1062/975
f 659/1063/976 660/1064/977 661/1065/978
f 662/1066/979 663/1067/980 4655/1068/981
f 664/1069/982 665/1070/983 313/495/433
f 312/494/432 664/1069/982 313/495/433
f 3351/1071/984 1732/1072/985 666/1073/986
f 3809/1074/987 4360/1075/988 667/1076/989
f 668/1077/990 1170/1078/991 669/1079/992
f 3837/1080/993 670/1081/994 3087/1082/995
f 256/1083/350 2571/1084/996 257/1085/351
f 671/1086/997 672/1087/998 1569/1088/999
f 673/1089/1000 593/955/878 674/1090/1001
f 119/184/138 675/1091/141 4335/1092/1002
f 4829/1093/1003 2591/1094/1004 676/1095/1005
f 677/1096/1006 1291/1097/1007 1191/1098/1008
f 678/1099/1009 4256/1100/1010 679/1101/1011
f 680/1102/1012 145/227/182 681/1103/1013
f 1099/1104/1014 682/1105/1015 2225/1106/1016
f 2108/1107/1017 1003/1108/1018 1013/1109/1019
f 683/1110/1020 3991/1111/1021 1222/1112/1022
f 4005/1113/1023 684/1114/1024 685/1115/1025
f 686/1116/1026 687/1117/1027 688/1118/1028
f 689/1119/1029 690/1120/1030 691/1121/1031
f 1931/1122/1032 4156/1123/1033 692/1124/1034
f 693/1125/1035 694/1126/1036 695/1127/1037
f 4052/1128/1038 1516/695/629 696/1129/1039
f 697/1130/1040 698/1131/1041 699/1132/1042
f 700/1133/1043 3866/1134/1044 4643/1135/1045
f 1599/1136/1046 701/1137/1047 702/1138/324
f 703/1139/1048 3975/1140/1049 4023/1141/1050
f 3838/447/386 3872/1142/1051 503/808/738
f 704/1143/1052 3696/1144/1053 705/1145/1054
f 4466/1146/1055 3349/1147/1056 706/1148/550
f 707/1149/1057 2597/1150/1058 708/1151/1059
f 243/1152/326 709/1153/328 2332/1154/1060
f 710/1155/1061 4171/1156/1062 2422/1157/1063
f 4707/1158/1064 840/1159/1065 3219/1160/1066
f 711/1161/1067 712/1162/1068 507/817/745
f 713/1163/1069 714/1164/1070 715/1165/1071
f 716/1166/1072 717/1167/1073 718/1168/1074
f 719/1169/1075 720/1170/1076 721/1171/1077
f 1955/1172/1078 2310/1173/1079 722/1174/1080
f 3831/1175/1081 3893/1176/1082 3463/1177/1083
f 723/1178/1084 724/1179/1085 725/1180/1086
f 422/675/609 421/674/608 1878/1181/1087
f 726/1182/1088 4698/1183/1089 727/1184/1090
f 217/352/293 728/1185/1091 729/1186/1092
f 217/352/293 729/1186/1092 218/353/294
f 730/1187/1093 731/1188/1094 732/1189/1095
f 4097/988/908 733/1190/1096 612/989/735
f 734/1191/1097 735/1192/1098 736/1193/1099
f 737/1194/1100 1723/1195/1101 738/1196/1102
f 739/1197/1103 740/1198/1104 741/1199/1105
f 4056/1200/1106 739/1197/1103 741/1199/1105
f 742/1201/1107 743/1202/795 744/1203/1108
f 745/1204/1109 746/1205/1110 650/1052/966
f 747/1206/1111 2333/1207/1112 748/1208/1113
f 749/1209/1114 4206/1210/1115 750/1211/1116
f 4783/712/645 751/1212/1117 752/1213/1118
f 2103/786/717 955/1214/1119 491/787/718
f 753/1215/1120 4543/1216/1121 754/1217/1122
f 755/1218/1123 2646/619/557 756/1219/1124
f 757/1220/1125 758/1221/1126 759/1222/1127
f 760/1223/1128 761/1224/1129 762/1225/1130
f 763/1226/1131 764/1227/1132 765/1228/1133
f 484/773/704 4897/1229/730 485/774/705
f 766/1230/1134 2900/1231/1135 767/1232/1136
f 768/1233/1137 766/1230/1134 767/1232/1136
f 772/1234/1138 769/1235/1139 770/1236/1140
f 771/1237/1141 772/1238/1138 770/1239/1140
f 3970/1240/1142 773/1241/1143 774/1242/1144
f 775/1243/1145 4965/1244/1146 776/1245/1147
f 1570/1246/1148 777/1247/1149 1304/1248/1150
f 1295/1044/959 3704/1249/1151 933/1250/1152
f 4541/1251/1153 778/1252/1154 779/1253/1155
f 780/1254/1156 781/1255/1157 782/1256/1158
f 783/1257/1159 784/1258/1160 785/1259/1161
f 3474/1260/1162 3297/1261/1163 786/1262/1164
f 787/1263/1165 3474/1264/1162 786/1265/1164
f 788/1266/1166 789/1267/1167 790/1268/1168
f 791/1269/1169 4819/1270/1170 932/1271/1171
f 792/1272/1172 793/1273/1173 794/1274/1174
f 795/1275/1175 796/1276/1176 797/1277/1177
f 798/1278/1178 799/1279/1179 631/1023/938
f 3909/1280/1180 3665/1281/1181 800/1282/1182
f 801/1283/1183 517/833/761 802/1284/1184
f 803/1285/1185 498/1286/729 497/1287/728
f 804/1288/1186 805/1289/1187 5149/1290/234
f 806/1291/1188 2485/1292/1189 2198/1293/1190
f 807/1294/1191 239/1295/319 540/873/799
f 808/1296/1192 809/1297/1193 2269/1298/1194
f 810/1299/1195 811/1300/1196 781/1255/1157
f 1656/1301/1197 576/918/843 812/1302/1198
f 4514/1303/1199 2552/1304/1200 813/1305/1201
f 814/1306/1202 815/1307/1203 816/1308/1204
f 817/1309/1205 275/436/375 274/435/374
f 1168/1310/1206 5072/1311/1207 240/1312/321
f 2560/1313/1208 818/1314/1209 819/1315/1210
f 5123/1316/1211 5023/1317/1212 4114/1318/1213
f 820/1319/1214 821/1320/1215 822/1321/1216
f 1859/1322/1217 823/1323/1218 5151/1324/1219
f 1859/1322/1217 5151/1324/1219 824/1325/1220
f 825/1326/1221 826/1327/1222 827/1328/1223
f 828/1329/1224 829/1330/1225 830/1331/1226
f 555/889/815 831/1332/1227 832/1333/1228
f 1922/1334/1229 1296/1335/1230 3952/1336/1231
f 833/1337/1232 2263/1338/1233 3933/1339/1234
f 834/1340/1235 835/1341/1236 836/1342/1237
f 3449/1343/1238 3679/1344/1239 837/1345/1240
f 838/1346/1241 839/1347/1242 840/1348/1065
f 4474/1349/1243 4666/1350/1244 4475/1351/1245
f 841/1352/1246 2513/1353/667 459/1354/666
f 842/1355/1247 843/1356/1248 844/1357/1249
f 3899/1358/1250 842/1355/1247 844/1357/1249
f 845/1359/1251 846/1360/1252 847/1361/1253
f 5076/1362/1254 1036/1363/1255 1038/1364/1256
f 848/1365/1257 849/1366/1258 850/1367/1259
f 717/1167/1073 1842/1368/1260 851/1369/253
f 852/1370/1261 331/521/459 330/520/458
f 5144/1371/1262 853/1372/9 854/1373/1263
f 607/980/902 742/1201/1107 744/1203/1108
f 855/1374/1264 856/1375/1265 4186/1376/1266
f 857/1377/1267 3479/1378/1268 858/1379/1269
f 4634/1380/1270 859/1381/1271 860/1382/1272
f 742/1201/1107 584/935/860 1957/1383/1273
f 999/1384/1274 4080/1385/829 3239/1386/1275
f 574/1387/841 5119/1388/1276 4224/1389/524
f 3760/1390/1277 861/1391/1278 862/1392/1279
f 471/754/685 470/753/684 863/1393/1280
f 864/1394/1281 4920/1395/1282 865/1396/1283
f 2460/216/173 523/848/774 136/214/171
f 866/1397/1284 3385/1398/1285 5143/1399/1286
f 867/1400/1287 4193/1401/1288 868/1402/1289
f 457/733/664 869/1403/1290 458/734/665
f 3685/1404/1291 870/1405/1292 871/1406/1293
f 872/1407/1294 873/1408/1295 874/1409/1296
f 1783/1410/1297 2614/1411/1298 875/1412/930
f 593/955/878 673/1089/1000 4101/1413/1299
f 799/1279/1179 629/1021/800 631/1023/938
f 832/1333/1228 876/1414/1300 877/1415/1301
f 638/1031/946 878/1416/1302 879/1417/1303
f 880/1418/1304 1221/1419/1305 4572/1420/1306
f 881/1421/1307 724/1422/1085 723/1423/1084
f 882/1424/1308 883/1425/1309 884/1426/1310
f 576/918/843 3786/920/845 812/1302/1198
f 2141/1427/1311 885/1428/1312 655/1429/971
f 886/1430/1313 887/1431/1314 341/542/480
f 888/1432/1315 889/1433/1316 890/1434/1317
f 816/1435/1204 815/1436/1203 891/1437/1318
f 3282/1438/1319 5092/1439/1320 3283/1440/1321
f 3829/1441/1322 892/1442/1323 893/1443/1324
f 894/1444/1325 394/633/571 393/632/570
f 895/1445/1326 896/1446/1327 1274/1447/1328
f 897/1448/1329 898/1449/1330 299/475/413
f 899/1450/1331 117/181/145 111/171/135
f 110/170/134 899/1450/1331 111/171/135
f 900/1451/1332 901/1452/1333 4457/1453/1334
f 902/1454/1335 903/1455/1336 904/1456/1337
f 905/1457/1338 906/1458/1339 3961/1459/1340
f 2309/1460/1341 2545/1461/1342 1553/1462/1343
f 3144/1463/1344 907/1464/1345 908/1465/401
f 342/543/481 887/1431/1314 909/1466/1346
f 278/441/380 3692/443/382 910/1467/1347
f 911/1468/1348 640/1035/950 1468/1469/1349
f 912/1470/1350 593/955/878 41/58/44
f 2907/1471/1351 3985/1472/1352 855/1374/1264
f 913/1473/1353 3134/1474/1354 3093/1475/1355
f 914/1476/1356 915/1477/1357 916/1478/1358
f 917/1479/1359 918/1480/1360 919/1481/1361
f 2652/1482/1362 1814/1483/1363 920/1484/1364
f 727/1485/1090 499/802/733 921/1486/1365
f 2140/1487/1366 3228/1488/1367 922/1489/1368
f 1863/316/257 194/315/256 923/1490/1369
f 924/1491/1370 568/908/834 925/1492/1371
f 924/1491/1370 925/1492/1371 1171/1493/1372
f 926/1494/1373 927/1495/1374 928/1496/1375
f 929/1497/1376 930/1498/1377 931/1499/1378
f 5092/1439/1320 791/1500/1169 932/1501/1171
f 933/1502/1152 1046/1503/1379 934/1504/1380
f 935/1505/1381 3039/1506/1382 936/1507/1383
f 935/1505/1381 936/1507/1383 937/1508/1384
f 3848/1509/1385 4073/1510/1386 938/1511/1387
f 939/1512/1388 946/1513/1389 2230/1514/1390
f 940/1515/1391 941/1516/1392 1830/1517/1393
f 940/1515/1391 1830/1517/1393 4462/1518/1394
f 942/1519/1395 2640/1520/1396 2639/1521/1397
f 612/804/735 654/1522/660 456/805/662
f 2911/1523/1398 848/1365/1257 850/1367/1259
f 4145/1524/1399 943/1525/1400 3194/1526/1401
f 1336/1527/1402 944/1528/1403 945/1529/1404
f 946/1530/1389 639/1032/947 911/1468/1348
f 947/1531/1405 719/1532/1075 1132/1533/1406
f 727/1184/1090 921/1534/1365 726/1182/1088
f 1721/1535/1407 4993/1536/1408 942/1537/1395
f 4634/1538/1270 246/393/333 4651/392/332
f 948/1539/1409 949/1540/1410 950/1541/1411
f 951/1542/1412 952/1543/1413 680/1102/1012
f 953/1544/1414 4372/1545/1415 2677/1546/1416
f 1900/1547/1417 677/1096/1006 4865/1548/1418
f 954/1549/1419 3280/302/245 186/301/244
f 880/1418/1304 4572/1420/1306 2673/1550/1420
f 955/1551/1119 1421/1552/1421 2274/1553/1422
f 627/1019/935 626/1018/934 956/1554/1423
f 1441/1555/1424 2967/1556/1425 957/1557/1426
f 958/1558/1427 959/1559/1428 960/1560/1429
f 4947/1561/1430 2082/1562/1431 4915/1563/1432
f 961/1564/693 962/1565/1433 5148/1566/1434
f 963/1567/1435 1998/1568/1436 1997/1569/1437
f 140/218/175 141/1570/178 3710/1571/1438
f 964/1572/755 965/1573/1439 494/792/723
f 966/1574/569 967/1575/1440 4163/1576/1441
f 951/1542/1412 968/1577/1442 969/1578/1443
f 970/1579/541 4026/1580/1444 971/1581/1445
f 668/1077/990 669/1079/992 5107/1582/1446
f 246/1583/333 860/1382/1272 972/1584/334
f 777/1247/1149 973/1585/1447 974/1586/1448
f 4004/1587/922 3527/1588/1449 3888/1589/1450
f 4985/1590/1451 975/1591/1452 838/1346/1241
f 976/1592/1453 4685/760/691 5085/1593/1454
f 977/1594/1455 978/1595/1456 4711/1596/1457
f 2745/1597/1458 272/432/371 273/434/373
f 979/1598/1459 980/1599/1460 981/1600/1461
f 601/970/892 982/1601/1462 983/1602/1463
f 3682/592/530 984/1603/1464 1190/593/531
f 985/1604/1465 986/1605/1466 987/1606/1467
f 3538/1607/850 985/1608/1465 987/1609/1467
f 1928/1610/1468 988/1611/1469 989/1612/1470
f 848/1365/1257 1593/973/895 849/1366/1258
f 4615/1613/1471 990/1614/1472 991/1615/1473
f 992/1616/1474 993/1617/1475 994/1618/1476
f 995/1619/1477 996/1620/1478 997/1621/1479
f 4805/1622/1480 998/1623/1481 1121/1624/1482
f 915/1625/1357 456/1626/662 996/1627/1478
f 999/1628/1274 3417/1629/741 1490/1630/1483
f 3228/1631/1367 524/849/775 4208/852/778
f 1000/1632/1484 3040/1633/1485 3039/1506/1382
f 1001/1634/1486 2115/1635/1487 1002/1636/1488
f 625/1017/933 2143/1637/1489 626/1018/934
f 1003/1638/1018 1849/1639/1490 1848/1640/1491
f 1004/1641/1492 1005/1642/1493 2625/1643/1494
f 1006/1644/1495 1007/1645/1496 388/1646/556
f 2977/1647/1497 1008/1648/1498 1009/1649/1499
f 5082/1650/1500 1104/1651/1501 1010/1652/1502
f 20/24/22 18/22/20 1011/1653/1503
f 375/1654/538 1012/1655/1504 4857/1656/1505
f 2572/1657/1506 750/1211/1116 4822/1658/732
f 1013/1659/1019 1848/1660/1491 3264/1661/1507
f 2063/1662/1508 5091/1663/1509 1014/1664/1510
f 195/318/259 1015/1665/1511 196/319/260
f 4228/1666/1512 4378/1667/1513 1016/1668/1514
f 368/1669/526 4834/1670/1515 3864/1671/1516
f 1017/1672/1517 4096/1673/1518 1018/1674/1519
f 974/1675/1448 4077/1676/1520 3483/1677/1521
f 1019/1678/1522 1020/1679/1523 1021/1680/1524
f 1022/1681/1525 2173/1682/1526 1023/1683/1527
f 3345/1684/1528 1024/1685/1529 1614/1686/1530
f 1025/1687/1531 4426/1688/1532 1026/1689/1533
f 1027/1690/1534 1028/1691/1535 214/348/289
f 3720/1692/1536 4168/1693/1537 1188/1694/1538
f 1397/1695/1539 4425/1696/1540 1336/1527/1402
f 731/1697/1094 643/1040/955 1029/1698/1541
f 1030/1699/1542 1031/1700/1543 1032/1701/1544
f 1033/1702/1545 1144/1703/1546 1143/1704/1547
f 1034/1705/1548 1035/1706/1549 2963/1707/1550
f 1036/1708/1255 1037/1709/1551 1038/1710/1256
f 1039/1711/1552 1040/1712/1553 1041/1713/1554
f 1042/1714/1555 1743/1715/1556 1043/1716/1557
f 1044/1717/1558 1045/1718/437 4555/1719/1559
f 4772/1720/1560 3424/1721/1561 4432/1722/1562
f 4768/1723/1563 1046/1724/1379 1047/1725/1564
f 1048/1726/1565 322/508/446 1049/1727/1566
f 1050/1728/1567 1051/1729/1568 1143/1730/1547
f 1052/1731/1569 1006/1644/1495 1053/1732/1570
f 1054/1733/1571 4566/1734/1572 1055/1735/1573
f 1056/1736/1574 1057/1737/1575 2691/1738/1576
f 3494/1739/1577 2272/1740/1578 2902/1741/1579
f 1058/1742/1580 5002/1743/1581 1059/1744/1582
f 1060/1745/1583 4067/937/862 4479/936/861
f 1061/1746/1584 1062/1747/1585 1063/1748/875
f 4132/1749/1586 2006/1750/1587 1064/1751/882
f 1065/1752/1588 4131/1753/897 1066/1754/1589
f 4745/784/715 4744/1755/1590 1067/1756/1591
f 1068/1757/1592 1069/1758/1593 2852/1759/1594
f 2816/1760/1595 4396/506/444 5027/1761/266
f 1070/1762/1596 908/463/401 422/675/609
f 4060/1763/1597 1071/1764/1598 1072/1765/1599
f 1073/1766/1600 3311/1767/1601 2046/1768/1602
f 4318/1769/1603 3038/1770/1604 1074/1771/1605
f 4318/1769/1603 1074/1771/1605 3426/1772/1606
f 103/1773/123 96/148/113 99/151/116
f 1075/1774/1607 1076/1775/1608 1077/1776/1609
f 999/1777/1274 3239/1778/1275 3417/1779/741
f 2937/1780/1610 2936/1781/1611 1078/1782/1612
f 4094/1783/1613 4256/1784/1010 1079/1785/1614
f 1080/1786/1615 3263/1787/1616 3375/1788/1617
f 3368/1789/1618 1081/1790/1619 4815/1791/1620
f 3898/1792/1621 278/441/380 4763/1793/1622
f 1900/1547/1417 1082/1794/1623 677/1096/1006
f 1083/1795/1624 306/485/423 308/487/425
f 1084/1796/430 3416/1797/1625 1085/1798/1626
f 2662/1799/1627 1468/1469/1349 1086/1800/1628
f 1087/1801/1629 1088/1802/1630 1089/1803/1631
f 4738/1804/1632 5086/1805/1633 1090/1806/1634
f 607/980/902 744/1203/1108 1091/1807/1635
f 865/1396/1283 4509/1808/1636 4337/1809/1637
f 909/1466/1346 1092/1810/1638 1093/1811/1639
f 4581/1812/1640 1094/1813/1641 4300/1814/1642
f 2696/1815/1643 1095/1816/1644 1096/1817/1645
f 1010/1818/1502 1104/1819/1501 1097/1820/1646
f 3691/1821/1647 3452/1822/1648 2908/1823/1649
f 369/589/527 3660/1824/1650 1098/1825/1651
f 780/1254/1156 782/1256/1158 4681/1826/1652
f 1099/1827/1014 1100/1828/1653 2377/1829/1654
f 1101/1830/1655 1102/1831/1656 3341/1832/1657
f 4664/1833/1658 1304/1248/1150 2563/1834/1659
f 1103/1835/1660 1104/1836/1501 1105/1837/1661
f 2005/1838/1662 1106/1839/1663 2064/1840/1664
f 1107/1841/1665 1108/1842/1666 1109/1843/1667
f 889/1844/1316 1110/1845/1668 890/1846/1317
f 3875/1847/1669 1111/1848/1670 3876/1849/1671
f 2579/1850/1672 3728/1851/1673 1112/1852/1674
f 1068/1757/1592 3710/1571/1438 1113/1853/1675
f 1114/1854/1676 490/782/713 1115/1855/1677
f 1118/1856/1678 1116/1857/1679 5122/1858/1680
f 1117/1859/1681 1118/1860/1678 5122/1861/1680
f 4282/1862/1682 1119/1863/1683 3321/1864/1684
f 3663/1865/1685 1120/1866/1686 4690/1867/1687
f 4286/1868/1688 1121/1869/1482 1122/1870/1689
f 5090/1871/1690 693/1125/1035 1123/1872/1691
f 1421/1873/1421 645/1043/958 2968/1042/957
f 4788/1874/1692 980/1599/1460 979/1598/1459
f 1124/1875/1693 1406/1876/1694 4536/1877/1695
f 1125/1878/962 1048/1726/1565 2156/1879/960
f 1126/1880/1696 1127/1881/1697 873/1408/1295
f 1128/1882/1698 1129/1883/1699 1130/1884/1700
f 3581/1885/1701 1131/1886/1702 75/1887/90
f 1132/1888/1406 3660/1824/1650 369/589/527
f 2652/1482/1362 4442/1889/1703 1814/1483/1363
f 1133/1890/1704 3613/1891/1705 1134/1892/1706
f 332/522/460 331/521/459 1135/1893/1707
f 332/522/460 1135/1893/1707 1136/1894/1708
f 1047/1725/1564 1137/1895/1709 1138/1896/1710
f 630/1022/937 1139/1897/1711 1140/1898/1712
f 1141/1899/1713 1142/1900/1714 1727/1901/1715
f 1143/1902/1547 1144/1903/1546 1050/1904/1567
f 1145/1905/1716 2926/1906/1717 1146/1907/1718
f 587/942/867 1030/1908/1542 1147/1909/1719
f 4354/1910/1720 1148/1911/1721 3662/1912/1722
f 1149/1913/1723 4742/722/655 1150/1914/1724
f 1151/1915/1725 5140/1916/1726 3691/1917/1647
f 4244/1918/1727 938/1511/1387 1152/1919/1728
f 2042/1920/1729 472/755/686 2240/1921/1730
f 1153/1922/1731 405/653/589 407/655/591
f 1154/1923/1732 1155/1924/1733 3192/1925/1734
f 1156/1926/1735 1157/1927/1736 1158/1928/1737
f 1159/1929/1738 3699/1930/1739 4040/1931/1740
f 4402/1932/1741 3179/389/329 842/1355/1247
f 1160/1933/1742 4036/594/532 1161/1934/1743
f 4862/1935/1744 4140/1936/1745 1574/1937/1746
f 4757/1938/1747 1162/1939/1748 821/1320/1215
f 344/547/485 1163/1940/1749 1164/1941/1750
f 344/547/485 1164/1941/1750 1165/1942/1751
f 1149/1913/1723 1166/1943/1752 1167/1944/1753
f 3957/1945/1754 1168/1946/1206 1169/1947/320
f 1170/1948/991 1171/1949/1372 669/1950/992
f 5147/1951/1755 4105/1952/1756 4535/1953/1757
f 685/1115/1025 1172/1954/1758 1173/1955/1759
f 4955/1956/1760 5045/1957/1761 4278/1958/1762
f 1174/1959/1763 1175/1960/1764 1176/1961/1765
f 1177/1962/1766 1174/1959/1763 1176/1961/1765
f 1178/1963/1767 1179/1964/1768 1180/1965/1769
f 1181/1966/1770 1182/1967/1771 232/371/311
f 1183/1968/1772 1184/1969/1773 1185/1970/1774
f 4659/1971/1775 4445/1972/1776 1186/1973/1777
f 3239/1974/1275 1187/1975/1778 504/1976/742
f 4168/1977/1537 2876/1978/1779 1188/1979/1538
f 1189/1980/1780 3349/1147/1056 4466/1146/1055
f 3769/1981/1781 1190/1982/531 2470/1983/1782
f 2097/1984/1783 1191/1985/1008 1192/1986/1784
f 1551/1987/962 1193/1988/1785 1194/1989/1786
f 1195/1990/1787 1196/1991/669 1197/1992/1788
f 1198/1993/1789 1072/1765/1599 1199/1994/1790
f 1200/1995/1791 1201/1996/1792 858/1379/1269
f 1202/1997/1793 1203/1998/1794 739/1999/1103
f 1204/2000/1795 1205/2001/1796 2809/2002/1797
f 1922/2003/1229 755/2004/1123 1206/2005/1798
f 1207/2006/1799 726/2007/1088 1208/2008/372
f 1209/2009/1800 5039/2010/1801 1160/2011/1742
f 1210/2012/1802 1211/2013/1803 1212/2014/1804
f 1213/2015/1805 4956/2016/1806 2804/2017/1807
f 1214/2018/1808 1215/2019/1809 1216/2020/1810
f 1217/2021/1811 1218/2022/1812 1219/2023/1813
f 4478/2024/1814 1220/2025/1815 2902/2026/1579
f 1221/2027/1305 53/79/64 58/78/63
f 1222/2028/1022 1223/2029/1816 1224/2030/1817
f 1225/2031/1818 1226/2032/1819 1227/2033/1820
f 1098/1825/1651 3660/1824/1650 1228/2034/1821
f 4539/2035/1822 5041/2036/1823 3591/2037/1824
f 1229/2038/1825 2159/2039/1826 1230/2040/1827
f 1273/2041/1828 1231/2042/1829 3823/2043/1830
f 1232/2044/1831 1233/2045/1832 435/699/633
f 2066/2046/1833 1234/2047/1834 1235/2048/1835
f 4257/2049/1836 1236/2050/1837 3574/2051/1838
f 2908/1823/1649 3743/2052/1839 2909/2053/1840
f 2347/2054/1841 4422/761/692 1237/2055/1842
f 3637/2056/1843 2785/2057/1844 1238/2058/1845
f 1076/1775/1608 1964/2059/1846 2938/2060/1847
f 1239/2061/1848 1240/2062/1849 1241/2063/1850
f 1242/2064/1851 1243/2065/1852 1244/2066/1853
f 1716/2067/1854 2675/2068/1855 5131/2069/1856
f 5015/2070/1857 1245/2071/1858 2004/2072/1859
f 1246/2073/1860 1247/2074/1861 788/1266/1166
f 3530/2075/1862 1248/2076/1863 1249/2077/1864
f 426/685/619 428/687/621 5071/2078/1865
f 795/1275/1175 1250/2079/1866 796/1276/1176
f 1251/2080/1867 759/1222/1127 1252/2081/1868
f 1253/2082/1869 3190/2083/1870 1254/2084/1871
f 5070/2085/1872 4479/936/861 4025/2086/1873
f 3317/652/588 1255/2087/1874 404/650/586
f 1256/2088/1875 1266/2089/1876 1257/2090/1877
f 875/2091/930 1258/2092/1878 1259/2093/1879
f 1260/2094/1880 1261/2095/1881 3478/2096/1882
f 1262/2097/1883 1263/2098/1884 1264/2099/1885
f 1265/2100/1886 1266/2101/1876 3693/2102/1887
f 192/2103/251 1267/2104/1888 4526/2105/1889
f 777/1247/1149 3847/2106/1890 973/1585/1447
f 452/721/654 427/686/620 426/685/619
f 1268/2107/1891 3880/2108/1892 3788/2109/1893
f 1270/2110/1894 3041/2111/1895 763/2112/1131
f 1269/2113/1896 1270/2114/1894 763/1226/1131
f 1230/2115/1827 1271/2116/1897 1272/2117/1898
f 1273/2118/1828 1962/990/909 20/24/22
f 1274/2119/1328 3586/2120/1899 3466/2121/1900
f 1275/2122/1901 4211/2123/1902 1276/2124/1903
f 3176/2125/1904 4202/2126/1905 2720/857/783
f 4997/2127/1906 1979/2128/1907 4609/2129/1908
f 3948/2130/1909 1070/1762/1596 671/1086/997
f 1277/2131/1910 1278/2132/1911 1071/2133/1598
f 1279/2134/1912 1280/2135/1913 203/2136/271
f 1279/2134/1912 203/2136/271 1281/2137/1914
f 1282/2138/1915 1283/2139/1916 1284/2140/1917
f 2369/2141/1918 1285/2142/1919 1286/2143/1920
f 308/487/425 1027/1690/1534 1287/2144/1921
f 1288/2145/1922 1289/2146/1923 1290/2147/1924
f 1191/1985/1008 1291/2148/1007 1292/2149/1925
f 2493/2150/1926 1293/2151/1927 1294/2152/497
f 1295/2153/959 933/1502/1152 2927/2154/1928
f 4405/2155/1929 5141/2156/1930 1296/2157/1230
f 1297/2158/1931 4791/2159/1932 1298/2160/826
f 1299/2161/1933 4984/2162/1934 1300/2163/1935
f 1301/2164/1936 4721/2165/848 2457/2166/1937
f 1200/1995/1791 858/1379/1269 1302/2167/1792
f 852/1370/1261 1303/2168/1938 331/521/459
f 1304/2169/1150 1305/2170/1939 2563/2171/1659
f 4710/2172/1940 1306/2173/1941 1307/2174/1942
f 1308/2175/1943 1309/2176/1944 1310/2177/1945
f 1311/2178/1946 2111/2179/1947 1312/2180/1948
f 1313/2181/1949 215/2182/290 1314/2183/1950
f 1315/2184/1951 1316/2185/1952 3400/2186/132
f 1317/2187/1953 1318/2188/1954 636/1029/944
f 1319/2189/578 3694/2190/1955 4182/2191/1956
f 1111/1848/1670 4063/2192/1957 4812/2193/765
f 1320/2194/1958 4986/2195/1959 1321/2196/1960
f 1322/2197/1961 1323/2198/1962 1324/2199/1963
f 692/1124/1034 4156/1123/1033 3473/2200/1964
f 1325/2201/1965 1326/2202/1966 1327/2203/1967
f 1328/2204/384 1329/2205/1968 1330/2206/1969
f 1000/1632/1484 3699/1930/1739 1159/1929/1738
f 1331/2207/1970 1332/2208/1971 1333/2209/1972
f 1058/1742/1580 1334/2210/1973 1335/2211/1974
f 1336/2212/1402 1337/2213/1975 1807/2214/1976
f 1338/2215/1977 1339/2216/1978 322/508/446
f 241/382/322 1932/2217/1979 1340/2218/1980
f 1341/2219/406 1342/2220/1981 1343/2221/1982
f 1372/2222/1983 3914/2223/510 1269/2113/1896
f 1344/2224/1984 1345/2225/1985 3878/2226/1986
f 1344/2224/1984 3878/2226/1986 1346/2227/1987
f 1212/2014/1804 1211/2013/1803 1347/2228/1988
f 1348/2229/1989 1349/2230/1990 1350/2231/1991
f 1351/2232/1992 1352/2233/1993 1353/2234/1994
f 1177/1962/1766 1354/2235/1995 1355/2236/1996
f 1356/2237/1997 336/530/468 335/529/467
f 1357/2238/1998 2246/2239/1999 3904/2240/873
f 1358/2241/2000 1265/2100/1886 1359/2242/2001
f 2891/2243/2002 1360/2244/2003 1361/2245/2004
f 1362/2246/2005 646/2247/961 2774/2248/2006
f 2870/2249/2007 1363/2250/60 3031/2251/2008
f 1364/2252/2009 3196/2253/2010 3299/596/534
f 3655/2254/2011 1365/2255/2012 4621/2256/2013
f 3461/2257/2014 2631/2258/2015 1366/2259/2016
f 1367/2260/2017 1368/2261/2018 1056/1736/1574
f 5083/2262/501 1369/2263/2019 1370/2264/856
f 961/762/693 4108/2265/2020 477/763/694
f 2225/2266/1016 1653/2267/2021 1100/2268/1653
f 1371/2269/2022 1372/2270/1983 1373/2271/2023
f 1374/2272/2024 301/477/415 300/476/414
f 1375/2273/2025 1374/2272/2024 300/476/414
f 1376/2274/2026 1377/2275/2027 1378/2276/2028
f 4970/2277/2029 1376/2278/2026 1378/2279/2028
f 1379/2280/2030 1380/2281/2031 4413/2282/2032
f 4463/2283/2033 3612/2284/2034 1381/2285/2035
f 904/2286/1337 1511/2287/2036 520/844/771
f 1756/2288/2037 2313/2289/2038 4309/2290/2039
f 1372/2222/1983 1269/2113/1896 1382/2291/2040
f 3276/2292/2041 3277/2293/2042 4598/344/285
f 673/1089/1000 812/1302/1198 2920/2294/2043
f 1382/2295/2040 3767/2296/2044 1383/2297/2045
f 180/2298/231 1384/2299/2046 1385/2300/2047
f 1386/2301/2048 3159/2302/2049 1054/2303/1571
f 1386/2301/2048 1054/2303/1571 1387/2304/2050
f 1388/2305/2051 1389/2306/2052 14/17/15
f 4987/2307/2053 1349/2308/1990 5108/2309/2054
f 1390/2310/2055 4625/2311/422 1391/2312/2056
f 3454/2313/2057 1392/2314/2058 1393/2315/2059
f 1394/2316/2060 4751/2317/2061 1395/2318/2062
f 4006/2319/2063 1396/2320/2064 1397/2321/1539
f 2253/2322/2065 929/1497/1376 931/1499/1378
f 411/809/596 4936/811/740 4305/2323/491
f 1398/2324/2066 4139/2325/2067 713/1163/1069
f 1398/2324/2066 713/1163/1069 1399/2326/2068
f 1400/2327/2069 1401/2328/2070 1402/2329/2071
f 1377/2275/2027 1403/2330/2072 1404/2331/2073
f 3086/2332/2074 4938/2333/2075 2763/2334/2076
f 1405/2335/2077 1406/2336/1694 1407/2337/2078
f 3814/2338/2079 1408/2339/2080 1409/2340/784
f 4150/2341/2081 3022/2342/2082 1410/2343/2083
f 1411/2344/2084 1412/2345/2085 5099/2346/2086
f 1413/2347/2087 1414/2348/2088 950/1541/1411
f 1415/2349/2089 820/1319/1214 400/645/581
f 399/644/580 1415/2349/2089 400/645/581
f 1416/2350/2090 577/922/847 4397/2351/2091
f 877/1415/1301 3004/2352/2092 1417/2353/2093
f 4461/2354/2094 1418/2355/2095 1419/2356/2096
f 4630/2357/2097 1003/2358/1018 2108/2359/1017
f 455/730/661 3685/1404/1291 1420/2360/2098
f 5140/2361/1726 3520/2362/2099 4806/2363/2100
f 4360/1075/988 4116/2364/2101 667/1076/989
f 4706/2365/2102 4985/1590/1451 838/1346/1241
f 955/1214/1119 2103/786/717 1421/2366/1421
f 1422/2367/2103 1423/2368/2104 1424/2369/2105
f 1606/2370/2106 4698/1183/1089 726/1182/1088
f 2024/2371/2107 1425/2372/2108 1426/2373/2109
f 1427/2374/2110 1428/2375/2111 1429/2376/2112
f 1430/2377/2113 1431/2378/2114 4113/2379/2115
f 4032/2380/2116 1432/2381/2117 1433/2382/2118
f 1434/2383/2119 4779/2384/42 1435/2385/2120
f 1436/2386/162 4190/2387/2121 1437/2388/2122
f 1438/2389/2123 1439/2390/2124 1563/2391/2125
f 1440/2392/2126 1441/2393/1424 1442/2394/2127
f 1443/2395/2128 1444/2396/2129 1445/2397/2130
f 1446/2398/2131 1447/2399/2132 1448/2400/2133
f 4660/2401/2134 1587/2402/109 1963/2403/2135
f 4106/2404/2136 2743/2405/2137 1449/2406/2138
f 4310/2407/2139 1450/2408/2140 1451/2409/2141
f 3687/2410/2142 1452/2411/2143 137/229/174
f 608/2412/903 610/2413/905 1453/2414/2144
f 3138/2415/2145 1567/2416/2146 1454/2417/2147
f 1455/2418/2148 703/2419/1048 4023/2420/1050
f 1456/2421/2149 397/636/574 1457/2422/2150
f 4026/1580/1444 1458/2423/2151 845/2424/1251
f 1459/2425/2152 3304/2426/2153 4813/2427/2154
f 481/770/701 1459/2428/2152 3511/2429/2155
f 4388/2430/2156 4845/2431/2157 396/635/573
f 1238/2432/1845 5139/2433/2158 1460/2434/2159
f 1461/2435/2160 4395/2436/2161 4797/2437/2162
f 818/2438/1209 2635/2439/2163 2634/2440/2164
f 1361/2441/2004 1462/2442/2165 1463/2443/2166
f 2016/2444/2167 2095/2445/2168 1383/2297/2045
f 2460/216/173 522/846/773 523/848/774
f 4950/2446/2169 1464/2447/2170 1465/2448/2171
f 4715/2449/925 1466/2450/2172 1467/2451/2173
f 1468/2452/1349 1469/2453/2174 1470/2454/2175
f 1290/2147/1924 1471/2455/2176 1472/2456/2177
f 2086/2457/2178 306/485/423 1473/2458/2179
f 4554/2459/2180 4775/2460/2181 947/2461/1405
f 1474/2462/2182 1475/2463/2183 2494/2464/2184
f 127/2465/156 1791/2466/2185 128/2467/153
f 1476/2468/2186 1477/2469/2187 1478/2470/2188
f 563/901/827 1479/2471/2189 2447/2472/2190
f 579/926/851 3538/925/850 1480/2473/2191
f 1481/2474/2192 4120/2475/337 1311/2178/1946
f 1482/2476/517 5037/2477/2193 4074/2478/2194
f 1483/2479/2195 3174/2480/1727 3799/2481/2196
f 1176/2482/1765 1484/2483/2197 1485/2484/2198
f 878/1416/1302 5099/2346/2086 1486/2485/2199
f 4824/2486/2200 1177/1962/1766 1485/2487/2198
f 4272/2488/2201 1487/2489/2202 5004/2490/2203
f 5138/2491/2204 1488/2492/2205 1489/2493/345
f 1127/2494/1697 1126/2495/1696 1490/2496/1483
f 1491/2497/2206 4135/2498/2207 1017/2499/1517
f 1491/2500/2206 1017/2501/1517 4852/2502/2208
f 948/1539/1409 1492/2503/2209 949/1540/1410
f 1493/2504/2210 1494/2505/2211 1495/2506/2212
f 1496/2507/2213 1497/2508/252 4253/2509/2214
f 1498/2510/2215 1499/2511/2216 1500/2512/2217
f 1501/2513/2218 1502/2514/2219 1503/2515/92
f 1071/1764/1598 569/909/835 1430/2377/2113
f 5031/2516/2220 762/1225/1130 1504/2517/2221
f 4994/2518/2222 1505/2519/2223 1506/2520/2224
f 1507/2521/2225 881/2522/1307 1508/2523/2226
f 1509/2524/2227 1510/2525/2228 1511/2526/2036
f 3378/2527/2229 4461/2354/2094 1512/2528/2230
f 2455/2529/2231 2454/2530/2232 1513/2531/2233
f 1514/2532/2234 4348/2533/2235 1515/2534/2236
f 1516/2535/629 3249/2536/2237 3862/2537/2238
f 1517/2538/2239 1518/2539/2240 1519/2540/2241
f 476/759/690 1156/1926/1735 1520/2541/2242
f 4663/2542/2243 1521/2543/2244 1781/2544/2245
f 384/2545/549 934/1504/1380 1522/2546/2246
f 706/2547/550 384/2545/549 1522/2546/2246
f 935/1505/1381 937/1508/1384 1523/2548/2247
f 1524/2549/2248 935/1505/1381 1523/2548/2247
f 3618/2550/2249 1525/2551/2250 4981/2552/2251
f 1526/2553/2252 2247/2554/2253 2746/2555/2254
f 1527/2556/2255 1528/2557/2256 1529/2558/2257
f 1530/2559/2258 4260/2560/2259 1531/2561/2260
f 188/2562/248 900/2563/1332 1532/2564/2261
f 910/1467/1347 3692/443/382 1533/2565/2262
f 1534/2566/2263 323/509/447 1535/2567/2264
f 1536/2568/2265 5040/2569/2266 1537/2570/2267
f 1732/1072/985 1726/2571/2268 1538/2572/2269
f 1539/2573/2270 1540/2574/2271 1541/2575/2272
f 1542/2576/2273 4635/2577/2274 1543/2578/2275
f 3367/2579/2276 1544/2580/2277 1177/1962/1766
f 3454/2313/2057 3455/2581/2278 1392/2314/2058
f 1545/2582/2279 4002/2583/2280 1546/2584/2281
f 5021/2585/2282 1547/2586/2283 1548/2587/2284
f 5064/2588/2285 5021/2589/2282 1548/2590/2284
f 4773/2591/2286 1549/2592/2287 1550/2593/2288
f 1551/2594/962 2817/2595/2289 4798/2596/265
f 3514/2597/2290 5121/2598/2291 1552/2599/2292
f 2923/2600/2293 1080/1786/1615 3375/1788/1617
f 4044/2601/2294 1553/2602/1343 745/1204/1109
f 480/2603/699 2974/2604/2295 4552/620/558
f 575/917/842 4236/2605/2296 4674/2606/2297
f 1554/2607/2298 1555/2608/2299 1556/2609/2300
f 1388/2305/2051 14/17/15 21/25/23
f 1246/2073/1860 1557/2610/2301 1558/2611/2302
f 1559/2612/2303 1560/2613/2304 1561/2614/2305
f 4652/2615/2306 3941/2616/2307 1562/2617/2308
f 4916/2618/2309 1563/2619/2125 1555/2620/2299
f 1564/2621/2310 1565/2622/2311 1566/2623/2312
f 1567/2624/2146 1568/2625/2313 1454/2626/2147
f 3052/2627/2314 1569/2628/999 1570/2629/1148
f 1830/2630/1393 4961/693/627 431/692/626
f 2795/2631/2315 2117/2632/2316 1571/2633/2317
f 2529/2634/2318 4587/2635/2319 1572/2636/2320
f 4571/2637/2321 1573/2638/614 4284/2639/2322
f 1574/2640/1746 1575/2641/2323 5141/2642/1930
f 1576/2643/2324 4763/1793/1622 910/1467/1347
f 2259/2644/2325 1577/2645/2326 4359/491/429
f 1396/2320/2064 1578/2646/2327 4425/2647/1540
f 1579/2648/2328 1580/2649/2329 4990/2650/525
f 1581/2651/2330 1582/2652/2331 1583/2653/2332
f 1581/2651/2330 1583/2653/2332 1584/2654/2333
f 1585/2655/2334 1586/2656/2335 437/702/636
f 117/186/145 4675/2657/2336 4416/185/146
f 4296/2658/2337 373/598/536 4857/2659/1505
f 88/136/102 1587/2660/109 5035/134/105
f 164/254/204 163/253/203 663/1067/980
f 1350/2661/1991 4987/2307/2053 4698/1183/1089
f 1588/2662/2338 1589/2663/2339 2796/2664/2340
f 2367/2665/2341 1590/2666/2342 1591/2667/2343
f 1420/2360/2098 1088/2668/1630 1087/2669/1629
f 1592/2670/2344 5030/2671/2345 708/1151/1059
f 1593/2672/895 603/2673/894 4155/2674/970
f 3089/2675/2346 1594/2676/2347 4963/2677/2348
f 917/1479/1359 919/1481/1361 4569/2678/2349
f 4559/2679/2350 1595/2680/2351 987/2681/1467
f 1387/2304/2050 1054/2303/1571 1596/2682/2352
f 743/869/795 4850/2683/2353 537/870/796
f 1597/2684/2354 1598/2685/2355 701/2686/1047
f 1599/2687/1046 1597/2688/2354 701/2689/1047
f 1600/2690/2356 1601/2691/2357 1602/2692/928
f 1603/2693/2358 69/2694/80 1131/1886/1702
f 3516/2695/2359 1604/2696/2360 478/2697/695
f 1605/2698/2361 1606/2699/2106 225/361/301
f 1607/2700/2362 1608/2701/2363 1609/2702/2364
f 1610/2703/2365 1145/2704/1716 1611/2705/2366
f 3729/2706/2367 1340/2218/1980 1612/2707/2368
f 1613/2708/2369 1614/2709/1530 1615/2710/2370
f 1616/2711/2371 1944/2712/2372 3705/2713/2373
f 2989/2714/2374 351/556/494 1617/2715/2375
f 1618/2716/2376 1619/2717/2377 634/1027/942
f 1620/2718/2378 1621/2719/2379 3527/1588/1449
f 5003/2720/2380 5002/2721/1581 1335/2722/1974
f 1622/2723/2381 1623/2724/2382 1624/2725/2383
f 3621/2726/2384 1625/2727/2385 4377/2728/2386
f 3829/1441/1322 1626/2729/2387 4574/2730/2388
f 4040/2731/1740 1783/1410/1297 875/1412/930
f 4484/2732/2389 4483/2733/2390 1627/2734/2391
f 1675/2735/2392 1628/2736/2393 1629/2737/2394
f 4921/2738/2395 338/536/474 337/535/473
f 3606/2739/2396 1251/2080/1867 1252/2081/1868
f 724/1179/1085 2214/2740/2397 1630/2741/2398
f 632/1024/939 1631/2742/2399 5100/1025/940
f 730/1187/1093 1632/2743/2400 1633/2744/2401
f 4861/2745/2402 4795/2746/2403 1501/2747/2218
f 1038/1710/1256 1037/1709/1551 4273/2748/2404
f 1634/2749/2405 4528/2750/2406 4529/2751/2407
f 1635/2752/2408 1636/2753/2409 1637/2754/2410
f 1638/2755/2411 1639/2756/2412 1640/2757/2413
f 4431/2758/2414 1641/2759/2415 3402/2760/2416
f 1642/2761/2417 1206/2762/1798 5112/2763/2418
f 1643/2764/2419 1644/2765/2420 1061/1746/1584
f 5019/2766/2421 1645/2767/2422 1646/2768/2423
f 1647/2769/2424 1648/2770/2425 1649/2771/2426
f 1174/1959/1763 1650/2772/2427 1175/1960/1764
f 663/1067/980 163/253/203 4655/1068/981
f 4718/2773/246 188/2774/248 1651/2775/2428
f 4749/2776/2429 1652/2777/2430 2212/2778/2431
f 3796/2779/2432 2380/2780/2433 251/2781/342
f 1100/2782/1653 1653/2783/2021 1654/2784/2434
f 1655/2785/2435 5040/2569/2266 4596/2786/2436
f 2529/2634/2318 1572/2636/2320 993/1617/1475
f 4838/2787/2437 3134/2788/1354 1656/2789/1197
f 2095/2445/2168 1382/2295/2040 1383/2297/2045
f 1657/2790/2438 1438/2389/2123 4492/2791/2439
f 498/1286/729 803/1285/1185 1658/2792/2440
f 3676/2793/2441 4228/1666/1512 1016/1668/1514
f 1933/2794/2442 2755/2795/2443 1659/2796/464
f 839/1347/1242 1660/2797/2444 3840/2798/2445
f 1298/2160/826 363/580/518 3844/2799/2446
f 1661/2800/2447 1572/2636/2320 4587/2635/2319
f 3842/2801/2448 1662/2802/2449 4743/2803/2450
f 1272/2117/1898 1663/2804/2451 1664/2805/2452
f 1665/2806/2453 293/469/407 2858/2807/2454
f 4325/2808/2455 28/37/33 4126/2809/2456
f 1588/2662/2338 4484/2732/2389 1666/2810/2457
f 1589/2811/2339 1588/2812/2338 1666/2813/2457
f 1667/2814/2458 1668/2815/2459 4086/2816/2460
f 1669/2817/2461 1461/2818/2160 1670/2819/2462
f 2147/2820/2463 1327/2203/1967 3371/2821/2464
f 1671/2822/2465 1672/2823/2466 1673/2824/2467
f 3513/2825/2468 4161/2826/2469 3512/2827/2470
f 5089/2828/2471 1674/2829/2472 1675/2830/2392
f 1676/2831/2473 1677/2832/2474 1678/2833/2475
f 1679/2834/2476 1680/2835/2477 1681/2836/2478
f 5024/2837/2479 1682/2838/2480 1683/2839/2481
f 5024/2840/2479 1683/2841/2481 5043/2842/2482
f 281/449/388 367/584/522 1684/2843/2483
f 1685/2844/2484 1432/2845/2117 1686/2846/2485
f 1687/2847/2486 3460/2848/2487 1688/2849/2488
f 1689/2850/2489 1687/2847/2486 1688/2849/2488
f 4316/2851/163 4493/2852/161 4934/2853/2490
f 671/1086/997 2775/2854/2491 672/1087/998
f 1582/2652/2331 1690/2855/2492 1583/2653/2332
f 1691/2856/2493 1969/2857/2494 1692/2858/2495
f 3364/2859/2496 1693/2860/2497 4989/2861/2498
f 1694/2862/2499 1398/2324/2066 1399/2326/2068
f 1695/2863/2500 1696/2864/2501 3028/2865/2502
f 1697/2866/2503 1698/2867/2504 1699/2868/2505
f 1700/2869/2506 1701/2870/2507 1702/2871/2508
f 483/772/703 403/649/585 1028/1691/1535
f 1703/2872/2509 4546/2873/2510 885/2874/1312
f 2467/2875/2511 2090/2876/466 3665/1281/1181
f 1143/1704/1547 1704/2877/2512 1033/1702/1545
f 610/983/905 4542/2878/2513 1705/2879/2514
f 4488/2880/2515 1651/2775/2428 1706/2881/2516
f 4488/2882/2515 1706/2883/2516 1707/2884/2517
f 1708/2885/2518 1709/2886/2519 294/470/408
f 1710/2887/2520 166/250/200 164/2888/204
f 2267/2889/2521 1711/2890/2522 1712/2891/2523
f 1619/2717/2377 1713/2892/2524 634/1027/942
f 2602/2893/2525 4410/2894/2526 1714/2895/2527
f 608/2896/903 1846/2897/2528 1715/2898/2529
f 1656/1301/1197 3134/2899/1354 576/918/843
f 1716/2900/1854 1029/1698/1541 642/1039/954
f 1717/2901/2530 1718/2902/274 2010/2903/2531
f 1719/2904/143 4379/2905/172 3851/2906/2532
f 1719/2904/143 3851/2906/2532 1720/2907/144
f 3920/2908/2533 4651/392/332 4363/2909/2534
f 609/2910/904 1721/2911/1407 942/1519/1395
f 737/2912/1100 1722/2913/2535 1723/2914/1101
f 1470/2454/2175 1724/2915/2536 516/832/760
f 2919/2916/2537 486/2917/706 5050/2918/2538
f 2030/2919/2539 1725/2920/2540 1726/2921/2268
f 3412/2922/2541 658/1062/975 657/1061/974
f 1727/2923/1715 1728/2924/2542 1729/2925/2543
f 3774/2926/2544 1730/2927/2545 2869/2928/2546
f 1731/2929/2547 1726/2921/2268 1732/2930/985
f 212/2931/287 1733/2932/2548 3001/2933/2549
f 1734/2934/2550 1735/2935/2551 4518/2936/2552
f 1469/2453/2174 1736/2937/2553 1470/2454/2175
f 962/1565/1433 2347/2938/1841 4997/2939/1906
f 2261/2940/2554 2263/1338/1233 833/1337/1232
f 1168/1946/1206 1737/2941/2555 5072/2942/1207
f 1738/2943/2556 700/2944/1043 2789/2945/2557
f 1739/2946/2558 1534/2566/2263 1740/2947/2559
f 1556/2609/2300 1741/2948/2560 1040/1712/1553
f 3011/2949/2561 3010/2950/2562 586/940/865
f 5121/2598/2291 1742/2951/2563 4626/2952/2564
f 1727/2923/1715 1743/2953/1556 1744/2954/2565
f 1727/2923/1715 1744/2954/2565 1728/2924/2542
f 1745/2955/2566 4238/2956/2567 1746/2957/886
f 1034/1705/1548 1747/2958/2568 2146/2959/2569
f 1337/2213/1975 1748/2960/2570 1807/2214/1976
f 1749/2961/2571 2579/1850/1672 1112/1852/1674
f 1750/2962/2572 1751/2963/2573 2826/2964/2574
f 1284/2140/1917 1230/2040/1827 1565/2622/2311
f 4458/2965/2575 674/1090/1001 1752/2966/2576
f 129/2967/157 110/170/134 112/172/136
f 129/2967/157 112/172/136 4334/2968/158
f 1753/2969/2577 1754/2970/2578 1755/2971/2579
f 1753/2969/2577 1755/2971/2579 1756/2972/2037
f 1544/2580/2277 1354/2235/1995 1177/1962/1766
f 1757/2973/2580 886/1430/1313 1758/2974/2581
f 4192/2975/2582 1759/2976/2583 1760/2977/2584
f 4950/2978/2169 4283/2979/2585 1642/2980/2417
f 200/327/268 1761/2981/278 1762/2982/277
f 1763/2983/2586 2284/2984/2587 1764/2985/513
f 1765/2986/2588 1766/2987/2589 1767/2988/2590
f 4832/2989/2591 1768/2990/2592 1769/2991/2593
f 4039/2992/2594 1770/2993/2595 1771/2994/2596
f 1736/2937/2553 562/897/823 831/2995/1227
f 1772/2996/2597 284/454/393 2621/2997/2598
f 3920/2908/2533 1773/2998/2599 1017/1672/1517
f 1774/2999/2600 3036/3000/2601 1775/3001/2602
f 2013/3002/2603 1776/3003/2604 4754/89/72
f 1777/3004/2605 298/474/412 1778/3005/2606
f 1779/3006/2607 1380/2281/2031 1379/2280/2030
f 1780/3007/2608 3960/3008/2609 1781/3009/2245
f 4137/3010/2610 548/882/808 550/884/810
f 917/1479/1359 1782/3011/2611 918/1480/1360
f 3699/3012/1739 3739/3013/2612 1783/3014/1297
f 908/463/401 420/673/607 422/675/609
f 1784/3015/2613 1785/3016/949 1786/3017/821
f 4626/2952/2564 1742/2951/2563 282/3018/391
f 1787/3019/2614 173/3020/218 169/266/207
f 4716/3021/2615 1787/3019/2614 169/266/207
f 4034/3022/2616 5039/2010/1801 1209/2009/1800
f 1788/3023/2617 2864/3024/2618 1789/3025/2619
f 1994/3026/2620 1996/3027/2621 1790/3028/2622
f 1791/3029/2185 3574/3030/1838 1792/3031/2623
f 1793/3032/2624 258/412/352 1579/3033/2328
f 1794/3034/2625 1795/3035/2626 1796/3036/2627
f 1797/3037/2628 1943/1036/951 4786/3038/2629
f 1470/2454/2175 1736/2937/2553 1724/2915/2536
f 1798/3039/2630 1799/3040/2631 1800/3041/2632
f 646/3042/961 4145/3043/1399 4144/3044/2633
f 1556/2609/2300 1040/1712/1553 1554/2607/2298
f 5134/3045/2634 3590/3046/2635 1801/3047/2636
f 1478/2470/2188 3022/2342/2082 4150/2341/2081
f 425/684/618 1802/3048/2637 757/1220/1125
f 1803/3049/2638 1804/3050/2639 1805/3051/2640
f 4263/3052/2641 2723/3053/2642 1806/3054/2643
f 1807/3055/1976 1808/3056/2644 944/1528/1403
f 3110/3057/2645 1138/1896/1710 1137/1895/1709
f 163/253/203 3585/3058/2646 564/3059/830
f 4699/3060/2647 4304/3061/2648 1809/3062/2649
f 4633/3063/2650 1810/3064/2651 1267/2104/1888
f 1811/3065/2652 1812/3066/2653 1813/3067/2654
f 1814/3068/1363 5042/3069/362 1815/3070/2655
f 707/3071/1057 4583/3072/2656 1816/3073/2657
f 1817/3074/2658 1818/3075/2659 4747/3076/2660
f 4150/2341/2081 1410/2343/2083 3932/3077/2661
f 1819/3078/2662 2268/3079/2663 1820/3080/2664
f 2283/3081/2665 3244/3082/2666 1776/3003/2604
f 557/891/817 1821/3083/2667 1822/3084/2668
f 1823/3085/2669 3739/3086/2612 2496/3087/2670
f 4162/3088/2671 1824/3089/2672 3882/3090/2673
f 1825/3091/2674 1826/3092/2675 1827/3093/2676
f 720/3094/1076 1828/3095/2677 1144/1903/1546
f 969/1578/1443 968/1577/1442 1829/3096/2678
f 4462/3097/1394 1830/3098/1393 431/3099/626
f 1831/3100/2679 1154/3101/1732 1832/3102/2680
f 5125/3103/2681 1833/3104/2682 2814/3105/2683
f 1834/3106/2684 1835/3107/2685 1836/3108/2686
f 1837/3109/2687 3132/3110/2688 4510/3111/2689
f 799/3112/1179 541/875/801 629/874/800
f 1506/3113/2224 3802/3114/710 1838/3115/2690
f 4595/3116/2691 3152/3117/2692 1839/3118/2693
f 1840/3119/2694 1841/3120/2695 1842/3121/1260
f 2971/688/622 4847/691/625 1843/3122/2696
f 1844/3123/2697 4837/3124/2698 1273/2118/1828
f 1493/3125/2210 1495/3126/2212 1845/3127/2699
f 890/3128/1317 1846/3129/2528 1847/3130/2700
f 1848/3131/1491 1849/3132/1490 4302/3133/2701
f 1850/3134/2702 1851/3135/2703 1852/3136/2704
f 1853/3137/2705 1436/2386/162 1437/2388/2122
f 1849/3132/1490 4981/2552/2251 1525/2551/2250
f 1191/1985/1008 1292/2149/1925 1854/3138/2706
f 2366/3139/2707 4780/3140/2708 4264/3141/2709
f 1855/3142/2710 1856/3143/2711 1857/3144/2712
f 1346/2227/1987 1154/3101/1732 1831/3100/2679
f 481/770/701 3303/3145/2713 1459/2428/2152
f 705/1145/1054 2840/3146/2714 1858/3147/2715
f 2554/3148/2716 2239/3149/2717 1859/3150/1217
f 1860/3151/2718 1861/3152/2719 1862/3153/2720
f 1089/1803/1631 1863/3154/257 4753/3155/2721
f 1640/2757/2413 1864/3156/2722 1638/2755/2411
f 1772/2996/2597 282/452/391 284/454/393
f 4133/3157/2723 1865/3158/2724 1866/3159/2725
f 1867/3160/2726 882/1424/1308 2685/3161/2727
f 4813/2427/2154 183/297/240 185/299/242
f 1868/3162/2728 1869/3163/762 2127/3164/2729
f 1870/3165/563 1871/3166/2730 1872/3167/2731
f 1450/3168/2140 1186/3169/1777 1873/3170/511
f 183/297/240 1874/3171/2732 1875/3172/2733
f 1876/3173/2734 1877/3174/2735 4642/3175/2736
f 1878/3176/1087 1879/3177/2737 1880/3178/2738
f 1881/3179/2739 1882/3180/724 1883/3181/2740
f 1884/3182/2741 1885/3183/2742 2742/3184/2743
f 1886/3185/2744 1987/3186/2745 1887/3187/2746
f 1888/3188/2747 4916/2618/2309 1889/3189/2748
f 1890/3190/2749 1891/3191/2750 1663/2804/2451
f 3142/3192/2751 1892/3193/2752 5055/3194/224
f 1893/3195/2753 2768/3196/2754 971/1581/1445
f 1894/3197/2755 598/3198/885 1895/3199/2756
f 705/1145/1054 279/444/383 450/3200/652
f 3178/3201/2757 3900/3202/2758 1896/3203/2759
f 5013/3204/2760 1897/3205/2761 5048/3206/2762
f 3424/1721/1561 1898/3207/2763 4185/3208/2764
f 1899/3209/2765 1772/2996/2597 1552/3210/2292
f 334/3211/462 1900/3212/1417 1901/3213/2766
f 5054/3214/2767 1902/3215/2768 4339/3216/2769
f 3547/3217/2770 1903/3218/2771 1904/3219/2772
f 1905/3220/2773 1613/2708/2369 1352/2233/1993
f 444/710/643 1906/3221/2774 2912/711/644
f 4932/3222/2775 3842/2801/2448 1907/3223/714
f 1908/3224/2533 1909/3225/2776 1934/3226/2777
f 1910/3227/2778 1571/2633/2317 1911/3228/222
f 1912/3229/2779 4451/3230/2780 3955/3231/2781
f 1913/3232/2782 1530/2559/2258 1914/3233/2783
f 1915/3234/2784 1916/3235/2785 2528/3236/2786
f 3371/3237/2464 1917/3238/2787 1319/2189/578
f 1519/2540/2241 237/377/317 1517/2538/2239
f 1918/3239/2788 1919/3240/2789 1920/3241/2790
f 1876/3242/2734 1184/1969/1773 1921/3243/2791
f 1876/3242/2734 1921/3243/2791 1877/3244/2735
f 4931/3245/2792 1922/3246/1229 2994/3247/2793
f 5/7/7 853/1372/9 5144/1371/1262
f 3807/3248/2794 5058/3249/2795 1923/3250/2796
f 1220/2025/1815 1924/3251/2797 3494/3252/1577
f 4925/3253/2798 1925/3254/786 1457/2422/2150
f 881/1421/1307 723/1423/1084 1926/3255/2799
f 1927/3256/2800 159/246/196 152/237/191
f 1928/3257/1468 1929/3258/2801 1930/3259/2802
f 4408/3260/2803 2488/3261/2804 1931/3262/1032
f 1932/3263/1979 1209/2009/1800 1933/3264/2442
f 4360/3265/988 1934/3266/2777 3659/3267/2805
f 1935/3268/2806 3908/3269/2807 1936/3270/2808
f 1935/3268/2806 1936/3270/2808 1937/3271/2809
f 2700/3272/2810 1938/3273/2811 1939/3274/2812
f 1681/2836/2478 1680/2835/2477 5047/3275/2813
f 2837/3276/2814 1940/3277/2815 1080/3278/1615
f 1941/3279/2816 2291/3280/2817 2368/3281/2818
f 1942/3282/2819 608/2412/903 1453/2414/2144
f 1943/3283/951 901/1452/1333 4851/3284/952
f 4173/3285/2820 3992/3286/2821 1944/3287/2372
f 75/3288/90 1945/3289/93 1389/3290/2052
f 1946/3291/2822 1947/3292/2823 1948/3293/2824
f 4858/3294/2825 1949/3295/2826 3124/3296/2827
f 1950/3297/2828 4820/3298/2829 441/707/640
f 134/211/168 1626/2729/2387 592/213/170
f 3094/3299/2830 1099/1104/1014 1951/3300/2831
f 5056/3301/2832 1952/3302/2833 1953/3303/2834
f 1954/3304/2835 1668/3305/2459 1955/3306/1078
f 4822/3307/732 2981/3308/2836 4940/3309/2837
f 1956/3310/2838 4910/413/353 260/415/355
f 1957/3311/1273 1958/3312/2839 743/3313/795
f 1959/3314/2840 1960/3315/2841 1961/3316/2842
f 1962/3317/909 1963/3318/2135 613/3319/910
f 2093/3320/2843 4104/3321/2844 1566/3322/2312
f 1964/3323/1846 1965/3324/2845 1966/3325/2846
f 558/892/818 560/894/820 1967/3326/2847
f 1968/3327/2848 1887/3187/2746 1969/3328/2494
f 1970/3329/2849 1968/3327/2848 1969/3328/2494
f 166/250/200 1710/2887/2520 162/251/201
f 4539/2035/1822 3591/2037/1824 1971/3330/2850
f 1972/3331/2851 1973/3332/2852 4547/3333/2853
f 5089/2828/2471 1974/3334/2854 1674/2829/2472
f 2026/3335/2855 1975/3336/846 3385/3337/1285
f 4723/3338/2856 3783/3339/2857 4866/3340/2858
f 1976/3341/2859 1977/3342/2860 3370/3343/2861
f 2348/3344/2862 1978/3345/2863 1979/3346/1907
f 1980/3347/2864 1443/2395/2128 1194/1989/1786
f 1981/3348/2865 4540/3349/2866 1982/3350/2867
f 401/646/582 400/645/581 1983/3351/2868
f 4969/3352/2869 3745/3353/2870 1902/3215/2768
f 210/343/284 3276/2292/2041 4598/344/285
f 4291/3354/2871 1984/3355/2872 1985/3356/2873
f 1986/3357/2874 2098/3358/2875 1987/3359/2745
f 1886/3185/2744 1986/3360/2874 1987/3186/2745
f 1988/3361/2876 1989/3362/2877 1990/3363/2878
f 514/826/754 622/1007/924 1991/3364/2879
f 1992/3365/2880 1643/2764/2419 1993/3366/612
f 1460/3367/2159 1120/1866/1686 3663/1865/1685
f 1352/2233/1993 1613/2708/2369 1353/2234/1994
f 1994/3368/2620 1995/3369/2881 1996/3370/2621
f 1997/3371/1437 1998/3372/1436 469/752/683
f 1997/3371/1437 469/752/683 1999/3373/2882
f 2000/3374/2883 2001/3375/2884 1874/3376/2732
f 3320/3377/2885 5146/3378/2886 2206/3379/2887
f 2002/3380/2888 372/595/533 2003/3381/2889
f 2004/3382/1859 1245/3383/1858 2005/3384/1662
f 659/1063/976 4178/3385/2890 660/1064/977
f 4691/3386/2891 2006/3387/1587 4132/3388/1586
f 2853/3389/2892 4724/1001/918 620/1003/920
f 4314/3390/2893 442/708/641 2007/3391/2894
f 2451/3392/2895 2008/3393/2896 1677/2832/2474
f 2307/3394/2897 3606/3395/2396 2009/3396/2898
f 1747/2958/2568 2010/3397/2531 2146/2959/2569
f 3480/3398/2899 4814/3399/2900 4616/3400/2901
f 4798/3401/265 1345/2225/1985 2011/3402/2902
f 2012/3403/2903 2013/3404/2603 76/114/91
f 4866/3340/2858 3783/3339/2857 4933/3405/238
f 996/1620/1478 3072/3406/2904 605/977/899
f 926/1494/1373 1147/1909/1719 927/1495/1374
f 2014/3407/495 4616/3400/2901 2207/3408/2905
f 2015/3409/2906 2016/3410/2167 2017/3411/2907
f 2018/3412/2908 2019/3413/2909 4823/3414/2910
f 4095/3415/2911 1628/2736/2393 1675/2735/2392
f 2020/3416/2912 2021/3417/2913 2022/3418/2914
f 2023/3419/2915 2024/3420/2107 2025/3421/436
f 3222/3422/2916 2023/3423/2915 2025/3424/436
f 4940/3309/2837 2981/3308/2836 2026/3425/2855
f 3216/3426/2917 3538/3427/850 578/3428/849
f 2027/3429/2918 2028/3430/2919 2029/3431/2920
f 951/1542/1412 680/1102/1012 4893/3432/2921
f 1179/1964/1768 2030/3433/2539 2031/3434/2922
f 2032/3435/2923 2033/3436/2924 2034/3437/2925
f 2035/3438/2926 2036/3439/211 172/3440/216
f 2035/3438/2926 172/3440/216 3571/3441/2927
f 1507/3442/2225 2037/3443/2928 881/1421/1307
f 2038/3444/2929 843/1356/1248 4169/391/331
f 2039/3445/2930 2040/3446/2931 2041/3447/2932
f 2239/3149/2717 2042/3448/1729 2240/3449/1730
f 525/850/776 4545/3450/2933 3054/3451/2934
f 2043/3452/2935 2903/3453/2936 2044/3454/2937
f 2045/3455/2938 2046/3456/1602 2047/3457/2939
f 3902/3458/2940 2048/3459/2941 2049/3460/2942
f 2926/1906/1717 4309/3461/2039 1146/1907/1718
f 2050/3462/2943 2051/3463/2944 383/3464/548
f 2052/3465/2945 2053/3466/2946 918/1480/1360
f 1822/3084/2668 2054/3467/2947 1027/1690/1534
f 2055/3468/2948 2056/3469/2949 2057/3470/2950
f 2058/3471/2951 344/547/485 2059/3472/2952
f 4810/3473/2953 1440/3474/2126 3058/3475/2954
f 2060/3476/2955 810/1299/1195 780/1254/1156
f 2061/3477/2956 2062/3478/2957 2063/3479/1508
f 4857/1656/1505 1012/1655/1504 3629/3480/2958
f 2064/3481/1664 4857/1656/1505 3629/3480/2958
f 1993/3366/612 1643/2764/2419 2065/3482/2959
f 1996/3027/2621 2066/3483/1833 359/570/508
f 886/1430/1313 341/542/480 1758/2974/2581
f 4883/3484/2960 1651/2775/2428 4488/2880/2515
f 2417/3485/2961 2067/3486/2962 4223/3487/2963
f 2232/3488/2964 1845/3127/2699 3915/3489/2965
f 2068/3490/2966 2069/3491/2967 1068/1757/1592
f 4724/1001/918 5056/3492/2832 619/1002/919
f 3152/3493/2692 2070/3494/2968 2071/3495/2969
f 2072/3496/2970 4001/3497/2971 2073/3498/2972
f 5032/3499/2973 1442/2394/2127 2051/3463/2944
f 1076/1775/1608 2626/3500/2974 1964/2059/1846
f 4936/811/740 2717/810/739 2074/3501/2975
f 1166/1943/1752 2075/3502/2976 2076/3503/2977
f 1618/2716/2376 2077/3504/2978 2078/3505/2979
f 853/9/9 2/4/4 854/3506/1263
f 2079/3507/2980 2128/3508/2981 761/3509/1129
f 1849/3132/1490 1525/2551/2250 4302/3133/2701
f 592/954/170 4458/2965/2575 1752/2966/2576
f 942/1519/1395 2639/1521/1397 3653/3510/2982
f 4424/3511/2983 1268/3512/1891 3292/621/559
f 567/907/833 568/908/834 924/1491/1370
f 1628/2736/2393 2080/3513/2984 1629/2737/2394
f 635/3514/943 4550/3515/2985 559/3516/819
f 1613/2708/2369 1615/2710/2370 2081/3517/2986
f 3902/3518/2940 4259/3519/2987 2082/3520/1431
s 0
f 1780/3521/2988 2083/3522/2989 1483/2479/2989
s 1
f 4601/3523/2990 3974/3524/2991 2084/3525/2992
f 1702/3526/2508 4459/3527/2993 2085/3528/2994
f 4897/3529/730 498/3530/729 4898/3531/2995
f 2086/3532/2178 801/1283/1183 802/1284/1184
f 3679/1344/1239 2087/3533/2996 837/1345/1240
f 1782/3011/2611 190/307/249 2052/3465/2945
f 4913/3534/2997 3062/3535/2998 4928/1015/931
f 2088/3536/2999 4189/3537/3000 3533/3538/347
f 853/1372/9 5/7/7 9/12/3
f 2089/3539/3001 1659/2796/464 2090/3540/466
f 2089/3541/3001 2090/3542/466 2467/3543/2511
f 2092/3544/3002 2091/3545/3003 2093/3320/2843
f 2092/3546/3002 2093/3547/2843 2751/3548/3004
f 1767/2988/2590 1623/2724/2382 2094/3549/3005
f 1372/2222/1983 1382/2291/2040 2095/3550/2168
f 4361/3551/3006 1186/3552/1777 2096/3553/3007
f 1986/3554/2874 2097/3555/1783 2098/3556/2875
f 2099/3557/3008 1202/1997/1793 2100/3558/3009
f 2101/3559/88 1273/2041/1828 1011/3560/1503
f 98/3561/115 87/130/101 2112/3562/3010
f 2102/3563/3011 1870/3165/563 2103/3564/717
f 2104/3565/3012 1882/3180/724 1881/3179/2739
f 1561/2614/2305 2105/3566/3013 2106/3567/3014
f 684/1114/1024 958/3568/1427 1172/1954/1758
f 1251/2080/1867 425/684/618 757/1220/1125
f 4872/3569/3015 2107/3570/121 4496/565/503
f 4243/3571/3016 2108/3572/1017 3921/3573/3017
f 493/791/722 2109/3574/3018 2110/3575/3019
f 2111/3576/1947 2890/3577/3020 4615/1613/1471
f 2112/3578/3010 2113/3579/103 2721/152/117
f 97/149/114 2112/3578/3010 2721/152/117
f 2028/3430/2919 1435/2385/2120 2512/3580/3021
f 2102/3581/3011 2103/786/717 2515/785/716
f 2114/3582/3022 4701/3583/3023 2115/3584/1487
f 1436/205/162 4316/206/163 4190/3585/2121
f 715/1165/1071 2116/3586/3024 2117/3587/2316
f 1401/3588/2070 4709/3589/3025 195/3590/259
f 4483/3591/2390 207/340/281 2118/3592/3026
f 2119/3593/3027 1168/1946/1206 3957/1945/1754
f 4170/3594/3028 705/1145/1054 450/3200/652
f 1627/2734/2391 2120/3595/3029 1666/2810/2457
f 2121/3596/3030 3153/3597/3031 3418/3598/3032
f 3217/366/306 4526/3599/1889 3273/3600/3033
f 1904/3219/2772 1903/3218/2771 2122/3601/3034
f 2123/3602/3035 1492/3603/2209 2124/3604/3036
f 2125/3605/3037 1416/3606/2090 2126/3607/3038
f 2079/3507/2980 760/3608/1128 236/375/315
f 4451/3609/2780 4410/3610/2526 2381/3611/3039
f 1868/3612/2728 2127/3613/2729 2128/3614/2981
f 525/850/776 3054/3451/2934 526/851/777
f 1283/2139/1916 2129/3615/3040 1229/2038/1825
f 3706/3616/3041 2997/3617/3042 2130/3618/3043
f 1956/3310/2838 260/415/355 4596/3619/2436
f 3895/3620/3044 352/560/498 354/562/500
f 2077/3504/2978 559/893/819 558/892/818
f 4617/3621/3045 339/538/476 4495/540/478
f 758/3622/1126 2131/3623/3046 1968/3327/2848
f 759/3624/1127 758/3622/1126 1968/3327/2848
f 2132/3625/3047 1253/2082/1869 1254/2084/1871
f 2584/3626/3048 2583/3627/3049 1937/3271/2809
f 2133/3628/3050 4703/350/291 1313/3629/1949
f 2134/3630/3051 2135/3631/3052 2136/3632/792
f 2623/3633/3053 4686/3634/3054 2137/3635/3055
f 1575/3636/2323 2623/3633/3053 2137/3635/3055
f 4037/3637/232 2138/3638/3056 4485/3639/3057
f 2139/3640/3058 2140/3641/1366 3477/3642/3059
f 1085/1798/1626 3526/3643/3060 4332/3644/3061
f 2141/3645/1311 2142/3646/3062 885/2874/1312
f 2198/1293/1190 4513/3647/3063 4514/3648/1199
f 1182/1967/1771 2212/2778/2431 2143/3649/1489
f 2144/3650/3064 2145/3651/3065 4731/3652/3066
f 619/1002/919 1953/3653/2834 4959/3654/3067
f 1035/3655/1549 2146/3656/2569 2147/3657/2463
f 807/3658/1191 2148/3659/3068 239/379/319
f 2149/3660/3069 2150/3661/3070 2151/3662/3071
f 3224/3663/3072 2152/3664/3073 2153/3665/3074
f 2154/3666/3075 591/3667/877 2155/3668/3076
f 2156/3669/960 931/1499/1378 2157/3670/3077
f 1391/2312/2056 4433/3671/3078 2158/3672/3079
f 2159/3673/1826 1663/2804/2451 1271/2116/1897
f 2073/3498/2972 4001/3497/2971 582/3674/858
f 1696/2864/2501 4008/3675/3080 2160/3676/3081
f 448/716/649 889/1433/1316 888/1432/1315
f 2161/3677/3082 5057/3678/3083 4522/3679/3084
f 787/3680/1165 786/3681/1164 1604/2696/2360
f 3310/3682/3085 2162/3683/3086 3394/3684/3087
f 2163/3685/3088 2407/3686/3089 3702/3687/3090
f 2164/3688/3091 2165/3689/3092 2166/3690/3093
f 2167/3691/3094 180/2298/231 1385/2300/2047
f 3016/3692/3095 1014/3693/1510 1475/3694/2183
f 2168/3695/3096 2169/3696/3097 2170/3697/3098
f 2171/3698/3099 2172/3699/3100 2173/3700/1526
f 1665/2806/2453 2858/2807/2454 4260/2560/2259
f 4620/3701/3101 2174/3702/916 2580/3703/3102
f 2175/3704/3103 2176/3705/3104 2027/3429/2918
f 553/887/813 2324/3706/3105 3674/3707/3106
f 1664/2805/2452 2879/3708/3107 1272/2117/1898
f 2177/3709/3108 977/1594/1455 4065/3710/3109
f 291/3711/404 181/293/236 4140/1936/1745
f 1619/2717/2377 2178/3712/3110 3172/3713/3111
f 2179/3714/3112 2426/3715/3113 4764/3716/3114
f 2180/3717/3115 303/480/418 3867/479/417
f 4246/426/365 3924/428/367 5093/3718/3116
f 4446/574/512 5120/3719/3117 3914/572/510
f 2181/3720/3118 4016/3721/3119 3543/3722/3120
f 2182/3723/3121 4835/3724/3122 2183/3725/3123
f 2184/3726/3124 2185/3727/3125 318/503/441
f 1464/3728/2170 2186/3729/3126 2187/3730/3127
f 2244/3731/3128 3246/3732/3129 130/203/160
f 2188/3733/3130 776/1245/1147 2189/3734/3131
f 3920/2908/2533 4363/2909/2534 1773/2998/2599
f 2190/3735/1454 628/1020/936 503/808/738
f 4978/3736/3132 2191/3737/3133 1944/3287/2372
f 2890/3577/3020 2891/3738/2002 4615/1613/1471
f 2192/3739/3134 807/1294/1191 540/873/799
f 472/984/686 474/3740/688 611/985/482
f 2193/3741/3135 3549/3742/3136 4315/3743/3137
f 425/684/618 2194/3744/3138 1802/3048/2637
f 2195/3745/3139 2694/3746/3140 2693/3747/3141
f 923/3748/1369 4708/3749/697 2196/3750/3142
f 923/3748/1369 2196/3750/3142 2197/3751/3143
f 3532/3752/3144 2198/3753/1190 2199/3754/3145
f 2200/3755/3146 2201/3756/3147 2202/3757/3148
f 4863/3758/3149 2188/3733/3130 2203/3759/3150
f 2204/3760/3151 4915/3761/1432 2205/3762/3152
f 377/602/540 3776/3763/3153 5070/2085/1872
f 4709/3764/3025 2358/3765/3154 195/3766/259
f 2206/3767/2887 2530/788/719 193/313/255
f 2207/3768/2905 2206/3767/2887 193/313/255
f 2208/3769/3155 2209/3770/3156 4055/3771/427
f 2210/3772/3157 2208/3769/3155 4055/3771/427
f 320/505/443 2211/3773/3158 1812/3066/2653
f 320/505/443 1812/3066/2653 1811/3065/2652
f 1251/2080/1867 757/1220/1125 759/1222/1127
f 2143/3774/1489 2212/3775/2431 2213/3776/3159
f 3103/3777/3160 1675/2830/2392 3910/3778/3161
f 2214/3779/2397 4923/3780/3162 2215/3781/3163
f 4822/1658/732 750/1211/1116 2981/3782/2836
f 2216/3783/3164 275/436/375 817/1309/1205
f 2217/3784/3165 2218/3785/3166 2219/3786/3167
f 327/516/454 557/891/817 1822/3084/2668
f 2714/3787/3168 867/1400/1287 2715/3788/3169
f 2220/3789/3170 2221/3790/3171 2222/3791/3172
f 2223/3792/3173 530/856/782 2224/3793/3174
f 1099/1827/1014 2225/3794/1016 1100/1828/1653
f 2227/3795/3175 3754/3796/3176 2226/3797/3177
f 2227/3798/3175 2226/3799/3177 2228/3800/3178
f 2229/3801/3179 591/3667/877 2230/3802/1390
f 2231/3803/3180 1684/2843/2483 2232/3804/2964
f 710/3805/1061 2422/3806/1063 5019/3807/2421
f 2233/3808/3181 2234/3809/3182 4639/3810/3183
f 2235/3811/3184 2190/3735/1454 1938/3812/2811
f 1179/3813/1768 2031/3814/2922 2236/3815/3185
f 2237/3816/3186 3340/3817/3187 3979/3818/3188
f 1765/2986/2588 1767/2988/2590 2238/3819/3189
f 912/1470/1350 41/58/44 38/54/45
f 2239/3820/2717 2240/3821/1730 1859/1322/1217
f 2241/3822/3190 2242/3823/3191 2243/3824/3192
f 2244/3825/3128 1436/2386/162 1853/3137/2705
f 1124/3826/1693 1915/3234/2784 1406/3827/1694
f 4586/3828/3193 1941/3279/2816 2368/3281/2818
f 2232/3804/2964 1493/2504/2210 1845/3829/2699
f 2245/3830/3194 1280/2135/1913 1865/3158/2724
f 2423/3831/3195 1014/1664/1510 5091/1663/1509
f 2742/3184/2743 1885/3183/2742 389/626/564
f 4870/3832/3196 4801/3833/3197 2246/3834/1999
f 2247/3835/2253 4625/2311/422 1390/2310/2055
f 2726/3836/3198 1744/2954/2565 1743/2953/1556
f 2060/3476/2955 780/1254/1156 4681/1826/1652
f 2248/3837/3199 2249/3838/3200 882/1424/1308
f 2087/3533/2996 2461/3839/3201 2448/3840/3202
f 2250/3841/3203 2251/3842/3204 4426/1688/1532
f 4618/3843/3205 4352/3844/3206 2252/3845/3207
f 1048/1726/1565 2486/3846/3208 2253/3847/2065
f 4487/512/450 4883/3848/2960 4488/3849/2515
f 316/3850/439 2254/3851/3209 3757/3852/3210
f 3966/3853/3211 2937/3854/1610 2255/3855/3212
f 1062/1747/1585 2256/3856/3213 2257/3857/3214
f 1955/1172/1078 722/1174/1080 766/1230/1134
f 1614/2709/1530 2258/3858/3215 1615/2710/2370
f 2259/3859/2325 3415/3860/3216 1577/3861/2326
f 2260/3862/3217 1487/2489/2202 4272/2488/2201
f 2261/3863/2554 2262/3864/3218 2263/3865/1233
f 2264/3866/3219 1163/1940/1749 344/547/485
f 4599/3867/3220 2265/3868/3221 3683/3869/3222
f 4002/2583/2280 359/570/508 1235/3870/1835
f 890/3128/1317 1847/3130/2700 2334/3871/3223
f 2266/3872/3224 2267/3873/2521 4548/3874/3225
f 2400/3875/3226 2268/3876/2663 1994/3368/2620
f 2269/3877/1194 809/3878/1193 2270/3879/3227
f 2271/3880/3228 3636/3881/3229 2272/3882/1578
f 2116/3586/3024 2092/3546/3002 2751/3548/3004
f 2273/3883/3230 2274/3884/1422 2967/1556/1425
f 4244/3885/1727 3849/3886/3231 938/3887/1387
f 4829/1093/1003 3376/3888/3232 3377/3889/3233
f 234/373/313 3471/3890/3234 2275/3891/3235
f 3636/3881/3229 2121/3596/3030 3418/3598/3032
f 2276/3892/336 2277/3893/3236 2278/3894/3237
f 955/1551/1119 2274/1553/1422 2273/3895/3230
f 2279/3896/3238 4924/3897/3239 2280/3898/3240
f 4737/3899/3241 2281/3900/3242 4109/3901/3243
f 1722/2913/2535 2282/3902/3244 1723/2914/1101
f 2283/3903/2665 2013/3904/2603 1609/2702/2364
f 3540/3905/3245 4462/3906/1394 288/3907/399
f 634/1027/942 559/893/819 2077/3504/2978
f 2284/3908/2587 4066/3909/3246 2564/3910/3247
f 302/478/416 481/770/701 3511/2429/2155
f 302/478/416 3511/2429/2155 424/3911/617
f 1059/1744/1582 2285/3912/3248 1058/1742/1580
f 4185/3913/2764 5088/3914/3249 2741/3915/3250
f 809/3878/1193 2286/3916/3251 4585/3917/3252
f 862/1392/1279 861/1391/1278 2287/3918/3253
f 4347/3919/3254 2162/3920/3086 734/1191/1097
f 704/3921/1052 3647/841/769 3696/3922/1053
f 2288/3923/3255 2289/3924/3256 1798/3039/2630
f 3968/3925/3257 3315/3926/3258 2290/3927/3259
f 2110/3575/3019 2109/3574/3018 2671/3928/3260
f 5145/3929/3261 2080/3513/2984 4895/3930/3262
f 2291/3931/2817 2292/3932/3263 2368/3933/2818
f 2992/3934/3264 2033/3436/2924 2032/3435/2923
f 2194/3744/3138 2293/3935/3265 1802/3048/2637
f 4612/3936/3266 2294/3937/3267 2295/3938/3268
f 3956/3939/3269 3091/3940/3270 3031/2251/2008
f 2296/3941/3271 1994/3026/2620 1790/3028/2622
f 809/1297/1193 808/1296/1192 2286/3942/3251
f 1219/2023/1813 2297/3943/3272 2298/3944/3273
f 1810/3945/2651 5082/3946/1500 1010/3947/1502
f 927/1495/1374 1032/3948/1544 1528/3949/2256
f 2117/3950/2316 2751/3951/3004 1571/3952/2317
f 2299/3953/3274 4847/3954/625 356/3955/505
f 2300/3956/3275 2301/3957/3276 2302/3958/3277
f 1636/2753/2409 2303/3959/3278 2304/3960/3279
f 2305/3961/3280 4107/3962/3281 1882/3963/724
f 983/1602/1463 982/1601/1462 222/358/298
f 1375/2273/2025 2306/3964/3282 2307/3965/2897
f 388/3966/556 2308/3967/3283 2309/3968/1341
f 553/887/813 3674/3707/3106 2310/3969/1079
f 2311/3970/3284 2312/3971/3285 1396/2320/2064
f 3936/3972/3286 1559/3973/2303 2860/3974/3287
f 3327/3975/3288 1526/2553/2252 2746/2555/2254
f 873/3976/1295 1127/2494/1697 4386/3977/3289
f 788/1266/1166 790/1268/1168 1246/2073/1860
f 1756/2972/2037 1755/2971/2579 2313/3978/2038
f 2314/3979/3290 1988/3361/2876 1990/3363/2878
f 2315/3980/3291 2316/3981/3292 1648/2770/2425
f 1311/2178/1946 4120/2475/337 2111/2179/1947
f 2317/3982/3293 2318/3983/3294 2319/3984/3295
f 2275/3891/3235 3471/3890/3234 4075/3985/3296
f 1623/2724/2382 2320/3986/3297 2094/3549/3005
f 549/883/809 2321/3987/3298 2322/3988/3299
f 2323/3989/3300 1782/3990/2611 917/3991/1359
f 2324/3992/3105 2676/3993/3301 3674/3994/3106
f 2325/3995/3302 1212/2014/1804 1347/2228/1988
f 2326/3996/3303 3440/3997/3304 749/3998/1114
f 2327/3999/3305 3880/2108/1892 1268/2107/1891
f 582/933/858 584/935/860 2328/4000/3306
f 1947/3292/2823 1249/4001/1864 1794/3034/2625
f 3902/3458/2940 2049/3460/2942 4259/4002/2987
f 5056/3492/2832 1953/3653/2834 619/1002/919
f 2329/4003/758 5085/1593/1454 4105/4004/1756
f 2330/4005/678 5048/3206/2762 2331/4006/3307
f 4652/2615/2306 2332/4007/1060 3941/2616/2307
f 4813/2427/2154 1874/3171/2732 183/297/240
f 2333/4008/1112 2334/4009/3223 3639/4010/3308
f 1333/4011/1972 2050/3462/2943 2335/4012/3309
f 4730/4013/3310 1333/4011/1972 2335/4012/3309
f 2336/4014/3311 2337/4015/3312 2200/3755/3146
f 959/1559/1428 2338/4016/3313 960/1560/1429
f 535/865/791 2339/4017/3314 2754/4018/3315
f 2340/4019/3316 849/4020/1258 4154/4021/3317
f 2341/4022/3318 2342/4023/3319 2016/3410/2167
f 2343/4024/700 480/4025/699 863/1393/1280
f 2344/4026/3320 617/995/914 4620/4027/3101
f 1147/1909/1719 1030/1908/1542 927/1495/1374
f 4371/4028/828 2484/4029/3321 2345/4030/3322
f 2346/4031/3323 3441/4032/3324 3051/4033/3325
f 2347/4034/1841 1237/4035/1842 2348/4036/2862
f 2349/4037/3326 16/20/18 80/122/89
f 3517/4038/3327 3056/4039/3328 4088/4040/3329
f 4964/4041/3330 2350/4042/3331 3488/4043/3332
f 1816/3073/2657 2175/3704/3103 2351/4044/3333
f 395/634/572 4393/4045/3334 2352/4046/3335
f 2353/4047/3336 395/634/572 2352/4046/3335
f 1142/1900/1714 2354/4048/3337 2355/4049/3338
f 2356/4050/3339 2357/4051/3340 2358/4052/3154
f 2359/4053/3341 2204/4054/3151 2360/4055/3342
f 2361/4056/3343 1678/2833/2475 1581/4057/2330
f 2362/4058/3344 3508/4059/3345 3939/4060/471
f 2363/4061/3346 2364/4062/3347 2365/4063/3348
f 2363/4061/3346 2365/4063/3348 4092/4064/3349
f 1238/2432/1845 2366/4065/2707 5139/2433/2158
f 280/448/387 2367/4066/2341 281/449/388
f 2348/4036/2862 1237/4035/1842 253/4067/344
f 2368/4068/2818 2292/4069/3263 2369/4070/1918
f 1794/3034/2625 1796/3036/2627 1948/3293/2824
f 2370/4071/3350 2371/4072/3351 2372/4073/3352
f 2290/3927/3259 4511/4074/3353 1685/2844/2484
f 2373/4075/3354 3143/4076/3355 229/4077/308
f 1510/2525/2228 969/1578/1443 2374/4078/3356
f 2298/3944/3273 2297/3943/3272 2375/4079/3357
f 4879/4080/3358 4158/4081/3359 2376/4082/3360
f 1951/3300/2831 1099/1104/1014 2377/4083/1654
f 4856/4084/3361 3520/4085/2099 1439/2390/2124
f 2212/3775/2431 3502/4086/3362 2213/3776/3159
f 1616/4087/2371 4978/3736/3132 1944/3287/2372
f 2378/4088/3363 5/7/7 5144/1371/1262
f 2379/4089/3364 2085/3528/2994 4459/3527/2993
f 251/4090/342 2380/4091/2433 4098/4092/3365
f 3226/4093/3366 2381/4094/3039 2382/4095/3367
f 1926/3255/2799 2383/4096/3368 3408/4097/3369
f 164/254/204 662/1066/979 2384/4098/3370
f 2961/4099/3371 2056/3469/2949 2055/3468/2948
f 626/1018/934 2213/4100/3159 956/1554/1423
s 0
f 1550/4101/3372 4460/4102/3372 5098/4103/3372
s 1
f 1442/2394/2127 2928/4104/3373 2051/3463/2944
f 226/4105/302 2385/4106/304 2386/4107/3374
f 2387/4108/3375 2388/4109/3376 4376/4110/3377
f 2389/4111/3378 1321/2196/1960 3357/4112/3379
f 2389/4111/3378 3357/4112/3379 2390/4113/3380
f 2391/4114/3381 4290/4115/3382 2392/4116/3383
f 3820/4117/3384 2393/4118/3385 2453/4119/3386
f 262/4120/357 261/4121/356 2394/4122/3387
f 1621/2719/2379 2395/4123/3388 4452/4124/3389
f 5053/910/836 2396/4125/3390 2397/4126/3391
f 3297/4127/1163 3581/1885/1701 75/1887/90
f 2398/4128/3392 2399/4129/3393 2400/4130/3226
f 4181/4131/3394 173/4132/218 2401/4133/3395
f 215/2182/290 600/968/890 1739/2946/2558
f 659/1063/976 661/1065/978 2402/4134/3396
f 2403/4135/3397 1412/2345/2085 4418/4136/3398
f 2404/4137/3399 4611/4138/3400 130/203/160
f 2405/4139/3401 2406/4140/3402 177/282/227
f 2407/4141/3089 2408/4142/3403 4257/4143/1836
f 2409/4144/3404 2410/4145/3405 1927/3256/2800
f 2798/4146/3406 3474/4147/1162 787/3680/1165
f 2411/4148/3407 3535/4149/3408 2412/4150/3409
f 2413/4151/3410 4614/4152/3411 2415/4153/3412
f 2414/4154/3413 2413/4155/3410 2415/4156/3412
f 2416/4157/3414 3373/4158/3415 2417/4159/2961
f 2968/4160/957 1295/2153/959 957/4161/1426
f 1296/1335/1230 2418/4162/3416 3952/1336/1231
f 1033/1702/1545 2419/4163/3417 721/1171/1077
f 3588/4164/3418 999/1628/1274 1490/1630/1483
f 2420/4165/3419 464/742/673 2421/4166/3420
f 2422/4167/1063 2423/4168/3195 5019/4169/2421
f 2424/4170/3421 3118/4171/3422 3585/3058/2646
f 2915/4172/3423 2425/4173/3424 3294/4174/3425
f 2426/4175/3113 884/1426/1310 2023/3423/2915
f 2427/4176/3426 2428/4177/3427 2429/4178/3428
f 3679/1344/1239 3680/409/349 2087/3533/2996
f 1326/4179/1966 1325/4180/1965 1193/4181/1785
f 1915/3234/2784 2528/3236/2786 992/1616/1474
f 2430/4182/3429 380/607/545 382/609/547
f 2431/4183/3430 2432/4184/3431 2433/4185/3432
f 1569/4186/999 672/4187/998 2434/4188/3433
f 2435/4189/3434 5125/3103/2681 2436/4190/3435
f 2437/4191/3436 1514/2532/2234 2438/4192/3437
f 2439/4193/3438 2440/4194/3439 2903/3453/2936
f 1619/2717/2377 1673/2824/2467 2178/3712/3110
f 1082/1794/1623 1291/1097/1007 677/1096/1006
f 2441/4195/221 2442/4196/3440 1910/3227/2778
f 2352/4197/3335 2443/4198/3441 2241/3822/3190
f 2444/4199/3442 928/1496/1375 927/1495/1374
f 3811/4200/3443 2445/4201/3444 3847/4202/1890
f 2446/4203/3445 4398/4204/567 2471/4205/3446
f 4880/4206/3447 413/4207/599 415/4208/601
f 932/1501/1171 2447/4209/2190 1479/4210/2189
f 4023/1141/1050 3975/1140/1049 4415/4211/3448
f 2448/4212/3202 2449/4213/3449 2450/4214/3450
f 234/373/313 2451/4215/2895 3471/3890/3234
f 2251/3842/3204 1141/1899/1713 1729/4216/2543
f 2251/4217/3204 1729/2925/2543 2452/4218/3451
f 5030/2671/2345 707/1149/1057 708/1151/1059
f 2453/4219/3386 449/717/650 4841/4220/3452
f 2454/4221/2232 2455/4222/2231 1466/4223/2172
f 2456/4224/888 2457/4225/1937 3600/4226/3453
f 336/4227/468 2458/4228/3454 2459/4229/469
f 2539/4230/3455 5087/4231/3456 2540/4232/3457
f 4542/2878/2513 4237/4233/3458 1705/2879/2514
f 1799/3040/2631 522/4234/773 2460/4235/173
f 2448/4236/3202 2461/4237/3201 2449/4238/3449
f 2462/4239/3459 4585/3917/3252 2543/4240/3460
f 5139/4241/2158 2939/4242/3461 5086/4243/1633
f 2463/4244/3462 2464/4245/3463 1195/1990/1787
f 2425/4173/3424 1775/3001/2602 4486/4246/3464
f 5106/4247/3465 2472/4248/3466 2465/4249/3467
f 2121/3596/3030 3636/3881/3229 2271/3880/3228
f 2466/4250/3468 1332/2208/1971 1331/2207/1970
f 1340/4251/1980 2467/4252/2511 2468/4253/3469
f 2995/4254/3470 211/345/286 2996/4255/3471
f 794/1274/1174 2469/4256/3472 3993/4257/3473
f 4464/4258/3474 1315/2184/1951 3400/2186/132
f 690/4259/1030 2470/4260/1782 2341/4022/3318
f 3094/3299/2830 682/1105/1015 1099/1104/1014
f 2572/1657/1506 2326/4261/3303 749/1209/1114
f 4196/4262/3475 4197/312/254 851/311/253
f 4621/4263/2013 2471/4264/3446 2472/4265/3466
f 1832/3102/2680 1154/3101/1732 3192/4266/1734
f 869/1403/1290 2473/4267/3476 1247/2074/1861
f 658/1062/975 2474/4268/3477 2475/4269/3478
f 2476/4270/3479 2477/4271/3480 1220/2025/1815
f 5062/4272/3481 2428/4177/3427 2478/4273/3482
f 2010/4274/2531 4438/4275/276 2479/4276/3483
f 1364/2252/2009 2480/4277/3484 3763/4278/3485
f 4777/4279/3486 5066/4280/3487 4778/4281/3488
f 484/4282/704 497/797/728 4897/799/730
f 1952/4283/2833 506/816/744 508/818/746
f 2339/4284/3314 2481/4285/3489 2482/4286/3490
f 195/3766/259 2358/3765/3154 1015/4287/1511
f 721/1171/1077 2419/4163/3417 2483/4288/3491
f 1644/2765/2420 2256/3856/3213 1061/1746/1584
f 1866/3159/2725 1865/3158/2724 1279/2134/1912
f 5073/4289/3492 3857/4290/364 2484/4291/3321
f 2098/3358/2875 1192/1986/1784 234/373/313
f 891/1437/1318 2485/4292/1189 806/4293/1188
f 2253/2322/2065 2486/4294/3208 929/1497/1376
f 2487/4295/3493 1820/3080/2664 2399/4129/3393
f 2230/3802/1390 2713/4296/3494 2229/3801/3179
f 2488/4297/2804 37/51/43 614/4298/911
f 3000/4299/3495 4792/4300/3496 4318/4301/1603
f 4118/4302/3497 4656/4303/3498 2489/4304/3499
f 4669/4305/3500 2490/4306/3501 4249/4307/3502
f 2491/4308/3503 1324/4309/1963 2492/4310/3504
f 3340/3817/3187 2493/4311/1926 4010/4312/3505
f 1984/3355/2872 2354/4048/3337 2250/3841/3203
f 1984/3355/2872 2250/3841/3203 4426/1688/1532
f 1475/4313/2183 2422/4167/1063 2494/4314/2184
f 4944/4315/3506 835/1341/1236 834/1340/1235
f 3065/4316/3507 181/293/236 291/3711/404
f 2495/4317/3508 2195/3745/3139 2496/4318/2670
f 2497/4319/3509 4123/4320/3510 2003/3381/2889
f 5051/4321/656 4878/4322/3511 1843/3122/2696
f 2498/4323/3512 2499/4324/3513 1178/1963/1767
f 2500/4325/3514 4986/2195/1959 1320/2194/1958
f 2436/4326/3435 3260/4327/3515 4887/4328/3516
f 59/87/70 4572/1420/1306 58/86/63
f 2501/4329/3517 4923/4330/3162 4079/4331/3518
f 2502/4332/3519 2135/3631/3052 2503/4333/3520
f 2504/4334/3521 641/1038/953 2505/4335/3522
f 904/2286/1337 520/844/771 463/843/672
f 2506/4336/3523 410/659/595 2142/3646/3062
f 2508/4337/3524 2507/4338/3525 2509/4339/3526
f 2508/4340/3524 2509/4341/3526 852/1370/1261
f 766/1230/1134 722/1174/1080 2900/1231/1135
f 2234/3809/3182 488/778/709 4639/3810/3183
f 692/1124/1034 3473/2200/1964 2510/4342/3527
f 1381/2285/2035 1226/2032/1819 635/3514/943
f 1258/2092/1878 5135/4343/560 2303/4344/3278
f 2511/4345/3528 85/127/98 98/3561/115
f 2512/4346/3021 2510/4347/3527 2513/4348/667
f 2211/3773/3158 2514/4349/3529 1812/3066/2653
f 4734/4350/3530 2515/4351/716 1133/4352/1704
f 5054/4353/2767 1044/1717/1558 2516/4354/3531
f 3581/1885/1701 1603/2693/2358 1131/1886/1702
f 2131/3623/3046 2517/4355/3532 3573/4356/3533
f 2343/4024/700 470/753/684 469/752/683
f 492/4357/720 2518/4358/3534 1906/3221/2774
f 1865/3158/2724 2519/4359/3535 5103/4360/3536
f 2520/4361/3537 2521/4362/3538 2522/4363/3539
f 1559/2612/2303 2523/4364/3540 2524/4365/3541
f 2525/4366/3542 2526/4367/3543 2527/4368/3544
f 2528/4369/2786 513/824/752 2529/4370/2318
f 2530/4371/719 2511/4345/3528 98/3561/115
f 3918/4372/3545 2531/4373/870 4666/4374/1244
f 2532/4375/3546 2229/4376/3179 2713/4377/3494
f 3613/1891/1705 3313/4378/3547 2533/4379/3548
f 3651/4380/3549 856/1375/1265 855/1374/1264
f 2534/4381/3550 1376/2278/2026 4970/2277/2029
f 2535/4382/3551 2536/4383/3552 717/1167/1073
f 1028/1691/1535 2537/4384/891 2538/4385/3553
f 2539/4386/3455 2540/4387/3457 2541/4388/3554
f 1383/2297/2045 4311/4389/3555 2542/4390/3556
f 2462/4391/3459 2543/4392/3460 2544/4393/3557
f 2545/4394/1342 2546/4395/3558 746/1205/1110
f 2547/4396/3559 1817/3074/2658 3752/4397/3560
f 2548/4398/3561 912/1470/1350 38/54/45
f 1875/3172/2733 1874/3171/2732 2549/4399/794
f 1326/4400/1966 2550/4401/3562 1327/4402/1967
f 2551/4403/3563 3117/4404/3564 2552/4405/1200
f 2553/4406/3565 2554/4407/2716 1859/4408/1217
f 2245/3830/3194 2555/4409/3566 1280/2135/1913
f 4650/4410/3567 2231/4411/3180 1766/2987/2589
f 3070/4412/3568 4561/4413/3569 3071/4414/3570
f 1917/3238/2787 2011/4415/2902 3694/2190/1955
f 2556/4416/3571 4569/4417/2349 4580/4418/3572
f 2557/4419/562 2558/4420/316 5133/4421/3573
f 4687/4422/3574 649/1051/965 1218/4423/1812
f 2559/4424/3575 818/4425/1209 2560/4426/1208
f 2561/4427/3576 2559/4424/3575 2560/4426/1208
f 2562/4428/3577 2563/4429/1659 2564/4430/3247
f 887/1431/1314 342/543/481 341/542/480
f 1393/2315/2059 2565/4431/3578 2566/4432/3579
f 2567/4433/3580 1726/2921/2268 1731/2929/2547
f 2411/4148/3407 1316/4434/1952 374/4435/537
f 2568/4436/3581 2411/4148/3407 374/4435/537
f 931/4437/1378 1709/2886/2519 1708/2885/2518
f 2569/4438/3582 2570/4439/3583 2571/4440/996
f 2572/4441/1506 2836/4442/3584 2326/4443/3303
f 4115/4444/3585 3962/4445/3586 4773/4446/2286
f 4668/4447/3587 5013/3204/2760 5048/3206/2762
f 344/547/485 1422/2367/2103 2264/3866/3219
f 2573/4448/3588 4977/4449/3589 1162/1939/1748
f 2574/4450/3590 2575/4451/3591 2576/4452/3592
f 2577/4453/3593 2578/4454/3594 2579/4455/1672
f 2230/1514/1390 946/1513/1389 2713/4456/3494
f 269/429/368 2580/4457/3102 2581/4458/3595
f 269/429/368 2581/4458/3595 270/430/369
f 2582/4459/3596 2583/4460/3049 2584/4461/3048
f 2585/4462/3597 2586/4463/3598 2587/4464/3599
f 2588/4465/3600 2585/4462/3597 2587/4464/3599
f 3535/4149/3408 2411/4148/3407 2568/4436/3581
f 410/659/595 412/661/597 2142/3646/3062
f 1520/2541/2242 4032/4466/2116 1433/4467/2118
f 3598/4468/3601 4355/4469/3602 967/4470/1440
f 2589/4471/3603 2590/4472/3604 1334/2210/1973
f 2546/4395/3558 2591/4473/1004 263/418/358
f 4114/4474/1213 2592/4475/3605 2593/4476/3606
f 511/821/749 510/820/748 2456/966/888
f 1205/4477/1796 963/1567/1435 1997/1569/1437
f 869/1403/1290 1247/2074/1861 1246/2073/1860
f 3139/4478/3607 1466/2450/2172 2594/4479/3608
f 2121/3596/3030 3319/4480/3609 3153/3597/3031
f 898/1449/1330 1284/2140/1917 1565/2622/2311
f 898/1449/1330 1565/2622/2311 1564/2621/2310
f 1071/1764/1598 1278/4481/1911 569/909/835
f 2978/4482/3610 1983/4483/2868 2595/4484/3611
f 4793/4485/3612 3237/4486/3613 1322/4487/1961
f 2196/4488/3142 479/4489/698 2596/4490/3614
f 2597/4491/1058 1816/3073/2657 2351/4044/3333
f 2119/3593/3027 1737/2941/2555 1168/1946/1206
f 3924/428/367 437/702/636 439/704/638
f 1576/2643/2324 910/1467/1347 1533/2565/2262
f 1739/2946/2558 2598/4492/3615 1534/2566/2263
f 2597/4491/1058 2351/4044/3333 4781/4493/3616
f 2599/4494/3617 2600/4495/3618 2601/4496/3619
f 3297/4497/1163 75/3288/90 1389/3290/2052
f 2176/3705/3104 1434/2383/2119 1435/2385/2120
f 2602/4498/2525 1785/1034/949 4124/1033/948
f 942/1519/1395 4993/4499/1408 2640/1520/1396
f 2386/4107/3374 315/500/438 317/502/440
f 2386/4107/3374 317/502/440 2603/4500/3620
f 2284/4501/2587 480/768/699 361/576/514
f 2604/4502/3621 2605/4503/3622 4816/4504/3623
f 343/546/484 607/980/902 1091/1807/1635
f 4105/4004/1756 1520/2541/2242 1433/4467/2118
f 2606/4505/3624 2583/4460/3049 2582/4459/3596
f 224/360/300 2607/4506/3625 1605/2698/2361
f 2608/4507/3626 1581/2651/2330 1584/2654/2333
f 2609/4508/3627 2610/4509/3628 3949/4510/3629
f 2611/4511/3630 2609/4508/3627 3949/4510/3629
f 477/763/694 2612/4512/3631 1237/2055/1842
f 883/1425/1309 2613/4513/3632 2023/3423/2915
f 5135/4343/560 2614/4514/1298 4664/4515/1658
f 1716/2900/1854 642/1039/954 2277/4516/3236
f 2615/4517/3633 2616/4518/3634 2617/4519/3635
f 978/1595/1456 2120/4520/3029 4711/1596/1457
f 1653/2783/2021 1258/4521/1878 1635/4522/2408
f 2334/4523/3223 5064/2588/2285 3639/4524/3308
f 985/1604/1465 2724/4525/3636 986/1605/1466
f 231/4526/310 2618/4527/3637 2619/4528/3638
f 3904/949/873 4033/4529/3639 3046/950/874
f 4349/4530/3640 891/1437/1318 806/4293/1188
f 2620/4531/3641 2621/4532/2598 376/601/539
f 2622/4533/235 4646/4534/3642 2623/4535/3053
f 2624/4536/516 2625/4537/1494 2626/4538/2974
f 2627/4539/3643 2628/4540/3644 3573/4356/3533
f 2517/4355/3532 2627/4539/3643 3573/4356/3533
f 2629/4541/3645 2630/4542/3646 2631/4543/2015
f 2632/4544/3647 2629/4541/3645 2631/4543/2015
f 2381/4094/3039 2602/2893/2525 2633/4545/3648
f 1066/1754/1589 2634/4546/2164 2635/4547/2163
f 2636/4548/3649 2637/4549/3650 2638/4550/3651
f 2639/4551/1397 2640/4552/1396 3761/4553/3652
f 5022/4554/3653 1681/2836/2478 1761/337/278
f 2641/4555/3654 4921/2738/2395 5118/4556/3655
f 3763/4278/3485 2642/4557/3656 2643/4558/3657
f 1019/1678/1522 1021/1680/1524 2644/4559/3658
f 2645/4560/3659 1239/2061/1848 1241/2063/1850
f 387/4561/555 2646/4562/557 755/4563/1123
f 1804/3050/2639 3802/4564/710 2647/4565/712
f 2648/4566/3660 2608/4507/3626 1338/2215/1977
f 2363/4061/3346 4092/4064/3349 26/34/30
f 2427/4176/3426 2429/4178/3428 2649/4567/3661
f 3321/1864/1684 2650/4568/3662 2315/3980/3291
f 2651/4569/3663 4096/1673/1518 1017/1672/1517
f 4454/4570/3664 4441/4571/3665 2652/4572/1362
f 2653/4573/3666 1634/2749/2405 2654/4574/3667
f 2538/4385/3553 600/4575/890 215/349/290
f 214/348/289 2538/4385/3553 215/349/290
f 4885/451/390 2655/4576/3668 2656/4577/3669
f 5013/4578/2760 2657/4579/3670 3817/4580/3671
f 115/4581/140 1145/2704/1716 675/4582/141
f 793/1273/1173 3512/4583/2470 2469/4256/3472
f 3961/4584/1340 1549/2592/2287 4773/2591/2286
f 2658/4585/3672 2239/3149/2717 2659/4586/3673
f 754/1217/1122 769/1235/1139 2491/4308/3503
f 2660/4587/3674 2466/4250/3468 3988/4588/3675
f 1278/4481/1911 5053/910/836 569/909/835
f 1698/2867/2504 2661/4589/3676 1827/3093/2676
f 2472/4265/3466 2471/4264/3446 2465/4590/3467
f 1751/2963/2573 2662/4591/1627 1086/4592/1628
f 3912/4593/3677 2566/4432/3579 1375/4594/2025
f 3936/3972/3286 2860/3974/3287 2663/4595/3678
f 2277/4516/3236 2664/4596/3679 2665/4597/3680
f 2231/4598/3180 2232/3488/2964 3915/3489/2965
f 5096/4599/3681 2666/4600/3682 2667/4601/3683
f 2668/4602/3684 2192/3739/3134 2669/4603/3685
f 1365/4604/2012 2446/4203/3445 2471/4205/3446
f 2670/4605/3686 2361/4056/3343 2021/3417/2913
f 2020/3416/2912 2670/4605/3686 2021/3417/2913
f 2671/4606/3260 2672/4607/3687 2913/4608/3688
f 245/4609/330 880/4610/1304 2673/4611/1420
f 693/1125/1035 695/1127/1037 509/819/747
f 2674/4612/3689 3738/4613/3690 5124/4614/3691
f 1713/2892/2524 1619/2717/2377 3172/3713/3111
f 429/4615/623 2675/4616/1855 2276/396/336
f 2676/4617/3301 2677/4618/1416 928/1496/1375
f 2678/4619/3692 4530/4620/3693 1660/2797/2444
f 1837/3109/2687 2679/4621/3694 3132/3110/2688
f 1705/4622/2514 2680/4623/3695 2681/4624/3696
f 2682/4625/3697 1929/3258/2801 2683/4626/3698
f 2590/4472/3604 2589/4471/3603 1691/4627/2493
f 2160/4628/3081 2684/4629/3699 3053/4630/3700
f 1867/4631/2726 2685/4632/2727 2179/3714/3112
f 2068/3490/2966 1068/1757/1592 2852/1759/1594
f 1348/2229/1989 2607/4506/3625 2686/4633/3701
f 3659/3267/2805 4790/4634/3702 2687/4635/3703
f 4935/4636/3704 2688/4637/3705 3808/4638/3706
f 2617/4519/3635 2803/4639/3707 2689/4640/3708
f 2690/4641/3709 2691/4642/1576 2395/4643/3388
f 2692/4644/3710 2693/4645/3141 2694/4646/3140
f 2695/4647/3711 1095/4648/1644 2696/4649/1643
f 785/1259/1161 2697/4650/3712 2698/4651/3713
f 2699/4652/3714 2235/3811/3184 2700/4653/2810
f 5008/4654/3715 2701/4655/3716 174/4656/220
f 530/856/782 2702/4657/3717 2703/4658/3718
f 4992/4659/3719 4993/1536/1408 1721/1535/1407
f 1586/2656/2335 2704/4660/3720 2705/4661/3721
f 2012/3403/2903 76/114/91 2706/4662/3722
f 4227/4663/764 3755/4664/3723 2127/4665/2729
f 4884/4666/3724 2707/4667/3725 4819/1270/1170
f 1418/2355/2095 453/726/657 2708/4668/3726
f 196/319/260 844/1357/1249 843/1356/1248
f 2709/4669/3727 2710/4670/3728 2711/4671/3729
f 487/776/707 3755/4672/3723 4364/777/708
f 1431/2378/2114 570/911/837 2712/4673/3730
f 22/26/24 19/23/21 20/24/22
f 613/991/910 22/26/24 20/24/22
f 2713/4674/3494 911/1468/1348 2662/1799/1627
f 2714/4675/3168 2715/4676/3169 826/1327/1222
f 1625/2727/2385 4971/4677/3731 4377/2728/2386
f 4845/2431/2157 2716/4678/3732 396/635/573
f 3105/4679/3733 4551/4680/3734 2717/4681/739
f 2696/1815/1643 1096/1817/1645 1403/2330/2072
f 818/1314/1209 2718/4682/3735 819/1315/1210
f 2719/4683/3736 765/1228/1133 937/1508/1384
f 4202/4684/1905 3814/2338/2079 2720/4685/783
f 2273/3883/3230 2967/1556/1425 1441/1555/1424
f 5035/134/105 2721/4686/117 2113/135/103
f 1115/4687/1677 5059/4688/3737 1536/4689/2265
f 975/1591/1452 2678/4619/3692 838/1346/1241
f 2722/4690/3738 2723/4691/2642 2724/4692/3636
f 689/1119/1029 3769/1981/1781 690/1120/1030
f 5031/2516/2220 1447/2399/2132 762/1225/1130
f 1042/1714/1555 2725/4693/907 2726/4694/3198
f 544/4695/804 2727/4696/3739 2728/4697/3740
f 3923/4698/3741 2729/4699/3742 2043/4700/2935
f 2730/4701/3743 1207/4702/1799 954/1549/1419
f 2731/4703/3744 4184/4704/3745 572/4705/839
f 2732/4706/3746 2394/4122/3387 2733/4707/3747
f 2734/4708/3748 4762/4709/3749 2735/4710/3750
f 2595/4711/3611 2736/4712/3751 2737/4713/3752
f 1412/4714/2085 2738/4715/3753 2739/4716/3754
f 5054/3214/2767 4969/3352/2869 1902/3215/2768
f 3378/2527/2229 2740/4717/3755 4461/2354/2094
f 2741/4718/3250 3137/4719/3756 2742/4720/2743
f 4884/4721/3724 3951/4722/3757 4873/4723/3758
f 1654/2784/2434 1653/2783/2021 1635/4522/2408
f 1851/3135/2703 2743/4724/2137 2744/4725/3759
f 431/692/626 5036/694/628 420/673/607
f 4257/2049/1836 2745/4726/1458 1236/2050/1837
f 2746/4727/2254 2747/4728/3760 2748/4729/381
f 4887/4328/3516 3260/4327/3515 2749/4730/3761
f 4782/4731/3762 841/4732/1246 4814/3399/2900
f 4226/4733/3763 2750/4734/3764 4529/4735/2407
f 2012/3403/2903 2706/4662/3722 461/739/670
f 740/1198/1104 1667/2814/2458 4086/2816/2460
f 3706/3616/3041 4713/4736/3765 2997/3617/3042
f 2427/4176/3426 2649/4567/3661 870/4737/1292
f 4882/4738/3766 579/926/851 1480/2473/2191
f 296/4739/410 295/4740/409 943/1525/1400
f 4498/4741/3767 28/37/33 36/36/32
f 2751/4742/3004 2752/4743/3768 1571/4744/2317
f 594/4745/879 2019/3413/2909 2753/4746/3769
f 2754/4747/3315 1958/3312/2839 1957/3311/1273
f 3770/4748/3770 689/4749/1029 2755/4750/2443
f 1444/2396/2129 2756/4751/3771 1445/2397/2130
f 2879/3708/3107 5109/4752/3772 2757/4753/3773
f 2470/4260/1782 1451/4754/2141 2342/4023/3319
f 209/342/283 1936/4755/2808 210/343/284
f 3158/4756/3774 2758/4757/3775 4490/4758/3776
f 2759/4759/3777 2760/4760/3778 409/657/593
f 2761/4761/825 231/4526/310 2619/4528/3638
f 654/729/660 870/1405/1292 3685/1404/1291
f 521/845/772 520/844/771 2762/4762/3779
f 2763/4763/2076 5105/4764/3780 2764/4765/3781
f 3084/4766/3782 2765/4767/3783 2766/4768/3784
f 2767/4769/3785 1796/3036/2627 4125/4770/3786
f 2768/4771/2754 970/603/541 971/4772/1445
f 1214/2018/1808 4606/4773/3787 2769/4774/3788
f 1389/2306/2052 24/32/17 23/31/28
f 4740/4775/3789 4965/1244/1146 775/1243/1145
f 1217/2021/1811 2298/3944/3273 2770/4776/3790
f 2577/4777/3593 2579/1850/1672 1749/2961/2571
f 2771/4778/3791 4755/4779/3792 1869/4780/762
f 2771/4781/3791 1869/4782/762 2772/4783/3793
f 1091/1807/1635 744/1203/1108 4965/4784/1146
f 1936/4755/2808 2773/4785/770 210/343/284
f 646/4786/961 4144/4787/2633 2774/4788/2006
f 1500/2512/2217 1250/4789/1866 314/496/434
f 2775/4790/2491 1880/3178/2738 672/4187/998
f 4248/4791/3794 1420/2360/2098 1087/2669/1629
f 730/1187/1093 2776/4792/3795 4299/4793/3796
f 2777/4794/3797 2778/4795/3798 5142/4796/3799
f 1339/2216/1978 2779/4797/3800 2780/4798/3801
f 601/970/892 2781/4799/584 982/1601/1462
f 3974/3524/2991 1576/2643/2324 2084/3525/2992
f 2782/4800/3802 426/685/619 5071/2078/1865
f 2783/4801/3803 1806/3054/2643 2266/4802/3224
f 2109/3574/3018 1044/1717/1558 4555/1719/1559
f 1029/4803/1541 5131/2069/1856 2784/4804/3804
f 830/1331/1226 829/1330/1225 2296/3941/3271
f 3840/2798/2445 3171/4805/3805 2785/4806/1844
f 2786/4807/3806 4039/2992/2594 1771/2994/2596
f 2787/4808/3807 2460/4809/173 4379/4810/172
f 2788/4811/3808 2333/1207/1112 747/1206/1111
f 4653/840/768 5049/4812/3809 3647/841/769
f 1738/4813/2556 2789/4814/2557 2803/4639/3707
f 964/827/755 2790/4815/3810 965/4816/1439
f 1213/4817/1805 2791/4818/3811 2792/4819/3812
f 2793/4820/3813 4787/4821/3814 2794/4822/3815
f 1399/2326/2068 2117/3587/2316 2795/4823/2315
f 3500/4824/3816 452/721/654 426/685/619
f 859/1381/1271 1859/4825/1217 824/4826/1220
f 2796/4827/2340 1589/2811/2339 70/4828/81
f 2567/4433/3580 1731/2929/2547 2031/3814/2922
f 3046/4829/874 3956/4830/3269 2797/4831/3817
f 5083/563/501 2044/4832/2937 355/564/502
f 3473/4833/1964 3474/4834/1162 2798/4835/3406
f 2799/4836/3818 2412/4150/3409 920/1484/1364
f 2799/4836/3818 920/1484/1364 1814/1483/1363
f 509/819/747 695/1127/1037 510/820/748
f 4625/4837/422 3666/4838/3819 2800/4839/3820
f 902/1454/1335 904/1456/1337 463/741/672
f 4654/4840/3821 2801/4841/3822 2802/4842/3823
f 2803/4843/3707 2789/4844/2557 2804/4845/1807
f 4080/4846/829 2345/4847/3322 2805/4848/3824
f 4080/4846/829 2805/4848/3824 3239/1974/1275
f 2806/4849/3825 3946/4850/3826 3897/4851/3827
f 2807/4852/3828 1387/4853/2050 1596/4854/2352
f 1205/4855/1796 2808/4856/3829 2809/4857/1797
f 2810/4858/3830 2811/4859/3831 1227/2033/1820
f 1226/2032/1819 2810/4858/3830 1227/2033/1820
f 2809/4857/1797 2808/4856/3829 2812/4860/3832
f 2813/4861/3833 1427/2374/2110 2814/4862/2683
f 2815/4863/3834 2816/4864/1595 2817/4865/2289
f 2818/4866/3835 2819/4867/3836 1665/2806/2453
f 2820/4868/3837 2132/4869/3047 2610/4870/3628
f 2821/4871/3838 1889/3189/2748 588/943/868
f 1120/4872/1686 5086/1805/1633 4738/1804/1632
f 2822/4873/3839 716/1166/1072 718/1168/1074
f 4765/300/243 3280/302/245 2823/4874/3840
f 2069/3491/2967 138/219/176 3710/1571/1438
f 2824/4875/3841 2698/4651/3713 2825/4876/3842
f 2826/4877/2574 801/1283/1183 2827/4878/3843
f 2828/4879/3844 2829/4880/3845 2830/4881/3846
f 2831/4882/3847 2832/4883/3848 1063/1748/875
f 2338/4016/3313 2603/4500/3620 317/502/440
f 4773/4446/2286 1550/4884/2288 3181/4885/3849
f 2833/4886/3850 2834/4887/3851 2835/4888/3852
f 2836/4889/3584 2035/3438/2926 3571/3441/2927
f 2360/4055/3342 2837/4890/2814 3746/4891/3853
f 507/817/745 2838/4892/3854 2839/4893/3855
f 5076/4894/1254 4880/4206/3447 2840/4895/2714
f 2841/4896/3856 5032/4897/2973 1332/2208/1971
f 2842/4898/3857 2843/4899/3858 2844/4900/3859
f 2845/4901/3860 774/1242/1144 4989/4902/2498
f 1557/2610/2301 2526/4367/3543 2525/4366/3542
f 818/2438/1209 2634/2440/2164 2718/4903/3735
f 1916/4904/2785 513/824/752 2528/4369/2786
f 2846/4905/3861 2847/4906/3862 1331/2207/1970
f 2848/4907/3863 2849/4908/3864 1816/3073/2657
f 1765/2986/2588 4650/4410/3567 1766/2987/2589
f 3586/2120/1899 3966/3853/3211 2850/4909/3865
f 1760/2977/2584 4345/4910/3866 3890/4911/3867
f 4696/4912/3868 1978/3345/2863 4695/4913/3869
f 2851/4914/3870 2978/4482/3610 3697/4915/3871
f 4615/1613/1471 1361/4916/2004 990/1614/1472
f 2852/4917/1594 2853/4918/2892 4926/4919/3872
f 4942/4920/3873 2851/4914/3870 1652/4921/2430
f 2625/1643/1494 1005/1642/1493 2626/3500/2974
f 512/4922/750 5008/4923/3715 4853/274/219
f 2922/4924/3874 465/743/674 2854/4925/3875
f 1698/2867/2504 1827/3093/2676 1833/3104/2682
f 2855/4926/3876 894/1444/1325 393/632/570
f 2855/4926/3876 393/632/570 2856/4927/3877
f 3226/4093/3366 2382/4095/3367 2257/4928/3214
f 3997/4929/3878 4230/4930/3879 271/4931/370
f 2857/4932/3880 2858/4933/2454 2859/4934/3881
f 2860/4935/3287 2524/4365/3541 2861/4936/3882
f 2862/4937/3883 2749/4730/3761 3413/677/611
f 2863/4938/3884 2864/4939/2618 1788/4940/2617
f 2865/4941/3885 4624/4942/3886 1176/1961/1765
f 2488/4943/2804 614/992/911 4156/4944/1033
f 687/4945/1027 4420/4946/3887 4730/4947/3310
f 5060/4948/3888 4900/4949/3889 2866/4950/3890
f 1012/1655/1504 2288/3923/3255 3950/4951/3891
f 2867/4952/3892 1249/4001/1864 1947/3292/2823
f 1559/2612/2303 1561/2614/2305 2106/3567/3014
f 2612/4512/3631 4199/4953/3893 5138/4954/2204
f 4104/3321/2844 2093/3320/2843 2091/3545/3003
f 3322/4955/3894 2868/4956/3895 1263/2098/1884
f 3091/4957/3270 2869/4958/2546 2870/4959/2007
f 1527/2556/2255 2871/4960/3896 4122/4961/3897
f 2079/3507/2980 761/3509/1129 760/3608/1128
f 4297/4962/3898 2872/4963/3899 3148/4964/3900
f 2845/4965/3860 4989/2861/2498 3649/4966/3901
f 552/886/812 1395/4967/2062 2324/3706/3105
f 2873/4968/3902 2311/3970/3284 4006/2319/2063
f 2301/3957/3276 2874/4969/3903 2302/3958/3277
f 2875/4970/3904 2398/4128/3392 829/4971/1225
f 2876/4972/1779 2877/4973/3905 4228/4974/1512
f 1809/3062/2649 2878/4975/3906 4700/4976/3907
f 3616/4977/3908 2879/4978/3107 3617/4979/3909
f 1123/1872/1691 509/819/747 2880/4980/3910
f 2881/4981/3911 333/523/461 2293/3935/3265
f 1724/2915/2536 555/4982/815 326/4983/453
f 2882/4984/208 1787/3019/2614 2883/4985/972
f 1216/2020/1810 1215/2019/1809 4515/4986/3912
f 2993/4987/3913 2667/4988/3683 2884/4989/3914
f 1146/4990/1718 2885/4991/3915 3274/4992/3916
f 365/582/520 1543/2578/2275 2886/4993/3917
f 365/582/520 2886/4993/3917 2483/4288/3491
f 3586/2120/1899 2887/4994/3918 3966/3853/3211
f 2455/2529/2231 2888/4995/3919 2889/4996/3920
f 1294/559/497 1293/4997/1927 290/465/403
f 2890/4998/3020 2665/4597/3680 2891/4999/2002
f 1124/3826/1693 1090/1806/1634 1915/3234/2784
f 1298/2160/826 2761/5000/825 1297/2158/1931
f 3784/5001/3921 325/5002/451 4114/1318/1213
f 2813/4861/3833 2183/3725/3123 1428/2375/2111
f 2813/4861/3833 1428/2375/2111 1427/2374/2110
f 550/884/810 2322/3988/3299 814/1306/1202
f 619/1002/919 5136/5003/3922 620/1003/920
f 204/5004/272 2575/5005/3591 2892/5006/3923
f 870/4737/1292 2893/5007/3924 1260/2094/1880
f 1446/2398/2131 1448/2400/2133 1871/3166/2730
f 1690/2855/2492 2894/5008/3925 2895/5009/3926
f 868/5010/1289 2896/5011/3927 2715/5012/3169
f 1778/3005/2606 2535/4382/3551 716/1166/1072
f 2691/4642/1576 1057/5013/1575 2395/4643/3388
f 748/5014/1113 2897/5015/3928 2898/5016/3929
f 2826/4877/2574 2827/4878/3843 2899/5017/3930
f 2597/4491/1058 707/3071/1057 1816/3073/2657
f 2900/5018/1135 533/863/789 535/865/791
f 2901/5019/3931 1876/3173/2734 4642/3175/2736
f 2729/4699/3742 2902/5020/1579 2903/5021/2936
f 2904/5022/3932 1204/2000/1795 2809/2002/1797
f 2905/5023/3933 2906/5024/3934 2279/3896/3238
f 4197/5025/254 4377/5026/2386 2907/5027/1351
f 1555/2608/2299 2908/5028/1649 2909/5029/1840
f 2001/3375/2884 2134/3630/3051 1874/3376/2732
f 2910/5030/3935 1227/2033/1820 2911/5031/1398
f 2912/5032/644 2913/5033/3688 2914/5034/3936
f 2915/5035/3423 2124/3604/3036 2916/5036/3937
f 2915/5035/3423 2916/5036/3937 1774/5037/2600
f 1435/2385/2120 4779/2384/42 4408/3260/2803
f 2917/5038/3938 1477/2469/2187 2918/5039/3939
f 2917/5038/3938 2918/5039/3939 2919/5040/2537
f 1827/3093/2676 2182/5041/3121 1833/3104/2682
f 2920/5042/2043 2921/5043/3940 554/888/814
f 2304/3960/3279 2605/4503/3622 2604/4502/3621
f 4194/5044/3941 4733/5045/3942 771/1237/1141
f 3711/5046/3943 4194/5044/3941 771/1237/1141
f 1990/3363/2878 2702/4657/3717 2521/4362/3538
f 1045/1718/437 4764/3716/3114 4141/5047/435
f 4475/5048/1245 1952/4283/2833 5056/5049/2832
f 4885/451/390 2656/4577/3669 3684/5050/3944
f 871/5051/1293 3478/5052/1882 1089/1803/1631
f 1171/1949/1372 2922/5053/3874 669/1950/992
f 353/561/499 514/826/754 3558/825/753
f 3746/4891/3853 2837/4890/2814 2923/5054/2293
f 2924/5055/3945 2925/5056/3946 2926/5057/1717
f 1902/3215/2768 3602/5058/3947 4339/3216/2769
f 857/1377/1267 252/403/343 3479/1378/1268
f 2927/5059/1928 4796/5060/3948 2928/5061/3373
f 2857/4932/3880 2859/4934/3881 1960/3315/2841
f 2929/5062/3949 2857/4932/3880 1960/3315/2841
f 2930/5063/3950 2931/5064/3951 5129/5065/3952
f 4374/5066/3953 2932/5067/3954 2933/5068/3955
f 4787/5069/3814 5063/5070/3956 2934/5071/3957
f 2697/4650/3712 2935/5072/3958 1981/5073/2865
f 2863/4938/3884 4849/5074/3959 2864/4939/2618
f 5059/4688/3737 5040/5075/2266 1536/4689/2265
f 2444/4199/3442 4142/5076/3960 2318/5077/3294
f 3430/5078/3961 2936/5079/1611 2937/5080/1610
f 2685/3161/2727 882/1424/1308 884/1426/1310
f 419/5081/606 4782/4731/3762 3480/3398/2899
f 4165/5082/3962 2218/3785/3166 2964/5083/3963
f 2417/3485/2961 2938/5084/1847 2067/3486/2962
f 4740/4775/3789 775/1243/1145 2188/3733/3130
f 2398/5085/3392 2296/3941/3271 829/1330/1225
f 2939/5086/3461 2701/4655/3716 5008/4654/3715
f 1370/2264/856 1369/2263/2019 3289/5087/3964
f 2346/4031/3323 3051/4033/3325 4658/5088/3965
f 5089/2828/2471 2940/5089/610 1974/3334/2854
f 1714/5090/2527 2999/5091/3966 1786/3017/821
f 1103/1835/1660 2941/5092/3967 1104/1836/1501
f 491/5093/718 2273/5094/3230 3313/5095/3547
f 1787/3019/2614 4716/3021/2615 2035/5096/2926
f 2883/4985/972 1787/3019/2614 2035/5096/2926
f 1552/3210/2292 2621/2997/2598 2620/5097/3641
f 1552/3210/2292 2620/5097/3641 2942/5098/3968
f 2943/5099/3969 2944/5100/3970 1498/2510/2215
f 2793/5101/3813 2945/5102/3971 2453/4219/3386
f 2793/5101/3813 2453/4219/3386 2946/5103/3972
f 4415/5104/3448 235/458/314 2947/5105/561
f 2545/4394/1342 2948/5106/3973 2546/4395/3558
f 852/1370/1261 330/520/458 1977/5107/2860
f 1914/3233/2783 1530/2559/2258 1531/2561/2260
f 2639/4551/1397 3761/4553/3652 3179/5108/329
f 2780/4798/3801 2949/5109/3974 1972/3331/2851
f 2950/5110/3975 2951/5111/3976 2952/5112/3977
f 2953/5113/3978 2954/5114/3979 804/1288/1186
f 4785/5115/239 2955/5116/3980 3541/5117/917
f 1211/2013/1803 2956/5118/3981 1347/2228/1988
f 134/211/168 2957/5119/3982 1626/2729/2387
f 2958/5120/3983 1255/2087/1874 3317/652/588
f 2959/5121/3984 3/5/5 8/11/11
f 2960/5122/3985 566/906/832 2961/5123/3371
f 635/3514/943 1225/2031/1818 4550/3515/2985
f 2151/3662/3071 2323/3989/3300 917/3991/1359
f 2811/5124/3831 2962/5125/3986 848/1365/1257
f 135/5126/169 131/5127/165 3037/5128/3987
f 348/551/489 2/4/4 3/5/5
f 348/551/489 3/5/5 2959/5121/3984
f 2963/5129/1550 4544/5130/3988 3487/5131/3989
f 294/470/408 1026/1689/1533 295/471/409
f 4995/5132/3990 4910/413/353 1956/3310/2838
f 4139/2325/2067 2964/5133/3963 713/1163/1069
f 386/615/553 4749/2776/2429 2212/2778/2431
f 800/1282/1182 2965/5134/3991 3798/5135/3992
f 3914/572/510 5120/3719/3117 1270/2110/1894
f 3766/5136/3993 1811/3065/2652 2966/5137/3994
f 1072/1765/1599 4113/2379/2115 1782/3990/2611
f 1058/1742/1580 2589/4471/3603 1334/2210/1973
f 2967/5138/1425 2274/1553/1422 2968/5139/957
f 2969/5140/3995 2492/4310/3504 1324/4309/1963
f 2864/3024/2618 2970/5141/3996 1789/3025/2619
f 4984/2162/1934 2834/4887/3851 1300/2163/1935
f 4267/5142/3997 429/5143/623 2971/5144/622
f 2604/4502/3621 4816/4504/3623 4683/5145/3998
f 2972/5146/3999 4763/1793/1622 1576/2643/2324
f 591/953/877 939/1512/1388 2230/1514/1390
f 2973/5147/4000 1496/5148/2213 2007/3391/2894
f 3617/5149/3909 2879/5150/3107 448/5151/649
f 1940/5152/2815 2082/3520/1431 4259/3519/2987
f 2563/2171/1659 1305/2170/1939 2974/5153/2295
f 2838/4892/3854 2975/5154/4001 2839/4893/3855
f 2585/4462/3597 2976/5155/4002 4975/5156/4003
f 2585/4462/3597 4975/5156/4003 2586/4463/3598
f 4030/5157/4004 1523/5158/2247 2694/3746/3140
f 1839/3118/2693 3549/3742/3136 2193/3741/3135
f 2977/5159/1497 850/5160/1259 1008/5161/1498
f 2752/5162/3768 4307/5163/4005 175/278/223
f 2978/5164/3610 401/646/582 1983/3351/2868
f 2991/5165/4006 3590/5166/2635 2979/5167/4007
f 1405/5168/2077 1407/5169/2078 2980/5170/4008
f 2981/5171/2836 4206/5172/1115 2346/5173/3323
f 1608/2701/2363 2914/5034/3936 2283/3903/2665
f 782/1256/1158 2260/3862/3217 4272/2488/2201
f 2081/5174/2986 4707/1158/1064 1768/2990/2592
f 769/1235/1139 1322/4487/1961 2491/4308/3503
f 1433/2382/2118 1432/2381/2117 1685/5175/2484
f 2982/5176/4009 4086/2816/2460 2983/5177/4010
f 2550/4401/3562 1551/2594/962 4798/2596/265
f 2984/5178/4011 2985/5179/4012 2935/5072/3958
f 2920/5042/2043 2986/5180/4013 2921/5043/3940
f 2987/5181/4014 1413/2347/2087 950/1541/1411
f 488/5182/709 4364/5183/708 4793/5184/3612
f 2261/2940/2554 833/1337/1232 2988/5185/4015
f 3160/5186/4016 4565/5187/4017 4566/5188/1572
f 4756/670/604 2989/5189/2374 2990/5190/4018
f 4979/5191/4019 209/5192/283 2991/5193/4006
f 1680/2835/2477 2863/4938/3884 1788/4940/2617
f 1680/2835/2477 1788/4940/2617 2992/5194/3264
f 3460/5195/2487 5096/5196/3681 2993/5197/3913
f 4913/5198/2997 2994/5199/2793 3062/5200/2998
f 960/1560/1429 2338/4016/3313 317/502/440
f 2431/4183/3430 2433/4185/3432 1282/2138/1915
f 2995/5201/3470 2996/5202/3471 4455/5203/4020
f 2879/3708/3107 1664/2805/2452 2852/5204/1594
f 2997/5205/3042 3630/5206/4021 2140/3641/1366
f 2998/5207/4022 144/226/181 2069/3491/2967
f 1077/1776/1609 2938/2060/1847 2417/5208/2961
f 1786/5209/821 2999/5210/3966 561/5211/822
f 2071/3495/2969 3000/5212/3495 4319/5213/4023
f 5069/264/212 3221/5214/4024 3632/5215/4025
f 3001/5216/2549 3002/5217/4026 213/347/288
f 2734/4708/3748 3003/5218/4027 4762/4709/3749
f 1218/2022/1812 2733/5219/3747 2297/3943/3272
f 3189/5220/4028 3915/3489/2965 1845/3127/2699
f 3004/5221/2092 3005/5222/4029 4081/5223/296
f 3006/5224/4030 3007/5225/4031 539/872/798
f 1590/5226/2342 2740/4717/3755 3378/2527/2229
f 738/5227/1102 3847/2106/1890 777/1247/1149
f 3008/5228/4032 297/473/411 3009/5229/4033
f 374/599/537 1316/2185/1952 1315/2184/1951
f 222/5230/298 3010/5231/2562 3011/5232/2561
f 3548/5233/4034 962/5234/1433 3012/5235/4035
f 3952/1336/1231 755/5236/1123 1922/1334/1229
f 3013/5237/4036 3014/5238/4037 3015/5239/4038
f 4081/356/296 222/358/298 982/1601/1462
f 2061/5240/2956 2063/1662/1508 3016/5241/3095
f 4755/4779/3792 5016/5242/4039 1869/4780/762
f 1444/2396/2129 3017/5243/4040 2756/4751/3771
f 4262/5244/4041 3946/4850/3826 2806/4849/3825
f 2367/4066/2341 3853/585/523 281/449/388
f 4264/5245/2709 3816/5246/4042 3318/5247/4043
f 2812/4860/3832 2758/4757/3775 3158/4756/3774
f 2143/1637/1489 2213/4100/3159 626/1018/934
f 3018/5248/4044 2414/4154/3413 1973/3332/2852
f 3019/5249/4045 3020/5250/4046 3125/5251/4047
f 2516/4354/3531 493/791/722 3787/790/721
f 538/871/797 537/870/796 3108/5252/4048
f 3361/5253/4049 3138/2415/2145 3021/5254/4050
f 3787/5255/721 492/5256/720 5025/5257/4051
f 3022/5258/2082 3023/5259/4052 2437/4191/3436
f 4441/5260/3665 267/422/155 266/421/361
f 4278/1958/1762 5045/1957/1761 2681/4624/3696
f 2133/3628/3050 216/351/292 4703/350/291
f 4201/5261/4053 2625/4537/1494 2624/4536/516
f 4753/5262/2721 4049/5263/4054 3024/5264/4055
f 4831/5265/4056 2081/5174/2986 1768/2990/2592
f 4560/5266/2526 3005/5222/4029 3004/5221/2092
f 3025/5267/4057 1185/1970/1774 1184/1969/1773
f 2324/3992/3105 953/1544/1414 2677/1546/1416
f 2504/4334/3521 2505/4335/3522 2578/5268/3594
f 1166/1943/1752 2076/3503/2977 1167/1944/1753
f 3026/5269/4058 3027/5270/4059 4473/5271/4060
f 3028/5272/2502 2160/4628/3081 3053/4630/3700
f 2556/4416/3571 2191/5273/3133 1066/5274/1589
f 3029/5275/4061 3906/5276/4062 1909/3225/2776
f 3030/5277/4063 3321/1864/1684 1647/2769/2424
f 634/1027/942 2077/3504/2978 1618/2716/2376
f 3159/5278/2049 3632/5279/4025 3160/5280/4016
f 4464/4258/3474 3400/2186/132 522/5281/773
f 1744/2954/2565 2726/3836/3198 500/803/734
f 4733/5045/3942 772/1238/1138 771/1237/1141
f 2907/1471/1351 855/1374/1264 4367/5282/4064
f 3966/3853/3211 2255/3855/3212 2850/4909/3865
f 1221/2027/1305 3031/5283/2008 53/79/64
f 1955/3306/1078 553/887/813 2310/3969/1079
f 783/1257/1159 4418/4136/3398 1318/2188/1954
f 2936/1781/1611 3032/5284/4065 3033/5285/4066
f 3034/5286/4067 3035/5287/4068 3036/5288/2601
f 3037/5289/3987 39/5290/46 4325/5291/2455
f 307/486/424 1027/1690/1534 308/487/425
f 1755/2971/2579 3412/5292/2541 657/5293/974
f 256/410/350 258/412/352 1793/3032/2624
f 3038/5294/1604 3302/5295/4069 1074/5296/1605
f 1368/2261/2018 3039/5297/1382 3040/5298/1485
f 763/1226/1131 3041/5299/1895 3042/5300/4070
f 1847/5301/2700 1846/5302/2528 1942/3282/2819
f 222/5303/298 221/5304/297 3010/5305/2562
f 4549/5306/4071 4392/929/854 2573/5307/3588
f 3043/5308/4072 128/5309/153 899/5310/1331
f 3043/5308/4072 899/5310/1331 129/200/157
f 4556/5311/4073 2025/3421/436 4709/5312/3025
f 1100/2782/1653 1654/2784/2434 3044/5313/4074
f 1072/1765/1599 1430/2377/2113 4113/2379/2115
f 3926/5314/4075 2802/4842/3823 2801/4841/3822
f 3045/5315/4076 3046/5316/874 2797/5317/3817
f 2787/5318/3807 3047/5319/131 1815/3070/2655
f 1373/5320/2023 1372/5321/1983 2095/2445/2168
f 3048/5322/4077 3049/5323/4078 3001/2933/2549
f 1733/2932/2548 3048/5322/4077 3001/2933/2549
f 5133/4421/3573 236/5324/315 760/1223/1128
f 3050/5325/4079 3591/2037/1824 4581/1812/1640
f 3051/5326/3325 4570/5327/4080 4658/5328/3965
f 1304/1248/1150 3052/5329/2314 1570/1246/1148
f 267/5330/155 128/5309/153 3043/5308/4072
f 2108/5331/1017 1801/3047/2636 4630/5332/2097
f 3053/5333/3700 1166/1943/1752 1149/1913/1723
f 3246/3732/3129 2244/3731/3128 3054/5334/2934
f 1408/5335/2080 976/5336/1453 3055/5337/757
f 1688/2849/2488 3460/2848/2487 3056/5338/3328
f 3514/2597/2290 1552/2599/2292 3618/2550/2249
f 3057/5339/4081 2736/4712/3751 2595/4711/3611
f 1714/2895/2527 1785/5340/949 2602/2893/2525
f 760/1223/1128 762/1225/1130 1447/2399/2132
f 3058/5341/2954 5032/4897/2973 2841/4896/3856
f 3059/5342/4082 1749/2961/2571 1696/2864/2501
f 5034/5343/4083 5043/2842/2482 1384/5344/2046
f 2608/4507/3626 1584/2654/2333 1338/2215/1977
f 3060/5345/4084 3061/5346/4085 1544/2580/2277
f 2534/4381/3550 2695/4647/3711 1376/2278/2026
f 2880/4980/3910 509/819/747 511/821/749
f 2006/1750/1587 4536/5347/1695 1064/1751/882
f 1310/2177/1945 2165/3689/3092 2164/3688/3091
f 2820/5348/3837 2164/3688/3091 2132/3625/3047
f 3062/5349/2998 4283/2979/2585 4950/2978/2169
f 1023/1683/1527 2173/1682/1526 3063/5350/4086
f 3064/5351/4087 5149/1290/234 3065/5352/3507
f 676/1095/1005 2591/1094/1004 2546/5353/3558
f 3066/5354/4088 3067/5355/4089 3068/5356/4090
f 1256/2088/1875 3066/5354/4088 3068/5356/4090
f 683/1110/1020 3069/5357/4091 3641/5358/4092
f 5101/5359/4093 3070/5360/3568 3071/5361/3570
f 455/730/661 1420/2360/2098 3072/5362/2904
f 3073/5363/4094 3372/5364/4095 3074/5365/4096
f 4951/5366/4097 244/387/327 243/386/326
f 3075/5367/4098 3076/5368/4099 4268/5369/4100
f 3077/5370/4101 2749/4730/3761 2862/4937/3883
f 3078/5371/4102 5101/5359/4093 3071/5361/3570
f 3079/5372/4103 2138/5373/3056 3080/5374/4104
f 3542/5375/4105 3081/5376/4106 3082/5377/4107
f 1176/1961/1765 1175/1960/1764 2865/4941/3885
f 3083/5378/4108 2017/3411/2907 3084/5379/3782
f 5073/5380/3492 2484/4029/3321 4371/4028/828
f 2115/1635/1487 2498/4323/3512 3085/5381/4109
f 1012/1655/1504 2208/5382/3155 3629/3480/2958
f 3086/5383/2074 3087/5384/995 4759/5385/4110
f 287/5386/398 3088/5387/4111 236/375/315
f 4753/5262/2721 3024/5264/4055 3089/5388/2346
f 3090/5389/4112 728/1185/1091 219/354/295
f 4033/4529/3639 3091/5390/3270 3092/5391/4113
f 3093/5392/1355 4838/2787/2437 892/1442/1323
f 1621/2719/2379 4452/4124/3389 3094/5393/2830
f 3095/5394/4114 3096/5395/4115 3097/5396/4116
f 3044/5313/4074 3098/5397/4117 1742/2951/2563
f 2621/4532/2598 377/602/540 376/601/539
f 620/5398/920 5136/5399/3922 1715/2898/2529
f 163/253/203 165/255/205 3585/3058/2646
f 4512/5400/4118 3099/5401/4119 3547/5402/2770
f 4658/5328/3965 4570/5327/4080 2002/5403/2888
f 3100/5404/4120 2421/4166/3420 5114/5405/4121
f 2979/5406/4007 3590/3046/2635 5134/3045/2634
f 3670/5407/4122 4790/5408/3702 2658/4585/3672
f 3127/5409/4123 659/1063/976 2402/4134/3396
f 758/1221/1126 1802/3048/2637 3101/5410/4124
f 4802/5411/4125 2203/3759/3150 4803/5412/4126
f 550/884/810 549/883/809 2322/3988/3299
f 1267/5413/1888 3390/5414/4127 3272/5415/4128
f 3102/5416/4129 1085/1798/1626 3416/1797/1625
f 2990/5417/4018 2989/2714/2374 1261/5418/1881
f 1679/2834/2476 1681/2836/2478 5022/4554/3653
f 2174/3702/916 3026/5269/4058 4473/5271/4060
f 2957/5119/3982 134/211/168 133/210/167
f 4190/5419/2121 710/1155/1061 3642/5420/4130
f 4510/3111/2689 3103/5421/3160 4537/5422/4131
f 3744/5423/4132 792/1272/1172 794/1274/1174
f 410/659/595 3104/5424/4133 3105/5425/3733
f 2083/3522/4134 1781/5426/2245 4734/5427/3530
f 3063/5428/4086 391/5429/566 374/4435/537
f 2360/4055/3342 2205/5430/3152 2837/4890/2814
f 3914/2223/510 1270/2114/1894 1269/2113/1896
f 159/246/196 3100/5404/4120 5114/5405/4121
f 159/246/196 5114/5405/4121 3106/5431/4135
f 3107/5432/4136 3560/5433/4137 2099/3557/3008
f 538/5434/797 3108/5435/4048 135/5126/169
f 2280/5436/3240 3109/5437/4138 3110/5438/2645
f 1958/3312/2839 2754/4747/3315 2339/4284/3314
f 3111/5439/4139 3013/5237/4036 3112/5440/4140
f 3113/5441/4141 4319/5213/4023 3114/5442/4142
f 3115/5443/4143 3116/5444/4144 3117/5445/3564
f 3118/5446/3422 3119/5447/4145 3120/5448/4146
f 996/1620/1478 605/977/899 997/1621/1479
f 4961/693/627 2674/4612/3689 3121/5449/4147
f 633/1026/941 3122/5450/4148 3123/5451/4149
f 3124/5452/2827 3125/5453/4047 3186/5454/4150
f 3126/5455/4151 3127/5456/4123 3128/5457/4152
f 2771/4781/3791 2772/4783/3793 3129/5458/4153
f 3076/5368/4099 2236/5459/3185 4268/5369/4100
f 3268/5460/4154 2262/3864/3218 3259/5461/4155
f 3130/5462/4156 1073/1766/1600 3131/5463/4157
f 4321/682/616 425/684/618 1251/2080/1867
f 3103/3777/3160 3132/5464/2688 5089/2828/2471
f 1713/2892/2524 3133/5465/4158 634/1027/942
f 3836/5466/4159 3189/5467/4028 3265/5468/4160
f 1173/1955/1759 1172/1954/1758 2693/5469/3141
f 3134/5470/1354 913/5471/1353 3689/5472/844
f 3923/4698/3741 4477/5473/4161 2729/4699/3742
f 5052/106/84 2673/1550/1420 4572/1420/1306
f 2073/5474/2972 582/933/858 4317/545/483
f 2124/5475/3036 948/1539/1409 1288/2145/1922
f 2775/4790/2491 1878/3176/1087 1880/3178/2738
f 2619/5476/3638 3135/5477/4162 1297/2158/1931
f 3215/450/389 1684/2843/2483 2231/3803/3180
f 2128/3508/2981 2127/4665/2729 4930/5478/4163
f 1404/2331/2073 1403/2330/2072 3136/5479/4164
f 3137/5480/3756 3138/5481/2145 3361/5482/4049
f 3319/4480/3609 2271/3880/3228 1924/5483/2797
f 3139/5484/3607 3140/5485/4165 2454/4221/2232
f 3139/5484/3607 2454/4221/2232 1466/4223/2172
f 3104/5424/4133 410/659/595 3141/5486/4166
f 2868/5487/3895 3142/5488/2751 3143/5489/3355
f 3947/5490/4167 2638/4550/3651 3144/5491/1344
f 460/737/668 3145/5492/4168 5146/5493/2886
f 2226/5494/3177 228/365/305 3764/367/307
f 2283/3903/2665 1776/5495/2604 2013/3904/2603
f 2565/4431/3578 3555/5496/4169 1374/5497/2024
f 2860/3974/3287 2861/5498/3882 3146/5499/4170
f 2663/4595/3678 2860/3974/3287 3146/5499/4170
f 1004/1641/1492 3147/5500/4171 1005/1642/1493
f 161/248/198 1710/2887/2520 2384/5501/3370
f 3149/5502/4172 3148/5503/3900 3150/5504/4173
f 3149/5505/4172 3150/5506/4173 2873/4968/3902
f 3151/5507/4174 2070/5508/2968 3152/5509/2692
f 2706/4662/3722 73/108/85 49/71/58
f 2628/5510/3644 4865/1548/1418 2097/3555/1783
f 4097/988/908 4991/5511/4175 733/1190/1096
f 876/1414/1300 3004/2352/2092 877/1415/1301
f 3153/5512/3031 5126/5513/4176 578/3428/849
f 3154/5514/4177 1969/3328/2494 2589/4471/3603
f 616/994/913 1197/1992/1788 4613/5515/4178
f 434/698/632 3155/5516/4179 2314/3979/3290
f 1341/2219/406 3351/1071/984 666/1073/986
f 4358/5517/4180 4189/3537/3000 3156/5518/4181
f 3157/5519/4182 703/5520/1048 3158/5521/3774
f 2740/4717/3755 779/1253/1155 1418/2355/2095
f 1426/5522/2109 1507/5523/2225 2357/4051/3340
f 3159/5524/2049 3160/5525/4016 1054/1733/1571
f 4043/5526/4183 2646/619/557 1553/5527/1343
f 4971/5528/3731 2845/5529/3860 3210/5530/4184
f 3063/5428/4086 374/4435/537 373/5531/536
f 3312/828/756 2329/830/758 3161/5532/4185
f 1452/2411/2143 2409/4144/3404 137/229/174
f 412/661/597 4305/5533/491 1703/2872/2509
f 2620/4531/3641 2768/4771/2754 3162/5534/4186
f 3163/5535/4187 4922/5536/4188 3164/5537/677
f 1639/2756/2412 1638/2755/2411 1723/5538/1101
f 2173/3700/1526 2172/3699/3100 3063/5539/4086
f 622/1007/924 1562/2617/2308 1991/3364/2879
f 3165/5540/4189 1404/2331/2073 1059/5541/1582
f 3166/5542/4190 503/5543/738 3167/5544/4191
f 1157/1927/1736 3168/5545/4192 1158/1928/1737
f 3169/5546/4193 3170/5547/4194 3171/5548/3805
f 2962/5125/3986 602/971/893 848/1365/1257
f 4442/5549/1703 5042/3069/362 1814/3068/1363
f 4973/5550/4195 3172/5551/3111 3173/5552/4196
f 3799/5553/2196 3174/5554/1727 2388/5555/3376
f 564/904/830 566/906/832 2960/5122/3985
f 2790/4815/3810 964/827/755 514/826/754
f 1928/1610/1468 2683/5556/3698 1929/5557/2801
f 3175/5558/4197 3176/5559/1904 3177/5560/785
f 312/494/432 3178/5561/2757 4472/5562/4198
f 193/5563/255 100/154/119 4231/153/118
f 2596/5564/3614 193/5563/255 4231/153/118
f 3179/5565/329 880/4610/1304 245/4609/330
f 3180/5566/4199 4361/5567/3006 2096/5568/3007
f 2290/3927/3259 3315/3926/3258 4511/4074/3353
f 3181/5569/3849 1550/4101/2288 5098/4103/4200
f 1779/3006/2607 3182/5570/215 1380/2281/2031
f 1025/1687/1531 1026/1689/1533 294/470/408
f 41/58/44 4101/1413/1299 30/5571/35
f 4529/5572/2407 3486/5573/4201 2654/5574/3667
f 3183/5575/4202 4274/5576/4203 3184/5577/4204
f 4514/1303/1199 813/1305/1201 4657/5578/4205
f 4598/5579/285 3277/5580/2042 4170/3594/3028
f 1635/4522/2408 1258/4521/1878 2303/5581/3278
f 3125/5582/4047 3185/5583/4206 3186/5584/4150
f 3187/5585/4207 3188/5586/4208 4665/5587/4209
f 3189/5588/4028 3190/5589/1870 1253/5590/1869
f 1537/2570/2267 5040/2569/2266 1655/2785/2435
f 3191/5591/4210 4825/5592/4211 1840/3119/2694
f 1744/2954/2565 500/803/734 914/1476/1356
f 3192/5593/1734 1155/5594/1733 3193/5595/4212
f 31/40/36 4588/5596/4213 34/47/39
f 3194/5597/1401 3195/5598/4214 2149/3660/3069
f 3196/5599/2010 2976/5155/4002 2585/4462/3597
f 3877/5600/4215 3139/4478/3607 2594/4479/3608
f 350/5601/493 3877/5600/4215 2594/4479/3608
f 2046/3456/1602 3197/5602/4216 4986/2195/1959
f 430/5603/624 247/5604/335 4216/5605/4217
f 945/1529/1404 3198/5606/4218 3199/5607/4219
f 1397/1695/1539 945/1529/1404 3199/5607/4219
f 4923/3780/3162 4620/5608/3101 2215/3781/3163
f 2923/5609/2293 4701/3583/3023 3200/5610/4220
f 2427/4176/3426 870/4737/1292 3201/5611/4221
f 3202/5612/225 3203/5613/230 3204/5614/4222
f 3205/5615/751 3202/5612/225 3204/5614/4222
f 861/1391/1278 401/5616/582 2978/4482/3610
f 4805/1622/1480 2104/3565/3012 998/1623/1481
f 3206/5617/4223 787/3680/1165 3516/2695/2359
f 1601/5618/2357 3673/5619/4224 3207/5620/4225
f 3208/5621/4226 2788/4811/3808 747/1206/1111
f 4506/5622/1727 3264/5623/1507 3778/5624/4227
f 4725/638/576 398/640/575 3209/5625/4228
f 1359/5626/2001 1256/2088/1875 3365/5627/4229
f 2329/830/758 5147/1951/1755 3161/5532/4185
f 2845/4965/3860 3649/4966/3901 3210/5628/4184
f 254/5629/346 3211/5630/855 581/5631/857
f 254/5629/346 581/5631/857 1978/5632/2863
f 5044/5633/4230 5119/5634/1276 573/5635/840
f 1189/5636/1780 686/5637/1026 3349/5638/1056
f 3212/5639/4231 2020/3416/2912 2022/3418/2914
f 5142/5640/3799 700/2944/1043 1738/2943/2556
f 2130/3618/3043 2139/5641/3058 3213/5642/4232
f 699/5643/1042 3214/5644/4233 697/5645/1040
f 637/1030/945 1411/2344/2084 878/1416/1302
f 4650/4410/3567 3215/5646/389 2231/4411/3180
f 2874/4969/3903 5025/5647/4051 1906/3221/2774
f 1142/1900/1714 1141/1899/1713 2251/3842/3204
f 2250/3841/3203 1142/1900/1714 2251/3842/3204
f 273/5648/373 693/1125/1035 5090/1871/1690
f 3216/5649/2917 2722/5650/3738 985/5651/1465
f 3764/5652/307 3217/5653/306 3218/5654/4234
f 4256/5655/1010 3219/5656/1066 5065/5657/4235
f 3171/5658/3805 5094/5659/2707 2785/5660/1844
f 3084/4766/3782 1683/2841/2481 3220/5661/4236
f 167/5662/206 4147/5663/4237 3221/5664/4024
f 167/257/206 3221/5214/4024 5069/264/212
f 4141/497/435 3222/5665/2916 2025/498/436
f 616/994/913 1195/1990/1787 1197/1992/1788
f 4006/5666/2063 1397/1695/1539 5058/5667/2795
f 997/1621/1479 1103/1835/1660 4531/5668/4238
f 5130/5669/4239 636/1029/944 1806/3054/2643
f 4501/5670/4240 3074/5365/4096 3372/5364/4095
f 3223/5671/4241 2152/5672/3073 3224/5673/3072
f 3295/5674/4242 3243/5675/4243 3225/5676/4244
f 1644/2765/2420 3226/5677/3366 2256/3856/3213
f 2377/1829/1654 1100/1828/1653 3044/5678/4074
f 733/1190/1096 3227/5679/4245 653/1055/969
f 3228/5680/1367 3229/5681/4246 3287/5682/4247
f 182/999/237 179/286/229 1892/5683/2752
f 2455/2529/2231 1513/2531/2233 2888/4995/3919
f 2781/4799/584 4081/356/296 982/1601/1462
f 3535/4149/3408 3230/5684/159 2412/4150/3409
f 3231/5685/4248 4611/4138/3400 2404/4137/3399
f 3232/5686/4249 3231/5685/4248 2404/4137/3399
f 3199/5607/4219 3233/5687/4250 3234/5688/4251
f 1518/2539/2240 3235/5689/4252 1139/1897/1711
f 4387/5690/4253 1634/2749/2405 3236/5691/4254
f 3237/5692/3613 3238/5693/4255 1323/2198/1962
f 927/1495/1374 1030/1908/1542 1032/3948/1544
f 3239/5694/1275 504/813/742 3417/812/741
f 3240/5695/4256 1286/5696/1920 3241/5697/4257
f 2385/364/304 3242/5698/4258 3243/5699/4243
f 2672/4607/3687 1400/2327/2069 3244/5700/2666
f 3094/3299/2830 4452/5701/3389 682/1105/1015
f 3241/5702/4257 1286/2143/1920 4999/5703/4259
f 3245/5704/4260 2404/5705/3399 3246/5706/3129
f 1107/1841/1665 1109/1843/1667 5062/4272/3481
f 4810/3473/2953 3058/3475/2954 1081/5707/1619
f 4128/5708/4261 3247/5709/4262 3248/5710/4263
f 4741/5711/1727 1780/3007/4264 1483/5712/4265
f 675/4582/141 1145/2704/1716 3249/5713/2237
f 3250/5714/4266 2392/4116/3383 2686/4633/3701
f 847/1361/1253 846/1360/1252 1205/4477/1796
f 3251/5715/4267 3252/5716/4268 3253/5717/4269
f 2934/5071/3957 3254/5718/4270 2788/4811/3808
f 3255/5719/4271 2762/4762/3779 3256/5720/4272
f 1917/3238/2787 2550/5721/3562 2011/4415/2902
f 4989/4902/2498 774/1242/1144 3257/5722/4273
f 2432/4184/3431 718/1168/1074 2433/4185/3432
f 976/5336/1453 5085/5723/1454 3055/5337/757
f 1626/2729/2387 893/1443/1324 592/213/170
f 340/541/479 1891/3191/2750 1890/3190/2749
f 4259/4002/2987 4243/3571/3016 3921/3573/3017
f 2261/5724/2554 3258/5725/4274 3259/5726/4155
f 4304/3061/2648 1123/1872/1691 2880/4980/3910
f 1322/2197/1961 3237/5692/3613 1323/2198/1962
f 2436/4190/3435 5125/3103/2681 3260/5727/3515
f 1678/2833/2475 3261/5728/4275 3262/5729/4276
f 1678/5730/2475 3262/5731/4276 1582/2652/2331
f 4389/249/199 2384/5501/3370 2743/5732/2137
f 3419/5733/4277 1662/2802/2449 3842/2801/2448
f 2492/4310/3504 753/1215/1120 754/1217/1122
f 4119/5734/4278 1599/5735/1046 702/5736/324
f 2099/3557/3008 4601/3523/2990 1202/1997/1793
f 4182/5737/1956 1344/5738/1984 4342/5739/4279
f 3263/5740/1616 1013/5741/1019 3264/5742/1507
f 1309/2176/1944 3265/5743/4160 2165/3689/3092
f 903/1455/1336 2409/4144/3404 1452/2411/2143
f 2860/4935/3287 1559/2612/2303 2524/4365/3541
f 3266/5744/4280 3267/5745/4281 1607/2700/2362
f 1203/5746/1794 1667/2814/2458 740/1198/1104
f 3268/5747/4154 3269/5748/4282 4935/4636/3704
f 2512/5749/3021 692/1124/1034 2510/4342/3527
f 2449/4213/3449 3270/5750/4283 3271/5751/4284
f 2450/4214/3450 2449/4213/3449 3271/5751/4284
f 2430/4182/3429 382/609/547 2737/4713/3752
f 1267/5752/1888 3272/5753/4128 3273/5754/3033
f 3274/5755/3916 2887/5756/3918 3275/5757/4285
f 3276/5758/2041 704/3921/1052 3277/5759/2042
f 63/94/75 77/93/74 264/5760/359
f 256/410/350 3278/5761/4286 3002/5217/4026
f 4934/2853/2490 4493/2852/161 3279/5762/4287
f 2823/5763/3840 3280/5764/245 3281/5765/4288
f 571/912/838 3282/5766/1319 3283/5767/1321
f 2225/2266/1016 1259/5768/1879 1653/2267/2021
f 1649/2771/2426 1648/2770/2425 3284/5769/4289
f 3011/2949/2561 586/940/865 585/939/864
f 3133/5770/4158 1713/5771/2524 3285/5772/4290
f 3651/4380/3549 3578/5773/4291 856/1375/1265
f 2101/111/88 63/94/75 264/5760/359
f 1220/2025/1815 3286/5774/4292 1924/3251/2797
f 412/661/597 411/660/596 4305/5533/491
f 3287/5775/4247 524/849/775 3228/1631/1367
f 3001/2933/2549 4174/5776/4293 3002/5777/4026
f 1190/1982/531 4310/2407/2139 1451/2409/2141
f 4274/5576/4203 4918/5778/4294 3288/5779/4295
f 762/1225/1130 487/5780/707 1504/2517/2221
f 3289/5781/3964 1369/5782/2019 103/158/123
f 2372/4073/3352 3290/5783/4296 3291/5784/4297
s 0
f 4974/5785/4298 3292/5786/4299 5016/5787/4300
s 1
f 3293/5788/4301 3294/5789/3425 4448/651/587
f 2130/3618/3043 2997/3617/3042 2139/5641/3058
f 2614/5790/1298 3295/5791/4242 3779/5792/4302
f 3296/5793/4303 3297/5794/1163 1389/2306/2052
f 1486/5795/2199 3188/5586/4208 3187/5585/4207
f 564/904/830 3223/5671/4241 3224/5673/3072
f 1566/2623/2312 299/475/413 1564/2621/2310
f 3298/5796/535 3299/5797/534 3300/5798/4304
f 2969/5799/3995 1324/2199/1963 1323/2198/1962
f 3680/409/349 255/408/348 2087/3533/2996
f 2253/2322/2065 931/1499/1378 2156/3669/960
f 263/418/358 4221/5800/4305 1231/5801/1829
f 340/541/479 342/543/481 3301/5802/4306
f 4535/5803/1757 3796/2779/2432 251/2781/342
f 3283/1440/1321 808/1296/1192 3302/5804/4069
f 3303/5805/2713 3304/5806/2153 1459/5807/2152
f 3589/5808/4307 2145/3651/3065 3033/5809/4066
f 427/686/620 3305/5810/4308 3107/5811/4136
f 476/759/690 2438/5812/3437 3306/5813/4309
f 3798/5135/3992 2965/5134/3991 3307/5814/4310
f 1650/2772/2427 3308/5815/4311 2865/4941/3885
f 1175/1960/1764 1650/2772/2427 2865/4941/3885
f 3400/168/132 4416/185/146 4417/5816/4312
f 594/957/879 4752/959/881 3309/5817/4313
f 2850/4909/3865 2255/3855/3212 4945/5818/4314
f 3310/5819/3085 1002/1636/1488 2162/3920/3086
f 2463/4244/3462 1607/2700/2362 2464/4245/3463
f 3311/5820/1601 3312/5821/756 3197/5602/4216
f 1878/3176/1087 4137/3010/2610 1879/3177/2737
f 1081/5707/1619 3313/5822/3547 4810/3473/2953
f 4264/5245/2709 2133/5823/3050 3816/5246/4042
f 177/282/227 2406/4140/3402 229/4077/308
f 4550/3515/2985 3314/5824/4315 560/5825/820
f 3315/5826/3258 1961/5827/2842 752/1213/1118
f 383/610/548 2928/5061/3373 4796/5060/3948
f 2297/3943/3272 3096/5395/4115 3095/5394/4114
f 2954/5114/3979 2539/5828/3455 805/1289/1187
f 3702/3687/3090 1419/2356/2096 2163/3685/3088
f 927/1495/1374 1528/3949/2256 2444/4199/3442
f 3103/3777/3160 5089/2828/2471 1675/2830/2392
f 3316/5829/4316 3605/5830/4317 1588/2662/2338
f 3034/5831/4067 3317/5832/588 3035/5833/4068
f 2532/4375/3546 2662/4591/1627 1751/2963/2573
f 5139/2433/2158 3318/5834/4043 2939/5835/3461
f 1702/3526/2508 5098/5836/4200 4459/3527/2993
f 3319/5837/3609 4934/5838/2490 5126/5513/4176
f 2188/3733/3130 2189/3734/3131 2203/3759/3150
f 459/735/666 460/737/668 3320/5839/2885
f 3030/5840/4063 1918/3239/2788 3321/5841/1684
f 2868/5487/3895 3322/5842/3894 3142/5488/2751
f 151/243/189 2655/4576/3668 4885/451/390
f 2527/4368/3544 3323/5843/4318 3324/5844/4319
f 3084/4766/3782 2766/4768/3784 1683/2841/2481
f 3977/5845/4320 5150/5846/4321 3325/5847/4322
f 1426/2373/2109 496/796/727 2037/5848/2928
f 3147/5500/4171 3326/5849/4323 1005/1642/1493
f 278/441/380 3327/5850/3288 2748/442/381
f 4367/5851/4064 3074/5852/4096 4253/5853/2214
f 2070/3494/2968 3000/5212/3495 2071/3495/2969
f 374/599/537 1315/2184/1951 375/600/538
f 1945/5854/93 75/113/90 81/110/87
f 4720/750/681 3328/5855/4324 3329/5856/4325
f 468/751/682 4720/750/681 3329/5856/4325
f 2615/4517/3633 4247/5857/4326 3555/5496/4169
f 3289/5858/3964 103/1773/123 99/151/116
f 1093/1811/1639 3330/5859/4327 2068/5860/2966
f 3331/5861/4328 1765/2986/2588 3332/5862/4329
f 1515/5863/2236 734/1191/1097 3333/5864/4330
f 2168/5865/3096 469/752/683 2169/5866/3097
f 4964/4041/3330 3334/5867/4331 2350/4042/3331
f 3335/5868/4332 3336/5869/4333 3337/5870/4334
f 4488/2882/2515 1707/2884/2517 3436/5871/4335
f 3338/5872/4336 1117/1859/1681 5122/1861/1680
f 1712/2891/2523 1711/2890/2522 3339/5873/4337
f 2237/5874/3186 2199/3754/3145 3340/5875/3187
f 1838/5876/2690 3802/4564/710 1804/3050/2639
f 2958/5120/3983 242/5877/323 1255/2087/1874
f 1101/5878/1655 3341/5879/1657 1818/3075/2659
f 2522/5880/3539 3407/5881/4338 3342/5882/4339
f 3291/5784/4297 3290/5783/4296 4340/5883/4340
f 1049/1727/1566 2486/3846/3208 1048/1726/1565
f 3343/5884/4341 3013/5237/4036 3111/5439/4139
f 3344/5885/4342 265/5886/360 267/5330/155
f 2152/5887/3073 3118/5446/3422 3120/5448/4146
f 199/323/264 3345/5888/1528 1614/2709/1530
f 1846/5302/2528 608/2412/903 1942/3282/2819
f 2498/4323/3512 1178/1963/1767 3346/5889/4343
f 3347/5890/4344 4994/5891/2222 3501/658/594
f 3348/5892/4345 830/1331/1226 1546/2584/2281
f 3646/5893/4346 4289/5894/4347 4152/5895/4348
f 3349/5896/1056 385/613/551 706/612/550
f 4169/391/331 3350/5897/4349 2038/3444/2929
f 4577/459/397 3071/4414/3570 287/460/398
f 3415/3860/3216 1511/2287/2036 1510/5898/2228
f 1341/468/406 292/467/405 3351/5899/984
f 921/1534/1365 3385/1398/1285 866/1397/1284
f 3352/5900/4350 4436/5901/4351 4332/5902/3061
f 3957/5903/1754 3140/5485/4165 3139/5484/3607
f 2885/4991/3915 2313/5904/2038 4911/5905/4352
f 3353/5906/4353 3354/5907/4354 3355/5908/4355
f 3356/5909/82 1501/2513/2218 1503/2515/92
f 538/5434/797 135/5126/169 4648/5910/4356
f 2390/5911/3380 3357/5912/3379 3358/5913/4357
f 1243/2065/1852 3359/5914/4358 1019/5915/1522
f 3158/5521/3774 1455/5916/2148 3360/5917/4359
f 2742/4720/2743 3361/5918/4049 1884/5919/2741
f 3316/5829/4316 1588/2662/2338 2796/2664/2340
f 251/402/342 4098/5920/3365 252/403/343
f 1289/2146/1923 3362/5921/4360 1471/2455/2176
f 4295/5922/4361 3641/5923/4092 2321/3987/3298
f 3319/5837/3609 5126/5513/4176 3153/5512/3031
f 2171/3698/3099 2173/3700/1526 1022/5924/1525
f 1912/3229/2779 4245/5925/4362 4451/3230/2780
f 1530/2559/2258 2818/4866/3835 4260/2560/2259
f 3838/5926/386 4535/5927/1757 250/401/341
f 3363/5928/4363 2373/4075/3354 3364/5929/2496
f 3073/5930/4094 855/1374/1264 4186/1376/1266
f 1359/5931/2001 3365/5932/4229 3366/5933/4364
f 3199/5607/4219 4563/5934/4365 3367/5935/2276
f 4955/1956/1760 5021/5936/2282 1453/2414/2144
f 3082/5937/4107 3368/5938/1618 3369/5939/4366
f 3513/2825/2468 3370/5940/2861 4161/2826/2469
f 4544/5130/3988 3371/5941/2464 5000/5942/4367
f 3372/5943/4095 3373/5944/3415 2416/5945/3414
f 1697/2866/2503 2661/4589/3676 1698/2867/2504
f 4292/5946/4368 3616/5947/3908 4307/5948/4005
f 4642/3175/2736 1877/3174/2735 3374/5949/4369
f 2499/4324/3513 3375/5950/1617 4506/5622/1727
f 2522/5880/3539 3342/5882/4339 4856/5951/3361
f 3376/5952/3232 3012/5235/4035 3377/5953/3233
f 3378/5954/2229 1512/5955/2230 811/1300/1196
f 409/657/593 3347/5890/4344 3501/658/594
f 1942/3282/2819 1453/2414/2144 5021/5936/2282
f 2838/4892/3854 3379/5956/4370 2975/5154/4001
f 3272/5957/4128 3246/5706/3129 4545/5958/2933
f 3380/5959/4371 847/5960/1253 1204/5961/1795
f 4901/5962/4372 4651/392/332 3920/2908/2533
f 3250/5714/4266 2686/4633/3701 2607/4506/3625
f 2629/4541/3645 2307/5963/2897 2630/4542/3646
f 3381/5964/4373 4427/5965/4374 200/327/268
f 3254/5718/4270 2333/1207/1112 2788/4811/3808
f 3382/5966/457 3383/5967/4375 3384/5968/4376
f 2020/3416/2912 4298/5969/4377 2670/4605/3686
f 3976/5970/4378 336/530/468 1356/2237/1997
f 1103/1835/1660 605/977/899 2941/5092/3967
f 4273/5971/2404 4274/5576/4203 3183/5575/4202
f 1038/1710/1256 4273/2748/2404 3183/5972/4202
f 694/1126/1036 3385/5973/1285 3386/5974/4379
f 5064/2588/2285 2334/4523/3223 5021/2589/2282
f 1208/5975/372 866/5976/1284 5143/5977/1286
f 2344/4026/3320 1281/5978/1914 617/995/914
f 770/1236/1140 754/1217/1122 4543/1216/1121
f 3387/5979/4380 770/1236/1140 4543/1216/1121
f 4491/5980/4381 833/1337/1232 3907/5981/4382
f 4999/5703/4259 2637/4549/3650 2636/4548/3649
f 1893/3195/2753 3380/5959/4371 3162/5982/4186
f 1125/1047/962 646/1046/961 1362/5983/2005
f 3388/5984/4383 3389/5985/4384 5012/5986/4385
f 3390/5987/4127 1010/1818/1502 3391/5988/4386
f 2439/4193/3438 3392/5989/477 3393/5990/4387
f 1535/2567/2264 2219/5991/3167 4164/5992/4388
f 3835/5993/4389 3394/5994/3087 3395/5995/4390
f 2728/4697/3740 3396/5996/4391 883/1425/1309
f 5132/5997/4392 2869/5998/2546 3091/5390/3270
f 3397/5999/4393 536/867/793 3398/6000/4394
f 4966/6001/4395 4681/6002/1652 5088/6003/3249
f 2549/868/794 3397/5999/4393 3399/6004/4396
f 765/1228/1133 1523/2548/2247 937/1508/1384
f 1316/6005/1952 2799/6006/3818 3400/6007/132
f 446/714/647 3401/6008/4397 751/1212/1117
f 1108/1842/1666 5030/2671/2345 1592/2670/2344
f 4029/6009/679 2330/4005/678 2331/4006/3307
f 4029/6009/679 2331/4006/3307 4693/6010/4398
f 2373/6011/3354 231/370/310 2761/6012/825
f 5104/6013/4399 3402/6014/2416 3403/6015/4400
f 129/2967/157 899/1450/1331 110/170/134
f 3172/3713/3111 3404/6016/4401 3173/6017/4196
f 3961/6018/1340 906/6019/1339 3963/6020/4402
f 3274/4992/3916 3405/6021/4403 2887/6022/3918
f 3353/5906/4353 3406/6023/4404 3407/6024/4338
f 4840/6025/4405 3408/6026/3369 2956/5118/3981
f 3409/6027/4406 1302/2167/1792 546/6028/806
f 1336/1527/1402 945/1529/1404 1397/1695/1539
f 238/378/318 630/1022/937 629/1021/800
f 3269/5748/4282 2688/4637/3705 4935/4636/3704
f 26/6029/30 2300/3956/3275 2952/5112/3977
f 4581/1812/1640 3410/6030/4407 1094/1813/1641
f 2340/6031/3316 4154/6032/3317 2572/6033/1506
f 4907/6034/4408 3411/6035/4409 3412/6036/2541
f 3785/6037/4410 2954/6038/3979 2953/6039/3978
f 3072/5362/2904 1420/2360/2098 4248/4791/3794
f 3413/6040/611 1992/3365/2880 1993/3366/612
f 2527/4368/3544 3324/5844/4319 2525/4366/3542
f 3414/6041/4411 1574/2640/1746 5141/2642/1930
f 1577/6042/2326 3415/6043/3216 3416/6044/1625
f 3417/6045/741 505/6046/743 1127/2494/1697
f 2101/3559/88 1231/2042/1829 1273/2041/1828
f 1373/5320/2023 2095/2445/2168 2016/2444/2167
f 3418/6047/3032 4447/6048/4412 3049/6049/4078
f 3419/6050/4277 3420/6051/4413 3421/6052/4414
f 3374/5949/4369 3384/5968/4376 3383/5967/4375
f 815/1436/1203 3422/6053/4415 3423/6054/4416
f 4471/6055/4417 2827/4878/3843 2086/3532/2178
f 822/1321/1216 2430/4182/3429 2736/4712/3751
f 3424/1721/1561 4185/3208/2764 3425/6056/4418
f 2171/6057/3099 3424/6058/1561 3425/6059/4418
f 1306/6060/1941 2497/6061/3509 3895/6062/3044
f 4926/4919/3872 2853/4918/2892 1110/1845/1668
f 3426/6063/1606 3427/6064/4419 3114/6065/4142
f 1676/2831/2473 1678/2833/2475 2361/4056/3343
f 5007/6066/4420 512/822/750 1916/4904/2785
f 4470/6067/4421 3404/6016/4401 1505/6068/2223
f 903/1455/1336 3428/6069/4422 2409/4144/3404
f 2716/4678/3732 540/873/799 3429/6070/4423
f 123/192/151 4052/1128/1038 4521/6071/4424
f 3405/6021/4403 3430/6072/3961 2937/6073/1610
f 3431/6074/4425 4509/6075/1636 3432/6076/4426
f 3433/6077/4427 781/1255/1157 1512/5955/2230
f 3560/5433/4137 4601/3523/2990 2099/3557/3008
f 2660/4587/3674 2841/4896/3856 1332/2208/1971
f 4099/6078/4428 2017/3411/2907 1862/6079/2720
f 1550/4101/2288 1549/6080/2287 4489/6081/4429
f 4783/712/645 446/714/647 751/1212/1117
f 601/970/892 983/1602/1463 2598/4492/3615
f 3848/1509/1385 4649/6082/4430 4073/1510/1386
f 616/994/913 615/993/912 1195/1990/1787
f 1823/3085/2669 2254/3851/3209 3434/6083/4431
f 3038/5294/1604 259/414/354 3302/5295/4069
f 3435/6084/4432 1096/1817/1645 1252/2081/1868
f 3904/6085/873 589/6086/872 4993/6087/1408
f 325/6088/451 3436/6089/4335 5123/6090/1211
f 1087/1801/1629 1089/1803/1631 3437/6091/4433
f 1010/1818/1502 1097/1820/1646 3391/5988/4386
f 2556/4416/3571 4580/4418/3572 2191/5273/3133
f 611/985/482 343/6092/484 1091/6093/1635
f 3438/6094/4434 4015/6095/4435 3439/6096/4436
f 2561/4427/3576 2688/4637/3705 3269/5748/4282
f 3440/6097/3304 3441/6098/3324 4206/6099/1115
f 3442/6100/4437 3270/5750/4283 1669/2817/2461
f 2639/6101/1397 3179/389/329 4402/1932/1741
f 3443/6102/4438 3399/6004/4396 3444/6103/4439
f 644/1041/956 643/1040/955 2629/4541/3645
f 644/1041/956 2629/4541/3645 2632/4544/3647
f 2371/4072/3351 3445/6104/4440 1107/6105/1665
f 3446/6106/4441 1890/3190/2749 1663/2804/2451
f 3444/6103/4439 3399/6004/4396 3447/6107/4442
f 939/1512/1388 3448/6108/4443 946/1513/1389
f 487/776/707 488/778/709 1504/6109/2221
f 973/1585/1447 3449/6110/1238 4077/6111/1520
f 2205/3762/3152 4915/3761/1432 2837/6112/2814
f 820/1319/1214 822/1321/1216 3057/5339/4081
f 1828/3095/2677 3450/6113/4444 1144/1903/1546
f 495/6114/725 3370/3343/2861 4604/6115/726
f 3451/6116/4445 4771/6117/4446 489/6118/711
f 3274/5755/3916 3275/5757/4285 896/1446/1327
f 3452/6119/1648 3453/6120/4447 3609/6121/4448
f 3454/6122/2057 2776/6123/3795 3455/6124/2278
f 4073/1510/1386 1701/2870/2507 938/1511/1387
f 3456/6125/4449 3457/6126/4450 3458/6127/4451
f 2573/4448/3588 1162/1939/1748 4757/1938/1747
f 329/518/456 3459/6128/4452 4286/6129/1688
f 4087/6130/325 753/1215/1120 2492/4310/3504
f 4497/6131/4453 2854/6132/3875 466/6133/676
f 4088/6134/3329 3460/6135/2487 2993/6136/3913
f 2891/4999/2002 2664/4596/3679 3461/6137/2014
f 1180/1965/1769 1179/1964/1768 2236/5459/3185
f 2174/3702/916 4473/5271/4060 2580/3703/3102
f 3462/6138/4454 5090/1871/1690 4304/3061/2648
f 3463/6139/1083 5093/6140/3116 3464/6141/4455
f 5106/6142/3465 4554/2459/2180 2657/6143/3670
f 2409/4144/3404 147/230/184 137/229/174
f 2417/5208/2961 3373/6144/3415 1077/1776/1609
f 5103/4360/3536 4641/6145/4456 3465/6146/4457
f 2792/6147/3812 1274/1447/1328 3466/6148/1900
f 4109/3901/3243 4968/6149/4458 4855/946/871
f 5142/6150/3799 4054/6151/4459 700/1133/1043
f 1729/2925/2543 1728/2924/2542 3467/6152/4460
f 3251/5715/4267 2830/4881/3846 2829/4880/3845
f 2233/3808/3181 4639/3810/3183 2906/5024/3934
f 1771/2994/2596 1185/1970/1774 3025/5267/4057
f 3468/6153/4461 4780/6154/2708 3469/6155/4462
f 739/1197/1103 1203/5746/1794 740/1198/1104
f 3667/6156/4463 3470/6157/4464 3668/6158/4465
f 3471/6159/3234 2451/3392/2895 1676/2831/2473
f 3235/5689/4252 2402/4134/3396 661/1065/978
f 4300/1814/1642 1094/1813/1641 3727/6160/4466
f 2084/3525/2992 1533/2565/2262 1203/1998/1794
f 3594/6161/4467 2901/5019/3931 3830/6162/4468
f 2129/3615/3040 1282/2138/1915 3472/6163/4469
f 1664/2805/2452 2068/5860/2966 2852/5204/1594
f 1199/1994/1790 1072/1765/1599 1782/3990/2611
f 722/1174/1080 2310/1173/1079 2317/3982/3293
f 3473/6164/1964 4613/5515/4178 3474/6165/1162
f 3047/5319/131 2799/6006/3818 1815/3070/2655
f 3475/6166/4470 2821/4871/3838 3476/6167/4471
f 3213/5642/4232 3477/6168/3059 2477/4271/3480
f 3478/6169/1882 1617/2715/2375 194/315/256
f 3479/6170/1268 4530/4620/3693 2678/4619/3692
f 4756/670/604 419/672/606 3480/6171/2899
f 2909/2053/1840 3743/2052/1839 3481/6172/4472
f 2021/3417/2913 2648/6173/3660 3482/6174/4473
f 3483/6175/1521 2327/6176/3305 1268/6177/1891
f 4507/6178/4474 3484/6179/4475 4801/6180/3197
f 1557/2610/2301 3485/6181/4476 2526/4367/3543
s 0
f 4560/5266/4477 3799/6182/4477 3005/5222/4478
s 1
f 1086/6183/1628 515/831/759 2826/4877/2574
f 1751/2963/2573 1086/4592/1628 2826/2964/2574
f 3958/6184/4479 4280/6185/4480 4279/6186/4481
f 3486/6187/4201 3487/6188/3989 3991/1111/1021
f 5074/6189/4482 3488/6190/3332 4219/6191/4483
f 3776/3763/3153 3489/6192/4484 5070/2085/1872
f 3490/6193/4485 3491/6194/4486 1183/6195/1772
f 4516/6196/4487 1233/2045/1832 1232/2044/1831
f 2264/3866/3219 1424/2369/2105 1163/1940/1749
f 736/1193/1099 3492/6197/4488 3493/6198/4489
f 2776/6123/3795 2777/4794/3797 3455/6124/2278
f 3494/6199/1577 2271/3880/3228 2272/3882/1578
f 3495/6200/4490 1852/3136/2704 965/4816/1439
f 3773/6201/4491 3496/6202/932 5011/6203/4492
f 3662/6204/1722 3497/6205/4493 3498/6206/4494
f 720/1170/1076 1033/1702/1545 721/1171/1077
f 3499/6207/4495 452/6208/654 3500/6209/3816
f 826/1327/1222 2715/4676/3169 827/1328/1223
f 2787/6210/3807 1815/6211/2655 1799/3040/2631
f 2478/4273/3482 2427/4176/3426 4341/6212/4496
f 408/6213/592 3501/6214/594 4551/4680/3734
f 2877/6215/3905 3403/6216/4400 4228/6217/1512
f 111/171/135 117/181/145 106/161/126
f 1652/4921/2430 2851/4914/3870 3502/6218/3362
f 1391/2312/2056 2158/3672/3079 3503/6219/4497
f 3068/5356/4090 3504/6220/4498 3505/6221/4499
f 3068/5356/4090 3505/6221/4499 3506/6222/4500
f 802/6223/1184 3507/6224/4501 306/485/423
f 3939/6225/471 3508/6226/3345 1312/6227/1948
f 2825/4876/3842 3917/6228/4502 2655/6229/3668
f 4475/5048/1245 506/816/744 1952/4283/2833
f 5002/1743/1581 1058/1742/1580 1335/2211/1974
f 3509/6230/4503 835/1341/1236 3510/6231/4504
f 3511/6232/2155 2881/4981/3911 2293/3935/3265
f 3512/6233/2470 1923/6234/2796 3513/6235/2468
f 2103/786/717 1872/6236/2731 1421/2366/1421
f 4156/4944/1033 4613/5515/4178 3473/6164/1964
f 685/1115/1025 1173/1955/1759 4369/6237/4505
f 4809/6238/923 3514/6239/2290 5113/6240/4506
f 843/1356/1248 842/1355/1247 4169/391/331
f 3515/6241/4507 3516/6242/2359 478/6243/695
f 4193/1401/1288 3517/6244/3327 4088/6245/3329
f 1934/3266/2777 1909/6246/2776 3518/6247/4508
f 3519/6248/4509 4415/5104/3448 2947/5105/561
f 3342/5882/4339 3407/5881/4338 3520/6249/2099
f 1343/2221/1982 1342/2220/1981 1699/6250/2505
f 703/6251/1048 4266/6252/4510 3521/6253/4511
f 2727/4696/3739 3522/6254/4512 3396/5996/4391
f 3739/3086/2612 3295/6255/4242 1783/6256/1297
f 1133/6257/1704 1134/6258/1706 3523/6259/4513
f 3524/6260/4514 2431/4183/3430 1284/2140/1917
f 841/6261/1246 3525/6262/4515 2513/6263/667
f 1889/3189/2748 4916/2618/2309 3722/6264/4516
f 1183/6195/1772 3491/6194/4486 3550/6265/4517
f 5125/3103/2681 1698/2867/2504 1833/3104/2682
f 290/465/403 3064/5351/4087 3065/5352/3507
f 469/752/683 471/754/685 2169/5866/3097
f 3970/1240/1142 774/1242/1144 2845/4901/3860
f 2446/6266/3445 3526/6267/3060 4398/629/567
f 3527/6268/1449 3528/6269/4518 3529/6270/4519
f 4347/3919/3254 734/1191/1097 1515/5863/2236
f 744/6271/1108 743/869/795 3530/6272/1862
f 1359/2242/2001 3456/6125/4449 3458/6127/4451
f 3531/6273/4520 3532/6274/3144 3533/6275/347
f 4846/6276/465 2682/6277/3697 2683/6278/3698
f 3109/6279/4138 4793/4485/3612 3534/6280/4521
f 3043/5308/4072 3535/6281/3408 3344/5885/4342
f 1257/2090/1877 3536/6282/4522 1256/2088/1875
f 1304/1248/1150 777/1247/1149 974/1586/1448
f 2925/5056/3946 1753/6283/2577 1756/2288/2037
f 3220/6284/4236 1683/2839/2481 1682/2838/2480
f 907/1464/1345 288/3907/399 908/1465/401
f 3401/6285/4397 4887/4328/3516 3537/6286/4523
f 2109/3574/3018 4555/1719/1559 2671/3928/3260
f 2302/3958/3277 1906/3221/2774 444/710/643
f 2688/4637/3705 2560/4426/1208 3808/4638/3706
f 150/234/188 2655/6287/3668 151/235/189
f 4123/4320/3510 2002/3380/2888 2003/3381/2889
f 3216/5649/2917 985/5651/1465 3538/6288/850
f 522/846/773 4722/6289/4524 248/847/338
f 1468/1469/1349 640/1035/950 1469/6290/2174
f 2371/4072/3351 3290/5783/4296 2372/4073/3352
f 369/589/527 371/591/529 3097/5396/4116
f 1791/3029/2185 1792/3031/2623 128/5309/153
f 1002/1636/1488 3085/5381/4109 735/1192/1098
f 916/6291/1358 915/1625/1357 2396/4125/3390
f 513/6292/752 3205/5615/751 3204/5614/4222
f 4751/2317/2061 1394/2316/2060 3539/6293/4525
f 1609/2702/2364 2464/4245/3463 1607/2700/2362
f 940/1515/1391 4462/1518/1394 3540/6294/3245
f 1495/6295/2212 1494/6296/2211 4932/6297/2775
f 3125/6298/4047 1797/3037/2628 4786/3038/2629
f 2371/4072/3351 1107/6105/1665 3290/5783/4296
f 4220/1049/963 1955/1172/1078 766/1230/1134
f 1392/2314/2058 2565/4431/3578 1393/2315/2059
f 2755/6299/2443 689/1119/1029 1861/3152/2719
f 3203/5613/230 3541/6300/917 3204/5614/4222
f 4908/6301/4526 2718/4682/3735 1275/6302/1901
f 4376/4110/3377 3542/6303/4105 5009/6304/4527
f 2170/6305/3098 3543/6306/3120 3544/6307/4528
f 3221/6308/4024 3545/6309/4529 3631/6310/4530
f 3487/5131/3989 4544/5130/3988 5000/5942/4367
f 3546/6311/4531 3142/3192/2751 3322/6312/3894
f 4823/6313/2910 3309/6314/4313 2636/4548/3649
f 2649/4567/3661 2893/5007/3924 870/4737/1292
f 3745/3353/2870 4362/6315/4532 1902/3215/2768
f 1673/2824/2467 1618/2716/2376 2078/3505/2979
f 1016/1668/1514 3547/6316/2770 3411/6035/4409
f 3548/6317/4034 5148/6318/1434 962/6319/1433
f 3549/6320/3136 4319/5213/4023 3113/5441/4141
f 1184/1969/1773 3550/6321/4517 3551/6322/4533
f 3552/6323/4534 235/458/314 4415/5104/3448
f 3962/4445/3586 4115/4444/3585 4789/6324/1728
f 3553/6325/4535 3554/6326/4536 2424/6327/3421
f 494/6328/723 965/4816/1439 2744/4725/3759
f 143/225/180 4885/451/390 1113/6329/1675
f 4247/6330/4326 3698/6331/4537 3555/6332/4169
f 4427/5965/4374 5022/6333/3653 1761/2981/278
f 4098/5920/3365 4537/6334/4131 3556/6335/4538
f 1399/2326/2068 713/1163/1069 3557/6336/4539
f 3328/5855/4324 3558/6337/753 3559/6338/4540
f 2037/3443/2928 724/1422/1085 881/1421/1307
f 2601/4496/3619 2600/4495/3618 2370/4071/3350
f 2187/3730/3127 1217/2021/1811 2770/4776/3790
f 3126/5455/4151 659/6339/976 3127/5456/4123
f 1167/1944/1753 3560/6340/4137 3305/5810/4308
f 1061/1746/1584 2256/3856/3213 1062/1747/1585
f 1449/2406/2138 3561/6341/4541 4106/2404/2136
f 423/681/615 539/6342/798 2603/4500/3620
f 674/1090/1001 1656/1301/1197 812/1302/1198
f 3562/6343/4542 3401/6285/4397 3537/6286/4523
f 3563/6344/4543 3213/6345/4232 4477/6346/4161
f 4292/5946/4368 2093/6347/2843 3616/5947/3908
f 1767/2988/2590 1766/2987/2589 1623/2724/2382
f 2794/6348/3815 3208/6349/4226 3147/5500/4171
f 3574/3030/1838 1236/6350/1837 1792/3031/2623
f 3564/6351/4544 3565/6352/4545 268/6353/366
f 4299/6354/3796 3454/6122/2057 1393/6355/2059
f 1831/3100/2679 1832/3102/2680 3566/6356/4546
f 2070/6357/2968 4792/4300/3496 3000/4299/3495
f 4136/6358/4547 3567/6359/4548 1398/2324/2066
f 3534/6280/4521 4793/4485/3612 1322/4487/1961
f 50/72/59 42/59/47 52/77/62
f 1002/1636/1488 2115/1635/1487 3085/5381/4109
f 3461/2257/2014 1366/2259/2016 2891/2243/2002
f 3568/6360/4549 3569/6361/4550 5030/6362/2345
f 959/6363/1428 958/3568/1427 684/1114/1024
f 1967/3326/2847 1009/1649/1499 4776/6364/4551
f 4181/6365/3394 2594/4479/3608 3570/6366/4552
f 2326/3996/3303 2836/6367/3584 3571/6368/2927
f 4166/6369/4553 2180/3717/3115 3867/479/417
f 2697/4650/3712 1981/5073/2865 3572/6370/4554
f 2628/5510/3644 2097/3555/1783 1986/3554/2874
f 3573/6371/3533 2628/5510/3644 1986/3554/2874
f 1777/3004/2605 2432/4184/3431 2431/4183/3430
f 4503/6372/4555 3574/6373/1838 1791/2466/2185
f 3175/5558/4197 3177/5560/785 3646/6374/4346
f 651/1053/967 4176/6375/233 162/251/201
f 2303/6376/3278 4167/6377/4556 2605/6378/3622
f 3584/6379/4557 1825/3091/2674 3575/6380/4558
f 1148/1911/1721 5065/6381/4235 3497/6382/4493
f 3576/6383/279 2709/4669/3727 2711/4671/3729
f 3051/6384/3325 854/3506/1263 347/550/488
f 3577/6385/4559 1970/3329/2849 3154/5514/4177
f 949/1540/1410 416/668/602 2987/5181/4014
f 116/178/142 1720/180/144 115/176/140
f 363/580/518 1482/579/517 3578/6386/4291
f 3422/6053/4415 3069/6387/4091 1835/3107/2685
f 2647/781/712 4771/6388/4446 3180/6389/4199
f 2398/5085/3392 2400/6390/3226 2296/3941/3271
f 2776/6123/3795 4368/6391/4560 3579/6392/4561
f 3763/4278/3485 337/6393/473 2642/4557/3656
f 992/6394/1474 994/6395/1476 3580/6396/4562
f 1407/2337/2078 992/6394/1474 3580/6396/4562
f 3474/1260/1162 3581/6397/1701 3297/1261/1163
f 1762/6398/277 3576/6383/279 3582/6399/4563
f 2870/2249/2007 3938/6400/4564 1363/2250/60
f 1068/1757/1592 1113/1853/1675 1069/1758/1593
f 714/1164/1070 4057/6401/4565 2116/3586/3024
f 1177/1962/1766 1176/1961/1765 1485/2487/2198
f 3446/6106/4441 1663/2804/2451 2159/3673/1826
f 3583/6402/4566 1538/2572/2269 3584/6403/4557
f 1092/1810/1638 909/1466/1346 3330/5859/4327
f 609/982/904 4542/2878/2513 610/983/905
f 1569/4186/999 2434/4188/3433 737/2912/1100
f 3585/6404/2646 3118/6405/3422 3223/5671/4241
f 1274/1447/1328 2887/5756/3918 3586/6406/1899
f 4951/5366/4097 243/386/326 3724/6407/4567
f 821/1320/1215 381/608/546 380/607/545
f 4395/6408/2161 3980/464/402 291/466/404
f 1709/2886/2519 4291/3354/2871 1985/3356/2873
f 4819/1270/1170 3587/6409/4568 2447/2472/2190
f 4819/1270/1170 2447/2472/2190 932/1271/1171
f 3941/2616/2307 1850/3134/2702 1562/2617/2308
f 583/934/859 535/865/791 584/935/860
f 3588/6410/3418 1490/6411/1483 4322/6412/4569
f 3589/6413/4307 2474/4268/3477 3736/6414/4570
f 1072/1765/1599 1071/1764/1598 1430/2377/2113
f 3807/3248/2794 1923/3250/2796 3512/6415/2470
f 3590/6416/2635 3797/718/651 451/720/653
f 3591/6417/1824 3050/6418/4079 641/1038/953
f 2418/4162/3416 3592/6419/4571 3593/6420/4572
f 3594/6421/4467 901/1452/1333 900/1451/1332
f 1584/2654/2333 1583/2653/2332 3595/6422/4573
f 1439/2390/2124 5140/1916/1726 1151/1915/1725
f 3533/407/347 3596/6423/4574 255/408/348
f 742/1201/1107 1957/1383/1273 743/1202/795
f 1890/3190/2749 1950/3297/2828 3597/6424/4575
f 4501/6425/4240 2417/6426/2961 3598/6427/3601
f 3104/5424/4133 4463/6428/2033 3105/5425/3733
f 1186/1973/1777 4445/1972/1776 1873/6429/511
f 3599/6430/4576 3082/5937/4107 3369/5939/4366
f 3600/6431/3453 3601/6432/4577 4039/2992/2594
f 443/6433/642 2914/5034/3936 1608/2701/2363
f 4915/6434/1432 2082/6435/1431 1940/6436/2815
f 4665/6437/4209 3188/6438/4208 4303/6439/4578
f 3602/6440/3947 1867/4631/2726 2179/3714/3112
f 1987/3359/2745 2098/3358/2875 2275/3891/3235
f 2388/6441/3376 3523/6442/4513 3081/5376/4106
f 3603/6443/4579 2803/4639/3707 2617/4519/3635
f 2616/4518/3634 3603/6443/4579 2617/4519/3635
f 2021/3417/2913 2361/4056/3343 2648/6173/3660
f 1086/6183/1628 1468/2452/1349 1470/2454/2175
f 1086/6183/1628 1470/2454/2175 3604/6444/4580
f 3750/6445/4581 4877/6446/4582 4946/6447/4583
f 4573/6448/4584 208/6449/282 3605/6450/4317
f 2307/3965/2897 2306/3964/3282 3606/6451/2396
f 3607/6452/4585 886/1430/1313 3608/6453/4586
f 3743/2052/1839 3452/1822/1648 3609/6454/4448
f 3145/6455/4168 2513/4348/667 2510/4347/3527
f 3610/6456/4587 3126/5455/4151 3128/5457/4152
f 3610/6456/4587 3128/5457/4152 1153/1922/1731
f 3053/5333/3700 2684/6457/3699 1166/1943/1752
f 1128/1882/1698 1130/1884/1700 3611/6458/4588
f 2445/4201/3444 4358/5517/4180 3156/5518/4181
f 3612/6459/2034 3141/5486/4166 2810/6460/3830
f 4409/6461/2608 2379/6462/3364 1714/2895/2527
f 3895/3620/3044 3930/6463/4589 352/560/498
f 3613/6464/1705 491/6465/718 3313/6466/3547
f 810/1299/1195 781/1255/1157 780/1254/1156
f 1519/2540/2241 1518/2539/2240 1139/1897/1711
f 1519/2540/2241 1139/1897/1711 630/1022/937
f 3634/6467/4590 1378/2276/2028 1404/2331/2073
f 2701/6468/3716 1694/6469/2499 174/6470/220
f 3369/5939/4366 2660/6471/3674 3614/6472/4591
f 3615/6473/4592 3369/5939/4366 3614/6472/4591
f 1680/2835/2477 2992/5194/3264 5047/3275/2813
f 4307/6474/4005 3616/6475/3908 3617/6476/3909
f 3618/6477/2249 1552/3210/2292 3619/6478/4593
f 1513/6479/2233 3729/2706/2367 1612/2707/2368
f 4064/6480/4594 1764/575/513 3620/6481/4595
f 1841/6482/2695 4482/6483/4596 3621/6484/2384
f 2880/4980/3910 511/821/749 3622/6485/4597
f 2375/4079/3357 2297/3943/3272 3095/5394/4114
f 2930/5063/3950 3623/6486/4598 2931/5064/3951
f 3366/5933/4364 2525/4366/3542 3624/6487/4599
f 3626/6488/4600 4854/6489/4601 3625/6490/4602
f 1429/2376/2112 3626/6491/4600 3625/6492/4602
f 3189/6493/4028 1253/2082/1869 3265/5743/4160
f 4154/6494/3317 1593/2672/895 4155/2674/970
f 3627/6495/4603 4083/6496/4604 953/1544/1414
f 3973/6497/4605 3625/6490/4602 1992/3365/2880
f 2879/3708/3107 2852/5204/1594 5109/4752/3772
f 2339/4284/3314 3628/6498/4606 1958/3312/2839
s 0
f 4459/6499/4607 3960/3008/4607 1780/3007/4607
s 1
f 1317/2187/1953 784/1258/1160 783/1257/1159
f 2570/6500/3583 1894/6501/2755 257/1085/351
f 277/438/377 3629/6502/2958 2208/3769/3155
f 3630/6503/4021 3218/5654/4234 2140/6504/1366
f 2089/3539/3001 1933/2794/2442 1659/2796/464
f 322/508/446 1339/2216/1978 2780/4798/3801
f 4271/6505/4608 3409/6027/4406 546/6028/806
f 3221/6506/4024 3631/6507/4530 3632/6508/4025
f 3784/6509/3921 324/511/449 325/513/451
f 3931/6510/4609 1884/3182/2741 4679/6511/4610
f 3633/6512/4611 3251/5715/4267 2829/4880/3845
f 793/1273/1173 3807/6513/2794 3512/4583/2470
f 1462/6514/2165 4970/2277/2029 3634/6515/4590
f 2434/4188/3433 1880/3178/2738 1722/2913/2535
f 2434/4188/3433 1722/2913/2535 737/2912/1100
f 3635/6516/4612 1182/1967/1771 2143/3649/1489
f 860/1382/1272 824/4826/1220 2600/4495/3618
f 2272/1740/1578 3636/6517/3229 339/6518/476
f 3498/6519/4494 3637/6520/1843 1460/3367/2159
f 4952/6521/4613 1956/6522/2838 5040/6523/2266
f 3638/6524/4614 2955/5116/3980 2529/4370/2318
f 748/5014/1113 2333/6525/1112 3639/6526/3308
f 3640/6527/4615 4441/5260/3665 266/421/361
f 2708/4668/3726 454/728/659 4476/6528/4616
f 2294/6529/3267 356/6530/505 3927/6531/4617
f 3121/5449/4147 4864/6532/4618 3641/6533/4092
f 1670/6534/2462 4797/2437/2162 2734/6535/3748
f 1596/4854/2352 1055/6536/1573 1408/5335/2080
f 4540/3349/2866 3642/6537/4130 1982/3350/2867
f 943/1525/1400 3643/6538/4619 3195/6539/4214
f 3620/6481/4595 1998/1568/1436 963/1567/1435
f 4638/6540/4620 368/6541/526 3163/5535/4187
f 1445/6542/2130 3212/5639/4231 3644/6543/4621
f 734/1191/1097 736/1193/1099 3493/6198/4489
f 2075/3502/2976 3645/6544/4622 2076/3503/2977
f 4245/6545/4362 1152/1919/1728 1700/2869/2506
f 3554/6326/4536 3646/6546/4346 2424/6327/3421
f 4634/1380/1270 2737/6547/3752 859/1381/1271
f 3647/6548/769 3648/6549/4623 3696/6550/1053
f 3649/6551/3901 3650/6552/4624 3651/4380/3549
f 3210/5628/4184 3649/4966/3901 3651/6553/3549
f 3652/6554/4625 2643/4558/3657 4784/6555/4626
f 3371/2821/2464 1327/2203/1967 1917/6556/2787
f 3653/6557/2982 2639/6101/1397 4402/1932/1741
f 1583/2653/2332 1690/2855/2492 3654/6558/4627
f 1583/2653/2332 3654/6558/4627 3595/6422/4573
f 4977/4449/3589 3670/5407/4122 2658/4585/3672
f 4410/2894/2526 4409/6461/2608 1714/2895/2527
f 1641/6559/2415 2577/4777/3593 3059/5342/4082
f 3655/6560/2011 4621/6561/2013 2763/2334/2076
f 1930/3259/2802 3656/6562/4628 3657/6563/4629
f 3066/5354/4088 3658/6564/4630 3067/5355/4089
f 2939/6565/3461 4891/6566/4631 2701/6468/3716
f 5071/6567/1865 1908/3224/2533 1934/3226/2777
f 1422/2367/2103 1424/2369/2105 2264/3866/3219
f 5095/6568/4632 5116/6569/4633 1567/2624/2146
f 2480/4277/3484 2641/6570/3654 3763/4278/3485
f 3098/5397/4117 1637/6571/2410 4603/6572/4634
f 4360/1075/988 3659/6573/2805 4116/2364/2101
f 887/1431/1314 886/1430/1313 3607/6452/4585
f 2979/6574/4007 5134/6575/2634 2048/6576/2941
f 4877/6577/4582 2979/6578/4007 2048/3459/2941
f 2631/2258/2015 2534/4381/3550 1366/2259/2016
f 2919/2916/2537 5050/2918/2538 2359/4053/3341
f 3660/6579/1650 3661/6580/4635 3825/6581/4636
f 812/1302/1198 3786/920/845 2986/6582/4013
f 5008/4923/3715 174/275/220 4853/274/219
f 3662/6583/1722 3663/6584/1685 3664/6585/4637
f 2467/4252/2511 3665/6586/1181 2468/4253/3469
f 4526/6587/1889 1267/5752/1888 3273/5754/3033
f 1818/3075/2659 4867/6588/4638 4747/3076/2660
f 3666/6589/3819 3463/6139/1083 2800/6590/3820
f 4535/5927/1757 251/402/342 250/401/341
f 3667/6591/4463 3668/6592/4465 3669/6593/4639
f 342/543/481 909/1466/1346 1093/1811/1639
f 462/740/671 1927/3256/2800 2410/4145/3405
f 1203/5746/1794 3539/6293/4525 1667/2814/2458
f 537/870/796 1546/2584/2281 3108/5252/4048
f 580/928/853 2687/6594/3703 3670/6595/4122
f 3242/5698/4258 3225/6596/4244 3243/5699/4243
f 3671/6597/4640 1263/2098/1884 1262/2097/1883
f 2313/3978/2038 1755/2971/2579 657/5293/974
f 3922/6598/4641 2044/4832/2937 5083/563/501
f 1488/6599/2205 3922/6598/4641 5083/563/501
f 1287/2144/1921 214/348/289 216/351/292
f 2686/4633/3701 1349/2230/1990 1348/2229/1989
f 1547/6600/2283 3672/6601/4642 1548/6602/2284
f 3673/6603/4224 4861/2745/2402 3207/6604/4225
f 1781/6605/2245 1521/6606/2244 2102/6607/3011
f 2485/1292/1189 1834/6608/2684 2198/1293/1190
f 3728/6609/1673 4262/5244/4041 2806/4849/3825
f 3674/6610/3106 3675/6611/4643 2317/3982/3293
f 1754/6612/2578 3676/6613/2441 4907/6614/4408
f 1973/3332/2852 2414/4154/3413 4547/3333/2853
f 2731/4703/3744 4884/6615/3724 4184/4704/3745
f 3677/6616/4644 3109/5437/4138 2280/5436/3240
f 3382/519/457 329/518/456 4286/6129/1688
f 3532/6274/3144 3531/6273/4520 2198/1293/1190
f 1536/2568/2265 1537/2570/2267 4659/6617/1775
f 3678/6618/4645 2333/1207/1112 3254/5718/4270
f 3679/6619/1239 2088/3536/2999 3680/6620/349
f 2119/3593/3027 3681/6621/4646 1737/2941/2555
f 5099/2346/2086 1412/2345/2085 2739/6622/3754
f 588/943/868 1889/3189/2748 3722/6264/4516
f 5080/6623/4647 5066/6624/3487 3682/6625/530
f 2101/111/88 264/5760/359 1231/6626/1829
f 2746/4727/2254 3627/6495/4603 2747/4728/3760
f 2759/4759/3777 3285/5772/4290 2760/4760/3778
f 3761/6627/3652 880/4610/1304 3179/5565/329
f 3683/6628/3222 2899/5017/3930 3468/6153/4461
f 2656/6629/3669 4889/6630/4648 3684/6631/3944
f 2102/6607/3011 3519/6632/4509 1870/625/563
f 3685/6633/1291 871/5051/1293 1088/1802/1630
f 5064/2588/2285 1689/2850/2489 3639/4524/3308
f 2088/3536/2999 3533/3538/347 3680/6620/349
f 3686/6634/4649 1698/2867/2504 5125/3103/2681
f 1571/6635/2317 2752/5162/3768 1911/277/222
f 1809/3062/2649 3622/6485/4597 2878/4975/3906
f 3687/6636/2142 952/1543/1413 1509/2524/2227
f 4815/1791/1620 3058/5341/2954 2841/4896/3856
f 4709/5312/3025 2356/4050/3339 2358/4052/3154
f 2655/4576/3668 3917/6637/4502 2656/4577/3669
f 3688/6638/4650 978/1595/1456 977/1594/1455
f 3786/6639/845 3689/6640/844 3787/790/721
f 4189/6641/3000 3531/6273/4520 3533/6275/347
f 1860/3151/2718 2682/6277/3697 4846/6276/465
f 3690/6642/4651 3766/5136/3993 3691/6643/1647
f 3692/6644/382 4751/2317/2061 3539/6293/4525
f 1266/2089/1876 1256/2088/1875 3693/6645/1887
f 4182/5737/1956 3694/6646/1955 4736/6647/4652
f 3117/6648/3564 3695/6649/394 2552/1304/1200
f 3696/6650/1053 5076/4894/1254 2840/4895/2714
f 4029/6009/679 4693/6010/4398 3843/6651/4653
f 3697/6652/3871 4634/1538/1270 4651/392/332
f 2689/6653/3708 3715/6654/4654 3698/6655/4537
f 3699/6656/1739 1783/6657/1297 4040/6658/1740
f 2425/4173/3424 4486/4246/3464 3294/4174/3425
f 1916/4904/2785 512/822/750 513/824/752
f 5119/1388/1276 574/1387/841 573/6659/840
f 3267/5745/4281 615/993/912 2951/6660/3976
f 4107/3962/3281 4557/6661/4655 1882/3963/724
f 5025/5647/4051 492/4357/720 1906/3221/2774
f 2800/6590/3820 3463/6139/1083 3700/6662/4656
f 4937/6663/492 3701/6664/4657 3877/6665/4215
f 3836/5466/4159 1622/2723/2381 1624/2725/2383
f 1367/6666/2017 2766/4768/3784 4153/6667/4658
f 3012/6668/4035 4997/6669/1906 3377/3889/3233
f 624/1013/929 1602/1012/928 72/81/66
f 305/482/420 4625/484/422 2247/2554/2253
f 2069/3491/2967 3710/1571/1438 1068/1757/1592
f 1724/2915/2536 1736/2937/2553 555/4982/815
f 3503/6219/4497 1390/2310/2055 1391/2312/2056
f 3702/6670/3090 3433/6077/4427 1512/5955/2230
f 465/743/674 3703/6671/4659 494/792/723
f 1047/1725/1564 3704/6672/1151 1137/1895/1709
f 2178/3712/3110 3987/6673/4660 3404/6016/4401
f 3705/6674/2373 3706/6675/3041 3563/6344/4543
f 1017/2501/1517 1018/6676/1519 4852/2502/2208
f 3707/6677/4661 3708/6678/4662 2413/4155/3410
f 1012/1655/1504 3709/6679/4663 2289/3924/3256
f 484/4282/704 2918/6680/3939 497/797/728
f 143/225/180 1113/6329/1675 3710/6681/1438
f 5043/2842/2482 2766/4768/3784 1384/5344/2046
f 3704/1249/1151 2280/5436/3240 1137/6682/1709
f 2896/5011/3927 868/5010/1289 3711/6683/3943
f 813/1305/1201 2552/1304/1200 286/6684/396
f 34/43/39 3712/6685/4664 26/34/30
f 3713/6686/4665 1491/2497/2206 3708/6678/4662
f 4068/6687/4666 3021/5254/4050 4368/6688/4560
f 4727/6689/4667 3746/6690/3853 3714/6691/4668
f 2966/6692/3994 3885/732/663 458/734/665
f 2689/4640/3708 2803/4639/3707 3715/6693/4654
f 3116/6694/4144 3716/6695/4669 3717/6696/577
f 2157/6697/3077 296/472/410 4145/6698/1399
f 1304/2169/1150 974/1675/1448 1305/2170/1939
f 1561/2614/2305 3718/6699/4670 3719/6700/4671
f 3547/3217/2770 3099/6701/4119 1903/3218/2771
f 820/1319/1214 3057/5339/4081 400/645/581
f 2394/4122/3387 2177/3709/3108 2733/4707/3747
f 3981/6702/4672 3720/6703/1536 4232/6704/4673
f 3469/6705/4462 2366/4065/2707 1238/2432/1845
f 3721/6706/4674 1592/2670/2344 708/1151/1059
f 3722/6707/4516 1554/2607/2298 3723/6708/869
f 352/560/498 3724/6709/4567 353/561/499
f 825/1326/1221 3725/6710/4675 3726/6711/4676
f 4438/335/276 5003/2720/2380 1325/4180/1965
f 3727/6712/4466 4618/3843/3205 3728/6713/1673
f 1169/6714/320 3729/6715/2367 3140/6716/4165
f 3596/6423/4574 3532/3752/3144 2237/5874/3186
f 3024/6717/4055 2197/6718/3143 3016/5241/3095
f 3730/6719/4677 2983/5177/4010 3731/6720/4678
f 3732/6721/4679 4902/6722/4680 3733/6723/4681
f 3734/6724/4682 3732/6721/4679 3733/6723/4681
f 2815/4863/3834 1194/6725/1786 1443/6726/2128
f 1984/6727/2872 633/1026/941 3123/5451/4149
f 475/6728/689 2437/4191/3436 2438/4192/3437
f 1292/2149/1925 1181/1966/1770 1854/3138/2706
f 3705/6674/2373 3563/6344/4543 4212/6729/4683
f 3251/5715/4267 3253/5717/4269 2830/4881/3846
f 3698/6655/4537 3715/6654/4654 3735/6730/4684
f 381/608/546 2659/4586/3673 2554/3148/2716
f 3736/6731/4570 2782/6732/3802 3737/6733/4685
f 820/1319/1214 4757/1938/1747 821/1320/1215
f 3107/5432/4136 2099/3557/3008 2100/3558/3009
f 4960/6734/4686 3236/5691/4254 3738/6735/3690
f 3699/6736/1739 4357/6737/4687 3739/6738/2612
f 3564/6351/4544 3740/6739/4688 3565/6352/4545
f 2614/4514/1298 5135/4343/560 875/2091/930
f 1875/3172/2733 3443/6740/4438 3741/6741/4689
f 1070/1762/1596 422/675/609 2775/2854/2491
f 279/444/383 1858/3147/2715 1328/445/384
f 1216/2020/1810 1679/6742/2476 3742/6743/4690
f 3743/6744/1839 3744/6745/4132 3481/6746/4472
f 1040/1712/1553 1741/2948/2560 3745/6747/2870
f 3746/6748/3853 2923/5609/2293 3200/5610/4220
f 3747/6749/4691 4061/6750/4692 2370/4071/3350
f 4362/6315/4532 4330/6751/4693 4003/6752/4694
f 3542/5375/4105 3082/5377/4107 3599/6753/4576
f 1870/3165/563 1872/3167/2731 2103/3564/717
f 874/1409/1296 4960/6754/4686 941/1516/1392
f 3748/6755/4695 1984/6727/2872 3749/6756/4696
f 2582/6757/3596 3750/6758/4581 4705/6759/4697
f 1658/6760/2440 1476/2468/2186 4215/6761/4698
f 662/1066/979 3751/6762/4699 1449/2406/2138
f 1949/3295/2826 3019/6763/4045 3124/3296/2827
f 3752/6764/3560 1817/6765/2658 4987/2307/2053
f 26/6029/30 2952/5112/3977 37/51/43
f 4329/6766/4700 794/1274/1174 3993/4257/3473
f 2941/6767/3967 3753/6768/4701 1104/6769/1501
f 4580/4418/3572 3754/6770/3176 2227/6771/3175
f 3755/6772/3723 3756/6773/4702 2123/6774/3035
f 960/1560/1429 317/502/440 3757/6775/3210
f 606/6776/901 3903/6777/4703 3758/6778/4704
f 770/1236/1140 769/1235/1139 754/1217/1122
f 3759/6779/4705 3790/6780/4706 3760/6781/1277
f 3761/6782/3652 2797/6783/3817 880/6784/1304
f 5016/5787/4039 518/835/763 1869/834/762
f 1718/6785/274 991/1615/1473 3762/6786/275
f 3763/6787/3485 5118/4556/3655 337/535/473
f 3412/6036/2541 3411/6035/4409 1904/6788/2772
f 1497/6789/252 2907/6790/1351 4367/6791/4064
f 2228/3800/3178 3764/6792/307 3992/3286/2821
f 3020/6793/4046 1797/3037/2628 3125/6298/4047
f 3765/6794/4707 519/6795/767 4573/6796/4584
f 2733/4707/3747 2177/3709/3108 4505/6797/4708
f 4803/5412/4126 2203/3759/3150 3977/5845/4320
f 3766/6798/3993 1558/2611/2302 3453/6120/4447
f 1269/2113/1896 763/1226/1131 3767/6799/2044
f 2240/1921/1730 472/755/686 3768/6800/906
f 2895/5009/3926 4901/6801/4372 4135/2498/2207
f 3770/4748/3770 1161/1934/1743 3769/6802/1781
f 3770/6803/3770 3769/1981/1781 689/1119/1029
f 3771/6804/4709 4692/6805/4710 618/996/915
f 2688/4637/3705 2561/4427/3576 2560/4426/1208
f 2616/4518/3634 2615/4517/3633 1392/2314/2058
f 1555/2608/2299 1563/6806/2125 2908/5028/1649
f 3772/6807/4300 4214/6808/930 3773/6809/4491
f 1935/3268/2806 1937/3271/2809 2583/3627/3049
f 4251/6810/4711 3875/1847/1669 3774/6811/2544
f 2660/4587/3674 1332/2208/1971 2466/4250/3468
f 3230/202/159 267/197/155 4454/4570/3664
f 3068/5356/4090 3506/6222/4500 3149/5502/4172
f 4811/6812/4712 275/436/375 3251/5715/4267
f 2354/4048/3337 1142/1900/1714 2250/3841/3203
f 283/453/392 3775/6813/4713 4683/5145/3998
f 283/453/392 4683/5145/3998 3776/6814/3153
f 1958/3312/2839 4578/6815/4714 3777/6816/4715
f 4881/6817/4716 105/6818/125 2107/3570/121
s 0
f 1725/2920/4717 3778/6819/4717 3849/6820/2988
s 1
f 4655/1068/981 163/253/203 564/3059/830
f 3225/6821/4244 5020/6822/4718 3779/6823/4302
f 1717/6824/2530 3780/6825/4719 3781/6826/472
f 542/876/802 3782/6827/4720 543/877/803
f 3438/6094/4434 3439/6096/4436 3783/6828/2857
f 1188/1979/1538 2876/1978/1779 3676/6829/2441
f 5115/6830/4721 3784/6831/3921 2593/4476/3606
f 3785/6832/4410 813/6833/1201 4017/6834/4722
f 2751/3548/3004 2093/3547/2843 4292/6835/4368
f 1559/2612/2303 2106/3567/3014 2523/4364/3540
f 3786/6836/845 3787/6837/721 5025/6838/4051
f 1026/1689/1533 4579/6839/4723 295/471/409
f 3497/6205/4493 3662/6204/1722 1148/6840/1721
f 3788/6841/1893 4912/6842/4724 4913/6843/2997
f 4570/5327/4080 3821/6844/4725 2002/5403/2888
f 2392/6845/3383 3969/6846/4726 5108/2309/2054
f 1443/6726/2128 3789/6847/4727 2815/4863/3834
f 2034/3437/2925 4582/6848/4728 3790/6849/4706
f 1602/2692/928 3207/6850/4225 60/88/71
f 5146/6851/2886 3206/5617/4223 3516/2695/2359
f 1589/2811/2339 1666/2813/2457 2177/3709/3108
f 2394/4122/3387 1589/2811/2339 2177/3709/3108
f 1558/2611/2302 2525/4366/3542 3366/5933/4364
f 3791/6852/634 3792/6853/4729 3793/6854/4730
f 3794/6855/4731 5117/6856/4732 3795/6857/4733
f 1433/2382/2118 1685/5175/2484 3796/6858/2432
f 3797/6859/651 4170/3594/3028 450/3200/652
f 4017/6834/4722 286/457/396 285/456/395
f 2849/4908/3864 1434/2383/2119 2176/3705/3104
f 1666/2813/2457 2120/4520/3029 3688/6638/4650
f 3743/6744/1839 792/6860/1172 3744/6745/4132
f 3798/6861/3992 1928/1610/1468 989/1612/1470
f 1007/6862/1496 436/6863/635 2308/3967/3283
f 1340/2218/1980 3729/2706/2367 241/382/322
f 1579/2648/2328 4628/6864/887 3655/2254/2011
f 3996/6865/4734 3672/6601/4642 4844/6866/4735
f 3005/6867/4029 3799/6868/2196 2387/4108/3375
f 3435/6084/4432 3577/6869/4559 3800/6870/4736
f 3136/5479/4164 3435/6084/4432 3800/6870/4736
f 3086/2332/2074 4759/6871/4110 4938/2333/2075
f 1349/2308/1990 4987/2307/2053 1350/2661/1991
f 3608/6872/4586 2998/5207/4022 2068/3490/2966
f 2033/3436/2924 4582/6848/4728 2034/3437/2925
f 2883/6873/972 4200/6874/4737 4181/4131/3394
f 2314/3979/3290 1990/3363/2878 2520/4361/3537
f 3034/5286/4067 3036/5288/2601 1472/2456/2177
f 1275/6302/1901 1276/6875/1903 4908/6301/4526
f 3094/3299/2830 1951/3300/2831 3528/6269/4518
f 2921/5043/3940 3801/6876/4738 4588/5596/4213
f 593/955/878 592/954/170 1752/2966/2576
f 5029/6877/4739 3281/5765/4288 272/432/371
f 2825/6878/3842 2655/6287/3668 150/234/188
f 1028/1691/1535 403/649/585 2537/4384/891
f 1506/2520/2224 1505/2519/2223 3802/6879/710
f 3050/6418/4079 2505/4335/3522 641/1038/953
f 433/697/631 3803/6880/4740 434/698/632
f 4364/6881/708 2123/6882/3035 2915/6883/3423
f 4380/6884/4741 3569/6361/4550 3568/6360/4549
f 1718/6785/274 1312/6885/1948 991/1615/1473
f 4997/2939/1906 2347/2938/1841 1979/3346/1907
f 2242/3823/3191 3804/6886/4742 2243/3824/3192
f 3805/6887/4743 4526/3599/1889 3217/366/306
f 2062/3478/2957 4205/6888/4744 3806/6889/4745
f 3365/6890/4229 4006/6891/2063 3807/6892/2794
f 4524/6893/4746 3365/6894/4229 3807/6895/2794
f 396/635/573 2716/4678/3732 3429/6070/4423
f 396/635/573 3429/6070/4423 397/636/574
f 1985/3356/2873 1984/3355/2872 1025/1687/1531
f 4935/6896/3704 3808/6897/3706 4108/2265/2020
f 3809/6898/987 3737/6733/4685 5071/6899/1865
f 2314/3979/3290 3810/6900/4747 1988/3361/2876
f 3075/6901/4098 293/469/407 2819/4867/3836
f 296/4739/410 943/1525/1400 4145/1524/1399
f 732/1189/1095 731/1188/1094 1029/4803/1541
f 2601/4496/3619 2370/4071/3350 2372/4073/3352
f 738/1196/1102 1723/1195/1101 3811/6902/3443
f 262/417/357 650/1052/966 746/1205/1110
f 3812/6903/4748 3813/6904/4749 3014/5238/4037
f 3812/6903/4748 3014/5238/4037 3013/5237/4036
f 2807/4852/3828 1596/4854/2352 3814/6905/2079
f 259/414/354 3283/6906/1321 3302/5295/4069
f 4222/6907/4750 4221/6908/4305 2591/1094/1004
f 1313/2181/1949 3815/6909/4751 3816/6910/4042
f 1333/4011/1972 1332/6911/1971 2051/3463/2944
f 5013/3204/2760 3817/6912/3671 1897/3205/2761
f 3818/6913/4752 3819/6914/4753 4957/6915/4754
f 2668/4602/3684 807/1294/1191 2192/3739/3134
f 2618/6916/3637 3820/6917/3384 2453/4219/3386
f 3821/6918/4725 1364/2252/2009 3299/596/534
f 2869/4958/2546 3822/6919/4755 2870/4959/2007
f 3823/6920/1830 1231/5801/1829 4221/5800/4305
f 3056/5338/3328 2897/6921/3928 1688/2849/2488
f 4918/6922/4294 2395/4643/3388 1620/6923/2378
f 4397/6924/2091 4658/6925/3965 4123/6926/3510
f 956/1554/1423 2213/4100/3159 3824/6927/4756
f 4801/6180/3197 3484/6179/4475 4980/6928/4757
f 3660/6929/1650 3825/6930/4636 1228/6931/1821
f 1315/2184/1951 4464/4258/3474 3709/6932/4663
f 2849/4908/3864 4498/6933/3767 1434/2383/2119
f 3826/6934/4758 3827/6935/4759 2075/3502/2976
f 2684/6457/3699 3826/6934/4758 2075/3502/2976
f 785/1259/1161 3828/6936/4760 783/1257/1159
f 827/1328/1223 5129/6937/3952 3725/6710/4675
f 1548/6602/2284 3672/6601/4642 3996/6865/4734
f 1234/2047/1834 3829/6938/1322 4574/6939/2388
f 1235/2048/1835 1234/2047/1834 4574/6939/2388
f 1489/405/345 1370/931/856 3211/930/855
f 1055/1735/1573 4685/6940/691 976/6941/1453
f 155/240/194 145/227/182 680/1102/1012
f 901/1452/1333 3594/6421/4467 3830/6942/4468
f 482/771/702 1417/2353/2093 402/647/583
f 5037/6943/2193 2626/3500/2974 1075/1774/1607
f 1881/6944/2739 3831/6945/1081 3832/6946/4761
f 1343/2221/1982 1699/6250/2505 3833/6947/4762
f 2206/6948/2887 5146/6949/2886 3515/6950/4507
f 2072/3496/2970 648/1050/964 4001/3497/2971
f 5057/6951/3083 748/5014/1113 2898/5016/3929
f 1219/2023/1813 1218/2022/1812 2297/3943/3272
f 2882/4984/208 2883/4985/972 167/6952/206
f 3790/6780/4706 399/644/580 3760/6781/1277
f 428/6953/621 1908/3224/2533 5071/6567/1865
f 477/763/694 3834/6954/4763 2612/4512/3631
f 1477/2469/2187 2917/5038/3938 3835/6955/4389
f 1309/2176/1944 3836/6956/4159 3265/5743/4160
f 1691/2856/2493 1692/2858/2495 3017/5243/4040
f 1687/6957/2486 1548/6958/2284 5096/6959/3681
f 1997/3371/1437 1999/3373/2882 2808/4856/3829
f 686/1116/1026 596/961/883 687/1117/1027
f 2399/4129/3393 1820/3080/2664 2268/3079/2663
f 670/6960/994 3837/6961/993 2764/6962/3781
f 1668/3305/2459 553/887/813 1955/3306/1078
f 3161/5532/4185 5147/1951/1755 3838/6963/386
f 230/369/309 2406/6964/3402 3839/6965/4764
f 4706/6966/2102 840/1159/1065 4707/1158/1064
f 3840/6967/2445 2785/2057/1844 3637/2056/1843
f 98/150/115 95/147/112 94/146/111
f 3551/6322/4533 668/1077/990 1921/3243/2791
f 3496/1016/932 4928/1015/931 4927/6968/4765
f 4925/3253/2798 4949/6969/4766 1925/3254/786
f 3814/2338/2079 1409/2340/784 2720/4685/783
f 2622/4533/235 2623/4535/3053 3841/6970/4767
f 1700/6971/2506 1702/3526/2508 2085/3528/2994
f 2381/4094/3039 4410/2894/2526 2602/2893/2525
f 2710/4670/3728 2032/3435/2923 2034/3437/2925
f 3842/6972/2448 4745/784/715 1907/783/714
f 2358/3765/3154 1508/2523/2226 1015/4287/1511
f 2120/6973/3029 3843/6974/4653 4711/6975/1457
f 3650/6552/4624 1693/6976/2497 3844/6977/2446
f 2053/3466/2946 3805/6978/4743 3845/6979/4768
f 3846/6980/4769 4174/5776/4293 3001/2933/2549
f 250/401/341 2220/3789/3170 2337/4015/3312
f 360/571/509 1790/3028/2622 358/569/507
f 4451/3609/2780 2381/3611/3039 3226/5677/3366
f 738/1196/1102 3811/6902/3443 3847/6981/1890
f 2522/4363/3539 2521/4362/3538 3407/6024/4338
f 2690/4641/3709 1384/5344/2046 2766/4768/3784
s 0
f 4770/6982/4477 3848/6983/4770 3849/6984/4771
s 1
f 414/6985/600 621/6986/921 1330/6987/1969
f 2433/4185/3432 3850/6988/4772 1496/2507/2213
f 2247/3835/2253 1390/2310/2055 2746/4727/2254
f 136/6989/171 3982/6990/4773 3851/6991/2532
f 1730/2927/2545 3765/6794/4707 3852/6992/4774
f 1730/2927/2545 3852/6992/4774 3822/6993/4755
f 4327/6994/4775 2502/4332/3519 979/6995/1459
f 1171/1493/1372 925/1492/1371 2922/4924/3874
f 2490/4306/3501 940/6996/1391 3540/6997/3245
f 2367/2665/2341 4939/6998/4776 3853/6999/523
f 2326/3996/3303 3854/7000/4777 3440/3997/3304
f 2730/7001/3743 3855/7002/4778 225/361/301
f 772/1234/1138 1138/1896/1710 769/1235/1139
f 3069/5357/4091 683/1110/1020 1222/1112/1022
f 3238/5693/4255 3856/7003/4779 1323/2198/1962
f 849/4020/1258 1593/7004/895 4154/4021/3317
f 4244/1918/1727 1152/1919/1728 4245/6545/4362
f 2977/5159/1497 2911/5031/1398 850/5160/1259
f 4442/7005/1703 4441/7006/3665 5051/7007/656
f 1391/7008/2056 2800/6590/3820 4433/7009/3078
f 624/1013/929 72/81/66 54/80/65
f 2438/5812/3437 4874/7010/4780 3306/5813/4309
f 3212/5639/4231 2022/3418/2914 3644/6543/4621
f 2747/4728/3760 3627/6495/4603 953/1544/1414
f 4294/7011/363 2299/3953/3274 3858/7012/504
f 3857/7013/364 4294/7014/363 3858/7015/504
f 988/7016/1469 4038/7017/4781 2167/7018/3094
f 988/7016/1469 2167/7018/3094 1037/1709/1551
f 1383/2297/2045 2542/4390/3556 2765/7019/3783
f 4383/7020/4782 1383/2297/2045 2765/7019/3783
f 3835/6955/4389 2917/5038/3938 4727/6689/4667
f 3835/6955/4389 4727/6689/4667 3859/7021/4783
f 230/369/309 3839/6965/4764 3820/7022/3384
f 1388/2305/2051 21/25/23 4953/27/25
f 5133/4421/3573 760/1223/1128 1446/2398/2131
f 964/1572/755 3703/6671/4659 3559/6338/4540
f 736/1193/1099 3076/5368/4099 3075/5367/4098
f 3860/7023/4784 3861/7024/4785 330/520/458
f 3862/7025/2238 3863/7026/4786 696/7027/1039
f 3864/7028/1516 4848/7029/4787 3865/7030/4788
f 4054/6151/4459 3866/1134/1044 700/1133/1043
f 493/7031/722 2110/7032/3019 492/4357/720
f 382/609/547 2553/7033/3565 2737/4713/3752
f 276/437/376 3838/447/386 503/808/738
f 4178/3385/2890 799/1279/1179 798/1278/1178
f 3866/7034/1044 1213/4817/1805 4643/7035/1045
f 2591/1094/1004 3377/3889/3233 4222/6907/4750
f 696/7027/1039 3863/7026/4786 2791/4818/3811
f 3867/7036/417 3868/7037/4789 3869/7038/4790
f 3867/7036/417 3869/7038/4790 3870/7039/4791
f 1951/7040/2831 2377/1829/1654 4143/7041/4792
f 4176/6375/233 220/252/202 162/251/201
f 3871/7042/4793 2211/3773/3158 320/505/443
f 2033/3436/2924 5033/7043/4794 4582/6848/4728
f 3872/7044/1051 3873/7045/4795 3874/7046/4796
f 3875/7047/1669 3876/7048/1671 1730/7049/2545
f 3957/5903/1754 3139/5484/3607 3877/7050/4215
f 5027/325/266 1125/1047/962 3878/7051/1986
f 3879/7052/4797 4509/6075/1636 4919/7053/4798
f 2188/3733/3130 775/1243/1145 776/1245/1147
f 4618/7054/3205 3410/7055/4407 4828/7056/4799
f 2039/3445/2930 2041/3447/2932 3009/7057/4033
f 3734/6724/4682 3733/6723/4681 3880/7058/1892
f 383/3464/548 2051/3463/2944 2928/4104/3373
f 450/719/652 3881/7059/385 451/720/653
f 3882/7060/2673 3070/5360/3568 5101/5359/4093
f 2958/7061/3983 3317/5832/588 3034/5831/4067
f 1271/2116/1897 1663/2804/2451 1272/2117/1898
f 4616/3400/2901 2206/3379/2887 2207/3408/2905
f 245/4609/330 1502/2514/2219 4758/7062/4800
f 531/861/787 1414/2348/2088 532/862/788
f 2391/4114/3381 2392/4116/3383 3250/5714/4266
f 4483/7063/2390 3883/7064/4801 1627/7065/2391
f 2702/4657/3717 530/856/782 2223/3792/3173
f 5100/1025/940 1491/7066/2206 4605/7067/4802
f 1347/2228/1988 2956/5118/3981 3408/6026/3369
f 2680/7068/3695 1347/2228/1988 3408/6026/3369
f 2966/5137/3994 3884/7069/4803 3885/7070/663
f 4823/6313/2910 3886/7071/4804 3225/7072/4244
f 1879/3177/2737 4137/3010/2610 550/884/810
f 757/1220/1125 1802/3048/2637 758/1221/1126
f 3800/7073/4736 3887/7074/4805 2285/3912/3248
f 4506/5622/1727 3778/5624/4227 2030/3433/2539
f 1640/7075/2413 816/1435/1204 4349/4530/3640
f 2898/5016/3929 2897/5015/3928 2714/4675/3168
f 1565/2622/2311 1230/2040/1827 1272/7076/1898
f 1039/1711/1552 1554/2607/2298 1040/1712/1553
f 2817/4865/2289 2816/4864/1595 5027/7077/266
f 544/4695/804 2728/4697/3740 2248/3837/3199
f 3218/5654/4234 3228/5680/1367 2140/6504/1366
f 2365/7078/3348 2874/4969/3903 2301/3957/3276
f 3527/6268/1449 3529/6270/4519 3888/7079/1450
f 4442/7080/1703 5051/7081/656 4294/7011/363
f 2066/2046/1833 892/7082/1323 1234/2047/1834
f 3394/3684/3087 3889/7083/4806 3310/3682/3085
f 3890/7084/3867 1232/2044/1831 1006/1644/1495
f 3455/2581/2278 2616/4518/3634 1392/2314/2058
f 3891/7085/4807 3892/7086/4808 3015/5239/4038
f 4217/7087/4809 3893/7088/1082 3831/6945/1081
f 1206/2005/1798 755/2004/1123 756/7089/1124
f 568/908/834 467/749/680 468/751/682
f 3894/7090/4810 4757/1938/1747 820/1319/1214
f 2675/4616/1855 429/4615/623 4267/7091/3997
f 1426/5522/2109 2357/4051/3340 2356/4050/3339
f 3513/2825/2468 4166/6369/4553 3370/5940/2861
f 3635/7092/4612 625/1017/933 2008/3393/2896
f 233/372/312 3635/6516/4612 2008/7093/2896
f 1777/3004/2605 2822/4873/3839 2432/4184/3431
f 4517/7094/4811 318/503/441 3690/6642/4651
f 618/996/915 4692/6805/4710 3026/7095/4058
f 1306/7096/1941 3895/7097/3044 467/749/680
f 1116/1857/1679 2375/4079/3357 370/590/528
f 1116/1857/1679 370/590/528 1098/1825/1651
f 3002/5217/4026 3278/5761/4286 213/347/288
f 4053/7098/4812 696/7027/1039 2791/4818/3811
f 4053/7098/4812 2791/4818/3811 1213/4817/1805
f 3644/6543/4621 3896/7099/4813 3789/6847/4727
f 3897/7100/3827 3898/7101/1621 2972/7102/3999
f 2471/4264/3446 4775/7103/2181 2465/4590/3467
f 1115/4687/1677 1536/4689/2265 4659/7104/1775
f 3899/7105/1250 1210/2012/1802 1212/2014/1804
f 3178/5561/2757 314/496/434 3900/7106/2758
f 1277/2131/1910 2452/4218/3451 3901/7107/4814
f 888/1432/1315 890/1434/1317 4255/7108/4815
f 1685/2844/2484 4511/4074/3353 2380/2780/2433
f 4054/6151/4459 4053/7109/4812 3866/1134/1044
f 3781/6826/472 1747/2958/2568 1034/1705/1548
f 4800/7110/4816 2668/4602/3684 1492/7111/2209
f 2293/3935/3265 333/523/461 4767/525/463
f 4947/7112/1430 3902/7113/2940 2082/7114/1431
f 3903/7115/4703 3437/7116/4433 4963/2677/2348
f 2645/4560/3659 1630/2741/2398 3926/5314/4075
f 2246/7117/1999 5132/7118/4392 3904/7119/873
f 1345/2225/1985 3905/7120/267 3878/2226/1986
f 464/742/673 463/741/672 2403/7121/3397
f 1981/3348/2865 1982/3350/2867 4351/7122/4817
f 261/4121/356 70/4828/81 1589/2811/2339
f 4056/1200/1106 741/1199/1105 3906/7123/4062
f 585/939/864 5014/941/866 2217/3784/3165
f 4806/2363/2100 3691/6643/1647 5140/2361/1726
f 3907/7124/4382 3376/5952/3232 3792/6853/4729
f 3737/6733/4685 3809/6898/987 2145/3651/3065
f 170/7125/209 4715/1008/925 623/1010/213
f 3908/7126/2807 2468/4253/3469 3909/7127/1180
f 3910/7128/3161 1675/2735/2392 1629/2737/2394
f 4445/7129/1776 4659/7130/1775 5079/7131/4818
f 4646/7132/3642 3911/7133/4819 1129/7134/1699
f 2989/2714/2374 2014/557/495 351/556/494
f 1552/3210/2292 1772/2996/2597 2621/2997/2598
f 660/1064/977 798/1278/1178 1140/1898/1712
f 2055/3468/2948 2057/3470/2950 1541/7135/2272
f 1540/2574/2271 2055/7136/2948 1541/2575/2272
f 3912/7137/3677 2307/5963/2897 2629/4541/3645
f 3109/6279/4138 3534/6280/4521 3110/3057/2645
f 4201/5261/4053 3913/7138/4820 2625/4537/1494
f 2709/4669/3727 2992/3934/3264 2032/3435/2923
f 1372/2270/1983 1371/2269/2022 3914/7139/510
f 1766/2987/2589 3915/7140/2965 1623/2724/2382
f 3302/5804/4069 808/1296/1192 2269/1298/1194
f 1359/2242/2001 1265/2100/1886 1256/7141/1875
f 2938/7142/1847 1966/3325/2846 1599/2687/1046
f 2753/4746/3769 3916/7143/4821 3972/7144/4822
f 3917/7145/4502 3918/7146/3545 4889/7147/4648
f 3279/7148/4287 3919/7149/4823 3216/5649/2917
f 2572/1657/1506 749/1209/1114 750/1211/1116
f 3859/7150/4783 3714/7151/4668 1001/7152/1486
f 616/994/913 4613/5515/4178 4156/4944/1033
f 4901/6801/4372 3920/7153/2533 4135/2498/2207
f 565/905/831 564/904/830 3224/5673/3072
f 3162/5534/4186 2768/4771/2754 1893/7154/2753
f 4223/3487/2963 4119/5734/4278 242/7155/323
f 2009/3396/2898 3606/3395/2396 1095/4648/1644
f 4654/4840/3821 1240/2062/1849 1239/2061/1848
f 4654/4840/3821 1239/2061/1848 2801/4841/3822
f 1448/2400/2133 5031/2516/2220 4011/7156/4824
f 2942/7157/3968 906/1458/1339 905/1457/1338
f 4259/7158/2987 3921/7159/3017 1080/7160/1615
f 1050/1904/1567 1144/1903/1546 3450/6113/4444
f 2645/4560/3659 2801/4841/3822 1239/2061/1848
f 3360/5917/4359 1455/5916/2148 4428/7161/4825
f 1948/3293/2824 1796/3036/2627 2767/4769/3785
f 3922/7162/4641 1276/2124/1903 3923/7163/3741
f 489/780/711 4771/6388/4446 2647/781/712
f 3924/7164/367 2314/3979/3290 2520/4361/3537
f 2964/5083/3963 3925/7165/4826 1263/2098/1884
f 1630/7166/2398 2215/7167/3163 3926/7168/4075
f 3927/7169/4617 430/5603/624 4216/5605/4217
f 808/1296/1192 5092/1439/1320 2286/3942/3251
f 3632/7170/4025 4565/5187/4017 3160/5186/4016
f 1047/1725/1564 1138/1896/1710 772/1234/1138
f 2031/3814/2922 2030/2919/2539 2567/4433/3580
f 349/7171/490 348/7172/489 2641/4555/3654
f 1651/2775/2428 188/2774/248 1706/2881/2516
f 2249/3838/3200 2728/4697/3740 883/1425/1309
f 2135/3631/3052 4327/6994/4775 2136/3632/792
f 136/6989/171 3928/7173/4827 3982/6990/4773
f 3635/7092/4612 2143/1637/1489 625/1017/933
f 2303/3959/3278 2605/4503/3622 2304/3960/3279
f 4290/7174/3382 3969/6846/4726 2392/6845/3383
f 4377/7175/2386 4971/7176/3731 3984/7177/4828
f 2497/7178/3509 3929/7179/4829 3930/7180/4589
f 1567/2624/2146 5116/6569/4633 3931/7181/4609
f 4566/7182/1572 3932/7183/2661 475/6728/689
f 1248/2076/1863 538/5434/797 1249/2077/1864
f 2263/3865/1233 3548/6317/4034 3933/7184/1234
f 2452/4218/3451 1729/2925/2543 3901/7107/4814
f 2749/4730/3761 3260/4327/3515 3934/7185/4830
f 1147/1909/1719 3935/7186/4831 587/942/867
f 1465/7187/2171 1560/7188/2304 3936/7189/3286
f 4927/7190/4765 1465/7191/2171 3936/7192/3286
f 4952/7193/4613 4995/7194/3990 1956/7195/2838
f 3003/5218/4027 4862/1935/1744 4762/4709/3749
f 1806/3054/2643 636/1029/944 638/1031/946
f 4049/7196/4054 2197/6718/3143 3024/6717/4055
f 3872/7044/1051 3937/7197/4832 503/5543/738
f 3938/7198/4564 3316/5829/4316 2796/2664/2340
f 1874/3171/2732 2136/7199/792 2549/4399/794
f 3939/7200/471 1312/7201/1948 1717/2901/2530
f 3468/7202/4461 4599/3867/3220 3683/3869/3222
f 261/4121/356 1589/2811/2339 2394/4122/3387
f 569/909/835 570/911/837 1431/2378/2114
f 5050/7203/2538 3940/7204/4833 4947/7205/1430
f 5050/7206/2538 4947/7207/1430 2204/7208/3151
f 3791/6852/634 3907/7124/4382 3792/6853/4729
f 3515/6950/4507 478/7209/695 2511/4345/3528
f 3918/4372/3545 4855/7210/871 2531/4373/870
f 1502/2514/2219 245/4609/330 2673/4611/1420
f 5017/7211/4834 3941/7212/2307 2332/1154/1060
f 1515/5863/2236 3333/5864/4330 3942/7213/4835
f 4625/4837/422 3943/7214/421 3666/4838/3819
f 1969/2857/2494 1887/7215/2746 3944/7216/4836
f 726/1182/1088 921/1534/1365 866/1397/1284
f 2252/3845/3207 3945/7217/4837 3946/7218/3826
f 3947/7219/4167 1070/7220/1596 3948/7221/1909
f 1771/7222/2596 3025/7223/4057 2901/5019/3931
f 604/7224/896 4494/7225/4838 4131/7226/897
f 1415/2349/2089 3894/7090/4810 820/1319/1214
f 4087/6130/325 2492/4310/3504 1255/7227/1874
f 242/7228/323 4087/7229/325 1255/7230/1874
f 1672/2823/2466 1671/2822/2465 3949/7231/3629
f 2195/3745/3139 4030/5157/4004 2694/3746/3140
f 2209/3770/3156 3950/7232/3891 3951/7233/3757
f 3952/7234/1231 3953/7235/4839 755/4563/1123
f 4390/7236/4840 4508/7237/4841 3954/7238/4842
f 1085/1798/1626 4241/7239/4843 3526/3643/3060
f 1489/2493/345 1488/2492/2205 1370/7240/856
f 2564/7241/3247 2563/7242/1659 2974/7243/2295
f 748/5014/1113 1688/7244/2488 2897/5015/3928
f 2025/3421/436 2024/3420/2107 2356/4050/3339
f 3649/6551/3901 1693/6976/2497 3650/6552/4624
f 554/888/814 2921/5043/3940 4588/5596/4213
f 3955/7245/2781 4451/3609/2780 4854/6489/4601
f 3092/7246/4113 3091/7247/3270 3956/7248/3269
f 4505/6797/4708 2177/3709/3108 4065/3710/3109
f 3701/7249/4657 2119/3593/3027 3957/1945/1754
f 3877/6665/4215 3701/6664/4657 3957/7250/1754
f 2010/7251/2531 1718/333/274 4438/335/276
f 4646/7132/3642 1129/7134/1699 2623/3633/3053
f 1785/1034/949 1784/7252/2613 640/1035/950
f 5003/2720/2380 1193/4181/1785 1325/4180/1965
f 1425/2372/2108 496/796/727 1426/2373/2109
f 3398/6000/4394 201/328/269 3958/7253/4479
f 3398/6000/4394 3958/7253/4479 3447/6107/4442
f 3694/2190/1955 2011/4415/2902 4736/7254/4652
f 378/604/542 3959/7255/4844 647/605/543
f 779/1253/1155 453/726/657 1418/2355/2095
f 3155/5516/4179 3810/6900/4747 2314/3979/3290
f 3960/7256/2609 4663/2542/2243 1781/2544/2245
f 613/991/910 5110/28/26 22/26/24
f 4286/1868/1688 3459/7257/4452 1121/1869/1482
f 905/7258/1338 3961/7259/1340 3962/7260/3586
f 3392/5989/477 212/346/287 211/345/286
f 3393/5990/4387 3392/5989/477 211/345/286
f 1154/1923/1732 604/974/896 1155/1924/1733
f 3292/7261/4299 3788/7262/1893 3772/6807/4300
f 3961/4584/1340 3963/7263/4402 1549/2592/2287
f 3964/7264/4845 621/1004/921 4809/1006/923
f 549/883/809 4295/5922/4361 2321/3987/3298
f 1600/7265/2356 1402/2329/2071 1601/5618/2357
f 2858/4933/2454 293/7266/407 1343/2221/1982
f 3965/7267/4846 464/742/673 2403/7121/3397
f 4089/7268/4847 2993/4987/3913 2884/4989/3914
f 4089/7268/4847 2884/4989/3914 3027/7269/4059
f 3405/6021/4403 2937/6073/1610 3966/7270/3211
f 3985/1472/1352 3210/7271/4184 3651/4380/3549
f 3967/7272/4848 3968/7273/3257 1686/7274/2485
f 3947/7219/4167 3144/7275/1344 1070/7220/1596
f 2360/4055/3342 2204/4054/3151 2205/5430/3152
f 2276/396/336 2278/7276/3237 4120/397/337
f 2609/4508/3627 2547/4396/3559 3969/7277/4726
f 2734/4708/3748 2735/4710/3750 4902/6722/4680
f 3732/6721/4679 2734/4708/3748 4902/6722/4680
f 2690/4641/3709 2395/4643/3388 4918/6922/4294
f 1611/2705/2366 3274/5755/3916 896/1446/1327
f 2397/4126/3391 2396/4125/3390 4875/7278/4849
f 2637/4549/3650 940/6996/1391 2490/4306/3501
f 670/7279/994 2764/7280/3781 4746/7281/4850
f 3970/7282/1142 1264/2099/1885 773/7283/1143
f 157/244/195 151/243/189 4885/451/390
f 4813/2427/2154 2000/7284/2883 1874/3171/2732
f 3971/7285/4851 1712/2891/2523 3339/5873/4337
f 1328/2204/384 1330/2206/1969 4629/7286/4852
f 5094/5659/2707 4599/3867/3220 3468/7202/4461
f 4334/2968/158 113/173/137 4335/1092/1002
f 3007/5225/4031 3972/7287/4822 539/872/798
f 3973/7288/4605 1429/2376/2112 3625/6492/4602
f 2858/4933/2454 1343/2221/1982 3833/6947/4762
f 5113/7289/4506 3514/2597/2290 3618/2550/2249
f 3645/6544/4622 2972/7102/3999 3974/7290/2991
f 703/6251/1048 3521/6253/4511 3975/7291/1049
f 3361/5253/4049 3021/5254/4050 3976/7292/4378
f 4334/2968/158 112/172/136 113/173/137
f 1946/3291/2822 1948/3293/2824 3569/6361/4550
f 3835/7293/4389 3859/7150/4783 3889/7083/4806
f 3951/7233/3757 2731/7294/3744 2209/3770/3156
f 2998/5207/4022 2069/3491/2967 2068/3490/2966
f 4061/6750/4692 3977/7295/4320 3325/7296/4322
f 3644/6543/4621 2022/3418/2914 5077/7297/4853
f 3978/7298/4854 3979/7299/3188 3980/7300/402
f 4999/5703/4259 3309/6314/4313 3241/5702/4257
f 3928/7301/4827 3981/7302/4672 3982/7303/4773
f 2941/6767/3967 606/6776/901 3753/6768/4701
f 3983/7304/4855 4158/7305/3359 4879/7306/3358
f 5141/7307/1930 2418/7308/3416 1296/7309/1230
f 2907/7310/1351 3984/7311/4828 3985/7312/1352
f 741/1199/1105 740/1198/1104 2982/5176/4009
f 3949/4510/3629 3986/7313/4856 3987/7314/4660
f 4128/5708/4261 4691/3386/2891 4132/3388/1586
f 980/1599/1460 4945/5818/4314 981/1600/1461
f 4678/7315/4857 3988/7316/3675 3580/6396/4562
f 3989/7317/4858 2501/4329/3517 4079/4331/3518
f 1671/2822/2465 2611/7318/3630 3949/7231/3629
f 3666/4838/3819 3831/6945/1081 3463/7319/1083
f 3990/7320/4859 3486/5573/4201 3991/7321/1021
f 3988/4588/3675 2466/4250/3468 2847/4906/3862
f 724/1179/1085 1630/2741/2398 2645/4560/3659
f 2075/3502/2976 3827/6935/4759 3645/6544/4622
f 3739/3086/2612 4277/7322/4860 3295/6255/4242
f 3992/7323/2821 3218/5654/4234 3630/6503/4021
f 4330/6751/4693 3993/7324/3473 4003/6752/4694
f 3360/5917/4359 4428/7161/4825 4460/7325/4861
f 822/1321/1216 380/607/545 2430/4182/3429
f 503/5543/738 3937/7197/4832 3994/7326/4862
f 2784/4804/3804 5131/2069/1856 3995/7327/4863
f 3996/7328/4734 3997/7329/3878 5096/4599/3681
f 3998/7330/4864 3999/7331/4865 4000/7332/4866
f 1369/5782/2019 2107/156/121 103/158/123
f 1406/3827/1694 1915/3234/2784 992/1616/1474
f 793/1273/1173 4524/7333/4746 3807/6513/2794
f 3657/6563/4629 4038/7017/4781 988/7016/1469
f 4001/7334/2971 583/934/859 582/933/858
f 2916/7335/3937 1290/2147/1924 1472/2456/2177
f 4002/7336/2280 2957/7337/3982 4804/7338/4867
f 2403/7121/3397 463/741/672 521/7339/772
f 4003/7340/4694 3782/6827/4720 4576/7341/4868
f 3997/7329/3878 271/431/370 270/430/369
f 414/7342/600 3288/5779/4295 4004/7343/922
f 414/7344/600 4004/1005/922 621/1004/921
f 5120/3719/3117 4005/7345/1023 1270/2110/1894
f 1982/7346/2867 4210/7347/4869 4351/7348/4817
f 3365/5627/4229 3149/5502/4172 4006/7349/2063
f 3536/6282/4522 4007/7350/4870 1256/2088/1875
f 2544/4393/3557 2368/4068/2818 2369/4070/1918
f 1156/1926/1735 1158/1928/1737 1242/2064/1851
f 4008/7351/3080 3826/7352/4758 2160/4628/3081
f 4856/4084/3361 1439/2390/2124 1438/2389/2123
f 1862/6079/2720 2017/3411/2907 3083/5378/4108
f 3862/2537/2238 3249/2536/2237 3863/7353/4786
f 2176/3705/3104 1435/2385/2120 2028/3430/2919
f 3475/6166/4470 4009/7354/4871 2821/4871/3838
f 4010/7355/3505 2493/2150/1926 1294/2152/497
f 4011/7356/4824 2233/3808/3181 2905/5023/3933
f 1448/7357/2133 4011/7356/4824 2905/5023/3933
f 2923/5609/2293 3375/7358/1617 2499/7359/3513
f 2166/3690/3093 2165/3689/3092 1253/2082/1869
f 1860/3151/2718 2755/6299/2443 1861/3152/2719
f 4502/7360/4872 2407/4141/3089 4257/4143/1836
f 836/1342/1237 835/1341/1236 3509/6230/4503
f 3836/5466/4159 223/7361/299 1622/2723/2381
f 1110/7362/1668 1715/2898/2529 1846/2897/2528
f 4289/5894/4347 3312/7363/756 3311/7364/1601
f 4463/2283/2033 1381/2285/2035 2759/4759/3777
f 3088/5387/4111 2079/3507/2980 236/375/315
f 4554/2459/2180 947/2461/1405 4012/7365/4873
f 445/713/646 2435/4189/3434 4013/7366/4874
f 3937/7197/4832 3872/7044/1051 3874/7046/4796
f 2636/4548/3649 2638/4550/3651 3947/5490/4167
f 4014/7367/4875 894/7368/4876 2856/4927/3877
f 2255/7369/3212 1078/7370/1612 4606/4773/3787
f 332/522/460 1136/1894/1708 330/520/458
f 1326/7371/1966 1193/1988/1785 1551/1987/962
f 3690/6642/4651 1811/3065/2652 3766/5136/3993
f 2989/2714/2374 3480/7372/2899 2014/557/495
f 4015/7373/4435 3599/6753/4576 3615/7374/4592
f 4015/7373/4435 3615/7374/4592 3439/7375/4436
f 4016/7376/3119 2771/4778/3791 3543/6306/3120
f 858/1379/1269 3479/1378/1268 546/6028/806
f 4680/7377/4877 324/511/449 5115/7378/4721
f 2978/4482/3610 2595/4484/3611 3697/4915/3871
f 3168/5545/4192 3493/6198/4489 3359/5914/4358
f 4017/7379/4722 2539/7380/3455 2954/6038/3979
f 3364/7381/2496 2373/6011/3354 4018/7382/824
f 3364/7381/2496 4018/7382/824 1693/7383/2497
f 671/1086/997 1070/1762/1596 2775/2854/2491
f 1214/2018/1808 2769/4774/3788 1215/2019/1809
f 2159/3673/1826 2129/7384/3040 4019/7385/4878
f 4824/2486/2200 1485/2487/2198 4568/7386/4879
f 4991/7387/4175 4020/7388/4880 3291/5784/4297
f 2770/4776/3790 2298/3944/3273 2375/4079/3357
f 1249/2077/1864 538/5434/797 4647/7389/4881
f 3657/6563/4629 1682/2838/2480 5024/2837/2479
f 2362/4058/3344 3939/4060/471 4021/7390/470
f 806/1291/1188 3531/6273/4520 4189/6641/3000
f 4022/7391/4882 816/1435/1204 1640/7075/2413
f 1810/7392/2651 3390/5414/4127 1267/5413/1888
f 4023/7393/1050 4415/7394/3448 4024/7395/4883
f 4025/7396/1873 4064/7397/4594 4026/7398/1444
f 4027/7399/4884 366/583/521 1704/2877/2512
f 2155/3668/3076 2229/3801/3179 2080/3513/2984
f 3958/6184/4479 3582/6399/4563 2711/4671/3729
f 493/791/722 2516/4354/3531 2109/3574/3018
f 364/581/519 1542/2576/2273 365/582/520
f 4028/7400/4885 3164/7401/677 4029/7402/679
f 1524/2549/2248 4030/7403/4004 4356/7404/4886
f 1244/7405/1853 4031/7406/4887 4032/7407/2116
f 5132/7408/4392 4033/7409/3639 3904/7410/873
f 1561/2614/2305 3719/6700/4671 2105/3566/3013
f 878/1416/1302 1411/2344/2084 5099/2346/2086
f 263/418/358 262/417/357 746/1205/1110
f 1316/4434/1952 2411/4148/3407 2412/4150/3409
f 241/382/322 4034/7411/2616 1932/2217/1979
f 3171/5658/3805 4035/7412/4888 5094/5659/2707
f 5039/2010/1801 4036/7413/532 1160/2011/1742
f 1048/1726/1565 2253/3847/2065 2156/1879/960
f 4594/7414/4889 2958/7061/3983 3034/5831/4067
f 3107/5432/4136 2100/3558/3009 3029/5275/4061
f 4037/7415/232 4038/7416/4781 3080/5374/4104
f 3600/4226/3453 4039/7417/2594 2786/7418/3806
f 1030/1699/1542 3723/6708/869 1031/1700/1543
f 2793/4820/3813 2794/4822/3815 4842/7419/4890
f 1632/2743/2400 730/1187/1093 732/1189/1095
f 1057/1737/1575 1159/7420/1738 4040/7421/1740
f 1095/1816/1644 3606/2739/2396 1096/1817/1645
f 3721/6706/4674 4041/7422/4891 2429/4178/3428
f 2163/3685/3088 4042/7423/4892 2408/7424/3403
f 3954/7238/4842 4508/7237/4841 1105/7425/1661
f 3954/7238/4842 1105/7425/1661 191/308/250
f 5112/7426/2418 4043/7427/4183 4044/7428/2294
f 248/847/338 4045/7429/4893 4046/7430/339
f 1290/2147/1924 1289/2146/1923 1471/2455/2176
f 3508/6226/3345 1311/7431/1946 1312/6227/1948
f 2785/5660/1844 5094/5659/2707 3469/7432/4462
f 2886/4993/3917 3661/6580/4635 2483/4288/3491
f 3815/6909/4751 4047/7433/4894 3567/7434/4548
f 1245/3383/1858 4296/7435/2337 1106/7436/1663
f 2387/4108/3375 4376/4110/3377 5009/6304/4527
f 4048/7437/4895 2403/7438/3397 521/845/772
f 1863/7439/257 923/3748/1369 4049/7440/4054
f 1871/7441/2730 2279/3896/3238 1872/6236/2731
f 2257/4928/3214 4050/7442/4896 3448/6108/4443
f 3824/6927/4756 2213/4100/3159 4901/7443/4372
f 4051/7444/4897 4143/7041/4792 4148/7445/4898
f 1485/2484/2198 1484/2483/2197 4166/6369/4553
f 4052/7446/1038 4053/7447/4812 4054/7448/4459
f 1717/6824/2530 2010/3397/2531 3780/6825/4719
f 2532/4375/3546 1750/2962/2572 3683/3869/3222
f 2265/3868/3221 2532/4375/3546 3683/3869/3222
f 4223/3487/2963 2067/3486/2962 4119/5734/4278
f 4055/7449/427 2731/4703/3744 572/4705/839
f 310/7450/428 4055/7451/427 572/7452/839
f 4720/750/681 3558/6337/753 3328/5855/4324
f 3029/5275/4061 4056/7453/1106 3906/5276/4062
f 285/456/395 2539/7454/3455 4017/6834/4722
f 4057/7455/4565 4058/7456/4899 4059/7457/4900
f 3195/6539/4214 3643/6538/4619 4060/7458/1597
f 2469/4256/3472 543/877/803 3993/4257/3473
f 4024/7459/4883 4415/5104/3448 3519/6248/4509
f 4803/5412/4126 3977/5845/4320 4061/7460/4692
f 4400/7461/4901 310/913/428 571/912/838
f 1297/2158/1931 4062/7462/4902 4791/2159/1932
f 3484/7463/4475 4063/7464/1957 1111/7465/1670
f 2393/7466/3385 449/717/650 2453/4219/3386
f 1777/3004/2605 897/1448/1329 298/474/412
f 987/2681/1467 1595/2680/2351 1480/2473/2191
f 1531/2561/2260 4260/2560/2259 2857/7467/3880
f 4026/1580/1444 4064/7468/4594 1458/2423/2151
f 3247/7469/4262 1189/7470/1780 2892/7471/3923
f 4505/7472/4708 4065/7473/3109 2933/7474/3955
f 2050/3462/2943 383/3464/548 385/7475/551
f 2335/4012/3309 2050/3462/2943 385/7475/551
f 2605/7476/3622 4066/7477/3246 4067/7478/862
f 2800/6590/3820 3700/6662/4656 4433/7009/3078
f 860/1382/1272 2600/4495/3618 972/1584/334
f 1633/2744/2401 1632/2743/2400 4068/7479/4666
f 3285/5772/4290 4973/5550/4195 2760/4760/3778
f 1570/1246/1148 737/7480/1100 777/1247/1149
f 1995/3369/2881 2268/3876/2663 913/1473/1353
f 3963/6020/4402 3162/5982/4186 3380/5959/4371
f 4069/7481/4903 3192/5593/1734 3269/5748/4282
f 2353/4047/3336 4070/7482/4904 4014/7367/4875
f 2285/3912/3248 3887/7074/4805 4071/7483/4905
f 3822/7484/4755 3938/6400/4564 2870/2249/2007
f 3247/7485/4262 597/7486/884 1189/5636/1780
f 492/4357/720 2110/7032/3019 2518/4358/3534
f 2986/5180/4013 4072/7487/4906 2921/5043/3940
f 1927/3256/2800 3100/5404/4120 159/246/196
f 2196/3750/3142 4231/7488/118 2061/3477/2956
f 4649/7489/4430 4789/7490/1728 4073/7491/1386
f 523/848/774 3928/7492/4827 136/214/171
f 1773/2998/2599 2651/4569/3663 1017/1672/1517
f 3442/6100/4437 1669/2817/2461 3669/6593/4639
f 3578/6386/4291 4074/7493/2194 3372/7494/4095
f 4298/5969/4377 4075/7495/3296 2670/4605/3686
f 1211/2013/1803 4840/6025/4405 2956/5118/3981
f 4076/7496/4907 2995/5201/3470 4455/5203/4020
f 4077/7497/1520 3667/6591/4463 2327/7498/3305
f 1761/337/278 1681/2836/2478 5047/3275/2813
f 1810/3945/2651 1010/3947/1502 3390/7499/4127
f 4125/4770/3786 4325/7500/2455 4126/7501/2456
f 2925/5056/3946 1756/2288/2037 4309/2290/2039
f 4296/7435/2337 4857/7502/1505 1106/7436/1663
f 1520/2541/2242 1156/1926/1735 1242/2064/1851
f 4078/7503/4908 3090/5389/4112 1976/3341/2859
f 925/1492/1371 3559/6338/4540 2922/4924/3874
f 2037/5848/2928 4079/7504/3518 724/7505/1085
f 1479/4210/2189 4080/7506/829 999/7507/1274
f 3005/7508/4029 221/5304/297 4081/7509/296
f 2732/7510/3746 2733/5219/3747 1218/2022/1812
f 31/40/36 554/888/814 4588/5596/4213
f 3544/7511/4528 1824/3089/2672 4162/3088/2671
f 1058/1742/1580 4071/7483/4905 2589/4471/3603
f 715/1165/1071 714/1164/1070 2116/3586/3024
f 1824/3089/2672 2772/4783/3793 3882/3090/2673
f 3135/5477/4162 2453/4219/3386 2945/5102/3971
f 379/7512/544 2072/3496/2970 2073/3498/2972
f 4082/7513/927 1400/7514/2069 1600/2690/2356
f 3390/5987/4127 3391/5988/4386 3245/5704/4260
f 3195/6539/4214 4060/7458/1597 4726/7515/4909
f 4083/7516/4604 3935/7186/4831 1147/1909/1719
f 1306/7096/1941 467/749/680 1307/7517/1942
f 3293/5788/4301 4448/651/587 3856/7003/4779
f 1505/6068/2223 3987/6673/4660 3802/7518/710
f 3788/7519/1893 3880/7520/1892 4912/7521/4724
f 1990/3363/2878 528/854/780 2702/4657/3717
f 1587/142/109 82/124/95 5110/7522/26
f 1587/142/109 5110/7522/26 613/7523/910
f 4776/6364/4551 1009/1649/1499 4084/7524/731
f 4085/7525/4910 2415/4153/3412 632/1024/939
f 3778/7526/4227 3264/1661/1507 4770/6982/2508
f 4086/7527/2460 1668/3305/2459 1954/3304/2835
f 3475/6166/4470 4492/7528/2439 4009/7354/4871
f 3817/6912/3671 4373/7529/4911 1897/3205/2761
f 4087/7530/325 701/7531/1047 753/7532/1120
f 895/1445/1326 1274/1447/1328 2792/6147/3812
f 591/953/877 590/952/876 939/1512/1388
f 298/474/412 897/1448/1329 299/475/413
f 4667/7533/4912 3761/6782/3652 2640/7534/1396
f 3425/7535/4418 2172/7536/3100 2171/7537/3099
f 4088/7538/3329 2993/7539/3913 4089/7540/4847
f 671/1086/997 1569/1088/999 3948/2130/1909
f 4090/7541/4913 2694/4646/3140 1523/7542/2247
f 764/1227/1132 4090/7543/4913 1523/2548/2247
f 400/645/581 3057/5339/4081 1983/3351/2868
f 3592/6419/4571 1052/7544/1569 3593/6420/4572
f 2601/4496/3619 4091/7545/4914 4020/7388/4880
f 2630/7546/3646 2009/3396/2898 2534/4381/3550
f 2631/2258/2015 2630/7546/3646 2534/4381/3550
f 687/1117/1027 4730/4013/3310 2335/4012/3309
f 1803/3049/2638 1838/5876/2690 1804/3050/2639
f 712/1162/1068 3806/6889/4745 3379/5956/4370
f 712/1162/1068 3379/5956/4370 2838/4892/3854
f 4092/7547/3349 2301/3957/3276 2300/3956/3275
f 2041/3447/2932 2040/3446/2931 1842/3121/1260
f 2651/4569/3663 2599/7548/3617 4096/1673/1518
f 1679/6742/2476 1216/2020/1810 4515/4986/3912
f 4093/7549/4915 679/1101/1011 4094/7550/1613
f 4934/2853/2490 3279/5762/4287 5126/7551/4176
f 3984/7311/4828 3210/7552/4184 3985/7312/1352
f 5001/7553/4916 3165/5540/4189 1059/5541/1582
f 5001/7553/4916 1059/5541/1582 5002/7554/1581
f 3712/6685/4664 2363/4061/3346 26/34/30
f 5122/7555/1680 3825/6581/4636 2886/4993/3917
f 1543/2578/2275 5122/7555/1680 2886/4993/3917
f 2432/4184/3431 2822/4873/3839 718/1168/1074
f 130/203/160 4611/4138/3400 4493/204/161
f 3878/2226/1986 1362/2246/2005 1346/2227/1987
f 2913/7556/3688 3244/3082/2666 2283/3081/2665
f 2893/5007/3924 2990/5190/4018 1261/2095/1881
f 4321/682/616 1251/2080/1867 3606/2739/2396
f 3524/6260/4514 1284/2140/1917 898/1449/1330
f 4725/638/576 3209/5625/4228 2987/5181/4014
f 175/278/223 4307/5163/4005 3839/7557/4764
f 2482/4286/3490 2875/4970/3904 3628/6498/4606
f 2893/5007/3924 1261/2095/1881 1260/2094/1880
f 1675/2830/2392 1674/2829/2472 4095/7558/2911
f 466/745/676 4760/744/675 4805/7559/1480
f 4031/7406/4887 2644/4559/3658 1913/3232/2782
f 2037/5848/2928 3989/7560/4858 4079/7504/3518
f 1491/2500/2206 4852/2502/2208 4605/7561/4802
f 2777/4794/3797 5142/4796/3799 1738/7562/2556
f 2777/4794/3797 1738/7562/2556 3603/7563/4579
f 1513/2531/2233 3140/7564/4165 3729/7565/2367
f 3899/7105/1250 844/7566/1249 1210/2012/1802
f 1018/7567/1519 4096/7568/1518 4097/7569/908
f 4098/7570/3365 4510/3111/2689 4537/5422/4131
f 2419/4163/3417 1033/1702/1545 1704/2877/2512
f 1862/3153/2720 1861/3152/2719 4099/7571/4428
f 4991/5511/4175 3291/7572/4297 3227/5679/4245
f 225/361/301 1606/2699/2106 2730/7001/3743
f 4346/616/554 386/615/553 1181/1966/1770
f 1894/3197/2755 1895/3199/2756 258/412/352
f 257/411/351 1894/3197/2755 258/412/352
f 3850/6988/4772 717/1167/1073 851/1369/253
f 3147/5500/4171 3208/6349/4226 3326/5849/4323
f 4100/7573/4917 4657/7574/4205 2493/4311/1926
f 30/39/35 4101/7575/1299 554/888/814
f 4931/3245/2792 1296/7576/1230 1922/3246/1229
f 4/6/6 7/10/10 10/13/1
f 779/1253/1155 778/1252/1154 453/726/657
f 2962/5125/3986 4102/7577/4918 602/971/893
f 4103/7578/4919 4675/7579/2336 4699/7580/2647
f 2594/4479/3608 4715/2449/925 3570/6366/4552
f 1715/2898/2529 5136/5399/3922 609/7581/904
f 68/99/79 67/98/78 70/103/81
f 2118/3592/3026 3883/7582/4801 4483/3591/2390
f 83/125/96 82/124/95 1587/142/109
f 297/473/411 299/475/413 4104/7583/2844
f 4105/7584/1756 1433/2382/2118 3796/6858/2432
f 4782/4731/3762 4814/3399/2900 3480/3398/2899
f 4106/7585/2136 4107/7586/3281 2305/7587/3280
f 1244/2066/1853 1019/5915/1522 2644/7588/3658
f 3808/7589/3706 819/1315/1210 4108/7590/2020
f 2797/4831/3817 3956/4830/3269 1221/2027/1305
f 4855/7591/871 1646/2768/2423 4109/7592/3243
f 538/5434/797 4648/5910/4356 4647/7389/4881
f 1030/1908/1542 587/942/867 3723/944/869
f 1933/7593/2442 3770/4748/3770 2755/4750/2443
f 3854/7594/4777 5144/1371/1262 3440/6097/3304
f 4835/3724/3122 4976/7595/4920 1912/3229/2779
f 863/7596/1280 5018/7597/4921 4110/7598/4922
f 4959/7599/3067 1953/3303/2834 1357/7600/1998
f 4059/7601/4900 4058/7602/4899 4592/7603/4923
f 84/126/97 4953/7604/25 92/143/110
f 1680/2835/2477 1215/7605/1809 2863/4938/3884
f 4111/7606/4924 2576/4452/3592 2245/3830/3194
f 2657/6143/3670 4012/7365/4873 3817/7607/3671
f 672/4187/998 1880/3178/2738 2434/4188/3433
f 1606/2370/2106 1350/2661/1991 4698/1183/1089
f 1273/2118/1828 20/24/22 1011/1653/1503
f 3681/7608/4646 1838/7609/2690 1803/7610/2638
f 3059/5342/4082 1696/2864/2501 1695/2863/2500
f 4858/7611/2825 1707/2884/2517 1949/7612/2826
f 4112/7613/696 1388/7614/2051 4953/7615/25
f 2131/3623/3046 3573/4356/3533 1886/3185/2744
f 2282/3902/3244 550/884/810 814/1306/1202
f 4290/4115/3382 2391/4114/3381 2820/5348/3837
f 4113/7616/2115 3954/7238/4842 190/307/249
f 1082/1794/1623 3444/7617/4439 1291/1097/1007
f 4114/7618/1213 5023/7619/1212 1734/2934/2550
f 181/7620/236 2622/4533/235 3841/6970/4767
f 1179/1964/1768 2499/4324/3513 2030/3433/2539
f 2999/7621/3966 4741/5711/1727 1483/5712/4265
f 1129/7622/1699 3258/7623/4274 1130/7624/1700
f 3383/5967/4375 3382/5966/457 4828/7056/4799
f 4073/1510/1386 4115/7625/3585 1701/2870/2507
f 194/315/256 1617/2715/2375 351/556/494
f 2646/619/557 2309/7626/1341 1553/5527/1343
f 542/7627/802 544/4695/804 2248/3837/3199
f 2749/4730/3761 3934/7185/4830 3413/677/611
f 2120/6973/3029 3883/7628/4801 3843/6974/4653
f 4618/7054/3205 4828/7056/4799 4352/7629/3206
f 1865/3158/2724 1280/2135/1913 1279/2134/1912
f 4116/7630/2101 2687/6594/3703 580/928/853
f 4669/4305/3500 4249/4307/3502 4117/7631/4925
f 685/1115/1025 684/1114/1024 1172/1954/1758
f 1000/1632/1484 3039/1506/1382 935/1505/1381
f 1300/2163/1935 2834/4887/3851 2833/4886/3850
f 4573/7632/4584 3605/5830/4317 3316/5829/4316
f 3280/302/245 1207/4702/1799 3281/7633/4288
f 3785/6037/4410 4017/7379/4722 2954/6038/3979
f 4005/1113/1023 685/1115/1025 4118/7634/3497
f 4119/7635/4278 702/7636/324 242/7637/323
f 3542/5375/4105 3599/6753/4576 4015/7373/4435
f 946/1530/1389 911/1468/1348 2713/4674/3494
f 2899/5017/3930 4471/6055/4417 3468/6153/4461
f 4120/7638/337 2665/4597/3680 2890/4998/3020
f 4121/7639/4926 4122/7640/3897 1820/3080/2664
f 2126/3607/3038 4123/7641/3510 1306/2173/1941
f 1381/2285/2035 3133/5770/4158 3285/5772/4290
f 1381/2285/2035 3285/5772/4290 2759/4759/3777
f 1807/3055/1976 944/1528/1403 1336/1527/1402
f 2633/4545/3648 2602/2893/2525 4124/7642/948
f 4125/7643/3786 4126/7644/2456 2848/4907/3863
f 3701/7645/4657 3681/7646/4646 2119/7647/3027
f 2831/4882/3847 1063/1748/875 2154/7648/3075
f 4127/7649/4927 4128/7650/4261 3248/7651/4263
f 3261/5728/4275 627/1019/935 956/1554/1423
f 3986/7313/4856 3451/6116/4445 3987/7314/4660
f 1075/1774/1607 2626/3500/2974 1076/1775/1608
f 4627/7652/4928 3016/3692/3095 1475/3694/2183
f 2270/3879/3227 809/3878/1193 4585/3917/3252
f 4129/7653/4929 2081/7654/2986 4831/7655/4056
f 1338/2215/1977 1584/2654/2333 2779/4797/3800
f 3685/1404/1291 1088/2668/1630 1420/2360/2098
f 2869/2928/2546 1730/2927/2545 3822/6993/4755
f 4130/7656/4930 2556/7657/3571 4131/7658/897
f 2433/4185/3432 1496/2507/2213 3472/6163/4469
f 1448/7357/2133 2905/5023/3933 1871/7441/2730
f 1833/3104/2682 2813/7659/3833 2814/3105/2683
f 1628/2736/2393 2155/3668/3076 2080/3513/2984
f 4538/7660/4931 1542/2576/2273 364/581/519
f 597/962/884 4132/7661/1586 1064/960/882
f 4290/7662/3382 2820/4868/3837 2610/4870/3628
f 4133/7663/2723 330/520/458 4134/7664/4932
f 3920/2908/2533 1017/1672/1517 4135/7665/2207
f 4978/7666/3132 1066/5274/1589 2191/5273/3133
f 3143/4076/3355 3363/5928/4363 3257/7667/4273
f 4891/6566/4631 4136/7668/4547 2701/6468/3716
f 3388/5984/4383 434/7669/632 3924/428/367
f 4069/7481/4903 1832/7670/2680 3192/5593/1734
f 4761/7671/4933 2005/7672/1662 2064/7673/1664
f 1843/3122/2696 4878/4322/3511 2971/688/622
f 2637/4549/3650 2490/4306/3501 4669/4305/3500
f 1130/1884/1700 3258/5725/4274 2988/7674/4015
f 1024/1685/1529 3015/5239/4038 1614/1686/1530
f 1855/3142/2710 1857/3144/2712 1484/2483/2197
f 1176/2482/1765 1855/3142/2710 1484/2483/2197
f 421/674/608 5036/694/628 4137/7675/2610
f 2241/7676/3190 4833/7677/4934 318/503/441
f 338/7678/474 8/11/11 4138/7679/4935
f 4047/7433/4894 4164/5992/4388 4139/7680/2067
f 2610/4509/3628 3986/7313/4856 3949/4510/3629
f 1706/7681/2516 3019/6763/4045 1949/3295/2826
f 1707/2884/2517 1706/2883/2516 1949/7612/2826
f 1462/7682/2165 3634/6467/4590 1463/7683/2166
f 4140/7684/1745 3841/6970/4767 1575/2641/2323
f 2426/4175/3113 3222/3422/2916 4141/7685/435
f 3648/6549/4623 1036/1363/1255 5076/1362/1254
f 3696/6550/1053 3648/6549/4623 5076/1362/1254
f 1451/7686/2141 1371/7687/2022 1373/5320/2023
f 4142/7688/3960 1528/7689/2256 1527/7690/2255
f 3664/6585/4637 2834/7691/3851 835/1341/1236
f 4038/7017/4781 4037/289/232 180/288/231
f 3529/6270/4519 4143/7692/4792 4051/7693/4897
f 4113/7616/2115 4390/7236/4840 3954/7238/4842
f 3845/7694/4768 228/365/305 2226/5494/3177
f 3754/3796/3176 3845/6979/4768 2226/3797/3177
f 4629/7695/4852 4981/7696/2251 1003/1638/1018
f 442/708/641 2973/5147/4000 2007/3391/2894
f 2427/4176/3426 2478/4273/3482 2428/4177/3427
f 1275/2122/1901 5006/7697/4936 4211/2123/1902
f 4144/7698/2633 4145/7699/1399 4494/7225/4838
f 4146/7700/4937 1745/2955/2566 598/7701/885
f 498/1286/729 1658/2792/2440 4147/7702/4237
f 3878/7051/1986 1125/1047/962 1362/5983/2005
f 4148/7703/4898 3044/5313/4074 1742/2951/2563
f 204/331/272 2892/7704/3923 4465/7705/4938
f 219/354/295 4149/7706/4939 1977/3342/2860
f 2178/3712/3110 1672/2823/2466 3987/6673/4660
f 956/1554/1423 2894/7707/3925 3261/5728/4275
f 4215/7708/4698 4150/7709/2081 3631/7710/4530
f 2218/3785/3166 3546/7711/4531 3925/7165/4826
f 3057/5339/4081 822/1321/1216 2736/4712/3751
f 1358/2241/2000 4151/7712/4940 1265/2100/1886
f 2424/6327/3421 4152/7713/4348 3118/7714/3422
f 4018/7382/824 2373/6011/3354 2761/6012/825
f 1591/2667/2343 4525/7715/4941 4939/6998/4776
f 3821/6918/4725 2480/4277/3484 1364/2252/2009
f 2542/4390/3556 4312/7716/4942 4153/7717/4658
f 4154/7718/3317 4155/7719/970 2836/7720/3584
f 1931/3262/1032 2488/3261/2804 4156/7721/1033
f 3518/7722/4508 4157/7723/4943 4158/7724/3359
f 3519/6632/4509 2947/623/561 1870/625/563
f 4159/7725/4944 4104/3321/2844 2091/3545/3003
f 4160/7726/4945 959/6363/1428 684/1114/1024
f 1480/2473/2191 1595/2680/2351 3971/7285/4851
f 4161/7727/2469 3370/3343/2861 495/6114/725
f 1833/3104/2682 2182/5041/3121 2813/7659/3833
f 4794/7728/4946 4162/7729/2671 3078/5371/4102
f 1454/7730/2147 4521/7731/4424 2778/7732/3798
f 3637/6520/1843 1238/7733/1845 1460/3367/2159
f 4163/7734/1441 5137/7735/4947 4774/7736/4948
f 577/922/847 5084/7737/4949 4397/2351/2091
f 989/1612/1470 988/1611/1469 1036/1363/1255
f 3133/5770/4158 1381/2285/2035 635/3514/943
f 4023/7393/1050 4024/7395/4883 4663/7738/2243
f 3963/7263/4402 1204/2000/1795 2904/5022/3932
f 3317/652/588 4448/651/587 3035/7739/4068
f 1118/1856/1678 2770/4776/3790 1116/1857/1679
f 4570/5327/4080 349/7171/490 3821/6844/4725
f 3988/4588/3675 2847/4906/3862 2846/4905/3861
f 3580/6396/4562 3988/7316/3675 2846/7740/3861
f 3439/7741/4436 1661/7742/2447 4785/5115/239
f 4139/2325/2067 4164/7743/4388 4165/7744/3962
f 4139/2325/2067 4165/7744/3962 2964/5133/3963
f 1466/4223/2172 2455/4222/2231 1467/7745/2173
f 4166/7746/4553 3867/7036/417 3370/3343/2861
f 4066/7747/3246 4167/7748/4556 2562/4428/3577
f 2293/3935/3265 4767/525/463 1802/3048/2637
f 1734/2934/2550 4518/2936/2552 4168/7749/1537
f 4316/206/163 3279/7750/4287 4190/3585/2121
f 2881/4981/3911 185/299/242 333/523/461
f 245/7751/330 3350/7752/4349 4169/7753/331
f 3030/5277/4063 1647/2769/2424 3564/6351/4544
f 3930/7180/4589 3929/7179/4829 5128/7754/4950
f 4598/7755/285 4170/7756/3028 3797/718/651
f 3870/7039/4791 4078/7503/4908 1976/3341/2859
f 2494/4314/2184 2422/4167/1063 4171/7757/1062
f 2878/4975/3906 599/967/889 4172/7758/4951
f 824/1325/1220 5151/1324/1219 4802/7759/4125
f 2319/7760/3295 2318/7761/3294 533/863/789
f 4580/4418/3572 4173/7762/2820 2191/5273/3133
f 2567/4433/3580 2030/2919/2539 1726/2921/2268
f 1535/2567/2264 4769/7763/4952 2219/5991/3167
f 3669/7764/4639 3734/6724/4682 3880/7058/1892
f 1065/1752/1588 1066/1754/1589 2635/4547/2163
f 3687/6636/2142 137/217/174 155/240/194
f 1840/3119/2694 4059/7765/4900 1841/3120/2695
f 4174/7766/4293 256/410/350 3002/5217/4026
f 2439/4193/3438 3393/5990/4387 2440/4194/3439
f 3007/5225/4031 4175/7767/4953 4818/7768/4954
f 1606/2699/2106 726/2007/1088 1207/2006/1799
f 1977/5107/2860 330/520/458 4133/7663/2723
f 1046/1724/1379 3704/6672/1151 1047/1725/1564
f 4176/7769/233 4177/7770/4955 220/7771/202
f 212/346/287 3001/5216/2549 213/347/288
f 3262/5731/4276 2894/5008/3925 1690/2855/2492
f 1317/2187/1953 783/1257/1159 1318/2188/1954
f 26/6029/30 4092/7547/3349 2300/3956/3275
f 4937/554/492 3877/7772/4215 350/555/493
f 4178/7773/2890 4925/3253/2798 799/3112/1179
f 2540/7774/3457 3566/7775/4546 3818/6913/4752
f 3715/6654/4654 4532/7776/4956 3735/6730/4684
f 338/7678/474 4138/7679/4935 4179/7777/475
f 839/7778/1242 3498/6206/4494 3497/6205/4493
f 1739/2946/2558 600/968/890 2598/4492/3615
f 4524/7779/4746 793/7780/1173 792/6860/1172
f 1049/1727/1566 1972/3331/2851 4180/7781/4957
f 4181/7782/3394 2882/259/208 173/273/218
f 1319/642/578 4182/7783/1956 4584/643/579
f 5121/2598/2291 1899/7784/2765 1552/2599/2292
f 4183/7785/4958 405/653/589 1153/1922/1731
f 1421/1873/1421 2279/7786/3238 645/1043/958
f 5090/1871/1690 1123/1872/1691 4304/3061/2648
f 700/1133/1043 4643/1135/1045 2789/7787/2557
f 4184/7788/3745 4884/7789/3724 791/7790/1169
f 889/1844/1316 4926/4919/3872 1110/1845/1668
f 291/3711/404 4140/1936/1745 4862/1935/1744
f 1743/1715/1556 1042/1714/1555 2726/4694/3198
f 4742/722/655 1149/1913/1723 1167/1944/1753
f 4185/7791/2764 2741/4718/3250 3425/7792/4418
f 3223/5671/4241 3118/6405/3422 2152/5672/3073
f 56/83/68 5052/106/84 4572/1420/1306
f 2834/4887/3851 4128/7650/4261 2835/4888/3852
f 4186/7793/1266 856/7794/1265 3578/7795/4291
f 4186/7793/1266 3578/7795/4291 3372/5364/4095
f 195/318/259 4677/320/261 3673/7796/4224
f 1673/2824/2467 1672/2823/2466 2178/3712/3110
f 2369/4070/1918 2292/4069/3263 4735/7797/4959
f 2083/3522/4134 4734/5427/3530 1133/6257/1704
f 4538/7660/4931 4187/7798/4960 1542/2576/2273
f 3844/2799/2446 363/580/518 3578/6386/4291
f 736/1193/1099 3075/5367/4098 3492/6197/4488
f 2047/3457/2939 2046/3456/1602 4188/7799/4961
f 1640/2757/2413 4349/7800/3640 4189/7801/3000
f 4190/7802/2121 3279/7803/4287 4171/7804/1062
f 4190/5419/2121 4171/1156/1062 710/1155/1061
f 1563/2391/2125 1151/1915/1725 2908/7805/1649
f 1121/1869/1482 998/7806/1481 4191/7807/4962
f 5141/7307/1930 4192/7808/2582 3592/7809/4571
f 868/5010/1289 4193/7810/1288 4194/7811/3941
f 2834/7691/3851 3664/6585/4637 4691/7812/2891
f 3541/6300/917 2955/7813/3980 3204/5614/4222
f 4824/2486/2200 3367/2579/2276 1177/1962/1766
f 987/7814/1467 2783/7815/3803 4548/3874/3225
f 4187/7798/4960 3338/7816/4336 4635/2577/2274
f 478/2697/695 1604/2696/2360 4112/7613/696
f 2706/4662/3722 76/114/91 73/108/85
f 4195/7817/4963 2221/3790/3171 857/1377/1267
f 3085/5381/4109 2498/4323/3512 3346/5889/4343
f 2591/4473/1004 4221/5800/4305 263/418/358
f 2851/4914/3870 2287/3918/3253 2978/4482/3610
f 2908/1823/1649 3452/1822/1648 3743/2052/1839
f 3321/1864/1684 1119/1863/1683 2650/4568/3662
f 4196/7818/3475 3621/2726/2384 4197/7819/254
f 2779/4797/3800 2949/5109/3974 2780/4798/3801
f 5137/7820/4947 4198/7821/4964 720/3094/1076
f 2769/7822/3788 4467/7823/4965 4849/5074/3959
f 819/1315/1210 4199/7824/3893 4108/7590/2020
f 1102/1831/1656 2078/3505/2979 3341/1832/1657
f 1109/1843/1667 1108/1842/1666 1592/2670/2344
f 1629/2737/2394 5145/3929/3261 3910/7128/3161
f 5128/7825/4950 4951/5366/4097 352/7826/498
f 3590/6416/2635 451/720/653 1801/7827/2636
f 599/7828/889 2456/7829/888 187/7830/247
f 4043/7427/4183 1553/7831/1343 4044/7428/2294
f 655/1058/971 4200/7832/4737 2883/1059/972
f 1298/2160/826 4201/7833/4053 2624/578/516
f 363/580/518 1298/2160/826 2624/578/516
f 3723/6708/869 1554/2607/2298 1031/1700/1543
f 929/1497/1376 3749/6756/4696 930/1498/1377
f 258/7834/352 1895/7835/2756 1579/2648/2328
f 3763/4278/3485 2643/4558/3657 3652/6554/4625
f 556/890/816 877/1415/1301 482/771/702
f 4138/7679/4935 3814/7836/2079 4202/7837/1905
f 5150/5846/4321 2189/3734/3131 1946/3291/2822
f 2470/4260/1782 2342/4023/3319 2341/4022/3318
f 2584/4461/3048 4979/7838/4019 3750/6445/4581
f 3402/7839/2416 1641/6559/2415 4203/7840/4966
f 931/4437/1378 1708/2885/2518 2157/6697/3077
f 4231/7841/118 4204/7842/4967 4205/7843/4744
f 4206/7844/1115 3441/4032/3324 2346/4031/3323
f 4238/7845/2567 4303/7846/4578 4207/7847/4968
f 3286/7848/4292 3477/7849/3059 4208/7850/778
f 1649/2771/2426 4209/7851/4969 1647/2769/2424
f 4972/7852/4970 1646/7853/2423 4210/7854/4869
f 4211/7855/1902 4212/7856/4683 3923/4698/3741
f 4213/7857/4971 227/363/303 539/872/798
f 2479/7858/3483 1325/2201/1965 1327/2203/1967
f 1426/5522/2109 2356/4050/3339 2024/3420/2107
f 646/7859/961 2157/6697/3077 4145/6698/1399
f 39/56/46 131/7860/165 189/306/164
f 4214/7861/930 3496/6202/932 3773/6201/4491
f 3492/7862/4488 3075/6901/4098 2819/4867/3836
f 144/226/181 146/228/183 2069/3491/2967
f 5053/910/836 2397/4126/3391 570/911/837
f 2334/4523/3223 1847/7863/2700 5021/2589/2282
f 1191/1985/1008 1854/3138/2706 1192/1986/1784
f 3273/5754/3033 3229/5681/4246 3217/5653/306
f 1731/2929/2547 1732/2930/985 3351/5899/984
f 3545/6309/4529 4215/7864/4698 3631/6310/4530
f 3163/5535/4187 3864/7028/1516 4922/5536/4188
f 2295/7865/3268 4216/7866/4217 4435/7867/4972
f 4323/7868/4973 2541/7869/3554 4957/7870/4754
f 1318/2188/1954 4418/4136/3398 1411/2344/2084
f 3893/1176/1082 4217/7871/4809 4246/426/365
f 1346/2227/1987 1362/2246/2005 2774/2248/2006
f 2524/4365/3541 2523/4364/3540 4183/7785/4958
f 4218/7872/4974 4219/7873/4483 4021/532/470
f 1954/3304/2835 4220/7874/963 3959/7255/4844
f 3276/5758/2041 2773/842/770 704/3921/1052
f 4987/2307/2053 5108/2309/2054 3752/6764/3560
f 1844/7875/2697 4221/7876/4305 4222/7877/4750
f 1078/7370/1612 2144/3650/3064 2769/4774/3788
f 2125/3605/3037 2126/3607/3038 4710/2172/1940
f 4283/2979/2585 1922/2003/1229 1206/2005/1798
f 3204/7878/4222 2955/5116/3980 3638/6524/4614
f 4223/7879/2963 2958/7880/3983 5081/7881/4975
f 3170/7882/4194 3103/3777/3160 3910/3778/3161
f 2983/5177/4010 4086/2816/2460 3731/6720/4678
f 3668/6592/4465 2450/4214/3450 3271/5751/4284
f 4638/7883/4620 4224/7884/524 368/7885/526
f 2932/5067/3954 3097/5396/4116 3096/5395/4115
f 4112/765/696 4953/7604/25 84/126/97
f 4856/5951/3361 3342/5882/4339 3520/6249/2099
f 4583/3072/2656 4125/7643/3786 2848/4907/3863
f 845/1359/1251 1458/7886/2151 846/1360/1252
f 1167/1944/1753 2076/3503/2977 3560/6340/4137
f 1944/2712/2372 3706/3616/3041 3705/2713/2373
f 2393/7466/3385 447/715/648 449/717/650
f 4225/7887/900 1087/7888/1629 3437/7889/4433
f 4225/7887/900 3437/7889/4433 3903/6777/4703
f 4021/532/470 3781/534/472 4226/7890/3763
f 4227/7891/764 3756/6773/4702 3755/6772/3723
f 4246/426/365 5093/3718/3116 3893/1176/1082
f 2949/5109/3974 1973/3332/2852 1972/3331/2851
f 3689/6640/844 2516/4354/3531 3787/790/721
f 177/282/227 229/4077/308 3143/4076/3355
f 4798/3401/265 3905/7120/267 1345/2225/1985
f 2876/1978/1779 4228/7892/1512 3676/6829/2441
f 4041/7422/4891 2990/5190/4018 4229/7893/4976
f 4230/7894/3879 4654/4840/3821 2802/4842/3823
f 911/1468/1348 1468/1469/1349 2662/1799/1627
f 2596/4490/3614 4231/7895/118 2196/4488/3142
f 4512/5400/4118 4430/7896/4977 4203/7840/4966
f 3720/7897/1536 1188/7898/1538 4232/7899/4673
f 4233/7900/4978 2387/4108/3375 5009/6304/4527
f 2687/7901/3703 4790/5408/3702 3670/5407/4122
f 4237/4233/3458 2325/3995/3302 1705/2879/2514
f 4234/7902/4979 652/1054/968 4235/7903/4980
f 4236/7904/2296 4886/7905/4981 4892/7906/4982
f 2927/2154/1928 933/1502/1152 934/1504/1380
f 3315/3926/3258 1959/3314/2840 1961/3316/2842
f 318/503/441 2185/3727/3125 319/504/442
f 4542/7907/2513 3653/6557/2982 4237/7908/3458
f 1595/2680/2351 1712/2891/2523 3971/7285/4851
f 2708/4668/3726 4042/7423/4892 2163/3685/3088
f 1522/2546/2246 934/1504/1380 1046/1503/1379
f 4238/7909/2567 4239/7910/4983 1746/964/886
f 4325/2808/2455 35/44/40 28/37/33
f 1834/6608/2684 4513/3647/3063 2198/1293/1190
f 5143/7911/1286 694/1126/1036 693/1125/1035
f 1123/1872/1691 693/1125/1035 509/819/747
f 1321/2196/1960 4986/2195/1959 3357/4112/3379
f 4700/4976/3907 2878/4975/3906 4680/7912/4877
f 2518/4358/3534 2671/7913/3260 2913/7914/3688
f 3620/6481/4595 1764/575/513 362/577/515
f 3857/4290/364 3858/7915/504 2484/4291/3321
f 4240/7916/4984 3791/6852/634 3793/6854/4730
f 3781/6826/472 1034/1705/1548 4226/4733/3763
f 3773/6201/4491 5011/6203/4492 3756/6773/4702
f 4241/7917/4843 392/7918/568 3526/7919/3060
f 2882/4984/208 4181/7920/3394 3570/7921/4552
f 2882/4984/208 3570/7921/4552 1787/3019/2614
f 180/2298/231 5034/7922/4083 1384/2299/2046
f 4242/7923/4985 904/1456/1337 1452/2411/2143
f 4243/7924/3016 1801/3047/2636 2108/5331/1017
f 3048/7925/4077 3418/6047/3032 3049/6049/4078
f 4100/7926/4917 4514/1303/1199 4657/5578/4205
f 1525/7927/2250 3618/7928/2249 3619/7929/4593
f 2418/4162/3416 3593/6420/4572 3952/1336/1231
f 4976/7930/4920 4244/7931/1727 4245/7932/4362
f 1355/2236/1996 1174/1959/1763 1177/1962/1766
f 2607/4506/3625 1606/2699/2106 1605/2698/2361
f 2058/7933/2951 3564/6351/4544 4246/7934/365
f 4217/7087/4809 2058/7935/2951 4246/7936/365
f 4247/7937/4326 2689/6653/3708 3698/6655/4537
f 1248/7938/1863 743/869/795 538/871/797
f 3931/6510/4609 5116/7939/4633 4623/7940/150
f 4325/7500/2455 4125/4770/3786 1795/3035/2626
f 4968/6149/4458 4109/3901/3243 2281/3900/3242
f 4248/7941/3794 1087/7942/1629 4225/978/900
f 1642/2761/2417 2186/7943/3126 1464/7944/2170
f 4950/2446/2169 1642/7945/2417 1464/2447/2170
f 1677/2832/2474 2008/3393/2896 627/1019/935
f 1190/1982/531 1451/2409/2141 2470/1983/1782
f 1032/1701/1544 1031/1700/1543 1529/2558/2257
f 1619/2717/2377 1618/2716/2376 1673/2824/2467
f 4742/722/655 1167/1944/1753 3305/5810/4308
f 439/704/638 3388/5984/4383 3924/428/367
f 441/707/640 2973/5147/4000 442/708/641
f 4249/7946/3502 288/3907/399 907/1464/1345
f 718/1168/1074 3850/6988/4772 2433/4185/3432
f 4250/7947/4986 1763/2983/2586 1764/2985/513
f 4801/7948/3197 4980/7949/4757 4251/7950/4711
f 4620/4027/3101 617/995/914 2174/997/916
f 4583/3072/2656 2848/4907/3863 1816/3073/2657
f 1176/2482/1765 4252/7951/4987 1855/3142/2710
f 420/673/607 5036/694/628 421/674/608
f 2859/4934/3881 3833/6947/4762 445/7952/646
f 2038/3444/2929 196/319/260 843/1356/1248
f 2007/3391/2894 4253/7953/2214 4241/7954/4843
f 219/354/295 218/353/294 4254/7955/4988
f 1478/2470/2188 1477/2469/2187 3835/6955/4389
f 1478/2470/2188 3835/6955/4389 3395/7956/4390
f 2774/4788/2006 4144/4787/2633 604/974/896
f 4255/7957/4815 2334/4009/3223 2333/4008/1112
f 5117/6856/4732 3219/1160/1066 4256/7958/1010
f 4503/6372/4555 4257/7959/1836 3574/6373/1838
f 3586/2120/1899 2850/4909/3865 980/1599/1460
f 5116/7939/4633 4503/6372/4555 1791/2466/2185
f 3657/6563/4629 5024/2837/2479 4038/7017/4781
f 1550/4101/2288 3360/7960/4359 4460/4102/4861
f 4858/3294/2825 3124/3296/2827 4258/7961/4989
f 1611/7962/2366 1146/4990/1718 3274/4992/3916
f 1940/3277/2815 4259/7963/2987 1080/3278/1615
f 645/1043/958 3704/1249/1151 1295/1044/959
f 410/659/595 2506/4336/3523 3141/5486/4166
f 778/7964/1154 2238/3819/3189 4766/7965/658
f 3583/6402/4566 3584/6403/4557 3575/7966/4558
f 666/1073/986 3583/6402/4566 3575/7966/4558
f 2208/5382/3155 1012/1655/1504 3950/4951/3891
f 4260/7967/2259 2858/4933/2454 2857/4932/3880
f 2054/3467/2947 483/772/703 1028/1691/1535
f 4261/7968/4990 1240/2062/1849 4654/4840/3821
f 2763/4763/2076 4621/4263/2013 5105/4764/3780
f 3875/7047/1669 1730/7049/2545 3774/7969/2544
f 3479/6170/1268 2678/4619/3692 975/1591/1452
f 1546/2584/2281 4002/2583/2280 4804/7970/4867
f 3718/6699/4670 1050/1904/1567 3719/6700/4671
f 2322/3988/3299 815/1307/1203 814/1306/1202
f 2282/3902/3244 1639/7971/2412 1723/2914/1101
f 2707/4667/3725 3587/6409/4568 4819/1270/1170
f 3119/5447/4145 3118/5446/3422 3130/5462/4156
f 1690/2855/2492 2895/5009/3926 3654/6558/4627
f 5093/6140/3116 2522/7972/3539 3464/6141/4455
f 3728/6713/1673 4618/3843/3205 4262/7973/4041
f 855/1374/1264 3985/1472/1352 3651/4380/3549
f 2723/7974/2642 4263/7975/2641 2724/4525/3636
f 2361/7976/3343 1581/2651/2330 2608/4507/3626
f 2744/4725/3759 4106/7585/2136 2305/7587/3280
f 2366/4065/2707 4264/7977/2709 3318/5834/4043
f 4162/7729/2671 5101/5359/4093 3078/5371/4102
f 390/627/565 4622/7978/4991 265/7979/360
f 4265/7980/4992 4266/7981/4510 3157/5519/4182
f 2897/5015/3928 3056/4039/3328 3517/4038/3327
f 4030/7403/4004 1524/2549/2248 1523/2548/2247
f 3995/7982/4863 2675/7983/1855 4267/7984/3997
f 1225/2031/1818 3314/5824/4315 4550/3515/2985
f 4268/7985/4100 2236/3815/3185 4269/7986/4993
f 3063/7987/4086 2172/7536/3100 389/626/564
f 3063/7987/4086 389/626/564 391/628/566
f 2546/4395/3558 263/418/358 746/1205/1110
f 4270/7988/4994 4271/7989/4608 546/880/806
f 4272/7990/2201 3138/5481/2145 3137/5480/3756
f 4273/7991/2404 1385/2300/2047 4274/7992/4203
f 1419/2356/2096 2708/4668/3726 2163/3685/3088
f 3523/6259/4513 2083/3522/4134 1133/6257/1704
f 3406/6023/4404 4275/7993/4995 4276/7994/4996
f 3817/6912/3671 947/7995/1405 4373/7529/4911
f 2133/7996/3050 1313/2181/1949 3816/6910/4042
f 1255/7227/1874 2492/4310/3504 2969/5140/3995
f 1960/3315/2841 2859/4934/3881 445/7952/646
f 872/1407/1294 874/1409/1296 941/1516/1392
f 316/501/439 4277/7997/4860 3434/7998/4431
f 4152/7713/4348 3311/7999/1601 3130/8000/4156
f 3173/6017/4196 3404/6016/4401 4470/6067/4421
f 1887/7215/2746 1987/3359/2745 3944/7216/4836
f 1478/2470/2188 3395/7956/4390 3022/2342/2082
f 4705/6759/4697 4946/8001/4583 3940/8002/4833
f 2232/3804/2964 1684/2843/2483 1493/2504/2210
f 2287/3918/3253 861/1391/1278 2978/4482/3610
f 3372/5943/4095 2416/5945/3414 4501/8003/4240
f 3332/8004/4329 4541/1251/1153 2740/4717/3755
f 3907/7124/4382 3933/8005/1234 3376/5952/3232
f 5001/7553/4916 1463/7683/2166 3165/5540/4189
f 4562/8006/4997 4278/8007/1762 4261/7968/4990
f 4279/8008/4481 4280/8009/4480 862/1392/1279
f 4936/8010/740 3681/8011/4646 3701/8012/4657
f 4241/7954/4843 4253/7953/2214 392/8013/568
f 4281/8014/4998 2582/6757/3596 4705/6759/4697
f 1879/3177/2737 2282/3902/3244 1722/2913/2535
f 1880/3178/2738 1879/3177/2737 1722/2913/2535
f 5095/8015/4632 1487/8016/2202 4502/7360/4872
f 4288/8017/4999 4934/8018/2490 1924/8019/2797
f 3828/6936/4760 3965/8020/4846 4418/4136/3398
f 3572/8021/4554 3918/7146/3545 3917/7145/4502
f 2482/4286/3490 2487/4295/3493 2398/4128/3392
f 2288/8022/3255 3951/7233/3757 3950/7232/3891
f 3321/5841/1684 1920/3241/2790 4282/8023/1682
f 2724/8024/3636 985/5651/1465 2722/5650/3738
f 347/8025/488 349/7171/490 4570/5327/4080
f 2994/5199/2793 1922/8026/1229 4283/8027/2585
f 4160/8028/4945 4284/8029/2322 959/1559/1428
f 2345/4030/3322 4285/8030/5000 2805/8031/3824
f 3919/7149/4823 2722/5650/3738 3216/5649/2917
f 3836/5466/4159 1624/2725/2383 3189/5467/4028
f 4828/7056/4799 4286/8032/1688 4352/7629/3206
f 526/851/777 4287/8033/5001 4288/8034/4999
f 1477/2469/2187 1476/2468/2186 2918/5039/3939
f 4289/8035/4347 3177/8036/785 1409/8037/784
f 4968/6149/4458 2281/3900/3242 711/8038/1067
f 4290/8039/3382 2609/4508/3627 3969/7277/4726
f 3854/7594/4777 2378/4088/3363 5144/1371/1262
f 3305/5810/4308 3560/6340/4137 3107/5811/4136
f 4722/6289/4524 4103/8040/4919 4045/7429/4893
f 194/8041/256 4708/3749/697 923/3748/1369
f 1558/2611/2302 1557/2610/2301 2525/4366/3542
f 930/1498/1377 4291/8042/2871 1709/8043/2519
f 2751/4742/3004 4292/8044/4368 2752/4743/3768
f 3123/8045/4149 3122/8046/4148 2354/4048/3337
f 3945/7217/4837 1526/2553/2252 3946/7218/3826
f 543/877/803 4293/8047/5002 544/878/804
f 14/17/15 23/31/28 13/16/14
f 1005/1642/1493 1965/8048/2845 1964/2059/1846
f 2626/3500/2974 1005/1642/1493 1964/2059/1846
f 1297/2158/1931 3135/5477/4162 4062/7462/4902
f 1408/2339/2080 3055/8049/757 1409/2340/784
f 4737/3899/3241 711/8038/1067 2281/3900/3242
f 3655/6560/2011 2763/2334/2076 4938/2333/2075
f 1580/2649/2329 3655/2254/2011 4938/8050/2075
f 3181/4885/3849 5098/8051/4200 4821/8052/5003
f 5042/3069/362 4442/5549/1703 4294/8053/363
f 4284/8029/2322 4903/679/613 959/1559/1428
f 5036/694/628 4295/8054/4361 548/8055/808
f 4296/8056/2337 1023/8057/1527 373/5531/536
f 977/1594/1455 4711/1596/1457 4065/3710/3109
f 3849/8058/3231 3848/1509/1385 938/1511/1387
f 3480/3398/2899 4616/3400/2901 2014/3407/495
f 3932/7183/2661 2437/4191/3436 475/6728/689
f 4591/8059/5004 1264/2099/1885 3970/7282/1142
f 824/4826/1220 3747/6749/4691 2600/4495/3618
f 5017/7211/4834 4234/7902/4979 4958/8060/5005
f 3412/2922/2541 3499/8061/4495 658/1062/975
f 4297/8062/3898 3148/5503/3900 3149/5502/4172
f 3901/7107/4814 3467/6152/4460 1278/2132/1911
f 831/2995/1227 561/896/822 876/8063/1300
f 1330/6987/1969 621/6986/921 3964/8064/4845
f 1560/2613/2304 1051/8065/1568 3718/6699/4670
f 2208/3769/3155 3950/7232/3891 2209/3770/3156
f 4835/3724/3122 3955/3231/2781 3626/6491/4600
f 2756/4751/3771 4298/8066/4377 1445/2397/2130
f 2774/4788/2006 604/974/896 1154/1923/1732
f 4728/8067/5006 4299/8068/3796 1393/2315/2059
f 1750/8069/2572 2826/4877/2574 2899/5017/3930
f 4300/8070/1642 3727/8071/4466 3728/1851/1673
f 4161/8072/2469 495/794/725 2727/4696/3739
f 3534/6280/4521 1322/4487/1961 769/1235/1139
f 3933/8005/1234 3012/5235/4035 3376/5952/3232
f 2962/5125/3986 3141/5486/4166 4102/7577/4918
f 1726/2571/2268 1725/8073/2540 1538/2572/2269
f 2900/5018/1135 2319/7760/3295 533/863/789
f 429/4615/623 2276/396/336 247/395/335
f 1236/8074/1837 5090/8075/1690 3462/8076/4454
f 1909/8077/2776 3906/7123/4062 4157/7723/4943
f 2443/4198/3441 4301/8078/5007 2241/3822/3190
s 0
f 4770/6982/5008 4302/8079/5008 3848/6983/5008
s 1
f 3703/6671/4659 964/1572/755 494/792/723
f 662/1066/979 164/254/204 663/1067/980
f 831/1332/1227 876/1414/1300 832/1333/1228
f 4929/8080/5009 1907/783/714 490/782/713
f 3352/5900/4350 4332/5902/3061 4303/8081/4578
f 4191/8082/4962 3832/6946/4761 3943/7214/421
f 3385/8083/1285 1975/8084/846 3386/8085/4379
f 4262/7973/4041 2252/3845/3207 3946/7218/3826
f 3483/6175/1521 4077/8086/1520 2327/6176/3305
f 3883/7628/4801 2120/6973/3029 1627/8087/2391
f 1160/1933/1742 1161/1934/1743 3770/4748/3770
f 1209/8088/1800 1160/1933/1742 3770/4748/3770
f 1022/8089/1525 1245/2071/1858 5015/2070/1857
f 4675/7579/2336 3462/8090/4454 4304/8091/2648
f 3951/8092/3757 2288/8093/3255 4873/8094/3758
f 1677/2832/2474 3261/5728/4275 1678/2833/2475
f 3981/7302/4672 4232/8095/4673 2924/8096/3945
f 999/7507/1274 3588/8097/3418 2291/3280/2817
f 1774/5037/2600 2916/5036/3937 3036/8098/2601
f 686/1116/1026 688/1118/1028 3349/8099/1056
f 1864/3156/2722 1640/2757/2413 4189/7801/3000
f 3775/6813/4713 2604/4502/3621 4683/5145/3998
f 4305/8100/491 350/8101/493 1703/8102/2509
f 1708/2885/2518 296/472/410 2157/6697/3077
f 3032/5284/4065 2475/4269/3478 3589/6413/4307
f 3240/8103/4256 595/958/880 4306/8104/5010
f 434/698/632 3803/6880/4740 3155/5516/4179
f 1105/8105/1661 1104/1651/1501 5082/1650/1500
f 5037/8106/2193 2624/4536/516 2626/4538/2974
f 2493/2150/1926 2953/8107/3978 1293/2151/1927
f 3134/2899/1354 3689/919/844 576/918/843
f 3428/6069/4422 2410/4145/3405 2409/4144/3404
f 4307/8108/4005 447/8109/648 3839/6965/4764
f 4308/8110/5011 2187/3730/3127 1118/1856/1678
f 4145/7699/1399 3194/8111/1401 4494/7225/4838
f 4309/8112/2039 2885/4991/3915 1146/4990/1718
f 1658/2792/2440 4215/7864/4698 3545/6309/4529
f 1062/8113/1585 2257/4928/3214 590/952/876
f 2834/4887/3851 4691/8114/2891 4128/7650/4261
f 3707/6677/4661 3713/6686/4665 3708/6678/4662
f 4525/7715/4941 1591/2667/2343 810/1299/1195
f 4310/8115/2139 2096/3553/3007 1450/8116/2140
f 4311/8117/3555 2719/4683/3736 4312/8118/4942
f 3582/6399/4563 3576/6383/279 2711/4671/3729
f 639/1032/947 2633/8119/3648 4124/1033/948
f 227/363/303 4213/7857/4971 3242/5698/4258
f 4048/7437/4895 2738/4715/3753 1412/4714/2085
f 4001/7334/2971 767/8120/1136 583/934/859
f 4313/8121/5012 499/802/733 727/1485/1090
f 3047/167/131 2787/4808/3807 1719/179/143
f 3802/8122/710 3987/8123/4660 489/8124/711
f 943/1525/1400 295/4740/409 3643/6538/4619
f 2495/8125/3508 2496/3087/2670 3739/3086/2612
f 2437/4191/3436 3023/5259/4052 1514/2532/2234
f 3122/8046/4148 2355/4049/3338 2354/4048/3337
f 652/1054/968 1710/2887/2520 161/248/198
f 968/1577/1442 4314/8126/2893 1829/3096/2678
f 3344/8127/4342 390/627/565 265/7979/360
f 2151/3662/3071 2150/3661/3070 2323/3989/3300
f 859/1381/1271 824/4826/1220 860/1382/1272
f 460/737/668 5146/5493/2886 3320/5839/2885
f 1764/575/513 2284/4501/2587 361/576/514
f 2918/5039/3939 803/8128/1185 497/8129/728
f 713/8130/1069 2964/5083/3963 714/8131/1070
f 3683/3869/3222 1750/2962/2572 2899/8132/3930
f 3113/5441/4141 4306/8133/5010 4602/8134/5013
f 4315/8135/3137 3113/5441/4141 4602/8134/5013
f 3827/6935/4759 3826/6934/4758 3897/7100/3827
f 4316/8136/163 3919/7149/4823 3279/7148/4287
f 1081/1790/1619 3058/5341/2954 4815/1791/1620
f 4684/8137/5014 4685/6940/691 1055/1735/1573
f 126/196/147 4334/201/158 1516/8138/629
f 4893/3432/2921 1758/8139/2581 951/1542/1412
f 3931/8140/4609 123/192/151 1568/8141/2313
f 2685/3161/2727 884/1426/1310 2426/4175/3113
f 4744/8142/1590 2005/7672/1662 4761/7671/4933
f 2917/5038/3938 3746/6690/3853 4727/6689/4667
f 2435/4189/3434 1699/2868/2505 3686/6634/4649
f 94/146/111 96/148/113 103/1773/123
f 104/159/124 94/815/111 103/158/123
f 2668/4602/3684 2669/4603/3685 4845/2431/2157
f 4880/4206/3447 415/4208/601 2840/4895/2714
f 4308/8143/5011 1117/1859/1681 3338/5872/4336
f 1053/1732/1570 388/1646/556 387/4561/555
f 1758/2974/2581 341/542/480 440/706/639
f 1376/2274/2026 2696/1815/1643 1377/2275/2027
f 825/1326/1221 1966/3325/2846 1965/3324/2845
f 3842/8144/2448 4743/8145/2450 4745/8146/715
f 1187/1975/1778 4964/8147/3330 3488/6190/3332
f 2169/3696/3097 4110/7598/4922 2181/3720/3118
f 615/993/912 3267/5745/4281 3266/5744/4280
f 474/8148/688 2073/8149/2972 4317/8150/483
f 3883/8151/4801 4028/8152/4885 3843/8153/4653
f 3247/5709/4262 4132/3388/1586 597/8154/884
f 4063/8155/1957 5102/8156/5015 575/8157/842
f 837/1345/1240 2087/3533/2996 2448/3840/3202
f 4381/8158/5016 5150/5846/4321 4380/6884/4741
f 3714/7151/4668 3200/5610/4220 2114/3582/3022
f 1720/2907/144 3851/2906/2532 1145/2704/1716
f 1932/3263/1979 4034/3022/2616 1209/2009/1800
f 3000/8159/3495 4318/8160/1603 4319/8161/4023
f 303/480/418 4320/8162/5017 304/481/419
f 4321/8163/616 302/478/416 424/3911/617
f 4049/7440/4054 923/3748/1369 2197/3751/3143
f 202/329/270 201/328/269 536/867/793
f 1548/8164/2284 3996/7328/4734 5096/4599/3681
f 5034/7922/4083 652/1054/968 4234/7902/4979
f 709/1153/328 5034/7922/4083 4234/7902/4979
f 722/1174/1080 2319/3984/3295 2900/1231/1135
f 4735/8165/4959 4322/8166/4569 872/1407/1294
f 4281/8014/4998 1467/7745/2173 2606/8167/3624
f 4281/8014/4998 2606/8167/3624 2582/6757/3596
f 74/109/86 51/76/54 69/2694/80
f 5149/1290/234 805/1289/1187 4323/8168/4973
f 3346/5889/4343 3076/5368/4099 735/1192/1098
f 648/1050/964 766/1230/1134 768/1233/1137
f 3621/2726/2384 4377/2728/2386 4197/7819/254
f 4014/7367/4875 4070/7482/4904 4324/8169/5018
f 1526/2553/2252 305/482/420 2247/2554/2253
f 3922/7162/4641 3923/7163/3741 2043/3452/2935
f 3553/8170/4535 3585/3058/2646 165/255/205
f 4325/8171/2455 39/56/46 35/55/40
f 4181/4131/3394 4200/6874/4737 2594/8172/3608
f 2985/8173/4012 4326/8174/5019 3054/5334/2934
f 3049/5323/4078 3846/6980/4769 3001/2933/2549
f 2783/4801/3803 4263/3052/2641 1806/3054/2643
f 5135/8175/560 4167/6377/4556 2303/6376/3278
f 2765/4767/3783 4153/6667/4658 2766/4768/3784
f 4327/8176/4775 202/329/270 2136/866/792
f 2787/4808/3807 4379/4810/172 1719/179/143
f 313/495/433 4328/8177/5020 314/496/434
f 1556/2609/2300 4329/8178/4700 4330/8179/4693
f 2514/4349/3529 4331/8180/5021 1813/3067/2654
f 1812/3066/2653 2514/4349/3529 1813/3067/2654
f 4332/8181/3061 3526/8182/3060 2446/8183/3445
f 2159/3673/1826 1271/2116/1897 1230/2115/1827
f 2918/5039/3939 484/8184/704 2919/5040/2537
f 4514/1303/1199 4100/7926/4917 2199/3754/3145
f 1587/2660/109 93/145/106 91/8185/108
f 1874/3171/2732 2134/8186/3051 2136/7199/792
f 3244/3082/2666 4082/1011/927 1776/3003/2604
f 2915/5035/3423 2123/3602/3035 2124/3604/3036
f 4575/8187/5022 1801/3047/2636 4243/7924/3016
f 2422/4167/1063 1475/4313/2183 2423/4168/3195
f 2168/5865/3096 4265/8188/4992 4333/8189/5023
f 2087/3533/2996 255/408/348 2461/3839/3201
f 2968/5139/957 2274/1553/1422 1421/1552/1421
f 4405/2155/1929 3414/8190/4411 5141/2156/1930
f 1704/2877/2512 366/583/521 2419/4163/3417
f 252/403/343 3556/6335/4538 3479/1378/1268
f 1821/3083/2667 556/890/816 482/771/702
f 1132/1533/1406 719/1532/1075 3660/8191/1650
f 4334/8192/158 4335/8193/1002 1516/8194/629
f 1115/1855/1677 1067/1756/1591 5059/8195/3737
f 3208/6349/4226 5057/3678/3083 2161/3677/3082
f 3326/5849/4323 3208/6349/4226 2161/3677/3082
f 1604/8196/2360 3296/5793/4303 1388/2305/2051
f 996/8197/1478 455/730/661 3072/5362/2904
f 4336/8198/5024 4337/8199/1637 4354/8200/1720
f 4336/8198/5024 4354/8200/1720 4338/8201/5025
f 4339/8202/2769 4764/3716/3114 1045/1718/437
f 3227/5679/4245 4340/8203/4340 4341/8204/4496
f 1883/8205/2740 312/494/432 4472/5562/4198
f 1453/2414/2144 5045/1957/1761 4955/1956/1760
f 3692/6644/382 2748/8206/381 4751/2317/2061
f 2392/4116/3383 1349/2230/1990 2686/4633/3701
f 2594/4479/3608 1466/2450/2172 4715/2449/925
f 1804/3050/2639 2647/4565/712 4777/8207/3486
f 2086/2457/2178 802/6223/1184 306/485/423
f 2892/7471/3923 1189/7470/1780 4466/8208/1055
f 2521/4362/3538 2702/4657/3717 2223/3792/3173
f 3227/5679/4245 4341/8204/4496 653/1055/969
f 2793/4820/3813 2946/8209/3972 4787/4821/3814
f 2862/4937/3883 3413/677/611 2940/676/610
f 2981/5171/2836 2346/5173/3323 5084/8210/4949
f 605/977/899 606/979/901 2941/5092/3967
f 2318/5077/3294 3675/8211/4643 2444/4199/3442
f 2351/4044/3333 2027/3429/2918 2029/3431/2920
f 972/1584/334 2600/4495/3618 2599/4494/3617
f 1805/3051/2640 1804/3050/2639 4777/8207/3486
f 2932/5067/3954 3096/5395/4115 2933/5068/3955
f 430/690/624 429/689/623 247/8212/335
f 2540/7774/3457 4342/8213/4279 1831/8214/2679
f 4013/7366/4874 2436/4190/3435 4343/8215/5026
f 1367/2260/2017 1056/1736/1574 2691/1738/1576
f 3986/8216/4856 2132/4869/3047 3451/8217/4445
f 2934/5071/3957 2788/4811/3808 3208/5621/4226
f 3039/5297/1382 1368/2261/2018 936/8218/1383
f 3432/6076/4426 4509/6075/1636 3879/7052/4797
f 4344/8219/5027 3432/6076/4426 3879/7052/4797
f 735/1192/1098 3076/5368/4099 736/1193/1099
f 645/1043/958 2279/7786/3238 2280/5436/3240
f 4516/6196/4487 1232/2044/1831 4345/8220/3866
f 2587/4464/3599 2586/4463/3598 3554/6326/4536
f 3368/1789/1618 2533/8221/3548 1081/1790/1619
f 273/8222/373 1236/2050/1837 2745/4726/1458
f 3852/8223/4774 3316/5829/4316 3938/7198/4564
f 3447/6107/4442 4346/8224/554 3444/6103/4439
f 4348/2533/2235 3394/5994/3087 4347/8225/3254
f 4348/8226/2235 4347/3919/3254 1515/5863/2236
f 4349/8227/3640 806/1291/1188 4189/6641/3000
f 564/904/830 3585/6404/2646 3223/5671/4241
f 3765/6794/4707 4573/6796/4584 3852/6992/4774
f 4350/8228/5028 172/8229/216 3182/8230/215
f 3918/8231/3545 4351/8232/4817 4855/8233/871
f 1811/3065/2652 1813/3067/2654 2966/5137/3994
f 4352/8234/3206 4286/1868/1688 4353/8235/5029
f 4354/8236/1720 3662/6583/1722 3664/6585/4637
f 664/1069/982 312/494/432 2057/3470/2950
f 4163/1576/1441 4355/8237/3602 4807/8238/5030
f 3722/6707/4516 1555/2608/2299 1554/2607/2298
f 2664/4596/3679 644/1041/956 2632/4544/3647
f 3490/6193/4485 567/8239/833 3491/6194/4486
f 3767/6799/2044 765/1228/1133 2719/4683/3736
f 5027/1761/266 1048/1726/1565 1125/1878/962
f 5121/2598/2291 4626/2952/2564 1899/7784/2765
f 4356/8240/4886 2495/4317/3508 4357/8241/4687
f 4335/1092/1002 675/1091/141 3249/2536/2237
f 2547/4396/3559 1101/5878/1655 1817/3074/2658
f 5079/8242/4818 1655/8243/2435 4595/3116/2691
f 2598/4492/3615 983/1602/1463 323/509/447
f 3911/7133/4819 3258/8244/4274 1129/7134/1699
f 1765/2986/2588 3331/5861/4328 4650/4410/3567
f 4578/6815/4714 3628/6498/4606 2875/4970/3904
f 1620/2718/2378 3527/1588/1449 4004/1587/922
f 1638/2755/2411 4358/8245/4180 3811/8246/3443
f 4079/7504/3518 2214/8247/2397 724/7505/1085
f 484/8248/704 486/2917/706 2919/2916/2537
f 4763/1793/1622 278/441/380 910/1467/1347
f 289/462/400 431/692/626 420/673/607
f 4340/8203/4340 2478/8249/3482 4341/8204/4496
f 1885/3183/2742 4623/7940/150 4622/7978/4991
f 642/1039/954 644/1041/956 2277/4516/3236
f 82/124/95 92/143/110 5110/7522/26
f 2739/4716/3754 3256/5720/4272 4359/8250/429
f 2035/5096/2926 4155/8251/970 2883/4985/972
f 3809/6898/987 5071/6899/1865 4360/8252/988
f 1610/2703/2365 896/1446/1327 895/1445/1326
f 3863/8253/4786 1610/2703/2365 895/1445/1326
f 1974/3334/2854 2065/3482/2959 1674/2829/2472
f 4035/7412/4888 4599/3867/3220 5094/5659/2707
f 1884/3182/2741 3931/6510/4609 4623/7940/150
f 1884/3182/2741 4623/7940/150 1885/3183/2742
f 490/782/713 4745/784/715 1067/1756/1591
f 3616/4977/3908 1272/7076/1898 2879/4978/3107
f 881/2522/1307 4840/6025/4405 1211/2013/1803
f 1508/2523/2226 881/2522/1307 1211/2013/1803
f 4961/693/627 4295/8054/4361 5036/694/628
f 1186/8254/1777 4361/8255/3006 1114/1854/1676
f 471/754/685 863/1393/1280 4110/8256/4922
f 1573/2638/614 3006/5224/4030 423/8257/615
f 1741/2948/2560 4362/8258/4532 3745/6747/2870
f 446/714/647 4013/7366/4874 4343/8215/5026
f 446/714/647 4343/8215/5026 3401/6008/4397
f 4363/8259/2534 972/1584/334 2599/4494/3617
f 2942/7157/3968 2620/4531/3641 906/1458/1339
f 353/561/499 3724/6709/4567 4652/2615/2306
f 353/561/499 4652/2615/2306 622/1007/924
f 1795/3035/2626 3037/8260/3987 4325/7500/2455
f 2285/3912/3248 4071/7483/4905 1058/1742/1580
f 2915/8261/3423 3294/5789/3425 4364/8262/708
f 1426/8263/2109 2037/3443/2928 1507/3442/2225
f 85/127/98 4365/8264/107 90/128/99
f 562/897/823 561/896/822 831/2995/1227
f 4362/6315/4532 4003/6752/4694 4366/8265/5031
f 3359/5914/4358 1020/8266/1523 1019/5915/1522
f 1374/2272/2024 3555/6332/4169 301/477/415
f 4900/8267/3889 5127/8268/598 2866/8269/3890
f 2544/4393/3557 3240/5695/4256 3427/6064/4419
f 4367/8270/4064 3073/5363/4094 3074/5365/4096
f 1056/1736/1574 3040/5298/1485 1159/7420/1738
f 2615/4517/3633 2617/4519/3635 4247/5857/4326
f 1442/8271/2127 2927/5059/1928 2928/5061/3373
f 2883/6873/972 4181/4131/3394 2401/4133/3395
f 2883/6873/972 2401/4133/3395 167/8272/206
f 3288/5779/4295 4918/5778/4294 1620/8273/2378
f 1723/5538/1101 1638/2755/2411 3811/8246/3443
f 1609/2702/2364 2013/3904/2603 2012/8274/2903
f 2776/4792/3795 1633/2744/2401 4368/8275/4560
f 3158/5521/3774 703/5520/1048 1455/5916/2148
f 2692/4644/3710 4369/8276/4505 2693/4645/3141
f 1831/3100/2679 1344/2224/1984 1346/2227/1987
f 403/649/585 2781/648/584 2537/4384/891
f 3890/7084/3867 1006/1644/1495 1052/1731/1569
f 1994/3368/2620 2268/3876/2663 1995/3369/2881
f 4370/8277/5032 4905/8278/5033 4371/8279/828
f 4102/7577/4918 2506/4336/3523 2142/3646/3062
f 3404/6016/4401 3987/6673/4660 1505/6068/2223
f 4372/8280/1415 1147/1909/1719 926/1494/1373
f 202/329/270 3381/5964/4373 200/327/268
f 2469/4256/3472 4293/8047/5002 543/877/803
f 868/5010/1289 4194/7811/3941 3711/6683/3943
f 1897/8281/2761 4373/8282/4911 2932/8283/3954
f 1897/8281/2761 2932/8283/3954 4374/8284/3953
f 2233/3808/3181 2906/5024/3934 2905/5023/3933
f 4061/6750/4692 3325/7296/4322 3445/6104/4440
f 3970/8285/1142 2845/8286/3860 4375/8287/5034
f 4159/7725/4944 2091/3545/3003 2092/3544/3002
f 1283/2139/1916 1282/2138/1915 2129/3615/3040
f 4340/8203/4340 5062/8288/3481 2478/8249/3482
f 2388/6441/3376 3081/5376/4106 4376/8289/3377
f 3764/5652/307 3218/5654/4234 3992/7323/2821
f 4792/8290/3496 3038/1770/1604 4318/1769/1603
f 4261/7968/4990 4411/8291/5035 1240/2062/1849
f 2406/4140/3402 2405/4139/3401 3839/7557/4764
f 3149/5502/4172 1256/2088/1875 3068/5356/4090
f 2812/4860/3832 2808/4856/3829 2758/4757/3775
f 3330/5859/4327 3608/6453/4586 2068/5860/2966
f 2136/866/792 202/329/270 536/867/793
f 1223/2029/1816 3487/8292/3989 3716/8293/4669
f 3445/6104/4440 3325/7296/4322 4381/8294/5016
f 4377/8295/2386 3984/7311/4828 2907/7310/1351
f 4228/6217/1512 3403/6216/4400 4378/8296/1513
f 2888/8297/3919 1612/2707/2368 1935/3268/2806
f 891/1437/1318 3423/6054/4416 2485/4292/1189
f 670/8298/994 3865/7030/4788 4848/7029/4787
f 2482/4286/3490 2481/4285/3489 2487/4295/3493
f 4379/8299/172 136/6989/171 3851/6991/2532
f 1410/8300/2083 2437/4191/3436 3932/7183/2661
f 2406/6964/3402 230/369/309 229/368/308
f 4380/8301/4741 3568/8302/4549 4381/8303/5016
f 325/5002/451 5123/1316/1211 4114/1318/1213
f 1301/2164/1936 4382/8304/5036 695/1127/1037
f 3168/5545/4192 3359/5914/4358 1243/2065/1852
f 2016/3410/2167 4383/8305/4782 2017/3411/2907
f 4245/6545/4362 1700/2869/2506 4451/8306/2780
f 3654/6558/4627 4384/8307/5037 3018/5248/4044
f 1888/3188/2747 1563/2619/2125 4916/2618/2309
f 3149/5502/4172 4385/8308/5038 4297/8062/3898
f 4525/7715/4941 810/1299/1195 2060/3476/2955
f 3728/1851/1673 2806/8309/3825 1112/1852/1674
f 2592/8310/3605 1734/2934/2550 4168/7749/1537
f 2676/4617/3301 928/1496/1375 3675/8211/4643
f 4809/6238/923 4051/7444/4897 3514/6239/2290
f 2889/8311/3920 2888/8297/3919 1935/3268/2806
f 873/1408/1295 4386/8312/3289 4387/8313/4253
f 3767/6799/2044 2719/4683/3736 4311/8117/3555
f 4365/138/107 4112/765/696 84/126/97
f 3478/6169/1882 194/315/256 4662/317/258
f 4012/7365/4873 947/2461/1405 3817/7607/3671
f 3650/6552/4624 3844/6977/2446 3651/4380/3549
f 1052/7544/1569 1760/2977/2584 3890/4911/3867
f 417/669/603 4388/8314/2156 4725/638/576
f 4386/3977/3289 4528/8315/2406 4387/8316/4253
f 1927/3256/2800 2420/4165/3419 3100/5404/4120
f 1851/3135/2703 4389/8317/199 2743/4724/2137
f 1431/2378/2114 2712/4673/3730 4390/8318/4840
f 4391/8319/5039 4732/8320/852 4392/8321/854
f 1875/3172/2733 2549/4399/794 3443/6740/4438
f 2503/4333/3520 2135/3631/3052 2134/3630/3051
f 1965/8048/2845 2161/3677/3082 4522/3679/3084
f 4393/8322/3334 4394/8323/5040 2443/4198/3441
f 3724/6709/4567 243/8324/326 4652/2615/2306
f 4702/8325/898 4131/1753/897 1065/1752/1588
f 635/3514/943 1226/2032/1819 1225/2031/1818
f 4395/8326/2161 291/3711/404 4862/1935/1744
f 2142/3646/3062 1703/2872/2509 885/2874/1312
f 988/7016/1469 1037/1709/1551 1036/1708/1255
f 2919/5040/2537 2359/8327/3341 2917/5038/3938
f 3896/7099/4813 5077/7297/4853 4396/8328/444
f 2444/4199/3442 1528/3949/2256 4142/5076/3960
f 2201/3756/3147 2337/4015/3312 2222/3791/3172
f 669/1950/992 2854/6132/3875 4497/6131/4453
f 4566/1734/1572 4684/8137/5014 1055/1735/1573
f 1416/3606/2090 4397/8329/2091 4123/7641/3510
f 321/507/445 1338/2215/1977 322/508/446
f 3277/5580/2042 705/1145/1054 4170/3594/3028
f 1678/5730/2475 1582/2652/2331 1581/2651/2330
f 2365/7078/3348 2301/3957/3276 4092/7547/3349
f 4398/8330/567 966/8331/569 4163/8332/1441
f 3164/746/677 4668/8333/3587 2330/747/678
f 1366/2259/2016 4970/2277/2029 1360/2244/2003
f 98/150/115 2112/3578/3010 97/149/114
f 981/1600/1461 3381/8334/4373 4327/8335/4775
f 2653/8336/3666 2654/5574/3667 3990/7320/4859
f 665/1070/983 4399/8337/5041 4328/8177/5020
f 1409/8037/784 3312/828/756 4289/8035/4347
f 3501/8338/594 4994/8339/2222 1506/8340/2224
f 1282/2138/1915 2433/4185/3432 3472/6163/4469
f 943/1525/1400 3195/6539/4214 3194/1526/1401
f 3040/5298/1485 1000/8341/1484 1159/7420/1738
f 2484/4029/3321 4285/8030/5000 2345/4030/3322
f 2382/4095/3367 2381/4094/3039 2633/4545/3648
f 2568/8342/3581 3344/5885/4342 3535/6281/3408
f 259/414/354 4400/8343/4901 3283/6906/1321
f 5150/5846/4321 1946/3291/2822 4380/6884/4741
f 4383/8344/4782 2765/4767/3783 3084/4766/3782
f 2017/3411/2907 4383/8305/4782 3084/5379/3782
f 4604/795/726 3989/7560/4858 2037/5848/2928
f 4445/7129/1776 4284/8029/2322 4160/8028/4945
f 4337/8345/1637 1148/1911/1721 4354/1910/1720
f 1898/8346/2763 4401/8347/5042 4966/8348/4395
f 756/1219/1124 2646/619/557 4043/5526/4183
f 2666/4600/3682 5096/4599/3681 3997/7329/3878
f 5086/4243/1633 2939/4242/3461 5007/8349/4420
f 2325/3995/3302 4402/8350/1741 3899/7105/1250
f 4403/8351/5043 4404/8352/5044 4405/8353/1929
f 4999/5703/4259 940/6996/1391 2637/4549/3650
f 3942/7213/4835 1157/1927/1736 1156/1926/1735
f 4889/6630/4648 4666/1350/1244 3684/6631/3944
f 897/1448/1329 1777/3004/2605 3524/6260/4514
f 3248/5710/4263 3247/5709/4262 2575/4451/3591
f 3549/6320/3136 3113/5441/4141 4315/8135/3137
f 1598/2685/2355 3725/8354/4675 5129/8355/3952
f 4306/8356/5010 3427/6064/4419 3240/5695/4256
f 4601/3523/2990 2084/3525/2992 1202/1997/1793
f 4406/8357/5045 3358/5913/4357 4407/8358/5046
f 4408/8359/2803 37/51/43 2488/4297/2804
f 1291/2148/1007 4346/616/554 1181/1966/1770
f 1700/8360/2506 4409/8361/2608 4410/8362/2526
f 1715/2898/2529 609/7581/904 608/2896/903
f 2917/5038/3938 2359/8327/3341 3746/6690/3853
f 3526/6267/3060 392/630/568 4398/629/567
f 4411/8363/5035 2681/4624/3696 1240/8364/1849
f 4471/6055/4417 2086/3532/2178 1473/8365/2179
f 3357/5912/3379 3633/6512/4611 4412/8366/5047
f 4407/8358/5046 3357/5912/3379 4412/8366/5047
f 1827/3093/2676 1826/3092/2675 2182/5041/3121
f 1291/2148/1007 1181/1966/1770 1292/2149/1925
f 2816/4864/1595 3896/7099/4813 4396/8328/444
f 3840/6967/2445 3637/2056/1843 839/7778/1242
f 184/298/241 1875/3172/2733 3741/6741/4689
f 2266/3872/3224 3187/5585/4207 2267/3873/2521
f 4212/7856/4683 4477/5473/4161 3923/4698/3741
f 3156/5518/4181 4189/3537/3000 2088/3536/2999
f 584/935/860 2754/4018/3315 1957/1383/1273
f 7/10/10 4413/8367/2032 1386/8368/2048
f 2487/4295/3493 4121/7639/4926 1820/3080/2664
f 3643/6538/4619 1277/2131/1910 4060/7458/1597
f 3975/8369/1049 4414/8370/5048 4415/8371/3448
f 4932/3222/2775 3419/5733/4277 3842/2801/2448
f 2180/3717/3115 4320/8162/5017 303/480/418
f 4416/8372/146 4103/7578/4919 4417/8373/4312
f 3780/6825/4719 2010/3397/2531 1747/2958/2568
f 4606/4773/3787 1214/2018/1808 1216/2020/1810
f 4928/1015/931 4214/1014/930 4913/3534/2997
f 3271/5751/4284 3270/5750/4283 3442/6100/4437
f 3965/7267/4846 2403/7121/3397 4418/8374/3398
f 336/8375/468 1632/2743/2400 2458/8376/3454
f 596/8377/883 4419/8378/5049 4420/8379/3887
f 1836/8380/2686 2551/8381/3563 4513/3647/3063
f 1834/6608/2684 1836/8380/2686 4513/3647/3063
f 2716/4678/3732 2192/3739/3134 540/873/799
f 4421/8382/5050 3431/6074/4425 3432/6076/4426
f 376/601/539 970/603/541 2768/4771/2754
f 961/1564/693 4422/8383/692 962/1565/1433
f 751/1212/1117 3562/8384/4542 4423/8385/5051
f 752/1213/1118 751/1212/1117 4423/8385/5051
f 1305/2170/1939 4424/8386/2983 2974/5153/2295
f 3145/6455/4168 3206/5617/4223 5146/6851/2886
f 665/1070/983 4328/8177/5020 313/495/433
f 4425/8387/1540 1337/2213/1975 1336/2212/1402
f 1363/73/60 3938/8388/4564 4645/74/61
f 2284/4501/2587 2564/8389/3247 480/768/699
f 1049/1727/1566 4180/7781/4957 2486/3846/3208
f 4426/1688/1532 2251/3842/3204 2452/8390/3451
f 4426/8391/1532 2452/4218/3451 1277/2131/1910
f 981/1600/1461 4427/8392/4374 3381/8334/4373
f 4428/8393/4825 1455/2418/2148 4023/2420/1050
f 1401/2328/2070 195/8394/259 1402/2329/2071
f 802/6223/1184 517/8395/761 3507/6224/4501
f 862/1392/1279 2287/3918/3253 4942/4920/3873
f 3601/8396/4577 3490/6193/4485 1183/6195/1772
f 3447/6107/4442 4279/8397/4481 4429/8398/552
f 3489/6192/4484 1060/1745/1583 4479/936/861
f 4052/8399/1038 696/7027/1039 4053/7098/4812
f 3403/8400/4400 4430/8401/4977 4378/1667/1513
f 4805/8402/1480 1121/1869/1482 3459/7257/4452
f 2646/619/557 388/618/556 2309/7626/1341
f 4356/8240/4886 4030/5157/4004 2195/3745/3139
f 3824/8403/4756 4901/6801/4372 2894/5008/3925
f 4258/7961/4989 4431/8404/2414 1735/8405/2551
f 4858/3294/2825 4258/7961/4989 1735/8405/2551
f 449/717/650 888/1432/1315 4841/4220/3452
f 4992/4659/3719 1721/1535/1407 5136/5399/3922
f 1240/8364/1849 2681/4624/3696 4676/8406/5052
f 188/305/248 187/304/247 900/8407/1332
f 4432/8408/1562 2171/3698/3099 1022/5924/1525
f 2537/4384/891 2781/648/584 601/8409/892
f 4433/8410/3078 3475/6166/4470 2158/8411/3079
f 3507/6224/4501 1027/1690/1534 307/486/424
f 306/485/423 3507/6224/4501 307/486/424
f 3015/5239/4038 4434/8412/5053 2258/8413/3215
f 4216/5605/4217 1481/2474/2192 4435/8414/4972
f 4928/1015/931 3062/3535/2998 4950/8415/2169
f 2739/8416/3754 4436/8417/4351 5099/8418/2086
f 1553/2602/1343 2545/4394/1342 745/1204/1109
f 614/992/911 616/994/913 4156/4944/1033
f 1134/8419/1706 2533/8420/3548 3082/5937/4107
f 4423/8385/5051 3562/8384/4542 1837/8421/2687
f 4059/7601/4900 4592/7603/4923 1841/6482/2695
f 3510/6231/4504 2834/7691/3851 4983/8422/5054
f 4437/8423/5055 3510/6231/4504 4983/8422/5054
f 2474/4268/3477 3500/8424/3816 3736/6414/4570
f 1283/2139/1916 1229/2038/1825 1284/2140/1917
f 4956/2016/1806 5078/8425/5056 2502/4332/3519
f 4517/7094/4811 3690/6642/4651 4806/2363/2100
f 2311/3970/3284 1396/2320/2064 4006/2319/2063
f 3287/5775/4247 4545/3450/2933 525/850/776
f 1333/4011/1972 2051/3463/2944 2050/3462/2943
f 1193/1988/1785 1980/3347/2864 1194/1989/1786
f 5137/7820/4947 4807/8426/5030 4198/7821/4964
f 4438/8427/276 1325/2201/1965 2479/7858/3483
f 4439/8428/5057 4405/2155/1929 1296/2157/1230
f 4850/2683/2353 3777/8429/4715 3348/5892/4345
f 482/771/702 877/1415/1301 1417/2353/2093
f 2648/4566/3660 1338/2215/1977 321/507/445
f 3482/8430/4473 2648/4566/3660 321/507/445
f 561/8431/822 3004/2352/2092 876/1414/1300
f 3370/3343/2861 4440/8432/5058 4604/6115/726
f 2510/4347/3527 3473/8433/1964 2798/4146/3406
f 2652/8434/1362 4441/8435/3665 4442/8436/1703
f 4443/8437/5059 2983/5177/4010 3730/6719/4677
f 4444/8438/5060 1444/2396/2129 1443/2395/2128
f 1873/8439/511 4445/8440/1776 4446/8441/512
f 2492/4310/3504 754/1217/1122 2491/4308/3503
f 3418/3598/3032 3153/3597/3031 4447/8442/4412
f 324/511/449 4883/3848/2960 4487/512/450
f 4486/4246/3464 1775/3001/2602 4448/8443/587
f 3199/5607/4219 4449/8444/5061 4450/8445/5062
f 4451/8446/2780 1700/8360/2506 4410/8362/2526
f 2395/4643/3388 1057/5013/1575 4452/8447/3389
f 4453/8448/5063 2931/5064/3951 1598/8449/2355
f 2613/4513/3632 1425/2372/2108 2024/2371/2107
f 2269/3877/1194 2270/3879/3227 3426/1772/1606
f 3687/6636/2142 1509/2524/2227 4242/8450/4985
f 2412/4150/3409 4454/8451/3664 920/1484/1364
f 4455/8452/4020 5119/5634/1276 5044/5633/4230
f 1492/2503/2209 948/1539/1409 2124/5475/3036
f 3334/5867/4331 2362/4058/3344 4456/8453/5064
f 5115/7378/4721 324/511/449 3784/6509/3921
f 1823/3085/2669 3434/6083/4431 3739/3086/2612
f 4457/8454/1334 901/8455/1333 1943/1036/951
f 884/1426/1310 883/1425/1309 2023/3423/2915
f 4072/7487/4906 2986/5180/4013 5025/6838/4051
f 4538/7660/4931 4308/8456/5011 4187/7798/4960
f 816/1435/1204 891/1437/1318 4349/4530/3640
f 4100/7573/4917 2493/4311/1926 3340/3817/3187
f 893/1443/1324 4838/2787/2437 4458/8457/2575
f 973/8458/1447 3847/4202/1890 3449/8459/1238
f 4459/8460/2993 4460/8461/5065 3960/8462/3966
f 3042/5300/4070 4090/7543/4913 764/1227/1132
f 4461/8463/2094 3702/6670/3090 1512/5955/2230
f 2926/5057/1717 2925/5056/3946 4309/2290/2039
f 2966/6692/3994 1558/2611/2302 3766/6798/3993
f 2682/4625/3697 3656/6562/4628 1929/3258/2801
f 2238/3819/3189 4765/300/243 4766/7965/658
f 4000/7332/4866 547/881/807 2258/8413/3215
f 4462/8464/1394 431/692/626 289/462/400
f 240/381/321 4034/7411/2616 241/382/322
f 4287/8033/5001 4316/2851/163 4288/8034/4999
f 3105/4679/3733 4463/8465/2033 408/6213/592
f 3112/5440/4140 3015/5239/4038 1024/1685/1529
f 2289/3924/3256 4464/8466/3474 522/4234/773
f 3528/6269/4518 4143/7692/4792 3529/6270/4519
f 2018/8467/2908 4823/8468/2910 3242/5698/4258
f 4465/8469/4938 4466/8470/1055 1522/2546/2246
f 2794/8471/3815 4787/5069/3814 2934/5071/3957
f 2396/4125/3390 915/1625/1357 995/8472/1477
f 3979/3818/3188 3340/3817/3187 4010/4312/3505
f 367/584/522 3853/585/523 1493/2504/2210
f 461/739/670 2706/4662/3722 49/71/58
f 461/739/670 49/71/58 74/109/86
f 6/8/8 2378/4088/3363 1379/8473/2030
f 2169/3696/3097 2181/3720/3118 2170/3697/3098
f 2144/3650/3064 4391/8474/5039 4467/8475/4965
f 3612/6459/2034 3104/5424/4133 3141/5486/4166
f 4468/8476/5066 4986/2195/1959 4469/8477/5067
f 1871/3166/2730 2557/4419/562 1446/2398/2131
f 2029/3431/2920 3525/6262/4515 841/6261/1246
f 3641/5358/4092 3069/5357/4091 2321/8478/3298
f 4994/5891/2222 3173/5552/4196 4470/8479/4421
f 4082/1011/927 624/1013/929 1776/3003/2604
f 1909/8077/2776 4157/7723/4943 3518/7722/4508
f 4563/8480/4365 4564/8481/5068 1544/2580/2277
f 2813/4861/3833 2182/3723/3121 2183/3725/3123
f 4780/3140/2708 4471/8482/4417 1473/2458/2179
f 3427/6064/4419 4306/8356/5010 3114/6065/4142
f 4191/7807/4962 3943/8483/421 1122/1870/1689
f 1486/5795/2199 3352/8484/4350 3188/5586/4208
f 1883/8485/2740 4472/8486/4198 4217/7087/4809
f 4473/8487/4060 2667/4988/3683 2581/8488/3595
f 2580/4457/3102 4473/8489/4060 2581/4458/3595
f 1069/1758/1593 4474/8490/1243 4475/8491/1245
f 314/496/434 1250/4789/1866 3900/7106/2758
f 2215/3781/3163 4620/5608/3101 2580/4457/3102
f 2848/4907/3863 4126/7644/2456 4498/6933/3767
f 2848/4907/3863 4498/6933/3767 2849/4908/3864
f 901/1452/1333 3830/6942/4468 4851/3284/952
f 1161/1934/1743 1190/593/531 3769/6802/1781
f 5017/7211/4834 4958/8060/5005 4719/8492/5069
f 5006/8493/4936 1616/8494/2371 3705/8495/2373
f 957/1557/1426 2927/5059/1928 1442/8271/2127
f 1441/1555/1424 957/1557/1426 1442/8271/2127
f 5070/2085/1872 3489/6192/4484 4479/936/861
f 542/876/802 2248/8496/3199 4576/7341/4868
f 2889/8311/3920 1935/3268/2806 2583/3627/3049
f 4476/8497/4616 2823/5763/3840 5029/6877/4739
f 4036/594/532 1190/593/531 1161/1934/1743
f 4656/4303/3498 4369/8276/4505 2692/4644/3710
f 1521/8498/2244 4024/7459/4883 3519/6248/4509
f 4477/8499/4161 4478/8500/1814 2729/8501/3742
f 1492/7111/2209 2668/4602/3684 4845/2431/2157
f 4479/8502/861 4480/8503/863 4250/7947/4986
f 3303/5805/2713 3735/6730/4684 4481/8504/5070
f 3698/6331/4537 3303/3145/2713 481/770/701
f 3555/6332/4169 3698/6331/4537 481/770/701
f 2761/4761/825 2619/4528/3638 1297/8505/1931
f 4482/8506/4596 4375/8287/5034 1625/2727/2385
f 3484/8507/4475 4076/8508/4907 4063/8509/1957
f 226/4105/302 2603/4500/3620 539/6342/798
f 2804/2017/1807 4956/2016/1806 2503/4333/3520
f 4483/8510/2390 4484/8511/2389 208/6449/282
f 3144/8512/1344 908/463/401 1070/1762/1596
f 2138/8513/3056 2588/4465/3600 4485/8514/3057
f 3294/5789/3425 4486/8515/3464 4448/651/587
f 4685/760/691 4105/4004/1756 5085/1593/1454
f 4487/8516/450 4488/8517/2515 3436/6089/4335
f 277/438/377 2208/3769/3155 2210/3772/3157
f 1274/1447/1328 3275/5757/4285 2887/5756/3918
f 3360/8518/4359 4489/8519/4429 2812/4860/3832
f 4490/8520/3776 4265/7980/4992 3157/5519/4182
f 510/820/748 4382/8304/5036 2456/966/888
f 3519/6632/4509 2102/6607/3011 1521/6606/2244
f 990/1614/1472 3762/6786/275 991/1615/1473
f 2718/4903/3735 1616/8494/2371 5006/8493/4936
f 2106/3567/3014 2105/3566/3013 405/653/589
f 1758/2974/2581 440/706/639 968/8521/1442
f 4491/8522/4381 1130/1884/1700 2988/7674/4015
f 4433/7009/3078 3700/6662/4656 4492/8523/2439
f 2753/4746/3769 3972/7144/4822 4602/8524/5013
f 2612/4512/3631 5138/4954/2204 253/8525/344
f 4493/8526/161 2494/8527/2184 4171/8528/1062
f 4494/8529/4838 4130/7656/4930 4131/7658/897
f 3853/6999/523 3420/8530/4413 1494/8531/2211
f 4401/8347/5042 2060/8532/2955 4966/8348/4395
f 1178/1963/1767 2499/4324/3513 1179/1964/1768
f 4465/8533/4938 1522/8534/2246 4768/1723/1563
f 4495/8535/478 3392/5989/477 2439/4193/3438
f 609/7581/904 5136/5399/3922 1721/1535/1407
f 2799/6006/3818 1814/3068/1363 1815/3070/2655
f 3398/6000/4394 3447/6107/4442 3399/6004/4396
f 1277/2131/1910 3901/7107/4814 1278/2132/1911
f 3922/7162/4641 2043/3452/2935 2044/3454/2937
f 4546/8536/2510 4890/8537/5071 4200/8538/4737
f 4179/8539/475 4202/2126/1905 3176/2125/1904
f 5083/8540/501 4496/8541/503 1369/5782/2019
f 4123/4320/3510 2497/4319/3509 1306/8542/1941
f 1021/1680/1524 2818/4866/3835 1530/2559/2258
f 2412/4150/3409 3230/5684/159 4454/8451/3664
f 5107/1582/1446 669/1079/992 4497/8543/4453
f 5107/1582/1446 4497/8543/4453 328/517/455
f 1563/2391/2125 1439/2390/2124 1151/1915/1725
f 1006/1644/1495 435/699/633 1007/1645/1496
f 4058/7456/4899 714/8131/1070 3671/6597/4640
f 2116/3586/3024 2751/3548/3004 2117/3587/2316
f 3551/6322/4533 3550/6321/4517 668/1077/990
f 3249/5713/2237 1145/2704/1716 1610/2703/2365
f 1434/8544/2119 4498/8545/3767 36/8546/32
f 2288/8093/3255 1800/8547/2632 4873/8094/3758
f 4064/7397/4594 4250/7947/4986 1764/2985/513
f 3748/6755/4695 632/1024/939 633/1026/941
f 4499/8548/5072 2390/5911/3380 3358/5913/4357
f 5006/8549/4936 4212/7856/4683 4211/7855/1902
f 4466/8470/1055 706/2547/550 1522/2546/2246
f 3488/8550/3332 2350/8551/3331 4456/8552/5064
f 4500/8553/5073 4052/8554/1038 4054/6151/4459
f 392/8555/568 4501/8556/4240 967/8557/1440
f 315/500/438 2386/4107/3374 4277/7997/4860
f 3893/1176/1082 5093/3718/3116 3463/1177/1083
f 2352/4197/3335 4393/8322/3334 2443/4198/3441
f 4502/8558/4872 4257/8559/1836 4503/8560/4555
f 3777/8429/4715 828/1329/1224 3348/5892/4345
f 4552/620/558 4424/3511/2983 3292/621/559
f 3741/8561/4689 1082/1794/1623 1900/1547/1417
f 2028/3430/2919 2512/3580/3021 3525/6262/4515
f 3321/1864/1684 2315/3980/3291 1648/2770/2425
f 3321/1864/1684 1648/2770/2425 1647/2769/2424
f 2988/5185/4015 833/1337/1232 4491/5980/4381
f 255/408/348 3596/6423/4574 2461/3839/3201
f 3912/4593/3677 1393/2315/2059 2566/4432/3579
f 2590/8562/3604 1691/2856/2493 4504/8563/5074
f 2733/5219/3747 4505/8564/4708 2933/5068/3955
f 2297/3943/3272 2733/5219/3747 2933/5068/3955
f 3263/1787/1616 4506/8565/1727 3375/1788/1617
f 3145/6455/4168 2798/4146/3406 3206/5617/4223
f 508/8566/746 4507/8567/4474 4870/8568/3196
f 2515/4351/716 491/6465/718 3613/6464/1705
f 1470/2454/2175 516/832/760 3604/6444/4580
f 4531/5668/4238 1103/1835/1660 4508/8569/4841
f 3760/1390/1277 401/5616/582 861/1391/1278
f 4122/4961/3897 2871/4960/3896 1039/1711/1552
f 2306/3964/3282 4321/8163/616 3606/6451/2396
f 4509/8570/1636 5065/6381/4235 4337/8345/1637
f 752/1213/1118 4423/8385/5051 4510/8571/2689
f 4511/8572/3353 752/1213/1118 4510/8571/2689
f 2562/4428/3577 4664/8573/1658 2563/4429/1659
f 3691/8574/1647 3766/6798/3993 3452/6119/1648
f 199/323/264 1614/2709/1530 1613/2708/2369
f 197/321/262 199/323/264 1613/2708/2369
f 2874/4969/3903 1906/3221/2774 2302/3958/3277
f 2127/4665/2729 3755/4664/3723 4930/5478/4163
f 2623/3633/3053 1129/7134/1699 4686/3634/3054
f 1915/3234/2784 1090/1806/1634 1916/3235/2785
f 1016/1668/1514 4512/8575/4118 3547/6316/2770
f 2939/5086/3461 5008/4654/3715 5007/8576/4420
f 4680/7377/4877 4883/3848/2960 324/511/449
f 1009/1649/1499 1008/1648/1498 4084/7524/731
f 473/756/687 379/8577/544 474/757/688
f 2374/4078/3356 1829/3096/2678 3102/5416/4129
f 1565/2622/2311 1272/7076/1898 3616/4977/3908
f 1624/2725/2383 3915/7140/2965 3189/5467/4028
f 3421/8578/4414 4432/8579/1562 1662/8580/2449
f 4234/7902/4979 5017/7211/4834 709/1153/328
f 4513/8581/3063 2551/4403/3563 4514/8582/1199
f 519/6795/767 208/341/282 4573/6796/4584
f 359/570/508 2066/3483/1833 1235/3870/1835
f 2867/4952/3892 3530/8583/1862 1249/4001/1864
f 1679/2834/2476 4515/8584/3912 1680/2835/2477
f 826/1327/1222 2898/5016/3929 2714/4675/3168
f 351/556/494 5026/558/496 479/767/698
f 3611/6458/4588 4491/8522/4381 4516/8585/4487
f 3429/6070/4423 1457/2422/2150 397/636/574
f 3407/5881/4338 2353/4047/3336 4517/8586/4811
f 4518/8587/2552 5104/8588/4399 2877/8589/3905
f 3044/5313/4074 1654/2784/2434 3098/5397/4117
f 5043/2842/2482 1683/2841/2481 2766/4768/3784
f 3566/7775/4546 4519/8590/5075 3818/6913/4752
f 3625/6490/4602 4854/6489/4601 4520/8591/5076
f 3714/7151/4668 2114/3582/3022 1001/7152/1486
f 3969/6846/4726 3752/6764/3560 5108/2309/2054
f 206/339/280 208/341/282 519/6795/767
f 1454/2626/2147 1568/2625/2313 4521/8592/4424
f 1252/8593/1868 1968/3327/2848 1970/3329/2849
f 3967/7272/4848 1686/7274/2485 1432/8594/2117
f 992/1616/1474 2528/3236/2786 993/1617/1475
f 4016/7376/3119 4755/4779/3792 2771/4778/3791
f 825/1326/1221 4522/8595/3084 826/1327/1222
f 3892/7086/4808 4523/8596/5077 3015/5239/4038
f 3366/8597/4364 3365/6894/4229 4524/6893/4746
f 3453/6120/4447 3366/5933/4364 4524/8598/4746
f 4401/8347/5042 4525/8599/4941 2060/8532/2955
f 4304/3061/2648 2880/4980/3910 1809/3062/2649
f 1379/8473/2030 4413/8367/2032 7/10/10
f 2052/3465/2945 4526/8600/1889 3805/6978/4743
f 3185/5583/4206 2578/4454/3594 4527/8601/5078
f 4528/8602/2406 4218/7872/4974 4529/8603/2407
f 3556/6335/4538 4537/6334/4131 4530/8604/3693
f 2397/4126/3391 4531/8605/4238 2712/4673/3730
f 570/911/837 2397/4126/3391 2712/4673/3730
f 4435/7867/4972 1311/7431/1946 3508/6226/3345
f 4532/8606/4956 2001/3375/2884 2000/3374/2883
f 1192/1986/1784 1854/3138/2706 234/373/313
f 2459/4229/469 2458/4228/3454 4962/8607/5079
f 3712/6685/4664 2364/4062/3347 2363/4061/3346
f 4533/8608/5080 4534/8609/5081 1918/3239/2788
f 2523/4364/3540 405/653/589 4183/7785/4958
f 4105/7584/1756 3796/6858/2432 4535/8610/1757
f 3420/6051/4413 4772/1720/1560 3421/6052/4414
f 2528/3236/2786 2529/2634/2318 993/1617/1475
f 3768/986/906 611/985/482 5151/1324/1219
f 720/3094/1076 4198/7821/4964 3610/6456/4587
f 2278/8611/3237 2665/4597/3680 4120/7638/337
f 4536/8612/1695 1406/8613/1694 1405/5168/2077
f 4537/8614/4131 3103/3777/3160 3170/7882/4194
f 2543/8615/3460 2368/8616/2818 2544/8617/3557
f 1464/8618/2170 4308/8619/5011 4538/8620/4931
f 2306/3964/3282 300/476/414 302/478/416
f 971/1581/1445 4026/1580/1444 845/2424/1251
f 2362/4058/3344 4021/7390/470 4456/8453/5064
f 1342/2220/1981 1697/8621/2503 1699/6250/2505
f 1787/3019/2614 3570/7921/4552 623/8622/213
f 1787/8623/2614 623/8624/213 173/4132/218
f 3383/5967/4375 4539/8625/1822 3374/5949/4369
f 1822/3084/2668 482/771/702 2054/3467/2947
f 349/7171/490 2641/4555/3654 3821/6844/4725
f 3344/5885/4342 2568/8342/3581 391/8626/566
f 1544/2580/2277 3061/5346/4085 1354/2235/1995
f 2935/5072/3958 4540/8627/2866 1981/5073/2865
f 1992/3365/2880 4520/8591/5076 1643/2764/2419
f 3968/7273/3257 1914/3233/2783 1531/2561/2260
f 3065/4316/3507 5149/291/234 181/293/236
f 932/1501/1171 1479/4210/2189 1941/3279/2816
f 918/1480/1360 1782/3011/2611 2052/3465/2945
f 3332/5862/4329 1765/2986/2588 4541/8628/1153
f 2417/8629/2961 4223/8630/2963 3598/8631/3601
f 2918/5039/3939 1476/2468/2186 803/8128/1185
f 3005/7508/4029 4233/8632/4978 221/5304/297
f 1532/2564/2261 4457/8454/1334 3020/6793/4046
f 3229/5681/4246 3273/5754/3033 3272/5753/4128
f 1660/2797/2444 3171/4805/3805 3840/2798/2445
f 609/2910/904 942/1519/1395 4542/8633/2513
f 4110/7598/4922 4016/3721/3119 2181/3720/3118
f 3943/7214/421 3832/6946/4761 3666/4838/3819
f 4368/8634/4560 1454/7730/2147 3579/8635/4561
f 3387/8636/4380 4543/8637/1121 3623/6486/4598
f 1227/2033/1820 2811/4859/3831 2911/5031/1398
f 2959/5121/3984 8/11/11 338/7678/474
f 4910/413/353 4400/8343/4901 259/414/354
f 1576/2643/2324 1533/2565/2262 2084/3525/2992
f 2044/3454/2937 2903/3453/2936 2440/4194/3439
f 4339/8202/2769 2179/3714/3112 4764/3716/3114
f 2902/2026/1579 1220/2025/1815 3494/3252/1577
f 1035/3655/1549 2147/3657/2463 4544/8638/3988
f 572/914/839 4184/7788/3745 3282/5766/1319
f 572/914/839 3282/5766/1319 571/912/838
f 3287/5682/4247 3272/5753/4128 4545/8639/2933
f 885/1428/1312 4546/8640/2510 4200/8641/4737
f 2579/1850/1672 4300/8070/1642 3728/1851/1673
f 1043/1716/1557 1743/1715/1556 1727/1901/1715
f 4494/8529/4838 3194/5597/1401 4130/7656/4930
f 4547/8642/2853 4085/7525/4910 3748/6755/4695
f 1458/7886/2151 3620/6481/4595 963/1567/1435
f 3897/7100/3827 3946/8643/3826 3898/7101/1621
f 1139/1897/1711 3235/5689/4252 661/1065/978
f 645/1043/958 2280/5436/3240 3704/1249/1151
f 2783/4801/3803 2266/4802/3224 4548/8644/3225
f 287/5386/398 236/375/315 235/374/314
f 2557/4419/562 5133/4421/3573 1446/2398/2131
f 720/3094/1076 3610/6456/4587 1828/3095/2677
f 4443/8437/5059 2982/5176/4009 2983/5177/4010
f 4467/7823/4965 4391/8319/5039 4549/8645/4071
f 559/893/819 4550/8646/2985 560/894/820
f 2717/8647/739 4551/8648/3734 1506/8340/2224
f 4668/4447/3587 5048/3206/2762 2330/4005/678
f 480/8649/699 4552/8650/558 4974/8651/560
f 4058/7456/4899 4057/7455/4565 714/8131/1070
f 3234/5688/4251 4449/8444/5061 3199/5607/4219
f 4553/8652/448 222/5230/298 3011/5232/2561
f 3357/5912/3379 4407/8358/5046 3358/5913/4357
f 154/239/193 4885/451/390 143/225/180
f 2835/4888/3852 4128/7650/4261 4127/7649/4927
f 1450/3168/2140 3914/7139/510 1371/2269/2022
f 4778/8653/3488 5080/6623/4647 4034/7411/2616
f 3821/6918/4725 2641/6570/3654 2480/4277/3484
f 2844/8654/3859 2081/7654/2986 4129/7653/4929
f 5113/7289/4506 3618/2550/2249 4981/2552/2251
f 4742/722/655 3305/5810/4308 427/686/620
f 15/18/16 16/20/18 2349/4037/3326
f 13/29/14 15/18/16 2349/4037/3326
f 1641/6559/2415 3059/5342/4082 4203/7840/4966
f 2348/4036/2862 254/5629/346 1978/5632/2863
f 1497/6789/252 4197/8655/254 2907/6790/1351
f 3426/6063/1606 2270/8656/3227 3427/6064/4419
f 2465/4249/3467 4775/8657/2181 4554/8658/2180
f 1128/1882/1698 3611/6458/4588 4345/4910/3866
f 1759/2976/2583 1128/1882/1698 4345/4910/3866
f 3373/6144/3415 5037/6943/2193 1075/1774/1607
f 3088/8659/4111 3071/4414/3570 4561/4413/3569
f 4555/8660/1559 1045/8661/437 4556/8662/4073
f 4557/8663/4655 1541/7135/2272 312/494/432
f 4557/8663/4655 312/494/432 1883/8205/2740
f 4887/4328/3516 2749/4730/3761 3077/5370/4101
f 3537/6286/4523 4887/4328/3516 3077/5370/4101
f 3579/8635/4561 1454/7730/2147 2778/7732/3798
f 4704/8664/5082 623/8624/213 4558/8665/926
f 5055/279/224 177/282/227 3143/4076/3355
f 3659/3267/2805 3518/6247/4508 3983/7304/4855
f 3433/6077/4427 782/1256/1158 781/1255/1157
f 4548/3874/3225 2267/3873/2521 4559/8666/2350
f 3696/1144/1053 2840/3146/2714 705/1145/1054
f 4546/8667/2510 1703/8102/2509 350/8101/493
f 677/1096/1006 1191/1098/1008 2097/3555/1783
f 2999/5210/3966 1483/8668/4265 4560/8669/2526
f 2499/4324/3513 4506/5622/1727 2030/3433/2539
f 2990/5190/4018 4041/7422/4891 4756/670/604
f 5066/8670/3487 3180/5566/4199 984/8671/1464
f 4716/3021/2615 169/266/207 623/265/213
f 3570/7921/4552 4716/8672/2615 623/8622/213
f 5118/4556/3655 4921/2738/2395 337/535/473
f 1783/8673/1297 3295/5791/4242 2614/5790/1298
f 3070/8674/3568 1868/3162/2728 4561/8675/3569
f 2326/3996/3303 3571/6368/2927 3854/7000/4777
f 1737/2941/2555 1805/3051/2640 5072/2942/1207
f 3141/5486/4166 2506/4336/3523 4102/7577/4918
f 27/50/31 26/6029/30 37/51/43
f 4463/6428/2033 3104/5424/4133 3612/6459/2034
f 423/8257/615 3006/5224/4030 539/872/798
f 1547/6600/2283 4562/8676/4997 3672/6601/4642
f 4280/6185/4480 2711/4671/3729 3759/8677/4705
f 1093/1811/1639 2068/5860/2966 1664/2805/2452
f 3543/6306/3120 3129/8678/4153 3544/6307/4528
f 4391/8319/5039 4392/8321/854 4549/8645/4071
f 3575/6380/4558 1825/3091/2674 2661/4589/3676
f 4563/8679/4365 5068/8680/5083 4564/8681/5068
f 602/971/893 1593/973/895 848/1365/1257
f 4565/8682/4017 4150/7709/2081 3932/8683/2661
f 4565/8682/4017 3932/8683/2661 4566/8684/1572
f 3772/6807/4300 3788/7262/1893 4214/6808/930
f 3957/5903/1754 1169/8685/320 3140/5485/4165
f 614/4298/911 2952/5112/3977 615/8686/912
f 1427/2374/2110 3973/7288/4605 3934/7185/4830
f 329/8687/456 4497/6131/4453 3459/8688/4452
f 3661/6580/4635 721/1171/1077 2483/4288/3491
f 2776/4792/3795 730/1187/1093 1633/2744/2401
f 2339/4284/3314 2482/4286/3490 3628/6498/4606
f 4028/8689/4885 4638/6540/4620 3163/5535/4187
f 1367/6666/2017 2690/4641/3709 2766/4768/3784
f 4158/7724/3359 4443/8437/5059 2376/8690/3360
f 2367/2665/2341 1591/2667/2343 4939/6998/4776
f 1260/2094/1880 3478/2096/1882 871/8691/1293
f 455/730/661 654/729/660 3685/1404/1291
f 3547/3217/2770 1904/3219/2772 3411/8692/4409
f 540/8693/799 238/378/318 629/1021/800
f 603/972/894 602/971/893 2141/3645/1311
f 4025/7396/1873 4250/7947/4986 4064/7397/4594
f 830/1331/1226 1790/3028/2622 360/571/509
f 4841/4220/3452 888/1432/1315 4255/7108/4815
f 4561/8694/3569 2079/3507/2980 3088/5387/4111
f 821/1320/1215 380/607/545 822/1321/1216
f 682/1105/1015 5061/8695/5084 2225/1106/1016
f 2039/3445/2930 3009/7057/4033 4159/7725/4944
f 3089/5388/2346 3024/5264/4055 4627/7652/4928
f 3826/7352/4758 2806/4849/3825 3897/4851/3827
f 4737/8696/3241 3806/6889/4745 712/1162/1068
f 5142/6150/3799 4500/8553/5073 4054/6151/4459
f 2679/4621/3694 3537/6286/4523 3077/5370/4101
f 1208/8697/372 726/1182/1088 866/1397/1284
f 1556/2609/2300 4330/8179/4693 1741/2948/2560
f 4140/7684/1745 1575/2641/2323 1574/2640/1746
f 2318/7761/3294 4142/8698/3960 534/864/790
f 4567/8699/5085 438/703/637 437/702/636
f 2090/528/466 4846/527/465 2965/8700/3991
f 4265/7980/4992 2168/3695/3096 2170/3697/3098
f 3513/2825/2468 4568/8701/4879 4166/6369/4553
f 3668/6592/4465 3442/6100/4437 3669/6593/4639
f 344/547/485 346/549/487 4534/8609/5081
f 344/547/485 4534/8609/5081 2059/3472/2952
f 3597/6424/4575 1950/3297/2828 441/707/640
f 184/298/241 334/524/462 333/523/461
f 4213/7857/4971 2018/8467/2908 3242/5698/4258
f 2489/4304/3499 4656/4303/3498 2692/4644/3710
f 4164/8702/4388 2219/3786/3167 4165/5082/3962
f 1138/1896/1710 3534/6280/4521 769/1235/1139
f 814/1306/1202 816/1308/1204 4022/8703/4882
f 838/1346/1241 1660/2797/2444 839/1347/1242
f 174/6470/220 2442/4196/3440 2441/4195/221
f 1416/3606/2090 4123/7641/3510 2126/3607/3038
f 4569/8704/2349 2151/3662/3071 917/3991/1359
f 2853/3389/2892 620/1003/920 1110/8705/1668
f 3412/8706/2541 1904/3219/2772 3499/6207/4495
f 4623/7940/150 5116/7939/4633 127/2465/156
f 237/377/317 1519/2540/2241 238/378/318
f 1187/1975/1778 5074/6189/4482 504/1976/742
f 3051/6384/3325 347/550/488 4570/8707/4080
f 4912/8708/4724 4439/8428/5057 2994/8709/2793
f 4113/2379/2115 1431/2378/2114 4390/8318/4840
f 1097/8710/1646 3758/6778/4704 3231/8711/4248
f 4032/7407/2116 4031/7406/4887 1432/8594/2117
f 3646/6374/4346 3177/5560/785 4289/8712/4347
f 1109/1843/1667 1592/2670/2344 3721/6706/4674
f 4382/8304/5036 2457/2166/1937 2456/966/888
f 5079/8242/4818 4595/3116/2691 4571/8713/2321
f 903/1455/1336 1452/2411/2143 904/1456/1337
f 1926/3255/2799 723/1423/1084 2383/4096/3368
f 1533/8714/2262 3692/6644/382 3539/6293/4525
f 1461/2818/2160 3978/7298/4854 4395/8715/2161
f 4572/8716/1306 1221/2027/1305 58/78/63
f 603/2673/894 655/1429/971 4155/2674/970
f 4067/7478/862 4066/7477/3246 2284/8717/2587
f 4573/8718/4584 3316/8719/4316 3852/8720/4774
f 4002/8721/2280 4574/8722/2388 2957/8723/3982
f 2049/3460/2942 2048/3459/2941 4575/8724/5022
f 4005/7345/1023 4118/4302/3497 3041/2111/1895
f 1270/2110/1894 4005/7345/1023 3041/2111/1895
f 5006/8725/4936 3705/6674/2373 4212/6729/4683
f 1867/3160/2726 4576/8726/4868 2248/3837/3199
f 4429/614/552 4749/2776/2429 386/615/553
f 1000/1632/1484 935/1505/1381 1524/2549/2248
f 2351/4044/3333 2029/3431/2920 4781/4493/3616
f 2669/4603/3685 2192/3739/3134 2716/4678/3732
f 4138/7679/4935 2807/8727/3828 3814/7836/2079
f 2659/4586/3673 2239/3149/2717 2554/3148/2716
f 1784/3015/2613 1786/3017/821 562/8728/823
f 2717/8729/739 1506/8730/2224 2074/8731/2975
f 3078/5371/4102 3071/5361/3570 4577/8732/397
f 4497/6131/4453 466/6133/676 3459/8688/4452
f 4578/8733/4714 828/1329/1224 3777/8429/4715
f 2637/4549/3650 4669/4305/3500 2638/4550/3651
f 8/11/11 10/1/1 4138/7679/4935
f 3036/5288/2601 2916/7335/3937 1472/2456/2177
f 5122/1858/1680 1116/1857/1679 1228/2034/1821
f 4506/5622/1727 3263/8734/1616 3264/5623/1507
f 4963/8735/2348 1089/1803/1631 4753/3155/2721
f 2779/4797/3800 3595/6422/4573 3018/5248/4044
f 2779/4797/3800 3018/5248/4044 2949/5109/3974
f 2510/4347/3527 2798/4146/3406 3145/6455/4168
f 4039/2992/2594 3601/6432/4577 1770/2993/2595
f 5149/8736/234 4323/8737/4973 4646/8738/3642
f 295/4740/409 4579/8739/4723 3643/6538/4619
f 1749/2961/2571 1112/1852/1674 4008/3675/3080
f 2403/7438/3397 4048/7437/4895 1412/4714/2085
f 2673/4611/1420 1503/2515/92 1502/2514/2219
f 919/1481/1361 3754/3796/3176 4580/8740/3572
f 2098/3358/2875 234/373/313 2275/3891/3235
f 4519/8741/5075 1832/7670/2680 4069/7481/4903
f 3050/6418/4079 4581/8742/1640 4300/8743/1642
f 3790/6780/4706 4582/8744/4728 1415/2349/2089
f 234/373/313 233/372/312 2451/4215/2895
f 1339/2216/1978 1338/2215/1977 2779/4797/3800
f 59/87/70 56/83/68 4572/1420/1306
f 3767/6799/2044 763/1226/1131 765/1228/1133
f 3769/1981/1781 2470/1983/1782 690/1120/1030
f 4583/8745/2656 2767/4769/3785 4125/4770/3786
f 1509/2524/2227 969/1578/1443 1510/2525/2228
f 1527/2556/2255 1529/2558/2257 2871/4960/3896
f 4190/2387/2121 3642/8746/4130 1437/2388/2122
f 3138/2415/2145 4368/6688/4560 3021/5254/4050
f 3609/8747/4448 4524/7779/4746 792/6860/1172
f 2824/4875/3841 785/1259/1161 2698/4651/3713
f 4326/8748/5019 3919/8749/4823 4287/8033/5001
f 155/240/194 680/1102/1012 952/1543/1413
f 1394/2316/2060 1395/2318/2062 552/8750/812
f 1130/1884/1700 4491/8522/4381 3611/6458/4588
f 4584/8751/579 5087/8752/3456 285/8753/395
f 832/1333/1228 877/1415/1301 556/890/816
f 1735/8754/2551 5104/6013/4399 4518/8755/2552
f 3779/6823/4302 3948/8756/1909 1569/2628/999
f 4856/4084/3361 1438/2389/2123 1657/2790/2438
f 592/213/170 893/1443/1324 4458/8457/2575
f 4091/7545/4914 2372/4073/3352 3291/5784/4297
f 4585/8757/3252 4586/8758/3193 2543/8615/3460
f 5134/3045/2634 1801/3047/2636 4575/8187/5022
f 2589/4471/3603 1969/3328/2494 1691/4627/2493
f 4136/6358/4547 1398/2324/2066 1694/2862/2499
f 759/3624/1127 1968/3327/2848 1252/8593/1868
f 1293/4997/1927 804/1288/1186 3064/5351/4087
f 4021/532/470 4226/7890/3763 4218/7872/4974
f 1276/8759/1903 3922/8760/4641 5138/8761/2204
f 4587/8762/2319 4785/5115/239 1661/7742/2447
f 4588/8763/4213 3801/8764/4738 3712/6685/4664
f 4002/2583/2280 1235/3870/1835 4574/8765/2388
f 4422/761/692 477/763/694 1237/2055/1842
f 1222/2028/1022 3487/8292/3989 1223/2029/1816
f 1947/3292/2823 1794/3034/2625 1948/3293/2824
f 2538/4385/3553 2537/4384/891 600/4575/890
f 3775/6813/4713 4589/8766/5086 2604/4502/3621
f 3041/2111/1895 4118/4302/3497 2489/4304/3499
f 4061/6750/4692 3445/6104/4440 2370/4071/3350
f 1217/2021/1811 1219/2023/1813 2298/3944/3273
f 1261/5418/1881 2989/2714/2374 1617/2715/2375
f 3373/6144/3415 1075/1774/1607 1077/1776/1609
f 4694/8767/5087 4881/6817/4716 2995/8768/3470
f 4203/7840/4966 3059/5342/4082 3214/5644/4233
f 1586/2656/2335 2705/4661/3721 4567/8699/5085
f 437/702/636 1586/2656/2335 4567/8699/5085
f 800/1282/1182 5049/4812/3809 4653/840/768
f 4590/8769/5088 2151/3662/3071 4569/8704/2349
f 1591/2667/2343 1590/2666/2342 3378/5954/2229
f 2104/3565/3012 1881/3179/2739 998/1623/1481
f 77/8770/74 70/8771/81 261/416/356
f 922/1489/1368 3228/1488/1367 4208/7850/778
f 4591/8772/5004 4482/8506/4596 4592/8773/4923
f 1989/3362/2877 4593/8774/5089 528/854/780
f 1990/3363/2878 1989/3362/2877 528/854/780
f 4811/6812/4712 3838/447/386 275/436/375
f 915/1625/1357 996/1627/1478 995/8472/1477
f 450/3200/652 279/444/383 3881/446/385
f 292/467/405 1731/2929/2547 3351/5899/984
f 1353/2234/1994 1613/2708/2369 2081/3517/2986
f 453/726/657 454/728/659 2708/4668/3726
f 1414/2348/2088 4594/8775/4889 3362/5921/4360
f 749/8776/1114 3440/6097/3304 4206/6099/1115
f 2790/4815/3810 3495/6200/4490 965/4816/1439
f 4976/7595/4920 4245/5925/4362 1912/3229/2779
f 1982/8777/2867 4972/7852/4970 4210/7854/4869
f 4595/8778/2691 4596/8779/2436 3152/8780/2692
f 2395/4643/3388 1621/8781/2379 1620/6923/2378
f 3811/8246/3443 4358/8245/4180 2445/8782/3444
f 2369/8783/1918 4735/8165/4959 1285/8784/1919
f 4507/8567/4474 4597/8785/5090 3484/8786/4475
f 4582/8744/4728 3894/7090/4810 1415/2349/2089
f 3956/4830/3269 3031/5283/2008 1221/2027/1305
f 4561/8787/3569 1868/3612/2728 2128/3614/2981
f 4561/8694/3569 2128/3508/2981 2079/3507/2980
f 2049/3460/2942 4575/8724/5022 4243/3571/3016
f 4278/1958/1762 2681/4624/3696 4411/8363/5035
f 1481/2474/2192 247/5604/335 4120/2475/337
f 209/5192/283 4598/8788/285 2991/5193/4006
f 1746/964/886 4239/7910/4983 4628/965/887
f 2455/2529/2231 2889/4996/3920 2583/4460/3049
f 1622/2723/2381 223/7361/299 954/1549/1419
f 1622/2723/2381 954/1549/1419 186/301/244
f 478/7209/695 85/127/98 2511/4345/3528
f 4287/8033/5001 3919/8749/4823 4316/2851/163
f 3170/5547/4194 3910/7128/3161 4599/8789/3220
f 3061/5346/4085 4600/8790/5091 1354/2235/1995
f 1934/3266/2777 3518/6247/4508 3659/3267/2805
f 3595/6422/4573 3654/6558/4627 3018/5248/4044
f 2738/4715/3753 3255/5719/4271 3256/5720/4272
f 3560/6340/4137 2076/3503/2977 4601/8791/2990
f 2144/3650/3064 4467/8475/4965 2769/4774/3788
f 4402/1932/1741 842/1355/1247 3899/1358/1250
f 534/8792/790 4121/7639/4926 2487/4295/3493
f 597/962/884 596/961/883 686/1116/1026
f 933/1250/1152 3704/1249/1151 1046/8793/1379
f 3967/7272/4848 1914/3233/2783 3968/7273/3257
f 2871/4960/3896 1554/2607/2298 1039/1711/1552
f 1925/860/786 4949/8794/4766 531/861/787
f 2223/3792/3173 2224/3793/3174 3354/5907/4354
f 2753/8795/3769 4602/8796/5013 595/958/880
f 3945/7217/4837 4353/8797/5029 305/482/420
f 4603/8798/4634 1637/2754/2410 283/453/392
f 4604/8799/726 4440/8800/5058 3989/8801/4858
f 2041/8802/2932 2536/4383/3552 3008/5228/4032
f 1368/2261/2018 1367/2260/2017 4153/7717/4658
f 1368/2261/2018 4153/7717/4658 936/8218/1383
f 4536/8612/1695 4419/8378/5049 596/8377/883
f 1064/1751/882 4536/5347/1695 596/8803/883
f 1361/8804/2004 5001/7553/4916 990/8805/1472
f 3059/5342/4082 1695/2863/2500 3214/5644/4233
f 2871/4960/3896 1031/1700/1543 1554/2607/2298
f 2355/4049/3338 4605/8806/4802 1043/1716/1557
f 3135/5477/4162 2945/5102/3971 4062/7462/4902
f 4945/5818/4314 2255/3855/3212 4606/8807/3787
f 3183/5972/4202 3184/8808/4204 413/665/599
f 1594/2676/2347 3089/2675/2346 4607/8809/5092
f 3546/6311/4531 4608/8810/5093 1892/3193/2752
f 3759/8677/4705 2034/3437/2925 3790/6849/4706
f 2455/2529/2231 2583/4460/3049 2606/4505/3624
f 2750/4734/3764 4226/4733/3763 1034/1705/1548
f 355/564/502 4872/3569/3015 4496/565/503
f 3377/3889/3233 4997/6669/1906 4609/8811/1908
f 2699/8812/3714 1939/3274/2812 4610/8813/5094
f 752/1213/1118 1961/5827/2842 4783/712/645
f 4778/8653/3488 5066/6624/3487 5080/6623/4647
f 2218/3785/3166 4608/8814/5093 3546/7711/4531
f 3231/8815/4248 1474/2462/2182 4611/8816/3400
f 914/1476/1356 500/803/734 915/1477/1357
f 4965/8817/1146 3530/8818/1862 776/8819/1147
f 4204/7842/4967 105/6818/125 4694/8767/5087
f 4285/8820/5000 357/8821/506 4612/8822/3266
f 4613/8823/4178 3581/1885/1701 3474/8824/1162
f 1011/1653/1503 18/22/20 13/16/14
f 2413/4155/3410 3708/6678/4662 4614/8825/3411
f 652/1054/968 162/251/201 1710/2887/2520
f 2318/7761/3294 534/864/790 533/863/789
f 656/1060/973 658/1062/975 2475/4269/3478
f 4612/8826/3266 2295/8827/3268 3334/5867/4331
f 3553/8170/4535 2424/4170/3421 3585/3058/2646
f 2239/3149/2717 4790/5408/3702 2042/3448/1729
f 2891/2243/2002 1361/2245/2004 4615/8828/1471
f 2814/4862/2683 1427/2374/2110 3260/4327/3515
f 4616/8829/2901 459/735/666 3320/5839/2885
f 1074/1771/1605 2269/3877/1194 3426/1772/1606
f 2902/1741/1579 4617/8830/3045 4495/8831/478
f 3252/5716/4268 275/436/375 2216/3783/3164
f 1410/8300/2083 3022/5258/2082 2437/4191/3436
f 4821/8052/5003 4115/4444/3585 3181/4885/3849
f 3017/5243/4040 1692/2858/2495 2756/4751/3771
f 1418/2355/2095 2708/4668/3726 1419/2356/2096
f 841/4732/1246 459/8832/666 4814/3399/2900
f 3727/6160/4466 3410/6030/4407 4618/8833/3205
f 4227/7891/764 3773/6201/4491 3756/6773/4702
f 1587/2660/109 88/136/102 93/145/106
f 2645/4560/3659 3926/5314/4075 2801/4841/3822
f 4789/7490/1728 4619/8834/5095 3962/8835/3586
f 3335/5868/4332 3337/5870/4334 2519/8836/3535
f 2735/8837/3750 3414/6041/4411 4404/8352/5044
f 3601/8838/4577 467/749/680 567/907/833
f 1778/3005/2606 716/1166/1072 2822/4873/3839
f 1866/3159/2725 2344/8839/3320 4620/8840/3101
f 1365/8841/2012 2471/8842/3446 4621/8843/2013
f 1835/3107/2685 1222/2028/1022 1224/2030/1817
f 1702/3526/2508 4821/8844/5003 5098/5836/4200
f 1742/2951/2563 3098/5397/4117 282/3018/391
f 4707/1158/1064 3219/1160/1066 1768/2990/2592
f 2859/4934/3881 2858/4933/2454 3833/6947/4762
f 291/466/404 290/465/403 3065/5352/3507
f 4454/4570/3664 267/197/155 4441/4571/3665
f 4239/7910/4983 4207/8845/4968 1365/8846/2012
f 4622/8847/4991 4623/8848/150 124/8849/152
f 4622/8847/4991 124/8849/152 3640/6527/4615
f 3684/6631/3944 4666/1350/1244 4474/1349/1243
f 3046/950/874 4033/4529/3639 3092/5391/4113
f 2753/8795/3769 595/958/880 594/957/879
f 1176/2482/1765 4624/8850/3886 4252/7951/4987
f 3503/6219/4497 3935/8851/4831 4083/6496/4604
f 4625/8852/422 2800/6590/3820 1391/7008/2056
f 1293/4997/1927 3064/5351/4087 290/465/403
f 2172/7536/3100 3425/7535/4418 2742/3184/2743
f 341/542/480 3597/6424/4575 440/706/639
f 3083/5378/4108 3220/8853/4236 2682/8854/3697
f 1862/6079/2720 3083/5378/4108 2682/8854/3697
f 1993/3366/612 2065/3482/2959 1974/3334/2854
f 4626/8855/2564 282/452/391 1772/2996/2597
f 606/6776/901 3758/6778/4704 3753/6768/4701
f 3695/455/394 4584/8856/579 285/456/395
f 4093/7549/4915 4094/7550/1613 1079/8857/1614
f 2066/2046/1833 1995/3369/2881 3093/1475/1355
f 1873/3170/511 3914/7139/510 1450/3168/2140
f 850/8858/1259 2340/6031/3316 1008/8859/1498
f 4621/4263/2013 2472/4265/3466 5105/4764/3780
f 1474/2462/2182 4627/8860/4928 1475/2463/2183
f 1895/3199/2756 598/3198/885 4628/8861/887
f 3881/446/385 4629/8862/4852 4630/8863/2097
f 3274/4992/3916 2885/4991/3915 3405/6021/4403
f 4177/7770/4955 4485/3639/3057 4631/8864/5096
f 191/308/250 4632/8865/5097 4633/8866/2650
f 3708/8867/4662 1631/2742/2399 4614/4152/3411
f 2595/4711/3611 2737/4713/3752 4634/8868/1270
f 4635/8869/2274 3338/5872/4336 5122/1861/1680
f 2324/3992/3105 2677/1546/1416 2676/3993/3301
f 37/51/43 2952/5112/3977 614/4298/911
f 2149/3660/3069 2151/3662/3071 4590/8769/5088
f 4957/6915/4754 3819/6914/4753 3258/8870/4274
f 2975/5154/4001 3379/5956/4370 4636/8871/5098
f 4605/8806/4802 1042/1714/1555 1043/1716/1557
f 3260/4327/3515 1427/2374/2110 3934/7185/4830
f 1591/2667/2343 811/1300/1196 810/1299/1195
f 2248/3837/3199 2728/4697/3740 2249/3838/3200
f 806/1291/1188 2198/1293/1190 3531/6273/4520
f 604/7224/896 4144/7698/2633 4494/7225/4838
f 4754/89/72 1776/3003/2604 624/1013/929
f 482/771/702 483/772/703 2054/3467/2947
f 4011/7356/4824 1504/6109/2221 2233/3808/3181
f 4637/8872/5099 4886/7905/4981 4638/8873/4620
f 4637/8874/5099 4638/8875/4620 4028/8876/4885
f 2903/5021/2936 2902/5020/1579 4495/8877/478
f 4639/8878/3183 3109/5437/4138 3677/6616/4644
f 205/332/273 3771/6804/4709 618/996/915
f 309/8879/426 4400/7461/4901 4640/8880/5100
f 4876/8881/378 309/8879/426 4640/8880/5100
f 113/173/137 119/184/138 4335/1092/1002
f 4554/2459/2180 4012/7365/4873 2657/6143/3670
f 4211/2123/1902 3923/7163/3741 1276/2124/1903
f 2519/8836/3535 3337/5870/4334 4641/8882/4456
f 483/772/703 402/647/583 403/649/585
f 2353/4047/3336 2352/4046/3335 4517/8586/4811
f 2832/4883/3848 1061/1746/1584 1063/1748/875
f 4961/693/627 4960/8883/4686 2674/4612/3689
f 505/6046/743 5074/8884/4482 4386/3977/3289
f 3830/6942/4468 4642/8885/2736 4851/3284/952
f 375/1654/538 3709/6679/4663 1012/1655/1504
f 1823/3085/2669 2693/5469/3141 1172/1954/1758
f 669/1950/992 2922/5053/3874 2854/6132/3875
f 2789/4844/2557 4643/8886/1045 2804/4845/1807
f 4961/693/627 3121/5449/4147 4295/8054/4361
f 1063/1748/875 1062/1747/1585 590/8887/876
f 1655/8243/2435 4596/8888/2436 4595/3116/2691
f 463/741/672 462/740/671 3428/6069/4422
f 4644/8889/5101 4075/3985/3296 4298/8066/4377
f 4721/923/848 577/922/847 1416/2350/2090
f 984/8890/1464 4310/8115/2139 1190/8891/531
f 2172/7536/3100 2742/3184/2743 389/626/564
f 1073/8892/1600 2046/3456/1602 2045/3455/2938
f 4069/7481/4903 3269/5748/4282 3268/5747/4154
f 3866/7034/1044 4053/7098/4812 1213/4817/1805
f 1674/2829/2472 2832/4883/3848 2831/4882/3847
f 4396/506/444 322/508/446 1048/1726/1565
f 478/764/695 4365/138/107 85/8893/98
f 1011/3560/1503 2349/4037/3326 80/122/89
f 1924/5483/2797 2271/3880/3228 3494/6199/1577
f 4659/6617/1775 1537/2570/2267 5079/8894/4818
f 3898/7101/1621 3946/8643/3826 3327/8895/3288
f 1040/1712/1553 3745/6747/2870 1041/1713/1554
f 1399/2326/2068 3557/6336/4539 2117/3587/2316
f 1487/2489/2202 5095/8896/4632 5004/2490/2203
f 3507/6224/4501 1822/3084/2668 1027/1690/1534
f 3938/7198/4564 2796/2664/2340 4645/8897/61
f 4323/8898/4973 3911/8899/4819 4646/8900/3642
f 5034/7922/4083 651/1053/967 652/1054/968
f 4647/8901/4881 4648/8902/4356 1794/3034/2625
f 3906/7123/4062 4443/8437/5059 4157/7723/4943
f 4122/7640/3897 1819/3078/2662 1820/3080/2664
f 2843/8903/3858 2081/3517/2986 2844/8904/3859
f 3176/2125/1904 2720/857/783 3177/859/785
f 4302/8079/2701 4649/8905/4430 3848/6983/1385
f 1341/2219/406 666/1073/986 1342/2220/1981
f 5014/941/866 4608/8814/5093 2218/3785/3166
f 4142/7688/3960 4121/7639/4926 534/8792/790
f 1625/2727/2385 4375/8287/5034 4971/4677/3731
f 4540/8627/2866 1437/2388/2122 3642/8746/4130
f 301/477/415 3555/6332/4169 481/770/701
f 3158/5521/3774 4490/8520/3776 3157/5519/4182
f 1116/1857/1679 1098/1825/1651 1228/2034/1821
f 3331/8906/4328 3215/450/389 4650/8907/3567
f 2343/4024/700 863/1393/1280 470/753/684
f 2727/4696/3739 495/794/725 3522/6254/4512
f 3299/5797/534 3196/5599/2010 3300/5798/4304
f 893/1443/1324 892/1442/1323 4838/2787/2437
f 2681/4624/3696 2680/4623/3695 4676/8406/5052
f 3748/6755/4695 633/1026/941 1984/6727/2872
f 3502/6218/3362 2851/4914/3870 4651/8908/332
f 596/8909/883 4420/4946/3887 687/4945/1027
f 3736/6731/4570 3737/6733/4685 3589/5808/4307
f 4652/8910/2306 243/1152/326 2332/1154/1060
f 5007/6066/4420 1916/4904/2785 1090/8911/1634
f 1158/1928/1737 3168/5545/4192 1243/2065/1852
f 4635/2577/2274 5122/7555/1680 1543/2578/2275
f 1558/2611/2302 3366/5933/4364 3453/6120/4447
f 3086/2332/2074 2763/2334/2076 2764/8912/3781
f 3837/6961/993 3086/5383/2074 2764/6962/3781
f 268/427/366 437/702/636 3924/428/367
f 480/8649/699 4974/8651/560 863/8913/1280
f 4134/7664/4932 2519/8836/3535 4133/7663/2723
f 3823/2043/1830 1844/8914/2697 1273/2041/1828
f 1394/8915/2060 552/886/812 551/885/811
f 3037/8916/3987 131/7860/165 39/56/46
f 2649/4567/3661 4229/7893/4976 2893/5007/3924
f 4653/8917/768 2773/4785/770 1936/4755/2808
f 1638/2755/2411 1864/3156/2722 4358/8245/4180
f 473/756/687 472/755/686 2042/1920/1729
f 3366/5933/4364 3624/6487/4599 1359/5931/2001
f 763/1226/1131 3042/5300/4070 764/1227/1132
f 191/308/250 1105/7425/1661 4632/8865/5097
f 3518/6247/4508 4158/7305/3359 3983/7304/4855
f 3997/4929/3878 4654/8918/3821 4230/4930/3879
f 2551/4403/3563 2552/4405/1200 4514/8582/1199
f 2520/4361/3537 1990/3363/2878 2521/4362/3538
f 2089/3541/3001 1932/3263/1979 1933/3264/2442
f 3850/6988/4772 1497/2508/252 1496/2507/2213
f 1840/3119/2694 2040/3446/2931 3191/5591/4210
f 2823/5763/3840 3281/5765/4288 5029/6877/4739
f 3170/5547/4194 4599/8789/3220 4035/8919/4888
f 1389/2306/2052 23/31/28 14/17/15
f 2963/5129/1550 1035/8920/1549 4544/5130/3988
f 342/543/481 1093/1811/1639 3301/5802/4306
f 5001/8921/4916 5003/2720/2380 3762/334/275
f 3912/7137/3677 1375/8922/2025 2307/5963/2897
f 3632/6508/4025 3631/6507/4530 4565/8923/4017
f 1689/2850/2489 5064/2588/2285 1687/2847/2486
f 3927/8924/4617 4216/8925/4217 2295/8926/3268
f 564/904/830 2960/5122/3985 4655/8927/981
f 4118/7634/3497 685/1115/1025 4656/8928/3498
f 5020/6822/4718 3948/8756/1909 3779/6823/4302
f 3016/5241/3095 2063/1662/1508 1014/1664/1510
f 544/4695/804 4161/8072/2469 2727/4696/3739
f 2384/4098/3370 662/1066/979 1449/2406/2138
f 813/6833/1201 3785/6832/4410 4657/8929/4205
f 3872/8930/1051 2337/4015/3312 3873/8931/4795
f 2341/4022/3318 2016/3410/2167 2015/3409/2906
f 4862/1935/1744 1574/1937/1746 4762/4709/3749
f 3203/287/230 176/281/226 3541/1000/917
f 4658/8932/3965 2002/8933/2888 4123/8934/3510
f 1114/1854/1676 1115/1855/1677 4659/8935/1775
f 1370/931/856 4660/8936/2134 581/932/857
f 1023/8057/1527 3063/5428/4086 373/5531/536
f 899/1450/1331 1792/8937/2623 117/181/145
f 2592/4475/3605 4168/1693/1537 3720/1692/1536
f 1000/1632/1484 4357/8938/4687 3699/1930/1739
f 382/609/547 2554/3148/2716 2553/7033/3565
f 2150/3661/3070 1198/1993/1789 1199/1994/1790
f 3029/5275/4061 2100/3558/3009 4056/7453/1106
f 454/8939/659 2823/5763/3840 4476/8497/4616
f 1643/2764/2419 1061/1746/1584 2832/4883/3848
f 1381/2285/2035 3612/2284/2034 1226/2032/1819
f 3301/5802/4306 1093/1811/1639 1664/2805/2452
f 916/6291/1358 2396/4125/3390 5053/910/836
f 2262/3864/3218 5148/6318/1434 3548/6317/4034
f 3256/5720/4272 2762/4762/3779 2259/3859/2325
f 1402/2329/2071 195/8394/259 3673/5619/4224
f 1402/2329/2071 3673/5619/4224 1601/5618/2357
f 2899/5017/3930 2827/4878/3843 4471/6055/4417
f 3072/3406/2904 4248/7941/3794 4225/978/900
f 4235/7903/4980 161/248/198 160/247/197
f 1661/2800/2447 3614/8940/4591 1572/2636/2320
f 2524/4365/3541 4183/7785/4958 4661/8941/5102
f 4375/8287/5034 2845/8286/3860 4971/4677/3731
f 1794/3034/2625 4648/8902/4356 1795/3035/2626
f 3478/5052/1882 4662/8942/258 1089/1803/1631
f 2539/5828/3455 2541/8943/3554 805/1289/1187
f 1816/3073/2657 2849/4908/3864 2175/3704/3103
f 2505/4335/3522 2579/8944/1672 2578/5268/3594
f 4153/7717/4658 4312/7716/4942 936/8218/1383
f 4663/8945/2243 4024/7459/4883 1521/8498/2244
f 183/297/240 1875/3172/2733 184/298/241
f 4549/8645/4071 2970/8946/3996 4849/5074/3959
f 2614/8947/1298 3052/2627/2314 4664/8948/1658
f 1711/2890/2522 4665/8949/4209 1745/8950/2566
f 2670/4605/3686 1676/2831/2473 2361/4056/3343
f 4666/8951/1244 2531/945/870 4475/8952/1245
f 4854/6489/4601 4451/3609/2780 3226/5677/3366
f 5130/5669/4239 1317/2187/1953 636/1029/944
f 3622/6485/4597 511/821/749 599/967/889
f 679/1101/1011 4256/1100/1010 4094/7550/1613
f 3926/5314/4075 4230/7894/3879 2802/4842/3823
f 4993/6087/1408 589/6086/872 4667/8953/4912
f 4859/8954/5103 4668/8955/3587 3164/8956/677
f 3144/1463/1344 4669/8957/3500 4117/8958/4925
f 4592/7603/4923 4482/6483/4596 1841/6482/2695
f 2288/3923/3255 1798/3039/2630 1800/3041/2632
f 640/1035/950 1784/7252/2613 1469/6290/2174
f 3779/6823/4302 1569/2628/999 3052/2627/2314
f 1490/6411/1483 1126/8959/1696 4322/6412/4569
f 1382/2291/2040 1269/2113/1896 3767/6799/2044
f 1223/2029/1816 3116/8960/4144 3115/8961/4143
f 3569/6361/4550 4583/8745/2656 5030/6362/2345
f 4194/7811/3941 4193/7810/1288 4089/7540/4847
f 4670/8962/5104 3564/6351/4544 1647/2769/2424
f 1542/2576/2273 1543/2578/2275 365/582/520
f 3095/5394/4114 3097/5396/4116 371/591/529
f 1773/2998/2599 4363/2909/2534 2599/7548/3617
f 5110/7522/26 92/143/110 4671/8963/5105
f 1991/3364/2879 1562/2617/2308 2790/4815/3810
f 514/826/754 1991/3364/2879 2790/4815/3810
f 2699/8812/3714 4610/8813/5094 4672/8964/5106
f 4673/8965/5107 2699/8812/3714 4672/8964/5106
f 3799/6868/2196 2388/4109/3376 2387/4108/3375
f 3392/539/477 339/538/476 1733/2932/2548
f 3609/8747/4448 792/6860/1172 3743/6744/1839
f 2663/4595/3678 3146/5499/4170 3235/5689/4252
f 1518/2539/2240 2663/4595/3678 3235/5689/4252
f 3546/6311/4531 1892/3193/2752 3142/3192/2751
f 5128/7825/4950 3079/5372/4103 4951/5366/4097
f 524/849/775 3287/5775/4247 525/850/776
f 1108/1842/1666 3568/8302/4549 5030/2671/2345
f 3467/6152/4460 1728/2924/2542 916/1478/1358
f 1771/2994/2596 1770/2993/2595 1185/1970/1774
f 2294/3937/3267 3927/8966/4617 2295/3938/3268
f 720/3094/1076 1144/1903/1546 1033/8967/1545
f 3678/8968/4645 4255/7957/4815 2333/4008/1112
f 4236/7904/2296 4892/7906/4982 4674/8969/2297
f 1028/1691/1535 2538/4385/3553 214/348/289
f 1801/7827/2636 451/720/653 4630/8970/2097
f 1745/2955/2566 1746/2957/886 598/7701/885
f 3300/5798/4304 3079/8971/4103 3929/7179/4829
f 4634/1380/1270 860/1382/1272 246/1583/333
f 1029/1698/1541 643/1040/955 642/1039/954
f 3462/8076/4454 4675/8972/2336 1792/8937/2623
f 4044/2601/2294 745/1204/1109 649/1051/965
f 768/1233/1137 767/1232/1136 4001/3497/2971
f 120/165/129 4416/185/146 3400/168/132
f 4492/8523/2439 3475/8973/4470 4433/7009/3078
f 3762/334/275 5003/2720/2380 4438/335/276
f 4676/8974/5052 725/1180/1086 1241/2063/1850
f 339/538/476 3048/5322/4077 1733/2932/2548
f 2397/4126/3391 4875/7278/4849 4531/8605/4238
f 3113/5441/4141 3114/5442/4142 4306/8133/5010
f 494/6328/723 2744/4725/3759 2305/7587/3280
f 1516/2535/629 4335/1092/1002 3249/2536/2237
f 3673/6603/4224 4677/8975/261 4861/2745/2402
f 2203/3759/3150 4802/5411/4125 4863/3758/3149
f 4631/8864/5096 2587/8976/3599 3553/8977/4535
f 5034/7922/4083 180/2298/231 651/1053/967
f 2667/4601/3683 2666/4600/3682 2581/4458/3595
f 2746/4727/2254 1390/2310/2055 3627/6495/4603
f 1911/277/222 2752/5162/3768 175/278/223
f 4779/52/42 37/51/43 4408/8359/2803
f 4213/7857/4971 539/872/798 3972/7287/4822
f 2490/4306/3501 3540/6997/3245 4249/4307/3502
f 2320/3986/3297 1622/2723/2381 186/301/244
f 1572/2636/2320 3614/8940/4591 4678/8978/4857
f 5127/8979/598 4876/8881/378 4640/8880/5100
f 4102/7577/4918 2142/3646/3062 602/971/893
f 390/627/565 1885/3183/2742 4622/7978/4991
f 2840/4895/2714 415/4208/601 1329/2205/1968
f 4750/8980/5108 4538/7660/4931 364/581/519
f 4750/8980/5108 364/581/519 4027/7399/4884
f 4664/1833/1658 3052/5329/2314 1304/1248/1150
f 5066/8981/3487 984/8982/1464 3682/8983/530
f 2215/7167/3163 269/8984/368 3926/7168/4075
f 3319/4480/3609 2121/3596/3030 2271/3880/3228
f 1659/8985/464 1860/3151/2718 4846/6276/465
f 3640/6527/4615 4679/8986/4610 1356/8987/1997
f 5077/7297/4853 2022/3418/2914 3482/6174/4473
f 4219/7873/4483 4218/7872/4974 4528/8602/2406
f 309/8988/426 2210/3772/3157 4055/3771/427
f 4046/399/339 4680/8989/4877 249/400/340
f 4571/8713/2321 2193/3741/3135 4175/8990/4953
f 2111/3576/1947 4615/1613/1471 991/1615/1473
f 5131/2069/1856 2675/2068/1855 3995/7327/4863
f 2300/3956/3275 2302/3958/3277 444/710/643
f 2300/3956/3275 444/710/643 2950/5110/3975
f 5103/4360/3536 2245/3830/3194 1865/3158/2724
f 2781/648/584 1417/2353/2093 4081/8991/296
f 2289/3924/3256 2288/3923/3255 1012/1655/1504
f 716/1166/1072 2535/4382/3551 717/1167/1073
f 4966/8348/4395 2060/8532/2955 4681/8992/1652
f 4694/8993/5087 2995/5201/3470 4682/8994/5109
f 3776/3763/3153 4683/8995/3998 3489/6192/4484
f 2254/3851/3209 316/3850/439 3434/6083/4431
f 4684/8996/5014 475/6728/689 4685/8997/691
f 3420/6051/4413 3419/6050/4277 1494/8998/2211
f 4020/7388/4880 4091/7545/4914 3291/5784/4297
f 2137/8999/3055 4686/9000/3054 1759/9001/2583
f 4687/9002/3574 1218/2022/1812 1217/2021/1811
f 1377/2275/2027 2696/1815/1643 1403/2330/2072
f 1405/5168/2077 2980/5170/4008 4420/8379/3887
f 4419/8378/5049 1405/5168/2077 4420/8379/3887
f 4937/9003/492 4936/8010/740 3701/8012/4657
f 4784/6555/4626 3175/5558/4197 4688/9004/5110
f 981/1600/1461 4945/5818/4314 3742/9005/4690
f 4689/9006/5111 5060/9007/3888 5059/8195/3737
f 4074/2478/2194 5037/2477/2193 3373/5944/3415
f 1845/3127/2699 1495/3126/2212 3190/9008/1870
f 1603/2693/2358 74/109/86 69/2694/80
f 3194/5597/1401 2149/3660/3069 4130/7656/4930
f 2621/2997/2598 284/454/393 377/9009/540
f 3663/9010/1685 4690/9011/1687 4691/9012/2891
f 3674/3994/3106 2676/3993/3301 3675/9013/4643
f 1301/2164/1936 3386/5974/4379 4721/2165/848
f 3191/5591/4210 2039/3445/2930 4159/7725/4944
f 4368/6688/4560 3138/2415/2145 1454/2417/2147
f 2654/5574/3667 3486/5573/4201 3990/7320/4859
f 4674/8969/2297 4892/7906/4982 207/9014/281
f 3151/5507/4174 4792/9015/3496 2070/5508/2968
f 725/1180/1086 2645/4560/3659 1241/2063/1850
f 1797/3037/2628 4457/8454/1334 1943/1036/951
f 2953/5113/3978 804/1288/1186 1293/4997/1927
f 745/1204/1109 650/1052/966 649/1051/965
f 1139/1897/1711 661/1065/978 1140/1898/1712
f 2901/5019/3931 3025/7223/4057 1876/3173/2734
f 2144/3650/3064 4731/3652/3066 4391/8474/5039
f 3288/5779/4295 1620/8273/2378 4004/7343/922
f 4692/6805/4710 3771/6804/4709 4465/7705/4938
f 4692/9016/4710 4465/8533/4938 4768/1723/1563
f 1710/2887/2520 164/2888/204 2384/5501/3370
f 3251/5715/4267 275/436/375 3252/5716/4268
f 3469/9017/4462 1238/9018/1845 2785/9019/1844
f 4693/9020/4398 2331/9021/3307 4065/7473/3109
f 3091/3940/3270 2870/2249/2007 3031/2251/2008
f 4925/3253/2798 1457/2422/2150 799/3112/1179
f 2112/3562/3010 87/130/101 2113/132/103
f 2155/3668/3076 591/3667/877 2229/3801/3179
f 2489/4304/3499 2692/4644/3710 4090/7541/4913
f 4436/8417/4351 1084/492/430 1085/9022/1626
f 2519/8836/3535 4134/7664/4932 3335/5868/4332
f 4277/7997/4860 2386/4107/3374 3243/5675/4243
f 4205/7843/4744 4204/7842/4967 4694/8767/5087
f 4205/6888/4744 4694/9023/5087 3379/5956/4370
f 2160/4628/3081 3826/7352/4758 2684/4629/3699
f 4695/9024/3869 1962/990/909 1273/2118/1828
f 4696/9025/3868 4695/9024/3869 1273/2118/1828
f 1473/2458/2179 1083/1795/1624 4780/3140/2708
f 121/189/148 1516/695/629 4052/1128/1038
f 4843/9026/5112 4337/8199/1637 4336/8198/5024
f 4697/9027/5113 4843/9026/5112 4336/8198/5024
f 4313/8121/5012 727/1485/1090 4698/9028/1089
f 3654/6558/4627 3707/6677/4661 4384/8307/5037
f 4103/8040/4919 4699/9029/2647 4700/9030/3907
f 2499/4324/3513 2498/4323/3512 4701/9031/3023
f 1335/9032/1974 1334/9033/1973 1980/3347/2864
f 1835/3107/2685 1224/2030/1817 3115/8961/4143
f 1835/3107/2685 3115/8961/4143 1836/3108/2686
f 283/453/392 3776/6814/3153 284/454/393
f 4188/7799/4961 2046/3456/1602 4468/8476/5066
f 2464/4245/3463 1196/1991/669 1195/1990/1787
f 4082/7513/927 1600/2690/2356 1602/2692/928
f 723/1178/1084 725/1180/1086 4676/8974/5052
f 4436/5901/4351 1085/9034/1626 4332/5902/3061
f 3193/5595/4212 1155/5594/1733 4702/9035/898
f 728/1185/1091 217/352/293 219/354/295
f 1737/2941/2555 1803/3049/2638 1805/3051/2640
f 2647/9036/712 5066/9037/3487 4777/9038/3486
f 4703/9039/291 215/2182/290 1313/2181/1949
f 4688/9004/5110 3175/5558/4197 3646/6374/4346
f 4835/3724/3122 3626/6491/4600 1428/2375/2111
f 3033/5809/4066 2145/3651/3065 2144/3650/3064
f 3372/5943/4095 4074/2478/2194 3373/5944/3415
f 3665/1281/1181 2965/5134/3991 800/1282/1182
f 4820/3298/2829 1496/5148/2213 2973/5147/4000
f 1891/3191/2750 3301/5802/4306 1664/2805/2452
f 987/7814/1467 4548/3874/3225 4559/8666/2350
f 4704/9040/5082 4281/9041/4998 4705/9042/4697
f 1893/3195/2753 971/1581/1445 845/2424/1251
f 2627/4539/3643 334/3211/462 1901/3213/2766
f 4642/3175/2736 3374/5949/4369 1971/9043/2850
f 277/438/377 2210/3772/3157 4876/439/378
f 2203/3759/3150 2189/3734/3131 3977/5845/4320
f 3835/7293/4389 3889/7083/4806 3394/3684/3087
f 2138/8513/3056 2585/4462/3597 2588/4465/3600
f 1879/3177/2737 550/884/810 2282/3902/3244
f 2831/4882/3847 2154/7648/3075 4095/7558/2911
f 1998/3372/1436 362/9044/515 2343/4024/700
f 4205/6888/4744 3379/5956/4370 3806/6889/4745
f 4126/2809/2456 28/37/33 4498/4741/3767
f 458/734/665 869/1403/1290 1246/2073/1860
f 3174/2480/1727 3523/6259/4513 2388/9045/3376
f 264/419/359 77/8770/74 261/416/356
f 1615/2710/2370 4706/9046/2102 4707/9047/1064
f 3225/7072/4244 3886/7071/4804 5020/9048/4718
f 3397/5999/4393 3398/6000/4394 3399/6004/4396
f 1610/2703/2365 1611/2705/2366 896/1446/1327
f 4708/9049/697 479/4489/698 2196/4488/3142
f 4556/8662/4073 4709/9050/3025 1401/2328/2070
f 4710/9051/1940 1307/9052/1942 3601/9053/4577
f 1809/3062/2649 2880/4980/3910 3622/6485/4597
f 4597/8785/5090 4076/7496/4907 3484/8786/4475
f 4841/4220/3452 2946/5103/3972 2453/4219/3386
f 2286/3942/3251 932/1501/1171 4586/3828/3193
f 3977/5845/4320 2189/3734/3131 5150/5846/4321
f 3394/9054/3087 2162/3920/3086 4347/3919/3254
f 5084/9055/4949 4658/5088/3965 4397/9056/2091
f 381/608/546 2554/3148/2716 382/609/547
f 4693/9020/4398 4065/7473/3109 4711/9057/1457
f 3337/5870/4334 4712/9058/5114 4641/8882/4456
f 4028/8876/4885 3883/7582/4801 2118/3592/3026
f 2952/5112/3977 2951/5111/3976 615/8686/912
f 2936/1781/1611 3033/5285/4066 1078/1782/1612
f 3334/5867/4331 3508/4059/3345 2362/4058/3344
f 2431/4183/3430 1282/2138/1915 1284/2140/1917
f 3318/9059/4043 4891/6566/4631 2939/6565/3461
f 5003/2720/2380 1335/2722/1974 1193/4181/1785
f 3163/9060/4187 3164/7401/677 4028/7400/4885
f 1083/1795/1624 2133/3628/3050 4264/3141/2709
f 4713/9061/3765 3992/3286/2821 3630/5206/4021
f 4231/7841/118 101/9062/120 4204/7842/4967
f 3552/6323/4534 4577/459/397 235/458/314
f 3296/5793/4303 1389/2306/2052 1388/2305/2051
f 4754/89/72 624/1013/929 54/80/65
f 1645/2767/2422 4109/7592/3243 1646/2768/2423
f 545/879/805 4714/9063/5115 546/880/806
f 3346/5889/4343 1178/1963/1767 1180/1965/1769
f 2770/4776/3790 2375/4079/3357 1116/1857/1679
f 3080/5374/4104 2138/5373/3056 4037/7415/232
f 4398/8330/567 4163/8332/1441 4775/7103/2181
f 2521/4362/3538 3353/5906/4353 3407/6024/4338
f 3311/5820/1601 3197/5602/4216 2046/3456/1602
f 2553/9064/3565 1859/4825/1217 859/1381/1271
f 4148/7445/4898 4143/7041/4792 3044/5678/4074
f 1673/2824/2467 2078/3505/2979 1102/1831/1656
f 3690/6642/4651 318/503/441 1811/3065/2652
f 3719/6700/4671 1050/1904/1567 3450/6113/4444
f 3543/6306/3120 2771/4778/3791 3129/8678/4153
f 2275/3891/3235 4075/3985/3296 4644/8889/5101
f 2743/2405/2137 2384/4098/3370 1449/2406/2138
f 458/734/665 1246/2073/1860 1558/2611/2302
f 2966/6692/3994 458/734/665 1558/2611/2302
f 2963/1707/1550 2750/4734/3764 1034/1705/1548
f 1872/6236/2731 2279/3896/3238 1421/2366/1421
f 3600/4226/3453 2457/4225/1937 4710/9051/1940
f 4716/8672/2615 3570/7921/4552 4715/9065/925
f 4716/9066/2615 4715/1008/925 170/7125/209
f 1007/6862/1496 2308/3967/3283 388/3966/556
f 2731/9067/3744 3951/4722/3757 4884/4721/3724
f 5061/9068/5084 4040/9069/1740 875/9070/930
f 1506/8340/2224 4551/8648/3734 3501/8338/594
f 1642/2761/2417 5112/2763/2418 2186/7943/3126
f 1097/1820/1646 3231/9071/4248 3232/9072/4249
f 2500/4325/3514 1320/2194/1958 1321/2196/1960
f 4717/9073/5116 2500/4325/3514 1321/2196/1960
f 3901/7107/4814 1729/2925/2543 3467/6152/4460
f 1551/9074/962 1194/6725/1786 2817/4865/2289
f 4326/8748/5019 2723/4691/2642 2722/4690/3738
f 3197/5602/4216 4811/9075/4712 4986/2195/1959
f 561/9076/822 4560/5266/2526 3004/5221/2092
f 3471/6159/3234 1676/2831/2473 4075/7495/3296
f 3550/6265/4517 3491/6194/4486 1170/1948/991
f 4883/9077/2960 4718/9078/246 1651/9079/2428
f 1850/3134/2702 4719/9080/5069 1851/3135/2703
f 354/562/500 353/561/499 4720/9081/681
f 4660/2401/2134 1963/2403/2135 581/9082/857
f 1417/2353/2093 3004/2352/2092 4081/8991/296
f 4651/392/332 972/394/334 4363/2909/2534
f 3703/6671/4659 2922/4924/3874 3559/6338/4540
f 4258/9083/4989 3124/5452/2827 3186/5454/4150
f 3396/5996/4391 1425/2372/2108 2613/4513/3632
f 3377/3889/3233 4609/8811/1908 4222/6907/4750
f 819/1315/1210 2718/4682/3735 4908/6301/4526
f 4042/7423/4892 2708/4668/3726 4476/6528/4616
f 4072/9084/4906 2874/9085/3903 2364/4062/3347
f 2457/4225/1937 4721/9086/848 2125/9087/3037
f 1948/3293/2824 2767/4769/3785 3569/6361/4550
f 3315/5826/3258 752/1213/1118 4511/8572/3353
f 2353/4047/3336 393/632/570 395/634/572
f 1456/2421/2149 398/637/575 397/636/574
f 1941/3279/2816 1479/4210/2189 2291/3280/2817
f 4309/8112/2039 2313/5904/2038 2885/4991/3915
f 595/958/880 3240/8103/4256 4752/959/881
f 508/8566/746 4904/9088/5117 4507/8567/4474
f 2906/5024/3934 4924/3897/3239 2279/3896/3238
f 4417/9089/4312 4722/9090/4524 3400/2186/132
f 1793/9091/2624 1579/2648/2328 4990/2650/525
f 3599/6430/4576 3369/5939/4366 3615/6473/4592
f 3863/8253/4786 895/1445/1326 2792/6147/3812
f 3936/3972/3286 2663/4595/3678 1517/2538/2239
f 3010/9092/2562 4723/9093/2856 586/9094/865
f 1053/1732/1570 1006/1644/1495 388/1646/556
f 444/710/643 443/709/642 2950/5110/3975
f 3407/5881/4338 4517/8586/4811 3520/6249/2099
f 34/43/39 4588/8763/4213 3712/6685/4664
f 3180/6389/4199 4771/6388/4446 4361/9095/3006
f 4769/9096/4952 3011/5232/2561 585/9097/864
f 1632/2743/2400 732/1189/1095 2458/8376/3454
f 5027/1761/266 4396/506/444 1048/1726/1565
f 3137/4719/3756 3361/5918/4049 2742/4720/2743
f 1984/3355/2872 4426/1688/1532 1025/1687/1531
f 3327/3975/3288 3946/7218/3826 1526/2553/2252
f 2054/3467/2947 1028/1691/1535 1027/1690/1534
f 2852/1759/1594 1069/1758/1593 4724/9098/918
f 1572/2636/2320 4678/8978/4857 993/1617/1475
f 4388/2430/2156 396/635/573 4725/9099/576
f 4216/5605/4217 247/5604/335 1481/2474/2192
f 3199/5607/4219 3198/5606/4218 3233/5687/4250
f 4726/9100/4909 1198/1993/1789 2150/3661/3070
f 2752/5162/3768 4292/9101/4368 4307/5163/4005
f 5000/5942/4367 3717/6696/577 3716/6695/4669
f 3936/9102/3286 1560/2613/2304 1559/2612/2303
f 2525/4366/3542 3324/5844/4319 3624/6487/4599
f 1585/2655/2334 2704/4660/3720 1586/2656/2335
f 3045/9103/4076 3761/6782/3652 4667/7533/4912
f 3964/9104/4845 4809/9105/923 5113/9106/4506
f 4378/1667/1513 4512/8575/4118 1016/1668/1514
f 2487/4295/3493 2399/4129/3393 2398/4128/3392
f 4075/7495/3296 1676/2831/2473 2670/4605/3686
f 2378/4088/3363 6/8/8 5/7/7
f 3267/9107/4281 2951/5111/3976 443/709/642
f 2322/3988/3299 3422/9108/4415 815/1307/1203
f 3535/6281/3408 3043/5308/4072 129/200/157
f 3592/6419/4571 1760/2977/2584 1052/7544/1569
f 4180/7781/4957 4547/3333/2853 2486/3846/3208
f 4727/9109/4667 3714/7151/4668 3859/7150/4783
f 731/1697/1094 4728/9110/5006 643/1040/955
f 4384/8307/5037 2413/4155/3410 2414/4154/3413
f 4579/8739/4723 1277/2131/1910 3643/6538/4619
f 4585/9111/3252 2286/3942/3251 4586/3828/3193
f 3423/6054/4416 1834/3106/2684 2485/4292/1189
f 3119/5447/4145 3130/5462/4156 3131/5463/4157
f 3843/8153/4653 4028/8152/4885 4029/9112/679
f 2186/3729/3126 4687/9002/3574 2187/3730/3127
f 2894/5008/3925 4901/6801/4372 2895/5009/3926
f 4729/9113/5118 3406/6023/4404 3353/5906/4353
f 4702/8325/898 1065/1752/1588 2559/9114/3575
f 5141/7307/1930 3592/7809/4571 2418/7308/3416
f 1331/2207/1970 1333/2209/1972 4730/9115/3310
f 4731/9116/3066 667/1076/989 4732/9117/852
f 4391/9118/5039 4731/9116/3066 4732/9117/852
f 4733/9119/3942 4194/9120/3941 4089/7268/4847
f 4733/9119/3942 4089/7268/4847 3027/7269/4059
f 1892/5683/2752 4933/9121/238 182/999/237
f 1508/2523/2226 1211/2013/1803 1210/2012/1802
f 4734/9122/3530 2102/9123/3011 2515/9124/716
f 3588/6410/3418 4735/9125/4959 2292/3932/3263
f 3523/6259/4513 1134/6258/1706 3081/9126/4106
f 2158/8411/3079 3476/6167/4471 3935/7186/4831
f 2350/4042/3331 3334/5867/4331 4456/8453/5064
f 2846/4905/3861 1331/2207/1970 4730/9115/3310
f 2158/8411/3079 3475/6166/4470 3476/6167/4471
f 476/759/690 1520/2541/2242 4685/760/691
f 5058/5667/2795 1397/1695/1539 3199/5607/4219
f 4920/1395/1282 4509/1808/1636 865/1396/1283
f 4704/9040/5082 4558/9127/926 4281/9041/4998
f 2041/8802/2932 1842/1368/1260 717/1167/1073
f 3105/4679/3733 408/6213/592 4551/4680/3734
f 4736/9128/4652 2011/3402/2902 1345/2225/1985
f 1736/2937/2553 831/2995/1227 555/4982/815
f 2534/4381/3550 2009/3396/2898 2695/4647/3711
f 998/9129/1481 1881/6944/2739 3832/6946/4761
f 3400/2186/132 4722/9090/4524 522/5281/773
f 5091/1663/1509 3806/9130/4745 4737/9131/3241
f 4249/7946/3502 3540/3905/3245 288/3907/399
f 4710/9051/1940 3601/9053/4577 3600/4226/3453
f 4690/9132/1687 4738/9133/1632 4536/9134/1695
f 5130/5669/4239 2985/5179/4012 1317/2187/1953
f 4980/9135/4757 1111/1848/1670 3875/1847/1669
f 2309/3968/1341 4739/9136/5119 2948/9137/3973
f 611/985/482 1091/6093/1635 4740/9138/3789
f 2267/2889/2521 4665/8949/4209 1711/2890/2522
f 2571/1084/996 256/1083/350 4174/5776/4293
f 3846/6980/4769 2571/1084/996 4174/5776/4293
f 4459/3527/2993 4741/9139/1727 2379/4089/3364
f 2795/2631/2315 1571/2633/2317 1910/3227/2778
f 2122/3601/3034 4742/9140/655 452/6208/654
f 518/9141/763 3772/9142/4300 3773/9143/4491
f 4686/9144/3054 1129/9145/1699 1128/9146/1698
f 3967/7272/4848 1913/3232/2782 1914/3233/2783
f 2672/4607/3687 4556/8662/4073 1401/2328/2070
f 1504/6109/2221 488/778/709 2234/3809/3182
f 2454/2530/2232 3140/7564/4165 1513/2531/2233
f 1904/3219/2772 2122/3601/3034 3499/6207/4495
f 3246/3732/3129 3054/5334/2934 4545/9147/2933
f 311/493/431 1084/492/430 4436/8417/4351
f 494/6328/723 2305/7587/3280 1882/9148/724
f 1870/3165/563 2557/4419/562 1871/3166/2730
f 959/1559/1428 4903/679/613 2338/4016/3313
f 2035/3438/2926 170/7125/209 2036/3439/211
f 4743/9149/2450 4744/9150/1590 4745/9151/715
f 2198/3753/1190 4514/1303/1199 2199/3754/3145
f 4182/5737/1956 4736/6647/4652 1344/5738/1984
f 3865/7030/4788 4746/9152/4850 4922/5536/4188
f 3864/7028/1516 3865/7030/4788 4922/5536/4188
f 1545/2582/2279 360/571/509 4002/2583/2280
f 4541/8628/1153 1765/2986/2588 2238/3819/3189
f 467/749/680 3895/7097/3044 354/9153/500
f 4987/2307/2053 4747/9154/2660 4698/1183/1089
f 3891/7085/4807 3015/5239/4038 3014/5238/4037
f 4748/9155/5120 3891/7085/4807 3014/5238/4037
f 4279/8008/4481 4942/4920/3873 4749/9156/2429
f 2923/9157/2293 2837/9158/2814 1080/9159/1615
f 208/6449/282 4484/8511/2389 3605/6450/4317
f 1560/7188/2304 4538/9160/4931 4750/9161/5108
f 1187/1975/1778 3488/6190/3332 5074/6189/4482
f 1853/3137/2705 1437/2388/2122 4540/8627/2866
f 4722/6289/4524 4045/7429/4893 248/847/338
f 3283/1440/1321 5092/1439/1320 808/1296/1192
f 2748/4729/381 2747/4728/3760 4751/9162/2061
f 1706/2881/2516 188/2774/248 1532/9163/2261
f 3858/7012/504 2299/3953/3274 356/3955/505
f 4752/9164/881 3241/5697/4257 3309/9165/4313
f 3212/5639/4231 4298/5969/4377 2020/3416/2912
f 1848/1660/1491 4302/8079/2701 4770/6982/2508
f 1113/1853/1675 4474/8490/1243 1069/1758/1593
f 3933/8005/1234 3548/5233/4034 3012/5235/4035
f 5017/7211/4834 2332/1154/1060 709/1153/328
f 785/1259/1161 784/1258/1160 2697/4650/3712
f 5103/4360/3536 4111/7606/4924 2245/3830/3194
f 4427/5965/4374 1761/2981/278 200/327/268
f 4643/7035/1045 1213/4817/1805 2804/9166/1807
f 1863/9167/257 4049/9168/4054 4753/9169/2721
f 1725/8073/2540 4244/3885/1727 1538/2572/2269
f 322/508/446 2780/4798/3801 1049/1727/1566
f 2013/3404/2603 4754/9170/72 62/69/56
f 830/1331/1226 360/571/509 1545/2582/2279
f 1829/3096/2678 4314/8126/2893 3102/5416/4129
f 2263/3865/1233 2262/3864/3218 3548/6317/4034
f 4665/9171/4209 4303/9172/4578 4238/9173/2567
f 1599/2687/1046 1966/3325/2846 1597/2688/2354
f 847/9174/1253 1205/2001/1796 1204/2000/1795
f 2451/3392/2895 1677/2832/2474 1676/2831/2473
f 4694/8767/5087 105/6818/125 4881/6817/4716
f 2077/3504/2978 558/892/818 2078/3505/2979
f 4929/8080/5009 1114/1854/1676 4361/8255/3006
f 2699/8812/3714 2700/3272/2810 1939/3274/2812
f 5124/4614/3691 3990/7320/4859 3991/7321/1021
f 998/9129/1481 3832/6946/4761 4191/8082/4962
f 4281/8014/4998 4558/9175/926 1467/7745/2173
f 4504/8563/5074 3017/5243/4040 1444/2396/2129
f 2187/3730/3127 4687/9002/3574 1217/2021/1811
f 1869/9176/762 4227/9177/764 2127/9178/2729
f 1933/7593/2442 1209/8088/1800 3770/4748/3770
f 2317/3982/3293 2319/3984/3295 722/1174/1080
f 1649/2771/2426 3284/5769/4289 4209/7851/4969
f 2757/9179/3773 4926/4919/3872 889/1844/1316
f 2804/2017/1807 2503/4333/3520 2001/3375/2884
f 1196/738/669 74/109/86 1603/2693/2358
f 2163/3685/3088 2408/7424/3403 2407/3686/3089
f 2987/5181/4014 3209/5625/4228 1413/2347/2087
f 567/8239/833 924/9180/1370 3491/6194/4486
f 2346/4031/3323 4658/5088/3965 5084/9055/4949
f 3516/2695/2359 787/3680/1165 1604/2696/2360
f 350/9181/493 4890/8537/5071 4546/8536/2510
f 3982/6990/4773 2924/9182/3945 2926/1906/1717
f 4110/7598/4922 5018/7597/4921 4755/9183/3792
f 2680/4623/3695 3408/4097/3369 2383/4096/3368
f 4756/9184/604 3480/7372/2899 2989/2714/2374
f 4738/9185/1632 1124/1875/1693 4536/1877/1695
f 957/4161/1426 1295/2153/959 2927/2154/1928
f 225/361/301 224/360/300 1605/2698/2361
f 2970/5141/3996 2573/9186/3588 4757/9187/1747
f 3243/5675/4243 3295/5674/4242 4277/7997/4860
f 1759/2976/2583 4686/9188/3054 1128/1882/1698
f 2074/9189/2975 3681/9190/4646 4936/9191/740
f 1501/2747/2218 4795/2746/2403 3350/7752/4349
f 1501/2747/2218 3350/7752/4349 4758/9192/4800
f 5102/8156/5015 573/9193/840 575/8157/842
f 4117/8958/4925 4249/7946/3502 907/1464/1345
f 3563/9194/4543 2130/3618/3043 3213/5642/4232
f 1501/2513/2218 4758/7062/4800 1502/2514/2219
f 1417/2353/2093 2781/648/584 402/647/583
f 4675/7579/2336 4304/8091/2648 4699/7580/2647
f 440/706/639 442/708/641 4314/3390/2893
f 2474/4268/3477 3499/8061/4495 3500/8424/3816
f 4834/9195/1515 4938/9196/2075 4759/9197/4110
f 60/88/71 3356/104/82 57/85/69
f 4146/7700/4937 598/7701/885 1894/6501/2755
f 2570/6500/3583 4146/7700/4937 1894/6501/2755
f 190/307/249 3954/7238/4842 191/308/250
f 667/1076/989 4116/2364/2101 4732/9117/852
f 3433/6077/4427 2260/3862/3217 782/1256/1158
f 3082/5937/4107 2533/8420/3548 3368/5938/1618
f 2960/5122/3985 2961/5123/3371 1540/2574/2271
f 4760/9198/675 2104/3565/3012 4805/1622/1480
f 3306/5813/4309 3942/7213/4835 1156/1926/1735
f 2642/9199/3656 4179/8539/475 3176/2125/1904
f 2642/4557/3656 3176/5559/1904 3175/5558/4197
f 4689/9006/5111 4761/9200/4933 5060/9007/3888
f 4116/7630/2101 3659/9201/2805 2687/6594/3703
f 351/556/494 4708/766/697 194/315/256
f 3007/5225/4031 4818/7768/4954 3972/7287/4822
f 837/9202/1240 3470/6157/4464 3667/6156/4463
f 3449/1343/1238 837/1345/1240 3667/9203/4463
f 1828/3095/2677 406/654/590 3450/6113/4444
f 1770/2993/2595 3601/6432/4577 1183/1968/1772
f 4576/7341/4868 3782/6827/4720 542/876/802
f 4370/9204/5032 3587/6409/4568 2707/4667/3725
f 1326/4400/1966 1551/2594/962 2550/4401/3562
f 2735/8837/3750 4762/9205/3749 3414/6041/4411
f 1740/2947/2559 4047/7433/4894 3815/6909/4751
f 3149/5502/4172 3506/6222/4500 4385/8308/5038
f 732/1189/1095 1029/4803/1541 2784/4804/3804
f 3898/7101/1621 4763/9206/1622 2972/7102/3999
f 3240/5695/4256 2369/4070/1918 1286/5696/1920
f 1662/9207/2449 2004/9208/1859 4743/9209/2450
f 3190/9210/1870 4929/9211/5009 1254/9212/1871
f 4764/9213/3114 2426/4175/3113 4141/7685/435
f 1134/9214/1706 3082/5377/4107 3081/5376/4106
f 1854/3138/2706 232/371/311 234/373/313
f 3056/9215/3328 3460/6135/2487 4088/6134/3329
f 4765/9216/243 2823/5763/3840 4766/9217/658
f 2740/4717/3755 1418/2355/2095 4461/2354/2094
f 2821/4871/3838 4009/7354/4871 1889/3189/2748
f 4435/8414/4972 1481/2474/2192 1311/2178/1946
f 4767/9218/463 334/3211/462 2627/4539/3643
f 981/1600/1461 3742/9005/4690 4427/8392/4374
f 5126/5513/4176 3216/3426/2917 578/3428/849
f 3206/5617/4223 2798/4146/3406 787/3680/1165
f 4441/5260/3665 3640/6527/4615 1356/8987/1997
f 4441/5260/3665 1356/8987/1997 335/723/467
f 2810/6460/3830 2962/5125/3986 2811/5124/3831
f 4515/8584/3912 1215/7605/1809 1680/2835/2477
f 3924/428/367 2520/9219/3537 5093/3718/3116
f 3611/6458/4588 4516/8585/4487 4345/4910/3866
f 4768/9220/1563 4733/9119/3942 3027/7269/4059
f 4769/9221/4952 585/939/864 2217/3784/3165
f 3778/9222/4227 4770/9223/2508 3849/9224/4771
f 4044/2601/2294 649/1051/965 4687/4422/3574
f 891/1437/1318 815/1436/1203 3423/6054/4416
f 3028/2865/2502 1696/2864/2501 2160/3676/3081
f 1254/9225/1871 4929/9226/5009 4771/9227/4446
f 1699/2868/2505 1698/2867/2504 3686/6634/4649
f 2080/3513/2984 2229/3801/3179 4895/3930/3262
f 4239/9228/4983 1365/2255/2012 3655/2254/2011
f 3314/5824/4315 1227/2033/1820 2910/5030/3935
f 4493/2852/161 4171/9229/1062 3279/5762/4287
f 1114/1854/1676 4659/8935/1775 1186/8254/1777
f 2536/4383/3552 1778/3005/2606 297/473/411
f 2536/4383/3552 297/473/411 3008/5228/4032
f 3575/6380/4558 2661/4589/3676 1697/2866/2503
f 3958/6184/4479 2711/4671/3729 4280/6185/4480
f 1265/2100/1886 3693/2102/1887 1256/7141/1875
f 2541/9230/3554 2540/7774/3457 3818/6913/4752
f 4479/8502/861 4250/7947/4986 4025/7396/1873
f 2994/5199/2793 4283/8027/2585 3062/5200/2998
f 3832/6946/4761 3831/6945/1081 3666/4838/3819
f 3659/3267/2805 3983/7304/4855 4790/4634/3702
f 674/1090/1001 812/1302/1198 673/1089/1000
f 704/1143/1052 705/1145/1054 3277/5580/2042
f 1652/9231/2430 3502/4086/3362 2212/3775/2431
f 4571/8713/2321 1839/3118/2693 2193/3741/3135
f 4380/6884/4741 1946/3291/2822 3569/6361/4550
f 1206/2762/1798 756/9232/1124 5112/2763/2418
f 1793/9233/2624 5119/9234/1276 2996/5202/3471
f 4440/8800/5058 1977/5107/2860 4133/7663/2723
f 4401/8347/5042 1898/8346/2763 4772/9235/1560
s 0
f 4459/6499/4771 1780/3007/4771 4741/5711/4771
s 1
f 4203/7840/4966 3214/5644/4233 4512/5400/4118
f 2772/4783/3793 1869/4782/762 3070/9236/3568
f 2061/3477/2956 4231/7488/118 2062/3478/2957
f 4353/8235/5029 1122/1870/1689 3943/8483/421
f 3962/7260/3586 3961/7259/1340 4773/9237/2286
f 4979/5191/4019 1937/3271/2809 209/5192/283
f 526/851/777 3054/3451/2934 4287/8033/5001
f 1671/2822/2465 1673/2824/2467 1102/1831/1656
f 4163/9238/1441 4774/9239/4948 4775/9240/2181
f 919/1481/1361 2053/3466/2946 3754/3796/3176
f 4776/9241/4551 4084/800/731 4313/8121/5012
f 3449/1343/1238 3667/9203/4463 4077/9242/1520
f 4215/6761/4698 1478/2470/2188 4150/2341/2081
f 3180/5566/4199 2096/5568/3007 984/8671/1464
f 1067/1756/1591 4689/9006/5111 5059/8195/3737
f 98/3561/115 85/127/98 87/130/101
f 5072/9243/1207 4777/9244/3486 4778/9245/3488
f 911/1468/1348 639/1032/947 640/1035/950
f 1162/1939/1748 4977/4449/3589 2659/4586/3673
f 695/1127/1037 4382/8304/5036 510/820/748
f 938/1511/1387 1701/2870/2507 1152/1919/1728
f 1662/8580/2449 4432/8579/1562 5015/9246/1857
f 2970/5141/3996 4757/9187/1747 5033/7043/4794
f 4463/2283/2033 2759/4759/3777 409/657/593
f 4463/2283/2033 409/657/593 408/656/592
f 4679/9247/4610 3976/5970/4378 1356/2237/1997
f 1711/9248/2522 1745/9249/2566 4146/9250/4937
f 4058/7602/4899 1262/9251/1883 4592/7603/4923
f 4660/8936/2134 5035/134/105 1587/2660/109
f 36/9252/32 4779/9253/42 1434/9254/2119
f 593/955/878 1752/2966/2576 674/1090/1001
f 2895/5009/3926 3707/6677/4661 3654/6558/4627
f 3469/6705/4462 4780/9255/2708 2366/4065/2707
f 2186/9256/3126 5112/7426/2418 4687/9257/3574
f 3941/2616/2307 4719/9080/5069 1850/3134/2702
f 2379/9258/3364 4741/5711/1727 2999/7621/3966
f 3306/5813/4309 4874/7010/4780 3942/7213/4835
f 1445/6542/2130 3644/6543/4621 3789/6847/4727
f 3422/6053/4415 1835/3107/2685 1834/3106/2684
f 1623/2724/2382 1622/2723/2381 2320/3986/3297
f 4532/7776/4956 2000/9259/2883 4481/8504/5070
f 3200/5610/4220 4701/3583/3023 2114/3582/3022
f 3374/5949/4369 1877/3174/2735 3384/5968/4376
f 4341/6212/4496 2427/4176/3426 3201/5611/4221
f 2351/4044/3333 2175/3704/3103 2027/3429/2918
f 419/672/606 4781/9260/3616 4782/9261/3762
f 4522/8595/3084 5057/6951/3083 2898/5016/3929
f 3549/6320/3136 2071/3495/2969 4319/5213/4023
f 4182/5737/1956 4342/5739/4279 5087/8752/3456
f 948/1539/1409 950/1541/1411 1289/2146/1923
f 1360/2244/2003 1462/6514/2165 1361/2245/2004
f 4973/5550/4195 3173/5552/4196 3347/5890/4344
f 2760/4760/3778 4973/5550/4195 3347/5890/4344
f 3240/5695/4256 2544/4393/3557 2369/4070/1918
f 2378/9262/3363 4350/9263/5028 1779/3006/2607
f 2769/7822/3788 4849/5074/3959 2863/4938/3884
f 3989/7317/4858 1866/3159/2725 2501/4329/3517
f 1584/2654/2333 3595/6422/4573 2779/4797/3800
f 4058/7456/4899 3671/6597/4640 1262/2097/1883
f 1960/3315/2841 445/7952/646 4783/9264/645
f 4784/9265/4626 4688/9266/5110 3554/6326/4536
f 4581/1812/1640 5041/2036/1823 3410/6030/4407
f 1802/3048/2637 4767/525/463 3101/5410/4124
f 4472/9267/4198 344/547/485 2058/3471/2951
f 4682/8994/5109 2995/5201/3470 4076/7496/4907
f 3070/8674/3568 1869/3163/762 1868/3162/2728
f 2291/3931/2817 3588/6410/3418 2292/3932/3263
f 3022/5258/2082 3395/5995/4390 3023/5259/4052
f 3428/6069/4422 462/740/671 2410/4145/3405
f 1039/1711/1552 1041/1713/1554 1819/9268/2662
f 4418/4136/3398 1412/2345/2085 1411/2344/2084
f 2996/5202/3471 5119/9234/1276 4455/5203/4020
f 2679/4621/3694 2940/676/610 3132/3110/2688
f 4772/1720/1560 1898/3207/2763 3424/1721/1561
f 3953/7235/4839 1052/1731/1569 1053/1732/1570
f 3953/7235/4839 1053/1732/1570 387/4561/555
f 3783/6828/2857 3439/6096/4436 4785/9269/239
f 4586/8758/3193 2368/8616/2818 2543/8615/3460
f 1245/3383/1858 1106/7436/1663 2005/3384/1662
f 1364/2252/2009 3763/4278/3485 3652/6554/4625
f 3125/5582/4047 4786/9270/2629 3185/5583/4206
f 646/7859/961 2156/9271/960 2157/6697/3077
f 840/9272/1065 839/7778/1242 3497/6205/4493
f 2946/5103/3972 4841/4220/3452 4787/9273/3814
f 2593/4476/3606 2592/4475/3605 3720/1692/1536
f 5119/9274/1276 4990/9275/525 4224/9276/524
f 5078/8425/5056 4788/9277/1692 979/6995/1459
f 449/717/650 448/716/649 888/1432/1315
f 599/7828/889 187/7830/247 4718/9278/246
f 2309/3968/1341 2308/3967/3283 4739/9136/5119
f 1976/3341/2859 219/354/295 1977/3342/2860
f 4569/2678/2349 919/1481/1361 4580/8740/3572
f 1913/3232/2782 1021/1680/1524 1530/2559/2258
f 4073/1510/1386 4789/9279/1728 4115/7625/3585
f 4977/4449/3589 2658/4585/3672 2659/4586/3673
f 660/1064/977 1140/1898/1712 661/1065/978
f 2772/4783/3793 3070/9236/3568 3882/3090/2673
f 4478/2024/1814 2476/4270/3479 1220/2025/1815
f 1449/2406/2138 3751/6762/4699 3561/6341/4541
f 2598/4492/3615 323/509/447 1534/2566/2263
f 4790/9280/3702 473/756/687 2042/1920/1729
f 4842/7419/4890 3913/7138/4820 4791/9281/1932
f 4837/3124/2698 4696/9025/3868 1273/2118/1828
f 436/6863/635 4240/7916/4984 2308/3967/3283
f 2317/3982/3293 3675/6611/4643 2318/3983/3294
f 259/414/354 4792/9282/3496 260/415/355
f 1996/3370/2621 1995/3369/2881 2066/2046/1833
f 3423/6054/4416 3422/6053/4415 1834/3106/2684
f 2569/4438/3582 3339/9283/4337 2570/4439/3583
f 10/1/1 2807/8727/3828 4138/7679/4935
f 3109/5437/4138 488/9284/709 4793/9285/3612
f 3975/9286/1049 4794/9287/4946 4414/9288/5048
f 1706/9289/2516 1532/2564/2261 3020/6793/4046
f 3491/6194/4486 1171/1949/1372 1170/1948/991
f 314/496/434 3178/5561/2757 312/494/432
f 3045/9103/4076 2797/6783/3817 3761/6782/3652
f 3510/6231/4504 835/1341/1236 2834/7691/3851
f 1885/3183/2742 390/627/565 389/626/564
f 1931/3262/1032 692/9290/1034 2512/3580/3021
f 4152/7713/4348 3130/8000/4156 3118/7714/3422
f 773/1241/1143 2868/5487/3895 3257/5722/4273
f 1965/3324/2845 4522/8595/3084 825/1326/1221
f 4893/3432/2921 681/1103/1013 2998/5207/4022
f 3244/3082/2666 1400/9291/2069 4082/1011/927
f 3300/5798/4304 2138/8513/3056 3079/8971/4103
f 3593/9292/4572 1052/1731/1569 3953/7235/4839
f 3276/2292/2041 210/343/284 2773/4785/770
f 3446/6106/4441 4019/7385/4878 1950/3297/2828
f 1334/9033/1973 4444/8438/5060 1980/3347/2864
f 4949/8794/4766 2958/9293/3983 4594/8775/4889
f 1781/6605/2245 2102/6607/3011 4734/9294/3530
f 2736/4712/3751 2430/4182/3429 2737/4713/3752
f 2803/9295/3707 4532/7776/4956 3715/6654/4654
f 4677/320/261 2038/3444/2929 4795/9296/2403
f 4796/9297/3948 934/1504/1380 384/2545/549
f 4797/9298/2162 4862/1935/1744 3003/5218/4027
f 2028/3430/2919 3525/6262/4515 2029/3431/2920
f 2550/5721/3562 4798/9299/265 2011/4415/2902
f 2786/7418/3806 2456/4224/888 3600/4226/3453
f 2540/7774/3457 1831/8214/2679 3566/7775/4546
f 532/862/788 1414/2348/2088 1413/2347/2087
f 516/832/760 1724/2915/2536 4799/9300/452
f 3651/4380/3549 3844/6977/2446 3578/5773/4291
f 1624/2725/2383 1623/2724/2382 3915/7140/2965
f 1140/1898/1712 798/1278/1178 631/1023/938
f 416/668/602 4725/638/576 2987/5181/4014
f 1133/4352/1704 2515/4351/716 3613/6464/1705
f 2123/9301/3035 4800/9302/4816 1492/9303/2209
f 1615/2710/2370 4707/9047/1064 2081/3517/2986
f 1654/2784/2434 1635/4522/2408 1637/6571/2410
f 1305/2170/1939 974/1675/1448 3483/1677/1521
f 4031/7406/4887 1913/3232/2782 3967/7272/4848
f 5065/6381/4235 1148/1911/1721 4337/8345/1637
s 0
f 5016/5787/4300 3292/5786/4300 518/835/4300
s 1
f 4870/8568/3196 4507/8567/4474 4801/9304/3197
f 3634/6467/4590 1404/2331/2073 3165/5540/4189
f 2342/9305/3319 1373/5320/2023 2016/2444/2167
f 4115/4444/3585 4773/4446/2286 3181/4885/3849
f 2414/9306/3413 2415/4153/3412 4085/7525/4910
f 3747/6749/4691 4802/9307/4125 4803/9308/4126
f 1717/2901/2530 1312/7201/1948 1718/2902/274
f 1805/9309/2640 4777/9244/3486 5072/9243/1207
f 1340/2218/1980 2468/9310/3469 1612/2707/2368
f 3604/6444/4580 516/832/760 515/831/759
f 1671/2822/2465 1102/1831/1656 2611/7318/3630
f 648/1050/964 768/1233/1137 4001/3497/2971
f 1631/2742/2399 3708/8867/4662 1491/7066/2206
f 953/1544/1414 4083/6496/4604 4372/1545/1415
f 1457/2422/2150 3429/6070/4423 541/875/801
f 799/3112/1179 1457/2422/2150 541/875/801
f 135/5126/169 4804/9311/4867 133/9312/167
f 4670/8962/5104 1647/2769/2424 4209/7851/4969
f 1142/1900/1714 1043/1716/1557 1727/1901/1715
f 897/1448/1329 3524/6260/4514 898/1449/1330
f 2238/3819/3189 1767/2988/2590 2094/3549/3005
f 2238/3819/3189 2094/3549/3005 4765/300/243
f 681/1103/1013 145/227/182 144/226/181
f 1240/2062/1849 4676/8974/5052 1241/2063/1850
f 3466/2121/1900 3586/2120/1899 4788/1874/1692
f 466/6133/676 4805/9313/1480 3459/8688/4452
f 2734/4708/3748 4797/9298/2162 3003/5218/4027
f 3153/3597/3031 578/924/849 4447/8442/4412
f 2895/5009/3926 3713/6686/4665 3707/6677/4661
f 4293/8047/5002 3512/4583/2470 4161/9314/2469
f 2582/4459/3596 2584/4461/3048 3750/6445/4581
f 192/309/251 191/308/250 4633/8866/2650
f 5103/4360/3536 3465/6146/4457 4111/7606/4924
f 3520/6249/2099 4517/8586/4811 4806/9315/2100
f 4695/9316/3869 1963/3318/2135 1962/3317/909
f 3886/7071/4804 3947/5490/4167 5020/9048/4718
f 4906/9317/5121 1815/6211/2655 5042/9318/362
f 531/861/787 4594/8775/4889 1414/2348/2088
f 4807/9319/5030 4178/3385/2890 4198/9320/4964
f 4877/6577/4582 2048/3459/2941 3902/3458/2940
f 4378/1667/1513 4430/8401/4977 4512/8575/4118
f 268/427/366 4808/9321/5122 437/702/636
f 4809/9322/923 3888/7079/1450 4051/7693/4897
f 2501/4329/3517 1866/3159/2725 4923/4330/3162
f 1555/2608/2299 2909/5029/1840 1556/2609/2300
f 3615/7374/4592 3614/8940/4591 1661/2800/2447
f 4935/6896/3704 4108/2265/2020 961/762/693
f 2273/5094/3230 1441/2393/1424 1440/2392/2126
f 4810/9323/2953 2273/5094/3230 1440/2392/2126
f 3312/828/756 3161/5532/4185 4811/9324/4712
f 240/381/321 4778/8653/3488 4034/7411/2616
f 428/6953/621 3107/5432/4136 1908/3224/2533
f 1440/2392/2126 1442/2394/2127 5032/3499/2973
f 3188/5586/4208 3352/8484/4350 4303/9325/4578
f 5137/9326/4947 4163/9327/1441 4807/9328/5030
f 3242/5698/4258 4823/8468/2910 3225/6596/4244
f 4812/9329/765 519/9330/767 3765/9331/4707
f 3876/9332/1671 4812/9333/765 3765/9334/4707
f 3304/5806/2153 4481/8504/5070 2000/9259/2883
f 3304/5806/2153 2000/9259/2883 4813/9335/2154
f 1224/2030/1817 1223/2029/1816 3115/8961/4143
f 3439/7375/4436 3615/7374/4592 1661/2800/2447
f 1194/6725/1786 2815/4863/3834 2817/4865/2289
f 2040/3446/2931 1840/3119/2694 1842/3121/1260
f 837/9202/1240 2448/9336/3202 3470/6157/4464
f 2951/5111/3976 2950/5110/3975 443/709/642
f 1395/9337/2062 953/1544/1414 2324/3992/3105
f 454/8939/659 4766/9217/658 2823/5763/3840
f 4207/7847/4968 4332/9338/3061 2446/9339/3445
f 4814/9340/2900 459/735/666 4616/8829/2901
f 966/631/569 392/630/568 967/9341/1440
f 254/406/346 1489/405/345 3211/930/855
f 366/583/521 2483/4288/3491 2419/4163/3417
f 1330/2206/1969 3964/9342/4845 4629/7286/4852
f 3068/5356/4090 3067/5355/4089 3504/6220/4498
f 1361/8804/2004 1463/7683/2166 5001/7553/4916
f 2577/4777/3593 1749/2961/2571 3059/5342/4082
f 253/4067/344 254/5629/346 2348/4036/2862
f 4660/8936/2134 1370/931/856 3289/9343/3964
f 2252/3845/3207 4352/3844/3206 3945/7217/4837
f 2866/9344/3890 5127/9345/598 4995/7194/3990
f 3368/5938/1618 4815/9346/1620 3369/5939/4366
f 2458/8376/3454 732/1189/1095 2784/4804/3804
f 4683/8995/3998 4816/9347/3623 3489/6192/4484
f 337/535/473 4179/537/475 2642/9348/3656
f 2971/5144/622 4817/9349/5123 4267/5142/3997
f 4175/8990/4953 2193/3741/3135 4818/9350/4954
f 1899/3209/2765 4626/8855/2564 1772/2996/2597
f 192/2103/251 4633/3063/2650 1267/2104/1888
f 791/7790/1169 4884/7789/3724 4819/9351/1170
f 656/1060/973 3032/5284/4065 3430/9352/3961
f 3472/6163/4469 1496/2507/2213 4820/9353/2829
f 4187/7798/4960 4635/2577/2274 1542/2576/2273
f 3881/446/385 1328/445/384 4629/8862/4852
f 2803/9295/3707 2804/9354/1807 4532/7776/4956
f 3756/6773/4702 5011/6203/4492 4800/9355/4816
f 1842/3121/1260 1841/3120/2695 4196/4262/3475
f 1701/2870/2507 4115/7625/3585 4821/9356/5003
f 1188/7898/1538 3676/6613/2441 1754/6612/2578
f 1008/1648/1498 4822/9357/732 4084/7524/731
f 850/9358/1259 849/4020/1258 2340/4019/3316
f 189/306/164 2548/4398/3561 38/54/45
f 4359/491/429 311/493/431 2739/8416/3754
f 2614/8947/1298 3779/6823/4302 3052/2627/2314
f 1110/8705/1668 620/1003/920 1715/9359/2529
f 930/1498/1377 3749/6756/4696 4291/8042/2871
f 2197/3751/3143 2196/3750/3142 2061/3477/2956
f 3528/6269/4518 1951/3300/2831 4143/7692/4792
f 594/957/879 3309/5817/4313 4823/9360/2910
f 2019/3413/2909 594/4745/879 4823/3414/2910
f 2796/9361/2340 70/103/81 4645/74/61
f 3229/5681/4246 3272/5753/4128 3287/5682/4247
f 5058/5667/2795 3367/5935/2276 4824/9362/2200
f 1728/2924/2542 1744/2954/2565 914/1476/1356
f 1728/2924/2542 914/1476/1356 916/1478/1358
f 5063/5070/3956 3678/6618/4645 3254/5718/4270
f 4800/9363/4816 3936/3972/3286 2148/3659/3068
f 2927/2154/1928 934/1504/1380 4796/9297/3948
f 4109/7592/3243 2423/9364/3195 5005/9365/5124
f 4424/3511/2983 3483/9366/1521 1268/3512/1891
f 3550/6321/4517 1170/1078/991 668/1077/990
f 534/8792/790 2487/4295/3493 2481/4285/3489
f 1612/2707/2368 3908/3269/2807 1935/3268/2806
f 2818/4866/3835 1665/2806/2453 4260/2560/2259
f 2668/4602/3684 2148/9367/3068 807/1294/1191
f 4825/5592/4211 4159/7725/4944 2092/3544/3002
f 4057/6401/4565 4825/9368/4211 2092/3546/3002
f 3186/5584/4150 3185/5583/4206 4527/8601/5078
f 1111/1848/1670 4812/2193/765 3876/1849/1671
f 3233/5687/4250 4826/9369/5125 4827/9370/5126
f 3233/5687/4250 4827/9370/5126 3234/5688/4251
f 2677/4618/1416 4372/8280/1415 926/1494/1373
f 4597/8785/5090 4682/8994/5109 4076/7496/4907
f 4828/9371/4799 3382/519/457 4286/6129/1688
f 2574/4450/3590 3248/5710/4263 2575/4451/3591
f 4960/6754/4686 874/1409/1296 3236/9372/4254
f 3828/6936/4760 785/1259/1161 2824/4875/3841
f 800/1282/1182 3798/5135/3992 5049/4812/3809
f 4212/6729/4683 3563/6344/4543 4477/6346/4161
f 4739/9136/5119 3793/6854/4730 4829/9373/1003
f 4739/9374/5119 4829/1093/1003 676/1095/1005
f 4831/5265/4056 1768/2990/2592 4832/2989/2591
f 4830/9375/5127 4831/9376/4056 4832/9377/2591
f 1359/2242/2001 3458/6127/4451 1358/2241/2000
f 4958/8060/5005 4235/7903/4980 160/247/197
f 4286/1868/1688 1122/1870/1689 4353/8235/5029
f 2552/1304/1200 3695/6649/394 286/6684/396
f 733/1190/1096 4991/5511/4175 3227/5679/4245
f 3213/5642/4232 2476/4270/3479 4478/2024/1814
f 4774/9239/4948 5137/9378/4947 947/9379/1405
f 2597/1150/1058 4781/9260/3616 418/671/605
f 1768/2990/2592 3219/1160/1066 5117/6856/4732
f 2429/4178/3428 4041/7422/4891 4229/7893/4976
f 1245/2071/1858 1023/8057/1527 4296/8056/2337
f 2912/711/644 2518/4358/3534 2913/7914/3688
f 3996/6865/4734 4844/6866/4735 3997/4929/3878
f 3266/5744/4280 1607/2700/2362 2463/4244/3462
f 4851/3284/952 4642/8885/2736 1971/9380/2850
f 2243/3824/3192 4833/9381/4934 2241/3822/3190
f 4603/8798/4634 283/453/392 282/452/391
f 1280/2135/1913 2555/4409/3566 203/2136/271
f 3833/6947/4762 2435/9382/3434 445/7952/646
f 1451/7686/2141 1373/5320/2023 2342/9305/3319
f 833/1337/1232 3933/1339/1234 3907/5981/4382
f 1398/2324/2066 3567/6359/4548 4139/2325/2067
f 3010/9383/2562 4233/9384/4978 4723/9385/2856
f 3617/5149/3909 448/5151/649 447/8109/648
f 3425/7792/4418 2741/4718/3250 2742/4720/2743
f 4318/8160/1603 3426/6063/1606 3114/6065/4142
f 368/9386/526 1580/9387/2329 4834/9388/1515
f 4135/2498/2207 3713/6686/4665 2895/5009/3926
f 485/9389/705 2401/4133/3395 173/4132/218
f 1826/3092/2675 4835/9390/3122 2182/5041/3121
f 1674/2829/2472 2065/3482/2959 2832/4883/3848
f 318/503/441 4836/9391/5128 2184/3726/3124
f 4609/9392/1908 4837/9393/2698 1844/9394/2697
f 2122/3601/3034 1903/3218/2771 1150/9395/1724
f 2425/4173/3424 2915/4172/3423 1774/2999/2600
f 918/1480/1360 2053/3466/2946 919/1481/1361
f 4838/9396/2437 1656/1301/1197 4458/2965/2575
f 1906/3221/2774 2518/4358/3534 2912/711/644
f 4571/2637/2321 4175/7767/4953 4839/9397/5129
f 2641/4555/3654 348/7172/489 4921/2738/2395
f 4840/9398/4405 1926/3255/2799 3408/4097/3369
f 3298/5796/535 3929/7179/4829 2497/7178/3509
f 3678/9399/4645 4841/9400/3452 4255/9401/4815
f 2400/4130/3226 2399/4129/3393 2268/3079/2663
s 0
f 4560/5266/1387 1483/9402/1387 3799/6182/1387
s 1
f 4062/7462/4902 2945/5102/3971 4842/9403/4890
f 2217/3784/3165 5014/941/866 2218/3785/3166
f 3746/6748/3853 3200/5610/4220 3714/7151/4668
f 1549/2592/2287 3963/7263/4402 2904/5022/3932
f 4280/8009/4480 3759/9404/4705 3760/1390/1277
f 4280/8009/4480 3760/1390/1277 862/1392/1279
f 3172/3713/3111 2178/3712/3110 3404/6016/4401
f 2572/9405/1506 4154/9406/3317 2836/9407/3584
f 4761/9408/4933 4900/9409/3889 5060/9410/3888
f 4067/9411/862 2284/2984/2587 4480/8503/863
f 1884/5919/2741 3361/5918/4049 3976/5970/4378
f 1884/5919/2741 3976/5970/4378 4679/9247/4610
f 366/583/521 365/582/520 2483/4288/3491
f 1406/2336/1694 992/6394/1474 1407/2337/2078
f 3308/9412/5130 4843/9413/5112 4697/9414/5113
f 4844/9415/4735 4562/8006/4997 4654/4840/3821
f 658/1062/975 3499/8061/4495 2474/4268/3477
f 954/1549/1419 1207/4702/1799 3280/302/245
f 3406/9416/4404 2353/4047/3336 3407/5881/4338
f 1492/2503/2209 4845/9417/2157 4388/8314/2156
f 3815/6909/4751 1314/2183/1950 1740/2947/2559
f 4846/9418/465 3307/9419/4310 2965/9420/3991
f 1892/3193/2752 4608/8810/5093 4933/9421/238
f 2904/9422/3932 2809/4857/1797 4489/8519/4429
f 842/1355/1247 3179/389/329 4169/391/331
f 3569/6361/4550 2767/4769/3785 4583/8745/2656
f 3511/6232/2155 1459/2425/2152 2881/4981/3911
f 1475/3694/2183 1014/3693/1510 2423/9423/3195
f 1041/9424/1554 3745/3353/2870 4969/3352/2869
f 356/9425/505 4847/9426/625 3927/7169/4617
f 4152/5895/4348 4289/5894/4347 3311/7364/1601
f 2914/5034/3936 2913/5033/3688 2283/3903/2665
f 4477/9427/4161 3213/5642/4232 4478/2024/1814
f 4413/2282/2032 3159/2302/2049 1386/2301/2048
f 2176/3705/3104 2028/3430/2919 2027/3429/2918
f 4759/9428/4110 4848/9429/4787 4834/1670/1515
f 2385/364/304 227/363/303 3242/5698/4258
f 3987/7314/4660 3451/6116/4445 489/6118/711
f 3819/9430/4753 3268/5460/4154 3259/5461/4155
f 123/192/151 121/189/148 4052/1128/1038
f 2094/3549/3005 2320/3986/3297 186/301/244
f 2864/3024/2618 4849/9431/3959 2970/5141/3996
f 3086/5383/2074 3837/6961/993 3087/5384/995
f 1083/1795/1624 308/487/425 1287/2144/1921
f 1958/3312/2839 3777/6816/4715 4850/9432/2353
f 4851/9433/952 1971/3330/2850 641/9434/953
f 2148/3659/3068 237/377/317 239/379/319
f 4265/7980/4992 2170/3697/3098 4266/7981/4510
f 2030/2919/2539 3778/6819/4227 1725/2920/2540
f 2255/3855/3212 2937/3854/1610 1078/9435/1612
f 333/523/461 185/299/242 184/298/241
f 5026/558/496 2014/557/495 2207/9436/2905
f 4839/9397/5129 4175/7767/4953 3007/5225/4031
f 4704/9040/5082 4705/9042/4697 3940/9437/4833
f 1104/6769/1501 3753/6768/4701 1097/8710/1646
f 2043/4700/2935 2729/4699/3742 2903/5021/2936
f 4852/9438/2208 2725/4693/907 1042/1714/1555
f 4667/8953/4912 3046/5316/874 3045/5315/4076
f 2219/3786/3167 2218/3785/3166 4165/5082/3962
f 1598/8449/2355 2931/5064/3951 3623/6486/4598
f 1598/8449/2355 3623/6486/4598 4543/8637/1121
f 2886/4993/3917 3825/6581/4636 3661/6580/4635
f 5139/4241/2158 5086/4243/1633 1120/9439/1686
f 4853/274/219 3202/280/225 3205/9440/751
f 512/9441/750 4853/9442/219 3205/9443/751
f 3331/8906/4328 280/448/387 3215/450/389
f 2204/9444/3151 4947/9445/1430 4915/9446/1432
f 2776/6123/3795 3579/6392/4561 2777/4794/3797
f 1944/3287/2372 3992/3286/2821 4713/9061/3765
f 3626/6491/4600 3955/3231/2781 4854/9447/4601
f 3747/6749/4691 4803/9308/4126 4061/6750/4692
f 4351/9448/4817 4210/9449/4869 4855/9450/871
f 1348/2229/1989 1350/2231/1991 1606/2699/2106
f 3942/7213/4835 3333/5864/4330 1157/1927/1736
f 3464/6141/4455 2522/7972/3539 4856/9451/3361
f 4530/4620/3693 3170/9452/4194 3169/9453/4193
f 4440/8800/5058 1866/9454/2725 3989/8801/4858
f 2235/3811/3184 1938/3812/2811 2700/4653/2810
f 1686/2846/2485 2290/3927/3259 1685/2844/2484
f 3969/7277/4726 2547/4396/3559 3752/4397/3560
f 3142/9455/2751 5055/279/224 3143/4076/3355
f 2601/4496/3619 2372/4073/3352 4091/7545/4914
f 4844/6866/4735 4654/8918/3821 3997/4929/3878
f 1694/6469/2499 1399/9456/2068 2442/4196/3440
f 5106/6142/3465 2657/6143/3670 4859/8954/5103
f 2867/4952/3892 1947/3292/2823 1946/3291/2822
f 2505/4335/3522 3050/6418/4079 4300/8743/1642
f 2948/9457/3973 676/1095/1005 2546/5353/3558
f 1106/1839/1663 4857/9458/1505 2064/1840/1664
f 1979/9459/1907 4696/9025/3868 4837/3124/2698
f 2560/1313/1208 819/1315/1210 3808/7589/3706
f 5123/1316/1211 4858/9460/2825 5023/1317/1212
f 4922/5536/4188 5106/9461/3465 4859/9462/5103
f 3285/5772/4290 1713/5771/2524 4973/5550/4195
f 3908/7126/2807 4653/8917/768 1936/4755/2808
f 1663/2804/2451 1891/3191/2750 1664/2805/2452
f 4799/514/452 327/516/454 3507/6224/4501
f 517/833/761 4799/9300/452 3507/9463/4501
f 3631/7710/4530 4150/7709/2081 4565/8682/4017
f 4860/9464/5131 3014/5238/4037 3813/6904/4749
f 226/4105/302 2386/4107/3374 2603/4500/3620
f 3339/9283/4337 1711/9248/2522 4146/9250/4937
f 1188/7898/1538 1754/6612/2578 4909/9465/5132
f 1285/8784/1919 872/1407/1294 941/1516/1392
f 4547/8642/2853 3748/6755/4695 3749/6756/4696
f 1308/2175/1943 3250/5714/4266 224/360/300
f 548/882/808 4295/5922/4361 549/883/809
f 3489/6192/4484 4816/9347/3623 1060/1745/1583
f 4861/9466/2402 4677/320/261 4795/9296/2403
f 4293/8047/5002 4161/9314/2469 544/878/804
f 2505/4335/3522 4300/8743/1642 2579/8944/1672
f 1487/2489/2202 3702/6670/3090 2407/9467/3089
f 232/371/311 1182/1967/1771 3635/6516/4612
f 1853/3137/2705 4540/8627/2866 2935/5072/3958
f 4395/2436/2161 4862/9468/1744 4797/2437/2162
f 5151/1324/1219 4740/9138/3789 4863/9469/3149
f 4864/9470/4618 3991/1111/1021 683/1110/1020
f 3430/9352/3961 3032/5284/4065 2936/1781/1611
f 1083/1795/1624 1287/2144/1921 2133/3628/3050
f 1122/1870/1689 1121/1869/1482 4191/7807/4962
f 2873/4968/3902 2312/3971/3285 2311/3970/3284
f 1901/3213/2766 4865/9471/1418 2628/4540/3644
f 2627/4539/3643 1901/3213/2766 2628/4540/3644
f 1635/2752/2408 2303/3959/3278 1636/2753/2409
f 3218/5654/4234 3229/5681/4246 3228/5680/1367
f 2142/3646/3062 412/661/597 1703/2872/2509
f 4193/7810/1288 4088/7538/3329 4089/7540/4847
f 4784/6555/4626 2643/4558/3657 3175/5558/4197
f 4605/8806/4802 4852/9438/2208 1042/1714/1555
f 4314/8126/2893 4241/7239/4843 3102/5416/4129
f 4866/9472/2858 4933/9421/238 4608/8810/5093
f 4867/9473/4638 4776/9241/4551 4313/8121/5012
f 2449/4213/3449 4868/9474/5133 3978/7298/4854
f 3031/5283/2008 46/65/53 44/63/51
f 1944/2712/2372 4713/4736/3765 3706/3616/3041
f 1549/2592/2287 2904/5022/3932 4489/9475/4429
f 2961/4099/3371 566/9476/832 4869/9477/5134
f 2961/4099/3371 4869/9477/5134 2056/3469/2949
f 1577/6042/2326 3416/6044/1625 1084/9478/430
f 386/615/553 1182/1967/1771 1181/1966/1770
f 1497/9479/252 4367/9480/4064 4253/9481/2214
f 1467/7745/2173 2455/4222/2231 2606/8167/3624
f 3184/5577/4204 3288/5779/4295 414/7342/600
f 4870/9482/3196 2246/9483/1999 1357/7600/1998
f 2191/3737/3133 4173/3285/2820 1944/3287/2372
f 3805/6887/4743 3217/366/306 228/365/305
f 523/9484/774 249/400/340 3928/9485/4827
f 2992/3934/3264 1788/3023/2617 2033/3436/2924
f 4432/8408/1562 1022/5924/1525 5015/9486/1857
f 1798/3039/2630 522/4234/773 1799/3040/2631
f 1368/2261/2018 3040/5298/1485 1056/1736/1574
f 3982/7303/4773 3981/7302/4672 2924/8096/3945
f 4808/9321/5122 4871/9487/5135 1585/2655/2334
f 4808/9321/5122 1585/2655/2334 437/702/636
f 3911/9488/4819 4323/7868/4973 4957/7870/4754
f 1479/4210/2189 999/7507/1274 2291/3280/2817
f 3847/4202/1890 2445/4201/3444 3449/8459/1238
f 4130/7656/4930 4569/8704/2349 2556/7657/3571
f 270/430/369 2581/4458/3595 2666/4600/3682
f 2258/3858/3215 4706/9046/2102 1615/2710/2370
f 2058/7933/2951 3030/5277/4063 3564/6351/4544
f 2625/4537/1494 3913/7138/4820 1004/9489/1492
f 4975/5156/4003 4784/9265/4626 3554/6326/4536
f 2586/4463/3598 4975/5156/4003 3554/6326/4536
f 1396/2320/2064 4425/2647/1540 1397/2321/1539
f 4314/3390/2893 2007/3391/2894 4241/7954/4843
f 3546/7711/4531 3322/4955/3894 3925/7165/4826
f 2257/4928/3214 2382/4095/3367 4050/7442/4896
f 3959/7255/4844 4220/7874/963 647/605/543
f 1027/1690/1534 214/348/289 1287/2144/1921
f 355/9490/502 2440/4194/3439 4872/9491/3015
f 4864/9470/4618 683/1110/1020 3641/5358/4092
f 4873/8094/3758 4905/9492/5033 4370/9493/5032
f 4873/9494/3758 4370/9495/5032 2707/9496/3725
f 1390/2310/2055 3503/6219/4497 3627/6495/4603
f 2698/4651/3713 3572/6370/4554 3917/6228/4502
f 4448/651/587 404/650/586 3856/7003/4779
f 2737/6547/3752 2553/9064/3565 859/1381/1271
f 465/743/674 466/745/676 2854/4925/3875
f 1044/1717/1558 4339/8202/2769 1045/1718/437
f 2851/4914/3870 3697/4915/3871 4651/8908/332
f 172/8229/216 4350/8228/5028 3571/6368/2927
f 4108/2265/2020 3834/6954/4763 477/763/694
f 3965/8020/4846 3828/6936/4760 2824/4875/3841
f 3965/7267/4846 2824/9497/3841 2421/4166/3420
f 1514/2532/2234 4874/9498/4780 2438/4192/3437
f 4793/9499/3612 4364/8262/708 3237/5692/3613
f 1692/2858/2495 3944/7216/4836 4644/8889/5101
f 1692/2858/2495 4644/8889/5101 4298/8066/4377
f 4875/9500/4849 995/1619/1477 997/1621/1479
f 2210/9501/3157 309/9502/426 4876/9503/378
f 4946/9504/4583 4877/9505/4582 3902/9506/2940
f 3686/6634/4649 5125/3103/2681 2435/4189/3434
f 2611/7318/3630 1102/1831/1656 1101/1830/1655
f 3072/3406/2904 4225/978/900 605/977/899
f 1950/3297/2828 4019/7385/4878 4820/3298/2829
f 4700/9507/3907 4680/8989/4877 4046/399/339
f 2140/1487/1366 922/1489/1368 3477/7849/3059
f 3054/3451/2934 4326/8748/5019 4287/8033/5001
f 2375/4079/3357 3095/5394/4114 370/590/528
f 1925/3254/786 1456/2421/2149 1457/2422/2150
f 2033/3436/2924 1788/3023/2617 1789/3025/2619
f 4878/9508/3511 4817/9349/5123 2971/5144/622
f 2359/4053/3341 5050/2918/2538 2204/4054/3151
f 4204/7842/4967 101/9062/120 105/6818/125
f 3135/5477/4162 2618/6916/3637 2453/4219/3386
f 4491/5980/4381 3907/5981/4382 1233/2045/1832
f 4251/6810/4711 4980/9135/4757 3875/1847/1669
f 3503/9509/4497 2158/8411/3079 3935/7186/4831
f 4101/7575/1299 2920/5042/2043 554/888/814
f 2616/4518/3634 3455/2581/2278 3603/6443/4579
f 1145/9510/1716 1146/4990/1718 1611/7962/2366
f 1080/1786/1615 3921/9511/3017 3263/1787/1616
f 4472/8486/4198 2058/7935/2951 4217/7087/4809
f 3983/9512/4855 4879/9513/3358 4790/9280/3702
f 5011/6203/4492 3496/6202/932 4927/9514/4765
f 2710/4670/3728 2034/3437/2925 3759/8677/4705
f 2270/3879/3227 4585/3917/3252 2462/4239/3459
f 1045/8661/437 2025/9515/436 4556/8662/4073
f 649/1051/965 262/417/357 2394/9516/3387
f 4063/8509/1957 4076/8508/4907 4455/9517/4020
f 4063/8155/1957 4455/9518/4020 5102/8156/5015
f 4880/9519/3447 3183/5972/4202 413/665/599
f 1340/9520/1980 2089/3541/3001 2467/3543/2511
f 4607/8809/5092 3089/2675/2346 1474/2462/2182
f 724/1179/1085 2645/4560/3659 725/1180/1086
f 4881/9521/4716 211/345/286 2995/4254/3470
f 5078/9522/5056 2792/4819/3812 3466/9523/1900
f 2786/9524/3806 900/8407/1332 187/304/247
f 1968/3327/2848 2131/3623/3046 1886/3185/2744
f 49/71/58 50/72/59 52/77/62
f 74/109/86 49/71/58 52/77/62
f 231/370/310 230/369/309 2618/9525/3637
f 3116/5444/4144 3717/9526/577 3695/9527/394
f 3851/6991/2532 2926/1906/1717 1145/1905/1716
f 260/415/355 4792/9282/3496 3151/9528/4174
f 3522/6254/4512 495/794/725 496/796/727
f 3700/6662/4656 3464/6141/4455 4492/8523/2439
f 1560/2613/2304 3718/6699/4670 1561/2614/2305
f 4173/3285/2820 2228/3800/3178 3992/3286/2821
f 3428/6069/4422 903/1455/1336 902/1454/1335
f 4447/6048/4412 4882/9529/3766 3049/6049/4078
f 3605/5830/4317 4484/2732/2389 1588/2662/2338
s 0
f 518/9530/5136 3292/7261/5136 3772/6807/5136
s 1
f 3386/5974/4379 1301/2164/1936 695/1127/1037
f 2678/4619/3692 1660/2797/2444 838/1346/1241
f 235/374/314 2558/376/316 2947/623/561
f 1376/2278/2026 2695/4647/3711 2696/4649/1643
f 4751/9162/2061 2747/4728/3760 1395/9337/2062
f 3602/6440/3947 2179/3714/3112 4339/8202/2769
f 1318/2188/1954 1411/2344/2084 637/1030/945
f 520/844/771 1511/2287/2036 3415/3860/3216
f 3069/5357/4091 1222/1112/1022 1835/9531/2685
f 2709/4669/3727 2032/3435/2923 2710/4670/3728
f 4489/8519/4429 2809/4857/1797 2812/4860/3832
f 4341/8204/4496 3201/9532/4221 653/1055/969
f 1005/1642/1493 3326/5849/4323 1965/8048/2845
f 4268/7985/4100 292/467/405 293/469/407
f 2940/5089/610 1993/3366/612 1974/3334/2854
f 3071/4414/3570 3088/8659/4111 287/460/398
f 4810/9323/2953 3313/5095/3547 2273/5094/3230
f 425/684/618 424/683/617 2194/3744/3138
f 4883/9533/2960 4172/9534/4951 4718/9535/246
f 4580/4418/3572 2227/6771/3175 4173/7762/2820
f 4884/9536/3724 4873/9494/3758 2707/9496/3725
f 1113/9537/1675 4885/9538/390 3684/6631/3944
f 2791/4818/3811 3863/7026/4786 2792/4819/3812
f 2187/3730/3127 2770/4776/3790 1118/1856/1678
f 4166/6369/4553 1484/2483/2197 2180/3717/3115
f 2726/3836/3198 612/804/735 500/803/734
f 1487/8016/2202 2407/4141/3089 4502/7360/4872
f 3968/3925/3257 1959/3314/2840 3315/3926/3258
f 1828/3095/2677 3610/6456/4587 407/655/591
f 1828/3095/2677 407/655/591 406/654/590
f 4886/9539/4981 4224/7884/524 4638/7883/4620
f 4343/8215/5026 2436/4190/3435 4887/9540/3516
f 3392/539/477 1733/2932/2548 212/2931/287
f 4799/9300/452 1724/2915/2536 326/4983/453
f 1314/2183/1950 1739/2946/2558 1740/2947/2559
f 220/355/202 3553/8170/4535 165/255/205
f 4367/5282/4064 855/1374/1264 3073/5930/4094
f 4879/9513/3358 379/8577/544 473/756/687
f 698/1131/1041 3053/4630/3700 1149/9541/1723
f 2337/4015/3312 2336/4014/3311 4888/9542/5137
f 2435/4189/3434 2436/4190/3435 4013/7366/4874
f 4142/7688/3960 1527/7690/2255 4122/7640/3897
f 4142/7688/3960 4122/7640/3897 4121/7639/4926
f 2337/4015/3312 2201/3756/3147 2200/3755/3146
f 372/595/533 3821/6918/4725 3299/596/534
f 3898/1792/1621 3327/5850/3288 278/441/380
f 4889/9543/4648 3918/9544/3545 4666/9545/1244
f 2282/3902/3244 4022/8703/4882 1639/7971/2412
f 3753/6768/4701 3758/6778/4704 1097/8710/1646
f 391/5429/566 2568/4436/3581 374/4435/537
f 4362/6315/4532 4366/8265/5031 3602/5058/3947
f 1573/2638/614 4839/9397/5129 3006/5224/4030
f 3444/7617/4439 4346/9546/554 1291/1097/1007
f 1451/9547/2141 1450/3168/2140 1371/2269/2022
f 4669/4305/3500 3144/5491/1344 2638/4550/3651
f 4101/1413/1299 673/1089/1000 2920/2294/2043
f 1819/9548/2662 1041/9424/1554 4969/3352/2869
f 350/9549/493 2594/8172/3608 4890/9550/5071
f 2484/4291/3321 3858/7915/504 357/8821/506
f 882/1424/1308 2249/3838/3200 883/1425/1309
f 1453/2414/2144 610/2413/905 5045/1957/1761
f 3816/6910/4042 4891/9551/4631 3318/9552/4043
f 1085/1798/1626 3102/5416/4129 4241/7239/4843
f 207/340/281 4892/9553/4982 2118/3592/3026
f 189/306/164 132/956/166 912/1470/1350
f 189/306/164 912/1470/1350 2548/4398/3561
f 691/9554/1031 690/4259/1030 2341/4022/3318
f 4179/7777/475 4138/7679/4935 4202/7837/1905
f 2428/4177/3427 1109/1843/1667 2429/4178/3428
f 3141/5486/4166 2962/5125/3986 2810/6460/3830
f 1854/3138/2706 1181/1966/1770 232/371/311
f 983/1602/1463 222/358/298 323/509/447
f 1925/860/786 532/862/788 1456/9555/2149
f 1289/2146/1923 950/1541/1411 3362/5921/4360
f 3015/5239/4038 4523/8596/5077 4434/8412/5053
f 896/1446/1327 3275/5757/4285 1274/1447/1328
f 710/3805/1061 5019/3807/2421 4972/9556/4970
f 3121/9557/4147 3641/5923/4092 4295/5922/4361
f 4387/5690/4253 4528/2750/2406 1634/2749/2405
f 4692/9558/4710 4768/9559/1563 3026/5269/4058
f 4648/5910/4356 135/5126/169 3037/5128/3987
f 4268/7985/4100 4269/7986/4993 292/467/405
f 2496/3087/2670 2195/9560/3139 2693/5469/3141
f 4441/5260/3665 335/723/467 5051/725/656
f 3944/7216/4836 1987/3359/2745 2275/3891/3235
f 2772/4783/3793 1824/3089/2672 3129/5458/4153
f 1452/2411/2143 3687/2410/2142 4242/7923/4985
f 794/1274/1174 793/1273/1173 2469/4256/3472
f 2571/1084/996 2570/6500/3583 257/1085/351
f 1666/2813/2457 3688/6638/4650 2177/3709/3108
f 4414/8370/5048 4794/7728/4946 3078/5371/4102
f 4893/3432/2921 2998/5207/4022 3608/6872/4586
f 1757/2973/2580 4893/9561/2921 3608/6453/4586
f 1201/1996/1792 4894/9562/5138 858/1379/1269
f 2464/4245/3463 461/9563/670 1196/1991/669
f 2408/4142/3403 2745/9564/1458 4257/4143/1836
f 4343/8215/5026 4887/9540/3516 3401/6008/4397
f 2380/4091/2433 4511/8572/3353 4098/4092/3365
f 4705/6759/4697 3750/6758/4581 4946/8001/4583
f 4649/7489/4430 1525/7927/2250 4619/8834/5095
f 4283/2979/2585 1206/2005/1798 1642/2980/2417
f 1780/3007/2608 1781/3009/2245 2083/9565/4134
f 3185/5583/4206 2504/9566/3521 2578/4454/3594
f 4895/9567/3262 2532/4375/3546 2265/3868/3221
f 4332/9338/3061 4207/7847/4968 4303/7846/4578
f 3758/6778/4704 1594/9568/2347 3231/8711/4248
f 1538/2572/2269 4244/3885/1727 4976/9569/4920
f 634/9570/942 3133/5770/4158 635/3514/943
f 4863/3758/3149 4740/4775/3789 2188/3733/3130
f 875/2091/930 5135/4343/560 1258/2092/1878
f 1328/2204/384 1858/9571/2715 1329/2205/1968
f 986/1605/1466 2783/9572/3803 987/1606/1467
f 3587/6409/4568 563/901/827 2447/2472/2190
f 3521/9573/4511 3544/7511/4528 4162/3088/2671
f 3521/9573/4511 4162/3088/2671 4896/9574/5139
f 2270/8656/3227 2462/4391/3459 3427/6064/4419
f 5039/2010/1801 3682/9575/530 4036/7413/532
f 3019/6763/4045 3125/9576/4047 3124/3296/2827
f 4099/6078/4428 2015/3409/2906 2017/3411/2907
f 2605/7476/3622 4167/9577/4556 4066/7477/3246
f 993/1617/1475 4678/8978/4857 994/1618/1476
f 2040/3446/2931 2039/3445/2930 3191/5591/4210
f 4897/9578/730 4898/9579/2995 167/8272/206
f 4897/9578/730 167/8272/206 2401/4133/3395
f 528/854/780 2703/4658/3718 2702/4657/3717
f 1342/2220/1981 666/1073/986 3575/7966/4558
f 1342/2220/1981 3575/7966/4558 1697/8621/2503
f 3347/5890/4344 3173/5552/4196 4994/5891/2222
f 3511/6232/2155 2293/3935/3265 2194/3744/3138
f 424/683/617 3511/6232/2155 2194/3744/3138
f 2725/9580/907 612/804/735 2726/3836/3198
f 2773/842/770 3647/841/769 704/3921/1052
f 589/6086/872 3046/5316/874 4667/8953/4912
f 2064/9581/1664 4899/9582/379 4900/9583/3889
f 4901/9584/4372 2213/9585/3159 4651/9586/332
f 3427/6064/4419 2462/4391/3459 2544/4393/3557
f 4352/3844/3206 4353/8797/5029 3945/7217/4837
f 3910/7128/3161 5145/3929/3261 4599/8789/3220
f 4403/8351/5043 4902/9587/4680 4404/8352/5044
f 603/2673/894 2141/1427/1311 655/1429/971
f 2189/3734/3131 2867/4952/3892 1946/3291/2822
f 4284/2639/2322 1573/2638/614 4903/9588/613
f 778/1252/1154 4766/727/658 453/726/657
f 507/817/745 2839/4893/3855 4904/9589/5117
f 507/817/745 4904/9589/5117 508/818/746
f 1534/2566/2263 4164/5992/4388 4047/7433/4894
f 1307/7517/1942 467/749/680 3601/8838/4577
f 447/8109/648 4307/8108/4005 3617/5149/3909
f 132/956/166 593/955/878 912/1470/1350
f 3286/9590/4292 4288/8034/4999 1924/9591/2797
f 2954/5114/3979 805/1289/1187 804/1288/1186
f 2221/3790/3171 2220/3789/3170 857/1377/1267
f 4905/9592/5033 4906/9593/5121 5073/5380/3492
f 3909/7127/1180 4653/8917/768 3908/7126/2807
f 2331/9021/3307 4374/8284/3953 4065/7473/3109
f 830/1331/1226 1545/2582/2279 1546/2584/2281
f 643/1040/955 3912/7137/3677 2629/4541/3645
f 2400/6390/3226 1994/3026/2620 2296/3941/3271
f 1096/1817/1645 3606/2739/2396 1252/2081/1868
f 4939/6998/4776 4772/9594/1560 3420/8530/4413
f 1755/2971/2579 1754/2970/2578 4907/9595/4408
f 4208/852/778 526/851/777 4288/8034/4999
f 3286/9590/4292 4208/852/778 4288/8034/4999
f 3445/6104/4440 4381/8294/5016 1107/6105/1665
f 4908/9596/4526 1276/8759/1903 5138/8761/2204
f 1008/8859/1498 2340/6031/3316 2572/6033/1506
f 4875/9500/4849 997/1621/1479 4531/5668/4238
f 4792/9282/3496 259/414/354 3038/5294/1604
f 1369/5782/2019 4496/8541/503 2107/156/121
f 1753/2969/2577 4909/9597/5132 1754/2970/2578
f 4594/8775/4889 3034/5286/4067 1471/2455/2176
f 4640/8880/5100 4400/7461/4901 4910/9598/353
f 1590/5226/2342 3332/8004/4329 2740/4717/3755
f 2256/3856/3213 3226/5677/3366 2257/3857/3214
f 2618/9525/3637 230/369/309 3820/7022/3384
f 1409/8037/784 3055/829/757 3312/828/756
f 4762/9205/3749 1574/2640/1746 3414/6041/4411
f 3008/5228/4032 3009/5229/4033 2041/8802/2932
f 1183/1968/1772 3550/6321/4517 1184/1969/1773
f 3908/3269/2807 1612/2707/2368 2468/9310/3469
f 4400/7461/4901 309/8879/426 310/913/428
f 2313/9599/2038 657/1061/974 4911/9600/4352
f 1199/1994/1790 1782/3990/2611 2323/3989/3300
f 3711/6683/3943 3387/8636/4380 2896/5011/3927
f 4018/898/824 1298/900/826 3844/9601/2446
f 1693/6976/2497 4018/9602/824 3844/6977/2446
f 3043/5308/4072 3344/5885/4342 267/5330/155
f 4912/9603/4724 2994/9604/2793 4913/9605/2997
f 4389/8317/199 1851/3135/2703 4914/9606/5140
f 4389/249/199 4914/9607/5140 160/247/197
f 2667/4988/3683 4473/8487/4060 3027/7269/4059
f 2884/4989/3914 2667/4988/3683 3027/7269/4059
f 3387/9608/4380 771/1237/1141 770/1239/1140
f 3005/6867/4029 2387/4108/3375 4233/7900/4978
f 2503/4333/3520 2134/3630/3051 2001/3375/2884
f 4915/9609/1432 1940/9610/2815 2837/9611/2814
f 1657/9612/2438 3464/6141/4455 4856/9451/3361
f 3201/9613/4221 870/1405/1292 654/729/660
f 4060/7458/1597 1277/2131/1910 1071/2133/1598
f 5061/9614/5084 1259/5768/1879 2225/2266/1016
f 2262/3864/3218 3268/5460/4154 5148/6318/1434
f 3722/6707/4516 4916/9615/2309 1555/2608/2299
f 1059/1744/1582 4917/9616/5141 2285/3912/3248
f 4262/7973/4041 4618/3843/3205 2252/3845/3207
f 3872/8930/1051 250/401/341 2337/4015/3312
f 4274/5576/4203 3288/5779/4295 3184/5577/4204
f 3897/7100/3827 2972/7102/3999 3827/6935/4759
f 997/1621/1479 605/977/899 1103/1835/1660
f 3360/8518/4359 2812/4860/3832 3158/4756/3774
f 2461/4237/3201 2237/3816/3186 4868/9617/5133
f 2022/3418/2914 2021/3417/2913 3482/6174/4473
f 248/398/338 249/400/340 523/9484/774
f 1594/2676/2347 4607/8809/5092 3231/8815/4248
f 1385/2300/2047 1384/2299/2046 4918/9618/4294
f 3537/6286/4523 2679/4621/3694 1837/3109/2687
f 4919/9619/4798 4509/9620/1636 4920/9621/1282
f 2366/4065/2707 3318/5834/4043 5139/2433/2158
f 4038/7017/4781 180/288/231 2167/7018/3094
f 1223/2029/1816 3716/8293/4669 3116/8960/4144
f 4921/9622/2395 2959/5121/3984 338/7678/474
f 3487/5131/3989 5000/5942/4367 3716/6695/4669
f 4381/8294/5016 1108/9623/1666 1107/6105/1665
f 4922/9624/4188 4859/8954/5103 3164/8956/677
f 4079/9625/3518 4923/9626/3162 2214/9627/2397
f 536/867/793 201/328/269 3398/6000/4394
f 316/501/439 3757/6775/3210 317/502/440
f 146/228/183 138/219/176 2069/3491/2967
f 4924/9628/3239 4639/8878/3183 3677/6616/4644
f 1384/5344/2046 2690/4641/3709 4918/6922/4294
f 590/952/876 3448/6108/4443 939/1512/1388
f 654/729/660 653/9629/969 3201/9613/4221
f 2035/3438/2926 4716/9066/2615 170/7125/209
f 873/1408/1295 4387/8313/4253 3236/9372/4254
f 2165/3689/3092 3265/5743/4160 1253/2082/1869
f 1762/2982/277 3582/9630/4563 3958/7253/4479
f 201/328/269 1762/2982/277 3958/7253/4479
f 731/1188/1094 4299/4793/3796 4728/9631/5006
f 632/1024/939 2415/4153/3412 1631/2742/2399
f 233/372/312 2008/7093/2896 2451/4215/2895
f 821/1320/1215 1162/1939/1748 381/608/546
f 3369/9632/4366 4815/1791/1620 2660/4587/3674
f 1531/9633/2260 2929/5062/3949 1959/3314/2840
f 4415/8371/3448 4414/8370/5048 3552/9634/4534
f 4807/9319/5030 4925/9635/2798 4178/3385/2890
f 4549/5306/4071 2573/5307/3588 2970/9636/3996
f 4882/9529/3766 2569/4438/3582 2571/4440/996
f 4882/9529/3766 2571/4440/996 3846/9637/4769
f 622/1007/924 4652/2615/2306 1562/2617/2308
f 4330/8179/4693 4329/8178/4700 3993/9638/3473
f 3688/6638/4650 2120/4520/3029 978/1595/1456
f 1013/1659/1019 1003/9639/1018 1848/1660/1491
f 902/1454/1335 463/741/672 3428/6069/4422
f 4492/8523/2439 3464/6141/4455 1657/9612/2438
f 3929/7179/4829 3079/8971/4103 5128/7754/4950
f 4427/8392/4374 3742/9005/4690 5022/9640/3653
f 5109/4752/3772 2852/5204/1594 4926/9641/3872
f 1792/8937/2623 1236/8074/1837 3462/8076/4454
f 2138/8513/3056 3196/5599/2010 2585/4462/3597
f 1537/9642/2267 1655/8243/2435 5079/8242/4818
s 0
f 4927/9643/5142 4928/9644/5142 1465/9645/5142
s 1
f 1141/1899/1713 1727/1901/1715 1729/4216/2543
f 3190/9646/1870 1907/9647/714 4929/9648/5009
f 4232/9649/4673 4909/9597/5132 1753/2969/2577
f 3627/6495/4603 3503/6219/4497 4083/6496/4604
f 1931/3262/1032 1435/2385/2120 4408/3260/2803
f 1582/2652/2331 3262/5731/4276 1690/2855/2492
f 2013/3404/2603 62/69/56 76/114/91
f 748/5014/1113 1689/9650/2489 1688/7244/2488
f 2328/4000/3306 742/1201/1107 607/980/902
f 3755/9651/3723 487/5780/707 4930/9652/4163
f 2922/4924/3874 3703/6671/4659 465/743/674
f 1202/1997/1793 2084/3525/2992 1203/1998/1794
f 3781/6826/472 3780/6825/4719 1747/2958/2568
f 4439/8428/5057 1296/2157/1230 4931/9653/2792
f 1495/3126/2212 4932/9654/2775 3190/9008/1870
f 3642/6537/4130 4972/9655/4970 1982/3350/2867
f 3783/6828/2857 4785/9269/239 4933/9656/238
f 1806/3054/2643 638/1031/946 879/1417/1303
f 1806/3054/2643 879/1417/1303 2266/4802/3224
f 4060/1763/1597 1072/1765/1599 1198/1993/1789
f 4726/9100/4909 4060/1763/1597 1198/1993/1789
f 1924/5483/2797 4934/9657/2490 3319/4480/3609
f 4071/7483/4905 3154/5514/4177 2589/4471/3603
f 4628/6864/887 4239/9228/4983 3655/2254/2011
f 4711/9057/1457 3843/9658/4653 4693/9020/4398
f 3557/6336/4539 715/1165/1071 2117/3587/2316
f 3152/3493/2692 2071/3495/2969 3549/6320/3136
f 3152/3493/2692 3549/6320/3136 1839/9659/2693
f 3268/5460/4154 4935/9660/3704 5148/6318/1434
f 4173/3285/2820 2227/3798/3175 2228/3800/3178
f 4050/7442/4896 2633/4545/3648 639/9661/947
f 4775/9240/2181 4774/9239/4948 947/9379/1405
f 4056/7453/1106 1202/1997/1793 739/1999/1103
f 812/1302/1198 2986/6582/4013 2920/2294/2043
f 3157/5519/4182 4266/7981/4510 703/5520/1048
f 3851/6991/2532 3982/6990/4773 2926/1906/1717
f 4305/9662/491 4936/9663/740 4937/9664/492
f 3979/7299/3188 4010/7355/3505 3980/7300/402
f 2167/3691/3094 1385/2300/2047 4273/7991/2404
f 1091/6093/1635 4965/9665/1146 4740/9138/3789
f 1540/2574/2271 2961/5123/3371 2055/7136/2948
f 1580/9666/2329 4938/9667/2075 4834/9668/1515
f 4185/9669/2764 4966/6001/4395 5088/6003/3249
f 3746/6690/3853 2359/8327/3341 2360/9670/3342
f 4525/8599/4941 4401/8347/5042 4939/9671/4776
f 3684/6631/3944 4474/1349/1243 1113/9537/1675
f 3645/6544/4622 3827/6935/4759 2972/7102/3999
f 3527/1588/1449 1621/2719/2379 3094/5393/2830
f 3527/6268/1449 3094/3299/2830 3528/6269/4518
f 4917/9616/5141 3800/7073/4736 2285/3912/3248
f 4731/9116/3066 3809/1074/987 667/1076/989
f 2064/3481/1664 3629/3480/2958 277/9672/377
f 1720/2907/144 1145/2704/1716 115/4581/140
f 1498/2510/2215 1500/2512/2217 314/496/434
f 2002/3380/2888 3821/6918/4725 372/595/533
f 1782/3011/2611 4113/7616/2115 190/307/249
f 3579/6392/4561 2778/4795/3798 2777/4794/3797
f 4527/9673/5078 1641/2759/2415 4431/2758/2414
f 5051/7081/656 2299/3953/3274 4294/7011/363
f 1312/6885/1948 2111/3576/1947 991/1615/1473
f 921/1486/1365 4940/9674/2837 2026/9675/2855
f 361/576/514 2343/769/700 362/577/515
f 3998/7330/4864 4000/7332/4866 2258/8413/3215
f 3339/9283/4337 4146/9250/4937 2570/4439/3583
f 3952/1336/1231 3593/6420/4572 3953/9676/4839
f 1597/2688/2354 3726/6711/4676 3725/6710/4675
f 2007/3391/2894 1496/5148/2213 4253/7953/2214
f 4881/9521/4716 3393/5990/4387 211/345/286
f 5104/6013/4399 4431/9677/2414 3402/6014/2416
f 5138/9678/2204 3922/9679/4641 1488/9680/2205
f 2258/8413/3215 547/881/807 4985/9681/1451
f 3861/7024/4785 4941/9682/5143 4134/7664/4932
f 330/520/458 3861/7024/4785 4134/7664/4932
f 1112/1852/1674 2806/8309/3825 4008/3675/3080
f 464/742/673 3965/7267/4846 2421/4166/3420
f 416/668/602 1492/2503/2209 417/669/603
f 4749/2776/2429 4942/9683/3873 1652/2777/2430
f 4008/7351/3080 2806/4849/3825 3826/7352/4758
f 3876/9684/1671 3765/9685/4707 1730/9686/2545
f 4943/9687/5144 4338/8201/5025 4944/9688/3506
f 4945/9689/4314 4606/4773/3787 1216/2020/1810
f 4806/2363/2100 3690/6642/4651 3691/6643/1647
f 4701/3583/3023 2923/5609/2293 2499/7359/3513
f 3270/5750/4283 1461/2818/2160 1669/2817/2461
f 284/454/393 3776/6814/3153 377/9009/540
f 344/547/485 797/1277/1177 1422/2367/2103
f 4469/8477/5067 4986/2195/1959 2500/4325/3514
f 5124/4614/3691 3991/7321/1021 4864/6532/4618
f 3383/5967/4375 4828/7056/4799 3410/7055/4407
f 3490/6193/4485 3601/8396/4577 567/8239/833
f 4371/9690/828 2345/4847/3322 4080/4846/829
f 4149/7706/4939 2507/4338/3525 2508/4337/3524
f 369/589/527 1098/1825/1651 370/590/528
f 3873/8931/4795 2337/4015/3312 4888/9542/5137
f 200/327/268 1762/2982/277 201/328/269
f 1020/1679/1523 2819/4867/3836 2818/4866/3835
f 3451/8217/4445 2132/4869/3047 1254/9225/1871
f 4946/9504/4583 3902/9506/2940 4947/9691/1430
f 3940/9692/4833 4946/9693/4583 4947/9694/1430
f 2997/5205/3042 2140/3641/1366 2139/3640/3058
f 2866/9344/3890 4995/7194/3990 4952/7193/4613
f 3980/7300/402 4010/7355/3505 1294/2152/497
f 689/1119/1029 691/1121/1031 1861/3152/2719
f 377/602/540 5070/2085/1872 970/603/541
f 1414/2348/2088 3362/5921/4360 950/1541/1411
f 2805/4848/3824 4964/8147/3330 1187/1975/1778
f 1018/7567/1519 4097/7569/908 2725/9695/907
f 1705/2879/2514 2325/3995/3302 2680/7068/3695
f 4896/9574/5139 4162/3088/2671 4794/9287/4946
f 2206/6948/2887 3515/6950/4507 2511/4345/3528
f 5000/5942/4367 3371/5941/2464 1319/9696/578
f 4096/9697/1518 4020/7388/4880 4991/7387/4175
f 1078/7370/1612 2769/4774/3788 4606/4773/3787
f 2019/3413/2909 3916/7143/4821 2753/4746/3769
f 4428/9698/4825 4023/9699/1050 4663/9700/2243
f 1246/2073/1860 790/1268/1168 1557/2610/2301
f 4157/7723/4943 4443/8437/5059 4158/7724/3359
f 701/9701/1047 4087/385/325 702/384/324
f 4595/3116/2691 1839/3118/2693 4571/8713/2321
f 1249/4001/1864 4647/8901/4881 1794/3034/2625
f 2566/4432/3579 2565/4431/3578 1374/5497/2024
f 2566/4432/3579 1374/5497/2024 1375/4594/2025
f 263/418/358 1231/5801/1829 264/419/359
f 2179/3714/3112 2685/4632/2727 2426/3715/3113
f 2762/4762/3779 3415/3860/3216 2259/3859/2325
f 1380/2281/2031 3182/5570/215 4948/9702/217
f 1215/7605/1809 2769/7822/3788 2863/4938/3884
f 5081/9703/4975 2958/9704/3983 4949/9705/4766
f 734/1191/1097 3493/6198/4489 3168/5545/4192
f 3333/5864/4330 734/1191/1097 3168/5545/4192
f 1234/2047/1834 892/7082/1323 3829/6938/1322
f 761/3509/1129 2128/3508/2981 4930/5478/4163
f 269/8984/368 271/4931/370 4230/4930/3879
f 3926/7168/4075 269/8984/368 4230/4930/3879
f 4950/9706/2169 1465/9645/2171 4928/9644/931
f 1465/7187/2171 4538/9160/4931 1560/7188/2304
f 3334/5867/4331 2295/8827/3268 3508/4059/3345
f 3379/9707/4370 4694/8993/5087 4636/9708/5098
f 3310/3682/3085 1001/7152/1486 1002/9709/1488
f 4584/8751/579 4182/5737/1956 5087/8752/3456
f 3272/5957/4128 3245/5704/4260 3246/5706/3129
f 885/1428/1312 4200/8641/4737 655/1429/971
f 1182/1967/1771 386/615/553 2212/2778/2431
f 4892/9553/4982 4637/8874/5099 2118/3592/3026
f 4130/7656/4930 4590/8769/5088 4569/8704/2349
f 5023/7619/1212 1735/2935/2551 1734/2934/2550
f 3433/6077/4427 3702/6670/3090 1487/2489/2202
f 53/79/64 3031/5283/2008 44/63/51
f 352/560/498 4951/9710/4097 3724/6709/4567
f 1841/3120/2695 3621/9711/2384 4196/4262/3475
f 1954/3304/2835 1955/3306/1078 4220/7874/963
f 2713/4377/3494 2662/4591/1627 2532/4375/3546
f 1960/3315/2841 4783/9264/645 1961/3316/2842
f 4518/2936/2552 2877/4973/3905 2876/4972/1779
f 4168/7749/1537 4518/2936/2552 2876/4972/1779
f 3192/5593/1734 3193/5595/4212 2561/4427/3576
f 795/1275/1175 3178/3201/2757 1896/3203/2759
f 1534/2566/2263 1535/2567/2264 4164/5992/4388
f 2719/4683/3736 937/1508/1384 936/1507/1383
f 3034/5286/4067 1472/2456/2177 1471/2455/2176
f 1288/2145/1922 948/1539/1409 1289/2146/1923
f 2967/9712/1425 2968/4160/957 957/4161/1426
f 2145/3651/3065 3809/6898/987 4731/3652/3066
f 3185/5583/4206 4786/9270/2629 2504/9566/3521
f 5059/9713/3737 4952/9714/4613 5040/9715/2266
f 4611/8816/3400 1474/2462/2182 2494/2464/2184
f 4611/9716/3400 2494/8527/2184 4493/8526/161
f 203/2136/271 2575/4451/3591 204/9717/272
f 723/1423/1084 4676/8406/5052 2383/4096/3368
f 1020/1679/1523 2818/4866/3835 1021/1680/1524
f 3794/6855/4731 1768/2990/2592 5117/6856/4732
f 1785/3016/949 1714/5090/2527 1786/3017/821
f 4956/2016/1806 2502/4332/3519 2503/4333/3520
f 1901/3213/2766 1900/3212/1417 4865/9471/1418
f 2337/4015/3312 2220/3789/3170 2222/3791/3172
f 2321/3987/3298 3069/9718/4091 3422/9108/4415
f 2207/9719/2905 193/5563/255 2596/5564/3614
f 479/9720/698 2207/9719/2905 2596/5564/3614
f 3110/3057/2645 3534/6280/4521 1138/1896/1710
f 3289/9343/3964 5035/134/105 4660/8936/2134
f 1531/9633/2260 2857/4932/3880 2929/5062/3949
f 3822/9721/4755 3852/9722/4774 3938/9723/4564
f 1541/7135/2272 2057/3470/2950 312/494/432
f 773/1241/1143 3257/5722/4273 774/1242/1144
f 4511/8572/3353 4510/8571/2689 4098/4092/3365
f 2495/4317/3508 4356/8240/4886 2195/3745/3139
f 2278/8611/3237 2277/4516/3236 2665/4597/3680
f 1978/3345/2863 4696/4912/3868 1979/3346/1907
f 2374/4078/3356 3102/5416/4129 3416/1797/1625
f 4333/8189/5023 1999/3373/2882 2168/5865/3096
f 2241/3822/3190 4301/8078/5007 2242/3823/3191
f 4443/8437/5059 3730/6719/4677 2376/8690/3360
f 3256/5720/4272 2259/3859/2325 4359/8250/429
f 4678/7315/4857 3614/6472/4591 3988/7316/3675
f 3302/5804/4069 2269/1298/1194 1074/9724/1605
f 2679/4621/3694 3077/5370/4101 2862/4937/3883
f 2679/4621/3694 2862/4937/3883 2940/676/610
f 4636/9708/5098 4694/8993/5087 4682/8994/5109
f 4636/9708/5098 4682/8994/5109 4597/8785/5090
f 1399/9456/2068 2795/2631/2315 2442/4196/3440
f 1001/7152/1486 2114/3582/3022 2115/3584/1487
f 2391/4114/3381 1310/2177/1945 2164/3688/3091
f 4143/7041/4792 2377/1829/1654 3044/5678/4074
f 4953/9725/25 4954/9726/27 4671/9727/5105
f 840/9272/1065 3497/6205/4493 5065/9728/4235
f 4256/1784/1010 5065/9729/4235 4509/6075/1636
f 2170/3697/3098 2181/3720/3118 3543/3722/3120
f 2260/3862/3217 3433/6077/4427 1487/2489/2202
f 558/892/818 1967/3326/2847 4776/6364/4551
f 443/6433/642 2912/5032/644 2914/5034/3936
f 1262/9730/1883 4591/8772/5004 4592/8773/4923
f 2003/3381/2889 372/595/533 3298/597/535
f 280/448/387 3332/9731/4329 1590/9732/2342
f 1761/337/278 5047/3275/2813 3576/338/279
f 3236/5691/4254 2653/4573/3666 3738/6735/3690
f 3362/5921/4360 4594/8775/4889 1471/2455/2176
f 4735/9125/4959 3588/6410/3418 4322/6412/4569
f 4328/8177/5020 2943/5099/3969 1498/2510/2215
f 3675/8211/4643 928/1496/1375 2444/4199/3442
f 4130/7656/4930 2149/3660/3069 4590/8769/5088
f 4955/9733/1760 4278/8007/1762 4562/8006/4997
f 4721/9734/848 1416/3606/2090 2125/3605/3037
f 462/740/671 2420/4165/3419 1927/3256/2800
f 969/1578/1443 1829/3096/2678 2374/4078/3356
f 1213/4817/1805 2792/4819/3812 4956/9735/1806
f 3367/2579/2276 4563/8480/4365 1544/2580/2277
f 2617/4519/3635 2689/4640/3708 4247/5857/4326
f 974/1586/1448 973/1585/1447 4077/6111/1520
f 3911/7133/4819 4957/9736/4754 3258/8244/4274
f 2065/3482/2959 1643/2764/2419 2832/4883/3848
f 2420/4165/3419 462/740/671 464/742/673
f 3239/1974/1275 2805/4848/3824 1187/1975/1778
f 3049/6049/4078 4882/9529/3766 3846/9637/4769
f 3393/5990/4387 4881/9521/4716 4872/9491/3015
f 2440/4194/3439 3393/5990/4387 4872/9491/3015
f 3272/5957/4128 3390/5987/4127 3245/5704/4260
f 1758/2974/2581 4893/9561/2921 1757/2973/2580
f 4846/9418/465 2683/5556/3698 3307/9419/4310
f 4958/8060/5005 160/247/197 4914/9607/5140
f 4719/9080/5069 4958/9737/5005 4914/9606/5140
f 604/974/896 4702/976/898 1155/1924/1733
f 3479/1378/1268 3556/6335/4538 4530/8604/3693
f 4350/8228/5028 2378/9738/3363 3854/7000/4777
f 4834/1670/1515 4848/9429/4787 3864/1671/1516
f 1357/2238/1998 3904/2240/873 4992/9739/3719
f 4959/9740/3067 1357/2238/1998 4992/9739/3719
f 4960/9741/4686 4961/9742/627 1830/9743/1393
f 4878/9508/3511 4962/9744/5079 4817/9349/5123
f 2018/8467/2908 4213/7857/4971 3916/9745/4821
f 951/1542/1412 1758/8139/2581 968/1577/1442
f 1568/2625/2313 123/9746/151 4521/8592/4424
f 5129/5065/3952 2931/5064/3951 4453/8448/5063
f 2665/4597/3680 2664/4596/3679 2891/4999/2002
f 2329/830/758 4105/1952/1756 5147/1951/1755
f 3756/6773/4702 4800/9355/4816 2123/6774/3035
f 2672/4607/3687 1401/2328/2070 1400/2327/2069
f 5088/3914/3249 4272/7990/2201 3137/5480/3756
f 4963/9747/2348 4753/5262/2721 3089/5388/2346
f 751/1212/1117 3401/6008/4397 3562/8384/4542
f 1473/2458/2179 306/485/423 1083/1795/1624
f 348/551/489 2959/5121/3984 4921/9622/2395
f 878/9748/1302 1486/5795/2199 3187/5585/4207
f 4285/8030/5000 4964/9749/3330 2805/8031/3824
f 1197/1992/1788 1196/1991/669 1603/9750/2358
f 1011/3560/1503 80/122/89 2101/3559/88
f 3403/6015/4400 3402/6014/2416 4430/9751/4977
f 744/6271/1108 3530/6272/1862 4965/9752/1146
f 1898/3207/2763 4966/9753/4395 4185/3208/2764
f 4967/9754/5145 1613/2708/2369 1905/3220/2773
f 2159/3673/1826 4019/7385/4878 3446/6106/4441
f 3935/7186/4831 3476/6167/4471 587/942/867
f 3577/6385/4559 1252/8593/1868 1970/3329/2849
f 1494/8998/2211 3419/6050/4277 4932/9755/2775
f 3267/5745/4281 1608/2701/2363 1607/2700/2362
f 741/1199/1105 2982/5176/4009 3906/7123/4062
f 2056/3469/2949 664/1069/982 2057/3470/2950
f 2745/1597/1458 5029/6877/4739 272/432/371
f 506/816/744 4968/9756/4458 507/817/745
f 712/1162/1068 2838/4892/3854 507/817/745
f 2162/3920/3086 735/1192/1098 734/1191/1097
f 3607/6452/4585 3330/5859/4327 909/1466/1346
f 887/1431/1314 3607/6452/4585 909/1466/1346
f 1492/2503/2209 416/668/602 949/1540/1410
f 178/284/228 2441/283/221 1910/9757/2778
f 178/284/228 1910/9757/2778 1911/277/222
f 476/759/690 3306/5813/4309 1156/1926/1735
f 1461/2435/2160 4797/2437/2162 1670/6534/2462
f 4037/3637/232 4485/3639/3057 4177/7770/4955
f 2850/4909/3865 4945/5818/4314 980/1599/1460
f 2268/3876/2663 1819/9758/2662 4969/9759/2869
f 5130/5669/4239 4326/9760/5019 2985/5179/4012
f 4970/9761/2029 1378/2276/2028 3634/6467/4590
f 3676/2793/2441 1016/1668/1514 4907/6034/4408
f 1375/2273/2025 300/476/414 2306/3964/3282
f 4823/6313/2910 2636/4548/3649 3886/7071/4804
f 1732/1072/985 1538/2572/2269 3583/6402/4566
f 3447/6107/4442 4429/8398/552 4346/8224/554
f 4516/6196/4487 4491/5980/4381 1233/2045/1832
f 1778/3005/2606 2536/4383/3552 2535/4382/3551
f 1403/2330/2072 3435/6084/4432 3136/5479/4164
f 3329/5856/4325 3559/6338/4540 925/1492/1371
f 3984/7311/4828 4971/9762/3731 3210/7552/4184
f 3186/5454/4150 4527/9673/5078 4431/2758/2414
f 2826/4877/2574 515/831/759 801/1283/1183
f 4238/7909/2567 4207/8845/4968 4239/7910/4983
f 519/839/767 4996/838/766 206/9763/280
f 584/935/860 535/865/791 2754/4018/3315
f 4403/9764/5043 4405/2155/1929 4439/8428/5057
f 2016/2444/2167 1383/2297/2045 4383/7020/4782
f 4177/7770/4955 4631/8864/5096 220/7771/202
f 710/1155/1061 4972/9765/4970 3642/5420/4130
f 4555/8660/1559 2672/4607/3687 2671/4606/3260
f 334/524/462 184/298/241 3741/6741/4689
f 334/9766/462 3741/8561/4689 1900/1547/1417
f 1708/2885/2518 294/470/408 296/472/410
f 1972/3331/2851 1049/1727/1566 2780/4798/3801
f 4839/9397/5129 3007/5225/4031 3006/5224/4030
f 2236/3815/3185 2031/3814/2922 4269/7986/4993
f 1305/2170/1939 3483/1677/1521 4424/8386/2983
f 839/7778/1242 3637/2056/1843 3498/6206/4494
f 4232/7899/4673 1188/7898/1538 4909/9465/5132
f 1169/9767/320 1168/1310/1206 240/1312/321
f 3603/6443/4579 1738/4813/2556 2803/4639/3707
f 2916/7335/3937 1288/2145/1922 1290/2147/1924
f 2445/4201/3444 3679/6619/1239 3449/8459/1238
f 3731/9768/4678 1954/3304/2835 3959/7255/4844
f 3784/6831/3921 4114/4474/1213 2593/4476/3606
f 546/6028/806 3479/1378/1268 975/9769/1452
f 2244/3731/3128 130/203/160 1436/205/162
f 1110/1845/1668 1846/9770/2528 890/1846/1317
f 4255/7957/4815 890/9771/1317 2334/4009/3223
f 2559/9772/3575 1065/9773/1588 818/2438/1209
f 2257/4928/3214 3448/6108/4443 590/952/876
f 1203/5746/1794 1533/8714/2262 3539/6293/4525
f 952/1543/1413 3687/6636/2142 155/240/194
f 448/9774/649 2757/9179/3773 889/1844/1316
f 3525/6262/4515 2512/3580/3021 2513/6263/667
f 1713/2892/2524 3172/3713/3111 4973/9775/4195
f 1972/3331/2851 4547/3333/2853 4180/7781/4957
f 140/218/175 3710/1571/1438 138/219/176
f 1714/5090/2527 2379/9776/3364 2999/5091/3966
f 4699/3060/2647 1809/3062/2649 4700/4976/3907
f 1535/2567/2264 4553/510/448 4769/7763/4952
f 872/1407/1294 1126/1880/1696 873/1408/1295
f 4237/4233/3458 4402/8350/1741 2325/3995/3302
f 863/9777/1280 4974/9778/560 5018/9779/4921
f 4201/5261/4053 4791/9281/1932 3913/7138/4820
f 205/332/273 204/331/272 3771/6804/4709
f 3652/6554/4625 4784/6555/4626 4975/9780/4003
f 513/824/752 3638/6524/4614 2529/4370/2318
f 3584/6379/4557 4976/9781/4920 1825/3091/2674
f 580/928/853 3670/6595/4122 4977/9782/3589
f 1242/2064/1851 1158/1928/1737 1243/2065/1852
f 3975/9286/1049 3521/9573/4511 4896/9574/5139
f 1660/2797/2444 3169/9453/4193 3171/4805/3805
f 4045/7429/4893 4700/9030/3907 4046/7430/339
f 3458/6127/4451 3457/6126/4450 1358/2241/2000
f 801/1283/1183 515/831/759 517/833/761
f 2634/9783/2164 1066/9784/1589 4978/9785/3132
f 4750/8980/5108 4027/7399/4884 1051/9786/1568
f 1560/7188/2304 4750/9161/5108 1051/9787/1568
f 2701/6468/3716 4136/7668/4547 1694/6469/2499
f 4016/3721/3119 4110/7598/4922 4755/9183/3792
f 4979/9788/4019 2991/5165/4006 2979/5167/4007
f 2280/5436/3240 3110/5438/2645 1137/6682/1709
f 100/154/119 104/159/124 102/157/122
f 4639/8878/3183 488/9284/709 3109/5437/4138
f 3327/3975/3288 2746/2555/2254 2748/9789/381
f 1464/3728/2170 2187/3730/3127 4308/8110/5011
f 1602/2692/928 1601/2691/2357 3207/6850/4225
f 4743/9149/2450 2004/3382/1859 4744/9150/1590
f 206/9763/280 4996/838/766 207/9014/281
f 4242/8450/4985 1509/2524/2227 1511/2526/2036
f 4413/2282/2032 4948/9702/217 3159/2302/2049
f 3214/5644/4233 1695/2863/2500 3028/2865/2502
f 3214/5644/4233 3028/2865/2502 697/5645/1040
f 2405/4139/3401 177/282/227 175/278/223
f 4768/1723/1563 1047/1725/1564 772/1234/1138
f 4768/1723/1563 772/1234/1138 4733/9790/3942
f 4222/9791/4750 4609/9392/1908 1844/9394/2697
f 2378/4088/3363 1779/9792/2607 1379/8473/2030
f 4980/9793/4757 3484/7463/4475 1111/7465/1670
f 2906/5024/3934 4639/3810/3183 4924/3897/3239
f 204/331/272 4465/7705/4938 3771/6804/4709
f 4891/9551/4631 3815/6909/4751 3567/7434/4548
f 4891/9551/4631 3567/7434/4548 4136/9794/4547
f 4519/8741/5075 3566/9795/4546 1832/7670/2680
f 2875/4970/3904 829/4971/1225 4578/6815/4714
f 1456/9555/2149 532/862/788 3209/5625/4228
f 4270/7988/4994 546/880/806 4714/9063/5115
f 3092/7246/4113 3956/7248/3269 3046/9796/874
f 4445/7129/1776 5079/7131/4818 4284/8029/2322
f 4894/9562/5138 857/1377/1267 858/1379/1269
f 3917/6637/4502 4889/9797/4648 2656/4577/3669
f 3739/3086/2612 3434/6083/4431 4277/7322/4860
f 1645/2767/2422 2423/9364/3195 4109/7592/3243
f 4732/927/852 4116/7630/2101 580/928/853
f 2325/3995/3302 3899/7105/1250 1212/2014/1804
f 4429/614/552 4279/9798/4481 4749/2776/2429
f 4629/7286/4852 3964/9342/4845 4981/9799/2251
f 4983/9800/5054 2834/4887/3851 4984/2162/1934
f 4982/9801/5146 4983/9802/5054 4984/9803/1934
f 546/6028/806 975/9769/1452 4985/9804/1451
f 900/9805/1332 1771/7222/2596 3594/6161/4467
s 0
f 3292/7261/4702 1268/9806/4702 3788/7262/5147
s 1
f 2532/4375/3546 1751/2963/2573 1750/2962/2572
f 4207/8845/4968 2446/9807/3445 1365/8846/2012
f 3156/5518/4181 2088/3536/2999 2445/4201/3444
f 2512/3580/3021 1435/2385/2120 1931/3262/1032
f 4364/8262/708 3238/5693/4255 3237/5692/3613
f 3689/6640/844 5054/4353/2767 2516/4354/3531
f 3790/6780/4706 1415/2349/2089 399/644/580
f 537/870/796 3348/5892/4345 1546/2584/2281
f 4163/1576/1441 967/1575/1440 4355/8237/3602
f 4825/9808/4211 4057/7455/4565 4059/7457/4900
f 4553/8652/448 3011/5232/2561 4769/9096/4952
f 3491/6194/4486 924/9180/1370 1171/1949/1372
f 2827/4878/3843 801/1283/1183 2086/3532/2178
f 2154/3666/3075 1063/9809/875 591/3667/877
f 1953/3303/2834 4870/9482/3196 1357/7600/1998
f 2677/4618/1416 926/1494/1373 928/1496/1375
f 3597/6424/4575 441/707/640 440/706/639
f 4986/9810/1959 3251/5715/4267 3357/5912/3379
f 3859/7150/4783 1001/7152/1486 3889/7083/4806
f 1817/3074/2658 4747/3076/2660 4987/9811/2053
f 4988/9812/5148 3060/5345/4084 1544/2580/2277
f 1981/3348/2865 4351/7122/4817 3572/8021/4554
f 5032/3499/2973 2051/3463/2944 1332/6911/1971
f 4829/1093/1003 3377/3889/3233 2591/1094/1004
f 4690/9132/1687 4536/9134/1695 2006/9813/1587
f 4989/9814/2498 3257/7667/4273 3364/5929/2496
f 825/1326/1221 827/1328/1223 3725/6710/4675
f 1165/1942/1751 345/548/486 344/547/485
f 662/1066/979 4655/1068/981 3751/6762/4699
f 708/1151/1059 2597/1150/1058 418/671/605
f 2632/4544/3647 2631/4543/2015 3461/6137/2014
f 2664/4596/3679 2632/4544/3647 3461/6137/2014
f 3789/6847/4727 3896/7099/4813 2816/4864/1595
f 288/3907/399 4462/3906/1394 289/9815/400
f 3406/9416/4404 4070/7482/4904 2353/4047/3336
f 4904/9088/5117 4636/9708/5098 4597/8785/5090
f 4904/9088/5117 4597/8785/5090 4507/8567/4474
f 289/462/400 420/673/607 908/463/401
f 1065/9773/1588 2635/2439/2163 818/2438/1209
f 4990/9816/525 1580/9817/2329 368/9818/526
f 4096/7568/1518 4991/9819/4175 4097/7569/908
f 1775/3001/2602 3036/3000/2601 3035/9820/4068
f 521/845/772 2762/4762/3779 3255/5719/4271
f 2464/4245/3463 2012/8274/2903 461/9563/670
f 3888/7079/1450 3529/6270/4519 4051/7693/4897
f 4670/8962/5104 3740/6739/4688 3564/6351/4544
f 3085/5381/4109 3346/5889/4343 735/1192/1098
f 5112/7426/2418 4044/7428/2294 4687/9257/3574
f 2396/4125/3390 995/8472/1477 4875/7278/4849
f 3149/5505/4172 2873/4968/3902 4006/2319/2063
f 3486/6187/4201 2963/9821/1550 3487/6188/3989
f 3738/6735/3690 2674/9822/3689 4960/6734/4686
f 2980/5170/4008 1407/5169/2078 2846/4905/3861
f 3916/9745/4821 4213/7857/4971 3972/7287/4822
f 4992/9823/3719 3904/9824/873 4993/9825/1408
f 3712/6685/4664 3801/8764/4738 2364/4062/3347
f 1667/2814/2458 1394/2316/2060 1668/2815/2459
f 1943/1036/951 641/1038/953 2504/4334/3521
f 4786/3038/2629 1943/1036/951 2504/4334/3521
f 4994/9826/2222 4470/6067/4421 1505/6068/2223
f 2996/4255/3471 3278/5761/4286 1793/3032/2624
f 245/7751/330 4758/9192/4800 3350/7752/4349
f 4738/1804/1632 1090/1806/1634 1124/3826/1693
f 5127/8979/598 4640/8880/5100 4995/9827/3990
f 4482/8506/4596 4591/8772/5004 4375/8287/5034
f 4996/9828/766 4063/2192/1957 4674/2606/2297
f 3909/1280/1180 800/1282/1182 4653/840/768
f 3146/5499/4170 2861/5498/3882 3127/5409/4123
f 3146/5499/4170 3127/5409/4123 2402/4134/3396
f 409/657/593 2760/4760/3778 3347/5890/4344
f 803/8128/1185 1476/2468/2186 1658/6760/2440
f 1532/2564/2261 900/2563/1332 4457/8454/1334
f 1039/1711/1552 1819/9268/2662 4122/4961/3897
f 1766/2987/2589 2231/4411/3180 3915/7140/2965
f 3129/5458/4153 1824/3089/2672 3544/7511/4528
f 182/999/237 176/281/226 179/286/229
f 3681/6621/4646 1803/3049/2638 1737/2941/2555
f 1430/2377/2113 569/909/835 1431/2378/2114
f 1600/7265/2356 1400/2327/2069 1402/2329/2071
f 552/886/812 2324/3706/3105 553/887/813
f 1575/3636/2323 2137/3635/3055 4192/9829/2582
f 846/1360/1252 1458/7886/2151 963/1567/1435
f 3012/5235/4035 962/5234/1433 4997/9830/1906
f 1687/6957/2486 5096/6959/3681 3460/9831/2487
f 4490/4758/3776 4333/8189/5023 4265/8188/4992
f 3530/6272/1862 743/869/795 1248/7938/1863
f 3021/5254/4050 336/9832/468 3976/7292/4378
f 3734/6724/4682 4998/9833/5149 3732/6721/4679
f 1492/2503/2209 4388/8314/2156 417/669/603
f 4007/7350/4870 3066/5354/4088 1256/2088/1875
f 4521/9834/4424 4052/8554/1038 4500/8553/5073
f 4999/9835/4259 1285/8784/1919 940/1515/1391
f 5000/9836/4367 1319/642/578 3717/641/577
f 597/7486/884 686/5637/1026 1189/5636/1780
f 5001/9837/4916 5002/9838/1581 5003/9839/2380
f 223/7361/299 3855/9840/4778 954/1549/1419
f 3646/6546/4346 4152/7713/4348 2424/6327/3421
f 223/359/299 225/361/301 3855/7002/4778
f 205/332/273 618/996/915 617/995/914
f 4945/9689/4314 1216/2020/1810 3742/6743/4690
f 4662/8942/258 1863/3154/257 1089/1803/1631
f 5073/5380/3492 4371/4028/828 4905/9592/5033
f 3819/6914/4753 3818/6913/4752 4069/9841/4903
f 3138/2415/2145 5004/9842/2203 1567/2416/2146
f 434/7669/632 3388/5984/4383 5012/5986/4385
f 1092/1810/1638 3330/5859/4327 1093/1811/1639
f 5005/9843/5124 5091/1663/1509 4737/9131/3241
f 4735/8165/4959 872/1407/1294 1285/8784/1919
f 3669/6593/4639 1669/2817/2461 4998/9844/5149
f 3834/6954/4763 4199/4953/3893 2612/4512/3631
f 611/985/482 4740/9138/3789 5151/1324/1219
f 2513/4348/667 3145/6455/4168 460/9845/668
f 4237/7908/3458 3653/6557/2982 4402/1932/1741
f 1360/2244/2003 4970/2277/2029 1462/6514/2165
f 4813/2427/2154 185/299/242 2881/4981/3911
f 1459/2425/2152 4813/2427/2154 2881/4981/3911
f 2718/4682/3735 5006/9846/4936 1275/6302/1901
f 2653/8336/3666 3990/7320/4859 5124/4614/3691
f 3217/5653/306 3229/5681/4246 3218/5654/4234
f 994/6395/1476 4678/7315/4857 3580/6396/4562
f 3435/6084/4432 1252/2081/1868 3577/6869/4559
f 1976/3341/2859 3090/5389/4112 219/354/295
f 4355/4469/3602 3598/4468/3601 5081/9847/4975
f 1634/2749/2405 2653/4573/3666 3236/5691/4254
f 5007/9848/4420 5008/9849/3715 512/9850/750
f 4939/9671/4776 4401/8347/5042 4772/9235/1560
f 2887/6022/3918 3405/6021/4403 3966/7270/3211
f 4308/8110/5011 1118/1856/1678 1117/9851/1681
f 3468/6153/4461 4471/6055/4417 4780/6154/2708
f 4233/9384/4978 5009/9852/4527 4723/9385/2856
f 4355/9853/3602 4925/9635/2798 4807/9319/5030
f 3838/5926/386 250/401/341 3872/8930/1051
f 3023/5259/4052 4348/2533/2235 1514/2532/2234
f 1627/2734/2391 1666/2810/2457 4484/2732/2389
f 2849/4908/3864 2176/3705/3104 2175/3704/3103
f 3530/8583/1862 2867/4952/3892 776/1245/1147
f 5010/9854/5150 2190/3735/1454 2235/3811/3184
f 3818/6913/4752 4519/8590/5075 4069/9841/4903
f 1877/3244/2735 1921/3243/2791 5107/1582/1446
f 701/7531/1047 4543/8637/1121 753/7532/1120
f 220/7771/202 4631/8864/5096 3553/8977/4535
f 3329/5856/4325 3328/5855/4324 3559/6338/4540
f 2327/7498/3305 3669/6593/4639 3880/9855/1892
f 2439/4193/3438 2903/3453/2936 4495/8535/478
f 2739/8416/3754 311/493/431 4436/8417/4351
f 3698/6655/4537 3735/6730/4684 3303/5805/2713
f 1825/3091/2674 4976/9781/4920 1826/3092/2675
f 2892/9856/3923 4466/8470/1055 4465/8469/4938
f 3586/2120/1899 980/1599/1460 4788/1874/1692
f 4661/8941/5102 4183/7785/4958 3128/5457/4152
f 4782/4731/3762 2029/9857/2920 841/4732/1246
f 4746/9152/4850 5106/9461/3465 4922/5536/4188
f 4047/7433/4894 4139/7680/2067 3567/7434/4548
f 3865/7030/4788 670/8298/994 4746/9152/4850
f 2569/4438/3582 3971/9858/4851 3339/9283/4337
f 3867/7036/417 1976/3341/2859 3370/3343/2861
f 3291/7572/4297 4340/8203/4340 3227/5679/4245
f 1842/3121/1260 4196/4262/3475 851/311/253
f 5011/9859/4492 4927/9860/4765 3936/9861/3286
f 5012/9862/4385 432/696/630 434/698/632
f 2352/9863/3335 2241/7676/3190 318/503/441
f 173/4132/218 623/8624/213 4704/8664/5082
f 485/9389/705 173/4132/218 4704/8664/5082
f 3348/5892/4345 828/1329/1224 830/1331/1226
f 701/7531/1047 1598/8449/2355 4543/8637/1121
f 2949/5109/3974 3018/5248/4044 1973/3332/2852
f 4167/7748/4556 4664/8573/1658 2562/4428/3577
f 4444/8438/5060 1443/2395/2128 1980/3347/2864
f 3437/6091/4433 1089/1803/1631 4963/8735/2348
f 7/10/10 1386/8368/2048 2807/4852/3828
f 4527/8601/5078 2578/4454/3594 2577/4453/3593
f 4801/7948/3197 4251/7950/4711 2246/9864/1999
f 4504/8563/5074 1691/2856/2493 3017/5243/4040
f 2698/4651/3713 2697/4650/3712 3572/6370/4554
f 947/1531/1405 5137/9865/4947 719/1532/1075
f 4159/7725/4944 3009/7057/4033 4104/3321/2844
f 2468/4253/3469 3665/6586/1181 3909/7127/1180
f 4312/7716/4942 2719/9866/3736 936/8218/1383
f 2648/6173/3660 2361/4056/3343 2608/9867/3626
f 383/610/548 4796/5060/3948 384/611/549
f 1485/2484/2198 4166/6369/4553 4568/8701/4879
f 1233/2045/1832 3907/5981/4382 3791/700/634
f 2479/7858/3483 1327/2203/1967 2147/2820/2463
f 2146/3656/2569 2479/4276/3483 2147/3657/2463
f 708/1151/1059 418/671/605 3721/6706/4674
f 2461/4237/3201 4868/9617/5133 2449/4238/3449
f 3755/4672/3723 2123/9868/3035 4364/777/708
f 4065/7473/3109 4374/8284/3953 2933/7474/3955
f 4859/8954/5103 5013/9869/2760 4668/8955/3587
f 3991/1111/1021 3487/6188/3989 1222/1112/1022
f 5014/9870/866 4866/9472/2858 4608/8810/5093
f 4849/5074/3959 4467/7823/4965 4549/8645/4071
f 4068/7479/4666 1632/2743/2400 336/8375/468
f 4068/6687/4666 336/9832/468 3021/5254/4050
f 1662/9871/2449 5015/9872/1857 2004/9873/1859
f 2445/4201/3444 2088/3536/2999 3679/6619/1239
f 2067/3486/2962 1599/5735/1046 4119/5734/4278
f 1096/1817/1645 3435/6084/4432 1403/2330/2072
f 4948/272/217 171/268/214 3159/9874/2049
f 3396/5996/4391 496/796/727 1425/2372/2108
f 1404/2331/2073 4917/9875/5141 1059/5541/1582
f 1891/3191/2750 340/541/479 3301/5802/4306
f 1890/3190/2749 3446/6106/4441 1950/3297/2828
f 1329/2205/1968 415/4208/601 1330/2206/1969
f 804/1288/1186 5149/1290/234 3064/5351/4087
f 5018/9876/4921 4974/9877/560 5016/9878/4039
f 2415/4153/3412 4614/4152/3411 1631/2742/2399
f 3800/7073/4736 3577/6385/4559 3154/5514/4177
f 3800/7073/4736 3154/5514/4177 3887/7074/4805
f 2957/5119/3982 4574/2730/2388 1626/2729/2387
f 691/9554/1031 2015/3409/2906 4099/6078/4428
f 4589/8766/5086 1636/2753/2409 2304/3960/3279
f 3559/6338/4540 3558/6337/753 964/1572/755
f 647/1048/543 648/1050/964 2072/3496/2970
f 3099/5401/4119 3214/5644/4233 699/5643/1042
f 3941/2616/2307 5017/9879/4834 4719/9080/5069
f 4854/6489/4601 3226/5677/3366 1644/2765/2420
f 4893/3432/2921 680/1102/1012 681/1103/1013
f 3609/6121/4448 3453/6120/4447 4524/8598/4746
f 879/1417/1303 878/1416/1302 3187/9880/4207
f 4713/9061/3765 3630/5206/4021 2997/5205/3042
f 4508/8569/4841 1103/1835/1660 1105/1837/1661
f 448/5151/649 2879/5150/3107 2757/9881/3773
f 4898/3531/2995 4147/5663/4237 167/5662/206
f 2118/3592/3026 4637/8874/5099 4028/8876/4885
f 3015/5239/4038 2258/8413/3215 1614/1686/1530
f 1659/2796/464 2755/2795/2443 1860/9882/2718
f 5018/9883/4921 5016/5242/4039 4755/4779/3792
f 4366/8265/5031 4576/9884/4868 1867/9885/2726
f 3187/5585/4207 4665/5587/4209 2267/3873/2521
f 5019/9886/2421 1646/7853/2423 4972/7852/4970
f 3816/6910/4042 3815/6909/4751 4891/9551/4631
f 4160/7726/4945 684/1114/1024 4005/1113/1023
f 1700/6971/2506 2085/3528/2994 4409/9887/2608
f 3130/5462/4156 3311/1767/1601 1073/1766/1600
f 286/457/396 4017/6834/4722 813/6833/1201
f 4838/2787/2437 3093/5392/1355 3134/2788/1354
f 3749/6756/4696 1984/6727/2872 4291/8042/2871
f 3947/7219/4167 3948/7221/1909 5020/9888/4718
f 1022/8089/1525 1023/8057/1527 1245/2071/1858
f 2124/5475/3036 1288/2145/1922 2916/7335/3937
f 4215/6761/4698 1476/2468/2186 1478/2470/2188
f 765/1228/1133 764/1227/1132 1523/2548/2247
f 4845/2431/2157 2669/4603/3685 2716/4678/3732
f 3106/5431/4135 2825/6878/3842 150/234/188
f 941/1516/1392 4960/6754/4686 1830/1517/1393
f 568/908/834 3329/5856/4325 925/1492/1371
f 581/9889/857 1963/9890/2135 4695/9891/3869
f 1547/9892/2283 5021/9893/2282 4955/9894/1760
f 2497/9895/3509 3930/6463/4589 3895/3620/3044
f 4555/8660/1559 4556/8662/4073 2672/4607/3687
f 2299/9896/3274 1843/9897/2696 4847/9898/625
f 1700/2869/2506 1152/1919/1728 1701/2870/2507
f 5087/9899/3456 4342/8213/4279 2540/7774/3457
f 4986/9810/1959 4811/6812/4712 3251/5715/4267
f 3697/4915/3871 2595/4484/3611 4634/9900/1270
f 2684/6457/3699 2075/3502/2976 1166/1943/1752
f 636/1029/944 1318/2188/1954 637/1030/945
f 2078/3505/2979 4776/6364/4551 4867/9901/4638
f 4723/9902/2856 5009/6304/4527 3783/6828/2857
f 3195/5598/4214 4726/9100/4909 2150/3661/3070
f 1394/2316/2060 551/9903/811 1668/2815/2459
f 174/6470/220 1694/6469/2499 2442/4196/3440
f 2306/3964/3282 302/478/416 4321/8163/616
f 1566/2623/2312 3616/4977/3908 2093/9904/2843
f 3619/6478/4593 1552/3210/2292 2942/5098/3968
f 5022/9905/3653 3742/6743/4690 1679/6742/2476
f 4229/7893/4976 2990/5190/4018 2893/5007/3924
f 4858/3294/2825 1735/8405/2551 5023/9906/1212
f 3668/6592/4465 3271/5751/4284 3442/6100/4437
f 3476/6167/4471 2821/4871/3838 588/943/868
f 3116/5444/4144 3695/9527/394 3117/5445/3564
f 2245/3830/3194 2576/4452/3592 2555/4409/3566
f 1088/1802/1630 871/5051/1293 1089/1803/1631
f 1310/2177/1945 1309/2176/1944 2165/3689/3092
f 2747/4728/3760 953/1544/1414 1395/9337/2062
f 252/403/343 4098/5920/3365 3556/6335/4538
f 4259/4002/2987 2049/3460/2942 4243/3571/3016
f 2206/6948/2887 2511/4345/3528 2530/4371/719
f 4223/7879/2963 242/9907/323 2958/7880/3983
f 1244/7405/1853 2644/4559/3658 4031/7406/4887
f 2137/8999/3055 1759/9001/2583 4192/9908/2582
f 921/1534/1365 2026/9909/2855 3385/1398/1285
f 161/248/198 2384/5501/3370 4389/249/199
f 547/881/807 546/880/806 4985/9681/1451
f 3080/5374/4104 5024/9910/2479 244/387/327
f 3400/6007/132 2799/6006/3818 3047/5319/131
f 1790/3028/2622 830/1331/1226 2296/3941/3271
f 1380/2281/2031 4948/9702/217 4413/2282/2032
f 1969/2857/2494 3944/7216/4836 1692/2858/2495
f 499/802/733 4940/9674/2837 921/1486/1365
f 207/340/281 4483/3591/2390 208/341/282
f 4532/8606/4956 2804/2017/1807 2001/3375/2884
f 4072/9084/4906 5025/9911/4051 2874/9085/3903
f 211/345/286 213/347/288 2996/4255/3471
f 3438/6094/4434 5009/6304/4527 3542/6303/4105
f 5026/9912/496 2207/9719/2905 479/9720/698
f 615/993/912 2463/4244/3462 1195/1990/1787
f 2817/2595/2289 5027/9913/266 4798/2596/265
f 340/541/479 1890/3190/2749 3597/6424/4575
f 2062/3478/2957 4231/7488/118 4205/6888/4744
f 4057/6401/4565 2092/3546/3002 2116/3586/3024
f 1667/2814/2458 3539/6293/4525 1394/2316/2060
f 2289/3924/3256 522/4234/773 1798/3039/2630
f 215/2182/290 1739/2946/2558 1314/2183/1950
f 2190/3735/1454 3166/9914/4190 1938/3812/2811
f 4369/6237/4505 1173/1955/1759 2693/5469/3141
f 250/401/341 252/403/343 2220/3789/3170
f 3498/6519/4494 1460/3367/2159 3663/1865/1685
f 1057/9915/1575 4040/9069/1740 5061/9068/5084
f 4923/4330/3162 1866/3159/2725 4620/8840/3101
f 503/5543/738 5028/9916/5151 3167/5544/4191
f 2547/4396/3559 2611/4511/3630 1101/5878/1655
f 1639/9917/2412 4022/7391/4882 1640/7075/2413
f 2106/3567/3014 405/653/589 2523/4364/3540
f 1069/9918/1593 5056/3492/2832 4724/1001/918
f 2408/7424/3403 5029/9919/4739 2745/9920/1458
f 4353/8797/5029 3943/483/421 305/482/420
f 3532/3752/3144 2199/3754/3145 2237/5874/3186
f 3195/5598/4214 2150/3661/3070 2149/3660/3069
f 4583/3072/2656 707/3071/1057 5030/9921/2345
f 2966/5137/3994 1813/3067/2654 3884/7069/4803
f 1427/2374/2110 1429/2376/2112 3973/7288/4605
f 1770/2993/2595 1183/1968/1772 1185/1970/1774
f 2852/1759/1594 4724/9098/918 2853/9922/2892
f 2338/4016/3313 423/681/615 2603/4500/3620
f 2825/4876/3842 2698/4651/3713 3917/6228/4502
f 3355/5908/4355 4729/9113/5118 3353/5906/4353
f 5031/9923/2220 1504/6109/2221 4011/7356/4824
f 4083/7516/4604 1147/1909/1719 4372/8280/1415
f 1544/2580/2277 4564/8481/5068 4988/9812/5148
f 1127/2494/1697 505/6046/743 4386/3977/3289
f 3058/3475/2954 1440/3474/2126 5032/9924/2973
f 325/6088/451 4487/8516/450 3436/6089/4335
f 3087/1082/995 670/1081/994 4848/9429/4787
f 411/9925/596 3105/4679/3733 2717/4681/739
f 3249/5713/2237 1610/2703/2365 3863/8253/4786
f 2938/5084/1847 1599/5735/1046 2067/3486/2962
f 3257/7667/4273 3363/5928/4363 3364/5929/2496
f 3414/6041/4411 4405/8353/1929 4404/8352/5044
f 627/1019/935 3261/5728/4275 1677/2832/2474
f 4086/7527/2460 1954/3304/2835 3731/9768/4678
f 3931/8140/4609 124/193/152 123/192/151
f 4240/7916/4984 3793/6854/4730 4739/9136/5119
f 824/4826/1220 4802/9307/4125 3747/6749/4691
f 1469/2453/2174 562/897/823 1736/2937/2553
f 3533/407/347 3532/3752/3144 3596/6423/4574
f 5033/9926/4794 4757/1938/1747 3894/7090/4810
f 244/387/327 5024/9910/2479 5034/9927/4083
f 3075/6901/4098 4268/7985/4100 293/469/407
f 3841/6970/4767 2623/4535/3053 1575/2641/2323
f 4480/8503/863 1763/2983/2586 4250/7947/4986
f 3303/5805/2713 4481/8504/5070 3304/5806/2153
f 5035/9928/105 3289/5858/3964 99/151/116
f 4842/7419/4890 2794/4822/3815 3147/9929/4171
f 5009/6304/4527 3438/6094/4434 3783/6828/2857
f 2909/5029/1840 3481/9930/4472 4329/8178/4700
f 2464/4245/3463 1609/2702/2364 2012/8274/2903
f 4137/3010/2610 5036/9931/628 548/882/808
f 1482/579/517 2624/578/516 5037/9932/2193
f 4833/7677/4934 5038/9933/5152 318/503/441
f 2976/9934/4002 3652/6554/4625 4975/9780/4003
f 4034/7411/2616 5080/6623/4647 5039/9935/1801
f 421/9936/608 4137/3010/2610 1878/3176/1087
f 2209/3770/3156 2731/7294/3744 4055/3771/427
f 5040/9937/2266 1956/3310/2838 4596/3619/2436
f 5041/9938/1823 3383/5967/4375 3410/7055/4407
f 3207/6604/4225 4861/2745/2402 1501/2747/2218
f 4430/7896/4977 3402/7839/2416 4203/7840/4966
f 3830/6162/4468 2901/5019/3931 4642/3175/2736
f 1930/3259/2802 1929/3258/2801 3656/6562/4628
f 1550/4101/2288 4489/6081/4429 3360/7960/4359
f 4907/9939/4408 3412/9940/2541 1755/9941/2579
f 881/1421/1307 1926/3255/2799 4840/9398/4405
f 3213/5642/4232 2477/4271/3480 2476/4270/3479
f 1701/2870/2507 4821/9356/5003 1702/2871/2508
f 1631/2742/2399 1491/7066/2206 5100/1025/940
f 2674/4612/3689 4864/6532/4618 3121/5449/4147
f 540/873/799 541/875/801 3429/6070/4423
f 2425/4173/3424 1774/2999/2600 1775/3001/2602
f 2059/3472/2952 4533/8608/5080 1918/3239/2788
f 2059/3472/2952 1918/3239/2788 3030/5840/4063
f 3136/5479/4164 3800/6870/4736 4917/9875/5141
f 638/1031/946 637/1030/945 878/1416/1302
f 3513/6235/2468 1923/6234/2796 4568/7386/4879
f 2357/9942/3340 1507/2521/2225 1508/2523/2226
f 3395/5995/4390 3394/5994/3087 4348/2533/2235
f 451/720/653 3881/7059/385 4630/8970/2097
f 3856/7003/4779 404/650/586 1323/2198/1962
f 4598/7755/285 3797/718/651 3590/6416/2635
f 1385/2300/2047 4918/9618/4294 4274/7992/4203
f 3481/6746/4472 3744/6745/4132 4329/9943/4700
f 2871/4960/3896 1529/2558/2257 1031/1700/1543
f 4084/800/731 499/802/733 4313/8121/5012
f 2327/7498/3305 3667/6591/4463 3669/6593/4639
f 3054/5334/2934 2244/3731/3128 2985/8173/4012
f 373/598/536 375/600/538 4857/2659/1505
f 2026/3425/2855 577/9944/847 1975/9945/846
f 1504/6109/2221 2234/3809/3182 2233/3808/3181
f 490/782/713 1067/1756/1591 1115/1855/1677
f 5042/9946/362 3857/4290/364 5073/4289/3492
f 436/6863/635 3791/6852/634 4240/7916/4984
f 1229/2038/1825 2129/3615/3040 2159/2039/1826
f 5034/9927/4083 5024/9910/2479 5043/9947/2482
f 4426/8391/1532 1277/2131/1910 4579/8739/4723
f 3281/5765/4288 1208/433/372 272/432/371
f 358/569/507 1996/3027/2621 359/570/508
f 4085/7525/4910 632/1024/939 3748/6755/4695
f 239/379/319 238/378/318 540/8693/799
f 2840/4895/2714 1329/2205/1968 1858/9571/2715
f 2808/4856/3829 1999/3373/2882 2758/4757/3775
f 1546/2584/2281 4804/7970/4867 3108/5252/4048
f 3025/5267/4057 1184/1969/1773 1876/3242/2734
f 435/699/633 436/701/635 1007/1645/1496
f 3024/5264/4055 3016/3692/3095 4627/7652/4928
f 3258/9948/4274 3819/9949/4753 3259/9950/4155
f 339/6518/476 3636/6517/3229 3048/7925/4077
f 3796/2779/2432 1685/2844/2484 2380/2780/2433
f 3733/9951/4681 4902/9587/4680 4403/8351/5043
f 4219/7873/4483 3488/8550/3332 4456/8552/5064
f 4357/8241/4687 2495/4317/3508 3739/9952/2612
f 4359/491/429 1577/2645/2326 1084/492/430
f 3151/5507/4174 3152/5509/2692 4596/9953/2436
f 2023/3423/2915 2613/4513/3632 2024/2371/2107
f 232/371/311 3635/6516/4612 233/372/312
f 4069/9954/4903 3268/5460/4154 3819/9430/4753
f 3610/6456/4587 1153/1922/1731 407/655/591
f 3019/6763/4045 1706/7681/2516 3020/9955/4046
f 5102/8156/5015 5044/9956/4230 573/9193/840
f 827/9957/1223 2715/9958/3169 2930/9959/3950
f 5045/9960/1761 610/983/905 1705/2879/2514
f 743/3313/795 1958/3312/2839 4850/9432/2353
f 5046/9961/5153 4748/9155/5120 3014/5238/4037
f 1015/4287/1511 1508/2523/2226 1210/2012/1802
f 2214/9962/2397 2215/7167/3163 1630/7166/2398
f 3607/6452/4585 3608/6453/4586 3330/5859/4327
f 2599/4494/3617 2601/4496/3619 4020/7388/4880
f 3147/9929/4171 1004/9489/1492 3913/7138/4820
f 4847/9426/625 430/5603/624 3927/7169/4617
f 3259/5461/4155 2262/3864/3218 2261/3863/2554
f 2619/5476/3638 2618/6916/3637 3135/5477/4162
f 4539/8625/1822 3383/5967/4375 5041/9938/1823
f 823/1323/1218 3768/986/906 5151/1324/1219
f 2370/4071/3350 3445/6104/4440 2371/4072/3351
f 3089/2675/2346 4627/8860/4928 1474/2462/2182
f 4003/6752/4694 4576/9884/4868 4366/8265/5031
f 2878/4975/3906 3622/6485/4597 599/967/889
f 4234/7902/4979 4235/7903/4980 4958/8060/5005
f 2223/3792/3173 3354/5907/4354 3353/5906/4353
f 874/1409/1296 873/1408/1295 3236/9372/4254
f 2297/3943/3272 2933/5068/3955 3096/5395/4115
f 2975/5154/4001 4904/9589/5117 2839/4893/3855
f 5088/3914/3249 3137/5480/3756 2741/3915/3250
f 4769/9221/4952 2217/3784/3165 2219/3786/3167
f 3691/1821/1647 2908/1823/1649 1151/9963/1725
f 413/665/599 3184/8808/4204 414/666/600
f 2935/5072/3958 2985/5179/4012 1853/3137/2705
f 1377/2275/2027 1404/2331/2073 1378/2276/2028
f 1348/2229/1989 1606/2699/2106 2607/4506/3625
f 3154/5514/4177 1970/3329/2849 1969/3328/2494
f 5047/9964/2813 2992/3934/3264 2709/4669/3727
f 2644/4559/3658 1021/1680/1524 1913/3232/2782
f 3023/5259/4052 3395/5995/4390 4348/2533/2235
f 2868/5487/3895 3143/5489/3355 3257/5722/4273
f 5048/9965/2762 1897/8281/2761 4374/8284/3953
f 5048/9965/2762 4374/8284/3953 2331/9021/3307
f 4279/8008/4481 862/1392/1279 4942/4920/3873
f 5049/9966/3809 989/1612/1470 3648/6549/4623
f 5049/4812/3809 3648/9967/4623 3647/841/769
f 3711/5046/3943 771/1237/1141 3387/9608/4380
f 2244/3825/3128 1853/3137/2705 2985/5179/4012
f 4704/9968/5082 3940/7204/4833 5050/7203/2538
f 486/9969/706 4704/9970/5082 5050/9971/2538
f 4439/8428/5057 4931/9653/2792 2994/8709/2793
f 376/601/539 2768/4771/2754 2620/4531/3641
f 4962/9972/5079 2784/4804/3804 3995/7327/4863
f 776/1245/1147 2867/4952/3892 2189/3734/3131
f 4737/8696/3241 712/1162/1068 711/1161/1067
f 1383/2297/2045 3767/2296/2044 4311/4389/3555
f 5129/5065/3952 4453/8448/5063 1598/8449/2355
f 2105/3566/3013 3450/6113/4444 406/654/590
f 2386/4107/3374 2385/4106/304 3243/5675/4243
f 260/415/355 3151/9528/4174 4596/3619/2436
f 4299/6354/3796 2776/6123/3795 3454/6122/2057
f 2974/2604/2295 4424/3511/2983 4552/620/558
f 3365/5627/4229 1256/2088/1875 3149/5502/4172
f 1799/3040/2631 4906/9317/5121 1800/3041/2632
f 2213/9973/3159 3502/6218/3362 4651/8908/332
f 4403/9764/5043 4439/8428/5057 4912/8708/4724
f 2240/3821/1730 3768/986/906 823/1323/1218
f 2888/8297/3919 1513/6479/2233 1612/2707/2368
f 515/831/759 1086/6183/1628 3604/6444/4580
f 2090/2876/466 2965/5134/3991 3665/1281/1181
f 1686/2846/2485 3968/3925/3257 2290/3927/3259
f 3880/7058/1892 3733/6723/4681 4403/9974/5043
f 2712/9975/3730 4508/7237/4841 4390/7236/4840
f 41/58/44 593/955/878 4101/1413/1299
f 3596/6423/4574 2237/5874/3186 2461/3839/3201
f 4033/4529/3639 5132/5997/4392 3091/5390/3270
f 4609/9976/1908 1979/9459/1907 4837/3124/2698
f 1034/1705/1548 2146/2959/2569 1035/1706/1549
f 2074/8731/2975 1506/8730/2224 1838/9977/2690
f 2074/9978/2975 1838/9979/2690 3681/9980/4646
f 4315/3743/3137 4602/8524/5013 3972/7144/4822
f 4818/9350/4954 4315/3743/3137 3972/7144/4822
f 619/9981/919 4959/9740/3067 4992/9739/3719
f 4648/5910/4356 3037/5128/3987 1795/9982/2626
f 3551/6322/4533 1921/3243/2791 1184/1969/1773
f 4063/2192/1957 4996/9828/766 4812/2193/765
f 4198/9320/4964 4178/3385/2890 659/1063/976
f 4198/7821/4964 659/6339/976 3126/5455/4151
f 2110/7032/3019 2671/7913/3260 2518/4358/3534
f 2299/9896/3274 5051/9983/656 1843/9897/2696
f 2673/4611/1420 5052/9984/84 1503/2515/92
f 846/1360/1252 963/1567/1435 1205/4477/1796
f 967/9985/1440 4501/6425/4240 3598/6427/3601
f 693/1125/1035 273/5648/373 5143/7911/1286
f 327/516/454 1822/3084/2668 3507/6224/4501
f 1908/3224/2533 3029/5275/4061 1909/3225/2776
f 1953/3303/2834 1952/3302/2833 4870/9482/3196
f 229/368/308 231/370/310 2373/6011/3354
f 1278/2132/1911 3467/6152/4460 5053/9986/836
f 3413/677/611 3973/7288/4605 1992/9987/2880
f 1493/2504/2210 3853/585/523 1494/2505/2211
f 956/1554/1423 3824/6927/4756 2894/7707/3925
f 3689/9988/844 913/9989/1353 5054/9990/2767
f 3222/3422/2916 2426/4175/3113 2023/3423/2915
f 2575/4451/3591 3247/5709/4262 2892/9991/3923
f 2815/4863/3834 3789/6847/4727 2816/4864/1595
f 1892/5683/2752 179/286/229 5055/9992/224
f 586/9094/865 4723/9093/2856 4866/9472/2858
f 586/9094/865 4866/9472/2858 5014/9870/866
f 1069/1758/1593 4475/8491/1245 5056/9993/2832
f 2666/4600/3682 3997/7329/3878 270/430/369
f 3801/6876/4738 2921/5043/3940 4072/7487/4906
f 630/1022/937 1140/1898/1712 631/1023/938
f 4562/8006/4997 4261/7968/4990 4654/4840/3821
f 719/1169/1075 3661/6580/4635 3660/6579/1650
f 2643/4558/3657 2642/4557/3656 3175/5558/4197
f 1392/2314/2058 2615/4517/3633 2565/4431/3578
f 4886/9539/4981 574/916/841 4224/7884/524
f 4214/6808/930 3788/7262/1893 4913/9994/2997
f 1629/2737/2394 2080/3513/2984 5145/3929/3261
f 2955/5116/3980 4785/5115/239 4587/8762/2319
f 5028/9916/5151 503/5543/738 3994/7326/4862
f 747/1206/1111 748/1208/1113 5057/9995/3083
f 4817/9349/5123 3995/9996/4863 4267/5142/3997
f 213/347/288 3278/5761/4286 2996/4255/3471
f 3986/8216/4856 2610/4870/3628 2132/4869/3047
f 4403/9997/5043 4912/7521/4724 3880/7520/1892
f 5058/9998/2795 4824/2486/2200 1923/6234/2796
f 4520/8591/5076 4854/6489/4601 1644/2765/2420
f 3562/6343/4542 3537/6286/4523 1837/3109/2687
f 1079/1785/1614 4509/6075/1636 3431/6074/4425
f 1643/2764/2419 4520/8591/5076 1644/2765/2420
f 4288/8034/4999 4316/2851/163 4934/2853/2490
f 5059/9999/3737 5060/10000/3888 4952/7193/4613
f 1281/5978/1914 205/332/273 617/995/914
f 2355/4049/3338 1043/1716/1557 1142/1900/1714
f 2598/4492/3615 600/968/890 601/970/892
f 691/9554/1031 2341/4022/3318 2015/3409/2906
f 4107/3962/3281 3561/10001/4541 4557/6661/4655
f 3417/6045/741 1127/2494/1697 1490/2496/1483
f 276/437/376 503/808/738 502/807/737
f 1595/2680/2351 4559/2679/2350 1712/2891/2523
f 378/604/542 3731/9768/4678 3959/7255/4844
f 4680/7912/4877 2878/4975/3906 4172/7758/4951
f 3571/6368/2927 4350/8228/5028 3854/7000/4777
f 375/600/538 1315/2184/1951 3709/6932/4663
f 1850/3134/2702 2790/4815/3810 1562/2617/2308
f 1172/1954/1758 958/3568/1427 3757/3852/3210
f 2460/4235/173 2787/6210/3807 1799/3040/2631
f 1264/2099/1885 2868/4956/3895 773/7283/1143
f 1057/10002/1575 5061/10003/5084 4452/10004/3389
f 3189/5220/4028 1845/3127/2699 3190/9008/1870
f 2750/4734/3764 2963/1707/1550 3486/10005/4201
f 2085/3528/2994 2379/4089/3364 4409/9887/2608
f 3786/6836/845 5025/6838/4051 2986/5180/4013
f 2740/4717/3755 4541/1251/1153 779/1253/1155
f 929/1497/1376 4547/8642/2853 3749/6756/4696
f 4998/9833/5149 2734/4708/3748 3732/6721/4679
f 5132/10006/4392 3774/10007/2544 2869/10008/2546
f 3290/5783/4296 1107/6105/1665 5062/10009/3481
f 1301/2164/1936 2457/2166/1937 4382/8304/5036
f 1778/3005/2606 298/474/412 297/473/411
f 989/1612/1470 1036/1363/1255 3648/6549/4623
f 3645/6544/4622 3974/7290/2991 4601/8791/2990
f 2076/3503/2977 3645/6544/4622 4601/8791/2990
f 2735/8837/3750 4404/8352/5044 4902/9587/4680
f 4308/8143/5011 3338/5872/4336 4187/10010/4960
f 854/3506/1263 2/4/4 348/551/489
f 854/3506/1263 348/551/489 347/550/488
f 4835/3724/3122 1912/3229/2779 3955/3231/2781
f 3421/6052/4414 4772/1720/1560 4432/1722/1562
f 4787/10011/3814 4841/9400/3452 5063/10012/3956
f 3636/6517/3229 3418/6047/3032 3048/7925/4077
f 3921/3573/3017 2108/3572/1017 1013/5741/1019
f 2964/5083/3963 3671/6597/4640 714/8131/1070
f 2661/4589/3676 1825/3091/2674 1827/3093/2676
f 1516/10013/629 3862/7025/2238 696/7027/1039
f 4195/7817/4963 857/1377/1267 4894/9562/5138
f 3735/6730/4684 4532/7776/4956 4481/8504/5070
f 4559/2679/2350 2267/2889/2521 1712/2891/2523
f 1026/1689/1533 4426/1688/1532 4579/6839/4723
f 4448/8443/587 1775/3001/2602 3035/9820/4068
f 3639/6526/3308 1689/9650/2489 748/5014/1113
f 4355/4469/3602 4949/6969/4766 4925/3253/2798
f 1226/2032/1819 3612/2284/2034 2810/4858/3830
f 2756/4751/3771 1692/2858/2495 4298/8066/4377
f 2536/4383/3552 2041/8802/2932 717/1167/1073
f 3554/6326/4536 4688/9266/5110 3646/6546/4346
f 3741/8561/4689 3443/10014/4438 1082/1794/1623
f 4302/3133/2701 1525/2551/2250 4649/10015/4430
f 3890/7084/3867 4345/8220/3866 1232/2044/1831
f 3903/7115/4703 4963/2677/2348 1594/2676/2347
f 1060/1745/1583 2605/10016/3622 4067/937/862
f 2409/4144/3404 1927/3256/2800 147/230/184
f 4557/8663/4655 1883/8205/2740 1882/10017/724
f 508/10018/746 4870/9482/3196 1952/3302/2833
f 3266/5744/4280 2463/4244/3462 615/993/912
f 1054/2303/1571 1055/10019/1573 1596/2682/2352
f 4677/320/261 196/319/260 2038/3444/2929
f 1653/2783/2021 1259/10020/1879 1258/4521/1878
f 5064/10021/2285 1548/6958/2284 1687/6957/2486
f 2711/4671/3729 2710/4670/3728 3759/8677/4705
f 942/1519/1395 3653/3510/2982 4542/8633/2513
f 2100/3558/3009 1202/1997/1793 4056/7453/1106
f 4235/7903/4980 652/1054/968 161/248/198
f 4041/7422/4891 418/671/605 4756/670/604
f 1937/3271/2809 1936/3270/2808 209/5192/283
f 5065/10022/4235 3219/1160/1066 840/1159/1065
f 249/10023/340 4680/10024/4877 5115/10025/4721
f 2139/5641/3058 3477/6168/3059 3213/5642/4232
f 3845/6979/4768 3805/6978/4743 228/10026/305
f 3016/5241/3095 2197/6718/3143 2061/5240/2956
f 1298/2160/826 4791/2159/1932 4201/7833/4053
f 5066/10027/3487 2647/781/712 3180/6389/4199
f 503/808/738 3166/9914/4190 2190/3735/1454
f 5067/10028/5154 894/7368/4876 4014/7367/4875
f 3945/7217/4837 305/482/420 1526/2553/2252
f 1522/8534/2246 1046/1724/1379 4768/1723/1563
f 4995/9827/3990 4640/8880/5100 4910/9598/353
f 5121/2598/2291 4148/7703/4898 1742/2951/2563
f 1968/3327/2848 1886/3185/2744 1887/3187/2746
f 4059/7765/4900 1840/3119/2694 4825/5592/4211
f 905/10029/1338 3619/7929/4593 2942/10030/3968
f 2609/4508/3627 2611/4511/3630 2547/4396/3559
f 1037/1709/1551 2167/7018/3094 4273/2748/2404
f 805/10031/1187 2541/7869/3554 4323/7868/4973
f 1566/2623/2312 1565/2622/2311 3616/4977/3908
f 3578/6386/4291 1482/579/517 4074/7493/2194
f 3730/10032/4677 378/604/542 379/606/544
f 2885/4991/3915 4911/5905/4352 3405/6021/4403
f 2339/4017/3314 535/865/791 2481/10033/3489
s 0
f 3960/10034/5155 4460/10035/5156 4428/9698/5157
s 1
f 2199/3754/3145 4100/7926/4917 3340/5875/3187
f 2975/5154/4001 4636/8871/5098 4904/9589/5117
f 4384/8307/5037 3707/6677/4661 2413/4155/3410
f 2338/4016/3313 4903/679/613 423/681/615
f 2405/4139/3401 175/278/223 3839/7557/4764
f 4522/8595/3084 2898/5016/3929 826/1327/1222
f 3584/6403/4557 1538/2572/2269 4976/9569/4920
f 786/10036/1164 3297/5794/1163 3296/5793/4303
f 391/628/566 390/627/565 3344/8127/4342
f 4564/8481/5068 5068/10037/5083 4988/9812/5148
f 4178/3385/2890 798/1278/1178 660/1064/977
f 828/1329/1224 4578/8733/4714 829/1330/1225
f 190/307/249 192/309/251 4526/8600/1889
f 2052/3465/2945 190/307/249 4526/8600/1889
f 2531/945/870 506/947/744 4475/8952/1245
f 1696/2864/2501 1749/2961/2571 4008/3675/3080
f 2364/4062/3347 2874/9085/3903 2365/4063/3348
f 3032/5284/4065 3589/6413/4307 3033/5285/4066
f 5069/10038/212 3632/5279/4025 3159/5278/2049
f 171/268/214 5069/271/212 3159/9874/2049
f 4009/10039/4871 4492/2791/2439 1438/2389/2123
f 2328/4000/3306 584/935/860 742/1201/1107
f 3326/5849/4323 2161/3677/3082 1965/8048/2845
f 1921/3243/2791 668/1077/990 5107/1582/1446
f 2457/4225/1937 2125/9087/3037 4710/9051/1940
f 3215/450/389 281/449/388 1684/2843/2483
f 2223/3792/3173 3353/5906/4353 2521/4362/3538
f 3107/5432/4136 3029/5275/4061 1908/3224/2533
f 1602/2692/928 60/88/71 72/107/66
f 293/469/407 1341/468/406 1343/10040/1982
f 4996/838/766 4674/8969/2297 207/9014/281
f 1302/2167/1792 858/1379/1269 546/6028/806
f 280/448/387 3331/8906/4328 3332/9731/4329
f 3406/6023/4404 4729/9113/5118 4275/7993/4995
f 219/354/295 4254/7955/4988 4149/7706/4939
f 4317/545/483 582/933/858 2328/4000/3306
f 4317/545/483 2328/4000/3306 607/980/902
f 4198/7821/4964 3126/5455/4151 3610/6456/4587
f 415/4208/601 414/10041/600 1330/2206/1969
f 3944/7216/4836 2275/3891/3235 4644/8889/5101
f 4529/5572/2407 2750/10042/3764 3486/5573/4201
f 1428/2375/2111 3626/6491/4600 1429/2376/2112
f 2955/5116/3980 4587/8762/2319 2529/4370/2318
f 4444/8438/5060 2590/8562/3604 4504/8563/5074
f 3702/3687/3090 4461/2354/2094 1419/2356/2096
f 865/1396/1283 4337/1809/1637 4843/10043/5112
f 1316/4434/1952 2412/4150/3409 2799/4836/3818
f 2484/4291/3321 357/8821/506 4285/8820/5000
f 4539/8625/1822 1971/9043/2850 3374/5949/4369
f 4684/8996/5014 4566/7182/1572 475/6728/689
f 699/1132/1042 1150/9395/1724 1903/3218/2771
f 4364/8262/708 3293/5788/4301 3238/5693/4255
f 2059/3472/2952 4534/8609/5081 4533/8608/5080
f 4630/10044/2097 4629/7695/4852 1003/1638/1018
f 1998/3372/1436 2343/4024/700 469/752/683
f 392/8555/568 3074/5852/4096 4501/8556/4240
f 4246/7934/365 3564/6351/4544 268/6353/366
f 3563/9194/4543 3706/3616/3041 2130/3618/3043
f 3949/7231/3629 3987/6673/4660 1672/2823/2466
f 379/7512/544 647/1048/543 2072/3496/2970
f 3231/8815/4248 4607/8809/5092 1474/2462/2182
f 4633/3063/2650 4632/10045/5097 1810/3064/2651
f 4263/7975/2641 2783/9572/3803 2724/4525/3636
f 4026/7398/1444 5070/10046/1872 4025/7396/1873
f 5071/10047/1865 1934/3266/2777 4360/3265/988
f 1250/2079/1866 795/1275/1175 1896/3203/2759
f 4613/5515/4178 1197/1992/1788 1603/9750/2358
f 2282/3902/3244 814/1306/1202 4022/8703/4882
f 2154/3666/3075 2155/3668/3076 1628/2736/2393
f 3974/3524/2991 2972/5146/3999 1576/2643/2324
f 4329/6766/4700 3744/5423/4132 794/1274/1174
f 2277/4516/3236 644/1041/956 2664/4596/3679
f 3853/6999/523 4939/6998/4776 3420/8530/4413
f 4133/7663/2723 2519/8836/3535 1865/10048/2724
f 3766/6798/3993 3453/6120/4447 3452/6119/1648
f 4890/9550/5071 2594/8172/3608 4200/6874/4737
f 2964/5083/3963 2218/3785/3166 3925/7165/4826
f 4072/9084/4906 2364/4062/3347 3801/8764/4738
f 1790/3028/2622 1996/3027/2621 358/569/507
f 240/381/321 5072/10049/1207 4778/8653/3488
f 144/226/181 2998/5207/4022 681/1103/1013
f 2063/1662/1508 3806/9130/4745 5091/1663/1509
f 3083/5378/4108 3084/5379/3782 3220/8853/4236
f 4874/7010/4780 1515/5863/2236 3942/7213/4835
f 965/4816/1439 1852/3136/2704 2744/4725/3759
f 323/509/447 4553/510/448 1535/2567/2264
f 5105/10050/3780 5106/9461/3465 4746/9152/4850
f 560/5825/820 3314/5824/4315 2910/5030/3935
f 24/19/17 79/121/94 16/20/18
f 3424/6058/1561 2171/6057/3099 4432/10051/1562
f 4386/3977/3289 5074/8884/4482 4528/8315/2406
f 811/1300/1196 1512/5955/2230 781/1255/1157
f 3123/8045/4149 2354/4048/3337 1984/3355/2872
f 4932/9654/2775 1907/10052/714 3190/9008/1870
f 761/1224/1129 4930/9652/4163 762/1225/1130
f 851/1369/253 1497/2508/252 3850/6988/4772
f 4622/8847/4991 3640/6527/4615 266/421/361
f 265/420/360 4622/8847/4991 266/421/361
f 3447/6107/4442 3958/7253/4479 4279/8397/4481
f 4739/9374/5119 676/1095/1005 2948/9457/3973
f 2723/3053/2642 5130/5669/4239 1806/3054/2643
f 4906/9317/5121 5042/9318/362 5073/10053/3492
f 4272/2488/2201 5004/2490/2203 3138/10054/2145
f 4701/9031/3023 2498/4323/3512 2115/1635/1487
f 930/1498/1377 1709/8043/2519 931/1499/1378
f 505/814/743 504/813/742 5074/10055/4482
f 368/6541/526 3864/7028/1516 3163/5535/4187
f 3589/5808/4307 3737/6733/4685 2145/3651/3065
f 4276/10056/4996 5075/10057/5158 4070/7482/4904
f 3406/9416/4404 4276/10056/4996 4070/7482/4904
f 4225/7887/900 3903/6777/4703 606/6776/901
f 1038/1710/1256 3183/5972/4202 4880/9519/3447
f 5076/10058/1254 1038/1710/1256 4880/9519/3447
f 1285/8784/1919 941/1516/1392 940/1515/1391
f 2272/1740/1578 339/6518/476 4617/8830/3045
f 5077/10059/4853 321/507/445 4396/506/444
f 1313/2181/1949 1314/2183/1950 3815/6909/4751
f 1510/2525/2228 2374/4078/3356 3416/1797/1625
f 561/5211/822 2999/5210/3966 4560/8669/2526
f 5038/9933/5152 4836/9391/5128 318/503/441
f 3466/2121/1900 4788/1874/1692 5078/10060/5056
f 4050/7442/4896 639/9661/947 946/1513/1389
f 3448/6108/4443 4050/7442/4896 946/1513/1389
f 4284/2639/2322 5079/10061/4818 4571/2637/2321
f 1883/8485/2740 4217/7087/4809 3831/6945/1081
f 1881/6944/2739 1883/8485/2740 3831/6945/1081
f 2604/4502/3621 4589/8766/5086 2304/3960/3279
f 1674/2829/2472 2831/4882/3847 4095/7558/2911
f 952/1543/1413 951/1542/1412 1509/2524/2227
f 3197/5602/4216 3312/5821/756 4811/9075/4712
f 3723/944/869 588/943/868 3722/6264/4516
f 1225/2031/1818 1227/2033/1820 3314/5824/4315
f 4120/10062/337 2890/3577/3020 2111/3576/1947
f 3792/6853/4729 3376/5952/3232 4829/9373/1003
f 1796/3036/2627 1795/3035/2626 4125/4770/3786
f 3238/5693/4255 3293/5788/4301 3856/7003/4779
f 4747/10063/2660 4313/8121/5012 4698/9028/1089
f 3855/9840/4778 2730/4701/3743 954/1549/1419
f 2744/4725/3759 2743/4724/2137 4106/7585/2136
f 3798/6861/3992 989/1612/1470 5049/9966/3809
f 196/319/260 1015/1665/1511 844/1357/1249
f 2724/4525/3636 2783/9572/3803 986/1605/1466
f 485/9389/705 4704/8664/5082 486/10064/706
f 3793/6854/4730 3792/6853/4729 4829/9373/1003
f 4804/10065/4867 2957/5119/3982 133/210/167
f 2630/7546/3646 2307/3394/2897 2009/3396/2898
f 1608/2701/2363 2283/3903/2665 1609/2702/2364
f 2551/8381/3563 3115/5443/4143 3117/5445/3564
f 4715/2449/925 1467/2451/2173 4558/10066/926
f 4872/3569/3015 4881/6817/4716 2107/3570/121
f 760/1223/1128 1447/2399/2132 1446/2398/2131
f 3928/10067/4827 2593/10068/3606 3981/10069/4672
f 906/1458/1339 2620/4531/3641 3162/5534/4186
f 224/360/300 3250/5714/4266 2607/4506/3625
f 3193/5595/4212 4702/9035/898 2559/4424/3575
f 3672/6601/4642 4562/8676/4997 4844/6866/4735
f 2909/5029/1840 4329/8178/4700 1556/2609/2300
f 1322/4487/1961 1324/4309/1963 2491/4308/3503
f 883/1425/1309 3396/5996/4391 2613/4513/3632
f 1860/3151/2718 1862/3153/2720 2682/6277/3697
f 3196/5599/2010 2138/8513/3056 3300/5798/4304
f 4269/7986/4993 1731/2929/2547 292/467/405
f 3538/925/850 987/2681/1467 1480/2473/2191
f 496/796/727 4604/795/726 2037/5848/2928
f 3477/7849/3059 922/1489/1368 4208/7850/778
f 4761/7671/4933 2064/7673/1664 4900/10070/3889
f 3250/5714/4266 1308/2175/1943 1310/2177/1945
f 3250/5714/4266 1310/2177/1945 2391/4114/3381
f 1740/2947/2559 1534/2566/2263 4047/7433/4894
f 2542/4390/3556 4311/4389/3555 4312/7716/4942
f 1465/10071/2171 1464/8618/2170 4538/8620/4931
f 688/1118/1028 2335/4012/3309 385/7475/551
f 5080/10072/4647 3682/9575/530 5039/2010/1801
f 3278/5761/4286 256/410/350 1793/3032/2624
f 1279/2134/1912 1281/2137/1914 2344/8839/3320
f 3598/8631/3601 4223/8630/2963 5081/10073/4975
f 3309/6314/4313 4999/5703/4259 2636/4548/3649
f 4416/8372/146 4675/7579/2336 4103/7578/4919
f 2193/3741/3135 4315/3743/3137 4818/9350/4954
f 2220/3789/3170 252/403/343 857/1377/1267
f 4632/10045/5097 5082/10074/1500 1810/3064/2651
f 4258/9083/4989 3186/5454/4150 4431/2758/2414
f 4868/9474/5133 3979/7299/3188 3978/7298/4854
f 4004/10075/922 3888/7079/1450 4809/9322/923
f 4155/8251/970 2035/5096/2926 2836/10076/3584
f 4221/10077/4305 1844/10078/2697 3823/10079/1830
f 180/288/231 4176/290/233 651/10080/967
f 3041/2111/1895 4090/7541/4913 3042/10081/4070
f 3839/6965/4764 447/8109/648 2393/10082/3385
f 535/865/791 534/864/790 2481/10033/3489
f 2549/868/794 536/867/793 3397/5999/4393
f 4842/9403/4890 2945/5102/3971 2793/5101/3813
f 2058/3471/2951 2059/3472/2952 3030/5840/4063
f 5143/7911/1286 3385/5973/1285 694/1126/1036
f 4859/8954/5103 2657/6143/3670 5013/9869/2760
f 1570/2629/1148 1569/2628/999 737/10083/1100
f 4186/7793/1266 3372/5364/4095 3073/5363/4094
f 3993/4257/3473 543/877/803 3782/6827/4720
f 3934/7185/4830 3973/7288/4605 3413/677/611
f 4706/2365/2102 838/1346/1241 840/1348/1065
f 4051/7444/4897 4148/7445/4898 3514/6239/2290
f 3718/6699/4670 1051/8065/1568 1050/1904/1567
f 4298/5969/4377 3212/5639/4231 1445/6542/2130
f 3441/10084/3324 854/3506/1263 3051/6384/3325
f 2310/1173/1079 3674/6610/3106 2317/3982/3293
f 575/917/842 574/916/841 4236/2605/2296
f 3781/10085/472 3939/7200/471 1717/2901/2530
f 404/650/586 2969/5799/3995 1323/2198/1962
f 379/7512/544 2073/3498/2972 474/10086/688
f 4911/9600/4352 657/1061/974 656/1060/973
f 1456/9555/2149 3209/5625/4228 398/640/575
f 475/6728/689 2438/4192/3437 476/10087/690
f 3440/6097/3304 5144/1371/1262 3441/6098/3324
f 1488/10088/2205 5083/10089/501 1370/10090/856
f 2458/8376/3454 2784/4804/3804 4962/9972/5079
f 2690/4641/3709 1367/6666/2017 2691/4642/1576
f 1008/8859/1498 2572/6033/1506 4822/10091/732
f 2010/4274/2531 2479/4276/3483 2146/3656/2569
f 577/9944/847 2981/3308/2836 5084/10092/4949
f 1056/1736/1574 1159/7420/1738 1057/1737/1575
f 4063/2192/1957 575/917/842 4674/2606/2297
f 3055/829/757 5085/10093/1454 2329/830/758
f 5086/10094/1633 5007/6066/4420 1090/8911/1634
f 4354/8200/1720 835/10095/1236 4944/9688/3506
f 4338/8201/5025 4354/8200/1720 4944/9688/3506
f 3333/5864/4330 3168/5545/4192 1157/1927/1736
f 1255/2087/1874 2969/5799/3995 404/650/586
f 2675/10096/1855 1716/10097/1854 2276/10098/336
f 79/120/94 1945/117/93 64/95/76
f 1654/2784/2434 1637/6571/2410 3098/5397/4117
f 4841/9400/3452 3678/9399/4645 5063/10012/3956
f 1077/1776/1609 1076/1775/1608 2938/2060/1847
f 583/934/859 767/8120/1136 535/865/791
f 4690/1867/1687 1120/1866/1686 4738/10099/1632
f 285/456/395 5087/10100/3456 2539/7454/3455
f 1792/8937/2623 4675/8972/2336 117/181/145
f 4327/6994/4775 979/6995/1459 981/10101/1461
f 3833/6947/4762 1699/6250/2505 2435/9382/3434
f 4962/10102/5079 3995/10103/4863 4817/10104/5123
f 2286/3942/3251 5092/1439/1320 932/1501/1171
f 2924/10105/3945 4232/9649/4673 1753/2969/2577
f 1963/2403/2135 1587/2402/109 613/10106/910
f 128/5309/153 1792/3031/2623 899/5310/1331
f 4868/9617/5133 2237/3816/3186 3979/3818/3188
f 4014/7367/4875 393/632/570 2353/4047/3336
f 2469/4256/3472 3512/4583/2470 4293/8047/5002
f 1745/10107/2566 4665/9171/4209 4238/9173/2567
f 3132/3110/2688 3103/5421/3160 4510/3111/2689
f 1725/8073/2540 3849/3886/3231 4244/3885/1727
f 3463/6139/1083 3464/6141/4455 3700/6662/4656
f 719/1169/1075 721/1171/1077 3661/6580/4635
f 3664/6585/4637 3663/6584/1685 4691/7812/2891
f 3349/8099/1056 688/1118/1028 385/7475/551
f 3225/5676/4244 3779/10108/4302 3295/5674/4242
f 2891/2243/2002 1366/2259/2016 1360/2244/2003
f 5077/10059/4853 3482/8430/4473 321/507/445
f 4107/3962/3281 4106/10109/2136 3561/10001/4541
f 782/1256/1158 4272/2488/2201 5088/10110/3249
f 4681/1826/1652 782/1256/1158 5088/10110/3249
f 3132/3110/2688 2940/676/610 5089/10111/2471
f 1207/4702/1799 1208/10112/372 3281/7633/4288
f 4752/9164/881 3240/5695/4256 3241/5697/4257
f 3160/5525/4016 4566/1734/1572 1054/1733/1571
f 3026/5269/4058 4768/9559/1563 3027/5270/4059
f 568/908/834 468/751/682 3329/5856/4325
f 273/8222/373 5090/10113/1690 1236/2050/1837
f 1131/1886/1702 69/2694/80 75/1887/90
f 153/238/192 4885/451/390 154/239/193
f 4355/4469/3602 5081/9847/4975 4949/6969/4766
f 1479/2471/2189 563/901/827 4080/903/829
f 3451/8217/4445 1254/9225/1871 4771/9227/4446
f 5005/9365/5124 2423/9364/3195 5091/10114/1509
f 2930/5063/3950 2715/5012/3169 2896/5011/3927
f 2930/5063/3950 2896/5011/3927 3623/6486/4598
f 2321/3987/3298 3422/9108/4415 2322/3988/3299
f 4285/8820/5000 4612/8822/3266 4964/10115/3330
f 4528/10116/2406 5074/10117/4482 4219/10118/4483
f 3018/5248/4044 4384/8307/5037 2414/4154/3413
f 3041/2111/1895 2489/4304/3499 4090/7541/4913
f 4602/8796/5013 4306/8104/5010 595/958/880
f 2649/4567/3661 2429/4178/3428 4229/7893/4976
f 694/1126/1036 3386/5974/4379 695/1127/1037
f 791/7790/1169 5092/10119/1320 3282/5766/1319
f 3247/5709/4262 4128/5708/4261 4132/3388/1586
f 2105/3566/3013 3719/6700/4671 3450/6113/4444
f 4896/9574/5139 4794/9287/4946 3975/9286/1049
f 3971/9858/4851 2569/4438/3582 4882/9529/3766
f 1480/10120/2191 3971/9858/4851 4882/9529/3766
f 4929/8080/5009 490/782/713 1114/1854/1676
f 5093/10121/3116 2520/4361/3537 2522/4363/3539
f 4521/9834/4424 4500/8553/5073 5142/6150/3799
f 767/8120/1136 2900/5018/1135 535/865/791
f 4953/7604/25 4671/8963/5105 92/143/110
f 5094/10122/2707 3468/6153/4461 3469/6155/4462
f 5004/9842/2203 5095/10123/4632 1567/2416/2146
f 2376/4082/3360 3730/10032/4677 379/606/544
f 1928/3257/1468 1930/3259/2802 988/7016/1469
f 3467/6152/4460 916/1478/1358 5053/9986/836
f 1517/2538/2239 2663/4595/3678 1518/2539/2240
f 4184/7788/3745 791/7790/1169 3282/5766/1319
f 4278/8007/1762 4411/8291/5035 4261/7968/4990
f 2729/8501/3742 4478/8500/1814 2902/10124/1579
f 3174/2480/1727 2083/3522/4134 3523/6259/4513
f 2993/4987/3913 5096/10125/3681 2667/4988/3683
f 4719/9080/5069 4914/9606/5140 1851/3135/2703
f 5116/7939/4633 1791/2466/2185 127/2465/156
f 4009/7354/4871 1438/10126/2123 1888/3188/2747
f 4009/7354/4871 1888/3188/2747 1889/3189/2748
f 4319/8161/4023 4318/8160/1603 3114/6065/4142
f 718/1168/1074 717/1167/1073 3850/6988/4772
f 3839/6965/4764 2393/10082/3385 3820/7022/3384
f 418/671/605 4781/9260/3616 419/672/606
f 2502/4332/3519 5078/8425/5056 979/6995/1459
f 1964/3323/1846 1966/3325/2846 2938/7142/1847
f 949/1540/1410 2987/5181/4014 950/1541/1411
f 532/862/788 1413/2347/2087 3209/5625/4228
f 1443/6726/2128 1445/6542/2130 3789/6847/4727
f 4530/4620/3693 3169/9453/4193 1660/2797/2444
f 1364/2252/2009 3652/6554/4625 2976/9934/4002
f 2981/3782/2836 750/1211/1116 4206/1210/1115
f 4014/7367/4875 4324/8169/5018 5067/10028/5154
f 2982/5176/4009 740/1198/1104 4086/2816/2460
f 3751/10127/4699 2960/5122/3985 1540/2574/2271
f 2246/7117/1999 4251/10128/4711 5132/7118/4392
f 485/9389/705 4897/9578/730 2401/4133/3395
f 2913/4608/3688 2672/4607/3687 3244/5700/2666
f 2431/4183/3430 3524/6260/4514 1777/3004/2605
f 491/10129/718 955/10130/1119 2273/10131/3230
f 1847/7863/2700 1942/10132/2819 5021/2589/2282
f 3232/9072/4249 2404/5705/3399 3245/5704/4260
f 3391/5988/4386 3232/9072/4249 3245/5704/4260
f 3208/5621/4226 747/1206/1111 5057/9995/3083
f 2448/4212/3202 2450/4214/3450 3668/6592/4465
f 3470/6157/4464 2448/9336/3202 3668/6158/4465
f 1082/1794/1623 3443/10014/4438 3444/7617/4439
f 4045/7429/4893 4103/8040/4919 4700/9030/3907
f 2420/4165/3419 2421/4166/3420 3100/5404/4120
f 2376/4082/3360 379/606/544 4879/4080/3358
f 4328/8177/5020 1498/2510/2215 314/496/434
f 2660/6471/3674 3988/7316/3675 3614/6472/4591
f 4964/4041/3330 4612/8826/3266 3334/5867/4331
f 2185/3727/3125 5097/10133/5159 319/504/442
f 2896/5011/3927 3387/8636/4380 3623/6486/4598
f 4906/10134/5121 4905/9492/5033 4873/8094/3758
f 1800/8547/2632 4906/10134/5121 4873/8094/3758
f 4747/10063/2660 4867/9473/4638 4313/8121/5012
f 3079/5372/4103 3080/5374/4104 4951/5366/4097
f 5098/10135/4200 4460/8461/5065 4459/8460/2993
f 1243/2065/1852 1019/5915/1522 1244/2066/1853
f 1264/2099/1885 1263/2098/1884 2868/4956/3895
f 4440/8800/5058 4133/7663/2723 1866/9454/2725
f 4095/3415/2911 2154/3666/3075 1628/2736/2393
f 3290/5783/4296 5062/10009/3481 4340/5883/4340
f 5099/10136/2086 4436/10137/4351 3352/8484/4350
f 1923/6234/2796 4824/2486/2200 4568/7386/4879
f 1528/2557/2256 1032/1701/1544 1529/2558/2257
f 3087/1082/995 4848/9429/4787 4759/9428/4110
f 410/659/595 3105/5425/3733 411/660/596
f 1579/2648/2328 3655/2254/2011 1580/2649/2329
f 4003/7340/4694 3993/4257/3473 3782/6827/4720
f 4172/10138/4951 599/7828/889 4718/9278/246
f 4979/9788/4019 2979/5167/4007 4877/10139/4582
f 3750/6445/4581 4979/7838/4019 4877/6446/4582
f 1547/10140/2283 4955/9733/1760 4562/8006/4997
f 2355/4049/3338 5100/10141/940 4605/8806/4802
f 4162/3088/2671 3882/3090/2673 5101/10142/4093
f 364/581/519 366/583/521 4027/7399/4884
f 4455/8452/4020 5044/5633/4230 5102/10143/5015
f 1716/2900/1854 2277/4516/3236 2276/10144/336
f 784/1258/1160 1317/2187/1953 2984/5178/4011
f 465/743/674 494/792/723 4760/744/675
f 2295/7865/3268 4435/7867/4972 3508/6226/3345
f 1735/8754/2551 4431/9677/2414 5104/6013/4399
f 2654/4574/3667 1634/2749/2405 4529/2751/2407
f 1895/7835/2756 4628/6864/887 1579/2648/2328
f 1447/2399/2132 5031/2516/2220 1448/2400/2133
f 4641/8882/4456 5103/10145/3536 2519/8836/3535
f 1078/7370/1612 3033/5809/4066 2144/3650/3064
f 2877/6215/3905 5104/10146/4399 3403/6216/4400
f 2947/623/561 2558/376/316 2557/624/562
f 3500/4824/3816 426/685/619 2782/4800/3802
f 3730/10032/4677 3731/9768/4678 378/604/542
f 4679/8986/4610 3640/6527/4615 124/8849/152
f 3931/10147/4609 4679/8986/4610 124/8849/152
f 4771/10148/4446 4929/8080/5009 4361/8255/3006
f 685/1115/1025 4369/6237/4505 4656/8928/3498
f 2347/2938/1841 2348/3344/2862 1979/3346/1907
f 868/1402/1289 2715/3788/3169 867/1400/1287
f 6/8/8 1379/8473/2030 7/10/10
f 5045/1957/1761 1705/4622/2514 2681/4624/3696
f 3270/5750/4283 2449/4213/3449 1461/2818/2160
f 3178/3201/2757 795/1275/1175 797/1277/1177
f 3178/3201/2757 797/1277/1177 344/547/485
f 3913/7138/4820 4842/7419/4890 3147/9929/4171
f 4456/8552/5064 4021/532/470 4219/7873/4483
f 4357/8938/4687 1000/1632/1484 1524/2549/2248
f 2025/3421/436 2356/4050/3339 4709/5312/3025
f 3587/10149/4568 4370/8277/5032 4371/8279/828
f 3587/6409/4568 4371/902/828 563/901/827
f 3170/5547/4194 4035/8919/4888 3171/5548/3805
f 4924/9628/3239 3677/6616/4644 2280/5436/3240
f 2477/4271/3480 3477/6168/3059 3286/5774/4292
f 2477/4271/3480 3286/5774/4292 1220/2025/1815
f 3903/6777/4703 1594/9568/2347 3758/6778/4704
f 443/6433/642 1608/2701/2363 3267/5745/4281
f 2096/3553/3007 1186/3552/1777 1450/8116/2140
f 341/542/480 340/541/479 3597/6424/4575
f 1353/2234/1994 2081/3517/2986 2843/8903/3858
f 5105/10150/3780 2472/10151/3466 5106/10152/3465
f 2549/868/794 3399/6004/4396 3443/6102/4438
f 4930/9652/4163 487/5780/707 762/1225/1130
f 3886/7071/4804 2636/4548/3649 3947/5490/4167
f 970/603/541 5070/2085/1872 4026/10153/1444
f 5107/1582/1446 328/517/455 3384/10154/4376
f 1877/3174/2735 5107/10155/1446 3384/5968/4376
f 249/400/340 5115/10156/4721 3928/9485/4827
f 3101/10157/4124 2517/4355/3532 2131/3623/3046
f 758/3622/1126 3101/10157/4124 2131/3623/3046
f 4967/9754/5145 197/321/262 1613/2708/2369
f 2169/5866/3097 471/754/685 4110/8256/4922
f 3919/8749/4823 4326/8748/5019 2722/4690/3738
f 1626/2729/2387 3829/1441/1322 893/1443/1324
f 2728/4697/3740 2727/4696/3739 3396/5996/4391
f 2516/4354/3531 1044/1717/1558 2109/3574/3018
f 1978/10158/2863 581/9889/857 4695/9891/3869
f 2392/4116/3383 5108/10159/2054 1349/2230/1990
f 2758/4757/3775 4333/8189/5023 4490/4758/3776
f 2471/4264/3446 4398/8330/567 4775/7103/2181
f 2757/9179/3773 5109/10160/3772 4926/4919/3872
f 3269/5748/4282 3192/5593/1734 2561/4427/3576
f 1109/1843/1667 3721/6706/4674 2429/4178/3428
f 4720/9081/681 353/561/499 3558/825/753
f 1945/3289/93 79/121/94 24/19/17
f 1389/3290/2052 1945/3289/93 24/19/17
f 2605/10016/3622 1060/1745/1583 4816/9347/3623
f 906/6019/1339 3162/5982/4186 3963/6020/4402
f 4760/9198/675 1882/3180/724 2104/3565/3012
f 5110/10161/26 4671/9727/5105 4954/9726/27
f 370/590/528 3095/5394/4114 371/591/529
f 1101/5878/1655 1818/3075/2659 1817/3074/2658
f 441/707/640 4820/3298/2829 2973/5147/4000
f 346/549/487 345/548/486 5111/10162/5160
f 346/549/487 5111/10162/5160 4534/8609/5081
f 2792/4819/3812 5078/9522/5056 4956/9735/1806
f 4019/7385/4878 2129/7384/3040 3472/10163/4469
f 4019/7385/4878 3472/10163/4469 4820/3298/2829
f 756/1219/1124 4043/5526/4183 5112/10164/2418
f 1524/2549/2248 4356/7404/4886 4357/8938/4687
f 4414/8370/5048 3078/5371/4102 3552/9634/4534
f 2066/2046/1833 3093/1475/1355 892/7082/1323
f 3455/6124/2278 2777/4794/3797 3603/7563/4579
f 786/10036/1164 3296/5793/4303 1604/8196/2360
f 4140/7684/1745 181/7620/236 3841/6970/4767
f 4381/8303/5016 3568/8302/4549 1108/1842/1666
f 2584/3626/3048 1937/3271/2809 4979/5191/4019
f 2053/3466/2946 3845/6979/4768 3754/3796/3176
f 4591/8059/5004 1262/2097/1883 1264/2099/1885
f 3258/5725/4274 2261/5724/2554 2988/7674/4015
f 2964/5083/3963 1263/2098/1884 3671/6597/4640
f 2562/4428/3577 2564/4430/3247 4066/7747/3246
f 4541/8628/1153 2238/3819/3189 778/7964/1154
f 4392/929/854 4977/9782/3589 2573/5307/3588
f 2555/4409/3566 2575/4451/3591 203/2136/271
f 3867/7036/417 3870/7039/4791 1976/3341/2859
f 2008/3393/2896 625/1017/933 627/1019/935
f 4364/8262/708 3294/5789/3425 3293/5788/4301
f 4114/7618/1213 1734/2934/2550 2592/8310/3605
f 3964/10165/4845 5113/10166/4506 4981/10167/2251
f 962/1565/1433 4422/8383/692 2347/2938/1841
f 2765/7019/3783 2542/4390/3556 4153/7717/4658
f 2593/4476/3606 3720/1692/1536 3981/10168/4672
f 1999/3373/2882 4333/8189/5023 2758/4757/3775
f 159/246/196 3106/5431/4135 150/234/188
f 3906/7123/4062 2982/5176/4009 4443/8437/5059
f 1094/1813/1641 3410/6030/4407 3727/6160/4466
f 1308/2175/1943 224/360/300 223/359/299
f 1871/7441/2730 2905/5023/3933 2279/3896/3238
f 4485/8514/3057 2588/4465/3600 2587/4464/3599
f 4485/3639/3057 2587/8976/3599 4631/8864/5096
f 1567/2624/2146 3931/7181/4609 1568/2625/2313
f 1886/3185/2744 3573/4356/3533 1986/3360/2874
f 958/1558/1427 960/1560/1429 3757/6775/3210
f 1999/3373/2882 469/752/683 2168/5865/3096
f 1286/2143/1920 1285/2142/1919 4999/5703/4259
f 2824/4875/3841 2825/4876/3842 5114/10169/4121
f 2421/4166/3420 2824/9497/3841 5114/5405/4121
f 5115/10170/4721 2593/10068/3606 3928/10067/4827
f 4423/8385/5051 1837/8421/2687 4510/8571/2689
f 4502/8558/4872 4503/8560/4555 5116/10171/4633
f 5095/8015/4632 4502/7360/4872 5116/10172/4633
f 1486/5795/2199 5099/10136/2086 3352/8484/4350
f 3924/7164/367 434/698/632 2314/3979/3290
f 1408/5335/2080 1055/6536/1573 976/5336/1453
f 1319/2189/578 1917/3238/2787 3694/2190/1955
f 4458/2965/2575 1656/1301/1197 674/1090/1001
f 5117/10173/4732 4256/1100/1010 678/1099/1009
f 4951/5366/4097 3080/5374/4104 244/387/327
f 3963/6020/4402 3380/5959/4371 1204/5961/1795
f 649/1051/965 2732/10174/3746 1218/4423/1812
f 1995/3369/2881 913/1473/1353 3093/1475/1355
f 427/686/620 3107/5811/4136 428/687/621
f 3207/6850/4225 1501/10175/2218 3356/104/82
f 2738/4715/3753 3256/5720/4272 2739/4716/3754
f 4376/8289/3377 3081/5376/4106 3542/5375/4105
f 4685/760/691 1520/2541/2242 4105/4004/1756
f 4131/1753/897 2556/10176/3571 1066/1754/1589
f 2254/3851/3209 1823/3085/2669 1172/1954/1758
f 2254/3851/3209 1172/1954/1758 3757/3852/3210
f 990/8805/1472 5001/7553/4916 3762/10177/275
f 4632/8865/5097 1105/7425/1661 5082/10178/1500
f 3101/10157/4124 2627/4539/3643 2517/4355/3532
f 3346/5889/4343 1180/1965/1769 3076/5368/4099
f 1407/2337/2078 3580/6396/4562 2846/7740/3861
f 2148/3659/3068 3936/3972/3286 1517/2538/2239
f 5047/9964/2813 2709/4669/3727 3576/6383/279
f 2730/7001/3743 1606/2699/2106 1207/2006/1799
f 1823/3085/2669 2496/3087/2670 2693/5469/3141
f 1591/2667/2343 3378/5954/2229 811/1300/1196
f 2063/3479/1508 2062/3478/2957 3806/6889/4745
f 2258/3858/3215 4985/10179/1451 4706/9046/2102
f 1015/4287/1511 1210/2012/1802 844/7566/1249
f 1977/3342/2860 4149/7706/4939 2508/4337/3524
f 2044/3454/2937 2440/4194/3439 355/9490/502
f 2003/3381/2889 3298/597/535 2497/4319/3509
f 3261/5728/4275 2894/7707/3925 3262/5729/4276
f 2164/3688/3091 2166/3690/3093 2132/3625/3047
f 2564/7241/3247 2974/7243/2295 480/10180/699
f 932/1501/1171 1941/3279/2816 4586/3828/3193
f 5062/4272/3481 1109/1843/1667 2428/4177/3427
f 3557/6336/4539 713/1163/1069 715/1165/1071
f 4392/929/854 580/928/853 4977/9782/3589
f 2590/8562/3604 4444/8438/5060 1334/9033/1973
f 4657/10181/4205 3785/6037/4410 2953/6039/3978
f 4968/9756/4458 711/1161/1067 507/817/745
f 2641/6570/3654 5118/10182/3655 3763/4278/3485
f 1317/2187/1953 2985/5179/4012 2984/5178/4011
f 315/500/438 4277/7997/4860 316/501/439
f 1229/2038/1825 1230/2040/1827 1284/2140/1917
f 3264/1661/1507 1848/1660/1491 4770/6982/2508
f 5119/10183/1276 1793/9091/2624 4990/2650/525
f 3561/10001/4541 3751/10127/4699 1540/2574/2271
f 3561/10001/4541 1540/2574/2271 1539/2573/2270
f 5120/10184/3117 4160/7726/4945 4005/1113/1023
f 328/517/455 4497/8543/4453 329/518/456
f 2150/3661/3070 1199/1994/1790 2323/3989/3300
f 1483/2479/2195 2083/3522/4134 3174/2480/1727
f 1006/1644/1495 1232/2044/1831 435/699/633
f 2587/4464/3599 3554/6326/4536 3553/6325/4535
f 4148/7445/4898 5121/10185/2291 3514/6239/2290
f 5122/10186/1680 1228/6931/1821 3825/6930/4636
f 3565/10187/4545 4808/9321/5122 268/427/366
f 1079/1785/1614 4256/1784/1010 4509/6075/1636
f 520/844/771 3415/3860/3216 2762/4762/3779
f 2902/1741/1579 2272/1740/1578 4617/8830/3045
f 1051/9786/1568 4027/7399/4884 1704/2877/2512
f 1051/9786/1568 1704/2877/2512 1143/1704/1547
f 4736/9128/4652 1345/2225/1985 1344/2224/1984
f 99/151/116 2721/152/117 5035/9928/105
f 474/10188/688 4317/545/483 611/544/482
f 1386/8368/2048 1387/4853/2050 2807/4852/3828
f 649/1051/965 2394/9516/3387 2732/10174/3746
f 1958/3312/2839 3628/6498/4606 4578/6815/4714
f 3178/3201/2757 344/547/485 4472/9267/4198
f 2064/10189/1664 277/438/377 4899/440/379
f 1773/2998/2599 2599/7548/3617 2651/4569/3663
f 4780/3140/2708 1083/1795/1624 4264/3141/2709
f 3057/5339/4081 2595/4711/3611 1983/3351/2868
f 4850/2683/2353 3348/5892/4345 537/870/796
f 2026/3425/2855 2981/3308/2836 577/9944/847
f 3978/7298/4854 3980/7300/402 4395/8715/2161
f 318/503/441 320/505/443 1811/3065/2652
f 4266/6252/4510 2170/6305/3098 3544/6307/4528
f 1469/2453/2174 1784/10190/2613 562/897/823
f 2009/3396/2898 1095/4648/1644 2695/4647/3711
f 947/10191/1405 1132/1888/1406 4373/10192/4911
f 2634/10193/2164 4978/10194/3132 1616/10195/2371
f 682/1105/1015 4452/5701/3389 5061/8695/5084
f 5058/5667/2795 3199/5607/4219 3367/5935/2276
f 4661/8941/5102 3128/5457/4152 3127/5456/4123
f 2533/4379/3548 3313/4378/3547 1081/10196/1619
f 1977/5107/2860 2508/4340/3524 852/1370/1261
f 1975/8084/846 4721/10197/848 3386/8085/4379
f 4613/8823/4178 1603/2693/2358 3581/1885/1701
f 13/29/14 2349/4037/3326 1011/3560/1503
f 4907/6034/4408 1016/1668/1514 3411/6035/4409
f 5123/10198/1211 1707/2884/2517 4858/7611/2825
f 3709/6679/4663 4464/8466/3474 2289/3924/3256
f 3320/3377/2885 2206/3379/2887 4616/3400/2901
f 2980/5170/4008 2846/4905/3861 4730/9115/3310
f 4420/8379/3887 2980/5170/4008 4730/9115/3310
f 3738/6735/3690 2653/4573/3666 5124/10199/3691
f 3602/5058/3947 4366/8265/5031 1867/9885/2726
f 518/10200/763 3773/6201/4491 4227/7891/764
f 1438/2389/2123 1563/2391/2125 1888/10201/2747
f 4998/10202/5149 3734/10203/4682 3669/10204/4639
f 2991/10205/4006 4598/7755/285 3590/6416/2635
f 555/889/815 832/1333/1228 556/890/816
f 3499/6207/4495 2122/3601/3034 452/6208/654
f 1134/1892/1706 3613/1891/1705 2533/4379/3548
f 2714/4675/3168 2897/5015/3928 3517/4038/3327
f 4350/9263/5028 3182/5570/215 1779/3006/2607
f 4042/7423/4892 4476/6528/4616 5029/9919/4739
f 2475/4269/3478 2474/4268/3477 3589/6413/4307
f 5100/10141/940 2355/4049/3338 3122/8046/4148
f 633/1026/941 5100/1025/940 3122/5450/4148
f 1604/2696/2360 1388/7614/2051 4112/7613/696
f 2600/4495/3618 3747/6749/4691 2370/4071/3350
f 579/926/851 4882/4738/3766 4447/8442/4412
f 3775/6813/4713 1636/2753/2409 4589/8766/5086
f 3925/7165/4826 3322/4955/3894 1263/2098/1884
f 3968/3925/3257 1531/9633/2260 1959/3314/2840
f 283/453/392 1637/2754/2410 3775/6813/4713
f 2465/4249/3467 4554/8658/2180 5106/4247/3465
f 4898/3531/2995 498/3530/729 4147/5663/4237
f 4815/1791/1620 2841/4896/3856 2660/4587/3674
f 2782/6732/3802 5071/6899/1865 3737/6733/4685
f 5125/10206/2681 2814/4862/2683 3260/4327/3515
f 4104/7583/2844 299/475/413 1566/2623/2312
f 3341/5879/1657 4867/6588/4638 1818/3075/2659
f 4657/7574/4205 2953/10207/3978 2493/4311/1926
f 1205/4855/1796 1997/3371/1437 2808/4856/3829
f 3013/5237/4036 3015/5239/4038 3112/5440/4140
f 4434/8412/5053 3998/7330/4864 2258/8413/3215
f 2031/3814/2922 1731/2929/2547 4269/7986/4993
f 1867/3160/2726 2248/3837/3199 882/1424/1308
f 4649/7489/4430 4619/8834/5095 4789/7490/1728
f 5005/9843/5124 4737/9131/3241 4109/10208/3243
f 2019/3413/2909 2018/3412/2908 3916/7143/4821
f 1930/3259/2802 3657/6563/4629 988/7016/1469
f 4795/9296/2403 2038/3444/2929 3350/5897/4349
f 5126/10209/4176 3279/7148/4287 3216/5649/2917
f 2680/4623/3695 2383/4096/3368 4676/8406/5052
f 4530/10210/3693 4537/8614/4131 3170/7882/4194
f 4218/7872/4974 4226/7890/3763 4529/8603/2407
f 4446/8441/512 4160/7726/4945 5120/10184/3117
f 2609/10211/3627 4290/7662/3382 2610/4870/3628
f 3078/5371/4102 4577/8732/397 3552/9634/4534
f 4048/7437/4895 521/845/772 3255/5719/4271
f 4048/7437/4895 3255/5719/4271 2738/4715/3753
f 238/378/318 1519/2540/2241 630/1022/937
f 2078/3505/2979 558/892/818 4776/6364/4551
f 4744/1755/1590 4689/9006/5111 1067/1756/1591
f 5063/5070/3956 3254/5718/4270 2934/5071/3957
f 2046/3456/1602 4986/2195/1959 4468/8476/5066
f 299/475/413 898/1449/1330 1564/2621/2310
f 3196/2253/2010 1364/2252/2009 2976/9934/4002
f 2162/3920/3086 1002/1636/1488 735/1192/1098
f 4375/8287/5034 4591/8772/5004 3970/8285/1142
f 4899/9582/379 5127/10212/598 4900/9583/3889
f 1763/2983/2586 4480/8503/863 2284/2984/2587
f 1340/9520/1980 1932/3263/1979 2089/3541/3001
f 2166/3690/3093 1253/2082/1869 2132/3625/3047
f 3930/10213/4589 5128/10214/4950 352/10215/498
f 3493/6198/4489 3492/6197/4488 3359/5914/4358
f 2930/9959/3950 5129/10216/3952 827/9957/1223
f 3415/10217/3216 1510/2525/2228 3416/1797/1625
f 3020/6793/4046 4457/8454/1334 1797/3037/2628
f 5061/9614/5084 875/10218/930 1259/5768/1879
f 2215/3781/3163 2580/4457/3102 269/429/368
f 4527/8601/5078 2577/4453/3593 1641/10219/2415
f 4446/8441/512 4445/8440/1776 4160/7726/4945
f 513/824/752 3204/7878/4222 3638/6524/4614
f 1966/3325/2846 3726/6711/4676 1597/2688/2354
f 3108/5435/4048 4804/9311/4867 135/5126/169
f 2723/4691/2642 4326/8748/5019 5130/10220/4239
f 1029/1698/1541 1716/2900/1854 5131/10221/1856
f 4322/8166/4569 1126/1880/1696 872/1407/1294
f 1789/3025/2619 5033/7043/4794 2033/3436/2924
f 1432/8594/2117 4031/7406/4887 3967/7272/4848
f 5132/10222/4392 4251/10223/4711 3774/10224/2544
f 10/13/1 7/10/10 2807/4852/3828
f 551/885/811 553/887/813 1668/3305/2459
f 282/3018/391 3098/5397/4117 4603/6572/4634
f 2811/5124/3831 848/1365/1257 2911/1523/1398
f 4373/10192/4911 369/589/527 2932/5067/3954
f 3028/5272/2502 3053/4630/3700 698/1131/1041
f 697/1130/1040 3028/5272/2502 698/1131/1041
f 2674/4612/3689 5124/4614/3691 4864/6532/4618
f 745/1204/1109 2545/4394/1342 746/1205/1110
f 1777/3004/2605 1778/3005/2606 2822/4873/3839
f 3146/5499/4170 2402/4134/3396 3235/5689/4252
f 2682/4625/3697 3220/6284/4236 1682/2838/2480
f 2682/4625/3697 1682/2838/2480 3656/6562/4628
f 203/2136/271 205/10225/273 1281/2137/1914
f 1573/2638/614 4571/2637/2321 4839/9397/5129
f 3495/6200/4490 1850/3134/2702 1852/3136/2704
f 784/1258/1160 2984/5178/4011 2697/4650/3712
f 3382/519/457 3384/10154/4376 328/517/455
f 4865/1548/1418 677/1096/1006 2097/3555/1783
f 4176/7769/233 4037/3637/232 4177/7770/4955
f 2004/3382/1859 2005/3384/1662 4744/9150/1590
f 2126/3607/3038 1306/2173/1941 4710/2172/1940
f 435/699/633 1233/2045/1832 3791/700/634
f 3798/6861/3992 3307/9419/4310 1928/1610/1468
f 5019/2766/2421 2423/9364/3195 1645/2767/2422
f 4354/8236/1720 3664/6585/4637 835/1341/1236
f 2558/376/316 236/375/315 5133/10226/3573
f 4744/8142/1590 4761/7671/4933 4689/10227/5111
f 3341/1832/1657 2078/3505/2979 4867/9901/4638
f 3492/7862/4488 2819/4867/3836 1020/1679/1523
f 3359/5914/4358 3492/6197/4488 1020/8266/1523
f 3199/5607/4219 4450/8445/5062 4563/5934/4365
f 3476/6167/4471 588/943/868 587/942/867
f 4911/9600/4352 656/1060/973 3430/9352/3961
f 783/1257/1159 3828/6936/4760 4418/4136/3398
f 4998/9844/5149 1669/2817/2461 1670/2819/2462
f 4582/8744/4728 5033/9926/4794 3894/7090/4810
f 2714/3787/3168 3517/6244/3327 4193/1401/1288
f 2714/3787/3168 4193/1401/1288 867/1400/1287
f 2391/4114/3381 2164/3688/3091 2820/5348/3837
f 3478/6169/1882 1261/5418/1881 1617/2715/2375
f 3594/6161/4467 1771/7222/2596 2901/5019/3931
f 3357/5912/3379 3251/5715/4267 3633/6512/4611
f 1769/2991/2593 1768/2990/2592 3794/6855/4731
f 5060/10000/3888 2866/9344/3890 4952/7193/4613
f 3405/6021/4403 4911/5905/4352 3430/6072/3961
f 4064/6480/4594 3620/6481/4595 1458/7886/2151
f 1759/2976/2583 4345/4910/3866 1760/2977/2584
f 4895/9567/3262 2229/4376/3179 2532/4375/3546
f 4517/7094/4811 2352/9863/3335 318/503/441
f 3751/10127/4699 4655/8927/981 2960/5122/3985
f 1866/3159/2725 1279/2134/1912 2344/8839/3320
f 2048/3459/2941 5134/10228/2634 4575/8724/5022
f 1237/10229/1842 2612/10230/3631 253/10231/344
f 2094/3549/3005 186/301/244 4765/300/243
f 4014/7367/4875 2856/4927/3877 393/632/570
f 3896/7099/4813 3644/6543/4621 5077/7297/4853
f 1893/3195/2753 845/2424/1251 847/5960/1253
f 3380/5959/4371 1893/3195/2753 847/5960/1253
f 1850/3134/2702 3495/6200/4490 2790/4815/3810
f 4942/4920/3873 2287/3918/3253 2851/4914/3870
f 304/10232/419 3868/7037/4789 3867/7036/417
f 2932/5067/3954 369/589/527 3097/5396/4116
f 3363/5928/4363 3143/4076/3355 2373/4075/3354
f 319/504/442 3871/7042/4793 320/505/443
f 4108/2265/2020 4199/4953/3893 3834/6954/4763
f 3713/6686/4665 4135/2498/2207 1491/2497/2206
f 2122/3601/3034 1150/9395/1724 4742/9140/655
f 327/516/454 326/515/453 557/891/817
f 2502/4332/3519 4327/6994/4775 2135/3631/3052
f 4949/8794/4766 4594/8775/4889 531/861/787
f 1967/3326/2847 2977/1647/1497 1009/1649/1499
f 951/1542/1412 969/1578/1443 1509/2524/2227
f 527/853/779 530/856/782 2703/4658/3718
f 528/854/780 527/853/779 2703/4658/3718
f 3101/10157/4124 4767/9218/463 2627/4539/3643
f 2764/7280/3781 5105/10233/3780 4746/7281/4850
f 2482/4286/3490 2398/4128/3392 2875/4970/3904
f 5135/10234/560 4664/8573/1658 4167/7748/4556
f 2680/7068/3695 2325/3995/3302 1347/2228/1988
f 3620/6481/4595 362/577/515 1998/1568/1436
f 1404/2331/2073 3136/5479/4164 4917/9875/5141
f 4842/9403/4890 4791/2159/1932 4062/7462/4902
f 1242/2064/1851 1244/2066/1853 4032/4466/2116
f 1520/2541/2242 1242/2064/1851 4032/4466/2116
f 1346/2227/1987 2774/2248/2006 1154/3101/1732
f 4800/10235/4816 5011/9859/4492 3936/9861/3286
f 1732/1072/985 3583/6402/4566 666/1073/986
f 4790/9280/3702 4879/9513/3358 473/756/687
f 3214/5644/4233 3099/5401/4119 4512/5400/4118
f 356/567/505 2294/3937/3267 4612/3936/3266
f 357/568/506 356/567/505 4612/3936/3266
f 1003/1638/1018 4981/7696/2251 1849/1639/1490
f 4266/6252/4510 3544/6307/4528 3521/6253/4511
f 1539/2573/2270 1541/2575/2272 4557/6661/4655
f 360/571/509 359/570/508 4002/2583/2280
f 2268/3876/2663 4969/9759/2869 913/1473/1353
f 1493/2504/2210 1684/2843/2483 367/584/522
f 2404/4137/3399 130/203/160 3246/3732/3129
f 1162/1939/1748 2659/4586/3673 381/608/546
f 1309/2176/1944 1308/2175/1943 223/359/299
f 3836/6956/4159 1309/2176/1944 223/359/299
f 5136/10236/3922 619/9981/919 4992/9739/3719
f 574/916/841 4886/9539/4981 4236/2605/2296
f 602/971/893 2142/3646/3062 2141/3645/1311
f 557/891/817 556/890/816 1821/3083/2667
f 3929/7179/4829 3298/5796/535 3300/5798/4304
f 3591/2037/1824 641/9434/953 1971/3330/2850
f 4504/8563/5074 1444/2396/2129 4444/8438/5060
f 2786/10237/3806 1771/7222/2596 900/9805/1332
f 3624/6487/4599 3456/10238/4449 1359/5931/2001
f 4342/10239/4279 1344/2224/1984 1831/3100/2679
f 2924/5055/3945 1753/6283/2577 2925/5056/3946
f 1852/3136/2704 1851/3135/2703 2744/4725/3759
f 4400/7461/4901 571/912/838 3283/5767/1321
f 2486/4294/3208 4547/8642/2853 929/1497/1376
f 3561/10001/4541 1539/2573/2270 4557/6661/4655
f 3535/6281/3408 129/200/157 3230/202/159
f 4781/9260/3616 2029/10240/2920 4782/9261/3762
f 4117/8958/4925 907/1464/1345 3144/1463/1344
f 4728/9110/5006 3912/7137/3677 643/1040/955
f 1180/1965/1769 2236/5459/3185 3076/5368/4099
f 1902/3215/2768 4362/6315/4532 3602/5058/3947
f 656/1060/973 2475/4269/3478 3032/5284/4065
f 2984/5178/4011 2935/5072/3958 2697/4650/3712
f 5137/10241/4947 720/1170/1076 719/1169/1075
f 221/5304/297 4233/8632/4978 3010/5305/2562
f 1366/2259/2016 2534/4381/3550 4970/2277/2029
f 1927/3256/2800 152/237/191 147/230/184
f 3438/6094/4434 3542/6303/4105 4015/6095/4435
f 2775/2854/2491 422/675/609 1878/1181/1087
f 2599/4494/3617 4020/7388/4880 4096/9697/1518
f 406/654/590 405/653/589 2105/3566/3013
f 4989/2861/2498 1693/2860/2497 3649/4966/3901
f 2183/3725/3123 4835/3724/3122 1428/2375/2111
f 3760/6781/1277 399/644/580 401/646/582
f 1741/2948/2560 4330/8179/4693 4362/8258/4532
f 253/404/344 5138/10242/2204 1489/405/345
f 1789/3025/2619 2970/5141/3996 5033/7043/4794
f 4969/9759/2869 5054/10243/2767 913/1473/1353
f 5123/10198/1211 3436/5871/4335 1707/2884/2517
f 445/713/646 4013/7366/4874 446/714/647
f 467/749/680 354/9153/500 4720/750/681
f 4447/8442/4412 578/924/849 579/926/851
f 4536/8612/1695 1405/5168/2077 4419/8378/5049
f 5051/4321/656 2459/10244/469 4878/4322/3511
f 4547/8642/2853 2414/9306/3413 4085/7525/4910
f 4147/7702/4237 1658/2792/2440 3545/6309/4529
f 4147/7702/4237 3545/6309/4529 3221/6308/4024
f 2148/3659/3068 1517/2538/2239 237/377/317
f 1460/3367/2159 5139/10245/2158 1120/1866/1686
f 4993/10246/1408 4667/10247/4912 2640/10248/1396
f 3634/6467/4590 3165/5540/4189 1463/7683/2166
f 879/1417/1303 3187/9880/4207 2266/4802/3224
f 2615/4517/3633 3555/5496/4169 2565/4431/3578
f 1439/10249/2124 3520/10250/2099 5140/10251/1726
f 1575/3636/2323 4192/9829/2582 5141/10252/1930
f 3953/7235/4839 387/4561/555 755/4563/1123
f 2825/6878/3842 3106/5431/4135 5114/5405/4121
f 968/8521/1442 440/706/639 4314/3390/2893
f 870/4737/1292 1260/2094/1880 871/8691/1293
f 1864/3156/2722 4189/7801/3000 4358/8245/4180
f 2309/1460/1341 2948/10253/3973 2545/1461/1342
f 2226/3799/3177 3764/6792/307 2228/3800/3178
f 3421/8578/4414 1662/8580/2449 3419/10254/4277
f 1815/6211/2655 4906/9317/5121 1799/3040/2631
f 1514/2532/2234 1515/2534/2236 4874/9498/4780
f 2300/3956/3275 2950/5110/3975 2952/5112/3977
f 2442/4196/3440 2795/2631/2315 1910/3227/2778
f 3721/6706/4674 418/671/605 4041/7422/4891
f 3009/5229/4033 297/473/411 4104/7583/2844
f 3889/7083/4806 1001/7152/1486 3310/3682/3085
f 1169/380/320 241/382/322 3729/2706/2367
f 1597/2684/2354 3725/8354/4675 1598/2685/2355
f 3662/10255/1722 3498/6519/4494 3663/1865/1685
f 2778/7732/3798 4521/7731/4424 5142/10256/3799
f 3307/9419/4310 2683/5556/3698 1928/1610/1468
f 3656/6562/4628 1682/2838/2480 3657/6563/4629
f 2308/3967/3283 4240/7916/4984 4739/9136/5119
f 1836/8380/2686 3115/5443/4143 2551/8381/3563
f 4790/5408/3702 2239/3149/2717 2658/4585/3672
f 2861/4936/3882 2524/4365/3541 4661/8941/5102
f 1193/1988/1785 1335/9032/1974 1980/3347/2864
f 499/802/733 4822/801/732 4940/9674/2837
f 4310/8115/2139 984/8890/1464 2096/3553/3007
f 1959/3314/2840 2929/5062/3949 1960/3315/2841
f 4299/4793/3796 731/1188/1094 730/1187/1093
f 517/833/761 516/832/760 4799/9300/452
f 3080/5374/4104 4038/7416/4781 5024/9910/2479
f 1985/3356/2873 1025/1687/1531 294/470/408
f 1709/2886/2519 1985/3356/2873 294/470/408
f 3500/4824/3816 2782/4800/3802 3736/10257/4570
f 2240/3821/1730 823/1323/1218 1859/1322/1217
f 2910/5030/3935 2911/5031/1398 2977/5159/1497
f 273/10258/373 1208/10259/372 5143/10260/1286
f 825/1326/1221 3726/6711/4676 1966/3325/2846
f 3591/2037/1824 5041/2036/1823 4581/1812/1640
f 4619/8834/5095 905/10029/1338 3962/8835/3586
f 3814/6905/2079 1596/4854/2352 1408/5335/2080
f 3370/3343/2861 1977/3342/2860 4440/8432/5058
f 5054/4353/2767 4339/8202/2769 1044/1717/1558
f 705/1145/1054 1858/3147/2715 279/444/383
f 2133/3628/3050 1287/2144/1921 216/351/292
f 5144/10261/1262 854/3506/1263 3441/10084/3324
f 5145/10262/3261 2265/3868/3221 4599/3867/3220
f 2555/4409/3566 2576/4452/3592 2575/4451/3591
f 1525/7927/2250 3619/7929/4593 4619/8834/5095
f 2861/4936/3882 4661/8941/5102 3127/5456/4123
f 3905/326/267 5027/325/266 3878/7051/1986
f 3193/5595/4212 2559/4424/3575 2561/4427/3576
f 1150/9395/1724 699/1132/1042 698/1131/1041
f 2459/10263/469 4962/9744/5079 4878/9508/3511
f 2367/4066/2341 280/448/387 1590/9732/2342
f 698/1131/1041 1149/9541/1723 1150/9395/1724
f 5146/10264/2886 3516/6242/2359 3515/6241/4507
f 4192/2975/2582 1760/2977/2584 3592/6419/4571
f 3031/5283/2008 1363/116/60 46/65/53
f 2449/4213/3449 3978/7298/4854 1461/2818/2160
f 5147/10265/1755 4535/5927/1757 3838/5926/386
f 733/1190/1096 653/1055/969 612/989/735
f 4428/9698/4825 4663/9700/2243 3960/10034/2609
f 3396/5996/4391 3522/6254/4512 496/796/727
f 4680/10266/4877 4172/9534/4951 4883/9533/2960
f 1822/3084/2668 1821/3083/2667 482/771/702
f 819/1315/1210 4908/6301/4526 4199/7824/3893
f 904/2286/1337 4242/10267/4985 1511/2287/2036
f 4825/5592/4211 3191/5591/4210 4159/7725/4944
f 1097/1820/1646 3232/9072/4249 3391/5988/4386
f 3807/6892/2794 4006/6891/2063 5058/10268/2795
f 5145/10262/3261 4895/9567/3262 2265/3868/3221
f 3625/6490/4602 4520/8591/5076 1992/3365/2880
f 5148/10269/1434 4935/6896/3704 961/762/693
f 5149/10270/234 4646/4534/3642 2622/4533/235
f 2053/3466/2946 2052/3465/2945 3805/6978/4743
f 4482/8506/4596 1625/2727/2385 3621/2726/2384
f 3887/7074/4805 3154/5514/4177 4071/7483/4905
f 202/329/270 4327/8176/4775 3381/5964/4373
f 4852/10271/2208 1018/7567/1519 2725/9695/907
f 1670/6534/2462 2734/6535/3748 4998/10272/5149
f 1637/2754/2410 1636/2753/2409 3775/6813/4713
f 141/223/178 143/225/180 3710/6681/1438
f 5046/9961/5153 3014/5238/4037 4860/9464/5131
f 3161/5532/4185 3838/6963/386 4811/9324/4712
f 4855/946/871 4968/6149/4458 506/947/744
f 886/1430/1313 1757/2973/2580 3608/6453/4586
f 3619/7929/4593 905/10029/1338 4619/8834/5095
f 4199/7824/3893 4908/6301/4526 5138/10273/2204
f 3099/6701/4119 699/1132/1042 1903/3218/2771
f 3688/6638/4650 977/1594/1455 2177/3709/3108
f 60/88/71 3207/6850/4225 3356/104/82
f 915/1477/1357 500/803/734 456/805/662
f 4454/8451/3664 2652/1482/1362 920/1484/1364
f 2174/997/916 618/996/915 3026/7095/4058
f 1132/1888/1406 369/589/527 4373/10192/4911
f 737/7480/1100 738/5227/1102 777/1247/1149
f 4544/10274/3988 2147/2820/2463 3371/2821/2464
f 3325/7296/4322 5150/10275/4321 4381/8294/5016
f 4886/7905/4981 4637/8872/5099 4892/7906/4982
f 3921/3573/3017 1013/5741/1019 3263/5740/1616
f 2819/4867/3836 293/469/407 1665/2806/2453
f 2910/10276/3935 2977/1647/1497 1967/3326/2847
f 560/894/820 2910/10276/3935 1967/3326/2847
f 4050/7442/4896 2382/4095/3367 2633/4545/3648
f 2416/4157/3414 2417/4159/2961 4501/10277/4240
f 1918/3239/2788 1920/3241/2790 3321/5841/1684
f 3818/6913/4752 4957/6915/4754 2541/9230/3554
f 244/387/327 5034/9927/4083 709/388/328
f 4183/7785/4958 1153/1922/1731 3128/5457/4152
f 2456/7829/888 2786/10278/3806 187/7830/247
f 4042/7423/4892 5029/9919/4739 2408/7424/3403
f 4728/8067/5006 1393/2315/2059 3912/4593/3677
f 2634/2440/2164 1616/8494/2371 2718/4903/3735
f 1826/3092/2675 4976/9781/4920 4835/9390/3122
f 4220/1049/963 766/1230/1134 648/1050/964
f 2357/9942/3340 1508/2523/2226 2358/3765/3154
f 1861/3152/2719 691/1121/1031 4099/7571/4428
f 2847/4906/3862 2466/4250/3468 1331/2207/1970
f 3572/8021/4554 4351/7122/4817 3918/7146/3545
f 1136/1894/1708 3860/7023/4784 330/520/458
f 5151/10279/1219 4863/3758/3149 4802/5411/4125
f 4800/7110/4816 2148/9367/3068 2668/4602/3684
f 4690/9011/1687 2006/10280/1587 4691/9012/2891
f 4368/8275/4560 1633/2744/2401 4068/7479/4666
f 4855/7591/871 4210/10281/4869 1646/2768/2423
f 2097/1984/1783 1192/1986/1784 2098/3358/2875
f 1327/10282/1967 2550/5721/3562 1917/3238/2787
f 996/8197/1478 456/731/662 455/730/661
f 688/1118/1028 687/1117/1027 2335/4012/3309
f 4090/7541/4913 2692/4644/3710 2694/4646/3140
f 2712/10283/3730 4531/5668/4238 4508/8569/4841
f 2797/4831/3817 1221/2027/1305 880/10284/1304
f 4417/8373/4312 4103/7578/4919 4722/10285/4524
f 2794/8471/3815 2934/5071/3957 3208/5621/4226
f 4253/5853/2214 3074/5852/4096 392/8555/568
